,script_timestamp,nvidia_timestamp,gpu_index,gpu_name,power_draw_watts,memory_used_MiB,utilization_percent
0,2026-05-18 16:41:58.895463,2026/05/18 16:41:58.943,0,NVIDIA A100-SXM-64GB,59.97,0,0
1,2026-05-18 16:41:58.895463,2026/05/18 16:41:58.946,1,NVIDIA A100-SXM-64GB,62.92,0,0
2,2026-05-18 16:41:58.895463,2026/05/18 16:41:58.948,2,NVIDIA A100-SXM-64GB,59.79,0,0
3,2026-05-18 16:41:58.895463,2026/05/18 16:41:58.951,3,NVIDIA A100-SXM-64GB,63.13,0,0
4,2026-05-18 16:42:04.064873,2026/05/18 16:42:04.110,0,NVIDIA A100-SXM-64GB,60.03,0,0
5,2026-05-18 16:42:04.064873,2026/05/18 16:42:04.117,1,NVIDIA A100-SXM-64GB,62.99,0,0
6,2026-05-18 16:42:04.064873,2026/05/18 16:42:04.119,2,NVIDIA A100-SXM-64GB,59.85,0,0
7,2026-05-18 16:42:04.064873,2026/05/18 16:42:04.122,3,NVIDIA A100-SXM-64GB,63.13,0,0
8,2026-05-18 16:42:09.136558,2026/05/18 16:42:09.182,0,NVIDIA A100-SXM-64GB,60.03,0,0
9,2026-05-18 16:42:09.136558,2026/05/18 16:42:09.185,1,NVIDIA A100-SXM-64GB,63.05,0,0
10,2026-05-18 16:42:09.136558,2026/05/18 16:42:09.188,2,NVIDIA A100-SXM-64GB,59.91,0,0
11,2026-05-18 16:42:09.136558,2026/05/18 16:42:09.191,3,NVIDIA A100-SXM-64GB,63.26,0,0
12,2026-05-18 16:42:14.203624,2026/05/18 16:42:14.251,0,NVIDIA A100-SXM-64GB,60.03,0,0
13,2026-05-18 16:42:14.203624,2026/05/18 16:42:14.254,1,NVIDIA A100-SXM-64GB,62.99,0,0
14,2026-05-18 16:42:14.203624,2026/05/18 16:42:14.259,2,NVIDIA A100-SXM-64GB,59.85,0,0
15,2026-05-18 16:42:14.203624,2026/05/18 16:42:14.262,3,NVIDIA A100-SXM-64GB,63.19,0,0
16,2026-05-18 16:42:19.275686,2026/05/18 16:42:19.311,0,NVIDIA A100-SXM-64GB,59.97,0,0
17,2026-05-18 16:42:19.275686,2026/05/18 16:42:19.314,1,NVIDIA A100-SXM-64GB,62.99,0,0
18,2026-05-18 16:42:19.275686,2026/05/18 16:42:19.319,2,NVIDIA A100-SXM-64GB,59.85,0,0
19,2026-05-18 16:42:19.275686,2026/05/18 16:42:19.322,3,NVIDIA A100-SXM-64GB,63.19,0,0
20,2026-05-18 16:42:24.337988,2026/05/18 16:42:24.390,0,NVIDIA A100-SXM-64GB,59.97,0,0
21,2026-05-18 16:42:24.337988,2026/05/18 16:42:24.393,1,NVIDIA A100-SXM-64GB,62.99,0,0
22,2026-05-18 16:42:24.337988,2026/05/18 16:42:24.396,2,NVIDIA A100-SXM-64GB,59.85,0,0
23,2026-05-18 16:42:24.337988,2026/05/18 16:42:24.398,3,NVIDIA A100-SXM-64GB,63.19,0,0
24,2026-05-18 16:42:29.412775,2026/05/18 16:42:29.461,0,NVIDIA A100-SXM-64GB,59.97,0,0
25,2026-05-18 16:42:29.412775,2026/05/18 16:42:29.465,1,NVIDIA A100-SXM-64GB,62.99,0,0
26,2026-05-18 16:42:29.412775,2026/05/18 16:42:29.468,2,NVIDIA A100-SXM-64GB,59.91,0,0
27,2026-05-18 16:42:29.412775,2026/05/18 16:42:29.471,3,NVIDIA A100-SXM-64GB,63.19,0,0
28,2026-05-18 16:42:34.485111,2026/05/18 16:42:34.535,0,NVIDIA A100-SXM-64GB,59.97,0,0
29,2026-05-18 16:42:34.485111,2026/05/18 16:42:34.539,1,NVIDIA A100-SXM-64GB,62.99,0,0
30,2026-05-18 16:42:34.485111,2026/05/18 16:42:34.542,2,NVIDIA A100-SXM-64GB,59.85,0,0
31,2026-05-18 16:42:34.485111,2026/05/18 16:42:34.545,3,NVIDIA A100-SXM-64GB,63.13,0,0
32,2026-05-18 16:42:39.562127,2026/05/18 16:42:39.611,0,NVIDIA A100-SXM-64GB,60.03,0,0
33,2026-05-18 16:42:39.562127,2026/05/18 16:42:39.614,1,NVIDIA A100-SXM-64GB,62.99,0,0
34,2026-05-18 16:42:39.562127,2026/05/18 16:42:39.621,2,NVIDIA A100-SXM-64GB,59.85,0,0
35,2026-05-18 16:42:39.562127,2026/05/18 16:42:39.624,3,NVIDIA A100-SXM-64GB,63.19,0,0
36,2026-05-18 16:42:44.641555,2026/05/18 16:42:44.688,0,NVIDIA A100-SXM-64GB,59.97,0,0
37,2026-05-18 16:42:44.641555,2026/05/18 16:42:44.691,1,NVIDIA A100-SXM-64GB,62.99,0,0
38,2026-05-18 16:42:44.641555,2026/05/18 16:42:44.694,2,NVIDIA A100-SXM-64GB,59.85,0,0
39,2026-05-18 16:42:44.641555,2026/05/18 16:42:44.697,3,NVIDIA A100-SXM-64GB,63.19,0,0
40,2026-05-18 16:42:49.715227,2026/05/18 16:42:49.765,0,NVIDIA A100-SXM-64GB,60.03,0,0
41,2026-05-18 16:42:49.715227,2026/05/18 16:42:49.773,1,NVIDIA A100-SXM-64GB,62.99,0,0
42,2026-05-18 16:42:49.715227,2026/05/18 16:42:49.779,2,NVIDIA A100-SXM-64GB,59.85,0,0
43,2026-05-18 16:42:49.715227,2026/05/18 16:42:49.782,3,NVIDIA A100-SXM-64GB,63.19,0,0
44,2026-05-18 16:42:54.795584,2026/05/18 16:42:54.846,0,NVIDIA A100-SXM-64GB,60.03,0,0
45,2026-05-18 16:42:54.795584,2026/05/18 16:42:54.851,1,NVIDIA A100-SXM-64GB,62.99,0,0
46,2026-05-18 16:42:54.795584,2026/05/18 16:42:54.857,2,NVIDIA A100-SXM-64GB,59.85,0,0
47,2026-05-18 16:42:54.795584,2026/05/18 16:42:54.860,3,NVIDIA A100-SXM-64GB,63.19,0,0
48,2026-05-18 16:42:59.877806,2026/05/18 16:42:59.932,0,NVIDIA A100-SXM-64GB,59.97,0,0
49,2026-05-18 16:42:59.877806,2026/05/18 16:42:59.935,1,NVIDIA A100-SXM-64GB,63.05,0,0
50,2026-05-18 16:42:59.877806,2026/05/18 16:42:59.938,2,NVIDIA A100-SXM-64GB,59.85,0,0
51,2026-05-18 16:42:59.877806,2026/05/18 16:42:59.941,3,NVIDIA A100-SXM-64GB,63.13,0,0
52,2026-05-18 16:43:04.955322,2026/05/18 16:43:05.050,0,NVIDIA A100-SXM-64GB,60.03,0,0
53,2026-05-18 16:43:04.955322,2026/05/18 16:43:05.055,1,NVIDIA A100-SXM-64GB,62.99,0,0
54,2026-05-18 16:43:04.955322,2026/05/18 16:43:05.068,2,NVIDIA A100-SXM-64GB,59.58,0,0
55,2026-05-18 16:43:04.955322,2026/05/18 16:43:05.086,3,NVIDIA A100-SXM-64GB,63.26,0,0
56,2026-05-18 16:43:10.127587,2026/05/18 16:43:10.230,0,NVIDIA A100-SXM-64GB,60.03,0,0
57,2026-05-18 16:43:10.127587,2026/05/18 16:43:10.239,1,NVIDIA A100-SXM-64GB,62.99,0,0
58,2026-05-18 16:43:10.127587,2026/05/18 16:43:10.258,2,NVIDIA A100-SXM-64GB,59.91,0,0
59,2026-05-18 16:43:10.127587,2026/05/18 16:43:10.274,3,NVIDIA A100-SXM-64GB,63.19,0,0
60,2026-05-18 16:43:15.328382,2026/05/18 16:43:15.429,0,NVIDIA A100-SXM-64GB,60.03,0,0
61,2026-05-18 16:43:15.328382,2026/05/18 16:43:15.441,1,NVIDIA A100-SXM-64GB,62.99,0,0
62,2026-05-18 16:43:15.328382,2026/05/18 16:43:15.456,2,NVIDIA A100-SXM-64GB,59.51,0,0
63,2026-05-18 16:43:15.328382,2026/05/18 16:43:15.471,3,NVIDIA A100-SXM-64GB,63.19,0,0
64,2026-05-18 16:43:20.511044,2026/05/18 16:43:20.619,0,NVIDIA A100-SXM-64GB,60.03,0,0
65,2026-05-18 16:43:20.511044,2026/05/18 16:43:20.628,1,NVIDIA A100-SXM-64GB,62.99,0,0
66,2026-05-18 16:43:20.511044,2026/05/18 16:43:20.646,2,NVIDIA A100-SXM-64GB,59.85,0,0
67,2026-05-18 16:43:20.511044,2026/05/18 16:43:20.659,3,NVIDIA A100-SXM-64GB,63.19,0,0
68,2026-05-18 16:43:25.701429,2026/05/18 16:43:25.817,0,NVIDIA A100-SXM-64GB,59.97,0,0
69,2026-05-18 16:43:25.701429,2026/05/18 16:43:25.822,1,NVIDIA A100-SXM-64GB,63.05,0,0
70,2026-05-18 16:43:25.701429,2026/05/18 16:43:25.834,2,NVIDIA A100-SXM-64GB,59.85,0,0
71,2026-05-18 16:43:25.701429,2026/05/18 16:43:25.850,3,NVIDIA A100-SXM-64GB,63.19,0,0
72,2026-05-18 16:43:30.882304,2026/05/18 16:43:30.943,0,NVIDIA A100-SXM-64GB,59.97,0,0
73,2026-05-18 16:43:30.882304,2026/05/18 16:43:30.947,1,NVIDIA A100-SXM-64GB,62.99,0,0
74,2026-05-18 16:43:30.882304,2026/05/18 16:43:30.950,2,NVIDIA A100-SXM-64GB,59.51,0,0
75,2026-05-18 16:43:30.882304,2026/05/18 16:43:30.954,3,NVIDIA A100-SXM-64GB,63.13,0,0
76,2026-05-18 16:43:35.986673,2026/05/18 16:43:36.051,0,NVIDIA A100-SXM-64GB,60.03,0,0
77,2026-05-18 16:43:35.986673,2026/05/18 16:43:36.055,1,NVIDIA A100-SXM-64GB,62.99,0,0
78,2026-05-18 16:43:35.986673,2026/05/18 16:43:36.058,2,NVIDIA A100-SXM-64GB,59.85,0,0
79,2026-05-18 16:43:35.986673,2026/05/18 16:43:36.065,3,NVIDIA A100-SXM-64GB,63.19,0,0
80,2026-05-18 16:43:41.079339,2026/05/18 16:43:41.125,0,NVIDIA A100-SXM-64GB,60.03,0,0
81,2026-05-18 16:43:41.079339,2026/05/18 16:43:41.128,1,NVIDIA A100-SXM-64GB,63.05,0,0
82,2026-05-18 16:43:41.079339,2026/05/18 16:43:41.131,2,NVIDIA A100-SXM-64GB,59.51,0,0
83,2026-05-18 16:43:41.079339,2026/05/18 16:43:41.134,3,NVIDIA A100-SXM-64GB,63.19,0,0
84,2026-05-18 16:43:46.154327,2026/05/18 16:43:46.208,0,NVIDIA A100-SXM-64GB,59.97,0,0
85,2026-05-18 16:43:46.154327,2026/05/18 16:43:46.213,1,NVIDIA A100-SXM-64GB,62.99,0,0
86,2026-05-18 16:43:46.154327,2026/05/18 16:43:46.215,2,NVIDIA A100-SXM-64GB,59.79,0,0
87,2026-05-18 16:43:46.154327,2026/05/18 16:43:46.218,3,NVIDIA A100-SXM-64GB,63.13,0,0
88,2026-05-18 16:43:51.232632,2026/05/18 16:43:51.319,0,NVIDIA A100-SXM-64GB,59.97,0,0
89,2026-05-18 16:43:51.232632,2026/05/18 16:43:51.322,1,NVIDIA A100-SXM-64GB,62.99,0,0
90,2026-05-18 16:43:51.232632,2026/05/18 16:43:51.325,2,NVIDIA A100-SXM-64GB,59.79,0,0
91,2026-05-18 16:43:51.232632,2026/05/18 16:43:51.327,3,NVIDIA A100-SXM-64GB,63.13,0,0
92,2026-05-18 16:43:56.353530,2026/05/18 16:43:56.418,0,NVIDIA A100-SXM-64GB,59.91,0,0
93,2026-05-18 16:43:56.353530,2026/05/18 16:43:56.421,1,NVIDIA A100-SXM-64GB,62.92,0,0
94,2026-05-18 16:43:56.353530,2026/05/18 16:43:56.424,2,NVIDIA A100-SXM-64GB,59.79,0,0
95,2026-05-18 16:43:56.353530,2026/05/18 16:43:56.427,3,NVIDIA A100-SXM-64GB,63.13,0,0
96,2026-05-18 16:44:01.447310,2026/05/18 16:44:01.539,0,NVIDIA A100-SXM-64GB,59.97,4,0
97,2026-05-18 16:44:01.447310,2026/05/18 16:44:01.542,1,NVIDIA A100-SXM-64GB,62.92,4,0
98,2026-05-18 16:44:01.447310,2026/05/18 16:44:01.545,2,NVIDIA A100-SXM-64GB,59.85,4,0
99,2026-05-18 16:44:01.447310,2026/05/18 16:44:01.548,3,NVIDIA A100-SXM-64GB,63.13,4,0
100,2026-05-18 16:44:06.561746,2026/05/18 16:44:06.614,0,NVIDIA A100-SXM-64GB,59.97,4,0
101,2026-05-18 16:44:06.561746,2026/05/18 16:44:06.617,1,NVIDIA A100-SXM-64GB,62.99,4,0
102,2026-05-18 16:44:06.561746,2026/05/18 16:44:06.619,2,NVIDIA A100-SXM-64GB,59.51,4,0
103,2026-05-18 16:44:06.561746,2026/05/18 16:44:06.623,3,NVIDIA A100-SXM-64GB,63.13,4,0
104,2026-05-18 16:44:11.645505,2026/05/18 16:44:11.704,0,NVIDIA A100-SXM-64GB,60.03,4,0
105,2026-05-18 16:44:11.645505,2026/05/18 16:44:11.713,1,NVIDIA A100-SXM-64GB,62.72,4,0
106,2026-05-18 16:44:11.645505,2026/05/18 16:44:11.718,2,NVIDIA A100-SXM-64GB,59.85,4,0
107,2026-05-18 16:44:11.645505,2026/05/18 16:44:11.725,3,NVIDIA A100-SXM-64GB,63.19,4,0
108,2026-05-18 16:44:16.750138,2026/05/18 16:44:16.854,0,NVIDIA A100-SXM-64GB,59.97,4,0
109,2026-05-18 16:44:16.750138,2026/05/18 16:44:16.862,1,NVIDIA A100-SXM-64GB,63.05,4,0
110,2026-05-18 16:44:16.750138,2026/05/18 16:44:16.880,2,NVIDIA A100-SXM-64GB,59.51,4,0
111,2026-05-18 16:44:16.750138,2026/05/18 16:44:16.888,3,NVIDIA A100-SXM-64GB,63.13,4,0
112,2026-05-18 16:44:21.930843,2026/05/18 16:44:21.992,0,NVIDIA A100-SXM-64GB,59.97,4,0
113,2026-05-18 16:44:21.930843,2026/05/18 16:44:21.995,1,NVIDIA A100-SXM-64GB,62.99,4,0
114,2026-05-18 16:44:21.930843,2026/05/18 16:44:21.998,2,NVIDIA A100-SXM-64GB,59.79,4,0
115,2026-05-18 16:44:21.930843,2026/05/18 16:44:22.001,3,NVIDIA A100-SXM-64GB,63.13,4,0
116,2026-05-18 16:44:27.015215,2026/05/18 16:44:27.068,0,NVIDIA A100-SXM-64GB,59.97,4,0
117,2026-05-18 16:44:27.015215,2026/05/18 16:44:27.074,1,NVIDIA A100-SXM-64GB,76.63,480,0
118,2026-05-18 16:44:27.015215,2026/05/18 16:44:27.077,2,NVIDIA A100-SXM-64GB,72.88,480,0
119,2026-05-18 16:44:27.015215,2026/05/18 16:44:27.079,3,NVIDIA A100-SXM-64GB,76.56,480,0
120,2026-05-18 16:44:32.102805,2026/05/18 16:44:32.204,0,NVIDIA A100-SXM-64GB,59.97,4,0
121,2026-05-18 16:44:32.102805,2026/05/18 16:44:32.208,1,NVIDIA A100-SXM-64GB,76.71,480,0
122,2026-05-18 16:44:32.102805,2026/05/18 16:44:32.226,2,NVIDIA A100-SXM-64GB,72.96,480,0
123,2026-05-18 16:44:32.102805,2026/05/18 16:44:32.248,3,NVIDIA A100-SXM-64GB,76.56,480,0
124,2026-05-18 16:44:37.287323,2026/05/18 16:44:37.333,0,NVIDIA A100-SXM-64GB,59.91,4,0
125,2026-05-18 16:44:37.287323,2026/05/18 16:44:37.336,1,NVIDIA A100-SXM-64GB,76.63,480,0
126,2026-05-18 16:44:37.287323,2026/05/18 16:44:37.339,2,NVIDIA A100-SXM-64GB,72.88,480,0
127,2026-05-18 16:44:37.287323,2026/05/18 16:44:37.342,3,NVIDIA A100-SXM-64GB,76.88,480,0
128,2026-05-18 16:44:42.355616,2026/05/18 16:44:42.421,0,NVIDIA A100-SXM-64GB,59.97,4,0
129,2026-05-18 16:44:42.355616,2026/05/18 16:44:42.424,1,NVIDIA A100-SXM-64GB,76.71,480,0
130,2026-05-18 16:44:42.355616,2026/05/18 16:44:42.427,2,NVIDIA A100-SXM-64GB,72.88,480,0
131,2026-05-18 16:44:42.355616,2026/05/18 16:44:42.434,3,NVIDIA A100-SXM-64GB,76.88,480,0
132,2026-05-18 16:44:47.455616,2026/05/18 16:44:47.563,0,NVIDIA A100-SXM-64GB,73.43,682,0
133,2026-05-18 16:44:47.455616,2026/05/18 16:44:47.566,1,NVIDIA A100-SXM-64GB,77.04,682,1
134,2026-05-18 16:44:47.455616,2026/05/18 16:44:47.573,2,NVIDIA A100-SXM-64GB,73.21,682,0
135,2026-05-18 16:44:47.455616,2026/05/18 16:44:47.601,3,NVIDIA A100-SXM-64GB,76.88,682,1
136,2026-05-18 16:44:52.645918,2026/05/18 16:44:52.831,0,NVIDIA A100-SXM-64GB,73.51,1470,0
137,2026-05-18 16:44:52.645918,2026/05/18 16:44:52.834,1,NVIDIA A100-SXM-64GB,77.04,1488,0
138,2026-05-18 16:44:52.645918,2026/05/18 16:44:52.856,2,NVIDIA A100-SXM-64GB,73.28,1464,0
139,2026-05-18 16:44:52.645918,2026/05/18 16:44:52.860,3,NVIDIA A100-SXM-64GB,77.23,1458,0
140,2026-05-18 16:44:57.924613,2026/05/18 16:44:58.026,0,NVIDIA A100-SXM-64GB,82.01,2484,0
141,2026-05-18 16:44:57.924613,2026/05/18 16:44:58.032,1,NVIDIA A100-SXM-64GB,85.89,2502,1
142,2026-05-18 16:44:57.924613,2026/05/18 16:44:58.034,2,NVIDIA A100-SXM-64GB,82.36,2492,0
143,2026-05-18 16:44:57.924613,2026/05/18 16:44:58.037,3,NVIDIA A100-SXM-64GB,86.31,2464,1
144,2026-05-18 16:45:03.051107,2026/05/18 16:45:03.151,0,NVIDIA A100-SXM-64GB,82.01,2884,2
145,2026-05-18 16:45:03.051107,2026/05/18 16:45:03.155,1,NVIDIA A100-SXM-64GB,86.12,2902,1
146,2026-05-18 16:45:03.051107,2026/05/18 16:45:03.159,2,NVIDIA A100-SXM-64GB,82.36,2892,2
147,2026-05-18 16:45:03.051107,2026/05/18 16:45:03.174,3,NVIDIA A100-SXM-64GB,86.04,2864,2
148,2026-05-18 16:45:08.196211,2026/05/18 16:45:08.303,0,NVIDIA A100-SXM-64GB,82.01,2884,2
149,2026-05-18 16:45:08.196211,2026/05/18 16:45:08.318,1,NVIDIA A100-SXM-64GB,86.21,2902,2
150,2026-05-18 16:45:08.196211,2026/05/18 16:45:08.348,2,NVIDIA A100-SXM-64GB,82.36,2892,2
151,2026-05-18 16:45:08.196211,2026/05/18 16:45:08.368,3,NVIDIA A100-SXM-64GB,86.31,2864,2
152,2026-05-18 16:45:13.402748,2026/05/18 16:45:13.552,0,NVIDIA A100-SXM-64GB,93.61,2884,46
153,2026-05-18 16:45:13.402748,2026/05/18 16:45:13.555,1,NVIDIA A100-SXM-64GB,104.44,2902,71
154,2026-05-18 16:45:13.402748,2026/05/18 16:45:13.564,2,NVIDIA A100-SXM-64GB,106.15,2892,51
155,2026-05-18 16:45:13.402748,2026/05/18 16:45:13.598,3,NVIDIA A100-SXM-64GB,97.93,2864,77
156,2026-05-18 16:45:18.619776,2026/05/18 16:45:18.719,0,NVIDIA A100-SXM-64GB,102.69,2884,100
157,2026-05-18 16:45:18.619776,2026/05/18 16:45:18.722,1,NVIDIA A100-SXM-64GB,96.49,2902,100
158,2026-05-18 16:45:18.619776,2026/05/18 16:45:18.726,2,NVIDIA A100-SXM-64GB,100.06,2892,100
159,2026-05-18 16:45:18.619776,2026/05/18 16:45:18.729,3,NVIDIA A100-SXM-64GB,92.95,2864,100
160,2026-05-18 16:45:23.742894,2026/05/18 16:45:23.819,0,NVIDIA A100-SXM-64GB,82.37,2884,37
161,2026-05-18 16:45:23.742894,2026/05/18 16:45:23.822,1,NVIDIA A100-SXM-64GB,85.89,2902,12
162,2026-05-18 16:45:23.742894,2026/05/18 16:45:23.824,2,NVIDIA A100-SXM-64GB,82.12,2892,31
163,2026-05-18 16:45:23.742894,2026/05/18 16:45:23.827,3,NVIDIA A100-SXM-64GB,86.12,2864,12
164,2026-05-18 16:45:28.843845,2026/05/18 16:45:28.948,0,NVIDIA A100-SXM-64GB,82.20,2884,1
165,2026-05-18 16:45:28.843845,2026/05/18 16:45:28.962,1,NVIDIA A100-SXM-64GB,85.80,2902,1
166,2026-05-18 16:45:28.843845,2026/05/18 16:45:28.972,2,NVIDIA A100-SXM-64GB,82.04,2892,1
167,2026-05-18 16:45:28.843845,2026/05/18 16:45:28.995,3,NVIDIA A100-SXM-64GB,86.31,2864,1
168,2026-05-18 16:45:34.023373,2026/05/18 16:45:34.137,0,NVIDIA A100-SXM-64GB,82.29,2884,2
169,2026-05-18 16:45:34.023373,2026/05/18 16:45:34.140,1,NVIDIA A100-SXM-64GB,85.80,2902,2
170,2026-05-18 16:45:34.023373,2026/05/18 16:45:34.158,2,NVIDIA A100-SXM-64GB,82.04,2892,2
171,2026-05-18 16:45:34.023373,2026/05/18 16:45:34.166,3,NVIDIA A100-SXM-64GB,86.31,2864,2
172,2026-05-18 16:45:39.216240,2026/05/18 16:45:39.378,0,NVIDIA A100-SXM-64GB,80.56,2964,100
173,2026-05-18 16:45:39.216240,2026/05/18 16:45:39.380,1,NVIDIA A100-SXM-64GB,104.82,2982,70
174,2026-05-18 16:45:39.216240,2026/05/18 16:45:39.422,2,NVIDIA A100-SXM-64GB,91.28,2972,100
175,2026-05-18 16:45:39.216240,2026/05/18 16:45:39.426,3,NVIDIA A100-SXM-64GB,110.75,2944,100
176,2026-05-18 16:45:44.442281,2026/05/18 16:45:44.541,0,NVIDIA A100-SXM-64GB,73.79,3004,2
177,2026-05-18 16:45:44.442281,2026/05/18 16:45:44.544,1,NVIDIA A100-SXM-64GB,77.31,3022,2
178,2026-05-18 16:45:44.442281,2026/05/18 16:45:44.561,2,NVIDIA A100-SXM-64GB,73.28,3012,2
179,2026-05-18 16:45:44.442281,2026/05/18 16:45:44.567,3,NVIDIA A100-SXM-64GB,76.63,2984,2
180,2026-05-18 16:45:49.617055,2026/05/18 16:45:49.811,0,NVIDIA A100-SXM-64GB,79.87,3064,30
181,2026-05-18 16:45:49.617055,2026/05/18 16:45:49.813,1,NVIDIA A100-SXM-64GB,94.68,3082,50
182,2026-05-18 16:45:49.617055,2026/05/18 16:45:49.863,2,NVIDIA A100-SXM-64GB,79.30,3072,100
183,2026-05-18 16:45:49.617055,2026/05/18 16:45:49.867,3,NVIDIA A100-SXM-64GB,95.19,3044,45
184,2026-05-18 16:45:54.924983,2026/05/18 16:45:55.024,0,NVIDIA A100-SXM-64GB,82.53,3124,0
185,2026-05-18 16:45:54.924983,2026/05/18 16:45:55.030,1,NVIDIA A100-SXM-64GB,86.12,3142,0
186,2026-05-18 16:45:54.924983,2026/05/18 16:45:55.065,2,NVIDIA A100-SXM-64GB,82.36,3132,1
187,2026-05-18 16:45:54.924983,2026/05/18 16:45:55.077,3,NVIDIA A100-SXM-64GB,86.64,3104,0
188,2026-05-18 16:46:00.099003,2026/05/18 16:46:00.199,0,NVIDIA A100-SXM-64GB,82.29,3184,2
189,2026-05-18 16:46:00.099003,2026/05/18 16:46:00.219,1,NVIDIA A100-SXM-64GB,86.49,3202,2
190,2026-05-18 16:46:00.099003,2026/05/18 16:46:00.243,2,NVIDIA A100-SXM-64GB,82.45,3192,2
191,2026-05-18 16:46:00.099003,2026/05/18 16:46:00.245,3,NVIDIA A100-SXM-64GB,86.72,3164,2
192,2026-05-18 16:46:05.281480,2026/05/18 16:46:05.435,0,NVIDIA A100-SXM-64GB,91.47,3264,94
193,2026-05-18 16:46:05.281480,2026/05/18 16:46:05.438,1,NVIDIA A100-SXM-64GB,94.68,3282,95
194,2026-05-18 16:46:05.281480,2026/05/18 16:46:05.443,2,NVIDIA A100-SXM-64GB,91.19,3272,84
195,2026-05-18 16:46:05.281480,2026/05/18 16:46:05.467,3,NVIDIA A100-SXM-64GB,95.46,3244,100
196,2026-05-18 16:46:10.533202,2026/05/18 16:46:10.670,0,NVIDIA A100-SXM-64GB,73.64,4284,1
197,2026-05-18 16:46:10.533202,2026/05/18 16:46:10.673,1,NVIDIA A100-SXM-64GB,77.23,4302,1
198,2026-05-18 16:46:10.533202,2026/05/18 16:46:10.689,2,NVIDIA A100-SXM-64GB,74.14,4292,1
199,2026-05-18 16:46:10.533202,2026/05/18 16:46:10.697,3,NVIDIA A100-SXM-64GB,76.88,4264,2
200,2026-05-18 16:46:15.741631,2026/05/18 16:46:15.841,0,NVIDIA A100-SXM-64GB,73.43,5284,1
201,2026-05-18 16:46:15.741631,2026/05/18 16:46:15.845,1,NVIDIA A100-SXM-64GB,76.96,5302,2
202,2026-05-18 16:46:15.741631,2026/05/18 16:46:15.859,2,NVIDIA A100-SXM-64GB,73.21,5292,2
203,2026-05-18 16:46:15.741631,2026/05/18 16:46:15.872,3,NVIDIA A100-SXM-64GB,76.88,5264,1
204,2026-05-18 16:46:20.915229,2026/05/18 16:46:21.530,0,NVIDIA A100-SXM-64GB,73.51,8284,0
205,2026-05-18 16:46:20.915229,2026/05/18 16:46:21.533,1,NVIDIA A100-SXM-64GB,77.12,8302,0
206,2026-05-18 16:46:20.915229,2026/05/18 16:46:21.536,2,NVIDIA A100-SXM-64GB,73.28,8292,0
207,2026-05-18 16:46:20.915229,2026/05/18 16:46:21.538,3,NVIDIA A100-SXM-64GB,76.96,8264,0
208,2026-05-18 16:46:26.553134,2026/05/18 16:46:26.601,0,NVIDIA A100-SXM-64GB,73.43,10444,0
209,2026-05-18 16:46:26.553134,2026/05/18 16:46:26.604,1,NVIDIA A100-SXM-64GB,77.04,10462,0
210,2026-05-18 16:46:26.553134,2026/05/18 16:46:26.612,2,NVIDIA A100-SXM-64GB,73.21,10452,0
211,2026-05-18 16:46:26.553134,2026/05/18 16:46:26.614,3,NVIDIA A100-SXM-64GB,76.88,10424,0
212,2026-05-18 16:46:31.629770,2026/05/18 16:46:31.788,0,NVIDIA A100-SXM-64GB,102.08,11286,100
213,2026-05-18 16:46:31.629770,2026/05/18 16:46:31.791,1,NVIDIA A100-SXM-64GB,101.37,11304,100
214,2026-05-18 16:46:31.629770,2026/05/18 16:46:31.843,2,NVIDIA A100-SXM-64GB,99.13,11294,89
215,2026-05-18 16:46:31.629770,2026/05/18 16:46:31.872,3,NVIDIA A100-SXM-64GB,106.37,11266,90
216,2026-05-18 16:46:36.911997,2026/05/18 16:46:36.966,0,NVIDIA A100-SXM-64GB,82.81,11312,0
217,2026-05-18 16:46:36.911997,2026/05/18 16:46:36.976,1,NVIDIA A100-SXM-64GB,77.23,11330,0
218,2026-05-18 16:46:36.911997,2026/05/18 16:46:36.981,2,NVIDIA A100-SXM-64GB,82.36,11322,0
219,2026-05-18 16:46:36.911997,2026/05/18 16:46:36.984,3,NVIDIA A100-SXM-64GB,76.80,11292,0
220,2026-05-18 16:46:42.081344,2026/05/18 16:46:42.125,0,NVIDIA A100-SXM-64GB,82.81,26212,69
221,2026-05-18 16:46:42.081344,2026/05/18 16:46:42.129,1,NVIDIA A100-SXM-64GB,86.40,26230,52
222,2026-05-18 16:46:42.081344,2026/05/18 16:46:42.131,2,NVIDIA A100-SXM-64GB,82.64,26222,84
223,2026-05-18 16:46:42.081344,2026/05/18 16:46:42.135,3,NVIDIA A100-SXM-64GB,87.24,26194,56
224,2026-05-18 16:46:47.150888,2026/05/18 16:46:47.310,0,NVIDIA A100-SXM-64GB,96.36,26634,100
225,2026-05-18 16:46:47.150888,2026/05/18 16:46:47.313,1,NVIDIA A100-SXM-64GB,102.69,26652,100
226,2026-05-18 16:46:47.150888,2026/05/18 16:46:47.362,2,NVIDIA A100-SXM-64GB,104.34,26642,100
227,2026-05-18 16:46:47.150888,2026/05/18 16:46:47.364,3,NVIDIA A100-SXM-64GB,107.29,26616,100
228,2026-05-18 16:46:52.419358,2026/05/18 16:46:52.578,0,NVIDIA A100-SXM-64GB,104.06,28234,100
229,2026-05-18 16:46:52.419358,2026/05/18 16:46:52.581,1,NVIDIA A100-SXM-64GB,96.82,28252,100
230,2026-05-18 16:46:52.419358,2026/05/18 16:46:52.626,2,NVIDIA A100-SXM-64GB,109.82,28242,100
231,2026-05-18 16:46:52.419358,2026/05/18 16:46:52.629,3,NVIDIA A100-SXM-64GB,108.78,28216,100
232,2026-05-18 16:46:57.684545,2026/05/18 16:46:57.839,0,NVIDIA A100-SXM-64GB,133.13,28234,100
233,2026-05-18 16:46:57.684545,2026/05/18 16:46:57.842,1,NVIDIA A100-SXM-64GB,103.84,28252,100
234,2026-05-18 16:46:57.684545,2026/05/18 16:46:57.881,2,NVIDIA A100-SXM-64GB,92.82,28242,100
235,2026-05-18 16:46:57.684545,2026/05/18 16:46:57.920,3,NVIDIA A100-SXM-64GB,97.93,28216,100
236,2026-05-18 16:47:02.953752,2026/05/18 16:47:03.155,0,NVIDIA A100-SXM-64GB,92.74,28274,100
237,2026-05-18 16:47:02.953752,2026/05/18 16:47:03.158,1,NVIDIA A100-SXM-64GB,104.72,28292,100
238,2026-05-18 16:47:02.953752,2026/05/18 16:47:03.181,2,NVIDIA A100-SXM-64GB,113.76,28282,100
239,2026-05-18 16:47:02.953752,2026/05/18 16:47:03.195,3,NVIDIA A100-SXM-64GB,97.50,28256,100
240,2026-05-18 16:47:08.250254,2026/05/18 16:47:08.417,0,NVIDIA A100-SXM-64GB,93.34,29774,100
241,2026-05-18 16:47:08.250254,2026/05/18 16:47:08.420,1,NVIDIA A100-SXM-64GB,101.37,29792,100
242,2026-05-18 16:47:08.250254,2026/05/18 16:47:08.429,2,NVIDIA A100-SXM-64GB,123.24,29782,100
243,2026-05-18 16:47:08.250254,2026/05/18 16:47:08.491,3,NVIDIA A100-SXM-64GB,98.10,29816,100
244,2026-05-18 16:47:13.529518,2026/05/18 16:47:13.690,0,NVIDIA A100-SXM-64GB,106.48,31044,100
245,2026-05-18 16:47:13.529518,2026/05/18 16:47:13.728,1,NVIDIA A100-SXM-64GB,106.86,31062,100
246,2026-05-18 16:47:13.529518,2026/05/18 16:47:13.774,2,NVIDIA A100-SXM-64GB,108.61,31052,100
247,2026-05-18 16:47:13.529518,2026/05/18 16:47:13.779,3,NVIDIA A100-SXM-64GB,111.75,30946,100
248,2026-05-18 16:47:18.869007,2026/05/18 16:47:19.034,0,NVIDIA A100-SXM-64GB,112.90,31044,100
249,2026-05-18 16:47:18.869007,2026/05/18 16:47:19.037,1,NVIDIA A100-SXM-64GB,104.82,31062,100
250,2026-05-18 16:47:18.869007,2026/05/18 16:47:19.039,2,NVIDIA A100-SXM-64GB,97.42,31052,100
251,2026-05-18 16:47:18.869007,2026/05/18 16:47:19.088,3,NVIDIA A100-SXM-64GB,107.68,30946,100
252,2026-05-18 16:47:24.126655,2026/05/18 16:47:24.272,0,NVIDIA A100-SXM-64GB,92.91,31904,100
253,2026-05-18 16:47:24.126655,2026/05/18 16:47:24.275,1,NVIDIA A100-SXM-64GB,102.91,31922,100
254,2026-05-18 16:47:24.126655,2026/05/18 16:47:24.319,2,NVIDIA A100-SXM-64GB,92.72,31912,100
255,2026-05-18 16:47:24.126655,2026/05/18 16:47:24.322,3,NVIDIA A100-SXM-64GB,98.20,31846,100
256,2026-05-18 16:47:29.416104,2026/05/18 16:47:29.581,0,NVIDIA A100-SXM-64GB,109.67,31904,98
257,2026-05-18 16:47:29.416104,2026/05/18 16:47:29.584,1,NVIDIA A100-SXM-64GB,102.08,31922,90
258,2026-05-18 16:47:29.416104,2026/05/18 16:47:29.627,2,NVIDIA A100-SXM-64GB,105.65,31912,87
259,2026-05-18 16:47:29.416104,2026/05/18 16:47:29.691,3,NVIDIA A100-SXM-64GB,111.75,31846,96
260,2026-05-18 16:47:34.727668,2026/05/18 16:47:34.876,0,NVIDIA A100-SXM-64GB,116.47,31904,100
261,2026-05-18 16:47:34.727668,2026/05/18 16:47:34.879,1,NVIDIA A100-SXM-64GB,103.24,31922,100
262,2026-05-18 16:47:34.727668,2026/05/18 16:47:34.954,2,NVIDIA A100-SXM-64GB,100.67,31912,100
263,2026-05-18 16:47:34.727668,2026/05/18 16:47:34.957,3,NVIDIA A100-SXM-64GB,96.29,31846,100
264,2026-05-18 16:47:40.041452,2026/05/18 16:47:40.202,0,NVIDIA A100-SXM-64GB,101.81,31904,100
265,2026-05-18 16:47:40.041452,2026/05/18 16:47:40.205,1,NVIDIA A100-SXM-64GB,108.39,31922,100
266,2026-05-18 16:47:40.041452,2026/05/18 16:47:40.215,2,NVIDIA A100-SXM-64GB,105.87,31912,100
267,2026-05-18 16:47:40.041452,2026/05/18 16:47:40.270,3,NVIDIA A100-SXM-64GB,115.02,31846,100
268,2026-05-18 16:47:45.306430,2026/05/18 16:47:45.465,0,NVIDIA A100-SXM-64GB,98.33,31904,100
269,2026-05-18 16:47:45.306430,2026/05/18 16:47:45.467,1,NVIDIA A100-SXM-64GB,111.86,31922,100
270,2026-05-18 16:47:45.306430,2026/05/18 16:47:45.477,2,NVIDIA A100-SXM-64GB,107.40,31912,100
271,2026-05-18 16:47:45.306430,2026/05/18 16:47:45.541,3,NVIDIA A100-SXM-64GB,97.60,31846,100
272,2026-05-18 16:47:50.574632,2026/05/18 16:47:50.747,0,NVIDIA A100-SXM-64GB,98.33,31904,100
273,2026-05-18 16:47:50.574632,2026/05/18 16:47:50.750,1,NVIDIA A100-SXM-64GB,98.73,31922,100
274,2026-05-18 16:47:50.574632,2026/05/18 16:47:50.793,2,NVIDIA A100-SXM-64GB,92.55,31912,100
275,2026-05-18 16:47:50.574632,2026/05/18 16:47:50.796,3,NVIDIA A100-SXM-64GB,98.30,31846,100
276,2026-05-18 16:47:55.850528,2026/05/18 16:47:56.013,0,NVIDIA A100-SXM-64GB,107.41,31904,97
277,2026-05-18 16:47:55.850528,2026/05/18 16:47:56.062,1,NVIDIA A100-SXM-64GB,109.44,31922,92
278,2026-05-18 16:47:55.850528,2026/05/18 16:47:56.066,2,NVIDIA A100-SXM-64GB,108.39,31912,97
279,2026-05-18 16:47:55.850528,2026/05/18 16:47:56.083,3,NVIDIA A100-SXM-64GB,112.56,31846,97
280,2026-05-18 16:48:01.156969,2026/05/18 16:48:01.318,0,NVIDIA A100-SXM-64GB,129.59,31904,100
281,2026-05-18 16:48:01.156969,2026/05/18 16:48:01.321,1,NVIDIA A100-SXM-64GB,128.86,31922,100
282,2026-05-18 16:48:01.156969,2026/05/18 16:48:01.369,2,NVIDIA A100-SXM-64GB,104.01,31912,100
283,2026-05-18 16:48:01.156969,2026/05/18 16:48:01.372,3,NVIDIA A100-SXM-64GB,127.06,31846,100
284,2026-05-18 16:48:06.432567,2026/05/18 16:48:06.597,0,NVIDIA A100-SXM-64GB,108.02,31904,100
285,2026-05-18 16:48:06.432567,2026/05/18 16:48:06.600,1,NVIDIA A100-SXM-64GB,105.38,31922,100
286,2026-05-18 16:48:06.432567,2026/05/18 16:48:06.670,2,NVIDIA A100-SXM-64GB,96.39,31912,100
287,2026-05-18 16:48:06.432567,2026/05/18 16:48:06.673,3,NVIDIA A100-SXM-64GB,102.20,31846,100
288,2026-05-18 16:48:11.724659,2026/05/18 16:48:11.893,0,NVIDIA A100-SXM-64GB,98.73,31904,100
289,2026-05-18 16:48:11.724659,2026/05/18 16:48:11.896,1,NVIDIA A100-SXM-64GB,102.91,31922,100
290,2026-05-18 16:48:11.724659,2026/05/18 16:48:12.014,2,NVIDIA A100-SXM-64GB,102.80,31912,100
291,2026-05-18 16:48:11.724659,2026/05/18 16:48:12.016,3,NVIDIA A100-SXM-64GB,100.23,31846,100
292,2026-05-18 16:48:17.126628,2026/05/18 16:48:17.287,0,NVIDIA A100-SXM-64GB,108.23,31904,100
293,2026-05-18 16:48:17.126628,2026/05/18 16:48:17.332,1,NVIDIA A100-SXM-64GB,108.39,31922,100
294,2026-05-18 16:48:17.126628,2026/05/18 16:48:17.335,2,NVIDIA A100-SXM-64GB,104.84,31912,100
295,2026-05-18 16:48:17.126628,2026/05/18 16:48:17.343,3,NVIDIA A100-SXM-64GB,108.78,31846,100
296,2026-05-18 16:48:22.409715,2026/05/18 16:48:22.572,0,NVIDIA A100-SXM-64GB,101.91,31904,100
297,2026-05-18 16:48:22.409715,2026/05/18 16:48:22.575,1,NVIDIA A100-SXM-64GB,103.34,31922,100
298,2026-05-18 16:48:22.409715,2026/05/18 16:48:22.578,2,NVIDIA A100-SXM-64GB,103.13,31912,99
299,2026-05-18 16:48:22.409715,2026/05/18 16:48:22.639,3,NVIDIA A100-SXM-64GB,109.70,31846,100
300,2026-05-18 16:48:27.677793,2026/05/18 16:48:27.843,0,NVIDIA A100-SXM-64GB,97.80,31904,100
301,2026-05-18 16:48:27.677793,2026/05/18 16:48:27.845,1,NVIDIA A100-SXM-64GB,98.03,31922,100
302,2026-05-18 16:48:27.677793,2026/05/18 16:48:27.848,2,NVIDIA A100-SXM-64GB,94.86,31912,100
303,2026-05-18 16:48:27.677793,2026/05/18 16:48:27.909,3,NVIDIA A100-SXM-64GB,131.33,31846,100
304,2026-05-18 16:48:32.965664,2026/05/18 16:48:33.116,0,NVIDIA A100-SXM-64GB,98.40,31904,100
305,2026-05-18 16:48:32.965664,2026/05/18 16:48:33.135,1,NVIDIA A100-SXM-64GB,104.34,31922,100
306,2026-05-18 16:48:32.965664,2026/05/18 16:48:33.138,2,NVIDIA A100-SXM-64GB,95.36,31912,100
307,2026-05-18 16:48:32.965664,2026/05/18 16:48:33.192,3,NVIDIA A100-SXM-64GB,102.70,31846,100
308,2026-05-18 16:48:38.232684,2026/05/18 16:48:38.449,0,NVIDIA A100-SXM-64GB,103.73,31904,100
309,2026-05-18 16:48:38.232684,2026/05/18 16:48:38.454,1,NVIDIA A100-SXM-64GB,123.10,31922,100
310,2026-05-18 16:48:38.232684,2026/05/18 16:48:38.504,2,NVIDIA A100-SXM-64GB,111.02,31912,100
311,2026-05-18 16:48:38.232684,2026/05/18 16:48:38.507,3,NVIDIA A100-SXM-64GB,142.60,31846,100
312,2026-05-18 16:48:43.554871,2026/05/18 16:48:43.709,0,NVIDIA A100-SXM-64GB,106.59,31904,100
313,2026-05-18 16:48:43.554871,2026/05/18 16:48:43.713,1,NVIDIA A100-SXM-64GB,109.44,31922,100
314,2026-05-18 16:48:43.554871,2026/05/18 16:48:43.715,2,NVIDIA A100-SXM-64GB,101.10,31912,100
315,2026-05-18 16:48:43.554871,2026/05/18 16:48:43.768,3,NVIDIA A100-SXM-64GB,109.33,31846,100
316,2026-05-18 16:48:48.810253,2026/05/18 16:48:48.962,0,NVIDIA A100-SXM-64GB,107.30,31904,100
317,2026-05-18 16:48:48.810253,2026/05/18 16:48:48.965,1,NVIDIA A100-SXM-64GB,108.61,31922,100
318,2026-05-18 16:48:48.810253,2026/05/18 16:48:49.023,2,NVIDIA A100-SXM-64GB,100.06,31912,100
319,2026-05-18 16:48:48.810253,2026/05/18 16:48:49.026,3,NVIDIA A100-SXM-64GB,105.76,31846,100
320,2026-05-18 16:48:54.088131,2026/05/18 16:48:54.242,0,NVIDIA A100-SXM-64GB,94.27,31904,100
321,2026-05-18 16:48:54.088131,2026/05/18 16:48:54.244,1,NVIDIA A100-SXM-64GB,98.40,31922,100
322,2026-05-18 16:48:54.088131,2026/05/18 16:48:54.252,2,NVIDIA A100-SXM-64GB,94.58,31912,100
323,2026-05-18 16:48:54.088131,2026/05/18 16:48:54.311,3,NVIDIA A100-SXM-64GB,109.49,31846,100
324,2026-05-18 16:48:59.347444,2026/05/18 16:48:59.497,0,NVIDIA A100-SXM-64GB,101.21,31904,100
325,2026-05-18 16:48:59.347444,2026/05/18 16:48:59.500,1,NVIDIA A100-SXM-64GB,105.98,31922,100
326,2026-05-18 16:48:59.347444,2026/05/18 16:48:59.587,2,NVIDIA A100-SXM-64GB,102.10,31912,100
327,2026-05-18 16:48:59.347444,2026/05/18 16:48:59.590,3,NVIDIA A100-SXM-64GB,109.11,31846,100
328,2026-05-18 16:49:04.649439,2026/05/18 16:49:04.819,0,NVIDIA A100-SXM-64GB,97.12,31904,100
329,2026-05-18 16:49:04.649439,2026/05/18 16:49:04.822,1,NVIDIA A100-SXM-64GB,101.48,31922,100
330,2026-05-18 16:49:04.649439,2026/05/18 16:49:04.877,2,NVIDIA A100-SXM-64GB,94.35,31912,100
331,2026-05-18 16:49:04.649439,2026/05/18 16:49:04.880,3,NVIDIA A100-SXM-64GB,99.23,31846,100
332,2026-05-18 16:49:09.935156,2026/05/18 16:49:10.094,0,NVIDIA A100-SXM-64GB,103.95,31904,100
333,2026-05-18 16:49:09.935156,2026/05/18 16:49:10.097,1,NVIDIA A100-SXM-64GB,107.51,31922,100
334,2026-05-18 16:49:09.935156,2026/05/18 16:49:10.142,2,NVIDIA A100-SXM-64GB,101.87,31912,100
335,2026-05-18 16:49:09.935156,2026/05/18 16:49:10.145,3,NVIDIA A100-SXM-64GB,106.97,31846,100
336,2026-05-18 16:49:15.206068,2026/05/18 16:49:15.367,0,NVIDIA A100-SXM-64GB,106.09,31904,100
337,2026-05-18 16:49:15.206068,2026/05/18 16:49:15.370,1,NVIDIA A100-SXM-64GB,107.40,31922,100
338,2026-05-18 16:49:15.206068,2026/05/18 16:49:15.410,2,NVIDIA A100-SXM-64GB,103.90,31912,100
339,2026-05-18 16:49:15.206068,2026/05/18 16:49:15.412,3,NVIDIA A100-SXM-64GB,108.78,31846,100
340,2026-05-18 16:49:20.462249,2026/05/18 16:49:20.621,0,NVIDIA A100-SXM-64GB,96.69,31904,100
341,2026-05-18 16:49:20.462249,2026/05/18 16:49:20.663,1,NVIDIA A100-SXM-64GB,119.42,31922,100
342,2026-05-18 16:49:20.462249,2026/05/18 16:49:20.720,2,NVIDIA A100-SXM-64GB,125.98,31912,100
343,2026-05-18 16:49:20.462249,2026/05/18 16:49:20.723,3,NVIDIA A100-SXM-64GB,103.41,31846,100
344,2026-05-18 16:49:25.794815,2026/05/18 16:49:25.950,0,NVIDIA A100-SXM-64GB,101.41,31904,100
345,2026-05-18 16:49:25.794815,2026/05/18 16:49:25.953,1,NVIDIA A100-SXM-64GB,106.37,31922,100
346,2026-05-18 16:49:25.794815,2026/05/18 16:49:25.995,2,NVIDIA A100-SXM-64GB,106.86,31912,100
347,2026-05-18 16:49:25.794815,2026/05/18 16:49:25.997,3,NVIDIA A100-SXM-64GB,110.86,31846,100
348,2026-05-18 16:49:31.080667,2026/05/18 16:49:31.239,0,NVIDIA A100-SXM-64GB,117.41,31904,100
349,2026-05-18 16:49:31.080667,2026/05/18 16:49:31.242,1,NVIDIA A100-SXM-64GB,113.76,31922,100
350,2026-05-18 16:49:31.080667,2026/05/18 16:49:31.296,2,NVIDIA A100-SXM-64GB,188.05,31912,100
351,2026-05-18 16:49:31.080667,2026/05/18 16:49:31.299,3,NVIDIA A100-SXM-64GB,103.13,31846,100
352,2026-05-18 16:49:36.356238,2026/05/18 16:49:36.530,0,NVIDIA A100-SXM-64GB,94.88,31904,100
353,2026-05-18 16:49:36.356238,2026/05/18 16:49:36.533,1,NVIDIA A100-SXM-64GB,97.80,31922,100
354,2026-05-18 16:49:36.356238,2026/05/18 16:49:36.535,2,NVIDIA A100-SXM-64GB,98.30,31912,100
355,2026-05-18 16:49:36.356238,2026/05/18 16:49:36.551,3,NVIDIA A100-SXM-64GB,107.40,31846,100
356,2026-05-18 16:49:41.657747,2026/05/18 16:49:41.821,0,NVIDIA A100-SXM-64GB,106.48,31904,100
357,2026-05-18 16:49:41.657747,2026/05/18 16:49:41.871,1,NVIDIA A100-SXM-64GB,111.86,31922,100
358,2026-05-18 16:49:41.657747,2026/05/18 16:49:41.874,2,NVIDIA A100-SXM-64GB,95.56,31912,100
359,2026-05-18 16:49:41.657747,2026/05/18 16:49:41.920,3,NVIDIA A100-SXM-64GB,101.37,31846,100
360,2026-05-18 16:49:46.954426,2026/05/18 16:49:47.117,0,NVIDIA A100-SXM-64GB,106.48,31904,100
361,2026-05-18 16:49:46.954426,2026/05/18 16:49:47.120,1,NVIDIA A100-SXM-64GB,114.00,31922,100
362,2026-05-18 16:49:46.954426,2026/05/18 16:49:47.123,2,NVIDIA A100-SXM-64GB,102.58,31912,100
363,2026-05-18 16:49:46.954426,2026/05/18 16:49:47.191,3,NVIDIA A100-SXM-64GB,105.54,31846,100
364,2026-05-18 16:49:52.246803,2026/05/18 16:49:52.398,0,NVIDIA A100-SXM-64GB,99.33,31904,100
365,2026-05-18 16:49:52.246803,2026/05/18 16:49:52.401,1,NVIDIA A100-SXM-64GB,104.44,31922,100
366,2026-05-18 16:49:52.246803,2026/05/18 16:49:52.409,2,NVIDIA A100-SXM-64GB,101.87,31912,100
367,2026-05-18 16:49:52.246803,2026/05/18 16:49:52.485,3,NVIDIA A100-SXM-64GB,151.15,31846,100
368,2026-05-18 16:49:57.563019,2026/05/18 16:49:57.720,0,NVIDIA A100-SXM-64GB,107.08,31904,100
369,2026-05-18 16:49:57.563019,2026/05/18 16:49:57.758,1,NVIDIA A100-SXM-64GB,110.04,31922,100
370,2026-05-18 16:49:57.563019,2026/05/18 16:49:57.792,2,NVIDIA A100-SXM-64GB,102.91,31912,100
371,2026-05-18 16:49:57.563019,2026/05/18 16:49:57.795,3,NVIDIA A100-SXM-64GB,98.03,31846,100
372,2026-05-18 16:50:02.857750,2026/05/18 16:50:03.024,0,NVIDIA A100-SXM-64GB,98.40,31904,100
373,2026-05-18 16:50:02.857750,2026/05/18 16:50:03.027,1,NVIDIA A100-SXM-64GB,101.97,31922,100
374,2026-05-18 16:50:02.857750,2026/05/18 16:50:03.035,2,NVIDIA A100-SXM-64GB,107.90,31912,100
375,2026-05-18 16:50:02.857750,2026/05/18 16:50:03.107,3,NVIDIA A100-SXM-64GB,110.31,31846,100
376,2026-05-18 16:50:08.174753,2026/05/18 16:50:08.335,0,NVIDIA A100-SXM-64GB,109.44,31904,100
377,2026-05-18 16:50:08.174753,2026/05/18 16:50:08.338,1,NVIDIA A100-SXM-64GB,115.14,31922,100
378,2026-05-18 16:50:08.174753,2026/05/18 16:50:08.404,2,NVIDIA A100-SXM-64GB,105.27,31912,100
379,2026-05-18 16:50:08.174753,2026/05/18 16:50:08.407,3,NVIDIA A100-SXM-64GB,109.11,31846,100
380,2026-05-18 16:50:13.465314,2026/05/18 16:50:13.623,0,NVIDIA A100-SXM-64GB,106.37,31904,100
381,2026-05-18 16:50:13.465314,2026/05/18 16:50:13.672,1,NVIDIA A100-SXM-64GB,103.41,31922,100
382,2026-05-18 16:50:13.465314,2026/05/18 16:50:13.675,2,NVIDIA A100-SXM-64GB,95.96,31912,100
383,2026-05-18 16:50:13.465314,2026/05/18 16:50:13.686,3,NVIDIA A100-SXM-64GB,108.50,31846,100
384,2026-05-18 16:50:18.751694,2026/05/18 16:50:18.916,0,NVIDIA A100-SXM-64GB,106.81,31904,100
385,2026-05-18 16:50:18.751694,2026/05/18 16:50:18.919,1,NVIDIA A100-SXM-64GB,109.60,31922,100
386,2026-05-18 16:50:18.751694,2026/05/18 16:50:18.994,2,NVIDIA A100-SXM-64GB,94.86,31912,100
387,2026-05-18 16:50:18.751694,2026/05/18 16:50:18.997,3,NVIDIA A100-SXM-64GB,98.75,31846,100
388,2026-05-18 16:50:24.048908,2026/05/18 16:50:24.211,0,NVIDIA A100-SXM-64GB,106.37,31904,100
389,2026-05-18 16:50:24.048908,2026/05/18 16:50:24.213,1,NVIDIA A100-SXM-64GB,112.67,31922,100
390,2026-05-18 16:50:24.048908,2026/05/18 16:50:24.219,2,NVIDIA A100-SXM-64GB,102.80,31912,100
391,2026-05-18 16:50:24.048908,2026/05/18 16:50:24.279,3,NVIDIA A100-SXM-64GB,106.04,31846,100
392,2026-05-18 16:50:29.314416,2026/05/18 16:50:29.464,0,NVIDIA A100-SXM-64GB,101.31,31904,100
393,2026-05-18 16:50:29.314416,2026/05/18 16:50:29.467,1,NVIDIA A100-SXM-64GB,104.12,31922,100
394,2026-05-18 16:50:29.314416,2026/05/18 16:50:29.472,2,NVIDIA A100-SXM-64GB,98.75,31912,100
395,2026-05-18 16:50:29.314416,2026/05/18 16:50:29.523,3,NVIDIA A100-SXM-64GB,103.90,31846,100
396,2026-05-18 16:50:34.564808,2026/05/18 16:50:34.737,0,NVIDIA A100-SXM-64GB,103.62,31904,100
397,2026-05-18 16:50:34.564808,2026/05/18 16:50:34.775,1,NVIDIA A100-SXM-64GB,103.84,31922,100
398,2026-05-18 16:50:34.564808,2026/05/18 16:50:34.841,2,NVIDIA A100-SXM-64GB,97.32,31912,100
399,2026-05-18 16:50:34.564808,2026/05/18 16:50:34.843,3,NVIDIA A100-SXM-64GB,100.06,31846,100
400,2026-05-18 16:50:39.932162,2026/05/18 16:50:40.098,0,NVIDIA A100-SXM-64GB,105.49,31904,100
401,2026-05-18 16:50:39.932162,2026/05/18 16:50:40.130,1,NVIDIA A100-SXM-64GB,98.03,31922,100
402,2026-05-18 16:50:39.932162,2026/05/18 16:50:40.133,2,NVIDIA A100-SXM-64GB,108.61,31912,100
403,2026-05-18 16:50:39.932162,2026/05/18 16:50:40.175,3,NVIDIA A100-SXM-64GB,98.75,31846,100
404,2026-05-18 16:50:45.216768,2026/05/18 16:50:45.370,0,NVIDIA A100-SXM-64GB,106.70,31904,100
405,2026-05-18 16:50:45.216768,2026/05/18 16:50:45.373,1,NVIDIA A100-SXM-64GB,109.49,31922,100
406,2026-05-18 16:50:45.216768,2026/05/18 16:50:45.431,2,NVIDIA A100-SXM-64GB,105.16,31912,100
407,2026-05-18 16:50:45.216768,2026/05/18 16:50:45.479,3,NVIDIA A100-SXM-64GB,110.91,31846,100
408,2026-05-18 16:50:50.527809,2026/05/18 16:50:50.691,0,NVIDIA A100-SXM-64GB,92.03,31904,100
409,2026-05-18 16:50:50.527809,2026/05/18 16:50:50.735,1,NVIDIA A100-SXM-64GB,95.56,31922,100
410,2026-05-18 16:50:50.527809,2026/05/18 16:50:50.738,2,NVIDIA A100-SXM-64GB,91.52,31912,100
411,2026-05-18 16:50:50.527809,2026/05/18 16:50:50.783,3,NVIDIA A100-SXM-64GB,96.06,31846,100
412,2026-05-18 16:50:55.826740,2026/05/18 16:50:56.000,0,NVIDIA A100-SXM-64GB,98.73,31904,100
413,2026-05-18 16:50:55.826740,2026/05/18 16:50:56.003,1,NVIDIA A100-SXM-64GB,103.41,31922,100
414,2026-05-18 16:50:55.826740,2026/05/18 16:50:56.009,2,NVIDIA A100-SXM-64GB,105.16,31912,100
415,2026-05-18 16:50:55.826740,2026/05/18 16:50:56.074,3,NVIDIA A100-SXM-64GB,96.62,31846,100
416,2026-05-18 16:51:01.116641,2026/05/18 16:51:01.216,0,NVIDIA A100-SXM-64GB,82.97,31904,87
417,2026-05-18 16:51:01.116641,2026/05/18 16:51:01.222,1,NVIDIA A100-SXM-64GB,86.57,31922,90
418,2026-05-18 16:51:01.116641,2026/05/18 16:51:01.235,2,NVIDIA A100-SXM-64GB,82.72,31912,76
419,2026-05-18 16:51:01.116641,2026/05/18 16:51:01.247,3,NVIDIA A100-SXM-64GB,87.00,31846,34
420,2026-05-18 16:51:06.283735,2026/05/18 16:51:06.447,0,NVIDIA A100-SXM-64GB,91.80,31904,100
421,2026-05-18 16:51:06.283735,2026/05/18 16:51:06.449,1,NVIDIA A100-SXM-64GB,95.56,31922,100
422,2026-05-18 16:51:06.283735,2026/05/18 16:51:06.452,2,NVIDIA A100-SXM-64GB,91.84,31912,100
423,2026-05-18 16:51:06.283735,2026/05/18 16:51:06.496,3,NVIDIA A100-SXM-64GB,95.96,31846,100
424,2026-05-18 16:51:11.550257,2026/05/18 16:51:11.729,0,NVIDIA A100-SXM-64GB,132.67,31904,100
425,2026-05-18 16:51:11.550257,2026/05/18 16:51:11.732,1,NVIDIA A100-SXM-64GB,101.10,31922,100
426,2026-05-18 16:51:11.550257,2026/05/18 16:51:11.776,2,NVIDIA A100-SXM-64GB,107.29,31912,100
427,2026-05-18 16:51:11.550257,2026/05/18 16:51:11.779,3,NVIDIA A100-SXM-64GB,107.57,31846,100
428,2026-05-18 16:51:16.843230,2026/05/18 16:51:16.998,0,NVIDIA A100-SXM-64GB,107.62,31904,100
429,2026-05-18 16:51:16.843230,2026/05/18 16:51:17.018,1,NVIDIA A100-SXM-64GB,108.61,31922,100
430,2026-05-18 16:51:16.843230,2026/05/18 16:51:17.021,2,NVIDIA A100-SXM-64GB,106.75,31912,100
431,2026-05-18 16:51:16.843230,2026/05/18 16:51:17.066,3,NVIDIA A100-SXM-64GB,107.90,31846,100
432,2026-05-18 16:51:22.113752,2026/05/18 16:51:22.274,0,NVIDIA A100-SXM-64GB,97.52,31904,100
433,2026-05-18 16:51:22.113752,2026/05/18 16:51:22.277,1,NVIDIA A100-SXM-64GB,109.33,31922,100
434,2026-05-18 16:51:22.113752,2026/05/18 16:51:22.281,2,NVIDIA A100-SXM-64GB,95.69,31912,100
435,2026-05-18 16:51:22.113752,2026/05/18 16:51:22.340,3,NVIDIA A100-SXM-64GB,99.13,31846,100
436,2026-05-18 16:51:27.376467,2026/05/18 16:51:27.539,0,NVIDIA A100-SXM-64GB,96.26,31904,100
437,2026-05-18 16:51:27.376467,2026/05/18 16:51:27.568,1,NVIDIA A100-SXM-64GB,114.21,31922,100
438,2026-05-18 16:51:27.376467,2026/05/18 16:51:27.571,2,NVIDIA A100-SXM-64GB,93.65,31912,100
439,2026-05-18 16:51:27.376467,2026/05/18 16:51:27.584,3,NVIDIA A100-SXM-64GB,101.76,31846,100
440,2026-05-18 16:51:32.678850,2026/05/18 16:51:32.836,0,NVIDIA A100-SXM-64GB,98.13,31904,100
441,2026-05-18 16:51:32.678850,2026/05/18 16:51:32.839,1,NVIDIA A100-SXM-64GB,113.49,31922,100
442,2026-05-18 16:51:32.678850,2026/05/18 16:51:32.847,2,NVIDIA A100-SXM-64GB,97.60,31912,100
443,2026-05-18 16:51:32.678850,2026/05/18 16:51:32.899,3,NVIDIA A100-SXM-64GB,101.17,31846,100
444,2026-05-18 16:51:37.941903,2026/05/18 16:51:38.087,0,NVIDIA A100-SXM-64GB,103.34,31904,100
445,2026-05-18 16:51:37.941903,2026/05/18 16:51:38.090,1,NVIDIA A100-SXM-64GB,99.23,31922,100
446,2026-05-18 16:51:37.941903,2026/05/18 16:51:38.095,2,NVIDIA A100-SXM-64GB,106.15,31912,100
447,2026-05-18 16:51:37.941903,2026/05/18 16:51:38.153,3,NVIDIA A100-SXM-64GB,111.63,31846,100
448,2026-05-18 16:51:43.197370,2026/05/18 16:51:43.363,0,NVIDIA A100-SXM-64GB,97.62,31904,100
449,2026-05-18 16:51:43.197370,2026/05/18 16:51:43.393,1,NVIDIA A100-SXM-64GB,104.12,31922,100
450,2026-05-18 16:51:43.197370,2026/05/18 16:51:43.396,2,NVIDIA A100-SXM-64GB,99.13,31912,100
451,2026-05-18 16:51:43.197370,2026/05/18 16:51:43.455,3,NVIDIA A100-SXM-64GB,109.11,31846,100
452,2026-05-18 16:51:48.508866,2026/05/18 16:51:48.670,0,NVIDIA A100-SXM-64GB,93.94,31904,100
453,2026-05-18 16:51:48.508866,2026/05/18 16:51:48.673,1,NVIDIA A100-SXM-64GB,102.91,31922,100
454,2026-05-18 16:51:48.508866,2026/05/18 16:51:48.680,2,NVIDIA A100-SXM-64GB,93.65,31912,100
455,2026-05-18 16:51:48.508866,2026/05/18 16:51:48.737,3,NVIDIA A100-SXM-64GB,111.84,31846,100
456,2026-05-18 16:51:53.785564,2026/05/18 16:51:53.947,0,NVIDIA A100-SXM-64GB,100.98,31904,100
457,2026-05-18 16:51:53.785564,2026/05/18 16:51:53.950,1,NVIDIA A100-SXM-64GB,97.42,31922,100
458,2026-05-18 16:51:53.785564,2026/05/18 16:51:53.964,2,NVIDIA A100-SXM-64GB,92.45,31912,100
459,2026-05-18 16:51:53.785564,2026/05/18 16:51:54.019,3,NVIDIA A100-SXM-64GB,99.74,31846,100
460,2026-05-18 16:51:59.056717,2026/05/18 16:51:59.259,0,NVIDIA A100-SXM-64GB,100.04,31904,93
461,2026-05-18 16:51:59.056717,2026/05/18 16:51:59.262,1,NVIDIA A100-SXM-64GB,109.49,31922,96
462,2026-05-18 16:51:59.056717,2026/05/18 16:51:59.270,2,NVIDIA A100-SXM-64GB,90.68,31912,83
463,2026-05-18 16:51:59.056717,2026/05/18 16:51:59.353,3,NVIDIA A100-SXM-64GB,106.04,31846,94
464,2026-05-18 16:52:04.389903,2026/05/18 16:52:04.556,0,NVIDIA A100-SXM-64GB,103.01,31904,100
465,2026-05-18 16:52:04.389903,2026/05/18 16:52:04.559,1,NVIDIA A100-SXM-64GB,106.86,31922,100
466,2026-05-18 16:52:04.389903,2026/05/18 16:52:04.566,2,NVIDIA A100-SXM-64GB,103.63,31912,100
467,2026-05-18 16:52:04.389903,2026/05/18 16:52:04.624,3,NVIDIA A100-SXM-64GB,110.31,31846,100
468,2026-05-18 16:52:09.663547,2026/05/18 16:52:09.807,0,NVIDIA A100-SXM-64GB,103.01,31904,100
469,2026-05-18 16:52:09.663547,2026/05/18 16:52:09.810,1,NVIDIA A100-SXM-64GB,107.62,31922,100
470,2026-05-18 16:52:09.663547,2026/05/18 16:52:09.875,2,NVIDIA A100-SXM-64GB,100.89,31912,100
471,2026-05-18 16:52:09.663547,2026/05/18 16:52:09.878,3,NVIDIA A100-SXM-64GB,109.38,31846,100
472,2026-05-18 16:52:14.953994,2026/05/18 16:52:15.111,0,NVIDIA A100-SXM-64GB,103.01,31904,100
473,2026-05-18 16:52:14.953994,2026/05/18 16:52:15.114,1,NVIDIA A100-SXM-64GB,110.54,31922,100
474,2026-05-18 16:52:14.953994,2026/05/18 16:52:15.163,2,NVIDIA A100-SXM-64GB,95.46,31912,100
475,2026-05-18 16:52:14.953994,2026/05/18 16:52:15.166,3,NVIDIA A100-SXM-64GB,99.03,31846,100
476,2026-05-18 16:52:20.224605,2026/05/18 16:52:20.380,0,NVIDIA A100-SXM-64GB,99.33,31904,100
477,2026-05-18 16:52:20.224605,2026/05/18 16:52:20.383,1,NVIDIA A100-SXM-64GB,132.13,31922,100
478,2026-05-18 16:52:20.224605,2026/05/18 16:52:20.394,2,NVIDIA A100-SXM-64GB,113.65,31912,100
479,2026-05-18 16:52:20.224605,2026/05/18 16:52:20.454,3,NVIDIA A100-SXM-64GB,103.02,31846,100
480,2026-05-18 16:52:25.499328,2026/05/18 16:52:25.651,0,NVIDIA A100-SXM-64GB,106.70,31904,100
481,2026-05-18 16:52:25.499328,2026/05/18 16:52:25.654,1,NVIDIA A100-SXM-64GB,107.68,31922,100
482,2026-05-18 16:52:25.499328,2026/05/18 16:52:25.713,2,NVIDIA A100-SXM-64GB,104.01,31912,100
483,2026-05-18 16:52:25.499328,2026/05/18 16:52:25.716,3,NVIDIA A100-SXM-64GB,111.52,31846,100
484,2026-05-18 16:52:30.775208,2026/05/18 16:52:30.939,0,NVIDIA A100-SXM-64GB,104.33,31904,100
485,2026-05-18 16:52:30.775208,2026/05/18 16:52:30.942,1,NVIDIA A100-SXM-64GB,98.13,31922,100
486,2026-05-18 16:52:30.775208,2026/05/18 16:52:30.944,2,NVIDIA A100-SXM-64GB,97.10,31912,100
487,2026-05-18 16:52:30.775208,2026/05/18 16:52:30.999,3,NVIDIA A100-SXM-64GB,109.22,31846,100
488,2026-05-18 16:52:36.047060,2026/05/18 16:52:36.228,0,NVIDIA A100-SXM-64GB,107.41,31904,100
489,2026-05-18 16:52:36.047060,2026/05/18 16:52:36.231,1,NVIDIA A100-SXM-64GB,106.97,31922,100
490,2026-05-18 16:52:36.047060,2026/05/18 16:52:36.276,2,NVIDIA A100-SXM-64GB,104.94,31912,100
491,2026-05-18 16:52:36.047060,2026/05/18 16:52:36.334,3,NVIDIA A100-SXM-64GB,116.11,31846,100
492,2026-05-18 16:52:41.376218,2026/05/18 16:52:41.552,0,NVIDIA A100-SXM-64GB,105.16,31904,100
493,2026-05-18 16:52:41.376218,2026/05/18 16:52:41.555,1,NVIDIA A100-SXM-64GB,108.01,31922,100
494,2026-05-18 16:52:41.376218,2026/05/18 16:52:41.604,2,NVIDIA A100-SXM-64GB,144.32,31912,100
495,2026-05-18 16:52:41.376218,2026/05/18 16:52:41.607,3,NVIDIA A100-SXM-64GB,107.57,31846,100
496,2026-05-18 16:52:46.699003,2026/05/18 16:52:46.880,0,NVIDIA A100-SXM-64GB,104.22,31904,100
497,2026-05-18 16:52:46.699003,2026/05/18 16:52:46.883,1,NVIDIA A100-SXM-64GB,104.01,31922,78
498,2026-05-18 16:52:46.699003,2026/05/18 16:52:46.889,2,NVIDIA A100-SXM-64GB,102.37,31912,100
499,2026-05-18 16:52:46.699003,2026/05/18 16:52:46.947,3,NVIDIA A100-SXM-64GB,104.50,31846,100
500,2026-05-18 16:52:52.024852,2026/05/18 16:52:52.205,0,NVIDIA A100-SXM-64GB,90.59,31904,73
501,2026-05-18 16:52:52.024852,2026/05/18 16:52:52.231,1,NVIDIA A100-SXM-64GB,107.08,31922,97
502,2026-05-18 16:52:52.024852,2026/05/18 16:52:52.234,2,NVIDIA A100-SXM-64GB,114.91,31912,100
503,2026-05-18 16:52:52.024852,2026/05/18 16:52:52.293,3,NVIDIA A100-SXM-64GB,99.63,31846,100
504,2026-05-18 16:52:57.338793,2026/05/18 16:52:57.515,0,NVIDIA A100-SXM-64GB,103.34,31904,100
505,2026-05-18 16:52:57.338793,2026/05/18 16:52:57.518,1,NVIDIA A100-SXM-64GB,110.42,31922,100
506,2026-05-18 16:52:57.338793,2026/05/18 16:52:57.565,2,NVIDIA A100-SXM-64GB,106.37,31912,100
507,2026-05-18 16:52:57.338793,2026/05/18 16:52:57.596,3,NVIDIA A100-SXM-64GB,106.97,31846,100
508,2026-05-18 16:53:02.656044,2026/05/18 16:53:02.840,0,NVIDIA A100-SXM-64GB,114.93,31904,100
509,2026-05-18 16:53:02.656044,2026/05/18 16:53:02.843,1,NVIDIA A100-SXM-64GB,105.05,31922,100
510,2026-05-18 16:53:02.656044,2026/05/18 16:53:02.906,2,NVIDIA A100-SXM-64GB,103.02,31912,100
511,2026-05-18 16:53:02.656044,2026/05/18 16:53:02.950,3,NVIDIA A100-SXM-64GB,103.02,31846,100
512,2026-05-18 16:53:08.056840,2026/05/18 16:53:08.275,0,NVIDIA A100-SXM-64GB,101.48,31904,100
513,2026-05-18 16:53:08.056840,2026/05/18 16:53:08.277,1,NVIDIA A100-SXM-64GB,99.84,31922,100
514,2026-05-18 16:53:08.056840,2026/05/18 16:53:08.280,2,NVIDIA A100-SXM-64GB,137.46,31912,100
515,2026-05-18 16:53:08.056840,2026/05/18 16:53:08.358,3,NVIDIA A100-SXM-64GB,111.24,31846,100
516,2026-05-18 16:53:13.408450,2026/05/18 16:53:13.595,0,NVIDIA A100-SXM-64GB,105.76,31904,100
517,2026-05-18 16:53:13.408450,2026/05/18 16:53:13.630,1,NVIDIA A100-SXM-64GB,116.95,31922,100
518,2026-05-18 16:53:13.408450,2026/05/18 16:53:13.632,2,NVIDIA A100-SXM-64GB,106.75,31912,100
519,2026-05-18 16:53:13.408450,2026/05/18 16:53:13.678,3,NVIDIA A100-SXM-64GB,108.17,31846,100
520,2026-05-18 16:53:18.722346,2026/05/18 16:53:18.894,0,NVIDIA A100-SXM-64GB,103.45,31904,100
521,2026-05-18 16:53:18.722346,2026/05/18 16:53:18.948,1,NVIDIA A100-SXM-64GB,107.19,31922,100
522,2026-05-18 16:53:18.722346,2026/05/18 16:53:18.951,2,NVIDIA A100-SXM-64GB,103.13,31912,100
523,2026-05-18 16:53:18.722346,2026/05/18 16:53:18.991,3,NVIDIA A100-SXM-64GB,117.32,31846,100
524,2026-05-18 16:53:24.039999,2026/05/18 16:53:24.220,0,NVIDIA A100-SXM-64GB,94.27,31904,100
525,2026-05-18 16:53:24.039999,2026/05/18 16:53:24.223,1,NVIDIA A100-SXM-64GB,110.86,31922,100
526,2026-05-18 16:53:24.039999,2026/05/18 16:53:24.239,2,NVIDIA A100-SXM-64GB,106.75,31912,100
527,2026-05-18 16:53:24.039999,2026/05/18 16:53:24.295,3,NVIDIA A100-SXM-64GB,110.64,31846,100
528,2026-05-18 16:53:29.342295,2026/05/18 16:53:29.512,0,NVIDIA A100-SXM-64GB,101.58,31904,100
529,2026-05-18 16:53:29.342295,2026/05/18 16:53:29.516,1,NVIDIA A100-SXM-64GB,112.07,31922,100
530,2026-05-18 16:53:29.342295,2026/05/18 16:53:29.524,2,NVIDIA A100-SXM-64GB,108.28,31912,100
531,2026-05-18 16:53:29.342295,2026/05/18 16:53:29.549,3,NVIDIA A100-SXM-64GB,112.17,31846,100
532,2026-05-18 16:53:34.623889,2026/05/18 16:53:34.856,0,NVIDIA A100-SXM-64GB,97.02,31904,100
533,2026-05-18 16:53:34.623889,2026/05/18 16:53:34.859,1,NVIDIA A100-SXM-64GB,105.98,31922,100
534,2026-05-18 16:53:34.623889,2026/05/18 16:53:34.863,2,NVIDIA A100-SXM-64GB,100.67,31912,100
535,2026-05-18 16:53:34.623889,2026/05/18 16:53:34.912,3,NVIDIA A100-SXM-64GB,109.11,31846,100
536,2026-05-18 16:53:39.962311,2026/05/18 16:53:40.141,0,NVIDIA A100-SXM-64GB,145.67,31904,100
537,2026-05-18 16:53:39.962311,2026/05/18 16:53:40.144,1,NVIDIA A100-SXM-64GB,107.90,31922,100
538,2026-05-18 16:53:39.962311,2026/05/18 16:53:40.197,2,NVIDIA A100-SXM-64GB,93.42,31912,100
539,2026-05-18 16:53:39.962311,2026/05/18 16:53:40.233,3,NVIDIA A100-SXM-64GB,106.15,31846,100
540,2026-05-18 16:53:45.296790,2026/05/18 16:53:45.472,0,NVIDIA A100-SXM-64GB,97.02,31904,100
541,2026-05-18 16:53:45.296790,2026/05/18 16:53:45.482,1,NVIDIA A100-SXM-64GB,109.93,31922,100
542,2026-05-18 16:53:45.296790,2026/05/18 16:53:45.540,2,NVIDIA A100-SXM-64GB,106.15,31912,100
543,2026-05-18 16:53:45.296790,2026/05/18 16:53:45.542,3,NVIDIA A100-SXM-64GB,110.14,31846,100
544,2026-05-18 16:53:50.613645,2026/05/18 16:53:50.783,0,NVIDIA A100-SXM-64GB,102.79,31904,100
545,2026-05-18 16:53:50.613645,2026/05/18 16:53:50.786,1,NVIDIA A100-SXM-64GB,109.60,31922,100
546,2026-05-18 16:53:50.613645,2026/05/18 16:53:50.800,2,NVIDIA A100-SXM-64GB,106.15,31912,100
547,2026-05-18 16:53:50.613645,2026/05/18 16:53:50.866,3,NVIDIA A100-SXM-64GB,110.64,31846,100
548,2026-05-18 16:53:55.908687,2026/05/18 16:53:56.087,0,NVIDIA A100-SXM-64GB,102.79,31904,100
549,2026-05-18 16:53:55.908687,2026/05/18 16:53:56.108,1,NVIDIA A100-SXM-64GB,106.59,31922,100
550,2026-05-18 16:53:55.908687,2026/05/18 16:53:56.111,2,NVIDIA A100-SXM-64GB,102.20,31912,100
551,2026-05-18 16:53:55.908687,2026/05/18 16:53:56.128,3,NVIDIA A100-SXM-64GB,106.64,31846,100
552,2026-05-18 16:54:01.230297,2026/05/18 16:54:01.435,0,NVIDIA A100-SXM-64GB,109.11,31904,79
553,2026-05-18 16:54:01.230297,2026/05/18 16:54:01.438,1,NVIDIA A100-SXM-64GB,112.19,31922,85
554,2026-05-18 16:54:01.230297,2026/05/18 16:54:01.481,2,NVIDIA A100-SXM-64GB,110.42,31912,97
555,2026-05-18 16:54:01.230297,2026/05/18 16:54:01.533,3,NVIDIA A100-SXM-64GB,112.28,31846,82
556,2026-05-18 16:54:06.573921,2026/05/18 16:54:06.745,0,NVIDIA A100-SXM-64GB,95.15,31904,100
557,2026-05-18 16:54:06.573921,2026/05/18 16:54:06.748,1,NVIDIA A100-SXM-64GB,101.48,31922,100
558,2026-05-18 16:54:06.573921,2026/05/18 16:54:06.786,2,NVIDIA A100-SXM-64GB,105.27,31912,100
559,2026-05-18 16:54:06.573921,2026/05/18 16:54:06.789,3,NVIDIA A100-SXM-64GB,136.86,31846,100
560,2026-05-18 16:54:11.862639,2026/05/18 16:54:12.039,0,NVIDIA A100-SXM-64GB,108.23,31904,100
561,2026-05-18 16:54:11.862639,2026/05/18 16:54:12.042,1,NVIDIA A100-SXM-64GB,111.14,31922,100
562,2026-05-18 16:54:11.862639,2026/05/18 16:54:12.088,2,NVIDIA A100-SXM-64GB,105.38,31912,100
563,2026-05-18 16:54:11.862639,2026/05/18 16:54:12.091,3,NVIDIA A100-SXM-64GB,109.49,31846,100
564,2026-05-18 16:54:17.180379,2026/05/18 16:54:17.352,0,NVIDIA A100-SXM-64GB,102.69,31904,100
565,2026-05-18 16:54:17.180379,2026/05/18 16:54:17.391,1,NVIDIA A100-SXM-64GB,138.80,31922,100
566,2026-05-18 16:54:17.180379,2026/05/18 16:54:17.394,2,NVIDIA A100-SXM-64GB,108.01,31912,100
567,2026-05-18 16:54:17.180379,2026/05/18 16:54:17.441,3,NVIDIA A100-SXM-64GB,137.74,31846,100
568,2026-05-18 16:54:22.500952,2026/05/18 16:54:22.672,0,NVIDIA A100-SXM-64GB,108.23,31904,100
569,2026-05-18 16:54:22.500952,2026/05/18 16:54:22.719,1,NVIDIA A100-SXM-64GB,110.42,31922,100
570,2026-05-18 16:54:22.500952,2026/05/18 16:54:22.722,2,NVIDIA A100-SXM-64GB,107.29,31912,100
571,2026-05-18 16:54:22.500952,2026/05/18 16:54:22.773,3,NVIDIA A100-SXM-64GB,110.03,31846,100
572,2026-05-18 16:54:27.818681,2026/05/18 16:54:28.039,0,NVIDIA A100-SXM-64GB,96.92,31904,41
573,2026-05-18 16:54:27.818681,2026/05/18 16:54:28.042,1,NVIDIA A100-SXM-64GB,112.88,31922,77
574,2026-05-18 16:54:27.818681,2026/05/18 16:54:28.082,2,NVIDIA A100-SXM-64GB,104.50,31912,99
575,2026-05-18 16:54:27.818681,2026/05/18 16:54:28.084,3,NVIDIA A100-SXM-64GB,114.31,31846,42
576,2026-05-18 16:54:33.145719,2026/05/18 16:54:33.317,0,NVIDIA A100-SXM-64GB,113.72,31904,100
577,2026-05-18 16:54:33.145719,2026/05/18 16:54:33.345,1,NVIDIA A100-SXM-64GB,99.84,31922,100
578,2026-05-18 16:54:33.145719,2026/05/18 16:54:33.347,2,NVIDIA A100-SXM-64GB,105.87,31912,100
579,2026-05-18 16:54:33.145719,2026/05/18 16:54:33.398,3,NVIDIA A100-SXM-64GB,114.43,31846,100
580,2026-05-18 16:54:38.438822,2026/05/18 16:54:38.607,0,NVIDIA A100-SXM-64GB,106.20,31904,100
581,2026-05-18 16:54:38.438822,2026/05/18 16:54:38.610,1,NVIDIA A100-SXM-64GB,102.08,31922,100
582,2026-05-18 16:54:38.438822,2026/05/18 16:54:38.692,2,NVIDIA A100-SXM-64GB,101.87,31912,100
583,2026-05-18 16:54:38.438822,2026/05/18 16:54:38.694,3,NVIDIA A100-SXM-64GB,105.87,31846,100
584,2026-05-18 16:54:43.747767,2026/05/18 16:54:43.914,0,NVIDIA A100-SXM-64GB,113.84,31904,100
585,2026-05-18 16:54:43.747767,2026/05/18 16:54:43.953,1,NVIDIA A100-SXM-64GB,96.92,31922,100
586,2026-05-18 16:54:43.747767,2026/05/18 16:54:43.956,2,NVIDIA A100-SXM-64GB,100.44,31912,100
587,2026-05-18 16:54:43.747767,2026/05/18 16:54:43.966,3,NVIDIA A100-SXM-64GB,97.00,31846,100
588,2026-05-18 16:54:49.049288,2026/05/18 16:54:49.219,0,NVIDIA A100-SXM-64GB,91.80,31904,100
589,2026-05-18 16:54:49.049288,2026/05/18 16:54:49.222,1,NVIDIA A100-SXM-64GB,94.95,31922,100
590,2026-05-18 16:54:49.049288,2026/05/18 16:54:49.229,2,NVIDIA A100-SXM-64GB,91.28,31912,100
591,2026-05-18 16:54:49.049288,2026/05/18 16:54:49.287,3,NVIDIA A100-SXM-64GB,95.69,31846,100
592,2026-05-18 16:54:54.365005,2026/05/18 16:54:54.539,0,NVIDIA A100-SXM-64GB,91.38,31904,100
593,2026-05-18 16:54:54.365005,2026/05/18 16:54:54.567,1,NVIDIA A100-SXM-64GB,141.88,31922,100
594,2026-05-18 16:54:54.365005,2026/05/18 16:54:54.605,2,NVIDIA A100-SXM-64GB,108.89,31912,100
595,2026-05-18 16:54:54.365005,2026/05/18 16:54:54.608,3,NVIDIA A100-SXM-64GB,146.87,31846,100
596,2026-05-18 16:54:59.701997,2026/05/18 16:54:59.882,0,NVIDIA A100-SXM-64GB,112.79,31904,96
597,2026-05-18 16:54:59.701997,2026/05/18 16:54:59.885,1,NVIDIA A100-SXM-64GB,103.84,31922,95
598,2026-05-18 16:54:59.701997,2026/05/18 16:54:59.935,2,NVIDIA A100-SXM-64GB,100.06,31912,93
599,2026-05-18 16:54:59.701997,2026/05/18 16:54:59.938,3,NVIDIA A100-SXM-64GB,106.04,31846,92
600,2026-05-18 16:55:05.044986,2026/05/18 16:55:05.161,0,NVIDIA A100-SXM-64GB,73.51,31904,0
601,2026-05-18 16:55:05.044986,2026/05/18 16:55:05.164,1,NVIDIA A100-SXM-64GB,77.65,31922,0
602,2026-05-18 16:55:05.044986,2026/05/18 16:55:05.177,2,NVIDIA A100-SXM-64GB,73.56,31912,0
603,2026-05-18 16:55:05.044986,2026/05/18 16:55:05.185,3,NVIDIA A100-SXM-64GB,77.23,31846,0
604,2026-05-18 16:55:10.240571,2026/05/18 16:55:10.416,0,NVIDIA A100-SXM-64GB,91.71,31904,100
605,2026-05-18 16:55:10.240571,2026/05/18 16:55:10.419,1,NVIDIA A100-SXM-64GB,95.39,31922,100
606,2026-05-18 16:55:10.240571,2026/05/18 16:55:10.490,2,NVIDIA A100-SXM-64GB,91.52,31912,100
607,2026-05-18 16:55:10.240571,2026/05/18 16:55:10.501,3,NVIDIA A100-SXM-64GB,95.79,31846,100
608,2026-05-18 16:55:15.589911,2026/05/18 16:55:15.760,0,NVIDIA A100-SXM-64GB,109.23,31904,100
609,2026-05-18 16:55:15.589911,2026/05/18 16:55:15.763,1,NVIDIA A100-SXM-64GB,129.05,31922,100
610,2026-05-18 16:55:15.589911,2026/05/18 16:55:15.806,2,NVIDIA A100-SXM-64GB,109.49,31912,100
611,2026-05-18 16:55:15.589911,2026/05/18 16:55:15.837,3,NVIDIA A100-SXM-64GB,128.59,31846,100
612,2026-05-18 16:55:20.928306,2026/05/18 16:55:21.107,0,NVIDIA A100-SXM-64GB,111.25,31904,100
613,2026-05-18 16:55:20.928306,2026/05/18 16:55:21.147,1,NVIDIA A100-SXM-64GB,102.31,31922,100
614,2026-05-18 16:55:20.928306,2026/05/18 16:55:21.150,2,NVIDIA A100-SXM-64GB,105.16,31912,100
615,2026-05-18 16:55:20.928306,2026/05/18 16:55:21.200,3,NVIDIA A100-SXM-64GB,106.97,31846,100
616,2026-05-18 16:55:26.245166,2026/05/18 16:55:26.429,0,NVIDIA A100-SXM-64GB,91.71,31904,100
617,2026-05-18 16:55:26.245166,2026/05/18 16:55:26.432,1,NVIDIA A100-SXM-64GB,94.95,31922,100
618,2026-05-18 16:55:26.245166,2026/05/18 16:55:26.490,2,NVIDIA A100-SXM-64GB,91.19,31912,100
619,2026-05-18 16:55:26.245166,2026/05/18 16:55:26.493,3,NVIDIA A100-SXM-64GB,95.69,31846,100
620,2026-05-18 16:55:31.607242,2026/05/18 16:55:31.782,0,NVIDIA A100-SXM-64GB,101.48,31904,100
621,2026-05-18 16:55:31.607242,2026/05/18 16:55:31.785,1,NVIDIA A100-SXM-64GB,124.31,31922,100
622,2026-05-18 16:55:31.607242,2026/05/18 16:55:31.797,2,NVIDIA A100-SXM-64GB,104.61,31912,100
623,2026-05-18 16:55:31.607242,2026/05/18 16:55:31.821,3,NVIDIA A100-SXM-64GB,105.27,31846,100
624,2026-05-18 16:55:36.932093,2026/05/18 16:55:37.122,0,NVIDIA A100-SXM-64GB,106.70,31904,100
625,2026-05-18 16:55:36.932093,2026/05/18 16:55:37.125,1,NVIDIA A100-SXM-64GB,107.68,31922,100
626,2026-05-18 16:55:36.932093,2026/05/18 16:55:37.176,2,NVIDIA A100-SXM-64GB,94.86,31912,100
627,2026-05-18 16:55:36.932093,2026/05/18 16:55:37.179,3,NVIDIA A100-SXM-64GB,108.17,31846,100
628,2026-05-18 16:55:42.287443,2026/05/18 16:55:42.453,0,NVIDIA A100-SXM-64GB,105.87,31904,100
629,2026-05-18 16:55:42.287443,2026/05/18 16:55:42.459,1,NVIDIA A100-SXM-64GB,104.12,31922,98
630,2026-05-18 16:55:42.287443,2026/05/18 16:55:42.509,2,NVIDIA A100-SXM-64GB,105.54,31912,94
631,2026-05-18 16:55:42.287443,2026/05/18 16:55:42.549,3,NVIDIA A100-SXM-64GB,108.17,31846,87
632,2026-05-18 16:55:47.627303,2026/05/18 16:55:47.807,0,NVIDIA A100-SXM-64GB,102.69,31904,100
633,2026-05-18 16:55:47.627303,2026/05/18 16:55:47.842,1,NVIDIA A100-SXM-64GB,117.29,31922,100
634,2026-05-18 16:55:47.627303,2026/05/18 16:55:47.845,2,NVIDIA A100-SXM-64GB,97.93,31912,100
635,2026-05-18 16:55:47.627303,2026/05/18 16:55:47.905,3,NVIDIA A100-SXM-64GB,110.64,31846,100
636,2026-05-18 16:55:52.981720,2026/05/18 16:55:53.163,0,NVIDIA A100-SXM-64GB,105.76,31904,100
637,2026-05-18 16:55:52.981720,2026/05/18 16:55:53.209,1,NVIDIA A100-SXM-64GB,105.05,31922,100
638,2026-05-18 16:55:52.981720,2026/05/18 16:55:53.270,2,NVIDIA A100-SXM-64GB,104.01,31912,100
639,2026-05-18 16:55:52.981720,2026/05/18 16:55:53.273,3,NVIDIA A100-SXM-64GB,104.34,31846,100
640,2026-05-18 16:55:58.346003,2026/05/18 16:55:58.523,0,NVIDIA A100-SXM-64GB,104.06,31904,100
641,2026-05-18 16:55:58.346003,2026/05/18 16:55:58.578,1,NVIDIA A100-SXM-64GB,131.60,31922,100
642,2026-05-18 16:55:58.346003,2026/05/18 16:55:58.581,2,NVIDIA A100-SXM-64GB,110.42,31912,100
643,2026-05-18 16:55:58.346003,2026/05/18 16:55:58.640,3,NVIDIA A100-SXM-64GB,147.81,31846,100
644,2026-05-18 16:56:03.690896,2026/05/18 16:56:03.879,0,NVIDIA A100-SXM-64GB,94.88,31904,100
645,2026-05-18 16:56:03.690896,2026/05/18 16:56:03.882,1,NVIDIA A100-SXM-64GB,109.44,31922,100
646,2026-05-18 16:56:03.690896,2026/05/18 16:56:03.892,2,NVIDIA A100-SXM-64GB,106.15,31912,100
647,2026-05-18 16:56:03.690896,2026/05/18 16:56:03.948,3,NVIDIA A100-SXM-64GB,90.22,31846,100
648,2026-05-18 16:56:09.029570,2026/05/18 16:56:09.201,0,NVIDIA A100-SXM-64GB,98.73,31904,92
649,2026-05-18 16:56:09.029570,2026/05/18 16:56:09.204,1,NVIDIA A100-SXM-64GB,106.59,31922,88
650,2026-05-18 16:56:09.029570,2026/05/18 16:56:09.215,2,NVIDIA A100-SXM-64GB,95.96,31912,65
651,2026-05-18 16:56:09.029570,2026/05/18 16:56:09.274,3,NVIDIA A100-SXM-64GB,102.70,31846,92
652,2026-05-18 16:56:14.352337,2026/05/18 16:56:14.527,0,NVIDIA A100-SXM-64GB,94.18,31904,100
653,2026-05-18 16:56:14.352337,2026/05/18 16:56:14.530,1,NVIDIA A100-SXM-64GB,106.86,31922,100
654,2026-05-18 16:56:14.352337,2026/05/18 16:56:14.572,2,NVIDIA A100-SXM-64GB,108.01,31912,100
655,2026-05-18 16:56:14.352337,2026/05/18 16:56:14.619,3,NVIDIA A100-SXM-64GB,100.06,31846,100
656,2026-05-18 16:56:19.685484,2026/05/18 16:56:19.862,0,NVIDIA A100-SXM-64GB,104.93,31904,100
657,2026-05-18 16:56:19.685484,2026/05/18 16:56:19.865,1,NVIDIA A100-SXM-64GB,105.76,31922,100
658,2026-05-18 16:56:19.685484,2026/05/18 16:56:19.874,2,NVIDIA A100-SXM-64GB,103.84,31912,100
659,2026-05-18 16:56:19.685484,2026/05/18 16:56:19.932,3,NVIDIA A100-SXM-64GB,111.02,31846,100
660,2026-05-18 16:56:24.981149,2026/05/18 16:56:25.176,0,NVIDIA A100-SXM-64GB,103.62,31904,100
661,2026-05-18 16:56:24.981149,2026/05/18 16:56:25.180,1,NVIDIA A100-SXM-64GB,125.98,31922,100
662,2026-05-18 16:56:24.981149,2026/05/18 16:56:25.277,2,NVIDIA A100-SXM-64GB,103.02,31912,100
663,2026-05-18 16:56:24.981149,2026/05/18 16:56:25.280,3,NVIDIA A100-SXM-64GB,109.49,31846,100
664,2026-05-18 16:56:30.363989,2026/05/18 16:56:30.544,0,NVIDIA A100-SXM-64GB,104.66,31904,100
665,2026-05-18 16:56:30.363989,2026/05/18 16:56:30.570,1,NVIDIA A100-SXM-64GB,112.79,31922,100
666,2026-05-18 16:56:30.363989,2026/05/18 16:56:30.573,2,NVIDIA A100-SXM-64GB,106.15,31912,100
667,2026-05-18 16:56:30.363989,2026/05/18 16:56:30.622,3,NVIDIA A100-SXM-64GB,106.97,31846,100
668,2026-05-18 16:56:35.699759,2026/05/18 16:56:35.870,0,NVIDIA A100-SXM-64GB,99.33,31904,97
669,2026-05-18 16:56:35.699759,2026/05/18 16:56:35.873,1,NVIDIA A100-SXM-64GB,107.68,31922,62
670,2026-05-18 16:56:35.699759,2026/05/18 16:56:35.879,2,NVIDIA A100-SXM-64GB,100.89,31912,100
671,2026-05-18 16:56:35.699759,2026/05/18 16:56:35.940,3,NVIDIA A100-SXM-64GB,114.79,31846,100
672,2026-05-18 16:56:41.021666,2026/05/18 16:56:41.199,0,NVIDIA A100-SXM-64GB,98.73,31904,100
673,2026-05-18 16:56:41.021666,2026/05/18 16:56:41.202,1,NVIDIA A100-SXM-64GB,101.97,31922,100
674,2026-05-18 16:56:41.021666,2026/05/18 16:56:41.206,2,NVIDIA A100-SXM-64GB,103.84,31912,100
675,2026-05-18 16:56:41.021666,2026/05/18 16:56:41.289,3,NVIDIA A100-SXM-64GB,106.26,31846,100
676,2026-05-18 16:56:46.339346,2026/05/18 16:56:46.513,0,NVIDIA A100-SXM-64GB,98.51,31904,97
677,2026-05-18 16:56:46.339346,2026/05/18 16:56:46.516,1,NVIDIA A100-SXM-64GB,97.80,31922,100
678,2026-05-18 16:56:46.339346,2026/05/18 16:56:46.560,2,NVIDIA A100-SXM-64GB,104.01,31912,100
679,2026-05-18 16:56:46.339346,2026/05/18 16:56:46.563,3,NVIDIA A100-SXM-64GB,104.34,31846,100
680,2026-05-18 16:56:51.642421,2026/05/18 16:56:51.761,0,NVIDIA A100-SXM-64GB,101.70,31904,75
681,2026-05-18 16:56:51.642421,2026/05/18 16:56:51.784,1,NVIDIA A100-SXM-64GB,91.94,31922,100
682,2026-05-18 16:56:51.642421,2026/05/18 16:56:51.836,2,NVIDIA A100-SXM-64GB,93.98,31912,77
683,2026-05-18 16:56:51.642421,2026/05/18 16:56:51.839,3,NVIDIA A100-SXM-64GB,87.48,31846,100
684,2026-05-18 16:56:56.907856,2026/05/18 16:56:57.082,0,NVIDIA A100-SXM-64GB,96.69,31904,100
685,2026-05-18 16:56:56.907856,2026/05/18 16:56:57.085,1,NVIDIA A100-SXM-64GB,97.52,31922,100
686,2026-05-18 16:56:56.907856,2026/05/18 16:56:57.097,2,NVIDIA A100-SXM-64GB,105.38,31912,100
687,2026-05-18 16:56:56.907856,2026/05/18 16:56:57.169,3,NVIDIA A100-SXM-64GB,111.46,31846,100
688,2026-05-18 16:57:02.238333,2026/05/18 16:57:02.416,0,NVIDIA A100-SXM-64GB,100.04,31904,100
689,2026-05-18 16:57:02.238333,2026/05/18 16:57:02.419,1,NVIDIA A100-SXM-64GB,102.69,31922,100
690,2026-05-18 16:57:02.238333,2026/05/18 16:57:02.421,2,NVIDIA A100-SXM-64GB,102.48,31912,100
691,2026-05-18 16:57:02.238333,2026/05/18 16:57:02.442,3,NVIDIA A100-SXM-64GB,108.28,31846,100
692,2026-05-18 16:57:07.557241,2026/05/18 16:57:07.733,0,NVIDIA A100-SXM-64GB,105.16,31904,100
693,2026-05-18 16:57:07.557241,2026/05/18 16:57:07.736,1,NVIDIA A100-SXM-64GB,127.19,31922,100
694,2026-05-18 16:57:07.557241,2026/05/18 16:57:07.753,2,NVIDIA A100-SXM-64GB,108.17,31912,100
695,2026-05-18 16:57:07.557241,2026/05/18 16:57:07.798,3,NVIDIA A100-SXM-64GB,110.31,31846,100
696,2026-05-18 16:57:12.914813,2026/05/18 16:57:13.136,0,NVIDIA A100-SXM-64GB,105.16,31904,100
697,2026-05-18 16:57:12.914813,2026/05/18 16:57:13.139,1,NVIDIA A100-SXM-64GB,105.87,31922,100
698,2026-05-18 16:57:12.914813,2026/05/18 16:57:13.199,2,NVIDIA A100-SXM-64GB,108.01,31912,100
699,2026-05-18 16:57:12.914813,2026/05/18 16:57:13.202,3,NVIDIA A100-SXM-64GB,111.84,31846,100
700,2026-05-18 16:57:18.306741,2026/05/18 16:57:18.477,0,NVIDIA A100-SXM-64GB,108.51,31904,83
701,2026-05-18 16:57:18.306741,2026/05/18 16:57:18.480,1,NVIDIA A100-SXM-64GB,116.68,31922,100
702,2026-05-18 16:57:18.306741,2026/05/18 16:57:18.493,2,NVIDIA A100-SXM-64GB,108.89,31912,97
703,2026-05-18 16:57:18.306741,2026/05/18 16:57:18.524,3,NVIDIA A100-SXM-64GB,112.56,31846,100
704,2026-05-18 16:57:23.612059,2026/05/18 16:57:23.784,0,NVIDIA A100-SXM-64GB,97.90,31904,100
705,2026-05-18 16:57:23.612059,2026/05/18 16:57:23.828,1,NVIDIA A100-SXM-64GB,97.70,31922,100
706,2026-05-18 16:57:23.612059,2026/05/18 16:57:23.831,2,NVIDIA A100-SXM-64GB,98.53,31912,100
707,2026-05-18 16:57:23.612059,2026/05/18 16:57:23.872,3,NVIDIA A100-SXM-64GB,108.50,31846,100
708,2026-05-18 16:57:28.946544,2026/05/18 16:57:29.118,0,NVIDIA A100-SXM-64GB,104.33,31904,100
709,2026-05-18 16:57:28.946544,2026/05/18 16:57:29.121,1,NVIDIA A100-SXM-64GB,110.98,31922,100
710,2026-05-18 16:57:28.946544,2026/05/18 16:57:29.124,2,NVIDIA A100-SXM-64GB,101.37,31912,100
711,2026-05-18 16:57:28.946544,2026/05/18 16:57:29.147,3,NVIDIA A100-SXM-64GB,111.96,31846,100
712,2026-05-18 16:57:34.259337,2026/05/18 16:57:34.446,0,NVIDIA A100-SXM-64GB,103.01,31904,100
713,2026-05-18 16:57:34.259337,2026/05/18 16:57:34.489,1,NVIDIA A100-SXM-64GB,108.61,31922,100
714,2026-05-18 16:57:34.259337,2026/05/18 16:57:34.546,2,NVIDIA A100-SXM-64GB,104.61,31912,100
715,2026-05-18 16:57:34.259337,2026/05/18 16:57:34.548,3,NVIDIA A100-SXM-64GB,110.64,31846,100
716,2026-05-18 16:57:39.647234,2026/05/18 16:57:39.828,0,NVIDIA A100-SXM-64GB,105.16,31904,89
717,2026-05-18 16:57:39.647234,2026/05/18 16:57:39.868,1,NVIDIA A100-SXM-64GB,108.72,31922,100
718,2026-05-18 16:57:39.647234,2026/05/18 16:57:39.914,2,NVIDIA A100-SXM-64GB,106.97,31912,100
719,2026-05-18 16:57:39.647234,2026/05/18 16:57:39.917,3,NVIDIA A100-SXM-64GB,103.30,31846,100
720,2026-05-18 16:57:45.063292,2026/05/18 16:57:45.217,0,NVIDIA A100-SXM-64GB,97.80,31904,84
721,2026-05-18 16:57:45.063292,2026/05/18 16:57:45.223,1,NVIDIA A100-SXM-64GB,97.70,31922,91
722,2026-05-18 16:57:45.063292,2026/05/18 16:57:45.285,2,NVIDIA A100-SXM-64GB,86.92,31912,100
723,2026-05-18 16:57:45.063292,2026/05/18 16:57:45.288,3,NVIDIA A100-SXM-64GB,98.53,31846,85
724,2026-05-18 16:57:50.378698,2026/05/18 16:57:50.559,0,NVIDIA A100-SXM-64GB,105.49,31904,100
725,2026-05-18 16:57:50.378698,2026/05/18 16:57:50.562,1,NVIDIA A100-SXM-64GB,108.72,31922,100
726,2026-05-18 16:57:50.378698,2026/05/18 16:57:50.568,2,NVIDIA A100-SXM-64GB,95.19,31912,100
727,2026-05-18 16:57:50.378698,2026/05/18 16:57:50.599,3,NVIDIA A100-SXM-64GB,103.74,31846,100
728,2026-05-18 16:57:55.674457,2026/05/18 16:57:55.855,0,NVIDIA A100-SXM-64GB,96.08,31904,100
729,2026-05-18 16:57:55.674457,2026/05/18 16:57:55.858,1,NVIDIA A100-SXM-64GB,101.97,31922,100
730,2026-05-18 16:57:55.674457,2026/05/18 16:57:55.869,2,NVIDIA A100-SXM-64GB,107.40,31912,100
731,2026-05-18 16:57:55.674457,2026/05/18 16:57:55.920,3,NVIDIA A100-SXM-64GB,111.02,31846,100
732,2026-05-18 16:58:01.006946,2026/05/18 16:58:01.182,0,NVIDIA A100-SXM-64GB,136.68,31904,100
733,2026-05-18 16:58:01.006946,2026/05/18 16:58:01.185,1,NVIDIA A100-SXM-64GB,108.61,31922,100
734,2026-05-18 16:58:01.006946,2026/05/18 16:58:01.224,2,NVIDIA A100-SXM-64GB,114.31,31912,100
735,2026-05-18 16:58:01.006946,2026/05/18 16:58:01.227,3,NVIDIA A100-SXM-64GB,97.32,31846,100
736,2026-05-18 16:58:06.297011,2026/05/18 16:58:06.474,0,NVIDIA A100-SXM-64GB,116.47,31904,100
737,2026-05-18 16:58:06.297011,2026/05/18 16:58:06.477,1,NVIDIA A100-SXM-64GB,105.98,31922,100
738,2026-05-18 16:58:06.297011,2026/05/18 16:58:06.521,2,NVIDIA A100-SXM-64GB,101.87,31912,100
739,2026-05-18 16:58:06.297011,2026/05/18 16:58:06.524,3,NVIDIA A100-SXM-64GB,106.97,31846,100
740,2026-05-18 16:58:11.622262,2026/05/18 16:58:11.801,0,NVIDIA A100-SXM-64GB,93.51,31904,100
741,2026-05-18 16:58:11.622262,2026/05/18 16:58:11.804,1,NVIDIA A100-SXM-64GB,106.59,31922,100
742,2026-05-18 16:58:11.622262,2026/05/18 16:58:11.812,2,NVIDIA A100-SXM-64GB,104.01,31912,100
743,2026-05-18 16:58:11.622262,2026/05/18 16:58:11.886,3,NVIDIA A100-SXM-64GB,103.13,31846,100
744,2026-05-18 16:58:16.957371,2026/05/18 16:58:17.133,0,NVIDIA A100-SXM-64GB,100.54,31904,100
745,2026-05-18 16:58:16.957371,2026/05/18 16:58:17.136,1,NVIDIA A100-SXM-64GB,105.65,31922,100
746,2026-05-18 16:58:16.957371,2026/05/18 16:58:17.149,2,NVIDIA A100-SXM-64GB,107.40,31912,100
747,2026-05-18 16:58:16.957371,2026/05/18 16:58:17.211,3,NVIDIA A100-SXM-64GB,156.51,31846,100
748,2026-05-18 16:58:22.305817,2026/05/18 16:58:22.535,0,NVIDIA A100-SXM-64GB,96.92,31904,100
749,2026-05-18 16:58:22.305817,2026/05/18 16:58:22.538,1,NVIDIA A100-SXM-64GB,105.65,31922,100
750,2026-05-18 16:58:22.305817,2026/05/18 16:58:22.588,2,NVIDIA A100-SXM-64GB,115.62,31912,100
751,2026-05-18 16:58:22.305817,2026/05/18 16:58:22.591,3,NVIDIA A100-SXM-64GB,106.15,31846,100
752,2026-05-18 16:58:27.678863,2026/05/18 16:58:27.848,0,NVIDIA A100-SXM-64GB,110.65,31904,100
753,2026-05-18 16:58:27.678863,2026/05/18 16:58:27.851,1,NVIDIA A100-SXM-64GB,105.98,31922,65
754,2026-05-18 16:58:27.678863,2026/05/18 16:58:27.862,2,NVIDIA A100-SXM-64GB,101.27,31912,98
755,2026-05-18 16:58:27.678863,2026/05/18 16:58:27.919,3,NVIDIA A100-SXM-64GB,108.50,31846,86
756,2026-05-18 16:58:32.998851,2026/05/18 16:58:33.179,0,NVIDIA A100-SXM-64GB,93.01,31904,100
757,2026-05-18 16:58:32.998851,2026/05/18 16:58:33.182,1,NVIDIA A100-SXM-64GB,96.49,31922,100
758,2026-05-18 16:58:32.998851,2026/05/18 16:58:33.234,2,NVIDIA A100-SXM-64GB,93.98,31912,100
759,2026-05-18 16:58:32.998851,2026/05/18 16:58:33.287,3,NVIDIA A100-SXM-64GB,106.64,31846,100
760,2026-05-18 16:58:38.365827,2026/05/18 16:58:38.542,0,NVIDIA A100-SXM-64GB,107.30,31904,100
761,2026-05-18 16:58:38.365827,2026/05/18 16:58:38.588,1,NVIDIA A100-SXM-64GB,102.20,31922,100
762,2026-05-18 16:58:38.365827,2026/05/18 16:58:38.591,2,NVIDIA A100-SXM-64GB,103.41,31912,100
763,2026-05-18 16:58:38.365827,2026/05/18 16:58:38.636,3,NVIDIA A100-SXM-64GB,109.11,31846,100
764,2026-05-18 16:58:43.682450,2026/05/18 16:58:43.863,0,NVIDIA A100-SXM-64GB,97.80,31904,100
765,2026-05-18 16:58:43.682450,2026/05/18 16:58:43.889,1,NVIDIA A100-SXM-64GB,104.44,31922,100
766,2026-05-18 16:58:43.682450,2026/05/18 16:58:43.892,2,NVIDIA A100-SXM-64GB,105.16,31912,100
767,2026-05-18 16:58:43.682450,2026/05/18 16:58:43.958,3,NVIDIA A100-SXM-64GB,110.91,31846,100
768,2026-05-18 16:58:49.055891,2026/05/18 16:58:49.241,0,NVIDIA A100-SXM-64GB,105.49,31904,100
769,2026-05-18 16:58:49.055891,2026/05/18 16:58:49.290,1,NVIDIA A100-SXM-64GB,106.26,31922,100
770,2026-05-18 16:58:49.055891,2026/05/18 16:58:49.293,2,NVIDIA A100-SXM-64GB,100.34,31912,100
771,2026-05-18 16:58:49.055891,2026/05/18 16:58:49.355,3,NVIDIA A100-SXM-64GB,110.91,31846,100
772,2026-05-18 16:58:54.399212,2026/05/18 16:58:54.599,0,NVIDIA A100-SXM-64GB,107.08,31904,31
773,2026-05-18 16:58:54.399212,2026/05/18 16:58:54.602,1,NVIDIA A100-SXM-64GB,113.88,31922,69
774,2026-05-18 16:58:54.399212,2026/05/18 16:58:54.604,2,NVIDIA A100-SXM-64GB,92.12,31912,50
775,2026-05-18 16:58:54.399212,2026/05/18 16:58:54.664,3,NVIDIA A100-SXM-64GB,113.37,31846,69
776,2026-05-18 16:58:59.704993,2026/05/18 16:58:59.888,0,NVIDIA A100-SXM-64GB,99.33,31904,100
777,2026-05-18 16:58:59.704993,2026/05/18 16:58:59.891,1,NVIDIA A100-SXM-64GB,103.24,31922,100
778,2026-05-18 16:58:59.704993,2026/05/18 16:58:59.894,2,NVIDIA A100-SXM-64GB,98.20,31912,100
779,2026-05-18 16:58:59.704993,2026/05/18 16:58:59.915,3,NVIDIA A100-SXM-64GB,109.11,31846,100
780,2026-05-18 16:59:04.994805,2026/05/18 16:59:05.173,0,NVIDIA A100-SXM-64GB,99.67,31904,100
781,2026-05-18 16:59:04.994805,2026/05/18 16:59:05.176,1,NVIDIA A100-SXM-64GB,105.05,31922,100
782,2026-05-18 16:59:04.994805,2026/05/18 16:59:05.212,2,NVIDIA A100-SXM-64GB,101.00,31912,100
783,2026-05-18 16:59:04.994805,2026/05/18 16:59:05.215,3,NVIDIA A100-SXM-64GB,113.05,31846,100
784,2026-05-18 16:59:10.284649,2026/05/18 16:59:10.454,0,NVIDIA A100-SXM-64GB,93.01,31904,100
785,2026-05-18 16:59:10.284649,2026/05/18 16:59:10.486,1,NVIDIA A100-SXM-64GB,96.82,31922,100
786,2026-05-18 16:59:10.284649,2026/05/18 16:59:10.489,2,NVIDIA A100-SXM-64GB,92.72,31912,100
787,2026-05-18 16:59:10.284649,2026/05/18 16:59:10.534,3,NVIDIA A100-SXM-64GB,103.02,31846,100
788,2026-05-18 16:59:15.590057,2026/05/18 16:59:15.772,0,NVIDIA A100-SXM-64GB,92.13,31904,100
789,2026-05-18 16:59:15.590057,2026/05/18 16:59:15.774,1,NVIDIA A100-SXM-64GB,95.66,31922,100
790,2026-05-18 16:59:15.590057,2026/05/18 16:59:15.816,2,NVIDIA A100-SXM-64GB,91.84,31912,100
791,2026-05-18 16:59:15.590057,2026/05/18 16:59:15.819,3,NVIDIA A100-SXM-64GB,95.96,31846,100
792,2026-05-18 16:59:20.921420,2026/05/18 16:59:21.088,0,NVIDIA A100-SXM-64GB,91.80,31904,100
793,2026-05-18 16:59:20.921420,2026/05/18 16:59:21.090,1,NVIDIA A100-SXM-64GB,95.56,31922,100
794,2026-05-18 16:59:20.921420,2026/05/18 16:59:21.130,2,NVIDIA A100-SXM-64GB,91.52,31912,100
795,2026-05-18 16:59:20.921420,2026/05/18 16:59:21.133,3,NVIDIA A100-SXM-64GB,96.06,31846,100
796,2026-05-18 16:59:26.193935,2026/05/18 16:59:26.369,0,NVIDIA A100-SXM-64GB,91.80,31904,100
797,2026-05-18 16:59:26.193935,2026/05/18 16:59:26.372,1,NVIDIA A100-SXM-64GB,95.29,31922,100
798,2026-05-18 16:59:26.193935,2026/05/18 16:59:26.418,2,NVIDIA A100-SXM-64GB,91.42,31912,100
799,2026-05-18 16:59:26.193935,2026/05/18 16:59:26.420,3,NVIDIA A100-SXM-64GB,95.96,31846,100
800,2026-05-18 16:59:31.522987,2026/05/18 16:59:31.760,0,NVIDIA A100-SXM-64GB,99.06,31904,100
801,2026-05-18 16:59:31.522987,2026/05/18 16:59:31.763,1,NVIDIA A100-SXM-64GB,108.12,31922,100
802,2026-05-18 16:59:31.522987,2026/05/18 16:59:31.798,2,NVIDIA A100-SXM-64GB,101.60,31912,100
803,2026-05-18 16:59:31.522987,2026/05/18 16:59:31.819,3,NVIDIA A100-SXM-64GB,109.38,31846,100
804,2026-05-18 16:59:36.863273,2026/05/18 16:59:36.982,0,NVIDIA A100-SXM-64GB,73.71,31904,0
805,2026-05-18 16:59:36.863273,2026/05/18 16:59:36.986,1,NVIDIA A100-SXM-64GB,78.50,31922,0
806,2026-05-18 16:59:36.863273,2026/05/18 16:59:37.025,2,NVIDIA A100-SXM-64GB,73.82,31912,0
807,2026-05-18 16:59:36.863273,2026/05/18 16:59:37.071,3,NVIDIA A100-SXM-64GB,77.08,31846,0
808,2026-05-18 16:59:42.187120,2026/05/18 16:59:42.360,0,NVIDIA A100-SXM-64GB,120.88,31904,100
809,2026-05-18 16:59:42.187120,2026/05/18 16:59:42.393,1,NVIDIA A100-SXM-64GB,142.62,31922,100
810,2026-05-18 16:59:42.187120,2026/05/18 16:59:42.396,2,NVIDIA A100-SXM-64GB,136.67,31912,100
811,2026-05-18 16:59:42.187120,2026/05/18 16:59:42.477,3,NVIDIA A100-SXM-64GB,113.49,31846,100
812,2026-05-18 16:59:47.523140,2026/05/18 16:59:47.698,0,NVIDIA A100-SXM-64GB,91.80,31904,100
813,2026-05-18 16:59:47.523140,2026/05/18 16:59:47.737,1,NVIDIA A100-SXM-64GB,95.99,31922,100
814,2026-05-18 16:59:47.523140,2026/05/18 16:59:47.740,2,NVIDIA A100-SXM-64GB,91.94,31912,100
815,2026-05-18 16:59:47.523140,2026/05/18 16:59:47.792,3,NVIDIA A100-SXM-64GB,96.16,31846,100
816,2026-05-18 16:59:52.866443,2026/05/18 16:59:53.046,0,NVIDIA A100-SXM-64GB,91.89,31904,100
817,2026-05-18 16:59:52.866443,2026/05/18 16:59:53.049,1,NVIDIA A100-SXM-64GB,95.39,31922,100
818,2026-05-18 16:59:52.866443,2026/05/18 16:59:53.052,2,NVIDIA A100-SXM-64GB,91.61,31912,100
819,2026-05-18 16:59:52.866443,2026/05/18 16:59:53.135,3,NVIDIA A100-SXM-64GB,95.89,31846,100
820,2026-05-18 16:59:58.185134,2026/05/18 16:59:58.360,0,NVIDIA A100-SXM-64GB,107.74,31904,100
821,2026-05-18 16:59:58.185134,2026/05/18 16:59:58.386,1,NVIDIA A100-SXM-64GB,141.09,31922,100
822,2026-05-18 16:59:58.185134,2026/05/18 16:59:58.389,2,NVIDIA A100-SXM-64GB,108.28,31912,100
823,2026-05-18 16:59:58.185134,2026/05/18 16:59:58.448,3,NVIDIA A100-SXM-64GB,98.20,31846,100
824,2026-05-18 17:00:03.494891,2026/05/18 17:00:03.674,0,NVIDIA A100-SXM-64GB,106.48,31904,100
825,2026-05-18 17:00:03.494891,2026/05/18 17:00:03.677,1,NVIDIA A100-SXM-64GB,103.34,31922,100
826,2026-05-18 17:00:03.494891,2026/05/18 17:00:03.738,2,NVIDIA A100-SXM-64GB,98.63,31912,100
827,2026-05-18 17:00:03.494891,2026/05/18 17:00:03.741,3,NVIDIA A100-SXM-64GB,105.98,31846,100
828,2026-05-18 17:00:08.838839,2026/05/18 17:00:09.023,0,NVIDIA A100-SXM-64GB,108.94,31904,100
829,2026-05-18 17:00:08.838839,2026/05/18 17:00:09.053,1,NVIDIA A100-SXM-64GB,111.25,31922,100
830,2026-05-18 17:00:08.838839,2026/05/18 17:00:09.056,2,NVIDIA A100-SXM-64GB,103.84,31912,100
831,2026-05-18 17:00:08.838839,2026/05/18 17:00:09.074,3,NVIDIA A100-SXM-64GB,103.52,31846,100
832,2026-05-18 17:00:14.183424,2026/05/18 17:00:14.372,0,NVIDIA A100-SXM-64GB,104.22,31904,100
833,2026-05-18 17:00:14.183424,2026/05/18 17:00:14.375,1,NVIDIA A100-SXM-64GB,108.12,31922,100
834,2026-05-18 17:00:14.183424,2026/05/18 17:00:14.423,2,NVIDIA A100-SXM-64GB,100.06,31912,100
835,2026-05-18 17:00:14.183424,2026/05/18 17:00:14.426,3,NVIDIA A100-SXM-64GB,110.64,31846,100
836,2026-05-18 17:00:19.524644,2026/05/18 17:00:19.700,0,NVIDIA A100-SXM-64GB,92.40,31904,100
837,2026-05-18 17:00:19.524644,2026/05/18 17:00:19.739,1,NVIDIA A100-SXM-64GB,149.97,31922,100
838,2026-05-18 17:00:19.524644,2026/05/18 17:00:19.742,2,NVIDIA A100-SXM-64GB,101.60,31912,100
839,2026-05-18 17:00:19.524644,2026/05/18 17:00:19.755,3,NVIDIA A100-SXM-64GB,107.08,31846,100
840,2026-05-18 17:00:24.862816,2026/05/18 17:00:25.045,0,NVIDIA A100-SXM-64GB,101.58,31904,100
841,2026-05-18 17:00:24.862816,2026/05/18 17:00:25.048,1,NVIDIA A100-SXM-64GB,104.55,31922,100
842,2026-05-18 17:00:24.862816,2026/05/18 17:00:25.058,2,NVIDIA A100-SXM-64GB,95.89,31912,100
843,2026-05-18 17:00:24.862816,2026/05/18 17:00:25.113,3,NVIDIA A100-SXM-64GB,108.01,31846,100
844,2026-05-18 17:00:30.252812,2026/05/18 17:00:30.436,0,NVIDIA A100-SXM-64GB,98.40,31904,100
845,2026-05-18 17:00:30.252812,2026/05/18 17:00:30.439,1,NVIDIA A100-SXM-64GB,111.35,31922,100
846,2026-05-18 17:00:30.252812,2026/05/18 17:00:30.481,2,NVIDIA A100-SXM-64GB,93.05,31912,100
847,2026-05-18 17:00:30.252812,2026/05/18 17:00:30.484,3,NVIDIA A100-SXM-64GB,102.10,31846,100
848,2026-05-18 17:00:35.563010,2026/05/18 17:00:35.734,0,NVIDIA A100-SXM-64GB,99.06,31904,100
849,2026-05-18 17:00:35.563010,2026/05/18 17:00:35.773,1,NVIDIA A100-SXM-64GB,105.87,31922,100
850,2026-05-18 17:00:35.563010,2026/05/18 17:00:35.776,2,NVIDIA A100-SXM-64GB,110.75,31912,100
851,2026-05-18 17:00:35.563010,2026/05/18 17:00:35.831,3,NVIDIA A100-SXM-64GB,102.48,31846,100
852,2026-05-18 17:00:40.906008,2026/05/18 17:00:41.078,0,NVIDIA A100-SXM-64GB,103.73,31904,100
853,2026-05-18 17:00:40.906008,2026/05/18 17:00:41.081,1,NVIDIA A100-SXM-64GB,107.79,31922,100
854,2026-05-18 17:00:40.906008,2026/05/18 17:00:41.129,2,NVIDIA A100-SXM-64GB,102.80,31912,100
855,2026-05-18 17:00:40.906008,2026/05/18 17:00:41.132,3,NVIDIA A100-SXM-64GB,102.48,31846,100
856,2026-05-18 17:00:46.195367,2026/05/18 17:00:46.376,0,NVIDIA A100-SXM-64GB,93.24,31904,100
857,2026-05-18 17:00:46.195367,2026/05/18 17:00:46.415,1,NVIDIA A100-SXM-64GB,108.61,31922,100
858,2026-05-18 17:00:46.195367,2026/05/18 17:00:46.451,2,NVIDIA A100-SXM-64GB,93.98,31912,100
859,2026-05-18 17:00:46.195367,2026/05/18 17:00:46.454,3,NVIDIA A100-SXM-64GB,138.66,31846,100
860,2026-05-18 17:00:51.518698,2026/05/18 17:00:51.701,0,NVIDIA A100-SXM-64GB,105.49,31904,69
861,2026-05-18 17:00:51.518698,2026/05/18 17:00:51.704,1,NVIDIA A100-SXM-64GB,112.67,31922,64
862,2026-05-18 17:00:51.518698,2026/05/18 17:00:51.709,2,NVIDIA A100-SXM-64GB,97.60,31912,98
863,2026-05-18 17:00:51.518698,2026/05/18 17:00:51.762,3,NVIDIA A100-SXM-64GB,112.17,31846,71
864,2026-05-18 17:00:56.817309,2026/05/18 17:00:57.002,0,NVIDIA A100-SXM-64GB,106.20,31904,100
865,2026-05-18 17:00:56.817309,2026/05/18 17:00:57.005,1,NVIDIA A100-SXM-64GB,109.33,31922,100
866,2026-05-18 17:00:56.817309,2026/05/18 17:00:57.008,2,NVIDIA A100-SXM-64GB,103.74,31912,100
867,2026-05-18 17:00:56.817309,2026/05/18 17:00:57.067,3,NVIDIA A100-SXM-64GB,111.35,31846,100
868,2026-05-18 17:01:02.123846,2026/05/18 17:01:02.309,0,NVIDIA A100-SXM-64GB,111.58,31904,100
869,2026-05-18 17:01:02.123846,2026/05/18 17:01:02.312,1,NVIDIA A100-SXM-64GB,106.86,31922,100
870,2026-05-18 17:01:02.123846,2026/05/18 17:01:02.367,2,NVIDIA A100-SXM-64GB,111.52,31912,100
871,2026-05-18 17:01:02.123846,2026/05/18 17:01:02.370,3,NVIDIA A100-SXM-64GB,113.16,31846,100
872,2026-05-18 17:01:07.463781,2026/05/18 17:01:07.653,0,NVIDIA A100-SXM-64GB,92.13,31904,100
873,2026-05-18 17:01:07.463781,2026/05/18 17:01:07.656,1,NVIDIA A100-SXM-64GB,96.16,31922,100
874,2026-05-18 17:01:07.463781,2026/05/18 17:01:07.669,2,NVIDIA A100-SXM-64GB,97.00,31912,100
875,2026-05-18 17:01:07.463781,2026/05/18 17:01:07.723,3,NVIDIA A100-SXM-64GB,96.39,31846,100
876,2026-05-18 17:01:12.764971,2026/05/18 17:01:13.006,0,NVIDIA A100-SXM-64GB,108.51,31904,100
877,2026-05-18 17:01:12.764971,2026/05/18 17:01:13.009,1,NVIDIA A100-SXM-64GB,98.03,31922,100
878,2026-05-18 17:01:12.764971,2026/05/18 17:01:13.017,2,NVIDIA A100-SXM-64GB,96.39,31912,100
879,2026-05-18 17:01:12.764971,2026/05/18 17:01:13.077,3,NVIDIA A100-SXM-64GB,113.97,31846,91
880,2026-05-18 17:01:18.159609,2026/05/18 17:01:18.325,0,NVIDIA A100-SXM-64GB,100.54,31904,70
881,2026-05-18 17:01:18.159609,2026/05/18 17:01:18.369,1,NVIDIA A100-SXM-64GB,105.05,31922,76
882,2026-05-18 17:01:18.159609,2026/05/18 17:01:18.408,2,NVIDIA A100-SXM-64GB,103.13,31912,77
883,2026-05-18 17:01:18.159609,2026/05/18 17:01:18.411,3,NVIDIA A100-SXM-64GB,104.61,31846,98
884,2026-05-18 17:01:23.511046,2026/05/18 17:01:23.685,0,NVIDIA A100-SXM-64GB,144.31,31904,100
885,2026-05-18 17:01:23.511046,2026/05/18 17:01:23.688,1,NVIDIA A100-SXM-64GB,109.71,31922,100
886,2026-05-18 17:01:23.511046,2026/05/18 17:01:23.763,2,NVIDIA A100-SXM-64GB,98.20,31912,100
887,2026-05-18 17:01:23.511046,2026/05/18 17:01:23.775,3,NVIDIA A100-SXM-64GB,103.90,31846,100
888,2026-05-18 17:01:28.836984,2026/05/18 17:01:29.016,0,NVIDIA A100-SXM-64GB,105.16,31904,100
889,2026-05-18 17:01:28.836984,2026/05/18 17:01:29.019,1,NVIDIA A100-SXM-64GB,99.84,31922,100
890,2026-05-18 17:01:28.836984,2026/05/18 17:01:29.026,2,NVIDIA A100-SXM-64GB,101.00,31912,100
891,2026-05-18 17:01:28.836984,2026/05/18 17:01:29.083,3,NVIDIA A100-SXM-64GB,100.89,31846,100
892,2026-05-18 17:01:34.159400,2026/05/18 17:01:34.334,0,NVIDIA A100-SXM-64GB,115.86,31904,100
893,2026-05-18 17:01:34.159400,2026/05/18 17:01:34.337,1,NVIDIA A100-SXM-64GB,109.22,31922,100
894,2026-05-18 17:01:34.159400,2026/05/18 17:01:34.340,2,NVIDIA A100-SXM-64GB,99.36,31912,100
895,2026-05-18 17:01:34.159400,2026/05/18 17:01:34.426,3,NVIDIA A100-SXM-64GB,110.31,31846,100
896,2026-05-18 17:01:39.505857,2026/05/18 17:01:39.685,0,NVIDIA A100-SXM-64GB,94.97,31904,100
897,2026-05-18 17:01:39.505857,2026/05/18 17:01:39.688,1,NVIDIA A100-SXM-64GB,117.89,31922,100
898,2026-05-18 17:01:39.505857,2026/05/18 17:01:39.727,2,NVIDIA A100-SXM-64GB,92.12,31912,100
899,2026-05-18 17:01:39.505857,2026/05/18 17:01:39.730,3,NVIDIA A100-SXM-64GB,101.87,31846,100
900,2026-05-18 17:01:44.853837,2026/05/18 17:01:45.029,0,NVIDIA A100-SXM-64GB,108.62,31904,100
901,2026-05-18 17:01:44.853837,2026/05/18 17:01:45.032,1,NVIDIA A100-SXM-64GB,109.93,31922,94
902,2026-05-18 17:01:44.853837,2026/05/18 17:01:45.070,2,NVIDIA A100-SXM-64GB,90.08,31912,92
903,2026-05-18 17:01:44.853837,2026/05/18 17:01:45.073,3,NVIDIA A100-SXM-64GB,108.61,31846,100
904,2026-05-18 17:01:50.146572,2026/05/18 17:01:50.326,0,NVIDIA A100-SXM-64GB,142.59,31904,100
905,2026-05-18 17:01:50.146572,2026/05/18 17:01:50.329,1,NVIDIA A100-SXM-64GB,95.99,31922,100
906,2026-05-18 17:01:50.146572,2026/05/18 17:01:50.333,2,NVIDIA A100-SXM-64GB,109.60,31912,100
907,2026-05-18 17:01:50.146572,2026/05/18 17:01:50.411,3,NVIDIA A100-SXM-64GB,106.15,31846,100
908,2026-05-18 17:01:55.457358,2026/05/18 17:01:55.634,0,NVIDIA A100-SXM-64GB,97.02,31904,100
909,2026-05-18 17:01:55.457358,2026/05/18 17:01:55.647,1,NVIDIA A100-SXM-64GB,107.19,31922,100
910,2026-05-18 17:01:55.457358,2026/05/18 17:01:55.690,2,NVIDIA A100-SXM-64GB,105.87,31912,100
911,2026-05-18 17:01:55.457358,2026/05/18 17:01:55.736,3,NVIDIA A100-SXM-64GB,107.29,31846,100
912,2026-05-18 17:02:00.785756,2026/05/18 17:02:00.979,0,NVIDIA A100-SXM-64GB,101.48,31904,100
913,2026-05-18 17:02:00.785756,2026/05/18 17:02:01.021,1,NVIDIA A100-SXM-64GB,107.19,31922,100
914,2026-05-18 17:02:00.785756,2026/05/18 17:02:01.024,2,NVIDIA A100-SXM-64GB,102.70,31912,100
915,2026-05-18 17:02:00.785756,2026/05/18 17:02:01.039,3,NVIDIA A100-SXM-64GB,108.17,31846,100
916,2026-05-18 17:02:06.162864,2026/05/18 17:02:06.341,0,NVIDIA A100-SXM-64GB,102.08,31904,100
917,2026-05-18 17:02:06.162864,2026/05/18 17:02:06.384,1,NVIDIA A100-SXM-64GB,108.39,31922,100
918,2026-05-18 17:02:06.162864,2026/05/18 17:02:06.387,2,NVIDIA A100-SXM-64GB,96.39,31912,100
919,2026-05-18 17:02:06.162864,2026/05/18 17:02:06.438,3,NVIDIA A100-SXM-64GB,110.91,31846,100
920,2026-05-18 17:02:11.490730,2026/05/18 17:02:11.668,0,NVIDIA A100-SXM-64GB,103.01,31904,87
921,2026-05-18 17:02:11.490730,2026/05/18 17:02:11.671,1,NVIDIA A100-SXM-64GB,108.01,31922,76
922,2026-05-18 17:02:11.490730,2026/05/18 17:02:11.710,2,NVIDIA A100-SXM-64GB,101.17,31912,91
923,2026-05-18 17:02:11.490730,2026/05/18 17:02:11.713,3,NVIDIA A100-SXM-64GB,104.23,31846,96
924,2026-05-18 17:02:16.811606,2026/05/18 17:02:16.989,0,NVIDIA A100-SXM-64GB,103.73,31904,100
925,2026-05-18 17:02:16.811606,2026/05/18 17:02:16.992,1,NVIDIA A100-SXM-64GB,105.65,31922,100
926,2026-05-18 17:02:16.811606,2026/05/18 17:02:16.994,2,NVIDIA A100-SXM-64GB,101.97,31912,100
927,2026-05-18 17:02:16.811606,2026/05/18 17:02:17.019,3,NVIDIA A100-SXM-64GB,109.49,31846,100
928,2026-05-18 17:02:22.129794,2026/05/18 17:02:22.314,0,NVIDIA A100-SXM-64GB,104.82,31904,100
929,2026-05-18 17:02:22.129794,2026/05/18 17:02:22.317,1,NVIDIA A100-SXM-64GB,103.41,31922,100
930,2026-05-18 17:02:22.129794,2026/05/18 17:02:22.328,2,NVIDIA A100-SXM-64GB,104.84,31912,100
931,2026-05-18 17:02:22.129794,2026/05/18 17:02:22.401,3,NVIDIA A100-SXM-64GB,105.43,31846,100
932,2026-05-18 17:02:27.468977,2026/05/18 17:02:27.712,0,NVIDIA A100-SXM-64GB,105.16,31904,100
933,2026-05-18 17:02:27.468977,2026/05/18 17:02:27.714,1,NVIDIA A100-SXM-64GB,103.24,31922,100
934,2026-05-18 17:02:27.468977,2026/05/18 17:02:27.746,2,NVIDIA A100-SXM-64GB,104.94,31912,100
935,2026-05-18 17:02:27.468977,2026/05/18 17:02:27.759,3,NVIDIA A100-SXM-64GB,111.96,31846,100
936,2026-05-18 17:02:32.810248,2026/05/18 17:02:32.993,0,NVIDIA A100-SXM-64GB,106.97,31904,100
937,2026-05-18 17:02:32.810248,2026/05/18 17:02:32.996,1,NVIDIA A100-SXM-64GB,107.19,31922,100
938,2026-05-18 17:02:32.810248,2026/05/18 17:02:33.001,2,NVIDIA A100-SXM-64GB,104.50,31912,100
939,2026-05-18 17:02:32.810248,2026/05/18 17:02:33.066,3,NVIDIA A100-SXM-64GB,103.30,31846,100
940,2026-05-18 17:02:38.139607,2026/05/18 17:02:38.320,0,NVIDIA A100-SXM-64GB,106.97,31904,100
941,2026-05-18 17:02:38.139607,2026/05/18 17:02:38.323,1,NVIDIA A100-SXM-64GB,105.54,31922,100
942,2026-05-18 17:02:38.139607,2026/05/18 17:02:38.333,2,NVIDIA A100-SXM-64GB,109.38,31912,100
943,2026-05-18 17:02:38.139607,2026/05/18 17:02:38.405,3,NVIDIA A100-SXM-64GB,110.14,31846,100
944,2026-05-18 17:02:43.486345,2026/05/18 17:02:43.658,0,NVIDIA A100-SXM-64GB,102.18,31904,100
945,2026-05-18 17:02:43.486345,2026/05/18 17:02:43.662,1,NVIDIA A100-SXM-64GB,112.19,31922,100
946,2026-05-18 17:02:43.486345,2026/05/18 17:02:43.703,2,NVIDIA A100-SXM-64GB,116.35,31912,100
947,2026-05-18 17:02:43.486345,2026/05/18 17:02:43.706,3,NVIDIA A100-SXM-64GB,118.70,31846,100
948,2026-05-18 17:02:48.811421,2026/05/18 17:02:48.982,0,NVIDIA A100-SXM-64GB,108.51,31904,100
949,2026-05-18 17:02:48.811421,2026/05/18 17:02:48.986,1,NVIDIA A100-SXM-64GB,103.24,31922,100
950,2026-05-18 17:02:48.811421,2026/05/18 17:02:49.036,2,NVIDIA A100-SXM-64GB,102.48,31912,100
951,2026-05-18 17:02:48.811421,2026/05/18 17:02:49.039,3,NVIDIA A100-SXM-64GB,102.20,31846,100
952,2026-05-18 17:02:54.140479,2026/05/18 17:02:54.267,0,NVIDIA A100-SXM-64GB,88.44,31904,100
953,2026-05-18 17:02:54.140479,2026/05/18 17:02:54.313,1,NVIDIA A100-SXM-64GB,98.30,31922,100
954,2026-05-18 17:02:54.140479,2026/05/18 17:02:54.324,2,NVIDIA A100-SXM-64GB,93.32,31912,100
955,2026-05-18 17:02:54.140479,2026/05/18 17:02:54.386,3,NVIDIA A100-SXM-64GB,99.03,31846,78
956,2026-05-18 17:02:59.479840,2026/05/18 17:02:59.661,0,NVIDIA A100-SXM-64GB,95.76,31904,100
957,2026-05-18 17:02:59.479840,2026/05/18 17:02:59.664,1,NVIDIA A100-SXM-64GB,114.82,31922,100
958,2026-05-18 17:02:59.479840,2026/05/18 17:02:59.676,2,NVIDIA A100-SXM-64GB,95.19,31912,100
959,2026-05-18 17:02:59.479840,2026/05/18 17:02:59.716,3,NVIDIA A100-SXM-64GB,105.54,31846,100
960,2026-05-18 17:03:04.788781,2026/05/18 17:03:04.974,0,NVIDIA A100-SXM-64GB,108.62,31904,100
961,2026-05-18 17:03:04.788781,2026/05/18 17:03:05.009,1,NVIDIA A100-SXM-64GB,104.44,31922,100
962,2026-05-18 17:03:04.788781,2026/05/18 17:03:05.012,2,NVIDIA A100-SXM-64GB,100.57,31912,100
963,2026-05-18 17:03:04.788781,2026/05/18 17:03:05.065,3,NVIDIA A100-SXM-64GB,106.97,31846,100
964,2026-05-18 17:03:10.117928,2026/05/18 17:03:10.308,0,NVIDIA A100-SXM-64GB,100.04,31904,100
965,2026-05-18 17:03:10.117928,2026/05/18 17:03:10.311,1,NVIDIA A100-SXM-64GB,102.31,31922,100
966,2026-05-18 17:03:10.117928,2026/05/18 17:03:10.313,2,NVIDIA A100-SXM-64GB,97.10,31912,100
967,2026-05-18 17:03:10.117928,2026/05/18 17:03:10.369,3,NVIDIA A100-SXM-64GB,109.11,31846,100
968,2026-05-18 17:03:15.421454,2026/05/18 17:03:15.594,0,NVIDIA A100-SXM-64GB,125.64,31904,100
969,2026-05-18 17:03:15.421454,2026/05/18 17:03:15.598,1,NVIDIA A100-SXM-64GB,113.49,31922,100
970,2026-05-18 17:03:15.421454,2026/05/18 17:03:15.652,2,NVIDIA A100-SXM-64GB,106.04,31912,100
971,2026-05-18 17:03:15.421454,2026/05/18 17:03:15.680,3,NVIDIA A100-SXM-64GB,98.43,31846,100
972,2026-05-18 17:03:20.767978,2026/05/18 17:03:20.935,0,NVIDIA A100-SXM-64GB,108.94,31904,74
973,2026-05-18 17:03:20.767978,2026/05/18 17:03:20.961,1,NVIDIA A100-SXM-64GB,102.31,31922,92
974,2026-05-18 17:03:20.767978,2026/05/18 17:03:20.964,2,NVIDIA A100-SXM-64GB,103.41,31912,94
975,2026-05-18 17:03:20.767978,2026/05/18 17:03:21.035,3,NVIDIA A100-SXM-64GB,111.35,31846,87
976,2026-05-18 17:03:26.087219,2026/05/18 17:03:26.270,0,NVIDIA A100-SXM-64GB,92.83,31904,100
977,2026-05-18 17:03:26.087219,2026/05/18 17:03:26.273,1,NVIDIA A100-SXM-64GB,110.37,31922,100
978,2026-05-18 17:03:26.087219,2026/05/18 17:03:26.331,2,NVIDIA A100-SXM-64GB,99.23,31912,100
979,2026-05-18 17:03:26.087219,2026/05/18 17:03:26.334,3,NVIDIA A100-SXM-64GB,103.52,31846,100
980,2026-05-18 17:03:31.419095,2026/05/18 17:03:31.599,0,NVIDIA A100-SXM-64GB,102.79,31904,100
981,2026-05-18 17:03:31.419095,2026/05/18 17:03:31.624,1,NVIDIA A100-SXM-64GB,108.12,31922,100
982,2026-05-18 17:03:31.419095,2026/05/18 17:03:31.627,2,NVIDIA A100-SXM-64GB,106.64,31912,100
983,2026-05-18 17:03:31.419095,2026/05/18 17:03:31.688,3,NVIDIA A100-SXM-64GB,116.44,31846,100
984,2026-05-18 17:03:36.741673,2026/05/18 17:03:36.922,0,NVIDIA A100-SXM-64GB,107.30,31904,100
985,2026-05-18 17:03:36.741673,2026/05/18 17:03:36.925,1,NVIDIA A100-SXM-64GB,106.59,31922,100
986,2026-05-18 17:03:36.741673,2026/05/18 17:03:36.929,2,NVIDIA A100-SXM-64GB,97.22,31912,100
987,2026-05-18 17:03:36.741673,2026/05/18 17:03:36.993,3,NVIDIA A100-SXM-64GB,108.78,31846,100
988,2026-05-18 17:03:42.078487,2026/05/18 17:03:42.255,0,NVIDIA A100-SXM-64GB,91.47,31904,100
989,2026-05-18 17:03:42.078487,2026/05/18 17:03:42.258,1,NVIDIA A100-SXM-64GB,95.05,31922,100
990,2026-05-18 17:03:42.078487,2026/05/18 17:03:42.261,2,NVIDIA A100-SXM-64GB,91.61,31912,100
991,2026-05-18 17:03:42.078487,2026/05/18 17:03:42.321,3,NVIDIA A100-SXM-64GB,95.79,31846,100
992,2026-05-18 17:03:47.364656,2026/05/18 17:03:47.550,0,NVIDIA A100-SXM-64GB,98.40,31904,100
993,2026-05-18 17:03:47.364656,2026/05/18 17:03:47.553,1,NVIDIA A100-SXM-64GB,109.82,31922,100
994,2026-05-18 17:03:47.364656,2026/05/18 17:03:47.618,2,NVIDIA A100-SXM-64GB,97.60,31912,100
995,2026-05-18 17:03:47.364656,2026/05/18 17:03:47.621,3,NVIDIA A100-SXM-64GB,110.03,31846,100
996,2026-05-18 17:03:52.722448,2026/05/18 17:03:52.887,0,NVIDIA A100-SXM-64GB,110.98,31904,100
997,2026-05-18 17:03:52.722448,2026/05/18 17:03:52.909,1,NVIDIA A100-SXM-64GB,98.03,31922,100
998,2026-05-18 17:03:52.722448,2026/05/18 17:03:52.976,2,NVIDIA A100-SXM-64GB,97.50,31912,78
999,2026-05-18 17:03:52.722448,2026/05/18 17:03:52.984,3,NVIDIA A100-SXM-64GB,94.16,31846,81
1000,2026-05-18 17:03:58.089361,2026/05/18 17:03:58.264,0,NVIDIA A100-SXM-64GB,91.47,31904,100
1001,2026-05-18 17:03:58.089361,2026/05/18 17:03:58.266,1,NVIDIA A100-SXM-64GB,95.29,31922,100
1002,2026-05-18 17:03:58.089361,2026/05/18 17:03:58.304,2,NVIDIA A100-SXM-64GB,91.19,31912,100
1003,2026-05-18 17:03:58.089361,2026/05/18 17:03:58.307,3,NVIDIA A100-SXM-64GB,95.79,31846,100
1004,2026-05-18 17:04:03.389428,2026/05/18 17:04:03.575,0,NVIDIA A100-SXM-64GB,101.21,31904,100
1005,2026-05-18 17:04:03.389428,2026/05/18 17:04:03.578,1,NVIDIA A100-SXM-64GB,114.70,31922,100
1006,2026-05-18 17:04:03.389428,2026/05/18 17:04:03.647,2,NVIDIA A100-SXM-64GB,102.37,31912,100
1007,2026-05-18 17:04:03.389428,2026/05/18 17:04:03.649,3,NVIDIA A100-SXM-64GB,109.11,31846,100
1008,2026-05-18 17:04:08.736967,2026/05/18 17:04:08.894,0,NVIDIA A100-SXM-64GB,101.48,31904,100
1009,2026-05-18 17:04:08.736967,2026/05/18 17:04:08.900,1,NVIDIA A100-SXM-64GB,103.41,31922,100
1010,2026-05-18 17:04:08.736967,2026/05/18 17:04:08.956,2,NVIDIA A100-SXM-64GB,93.32,31912,100
1011,2026-05-18 17:04:08.736967,2026/05/18 17:04:09.001,3,NVIDIA A100-SXM-64GB,99.96,31846,91
1012,2026-05-18 17:04:14.054986,2026/05/18 17:04:14.228,0,NVIDIA A100-SXM-64GB,91.80,31904,100
1013,2026-05-18 17:04:14.054986,2026/05/18 17:04:14.231,1,NVIDIA A100-SXM-64GB,95.29,31922,100
1014,2026-05-18 17:04:14.054986,2026/05/18 17:04:14.233,2,NVIDIA A100-SXM-64GB,91.61,31912,100
1015,2026-05-18 17:04:14.054986,2026/05/18 17:04:14.306,3,NVIDIA A100-SXM-64GB,95.79,31846,100
1016,2026-05-18 17:04:19.410389,2026/05/18 17:04:19.591,0,NVIDIA A100-SXM-64GB,108.23,31904,100
1017,2026-05-18 17:04:19.410389,2026/05/18 17:04:19.616,1,NVIDIA A100-SXM-64GB,97.60,31922,100
1018,2026-05-18 17:04:19.410389,2026/05/18 17:04:19.619,2,NVIDIA A100-SXM-64GB,95.09,31912,100
1019,2026-05-18 17:04:19.410389,2026/05/18 17:04:19.630,3,NVIDIA A100-SXM-64GB,100.89,31846,100
1020,2026-05-18 17:04:24.723455,2026/05/18 17:04:24.901,0,NVIDIA A100-SXM-64GB,91.71,31904,100
1021,2026-05-18 17:04:24.723455,2026/05/18 17:04:24.904,1,NVIDIA A100-SXM-64GB,95.29,31922,100
1022,2026-05-18 17:04:24.723455,2026/05/18 17:04:24.908,2,NVIDIA A100-SXM-64GB,91.52,31912,100
1023,2026-05-18 17:04:24.723455,2026/05/18 17:04:24.924,3,NVIDIA A100-SXM-64GB,95.69,31846,100
1024,2026-05-18 17:04:30.026322,2026/05/18 17:04:30.196,0,NVIDIA A100-SXM-64GB,107.90,31904,100
1025,2026-05-18 17:04:30.026322,2026/05/18 17:04:30.199,1,NVIDIA A100-SXM-64GB,105.05,31922,100
1026,2026-05-18 17:04:30.026322,2026/05/18 17:04:30.204,2,NVIDIA A100-SXM-64GB,105.27,31912,100
1027,2026-05-18 17:04:30.026322,2026/05/18 17:04:30.271,3,NVIDIA A100-SXM-64GB,97.83,31846,100
1028,2026-05-18 17:04:35.323788,2026/05/18 17:04:35.509,0,NVIDIA A100-SXM-64GB,125.31,31904,100
1029,2026-05-18 17:04:35.323788,2026/05/18 17:04:35.594,1,NVIDIA A100-SXM-64GB,104.34,31922,100
1030,2026-05-18 17:04:35.323788,2026/05/18 17:04:35.603,2,NVIDIA A100-SXM-64GB,103.90,31912,100
1031,2026-05-18 17:04:35.323788,2026/05/18 17:04:35.660,3,NVIDIA A100-SXM-64GB,105.43,31846,100
1032,2026-05-18 17:04:40.725831,2026/05/18 17:04:40.911,0,NVIDIA A100-SXM-64GB,102.69,31904,100
1033,2026-05-18 17:04:40.725831,2026/05/18 17:04:40.914,1,NVIDIA A100-SXM-64GB,102.08,31922,100
1034,2026-05-18 17:04:40.725831,2026/05/18 17:04:40.961,2,NVIDIA A100-SXM-64GB,124.05,31912,100
1035,2026-05-18 17:04:40.725831,2026/05/18 17:04:41.008,3,NVIDIA A100-SXM-64GB,143.54,31846,100
1036,2026-05-18 17:04:46.098033,2026/05/18 17:04:46.285,0,NVIDIA A100-SXM-64GB,104.22,31904,100
1037,2026-05-18 17:04:46.098033,2026/05/18 17:04:46.288,1,NVIDIA A100-SXM-64GB,117.89,31922,100
1038,2026-05-18 17:04:46.098033,2026/05/18 17:04:46.341,2,NVIDIA A100-SXM-64GB,104.84,31912,100
1039,2026-05-18 17:04:46.098033,2026/05/18 17:04:46.344,3,NVIDIA A100-SXM-64GB,111.52,31846,100
1040,2026-05-18 17:04:51.421485,2026/05/18 17:04:51.596,0,NVIDIA A100-SXM-64GB,92.82,31904,100
1041,2026-05-18 17:04:51.421485,2026/05/18 17:04:51.599,1,NVIDIA A100-SXM-64GB,107.08,31922,100
1042,2026-05-18 17:04:51.421485,2026/05/18 17:04:51.602,2,NVIDIA A100-SXM-64GB,109.70,31912,100
1043,2026-05-18 17:04:51.421485,2026/05/18 17:04:51.660,3,NVIDIA A100-SXM-64GB,109.38,31846,100
1044,2026-05-18 17:04:56.763575,2026/05/18 17:04:56.948,0,NVIDIA A100-SXM-64GB,102.41,31904,100
1045,2026-05-18 17:04:56.763575,2026/05/18 17:04:56.951,1,NVIDIA A100-SXM-64GB,107.51,31922,100
1046,2026-05-18 17:04:56.763575,2026/05/18 17:04:56.960,2,NVIDIA A100-SXM-64GB,106.48,31912,100
1047,2026-05-18 17:04:56.763575,2026/05/18 17:04:57.026,3,NVIDIA A100-SXM-64GB,107.57,31846,100
1048,2026-05-18 17:05:02.065373,2026/05/18 17:05:02.239,0,NVIDIA A100-SXM-64GB,94.55,31904,100
1049,2026-05-18 17:05:02.065373,2026/05/18 17:05:02.259,1,NVIDIA A100-SXM-64GB,96.16,31922,100
1050,2026-05-18 17:05:02.065373,2026/05/18 17:05:02.262,2,NVIDIA A100-SXM-64GB,95.19,31912,100
1051,2026-05-18 17:05:02.065373,2026/05/18 17:05:02.278,3,NVIDIA A100-SXM-64GB,112.17,31846,100
1052,2026-05-18 17:05:07.361309,2026/05/18 17:05:07.555,0,NVIDIA A100-SXM-64GB,106.97,31904,100
1053,2026-05-18 17:05:07.361309,2026/05/18 17:05:07.624,1,NVIDIA A100-SXM-64GB,110.42,31922,100
1054,2026-05-18 17:05:07.361309,2026/05/18 17:05:07.699,2,NVIDIA A100-SXM-64GB,106.37,31912,100
1055,2026-05-18 17:05:07.361309,2026/05/18 17:05:07.702,3,NVIDIA A100-SXM-64GB,112.17,31846,100
1056,2026-05-18 17:05:12.784091,2026/05/18 17:05:12.972,0,NVIDIA A100-SXM-64GB,86.06,31904,88
1057,2026-05-18 17:05:12.784091,2026/05/18 17:05:12.975,1,NVIDIA A100-SXM-64GB,98.40,31922,88
1058,2026-05-18 17:05:12.784091,2026/05/18 17:05:13.016,2,NVIDIA A100-SXM-64GB,102.20,31912,96
1059,2026-05-18 17:05:12.784091,2026/05/18 17:05:13.019,3,NVIDIA A100-SXM-64GB,104.61,31846,98
1060,2026-05-18 17:05:18.104574,2026/05/18 17:05:18.295,0,NVIDIA A100-SXM-64GB,94.45,31904,100
1061,2026-05-18 17:05:18.104574,2026/05/18 17:05:18.298,1,NVIDIA A100-SXM-64GB,96.82,31922,100
1062,2026-05-18 17:05:18.104574,2026/05/18 17:05:18.300,2,NVIDIA A100-SXM-64GB,93.32,31912,100
1063,2026-05-18 17:05:18.104574,2026/05/18 17:05:18.383,3,NVIDIA A100-SXM-64GB,96.90,31846,100
1064,2026-05-18 17:05:23.462557,2026/05/18 17:05:23.637,0,NVIDIA A100-SXM-64GB,103.24,31904,100
1065,2026-05-18 17:05:23.462557,2026/05/18 17:05:23.684,1,NVIDIA A100-SXM-64GB,115.62,31922,100
1066,2026-05-18 17:05:23.462557,2026/05/18 17:05:23.686,2,NVIDIA A100-SXM-64GB,99.36,31912,100
1067,2026-05-18 17:05:23.462557,2026/05/18 17:05:23.729,3,NVIDIA A100-SXM-64GB,110.03,31846,100
1068,2026-05-18 17:05:28.781583,2026/05/18 17:05:28.964,0,NVIDIA A100-SXM-64GB,101.97,31904,100
1069,2026-05-18 17:05:28.781583,2026/05/18 17:05:28.967,1,NVIDIA A100-SXM-64GB,101.87,31922,100
1070,2026-05-18 17:05:28.781583,2026/05/18 17:05:29.012,2,NVIDIA A100-SXM-64GB,95.69,31912,100
1071,2026-05-18 17:05:28.781583,2026/05/18 17:05:29.015,3,NVIDIA A100-SXM-64GB,99.96,31846,100
1072,2026-05-18 17:05:34.125775,2026/05/18 17:05:34.307,0,NVIDIA A100-SXM-64GB,106.37,31904,100
1073,2026-05-18 17:05:34.125775,2026/05/18 17:05:34.310,1,NVIDIA A100-SXM-64GB,107.51,31922,100
1074,2026-05-18 17:05:34.125775,2026/05/18 17:05:34.317,2,NVIDIA A100-SXM-64GB,103.74,31912,100
1075,2026-05-18 17:05:34.125775,2026/05/18 17:05:34.379,3,NVIDIA A100-SXM-64GB,107.68,31846,100
1076,2026-05-18 17:05:39.462291,2026/05/18 17:05:39.643,0,NVIDIA A100-SXM-64GB,107.41,31904,82
1077,2026-05-18 17:05:39.462291,2026/05/18 17:05:39.673,1,NVIDIA A100-SXM-64GB,110.37,31922,88
1078,2026-05-18 17:05:39.462291,2026/05/18 17:05:39.676,2,NVIDIA A100-SXM-64GB,106.59,31912,96
1079,2026-05-18 17:05:39.462291,2026/05/18 17:05:39.727,3,NVIDIA A100-SXM-64GB,111.02,31846,95
1080,2026-05-18 17:05:44.795674,2026/05/18 17:05:44.981,0,NVIDIA A100-SXM-64GB,101.91,31904,100
1081,2026-05-18 17:05:44.795674,2026/05/18 17:05:45.006,1,NVIDIA A100-SXM-64GB,105.98,31922,100
1082,2026-05-18 17:05:44.795674,2026/05/18 17:05:45.009,2,NVIDIA A100-SXM-64GB,101.60,31912,100
1083,2026-05-18 17:05:44.795674,2026/05/18 17:05:45.057,3,NVIDIA A100-SXM-64GB,102.80,31846,100
1084,2026-05-18 17:05:50.156482,2026/05/18 17:05:50.345,0,NVIDIA A100-SXM-64GB,103.73,31904,100
1085,2026-05-18 17:05:50.156482,2026/05/18 17:05:50.380,1,NVIDIA A100-SXM-64GB,106.09,31922,100
1086,2026-05-18 17:05:50.156482,2026/05/18 17:05:50.424,2,NVIDIA A100-SXM-64GB,105.27,31912,100
1087,2026-05-18 17:05:50.156482,2026/05/18 17:05:50.427,3,NVIDIA A100-SXM-64GB,109.49,31846,100
1088,2026-05-18 17:05:55.544573,2026/05/18 17:05:55.728,0,NVIDIA A100-SXM-64GB,93.34,31904,100
1089,2026-05-18 17:05:55.544573,2026/05/18 17:05:55.730,1,NVIDIA A100-SXM-64GB,96.59,31922,100
1090,2026-05-18 17:05:55.544573,2026/05/18 17:05:55.836,2,NVIDIA A100-SXM-64GB,104.61,31912,100
1091,2026-05-18 17:05:55.544573,2026/05/18 17:05:55.839,3,NVIDIA A100-SXM-64GB,101.87,31846,100
1092,2026-05-18 17:06:00.929183,2026/05/18 17:06:01.102,0,NVIDIA A100-SXM-64GB,97.29,31904,100
1093,2026-05-18 17:06:00.929183,2026/05/18 17:06:01.105,1,NVIDIA A100-SXM-64GB,101.21,31922,100
1094,2026-05-18 17:06:00.929183,2026/05/18 17:06:01.113,2,NVIDIA A100-SXM-64GB,103.13,31912,100
1095,2026-05-18 17:06:00.929183,2026/05/18 17:06:01.173,3,NVIDIA A100-SXM-64GB,113.76,31846,100
1096,2026-05-18 17:06:06.261839,2026/05/18 17:06:06.435,0,NVIDIA A100-SXM-64GB,93.01,31904,100
1097,2026-05-18 17:06:06.261839,2026/05/18 17:06:06.438,1,NVIDIA A100-SXM-64GB,96.49,31922,100
1098,2026-05-18 17:06:06.261839,2026/05/18 17:06:06.501,2,NVIDIA A100-SXM-64GB,94.08,31912,100
1099,2026-05-18 17:06:06.261839,2026/05/18 17:06:06.504,3,NVIDIA A100-SXM-64GB,98.86,31846,100
1100,2026-05-18 17:06:11.573192,2026/05/18 17:06:11.751,0,NVIDIA A100-SXM-64GB,101.69,31904,100
1101,2026-05-18 17:06:11.573192,2026/05/18 17:06:11.754,1,NVIDIA A100-SXM-64GB,104.33,31922,100
1102,2026-05-18 17:06:11.573192,2026/05/18 17:06:11.826,2,NVIDIA A100-SXM-64GB,111.96,31912,100
1103,2026-05-18 17:06:11.573192,2026/05/18 17:06:11.829,3,NVIDIA A100-SXM-64GB,114.43,31846,100
1104,2026-05-18 17:06:16.913970,2026/05/18 17:06:17.094,0,NVIDIA A100-SXM-64GB,105.49,31904,100
1105,2026-05-18 17:06:16.913970,2026/05/18 17:06:17.097,1,NVIDIA A100-SXM-64GB,107.51,31922,100
1106,2026-05-18 17:06:16.913970,2026/05/18 17:06:17.144,2,NVIDIA A100-SXM-64GB,103.13,31912,100
1107,2026-05-18 17:06:16.913970,2026/05/18 17:06:17.186,3,NVIDIA A100-SXM-64GB,108.89,31846,100
1108,2026-05-18 17:06:22.323363,2026/05/18 17:06:22.504,0,NVIDIA A100-SXM-64GB,102.62,31904,83
1109,2026-05-18 17:06:22.323363,2026/05/18 17:06:22.507,1,NVIDIA A100-SXM-64GB,102.69,31922,96
1110,2026-05-18 17:06:22.323363,2026/05/18 17:06:22.509,2,NVIDIA A100-SXM-64GB,100.17,31912,100
1111,2026-05-18 17:06:22.323363,2026/05/18 17:06:22.565,3,NVIDIA A100-SXM-64GB,108.50,31846,98
1112,2026-05-18 17:06:27.611199,2026/05/18 17:06:27.786,0,NVIDIA A100-SXM-64GB,104.66,31904,100
1113,2026-05-18 17:06:27.611199,2026/05/18 17:06:27.840,1,NVIDIA A100-SXM-64GB,105.98,31922,100
1114,2026-05-18 17:06:27.611199,2026/05/18 17:06:27.843,2,NVIDIA A100-SXM-64GB,97.32,31912,100
1115,2026-05-18 17:06:27.611199,2026/05/18 17:06:27.884,3,NVIDIA A100-SXM-64GB,107.57,31846,100
1116,2026-05-18 17:06:32.951469,2026/05/18 17:06:33.129,0,NVIDIA A100-SXM-64GB,106.09,31904,100
1117,2026-05-18 17:06:32.951469,2026/05/18 17:06:33.184,1,NVIDIA A100-SXM-64GB,114.21,31922,100
1118,2026-05-18 17:06:32.951469,2026/05/18 17:06:33.187,2,NVIDIA A100-SXM-64GB,112.28,31912,100
1119,2026-05-18 17:06:32.951469,2026/05/18 17:06:33.193,3,NVIDIA A100-SXM-64GB,113.16,31846,100
1120,2026-05-18 17:06:38.276113,2026/05/18 17:06:38.481,0,NVIDIA A100-SXM-64GB,98.83,31904,100
1121,2026-05-18 17:06:38.276113,2026/05/18 17:06:38.484,1,NVIDIA A100-SXM-64GB,101.70,31922,100
1122,2026-05-18 17:06:38.276113,2026/05/18 17:06:38.560,2,NVIDIA A100-SXM-64GB,101.37,31912,100
1123,2026-05-18 17:06:38.276113,2026/05/18 17:06:38.563,3,NVIDIA A100-SXM-64GB,106.15,31846,100
1124,2026-05-18 17:06:43.639982,2026/05/18 17:06:43.809,0,NVIDIA A100-SXM-64GB,106.70,31904,100
1125,2026-05-18 17:06:43.639982,2026/05/18 17:06:43.812,1,NVIDIA A100-SXM-64GB,106.86,31922,100
1126,2026-05-18 17:06:43.639982,2026/05/18 17:06:43.859,2,NVIDIA A100-SXM-64GB,97.00,31912,100
1127,2026-05-18 17:06:43.639982,2026/05/18 17:06:43.862,3,NVIDIA A100-SXM-64GB,112.17,31846,100
1128,2026-05-18 17:06:48.937661,2026/05/18 17:06:49.107,0,NVIDIA A100-SXM-64GB,106.70,31904,91
1129,2026-05-18 17:06:48.937661,2026/05/18 17:06:49.110,1,NVIDIA A100-SXM-64GB,109.93,31922,97
1130,2026-05-18 17:06:48.937661,2026/05/18 17:06:49.163,2,NVIDIA A100-SXM-64GB,100.57,31912,100
1131,2026-05-18 17:06:48.937661,2026/05/18 17:06:49.166,3,NVIDIA A100-SXM-64GB,103.90,31846,100
1132,2026-05-18 17:06:54.234852,2026/05/18 17:06:54.411,0,NVIDIA A100-SXM-64GB,106.97,31904,100
1133,2026-05-18 17:06:54.234852,2026/05/18 17:06:54.414,1,NVIDIA A100-SXM-64GB,107.79,31922,100
1134,2026-05-18 17:06:54.234852,2026/05/18 17:06:54.449,2,NVIDIA A100-SXM-64GB,104.94,31912,100
1135,2026-05-18 17:06:54.234852,2026/05/18 17:06:54.452,3,NVIDIA A100-SXM-64GB,107.57,31846,100
1136,2026-05-18 17:06:59.527326,2026/05/18 17:06:59.694,0,NVIDIA A100-SXM-64GB,101.91,31904,100
1137,2026-05-18 17:06:59.527326,2026/05/18 17:06:59.698,1,NVIDIA A100-SXM-64GB,106.86,31922,100
1138,2026-05-18 17:06:59.527326,2026/05/18 17:06:59.767,2,NVIDIA A100-SXM-64GB,100.77,31912,100
1139,2026-05-18 17:06:59.527326,2026/05/18 17:06:59.770,3,NVIDIA A100-SXM-64GB,106.75,31846,100
1140,2026-05-18 17:07:04.850099,2026/05/18 17:07:05.000,0,NVIDIA A100-SXM-64GB,177.46,31904,100
1141,2026-05-18 17:07:04.850099,2026/05/18 17:07:05.006,1,NVIDIA A100-SXM-64GB,108.72,31922,100
1142,2026-05-18 17:07:04.850099,2026/05/18 17:07:05.067,2,NVIDIA A100-SXM-64GB,96.72,31912,82
1143,2026-05-18 17:07:04.850099,2026/05/18 17:07:05.075,3,NVIDIA A100-SXM-64GB,100.57,31846,84
1144,2026-05-18 17:07:10.147989,2026/05/18 17:07:10.317,0,NVIDIA A100-SXM-64GB,95.39,31904,100
1145,2026-05-18 17:07:10.147989,2026/05/18 17:07:10.320,1,NVIDIA A100-SXM-64GB,107.79,31922,100
1146,2026-05-18 17:07:10.147989,2026/05/18 17:07:10.372,2,NVIDIA A100-SXM-64GB,97.32,31912,100
1147,2026-05-18 17:07:10.147989,2026/05/18 17:07:10.374,3,NVIDIA A100-SXM-64GB,103.02,31846,100
1148,2026-05-18 17:07:15.434497,2026/05/18 17:07:15.607,0,NVIDIA A100-SXM-64GB,106.70,31904,100
1149,2026-05-18 17:07:15.434497,2026/05/18 17:07:15.654,1,NVIDIA A100-SXM-64GB,107.30,31922,100
1150,2026-05-18 17:07:15.434497,2026/05/18 17:07:15.656,2,NVIDIA A100-SXM-64GB,105.38,31912,100
1151,2026-05-18 17:07:15.434497,2026/05/18 17:07:15.691,3,NVIDIA A100-SXM-64GB,110.26,31846,100
1152,2026-05-18 17:07:20.749763,2026/05/18 17:07:20.930,0,NVIDIA A100-SXM-64GB,102.52,31904,100
1153,2026-05-18 17:07:20.749763,2026/05/18 17:07:20.972,1,NVIDIA A100-SXM-64GB,101.48,31922,100
1154,2026-05-18 17:07:20.749763,2026/05/18 17:07:20.975,2,NVIDIA A100-SXM-64GB,150.70,31912,100
1155,2026-05-18 17:07:20.749763,2026/05/18 17:07:21.032,3,NVIDIA A100-SXM-64GB,107.19,31846,100
1156,2026-05-18 17:07:26.075315,2026/05/18 17:07:26.245,0,NVIDIA A100-SXM-64GB,102.69,31904,100
1157,2026-05-18 17:07:26.075315,2026/05/18 17:07:26.248,1,NVIDIA A100-SXM-64GB,97.70,31922,100
1158,2026-05-18 17:07:26.075315,2026/05/18 17:07:26.253,2,NVIDIA A100-SXM-64GB,100.34,31912,100
1159,2026-05-18 17:07:26.075315,2026/05/18 17:07:26.316,3,NVIDIA A100-SXM-64GB,101.87,31846,100
1160,2026-05-18 17:07:31.393462,2026/05/18 17:07:31.564,0,NVIDIA A100-SXM-64GB,131.27,31904,100
1161,2026-05-18 17:07:31.393462,2026/05/18 17:07:31.567,1,NVIDIA A100-SXM-64GB,111.86,31922,100
1162,2026-05-18 17:07:31.393462,2026/05/18 17:07:31.575,2,NVIDIA A100-SXM-64GB,100.17,31912,100
1163,2026-05-18 17:07:31.393462,2026/05/18 17:07:31.634,3,NVIDIA A100-SXM-64GB,98.30,31846,100
1164,2026-05-18 17:07:36.764833,2026/05/18 17:07:36.944,0,NVIDIA A100-SXM-64GB,129.72,31904,100
1165,2026-05-18 17:07:36.764833,2026/05/18 17:07:36.947,1,NVIDIA A100-SXM-64GB,110.37,31922,100
1166,2026-05-18 17:07:36.764833,2026/05/18 17:07:36.952,2,NVIDIA A100-SXM-64GB,99.74,31912,100
1167,2026-05-18 17:07:36.764833,2026/05/18 17:07:37.008,3,NVIDIA A100-SXM-64GB,104.61,31846,100
1168,2026-05-18 17:07:42.078465,2026/05/18 17:07:42.251,0,NVIDIA A100-SXM-64GB,97.29,31904,100
1169,2026-05-18 17:07:42.078465,2026/05/18 17:07:42.302,1,NVIDIA A100-SXM-64GB,114.82,31922,100
1170,2026-05-18 17:07:42.078465,2026/05/18 17:07:42.305,2,NVIDIA A100-SXM-64GB,105.54,31912,100
1171,2026-05-18 17:07:42.078465,2026/05/18 17:07:42.360,3,NVIDIA A100-SXM-64GB,121.59,31846,100
1172,2026-05-18 17:07:47.412175,2026/05/18 17:07:47.588,0,NVIDIA A100-SXM-64GB,100.37,31904,100
1173,2026-05-18 17:07:47.412175,2026/05/18 17:07:47.591,1,NVIDIA A100-SXM-64GB,109.71,31922,100
1174,2026-05-18 17:07:47.412175,2026/05/18 17:07:47.633,2,NVIDIA A100-SXM-64GB,101.70,31912,100
1175,2026-05-18 17:07:47.412175,2026/05/18 17:07:47.661,3,NVIDIA A100-SXM-64GB,109.49,31846,100
1176,2026-05-18 17:07:52.776653,2026/05/18 17:07:52.965,0,NVIDIA A100-SXM-64GB,106.31,31904,100
1177,2026-05-18 17:07:52.776653,2026/05/18 17:07:52.968,1,NVIDIA A100-SXM-64GB,108.51,31922,100
1178,2026-05-18 17:07:52.776653,2026/05/18 17:07:52.972,2,NVIDIA A100-SXM-64GB,107.51,31912,100
1179,2026-05-18 17:07:52.776653,2026/05/18 17:07:53.036,3,NVIDIA A100-SXM-64GB,104.44,31846,100
1180,2026-05-18 17:07:58.114218,2026/05/18 17:07:58.345,0,NVIDIA A100-SXM-64GB,95.39,31904,61
1181,2026-05-18 17:07:58.114218,2026/05/18 17:07:58.351,1,NVIDIA A100-SXM-64GB,102.31,31922,30
1182,2026-05-18 17:07:58.114218,2026/05/18 17:07:58.411,2,NVIDIA A100-SXM-64GB,99.74,31912,95
1183,2026-05-18 17:07:58.114218,2026/05/18 17:07:58.413,3,NVIDIA A100-SXM-64GB,104.23,31846,94
1184,2026-05-18 17:08:03.487467,2026/05/18 17:08:03.658,0,NVIDIA A100-SXM-64GB,103.45,31904,100
1185,2026-05-18 17:08:03.487467,2026/05/18 17:08:03.697,1,NVIDIA A100-SXM-64GB,110.26,31922,100
1186,2026-05-18 17:08:03.487467,2026/05/18 17:08:03.744,2,NVIDIA A100-SXM-64GB,115.30,31912,100
1187,2026-05-18 17:08:03.487467,2026/05/18 17:08:03.753,3,NVIDIA A100-SXM-64GB,116.56,31846,100
1188,2026-05-18 17:08:08.846294,2026/05/18 17:08:09.022,0,NVIDIA A100-SXM-64GB,101.31,31904,100
1189,2026-05-18 17:08:08.846294,2026/05/18 17:08:09.025,1,NVIDIA A100-SXM-64GB,109.00,31922,100
1190,2026-05-18 17:08:08.846294,2026/05/18 17:08:09.036,2,NVIDIA A100-SXM-64GB,104.61,31912,100
1191,2026-05-18 17:08:08.846294,2026/05/18 17:08:09.095,3,NVIDIA A100-SXM-64GB,102.37,31846,100
1192,2026-05-18 17:08:14.150977,2026/05/18 17:08:14.316,0,NVIDIA A100-SXM-64GB,110.98,31904,100
1193,2026-05-18 17:08:14.150977,2026/05/18 17:08:14.357,1,NVIDIA A100-SXM-64GB,101.70,31922,100
1194,2026-05-18 17:08:14.150977,2026/05/18 17:08:14.359,2,NVIDIA A100-SXM-64GB,104.01,31912,100
1195,2026-05-18 17:08:14.150977,2026/05/18 17:08:14.374,3,NVIDIA A100-SXM-64GB,103.63,31846,100
1196,2026-05-18 17:08:19.459930,2026/05/18 17:08:19.643,0,NVIDIA A100-SXM-64GB,97.12,31904,100
1197,2026-05-18 17:08:19.459930,2026/05/18 17:08:19.646,1,NVIDIA A100-SXM-64GB,137.41,31922,100
1198,2026-05-18 17:08:19.459930,2026/05/18 17:08:19.648,2,NVIDIA A100-SXM-64GB,100.17,31912,100
1199,2026-05-18 17:08:19.459930,2026/05/18 17:08:19.671,3,NVIDIA A100-SXM-64GB,102.31,31846,100
1200,2026-05-18 17:08:24.784761,2026/05/18 17:08:24.962,0,NVIDIA A100-SXM-64GB,99.77,31904,100
1201,2026-05-18 17:08:24.784761,2026/05/18 17:08:24.965,1,NVIDIA A100-SXM-64GB,118.94,31922,100
1202,2026-05-18 17:08:24.784761,2026/05/18 17:08:25.010,2,NVIDIA A100-SXM-64GB,94.35,31912,100
1203,2026-05-18 17:08:24.784761,2026/05/18 17:08:25.012,3,NVIDIA A100-SXM-64GB,99.57,31846,100
1204,2026-05-18 17:08:30.111703,2026/05/18 17:08:30.292,0,NVIDIA A100-SXM-64GB,92.13,31904,100
1205,2026-05-18 17:08:30.111703,2026/05/18 17:08:30.312,1,NVIDIA A100-SXM-64GB,95.56,31922,100
1206,2026-05-18 17:08:30.111703,2026/05/18 17:08:30.323,2,NVIDIA A100-SXM-64GB,91.84,31912,100
1207,2026-05-18 17:08:30.111703,2026/05/18 17:08:30.345,3,NVIDIA A100-SXM-64GB,96.06,31846,100
1208,2026-05-18 17:08:35.438900,2026/05/18 17:08:35.602,0,NVIDIA A100-SXM-64GB,92.13,31904,100
1209,2026-05-18 17:08:35.438900,2026/05/18 17:08:35.605,1,NVIDIA A100-SXM-64GB,114.00,31922,100
1210,2026-05-18 17:08:35.438900,2026/05/18 17:08:35.620,2,NVIDIA A100-SXM-64GB,109.33,31912,100
1211,2026-05-18 17:08:35.438900,2026/05/18 17:08:35.678,3,NVIDIA A100-SXM-64GB,109.60,31846,100
1212,2026-05-18 17:08:40.740280,2026/05/18 17:08:40.913,0,NVIDIA A100-SXM-64GB,99.67,31904,100
1213,2026-05-18 17:08:40.740280,2026/05/18 17:08:40.954,1,NVIDIA A100-SXM-64GB,108.72,31922,100
1214,2026-05-18 17:08:40.740280,2026/05/18 17:08:40.957,2,NVIDIA A100-SXM-64GB,107.79,31912,100
1215,2026-05-18 17:08:40.740280,2026/05/18 17:08:40.966,3,NVIDIA A100-SXM-64GB,110.42,31846,100
1216,2026-05-18 17:08:46.058605,2026/05/18 17:08:46.231,0,NVIDIA A100-SXM-64GB,107.52,31904,100
1217,2026-05-18 17:08:46.058605,2026/05/18 17:08:46.280,1,NVIDIA A100-SXM-64GB,106.37,31922,100
1218,2026-05-18 17:08:46.058605,2026/05/18 17:08:46.283,2,NVIDIA A100-SXM-64GB,104.72,31912,100
1219,2026-05-18 17:08:46.058605,2026/05/18 17:08:46.290,3,NVIDIA A100-SXM-64GB,103.52,31846,100
1220,2026-05-18 17:08:51.412712,2026/05/18 17:08:51.551,0,NVIDIA A100-SXM-64GB,91.19,31904,50
1221,2026-05-18 17:08:51.412712,2026/05/18 17:08:51.554,1,NVIDIA A100-SXM-64GB,96.16,31922,100
1222,2026-05-18 17:08:51.412712,2026/05/18 17:08:51.563,2,NVIDIA A100-SXM-64GB,91.84,31912,100
1223,2026-05-18 17:08:51.412712,2026/05/18 17:08:51.634,3,NVIDIA A100-SXM-64GB,94.86,31846,48
1224,2026-05-18 17:08:56.706656,2026/05/18 17:08:56.880,0,NVIDIA A100-SXM-64GB,101.91,31904,100
1225,2026-05-18 17:08:56.706656,2026/05/18 17:08:56.883,1,NVIDIA A100-SXM-64GB,128.39,31922,100
1226,2026-05-18 17:08:56.706656,2026/05/18 17:08:56.928,2,NVIDIA A100-SXM-64GB,95.56,31912,100
1227,2026-05-18 17:08:56.706656,2026/05/18 17:08:56.931,3,NVIDIA A100-SXM-64GB,105.27,31846,100
1228,2026-05-18 17:09:02.015222,2026/05/18 17:09:02.192,0,NVIDIA A100-SXM-64GB,91.80,31904,100
1229,2026-05-18 17:09:02.015222,2026/05/18 17:09:02.194,1,NVIDIA A100-SXM-64GB,95.29,31922,100
1230,2026-05-18 17:09:02.015222,2026/05/18 17:09:02.206,2,NVIDIA A100-SXM-64GB,91.52,31912,100
1231,2026-05-18 17:09:02.015222,2026/05/18 17:09:02.259,3,NVIDIA A100-SXM-64GB,95.79,31846,100
1232,2026-05-18 17:09:07.313611,2026/05/18 17:09:07.511,0,NVIDIA A100-SXM-64GB,103.55,31904,100
1233,2026-05-18 17:09:07.313611,2026/05/18 17:09:07.514,1,NVIDIA A100-SXM-64GB,99.67,31922,100
1234,2026-05-18 17:09:07.313611,2026/05/18 17:09:07.524,2,NVIDIA A100-SXM-64GB,93.15,31912,100
1235,2026-05-18 17:09:07.313611,2026/05/18 17:09:07.565,3,NVIDIA A100-SXM-64GB,97.10,31846,100
1236,2026-05-18 17:09:12.635450,2026/05/18 17:09:12.815,0,NVIDIA A100-SXM-64GB,93.84,31904,100
1237,2026-05-18 17:09:12.635450,2026/05/18 17:09:12.817,1,NVIDIA A100-SXM-64GB,101.00,31922,100
1238,2026-05-18 17:09:12.635450,2026/05/18 17:09:12.825,2,NVIDIA A100-SXM-64GB,102.70,31912,100
1239,2026-05-18 17:09:12.635450,2026/05/18 17:09:12.885,3,NVIDIA A100-SXM-64GB,114.09,31846,100
1240,2026-05-18 17:09:17.951176,2026/05/18 17:09:18.343,0,NVIDIA A100-SXM-64GB,91.80,31904,100
1241,2026-05-18 17:09:17.951176,2026/05/18 17:09:18.346,1,NVIDIA A100-SXM-64GB,86.49,31922,0
1242,2026-05-18 17:09:17.951176,2026/05/18 17:09:18.352,2,NVIDIA A100-SXM-64GB,91.61,31912,100
1243,2026-05-18 17:09:17.951176,2026/05/18 17:09:18.354,3,NVIDIA A100-SXM-64GB,96.16,31846,100
1244,2026-05-18 17:09:23.400942,2026/05/18 17:09:23.573,0,NVIDIA A100-SXM-64GB,96.69,31904,100
1245,2026-05-18 17:09:23.400942,2026/05/18 17:09:23.576,1,NVIDIA A100-SXM-64GB,111.14,31922,100
1246,2026-05-18 17:09:23.400942,2026/05/18 17:09:23.588,2,NVIDIA A100-SXM-64GB,97.32,31912,100
1247,2026-05-18 17:09:23.400942,2026/05/18 17:09:23.612,3,NVIDIA A100-SXM-64GB,102.80,31846,100
1248,2026-05-18 17:09:28.705220,2026/05/18 17:09:28.875,0,NVIDIA A100-SXM-64GB,92.03,31904,100
1249,2026-05-18 17:09:28.705220,2026/05/18 17:09:28.878,1,NVIDIA A100-SXM-64GB,95.46,31922,100
1250,2026-05-18 17:09:28.705220,2026/05/18 17:09:28.880,2,NVIDIA A100-SXM-64GB,91.75,31912,100
1251,2026-05-18 17:09:28.705220,2026/05/18 17:09:28.932,3,NVIDIA A100-SXM-64GB,95.96,31846,100
1252,2026-05-18 17:09:33.983834,2026/05/18 17:09:34.160,0,NVIDIA A100-SXM-64GB,93.61,31904,100
1253,2026-05-18 17:09:33.983834,2026/05/18 17:09:34.163,1,NVIDIA A100-SXM-64GB,106.59,31922,100
1254,2026-05-18 17:09:33.983834,2026/05/18 17:09:34.215,2,NVIDIA A100-SXM-64GB,103.74,31912,100
1255,2026-05-18 17:09:33.983834,2026/05/18 17:09:34.218,3,NVIDIA A100-SXM-64GB,110.42,31846,100
1256,2026-05-18 17:09:39.294836,2026/05/18 17:09:39.466,0,NVIDIA A100-SXM-64GB,91.71,31904,100
1257,2026-05-18 17:09:39.294836,2026/05/18 17:09:39.497,1,NVIDIA A100-SXM-64GB,95.19,31922,100
1258,2026-05-18 17:09:39.294836,2026/05/18 17:09:39.545,2,NVIDIA A100-SXM-64GB,73.41,31912,0
1259,2026-05-18 17:09:39.294836,2026/05/18 17:09:39.548,3,NVIDIA A100-SXM-64GB,95.69,31846,100
1260,2026-05-18 17:09:44.636252,2026/05/18 17:09:44.814,0,NVIDIA A100-SXM-64GB,100.27,31904,100
1261,2026-05-18 17:09:44.636252,2026/05/18 17:09:44.854,1,NVIDIA A100-SXM-64GB,111.96,31922,100
1262,2026-05-18 17:09:44.636252,2026/05/18 17:09:44.893,2,NVIDIA A100-SXM-64GB,107.57,31912,100
1263,2026-05-18 17:09:44.636252,2026/05/18 17:09:44.896,3,NVIDIA A100-SXM-64GB,108.39,31846,100
1264,2026-05-18 17:09:49.969386,2026/05/18 17:09:50.144,0,NVIDIA A100-SXM-64GB,104.93,31904,100
1265,2026-05-18 17:09:49.969386,2026/05/18 17:09:50.147,1,NVIDIA A100-SXM-64GB,115.74,31922,100
1266,2026-05-18 17:09:49.969386,2026/05/18 17:09:50.189,2,NVIDIA A100-SXM-64GB,101.87,31912,100
1267,2026-05-18 17:09:49.969386,2026/05/18 17:09:50.192,3,NVIDIA A100-SXM-64GB,112.28,31846,100
1268,2026-05-18 17:09:55.275632,2026/05/18 17:09:55.446,0,NVIDIA A100-SXM-64GB,110.76,31904,100
1269,2026-05-18 17:09:55.275632,2026/05/18 17:09:55.449,1,NVIDIA A100-SXM-64GB,99.23,31922,100
1270,2026-05-18 17:09:55.275632,2026/05/18 17:09:55.518,2,NVIDIA A100-SXM-64GB,92.12,31912,100
1271,2026-05-18 17:09:55.275632,2026/05/18 17:09:55.520,3,NVIDIA A100-SXM-64GB,96.29,31846,100
1272,2026-05-18 17:10:00.641398,2026/05/18 17:10:00.810,0,NVIDIA A100-SXM-64GB,112.90,31904,100
1273,2026-05-18 17:10:00.641398,2026/05/18 17:10:00.813,1,NVIDIA A100-SXM-64GB,106.09,31922,100
1274,2026-05-18 17:10:00.641398,2026/05/18 17:10:00.852,2,NVIDIA A100-SXM-64GB,104.94,31912,100
1275,2026-05-18 17:10:00.641398,2026/05/18 17:10:00.855,3,NVIDIA A100-SXM-64GB,109.22,31846,100
1276,2026-05-18 17:10:05.967228,2026/05/18 17:10:06.117,0,NVIDIA A100-SXM-64GB,106.48,31904,100
1277,2026-05-18 17:10:05.967228,2026/05/18 17:10:06.126,1,NVIDIA A100-SXM-64GB,104.72,31922,100
1278,2026-05-18 17:10:05.967228,2026/05/18 17:10:06.154,2,NVIDIA A100-SXM-64GB,151.48,31912,100
1279,2026-05-18 17:10:05.967228,2026/05/18 17:10:06.221,3,NVIDIA A100-SXM-64GB,127.06,31846,83
1280,2026-05-18 17:10:11.280211,2026/05/18 17:10:11.452,0,NVIDIA A100-SXM-64GB,105.87,31904,100
1281,2026-05-18 17:10:11.280211,2026/05/18 17:10:11.455,1,NVIDIA A100-SXM-64GB,110.86,31922,100
1282,2026-05-18 17:10:11.280211,2026/05/18 17:10:11.464,2,NVIDIA A100-SXM-64GB,104.01,31912,100
1283,2026-05-18 17:10:11.280211,2026/05/18 17:10:11.504,3,NVIDIA A100-SXM-64GB,103.74,31846,100
1284,2026-05-18 17:10:16.585909,2026/05/18 17:10:16.759,0,NVIDIA A100-SXM-64GB,110.76,31904,100
1285,2026-05-18 17:10:16.585909,2026/05/18 17:10:16.762,1,NVIDIA A100-SXM-64GB,107.19,31922,100
1286,2026-05-18 17:10:16.585909,2026/05/18 17:10:16.776,2,NVIDIA A100-SXM-64GB,103.41,31912,100
1287,2026-05-18 17:10:16.585909,2026/05/18 17:10:16.841,3,NVIDIA A100-SXM-64GB,106.48,31846,100
1288,2026-05-18 17:10:21.890522,2026/05/18 17:10:22.071,0,NVIDIA A100-SXM-64GB,110.76,31904,100
1289,2026-05-18 17:10:21.890522,2026/05/18 17:10:22.074,1,NVIDIA A100-SXM-64GB,121.69,31922,100
1290,2026-05-18 17:10:21.890522,2026/05/18 17:10:22.093,2,NVIDIA A100-SXM-64GB,124.45,31912,100
1291,2026-05-18 17:10:21.890522,2026/05/18 17:10:22.141,3,NVIDIA A100-SXM-64GB,110.42,31846,100
1292,2026-05-18 17:10:27.202764,2026/05/18 17:10:27.437,0,NVIDIA A100-SXM-64GB,97.90,31904,100
1293,2026-05-18 17:10:27.202764,2026/05/18 17:10:27.483,1,NVIDIA A100-SXM-64GB,111.58,31922,100
1294,2026-05-18 17:10:27.202764,2026/05/18 17:10:27.486,2,NVIDIA A100-SXM-64GB,101.70,31912,100
1295,2026-05-18 17:10:27.202764,2026/05/18 17:10:27.533,3,NVIDIA A100-SXM-64GB,148.41,31846,100
1296,2026-05-18 17:10:32.590598,2026/05/18 17:10:32.757,0,NVIDIA A100-SXM-64GB,99.77,31904,100
1297,2026-05-18 17:10:32.590598,2026/05/18 17:10:32.805,1,NVIDIA A100-SXM-64GB,105.49,31922,85
1298,2026-05-18 17:10:32.590598,2026/05/18 17:10:32.808,2,NVIDIA A100-SXM-64GB,103.24,31912,93
1299,2026-05-18 17:10:32.590598,2026/05/18 17:10:32.853,3,NVIDIA A100-SXM-64GB,111.35,31846,94
1300,2026-05-18 17:10:37.912914,2026/05/18 17:10:38.085,0,NVIDIA A100-SXM-64GB,110.04,31904,100
1301,2026-05-18 17:10:37.912914,2026/05/18 17:10:38.106,1,NVIDIA A100-SXM-64GB,109.60,31922,100
1302,2026-05-18 17:10:37.912914,2026/05/18 17:10:38.155,2,NVIDIA A100-SXM-64GB,93.32,31912,100
1303,2026-05-18 17:10:37.912914,2026/05/18 17:10:38.158,3,NVIDIA A100-SXM-64GB,109.22,31846,100
1304,2026-05-18 17:10:43.284536,2026/05/18 17:10:43.450,0,NVIDIA A100-SXM-64GB,100.27,31904,100
1305,2026-05-18 17:10:43.284536,2026/05/18 17:10:43.452,1,NVIDIA A100-SXM-64GB,110.14,31922,100
1306,2026-05-18 17:10:43.284536,2026/05/18 17:10:43.455,2,NVIDIA A100-SXM-64GB,101.17,31912,100
1307,2026-05-18 17:10:43.284536,2026/05/18 17:10:43.529,3,NVIDIA A100-SXM-64GB,107.90,31846,100
1308,2026-05-18 17:10:48.578092,2026/05/18 17:10:48.753,0,NVIDIA A100-SXM-64GB,115.17,31904,100
1309,2026-05-18 17:10:48.578092,2026/05/18 17:10:48.756,1,NVIDIA A100-SXM-64GB,103.12,31922,100
1310,2026-05-18 17:10:48.578092,2026/05/18 17:10:48.762,2,NVIDIA A100-SXM-64GB,95.89,31912,100
1311,2026-05-18 17:10:48.578092,2026/05/18 17:10:48.824,3,NVIDIA A100-SXM-64GB,122.18,31846,100
1312,2026-05-18 17:10:53.882636,2026/05/18 17:10:54.053,0,NVIDIA A100-SXM-64GB,104.66,31904,100
1313,2026-05-18 17:10:53.882636,2026/05/18 17:10:54.056,1,NVIDIA A100-SXM-64GB,109.71,31922,100
1314,2026-05-18 17:10:53.882636,2026/05/18 17:10:54.059,2,NVIDIA A100-SXM-64GB,109.93,31912,100
1315,2026-05-18 17:10:53.882636,2026/05/18 17:10:54.105,3,NVIDIA A100-SXM-64GB,111.96,31846,100
1316,2026-05-18 17:10:59.179330,2026/05/18 17:10:59.350,0,NVIDIA A100-SXM-64GB,106.48,31904,94
1317,2026-05-18 17:10:59.179330,2026/05/18 17:10:59.353,1,NVIDIA A100-SXM-64GB,109.71,31922,83
1318,2026-05-18 17:10:59.179330,2026/05/18 17:10:59.399,2,NVIDIA A100-SXM-64GB,104.44,31912,86
1319,2026-05-18 17:10:59.179330,2026/05/18 17:10:59.402,3,NVIDIA A100-SXM-64GB,108.39,31846,99
1320,2026-05-18 17:11:04.535396,2026/05/18 17:11:04.702,0,NVIDIA A100-SXM-64GB,105.87,31904,100
1321,2026-05-18 17:11:04.535396,2026/05/18 17:11:04.705,1,NVIDIA A100-SXM-64GB,106.09,31922,100
1322,2026-05-18 17:11:04.535396,2026/05/18 17:11:04.745,2,NVIDIA A100-SXM-64GB,97.42,31912,100
1323,2026-05-18 17:11:04.535396,2026/05/18 17:11:04.749,3,NVIDIA A100-SXM-64GB,98.63,31846,100
1324,2026-05-18 17:11:09.834432,2026/05/18 17:11:10.005,0,NVIDIA A100-SXM-64GB,101.81,31904,100
1325,2026-05-18 17:11:09.834432,2026/05/18 17:11:10.008,1,NVIDIA A100-SXM-64GB,106.26,31922,100
1326,2026-05-18 17:11:09.834432,2026/05/18 17:11:10.052,2,NVIDIA A100-SXM-64GB,98.10,31912,100
1327,2026-05-18 17:11:09.834432,2026/05/18 17:11:10.055,3,NVIDIA A100-SXM-64GB,104.84,31846,100
1328,2026-05-18 17:11:15.151846,2026/05/18 17:11:15.339,0,NVIDIA A100-SXM-64GB,95.99,31904,100
1329,2026-05-18 17:11:15.151846,2026/05/18 17:11:15.342,1,NVIDIA A100-SXM-64GB,99.57,31922,100
1330,2026-05-18 17:11:15.151846,2026/05/18 17:11:15.350,2,NVIDIA A100-SXM-64GB,95.79,31912,100
1331,2026-05-18 17:11:15.151846,2026/05/18 17:11:15.408,3,NVIDIA A100-SXM-64GB,99.74,31846,100
1332,2026-05-18 17:11:20.463912,2026/05/18 17:11:20.641,0,NVIDIA A100-SXM-64GB,96.26,31904,100
1333,2026-05-18 17:11:20.463912,2026/05/18 17:11:20.644,1,NVIDIA A100-SXM-64GB,98.96,31922,100
1334,2026-05-18 17:11:20.463912,2026/05/18 17:11:20.647,2,NVIDIA A100-SXM-64GB,94.58,31912,100
1335,2026-05-18 17:11:20.463912,2026/05/18 17:11:20.703,3,NVIDIA A100-SXM-64GB,106.37,31846,100
1336,2026-05-18 17:11:25.790985,2026/05/18 17:11:25.960,0,NVIDIA A100-SXM-64GB,107.30,31904,100
1337,2026-05-18 17:11:25.790985,2026/05/18 17:11:25.963,1,NVIDIA A100-SXM-64GB,108.61,31922,100
1338,2026-05-18 17:11:25.790985,2026/05/18 17:11:26.002,2,NVIDIA A100-SXM-64GB,105.16,31912,100
1339,2026-05-18 17:11:25.790985,2026/05/18 17:11:26.005,3,NVIDIA A100-SXM-64GB,104.23,31846,100
1340,2026-05-18 17:11:31.079400,2026/05/18 17:11:31.246,0,NVIDIA A100-SXM-64GB,108.34,31904,100
1341,2026-05-18 17:11:31.079400,2026/05/18 17:11:31.249,1,NVIDIA A100-SXM-64GB,114.00,31922,100
1342,2026-05-18 17:11:31.079400,2026/05/18 17:11:31.300,2,NVIDIA A100-SXM-64GB,93.75,31912,100
1343,2026-05-18 17:11:31.079400,2026/05/18 17:11:31.303,3,NVIDIA A100-SXM-64GB,101.27,31846,100
1344,2026-05-18 17:11:36.376779,2026/05/18 17:11:36.547,0,NVIDIA A100-SXM-64GB,102.69,31904,100
1345,2026-05-18 17:11:36.376779,2026/05/18 17:11:36.573,1,NVIDIA A100-SXM-64GB,106.75,31922,100
1346,2026-05-18 17:11:36.376779,2026/05/18 17:11:36.575,2,NVIDIA A100-SXM-64GB,100.23,31912,100
1347,2026-05-18 17:11:36.376779,2026/05/18 17:11:36.592,3,NVIDIA A100-SXM-64GB,108.17,31846,100
1348,2026-05-18 17:11:41.750190,2026/05/18 17:11:41.930,0,NVIDIA A100-SXM-64GB,110.65,31904,100
1349,2026-05-18 17:11:41.750190,2026/05/18 17:11:41.933,1,NVIDIA A100-SXM-64GB,110.42,31922,100
1350,2026-05-18 17:11:41.750190,2026/05/18 17:11:41.974,2,NVIDIA A100-SXM-64GB,92.72,31912,100
1351,2026-05-18 17:11:41.750190,2026/05/18 17:11:41.976,3,NVIDIA A100-SXM-64GB,106.37,31846,100
1352,2026-05-18 17:11:47.065501,2026/05/18 17:11:47.245,0,NVIDIA A100-SXM-64GB,93.94,31904,100
1353,2026-05-18 17:11:47.065501,2026/05/18 17:11:47.248,1,NVIDIA A100-SXM-64GB,97.20,31922,100
1354,2026-05-18 17:11:47.065501,2026/05/18 17:11:47.251,2,NVIDIA A100-SXM-64GB,97.10,31912,100
1355,2026-05-18 17:11:47.065501,2026/05/18 17:11:47.306,3,NVIDIA A100-SXM-64GB,108.72,31846,100
1356,2026-05-18 17:11:52.405477,2026/05/18 17:11:52.575,0,NVIDIA A100-SXM-64GB,103.12,31904,100
1357,2026-05-18 17:11:52.405477,2026/05/18 17:11:52.578,1,NVIDIA A100-SXM-64GB,107.30,31922,100
1358,2026-05-18 17:11:52.405477,2026/05/18 17:11:52.631,2,NVIDIA A100-SXM-64GB,110.86,31912,100
1359,2026-05-18 17:11:52.405477,2026/05/18 17:11:52.634,3,NVIDIA A100-SXM-64GB,112.56,31846,100
1360,2026-05-18 17:11:57.738832,2026/05/18 17:11:57.913,0,NVIDIA A100-SXM-64GB,105.16,31904,100
1361,2026-05-18 17:11:57.738832,2026/05/18 17:11:57.916,1,NVIDIA A100-SXM-64GB,107.68,31922,100
1362,2026-05-18 17:11:57.738832,2026/05/18 17:11:57.975,2,NVIDIA A100-SXM-64GB,95.79,31912,100
1363,2026-05-18 17:11:57.738832,2026/05/18 17:11:57.978,3,NVIDIA A100-SXM-64GB,108.78,31846,100
1364,2026-05-18 17:12:03.079201,2026/05/18 17:12:03.249,0,NVIDIA A100-SXM-64GB,109.55,31904,100
1365,2026-05-18 17:12:03.079201,2026/05/18 17:12:03.272,1,NVIDIA A100-SXM-64GB,114.00,31922,100
1366,2026-05-18 17:12:03.079201,2026/05/18 17:12:03.275,2,NVIDIA A100-SXM-64GB,106.59,31912,100
1367,2026-05-18 17:12:03.079201,2026/05/18 17:12:03.312,3,NVIDIA A100-SXM-64GB,115.30,31846,100
1368,2026-05-18 17:12:08.374750,2026/05/18 17:12:08.604,0,NVIDIA A100-SXM-64GB,111.86,31904,100
1369,2026-05-18 17:12:08.374750,2026/05/18 17:12:08.606,1,NVIDIA A100-SXM-64GB,117.29,31922,100
1370,2026-05-18 17:12:08.374750,2026/05/18 17:12:08.612,2,NVIDIA A100-SXM-64GB,147.81,31912,100
1371,2026-05-18 17:12:08.374750,2026/05/18 17:12:08.691,3,NVIDIA A100-SXM-64GB,111.24,31846,100
1372,2026-05-18 17:12:13.736982,2026/05/18 17:12:13.924,0,NVIDIA A100-SXM-64GB,93.01,31904,100
1373,2026-05-18 17:12:13.736982,2026/05/18 17:12:13.927,1,NVIDIA A100-SXM-64GB,96.59,31922,100
1374,2026-05-18 17:12:13.736982,2026/05/18 17:12:13.939,2,NVIDIA A100-SXM-64GB,94.08,31912,100
1375,2026-05-18 17:12:13.736982,2026/05/18 17:12:14.029,3,NVIDIA A100-SXM-64GB,102.91,31846,100
1376,2026-05-18 17:12:19.082708,2026/05/18 17:12:19.262,0,NVIDIA A100-SXM-64GB,102.08,31904,100
1377,2026-05-18 17:12:19.082708,2026/05/18 17:12:19.265,1,NVIDIA A100-SXM-64GB,105.54,31922,100
1378,2026-05-18 17:12:19.082708,2026/05/18 17:12:19.312,2,NVIDIA A100-SXM-64GB,96.39,31912,100
1379,2026-05-18 17:12:19.082708,2026/05/18 17:12:19.316,3,NVIDIA A100-SXM-64GB,116.71,31846,100
1380,2026-05-18 17:12:24.389165,2026/05/18 17:12:24.574,0,NVIDIA A100-SXM-64GB,114.11,31904,100
1381,2026-05-18 17:12:24.389165,2026/05/18 17:12:24.602,1,NVIDIA A100-SXM-64GB,127.05,31922,100
1382,2026-05-18 17:12:24.389165,2026/05/18 17:12:24.605,2,NVIDIA A100-SXM-64GB,106.59,31912,100
1383,2026-05-18 17:12:24.389165,2026/05/18 17:12:24.633,3,NVIDIA A100-SXM-64GB,112.88,31846,100
1384,2026-05-18 17:12:29.702299,2026/05/18 17:12:29.873,0,NVIDIA A100-SXM-64GB,102.41,31904,100
1385,2026-05-18 17:12:29.702299,2026/05/18 17:12:29.876,1,NVIDIA A100-SXM-64GB,105.65,31922,100
1386,2026-05-18 17:12:29.702299,2026/05/18 17:12:29.890,2,NVIDIA A100-SXM-64GB,100.89,31912,100
1387,2026-05-18 17:12:29.702299,2026/05/18 17:12:29.946,3,NVIDIA A100-SXM-64GB,102.37,31846,100
1388,2026-05-18 17:12:34.999186,2026/05/18 17:12:35.167,0,NVIDIA A100-SXM-64GB,101.69,31904,100
1389,2026-05-18 17:12:34.999186,2026/05/18 17:12:35.196,1,NVIDIA A100-SXM-64GB,106.37,31922,100
1390,2026-05-18 17:12:34.999186,2026/05/18 17:12:35.198,2,NVIDIA A100-SXM-64GB,102.58,31912,100
1391,2026-05-18 17:12:34.999186,2026/05/18 17:12:35.260,3,NVIDIA A100-SXM-64GB,110.14,31846,100
1392,2026-05-18 17:12:40.321554,2026/05/18 17:12:40.493,0,NVIDIA A100-SXM-64GB,106.09,31904,100
1393,2026-05-18 17:12:40.321554,2026/05/18 17:12:40.496,1,NVIDIA A100-SXM-64GB,106.48,31922,100
1394,2026-05-18 17:12:40.321554,2026/05/18 17:12:40.542,2,NVIDIA A100-SXM-64GB,102.37,31912,100
1395,2026-05-18 17:12:40.321554,2026/05/18 17:12:40.545,3,NVIDIA A100-SXM-64GB,108.17,31846,100
1396,2026-05-18 17:12:45.636493,2026/05/18 17:12:45.809,0,NVIDIA A100-SXM-64GB,104.82,31904,100
1397,2026-05-18 17:12:45.636493,2026/05/18 17:12:45.812,1,NVIDIA A100-SXM-64GB,106.15,31922,100
1398,2026-05-18 17:12:45.636493,2026/05/18 17:12:45.825,2,NVIDIA A100-SXM-64GB,102.10,31912,100
1399,2026-05-18 17:12:45.636493,2026/05/18 17:12:45.882,3,NVIDIA A100-SXM-64GB,103.63,31846,100
1400,2026-05-18 17:12:50.954573,2026/05/18 17:12:51.126,0,NVIDIA A100-SXM-64GB,105.27,31904,100
1401,2026-05-18 17:12:50.954573,2026/05/18 17:12:51.129,1,NVIDIA A100-SXM-64GB,110.54,31922,100
1402,2026-05-18 17:12:50.954573,2026/05/18 17:12:51.176,2,NVIDIA A100-SXM-64GB,97.93,31912,100
1403,2026-05-18 17:12:50.954573,2026/05/18 17:12:51.179,3,NVIDIA A100-SXM-64GB,98.20,31846,100
1404,2026-05-18 17:12:56.267822,2026/05/18 17:12:56.431,0,NVIDIA A100-SXM-64GB,107.74,31904,100
1405,2026-05-18 17:12:56.267822,2026/05/18 17:12:56.484,1,NVIDIA A100-SXM-64GB,106.26,31922,100
1406,2026-05-18 17:12:56.267822,2026/05/18 17:12:56.487,2,NVIDIA A100-SXM-64GB,108.89,31912,100
1407,2026-05-18 17:12:56.267822,2026/05/18 17:12:56.499,3,NVIDIA A100-SXM-64GB,96.72,31846,100
1408,2026-05-18 17:13:01.601230,2026/05/18 17:13:01.772,0,NVIDIA A100-SXM-64GB,106.09,31904,100
1409,2026-05-18 17:13:01.601230,2026/05/18 17:13:01.803,1,NVIDIA A100-SXM-64GB,111.14,31922,100
1410,2026-05-18 17:13:01.601230,2026/05/18 17:13:01.805,2,NVIDIA A100-SXM-64GB,97.32,31912,100
1411,2026-05-18 17:13:01.601230,2026/05/18 17:13:01.818,3,NVIDIA A100-SXM-64GB,111.63,31846,100
1412,2026-05-18 17:13:06.909484,2026/05/18 17:13:07.082,0,NVIDIA A100-SXM-64GB,91.71,31904,100
1413,2026-05-18 17:13:06.909484,2026/05/18 17:13:07.085,1,NVIDIA A100-SXM-64GB,95.56,31922,100
1414,2026-05-18 17:13:06.909484,2026/05/18 17:13:07.091,2,NVIDIA A100-SXM-64GB,91.84,31912,100
1415,2026-05-18 17:13:06.909484,2026/05/18 17:13:07.141,3,NVIDIA A100-SXM-64GB,95.96,31846,100
1416,2026-05-18 17:13:12.204357,2026/05/18 17:13:12.371,0,NVIDIA A100-SXM-64GB,92.13,31904,100
1417,2026-05-18 17:13:12.204357,2026/05/18 17:13:12.374,1,NVIDIA A100-SXM-64GB,95.89,31922,100
1418,2026-05-18 17:13:12.204357,2026/05/18 17:13:12.379,2,NVIDIA A100-SXM-64GB,133.79,31912,100
1419,2026-05-18 17:13:12.204357,2026/05/18 17:13:12.437,3,NVIDIA A100-SXM-64GB,100.34,31846,100
1420,2026-05-18 17:13:17.485348,2026/05/18 17:13:17.652,0,NVIDIA A100-SXM-64GB,111.25,31904,100
1421,2026-05-18 17:13:17.485348,2026/05/18 17:13:17.655,1,NVIDIA A100-SXM-64GB,112.40,31922,100
1422,2026-05-18 17:13:17.485348,2026/05/18 17:13:17.664,2,NVIDIA A100-SXM-64GB,101.87,31912,100
1423,2026-05-18 17:13:17.485348,2026/05/18 17:13:17.730,3,NVIDIA A100-SXM-64GB,119.18,31846,100
1424,2026-05-18 17:13:22.781773,2026/05/18 17:13:22.939,0,NVIDIA A100-SXM-64GB,91.80,31904,100
1425,2026-05-18 17:13:22.781773,2026/05/18 17:13:22.943,1,NVIDIA A100-SXM-64GB,95.29,31922,100
1426,2026-05-18 17:13:22.781773,2026/05/18 17:13:22.945,2,NVIDIA A100-SXM-64GB,91.52,31912,100
1427,2026-05-18 17:13:22.781773,2026/05/18 17:13:22.997,3,NVIDIA A100-SXM-64GB,95.79,31846,100
1428,2026-05-18 17:13:28.037681,2026/05/18 17:13:28.210,0,NVIDIA A100-SXM-64GB,91.80,31904,100
1429,2026-05-18 17:13:28.037681,2026/05/18 17:13:28.213,1,NVIDIA A100-SXM-64GB,95.29,31922,100
1430,2026-05-18 17:13:28.037681,2026/05/18 17:13:28.259,2,NVIDIA A100-SXM-64GB,91.61,31912,100
1431,2026-05-18 17:13:28.037681,2026/05/18 17:13:28.263,3,NVIDIA A100-SXM-64GB,95.79,31846,100
1432,2026-05-18 17:13:33.337656,2026/05/18 17:13:33.515,0,NVIDIA A100-SXM-64GB,101.81,31904,100
1433,2026-05-18 17:13:33.337656,2026/05/18 17:13:33.518,1,NVIDIA A100-SXM-64GB,95.89,31922,100
1434,2026-05-18 17:13:33.337656,2026/05/18 17:13:33.524,2,NVIDIA A100-SXM-64GB,107.29,31912,100
1435,2026-05-18 17:13:33.337656,2026/05/18 17:13:33.584,3,NVIDIA A100-SXM-64GB,139.00,31846,100
1436,2026-05-18 17:13:38.637176,2026/05/18 17:13:38.800,0,NVIDIA A100-SXM-64GB,115.98,31904,100
1437,2026-05-18 17:13:38.637176,2026/05/18 17:13:38.837,1,NVIDIA A100-SXM-64GB,114.32,31922,100
1438,2026-05-18 17:13:38.637176,2026/05/18 17:13:38.839,2,NVIDIA A100-SXM-64GB,100.77,31912,100
1439,2026-05-18 17:13:38.637176,2026/05/18 17:13:38.847,3,NVIDIA A100-SXM-64GB,113.49,31846,100
1440,2026-05-18 17:13:43.957975,2026/05/18 17:13:44.126,0,NVIDIA A100-SXM-64GB,91.47,31904,100
1441,2026-05-18 17:13:43.957975,2026/05/18 17:13:44.129,1,NVIDIA A100-SXM-64GB,95.29,31922,100
1442,2026-05-18 17:13:43.957975,2026/05/18 17:13:44.132,2,NVIDIA A100-SXM-64GB,91.52,31912,100
1443,2026-05-18 17:13:43.957975,2026/05/18 17:13:44.191,3,NVIDIA A100-SXM-64GB,95.96,31846,100
1444,2026-05-18 17:13:49.244760,2026/05/18 17:13:49.409,0,NVIDIA A100-SXM-64GB,91.71,31904,100
1445,2026-05-18 17:13:49.244760,2026/05/18 17:13:49.448,1,NVIDIA A100-SXM-64GB,95.29,31922,100
1446,2026-05-18 17:13:49.244760,2026/05/18 17:13:49.451,2,NVIDIA A100-SXM-64GB,91.52,31912,100
1447,2026-05-18 17:13:49.244760,2026/05/18 17:13:49.497,3,NVIDIA A100-SXM-64GB,95.79,31846,100
1448,2026-05-18 17:13:54.550146,2026/05/18 17:13:54.723,0,NVIDIA A100-SXM-64GB,129.46,31904,100
1449,2026-05-18 17:13:54.550146,2026/05/18 17:13:54.726,1,NVIDIA A100-SXM-64GB,108.89,31922,100
1450,2026-05-18 17:13:54.550146,2026/05/18 17:13:54.770,2,NVIDIA A100-SXM-64GB,100.89,31912,100
1451,2026-05-18 17:13:54.550146,2026/05/18 17:13:54.773,3,NVIDIA A100-SXM-64GB,106.97,31846,100
1452,2026-05-18 17:13:59.846533,2026/05/18 17:14:00.013,0,NVIDIA A100-SXM-64GB,91.80,31904,100
1453,2026-05-18 17:13:59.846533,2026/05/18 17:14:00.015,1,NVIDIA A100-SXM-64GB,95.29,31922,100
1454,2026-05-18 17:13:59.846533,2026/05/18 17:14:00.053,2,NVIDIA A100-SXM-64GB,91.52,31912,100
1455,2026-05-18 17:13:59.846533,2026/05/18 17:14:00.056,3,NVIDIA A100-SXM-64GB,95.89,31846,100
1456,2026-05-18 17:14:05.157453,2026/05/18 17:14:05.330,0,NVIDIA A100-SXM-64GB,103.23,31904,100
1457,2026-05-18 17:14:05.157453,2026/05/18 17:14:05.358,1,NVIDIA A100-SXM-64GB,97.52,31922,100
1458,2026-05-18 17:14:05.157453,2026/05/18 17:14:05.395,2,NVIDIA A100-SXM-64GB,105.05,31912,100
1459,2026-05-18 17:14:05.157453,2026/05/18 17:14:05.398,3,NVIDIA A100-SXM-64GB,99.57,31846,100
1460,2026-05-18 17:14:10.507657,2026/05/18 17:14:10.673,0,NVIDIA A100-SXM-64GB,103.95,31904,100
1461,2026-05-18 17:14:10.507657,2026/05/18 17:14:10.676,1,NVIDIA A100-SXM-64GB,107.19,31922,100
1462,2026-05-18 17:14:10.507657,2026/05/18 17:14:10.680,2,NVIDIA A100-SXM-64GB,106.37,31912,100
1463,2026-05-18 17:14:10.507657,2026/05/18 17:14:10.734,3,NVIDIA A100-SXM-64GB,110.64,31846,100
1464,2026-05-18 17:14:15.795886,2026/05/18 17:14:15.973,0,NVIDIA A100-SXM-64GB,92.31,31904,100
1465,2026-05-18 17:14:15.795886,2026/05/18 17:14:15.977,1,NVIDIA A100-SXM-64GB,98.63,31922,100
1466,2026-05-18 17:14:15.795886,2026/05/18 17:14:15.985,2,NVIDIA A100-SXM-64GB,92.12,31912,100
1467,2026-05-18 17:14:15.795886,2026/05/18 17:14:16.055,3,NVIDIA A100-SXM-64GB,110.14,31846,100
1468,2026-05-18 17:14:21.139937,2026/05/18 17:14:21.314,0,NVIDIA A100-SXM-64GB,108.83,31904,100
1469,2026-05-18 17:14:21.139937,2026/05/18 17:14:21.317,1,NVIDIA A100-SXM-64GB,106.26,31922,100
1470,2026-05-18 17:14:21.139937,2026/05/18 17:14:21.330,2,NVIDIA A100-SXM-64GB,108.01,31912,100
1471,2026-05-18 17:14:21.139937,2026/05/18 17:14:21.385,3,NVIDIA A100-SXM-64GB,110.42,31846,100
1472,2026-05-18 17:14:26.451988,2026/05/18 17:14:26.614,0,NVIDIA A100-SXM-64GB,107.62,31904,100
1473,2026-05-18 17:14:26.451988,2026/05/18 17:14:26.646,1,NVIDIA A100-SXM-64GB,129.66,31922,100
1474,2026-05-18 17:14:26.451988,2026/05/18 17:14:26.649,2,NVIDIA A100-SXM-64GB,94.86,31912,100
1475,2026-05-18 17:14:26.451988,2026/05/18 17:14:26.700,3,NVIDIA A100-SXM-64GB,108.17,31846,100
1476,2026-05-18 17:14:31.752980,2026/05/18 17:14:31.959,0,NVIDIA A100-SXM-64GB,107.62,31904,100
1477,2026-05-18 17:14:31.752980,2026/05/18 17:14:32.002,1,NVIDIA A100-SXM-64GB,103.52,31922,100
1478,2026-05-18 17:14:31.752980,2026/05/18 17:14:32.005,2,NVIDIA A100-SXM-64GB,98.53,31912,100
1479,2026-05-18 17:14:31.752980,2026/05/18 17:14:32.059,3,NVIDIA A100-SXM-64GB,110.64,31846,100
1480,2026-05-18 17:14:37.142065,2026/05/18 17:14:37.319,0,NVIDIA A100-SXM-64GB,104.55,31904,100
1481,2026-05-18 17:14:37.142065,2026/05/18 17:14:37.322,1,NVIDIA A100-SXM-64GB,109.00,31922,96
1482,2026-05-18 17:14:37.142065,2026/05/18 17:14:37.325,2,NVIDIA A100-SXM-64GB,97.00,31912,88
1483,2026-05-18 17:14:37.142065,2026/05/18 17:14:37.377,3,NVIDIA A100-SXM-64GB,109.70,31846,100
1484,2026-05-18 17:14:42.455578,2026/05/18 17:14:42.626,0,NVIDIA A100-SXM-64GB,95.66,31904,100
1485,2026-05-18 17:14:42.455578,2026/05/18 17:14:42.629,1,NVIDIA A100-SXM-64GB,104.01,31922,100
1486,2026-05-18 17:14:42.455578,2026/05/18 17:14:42.638,2,NVIDIA A100-SXM-64GB,107.40,31912,100
1487,2026-05-18 17:14:42.455578,2026/05/18 17:14:42.715,3,NVIDIA A100-SXM-64GB,113.97,31846,100
1488,2026-05-18 17:14:47.797543,2026/05/18 17:14:47.965,0,NVIDIA A100-SXM-64GB,102.18,31904,100
1489,2026-05-18 17:14:47.797543,2026/05/18 17:14:47.992,1,NVIDIA A100-SXM-64GB,112.67,31922,100
1490,2026-05-18 17:14:47.797543,2026/05/18 17:14:48.035,2,NVIDIA A100-SXM-64GB,111.96,31912,100
1491,2026-05-18 17:14:47.797543,2026/05/18 17:14:48.083,3,NVIDIA A100-SXM-64GB,101.60,31846,100
1492,2026-05-18 17:14:53.146987,2026/05/18 17:14:53.298,0,NVIDIA A100-SXM-64GB,106.37,31904,100
1493,2026-05-18 17:14:53.146987,2026/05/18 17:14:53.301,1,NVIDIA A100-SXM-64GB,109.33,31922,100
1494,2026-05-18 17:14:53.146987,2026/05/18 17:14:53.310,2,NVIDIA A100-SXM-64GB,100.06,31912,98
1495,2026-05-18 17:14:53.146987,2026/05/18 17:14:53.346,3,NVIDIA A100-SXM-64GB,109.26,31846,93
1496,2026-05-18 17:14:58.429232,2026/05/18 17:14:58.621,0,NVIDIA A100-SXM-64GB,93.94,31904,100
1497,2026-05-18 17:14:58.429232,2026/05/18 17:14:58.655,1,NVIDIA A100-SXM-64GB,107.19,31922,100
1498,2026-05-18 17:14:58.429232,2026/05/18 17:14:58.657,2,NVIDIA A100-SXM-64GB,107.51,31912,100
1499,2026-05-18 17:14:58.429232,2026/05/18 17:14:58.699,3,NVIDIA A100-SXM-64GB,99.96,31846,100
1500,2026-05-18 17:15:03.764343,2026/05/18 17:15:03.933,0,NVIDIA A100-SXM-64GB,101.91,31904,100
1501,2026-05-18 17:15:03.764343,2026/05/18 17:15:03.936,1,NVIDIA A100-SXM-64GB,119.09,31922,100
1502,2026-05-18 17:15:03.764343,2026/05/18 17:15:03.945,2,NVIDIA A100-SXM-64GB,104.94,31912,100
1503,2026-05-18 17:15:03.764343,2026/05/18 17:15:04.002,3,NVIDIA A100-SXM-64GB,109.38,31846,100
1504,2026-05-18 17:15:09.063625,2026/05/18 17:15:09.233,0,NVIDIA A100-SXM-64GB,96.26,31904,100
1505,2026-05-18 17:15:09.063625,2026/05/18 17:15:09.236,1,NVIDIA A100-SXM-64GB,124.58,31922,100
1506,2026-05-18 17:15:09.063625,2026/05/18 17:15:09.272,2,NVIDIA A100-SXM-64GB,96.16,31912,100
1507,2026-05-18 17:15:09.063625,2026/05/18 17:15:09.275,3,NVIDIA A100-SXM-64GB,110.14,31846,100
1508,2026-05-18 17:15:14.370305,2026/05/18 17:15:14.567,0,NVIDIA A100-SXM-64GB,108.83,31904,100
1509,2026-05-18 17:15:14.370305,2026/05/18 17:15:14.570,1,NVIDIA A100-SXM-64GB,105.98,31922,100
1510,2026-05-18 17:15:14.370305,2026/05/18 17:15:14.634,2,NVIDIA A100-SXM-64GB,97.60,31912,100
1511,2026-05-18 17:15:14.370305,2026/05/18 17:15:14.647,3,NVIDIA A100-SXM-64GB,108.01,31846,100
1512,2026-05-18 17:15:19.711172,2026/05/18 17:15:19.878,0,NVIDIA A100-SXM-64GB,107.90,31904,100
1513,2026-05-18 17:15:19.711172,2026/05/18 17:15:19.881,1,NVIDIA A100-SXM-64GB,112.67,31922,100
1514,2026-05-18 17:15:19.711172,2026/05/18 17:15:19.887,2,NVIDIA A100-SXM-64GB,106.48,31912,100
1515,2026-05-18 17:15:19.711172,2026/05/18 17:15:19.925,3,NVIDIA A100-SXM-64GB,115.02,31846,100
1516,2026-05-18 17:15:25.026959,2026/05/18 17:15:25.198,0,NVIDIA A100-SXM-64GB,104.66,31904,100
1517,2026-05-18 17:15:25.026959,2026/05/18 17:15:25.201,1,NVIDIA A100-SXM-64GB,107.62,31922,100
1518,2026-05-18 17:15:25.026959,2026/05/18 17:15:25.268,2,NVIDIA A100-SXM-64GB,125.39,31912,100
1519,2026-05-18 17:15:25.026959,2026/05/18 17:15:25.271,3,NVIDIA A100-SXM-64GB,109.49,31846,100
1520,2026-05-18 17:15:30.350100,2026/05/18 17:15:30.515,0,NVIDIA A100-SXM-64GB,105.98,31904,100
1521,2026-05-18 17:15:30.350100,2026/05/18 17:15:30.518,1,NVIDIA A100-SXM-64GB,111.02,31922,100
1522,2026-05-18 17:15:30.350100,2026/05/18 17:15:30.530,2,NVIDIA A100-SXM-64GB,111.52,31912,100
1523,2026-05-18 17:15:30.350100,2026/05/18 17:15:30.582,3,NVIDIA A100-SXM-64GB,101.49,31846,100
1524,2026-05-18 17:15:35.646384,2026/05/18 17:15:35.819,0,NVIDIA A100-SXM-64GB,93.24,31904,100
1525,2026-05-18 17:15:35.646384,2026/05/18 17:15:35.822,1,NVIDIA A100-SXM-64GB,110.54,31922,100
1526,2026-05-18 17:15:35.646384,2026/05/18 17:15:35.897,2,NVIDIA A100-SXM-64GB,104.34,31912,100
1527,2026-05-18 17:15:35.646384,2026/05/18 17:15:35.900,3,NVIDIA A100-SXM-64GB,106.64,31846,100
1528,2026-05-18 17:15:40.997427,2026/05/18 17:15:41.165,0,NVIDIA A100-SXM-64GB,94.45,31904,100
1529,2026-05-18 17:15:40.997427,2026/05/18 17:15:41.168,1,NVIDIA A100-SXM-64GB,105.87,31922,100
1530,2026-05-18 17:15:40.997427,2026/05/18 17:15:41.180,2,NVIDIA A100-SXM-64GB,108.78,31912,100
1531,2026-05-18 17:15:40.997427,2026/05/18 17:15:41.239,3,NVIDIA A100-SXM-64GB,109.26,31846,100
1532,2026-05-18 17:15:46.315999,2026/05/18 17:15:46.482,0,NVIDIA A100-SXM-64GB,99.94,31904,100
1533,2026-05-18 17:15:46.315999,2026/05/18 17:15:46.485,1,NVIDIA A100-SXM-64GB,105.65,31922,100
1534,2026-05-18 17:15:46.315999,2026/05/18 17:15:46.490,2,NVIDIA A100-SXM-64GB,103.02,31912,100
1535,2026-05-18 17:15:46.315999,2026/05/18 17:15:46.550,3,NVIDIA A100-SXM-64GB,105.43,31846,100
1536,2026-05-18 17:15:51.605994,2026/05/18 17:15:51.769,0,NVIDIA A100-SXM-64GB,107.08,31904,100
1537,2026-05-18 17:15:51.605994,2026/05/18 17:15:51.772,1,NVIDIA A100-SXM-64GB,116.02,31922,100
1538,2026-05-18 17:15:51.605994,2026/05/18 17:15:51.781,2,NVIDIA A100-SXM-64GB,119.30,31912,100
1539,2026-05-18 17:15:51.605994,2026/05/18 17:15:51.852,3,NVIDIA A100-SXM-64GB,97.60,31846,100
1540,2026-05-18 17:15:56.907108,2026/05/18 17:15:57.077,0,NVIDIA A100-SXM-64GB,109.33,31904,100
1541,2026-05-18 17:15:56.907108,2026/05/18 17:15:57.079,1,NVIDIA A100-SXM-64GB,103.74,31922,100
1542,2026-05-18 17:15:56.907108,2026/05/18 17:15:57.088,2,NVIDIA A100-SXM-64GB,103.52,31912,100
1543,2026-05-18 17:15:56.907108,2026/05/18 17:15:57.143,3,NVIDIA A100-SXM-64GB,119.05,31846,100
1544,2026-05-18 17:16:02.232660,2026/05/18 17:16:02.474,0,NVIDIA A100-SXM-64GB,113.88,31904,100
1545,2026-05-18 17:16:02.232660,2026/05/18 17:16:02.477,1,NVIDIA A100-SXM-64GB,103.74,31922,100
1546,2026-05-18 17:16:02.232660,2026/05/18 17:16:02.480,2,NVIDIA A100-SXM-64GB,96.06,31912,100
1547,2026-05-18 17:16:02.232660,2026/05/18 17:16:02.524,3,NVIDIA A100-SXM-64GB,115.99,31846,100
1548,2026-05-18 17:16:07.590221,2026/05/18 17:16:07.768,0,NVIDIA A100-SXM-64GB,126.44,31904,100
1549,2026-05-18 17:16:07.590221,2026/05/18 17:16:07.770,1,NVIDIA A100-SXM-64GB,99.74,31922,100
1550,2026-05-18 17:16:07.590221,2026/05/18 17:16:07.773,2,NVIDIA A100-SXM-64GB,99.86,31912,100
1551,2026-05-18 17:16:07.590221,2026/05/18 17:16:07.795,3,NVIDIA A100-SXM-64GB,107.79,31846,100
1552,2026-05-18 17:16:12.889796,2026/05/18 17:16:13.056,0,NVIDIA A100-SXM-64GB,101.81,31904,100
1553,2026-05-18 17:16:12.889796,2026/05/18 17:16:13.059,1,NVIDIA A100-SXM-64GB,109.82,31922,100
1554,2026-05-18 17:16:12.889796,2026/05/18 17:16:13.105,2,NVIDIA A100-SXM-64GB,105.16,31912,100
1555,2026-05-18 17:16:12.889796,2026/05/18 17:16:13.108,3,NVIDIA A100-SXM-64GB,102.70,31846,100
1556,2026-05-18 17:16:18.185107,2026/05/18 17:16:18.347,0,NVIDIA A100-SXM-64GB,103.95,31904,100
1557,2026-05-18 17:16:18.185107,2026/05/18 17:16:18.350,1,NVIDIA A100-SXM-64GB,131.46,31922,100
1558,2026-05-18 17:16:18.185107,2026/05/18 17:16:18.359,2,NVIDIA A100-SXM-64GB,105.76,31912,100
1559,2026-05-18 17:16:18.185107,2026/05/18 17:16:18.417,3,NVIDIA A100-SXM-64GB,99.63,31846,100
1560,2026-05-18 17:16:23.482571,2026/05/18 17:16:23.652,0,NVIDIA A100-SXM-64GB,107.30,31904,100
1561,2026-05-18 17:16:23.482571,2026/05/18 17:16:23.655,1,NVIDIA A100-SXM-64GB,108.01,31922,100
1562,2026-05-18 17:16:23.482571,2026/05/18 17:16:23.660,2,NVIDIA A100-SXM-64GB,104.23,31912,100
1563,2026-05-18 17:16:23.482571,2026/05/18 17:16:23.726,3,NVIDIA A100-SXM-64GB,105.76,31846,100
1564,2026-05-18 17:16:28.814709,2026/05/18 17:16:29.014,0,NVIDIA A100-SXM-64GB,96.59,31904,84
1565,2026-05-18 17:16:28.814709,2026/05/18 17:16:29.017,1,NVIDIA A100-SXM-64GB,106.75,31922,88
1566,2026-05-18 17:16:28.814709,2026/05/18 17:16:29.025,2,NVIDIA A100-SXM-64GB,104.84,31912,81
1567,2026-05-18 17:16:28.814709,2026/05/18 17:16:29.111,3,NVIDIA A100-SXM-64GB,113.37,31846,79
1568,2026-05-18 17:16:34.163960,2026/05/18 17:16:34.336,0,NVIDIA A100-SXM-64GB,103.01,31904,100
1569,2026-05-18 17:16:34.163960,2026/05/18 17:16:34.339,1,NVIDIA A100-SXM-64GB,113.16,31922,100
1570,2026-05-18 17:16:34.163960,2026/05/18 17:16:34.348,2,NVIDIA A100-SXM-64GB,115.79,31912,100
1571,2026-05-18 17:16:34.163960,2026/05/18 17:16:34.417,3,NVIDIA A100-SXM-64GB,98.10,31846,100
1572,2026-05-18 17:16:39.478985,2026/05/18 17:16:39.642,0,NVIDIA A100-SXM-64GB,108.02,31904,100
1573,2026-05-18 17:16:39.478985,2026/05/18 17:16:39.645,1,NVIDIA A100-SXM-64GB,105.76,31922,100
1574,2026-05-18 17:16:39.478985,2026/05/18 17:16:39.649,2,NVIDIA A100-SXM-64GB,102.58,31912,100
1575,2026-05-18 17:16:39.478985,2026/05/18 17:16:39.729,3,NVIDIA A100-SXM-64GB,108.17,31846,100
1576,2026-05-18 17:16:44.781113,2026/05/18 17:16:44.945,0,NVIDIA A100-SXM-64GB,96.69,31904,100
1577,2026-05-18 17:16:44.781113,2026/05/18 17:16:44.947,1,NVIDIA A100-SXM-64GB,111.96,31922,100
1578,2026-05-18 17:16:44.781113,2026/05/18 17:16:44.952,2,NVIDIA A100-SXM-64GB,105.16,31912,100
1579,2026-05-18 17:16:44.781113,2026/05/18 17:16:45.009,3,NVIDIA A100-SXM-64GB,109.38,31846,100
1580,2026-05-18 17:16:50.065894,2026/05/18 17:16:50.233,0,NVIDIA A100-SXM-64GB,105.76,31904,100
1581,2026-05-18 17:16:50.065894,2026/05/18 17:16:50.236,1,NVIDIA A100-SXM-64GB,108.28,31922,100
1582,2026-05-18 17:16:50.065894,2026/05/18 17:16:50.253,2,NVIDIA A100-SXM-64GB,105.76,31912,100
1583,2026-05-18 17:16:50.065894,2026/05/18 17:16:50.271,3,NVIDIA A100-SXM-64GB,112.17,31846,100
1584,2026-05-18 17:16:55.365683,2026/05/18 17:16:55.536,0,NVIDIA A100-SXM-64GB,96.92,31904,100
1585,2026-05-18 17:16:55.365683,2026/05/18 17:16:55.539,1,NVIDIA A100-SXM-64GB,101.70,31922,100
1586,2026-05-18 17:16:55.365683,2026/05/18 17:16:55.547,2,NVIDIA A100-SXM-64GB,104.50,31912,95
1587,2026-05-18 17:16:55.365683,2026/05/18 17:16:55.603,3,NVIDIA A100-SXM-64GB,106.04,31846,100
1588,2026-05-18 17:17:00.658998,2026/05/18 17:17:00.839,0,NVIDIA A100-SXM-64GB,104.55,31904,100
1589,2026-05-18 17:17:00.658998,2026/05/18 17:17:00.842,1,NVIDIA A100-SXM-64GB,109.93,31922,100
1590,2026-05-18 17:17:00.658998,2026/05/18 17:17:00.846,2,NVIDIA A100-SXM-64GB,106.48,31912,100
1591,2026-05-18 17:17:00.658998,2026/05/18 17:17:00.903,3,NVIDIA A100-SXM-64GB,135.92,31846,100
1592,2026-05-18 17:17:06.002512,2026/05/18 17:17:06.191,0,NVIDIA A100-SXM-64GB,104.33,31904,100
1593,2026-05-18 17:17:06.002512,2026/05/18 17:17:06.194,1,NVIDIA A100-SXM-64GB,106.70,31922,100
1594,2026-05-18 17:17:06.002512,2026/05/18 17:17:06.255,2,NVIDIA A100-SXM-64GB,102.80,31912,100
1595,2026-05-18 17:17:06.002512,2026/05/18 17:17:06.299,3,NVIDIA A100-SXM-64GB,111.35,31846,100
1596,2026-05-18 17:17:11.419370,2026/05/18 17:17:11.570,0,NVIDIA A100-SXM-64GB,129.18,31904,100
1597,2026-05-18 17:17:11.419370,2026/05/18 17:17:11.573,1,NVIDIA A100-SXM-64GB,111.02,31922,100
1598,2026-05-18 17:17:11.419370,2026/05/18 17:17:11.589,2,NVIDIA A100-SXM-64GB,94.16,31912,100
1599,2026-05-18 17:17:11.419370,2026/05/18 17:17:11.610,3,NVIDIA A100-SXM-64GB,109.11,31846,100
1600,2026-05-18 17:17:16.772334,2026/05/18 17:17:16.957,0,NVIDIA A100-SXM-64GB,102.79,31904,100
1601,2026-05-18 17:17:16.772334,2026/05/18 17:17:17.004,1,NVIDIA A100-SXM-64GB,109.49,31922,100
1602,2026-05-18 17:17:16.772334,2026/05/18 17:17:17.007,2,NVIDIA A100-SXM-64GB,106.64,31912,100
1603,2026-05-18 17:17:16.772334,2026/05/18 17:17:17.054,3,NVIDIA A100-SXM-64GB,104.23,31846,100
1604,2026-05-18 17:17:22.153291,2026/05/18 17:17:22.338,0,NVIDIA A100-SXM-64GB,100.27,31904,100
1605,2026-05-18 17:17:22.153291,2026/05/18 17:17:22.378,1,NVIDIA A100-SXM-64GB,104.44,31922,100
1606,2026-05-18 17:17:22.153291,2026/05/18 17:17:22.381,2,NVIDIA A100-SXM-64GB,98.86,31912,100
1607,2026-05-18 17:17:22.153291,2026/05/18 17:17:22.422,3,NVIDIA A100-SXM-64GB,111.24,31846,100
1608,2026-05-18 17:17:27.567877,2026/05/18 17:17:27.744,0,NVIDIA A100-SXM-64GB,96.92,31904,100
1609,2026-05-18 17:17:27.567877,2026/05/18 17:17:27.797,1,NVIDIA A100-SXM-64GB,104.22,31922,100
1610,2026-05-18 17:17:27.567877,2026/05/18 17:17:27.800,2,NVIDIA A100-SXM-64GB,101.10,31912,100
1611,2026-05-18 17:17:27.567877,2026/05/18 17:17:27.847,3,NVIDIA A100-SXM-64GB,101.17,31846,100
1612,2026-05-18 17:17:32.964626,2026/05/18 17:17:33.144,0,NVIDIA A100-SXM-64GB,91.80,31904,100
1613,2026-05-18 17:17:32.964626,2026/05/18 17:17:33.147,1,NVIDIA A100-SXM-64GB,95.66,31922,100
1614,2026-05-18 17:17:32.964626,2026/05/18 17:17:33.201,2,NVIDIA A100-SXM-64GB,91.61,31912,100
1615,2026-05-18 17:17:32.964626,2026/05/18 17:17:33.204,3,NVIDIA A100-SXM-64GB,96.06,31846,100
1616,2026-05-18 17:17:38.346987,2026/05/18 17:17:38.516,0,NVIDIA A100-SXM-64GB,91.71,31904,100
1617,2026-05-18 17:17:38.346987,2026/05/18 17:17:38.518,1,NVIDIA A100-SXM-64GB,95.29,31922,100
1618,2026-05-18 17:17:38.346987,2026/05/18 17:17:38.559,2,NVIDIA A100-SXM-64GB,91.52,31912,100
1619,2026-05-18 17:17:38.346987,2026/05/18 17:17:38.610,3,NVIDIA A100-SXM-64GB,95.96,31846,100
1620,2026-05-18 17:17:43.694367,2026/05/18 17:17:43.882,0,NVIDIA A100-SXM-64GB,137.28,31904,100
1621,2026-05-18 17:17:43.694367,2026/05/18 17:17:43.885,1,NVIDIA A100-SXM-64GB,142.30,31922,100
1622,2026-05-18 17:17:43.694367,2026/05/18 17:17:43.931,2,NVIDIA A100-SXM-64GB,103.02,31912,100
1623,2026-05-18 17:17:43.694367,2026/05/18 17:17:43.934,3,NVIDIA A100-SXM-64GB,111.73,31846,100
1624,2026-05-18 17:17:49.135261,2026/05/18 17:17:49.309,0,NVIDIA A100-SXM-64GB,91.71,31904,100
1625,2026-05-18 17:17:49.135261,2026/05/18 17:17:49.312,1,NVIDIA A100-SXM-64GB,95.56,31922,100
1626,2026-05-18 17:17:49.135261,2026/05/18 17:17:49.320,2,NVIDIA A100-SXM-64GB,91.52,31912,100
1627,2026-05-18 17:17:49.135261,2026/05/18 17:17:49.378,3,NVIDIA A100-SXM-64GB,95.96,31846,100
1628,2026-05-18 17:17:54.492327,2026/05/18 17:17:54.661,0,NVIDIA A100-SXM-64GB,95.39,31904,100
1629,2026-05-18 17:17:54.492327,2026/05/18 17:17:54.664,1,NVIDIA A100-SXM-64GB,102.48,31922,100
1630,2026-05-18 17:17:54.492327,2026/05/18 17:17:54.711,2,NVIDIA A100-SXM-64GB,97.50,31912,100
1631,2026-05-18 17:17:54.492327,2026/05/18 17:17:54.750,3,NVIDIA A100-SXM-64GB,114.31,31846,100
1632,2026-05-18 17:17:59.894395,2026/05/18 17:18:00.080,0,NVIDIA A100-SXM-64GB,106.70,31904,100
1633,2026-05-18 17:17:59.894395,2026/05/18 17:18:00.083,1,NVIDIA A100-SXM-64GB,106.86,31922,100
1634,2026-05-18 17:17:59.894395,2026/05/18 17:18:00.092,2,NVIDIA A100-SXM-64GB,103.13,31912,100
1635,2026-05-18 17:17:59.894395,2026/05/18 17:18:00.149,3,NVIDIA A100-SXM-64GB,107.57,31846,100
1636,2026-05-18 17:18:05.283859,2026/05/18 17:18:05.467,0,NVIDIA A100-SXM-64GB,91.71,31904,100
1637,2026-05-18 17:18:05.283859,2026/05/18 17:18:05.470,1,NVIDIA A100-SXM-64GB,95.29,31922,100
1638,2026-05-18 17:18:05.283859,2026/05/18 17:18:05.476,2,NVIDIA A100-SXM-64GB,91.52,31912,100
1639,2026-05-18 17:18:05.283859,2026/05/18 17:18:05.527,3,NVIDIA A100-SXM-64GB,95.69,31846,100
1640,2026-05-18 17:18:10.619631,2026/05/18 17:18:10.790,0,NVIDIA A100-SXM-64GB,91.71,31904,100
1641,2026-05-18 17:18:10.619631,2026/05/18 17:18:10.794,1,NVIDIA A100-SXM-64GB,95.46,31922,100
1642,2026-05-18 17:18:10.619631,2026/05/18 17:18:10.796,2,NVIDIA A100-SXM-64GB,91.42,31912,100
1643,2026-05-18 17:18:10.619631,2026/05/18 17:18:10.883,3,NVIDIA A100-SXM-64GB,95.96,31846,100
1644,2026-05-18 17:18:15.967850,2026/05/18 17:18:16.150,0,NVIDIA A100-SXM-64GB,91.80,31904,100
1645,2026-05-18 17:18:15.967850,2026/05/18 17:18:16.182,1,NVIDIA A100-SXM-64GB,95.39,31922,100
1646,2026-05-18 17:18:15.967850,2026/05/18 17:18:16.238,2,NVIDIA A100-SXM-64GB,91.28,31912,100
1647,2026-05-18 17:18:15.967850,2026/05/18 17:18:16.241,3,NVIDIA A100-SXM-64GB,95.89,31846,100
1648,2026-05-18 17:18:21.336640,2026/05/18 17:18:21.518,0,NVIDIA A100-SXM-64GB,102.69,31904,100
1649,2026-05-18 17:18:21.336640,2026/05/18 17:18:21.521,1,NVIDIA A100-SXM-64GB,97.93,31922,100
1650,2026-05-18 17:18:21.336640,2026/05/18 17:18:21.572,2,NVIDIA A100-SXM-64GB,106.97,31912,100
1651,2026-05-18 17:18:21.336640,2026/05/18 17:18:21.574,3,NVIDIA A100-SXM-64GB,108.50,31846,100
1652,2026-05-18 17:18:26.726542,2026/05/18 17:18:26.895,0,NVIDIA A100-SXM-64GB,91.94,31904,100
1653,2026-05-18 17:18:26.726542,2026/05/18 17:18:26.948,1,NVIDIA A100-SXM-64GB,95.46,31922,100
1654,2026-05-18 17:18:26.726542,2026/05/18 17:18:26.951,2,NVIDIA A100-SXM-64GB,91.75,31912,100
1655,2026-05-18 17:18:26.726542,2026/05/18 17:18:27.001,3,NVIDIA A100-SXM-64GB,95.96,31846,100
1656,2026-05-18 17:18:32.098066,2026/05/18 17:18:32.279,0,NVIDIA A100-SXM-64GB,91.80,31904,100
1657,2026-05-18 17:18:32.098066,2026/05/18 17:18:32.282,1,NVIDIA A100-SXM-64GB,95.29,31922,100
1658,2026-05-18 17:18:32.098066,2026/05/18 17:18:32.285,2,NVIDIA A100-SXM-64GB,91.61,31912,100
1659,2026-05-18 17:18:32.098066,2026/05/18 17:18:32.309,3,NVIDIA A100-SXM-64GB,95.79,31846,100
1660,2026-05-18 17:18:37.422523,2026/05/18 17:18:37.622,0,NVIDIA A100-SXM-64GB,100.37,31904,100
1661,2026-05-18 17:18:37.422523,2026/05/18 17:18:37.626,1,NVIDIA A100-SXM-64GB,103.24,31922,100
1662,2026-05-18 17:18:37.422523,2026/05/18 17:18:37.648,2,NVIDIA A100-SXM-64GB,129.85,31912,100
1663,2026-05-18 17:18:37.422523,2026/05/18 17:18:37.697,3,NVIDIA A100-SXM-64GB,99.96,31846,100
1664,2026-05-18 17:18:42.824280,2026/05/18 17:18:43.002,0,NVIDIA A100-SXM-64GB,95.76,31904,100
1665,2026-05-18 17:18:42.824280,2026/05/18 17:18:43.005,1,NVIDIA A100-SXM-64GB,107.68,31922,100
1666,2026-05-18 17:18:42.824280,2026/05/18 17:18:43.015,2,NVIDIA A100-SXM-64GB,114.70,31912,100
1667,2026-05-18 17:18:42.824280,2026/05/18 17:18:43.076,3,NVIDIA A100-SXM-64GB,108.17,31846,100
1668,2026-05-18 17:18:48.196767,2026/05/18 17:18:48.371,0,NVIDIA A100-SXM-64GB,91.71,31904,100
1669,2026-05-18 17:18:48.196767,2026/05/18 17:18:48.375,1,NVIDIA A100-SXM-64GB,95.19,31922,100
1670,2026-05-18 17:18:48.196767,2026/05/18 17:18:48.389,2,NVIDIA A100-SXM-64GB,91.42,31912,100
1671,2026-05-18 17:18:48.196767,2026/05/18 17:18:48.457,3,NVIDIA A100-SXM-64GB,95.69,31846,100
1672,2026-05-18 17:18:53.579597,2026/05/18 17:18:53.755,0,NVIDIA A100-SXM-64GB,91.47,31904,100
1673,2026-05-18 17:18:53.579597,2026/05/18 17:18:53.758,1,NVIDIA A100-SXM-64GB,95.29,31922,100
1674,2026-05-18 17:18:53.579597,2026/05/18 17:18:53.809,2,NVIDIA A100-SXM-64GB,73.82,31912,0
1675,2026-05-18 17:18:53.579597,2026/05/18 17:18:53.813,3,NVIDIA A100-SXM-64GB,95.69,31846,100
1676,2026-05-18 17:18:58.945305,2026/05/18 17:18:59.132,0,NVIDIA A100-SXM-64GB,103.84,31904,100
1677,2026-05-18 17:18:58.945305,2026/05/18 17:18:59.135,1,NVIDIA A100-SXM-64GB,119.57,31922,100
1678,2026-05-18 17:18:58.945305,2026/05/18 17:18:59.144,2,NVIDIA A100-SXM-64GB,127.25,31912,100
1679,2026-05-18 17:18:58.945305,2026/05/18 17:18:59.201,3,NVIDIA A100-SXM-64GB,97.50,31846,100
1680,2026-05-18 17:19:04.302693,2026/05/18 17:19:04.489,0,NVIDIA A100-SXM-64GB,107.90,31904,100
1681,2026-05-18 17:19:04.302693,2026/05/18 17:19:04.492,1,NVIDIA A100-SXM-64GB,102.48,31922,100
1682,2026-05-18 17:19:04.302693,2026/05/18 17:19:04.495,2,NVIDIA A100-SXM-64GB,92.12,31912,100
1683,2026-05-18 17:19:04.302693,2026/05/18 17:19:04.548,3,NVIDIA A100-SXM-64GB,111.84,31846,100
1684,2026-05-18 17:19:09.653481,2026/05/18 17:19:09.841,0,NVIDIA A100-SXM-64GB,96.26,31904,99
1685,2026-05-18 17:19:09.653481,2026/05/18 17:19:09.844,1,NVIDIA A100-SXM-64GB,111.35,31922,100
1686,2026-05-18 17:19:09.653481,2026/05/18 17:19:09.849,2,NVIDIA A100-SXM-64GB,107.90,31912,100
1687,2026-05-18 17:19:09.653481,2026/05/18 17:19:09.904,3,NVIDIA A100-SXM-64GB,108.50,31846,100
1688,2026-05-18 17:19:15.006542,2026/05/18 17:19:15.190,0,NVIDIA A100-SXM-64GB,107.90,31904,100
1689,2026-05-18 17:19:15.006542,2026/05/18 17:19:15.193,1,NVIDIA A100-SXM-64GB,104.01,31922,100
1690,2026-05-18 17:19:15.006542,2026/05/18 17:19:15.202,2,NVIDIA A100-SXM-64GB,103.74,31912,100
1691,2026-05-18 17:19:15.006542,2026/05/18 17:19:15.263,3,NVIDIA A100-SXM-64GB,110.52,31846,100
1692,2026-05-18 17:19:20.390944,2026/05/18 17:19:20.577,0,NVIDIA A100-SXM-64GB,95.15,31904,100
1693,2026-05-18 17:19:20.390944,2026/05/18 17:19:20.580,1,NVIDIA A100-SXM-64GB,113.00,31922,100
1694,2026-05-18 17:19:20.390944,2026/05/18 17:19:20.599,2,NVIDIA A100-SXM-64GB,93.32,31912,100
1695,2026-05-18 17:19:20.390944,2026/05/18 17:19:20.663,3,NVIDIA A100-SXM-64GB,113.49,31846,100
1696,2026-05-18 17:19:25.782419,2026/05/18 17:19:25.964,0,NVIDIA A100-SXM-64GB,105.76,31904,100
1697,2026-05-18 17:19:25.782419,2026/05/18 17:19:25.967,1,NVIDIA A100-SXM-64GB,109.22,31922,100
1698,2026-05-18 17:19:25.782419,2026/05/18 17:19:25.970,2,NVIDIA A100-SXM-64GB,120.05,31912,100
1699,2026-05-18 17:19:25.782419,2026/05/18 17:19:25.993,3,NVIDIA A100-SXM-64GB,109.70,31846,100
1700,2026-05-18 17:19:31.168989,2026/05/18 17:19:31.353,0,NVIDIA A100-SXM-64GB,144.43,31904,100
1701,2026-05-18 17:19:31.168989,2026/05/18 17:19:31.356,1,NVIDIA A100-SXM-64GB,97.42,31922,100
1702,2026-05-18 17:19:31.168989,2026/05/18 17:19:31.394,2,NVIDIA A100-SXM-64GB,103.30,31912,100
1703,2026-05-18 17:19:31.168989,2026/05/18 17:19:31.397,3,NVIDIA A100-SXM-64GB,101.00,31846,100
1704,2026-05-18 17:19:36.552531,2026/05/18 17:19:36.731,0,NVIDIA A100-SXM-64GB,102.41,31904,100
1705,2026-05-18 17:19:36.552531,2026/05/18 17:19:36.734,1,NVIDIA A100-SXM-64GB,108.39,31922,100
1706,2026-05-18 17:19:36.552531,2026/05/18 17:19:36.808,2,NVIDIA A100-SXM-64GB,100.67,31912,100
1707,2026-05-18 17:19:36.552531,2026/05/18 17:19:36.844,3,NVIDIA A100-SXM-64GB,112.17,31846,100
1708,2026-05-18 17:19:41.935625,2026/05/18 17:19:42.122,0,NVIDIA A100-SXM-64GB,101.08,31904,100
1709,2026-05-18 17:19:41.935625,2026/05/18 17:19:42.125,1,NVIDIA A100-SXM-64GB,105.49,31922,100
1710,2026-05-18 17:19:41.935625,2026/05/18 17:19:42.138,2,NVIDIA A100-SXM-64GB,126.44,31912,100
1711,2026-05-18 17:19:41.935625,2026/05/18 17:19:42.191,3,NVIDIA A100-SXM-64GB,104.44,31846,100
1712,2026-05-18 17:19:47.304361,2026/05/18 17:19:47.486,0,NVIDIA A100-SXM-64GB,99.33,31904,100
1713,2026-05-18 17:19:47.304361,2026/05/18 17:19:47.489,1,NVIDIA A100-SXM-64GB,108.72,31922,100
1714,2026-05-18 17:19:47.304361,2026/05/18 17:19:47.551,2,NVIDIA A100-SXM-64GB,113.37,31912,100
1715,2026-05-18 17:19:47.304361,2026/05/18 17:19:47.554,3,NVIDIA A100-SXM-64GB,110.91,31846,100
1716,2026-05-18 17:19:52.713064,2026/05/18 17:19:52.896,0,NVIDIA A100-SXM-64GB,106.37,31904,100
1717,2026-05-18 17:19:52.713064,2026/05/18 17:19:52.899,1,NVIDIA A100-SXM-64GB,104.61,31922,100
1718,2026-05-18 17:19:52.713064,2026/05/18 17:19:52.902,2,NVIDIA A100-SXM-64GB,98.10,31912,100
1719,2026-05-18 17:19:52.713064,2026/05/18 17:19:52.982,3,NVIDIA A100-SXM-64GB,105.76,31846,100
1720,2026-05-18 17:19:58.116505,2026/05/18 17:19:58.300,0,NVIDIA A100-SXM-64GB,109.33,31904,100
1721,2026-05-18 17:19:58.116505,2026/05/18 17:19:58.303,1,NVIDIA A100-SXM-64GB,107.19,31922,100
1722,2026-05-18 17:19:58.116505,2026/05/18 17:19:58.346,2,NVIDIA A100-SXM-64GB,101.76,31912,100
1723,2026-05-18 17:19:58.116505,2026/05/18 17:19:58.350,3,NVIDIA A100-SXM-64GB,98.75,31846,100
1724,2026-05-18 17:20:03.484433,2026/05/18 17:20:03.669,0,NVIDIA A100-SXM-64GB,102.69,31904,100
1725,2026-05-18 17:20:03.484433,2026/05/18 17:20:03.672,1,NVIDIA A100-SXM-64GB,101.27,31922,100
1726,2026-05-18 17:20:03.484433,2026/05/18 17:20:03.716,2,NVIDIA A100-SXM-64GB,104.84,31912,100
1727,2026-05-18 17:20:03.484433,2026/05/18 17:20:03.719,3,NVIDIA A100-SXM-64GB,108.17,31846,100
1728,2026-05-18 17:20:08.869072,2026/05/18 17:20:09.054,0,NVIDIA A100-SXM-64GB,92.91,31904,100
1729,2026-05-18 17:20:08.869072,2026/05/18 17:20:09.099,1,NVIDIA A100-SXM-64GB,121.23,31922,100
1730,2026-05-18 17:20:08.869072,2026/05/18 17:20:09.101,2,NVIDIA A100-SXM-64GB,106.75,31912,100
1731,2026-05-18 17:20:08.869072,2026/05/18 17:20:09.118,3,NVIDIA A100-SXM-64GB,101.00,31846,100
1732,2026-05-18 17:20:14.271892,2026/05/18 17:20:14.449,0,NVIDIA A100-SXM-64GB,98.13,31904,100
1733,2026-05-18 17:20:14.271892,2026/05/18 17:20:14.454,1,NVIDIA A100-SXM-64GB,108.61,31922,100
1734,2026-05-18 17:20:14.271892,2026/05/18 17:20:14.457,2,NVIDIA A100-SXM-64GB,133.19,31912,100
1735,2026-05-18 17:20:14.271892,2026/05/18 17:20:14.510,3,NVIDIA A100-SXM-64GB,98.43,31846,100
1736,2026-05-18 17:20:19.677432,2026/05/18 17:20:19.857,0,NVIDIA A100-SXM-64GB,114.21,31904,100
1737,2026-05-18 17:20:19.677432,2026/05/18 17:20:19.860,1,NVIDIA A100-SXM-64GB,102.48,31922,100
1738,2026-05-18 17:20:19.677432,2026/05/18 17:20:19.895,2,NVIDIA A100-SXM-64GB,109.11,31912,100
1739,2026-05-18 17:20:19.677432,2026/05/18 17:20:19.898,3,NVIDIA A100-SXM-64GB,104.12,31846,100
1740,2026-05-18 17:20:25.013714,2026/05/18 17:20:25.194,0,NVIDIA A100-SXM-64GB,108.94,31904,100
1741,2026-05-18 17:20:25.013714,2026/05/18 17:20:25.198,1,NVIDIA A100-SXM-64GB,110.98,31922,100
1742,2026-05-18 17:20:25.013714,2026/05/18 17:20:25.254,2,NVIDIA A100-SXM-64GB,106.15,31912,100
1743,2026-05-18 17:20:25.013714,2026/05/18 17:20:25.257,3,NVIDIA A100-SXM-64GB,126.31,31846,100
1744,2026-05-18 17:20:30.411410,2026/05/18 17:20:30.582,0,NVIDIA A100-SXM-64GB,105.76,31904,100
1745,2026-05-18 17:20:30.411410,2026/05/18 17:20:30.585,1,NVIDIA A100-SXM-64GB,116.02,31922,100
1746,2026-05-18 17:20:30.411410,2026/05/18 17:20:30.626,2,NVIDIA A100-SXM-64GB,101.17,31912,100
1747,2026-05-18 17:20:30.411410,2026/05/18 17:20:30.660,3,NVIDIA A100-SXM-64GB,104.84,31846,100
1748,2026-05-18 17:20:35.795522,2026/05/18 17:20:35.983,0,NVIDIA A100-SXM-64GB,98.51,31904,100
1749,2026-05-18 17:20:35.795522,2026/05/18 17:20:35.986,1,NVIDIA A100-SXM-64GB,97.20,31922,100
1750,2026-05-18 17:20:35.795522,2026/05/18 17:20:36.064,2,NVIDIA A100-SXM-64GB,100.06,31912,100
1751,2026-05-18 17:20:35.795522,2026/05/18 17:20:36.066,3,NVIDIA A100-SXM-64GB,96.72,31846,100
1752,2026-05-18 17:20:41.194145,2026/05/18 17:20:41.383,0,NVIDIA A100-SXM-64GB,106.37,31904,100
1753,2026-05-18 17:20:41.194145,2026/05/18 17:20:41.386,1,NVIDIA A100-SXM-64GB,111.58,31922,100
1754,2026-05-18 17:20:41.194145,2026/05/18 17:20:41.458,2,NVIDIA A100-SXM-64GB,95.89,31912,100
1755,2026-05-18 17:20:41.194145,2026/05/18 17:20:41.513,3,NVIDIA A100-SXM-64GB,104.12,31846,100
1756,2026-05-18 17:20:46.653964,2026/05/18 17:20:46.833,0,NVIDIA A100-SXM-64GB,105.87,31904,100
1757,2026-05-18 17:20:46.653964,2026/05/18 17:20:46.900,1,NVIDIA A100-SXM-64GB,107.90,31922,100
1758,2026-05-18 17:20:46.653964,2026/05/18 17:20:46.903,2,NVIDIA A100-SXM-64GB,106.59,31912,100
1759,2026-05-18 17:20:46.653964,2026/05/18 17:20:46.956,3,NVIDIA A100-SXM-64GB,116.56,31846,100
1760,2026-05-18 17:20:52.058890,2026/05/18 17:20:52.234,0,NVIDIA A100-SXM-64GB,95.76,31904,100
1761,2026-05-18 17:20:52.058890,2026/05/18 17:20:52.284,1,NVIDIA A100-SXM-64GB,109.11,31922,100
1762,2026-05-18 17:20:52.058890,2026/05/18 17:20:52.327,2,NVIDIA A100-SXM-64GB,93.42,31912,100
1763,2026-05-18 17:20:52.058890,2026/05/18 17:20:52.329,3,NVIDIA A100-SXM-64GB,147.69,31846,100
1764,2026-05-18 17:20:57.459946,2026/05/18 17:20:57.640,0,NVIDIA A100-SXM-64GB,99.06,31904,100
1765,2026-05-18 17:20:57.459946,2026/05/18 17:20:57.643,1,NVIDIA A100-SXM-64GB,102.91,31922,100
1766,2026-05-18 17:20:57.459946,2026/05/18 17:20:57.646,2,NVIDIA A100-SXM-64GB,95.09,31912,100
1767,2026-05-18 17:20:57.459946,2026/05/18 17:20:57.710,3,NVIDIA A100-SXM-64GB,110.03,31846,100
1768,2026-05-18 17:21:02.814945,2026/05/18 17:21:02.996,0,NVIDIA A100-SXM-64GB,163.69,31904,100
1769,2026-05-18 17:21:02.814945,2026/05/18 17:21:03.028,1,NVIDIA A100-SXM-64GB,134.07,31922,100
1770,2026-05-18 17:21:02.814945,2026/05/18 17:21:03.030,2,NVIDIA A100-SXM-64GB,95.46,31912,100
1771,2026-05-18 17:21:02.814945,2026/05/18 17:21:03.089,3,NVIDIA A100-SXM-64GB,118.97,31846,100
1772,2026-05-18 17:21:08.216986,2026/05/18 17:21:08.408,0,NVIDIA A100-SXM-64GB,95.15,31904,100
1773,2026-05-18 17:21:08.216986,2026/05/18 17:21:08.411,1,NVIDIA A100-SXM-64GB,101.81,31922,100
1774,2026-05-18 17:21:08.216986,2026/05/18 17:21:08.415,2,NVIDIA A100-SXM-64GB,101.17,31912,100
1775,2026-05-18 17:21:08.216986,2026/05/18 17:21:08.473,3,NVIDIA A100-SXM-64GB,106.15,31846,100
1776,2026-05-18 17:21:13.608665,2026/05/18 17:21:13.790,0,NVIDIA A100-SXM-64GB,100.54,31904,100
1777,2026-05-18 17:21:13.608665,2026/05/18 17:21:13.793,1,NVIDIA A100-SXM-64GB,112.56,31922,100
1778,2026-05-18 17:21:13.608665,2026/05/18 17:21:13.799,2,NVIDIA A100-SXM-64GB,107.19,31912,100
1779,2026-05-18 17:21:13.608665,2026/05/18 17:21:13.859,3,NVIDIA A100-SXM-64GB,107.68,31846,100
1780,2026-05-18 17:21:18.955081,2026/05/18 17:21:19.134,0,NVIDIA A100-SXM-64GB,101.21,31904,100
1781,2026-05-18 17:21:18.955081,2026/05/18 17:21:19.137,1,NVIDIA A100-SXM-64GB,103.24,31922,100
1782,2026-05-18 17:21:18.955081,2026/05/18 17:21:19.143,2,NVIDIA A100-SXM-64GB,106.15,31912,100
1783,2026-05-18 17:21:18.955081,2026/05/18 17:21:19.206,3,NVIDIA A100-SXM-64GB,99.84,31846,100
1784,2026-05-18 17:21:24.359374,2026/05/18 17:21:24.541,0,NVIDIA A100-SXM-64GB,93.94,31904,100
1785,2026-05-18 17:21:24.359374,2026/05/18 17:21:24.544,1,NVIDIA A100-SXM-64GB,98.13,31922,100
1786,2026-05-18 17:21:24.359374,2026/05/18 17:21:24.547,2,NVIDIA A100-SXM-64GB,94.95,31912,100
1787,2026-05-18 17:21:24.359374,2026/05/18 17:21:24.575,3,NVIDIA A100-SXM-64GB,97.93,31846,100
1788,2026-05-18 17:21:29.723974,2026/05/18 17:21:29.901,0,NVIDIA A100-SXM-64GB,103.84,31904,100
1789,2026-05-18 17:21:29.723974,2026/05/18 17:21:29.904,1,NVIDIA A100-SXM-64GB,111.35,31922,100
1790,2026-05-18 17:21:29.723974,2026/05/18 17:21:29.946,2,NVIDIA A100-SXM-64GB,104.23,31912,100
1791,2026-05-18 17:21:29.723974,2026/05/18 17:21:29.949,3,NVIDIA A100-SXM-64GB,105.76,31846,100
1792,2026-05-18 17:21:35.093585,2026/05/18 17:21:35.281,0,NVIDIA A100-SXM-64GB,108.02,31904,100
1793,2026-05-18 17:21:35.093585,2026/05/18 17:21:35.284,1,NVIDIA A100-SXM-64GB,110.86,31922,100
1794,2026-05-18 17:21:35.093585,2026/05/18 17:21:35.331,2,NVIDIA A100-SXM-64GB,103.74,31912,100
1795,2026-05-18 17:21:35.093585,2026/05/18 17:21:35.334,3,NVIDIA A100-SXM-64GB,105.27,31846,100
1796,2026-05-18 17:21:40.479792,2026/05/18 17:21:40.662,0,NVIDIA A100-SXM-64GB,109.71,31904,100
1797,2026-05-18 17:21:40.479792,2026/05/18 17:21:40.665,1,NVIDIA A100-SXM-64GB,114.70,31922,100
1798,2026-05-18 17:21:40.479792,2026/05/18 17:21:40.671,2,NVIDIA A100-SXM-64GB,102.80,31912,100
1799,2026-05-18 17:21:40.479792,2026/05/18 17:21:40.733,3,NVIDIA A100-SXM-64GB,111.84,31846,100
1800,2026-05-18 17:21:45.826458,2026/05/18 17:21:46.007,0,NVIDIA A100-SXM-64GB,102.52,31904,100
1801,2026-05-18 17:21:45.826458,2026/05/18 17:21:46.010,1,NVIDIA A100-SXM-64GB,106.37,31922,100
1802,2026-05-18 17:21:45.826458,2026/05/18 17:21:46.028,2,NVIDIA A100-SXM-64GB,100.44,31912,100
1803,2026-05-18 17:21:45.826458,2026/05/18 17:21:46.089,3,NVIDIA A100-SXM-64GB,101.60,31846,100
1804,2026-05-18 17:21:51.217328,2026/05/18 17:21:51.400,0,NVIDIA A100-SXM-64GB,94.97,31904,100
1805,2026-05-18 17:21:51.217328,2026/05/18 17:21:51.436,1,NVIDIA A100-SXM-64GB,98.73,31922,100
1806,2026-05-18 17:21:51.217328,2026/05/18 17:21:51.439,2,NVIDIA A100-SXM-64GB,98.63,31912,100
1807,2026-05-18 17:21:51.217328,2026/05/18 17:21:51.491,3,NVIDIA A100-SXM-64GB,100.17,31846,100
1808,2026-05-18 17:21:56.621916,2026/05/18 17:21:56.802,0,NVIDIA A100-SXM-64GB,104.55,31904,100
1809,2026-05-18 17:21:56.621916,2026/05/18 17:21:56.846,1,NVIDIA A100-SXM-64GB,110.42,31922,100
1810,2026-05-18 17:21:56.621916,2026/05/18 17:21:56.849,2,NVIDIA A100-SXM-64GB,103.63,31912,100
1811,2026-05-18 17:21:56.621916,2026/05/18 17:21:56.894,3,NVIDIA A100-SXM-64GB,115.79,31846,100
1812,2026-05-18 17:22:02.037430,2026/05/18 17:22:02.226,0,NVIDIA A100-SXM-64GB,97.62,31904,100
1813,2026-05-18 17:22:02.037430,2026/05/18 17:22:02.229,1,NVIDIA A100-SXM-64GB,102.69,31922,100
1814,2026-05-18 17:22:02.037430,2026/05/18 17:22:02.232,2,NVIDIA A100-SXM-64GB,106.86,31912,100
1815,2026-05-18 17:22:02.037430,2026/05/18 17:22:02.289,3,NVIDIA A100-SXM-64GB,98.63,31846,100
1816,2026-05-18 17:22:07.428198,2026/05/18 17:22:07.611,0,NVIDIA A100-SXM-64GB,106.81,31904,100
1817,2026-05-18 17:22:07.428198,2026/05/18 17:22:07.614,1,NVIDIA A100-SXM-64GB,112.51,31922,100
1818,2026-05-18 17:22:07.428198,2026/05/18 17:22:07.693,2,NVIDIA A100-SXM-64GB,106.59,31912,100
1819,2026-05-18 17:22:07.428198,2026/05/18 17:22:07.697,3,NVIDIA A100-SXM-64GB,111.75,31846,100
1820,2026-05-18 17:22:12.851130,2026/05/18 17:22:13.035,0,NVIDIA A100-SXM-64GB,104.82,31904,100
1821,2026-05-18 17:22:12.851130,2026/05/18 17:22:13.037,1,NVIDIA A100-SXM-64GB,111.02,31922,100
1822,2026-05-18 17:22:12.851130,2026/05/18 17:22:13.046,2,NVIDIA A100-SXM-64GB,103.02,31912,100
1823,2026-05-18 17:22:12.851130,2026/05/18 17:22:13.103,3,NVIDIA A100-SXM-64GB,101.17,31846,100
1824,2026-05-18 17:22:18.219313,2026/05/18 17:22:18.398,0,NVIDIA A100-SXM-64GB,93.10,31904,100
1825,2026-05-18 17:22:18.219313,2026/05/18 17:22:18.401,1,NVIDIA A100-SXM-64GB,102.08,31922,100
1826,2026-05-18 17:22:18.219313,2026/05/18 17:22:18.438,2,NVIDIA A100-SXM-64GB,92.21,31912,100
1827,2026-05-18 17:22:18.219313,2026/05/18 17:22:18.442,3,NVIDIA A100-SXM-64GB,106.59,31846,100
1828,2026-05-18 17:22:23.580709,2026/05/18 17:22:23.758,0,NVIDIA A100-SXM-64GB,106.48,31904,100
1829,2026-05-18 17:22:23.580709,2026/05/18 17:22:23.761,1,NVIDIA A100-SXM-64GB,113.72,31922,100
1830,2026-05-18 17:22:23.580709,2026/05/18 17:22:23.809,2,NVIDIA A100-SXM-64GB,101.87,31912,100
1831,2026-05-18 17:22:23.580709,2026/05/18 17:22:23.812,3,NVIDIA A100-SXM-64GB,108.01,31846,100
1832,2026-05-18 17:22:28.980872,2026/05/18 17:22:29.159,0,NVIDIA A100-SXM-64GB,91.47,31904,100
1833,2026-05-18 17:22:28.980872,2026/05/18 17:22:29.168,1,NVIDIA A100-SXM-64GB,95.29,31922,100
1834,2026-05-18 17:22:28.980872,2026/05/18 17:22:29.229,2,NVIDIA A100-SXM-64GB,91.61,31912,100
1835,2026-05-18 17:22:28.980872,2026/05/18 17:22:29.232,3,NVIDIA A100-SXM-64GB,95.46,31846,100
1836,2026-05-18 17:22:34.367694,2026/05/18 17:22:34.561,0,NVIDIA A100-SXM-64GB,105.49,31904,100
1837,2026-05-18 17:22:34.367694,2026/05/18 17:22:34.564,1,NVIDIA A100-SXM-64GB,103.52,31922,100
1838,2026-05-18 17:22:34.367694,2026/05/18 17:22:34.567,2,NVIDIA A100-SXM-64GB,106.64,31912,100
1839,2026-05-18 17:22:34.367694,2026/05/18 17:22:34.626,3,NVIDIA A100-SXM-64GB,96.90,31846,100
1840,2026-05-18 17:22:39.769390,2026/05/18 17:22:39.939,0,NVIDIA A100-SXM-64GB,91.47,31904,100
1841,2026-05-18 17:22:39.769390,2026/05/18 17:22:39.942,1,NVIDIA A100-SXM-64GB,95.05,31922,100
1842,2026-05-18 17:22:39.769390,2026/05/18 17:22:39.944,2,NVIDIA A100-SXM-64GB,91.28,31912,100
1843,2026-05-18 17:22:39.769390,2026/05/18 17:22:39.994,3,NVIDIA A100-SXM-64GB,95.79,31846,100
1844,2026-05-18 17:22:45.103404,2026/05/18 17:22:45.283,0,NVIDIA A100-SXM-64GB,106.37,31904,100
1845,2026-05-18 17:22:45.103404,2026/05/18 17:22:45.312,1,NVIDIA A100-SXM-64GB,95.66,31922,100
1846,2026-05-18 17:22:45.103404,2026/05/18 17:22:45.315,2,NVIDIA A100-SXM-64GB,91.61,31912,100
1847,2026-05-18 17:22:45.103404,2026/05/18 17:22:45.324,3,NVIDIA A100-SXM-64GB,96.06,31846,100
1848,2026-05-18 17:22:50.503520,2026/05/18 17:22:50.692,0,NVIDIA A100-SXM-64GB,101.81,31904,100
1849,2026-05-18 17:22:50.503520,2026/05/18 17:22:50.697,1,NVIDIA A100-SXM-64GB,107.51,31922,100
1850,2026-05-18 17:22:50.503520,2026/05/18 17:22:50.791,2,NVIDIA A100-SXM-64GB,94.16,31912,100
1851,2026-05-18 17:22:50.503520,2026/05/18 17:22:50.794,3,NVIDIA A100-SXM-64GB,104.23,31846,100
1852,2026-05-18 17:22:55.899241,2026/05/18 17:22:56.074,0,NVIDIA A100-SXM-64GB,91.38,31904,100
1853,2026-05-18 17:22:55.899241,2026/05/18 17:22:56.111,1,NVIDIA A100-SXM-64GB,94.95,31922,100
1854,2026-05-18 17:22:55.899241,2026/05/18 17:22:56.114,2,NVIDIA A100-SXM-64GB,91.10,31912,100
1855,2026-05-18 17:22:55.899241,2026/05/18 17:22:56.126,3,NVIDIA A100-SXM-64GB,95.96,31846,100
1856,2026-05-18 17:23:01.291702,2026/05/18 17:23:01.476,0,NVIDIA A100-SXM-64GB,105.87,31904,100
1857,2026-05-18 17:23:01.291702,2026/05/18 17:23:01.498,1,NVIDIA A100-SXM-64GB,108.23,31922,100
1858,2026-05-18 17:23:01.291702,2026/05/18 17:23:01.501,2,NVIDIA A100-SXM-64GB,106.26,31912,100
1859,2026-05-18 17:23:01.291702,2026/05/18 17:23:01.513,3,NVIDIA A100-SXM-64GB,107.68,31846,100
1860,2026-05-18 17:23:06.666305,2026/05/18 17:23:06.843,0,NVIDIA A100-SXM-64GB,97.02,31904,100
1861,2026-05-18 17:23:06.666305,2026/05/18 17:23:06.846,1,NVIDIA A100-SXM-64GB,95.39,31922,100
1862,2026-05-18 17:23:06.666305,2026/05/18 17:23:06.891,2,NVIDIA A100-SXM-64GB,91.61,31912,100
1863,2026-05-18 17:23:06.666305,2026/05/18 17:23:06.894,3,NVIDIA A100-SXM-64GB,96.16,31846,100
1864,2026-05-18 17:23:12.044519,2026/05/18 17:23:12.212,0,NVIDIA A100-SXM-64GB,91.71,31904,100
1865,2026-05-18 17:23:12.044519,2026/05/18 17:23:12.241,1,NVIDIA A100-SXM-64GB,95.19,31922,100
1866,2026-05-18 17:23:12.044519,2026/05/18 17:23:12.243,2,NVIDIA A100-SXM-64GB,91.19,31912,100
1867,2026-05-18 17:23:12.044519,2026/05/18 17:23:12.256,3,NVIDIA A100-SXM-64GB,95.69,31846,100
1868,2026-05-18 17:23:17.413888,2026/05/18 17:23:17.605,0,NVIDIA A100-SXM-64GB,101.21,31904,100
1869,2026-05-18 17:23:17.413888,2026/05/18 17:23:17.609,1,NVIDIA A100-SXM-64GB,98.96,31922,100
1870,2026-05-18 17:23:17.413888,2026/05/18 17:23:17.622,2,NVIDIA A100-SXM-64GB,95.46,31912,100
1871,2026-05-18 17:23:17.413888,2026/05/18 17:23:17.681,3,NVIDIA A100-SXM-64GB,101.00,31846,100
1872,2026-05-18 17:23:22.822324,2026/05/18 17:23:22.998,0,NVIDIA A100-SXM-64GB,91.47,31904,100
1873,2026-05-18 17:23:22.822324,2026/05/18 17:23:23.001,1,NVIDIA A100-SXM-64GB,95.39,31922,100
1874,2026-05-18 17:23:22.822324,2026/05/18 17:23:23.007,2,NVIDIA A100-SXM-64GB,91.61,31912,100
1875,2026-05-18 17:23:22.822324,2026/05/18 17:23:23.052,3,NVIDIA A100-SXM-64GB,95.79,31846,100
1876,2026-05-18 17:23:28.169287,2026/05/18 17:23:28.353,0,NVIDIA A100-SXM-64GB,98.73,31904,100
1877,2026-05-18 17:23:28.169287,2026/05/18 17:23:28.376,1,NVIDIA A100-SXM-64GB,107.68,31922,100
1878,2026-05-18 17:23:28.169287,2026/05/18 17:23:28.379,2,NVIDIA A100-SXM-64GB,103.90,31912,100
1879,2026-05-18 17:23:28.169287,2026/05/18 17:23:28.427,3,NVIDIA A100-SXM-64GB,107.29,31846,100
1880,2026-05-18 17:23:33.554213,2026/05/18 17:23:33.737,0,NVIDIA A100-SXM-64GB,107.90,31904,100
1881,2026-05-18 17:23:33.554213,2026/05/18 17:23:33.740,1,NVIDIA A100-SXM-64GB,97.70,31922,100
1882,2026-05-18 17:23:33.554213,2026/05/18 17:23:33.792,2,NVIDIA A100-SXM-64GB,103.41,31912,100
1883,2026-05-18 17:23:33.554213,2026/05/18 17:23:33.795,3,NVIDIA A100-SXM-64GB,99.74,31846,100
1884,2026-05-18 17:23:38.943574,2026/05/18 17:23:39.131,0,NVIDIA A100-SXM-64GB,101.91,31904,100
1885,2026-05-18 17:23:38.943574,2026/05/18 17:23:39.168,1,NVIDIA A100-SXM-64GB,109.44,31922,100
1886,2026-05-18 17:23:38.943574,2026/05/18 17:23:39.226,2,NVIDIA A100-SXM-64GB,109.22,31912,100
1887,2026-05-18 17:23:38.943574,2026/05/18 17:23:39.267,3,NVIDIA A100-SXM-64GB,113.49,31846,100
1888,2026-05-18 17:23:44.426544,2026/05/18 17:23:44.608,0,NVIDIA A100-SXM-64GB,103.52,31904,100
1889,2026-05-18 17:23:44.426544,2026/05/18 17:23:44.611,1,NVIDIA A100-SXM-64GB,130.26,31922,100
1890,2026-05-18 17:23:44.426544,2026/05/18 17:23:44.674,2,NVIDIA A100-SXM-64GB,106.64,31912,100
1891,2026-05-18 17:23:44.426544,2026/05/18 17:23:44.677,3,NVIDIA A100-SXM-64GB,108.17,31846,100
1892,2026-05-18 17:23:49.891697,2026/05/18 17:23:50.070,0,NVIDIA A100-SXM-64GB,91.80,31904,100
1893,2026-05-18 17:23:49.891697,2026/05/18 17:23:50.073,1,NVIDIA A100-SXM-64GB,95.29,31922,100
1894,2026-05-18 17:23:49.891697,2026/05/18 17:23:50.076,2,NVIDIA A100-SXM-64GB,91.52,31912,100
1895,2026-05-18 17:23:49.891697,2026/05/18 17:23:50.133,3,NVIDIA A100-SXM-64GB,95.69,31846,100
1896,2026-05-18 17:23:55.252146,2026/05/18 17:23:55.425,0,NVIDIA A100-SXM-64GB,101.31,31904,100
1897,2026-05-18 17:23:55.252146,2026/05/18 17:23:55.455,1,NVIDIA A100-SXM-64GB,116.95,31922,100
1898,2026-05-18 17:23:55.252146,2026/05/18 17:23:55.458,2,NVIDIA A100-SXM-64GB,104.94,31912,100
1899,2026-05-18 17:23:55.252146,2026/05/18 17:23:55.475,3,NVIDIA A100-SXM-64GB,111.63,31846,100
1900,2026-05-18 17:24:00.652128,2026/05/18 17:24:00.811,0,NVIDIA A100-SXM-64GB,91.71,31904,100
1901,2026-05-18 17:24:00.652128,2026/05/18 17:24:00.813,1,NVIDIA A100-SXM-64GB,95.56,31922,100
1902,2026-05-18 17:24:00.652128,2026/05/18 17:24:00.825,2,NVIDIA A100-SXM-64GB,91.52,31912,100
1903,2026-05-18 17:24:00.652128,2026/05/18 17:24:00.881,3,NVIDIA A100-SXM-64GB,95.96,31846,100
1904,2026-05-18 17:24:05.998667,2026/05/18 17:24:06.231,0,NVIDIA A100-SXM-64GB,155.62,31904,100
1905,2026-05-18 17:24:05.998667,2026/05/18 17:24:06.235,1,NVIDIA A100-SXM-64GB,101.48,31922,100
1906,2026-05-18 17:24:05.998667,2026/05/18 17:24:06.277,2,NVIDIA A100-SXM-64GB,95.89,31912,100
1907,2026-05-18 17:24:05.998667,2026/05/18 17:24:06.280,3,NVIDIA A100-SXM-64GB,104.34,31846,100
1908,2026-05-18 17:24:11.444377,2026/05/18 17:24:11.617,0,NVIDIA A100-SXM-64GB,117.56,31904,94
1909,2026-05-18 17:24:11.444377,2026/05/18 17:24:11.646,1,NVIDIA A100-SXM-64GB,108.39,31922,96
1910,2026-05-18 17:24:11.444377,2026/05/18 17:24:11.707,2,NVIDIA A100-SXM-64GB,97.22,31912,95
1911,2026-05-18 17:24:11.444377,2026/05/18 17:24:11.754,3,NVIDIA A100-SXM-64GB,98.10,31846,65
1912,2026-05-18 17:24:16.883162,2026/05/18 17:24:17.056,0,NVIDIA A100-SXM-64GB,91.80,31904,100
1913,2026-05-18 17:24:16.883162,2026/05/18 17:24:17.099,1,NVIDIA A100-SXM-64GB,95.29,31922,100
1914,2026-05-18 17:24:16.883162,2026/05/18 17:24:17.165,2,NVIDIA A100-SXM-64GB,91.52,31912,100
1915,2026-05-18 17:24:16.883162,2026/05/18 17:24:17.175,3,NVIDIA A100-SXM-64GB,95.69,31846,100
1916,2026-05-18 17:24:22.335658,2026/05/18 17:24:22.514,0,NVIDIA A100-SXM-64GB,92.40,31904,100
1917,2026-05-18 17:24:22.335658,2026/05/18 17:24:22.517,1,NVIDIA A100-SXM-64GB,116.68,31922,100
1918,2026-05-18 17:24:22.335658,2026/05/18 17:24:22.527,2,NVIDIA A100-SXM-64GB,115.90,31912,100
1919,2026-05-18 17:24:22.335658,2026/05/18 17:24:22.593,3,NVIDIA A100-SXM-64GB,103.30,31846,100
1920,2026-05-18 17:24:27.754375,2026/05/18 17:24:27.934,0,NVIDIA A100-SXM-64GB,104.06,31904,100
1921,2026-05-18 17:24:27.754375,2026/05/18 17:24:27.937,1,NVIDIA A100-SXM-64GB,108.51,31922,100
1922,2026-05-18 17:24:27.754375,2026/05/18 17:24:27.975,2,NVIDIA A100-SXM-64GB,103.52,31912,100
1923,2026-05-18 17:24:27.754375,2026/05/18 17:24:27.978,3,NVIDIA A100-SXM-64GB,116.23,31846,100
1924,2026-05-18 17:24:33.119095,2026/05/18 17:24:33.292,0,NVIDIA A100-SXM-64GB,93.84,31904,100
1925,2026-05-18 17:24:33.119095,2026/05/18 17:24:33.295,1,NVIDIA A100-SXM-64GB,107.68,31922,100
1926,2026-05-18 17:24:33.119095,2026/05/18 17:24:33.339,2,NVIDIA A100-SXM-64GB,103.80,31912,100
1927,2026-05-18 17:24:33.119095,2026/05/18 17:24:33.396,3,NVIDIA A100-SXM-64GB,106.86,31846,100
1928,2026-05-18 17:24:38.506960,2026/05/18 17:24:38.693,0,NVIDIA A100-SXM-64GB,106.70,31904,100
1929,2026-05-18 17:24:38.506960,2026/05/18 17:24:38.695,1,NVIDIA A100-SXM-64GB,110.14,31922,100
1930,2026-05-18 17:24:38.506960,2026/05/18 17:24:38.701,2,NVIDIA A100-SXM-64GB,106.04,31912,100
1931,2026-05-18 17:24:38.506960,2026/05/18 17:24:38.763,3,NVIDIA A100-SXM-64GB,102.37,31846,100
1932,2026-05-18 17:24:43.918632,2026/05/18 17:24:44.107,0,NVIDIA A100-SXM-64GB,100.37,31904,58
1933,2026-05-18 17:24:43.918632,2026/05/18 17:24:44.110,1,NVIDIA A100-SXM-64GB,110.98,31922,95
1934,2026-05-18 17:24:43.918632,2026/05/18 17:24:44.119,2,NVIDIA A100-SXM-64GB,109.00,31912,92
1935,2026-05-18 17:24:43.918632,2026/05/18 17:24:44.182,3,NVIDIA A100-SXM-64GB,111.35,31846,87
1936,2026-05-18 17:24:49.330997,2026/05/18 17:24:49.516,0,NVIDIA A100-SXM-64GB,92.55,31904,100
1937,2026-05-18 17:24:49.330997,2026/05/18 17:24:49.519,1,NVIDIA A100-SXM-64GB,97.60,31922,100
1938,2026-05-18 17:24:49.330997,2026/05/18 17:24:49.571,2,NVIDIA A100-SXM-64GB,100.23,31912,100
1939,2026-05-18 17:24:49.330997,2026/05/18 17:24:49.604,3,NVIDIA A100-SXM-64GB,103.63,31846,100
1940,2026-05-18 17:24:54.736919,2026/05/18 17:24:54.933,0,NVIDIA A100-SXM-64GB,106.86,31904,100
1941,2026-05-18 17:24:54.736919,2026/05/18 17:24:54.936,1,NVIDIA A100-SXM-64GB,114.70,31922,100
1942,2026-05-18 17:24:54.736919,2026/05/18 17:24:54.980,2,NVIDIA A100-SXM-64GB,106.04,31912,100
1943,2026-05-18 17:24:54.736919,2026/05/18 17:24:54.986,3,NVIDIA A100-SXM-64GB,110.20,31846,100
1944,2026-05-18 17:25:00.119757,2026/05/18 17:25:00.304,0,NVIDIA A100-SXM-64GB,119.34,31904,100
1945,2026-05-18 17:25:00.119757,2026/05/18 17:25:00.307,1,NVIDIA A100-SXM-64GB,98.13,31922,100
1946,2026-05-18 17:25:00.119757,2026/05/18 17:25:00.320,2,NVIDIA A100-SXM-64GB,104.01,31912,100
1947,2026-05-18 17:25:00.119757,2026/05/18 17:25:00.338,3,NVIDIA A100-SXM-64GB,106.48,31846,100
1948,2026-05-18 17:25:05.511323,2026/05/18 17:25:05.694,0,NVIDIA A100-SXM-64GB,119.69,31904,100
1949,2026-05-18 17:25:05.511323,2026/05/18 17:25:05.718,1,NVIDIA A100-SXM-64GB,97.60,31922,100
1950,2026-05-18 17:25:05.511323,2026/05/18 17:25:05.721,2,NVIDIA A100-SXM-64GB,101.39,31912,100
1951,2026-05-18 17:25:05.511323,2026/05/18 17:25:05.766,3,NVIDIA A100-SXM-64GB,109.38,31846,100
1952,2026-05-18 17:25:10.915522,2026/05/18 17:25:11.088,0,NVIDIA A100-SXM-64GB,108.39,31904,100
1953,2026-05-18 17:25:10.915522,2026/05/18 17:25:11.091,1,NVIDIA A100-SXM-64GB,107.19,31922,100
1954,2026-05-18 17:25:10.915522,2026/05/18 17:25:11.145,2,NVIDIA A100-SXM-64GB,103.63,31912,100
1955,2026-05-18 17:25:10.915522,2026/05/18 17:25:11.147,3,NVIDIA A100-SXM-64GB,104.84,31846,100
1956,2026-05-18 17:25:16.324621,2026/05/18 17:25:16.522,0,NVIDIA A100-SXM-64GB,121.69,31904,100
1957,2026-05-18 17:25:16.324621,2026/05/18 17:25:16.541,1,NVIDIA A100-SXM-64GB,102.80,31922,100
1958,2026-05-18 17:25:16.324621,2026/05/18 17:25:16.544,2,NVIDIA A100-SXM-64GB,97.22,31912,100
1959,2026-05-18 17:25:16.324621,2026/05/18 17:25:16.590,3,NVIDIA A100-SXM-64GB,129.19,31846,100
1960,2026-05-18 17:25:21.740904,2026/05/18 17:25:21.921,0,NVIDIA A100-SXM-64GB,103.24,31904,100
1961,2026-05-18 17:25:21.740904,2026/05/18 17:25:22.017,1,NVIDIA A100-SXM-64GB,100.27,31922,100
1962,2026-05-18 17:25:21.740904,2026/05/18 17:25:22.020,2,NVIDIA A100-SXM-64GB,98.86,31912,100
1963,2026-05-18 17:25:21.740904,2026/05/18 17:25:22.074,3,NVIDIA A100-SXM-64GB,117.64,31846,100
1964,2026-05-18 17:25:27.222961,2026/05/18 17:25:27.455,0,NVIDIA A100-SXM-64GB,100.44,31904,100
1965,2026-05-18 17:25:27.222961,2026/05/18 17:25:27.479,1,NVIDIA A100-SXM-64GB,103.13,31922,100
1966,2026-05-18 17:25:27.222961,2026/05/18 17:25:27.482,2,NVIDIA A100-SXM-64GB,108.89,31912,100
1967,2026-05-18 17:25:27.222961,2026/05/18 17:25:27.494,3,NVIDIA A100-SXM-64GB,115.67,31846,100
1968,2026-05-18 17:25:32.670987,2026/05/18 17:25:32.845,0,NVIDIA A100-SXM-64GB,134.67,31904,100
1969,2026-05-18 17:25:32.670987,2026/05/18 17:25:32.903,1,NVIDIA A100-SXM-64GB,104.82,31922,100
1970,2026-05-18 17:25:32.670987,2026/05/18 17:25:32.939,2,NVIDIA A100-SXM-64GB,107.40,31912,100
1971,2026-05-18 17:25:32.670987,2026/05/18 17:25:32.942,3,NVIDIA A100-SXM-64GB,109.82,31846,100
1972,2026-05-18 17:25:38.081776,2026/05/18 17:25:38.265,0,NVIDIA A100-SXM-64GB,109.33,31904,100
1973,2026-05-18 17:25:38.081776,2026/05/18 17:25:38.268,1,NVIDIA A100-SXM-64GB,104.94,31922,100
1974,2026-05-18 17:25:38.081776,2026/05/18 17:25:38.278,2,NVIDIA A100-SXM-64GB,109.38,31912,100
1975,2026-05-18 17:25:38.081776,2026/05/18 17:25:38.333,3,NVIDIA A100-SXM-64GB,105.76,31846,100
1976,2026-05-18 17:25:43.456828,2026/05/18 17:25:43.632,0,NVIDIA A100-SXM-64GB,110.26,31904,100
1977,2026-05-18 17:25:43.456828,2026/05/18 17:25:43.635,1,NVIDIA A100-SXM-64GB,101.70,31922,100
1978,2026-05-18 17:25:43.456828,2026/05/18 17:25:43.662,2,NVIDIA A100-SXM-64GB,127.71,31912,100
1979,2026-05-18 17:25:43.456828,2026/05/18 17:25:43.674,3,NVIDIA A100-SXM-64GB,108.61,31846,100
1980,2026-05-18 17:25:48.839290,2026/05/18 17:25:49.030,0,NVIDIA A100-SXM-64GB,115.86,31904,100
1981,2026-05-18 17:25:48.839290,2026/05/18 17:25:49.033,1,NVIDIA A100-SXM-64GB,103.52,31922,100
1982,2026-05-18 17:25:48.839290,2026/05/18 17:25:49.040,2,NVIDIA A100-SXM-64GB,103.02,31912,100
1983,2026-05-18 17:25:48.839290,2026/05/18 17:25:49.099,3,NVIDIA A100-SXM-64GB,107.57,31846,100
1984,2026-05-18 17:25:54.255380,2026/05/18 17:25:54.443,0,NVIDIA A100-SXM-64GB,99.67,31904,100
1985,2026-05-18 17:25:54.255380,2026/05/18 17:25:54.446,1,NVIDIA A100-SXM-64GB,104.61,31922,100
1986,2026-05-18 17:25:54.255380,2026/05/18 17:25:54.483,2,NVIDIA A100-SXM-64GB,100.23,31912,100
1987,2026-05-18 17:25:54.255380,2026/05/18 17:25:54.486,3,NVIDIA A100-SXM-64GB,103.90,31846,100
1988,2026-05-18 17:25:59.633703,2026/05/18 17:25:59.814,0,NVIDIA A100-SXM-64GB,97.62,31904,100
1989,2026-05-18 17:25:59.633703,2026/05/18 17:25:59.862,1,NVIDIA A100-SXM-64GB,132.06,31922,100
1990,2026-05-18 17:25:59.633703,2026/05/18 17:25:59.865,2,NVIDIA A100-SXM-64GB,109.60,31912,100
1991,2026-05-18 17:25:59.633703,2026/05/18 17:25:59.912,3,NVIDIA A100-SXM-64GB,107.68,31846,100
1992,2026-05-18 17:26:05.073507,2026/05/18 17:26:05.253,0,NVIDIA A100-SXM-64GB,102.52,31904,100
1993,2026-05-18 17:26:05.073507,2026/05/18 17:26:05.256,1,NVIDIA A100-SXM-64GB,108.51,31922,100
1994,2026-05-18 17:26:05.073507,2026/05/18 17:26:05.295,2,NVIDIA A100-SXM-64GB,101.00,31912,100
1995,2026-05-18 17:26:05.073507,2026/05/18 17:26:05.298,3,NVIDIA A100-SXM-64GB,106.04,31846,100
1996,2026-05-18 17:26:10.466608,2026/05/18 17:26:10.647,0,NVIDIA A100-SXM-64GB,100.37,31904,100
1997,2026-05-18 17:26:10.466608,2026/05/18 17:26:10.650,1,NVIDIA A100-SXM-64GB,98.96,31922,100
1998,2026-05-18 17:26:10.466608,2026/05/18 17:26:10.659,2,NVIDIA A100-SXM-64GB,135.33,31912,100
1999,2026-05-18 17:26:10.466608,2026/05/18 17:26:10.715,3,NVIDIA A100-SXM-64GB,107.40,31846,100
2000,2026-05-18 17:26:15.858005,2026/05/18 17:26:16.046,0,NVIDIA A100-SXM-64GB,104.06,31904,100
2001,2026-05-18 17:26:15.858005,2026/05/18 17:26:16.049,1,NVIDIA A100-SXM-64GB,105.49,31922,100
2002,2026-05-18 17:26:15.858005,2026/05/18 17:26:16.104,2,NVIDIA A100-SXM-64GB,132.86,31912,100
2003,2026-05-18 17:26:15.858005,2026/05/18 17:26:16.107,3,NVIDIA A100-SXM-64GB,110.91,31846,100
2004,2026-05-18 17:26:21.281632,2026/05/18 17:26:21.459,0,NVIDIA A100-SXM-64GB,108.23,31904,100
2005,2026-05-18 17:26:21.281632,2026/05/18 17:26:21.462,1,NVIDIA A100-SXM-64GB,111.14,31922,100
2006,2026-05-18 17:26:21.281632,2026/05/18 17:26:21.533,2,NVIDIA A100-SXM-64GB,102.80,31912,100
2007,2026-05-18 17:26:21.281632,2026/05/18 17:26:21.536,3,NVIDIA A100-SXM-64GB,108.78,31846,100
2008,2026-05-18 17:26:26.669296,2026/05/18 17:26:26.879,0,NVIDIA A100-SXM-64GB,111.25,31904,100
2009,2026-05-18 17:26:26.669296,2026/05/18 17:26:26.882,1,NVIDIA A100-SXM-64GB,116.35,31922,100
2010,2026-05-18 17:26:26.669296,2026/05/18 17:26:26.924,2,NVIDIA A100-SXM-64GB,92.72,31912,100
2011,2026-05-18 17:26:26.669296,2026/05/18 17:26:26.927,3,NVIDIA A100-SXM-64GB,101.87,31846,100
2012,2026-05-18 17:26:32.104655,2026/05/18 17:26:32.282,0,NVIDIA A100-SXM-64GB,104.33,31904,100
2013,2026-05-18 17:26:32.104655,2026/05/18 17:26:32.336,1,NVIDIA A100-SXM-64GB,110.26,31922,100
2014,2026-05-18 17:26:32.104655,2026/05/18 17:26:32.339,2,NVIDIA A100-SXM-64GB,145.82,31912,100
2015,2026-05-18 17:26:32.104655,2026/05/18 17:26:32.352,3,NVIDIA A100-SXM-64GB,139.14,31846,100
2016,2026-05-18 17:26:37.503510,2026/05/18 17:26:37.730,0,NVIDIA A100-SXM-64GB,90.86,31904,49
2017,2026-05-18 17:26:37.503510,2026/05/18 17:26:37.789,1,NVIDIA A100-SXM-64GB,93.42,31922,51
2018,2026-05-18 17:26:37.503510,2026/05/18 17:26:37.796,2,NVIDIA A100-SXM-64GB,99.74,31912,60
2019,2026-05-18 17:26:37.503510,2026/05/18 17:26:37.838,3,NVIDIA A100-SXM-64GB,102.80,31846,71
2020,2026-05-18 17:26:42.955845,2026/05/18 17:26:43.135,0,NVIDIA A100-SXM-64GB,104.82,31904,100
2021,2026-05-18 17:26:42.955845,2026/05/18 17:26:43.138,1,NVIDIA A100-SXM-64GB,103.34,31922,100
2022,2026-05-18 17:26:42.955845,2026/05/18 17:26:43.198,2,NVIDIA A100-SXM-64GB,101.60,31912,100
2023,2026-05-18 17:26:42.955845,2026/05/18 17:26:43.201,3,NVIDIA A100-SXM-64GB,103.63,31846,100
2024,2026-05-18 17:26:48.376746,2026/05/18 17:26:48.562,0,NVIDIA A100-SXM-64GB,108.23,31904,100
2025,2026-05-18 17:26:48.376746,2026/05/18 17:26:48.565,1,NVIDIA A100-SXM-64GB,109.33,31922,100
2026,2026-05-18 17:26:48.376746,2026/05/18 17:26:48.574,2,NVIDIA A100-SXM-64GB,97.00,31912,100
2027,2026-05-18 17:26:48.376746,2026/05/18 17:26:48.636,3,NVIDIA A100-SXM-64GB,101.00,31846,100
2028,2026-05-18 17:26:53.795187,2026/05/18 17:26:53.979,0,NVIDIA A100-SXM-64GB,108.62,31904,100
2029,2026-05-18 17:26:53.795187,2026/05/18 17:26:53.981,1,NVIDIA A100-SXM-64GB,105.65,31922,100
2030,2026-05-18 17:26:53.795187,2026/05/18 17:26:53.987,2,NVIDIA A100-SXM-64GB,121.10,31912,100
2031,2026-05-18 17:26:53.795187,2026/05/18 17:26:54.050,3,NVIDIA A100-SXM-64GB,127.19,31846,100
2032,2026-05-18 17:26:59.187122,2026/05/18 17:26:59.369,0,NVIDIA A100-SXM-64GB,105.16,31904,100
2033,2026-05-18 17:26:59.187122,2026/05/18 17:26:59.372,1,NVIDIA A100-SXM-64GB,101.37,31922,100
2034,2026-05-18 17:26:59.187122,2026/05/18 17:26:59.418,2,NVIDIA A100-SXM-64GB,112.17,31912,100
2035,2026-05-18 17:26:59.187122,2026/05/18 17:26:59.424,3,NVIDIA A100-SXM-64GB,117.32,31846,100
2036,2026-05-18 17:27:04.626086,2026/05/18 17:27:04.804,0,NVIDIA A100-SXM-64GB,100.04,31904,100
2037,2026-05-18 17:27:04.626086,2026/05/18 17:27:04.807,1,NVIDIA A100-SXM-64GB,100.54,31922,100
2038,2026-05-18 17:27:04.626086,2026/05/18 17:27:04.856,2,NVIDIA A100-SXM-64GB,104.50,31912,100
2039,2026-05-18 17:27:04.626086,2026/05/18 17:27:04.889,3,NVIDIA A100-SXM-64GB,106.15,31846,100
2040,2026-05-18 17:27:10.023379,2026/05/18 17:27:10.198,0,NVIDIA A100-SXM-64GB,97.29,31904,100
2041,2026-05-18 17:27:10.023379,2026/05/18 17:27:10.201,1,NVIDIA A100-SXM-64GB,96.49,31922,100
2042,2026-05-18 17:27:10.023379,2026/05/18 17:27:10.253,2,NVIDIA A100-SXM-64GB,103.74,31912,100
2043,2026-05-18 17:27:10.023379,2026/05/18 17:27:10.290,3,NVIDIA A100-SXM-64GB,111.52,31846,100
2044,2026-05-18 17:27:15.439801,2026/05/18 17:27:15.623,0,NVIDIA A100-SXM-64GB,107.79,31904,100
2045,2026-05-18 17:27:15.439801,2026/05/18 17:27:15.690,1,NVIDIA A100-SXM-64GB,105.87,31922,100
2046,2026-05-18 17:27:15.439801,2026/05/18 17:27:15.693,2,NVIDIA A100-SXM-64GB,103.63,31912,100
2047,2026-05-18 17:27:15.439801,2026/05/18 17:27:15.710,3,NVIDIA A100-SXM-64GB,106.04,31846,100
2048,2026-05-18 17:27:20.919790,2026/05/18 17:27:21.087,0,NVIDIA A100-SXM-64GB,92.40,31904,100
2049,2026-05-18 17:27:20.919790,2026/05/18 17:27:21.090,1,NVIDIA A100-SXM-64GB,96.82,31922,100
2050,2026-05-18 17:27:20.919790,2026/05/18 17:27:21.104,2,NVIDIA A100-SXM-64GB,99.74,31912,100
2051,2026-05-18 17:27:20.919790,2026/05/18 17:27:21.117,3,NVIDIA A100-SXM-64GB,105.16,31846,96
2052,2026-05-18 17:27:26.286339,2026/05/18 17:27:26.462,0,NVIDIA A100-SXM-64GB,91.71,31904,100
2053,2026-05-18 17:27:26.286339,2026/05/18 17:27:26.465,1,NVIDIA A100-SXM-64GB,95.29,31922,100
2054,2026-05-18 17:27:26.286339,2026/05/18 17:27:26.468,2,NVIDIA A100-SXM-64GB,91.52,31912,100
2055,2026-05-18 17:27:26.286339,2026/05/18 17:27:26.525,3,NVIDIA A100-SXM-64GB,95.69,31846,100
2056,2026-05-18 17:27:31.657881,2026/05/18 17:27:31.843,0,NVIDIA A100-SXM-64GB,96.26,31904,100
2057,2026-05-18 17:27:31.657881,2026/05/18 17:27:31.846,1,NVIDIA A100-SXM-64GB,105.38,31922,100
2058,2026-05-18 17:27:31.657881,2026/05/18 17:27:31.851,2,NVIDIA A100-SXM-64GB,106.37,31912,100
2059,2026-05-18 17:27:31.657881,2026/05/18 17:27:31.911,3,NVIDIA A100-SXM-64GB,109.38,31846,100
2060,2026-05-18 17:27:37.070207,2026/05/18 17:27:37.256,0,NVIDIA A100-SXM-64GB,103.73,31904,100
2061,2026-05-18 17:27:37.070207,2026/05/18 17:27:37.259,1,NVIDIA A100-SXM-64GB,117.07,31922,100
2062,2026-05-18 17:27:37.070207,2026/05/18 17:27:37.268,2,NVIDIA A100-SXM-64GB,103.52,31912,100
2063,2026-05-18 17:27:37.070207,2026/05/18 17:27:37.322,3,NVIDIA A100-SXM-64GB,106.04,31846,100
2064,2026-05-18 17:27:42.474577,2026/05/18 17:27:42.669,0,NVIDIA A100-SXM-64GB,101.21,31904,100
2065,2026-05-18 17:27:42.474577,2026/05/18 17:27:42.672,1,NVIDIA A100-SXM-64GB,109.00,31922,100
2066,2026-05-18 17:27:42.474577,2026/05/18 17:27:42.677,2,NVIDIA A100-SXM-64GB,100.67,31912,100
2067,2026-05-18 17:27:42.474577,2026/05/18 17:27:42.732,3,NVIDIA A100-SXM-64GB,107.29,31846,100
2068,2026-05-18 17:27:47.906216,2026/05/18 17:27:48.096,0,NVIDIA A100-SXM-64GB,106.70,31904,100
2069,2026-05-18 17:27:47.906216,2026/05/18 17:27:48.099,1,NVIDIA A100-SXM-64GB,104.82,31922,100
2070,2026-05-18 17:27:47.906216,2026/05/18 17:27:48.139,2,NVIDIA A100-SXM-64GB,121.71,31912,100
2071,2026-05-18 17:27:47.906216,2026/05/18 17:27:48.142,3,NVIDIA A100-SXM-64GB,119.45,31846,100
2072,2026-05-18 17:27:53.327116,2026/05/18 17:27:53.456,0,NVIDIA A100-SXM-64GB,91.71,31904,76
2073,2026-05-18 17:27:53.327116,2026/05/18 17:27:53.464,1,NVIDIA A100-SXM-64GB,98.30,31922,95
2074,2026-05-18 17:27:53.327116,2026/05/18 17:27:53.489,2,NVIDIA A100-SXM-64GB,199.12,31912,71
2075,2026-05-18 17:27:53.327116,2026/05/18 17:27:53.533,3,NVIDIA A100-SXM-64GB,218.31,31846,71
2076,2026-05-18 17:27:58.692483,2026/05/18 17:27:58.867,0,NVIDIA A100-SXM-64GB,91.38,31904,100
2077,2026-05-18 17:27:58.692483,2026/05/18 17:27:58.869,1,NVIDIA A100-SXM-64GB,95.29,31922,100
2078,2026-05-18 17:27:58.692483,2026/05/18 17:27:58.872,2,NVIDIA A100-SXM-64GB,91.19,31912,100
2079,2026-05-18 17:27:58.692483,2026/05/18 17:27:58.924,3,NVIDIA A100-SXM-64GB,96.06,31846,100
2080,2026-05-18 17:28:04.061967,2026/05/18 17:28:04.234,0,NVIDIA A100-SXM-64GB,91.80,31904,100
2081,2026-05-18 17:28:04.061967,2026/05/18 17:28:04.237,1,NVIDIA A100-SXM-64GB,95.29,31922,100
2082,2026-05-18 17:28:04.061967,2026/05/18 17:28:04.275,2,NVIDIA A100-SXM-64GB,91.61,31912,100
2083,2026-05-18 17:28:04.061967,2026/05/18 17:28:04.278,3,NVIDIA A100-SXM-64GB,95.89,31846,100
2084,2026-05-18 17:28:09.417599,2026/05/18 17:28:09.538,0,NVIDIA A100-SXM-64GB,73.79,31904,0
2085,2026-05-18 17:28:09.417599,2026/05/18 17:28:09.545,1,NVIDIA A100-SXM-64GB,95.39,31922,100
2086,2026-05-18 17:28:09.417599,2026/05/18 17:28:09.568,2,NVIDIA A100-SXM-64GB,91.61,31912,100
2087,2026-05-18 17:28:09.417599,2026/05/18 17:28:09.589,3,NVIDIA A100-SXM-64GB,77.23,31846,0
2088,2026-05-18 17:28:14.693770,2026/05/18 17:28:14.868,0,NVIDIA A100-SXM-64GB,103.01,31904,96
2089,2026-05-18 17:28:14.693770,2026/05/18 17:28:14.871,1,NVIDIA A100-SXM-64GB,108.12,31922,100
2090,2026-05-18 17:28:14.693770,2026/05/18 17:28:14.876,2,NVIDIA A100-SXM-64GB,98.20,31912,94
2091,2026-05-18 17:28:14.693770,2026/05/18 17:28:14.938,3,NVIDIA A100-SXM-64GB,101.49,31846,97
2092,2026-05-18 17:28:20.088982,2026/05/18 17:28:20.261,0,NVIDIA A100-SXM-64GB,91.38,31904,100
2093,2026-05-18 17:28:20.088982,2026/05/18 17:28:20.264,1,NVIDIA A100-SXM-64GB,95.29,31922,100
2094,2026-05-18 17:28:20.088982,2026/05/18 17:28:20.268,2,NVIDIA A100-SXM-64GB,91.52,31912,100
2095,2026-05-18 17:28:20.088982,2026/05/18 17:28:20.317,3,NVIDIA A100-SXM-64GB,95.69,31846,100
2096,2026-05-18 17:28:25.435959,2026/05/18 17:28:25.618,0,NVIDIA A100-SXM-64GB,91.80,31904,100
2097,2026-05-18 17:28:25.435959,2026/05/18 17:28:25.621,1,NVIDIA A100-SXM-64GB,95.39,31922,100
2098,2026-05-18 17:28:25.435959,2026/05/18 17:28:25.624,2,NVIDIA A100-SXM-64GB,91.52,31912,100
2099,2026-05-18 17:28:25.435959,2026/05/18 17:28:25.684,3,NVIDIA A100-SXM-64GB,95.79,31846,100
2100,2026-05-18 17:28:30.841466,2026/05/18 17:28:31.014,0,NVIDIA A100-SXM-64GB,91.71,31904,100
2101,2026-05-18 17:28:30.841466,2026/05/18 17:28:31.017,1,NVIDIA A100-SXM-64GB,95.29,31922,100
2102,2026-05-18 17:28:30.841466,2026/05/18 17:28:31.052,2,NVIDIA A100-SXM-64GB,91.52,31912,100
2103,2026-05-18 17:28:30.841466,2026/05/18 17:28:31.112,3,NVIDIA A100-SXM-64GB,96.06,31846,100
2104,2026-05-18 17:28:36.243816,2026/05/18 17:28:36.479,0,NVIDIA A100-SXM-64GB,137.42,31904,100
2105,2026-05-18 17:28:36.243816,2026/05/18 17:28:36.491,1,NVIDIA A100-SXM-64GB,112.07,31922,100
2106,2026-05-18 17:28:36.243816,2026/05/18 17:28:36.536,2,NVIDIA A100-SXM-64GB,137.27,31912,77
2107,2026-05-18 17:28:36.243816,2026/05/18 17:28:36.557,3,NVIDIA A100-SXM-64GB,105.05,31846,100
2108,2026-05-18 17:28:41.727248,2026/05/18 17:28:41.908,0,NVIDIA A100-SXM-64GB,91.71,31904,100
2109,2026-05-18 17:28:41.727248,2026/05/18 17:28:41.911,1,NVIDIA A100-SXM-64GB,95.29,31922,100
2110,2026-05-18 17:28:41.727248,2026/05/18 17:28:41.915,2,NVIDIA A100-SXM-64GB,91.52,31912,100
2111,2026-05-18 17:28:41.727248,2026/05/18 17:28:41.963,3,NVIDIA A100-SXM-64GB,95.79,31846,100
2112,2026-05-18 17:28:47.113932,2026/05/18 17:28:47.304,0,NVIDIA A100-SXM-64GB,91.47,31904,100
2113,2026-05-18 17:28:47.113932,2026/05/18 17:28:47.307,1,NVIDIA A100-SXM-64GB,95.39,31922,100
2114,2026-05-18 17:28:47.113932,2026/05/18 17:28:47.310,2,NVIDIA A100-SXM-64GB,91.61,31912,100
2115,2026-05-18 17:28:47.113932,2026/05/18 17:28:47.365,3,NVIDIA A100-SXM-64GB,95.89,31846,100
2116,2026-05-18 17:28:52.512084,2026/05/18 17:28:52.685,0,NVIDIA A100-SXM-64GB,91.80,31904,100
2117,2026-05-18 17:28:52.512084,2026/05/18 17:28:52.688,1,NVIDIA A100-SXM-64GB,95.29,31922,100
2118,2026-05-18 17:28:52.512084,2026/05/18 17:28:52.692,2,NVIDIA A100-SXM-64GB,91.52,31912,100
2119,2026-05-18 17:28:52.512084,2026/05/18 17:28:52.748,3,NVIDIA A100-SXM-64GB,96.06,31846,100
2120,2026-05-18 17:28:57.879393,2026/05/18 17:28:58.069,0,NVIDIA A100-SXM-64GB,97.20,31904,100
2121,2026-05-18 17:28:57.879393,2026/05/18 17:28:58.072,1,NVIDIA A100-SXM-64GB,106.86,31922,100
2122,2026-05-18 17:28:57.879393,2026/05/18 17:28:58.134,2,NVIDIA A100-SXM-64GB,94.86,31912,100
2123,2026-05-18 17:28:57.879393,2026/05/18 17:28:58.137,3,NVIDIA A100-SXM-64GB,98.86,31846,100
2124,2026-05-18 17:29:03.317180,2026/05/18 17:29:03.496,0,NVIDIA A100-SXM-64GB,91.47,31904,100
2125,2026-05-18 17:29:03.317180,2026/05/18 17:29:03.501,1,NVIDIA A100-SXM-64GB,86.12,31922,0
2126,2026-05-18 17:29:03.317180,2026/05/18 17:29:03.514,2,NVIDIA A100-SXM-64GB,91.19,31912,100
2127,2026-05-18 17:29:03.317180,2026/05/18 17:29:03.576,3,NVIDIA A100-SXM-64GB,95.79,31846,100
2128,2026-05-18 17:29:08.700522,2026/05/18 17:29:08.879,0,NVIDIA A100-SXM-64GB,111.97,31904,100
2129,2026-05-18 17:29:08.700522,2026/05/18 17:29:08.882,1,NVIDIA A100-SXM-64GB,109.00,31922,100
2130,2026-05-18 17:29:08.700522,2026/05/18 17:29:08.885,2,NVIDIA A100-SXM-64GB,104.61,31912,100
2131,2026-05-18 17:29:08.700522,2026/05/18 17:29:08.903,3,NVIDIA A100-SXM-64GB,110.91,31846,100
2132,2026-05-18 17:29:14.082212,2026/05/18 17:29:14.267,0,NVIDIA A100-SXM-64GB,107.62,31904,100
2133,2026-05-18 17:29:14.082212,2026/05/18 17:29:14.270,1,NVIDIA A100-SXM-64GB,112.67,31922,100
2134,2026-05-18 17:29:14.082212,2026/05/18 17:29:14.275,2,NVIDIA A100-SXM-64GB,106.97,31912,100
2135,2026-05-18 17:29:14.082212,2026/05/18 17:29:14.339,3,NVIDIA A100-SXM-64GB,107.29,31846,100
2136,2026-05-18 17:29:19.488384,2026/05/18 17:29:19.662,0,NVIDIA A100-SXM-64GB,91.38,31904,100
2137,2026-05-18 17:29:19.488384,2026/05/18 17:29:19.666,1,NVIDIA A100-SXM-64GB,95.29,31922,100
2138,2026-05-18 17:29:19.488384,2026/05/18 17:29:19.668,2,NVIDIA A100-SXM-64GB,73.21,31912,0
2139,2026-05-18 17:29:19.488384,2026/05/18 17:29:19.729,3,NVIDIA A100-SXM-64GB,95.79,31846,100
2140,2026-05-18 17:29:24.883651,2026/05/18 17:29:25.059,0,NVIDIA A100-SXM-64GB,102.08,31904,100
2141,2026-05-18 17:29:24.883651,2026/05/18 17:29:25.062,1,NVIDIA A100-SXM-64GB,110.26,31922,100
2142,2026-05-18 17:29:24.883651,2026/05/18 17:29:25.066,2,NVIDIA A100-SXM-64GB,97.93,31912,100
2143,2026-05-18 17:29:24.883651,2026/05/18 17:29:25.135,3,NVIDIA A100-SXM-64GB,112.67,31846,100
2144,2026-05-18 17:29:30.299381,2026/05/18 17:29:30.496,0,NVIDIA A100-SXM-64GB,105.49,31904,100
2145,2026-05-18 17:29:30.299381,2026/05/18 17:29:30.498,1,NVIDIA A100-SXM-64GB,101.10,31922,100
2146,2026-05-18 17:29:30.299381,2026/05/18 17:29:30.538,2,NVIDIA A100-SXM-64GB,114.70,31912,100
2147,2026-05-18 17:29:30.299381,2026/05/18 17:29:30.541,3,NVIDIA A100-SXM-64GB,117.64,31846,100
2148,2026-05-18 17:29:35.691416,2026/05/18 17:29:35.871,0,NVIDIA A100-SXM-64GB,105.76,31904,100
2149,2026-05-18 17:29:35.691416,2026/05/18 17:29:35.874,1,NVIDIA A100-SXM-64GB,121.71,31922,100
2150,2026-05-18 17:29:35.691416,2026/05/18 17:29:35.919,2,NVIDIA A100-SXM-64GB,95.96,31912,100
2151,2026-05-18 17:29:35.691416,2026/05/18 17:29:35.947,3,NVIDIA A100-SXM-64GB,98.43,31846,100
2152,2026-05-18 17:29:41.086464,2026/05/18 17:29:41.276,0,NVIDIA A100-SXM-64GB,104.82,31904,100
2153,2026-05-18 17:29:41.086464,2026/05/18 17:29:41.314,1,NVIDIA A100-SXM-64GB,109.93,31922,100
2154,2026-05-18 17:29:41.086464,2026/05/18 17:29:41.316,2,NVIDIA A100-SXM-64GB,94.86,31912,100
2155,2026-05-18 17:29:41.086464,2026/05/18 17:29:41.386,3,NVIDIA A100-SXM-64GB,97.93,31846,100
2156,2026-05-18 17:29:46.544649,2026/05/18 17:29:46.724,0,NVIDIA A100-SXM-64GB,112.19,31904,100
2157,2026-05-18 17:29:46.544649,2026/05/18 17:29:46.727,1,NVIDIA A100-SXM-64GB,104.72,31922,100
2158,2026-05-18 17:29:46.544649,2026/05/18 17:29:46.737,2,NVIDIA A100-SXM-64GB,105.16,31912,100
2159,2026-05-18 17:29:46.544649,2026/05/18 17:29:46.795,3,NVIDIA A100-SXM-64GB,108.78,31846,100
2160,2026-05-18 17:29:51.949575,2026/05/18 17:29:52.132,0,NVIDIA A100-SXM-64GB,107.41,31904,100
2161,2026-05-18 17:29:51.949575,2026/05/18 17:29:52.135,1,NVIDIA A100-SXM-64GB,106.97,31922,100
2162,2026-05-18 17:29:51.949575,2026/05/18 17:29:52.149,2,NVIDIA A100-SXM-64GB,106.59,31912,100
2163,2026-05-18 17:29:51.949575,2026/05/18 17:29:52.238,3,NVIDIA A100-SXM-64GB,101.27,31846,100
2164,2026-05-18 17:29:57.379006,2026/05/18 17:29:57.562,0,NVIDIA A100-SXM-64GB,96.18,31904,100
2165,2026-05-18 17:29:57.379006,2026/05/18 17:29:57.565,1,NVIDIA A100-SXM-64GB,101.21,31922,100
2166,2026-05-18 17:29:57.379006,2026/05/18 17:29:57.625,2,NVIDIA A100-SXM-64GB,106.59,31912,100
2167,2026-05-18 17:29:57.379006,2026/05/18 17:29:57.628,3,NVIDIA A100-SXM-64GB,106.86,31846,100
2168,2026-05-18 17:30:02.800367,2026/05/18 17:30:02.987,0,NVIDIA A100-SXM-64GB,100.15,31904,100
2169,2026-05-18 17:30:02.800367,2026/05/18 17:30:03.004,1,NVIDIA A100-SXM-64GB,106.37,31922,100
2170,2026-05-18 17:30:02.800367,2026/05/18 17:30:03.044,2,NVIDIA A100-SXM-64GB,107.51,31912,100
2171,2026-05-18 17:30:02.800367,2026/05/18 17:30:03.047,3,NVIDIA A100-SXM-64GB,111.63,31846,100
2172,2026-05-18 17:30:08.237149,2026/05/18 17:30:08.428,0,NVIDIA A100-SXM-64GB,100.54,31904,100
2173,2026-05-18 17:30:08.237149,2026/05/18 17:30:08.431,1,NVIDIA A100-SXM-64GB,99.84,31922,100
2174,2026-05-18 17:30:08.237149,2026/05/18 17:30:08.437,2,NVIDIA A100-SXM-64GB,105.76,31912,100
2175,2026-05-18 17:30:08.237149,2026/05/18 17:30:08.491,3,NVIDIA A100-SXM-64GB,97.83,31846,100
2176,2026-05-18 17:30:13.662902,2026/05/18 17:30:13.893,0,NVIDIA A100-SXM-64GB,104.55,31904,100
2177,2026-05-18 17:30:13.662902,2026/05/18 17:30:13.896,1,NVIDIA A100-SXM-64GB,107.79,31922,100
2178,2026-05-18 17:30:13.662902,2026/05/18 17:30:13.900,2,NVIDIA A100-SXM-64GB,104.34,31912,100
2179,2026-05-18 17:30:13.662902,2026/05/18 17:30:13.954,3,NVIDIA A100-SXM-64GB,100.23,31846,100
2180,2026-05-18 17:30:19.127414,2026/05/18 17:30:19.320,0,NVIDIA A100-SXM-64GB,97.29,31904,100
2181,2026-05-18 17:30:19.127414,2026/05/18 17:30:19.323,1,NVIDIA A100-SXM-64GB,104.12,31922,100
2182,2026-05-18 17:30:19.127414,2026/05/18 17:30:19.378,2,NVIDIA A100-SXM-64GB,105.54,31912,100
2183,2026-05-18 17:30:19.127414,2026/05/18 17:30:19.380,3,NVIDIA A100-SXM-64GB,108.28,31846,100
2184,2026-05-18 17:30:24.529360,2026/05/18 17:30:24.707,0,NVIDIA A100-SXM-64GB,99.77,31904,100
2185,2026-05-18 17:30:24.529360,2026/05/18 17:30:24.710,1,NVIDIA A100-SXM-64GB,97.70,31922,100
2186,2026-05-18 17:30:24.529360,2026/05/18 17:30:24.753,2,NVIDIA A100-SXM-64GB,105.27,31912,100
2187,2026-05-18 17:30:24.529360,2026/05/18 17:30:24.756,3,NVIDIA A100-SXM-64GB,111.35,31846,100
2188,2026-05-18 17:30:29.963837,2026/05/18 17:30:30.135,0,NVIDIA A100-SXM-64GB,107.30,31904,100
2189,2026-05-18 17:30:29.963837,2026/05/18 17:30:30.138,1,NVIDIA A100-SXM-64GB,111.63,31922,100
2190,2026-05-18 17:30:29.963837,2026/05/18 17:30:30.147,2,NVIDIA A100-SXM-64GB,108.50,31912,100
2191,2026-05-18 17:30:29.963837,2026/05/18 17:30:30.183,3,NVIDIA A100-SXM-64GB,112.77,31846,100
2192,2026-05-18 17:30:35.289957,2026/05/18 17:30:35.483,0,NVIDIA A100-SXM-64GB,105.65,31904,100
2193,2026-05-18 17:30:35.289957,2026/05/18 17:30:35.486,1,NVIDIA A100-SXM-64GB,109.82,31922,100
2194,2026-05-18 17:30:35.289957,2026/05/18 17:30:35.488,2,NVIDIA A100-SXM-64GB,116.32,31912,100
2195,2026-05-18 17:30:35.289957,2026/05/18 17:30:35.543,3,NVIDIA A100-SXM-64GB,116.92,31846,100
2196,2026-05-18 17:30:40.719277,2026/05/18 17:30:40.913,0,NVIDIA A100-SXM-64GB,96.59,31904,100
2197,2026-05-18 17:30:40.719277,2026/05/18 17:30:40.943,1,NVIDIA A100-SXM-64GB,106.15,31922,100
2198,2026-05-18 17:30:40.719277,2026/05/18 17:30:40.974,2,NVIDIA A100-SXM-64GB,104.94,31912,100
2199,2026-05-18 17:30:40.719277,2026/05/18 17:30:40.977,3,NVIDIA A100-SXM-64GB,112.44,31846,100
2200,2026-05-18 17:30:46.135738,2026/05/18 17:30:46.314,0,NVIDIA A100-SXM-64GB,126.84,31904,100
2201,2026-05-18 17:30:46.135738,2026/05/18 17:30:46.317,1,NVIDIA A100-SXM-64GB,108.72,31922,100
2202,2026-05-18 17:30:46.135738,2026/05/18 17:30:46.367,2,NVIDIA A100-SXM-64GB,95.19,31912,100
2203,2026-05-18 17:30:46.135738,2026/05/18 17:30:46.370,3,NVIDIA A100-SXM-64GB,102.48,31846,100
2204,2026-05-18 17:30:51.542549,2026/05/18 17:30:51.723,0,NVIDIA A100-SXM-64GB,99.23,31904,100
2205,2026-05-18 17:30:51.542549,2026/05/18 17:30:51.726,1,NVIDIA A100-SXM-64GB,107.08,31922,100
2206,2026-05-18 17:30:51.542549,2026/05/18 17:30:51.770,2,NVIDIA A100-SXM-64GB,94.49,31912,100
2207,2026-05-18 17:30:51.542549,2026/05/18 17:30:51.773,3,NVIDIA A100-SXM-64GB,97.39,31846,100
2208,2026-05-18 17:30:56.938865,2026/05/18 17:30:57.125,0,NVIDIA A100-SXM-64GB,106.97,31904,100
2209,2026-05-18 17:30:56.938865,2026/05/18 17:30:57.128,1,NVIDIA A100-SXM-64GB,110.54,31922,100
2210,2026-05-18 17:30:56.938865,2026/05/18 17:30:57.137,2,NVIDIA A100-SXM-64GB,101.60,31912,100
2211,2026-05-18 17:30:56.938865,2026/05/18 17:30:57.193,3,NVIDIA A100-SXM-64GB,114.91,31846,100
2212,2026-05-18 17:31:02.347747,2026/05/18 17:31:02.534,0,NVIDIA A100-SXM-64GB,98.13,31904,100
2213,2026-05-18 17:31:02.347747,2026/05/18 17:31:02.537,1,NVIDIA A100-SXM-64GB,105.65,31922,100
2214,2026-05-18 17:31:02.347747,2026/05/18 17:31:02.586,2,NVIDIA A100-SXM-64GB,103.90,31912,100
2215,2026-05-18 17:31:02.347747,2026/05/18 17:31:02.589,3,NVIDIA A100-SXM-64GB,110.03,31846,100
2216,2026-05-18 17:31:07.783419,2026/05/18 17:31:07.970,0,NVIDIA A100-SXM-64GB,103.34,31904,100
2217,2026-05-18 17:31:07.783419,2026/05/18 17:31:08.034,1,NVIDIA A100-SXM-64GB,118.04,31922,100
2218,2026-05-18 17:31:07.783419,2026/05/18 17:31:08.038,2,NVIDIA A100-SXM-64GB,111.84,31912,100
2219,2026-05-18 17:31:07.783419,2026/05/18 17:31:08.080,3,NVIDIA A100-SXM-64GB,118.12,31846,100
2220,2026-05-18 17:31:13.271937,2026/05/18 17:31:13.401,0,NVIDIA A100-SXM-64GB,97.29,31904,100
2221,2026-05-18 17:31:13.271937,2026/05/18 17:31:13.404,1,NVIDIA A100-SXM-64GB,127.98,31922,100
2222,2026-05-18 17:31:13.271937,2026/05/18 17:31:13.421,2,NVIDIA A100-SXM-64GB,89.80,31912,100
2223,2026-05-18 17:31:13.271937,2026/05/18 17:31:13.455,3,NVIDIA A100-SXM-64GB,96.39,31846,91
2224,2026-05-18 17:31:18.634733,2026/05/18 17:31:18.807,0,NVIDIA A100-SXM-64GB,101.58,31904,100
2225,2026-05-18 17:31:18.634733,2026/05/18 17:31:18.810,1,NVIDIA A100-SXM-64GB,107.19,31922,100
2226,2026-05-18 17:31:18.634733,2026/05/18 17:31:18.880,2,NVIDIA A100-SXM-64GB,100.57,31912,100
2227,2026-05-18 17:31:18.634733,2026/05/18 17:31:18.883,3,NVIDIA A100-SXM-64GB,105.33,31846,100
2228,2026-05-18 17:31:24.072282,2026/05/18 17:31:24.260,0,NVIDIA A100-SXM-64GB,100.54,31904,100
2229,2026-05-18 17:31:24.072282,2026/05/18 17:31:24.263,1,NVIDIA A100-SXM-64GB,109.00,31922,100
2230,2026-05-18 17:31:24.072282,2026/05/18 17:31:24.312,2,NVIDIA A100-SXM-64GB,105.54,31912,100
2231,2026-05-18 17:31:24.072282,2026/05/18 17:31:24.314,3,NVIDIA A100-SXM-64GB,110.75,31846,100
2232,2026-05-18 17:31:29.511328,2026/05/18 17:31:29.690,0,NVIDIA A100-SXM-64GB,101.48,31904,100
2233,2026-05-18 17:31:29.511328,2026/05/18 17:31:29.693,1,NVIDIA A100-SXM-64GB,106.48,31922,100
2234,2026-05-18 17:31:29.511328,2026/05/18 17:31:29.736,2,NVIDIA A100-SXM-64GB,92.02,31912,100
2235,2026-05-18 17:31:29.511328,2026/05/18 17:31:29.739,3,NVIDIA A100-SXM-64GB,96.29,31846,100
2236,2026-05-18 17:31:34.938853,2026/05/18 17:31:35.118,0,NVIDIA A100-SXM-64GB,102.08,31904,100
2237,2026-05-18 17:31:34.938853,2026/05/18 17:31:35.151,1,NVIDIA A100-SXM-64GB,111.35,31922,100
2238,2026-05-18 17:31:34.938853,2026/05/18 17:31:35.153,2,NVIDIA A100-SXM-64GB,99.63,31912,100
2239,2026-05-18 17:31:34.938853,2026/05/18 17:31:35.207,3,NVIDIA A100-SXM-64GB,151.92,31846,100
2240,2026-05-18 17:31:40.389697,2026/05/18 17:31:40.561,0,NVIDIA A100-SXM-64GB,98.51,31904,98
2241,2026-05-18 17:31:40.389697,2026/05/18 17:31:40.564,1,NVIDIA A100-SXM-64GB,97.80,31922,94
2242,2026-05-18 17:31:40.389697,2026/05/18 17:31:40.568,2,NVIDIA A100-SXM-64GB,104.94,31912,97
2243,2026-05-18 17:31:40.389697,2026/05/18 17:31:40.621,3,NVIDIA A100-SXM-64GB,109.49,31846,58
2244,2026-05-18 17:31:45.748305,2026/05/18 17:31:45.931,0,NVIDIA A100-SXM-64GB,92.31,31904,100
2245,2026-05-18 17:31:45.748305,2026/05/18 17:31:45.961,1,NVIDIA A100-SXM-64GB,96.06,31922,100
2246,2026-05-18 17:31:45.748305,2026/05/18 17:31:45.964,2,NVIDIA A100-SXM-64GB,92.02,31912,100
2247,2026-05-18 17:31:45.748305,2026/05/18 17:31:45.972,3,NVIDIA A100-SXM-64GB,96.29,31846,100
2248,2026-05-18 17:31:51.138613,2026/05/18 17:31:51.328,0,NVIDIA A100-SXM-64GB,106.37,31904,100
2249,2026-05-18 17:31:51.138613,2026/05/18 17:31:51.331,1,NVIDIA A100-SXM-64GB,108.61,31922,100
2250,2026-05-18 17:31:51.138613,2026/05/18 17:31:51.338,2,NVIDIA A100-SXM-64GB,106.04,31912,100
2251,2026-05-18 17:31:51.138613,2026/05/18 17:31:51.401,3,NVIDIA A100-SXM-64GB,112.77,31846,100
2252,2026-05-18 17:31:56.558872,2026/05/18 17:31:56.761,0,NVIDIA A100-SXM-64GB,93.24,31904,100
2253,2026-05-18 17:31:56.558872,2026/05/18 17:31:56.764,1,NVIDIA A100-SXM-64GB,98.03,31922,100
2254,2026-05-18 17:31:56.558872,2026/05/18 17:31:56.854,2,NVIDIA A100-SXM-64GB,103.02,31912,100
2255,2026-05-18 17:31:56.558872,2026/05/18 17:31:56.857,3,NVIDIA A100-SXM-64GB,110.91,31846,100
2256,2026-05-18 17:32:02.032310,2026/05/18 17:32:02.226,0,NVIDIA A100-SXM-64GB,94.55,31904,100
2257,2026-05-18 17:32:02.032310,2026/05/18 17:32:02.229,1,NVIDIA A100-SXM-64GB,98.73,31922,100
2258,2026-05-18 17:32:02.032310,2026/05/18 17:32:02.238,2,NVIDIA A100-SXM-64GB,93.65,31912,100
2259,2026-05-18 17:32:02.032310,2026/05/18 17:32:02.290,3,NVIDIA A100-SXM-64GB,97.00,31846,100
2260,2026-05-18 17:32:07.458280,2026/05/18 17:32:07.635,0,NVIDIA A100-SXM-64GB,99.16,31904,100
2261,2026-05-18 17:32:07.458280,2026/05/18 17:32:07.638,1,NVIDIA A100-SXM-64GB,97.20,31922,100
2262,2026-05-18 17:32:07.458280,2026/05/18 17:32:07.646,2,NVIDIA A100-SXM-64GB,101.10,31912,100
2263,2026-05-18 17:32:07.458280,2026/05/18 17:32:07.702,3,NVIDIA A100-SXM-64GB,111.96,31846,100
2264,2026-05-18 17:32:12.847434,2026/05/18 17:32:13.032,0,NVIDIA A100-SXM-64GB,93.84,31904,100
2265,2026-05-18 17:32:12.847434,2026/05/18 17:32:13.035,1,NVIDIA A100-SXM-64GB,100.77,31922,100
2266,2026-05-18 17:32:12.847434,2026/05/18 17:32:13.080,2,NVIDIA A100-SXM-64GB,93.98,31912,100
2267,2026-05-18 17:32:12.847434,2026/05/18 17:32:13.083,3,NVIDIA A100-SXM-64GB,97.83,31846,100
2268,2026-05-18 17:32:18.254053,2026/05/18 17:32:18.429,0,NVIDIA A100-SXM-64GB,109.60,31904,100
2269,2026-05-18 17:32:18.254053,2026/05/18 17:32:18.432,1,NVIDIA A100-SXM-64GB,110.14,31922,100
2270,2026-05-18 17:32:18.254053,2026/05/18 17:32:18.477,2,NVIDIA A100-SXM-64GB,112.77,31912,100
2271,2026-05-18 17:32:18.254053,2026/05/18 17:32:18.480,3,NVIDIA A100-SXM-64GB,106.37,31846,100
2272,2026-05-18 17:32:23.688798,2026/05/18 17:32:23.859,0,NVIDIA A100-SXM-64GB,104.22,31904,67
2273,2026-05-18 17:32:23.688798,2026/05/18 17:32:23.861,1,NVIDIA A100-SXM-64GB,110.14,31922,100
2274,2026-05-18 17:32:23.688798,2026/05/18 17:32:23.869,2,NVIDIA A100-SXM-64GB,104.61,31912,100
2275,2026-05-18 17:32:23.688798,2026/05/18 17:32:23.908,3,NVIDIA A100-SXM-64GB,108.61,31846,95
2276,2026-05-18 17:32:29.078764,2026/05/18 17:32:29.256,0,NVIDIA A100-SXM-64GB,104.66,31904,100
2277,2026-05-18 17:32:29.078764,2026/05/18 17:32:29.259,1,NVIDIA A100-SXM-64GB,135.28,31922,100
2278,2026-05-18 17:32:29.078764,2026/05/18 17:32:29.328,2,NVIDIA A100-SXM-64GB,102.80,31912,100
2279,2026-05-18 17:32:29.078764,2026/05/18 17:32:29.365,3,NVIDIA A100-SXM-64GB,110.42,31846,100
2280,2026-05-18 17:32:34.540849,2026/05/18 17:32:34.718,0,NVIDIA A100-SXM-64GB,100.37,31904,100
2281,2026-05-18 17:32:34.540849,2026/05/18 17:32:34.721,1,NVIDIA A100-SXM-64GB,110.54,31922,100
2282,2026-05-18 17:32:34.540849,2026/05/18 17:32:34.795,2,NVIDIA A100-SXM-64GB,105.27,31912,100
2283,2026-05-18 17:32:34.540849,2026/05/18 17:32:34.798,3,NVIDIA A100-SXM-64GB,109.49,31846,100
2284,2026-05-18 17:32:39.937592,2026/05/18 17:32:40.120,0,NVIDIA A100-SXM-64GB,92.13,31904,100
2285,2026-05-18 17:32:39.937592,2026/05/18 17:32:40.122,1,NVIDIA A100-SXM-64GB,95.66,31922,100
2286,2026-05-18 17:32:39.937592,2026/05/18 17:32:40.164,2,NVIDIA A100-SXM-64GB,91.94,31912,100
2287,2026-05-18 17:32:39.937592,2026/05/18 17:32:40.166,3,NVIDIA A100-SXM-64GB,96.06,31846,100
2288,2026-05-18 17:32:45.350784,2026/05/18 17:32:45.535,0,NVIDIA A100-SXM-64GB,96.59,31904,100
2289,2026-05-18 17:32:45.350784,2026/05/18 17:32:45.538,1,NVIDIA A100-SXM-64GB,100.44,31922,100
2290,2026-05-18 17:32:45.350784,2026/05/18 17:32:45.608,2,NVIDIA A100-SXM-64GB,93.32,31912,100
2291,2026-05-18 17:32:45.350784,2026/05/18 17:32:45.611,3,NVIDIA A100-SXM-64GB,101.76,31846,100
2292,2026-05-18 17:32:50.786811,2026/05/18 17:32:50.922,0,NVIDIA A100-SXM-64GB,83.14,31904,0
2293,2026-05-18 17:32:50.786811,2026/05/18 17:32:50.933,1,NVIDIA A100-SXM-64GB,95.29,31922,100
2294,2026-05-18 17:32:50.786811,2026/05/18 17:32:50.952,2,NVIDIA A100-SXM-64GB,91.52,31912,100
2295,2026-05-18 17:32:50.786811,2026/05/18 17:32:50.977,3,NVIDIA A100-SXM-64GB,86.83,31846,0
2296,2026-05-18 17:32:56.074981,2026/05/18 17:32:56.251,0,NVIDIA A100-SXM-64GB,91.71,31904,100
2297,2026-05-18 17:32:56.074981,2026/05/18 17:32:56.253,1,NVIDIA A100-SXM-64GB,95.29,31922,100
2298,2026-05-18 17:32:56.074981,2026/05/18 17:32:56.296,2,NVIDIA A100-SXM-64GB,91.52,31912,100
2299,2026-05-18 17:32:56.074981,2026/05/18 17:32:56.298,3,NVIDIA A100-SXM-64GB,95.79,31846,100
2300,2026-05-18 17:33:01.452898,2026/05/18 17:33:01.647,0,NVIDIA A100-SXM-64GB,101.48,31904,100
2301,2026-05-18 17:33:01.452898,2026/05/18 17:33:01.650,1,NVIDIA A100-SXM-64GB,136.67,31922,100
2302,2026-05-18 17:33:01.452898,2026/05/18 17:33:01.696,2,NVIDIA A100-SXM-64GB,129.85,31912,100
2303,2026-05-18 17:33:01.452898,2026/05/18 17:33:01.699,3,NVIDIA A100-SXM-64GB,120.05,31846,100
2304,2026-05-18 17:33:06.854063,2026/05/18 17:33:07.029,0,NVIDIA A100-SXM-64GB,91.80,31904,100
2305,2026-05-18 17:33:06.854063,2026/05/18 17:33:07.032,1,NVIDIA A100-SXM-64GB,95.29,31922,100
2306,2026-05-18 17:33:06.854063,2026/05/18 17:33:07.045,2,NVIDIA A100-SXM-64GB,91.52,31912,100
2307,2026-05-18 17:33:06.854063,2026/05/18 17:33:07.065,3,NVIDIA A100-SXM-64GB,96.06,31846,100
2308,2026-05-18 17:33:12.238427,2026/05/18 17:33:12.427,0,NVIDIA A100-SXM-64GB,91.71,31904,100
2309,2026-05-18 17:33:12.238427,2026/05/18 17:33:12.430,1,NVIDIA A100-SXM-64GB,95.29,31922,100
2310,2026-05-18 17:33:12.238427,2026/05/18 17:33:12.464,2,NVIDIA A100-SXM-64GB,91.42,31912,100
2311,2026-05-18 17:33:12.238427,2026/05/18 17:33:12.467,3,NVIDIA A100-SXM-64GB,95.96,31846,100
2312,2026-05-18 17:33:17.620721,2026/05/18 17:33:17.798,0,NVIDIA A100-SXM-64GB,91.71,31904,100
2313,2026-05-18 17:33:17.620721,2026/05/18 17:33:17.801,1,NVIDIA A100-SXM-64GB,95.46,31922,100
2314,2026-05-18 17:33:17.620721,2026/05/18 17:33:17.853,2,NVIDIA A100-SXM-64GB,91.75,31912,100
2315,2026-05-18 17:33:17.620721,2026/05/18 17:33:17.856,3,NVIDIA A100-SXM-64GB,95.96,31846,100
2316,2026-05-18 17:33:23.045362,2026/05/18 17:33:23.228,0,NVIDIA A100-SXM-64GB,93.34,31904,100
2317,2026-05-18 17:33:23.045362,2026/05/18 17:33:23.231,1,NVIDIA A100-SXM-64GB,101.60,31922,100
2318,2026-05-18 17:33:23.045362,2026/05/18 17:33:23.238,2,NVIDIA A100-SXM-64GB,101.17,31912,100
2319,2026-05-18 17:33:23.045362,2026/05/18 17:33:23.293,3,NVIDIA A100-SXM-64GB,140.47,31846,100
2320,2026-05-18 17:33:28.427776,2026/05/18 17:33:28.604,0,NVIDIA A100-SXM-64GB,103.34,31904,100
2321,2026-05-18 17:33:28.427776,2026/05/18 17:33:28.649,1,NVIDIA A100-SXM-64GB,104.34,31922,100
2322,2026-05-18 17:33:28.427776,2026/05/18 17:33:28.652,2,NVIDIA A100-SXM-64GB,95.09,31912,100
2323,2026-05-18 17:33:28.427776,2026/05/18 17:33:28.707,3,NVIDIA A100-SXM-64GB,106.53,31846,100
2324,2026-05-18 17:33:33.847048,2026/05/18 17:33:34.021,0,NVIDIA A100-SXM-64GB,91.61,31904,100
2325,2026-05-18 17:33:33.847048,2026/05/18 17:33:34.024,1,NVIDIA A100-SXM-64GB,95.19,31922,100
2326,2026-05-18 17:33:33.847048,2026/05/18 17:33:34.064,2,NVIDIA A100-SXM-64GB,91.42,31912,100
2327,2026-05-18 17:33:33.847048,2026/05/18 17:33:34.066,3,NVIDIA A100-SXM-64GB,95.69,31846,100
2328,2026-05-18 17:33:39.251675,2026/05/18 17:33:39.434,0,NVIDIA A100-SXM-64GB,118.01,31904,100
2329,2026-05-18 17:33:39.251675,2026/05/18 17:33:39.459,1,NVIDIA A100-SXM-64GB,111.14,31922,100
2330,2026-05-18 17:33:39.251675,2026/05/18 17:33:39.461,2,NVIDIA A100-SXM-64GB,108.28,31912,100
2331,2026-05-18 17:33:39.251675,2026/05/18 17:33:39.518,3,NVIDIA A100-SXM-64GB,107.29,31846,100
2332,2026-05-18 17:33:44.689452,2026/05/18 17:33:44.870,0,NVIDIA A100-SXM-64GB,92.03,31904,100
2333,2026-05-18 17:33:44.689452,2026/05/18 17:33:45.159,1,NVIDIA A100-SXM-64GB,95.56,31922,100
2334,2026-05-18 17:33:44.689452,2026/05/18 17:33:45.163,2,NVIDIA A100-SXM-64GB,91.52,31912,100
2335,2026-05-18 17:33:44.689452,2026/05/18 17:33:45.211,3,NVIDIA A100-SXM-64GB,95.96,31846,100
2336,2026-05-18 17:33:50.399559,2026/05/18 17:33:50.571,0,NVIDIA A100-SXM-64GB,91.71,31904,100
2337,2026-05-18 17:33:50.399559,2026/05/18 17:33:50.611,1,NVIDIA A100-SXM-64GB,95.19,31922,100
2338,2026-05-18 17:33:50.399559,2026/05/18 17:33:50.656,2,NVIDIA A100-SXM-64GB,91.52,31912,100
2339,2026-05-18 17:33:50.399559,2026/05/18 17:33:50.659,3,NVIDIA A100-SXM-64GB,95.96,31846,100
2340,2026-05-18 17:33:55.813323,2026/05/18 17:33:56.001,0,NVIDIA A100-SXM-64GB,157.60,31904,100
2341,2026-05-18 17:33:55.813323,2026/05/18 17:33:56.004,1,NVIDIA A100-SXM-64GB,97.60,31922,100
2342,2026-05-18 17:33:55.813323,2026/05/18 17:33:56.008,2,NVIDIA A100-SXM-64GB,79.02,31912,45
2343,2026-05-18 17:33:55.813323,2026/05/18 17:33:56.096,3,NVIDIA A100-SXM-64GB,96.62,31846,100
2344,2026-05-18 17:34:01.267178,2026/05/18 17:34:01.449,0,NVIDIA A100-SXM-64GB,104.55,31904,100
2345,2026-05-18 17:34:01.267178,2026/05/18 17:34:01.503,1,NVIDIA A100-SXM-64GB,107.40,31922,100
2346,2026-05-18 17:34:01.267178,2026/05/18 17:34:01.506,2,NVIDIA A100-SXM-64GB,97.22,31912,100
2347,2026-05-18 17:34:01.267178,2026/05/18 17:34:01.571,3,NVIDIA A100-SXM-64GB,111.73,31846,100
2348,2026-05-18 17:34:06.713860,2026/05/18 17:34:06.899,0,NVIDIA A100-SXM-64GB,96.26,31904,100
2349,2026-05-18 17:34:06.713860,2026/05/18 17:34:06.902,1,NVIDIA A100-SXM-64GB,105.65,31922,100
2350,2026-05-18 17:34:06.713860,2026/05/18 17:34:06.904,2,NVIDIA A100-SXM-64GB,98.53,31912,100
2351,2026-05-18 17:34:06.713860,2026/05/18 17:34:06.960,3,NVIDIA A100-SXM-64GB,109.70,31846,100
2352,2026-05-18 17:34:12.144080,2026/05/18 17:34:12.316,0,NVIDIA A100-SXM-64GB,101.81,31904,100
2353,2026-05-18 17:34:12.144080,2026/05/18 17:34:12.319,1,NVIDIA A100-SXM-64GB,95.89,31922,100
2354,2026-05-18 17:34:12.144080,2026/05/18 17:34:12.359,2,NVIDIA A100-SXM-64GB,94.58,31912,100
2355,2026-05-18 17:34:12.144080,2026/05/18 17:34:12.413,3,NVIDIA A100-SXM-64GB,96.39,31846,100
2356,2026-05-18 17:34:17.578695,2026/05/18 17:34:17.795,0,NVIDIA A100-SXM-64GB,94.45,31904,100
2357,2026-05-18 17:34:17.578695,2026/05/18 17:34:17.798,1,NVIDIA A100-SXM-64GB,101.00,31922,100
2358,2026-05-18 17:34:17.578695,2026/05/18 17:34:17.805,2,NVIDIA A100-SXM-64GB,92.95,31912,100
2359,2026-05-18 17:34:17.578695,2026/05/18 17:34:17.863,3,NVIDIA A100-SXM-64GB,102.37,31846,100
2360,2026-05-18 17:34:23.037983,2026/05/18 17:34:23.230,0,NVIDIA A100-SXM-64GB,123.95,31904,100
2361,2026-05-18 17:34:23.037983,2026/05/18 17:34:23.233,1,NVIDIA A100-SXM-64GB,97.20,31922,100
2362,2026-05-18 17:34:23.037983,2026/05/18 17:34:23.276,2,NVIDIA A100-SXM-64GB,107.29,31912,100
2363,2026-05-18 17:34:23.037983,2026/05/18 17:34:23.280,3,NVIDIA A100-SXM-64GB,97.42,31846,100
2364,2026-05-18 17:34:28.459829,2026/05/18 17:34:28.643,0,NVIDIA A100-SXM-64GB,103.01,31904,100
2365,2026-05-18 17:34:28.459829,2026/05/18 17:34:28.646,1,NVIDIA A100-SXM-64GB,106.26,31922,100
2366,2026-05-18 17:34:28.459829,2026/05/18 17:34:28.687,2,NVIDIA A100-SXM-64GB,102.48,31912,100
2367,2026-05-18 17:34:28.459829,2026/05/18 17:34:28.690,3,NVIDIA A100-SXM-64GB,110.03,31846,100
2368,2026-05-18 17:34:33.875678,2026/05/18 17:34:34.066,0,NVIDIA A100-SXM-64GB,105.16,31904,100
2369,2026-05-18 17:34:33.875678,2026/05/18 17:34:34.069,1,NVIDIA A100-SXM-64GB,101.81,31922,100
2370,2026-05-18 17:34:33.875678,2026/05/18 17:34:34.122,2,NVIDIA A100-SXM-64GB,132.26,31912,100
2371,2026-05-18 17:34:33.875678,2026/05/18 17:34:34.125,3,NVIDIA A100-SXM-64GB,102.80,31846,100
2372,2026-05-18 17:34:39.292893,2026/05/18 17:34:39.472,0,NVIDIA A100-SXM-64GB,106.09,31904,100
2373,2026-05-18 17:34:39.292893,2026/05/18 17:34:39.475,1,NVIDIA A100-SXM-64GB,107.62,31922,100
2374,2026-05-18 17:34:39.292893,2026/05/18 17:34:39.538,2,NVIDIA A100-SXM-64GB,106.04,31912,100
2375,2026-05-18 17:34:39.292893,2026/05/18 17:34:39.541,3,NVIDIA A100-SXM-64GB,112.44,31846,100
2376,2026-05-18 17:34:44.702622,2026/05/18 17:34:44.866,0,NVIDIA A100-SXM-64GB,92.03,31904,84
2377,2026-05-18 17:34:44.702622,2026/05/18 17:34:44.870,1,NVIDIA A100-SXM-64GB,95.29,31922,85
2378,2026-05-18 17:34:44.702622,2026/05/18 17:34:44.945,2,NVIDIA A100-SXM-64GB,92.12,31912,70
2379,2026-05-18 17:34:44.702622,2026/05/18 17:34:44.947,3,NVIDIA A100-SXM-64GB,93.55,31846,49
2380,2026-05-18 17:34:50.119689,2026/05/18 17:34:50.294,0,NVIDIA A100-SXM-64GB,116.47,31904,100
2381,2026-05-18 17:34:50.119689,2026/05/18 17:34:50.297,1,NVIDIA A100-SXM-64GB,104.44,31922,100
2382,2026-05-18 17:34:50.119689,2026/05/18 17:34:50.342,2,NVIDIA A100-SXM-64GB,94.16,31912,100
2383,2026-05-18 17:34:50.119689,2026/05/18 17:34:50.384,3,NVIDIA A100-SXM-64GB,108.17,31846,100
2384,2026-05-18 17:34:55.577087,2026/05/18 17:34:55.752,0,NVIDIA A100-SXM-64GB,92.64,31904,100
2385,2026-05-18 17:34:55.577087,2026/05/18 17:34:55.755,1,NVIDIA A100-SXM-64GB,104.44,31922,100
2386,2026-05-18 17:34:55.577087,2026/05/18 17:34:55.792,2,NVIDIA A100-SXM-64GB,101.60,31912,100
2387,2026-05-18 17:34:55.577087,2026/05/18 17:34:55.795,3,NVIDIA A100-SXM-64GB,99.03,31846,100
2388,2026-05-18 17:35:00.983191,2026/05/18 17:35:01.163,0,NVIDIA A100-SXM-64GB,104.33,31904,100
2389,2026-05-18 17:35:00.983191,2026/05/18 17:35:01.204,1,NVIDIA A100-SXM-64GB,109.71,31922,100
2390,2026-05-18 17:35:00.983191,2026/05/18 17:35:01.207,2,NVIDIA A100-SXM-64GB,96.16,31912,100
2391,2026-05-18 17:35:00.983191,2026/05/18 17:35:01.261,3,NVIDIA A100-SXM-64GB,101.37,31846,100
2392,2026-05-18 17:35:06.403229,2026/05/18 17:35:06.588,0,NVIDIA A100-SXM-64GB,96.69,31904,100
2393,2026-05-18 17:35:06.403229,2026/05/18 17:35:06.591,1,NVIDIA A100-SXM-64GB,109.71,31922,100
2394,2026-05-18 17:35:06.403229,2026/05/18 17:35:06.668,2,NVIDIA A100-SXM-64GB,106.75,31912,100
2395,2026-05-18 17:35:06.403229,2026/05/18 17:35:06.679,3,NVIDIA A100-SXM-64GB,104.01,31846,100
2396,2026-05-18 17:35:11.849336,2026/05/18 17:35:12.037,0,NVIDIA A100-SXM-64GB,113.51,31904,100
2397,2026-05-18 17:35:11.849336,2026/05/18 17:35:12.067,1,NVIDIA A100-SXM-64GB,104.55,31922,100
2398,2026-05-18 17:35:11.849336,2026/05/18 17:35:12.070,2,NVIDIA A100-SXM-64GB,100.34,31912,100
2399,2026-05-18 17:35:11.849336,2026/05/18 17:35:12.121,3,NVIDIA A100-SXM-64GB,101.60,31846,100
2400,2026-05-18 17:35:17.268993,2026/05/18 17:35:17.455,0,NVIDIA A100-SXM-64GB,126.71,31904,100
2401,2026-05-18 17:35:17.268993,2026/05/18 17:35:17.458,1,NVIDIA A100-SXM-64GB,107.68,31922,100
2402,2026-05-18 17:35:17.268993,2026/05/18 17:35:17.469,2,NVIDIA A100-SXM-64GB,108.61,31912,100
2403,2026-05-18 17:35:17.268993,2026/05/18 17:35:17.524,3,NVIDIA A100-SXM-64GB,104.23,31846,100
2404,2026-05-18 17:35:22.671845,2026/05/18 17:35:22.851,0,NVIDIA A100-SXM-64GB,114.66,31904,100
2405,2026-05-18 17:35:22.671845,2026/05/18 17:35:22.903,1,NVIDIA A100-SXM-64GB,110.14,31922,100
2406,2026-05-18 17:35:22.671845,2026/05/18 17:35:22.906,2,NVIDIA A100-SXM-64GB,102.70,31912,100
2407,2026-05-18 17:35:22.671845,2026/05/18 17:35:22.954,3,NVIDIA A100-SXM-64GB,108.67,31846,100
2408,2026-05-18 17:35:28.104167,2026/05/18 17:35:28.349,0,NVIDIA A100-SXM-64GB,102.31,31904,100
2409,2026-05-18 17:35:28.104167,2026/05/18 17:35:28.352,1,NVIDIA A100-SXM-64GB,104.94,31922,100
2410,2026-05-18 17:35:28.104167,2026/05/18 17:35:28.362,2,NVIDIA A100-SXM-64GB,116.11,31912,100
2411,2026-05-18 17:35:28.104167,2026/05/18 17:35:28.394,3,NVIDIA A100-SXM-64GB,100.57,31846,100
2412,2026-05-18 17:35:33.571804,2026/05/18 17:35:33.756,0,NVIDIA A100-SXM-64GB,109.23,31904,100
2413,2026-05-18 17:35:33.571804,2026/05/18 17:35:33.758,1,NVIDIA A100-SXM-64GB,116.80,31922,100
2414,2026-05-18 17:35:33.571804,2026/05/18 17:35:33.767,2,NVIDIA A100-SXM-64GB,93.15,31912,100
2415,2026-05-18 17:35:33.571804,2026/05/18 17:35:33.826,3,NVIDIA A100-SXM-64GB,101.27,31846,100
2416,2026-05-18 17:35:38.984380,2026/05/18 17:35:39.171,0,NVIDIA A100-SXM-64GB,107.08,31904,100
2417,2026-05-18 17:35:38.984380,2026/05/18 17:35:39.174,1,NVIDIA A100-SXM-64GB,111.58,31922,100
2418,2026-05-18 17:35:38.984380,2026/05/18 17:35:39.180,2,NVIDIA A100-SXM-64GB,100.77,31912,100
2419,2026-05-18 17:35:38.984380,2026/05/18 17:35:39.228,3,NVIDIA A100-SXM-64GB,113.76,31846,100
2420,2026-05-18 17:35:44.385241,2026/05/18 17:35:44.573,0,NVIDIA A100-SXM-64GB,107.41,31904,100
2421,2026-05-18 17:35:44.385241,2026/05/18 17:35:44.576,1,NVIDIA A100-SXM-64GB,110.98,31922,100
2422,2026-05-18 17:35:44.385241,2026/05/18 17:35:44.637,2,NVIDIA A100-SXM-64GB,93.32,31912,100
2423,2026-05-18 17:35:44.385241,2026/05/18 17:35:44.640,3,NVIDIA A100-SXM-64GB,143.41,31846,100
2424,2026-05-18 17:35:49.866726,2026/05/18 17:35:50.055,0,NVIDIA A100-SXM-64GB,94.27,31904,100
2425,2026-05-18 17:35:49.866726,2026/05/18 17:35:50.058,1,NVIDIA A100-SXM-64GB,99.06,31922,100
2426,2026-05-18 17:35:49.866726,2026/05/18 17:35:50.114,2,NVIDIA A100-SXM-64GB,99.57,31912,100
2427,2026-05-18 17:35:49.866726,2026/05/18 17:35:50.117,3,NVIDIA A100-SXM-64GB,112.88,31846,100
2428,2026-05-18 17:35:55.332821,2026/05/18 17:35:55.474,0,NVIDIA A100-SXM-64GB,92.91,31904,68
2429,2026-05-18 17:35:55.332821,2026/05/18 17:35:55.477,1,NVIDIA A100-SXM-64GB,100.06,31922,46
2430,2026-05-18 17:35:55.332821,2026/05/18 17:35:55.545,2,NVIDIA A100-SXM-64GB,99.63,31912,69
2431,2026-05-18 17:35:55.332821,2026/05/18 17:35:55.585,3,NVIDIA A100-SXM-64GB,110.31,31846,82
2432,2026-05-18 17:36:00.774899,2026/05/18 17:36:00.941,0,NVIDIA A100-SXM-64GB,107.62,31904,100
2433,2026-05-18 17:36:00.774899,2026/05/18 17:36:00.944,1,NVIDIA A100-SXM-64GB,106.15,31922,100
2434,2026-05-18 17:36:00.774899,2026/05/18 17:36:01.000,2,NVIDIA A100-SXM-64GB,93.55,31912,100
2435,2026-05-18 17:36:00.774899,2026/05/18 17:36:01.036,3,NVIDIA A100-SXM-64GB,110.91,31846,100
2436,2026-05-18 17:36:06.177874,2026/05/18 17:36:06.358,0,NVIDIA A100-SXM-64GB,104.82,31904,100
2437,2026-05-18 17:36:06.177874,2026/05/18 17:36:06.361,1,NVIDIA A100-SXM-64GB,107.40,31922,100
2438,2026-05-18 17:36:06.177874,2026/05/18 17:36:06.371,2,NVIDIA A100-SXM-64GB,103.30,31912,100
2439,2026-05-18 17:36:06.177874,2026/05/18 17:36:06.427,3,NVIDIA A100-SXM-64GB,110.03,31846,100
2440,2026-05-18 17:36:11.620390,2026/05/18 17:36:11.832,0,NVIDIA A100-SXM-64GB,105.16,31904,100
2441,2026-05-18 17:36:11.620390,2026/05/18 17:36:11.835,1,NVIDIA A100-SXM-64GB,107.19,31922,100
2442,2026-05-18 17:36:11.620390,2026/05/18 17:36:11.902,2,NVIDIA A100-SXM-64GB,101.87,31912,100
2443,2026-05-18 17:36:11.620390,2026/05/18 17:36:11.905,3,NVIDIA A100-SXM-64GB,121.44,31846,100
2444,2026-05-18 17:36:17.089938,2026/05/18 17:36:17.273,0,NVIDIA A100-SXM-64GB,100.04,31904,100
2445,2026-05-18 17:36:17.089938,2026/05/18 17:36:17.276,1,NVIDIA A100-SXM-64GB,102.41,31922,100
2446,2026-05-18 17:36:17.089938,2026/05/18 17:36:17.318,2,NVIDIA A100-SXM-64GB,102.31,31912,100
2447,2026-05-18 17:36:17.089938,2026/05/18 17:36:17.361,3,NVIDIA A100-SXM-64GB,99.57,31846,100
2448,2026-05-18 17:36:22.589643,2026/05/18 17:36:22.769,0,NVIDIA A100-SXM-64GB,100.98,31904,100
2449,2026-05-18 17:36:22.589643,2026/05/18 17:36:22.772,1,NVIDIA A100-SXM-64GB,104.44,31922,100
2450,2026-05-18 17:36:22.589643,2026/05/18 17:36:22.784,2,NVIDIA A100-SXM-64GB,95.19,31912,100
2451,2026-05-18 17:36:22.589643,2026/05/18 17:36:22.844,3,NVIDIA A100-SXM-64GB,111.35,31846,100
2452,2026-05-18 17:36:28.029783,2026/05/18 17:36:28.213,0,NVIDIA A100-SXM-64GB,128.86,31904,100
2453,2026-05-18 17:36:28.029783,2026/05/18 17:36:28.216,1,NVIDIA A100-SXM-64GB,114.82,31922,100
2454,2026-05-18 17:36:28.029783,2026/05/18 17:36:28.266,2,NVIDIA A100-SXM-64GB,104.23,31912,100
2455,2026-05-18 17:36:28.029783,2026/05/18 17:36:28.269,3,NVIDIA A100-SXM-64GB,108.78,31846,100
2456,2026-05-18 17:36:33.471328,2026/05/18 17:36:33.646,0,NVIDIA A100-SXM-64GB,105.49,31904,100
2457,2026-05-18 17:36:33.471328,2026/05/18 17:36:33.649,1,NVIDIA A100-SXM-64GB,118.70,31922,100
2458,2026-05-18 17:36:33.471328,2026/05/18 17:36:33.693,2,NVIDIA A100-SXM-64GB,109.38,31912,98
2459,2026-05-18 17:36:33.471328,2026/05/18 17:36:33.704,3,NVIDIA A100-SXM-64GB,110.64,31846,100
2460,2026-05-18 17:36:38.869802,2026/05/18 17:36:39.057,0,NVIDIA A100-SXM-64GB,106.20,31904,100
2461,2026-05-18 17:36:38.869802,2026/05/18 17:36:39.102,1,NVIDIA A100-SXM-64GB,108.12,31922,94
2462,2026-05-18 17:36:38.869802,2026/05/18 17:36:39.104,2,NVIDIA A100-SXM-64GB,110.14,31912,100
2463,2026-05-18 17:36:38.869802,2026/05/18 17:36:39.158,3,NVIDIA A100-SXM-64GB,110.64,31846,100
2464,2026-05-18 17:36:44.357192,2026/05/18 17:36:44.537,0,NVIDIA A100-SXM-64GB,100.54,31904,100
2465,2026-05-18 17:36:44.357192,2026/05/18 17:36:44.540,1,NVIDIA A100-SXM-64GB,105.54,31922,100
2466,2026-05-18 17:36:44.357192,2026/05/18 17:36:44.546,2,NVIDIA A100-SXM-64GB,102.10,31912,100
2467,2026-05-18 17:36:44.357192,2026/05/18 17:36:44.609,3,NVIDIA A100-SXM-64GB,122.85,31846,100
2468,2026-05-18 17:36:49.753692,2026/05/18 17:36:49.934,0,NVIDIA A100-SXM-64GB,99.67,31904,100
2469,2026-05-18 17:36:49.753692,2026/05/18 17:36:49.937,1,NVIDIA A100-SXM-64GB,101.37,31922,100
2470,2026-05-18 17:36:49.753692,2026/05/18 17:36:50.055,2,NVIDIA A100-SXM-64GB,123.72,31912,100
2471,2026-05-18 17:36:49.753692,2026/05/18 17:36:50.102,3,NVIDIA A100-SXM-64GB,102.37,31846,100
2472,2026-05-18 17:36:55.257662,2026/05/18 17:36:55.432,0,NVIDIA A100-SXM-64GB,90.50,31904,100
2473,2026-05-18 17:36:55.257662,2026/05/18 17:36:55.435,1,NVIDIA A100-SXM-64GB,99.84,31922,100
2474,2026-05-18 17:36:55.257662,2026/05/18 17:36:55.491,2,NVIDIA A100-SXM-64GB,97.00,31912,100
2475,2026-05-18 17:36:55.257662,2026/05/18 17:36:55.493,3,NVIDIA A100-SXM-64GB,109.11,31846,98
2476,2026-05-18 17:37:00.685412,2026/05/18 17:37:00.864,0,NVIDIA A100-SXM-64GB,103.73,31904,100
2477,2026-05-18 17:37:00.685412,2026/05/18 17:37:00.867,1,NVIDIA A100-SXM-64GB,111.46,31922,100
2478,2026-05-18 17:37:00.685412,2026/05/18 17:37:00.910,2,NVIDIA A100-SXM-64GB,96.39,31912,100
2479,2026-05-18 17:37:00.685412,2026/05/18 17:37:00.914,3,NVIDIA A100-SXM-64GB,106.04,31846,100
2480,2026-05-18 17:37:06.123816,2026/05/18 17:37:06.313,0,NVIDIA A100-SXM-64GB,105.76,31904,100
2481,2026-05-18 17:37:06.123816,2026/05/18 17:37:06.316,1,NVIDIA A100-SXM-64GB,114.21,31922,100
2482,2026-05-18 17:37:06.123816,2026/05/18 17:37:06.324,2,NVIDIA A100-SXM-64GB,102.48,31912,100
2483,2026-05-18 17:37:06.123816,2026/05/18 17:37:06.388,3,NVIDIA A100-SXM-64GB,115.79,31846,100
2484,2026-05-18 17:37:11.564595,2026/05/18 17:37:11.748,0,NVIDIA A100-SXM-64GB,98.63,31904,100
2485,2026-05-18 17:37:11.564595,2026/05/18 17:37:11.751,1,NVIDIA A100-SXM-64GB,107.40,31922,100
2486,2026-05-18 17:37:11.564595,2026/05/18 17:37:11.754,2,NVIDIA A100-SXM-64GB,97.50,31912,100
2487,2026-05-18 17:37:11.564595,2026/05/18 17:37:11.815,3,NVIDIA A100-SXM-64GB,105.43,31846,100
2488,2026-05-18 17:37:16.981896,2026/05/18 17:37:17.153,0,NVIDIA A100-SXM-64GB,91.89,31904,100
2489,2026-05-18 17:37:16.981896,2026/05/18 17:37:17.198,1,NVIDIA A100-SXM-64GB,95.39,31922,100
2490,2026-05-18 17:37:16.981896,2026/05/18 17:37:17.200,2,NVIDIA A100-SXM-64GB,91.61,31912,100
2491,2026-05-18 17:37:16.981896,2026/05/18 17:37:17.216,3,NVIDIA A100-SXM-64GB,96.06,31846,100
2492,2026-05-18 17:37:22.423724,2026/05/18 17:37:22.622,0,NVIDIA A100-SXM-64GB,92.03,31904,100
2493,2026-05-18 17:37:22.423724,2026/05/18 17:37:22.648,1,NVIDIA A100-SXM-64GB,95.46,31922,100
2494,2026-05-18 17:37:22.423724,2026/05/18 17:37:22.651,2,NVIDIA A100-SXM-64GB,92.02,31912,100
2495,2026-05-18 17:37:22.423724,2026/05/18 17:37:22.696,3,NVIDIA A100-SXM-64GB,113.65,31846,100
2496,2026-05-18 17:37:27.872766,2026/05/18 17:37:28.051,0,NVIDIA A100-SXM-64GB,105.05,31904,100
2497,2026-05-18 17:37:27.872766,2026/05/18 17:37:28.090,1,NVIDIA A100-SXM-64GB,107.40,31922,100
2498,2026-05-18 17:37:27.872766,2026/05/18 17:37:28.141,2,NVIDIA A100-SXM-64GB,102.20,31912,87
2499,2026-05-18 17:37:27.872766,2026/05/18 17:37:28.143,3,NVIDIA A100-SXM-64GB,109.38,31846,100
2500,2026-05-18 17:37:33.328552,2026/05/18 17:37:33.512,0,NVIDIA A100-SXM-64GB,97.20,31904,100
2501,2026-05-18 17:37:33.328552,2026/05/18 17:37:33.549,1,NVIDIA A100-SXM-64GB,134.53,31922,100
2502,2026-05-18 17:37:33.328552,2026/05/18 17:37:33.552,2,NVIDIA A100-SXM-64GB,112.17,31912,100
2503,2026-05-18 17:37:33.328552,2026/05/18 17:37:33.561,3,NVIDIA A100-SXM-64GB,105.43,31846,100
2504,2026-05-18 17:37:38.772361,2026/05/18 17:37:38.895,0,NVIDIA A100-SXM-64GB,82.53,31904,0
2505,2026-05-18 17:37:38.772361,2026/05/18 17:37:38.909,1,NVIDIA A100-SXM-64GB,95.56,31922,100
2506,2026-05-18 17:37:38.772361,2026/05/18 17:37:38.929,2,NVIDIA A100-SXM-64GB,91.42,31912,100
2507,2026-05-18 17:37:38.772361,2026/05/18 17:37:38.948,3,NVIDIA A100-SXM-64GB,87.15,31846,0
2508,2026-05-18 17:37:44.060790,2026/05/18 17:37:44.240,0,NVIDIA A100-SXM-64GB,91.71,31904,100
2509,2026-05-18 17:37:44.060790,2026/05/18 17:37:44.243,1,NVIDIA A100-SXM-64GB,95.56,31922,100
2510,2026-05-18 17:37:44.060790,2026/05/18 17:37:44.245,2,NVIDIA A100-SXM-64GB,91.52,31912,100
2511,2026-05-18 17:37:44.060790,2026/05/18 17:37:44.299,3,NVIDIA A100-SXM-64GB,95.69,31846,100
2512,2026-05-18 17:37:49.470862,2026/05/18 17:37:49.636,0,NVIDIA A100-SXM-64GB,91.61,31904,100
2513,2026-05-18 17:37:49.470862,2026/05/18 17:37:49.639,1,NVIDIA A100-SXM-64GB,95.19,31922,100
2514,2026-05-18 17:37:49.470862,2026/05/18 17:37:49.646,2,NVIDIA A100-SXM-64GB,91.42,31912,100
2515,2026-05-18 17:37:49.470862,2026/05/18 17:37:49.673,3,NVIDIA A100-SXM-64GB,95.96,31846,100
2516,2026-05-18 17:37:54.858620,2026/05/18 17:37:55.041,0,NVIDIA A100-SXM-64GB,142.17,31904,100
2517,2026-05-18 17:37:54.858620,2026/05/18 17:37:55.044,1,NVIDIA A100-SXM-64GB,110.26,31922,100
2518,2026-05-18 17:37:54.858620,2026/05/18 17:37:55.063,2,NVIDIA A100-SXM-64GB,106.15,31912,100
2519,2026-05-18 17:37:54.858620,2026/05/18 17:37:55.123,3,NVIDIA A100-SXM-64GB,104.34,31846,100
2520,2026-05-18 17:38:00.329685,2026/05/18 17:38:00.521,0,NVIDIA A100-SXM-64GB,110.54,31904,100
2521,2026-05-18 17:38:00.329685,2026/05/18 17:38:00.524,1,NVIDIA A100-SXM-64GB,111.63,31922,100
2522,2026-05-18 17:38:00.329685,2026/05/18 17:38:00.576,2,NVIDIA A100-SXM-64GB,102.37,31912,100
2523,2026-05-18 17:38:00.329685,2026/05/18 17:38:00.579,3,NVIDIA A100-SXM-64GB,100.23,31846,100
2524,2026-05-18 17:38:05.769721,2026/05/18 17:38:05.942,0,NVIDIA A100-SXM-64GB,91.71,31904,100
2525,2026-05-18 17:38:05.769721,2026/05/18 17:38:05.944,1,NVIDIA A100-SXM-64GB,95.19,31922,100
2526,2026-05-18 17:38:05.769721,2026/05/18 17:38:05.986,2,NVIDIA A100-SXM-64GB,91.52,31912,100
2527,2026-05-18 17:38:05.769721,2026/05/18 17:38:06.027,3,NVIDIA A100-SXM-64GB,95.96,31846,100
2528,2026-05-18 17:38:11.196695,2026/05/18 17:38:11.376,0,NVIDIA A100-SXM-64GB,91.71,31904,100
2529,2026-05-18 17:38:11.196695,2026/05/18 17:38:11.417,1,NVIDIA A100-SXM-64GB,95.39,31922,100
2530,2026-05-18 17:38:11.196695,2026/05/18 17:38:11.420,2,NVIDIA A100-SXM-64GB,91.52,31912,100
2531,2026-05-18 17:38:11.196695,2026/05/18 17:38:11.489,3,NVIDIA A100-SXM-64GB,95.69,31846,100
2532,2026-05-18 17:38:16.657100,2026/05/18 17:38:16.848,0,NVIDIA A100-SXM-64GB,105.76,31904,100
2533,2026-05-18 17:38:16.657100,2026/05/18 17:38:16.851,1,NVIDIA A100-SXM-64GB,98.20,31922,100
2534,2026-05-18 17:38:16.657100,2026/05/18 17:38:16.853,2,NVIDIA A100-SXM-64GB,95.09,31912,100
2535,2026-05-18 17:38:16.657100,2026/05/18 17:38:16.905,3,NVIDIA A100-SXM-64GB,96.29,31846,100
2536,2026-05-18 17:38:22.083174,2026/05/18 17:38:22.265,0,NVIDIA A100-SXM-64GB,91.71,31904,100
2537,2026-05-18 17:38:22.083174,2026/05/18 17:38:22.267,1,NVIDIA A100-SXM-64GB,95.29,31922,100
2538,2026-05-18 17:38:22.083174,2026/05/18 17:38:22.271,2,NVIDIA A100-SXM-64GB,91.52,31912,100
2539,2026-05-18 17:38:22.083174,2026/05/18 17:38:22.323,3,NVIDIA A100-SXM-64GB,95.96,31846,100
2540,2026-05-18 17:38:27.511343,2026/05/18 17:38:27.682,0,NVIDIA A100-SXM-64GB,91.80,31904,100
2541,2026-05-18 17:38:27.511343,2026/05/18 17:38:27.684,1,NVIDIA A100-SXM-64GB,95.29,31922,100
2542,2026-05-18 17:38:27.511343,2026/05/18 17:38:27.690,2,NVIDIA A100-SXM-64GB,91.52,31912,100
2543,2026-05-18 17:38:27.511343,2026/05/18 17:38:27.761,3,NVIDIA A100-SXM-64GB,96.06,31846,100
2544,2026-05-18 17:38:32.948877,2026/05/18 17:38:33.128,0,NVIDIA A100-SXM-64GB,91.38,31904,100
2545,2026-05-18 17:38:32.948877,2026/05/18 17:38:33.158,1,NVIDIA A100-SXM-64GB,77.65,31922,0
2546,2026-05-18 17:38:32.948877,2026/05/18 17:38:33.161,2,NVIDIA A100-SXM-64GB,91.52,31912,100
2547,2026-05-18 17:38:32.948877,2026/05/18 17:38:33.212,3,NVIDIA A100-SXM-64GB,95.79,31846,100
2548,2026-05-18 17:38:38.351830,2026/05/18 17:38:38.522,0,NVIDIA A100-SXM-64GB,101.31,31904,100
2549,2026-05-18 17:38:38.351830,2026/05/18 17:38:38.525,1,NVIDIA A100-SXM-64GB,100.34,31922,100
2550,2026-05-18 17:38:38.351830,2026/05/18 17:38:38.569,2,NVIDIA A100-SXM-64GB,107.68,31912,100
2551,2026-05-18 17:38:38.351830,2026/05/18 17:38:38.573,3,NVIDIA A100-SXM-64GB,105.27,31846,100
2552,2026-05-18 17:38:43.768618,2026/05/18 17:38:43.940,0,NVIDIA A100-SXM-64GB,91.80,31904,100
2553,2026-05-18 17:38:43.768618,2026/05/18 17:38:43.943,1,NVIDIA A100-SXM-64GB,95.29,31922,100
2554,2026-05-18 17:38:43.768618,2026/05/18 17:38:43.947,2,NVIDIA A100-SXM-64GB,91.52,31912,100
2555,2026-05-18 17:38:43.768618,2026/05/18 17:38:43.971,3,NVIDIA A100-SXM-64GB,95.69,31846,100
2556,2026-05-18 17:38:49.139855,2026/05/18 17:38:49.334,0,NVIDIA A100-SXM-64GB,91.38,31904,100
2557,2026-05-18 17:38:49.139855,2026/05/18 17:38:49.337,1,NVIDIA A100-SXM-64GB,95.29,31922,100
2558,2026-05-18 17:38:49.139855,2026/05/18 17:38:49.340,2,NVIDIA A100-SXM-64GB,73.82,31912,0
2559,2026-05-18 17:38:49.139855,2026/05/18 17:38:49.406,3,NVIDIA A100-SXM-64GB,95.56,31846,100
2560,2026-05-18 17:38:54.569430,2026/05/18 17:38:54.762,0,NVIDIA A100-SXM-64GB,97.52,31904,100
2561,2026-05-18 17:38:54.569430,2026/05/18 17:38:54.765,1,NVIDIA A100-SXM-64GB,109.93,31922,100
2562,2026-05-18 17:38:54.569430,2026/05/18 17:38:54.829,2,NVIDIA A100-SXM-64GB,101.49,31912,100
2563,2026-05-18 17:38:54.569430,2026/05/18 17:38:54.832,3,NVIDIA A100-SXM-64GB,108.50,31846,100
2564,2026-05-18 17:39:00.074879,2026/05/18 17:39:00.248,0,NVIDIA A100-SXM-64GB,91.71,31904,100
2565,2026-05-18 17:39:00.074879,2026/05/18 17:39:00.250,1,NVIDIA A100-SXM-64GB,95.29,31922,100
2566,2026-05-18 17:39:00.074879,2026/05/18 17:39:00.257,2,NVIDIA A100-SXM-64GB,91.52,31912,100
2567,2026-05-18 17:39:00.074879,2026/05/18 17:39:00.320,3,NVIDIA A100-SXM-64GB,95.69,31846,100
2568,2026-05-18 17:39:05.473377,2026/05/18 17:39:05.655,0,NVIDIA A100-SXM-64GB,105.98,31904,100
2569,2026-05-18 17:39:05.473377,2026/05/18 17:39:05.658,1,NVIDIA A100-SXM-64GB,108.39,31922,100
2570,2026-05-18 17:39:05.473377,2026/05/18 17:39:05.702,2,NVIDIA A100-SXM-64GB,106.15,31912,100
2571,2026-05-18 17:39:05.473377,2026/05/18 17:39:05.705,3,NVIDIA A100-SXM-64GB,109.70,31846,100
2572,2026-05-18 17:39:10.897924,2026/05/18 17:39:11.030,0,NVIDIA A100-SXM-64GB,105.16,31904,77
2573,2026-05-18 17:39:10.897924,2026/05/18 17:39:11.033,1,NVIDIA A100-SXM-64GB,89.47,31922,100
2574,2026-05-18 17:39:10.897924,2026/05/18 17:39:11.059,2,NVIDIA A100-SXM-64GB,91.84,31912,74
2575,2026-05-18 17:39:10.897924,2026/05/18 17:39:11.074,3,NVIDIA A100-SXM-64GB,101.00,31846,100
2576,2026-05-18 17:39:16.247080,2026/05/18 17:39:16.434,0,NVIDIA A100-SXM-64GB,106.37,31904,100
2577,2026-05-18 17:39:16.247080,2026/05/18 17:39:16.467,1,NVIDIA A100-SXM-64GB,105.54,31922,100
2578,2026-05-18 17:39:16.247080,2026/05/18 17:39:16.470,2,NVIDIA A100-SXM-64GB,98.20,31912,100
2579,2026-05-18 17:39:16.247080,2026/05/18 17:39:16.485,3,NVIDIA A100-SXM-64GB,104.61,31846,100
2580,2026-05-18 17:39:21.720596,2026/05/18 17:39:21.909,0,NVIDIA A100-SXM-64GB,106.26,31904,100
2581,2026-05-18 17:39:21.720596,2026/05/18 17:39:21.912,1,NVIDIA A100-SXM-64GB,103.74,31922,100
2582,2026-05-18 17:39:21.720596,2026/05/18 17:39:21.918,2,NVIDIA A100-SXM-64GB,104.50,31912,100
2583,2026-05-18 17:39:21.720596,2026/05/18 17:39:21.935,3,NVIDIA A100-SXM-64GB,108.89,31846,100
2584,2026-05-18 17:39:27.132707,2026/05/18 17:39:27.309,0,NVIDIA A100-SXM-64GB,101.21,31904,100
2585,2026-05-18 17:39:27.132707,2026/05/18 17:39:27.312,1,NVIDIA A100-SXM-64GB,111.02,31922,100
2586,2026-05-18 17:39:27.132707,2026/05/18 17:39:27.354,2,NVIDIA A100-SXM-64GB,95.46,31912,100
2587,2026-05-18 17:39:27.132707,2026/05/18 17:39:27.357,3,NVIDIA A100-SXM-64GB,106.75,31846,100
2588,2026-05-18 17:39:32.553395,2026/05/18 17:39:32.741,0,NVIDIA A100-SXM-64GB,142.02,31904,100
2589,2026-05-18 17:39:32.553395,2026/05/18 17:39:32.744,1,NVIDIA A100-SXM-64GB,107.79,31922,100
2590,2026-05-18 17:39:32.553395,2026/05/18 17:39:32.784,2,NVIDIA A100-SXM-64GB,112.28,31912,100
2591,2026-05-18 17:39:32.553395,2026/05/18 17:39:32.829,3,NVIDIA A100-SXM-64GB,106.04,31846,100
2592,2026-05-18 17:39:37.996863,2026/05/18 17:39:38.184,0,NVIDIA A100-SXM-64GB,100.77,31904,100
2593,2026-05-18 17:39:37.996863,2026/05/18 17:39:38.187,1,NVIDIA A100-SXM-64GB,103.41,31922,100
2594,2026-05-18 17:39:37.996863,2026/05/18 17:39:38.249,2,NVIDIA A100-SXM-64GB,95.36,31912,100
2595,2026-05-18 17:39:37.996863,2026/05/18 17:39:38.252,3,NVIDIA A100-SXM-64GB,111.12,31846,100
2596,2026-05-18 17:39:43.454003,2026/05/18 17:39:43.643,0,NVIDIA A100-SXM-64GB,105.65,31904,100
2597,2026-05-18 17:39:43.454003,2026/05/18 17:39:43.646,1,NVIDIA A100-SXM-64GB,113.49,31922,100
2598,2026-05-18 17:39:43.454003,2026/05/18 17:39:43.714,2,NVIDIA A100-SXM-64GB,103.90,31912,100
2599,2026-05-18 17:39:43.454003,2026/05/18 17:39:43.717,3,NVIDIA A100-SXM-64GB,134.59,31846,100
2600,2026-05-18 17:39:48.932149,2026/05/18 17:39:49.114,0,NVIDIA A100-SXM-64GB,97.70,31904,100
2601,2026-05-18 17:39:48.932149,2026/05/18 17:39:49.117,1,NVIDIA A100-SXM-64GB,107.68,31922,100
2602,2026-05-18 17:39:48.932149,2026/05/18 17:39:49.163,2,NVIDIA A100-SXM-64GB,101.49,31912,100
2603,2026-05-18 17:39:48.932149,2026/05/18 17:39:49.166,3,NVIDIA A100-SXM-64GB,105.33,31846,100
2604,2026-05-18 17:39:54.379045,2026/05/18 17:39:54.539,0,NVIDIA A100-SXM-64GB,104.82,31904,83
2605,2026-05-18 17:39:54.379045,2026/05/18 17:39:54.547,1,NVIDIA A100-SXM-64GB,151.90,31922,100
2606,2026-05-18 17:39:54.379045,2026/05/18 17:39:54.605,2,NVIDIA A100-SXM-64GB,83.98,31912,96
2607,2026-05-18 17:39:54.379045,2026/05/18 17:39:54.609,3,NVIDIA A100-SXM-64GB,89.89,31846,100
2608,2026-05-18 17:39:59.824998,2026/05/18 17:40:00.007,0,NVIDIA A100-SXM-64GB,105.98,31904,100
2609,2026-05-18 17:39:59.824998,2026/05/18 17:40:00.010,1,NVIDIA A100-SXM-64GB,144.14,31922,100
2610,2026-05-18 17:39:59.824998,2026/05/18 17:40:00.055,2,NVIDIA A100-SXM-64GB,98.10,31912,100
2611,2026-05-18 17:39:59.824998,2026/05/18 17:40:00.105,3,NVIDIA A100-SXM-64GB,109.92,31846,100
2612,2026-05-18 17:40:05.259400,2026/05/18 17:40:05.439,0,NVIDIA A100-SXM-64GB,107.90,31904,100
2613,2026-05-18 17:40:05.259400,2026/05/18 17:40:05.442,1,NVIDIA A100-SXM-64GB,110.75,31922,100
2614,2026-05-18 17:40:05.259400,2026/05/18 17:40:05.466,2,NVIDIA A100-SXM-64GB,104.50,31912,100
2615,2026-05-18 17:40:05.259400,2026/05/18 17:40:05.474,3,NVIDIA A100-SXM-64GB,106.64,31846,100
2616,2026-05-18 17:40:10.694149,2026/05/18 17:40:10.874,0,NVIDIA A100-SXM-64GB,99.94,31904,100
2617,2026-05-18 17:40:10.694149,2026/05/18 17:40:10.877,1,NVIDIA A100-SXM-64GB,105.38,31922,100
2618,2026-05-18 17:40:10.694149,2026/05/18 17:40:10.920,2,NVIDIA A100-SXM-64GB,99.57,31912,100
2619,2026-05-18 17:40:10.694149,2026/05/18 17:40:10.923,3,NVIDIA A100-SXM-64GB,110.31,31846,100
2620,2026-05-18 17:40:16.149428,2026/05/18 17:40:16.333,0,NVIDIA A100-SXM-64GB,97.80,31904,100
2621,2026-05-18 17:40:16.149428,2026/05/18 17:40:16.337,1,NVIDIA A100-SXM-64GB,105.87,31922,100
2622,2026-05-18 17:40:16.149428,2026/05/18 17:40:16.345,2,NVIDIA A100-SXM-64GB,103.02,31912,100
2623,2026-05-18 17:40:16.149428,2026/05/18 17:40:16.406,3,NVIDIA A100-SXM-64GB,142.46,31846,100
2624,2026-05-18 17:40:21.575531,2026/05/18 17:40:21.754,0,NVIDIA A100-SXM-64GB,96.26,31904,92
2625,2026-05-18 17:40:21.575531,2026/05/18 17:40:21.757,1,NVIDIA A100-SXM-64GB,96.72,31922,100
2626,2026-05-18 17:40:21.575531,2026/05/18 17:40:21.805,2,NVIDIA A100-SXM-64GB,103.02,31912,96
2627,2026-05-18 17:40:21.575531,2026/05/18 17:40:21.808,3,NVIDIA A100-SXM-64GB,103.30,31846,100
2628,2026-05-18 17:40:27.017267,2026/05/18 17:40:27.196,0,NVIDIA A100-SXM-64GB,104.93,31904,100
2629,2026-05-18 17:40:27.017267,2026/05/18 17:40:27.199,1,NVIDIA A100-SXM-64GB,109.33,31922,100
2630,2026-05-18 17:40:27.017267,2026/05/18 17:40:27.255,2,NVIDIA A100-SXM-64GB,99.57,31912,100
2631,2026-05-18 17:40:27.017267,2026/05/18 17:40:27.258,3,NVIDIA A100-SXM-64GB,104.94,31846,100
2632,2026-05-18 17:40:32.440528,2026/05/18 17:40:32.618,0,NVIDIA A100-SXM-64GB,101.21,31904,100
2633,2026-05-18 17:40:32.440528,2026/05/18 17:40:32.621,1,NVIDIA A100-SXM-64GB,101.37,31922,100
2634,2026-05-18 17:40:32.440528,2026/05/18 17:40:32.671,2,NVIDIA A100-SXM-64GB,106.64,31912,100
2635,2026-05-18 17:40:32.440528,2026/05/18 17:40:32.674,3,NVIDIA A100-SXM-64GB,106.04,31846,100
2636,2026-05-18 17:40:37.855620,2026/05/18 17:40:38.066,0,NVIDIA A100-SXM-64GB,92.31,31904,100
2637,2026-05-18 17:40:37.855620,2026/05/18 17:40:38.070,1,NVIDIA A100-SXM-64GB,106.59,31922,100
2638,2026-05-18 17:40:37.855620,2026/05/18 17:40:38.086,2,NVIDIA A100-SXM-64GB,95.56,31912,100
2639,2026-05-18 17:40:37.855620,2026/05/18 17:40:38.105,3,NVIDIA A100-SXM-64GB,124.65,31846,100
2640,2026-05-18 17:40:43.304363,2026/05/18 17:40:43.479,0,NVIDIA A100-SXM-64GB,110.26,31904,100
2641,2026-05-18 17:40:43.304363,2026/05/18 17:40:43.482,1,NVIDIA A100-SXM-64GB,106.26,31922,100
2642,2026-05-18 17:40:43.304363,2026/05/18 17:40:43.559,2,NVIDIA A100-SXM-64GB,104.23,31912,100
2643,2026-05-18 17:40:43.304363,2026/05/18 17:40:43.570,3,NVIDIA A100-SXM-64GB,103.63,31846,100
2644,2026-05-18 17:40:48.787410,2026/05/18 17:40:48.970,0,NVIDIA A100-SXM-64GB,93.94,31904,100
2645,2026-05-18 17:40:48.787410,2026/05/18 17:40:49.031,1,NVIDIA A100-SXM-64GB,100.44,31922,100
2646,2026-05-18 17:40:48.787410,2026/05/18 17:40:49.034,2,NVIDIA A100-SXM-64GB,101.60,31912,100
2647,2026-05-18 17:40:48.787410,2026/05/18 17:40:49.044,3,NVIDIA A100-SXM-64GB,110.31,31846,100
2648,2026-05-18 17:40:54.272979,2026/05/18 17:40:54.448,0,NVIDIA A100-SXM-64GB,97.80,31904,100
2649,2026-05-18 17:40:54.272979,2026/05/18 17:40:54.451,1,NVIDIA A100-SXM-64GB,97.42,31922,100
2650,2026-05-18 17:40:54.272979,2026/05/18 17:40:54.502,2,NVIDIA A100-SXM-64GB,108.17,31912,100
2651,2026-05-18 17:40:54.272979,2026/05/18 17:40:54.504,3,NVIDIA A100-SXM-64GB,99.63,31846,100
2652,2026-05-18 17:40:59.744097,2026/05/18 17:40:59.931,0,NVIDIA A100-SXM-64GB,100.98,31904,100
2653,2026-05-18 17:40:59.744097,2026/05/18 17:40:59.934,1,NVIDIA A100-SXM-64GB,107.51,31922,100
2654,2026-05-18 17:40:59.744097,2026/05/18 17:40:59.945,2,NVIDIA A100-SXM-64GB,104.84,31912,100
2655,2026-05-18 17:40:59.744097,2026/05/18 17:41:00.001,3,NVIDIA A100-SXM-64GB,97.32,31846,100
2656,2026-05-18 17:41:05.187769,2026/05/18 17:41:05.375,0,NVIDIA A100-SXM-64GB,101.48,31904,98
2657,2026-05-18 17:41:05.187769,2026/05/18 17:41:05.421,1,NVIDIA A100-SXM-64GB,103.52,31922,100
2658,2026-05-18 17:41:05.187769,2026/05/18 17:41:05.424,2,NVIDIA A100-SXM-64GB,111.96,31912,100
2659,2026-05-18 17:41:05.187769,2026/05/18 17:41:05.470,3,NVIDIA A100-SXM-64GB,109.70,31846,100
2660,2026-05-18 17:41:10.679313,2026/05/18 17:41:10.865,0,NVIDIA A100-SXM-64GB,101.91,31904,100
2661,2026-05-18 17:41:10.679313,2026/05/18 17:41:10.868,1,NVIDIA A100-SXM-64GB,104.12,31922,100
2662,2026-05-18 17:41:10.679313,2026/05/18 17:41:10.918,2,NVIDIA A100-SXM-64GB,104.50,31912,100
2663,2026-05-18 17:41:10.679313,2026/05/18 17:41:10.921,3,NVIDIA A100-SXM-64GB,100.57,31846,100
2664,2026-05-18 17:41:16.106878,2026/05/18 17:41:16.283,0,NVIDIA A100-SXM-64GB,93.24,31904,100
2665,2026-05-18 17:41:16.106878,2026/05/18 17:41:16.286,1,NVIDIA A100-SXM-64GB,100.44,31922,100
2666,2026-05-18 17:41:16.106878,2026/05/18 17:41:16.328,2,NVIDIA A100-SXM-64GB,101.27,31912,100
2667,2026-05-18 17:41:16.106878,2026/05/18 17:41:16.331,3,NVIDIA A100-SXM-64GB,106.75,31846,100
2668,2026-05-18 17:41:21.537480,2026/05/18 17:41:21.767,0,NVIDIA A100-SXM-64GB,99.33,31904,100
2669,2026-05-18 17:41:21.537480,2026/05/18 17:41:21.770,1,NVIDIA A100-SXM-64GB,103.84,31922,100
2670,2026-05-18 17:41:21.537480,2026/05/18 17:41:21.809,2,NVIDIA A100-SXM-64GB,103.30,31912,100
2671,2026-05-18 17:41:21.537480,2026/05/18 17:41:21.812,3,NVIDIA A100-SXM-64GB,101.49,31846,100
2672,2026-05-18 17:41:26.933987,2026/05/18 17:41:27.120,0,NVIDIA A100-SXM-64GB,106.09,31904,100
2673,2026-05-18 17:41:26.933987,2026/05/18 17:41:27.123,1,NVIDIA A100-SXM-64GB,110.86,31922,100
2674,2026-05-18 17:41:26.933987,2026/05/18 17:41:27.167,2,NVIDIA A100-SXM-64GB,116.44,31912,100
2675,2026-05-18 17:41:26.933987,2026/05/18 17:41:27.170,3,NVIDIA A100-SXM-64GB,98.20,31846,100
2676,2026-05-18 17:41:32.400530,2026/05/18 17:41:32.583,0,NVIDIA A100-SXM-64GB,104.06,31904,100
2677,2026-05-18 17:41:32.400530,2026/05/18 17:41:32.586,1,NVIDIA A100-SXM-64GB,111.58,31922,100
2678,2026-05-18 17:41:32.400530,2026/05/18 17:41:32.598,2,NVIDIA A100-SXM-64GB,105.87,31912,100
2679,2026-05-18 17:41:32.400530,2026/05/18 17:41:32.652,3,NVIDIA A100-SXM-64GB,98.10,31846,100
2680,2026-05-18 17:41:37.851726,2026/05/18 17:41:38.038,0,NVIDIA A100-SXM-64GB,92.13,31904,100
2681,2026-05-18 17:41:37.851726,2026/05/18 17:41:38.041,1,NVIDIA A100-SXM-64GB,95.99,31922,100
2682,2026-05-18 17:41:37.851726,2026/05/18 17:41:38.048,2,NVIDIA A100-SXM-64GB,102.48,31912,100
2683,2026-05-18 17:41:37.851726,2026/05/18 17:41:38.121,3,NVIDIA A100-SXM-64GB,96.39,31846,100
2684,2026-05-18 17:41:43.332705,2026/05/18 17:41:43.511,0,NVIDIA A100-SXM-64GB,94.88,31904,100
2685,2026-05-18 17:41:43.332705,2026/05/18 17:41:43.515,1,NVIDIA A100-SXM-64GB,98.96,31922,100
2686,2026-05-18 17:41:43.332705,2026/05/18 17:41:43.559,2,NVIDIA A100-SXM-64GB,98.86,31912,100
2687,2026-05-18 17:41:43.332705,2026/05/18 17:41:43.562,3,NVIDIA A100-SXM-64GB,98.53,31846,100
2688,2026-05-18 17:41:48.846731,2026/05/18 17:41:49.021,0,NVIDIA A100-SXM-64GB,110.98,31904,78
2689,2026-05-18 17:41:48.846731,2026/05/18 17:41:49.027,1,NVIDIA A100-SXM-64GB,114.54,31922,83
2690,2026-05-18 17:41:48.846731,2026/05/18 17:41:49.044,2,NVIDIA A100-SXM-64GB,108.28,31912,43
2691,2026-05-18 17:41:48.846731,2026/05/18 17:41:49.060,3,NVIDIA A100-SXM-64GB,112.56,31846,100
2692,2026-05-18 17:41:54.279554,2026/05/18 17:41:54.454,0,NVIDIA A100-SXM-64GB,108.23,31904,100
2693,2026-05-18 17:41:54.279554,2026/05/18 17:41:54.457,1,NVIDIA A100-SXM-64GB,113.00,31922,100
2694,2026-05-18 17:41:54.279554,2026/05/18 17:41:54.473,2,NVIDIA A100-SXM-64GB,100.06,31912,100
2695,2026-05-18 17:41:54.279554,2026/05/18 17:41:54.525,3,NVIDIA A100-SXM-64GB,110.03,31846,100
2696,2026-05-18 17:41:59.733463,2026/05/18 17:41:59.925,0,NVIDIA A100-SXM-64GB,103.73,31904,100
2697,2026-05-18 17:41:59.733463,2026/05/18 17:41:59.965,1,NVIDIA A100-SXM-64GB,107.30,31922,100
2698,2026-05-18 17:41:59.733463,2026/05/18 17:41:59.968,2,NVIDIA A100-SXM-64GB,102.58,31912,100
2699,2026-05-18 17:41:59.733463,2026/05/18 17:41:59.979,3,NVIDIA A100-SXM-64GB,110.14,31846,100
2700,2026-05-18 17:42:05.227194,2026/05/18 17:42:05.404,0,NVIDIA A100-SXM-64GB,131.60,31904,100
2701,2026-05-18 17:42:05.227194,2026/05/18 17:42:05.407,1,NVIDIA A100-SXM-64GB,138.35,31922,100
2702,2026-05-18 17:42:05.227194,2026/05/18 17:42:05.451,2,NVIDIA A100-SXM-64GB,97.93,31912,100
2703,2026-05-18 17:42:05.227194,2026/05/18 17:42:05.454,3,NVIDIA A100-SXM-64GB,111.02,31846,100
2704,2026-05-18 17:42:10.686699,2026/05/18 17:42:10.871,0,NVIDIA A100-SXM-64GB,106.37,31904,100
2705,2026-05-18 17:42:10.686699,2026/05/18 17:42:10.917,1,NVIDIA A100-SXM-64GB,109.60,31922,100
2706,2026-05-18 17:42:10.686699,2026/05/18 17:42:10.922,2,NVIDIA A100-SXM-64GB,103.24,31912,100
2707,2026-05-18 17:42:10.686699,2026/05/18 17:42:10.983,3,NVIDIA A100-SXM-64GB,101.00,31846,100
2708,2026-05-18 17:42:16.192138,2026/05/18 17:42:16.379,0,NVIDIA A100-SXM-64GB,100.64,31904,100
2709,2026-05-18 17:42:16.192138,2026/05/18 17:42:16.382,1,NVIDIA A100-SXM-64GB,105.65,31922,100
2710,2026-05-18 17:42:16.192138,2026/05/18 17:42:16.429,2,NVIDIA A100-SXM-64GB,106.26,31912,100
2711,2026-05-18 17:42:16.192138,2026/05/18 17:42:16.432,3,NVIDIA A100-SXM-64GB,102.48,31846,100
2712,2026-05-18 17:42:21.665243,2026/05/18 17:42:21.848,0,NVIDIA A100-SXM-64GB,91.56,31904,100
2713,2026-05-18 17:42:21.665243,2026/05/18 17:42:21.871,1,NVIDIA A100-SXM-64GB,95.05,31922,100
2714,2026-05-18 17:42:21.665243,2026/05/18 17:42:21.873,2,NVIDIA A100-SXM-64GB,91.52,31912,100
2715,2026-05-18 17:42:21.665243,2026/05/18 17:42:21.942,3,NVIDIA A100-SXM-64GB,95.56,31846,100
2716,2026-05-18 17:42:27.146510,2026/05/18 17:42:27.323,0,NVIDIA A100-SXM-64GB,145.19,31904,100
2717,2026-05-18 17:42:27.146510,2026/05/18 17:42:27.327,1,NVIDIA A100-SXM-64GB,109.60,31922,100
2718,2026-05-18 17:42:27.146510,2026/05/18 17:42:27.329,2,NVIDIA A100-SXM-64GB,107.08,31912,100
2719,2026-05-18 17:42:27.146510,2026/05/18 17:42:27.387,3,NVIDIA A100-SXM-64GB,107.40,31846,100
2720,2026-05-18 17:42:32.589462,2026/05/18 17:42:32.835,0,NVIDIA A100-SXM-64GB,93.61,31904,100
2721,2026-05-18 17:42:32.589462,2026/05/18 17:42:32.838,1,NVIDIA A100-SXM-64GB,102.58,31922,100
2722,2026-05-18 17:42:32.589462,2026/05/18 17:42:32.854,2,NVIDIA A100-SXM-64GB,99.13,31912,100
2723,2026-05-18 17:42:32.589462,2026/05/18 17:42:32.916,3,NVIDIA A100-SXM-64GB,109.38,31846,98
2724,2026-05-18 17:42:38.103988,2026/05/18 17:42:38.289,0,NVIDIA A100-SXM-64GB,107.30,31904,99
2725,2026-05-18 17:42:38.103988,2026/05/18 17:42:38.292,1,NVIDIA A100-SXM-64GB,108.39,31922,100
2726,2026-05-18 17:42:38.103988,2026/05/18 17:42:38.340,2,NVIDIA A100-SXM-64GB,104.94,31912,97
2727,2026-05-18 17:42:38.103988,2026/05/18 17:42:38.343,3,NVIDIA A100-SXM-64GB,110.75,31846,100
2728,2026-05-18 17:42:43.552897,2026/05/18 17:42:43.717,0,NVIDIA A100-SXM-64GB,91.47,31904,100
2729,2026-05-18 17:42:43.552897,2026/05/18 17:42:43.720,1,NVIDIA A100-SXM-64GB,95.05,31922,100
2730,2026-05-18 17:42:43.552897,2026/05/18 17:42:43.723,2,NVIDIA A100-SXM-64GB,91.19,31912,100
2731,2026-05-18 17:42:43.552897,2026/05/18 17:42:43.775,3,NVIDIA A100-SXM-64GB,95.79,31846,100
2732,2026-05-18 17:42:48.941642,2026/05/18 17:42:49.128,0,NVIDIA A100-SXM-64GB,94.27,31904,100
2733,2026-05-18 17:42:48.941642,2026/05/18 17:42:49.131,1,NVIDIA A100-SXM-64GB,112.19,31922,100
2734,2026-05-18 17:42:48.941642,2026/05/18 17:42:49.170,2,NVIDIA A100-SXM-64GB,138.35,31912,100
2735,2026-05-18 17:42:48.941642,2026/05/18 17:42:49.173,3,NVIDIA A100-SXM-64GB,109.60,31846,100
2736,2026-05-18 17:42:54.394184,2026/05/18 17:42:54.573,0,NVIDIA A100-SXM-64GB,91.71,31904,100
2737,2026-05-18 17:42:54.394184,2026/05/18 17:42:54.576,1,NVIDIA A100-SXM-64GB,95.29,31922,100
2738,2026-05-18 17:42:54.394184,2026/05/18 17:42:54.637,2,NVIDIA A100-SXM-64GB,91.52,31912,100
2739,2026-05-18 17:42:54.394184,2026/05/18 17:42:54.642,3,NVIDIA A100-SXM-64GB,95.69,31846,100
2740,2026-05-18 17:42:59.829002,2026/05/18 17:43:00.007,0,NVIDIA A100-SXM-64GB,105.49,31904,100
2741,2026-05-18 17:42:59.829002,2026/05/18 17:43:00.010,1,NVIDIA A100-SXM-64GB,95.89,31922,100
2742,2026-05-18 17:42:59.829002,2026/05/18 17:43:00.051,2,NVIDIA A100-SXM-64GB,97.60,31912,100
2743,2026-05-18 17:42:59.829002,2026/05/18 17:43:00.102,3,NVIDIA A100-SXM-64GB,99.13,31846,100
2744,2026-05-18 17:43:05.289368,2026/05/18 17:43:05.468,0,NVIDIA A100-SXM-64GB,103.01,31904,100
2745,2026-05-18 17:43:05.289368,2026/05/18 17:43:05.472,1,NVIDIA A100-SXM-64GB,107.40,31922,100
2746,2026-05-18 17:43:05.289368,2026/05/18 17:43:05.524,2,NVIDIA A100-SXM-64GB,103.30,31912,100
2747,2026-05-18 17:43:05.289368,2026/05/18 17:43:05.526,3,NVIDIA A100-SXM-64GB,105.65,31846,100
2748,2026-05-18 17:43:10.783644,2026/05/18 17:43:10.965,0,NVIDIA A100-SXM-64GB,91.71,31904,100
2749,2026-05-18 17:43:10.783644,2026/05/18 17:43:10.967,1,NVIDIA A100-SXM-64GB,95.29,31922,100
2750,2026-05-18 17:43:10.783644,2026/05/18 17:43:10.970,2,NVIDIA A100-SXM-64GB,91.42,31912,100
2751,2026-05-18 17:43:10.783644,2026/05/18 17:43:11.024,3,NVIDIA A100-SXM-64GB,95.69,31846,100
2752,2026-05-18 17:43:16.177470,2026/05/18 17:43:16.353,0,NVIDIA A100-SXM-64GB,93.34,31904,100
2753,2026-05-18 17:43:16.177470,2026/05/18 17:43:16.356,1,NVIDIA A100-SXM-64GB,106.26,31922,100
2754,2026-05-18 17:43:16.177470,2026/05/18 17:43:16.381,2,NVIDIA A100-SXM-64GB,94.26,31912,100
2755,2026-05-18 17:43:16.177470,2026/05/18 17:43:16.389,3,NVIDIA A100-SXM-64GB,102.48,31846,100
2756,2026-05-18 17:43:21.606007,2026/05/18 17:43:21.792,0,NVIDIA A100-SXM-64GB,101.10,31904,100
2757,2026-05-18 17:43:21.606007,2026/05/18 17:43:21.795,1,NVIDIA A100-SXM-64GB,110.75,31922,100
2758,2026-05-18 17:43:21.606007,2026/05/18 17:43:21.807,2,NVIDIA A100-SXM-64GB,110.52,31912,100
2759,2026-05-18 17:43:21.606007,2026/05/18 17:43:21.866,3,NVIDIA A100-SXM-64GB,119.93,31846,100
2760,2026-05-18 17:43:27.062397,2026/05/18 17:43:27.250,0,NVIDIA A100-SXM-64GB,107.30,31904,100
2761,2026-05-18 17:43:27.062397,2026/05/18 17:43:27.253,1,NVIDIA A100-SXM-64GB,112.56,31922,100
2762,2026-05-18 17:43:27.062397,2026/05/18 17:43:27.263,2,NVIDIA A100-SXM-64GB,108.78,31912,100
2763,2026-05-18 17:43:27.062397,2026/05/18 17:43:27.323,3,NVIDIA A100-SXM-64GB,100.06,31846,100
2764,2026-05-18 17:43:32.499854,2026/05/18 17:43:32.690,0,NVIDIA A100-SXM-64GB,138.35,31904,100
2765,2026-05-18 17:43:32.499854,2026/05/18 17:43:32.693,1,NVIDIA A100-SXM-64GB,106.75,31922,100
2766,2026-05-18 17:43:32.499854,2026/05/18 17:43:32.698,2,NVIDIA A100-SXM-64GB,107.90,31912,100
2767,2026-05-18 17:43:32.499854,2026/05/18 17:43:32.753,3,NVIDIA A100-SXM-64GB,101.06,31846,100
2768,2026-05-18 17:43:37.989243,2026/05/18 17:43:38.163,0,NVIDIA A100-SXM-64GB,91.71,31904,100
2769,2026-05-18 17:43:37.989243,2026/05/18 17:43:38.166,1,NVIDIA A100-SXM-64GB,95.46,31922,100
2770,2026-05-18 17:43:37.989243,2026/05/18 17:43:38.169,2,NVIDIA A100-SXM-64GB,82.55,31912,40
2771,2026-05-18 17:43:37.989243,2026/05/18 17:43:38.232,3,NVIDIA A100-SXM-64GB,95.96,31846,100
2772,2026-05-18 17:43:43.413376,2026/05/18 17:43:43.587,0,NVIDIA A100-SXM-64GB,112.79,31904,100
2773,2026-05-18 17:43:43.413376,2026/05/18 17:43:43.590,1,NVIDIA A100-SXM-64GB,107.68,31922,100
2774,2026-05-18 17:43:43.413376,2026/05/18 17:43:43.634,2,NVIDIA A100-SXM-64GB,107.57,31912,100
2775,2026-05-18 17:43:43.413376,2026/05/18 17:43:43.652,3,NVIDIA A100-SXM-64GB,107.18,31846,100
2776,2026-05-18 17:43:48.870337,2026/05/18 17:43:49.038,0,NVIDIA A100-SXM-64GB,92.03,31904,100
2777,2026-05-18 17:43:48.870337,2026/05/18 17:43:49.094,1,NVIDIA A100-SXM-64GB,95.56,31922,100
2778,2026-05-18 17:43:48.870337,2026/05/18 17:43:49.096,2,NVIDIA A100-SXM-64GB,91.75,31912,100
2779,2026-05-18 17:43:48.870337,2026/05/18 17:43:49.108,3,NVIDIA A100-SXM-64GB,95.96,31846,100
2780,2026-05-18 17:43:54.321990,2026/05/18 17:43:54.558,0,NVIDIA A100-SXM-64GB,110.37,31904,100
2781,2026-05-18 17:43:54.321990,2026/05/18 17:43:54.561,1,NVIDIA A100-SXM-64GB,120.50,31922,100
2782,2026-05-18 17:43:54.321990,2026/05/18 17:43:54.616,2,NVIDIA A100-SXM-64GB,105.16,31912,100
2783,2026-05-18 17:43:54.321990,2026/05/18 17:43:54.619,3,NVIDIA A100-SXM-64GB,105.33,31846,100
2784,2026-05-18 17:43:59.827173,2026/05/18 17:43:59.999,0,NVIDIA A100-SXM-64GB,92.03,31904,100
2785,2026-05-18 17:43:59.827173,2026/05/18 17:44:00.002,1,NVIDIA A100-SXM-64GB,95.46,31922,100
2786,2026-05-18 17:43:59.827173,2026/05/18 17:44:00.069,2,NVIDIA A100-SXM-64GB,91.75,31912,100
2787,2026-05-18 17:43:59.827173,2026/05/18 17:44:00.074,3,NVIDIA A100-SXM-64GB,95.96,31846,100
2788,2026-05-18 17:44:05.310397,2026/05/18 17:44:05.494,0,NVIDIA A100-SXM-64GB,92.31,31904,100
2789,2026-05-18 17:44:05.310397,2026/05/18 17:44:05.497,1,NVIDIA A100-SXM-64GB,97.10,31922,100
2790,2026-05-18 17:44:05.310397,2026/05/18 17:44:05.501,2,NVIDIA A100-SXM-64GB,93.65,31912,100
2791,2026-05-18 17:44:05.310397,2026/05/18 17:44:05.555,3,NVIDIA A100-SXM-64GB,113.65,31846,100
2792,2026-05-18 17:44:10.759343,2026/05/18 17:44:10.940,0,NVIDIA A100-SXM-64GB,92.03,31904,100
2793,2026-05-18 17:44:10.759343,2026/05/18 17:44:10.943,1,NVIDIA A100-SXM-64GB,95.56,31922,100
2794,2026-05-18 17:44:10.759343,2026/05/18 17:44:10.950,2,NVIDIA A100-SXM-64GB,91.84,31912,100
2795,2026-05-18 17:44:10.759343,2026/05/18 17:44:10.963,3,NVIDIA A100-SXM-64GB,95.96,31846,100
2796,2026-05-18 17:44:16.207076,2026/05/18 17:44:16.392,0,NVIDIA A100-SXM-64GB,103.95,31904,100
2797,2026-05-18 17:44:16.207076,2026/05/18 17:44:16.395,1,NVIDIA A100-SXM-64GB,109.82,31922,100
2798,2026-05-18 17:44:16.207076,2026/05/18 17:44:16.457,2,NVIDIA A100-SXM-64GB,92.95,31912,100
2799,2026-05-18 17:44:16.207076,2026/05/18 17:44:16.460,3,NVIDIA A100-SXM-64GB,104.23,31846,100
2800,2026-05-18 17:44:21.671439,2026/05/18 17:44:21.851,0,NVIDIA A100-SXM-64GB,104.33,31904,100
2801,2026-05-18 17:44:21.671439,2026/05/18 17:44:21.854,1,NVIDIA A100-SXM-64GB,100.27,31922,100
2802,2026-05-18 17:44:21.671439,2026/05/18 17:44:21.930,2,NVIDIA A100-SXM-64GB,95.89,31912,100
2803,2026-05-18 17:44:21.671439,2026/05/18 17:44:21.933,3,NVIDIA A100-SXM-64GB,103.41,31846,100
2804,2026-05-18 17:44:27.159620,2026/05/18 17:44:27.356,0,NVIDIA A100-SXM-64GB,93.84,31904,100
2805,2026-05-18 17:44:27.159620,2026/05/18 17:44:27.359,1,NVIDIA A100-SXM-64GB,141.42,31922,100
2806,2026-05-18 17:44:27.159620,2026/05/18 17:44:27.370,2,NVIDIA A100-SXM-64GB,134.87,31912,100
2807,2026-05-18 17:44:27.159620,2026/05/18 17:44:27.453,3,NVIDIA A100-SXM-64GB,101.76,31846,100
2808,2026-05-18 17:44:32.672350,2026/05/18 17:44:32.886,0,NVIDIA A100-SXM-64GB,99.06,31904,100
2809,2026-05-18 17:44:32.672350,2026/05/18 17:44:32.889,1,NVIDIA A100-SXM-64GB,109.00,31922,100
2810,2026-05-18 17:44:32.672350,2026/05/18 17:44:32.897,2,NVIDIA A100-SXM-64GB,104.94,31912,100
2811,2026-05-18 17:44:32.672350,2026/05/18 17:44:32.978,3,NVIDIA A100-SXM-64GB,106.04,31846,100
2812,2026-05-18 17:44:38.203961,2026/05/18 17:44:38.404,0,NVIDIA A100-SXM-64GB,100.27,31904,100
2813,2026-05-18 17:44:38.203961,2026/05/18 17:44:38.407,1,NVIDIA A100-SXM-64GB,106.86,31922,100
2814,2026-05-18 17:44:38.203961,2026/05/18 17:44:38.424,2,NVIDIA A100-SXM-64GB,104.94,31912,100
2815,2026-05-18 17:44:38.203961,2026/05/18 17:44:38.532,3,NVIDIA A100-SXM-64GB,103.13,31846,100
2816,2026-05-18 17:44:43.706271,2026/05/18 17:44:43.889,0,NVIDIA A100-SXM-64GB,104.22,31904,100
2817,2026-05-18 17:44:43.706271,2026/05/18 17:44:43.892,1,NVIDIA A100-SXM-64GB,109.71,31922,100
2818,2026-05-18 17:44:43.706271,2026/05/18 17:44:43.949,2,NVIDIA A100-SXM-64GB,102.70,31912,100
2819,2026-05-18 17:44:43.706271,2026/05/18 17:44:43.952,3,NVIDIA A100-SXM-64GB,107.29,31846,100
2820,2026-05-18 17:44:49.157256,2026/05/18 17:44:49.341,0,NVIDIA A100-SXM-64GB,98.13,31904,100
2821,2026-05-18 17:44:49.157256,2026/05/18 17:44:49.375,1,NVIDIA A100-SXM-64GB,105.65,31922,100
2822,2026-05-18 17:44:49.157256,2026/05/18 17:44:49.378,2,NVIDIA A100-SXM-64GB,101.27,31912,100
2823,2026-05-18 17:44:49.157256,2026/05/18 17:44:49.394,3,NVIDIA A100-SXM-64GB,106.37,31846,100
2824,2026-05-18 17:44:54.602682,2026/05/18 17:44:54.788,0,NVIDIA A100-SXM-64GB,95.76,31904,100
2825,2026-05-18 17:44:54.602682,2026/05/18 17:44:54.791,1,NVIDIA A100-SXM-64GB,105.76,31922,100
2826,2026-05-18 17:44:54.602682,2026/05/18 17:44:54.867,2,NVIDIA A100-SXM-64GB,103.84,31912,100
2827,2026-05-18 17:44:54.602682,2026/05/18 17:44:54.927,3,NVIDIA A100-SXM-64GB,102.20,31846,100
2828,2026-05-18 17:45:00.135545,2026/05/18 17:45:00.315,0,NVIDIA A100-SXM-64GB,103.34,31904,100
2829,2026-05-18 17:45:00.135545,2026/05/18 17:45:00.318,1,NVIDIA A100-SXM-64GB,97.70,31922,100
2830,2026-05-18 17:45:00.135545,2026/05/18 17:45:00.328,2,NVIDIA A100-SXM-64GB,106.04,31912,100
2831,2026-05-18 17:45:00.135545,2026/05/18 17:45:00.380,3,NVIDIA A100-SXM-64GB,110.03,31846,100
2832,2026-05-18 17:45:05.575920,2026/05/18 17:45:05.757,0,NVIDIA A100-SXM-64GB,105.16,31904,100
2833,2026-05-18 17:45:05.575920,2026/05/18 17:45:05.760,1,NVIDIA A100-SXM-64GB,112.67,31922,100
2834,2026-05-18 17:45:05.575920,2026/05/18 17:45:05.763,2,NVIDIA A100-SXM-64GB,108.17,31912,100
2835,2026-05-18 17:45:05.575920,2026/05/18 17:45:05.817,3,NVIDIA A100-SXM-64GB,112.44,31846,100
2836,2026-05-18 17:45:10.999705,2026/05/18 17:45:11.193,0,NVIDIA A100-SXM-64GB,113.72,31904,100
2837,2026-05-18 17:45:10.999705,2026/05/18 17:45:11.196,1,NVIDIA A100-SXM-64GB,107.19,31922,100
2838,2026-05-18 17:45:10.999705,2026/05/18 17:45:11.281,2,NVIDIA A100-SXM-64GB,98.53,31912,100
2839,2026-05-18 17:45:10.999705,2026/05/18 17:45:11.340,3,NVIDIA A100-SXM-64GB,110.42,31846,100
2840,2026-05-18 17:45:16.521481,2026/05/18 17:45:16.707,0,NVIDIA A100-SXM-64GB,106.09,31904,100
2841,2026-05-18 17:45:16.521481,2026/05/18 17:45:16.710,1,NVIDIA A100-SXM-64GB,111.02,31922,100
2842,2026-05-18 17:45:16.521481,2026/05/18 17:45:16.752,2,NVIDIA A100-SXM-64GB,107.29,31912,100
2843,2026-05-18 17:45:16.521481,2026/05/18 17:45:16.755,3,NVIDIA A100-SXM-64GB,111.24,31846,100
2844,2026-05-18 17:45:21.978413,2026/05/18 17:45:22.156,0,NVIDIA A100-SXM-64GB,109.55,31904,100
2845,2026-05-18 17:45:21.978413,2026/05/18 17:45:22.159,1,NVIDIA A100-SXM-64GB,108.83,31922,100
2846,2026-05-18 17:45:21.978413,2026/05/18 17:45:22.218,2,NVIDIA A100-SXM-64GB,119.57,31912,100
2847,2026-05-18 17:45:21.978413,2026/05/18 17:45:22.268,3,NVIDIA A100-SXM-64GB,109.60,31846,100
2848,2026-05-18 17:45:27.483967,2026/05/18 17:45:27.598,0,NVIDIA A100-SXM-64GB,73.71,31904,0
2849,2026-05-18 17:45:27.483967,2026/05/18 17:45:27.605,1,NVIDIA A100-SXM-64GB,77.65,31922,0
2850,2026-05-18 17:45:27.483967,2026/05/18 17:45:27.619,2,NVIDIA A100-SXM-64GB,73.49,31912,0
2851,2026-05-18 17:45:27.483967,2026/05/18 17:45:27.632,3,NVIDIA A100-SXM-64GB,77.49,31846,0
2852,2026-05-18 17:45:32.754941,2026/05/18 17:45:32.861,0,NVIDIA A100-SXM-64GB,73.64,31904,0
2853,2026-05-18 17:45:32.754941,2026/05/18 17:45:32.866,1,NVIDIA A100-SXM-64GB,77.57,31922,0
2854,2026-05-18 17:45:32.754941,2026/05/18 17:45:32.890,2,NVIDIA A100-SXM-64GB,73.41,31912,0
2855,2026-05-18 17:45:32.754941,2026/05/18 17:45:32.916,3,NVIDIA A100-SXM-64GB,77.08,31846,0
2856,2026-05-18 17:45:38.051263,2026/05/18 17:45:38.103,0,NVIDIA A100-SXM-64GB,73.36,31904,0
2857,2026-05-18 17:45:38.051263,2026/05/18 17:45:38.110,1,NVIDIA A100-SXM-64GB,77.23,31922,0
2858,2026-05-18 17:45:38.051263,2026/05/18 17:45:38.115,2,NVIDIA A100-SXM-64GB,73.49,31912,0
2859,2026-05-18 17:45:38.051263,2026/05/18 17:45:38.118,3,NVIDIA A100-SXM-64GB,76.88,31846,0
2860,2026-05-18 17:45:43.153601,2026/05/18 17:45:43.202,0,NVIDIA A100-SXM-64GB,82.62,0,0
2861,2026-05-18 17:45:43.153601,2026/05/18 17:45:43.205,1,NVIDIA A100-SXM-64GB,86.40,0,0
2862,2026-05-18 17:45:43.153601,2026/05/18 17:45:43.210,2,NVIDIA A100-SXM-64GB,82.97,0,0
2863,2026-05-18 17:45:43.153601,2026/05/18 17:45:43.213,3,NVIDIA A100-SXM-64GB,86.31,0,0
