,script_timestamp,nvidia_timestamp,gpu_index,gpu_name,power_draw_watts,memory_used_MiB,utilization_percent
0,2026-05-18 09:29:39.623828,2026/05/18 09:29:39.664,0,NVIDIA A100-SXM-64GB,66.21,0,0
1,2026-05-18 09:29:39.623828,2026/05/18 09:29:39.667,1,NVIDIA A100-SXM-64GB,58.22,0,0
2,2026-05-18 09:29:39.623828,2026/05/18 09:29:39.669,2,NVIDIA A100-SXM-64GB,63.91,0,0
3,2026-05-18 09:29:39.623828,2026/05/18 09:29:39.672,3,NVIDIA A100-SXM-64GB,63.04,0,0
4,2026-05-18 09:29:44.699329,2026/05/18 09:29:44.738,0,NVIDIA A100-SXM-64GB,66.21,0,0
5,2026-05-18 09:29:44.699329,2026/05/18 09:29:44.740,1,NVIDIA A100-SXM-64GB,58.56,0,0
6,2026-05-18 09:29:44.699329,2026/05/18 09:29:44.743,2,NVIDIA A100-SXM-64GB,63.65,0,0
7,2026-05-18 09:29:44.699329,2026/05/18 09:29:44.745,3,NVIDIA A100-SXM-64GB,63.04,0,0
8,2026-05-18 09:29:49.753883,2026/05/18 09:29:49.793,0,NVIDIA A100-SXM-64GB,66.14,0,0
9,2026-05-18 09:29:49.753883,2026/05/18 09:29:49.796,1,NVIDIA A100-SXM-64GB,58.22,0,0
10,2026-05-18 09:29:49.753883,2026/05/18 09:29:49.800,2,NVIDIA A100-SXM-64GB,63.91,0,0
11,2026-05-18 09:29:49.753883,2026/05/18 09:29:49.803,3,NVIDIA A100-SXM-64GB,63.04,0,0
12,2026-05-18 09:29:54.810312,2026/05/18 09:29:54.849,0,NVIDIA A100-SXM-64GB,66.14,0,0
13,2026-05-18 09:29:54.810312,2026/05/18 09:29:54.852,1,NVIDIA A100-SXM-64GB,58.22,0,0
14,2026-05-18 09:29:54.810312,2026/05/18 09:29:54.854,2,NVIDIA A100-SXM-64GB,63.91,0,0
15,2026-05-18 09:29:54.810312,2026/05/18 09:29:54.857,3,NVIDIA A100-SXM-64GB,63.04,0,0
16,2026-05-18 09:29:59.865662,2026/05/18 09:29:59.905,0,NVIDIA A100-SXM-64GB,66.14,0,0
17,2026-05-18 09:29:59.865662,2026/05/18 09:29:59.907,1,NVIDIA A100-SXM-64GB,58.22,0,0
18,2026-05-18 09:29:59.865662,2026/05/18 09:29:59.910,2,NVIDIA A100-SXM-64GB,63.91,0,0
19,2026-05-18 09:29:59.865662,2026/05/18 09:29:59.914,3,NVIDIA A100-SXM-64GB,63.04,0,0
20,2026-05-18 09:30:04.921712,2026/05/18 09:30:04.962,0,NVIDIA A100-SXM-64GB,66.14,0,0
21,2026-05-18 09:30:04.921712,2026/05/18 09:30:04.968,1,NVIDIA A100-SXM-64GB,58.56,0,0
22,2026-05-18 09:30:04.921712,2026/05/18 09:30:04.970,2,NVIDIA A100-SXM-64GB,63.91,0,0
23,2026-05-18 09:30:04.921712,2026/05/18 09:30:04.973,3,NVIDIA A100-SXM-64GB,63.04,0,0
24,2026-05-18 09:30:09.982441,2026/05/18 09:30:10.022,0,NVIDIA A100-SXM-64GB,66.21,0,0
25,2026-05-18 09:30:09.982441,2026/05/18 09:30:10.025,1,NVIDIA A100-SXM-64GB,58.56,0,0
26,2026-05-18 09:30:09.982441,2026/05/18 09:30:10.029,2,NVIDIA A100-SXM-64GB,63.98,0,0
27,2026-05-18 09:30:09.982441,2026/05/18 09:30:10.032,3,NVIDIA A100-SXM-64GB,63.04,0,0
28,2026-05-18 09:30:15.040121,2026/05/18 09:30:15.079,0,NVIDIA A100-SXM-64GB,66.14,0,0
29,2026-05-18 09:30:15.040121,2026/05/18 09:30:15.082,1,NVIDIA A100-SXM-64GB,58.22,0,0
30,2026-05-18 09:30:15.040121,2026/05/18 09:30:15.084,2,NVIDIA A100-SXM-64GB,63.91,0,0
31,2026-05-18 09:30:15.040121,2026/05/18 09:30:15.089,3,NVIDIA A100-SXM-64GB,63.04,0,0
32,2026-05-18 09:30:20.097936,2026/05/18 09:30:20.137,0,NVIDIA A100-SXM-64GB,66.21,0,0
33,2026-05-18 09:30:20.097936,2026/05/18 09:30:20.140,1,NVIDIA A100-SXM-64GB,58.56,0,0
34,2026-05-18 09:30:20.097936,2026/05/18 09:30:20.143,2,NVIDIA A100-SXM-64GB,63.98,0,0
35,2026-05-18 09:30:20.097936,2026/05/18 09:30:20.148,3,NVIDIA A100-SXM-64GB,63.04,0,0
36,2026-05-18 09:30:25.159788,2026/05/18 09:30:25.199,0,NVIDIA A100-SXM-64GB,66.14,0,0
37,2026-05-18 09:30:25.159788,2026/05/18 09:30:25.202,1,NVIDIA A100-SXM-64GB,58.56,0,0
38,2026-05-18 09:30:25.159788,2026/05/18 09:30:25.204,2,NVIDIA A100-SXM-64GB,63.91,0,0
39,2026-05-18 09:30:25.159788,2026/05/18 09:30:25.207,3,NVIDIA A100-SXM-64GB,63.04,0,0
40,2026-05-18 09:30:30.215886,2026/05/18 09:30:30.255,0,NVIDIA A100-SXM-64GB,66.14,0,0
41,2026-05-18 09:30:30.215886,2026/05/18 09:30:30.260,1,NVIDIA A100-SXM-64GB,58.56,0,0
42,2026-05-18 09:30:30.215886,2026/05/18 09:30:30.262,2,NVIDIA A100-SXM-64GB,63.91,0,0
43,2026-05-18 09:30:30.215886,2026/05/18 09:30:30.265,3,NVIDIA A100-SXM-64GB,63.04,0,0
44,2026-05-18 09:30:35.272745,2026/05/18 09:30:35.312,0,NVIDIA A100-SXM-64GB,66.14,0,0
45,2026-05-18 09:30:35.272745,2026/05/18 09:30:35.315,1,NVIDIA A100-SXM-64GB,58.56,0,0
46,2026-05-18 09:30:35.272745,2026/05/18 09:30:35.318,2,NVIDIA A100-SXM-64GB,63.91,0,0
47,2026-05-18 09:30:35.272745,2026/05/18 09:30:35.323,3,NVIDIA A100-SXM-64GB,63.04,0,0
48,2026-05-18 09:30:40.331889,2026/05/18 09:30:40.372,0,NVIDIA A100-SXM-64GB,66.14,0,0
49,2026-05-18 09:30:40.331889,2026/05/18 09:30:40.375,1,NVIDIA A100-SXM-64GB,58.56,0,0
50,2026-05-18 09:30:40.331889,2026/05/18 09:30:40.377,2,NVIDIA A100-SXM-64GB,63.91,0,0
51,2026-05-18 09:30:40.331889,2026/05/18 09:30:40.383,3,NVIDIA A100-SXM-64GB,63.04,0,0
52,2026-05-18 09:30:45.394488,2026/05/18 09:30:45.435,0,NVIDIA A100-SXM-64GB,66.14,0,0
53,2026-05-18 09:30:45.394488,2026/05/18 09:30:45.438,1,NVIDIA A100-SXM-64GB,58.56,0,0
54,2026-05-18 09:30:45.394488,2026/05/18 09:30:45.440,2,NVIDIA A100-SXM-64GB,63.91,0,0
55,2026-05-18 09:30:45.394488,2026/05/18 09:30:45.443,3,NVIDIA A100-SXM-64GB,63.04,0,0
56,2026-05-18 09:30:50.451606,2026/05/18 09:30:50.504,0,NVIDIA A100-SXM-64GB,66.21,0,0
57,2026-05-18 09:30:50.451606,2026/05/18 09:30:50.506,1,NVIDIA A100-SXM-64GB,58.56,0,0
58,2026-05-18 09:30:50.451606,2026/05/18 09:30:50.509,2,NVIDIA A100-SXM-64GB,63.58,0,0
59,2026-05-18 09:30:50.451606,2026/05/18 09:30:50.512,3,NVIDIA A100-SXM-64GB,63.04,0,0
60,2026-05-18 09:30:55.520090,2026/05/18 09:30:55.572,0,NVIDIA A100-SXM-64GB,66.14,0,0
61,2026-05-18 09:30:55.520090,2026/05/18 09:30:55.574,1,NVIDIA A100-SXM-64GB,58.22,0,0
62,2026-05-18 09:30:55.520090,2026/05/18 09:30:55.577,2,NVIDIA A100-SXM-64GB,63.91,0,0
63,2026-05-18 09:30:55.520090,2026/05/18 09:30:55.579,3,NVIDIA A100-SXM-64GB,63.04,0,0
64,2026-05-18 09:31:00.589821,2026/05/18 09:31:00.629,0,NVIDIA A100-SXM-64GB,66.14,0,0
65,2026-05-18 09:31:00.589821,2026/05/18 09:31:00.635,1,NVIDIA A100-SXM-64GB,58.22,0,0
66,2026-05-18 09:31:00.589821,2026/05/18 09:31:00.637,2,NVIDIA A100-SXM-64GB,63.58,0,0
67,2026-05-18 09:31:00.589821,2026/05/18 09:31:00.640,3,NVIDIA A100-SXM-64GB,63.04,0,0
68,2026-05-18 09:31:05.650892,2026/05/18 09:31:05.690,0,NVIDIA A100-SXM-64GB,66.14,4,0
69,2026-05-18 09:31:05.650892,2026/05/18 09:31:05.694,1,NVIDIA A100-SXM-64GB,58.22,4,0
70,2026-05-18 09:31:05.650892,2026/05/18 09:31:05.696,2,NVIDIA A100-SXM-64GB,63.91,4,0
71,2026-05-18 09:31:05.650892,2026/05/18 09:31:05.699,3,NVIDIA A100-SXM-64GB,63.04,4,0
72,2026-05-18 09:31:10.708853,2026/05/18 09:31:10.749,0,NVIDIA A100-SXM-64GB,66.21,4,0
73,2026-05-18 09:31:10.708853,2026/05/18 09:31:10.752,1,NVIDIA A100-SXM-64GB,58.22,4,0
74,2026-05-18 09:31:10.708853,2026/05/18 09:31:10.754,2,NVIDIA A100-SXM-64GB,63.58,4,0
75,2026-05-18 09:31:10.708853,2026/05/18 09:31:10.757,3,NVIDIA A100-SXM-64GB,63.04,4,0
76,2026-05-18 09:31:15.765404,2026/05/18 09:31:15.805,0,NVIDIA A100-SXM-64GB,66.14,4,0
77,2026-05-18 09:31:15.765404,2026/05/18 09:31:15.807,1,NVIDIA A100-SXM-64GB,58.56,4,0
78,2026-05-18 09:31:15.765404,2026/05/18 09:31:15.813,2,NVIDIA A100-SXM-64GB,63.91,4,0
79,2026-05-18 09:31:15.765404,2026/05/18 09:31:15.816,3,NVIDIA A100-SXM-64GB,63.04,4,0
80,2026-05-18 09:31:20.823999,2026/05/18 09:31:20.863,0,NVIDIA A100-SXM-64GB,66.14,4,0
81,2026-05-18 09:31:20.823999,2026/05/18 09:31:20.865,1,NVIDIA A100-SXM-64GB,71.44,480,0
82,2026-05-18 09:31:20.823999,2026/05/18 09:31:20.868,2,NVIDIA A100-SXM-64GB,77.44,480,0
83,2026-05-18 09:31:20.823999,2026/05/18 09:31:20.872,3,NVIDIA A100-SXM-64GB,76.24,480,0
84,2026-05-18 09:31:25.882486,2026/05/18 09:31:25.936,0,NVIDIA A100-SXM-64GB,66.14,4,0
85,2026-05-18 09:31:25.882486,2026/05/18 09:31:25.938,1,NVIDIA A100-SXM-64GB,71.71,480,0
86,2026-05-18 09:31:25.882486,2026/05/18 09:31:25.941,2,NVIDIA A100-SXM-64GB,77.71,480,0
87,2026-05-18 09:31:25.882486,2026/05/18 09:31:25.943,3,NVIDIA A100-SXM-64GB,76.24,480,0
88,2026-05-18 09:31:30.951336,2026/05/18 09:31:31.031,0,NVIDIA A100-SXM-64GB,66.47,30,0
89,2026-05-18 09:31:30.951336,2026/05/18 09:31:31.034,1,NVIDIA A100-SXM-64GB,71.71,482,0
90,2026-05-18 09:31:30.951336,2026/05/18 09:31:31.036,2,NVIDIA A100-SXM-64GB,77.71,482,0
91,2026-05-18 09:31:30.951336,2026/05/18 09:31:31.039,3,NVIDIA A100-SXM-64GB,76.57,482,0
92,2026-05-18 09:31:36.047967,2026/05/18 09:31:36.099,0,NVIDIA A100-SXM-64GB,81.49,2024,0
93,2026-05-18 09:31:36.047967,2026/05/18 09:31:36.101,1,NVIDIA A100-SXM-64GB,71.71,2042,0
94,2026-05-18 09:31:36.047967,2026/05/18 09:31:36.106,2,NVIDIA A100-SXM-64GB,78.05,2032,0
95,2026-05-18 09:31:36.047967,2026/05/18 09:31:36.108,3,NVIDIA A100-SXM-64GB,76.57,2004,0
96,2026-05-18 09:31:41.116944,2026/05/18 09:31:41.168,0,NVIDIA A100-SXM-64GB,81.85,2884,1
97,2026-05-18 09:31:41.116944,2026/05/18 09:31:41.173,1,NVIDIA A100-SXM-64GB,71.71,2902,1
98,2026-05-18 09:31:41.116944,2026/05/18 09:31:41.176,2,NVIDIA A100-SXM-64GB,78.05,2892,1
99,2026-05-18 09:31:41.116944,2026/05/18 09:31:41.179,3,NVIDIA A100-SXM-64GB,76.57,2864,1
100,2026-05-18 09:31:46.187592,2026/05/18 09:31:46.227,0,NVIDIA A100-SXM-64GB,81.57,2884,1
101,2026-05-18 09:31:46.187592,2026/05/18 09:31:46.229,1,NVIDIA A100-SXM-64GB,71.71,2902,1
102,2026-05-18 09:31:46.187592,2026/05/18 09:31:46.232,2,NVIDIA A100-SXM-64GB,78.05,2892,1
103,2026-05-18 09:31:46.187592,2026/05/18 09:31:46.234,3,NVIDIA A100-SXM-64GB,76.57,2864,1
104,2026-05-18 09:31:51.245084,2026/05/18 09:31:51.284,0,NVIDIA A100-SXM-64GB,81.49,2884,1
105,2026-05-18 09:31:51.245084,2026/05/18 09:31:51.286,1,NVIDIA A100-SXM-64GB,71.71,2902,1
106,2026-05-18 09:31:51.245084,2026/05/18 09:31:51.289,2,NVIDIA A100-SXM-64GB,77.44,2892,1
107,2026-05-18 09:31:51.245084,2026/05/18 09:31:51.291,3,NVIDIA A100-SXM-64GB,76.57,2864,1
108,2026-05-18 09:31:56.299845,2026/05/18 09:31:56.339,0,NVIDIA A100-SXM-64GB,81.49,2884,1
109,2026-05-18 09:31:56.299845,2026/05/18 09:31:56.341,1,NVIDIA A100-SXM-64GB,72.04,2902,1
110,2026-05-18 09:31:56.299845,2026/05/18 09:31:56.344,2,NVIDIA A100-SXM-64GB,77.71,2892,1
111,2026-05-18 09:31:56.299845,2026/05/18 09:31:56.346,3,NVIDIA A100-SXM-64GB,76.91,2864,1
112,2026-05-18 09:32:01.354572,2026/05/18 09:32:01.395,0,NVIDIA A100-SXM-64GB,81.49,2884,1
113,2026-05-18 09:32:01.354572,2026/05/18 09:32:01.397,1,NVIDIA A100-SXM-64GB,71.44,2902,1
114,2026-05-18 09:32:01.354572,2026/05/18 09:32:01.400,2,NVIDIA A100-SXM-64GB,77.71,2892,1
115,2026-05-18 09:32:01.354572,2026/05/18 09:32:01.402,3,NVIDIA A100-SXM-64GB,76.57,2864,1
116,2026-05-18 09:32:06.411018,2026/05/18 09:32:06.451,0,NVIDIA A100-SXM-64GB,81.16,2884,1
117,2026-05-18 09:32:06.411018,2026/05/18 09:32:06.453,1,NVIDIA A100-SXM-64GB,71.71,2902,1
118,2026-05-18 09:32:06.411018,2026/05/18 09:32:06.456,2,NVIDIA A100-SXM-64GB,77.71,2892,1
119,2026-05-18 09:32:06.411018,2026/05/18 09:32:06.461,3,NVIDIA A100-SXM-64GB,76.57,2864,1
120,2026-05-18 09:32:11.470761,2026/05/18 09:32:11.511,0,NVIDIA A100-SXM-64GB,81.49,2964,1
121,2026-05-18 09:32:11.470761,2026/05/18 09:32:11.513,1,NVIDIA A100-SXM-64GB,71.44,2982,1
122,2026-05-18 09:32:11.470761,2026/05/18 09:32:11.516,2,NVIDIA A100-SXM-64GB,78.05,2972,1
123,2026-05-18 09:32:11.470761,2026/05/18 09:32:11.521,3,NVIDIA A100-SXM-64GB,76.24,2944,1
124,2026-05-18 09:32:16.528952,2026/05/18 09:32:16.568,0,NVIDIA A100-SXM-64GB,81.16,3024,1
125,2026-05-18 09:32:16.528952,2026/05/18 09:32:16.570,1,NVIDIA A100-SXM-64GB,71.64,3042,1
126,2026-05-18 09:32:16.528952,2026/05/18 09:32:16.573,2,NVIDIA A100-SXM-64GB,77.71,3032,1
127,2026-05-18 09:32:16.528952,2026/05/18 09:32:16.575,3,NVIDIA A100-SXM-64GB,76.24,3004,1
128,2026-05-18 09:32:21.584222,2026/05/18 09:32:21.625,0,NVIDIA A100-SXM-64GB,81.49,3104,1
129,2026-05-18 09:32:21.584222,2026/05/18 09:32:21.628,1,NVIDIA A100-SXM-64GB,71.71,3122,1
130,2026-05-18 09:32:21.584222,2026/05/18 09:32:21.631,2,NVIDIA A100-SXM-64GB,77.71,3112,1
131,2026-05-18 09:32:21.584222,2026/05/18 09:32:21.633,3,NVIDIA A100-SXM-64GB,76.24,3084,1
132,2026-05-18 09:32:26.641667,2026/05/18 09:32:26.682,0,NVIDIA A100-SXM-64GB,81.49,3184,1
133,2026-05-18 09:32:26.641667,2026/05/18 09:32:26.685,1,NVIDIA A100-SXM-64GB,71.71,3202,1
134,2026-05-18 09:32:26.641667,2026/05/18 09:32:26.687,2,NVIDIA A100-SXM-64GB,77.71,3192,1
135,2026-05-18 09:32:26.641667,2026/05/18 09:32:26.690,3,NVIDIA A100-SXM-64GB,76.57,3164,1
136,2026-05-18 09:32:31.699057,2026/05/18 09:32:31.751,0,NVIDIA A100-SXM-64GB,81.49,3264,1
137,2026-05-18 09:32:31.699057,2026/05/18 09:32:31.753,1,NVIDIA A100-SXM-64GB,71.71,3282,1
138,2026-05-18 09:32:31.699057,2026/05/18 09:32:31.756,2,NVIDIA A100-SXM-64GB,78.05,3272,1
139,2026-05-18 09:32:31.699057,2026/05/18 09:32:31.760,3,NVIDIA A100-SXM-64GB,76.57,3244,1
140,2026-05-18 09:32:36.768895,2026/05/18 09:32:36.809,0,NVIDIA A100-SXM-64GB,81.16,4284,2
141,2026-05-18 09:32:36.768895,2026/05/18 09:32:36.813,1,NVIDIA A100-SXM-64GB,71.64,4302,2
142,2026-05-18 09:32:36.768895,2026/05/18 09:32:36.815,2,NVIDIA A100-SXM-64GB,78.05,4292,2
143,2026-05-18 09:32:36.768895,2026/05/18 09:32:36.821,3,NVIDIA A100-SXM-64GB,76.57,4264,2
144,2026-05-18 09:32:41.830212,2026/05/18 09:32:41.870,0,NVIDIA A100-SXM-64GB,81.76,8284,0
145,2026-05-18 09:32:41.830212,2026/05/18 09:32:41.873,1,NVIDIA A100-SXM-64GB,71.71,8302,0
146,2026-05-18 09:32:41.830212,2026/05/18 09:32:41.875,2,NVIDIA A100-SXM-64GB,86.93,8292,0
147,2026-05-18 09:32:41.830212,2026/05/18 09:32:41.877,3,NVIDIA A100-SXM-64GB,76.57,8264,0
148,2026-05-18 09:32:46.886215,2026/05/18 09:32:46.938,0,NVIDIA A100-SXM-64GB,81.49,10872,0
149,2026-05-18 09:32:46.886215,2026/05/18 09:32:46.940,1,NVIDIA A100-SXM-64GB,71.71,10890,0
150,2026-05-18 09:32:46.886215,2026/05/18 09:32:46.943,2,NVIDIA A100-SXM-64GB,78.05,10880,0
151,2026-05-18 09:32:46.886215,2026/05/18 09:32:46.945,3,NVIDIA A100-SXM-64GB,76.57,10852,5
152,2026-05-18 09:32:51.954770,2026/05/18 09:32:51.994,0,NVIDIA A100-SXM-64GB,153.64,26634,76
153,2026-05-18 09:32:51.954770,2026/05/18 09:32:51.996,1,NVIDIA A100-SXM-64GB,143.85,26652,79
154,2026-05-18 09:32:51.954770,2026/05/18 09:32:51.999,2,NVIDIA A100-SXM-64GB,149.93,26642,87
155,2026-05-18 09:32:51.954770,2026/05/18 09:32:52.003,3,NVIDIA A100-SXM-64GB,139.33,26616,53
156,2026-05-18 09:32:57.012062,2026/05/18 09:32:57.051,0,NVIDIA A100-SXM-64GB,176.71,31904,100
157,2026-05-18 09:32:57.012062,2026/05/18 09:32:57.053,1,NVIDIA A100-SXM-64GB,189.75,31922,100
158,2026-05-18 09:32:57.012062,2026/05/18 09:32:57.056,2,NVIDIA A100-SXM-64GB,213.77,31912,100
159,2026-05-18 09:32:57.012062,2026/05/18 09:32:57.058,3,NVIDIA A100-SXM-64GB,155.32,31846,100
160,2026-05-18 09:33:02.069098,2026/05/18 09:33:02.109,0,NVIDIA A100-SXM-64GB,155.45,31904,100
161,2026-05-18 09:33:02.069098,2026/05/18 09:33:02.113,1,NVIDIA A100-SXM-64GB,217.90,31922,98
162,2026-05-18 09:33:02.069098,2026/05/18 09:33:02.116,2,NVIDIA A100-SXM-64GB,194.43,31912,98
163,2026-05-18 09:33:02.069098,2026/05/18 09:33:02.119,3,NVIDIA A100-SXM-64GB,146.59,31846,100
164,2026-05-18 09:33:07.132019,2026/05/18 09:33:07.171,0,NVIDIA A100-SXM-64GB,172.60,31904,100
165,2026-05-18 09:33:07.132019,2026/05/18 09:33:07.173,1,NVIDIA A100-SXM-64GB,185.74,31922,100
166,2026-05-18 09:33:07.132019,2026/05/18 09:33:07.176,2,NVIDIA A100-SXM-64GB,180.01,31912,100
167,2026-05-18 09:33:07.132019,2026/05/18 09:33:07.179,3,NVIDIA A100-SXM-64GB,181.13,31846,100
168,2026-05-18 09:33:12.190518,2026/05/18 09:33:12.231,0,NVIDIA A100-SXM-64GB,171.22,31904,100
169,2026-05-18 09:33:12.190518,2026/05/18 09:33:12.234,1,NVIDIA A100-SXM-64GB,170.89,31922,100
170,2026-05-18 09:33:12.190518,2026/05/18 09:33:12.236,2,NVIDIA A100-SXM-64GB,167.72,31912,100
171,2026-05-18 09:33:12.190518,2026/05/18 09:33:12.239,3,NVIDIA A100-SXM-64GB,167.62,31846,100
172,2026-05-18 09:33:17.252025,2026/05/18 09:33:17.292,0,NVIDIA A100-SXM-64GB,155.02,31904,98
173,2026-05-18 09:33:17.252025,2026/05/18 09:33:17.296,1,NVIDIA A100-SXM-64GB,146.60,31922,98
174,2026-05-18 09:33:17.252025,2026/05/18 09:33:17.299,2,NVIDIA A100-SXM-64GB,152.41,31912,98
175,2026-05-18 09:33:17.252025,2026/05/18 09:33:17.301,3,NVIDIA A100-SXM-64GB,145.51,31846,100
176,2026-05-18 09:33:22.311373,2026/05/18 09:33:22.351,0,NVIDIA A100-SXM-64GB,153.48,31904,100
177,2026-05-18 09:33:22.311373,2026/05/18 09:33:22.353,1,NVIDIA A100-SXM-64GB,147.81,31922,98
178,2026-05-18 09:33:22.311373,2026/05/18 09:33:22.356,2,NVIDIA A100-SXM-64GB,154.55,31912,98
179,2026-05-18 09:33:22.311373,2026/05/18 09:33:22.359,3,NVIDIA A100-SXM-64GB,146.11,31846,100
180,2026-05-18 09:33:27.367969,2026/05/18 09:33:27.407,0,NVIDIA A100-SXM-64GB,180.39,31904,100
181,2026-05-18 09:33:27.367969,2026/05/18 09:33:27.410,1,NVIDIA A100-SXM-64GB,165.57,31922,100
182,2026-05-18 09:33:27.367969,2026/05/18 09:33:27.416,2,NVIDIA A100-SXM-64GB,153.62,31912,100
183,2026-05-18 09:33:27.367969,2026/05/18 09:33:27.418,3,NVIDIA A100-SXM-64GB,147.33,31846,100
184,2026-05-18 09:33:32.427176,2026/05/18 09:33:32.467,0,NVIDIA A100-SXM-64GB,180.39,31904,100
185,2026-05-18 09:33:32.427176,2026/05/18 09:33:32.469,1,NVIDIA A100-SXM-64GB,170.89,31922,100
186,2026-05-18 09:33:32.427176,2026/05/18 09:33:32.472,2,NVIDIA A100-SXM-64GB,170.48,31912,100
187,2026-05-18 09:33:32.427176,2026/05/18 09:33:32.474,3,NVIDIA A100-SXM-64GB,175.44,31846,100
188,2026-05-18 09:33:37.483740,2026/05/18 09:33:37.535,0,NVIDIA A100-SXM-64GB,174.41,31904,100
189,2026-05-18 09:33:37.483740,2026/05/18 09:33:37.537,1,NVIDIA A100-SXM-64GB,210.31,31922,100
190,2026-05-18 09:33:37.483740,2026/05/18 09:33:37.540,2,NVIDIA A100-SXM-64GB,242.94,31912,98
191,2026-05-18 09:33:37.483740,2026/05/18 09:33:37.542,3,NVIDIA A100-SXM-64GB,170.65,31846,100
192,2026-05-18 09:33:42.551456,2026/05/18 09:33:42.591,0,NVIDIA A100-SXM-64GB,176.56,31904,100
193,2026-05-18 09:33:42.551456,2026/05/18 09:33:42.594,1,NVIDIA A100-SXM-64GB,178.10,31922,100
194,2026-05-18 09:33:42.551456,2026/05/18 09:33:42.596,2,NVIDIA A100-SXM-64GB,195.32,31912,100
195,2026-05-18 09:33:42.551456,2026/05/18 09:33:42.599,3,NVIDIA A100-SXM-64GB,163.92,31846,100
196,2026-05-18 09:33:47.608338,2026/05/18 09:33:47.648,0,NVIDIA A100-SXM-64GB,151.16,31904,97
197,2026-05-18 09:33:47.608338,2026/05/18 09:33:47.650,1,NVIDIA A100-SXM-64GB,132.53,31922,97
198,2026-05-18 09:33:47.608338,2026/05/18 09:33:47.653,2,NVIDIA A100-SXM-64GB,149.05,31912,97
199,2026-05-18 09:33:47.608338,2026/05/18 09:33:47.655,3,NVIDIA A100-SXM-64GB,142.14,31846,100
200,2026-05-18 09:33:52.666261,2026/05/18 09:33:52.705,0,NVIDIA A100-SXM-64GB,183.74,31904,100
201,2026-05-18 09:33:52.666261,2026/05/18 09:33:52.707,1,NVIDIA A100-SXM-64GB,176.38,31922,100
202,2026-05-18 09:33:52.666261,2026/05/18 09:33:52.710,2,NVIDIA A100-SXM-64GB,188.60,31912,100
203,2026-05-18 09:33:52.666261,2026/05/18 09:33:52.712,3,NVIDIA A100-SXM-64GB,184.16,31846,100
204,2026-05-18 09:33:57.721806,2026/05/18 09:33:57.761,0,NVIDIA A100-SXM-64GB,187.69,31904,100
205,2026-05-18 09:33:57.721806,2026/05/18 09:33:57.763,1,NVIDIA A100-SXM-64GB,167.38,31922,100
206,2026-05-18 09:33:57.721806,2026/05/18 09:33:57.766,2,NVIDIA A100-SXM-64GB,168.99,31912,100
207,2026-05-18 09:33:57.721806,2026/05/18 09:33:57.768,3,NVIDIA A100-SXM-64GB,157.81,31846,100
208,2026-05-18 09:34:02.777733,2026/05/18 09:34:02.817,0,NVIDIA A100-SXM-64GB,194.72,31904,100
209,2026-05-18 09:34:02.777733,2026/05/18 09:34:02.819,1,NVIDIA A100-SXM-64GB,177.83,31922,100
210,2026-05-18 09:34:02.777733,2026/05/18 09:34:02.822,2,NVIDIA A100-SXM-64GB,172.35,31912,100
211,2026-05-18 09:34:02.777733,2026/05/18 09:34:02.824,3,NVIDIA A100-SXM-64GB,176.22,31846,100
212,2026-05-18 09:34:07.833826,2026/05/18 09:34:07.884,0,NVIDIA A100-SXM-64GB,181.59,31904,100
213,2026-05-18 09:34:07.833826,2026/05/18 09:34:07.887,1,NVIDIA A100-SXM-64GB,171.07,31922,100
214,2026-05-18 09:34:07.833826,2026/05/18 09:34:07.889,2,NVIDIA A100-SXM-64GB,177.25,31912,100
215,2026-05-18 09:34:07.833826,2026/05/18 09:34:07.892,3,NVIDIA A100-SXM-64GB,161.44,31846,100
216,2026-05-18 09:34:12.904120,2026/05/18 09:34:12.954,0,NVIDIA A100-SXM-64GB,177.65,31904,100
217,2026-05-18 09:34:12.904120,2026/05/18 09:34:12.957,1,NVIDIA A100-SXM-64GB,171.99,31922,100
218,2026-05-18 09:34:12.904120,2026/05/18 09:34:12.959,2,NVIDIA A100-SXM-64GB,157.65,31912,100
219,2026-05-18 09:34:12.904120,2026/05/18 09:34:12.962,3,NVIDIA A100-SXM-64GB,167.90,31846,100
220,2026-05-18 09:34:17.971180,2026/05/18 09:34:18.011,0,NVIDIA A100-SXM-64GB,178.85,31904,100
221,2026-05-18 09:34:17.971180,2026/05/18 09:34:18.013,1,NVIDIA A100-SXM-64GB,177.22,31922,100
222,2026-05-18 09:34:17.971180,2026/05/18 09:34:18.016,2,NVIDIA A100-SXM-64GB,177.85,31912,100
223,2026-05-18 09:34:17.971180,2026/05/18 09:34:18.021,3,NVIDIA A100-SXM-64GB,177.43,31846,100
224,2026-05-18 09:34:23.030275,2026/05/18 09:34:23.069,0,NVIDIA A100-SXM-64GB,184.67,31904,100
225,2026-05-18 09:34:23.030275,2026/05/18 09:34:23.073,1,NVIDIA A100-SXM-64GB,145.67,31922,100
226,2026-05-18 09:34:23.030275,2026/05/18 09:34:23.075,2,NVIDIA A100-SXM-64GB,166.51,31912,100
227,2026-05-18 09:34:23.030275,2026/05/18 09:34:23.082,3,NVIDIA A100-SXM-64GB,153.17,31846,100
228,2026-05-18 09:34:28.091547,2026/05/18 09:34:28.131,0,NVIDIA A100-SXM-64GB,153.91,31904,98
229,2026-05-18 09:34:28.091547,2026/05/18 09:34:28.134,1,NVIDIA A100-SXM-64GB,146.27,31922,98
230,2026-05-18 09:34:28.091547,2026/05/18 09:34:28.137,2,NVIDIA A100-SXM-64GB,156.38,31912,98
231,2026-05-18 09:34:28.091547,2026/05/18 09:34:28.142,3,NVIDIA A100-SXM-64GB,146.11,31846,98
232,2026-05-18 09:34:33.151933,2026/05/18 09:34:33.191,0,NVIDIA A100-SXM-64GB,154.24,31904,99
233,2026-05-18 09:34:33.151933,2026/05/18 09:34:33.195,1,NVIDIA A100-SXM-64GB,146.27,31922,99
234,2026-05-18 09:34:33.151933,2026/05/18 09:34:33.197,2,NVIDIA A100-SXM-64GB,147.78,31912,99
235,2026-05-18 09:34:33.151933,2026/05/18 09:34:33.202,3,NVIDIA A100-SXM-64GB,147.66,31846,97
236,2026-05-18 09:34:38.212144,2026/05/18 09:34:38.252,0,NVIDIA A100-SXM-64GB,198.40,31904,100
237,2026-05-18 09:34:38.212144,2026/05/18 09:34:38.255,1,NVIDIA A100-SXM-64GB,183.60,31922,100
238,2026-05-18 09:34:38.212144,2026/05/18 09:34:38.257,2,NVIDIA A100-SXM-64GB,183.97,31912,100
239,2026-05-18 09:34:38.212144,2026/05/18 09:34:38.260,3,NVIDIA A100-SXM-64GB,182.67,31846,100
240,2026-05-18 09:34:43.269894,2026/05/18 09:34:43.309,0,NVIDIA A100-SXM-64GB,184.86,31904,100
241,2026-05-18 09:34:43.269894,2026/05/18 09:34:43.311,1,NVIDIA A100-SXM-64GB,161.88,31922,100
242,2026-05-18 09:34:43.269894,2026/05/18 09:34:43.315,2,NVIDIA A100-SXM-64GB,174.50,31912,100
243,2026-05-18 09:34:43.269894,2026/05/18 09:34:43.318,3,NVIDIA A100-SXM-64GB,176.49,31846,100
244,2026-05-18 09:34:48.327499,2026/05/18 09:34:48.367,0,NVIDIA A100-SXM-64GB,155.45,31904,98
245,2026-05-18 09:34:48.327499,2026/05/18 09:34:48.369,1,NVIDIA A100-SXM-64GB,145.34,31922,98
246,2026-05-18 09:34:48.327499,2026/05/18 09:34:48.372,2,NVIDIA A100-SXM-64GB,152.08,31912,98
247,2026-05-18 09:34:48.327499,2026/05/18 09:34:48.374,3,NVIDIA A100-SXM-64GB,141.81,31846,98
248,2026-05-18 09:34:53.386802,2026/05/18 09:34:53.426,0,NVIDIA A100-SXM-64GB,155.45,31904,98
249,2026-05-18 09:34:53.386802,2026/05/18 09:34:53.428,1,NVIDIA A100-SXM-64GB,147.48,31922,98
250,2026-05-18 09:34:53.386802,2026/05/18 09:34:53.431,2,NVIDIA A100-SXM-64GB,154.84,31912,98
251,2026-05-18 09:34:53.386802,2026/05/18 09:34:53.435,3,NVIDIA A100-SXM-64GB,143.97,31846,100
252,2026-05-18 09:34:58.447168,2026/05/18 09:34:58.486,0,NVIDIA A100-SXM-64GB,159.74,31904,100
253,2026-05-18 09:34:58.447168,2026/05/18 09:34:58.488,1,NVIDIA A100-SXM-64GB,160.35,31922,100
254,2026-05-18 09:34:58.447168,2026/05/18 09:34:58.491,2,NVIDIA A100-SXM-64GB,177.85,31912,100
255,2026-05-18 09:34:58.447168,2026/05/18 09:34:58.496,3,NVIDIA A100-SXM-64GB,150.74,31846,100
256,2026-05-18 09:35:03.507413,2026/05/18 09:35:03.547,0,NVIDIA A100-SXM-64GB,178.85,31904,100
257,2026-05-18 09:35:03.507413,2026/05/18 09:35:03.549,1,NVIDIA A100-SXM-64GB,175.95,31922,100
258,2026-05-18 09:35:03.507413,2026/05/18 09:35:03.552,2,NVIDIA A100-SXM-64GB,183.70,31912,98
259,2026-05-18 09:35:03.507413,2026/05/18 09:35:03.557,3,NVIDIA A100-SXM-64GB,179.86,31846,100
260,2026-05-18 09:35:08.567193,2026/05/18 09:35:08.618,0,NVIDIA A100-SXM-64GB,151.16,31904,98
261,2026-05-18 09:35:08.567193,2026/05/18 09:35:08.621,1,NVIDIA A100-SXM-64GB,134.48,31922,97
262,2026-05-18 09:35:08.567193,2026/05/18 09:35:08.623,2,NVIDIA A100-SXM-64GB,145.64,31912,97
263,2026-05-18 09:35:08.567193,2026/05/18 09:35:08.626,3,NVIDIA A100-SXM-64GB,133.95,31846,100
264,2026-05-18 09:35:13.635364,2026/05/18 09:35:13.675,0,NVIDIA A100-SXM-64GB,157.32,31904,98
265,2026-05-18 09:35:13.635364,2026/05/18 09:35:13.679,1,NVIDIA A100-SXM-64GB,141.20,31922,100
266,2026-05-18 09:35:13.635364,2026/05/18 09:35:13.682,2,NVIDIA A100-SXM-64GB,152.57,31912,100
267,2026-05-18 09:35:13.635364,2026/05/18 09:35:13.684,3,NVIDIA A100-SXM-64GB,142.56,31846,98
268,2026-05-18 09:35:18.693804,2026/05/18 09:35:18.734,0,NVIDIA A100-SXM-64GB,158.36,31904,100
269,2026-05-18 09:35:18.693804,2026/05/18 09:35:18.739,1,NVIDIA A100-SXM-64GB,144.73,31922,100
270,2026-05-18 09:35:18.693804,2026/05/18 09:35:18.742,2,NVIDIA A100-SXM-64GB,151.20,31912,100
271,2026-05-18 09:35:18.693804,2026/05/18 09:35:18.744,3,NVIDIA A100-SXM-64GB,147.93,31846,97
272,2026-05-18 09:35:23.753452,2026/05/18 09:35:23.793,0,NVIDIA A100-SXM-64GB,189.23,31904,100
273,2026-05-18 09:35:23.753452,2026/05/18 09:35:23.795,1,NVIDIA A100-SXM-64GB,172.60,31922,100
274,2026-05-18 09:35:23.753452,2026/05/18 09:35:23.799,2,NVIDIA A100-SXM-64GB,168.66,31912,100
275,2026-05-18 09:35:23.753452,2026/05/18 09:35:23.802,3,NVIDIA A100-SXM-64GB,181.73,31846,100
276,2026-05-18 09:35:28.811696,2026/05/18 09:35:28.863,0,NVIDIA A100-SXM-64GB,154.24,31904,100
277,2026-05-18 09:35:28.811696,2026/05/18 09:35:28.866,1,NVIDIA A100-SXM-64GB,189.75,31922,100
278,2026-05-18 09:35:28.811696,2026/05/18 09:35:28.869,2,NVIDIA A100-SXM-64GB,153.01,31912,100
279,2026-05-18 09:35:28.811696,2026/05/18 09:35:28.871,3,NVIDIA A100-SXM-64GB,167.01,31846,98
280,2026-05-18 09:35:33.881364,2026/05/18 09:35:33.921,0,NVIDIA A100-SXM-64GB,174.24,31904,100
281,2026-05-18 09:35:33.881364,2026/05/18 09:35:33.923,1,NVIDIA A100-SXM-64GB,176.28,31922,100
282,2026-05-18 09:35:33.881364,2026/05/18 09:35:33.926,2,NVIDIA A100-SXM-64GB,154.23,31912,100
283,2026-05-18 09:35:33.881364,2026/05/18 09:35:33.928,3,NVIDIA A100-SXM-64GB,161.17,31846,100
284,2026-05-18 09:35:38.937862,2026/05/18 09:35:38.977,0,NVIDIA A100-SXM-64GB,155.45,31904,98
285,2026-05-18 09:35:38.937862,2026/05/18 09:35:38.982,1,NVIDIA A100-SXM-64GB,146.60,31922,98
286,2026-05-18 09:35:38.937862,2026/05/18 09:35:38.986,2,NVIDIA A100-SXM-64GB,148.45,31912,98
287,2026-05-18 09:35:38.937862,2026/05/18 09:35:38.989,3,NVIDIA A100-SXM-64GB,148.27,31846,100
288,2026-05-18 09:35:43.998611,2026/05/18 09:35:44.038,0,NVIDIA A100-SXM-64GB,158.20,31904,100
289,2026-05-18 09:35:43.998611,2026/05/18 09:35:44.040,1,NVIDIA A100-SXM-64GB,145.67,31922,100
290,2026-05-18 09:35:43.998611,2026/05/18 09:35:44.043,2,NVIDIA A100-SXM-64GB,166.18,31912,100
291,2026-05-18 09:35:43.998611,2026/05/18 09:35:44.045,3,NVIDIA A100-SXM-64GB,146.73,31846,100
292,2026-05-18 09:35:49.054636,2026/05/18 09:35:49.094,0,NVIDIA A100-SXM-64GB,182.53,31904,98
293,2026-05-18 09:35:49.054636,2026/05/18 09:35:49.096,1,NVIDIA A100-SXM-64GB,200.87,31922,98
294,2026-05-18 09:35:49.054636,2026/05/18 09:35:49.099,2,NVIDIA A100-SXM-64GB,189.81,31912,98
295,2026-05-18 09:35:49.054636,2026/05/18 09:35:49.104,3,NVIDIA A100-SXM-64GB,191.35,31846,100
296,2026-05-18 09:35:54.113759,2026/05/18 09:35:54.153,0,NVIDIA A100-SXM-64GB,156.39,31904,97
297,2026-05-18 09:35:54.113759,2026/05/18 09:35:54.157,1,NVIDIA A100-SXM-64GB,193.24,31922,97
298,2026-05-18 09:35:54.113759,2026/05/18 09:35:54.159,2,NVIDIA A100-SXM-64GB,172.62,31912,97
299,2026-05-18 09:35:54.113759,2026/05/18 09:35:54.163,3,NVIDIA A100-SXM-64GB,230.29,31846,98
300,2026-05-18 09:35:59.173837,2026/05/18 09:35:59.213,0,NVIDIA A100-SXM-64GB,176.10,31904,100
301,2026-05-18 09:35:59.173837,2026/05/18 09:35:59.215,1,NVIDIA A100-SXM-64GB,173.21,31922,100
302,2026-05-18 09:35:59.173837,2026/05/18 09:35:59.218,2,NVIDIA A100-SXM-64GB,195.04,31912,100
303,2026-05-18 09:35:59.173837,2026/05/18 09:35:59.223,3,NVIDIA A100-SXM-64GB,183.28,31846,100
304,2026-05-18 09:36:04.234575,2026/05/18 09:36:04.274,0,NVIDIA A100-SXM-64GB,171.82,31904,100
305,2026-05-18 09:36:04.234575,2026/05/18 09:36:04.276,1,NVIDIA A100-SXM-64GB,155.78,31922,100
306,2026-05-18 09:36:04.234575,2026/05/18 09:36:04.279,2,NVIDIA A100-SXM-64GB,170.20,31912,100
307,2026-05-18 09:36:04.234575,2026/05/18 09:36:04.284,3,NVIDIA A100-SXM-64GB,168.22,31846,100
308,2026-05-18 09:36:09.293876,2026/05/18 09:36:09.333,0,NVIDIA A100-SXM-64GB,157.16,31904,98
309,2026-05-18 09:36:09.293876,2026/05/18 09:36:09.335,1,NVIDIA A100-SXM-64GB,145.99,31922,98
310,2026-05-18 09:36:09.293876,2026/05/18 09:36:09.338,2,NVIDIA A100-SXM-64GB,155.17,31912,98
311,2026-05-18 09:36:09.293876,2026/05/18 09:36:09.340,3,NVIDIA A100-SXM-64GB,142.75,31846,98
312,2026-05-18 09:36:14.349863,2026/05/18 09:36:14.389,0,NVIDIA A100-SXM-64GB,158.20,31904,99
313,2026-05-18 09:36:14.349863,2026/05/18 09:36:14.391,1,NVIDIA A100-SXM-64GB,145.99,31922,100
314,2026-05-18 09:36:14.349863,2026/05/18 09:36:14.395,2,NVIDIA A100-SXM-64GB,151.20,31912,100
315,2026-05-18 09:36:14.349863,2026/05/18 09:36:14.397,3,NVIDIA A100-SXM-64GB,144.90,31846,100
316,2026-05-18 09:36:19.406598,2026/05/18 09:36:19.446,0,NVIDIA A100-SXM-64GB,161.44,31904,100
317,2026-05-18 09:36:19.406598,2026/05/18 09:36:19.453,1,NVIDIA A100-SXM-64GB,161.27,31922,100
318,2026-05-18 09:36:19.406598,2026/05/18 09:36:19.455,2,NVIDIA A100-SXM-64GB,173.56,31912,100
319,2026-05-18 09:36:19.406598,2026/05/18 09:36:19.458,3,NVIDIA A100-SXM-64GB,148.87,31846,100
320,2026-05-18 09:36:24.467772,2026/05/18 09:36:24.507,0,NVIDIA A100-SXM-64GB,173.96,31904,100
321,2026-05-18 09:36:24.467772,2026/05/18 09:36:24.511,1,NVIDIA A100-SXM-64GB,165.23,31922,100
322,2026-05-18 09:36:24.467772,2026/05/18 09:36:24.514,2,NVIDIA A100-SXM-64GB,180.95,31912,100
323,2026-05-18 09:36:24.467772,2026/05/18 09:36:24.516,3,NVIDIA A100-SXM-64GB,180.34,31846,100
324,2026-05-18 09:36:29.526174,2026/05/18 09:36:29.577,0,NVIDIA A100-SXM-64GB,166.17,31904,100
325,2026-05-18 09:36:29.526174,2026/05/18 09:36:29.580,1,NVIDIA A100-SXM-64GB,161.61,31922,100
326,2026-05-18 09:36:29.526174,2026/05/18 09:36:29.583,2,NVIDIA A100-SXM-64GB,185.51,31912,100
327,2026-05-18 09:36:29.526174,2026/05/18 09:36:29.586,3,NVIDIA A100-SXM-64GB,150.57,31846,100
328,2026-05-18 09:36:34.598589,2026/05/18 09:36:34.639,0,NVIDIA A100-SXM-64GB,163.25,31904,98
329,2026-05-18 09:36:34.598589,2026/05/18 09:36:34.641,1,NVIDIA A100-SXM-64GB,131.73,31922,100
330,2026-05-18 09:36:34.598589,2026/05/18 09:36:34.644,2,NVIDIA A100-SXM-64GB,143.03,31912,100
331,2026-05-18 09:36:34.598589,2026/05/18 09:36:34.646,3,NVIDIA A100-SXM-64GB,134.90,31846,100
332,2026-05-18 09:36:39.659467,2026/05/18 09:36:39.699,0,NVIDIA A100-SXM-64GB,153.48,31904,97
333,2026-05-18 09:36:39.659467,2026/05/18 09:36:39.701,1,NVIDIA A100-SXM-64GB,138.63,31922,96
334,2026-05-18 09:36:39.659467,2026/05/18 09:36:39.704,2,NVIDIA A100-SXM-64GB,143.21,31912,97
335,2026-05-18 09:36:39.659467,2026/05/18 09:36:39.707,3,NVIDIA A100-SXM-64GB,132.60,31846,98
336,2026-05-18 09:36:44.719276,2026/05/18 09:36:44.759,0,NVIDIA A100-SXM-64GB,199.66,31904,100
337,2026-05-18 09:36:44.719276,2026/05/18 09:36:44.761,1,NVIDIA A100-SXM-64GB,168.32,31922,100
338,2026-05-18 09:36:44.719276,2026/05/18 09:36:44.764,2,NVIDIA A100-SXM-64GB,179.40,31912,100
339,2026-05-18 09:36:44.719276,2026/05/18 09:36:44.770,3,NVIDIA A100-SXM-64GB,162.38,31846,100
340,2026-05-18 09:36:49.781008,2026/05/18 09:36:49.820,0,NVIDIA A100-SXM-64GB,179.13,31904,100
341,2026-05-18 09:36:49.781008,2026/05/18 09:36:49.822,1,NVIDIA A100-SXM-64GB,156.39,31922,100
342,2026-05-18 09:36:49.781008,2026/05/18 09:36:49.825,2,NVIDIA A100-SXM-64GB,181.55,31912,100
343,2026-05-18 09:36:49.781008,2026/05/18 09:36:49.830,3,NVIDIA A100-SXM-64GB,175.62,31846,100
344,2026-05-18 09:36:54.841602,2026/05/18 09:36:54.881,0,NVIDIA A100-SXM-64GB,152.22,31904,98
345,2026-05-18 09:36:54.841602,2026/05/18 09:36:54.883,1,NVIDIA A100-SXM-64GB,145.99,31922,100
346,2026-05-18 09:36:54.841602,2026/05/18 09:36:54.886,2,NVIDIA A100-SXM-64GB,153.62,31912,100
347,2026-05-18 09:36:54.841602,2026/05/18 09:36:54.888,3,NVIDIA A100-SXM-64GB,140.27,31846,98
348,2026-05-18 09:36:59.898123,2026/05/18 09:36:59.937,0,NVIDIA A100-SXM-64GB,158.20,31904,100
349,2026-05-18 09:36:59.898123,2026/05/18 09:36:59.942,1,NVIDIA A100-SXM-64GB,167.38,31922,100
350,2026-05-18 09:36:59.898123,2026/05/18 09:36:59.944,2,NVIDIA A100-SXM-64GB,168.33,31912,100
351,2026-05-18 09:36:59.898123,2026/05/18 09:36:59.950,3,NVIDIA A100-SXM-64GB,142.75,31846,100
352,2026-05-18 09:37:04.963541,2026/05/18 09:37:05.003,0,NVIDIA A100-SXM-64GB,180.66,31904,100
353,2026-05-18 09:37:04.963541,2026/05/18 09:37:05.005,1,NVIDIA A100-SXM-64GB,145.07,31922,100
354,2026-05-18 09:37:04.963541,2026/05/18 09:37:05.008,2,NVIDIA A100-SXM-64GB,167.45,31912,100
355,2026-05-18 09:37:04.963541,2026/05/18 09:37:05.012,3,NVIDIA A100-SXM-64GB,156.87,31846,100
356,2026-05-18 09:37:10.021800,2026/05/18 09:37:10.061,0,NVIDIA A100-SXM-64GB,153.91,31904,100
357,2026-05-18 09:37:10.021800,2026/05/18 09:37:10.065,1,NVIDIA A100-SXM-64GB,134.95,31922,100
358,2026-05-18 09:37:10.021800,2026/05/18 09:37:10.068,2,NVIDIA A100-SXM-64GB,145.36,31912,100
359,2026-05-18 09:37:10.021800,2026/05/18 09:37:10.073,3,NVIDIA A100-SXM-64GB,147.93,31846,98
360,2026-05-18 09:37:15.085618,2026/05/18 09:37:15.125,0,NVIDIA A100-SXM-64GB,157.16,31904,100
361,2026-05-18 09:37:15.085618,2026/05/18 09:37:15.127,1,NVIDIA A100-SXM-64GB,147.20,31922,98
362,2026-05-18 09:37:15.085618,2026/05/18 09:37:15.130,2,NVIDIA A100-SXM-64GB,151.47,31912,98
363,2026-05-18 09:37:15.085618,2026/05/18 09:37:15.133,3,NVIDIA A100-SXM-64GB,147.66,31846,97
364,2026-05-18 09:37:20.145609,2026/05/18 09:37:20.185,0,NVIDIA A100-SXM-64GB,173.81,31904,100
365,2026-05-18 09:37:20.145609,2026/05/18 09:37:20.187,1,NVIDIA A100-SXM-64GB,173.53,31922,100
366,2026-05-18 09:37:20.145609,2026/05/18 09:37:20.190,2,NVIDIA A100-SXM-64GB,189.81,31912,100
367,2026-05-18 09:37:20.145609,2026/05/18 09:37:20.193,3,NVIDIA A100-SXM-64GB,180.52,31846,100
368,2026-05-18 09:37:25.205878,2026/05/18 09:37:25.256,0,NVIDIA A100-SXM-64GB,182.20,31904,100
369,2026-05-18 09:37:25.205878,2026/05/18 09:37:25.259,1,NVIDIA A100-SXM-64GB,170.78,31922,100
370,2026-05-18 09:37:25.205878,2026/05/18 09:37:25.262,2,NVIDIA A100-SXM-64GB,175.10,31912,100
371,2026-05-18 09:37:25.205878,2026/05/18 09:37:25.264,3,NVIDIA A100-SXM-64GB,171.31,31846,100
372,2026-05-18 09:37:30.274144,2026/05/18 09:37:30.313,0,NVIDIA A100-SXM-64GB,157.43,31904,98
373,2026-05-18 09:37:30.274144,2026/05/18 09:37:30.315,1,NVIDIA A100-SXM-64GB,139.23,31922,98
374,2026-05-18 09:37:30.274144,2026/05/18 09:37:30.318,2,NVIDIA A100-SXM-64GB,157.31,31912,98
375,2026-05-18 09:37:30.274144,2026/05/18 09:37:30.320,3,NVIDIA A100-SXM-64GB,142.75,31846,100
376,2026-05-18 09:37:35.330423,2026/05/18 09:37:35.370,0,NVIDIA A100-SXM-64GB,183.14,31904,100
377,2026-05-18 09:37:35.330423,2026/05/18 09:37:35.372,1,NVIDIA A100-SXM-64GB,171.39,31922,100
378,2026-05-18 09:37:35.330423,2026/05/18 09:37:35.375,2,NVIDIA A100-SXM-64GB,179.07,31912,100
379,2026-05-18 09:37:35.330423,2026/05/18 09:37:35.377,3,NVIDIA A100-SXM-64GB,169.77,31846,100
380,2026-05-18 09:37:40.388172,2026/05/18 09:37:40.428,0,NVIDIA A100-SXM-64GB,160.78,31904,100
381,2026-05-18 09:37:40.388172,2026/05/18 09:37:40.430,1,NVIDIA A100-SXM-64GB,162.21,31922,100
382,2026-05-18 09:37:40.388172,2026/05/18 09:37:40.433,2,NVIDIA A100-SXM-64GB,202.22,31912,100
383,2026-05-18 09:37:40.388172,2026/05/18 09:37:40.436,3,NVIDIA A100-SXM-64GB,164.25,31846,98
384,2026-05-18 09:37:45.445705,2026/05/18 09:37:45.485,0,NVIDIA A100-SXM-64GB,195.65,31904,100
385,2026-05-18 09:37:45.445705,2026/05/18 09:37:45.489,1,NVIDIA A100-SXM-64GB,173.81,31922,100
386,2026-05-18 09:37:45.445705,2026/05/18 09:37:45.492,2,NVIDIA A100-SXM-64GB,183.36,31912,100
387,2026-05-18 09:37:45.445705,2026/05/18 09:37:45.495,3,NVIDIA A100-SXM-64GB,181.13,31846,100
388,2026-05-18 09:37:50.504908,2026/05/18 09:37:50.544,0,NVIDIA A100-SXM-64GB,163.85,31904,100
389,2026-05-18 09:37:50.504908,2026/05/18 09:37:50.549,1,NVIDIA A100-SXM-64GB,153.64,31922,100
390,2026-05-18 09:37:50.504908,2026/05/18 09:37:50.552,2,NVIDIA A100-SXM-64GB,157.92,31912,100
391,2026-05-18 09:37:50.504908,2026/05/18 09:37:50.555,3,NVIDIA A100-SXM-64GB,166.68,31846,100
392,2026-05-18 09:37:55.565401,2026/05/18 09:37:55.605,0,NVIDIA A100-SXM-64GB,154.52,31904,100
393,2026-05-18 09:37:55.565401,2026/05/18 09:37:55.610,1,NVIDIA A100-SXM-64GB,142.32,31922,98
394,2026-05-18 09:37:55.565401,2026/05/18 09:37:55.613,2,NVIDIA A100-SXM-64GB,147.33,31912,98
395,2026-05-18 09:37:55.565401,2026/05/18 09:37:55.615,3,NVIDIA A100-SXM-64GB,146.11,31846,98
396,2026-05-18 09:38:00.625443,2026/05/18 09:38:00.676,0,NVIDIA A100-SXM-64GB,153.31,31904,97
397,2026-05-18 09:38:00.625443,2026/05/18 09:38:00.679,1,NVIDIA A100-SXM-64GB,142.74,31922,97
398,2026-05-18 09:38:00.625443,2026/05/18 09:38:00.683,2,NVIDIA A100-SXM-64GB,146.11,31912,97
399,2026-05-18 09:38:00.625443,2026/05/18 09:38:00.686,3,NVIDIA A100-SXM-64GB,148.42,31846,97
400,2026-05-18 09:38:05.695612,2026/05/18 09:38:05.735,0,NVIDIA A100-SXM-64GB,184.95,31904,100
401,2026-05-18 09:38:05.695612,2026/05/18 09:38:05.738,1,NVIDIA A100-SXM-64GB,161.27,31922,100
402,2026-05-18 09:38:05.695612,2026/05/18 09:38:05.740,2,NVIDIA A100-SXM-64GB,180.95,31912,100
403,2026-05-18 09:38:05.695612,2026/05/18 09:38:05.743,3,NVIDIA A100-SXM-64GB,184.90,31846,100
404,2026-05-18 09:38:10.752714,2026/05/18 09:38:10.792,0,NVIDIA A100-SXM-64GB,184.67,31904,100
405,2026-05-18 09:38:10.752714,2026/05/18 09:38:10.794,1,NVIDIA A100-SXM-64GB,156.99,31922,100
406,2026-05-18 09:38:10.752714,2026/05/18 09:38:10.799,2,NVIDIA A100-SXM-64GB,186.12,31912,100
407,2026-05-18 09:38:10.752714,2026/05/18 09:38:10.802,3,NVIDIA A100-SXM-64GB,157.14,31846,100
408,2026-05-18 09:38:15.812320,2026/05/18 09:38:15.852,0,NVIDIA A100-SXM-64GB,157.16,31904,100
409,2026-05-18 09:38:15.812320,2026/05/18 09:38:15.859,1,NVIDIA A100-SXM-64GB,172.27,31922,100
410,2026-05-18 09:38:15.812320,2026/05/18 09:38:15.862,2,NVIDIA A100-SXM-64GB,145.96,31912,100
411,2026-05-18 09:38:15.812320,2026/05/18 09:38:15.864,3,NVIDIA A100-SXM-64GB,148.27,31846,100
412,2026-05-18 09:38:20.874493,2026/05/18 09:38:20.914,0,NVIDIA A100-SXM-64GB,174.24,31904,100
413,2026-05-18 09:38:20.874493,2026/05/18 09:38:20.918,1,NVIDIA A100-SXM-64GB,184.06,31922,100
414,2026-05-18 09:38:20.874493,2026/05/18 09:38:20.921,2,NVIDIA A100-SXM-64GB,177.25,31912,100
415,2026-05-18 09:38:20.874493,2026/05/18 09:38:20.923,3,NVIDIA A100-SXM-64GB,173.13,31846,100
416,2026-05-18 09:38:25.933339,2026/05/18 09:38:25.973,0,NVIDIA A100-SXM-64GB,156.06,31904,100
417,2026-05-18 09:38:25.933339,2026/05/18 09:38:25.978,1,NVIDIA A100-SXM-64GB,167.98,31922,100
418,2026-05-18 09:38:25.933339,2026/05/18 09:38:25.984,2,NVIDIA A100-SXM-64GB,169.59,31912,100
419,2026-05-18 09:38:25.933339,2026/05/18 09:38:25.987,3,NVIDIA A100-SXM-64GB,178.98,31846,100
420,2026-05-18 09:38:30.996624,2026/05/18 09:38:31.036,0,NVIDIA A100-SXM-64GB,176.38,31904,100
421,2026-05-18 09:38:30.996624,2026/05/18 09:38:31.042,1,NVIDIA A100-SXM-64GB,176.89,31922,100
422,2026-05-18 09:38:30.996624,2026/05/18 09:38:31.046,2,NVIDIA A100-SXM-64GB,181.82,31912,100
423,2026-05-18 09:38:30.996624,2026/05/18 09:38:31.049,3,NVIDIA A100-SXM-64GB,180.79,31846,100
424,2026-05-18 09:38:36.058910,2026/05/18 09:38:36.107,0,NVIDIA A100-SXM-64GB,179.46,31904,100
425,2026-05-18 09:38:36.058910,2026/05/18 09:38:36.109,1,NVIDIA A100-SXM-64GB,137.42,31922,100
426,2026-05-18 09:38:36.058910,2026/05/18 09:38:36.112,2,NVIDIA A100-SXM-64GB,208.20,31912,100
427,2026-05-18 09:38:36.058910,2026/05/18 09:38:36.114,3,NVIDIA A100-SXM-64GB,179.58,31846,100
428,2026-05-18 09:38:41.124242,2026/05/18 09:38:41.164,0,NVIDIA A100-SXM-64GB,178.52,31904,100
429,2026-05-18 09:38:41.124242,2026/05/18 09:38:41.166,1,NVIDIA A100-SXM-64GB,163.25,31922,100
430,2026-05-18 09:38:41.124242,2026/05/18 09:38:41.169,2,NVIDIA A100-SXM-64GB,183.36,31912,100
431,2026-05-18 09:38:41.124242,2026/05/18 09:38:41.171,3,NVIDIA A100-SXM-64GB,187.06,31846,100
432,2026-05-18 09:38:46.181853,2026/05/18 09:38:46.221,0,NVIDIA A100-SXM-64GB,154.52,31904,97
433,2026-05-18 09:38:46.181853,2026/05/18 09:38:46.226,1,NVIDIA A100-SXM-64GB,141.38,31922,97
434,2026-05-18 09:38:46.181853,2026/05/18 09:38:46.228,2,NVIDIA A100-SXM-64GB,149.48,31912,97
435,2026-05-18 09:38:46.181853,2026/05/18 09:38:46.231,3,NVIDIA A100-SXM-64GB,148.08,31846,97
436,2026-05-18 09:38:51.241062,2026/05/18 09:38:51.280,0,NVIDIA A100-SXM-64GB,188.35,31904,100
437,2026-05-18 09:38:51.241062,2026/05/18 09:38:51.282,1,NVIDIA A100-SXM-64GB,163.42,31922,100
438,2026-05-18 09:38:51.241062,2026/05/18 09:38:51.285,2,NVIDIA A100-SXM-64GB,183.97,31912,100
439,2026-05-18 09:38:51.241062,2026/05/18 09:38:51.287,3,NVIDIA A100-SXM-64GB,174.95,31846,100
440,2026-05-18 09:38:56.297284,2026/05/18 09:38:56.348,0,NVIDIA A100-SXM-64GB,181.59,31904,100
441,2026-05-18 09:38:56.297284,2026/05/18 09:38:56.351,1,NVIDIA A100-SXM-64GB,164.63,31922,98
442,2026-05-18 09:38:56.297284,2026/05/18 09:38:56.354,2,NVIDIA A100-SXM-64GB,179.07,31912,100
443,2026-05-18 09:38:56.297284,2026/05/18 09:38:56.356,3,NVIDIA A100-SXM-64GB,177.76,31846,100
444,2026-05-18 09:39:01.366786,2026/05/18 09:39:01.406,0,NVIDIA A100-SXM-64GB,205.16,31904,100
445,2026-05-18 09:39:01.366786,2026/05/18 09:39:01.411,1,NVIDIA A100-SXM-64GB,170.46,31922,100
446,2026-05-18 09:39:01.366786,2026/05/18 09:39:01.414,2,NVIDIA A100-SXM-64GB,173.56,31912,100
447,2026-05-18 09:39:01.366786,2026/05/18 09:39:01.417,3,NVIDIA A100-SXM-64GB,152.57,31846,100
448,2026-05-18 09:39:06.426833,2026/05/18 09:39:06.466,0,NVIDIA A100-SXM-64GB,193.84,31904,100
449,2026-05-18 09:39:06.426833,2026/05/18 09:39:06.468,1,NVIDIA A100-SXM-64GB,183.60,31922,100
450,2026-05-18 09:39:06.426833,2026/05/18 09:39:06.472,2,NVIDIA A100-SXM-64GB,183.97,31912,100
451,2026-05-18 09:39:06.426833,2026/05/18 09:39:06.475,3,NVIDIA A100-SXM-64GB,170.38,31846,100
452,2026-05-18 09:39:11.484883,2026/05/18 09:39:11.524,0,NVIDIA A100-SXM-64GB,178.52,31904,100
453,2026-05-18 09:39:11.484883,2026/05/18 09:39:11.526,1,NVIDIA A100-SXM-64GB,169.52,31922,100
454,2026-05-18 09:39:11.484883,2026/05/18 09:39:11.529,2,NVIDIA A100-SXM-64GB,184.63,31912,100
455,2026-05-18 09:39:11.484883,2026/05/18 09:39:11.532,3,NVIDIA A100-SXM-64GB,156.87,31846,100
456,2026-05-18 09:39:16.542238,2026/05/18 09:39:16.583,0,NVIDIA A100-SXM-64GB,159.57,31904,98
457,2026-05-18 09:39:16.542238,2026/05/18 09:39:16.585,1,NVIDIA A100-SXM-64GB,148.14,31922,98
458,2026-05-18 09:39:16.542238,2026/05/18 09:39:16.588,2,NVIDIA A100-SXM-64GB,147.18,31912,98
459,2026-05-18 09:39:16.542238,2026/05/18 09:39:16.590,3,NVIDIA A100-SXM-64GB,145.79,31846,100
460,2026-05-18 09:39:21.600651,2026/05/18 09:39:21.654,0,NVIDIA A100-SXM-64GB,140.78,31904,100
461,2026-05-18 09:39:21.600651,2026/05/18 09:39:21.656,1,NVIDIA A100-SXM-64GB,218.88,31922,100
462,2026-05-18 09:39:21.600651,2026/05/18 09:39:21.661,2,NVIDIA A100-SXM-64GB,135.36,31912,100
463,2026-05-18 09:39:21.600651,2026/05/18 09:39:21.664,3,NVIDIA A100-SXM-64GB,144.90,31846,98
464,2026-05-18 09:39:26.673873,2026/05/18 09:39:26.713,0,NVIDIA A100-SXM-64GB,197.19,31904,100
465,2026-05-18 09:39:26.673873,2026/05/18 09:39:26.715,1,NVIDIA A100-SXM-64GB,176.71,31922,100
466,2026-05-18 09:39:26.673873,2026/05/18 09:39:26.720,2,NVIDIA A100-SXM-64GB,188.08,31912,100
467,2026-05-18 09:39:26.673873,2026/05/18 09:39:26.723,3,NVIDIA A100-SXM-64GB,168.83,31846,100
468,2026-05-18 09:39:31.733110,2026/05/18 09:39:31.772,0,NVIDIA A100-SXM-64GB,188.35,31904,100
469,2026-05-18 09:39:31.733110,2026/05/18 09:39:31.774,1,NVIDIA A100-SXM-64GB,178.10,31922,100
470,2026-05-18 09:39:31.733110,2026/05/18 09:39:31.779,2,NVIDIA A100-SXM-64GB,175.10,31912,100
471,2026-05-18 09:39:31.733110,2026/05/18 09:39:31.782,3,NVIDIA A100-SXM-64GB,174.95,31846,100
472,2026-05-18 09:39:36.792311,2026/05/18 09:39:36.832,0,NVIDIA A100-SXM-64GB,154.69,31904,98
473,2026-05-18 09:39:36.792311,2026/05/18 09:39:36.834,1,NVIDIA A100-SXM-64GB,145.67,31922,99
474,2026-05-18 09:39:36.792311,2026/05/18 09:39:36.837,2,NVIDIA A100-SXM-64GB,147.51,31912,98
475,2026-05-18 09:39:36.792311,2026/05/18 09:39:36.839,3,NVIDIA A100-SXM-64GB,147.33,31846,98
476,2026-05-18 09:39:41.850060,2026/05/18 09:39:41.889,0,NVIDIA A100-SXM-64GB,154.36,31904,100
477,2026-05-18 09:39:41.850060,2026/05/18 09:39:41.891,1,NVIDIA A100-SXM-64GB,145.99,31922,98
478,2026-05-18 09:39:41.850060,2026/05/18 09:39:41.894,2,NVIDIA A100-SXM-64GB,150.59,31912,100
479,2026-05-18 09:39:41.850060,2026/05/18 09:39:41.896,3,NVIDIA A100-SXM-64GB,147.66,31846,98
480,2026-05-18 09:39:46.908571,2026/05/18 09:39:46.948,0,NVIDIA A100-SXM-64GB,155.18,31904,100
481,2026-05-18 09:39:46.908571,2026/05/18 09:39:46.952,1,NVIDIA A100-SXM-64GB,170.78,31922,100
482,2026-05-18 09:39:46.908571,2026/05/18 09:39:46.954,2,NVIDIA A100-SXM-64GB,175.10,31912,100
483,2026-05-18 09:39:46.908571,2026/05/18 09:39:46.957,3,NVIDIA A100-SXM-64GB,174.07,31846,100
484,2026-05-18 09:39:51.974722,2026/05/18 09:39:52.014,0,NVIDIA A100-SXM-64GB,180.05,31904,100
485,2026-05-18 09:39:51.974722,2026/05/18 09:39:52.016,1,NVIDIA A100-SXM-64GB,185.46,31922,100
486,2026-05-18 09:39:51.974722,2026/05/18 09:39:52.021,2,NVIDIA A100-SXM-64GB,157.65,31912,100
487,2026-05-18 09:39:51.974722,2026/05/18 09:39:52.024,3,NVIDIA A100-SXM-64GB,202.70,31846,98
488,2026-05-18 09:39:57.033977,2026/05/18 09:39:57.073,0,NVIDIA A100-SXM-64GB,161.44,31904,100
489,2026-05-18 09:39:57.033977,2026/05/18 09:39:57.075,1,NVIDIA A100-SXM-64GB,150.56,31922,100
490,2026-05-18 09:39:57.033977,2026/05/18 09:39:57.078,2,NVIDIA A100-SXM-64GB,173.56,31912,100
491,2026-05-18 09:39:57.033977,2026/05/18 09:39:57.081,3,NVIDIA A100-SXM-64GB,162.98,31846,100
492,2026-05-18 09:40:02.091032,2026/05/18 09:40:02.130,0,NVIDIA A100-SXM-64GB,157.76,31904,98
493,2026-05-18 09:40:02.091032,2026/05/18 09:40:02.132,1,NVIDIA A100-SXM-64GB,141.38,31922,98
494,2026-05-18 09:40:02.091032,2026/05/18 09:40:02.135,2,NVIDIA A100-SXM-64GB,154.84,31912,98
495,2026-05-18 09:40:02.091032,2026/05/18 09:40:02.138,3,NVIDIA A100-SXM-64GB,141.49,31846,100
496,2026-05-18 09:40:07.149020,2026/05/18 09:40:07.188,0,NVIDIA A100-SXM-64GB,154.24,31904,99
497,2026-05-18 09:40:07.149020,2026/05/18 09:40:07.190,1,NVIDIA A100-SXM-64GB,142.32,31922,99
498,2026-05-18 09:40:07.149020,2026/05/18 09:40:07.193,2,NVIDIA A100-SXM-64GB,153.95,31912,97
499,2026-05-18 09:40:07.149020,2026/05/18 09:40:07.195,3,NVIDIA A100-SXM-64GB,142.75,31846,100
500,2026-05-18 09:40:12.209164,2026/05/18 09:40:12.249,0,NVIDIA A100-SXM-64GB,194.45,31904,100
501,2026-05-18 09:40:12.209164,2026/05/18 09:40:12.251,1,NVIDIA A100-SXM-64GB,164.36,31922,100
502,2026-05-18 09:40:12.209164,2026/05/18 09:40:12.254,2,NVIDIA A100-SXM-64GB,184.30,31912,100
503,2026-05-18 09:40:12.209164,2026/05/18 09:40:12.256,3,NVIDIA A100-SXM-64GB,147.33,31846,100
504,2026-05-18 09:40:17.267178,2026/05/18 09:40:17.307,0,NVIDIA A100-SXM-64GB,175.35,31904,100
505,2026-05-18 09:40:17.267178,2026/05/18 09:40:17.309,1,NVIDIA A100-SXM-64GB,162.21,31922,100
506,2026-05-18 09:40:17.267178,2026/05/18 09:40:17.314,2,NVIDIA A100-SXM-64GB,178.79,31912,98
507,2026-05-18 09:40:17.267178,2026/05/18 09:40:17.317,3,NVIDIA A100-SXM-64GB,157.81,31846,100
508,2026-05-18 09:40:22.328057,2026/05/18 09:40:22.367,0,NVIDIA A100-SXM-64GB,155.18,31904,98
509,2026-05-18 09:40:22.328057,2026/05/18 09:40:22.370,1,NVIDIA A100-SXM-64GB,147.20,31922,98
510,2026-05-18 09:40:22.328057,2026/05/18 09:40:22.373,2,NVIDIA A100-SXM-64GB,148.12,31912,100
511,2026-05-18 09:40:22.328057,2026/05/18 09:40:22.376,3,NVIDIA A100-SXM-64GB,145.17,31846,98
512,2026-05-18 09:40:27.385997,2026/05/18 09:40:27.425,0,NVIDIA A100-SXM-64GB,153.15,31904,98
513,2026-05-18 09:40:27.385997,2026/05/18 09:40:27.427,1,NVIDIA A100-SXM-64GB,141.71,31922,98
514,2026-05-18 09:40:27.385997,2026/05/18 09:40:27.430,2,NVIDIA A100-SXM-64GB,149.93,31912,100
515,2026-05-18 09:40:27.385997,2026/05/18 09:40:27.433,3,NVIDIA A100-SXM-64GB,143.63,31846,98
516,2026-05-18 09:40:32.444342,2026/05/18 09:40:32.484,0,NVIDIA A100-SXM-64GB,162.65,31904,100
517,2026-05-18 09:40:32.444342,2026/05/18 09:40:32.488,1,NVIDIA A100-SXM-64GB,180.66,31922,100
518,2026-05-18 09:40:32.444342,2026/05/18 09:40:32.491,2,NVIDIA A100-SXM-64GB,154.84,31912,100
519,2026-05-18 09:40:32.444342,2026/05/18 09:40:32.493,3,NVIDIA A100-SXM-64GB,173.74,31846,100
520,2026-05-18 09:40:37.504478,2026/05/18 09:40:37.544,0,NVIDIA A100-SXM-64GB,186.02,31904,98
521,2026-05-18 09:40:37.504478,2026/05/18 09:40:37.548,1,NVIDIA A100-SXM-64GB,148.41,31922,98
522,2026-05-18 09:40:37.504478,2026/05/18 09:40:37.551,2,NVIDIA A100-SXM-64GB,191.77,31912,100
523,2026-05-18 09:40:37.504478,2026/05/18 09:40:37.553,3,NVIDIA A100-SXM-64GB,135.70,31846,100
524,2026-05-18 09:40:42.563744,2026/05/18 09:40:42.604,0,NVIDIA A100-SXM-64GB,237.63,31904,97
525,2026-05-18 09:40:42.563744,2026/05/18 09:40:42.607,1,NVIDIA A100-SXM-64GB,146.60,31922,97
526,2026-05-18 09:40:42.563744,2026/05/18 09:40:42.609,2,NVIDIA A100-SXM-64GB,147.33,31912,98
527,2026-05-18 09:40:42.563744,2026/05/18 09:40:42.611,3,NVIDIA A100-SXM-64GB,134.57,31846,97
528,2026-05-18 09:40:47.621513,2026/05/18 09:40:47.661,0,NVIDIA A100-SXM-64GB,194.45,31904,100
529,2026-05-18 09:40:47.621513,2026/05/18 09:40:47.663,1,NVIDIA A100-SXM-64GB,176.89,31922,100
530,2026-05-18 09:40:47.621513,2026/05/18 09:40:47.666,2,NVIDIA A100-SXM-64GB,184.30,31912,100
531,2026-05-18 09:40:47.621513,2026/05/18 09:40:47.669,3,NVIDIA A100-SXM-64GB,176.49,31846,100
532,2026-05-18 09:40:52.682469,2026/05/18 09:40:52.734,0,NVIDIA A100-SXM-64GB,172.43,31904,100
533,2026-05-18 09:40:52.682469,2026/05/18 09:40:52.736,1,NVIDIA A100-SXM-64GB,164.79,31922,100
534,2026-05-18 09:40:52.682469,2026/05/18 09:40:52.739,2,NVIDIA A100-SXM-64GB,167.11,31912,100
535,2026-05-18 09:40:52.682469,2026/05/18 09:40:52.741,3,NVIDIA A100-SXM-64GB,167.28,31846,100
536,2026-05-18 09:40:57.751526,2026/05/18 09:40:57.791,0,NVIDIA A100-SXM-64GB,155.02,31904,98
537,2026-05-18 09:40:57.751526,2026/05/18 09:40:57.795,1,NVIDIA A100-SXM-64GB,146.60,31922,98
538,2026-05-18 09:40:57.751526,2026/05/18 09:40:57.797,2,NVIDIA A100-SXM-64GB,152.08,31912,98
539,2026-05-18 09:40:57.751526,2026/05/18 09:40:57.800,3,NVIDIA A100-SXM-64GB,146.44,31846,98
540,2026-05-18 09:41:02.810204,2026/05/18 09:41:02.849,0,NVIDIA A100-SXM-64GB,154.24,31904,98
541,2026-05-18 09:41:02.810204,2026/05/18 09:41:02.854,1,NVIDIA A100-SXM-64GB,146.88,31922,98
542,2026-05-18 09:41:02.810204,2026/05/18 09:41:02.858,2,NVIDIA A100-SXM-64GB,197.47,31912,98
543,2026-05-18 09:41:02.810204,2026/05/18 09:41:02.862,3,NVIDIA A100-SXM-64GB,143.63,31846,100
544,2026-05-18 09:41:07.872814,2026/05/18 09:41:07.912,0,NVIDIA A100-SXM-64GB,181.59,31904,100
545,2026-05-18 09:41:07.872814,2026/05/18 09:41:07.916,1,NVIDIA A100-SXM-64GB,156.99,31922,100
546,2026-05-18 09:41:07.872814,2026/05/18 09:41:07.919,2,NVIDIA A100-SXM-64GB,154.55,31912,100
547,2026-05-18 09:41:07.872814,2026/05/18 09:41:07.921,3,NVIDIA A100-SXM-64GB,174.35,31846,100
548,2026-05-18 09:41:12.931604,2026/05/18 09:41:12.971,0,NVIDIA A100-SXM-64GB,196.26,31904,8
549,2026-05-18 09:41:12.931604,2026/05/18 09:41:12.976,1,NVIDIA A100-SXM-64GB,144.13,31922,18
550,2026-05-18 09:41:12.931604,2026/05/18 09:41:12.979,2,NVIDIA A100-SXM-64GB,202.70,31912,89
551,2026-05-18 09:41:12.931604,2026/05/18 09:41:12.990,3,NVIDIA A100-SXM-64GB,140.27,31846,26
552,2026-05-18 09:41:18.001111,2026/05/18 09:41:18.040,0,NVIDIA A100-SXM-64GB,160.51,31904,100
553,2026-05-18 09:41:18.001111,2026/05/18 09:41:18.042,1,NVIDIA A100-SXM-64GB,177.22,31922,100
554,2026-05-18 09:41:18.001111,2026/05/18 09:41:18.045,2,NVIDIA A100-SXM-64GB,164.70,31912,100
555,2026-05-18 09:41:18.001111,2026/05/18 09:41:18.047,3,NVIDIA A100-SXM-64GB,166.08,31846,100
556,2026-05-18 09:41:23.060217,2026/05/18 09:41:23.100,0,NVIDIA A100-SXM-64GB,144.13,31904,98
557,2026-05-18 09:41:23.060217,2026/05/18 09:41:23.102,1,NVIDIA A100-SXM-64GB,143.85,31922,98
558,2026-05-18 09:41:23.060217,2026/05/18 09:41:23.105,2,NVIDIA A100-SXM-64GB,146.29,31912,98
559,2026-05-18 09:41:23.060217,2026/05/18 09:41:23.107,3,NVIDIA A100-SXM-64GB,143.17,31846,98
560,2026-05-18 09:41:28.117924,2026/05/18 09:41:28.157,0,NVIDIA A100-SXM-64GB,149.35,31904,97
561,2026-05-18 09:41:28.117924,2026/05/18 09:41:28.159,1,NVIDIA A100-SXM-64GB,142.59,31922,97
562,2026-05-18 09:41:28.117924,2026/05/18 09:41:28.162,2,NVIDIA A100-SXM-64GB,150.26,31912,97
563,2026-05-18 09:41:28.117924,2026/05/18 09:41:28.164,3,NVIDIA A100-SXM-64GB,143.63,31846,97
564,2026-05-18 09:41:33.177102,2026/05/18 09:41:33.217,0,NVIDIA A100-SXM-64GB,171.67,31904,100
565,2026-05-18 09:41:33.177102,2026/05/18 09:41:33.219,1,NVIDIA A100-SXM-64GB,173.21,31922,100
566,2026-05-18 09:41:33.177102,2026/05/18 09:41:33.222,2,NVIDIA A100-SXM-64GB,184.30,31912,100
567,2026-05-18 09:41:33.177102,2026/05/18 09:41:33.224,3,NVIDIA A100-SXM-64GB,174.95,31846,100
568,2026-05-18 09:41:38.234626,2026/05/18 09:41:38.274,0,NVIDIA A100-SXM-64GB,169.68,31904,100
569,2026-05-18 09:41:38.234626,2026/05/18 09:41:38.276,1,NVIDIA A100-SXM-64GB,173.81,31922,100
570,2026-05-18 09:41:38.234626,2026/05/18 09:41:38.279,2,NVIDIA A100-SXM-64GB,179.40,31912,100
571,2026-05-18 09:41:38.234626,2026/05/18 09:41:38.281,3,NVIDIA A100-SXM-64GB,171.92,31846,100
572,2026-05-18 09:41:43.292033,2026/05/18 09:41:43.331,0,NVIDIA A100-SXM-64GB,155.02,31904,100
573,2026-05-18 09:41:43.292033,2026/05/18 09:41:43.337,1,NVIDIA A100-SXM-64GB,149.02,31922,100
574,2026-05-18 09:41:43.292033,2026/05/18 09:41:43.339,2,NVIDIA A100-SXM-64GB,153.01,31912,98
575,2026-05-18 09:41:43.292033,2026/05/18 09:41:43.342,3,NVIDIA A100-SXM-64GB,146.73,31846,100
576,2026-05-18 09:41:48.352639,2026/05/18 09:41:48.392,0,NVIDIA A100-SXM-64GB,184.67,31904,100
577,2026-05-18 09:41:48.352639,2026/05/18 09:41:48.397,1,NVIDIA A100-SXM-64GB,171.07,31922,100
578,2026-05-18 09:41:48.352639,2026/05/18 09:41:48.399,2,NVIDIA A100-SXM-64GB,151.47,31912,98
579,2026-05-18 09:41:48.352639,2026/05/18 09:41:48.402,3,NVIDIA A100-SXM-64GB,166.08,31846,100
580,2026-05-18 09:41:53.412820,2026/05/18 09:41:53.452,0,NVIDIA A100-SXM-64GB,175.50,31904,100
581,2026-05-18 09:41:53.412820,2026/05/18 09:41:53.458,1,NVIDIA A100-SXM-64GB,179.46,31922,100
582,2026-05-18 09:41:53.412820,2026/05/18 09:41:53.460,2,NVIDIA A100-SXM-64GB,177.25,31912,100
583,2026-05-18 09:41:53.412820,2026/05/18 09:41:53.462,3,NVIDIA A100-SXM-64GB,145.79,31846,100
584,2026-05-18 09:41:58.473393,2026/05/18 09:41:58.513,0,NVIDIA A100-SXM-64GB,143.53,31904,100
585,2026-05-18 09:41:58.473393,2026/05/18 09:41:58.515,1,NVIDIA A100-SXM-64GB,141.38,31922,100
586,2026-05-18 09:41:58.473393,2026/05/18 09:41:58.518,2,NVIDIA A100-SXM-64GB,152.41,31912,98
587,2026-05-18 09:41:58.473393,2026/05/18 09:41:58.520,3,NVIDIA A100-SXM-64GB,140.27,31846,100
588,2026-05-18 09:42:03.530878,2026/05/18 09:42:03.570,0,NVIDIA A100-SXM-64GB,142.32,31904,99
589,2026-05-18 09:42:03.530878,2026/05/18 09:42:03.572,1,NVIDIA A100-SXM-64GB,140.17,31922,98
590,2026-05-18 09:42:03.530878,2026/05/18 09:42:03.576,2,NVIDIA A100-SXM-64GB,148.12,31912,96
591,2026-05-18 09:42:03.530878,2026/05/18 09:42:03.578,3,NVIDIA A100-SXM-64GB,143.36,31846,98
592,2026-05-18 09:42:08.589309,2026/05/18 09:42:08.640,0,NVIDIA A100-SXM-64GB,195.37,31904,96
593,2026-05-18 09:42:08.589309,2026/05/18 09:42:08.643,1,NVIDIA A100-SXM-64GB,169.52,31922,98
594,2026-05-18 09:42:08.589309,2026/05/18 09:42:08.661,2,NVIDIA A100-SXM-64GB,147.78,31912,64
595,2026-05-18 09:42:08.589309,2026/05/18 09:42:08.665,3,NVIDIA A100-SXM-64GB,189.12,31846,100
596,2026-05-18 09:42:13.679586,2026/05/18 09:42:13.719,0,NVIDIA A100-SXM-64GB,185.27,31904,100
597,2026-05-18 09:42:13.679586,2026/05/18 09:42:13.721,1,NVIDIA A100-SXM-64GB,172.27,31922,100
598,2026-05-18 09:42:13.679586,2026/05/18 09:42:13.724,2,NVIDIA A100-SXM-64GB,168.83,31912,100
599,2026-05-18 09:42:13.679586,2026/05/18 09:42:13.726,3,NVIDIA A100-SXM-64GB,161.77,31846,100
600,2026-05-18 09:42:18.739344,2026/05/18 09:42:18.779,0,NVIDIA A100-SXM-64GB,173.35,31904,100
601,2026-05-18 09:42:18.739344,2026/05/18 09:42:18.781,1,NVIDIA A100-SXM-64GB,163.09,31922,100
602,2026-05-18 09:42:18.739344,2026/05/18 09:42:18.784,2,NVIDIA A100-SXM-64GB,172.96,31912,100
603,2026-05-18 09:42:18.739344,2026/05/18 09:42:18.786,3,NVIDIA A100-SXM-64GB,177.43,31846,100
604,2026-05-18 09:42:23.800586,2026/05/18 09:42:23.840,0,NVIDIA A100-SXM-64GB,187.69,31904,100
605,2026-05-18 09:42:23.800586,2026/05/18 09:42:23.842,1,NVIDIA A100-SXM-64GB,177.65,31922,100
606,2026-05-18 09:42:23.800586,2026/05/18 09:42:23.845,2,NVIDIA A100-SXM-64GB,179.40,31912,100
607,2026-05-18 09:42:23.800586,2026/05/18 09:42:23.847,3,NVIDIA A100-SXM-64GB,162.71,31846,100
608,2026-05-18 09:42:28.859670,2026/05/18 09:42:28.899,0,NVIDIA A100-SXM-64GB,188.02,31904,100
609,2026-05-18 09:42:28.859670,2026/05/18 09:42:28.901,1,NVIDIA A100-SXM-64GB,159.46,31922,100
610,2026-05-18 09:42:28.859670,2026/05/18 09:42:28.904,2,NVIDIA A100-SXM-64GB,147.51,31912,98
611,2026-05-18 09:42:28.859670,2026/05/18 09:42:28.906,3,NVIDIA A100-SXM-64GB,175.28,31846,100
612,2026-05-18 09:42:33.919033,2026/05/18 09:42:33.958,0,NVIDIA A100-SXM-64GB,176.10,31904,100
613,2026-05-18 09:42:33.919033,2026/05/18 09:42:33.960,1,NVIDIA A100-SXM-64GB,187.08,31922,100
614,2026-05-18 09:42:33.919033,2026/05/18 09:42:33.963,2,NVIDIA A100-SXM-64GB,195.65,31912,100
615,2026-05-18 09:42:33.919033,2026/05/18 09:42:33.965,3,NVIDIA A100-SXM-64GB,172.80,31846,100
616,2026-05-18 09:42:38.977717,2026/05/18 09:42:39.017,0,NVIDIA A100-SXM-64GB,176.89,31904,100
617,2026-05-18 09:42:38.977717,2026/05/18 09:42:39.019,1,NVIDIA A100-SXM-64GB,156.66,31922,100
618,2026-05-18 09:42:38.977717,2026/05/18 09:42:39.022,2,NVIDIA A100-SXM-64GB,186.12,31912,100
619,2026-05-18 09:42:38.977717,2026/05/18 09:42:39.024,3,NVIDIA A100-SXM-64GB,160.56,31846,100
620,2026-05-18 09:42:44.038032,2026/05/18 09:42:44.077,0,NVIDIA A100-SXM-64GB,157.32,31904,98
621,2026-05-18 09:42:44.038032,2026/05/18 09:42:44.080,1,NVIDIA A100-SXM-64GB,143.85,31922,98
622,2026-05-18 09:42:44.038032,2026/05/18 09:42:44.083,2,NVIDIA A100-SXM-64GB,149.33,31912,98
623,2026-05-18 09:42:44.038032,2026/05/18 09:42:44.086,3,NVIDIA A100-SXM-64GB,147.93,31846,100
624,2026-05-18 09:42:49.096733,2026/05/18 09:42:49.136,0,NVIDIA A100-SXM-64GB,156.66,31904,97
625,2026-05-18 09:42:49.096733,2026/05/18 09:42:49.138,1,NVIDIA A100-SXM-64GB,147.20,31922,100
626,2026-05-18 09:42:49.096733,2026/05/18 09:42:49.144,2,NVIDIA A100-SXM-64GB,153.95,31912,97
627,2026-05-18 09:42:49.096733,2026/05/18 09:42:49.146,3,NVIDIA A100-SXM-64GB,147.93,31846,100
628,2026-05-18 09:42:54.157591,2026/05/18 09:42:54.197,0,NVIDIA A100-SXM-64GB,184.67,31904,100
629,2026-05-18 09:42:54.157591,2026/05/18 09:42:54.200,1,NVIDIA A100-SXM-64GB,176.89,31922,100
630,2026-05-18 09:42:54.157591,2026/05/18 09:42:54.206,2,NVIDIA A100-SXM-64GB,172.62,31912,100
631,2026-05-18 09:42:54.157591,2026/05/18 09:42:54.208,3,NVIDIA A100-SXM-64GB,182.01,31846,100
632,2026-05-18 09:42:59.219087,2026/05/18 09:42:59.258,0,NVIDIA A100-SXM-64GB,188.96,31904,100
633,2026-05-18 09:42:59.219087,2026/05/18 09:42:59.262,1,NVIDIA A100-SXM-64GB,167.98,31922,100
634,2026-05-18 09:42:59.219087,2026/05/18 09:42:59.267,2,NVIDIA A100-SXM-64GB,192.56,31912,100
635,2026-05-18 09:42:59.219087,2026/05/18 09:42:59.269,3,NVIDIA A100-SXM-64GB,157.81,31846,100
636,2026-05-18 09:43:04.280665,2026/05/18 09:43:04.320,0,NVIDIA A100-SXM-64GB,95.25,31904,9
637,2026-05-18 09:43:04.280665,2026/05/18 09:43:04.323,1,NVIDIA A100-SXM-64GB,81.76,31922,11
638,2026-05-18 09:43:04.280665,2026/05/18 09:43:04.346,2,NVIDIA A100-SXM-64GB,100.68,31912,48
639,2026-05-18 09:43:04.280665,2026/05/18 09:43:04.359,3,NVIDIA A100-SXM-64GB,140.60,31846,14
640,2026-05-18 09:43:09.370424,2026/05/18 09:43:09.410,0,NVIDIA A100-SXM-64GB,159.46,31904,98
641,2026-05-18 09:43:09.370424,2026/05/18 09:43:09.412,1,NVIDIA A100-SXM-64GB,146.60,31922,98
642,2026-05-18 09:43:09.370424,2026/05/18 09:43:09.415,2,NVIDIA A100-SXM-64GB,152.41,31912,98
643,2026-05-18 09:43:09.370424,2026/05/18 09:43:09.421,3,NVIDIA A100-SXM-64GB,145.51,31846,98
644,2026-05-18 09:43:14.432468,2026/05/18 09:43:14.472,0,NVIDIA A100-SXM-64GB,172.93,31904,100
645,2026-05-18 09:43:14.432468,2026/05/18 09:43:14.474,1,NVIDIA A100-SXM-64GB,147.03,31922,100
646,2026-05-18 09:43:14.432468,2026/05/18 09:43:14.477,2,NVIDIA A100-SXM-64GB,176.64,31912,100
647,2026-05-18 09:43:14.432468,2026/05/18 09:43:14.481,3,NVIDIA A100-SXM-64GB,145.93,31846,100
648,2026-05-18 09:43:19.491640,2026/05/18 09:43:19.531,0,NVIDIA A100-SXM-64GB,189.23,31904,100
649,2026-05-18 09:43:19.491640,2026/05/18 09:43:19.533,1,NVIDIA A100-SXM-64GB,165.57,31922,100
650,2026-05-18 09:43:19.491640,2026/05/18 09:43:19.536,2,NVIDIA A100-SXM-64GB,171.42,31912,100
651,2026-05-18 09:43:19.491640,2026/05/18 09:43:19.540,3,NVIDIA A100-SXM-64GB,186.12,31846,100
652,2026-05-18 09:43:24.551040,2026/05/18 09:43:24.590,0,NVIDIA A100-SXM-64GB,145.07,31904,100
653,2026-05-18 09:43:24.551040,2026/05/18 09:43:24.592,1,NVIDIA A100-SXM-64GB,128.04,31922,100
654,2026-05-18 09:43:24.551040,2026/05/18 09:43:24.596,2,NVIDIA A100-SXM-64GB,203.63,31912,98
655,2026-05-18 09:43:24.551040,2026/05/18 09:43:24.599,3,NVIDIA A100-SXM-64GB,146.11,31846,97
656,2026-05-18 09:43:29.610695,2026/05/18 09:43:29.650,0,NVIDIA A100-SXM-64GB,143.53,31904,100
657,2026-05-18 09:43:29.610695,2026/05/18 09:43:29.652,1,NVIDIA A100-SXM-64GB,132.81,31922,100
658,2026-05-18 09:43:29.610695,2026/05/18 09:43:29.657,2,NVIDIA A100-SXM-64GB,151.80,31912,100
659,2026-05-18 09:43:29.610695,2026/05/18 09:43:29.666,3,NVIDIA A100-SXM-64GB,144.12,31846,100
660,2026-05-18 09:43:34.679401,2026/05/18 09:43:34.720,0,NVIDIA A100-SXM-64GB,158.20,31904,100
661,2026-05-18 09:43:34.679401,2026/05/18 09:43:34.725,1,NVIDIA A100-SXM-64GB,142.92,31922,100
662,2026-05-18 09:43:34.679401,2026/05/18 09:43:34.727,2,NVIDIA A100-SXM-64GB,154.23,31912,99
663,2026-05-18 09:43:34.679401,2026/05/18 09:43:34.730,3,NVIDIA A100-SXM-64GB,145.66,31846,100
664,2026-05-18 09:43:39.741413,2026/05/18 09:43:39.782,0,NVIDIA A100-SXM-64GB,199.94,31904,100
665,2026-05-18 09:43:39.741413,2026/05/18 09:43:39.788,1,NVIDIA A100-SXM-64GB,189.83,31922,100
666,2026-05-18 09:43:39.741413,2026/05/18 09:43:39.790,2,NVIDIA A100-SXM-64GB,211.08,31912,100
667,2026-05-18 09:43:39.741413,2026/05/18 09:43:39.793,3,NVIDIA A100-SXM-64GB,162.71,31846,100
668,2026-05-18 09:43:44.804304,2026/05/18 09:43:44.844,0,NVIDIA A100-SXM-64GB,167.11,31904,99
669,2026-05-18 09:43:44.804304,2026/05/18 09:43:44.846,1,NVIDIA A100-SXM-64GB,140.92,31922,99
670,2026-05-18 09:43:44.804304,2026/05/18 09:43:44.849,2,NVIDIA A100-SXM-64GB,138.45,31912,100
671,2026-05-18 09:43:44.804304,2026/05/18 09:43:44.851,3,NVIDIA A100-SXM-64GB,160.12,31846,100
672,2026-05-18 09:43:49.863107,2026/05/18 09:43:49.903,0,NVIDIA A100-SXM-64GB,157.60,31904,100
673,2026-05-18 09:43:49.863107,2026/05/18 09:43:49.905,1,NVIDIA A100-SXM-64GB,161.27,31922,100
674,2026-05-18 09:43:49.863107,2026/05/18 09:43:49.908,2,NVIDIA A100-SXM-64GB,176.04,31912,100
675,2026-05-18 09:43:49.863107,2026/05/18 09:43:49.910,3,NVIDIA A100-SXM-64GB,153.17,31846,100
676,2026-05-18 09:43:54.921772,2026/05/18 09:43:54.961,0,NVIDIA A100-SXM-64GB,186.81,31904,100
677,2026-05-18 09:43:54.921772,2026/05/18 09:43:54.963,1,NVIDIA A100-SXM-64GB,169.85,31922,100
678,2026-05-18 09:43:54.921772,2026/05/18 09:43:54.966,2,NVIDIA A100-SXM-64GB,191.08,31912,100
679,2026-05-18 09:43:54.921772,2026/05/18 09:43:54.968,3,NVIDIA A100-SXM-64GB,182.34,31846,100
680,2026-05-18 09:43:59.979358,2026/05/18 09:44:00.019,0,NVIDIA A100-SXM-64GB,158.36,31904,100
681,2026-05-18 09:43:59.979358,2026/05/18 09:44:00.021,1,NVIDIA A100-SXM-64GB,170.13,31922,100
682,2026-05-18 09:43:59.979358,2026/05/18 09:44:00.027,2,NVIDIA A100-SXM-64GB,180.61,31912,100
683,2026-05-18 09:43:59.979358,2026/05/18 09:44:00.030,3,NVIDIA A100-SXM-64GB,157.14,31846,100
684,2026-05-18 09:44:05.041239,2026/05/18 09:44:05.091,0,NVIDIA A100-SXM-64GB,214.32,31904,100
685,2026-05-18 09:44:05.041239,2026/05/18 09:44:05.094,1,NVIDIA A100-SXM-64GB,167.38,31922,100
686,2026-05-18 09:44:05.041239,2026/05/18 09:44:05.097,2,NVIDIA A100-SXM-64GB,146.90,31912,100
687,2026-05-18 09:44:05.041239,2026/05/18 09:44:05.099,3,NVIDIA A100-SXM-64GB,189.73,31846,98
688,2026-05-18 09:44:10.110239,2026/05/18 09:44:10.149,0,NVIDIA A100-SXM-64GB,206.96,31904,100
689,2026-05-18 09:44:10.110239,2026/05/18 09:44:10.151,1,NVIDIA A100-SXM-64GB,153.64,31922,100
690,2026-05-18 09:44:10.110239,2026/05/18 09:44:10.154,2,NVIDIA A100-SXM-64GB,145.79,31912,97
691,2026-05-18 09:44:10.110239,2026/05/18 09:44:10.157,3,NVIDIA A100-SXM-64GB,144.44,31846,97
692,2026-05-18 09:44:15.168553,2026/05/18 09:44:15.208,0,NVIDIA A100-SXM-64GB,188.02,31904,100
693,2026-05-18 09:44:15.168553,2026/05/18 09:44:15.210,1,NVIDIA A100-SXM-64GB,177.83,31922,100
694,2026-05-18 09:44:15.168553,2026/05/18 09:44:15.213,2,NVIDIA A100-SXM-64GB,196.26,31912,100
695,2026-05-18 09:44:15.168553,2026/05/18 09:44:15.215,3,NVIDIA A100-SXM-64GB,179.86,31846,100
696,2026-05-18 09:44:20.226846,2026/05/18 09:44:20.266,0,NVIDIA A100-SXM-64GB,174.74,31904,100
697,2026-05-18 09:44:20.226846,2026/05/18 09:44:20.268,1,NVIDIA A100-SXM-64GB,165.84,31922,100
698,2026-05-18 09:44:20.226846,2026/05/18 09:44:20.272,2,NVIDIA A100-SXM-64GB,171.59,31912,100
699,2026-05-18 09:44:20.226846,2026/05/18 09:44:20.275,3,NVIDIA A100-SXM-64GB,176.22,31846,100
700,2026-05-18 09:44:25.285906,2026/05/18 09:44:25.325,0,NVIDIA A100-SXM-64GB,159.91,31904,100
701,2026-05-18 09:44:25.285906,2026/05/18 09:44:25.328,1,NVIDIA A100-SXM-64GB,147.20,31922,100
702,2026-05-18 09:44:25.285906,2026/05/18 09:44:25.332,2,NVIDIA A100-SXM-64GB,153.34,31912,98
703,2026-05-18 09:44:25.285906,2026/05/18 09:44:25.335,3,NVIDIA A100-SXM-64GB,146.73,31846,98
704,2026-05-18 09:44:30.346736,2026/05/18 09:44:30.387,0,NVIDIA A100-SXM-64GB,157.76,31904,100
705,2026-05-18 09:44:30.346736,2026/05/18 09:44:30.389,1,NVIDIA A100-SXM-64GB,145.67,31922,100
706,2026-05-18 09:44:30.346736,2026/05/18 09:44:30.393,2,NVIDIA A100-SXM-64GB,153.01,31912,98
707,2026-05-18 09:44:30.346736,2026/05/18 09:44:30.396,3,NVIDIA A100-SXM-64GB,148.87,31846,100
708,2026-05-18 09:44:35.407610,2026/05/18 09:44:35.447,0,NVIDIA A100-SXM-64GB,182.53,31904,100
709,2026-05-18 09:44:35.407610,2026/05/18 09:44:35.449,1,NVIDIA A100-SXM-64GB,160.07,31922,100
710,2026-05-18 09:44:35.407610,2026/05/18 09:44:35.453,2,NVIDIA A100-SXM-64GB,158.52,31912,100
711,2026-05-18 09:44:35.407610,2026/05/18 09:44:35.456,3,NVIDIA A100-SXM-64GB,174.95,31846,100
712,2026-05-18 09:44:40.467442,2026/05/18 09:44:40.507,0,NVIDIA A100-SXM-64GB,188.35,31904,100
713,2026-05-18 09:44:40.467442,2026/05/18 09:44:40.509,1,NVIDIA A100-SXM-64GB,175.35,31922,100
714,2026-05-18 09:44:40.467442,2026/05/18 09:44:40.515,2,NVIDIA A100-SXM-64GB,174.17,31912,98
715,2026-05-18 09:44:40.467442,2026/05/18 09:44:40.521,3,NVIDIA A100-SXM-64GB,134.90,31846,100
716,2026-05-18 09:44:45.532165,2026/05/18 09:44:45.583,0,NVIDIA A100-SXM-64GB,154.69,31904,100
717,2026-05-18 09:44:45.532165,2026/05/18 09:44:45.588,1,NVIDIA A100-SXM-64GB,156.39,31922,100
718,2026-05-18 09:44:45.532165,2026/05/18 09:44:45.591,2,NVIDIA A100-SXM-64GB,159.13,31912,100
719,2026-05-18 09:44:45.532165,2026/05/18 09:44:45.594,3,NVIDIA A100-SXM-64GB,173.46,31846,100
720,2026-05-18 09:44:50.605039,2026/05/18 09:44:50.655,0,NVIDIA A100-SXM-64GB,154.69,31904,98
721,2026-05-18 09:44:50.605039,2026/05/18 09:44:50.658,1,NVIDIA A100-SXM-64GB,145.34,31922,98
722,2026-05-18 09:44:50.605039,2026/05/18 09:44:50.661,2,NVIDIA A100-SXM-64GB,151.20,31912,100
723,2026-05-18 09:44:50.605039,2026/05/18 09:44:50.663,3,NVIDIA A100-SXM-64GB,181.73,31846,100
724,2026-05-18 09:44:55.676897,2026/05/18 09:44:55.716,0,NVIDIA A100-SXM-64GB,154.85,31904,99
725,2026-05-18 09:44:55.676897,2026/05/18 09:44:55.719,1,NVIDIA A100-SXM-64GB,145.67,31922,99
726,2026-05-18 09:44:55.676897,2026/05/18 09:44:55.722,2,NVIDIA A100-SXM-64GB,149.33,31912,100
727,2026-05-18 09:44:55.676897,2026/05/18 09:44:55.724,3,NVIDIA A100-SXM-64GB,178.65,31846,100
728,2026-05-18 09:45:00.735866,2026/05/18 09:45:00.775,0,NVIDIA A100-SXM-64GB,178.85,31904,100
729,2026-05-18 09:45:00.735866,2026/05/18 09:45:00.777,1,NVIDIA A100-SXM-64GB,170.28,31922,100
730,2026-05-18 09:45:00.735866,2026/05/18 09:45:00.780,2,NVIDIA A100-SXM-64GB,179.82,31912,100
731,2026-05-18 09:45:00.735866,2026/05/18 09:45:00.783,3,NVIDIA A100-SXM-64GB,179.07,31846,100
732,2026-05-18 09:45:05.794957,2026/05/18 09:45:05.834,0,NVIDIA A100-SXM-64GB,175.77,31904,100
733,2026-05-18 09:45:05.794957,2026/05/18 09:45:05.837,1,NVIDIA A100-SXM-64GB,161.61,31922,100
734,2026-05-18 09:45:05.794957,2026/05/18 09:45:05.839,2,NVIDIA A100-SXM-64GB,172.96,31912,100
735,2026-05-18 09:45:05.794957,2026/05/18 09:45:05.842,3,NVIDIA A100-SXM-64GB,159.62,31846,100
736,2026-05-18 09:45:10.853730,2026/05/18 09:45:10.893,0,NVIDIA A100-SXM-64GB,155.18,31904,100
737,2026-05-18 09:45:10.853730,2026/05/18 09:45:10.899,1,NVIDIA A100-SXM-64GB,146.88,31922,100
738,2026-05-18 09:45:10.853730,2026/05/18 09:45:10.902,2,NVIDIA A100-SXM-64GB,149.93,31912,98
739,2026-05-18 09:45:10.853730,2026/05/18 09:45:10.908,3,NVIDIA A100-SXM-64GB,174.68,31846,100
740,2026-05-18 09:45:15.920057,2026/05/18 09:45:15.959,0,NVIDIA A100-SXM-64GB,193.84,31904,100
741,2026-05-18 09:45:15.920057,2026/05/18 09:45:15.961,1,NVIDIA A100-SXM-64GB,183.74,31922,100
742,2026-05-18 09:45:15.920057,2026/05/18 09:45:15.967,2,NVIDIA A100-SXM-64GB,187.06,31912,100
743,2026-05-18 09:45:15.920057,2026/05/18 09:45:15.970,3,NVIDIA A100-SXM-64GB,187.38,31846,100
744,2026-05-18 09:45:20.980818,2026/05/18 09:45:21.020,0,NVIDIA A100-SXM-64GB,164.46,31904,100
745,2026-05-18 09:45:20.980818,2026/05/18 09:45:21.022,1,NVIDIA A100-SXM-64GB,152.10,31922,100
746,2026-05-18 09:45:20.980818,2026/05/18 09:45:21.027,2,NVIDIA A100-SXM-64GB,162.82,31912,100
747,2026-05-18 09:45:20.980818,2026/05/18 09:45:21.030,3,NVIDIA A100-SXM-64GB,151.35,31846,100
748,2026-05-18 09:45:26.041321,2026/05/18 09:45:26.081,0,NVIDIA A100-SXM-64GB,154.36,31904,98
749,2026-05-18 09:45:26.041321,2026/05/18 09:45:26.083,1,NVIDIA A100-SXM-64GB,146.27,31922,100
750,2026-05-18 09:45:26.041321,2026/05/18 09:45:26.088,2,NVIDIA A100-SXM-64GB,147.78,31912,98
751,2026-05-18 09:45:26.041321,2026/05/18 09:45:26.091,3,NVIDIA A100-SXM-64GB,141.49,31846,100
752,2026-05-18 09:45:31.102028,2026/05/18 09:45:31.141,0,NVIDIA A100-SXM-64GB,152.37,31904,97
753,2026-05-18 09:45:31.102028,2026/05/18 09:45:31.143,1,NVIDIA A100-SXM-64GB,145.07,31922,97
754,2026-05-18 09:45:31.102028,2026/05/18 09:45:31.148,2,NVIDIA A100-SXM-64GB,148.72,31912,97
755,2026-05-18 09:45:31.102028,2026/05/18 09:45:31.151,3,NVIDIA A100-SXM-64GB,143.97,31846,97
756,2026-05-18 09:45:36.163233,2026/05/18 09:45:36.203,0,NVIDIA A100-SXM-64GB,195.37,31904,100
757,2026-05-18 09:45:36.163233,2026/05/18 09:45:36.205,1,NVIDIA A100-SXM-64GB,163.09,31922,100
758,2026-05-18 09:45:36.163233,2026/05/18 09:45:36.210,2,NVIDIA A100-SXM-64GB,195.04,31912,100
759,2026-05-18 09:45:36.163233,2026/05/18 09:45:36.213,3,NVIDIA A100-SXM-64GB,187.58,31846,100
760,2026-05-18 09:45:41.224603,2026/05/18 09:45:41.264,0,NVIDIA A100-SXM-64GB,172.43,31904,100
761,2026-05-18 09:45:41.224603,2026/05/18 09:45:41.266,1,NVIDIA A100-SXM-64GB,169.07,31922,100
762,2026-05-18 09:45:41.224603,2026/05/18 09:45:41.272,2,NVIDIA A100-SXM-64GB,171.42,31912,100
763,2026-05-18 09:45:41.224603,2026/05/18 09:45:41.274,3,NVIDIA A100-SXM-64GB,163.92,31846,100
764,2026-05-18 09:45:46.285781,2026/05/18 09:45:46.325,0,NVIDIA A100-SXM-64GB,156.83,31904,100
765,2026-05-18 09:45:46.285781,2026/05/18 09:45:46.328,1,NVIDIA A100-SXM-64GB,148.74,31922,100
766,2026-05-18 09:45:46.285781,2026/05/18 09:45:46.333,2,NVIDIA A100-SXM-64GB,177.25,31912,100
767,2026-05-18 09:45:46.285781,2026/05/18 09:45:46.336,3,NVIDIA A100-SXM-64GB,146.11,31846,100
768,2026-05-18 09:45:51.347431,2026/05/18 09:45:51.387,0,NVIDIA A100-SXM-64GB,174.90,31904,100
769,2026-05-18 09:45:51.347431,2026/05/18 09:45:51.389,1,NVIDIA A100-SXM-64GB,175.77,31922,100
770,2026-05-18 09:45:51.347431,2026/05/18 09:45:51.394,2,NVIDIA A100-SXM-64GB,180.01,31912,100
771,2026-05-18 09:45:51.347431,2026/05/18 09:45:51.397,3,NVIDIA A100-SXM-64GB,167.28,31846,100
772,2026-05-18 09:45:56.408574,2026/05/18 09:45:56.448,0,NVIDIA A100-SXM-64GB,182.53,31904,100
773,2026-05-18 09:45:56.408574,2026/05/18 09:45:56.453,1,NVIDIA A100-SXM-64GB,167.54,31922,100
774,2026-05-18 09:45:56.408574,2026/05/18 09:45:56.456,2,NVIDIA A100-SXM-64GB,169.87,31912,100
775,2026-05-18 09:45:56.408574,2026/05/18 09:45:56.459,3,NVIDIA A100-SXM-64GB,152.57,31846,100
776,2026-05-18 09:46:01.472514,2026/05/18 09:46:01.512,0,NVIDIA A100-SXM-64GB,184.67,31904,100
777,2026-05-18 09:46:01.472514,2026/05/18 09:46:01.514,1,NVIDIA A100-SXM-64GB,165.06,31922,100
778,2026-05-18 09:46:01.472514,2026/05/18 09:46:01.519,2,NVIDIA A100-SXM-64GB,182.49,31912,100
779,2026-05-18 09:46:01.472514,2026/05/18 09:46:01.521,3,NVIDIA A100-SXM-64GB,176.04,31846,100
780,2026-05-18 09:46:06.533337,2026/05/18 09:46:06.573,0,NVIDIA A100-SXM-64GB,161.44,31904,100
781,2026-05-18 09:46:06.533337,2026/05/18 09:46:06.575,1,NVIDIA A100-SXM-64GB,164.36,31922,100
782,2026-05-18 09:46:06.533337,2026/05/18 09:46:06.578,2,NVIDIA A100-SXM-64GB,150.87,31912,100
783,2026-05-18 09:46:06.533337,2026/05/18 09:46:06.581,3,NVIDIA A100-SXM-64GB,206.39,31846,100
784,2026-05-18 09:46:11.603779,2026/05/18 09:46:11.643,0,NVIDIA A100-SXM-64GB,153.75,31904,100
785,2026-05-18 09:46:11.603779,2026/05/18 09:46:11.647,1,NVIDIA A100-SXM-64GB,169.95,31922,100
786,2026-05-18 09:46:11.603779,2026/05/18 09:46:11.649,2,NVIDIA A100-SXM-64GB,180.95,31912,100
787,2026-05-18 09:46:11.603779,2026/05/18 09:46:11.652,3,NVIDIA A100-SXM-64GB,170.65,31846,100
788,2026-05-18 09:46:16.663658,2026/05/18 09:46:16.703,0,NVIDIA A100-SXM-64GB,171.49,31904,100
789,2026-05-18 09:46:16.663658,2026/05/18 09:46:16.709,1,NVIDIA A100-SXM-64GB,159.13,31922,100
790,2026-05-18 09:46:16.663658,2026/05/18 09:46:16.712,2,NVIDIA A100-SXM-64GB,183.97,31912,100
791,2026-05-18 09:46:16.663658,2026/05/18 09:46:16.714,3,NVIDIA A100-SXM-64GB,169.16,31846,100
792,2026-05-18 09:46:21.725404,2026/05/18 09:46:21.765,0,NVIDIA A100-SXM-64GB,158.64,31904,100
793,2026-05-18 09:46:21.725404,2026/05/18 09:46:21.768,1,NVIDIA A100-SXM-64GB,140.44,31922,100
794,2026-05-18 09:46:21.725404,2026/05/18 09:46:21.771,2,NVIDIA A100-SXM-64GB,153.62,31912,98
795,2026-05-18 09:46:21.725404,2026/05/18 09:46:21.773,3,NVIDIA A100-SXM-64GB,144.90,31846,98
796,2026-05-18 09:46:26.784576,2026/05/18 09:46:26.824,0,NVIDIA A100-SXM-64GB,153.64,31904,98
797,2026-05-18 09:46:26.784576,2026/05/18 09:46:26.828,1,NVIDIA A100-SXM-64GB,141.38,31922,98
798,2026-05-18 09:46:26.784576,2026/05/18 09:46:26.830,2,NVIDIA A100-SXM-64GB,149.81,31912,98
799,2026-05-18 09:46:26.784576,2026/05/18 09:46:26.835,3,NVIDIA A100-SXM-64GB,146.26,31846,98
800,2026-05-18 09:46:31.846569,2026/05/18 09:46:31.886,0,NVIDIA A100-SXM-64GB,167.54,31904,100
801,2026-05-18 09:46:31.846569,2026/05/18 09:46:31.888,1,NVIDIA A100-SXM-64GB,177.31,31922,100
802,2026-05-18 09:46:31.846569,2026/05/18 09:46:31.891,2,NVIDIA A100-SXM-64GB,162.54,31912,100
803,2026-05-18 09:46:31.846569,2026/05/18 09:46:31.895,3,NVIDIA A100-SXM-64GB,144.57,31846,100
804,2026-05-18 09:46:36.906718,2026/05/18 09:46:36.946,0,NVIDIA A100-SXM-64GB,186.81,31904,100
805,2026-05-18 09:46:36.906718,2026/05/18 09:46:36.948,1,NVIDIA A100-SXM-64GB,162.93,31922,100
806,2026-05-18 09:46:36.906718,2026/05/18 09:46:36.951,2,NVIDIA A100-SXM-64GB,195.65,31912,100
807,2026-05-18 09:46:36.906718,2026/05/18 09:46:36.955,3,NVIDIA A100-SXM-64GB,176.22,31846,100
808,2026-05-18 09:46:41.967042,2026/05/18 09:46:42.014,0,NVIDIA A100-SXM-64GB,164.19,31904,100
809,2026-05-18 09:46:41.967042,2026/05/18 09:46:42.016,1,NVIDIA A100-SXM-64GB,130.39,31922,100
810,2026-05-18 09:46:41.967042,2026/05/18 09:46:42.021,2,NVIDIA A100-SXM-64GB,137.70,31912,97
811,2026-05-18 09:46:41.967042,2026/05/18 09:46:42.024,3,NVIDIA A100-SXM-64GB,219.89,31846,100
812,2026-05-18 09:46:47.035276,2026/05/18 09:46:47.075,0,NVIDIA A100-SXM-64GB,188.63,31904,100
813,2026-05-18 09:46:47.035276,2026/05/18 09:46:47.077,1,NVIDIA A100-SXM-64GB,169.07,31922,100
814,2026-05-18 09:46:47.035276,2026/05/18 09:46:47.083,2,NVIDIA A100-SXM-64GB,169.87,31912,100
815,2026-05-18 09:46:47.035276,2026/05/18 09:46:47.085,3,NVIDIA A100-SXM-64GB,172.02,31846,100
816,2026-05-18 09:46:52.097184,2026/05/18 09:46:52.136,0,NVIDIA A100-SXM-64GB,152.22,31904,97
817,2026-05-18 09:46:52.097184,2026/05/18 09:46:52.139,1,NVIDIA A100-SXM-64GB,142.92,31922,97
818,2026-05-18 09:46:52.097184,2026/05/18 09:46:52.145,2,NVIDIA A100-SXM-64GB,148.72,31912,99
819,2026-05-18 09:46:52.097184,2026/05/18 09:46:52.149,3,NVIDIA A100-SXM-64GB,142.75,31846,100
820,2026-05-18 09:46:57.165239,2026/05/18 09:46:57.204,0,NVIDIA A100-SXM-64GB,197.79,31904,100
821,2026-05-18 09:46:57.165239,2026/05/18 09:46:57.206,1,NVIDIA A100-SXM-64GB,174.90,31922,100
822,2026-05-18 09:46:57.165239,2026/05/18 09:46:57.209,2,NVIDIA A100-SXM-64GB,170.20,31912,100
823,2026-05-18 09:46:57.165239,2026/05/18 09:46:57.211,3,NVIDIA A100-SXM-64GB,165.14,31846,100
824,2026-05-18 09:47:02.225559,2026/05/18 09:47:02.276,0,NVIDIA A100-SXM-64GB,173.35,31904,100
825,2026-05-18 09:47:02.225559,2026/05/18 09:47:02.280,1,NVIDIA A100-SXM-64GB,168.32,31922,100
826,2026-05-18 09:47:02.225559,2026/05/18 09:47:02.288,2,NVIDIA A100-SXM-64GB,162.82,31912,100
827,2026-05-18 09:47:02.225559,2026/05/18 09:47:02.291,3,NVIDIA A100-SXM-64GB,159.01,31846,100
828,2026-05-18 09:47:07.302465,2026/05/18 09:47:07.343,0,NVIDIA A100-SXM-64GB,159.74,31904,98
829,2026-05-18 09:47:07.302465,2026/05/18 09:47:07.348,1,NVIDIA A100-SXM-64GB,148.41,31922,98
830,2026-05-18 09:47:07.302465,2026/05/18 09:47:07.350,2,NVIDIA A100-SXM-64GB,153.17,31912,98
831,2026-05-18 09:47:07.302465,2026/05/18 09:47:07.353,3,NVIDIA A100-SXM-64GB,144.44,31846,98
832,2026-05-18 09:47:12.367267,2026/05/18 09:47:12.408,0,NVIDIA A100-SXM-64GB,161.11,31904,100
833,2026-05-18 09:47:12.367267,2026/05/18 09:47:12.410,1,NVIDIA A100-SXM-64GB,143.85,31922,100
834,2026-05-18 09:47:12.367267,2026/05/18 09:47:12.414,2,NVIDIA A100-SXM-64GB,152.68,31912,98
835,2026-05-18 09:47:12.367267,2026/05/18 09:47:12.417,3,NVIDIA A100-SXM-64GB,145.79,31846,98
836,2026-05-18 09:47:17.428981,2026/05/18 09:47:17.468,0,NVIDIA A100-SXM-64GB,158.04,31904,100
837,2026-05-18 09:47:17.428981,2026/05/18 09:47:17.471,1,NVIDIA A100-SXM-64GB,160.35,31922,100
838,2026-05-18 09:47:17.428981,2026/05/18 09:47:17.474,2,NVIDIA A100-SXM-64GB,154.84,31912,100
839,2026-05-18 09:47:17.428981,2026/05/18 09:47:17.476,3,NVIDIA A100-SXM-64GB,151.63,31846,100
840,2026-05-18 09:47:22.488378,2026/05/18 09:47:22.539,0,NVIDIA A100-SXM-64GB,170.28,31904,100
841,2026-05-18 09:47:22.488378,2026/05/18 09:47:22.542,1,NVIDIA A100-SXM-64GB,199.94,31922,100
842,2026-05-18 09:47:22.488378,2026/05/18 09:47:22.544,2,NVIDIA A100-SXM-64GB,196.38,31912,98
843,2026-05-18 09:47:22.488378,2026/05/18 09:47:22.549,3,NVIDIA A100-SXM-64GB,141.49,31846,100
844,2026-05-18 09:47:27.560685,2026/05/18 09:47:27.601,0,NVIDIA A100-SXM-64GB,159.30,31904,98
845,2026-05-18 09:47:27.560685,2026/05/18 09:47:27.603,1,NVIDIA A100-SXM-64GB,210.65,31922,100
846,2026-05-18 09:47:27.560685,2026/05/18 09:47:27.606,2,NVIDIA A100-SXM-64GB,239.25,31912,97
847,2026-05-18 09:47:27.560685,2026/05/18 09:47:27.609,3,NVIDIA A100-SXM-64GB,138.26,31846,100
848,2026-05-18 09:47:32.620705,2026/05/18 09:47:32.660,0,NVIDIA A100-SXM-64GB,178.52,31904,100
849,2026-05-18 09:47:32.620705,2026/05/18 09:47:32.662,1,NVIDIA A100-SXM-64GB,175.77,31922,100
850,2026-05-18 09:47:32.620705,2026/05/18 09:47:32.665,2,NVIDIA A100-SXM-64GB,175.44,31912,100
851,2026-05-18 09:47:32.620705,2026/05/18 09:47:32.671,3,NVIDIA A100-SXM-64GB,167.01,31846,100
852,2026-05-18 09:47:37.682262,2026/05/18 09:47:37.722,0,NVIDIA A100-SXM-64GB,175.50,31904,100
853,2026-05-18 09:47:37.682262,2026/05/18 09:47:37.724,1,NVIDIA A100-SXM-64GB,177.65,31922,100
854,2026-05-18 09:47:37.682262,2026/05/18 09:47:37.730,2,NVIDIA A100-SXM-64GB,163.76,31912,100
855,2026-05-18 09:47:37.682262,2026/05/18 09:47:37.732,3,NVIDIA A100-SXM-64GB,168.83,31846,100
856,2026-05-18 09:47:42.744567,2026/05/18 09:47:42.784,0,NVIDIA A100-SXM-64GB,155.90,31904,98
857,2026-05-18 09:47:42.744567,2026/05/18 09:47:42.786,1,NVIDIA A100-SXM-64GB,143.85,31922,98
858,2026-05-18 09:47:42.744567,2026/05/18 09:47:42.793,2,NVIDIA A100-SXM-64GB,154.23,31912,98
859,2026-05-18 09:47:42.744567,2026/05/18 09:47:42.795,3,NVIDIA A100-SXM-64GB,143.17,31846,100
860,2026-05-18 09:47:47.807448,2026/05/18 09:47:47.847,0,NVIDIA A100-SXM-64GB,144.31,31904,100
861,2026-05-18 09:47:47.807448,2026/05/18 09:47:47.849,1,NVIDIA A100-SXM-64GB,145.67,31922,98
862,2026-05-18 09:47:47.807448,2026/05/18 09:47:47.853,2,NVIDIA A100-SXM-64GB,154.84,31912,100
863,2026-05-18 09:47:47.807448,2026/05/18 09:47:47.856,3,NVIDIA A100-SXM-64GB,133.21,31846,98
864,2026-05-18 09:47:52.867753,2026/05/18 09:47:52.907,0,NVIDIA A100-SXM-64GB,184.67,31904,100
865,2026-05-18 09:47:52.867753,2026/05/18 09:47:52.909,1,NVIDIA A100-SXM-64GB,179.46,31922,100
866,2026-05-18 09:47:52.867753,2026/05/18 09:47:52.915,2,NVIDIA A100-SXM-64GB,168.05,31912,100
867,2026-05-18 09:47:52.867753,2026/05/18 09:47:52.918,3,NVIDIA A100-SXM-64GB,150.41,31846,100
868,2026-05-18 09:47:57.930158,2026/05/18 09:47:57.970,0,NVIDIA A100-SXM-64GB,175.77,31904,100
869,2026-05-18 09:47:57.930158,2026/05/18 09:47:57.972,1,NVIDIA A100-SXM-64GB,186.48,31922,100
870,2026-05-18 09:47:57.930158,2026/05/18 09:47:57.975,2,NVIDIA A100-SXM-64GB,173.99,31912,100
871,2026-05-18 09:47:57.930158,2026/05/18 09:47:57.977,3,NVIDIA A100-SXM-64GB,166.08,31846,100
872,2026-05-18 09:48:02.989281,2026/05/18 09:48:03.029,0,NVIDIA A100-SXM-64GB,158.97,31904,100
873,2026-05-18 09:48:02.989281,2026/05/18 09:48:03.032,1,NVIDIA A100-SXM-64GB,148.74,31922,100
874,2026-05-18 09:48:02.989281,2026/05/18 09:48:03.036,2,NVIDIA A100-SXM-64GB,171.74,31912,100
875,2026-05-18 09:48:02.989281,2026/05/18 09:48:03.039,3,NVIDIA A100-SXM-64GB,163.32,31846,100
876,2026-05-18 09:48:08.051648,2026/05/18 09:48:08.092,0,NVIDIA A100-SXM-64GB,159.74,31904,100
877,2026-05-18 09:48:08.051648,2026/05/18 09:48:08.094,1,NVIDIA A100-SXM-64GB,143.85,31922,98
878,2026-05-18 09:48:08.051648,2026/05/18 09:48:08.100,2,NVIDIA A100-SXM-64GB,153.01,31912,100
879,2026-05-18 09:48:08.051648,2026/05/18 09:48:08.102,3,NVIDIA A100-SXM-64GB,144.90,31846,98
880,2026-05-18 09:48:13.114734,2026/05/18 09:48:13.154,0,NVIDIA A100-SXM-64GB,152.22,31904,100
881,2026-05-18 09:48:13.114734,2026/05/18 09:48:13.156,1,NVIDIA A100-SXM-64GB,141.71,31922,99
882,2026-05-18 09:48:13.114734,2026/05/18 09:48:13.160,2,NVIDIA A100-SXM-64GB,153.34,31912,100
883,2026-05-18 09:48:13.114734,2026/05/18 09:48:13.163,3,NVIDIA A100-SXM-64GB,142.75,31846,97
884,2026-05-18 09:48:18.174935,2026/05/18 09:48:18.214,0,NVIDIA A100-SXM-64GB,187.42,31904,100
885,2026-05-18 09:48:18.174935,2026/05/18 09:48:18.216,1,NVIDIA A100-SXM-64GB,167.98,31922,100
886,2026-05-18 09:48:18.174935,2026/05/18 09:48:18.222,2,NVIDIA A100-SXM-64GB,185.24,31912,100
887,2026-05-18 09:48:18.174935,2026/05/18 09:48:18.224,3,NVIDIA A100-SXM-64GB,183.55,31846,100
888,2026-05-18 09:48:23.236556,2026/05/18 09:48:23.276,0,NVIDIA A100-SXM-64GB,179.60,31904,100
889,2026-05-18 09:48:23.236556,2026/05/18 09:48:23.278,1,NVIDIA A100-SXM-64GB,174.24,31922,100
890,2026-05-18 09:48:23.236556,2026/05/18 09:48:23.282,2,NVIDIA A100-SXM-64GB,169.59,31912,100
891,2026-05-18 09:48:23.236556,2026/05/18 09:48:23.285,3,NVIDIA A100-SXM-64GB,178.19,31846,100
892,2026-05-18 09:48:28.297242,2026/05/18 09:48:28.337,0,NVIDIA A100-SXM-64GB,158.04,31904,98
893,2026-05-18 09:48:28.297242,2026/05/18 09:48:28.339,1,NVIDIA A100-SXM-64GB,142.77,31922,98
894,2026-05-18 09:48:28.297242,2026/05/18 09:48:28.344,2,NVIDIA A100-SXM-64GB,150.59,31912,98
895,2026-05-18 09:48:28.297242,2026/05/18 09:48:28.346,3,NVIDIA A100-SXM-64GB,145.79,31846,100
896,2026-05-18 09:48:33.360219,2026/05/18 09:48:33.400,0,NVIDIA A100-SXM-64GB,186.81,31904,98
897,2026-05-18 09:48:33.360219,2026/05/18 09:48:33.402,1,NVIDIA A100-SXM-64GB,143.19,31922,100
898,2026-05-18 09:48:33.360219,2026/05/18 09:48:33.405,2,NVIDIA A100-SXM-64GB,147.51,31912,100
899,2026-05-18 09:48:33.360219,2026/05/18 09:48:33.407,3,NVIDIA A100-SXM-64GB,189.81,31846,100
900,2026-05-18 09:48:38.419611,2026/05/18 09:48:38.459,0,NVIDIA A100-SXM-64GB,170.28,31904,100
901,2026-05-18 09:48:38.419611,2026/05/18 09:48:38.462,1,NVIDIA A100-SXM-64GB,145.99,31922,100
902,2026-05-18 09:48:38.419611,2026/05/18 09:48:38.465,2,NVIDIA A100-SXM-64GB,176.92,31912,100
903,2026-05-18 09:48:38.419611,2026/05/18 09:48:38.467,3,NVIDIA A100-SXM-64GB,160.56,31846,100
904,2026-05-18 09:48:43.479199,2026/05/18 09:48:43.518,0,NVIDIA A100-SXM-64GB,177.31,31904,100
905,2026-05-18 09:48:43.479199,2026/05/18 09:48:43.520,1,NVIDIA A100-SXM-64GB,177.65,31922,100
906,2026-05-18 09:48:43.479199,2026/05/18 09:48:43.527,2,NVIDIA A100-SXM-64GB,190.75,31912,100
907,2026-05-18 09:48:43.479199,2026/05/18 09:48:43.530,3,NVIDIA A100-SXM-64GB,168.83,31846,100
908,2026-05-18 09:48:48.541909,2026/05/18 09:48:48.592,0,NVIDIA A100-SXM-64GB,223.86,31904,100
909,2026-05-18 09:48:48.541909,2026/05/18 09:48:48.597,1,NVIDIA A100-SXM-64GB,167.98,31922,100
910,2026-05-18 09:48:48.541909,2026/05/18 09:48:48.599,2,NVIDIA A100-SXM-64GB,164.09,31912,100
911,2026-05-18 09:48:48.541909,2026/05/18 09:48:48.602,3,NVIDIA A100-SXM-64GB,177.76,31846,100
912,2026-05-18 09:48:53.615175,2026/05/18 09:48:53.654,0,NVIDIA A100-SXM-64GB,185.27,31904,100
913,2026-05-18 09:48:53.615175,2026/05/18 09:48:53.656,1,NVIDIA A100-SXM-64GB,149.02,31922,100
914,2026-05-18 09:48:53.615175,2026/05/18 09:48:53.659,2,NVIDIA A100-SXM-64GB,152.57,31912,100
915,2026-05-18 09:48:53.615175,2026/05/18 09:48:53.661,3,NVIDIA A100-SXM-64GB,144.44,31846,98
916,2026-05-18 09:48:58.673732,2026/05/18 09:48:58.713,0,NVIDIA A100-SXM-64GB,179.03,31904,100
917,2026-05-18 09:48:58.673732,2026/05/18 09:48:58.715,1,NVIDIA A100-SXM-64GB,146.88,31922,100
918,2026-05-18 09:48:58.673732,2026/05/18 09:48:58.718,2,NVIDIA A100-SXM-64GB,153.50,31912,100
919,2026-05-18 09:48:58.673732,2026/05/18 09:48:58.720,3,NVIDIA A100-SXM-64GB,184.82,31846,100
920,2026-05-18 09:49:03.732732,2026/05/18 09:49:03.772,0,NVIDIA A100-SXM-64GB,147.05,31904,100
921,2026-05-18 09:49:03.732732,2026/05/18 09:49:03.774,1,NVIDIA A100-SXM-64GB,206.69,31922,100
922,2026-05-18 09:49:03.732732,2026/05/18 09:49:03.777,2,NVIDIA A100-SXM-64GB,151.80,31912,99
923,2026-05-18 09:49:03.732732,2026/05/18 09:49:03.779,3,NVIDIA A100-SXM-64GB,145.79,31846,98
924,2026-05-18 09:49:08.791395,2026/05/18 09:49:08.831,0,NVIDIA A100-SXM-64GB,155.29,31904,98
925,2026-05-18 09:49:08.791395,2026/05/18 09:49:08.833,1,NVIDIA A100-SXM-64GB,148.41,31922,100
926,2026-05-18 09:49:08.791395,2026/05/18 09:49:08.836,2,NVIDIA A100-SXM-64GB,154.84,31912,98
927,2026-05-18 09:49:08.791395,2026/05/18 09:49:08.839,3,NVIDIA A100-SXM-64GB,144.57,31846,98
928,2026-05-18 09:49:13.851040,2026/05/18 09:49:13.890,0,NVIDIA A100-SXM-64GB,155.90,31904,100
929,2026-05-18 09:49:13.851040,2026/05/18 09:49:13.893,1,NVIDIA A100-SXM-64GB,166.94,31922,100
930,2026-05-18 09:49:13.851040,2026/05/18 09:49:13.895,2,NVIDIA A100-SXM-64GB,185.05,31912,100
931,2026-05-18 09:49:13.851040,2026/05/18 09:49:13.898,3,NVIDIA A100-SXM-64GB,148.27,31846,100
932,2026-05-18 09:49:18.909793,2026/05/18 09:49:18.949,0,NVIDIA A100-SXM-64GB,180.39,31904,100
933,2026-05-18 09:49:18.909793,2026/05/18 09:49:18.953,1,NVIDIA A100-SXM-64GB,175.08,31922,100
934,2026-05-18 09:49:18.909793,2026/05/18 09:49:18.956,2,NVIDIA A100-SXM-64GB,170.81,31912,100
935,2026-05-18 09:49:18.909793,2026/05/18 09:49:18.959,3,NVIDIA A100-SXM-64GB,175.89,31846,100
936,2026-05-18 09:49:23.970664,2026/05/18 09:49:24.010,0,NVIDIA A100-SXM-64GB,197.92,31904,100
937,2026-05-18 09:49:23.970664,2026/05/18 09:49:24.013,1,NVIDIA A100-SXM-64GB,179.13,31922,100
938,2026-05-18 09:49:23.970664,2026/05/18 09:49:24.017,2,NVIDIA A100-SXM-64GB,183.09,31912,100
939,2026-05-18 09:49:23.970664,2026/05/18 09:49:24.020,3,NVIDIA A100-SXM-64GB,155.93,31846,100
940,2026-05-18 09:49:29.034978,2026/05/18 09:49:29.074,0,NVIDIA A100-SXM-64GB,155.62,31904,98
941,2026-05-18 09:49:29.034978,2026/05/18 09:49:29.076,1,NVIDIA A100-SXM-64GB,137.42,31922,98
942,2026-05-18 09:49:29.034978,2026/05/18 09:49:29.079,2,NVIDIA A100-SXM-64GB,149.66,31912,100
943,2026-05-18 09:49:29.034978,2026/05/18 09:49:29.083,3,NVIDIA A100-SXM-64GB,142.42,31846,98
944,2026-05-18 09:49:34.095302,2026/05/18 09:49:34.135,0,NVIDIA A100-SXM-64GB,152.54,31904,97
945,2026-05-18 09:49:34.095302,2026/05/18 09:49:34.137,1,NVIDIA A100-SXM-64GB,143.85,31922,97
946,2026-05-18 09:49:34.095302,2026/05/18 09:49:34.140,2,NVIDIA A100-SXM-64GB,149.33,31912,99
947,2026-05-18 09:49:34.095302,2026/05/18 09:49:34.142,3,NVIDIA A100-SXM-64GB,143.97,31846,97
948,2026-05-18 09:49:39.154534,2026/05/18 09:49:39.194,0,NVIDIA A100-SXM-64GB,158.64,31904,100
949,2026-05-18 09:49:39.154534,2026/05/18 09:49:39.197,1,NVIDIA A100-SXM-64GB,178.52,31922,100
950,2026-05-18 09:49:39.154534,2026/05/18 09:49:39.199,2,NVIDIA A100-SXM-64GB,197.19,31912,100
951,2026-05-18 09:49:39.154534,2026/05/18 09:49:39.206,3,NVIDIA A100-SXM-64GB,168.50,31846,100
952,2026-05-18 09:49:44.218484,2026/05/18 09:49:44.258,0,NVIDIA A100-SXM-64GB,171.82,31904,100
953,2026-05-18 09:49:44.218484,2026/05/18 09:49:44.260,1,NVIDIA A100-SXM-64GB,178.10,31922,100
954,2026-05-18 09:49:44.218484,2026/05/18 09:49:44.263,2,NVIDIA A100-SXM-64GB,195.32,31912,100
955,2026-05-18 09:49:44.218484,2026/05/18 09:49:44.265,3,NVIDIA A100-SXM-64GB,162.98,31846,100
956,2026-05-18 09:49:49.277986,2026/05/18 09:49:49.317,0,NVIDIA A100-SXM-64GB,156.06,31904,98
957,2026-05-18 09:49:49.277986,2026/05/18 09:49:49.319,1,NVIDIA A100-SXM-64GB,133.27,31922,100
958,2026-05-18 09:49:49.277986,2026/05/18 09:49:49.322,2,NVIDIA A100-SXM-64GB,152.41,31912,98
959,2026-05-18 09:49:49.277986,2026/05/18 09:49:49.325,3,NVIDIA A100-SXM-64GB,133.68,31846,98
960,2026-05-18 09:49:54.337348,2026/05/18 09:49:54.377,0,NVIDIA A100-SXM-64GB,153.48,31904,98
961,2026-05-18 09:49:54.337348,2026/05/18 09:49:54.379,1,NVIDIA A100-SXM-64GB,141.38,31922,98
962,2026-05-18 09:49:54.337348,2026/05/18 09:49:54.382,2,NVIDIA A100-SXM-64GB,154.23,31912,98
963,2026-05-18 09:49:54.337348,2026/05/18 09:49:54.384,3,NVIDIA A100-SXM-64GB,148.27,31846,98
964,2026-05-18 09:49:59.396548,2026/05/18 09:49:59.436,0,NVIDIA A100-SXM-64GB,168.15,31904,100
965,2026-05-18 09:49:59.396548,2026/05/18 09:49:59.438,1,NVIDIA A100-SXM-64GB,143.53,31922,100
966,2026-05-18 09:49:59.396548,2026/05/18 09:49:59.441,2,NVIDIA A100-SXM-64GB,183.70,31912,100
967,2026-05-18 09:49:59.396548,2026/05/18 09:49:59.444,3,NVIDIA A100-SXM-64GB,164.53,31846,100
968,2026-05-18 09:50:04.456081,2026/05/18 09:50:04.495,0,NVIDIA A100-SXM-64GB,188.02,31904,100
969,2026-05-18 09:50:04.456081,2026/05/18 09:50:04.497,1,NVIDIA A100-SXM-64GB,167.21,31922,100
970,2026-05-18 09:50:04.456081,2026/05/18 09:50:04.500,2,NVIDIA A100-SXM-64GB,193.30,31912,100
971,2026-05-18 09:50:04.456081,2026/05/18 09:50:04.504,3,NVIDIA A100-SXM-64GB,187.38,31846,100
972,2026-05-18 09:50:09.515859,2026/05/18 09:50:09.555,0,NVIDIA A100-SXM-64GB,145.52,31904,100
973,2026-05-18 09:50:09.515859,2026/05/18 09:50:09.557,1,NVIDIA A100-SXM-64GB,151.49,31922,100
974,2026-05-18 09:50:09.515859,2026/05/18 09:50:09.560,2,NVIDIA A100-SXM-64GB,195.77,31912,100
975,2026-05-18 09:50:09.515859,2026/05/18 09:50:09.575,3,NVIDIA A100-SXM-64GB,176.92,31846,100
976,2026-05-18 09:50:14.586764,2026/05/18 09:50:14.626,0,NVIDIA A100-SXM-64GB,187.08,31904,100
977,2026-05-18 09:50:14.586764,2026/05/18 09:50:14.631,1,NVIDIA A100-SXM-64GB,174.74,31922,100
978,2026-05-18 09:50:14.586764,2026/05/18 09:50:14.634,2,NVIDIA A100-SXM-64GB,182.49,31912,100
979,2026-05-18 09:50:14.586764,2026/05/18 09:50:14.636,3,NVIDIA A100-SXM-64GB,167.90,31846,100
980,2026-05-18 09:50:19.650014,2026/05/18 09:50:19.689,0,NVIDIA A100-SXM-64GB,171.22,31904,100
981,2026-05-18 09:50:19.650014,2026/05/18 09:50:19.694,1,NVIDIA A100-SXM-64GB,155.78,31922,100
982,2026-05-18 09:50:19.650014,2026/05/18 09:50:19.700,2,NVIDIA A100-SXM-64GB,185.24,31912,100
983,2026-05-18 09:50:19.650014,2026/05/18 09:50:19.705,3,NVIDIA A100-SXM-64GB,157.47,31846,100
984,2026-05-18 09:50:24.718749,2026/05/18 09:50:24.758,0,NVIDIA A100-SXM-64GB,157.76,31904,98
985,2026-05-18 09:50:24.718749,2026/05/18 09:50:24.761,1,NVIDIA A100-SXM-64GB,145.67,31922,99
986,2026-05-18 09:50:24.718749,2026/05/18 09:50:24.763,2,NVIDIA A100-SXM-64GB,153.34,31912,98
987,2026-05-18 09:50:24.718749,2026/05/18 09:50:24.766,3,NVIDIA A100-SXM-64GB,147.05,31846,98
988,2026-05-18 09:50:29.779153,2026/05/18 09:50:29.818,0,NVIDIA A100-SXM-64GB,155.29,31904,98
989,2026-05-18 09:50:29.779153,2026/05/18 09:50:29.824,1,NVIDIA A100-SXM-64GB,146.60,31922,98
990,2026-05-18 09:50:29.779153,2026/05/18 09:50:29.826,2,NVIDIA A100-SXM-64GB,152.41,31912,98
991,2026-05-18 09:50:29.779153,2026/05/18 09:50:29.829,3,NVIDIA A100-SXM-64GB,148.27,31846,98
992,2026-05-18 09:50:34.841966,2026/05/18 09:50:34.881,0,NVIDIA A100-SXM-64GB,184.06,31904,100
993,2026-05-18 09:50:34.841966,2026/05/18 09:50:34.883,1,NVIDIA A100-SXM-64GB,146.60,31922,100
994,2026-05-18 09:50:34.841966,2026/05/18 09:50:34.886,2,NVIDIA A100-SXM-64GB,180.34,31912,100
995,2026-05-18 09:50:34.841966,2026/05/18 09:50:34.891,3,NVIDIA A100-SXM-64GB,148.87,31846,100
996,2026-05-18 09:50:39.903385,2026/05/18 09:50:39.944,0,NVIDIA A100-SXM-64GB,153.75,31904,98
997,2026-05-18 09:50:39.903385,2026/05/18 09:50:39.949,1,NVIDIA A100-SXM-64GB,145.34,31922,100
998,2026-05-18 09:50:39.903385,2026/05/18 09:50:39.951,2,NVIDIA A100-SXM-64GB,152.41,31912,98
999,2026-05-18 09:50:39.903385,2026/05/18 09:50:39.953,3,NVIDIA A100-SXM-64GB,148.60,31846,98
1000,2026-05-18 09:50:44.967178,2026/05/18 09:50:45.018,0,NVIDIA A100-SXM-64GB,184.67,31904,100
1001,2026-05-18 09:50:44.967178,2026/05/18 09:50:45.020,1,NVIDIA A100-SXM-64GB,168.65,31922,100
1002,2026-05-18 09:50:44.967178,2026/05/18 09:50:45.023,2,NVIDIA A100-SXM-64GB,180.01,31912,100
1003,2026-05-18 09:50:44.967178,2026/05/18 09:50:45.025,3,NVIDIA A100-SXM-64GB,157.47,31846,100
1004,2026-05-18 09:50:50.038719,2026/05/18 09:50:50.090,0,NVIDIA A100-SXM-64GB,210.97,31904,100
1005,2026-05-18 09:50:50.038719,2026/05/18 09:50:50.093,1,NVIDIA A100-SXM-64GB,180.66,31922,100
1006,2026-05-18 09:50:50.038719,2026/05/18 09:50:50.096,2,NVIDIA A100-SXM-64GB,158.85,31912,100
1007,2026-05-18 09:50:50.038719,2026/05/18 09:50:50.098,3,NVIDIA A100-SXM-64GB,147.33,31846,100
1008,2026-05-18 09:50:55.111116,2026/05/18 09:50:55.150,0,NVIDIA A100-SXM-64GB,221.12,31904,97
1009,2026-05-18 09:50:55.111116,2026/05/18 09:50:55.152,1,NVIDIA A100-SXM-64GB,134.02,31922,100
1010,2026-05-18 09:50:55.111116,2026/05/18 09:50:55.155,2,NVIDIA A100-SXM-64GB,157.31,31912,97
1011,2026-05-18 09:50:55.111116,2026/05/18 09:50:55.157,3,NVIDIA A100-SXM-64GB,143.97,31846,100
1012,2026-05-18 09:51:00.170075,2026/05/18 09:51:00.209,0,NVIDIA A100-SXM-64GB,195.05,31904,100
1013,2026-05-18 09:51:00.170075,2026/05/18 09:51:00.213,1,NVIDIA A100-SXM-64GB,186.81,31922,100
1014,2026-05-18 09:51:00.170075,2026/05/18 09:51:00.215,2,NVIDIA A100-SXM-64GB,174.50,31912,100
1015,2026-05-18 09:51:00.170075,2026/05/18 09:51:00.218,3,NVIDIA A100-SXM-64GB,183.89,31846,100
1016,2026-05-18 09:51:05.230299,2026/05/18 09:51:05.269,0,NVIDIA A100-SXM-64GB,171.04,31904,100
1017,2026-05-18 09:51:05.230299,2026/05/18 09:51:05.271,1,NVIDIA A100-SXM-64GB,160.78,31922,100
1018,2026-05-18 09:51:05.230299,2026/05/18 09:51:05.274,2,NVIDIA A100-SXM-64GB,181.64,31912,100
1019,2026-05-18 09:51:05.230299,2026/05/18 09:51:05.277,3,NVIDIA A100-SXM-64GB,161.00,31846,100
1020,2026-05-18 09:51:10.289576,2026/05/18 09:51:10.329,0,NVIDIA A100-SXM-64GB,157.43,31904,98
1021,2026-05-18 09:51:10.289576,2026/05/18 09:51:10.332,1,NVIDIA A100-SXM-64GB,145.07,31922,98
1022,2026-05-18 09:51:10.289576,2026/05/18 09:51:10.335,2,NVIDIA A100-SXM-64GB,151.20,31912,98
1023,2026-05-18 09:51:10.289576,2026/05/18 09:51:10.337,3,NVIDIA A100-SXM-64GB,148.60,31846,98
1024,2026-05-18 09:51:15.349988,2026/05/18 09:51:15.389,0,NVIDIA A100-SXM-64GB,157.76,31904,98
1025,2026-05-18 09:51:15.349988,2026/05/18 09:51:15.391,1,NVIDIA A100-SXM-64GB,141.05,31922,98
1026,2026-05-18 09:51:15.349988,2026/05/18 09:51:15.394,2,NVIDIA A100-SXM-64GB,149.05,31912,98
1027,2026-05-18 09:51:15.349988,2026/05/18 09:51:15.397,3,NVIDIA A100-SXM-64GB,144.90,31846,100
1028,2026-05-18 09:51:20.409595,2026/05/18 09:51:20.449,0,NVIDIA A100-SXM-64GB,183.88,31904,100
1029,2026-05-18 09:51:20.409595,2026/05/18 09:51:20.451,1,NVIDIA A100-SXM-64GB,166.00,31922,100
1030,2026-05-18 09:51:20.409595,2026/05/18 09:51:20.454,2,NVIDIA A100-SXM-64GB,158.52,31912,100
1031,2026-05-18 09:51:20.409595,2026/05/18 09:51:20.456,3,NVIDIA A100-SXM-64GB,146.90,31846,100
1032,2026-05-18 09:51:25.468861,2026/05/18 09:51:25.519,0,NVIDIA A100-SXM-64GB,172.43,31904,100
1033,2026-05-18 09:51:25.468861,2026/05/18 09:51:25.522,1,NVIDIA A100-SXM-64GB,198.52,31922,98
1034,2026-05-18 09:51:25.468861,2026/05/18 09:51:25.527,2,NVIDIA A100-SXM-64GB,175.53,31912,100
1035,2026-05-18 09:51:25.468861,2026/05/18 09:51:25.530,3,NVIDIA A100-SXM-64GB,195.32,31846,100
1036,2026-05-18 09:51:30.542512,2026/05/18 09:51:30.582,0,NVIDIA A100-SXM-64GB,165.06,31904,100
1037,2026-05-18 09:51:30.542512,2026/05/18 09:51:30.592,1,NVIDIA A100-SXM-64GB,147.20,31922,100
1038,2026-05-18 09:51:30.542512,2026/05/18 09:51:30.594,2,NVIDIA A100-SXM-64GB,185.05,31912,100
1039,2026-05-18 09:51:30.542512,2026/05/18 09:51:30.598,3,NVIDIA A100-SXM-64GB,178.79,31846,100
1040,2026-05-18 09:51:35.611403,2026/05/18 09:51:35.651,0,NVIDIA A100-SXM-64GB,156.83,31904,98
1041,2026-05-18 09:51:35.611403,2026/05/18 09:51:35.653,1,NVIDIA A100-SXM-64GB,146.88,31922,98
1042,2026-05-18 09:51:35.611403,2026/05/18 09:51:35.656,2,NVIDIA A100-SXM-64GB,152.68,31912,100
1043,2026-05-18 09:51:35.611403,2026/05/18 09:51:35.659,3,NVIDIA A100-SXM-64GB,142.75,31846,98
1044,2026-05-18 09:51:40.672448,2026/05/18 09:51:40.712,0,NVIDIA A100-SXM-64GB,155.90,31904,100
1045,2026-05-18 09:51:40.672448,2026/05/18 09:51:40.714,1,NVIDIA A100-SXM-64GB,145.52,31922,100
1046,2026-05-18 09:51:40.672448,2026/05/18 09:51:40.717,2,NVIDIA A100-SXM-64GB,153.62,31912,100
1047,2026-05-18 09:51:40.672448,2026/05/18 09:51:40.721,3,NVIDIA A100-SXM-64GB,143.36,31846,100
1048,2026-05-18 09:51:45.734035,2026/05/18 09:51:45.773,0,NVIDIA A100-SXM-64GB,188.15,31904,100
1049,2026-05-18 09:51:45.734035,2026/05/18 09:51:45.775,1,NVIDIA A100-SXM-64GB,183.41,31922,100
1050,2026-05-18 09:51:45.734035,2026/05/18 09:51:45.778,2,NVIDIA A100-SXM-64GB,172.78,31912,100
1051,2026-05-18 09:51:45.734035,2026/05/18 09:51:45.781,3,NVIDIA A100-SXM-64GB,179.68,31846,100
1052,2026-05-18 09:51:50.793456,2026/05/18 09:51:50.833,0,NVIDIA A100-SXM-64GB,171.22,31904,100
1053,2026-05-18 09:51:50.793456,2026/05/18 09:51:50.835,1,NVIDIA A100-SXM-64GB,162.04,31922,100
1054,2026-05-18 09:51:50.793456,2026/05/18 09:51:50.838,2,NVIDIA A100-SXM-64GB,176.13,31912,100
1055,2026-05-18 09:51:50.793456,2026/05/18 09:51:50.840,3,NVIDIA A100-SXM-64GB,168.83,31846,100
1056,2026-05-18 09:51:55.852924,2026/05/18 09:51:55.892,0,NVIDIA A100-SXM-64GB,156.23,31904,98
1057,2026-05-18 09:51:55.852924,2026/05/18 09:51:55.897,1,NVIDIA A100-SXM-64GB,146.73,31922,98
1058,2026-05-18 09:51:55.852924,2026/05/18 09:51:55.900,2,NVIDIA A100-SXM-64GB,148.12,31912,98
1059,2026-05-18 09:51:55.852924,2026/05/18 09:51:55.907,3,NVIDIA A100-SXM-64GB,147.05,31846,98
1060,2026-05-18 09:52:00.921392,2026/05/18 09:52:00.961,0,NVIDIA A100-SXM-64GB,193.64,31904,100
1061,2026-05-18 09:52:00.921392,2026/05/18 09:52:00.963,1,NVIDIA A100-SXM-64GB,185.55,31922,100
1062,2026-05-18 09:52:00.921392,2026/05/18 09:52:00.966,2,NVIDIA A100-SXM-64GB,175.53,31912,100
1063,2026-05-18 09:52:00.921392,2026/05/18 09:52:00.968,3,NVIDIA A100-SXM-64GB,163.15,31846,100
1064,2026-05-18 09:52:05.981199,2026/05/18 09:52:06.020,0,NVIDIA A100-SXM-64GB,162.04,31904,100
1065,2026-05-18 09:52:05.981199,2026/05/18 09:52:06.022,1,NVIDIA A100-SXM-64GB,157.16,31922,100
1066,2026-05-18 09:52:05.981199,2026/05/18 09:52:06.025,2,NVIDIA A100-SXM-64GB,152.26,31912,100
1067,2026-05-18 09:52:05.981199,2026/05/18 09:52:06.027,3,NVIDIA A100-SXM-64GB,159.79,31846,100
1068,2026-05-18 09:52:11.043370,2026/05/18 09:52:11.083,0,NVIDIA A100-SXM-64GB,149.80,31904,100
1069,2026-05-18 09:52:11.043370,2026/05/18 09:52:11.085,1,NVIDIA A100-SXM-64GB,131.46,31922,98
1070,2026-05-18 09:52:11.043370,2026/05/18 09:52:11.088,2,NVIDIA A100-SXM-64GB,141.20,31912,100
1071,2026-05-18 09:52:11.043370,2026/05/18 09:52:11.091,3,NVIDIA A100-SXM-64GB,140.27,31846,100
1072,2026-05-18 09:52:16.103250,2026/05/18 09:52:16.155,0,NVIDIA A100-SXM-64GB,151.62,31904,100
1073,2026-05-18 09:52:16.103250,2026/05/18 09:52:16.159,1,NVIDIA A100-SXM-64GB,139.70,31922,97
1074,2026-05-18 09:52:16.103250,2026/05/18 09:52:16.162,2,NVIDIA A100-SXM-64GB,151.32,31912,97
1075,2026-05-18 09:52:16.103250,2026/05/18 09:52:16.167,3,NVIDIA A100-SXM-64GB,145.36,31846,97
1076,2026-05-18 09:52:21.182528,2026/05/18 09:52:21.222,0,NVIDIA A100-SXM-64GB,198.20,31904,100
1077,2026-05-18 09:52:21.182528,2026/05/18 09:52:21.224,1,NVIDIA A100-SXM-64GB,166.33,31922,100
1078,2026-05-18 09:52:21.182528,2026/05/18 09:52:21.227,2,NVIDIA A100-SXM-64GB,181.03,31912,100
1079,2026-05-18 09:52:21.182528,2026/05/18 09:52:21.229,3,NVIDIA A100-SXM-64GB,176.04,31846,100
1080,2026-05-18 09:52:26.242139,2026/05/18 09:52:26.281,0,NVIDIA A100-SXM-64GB,154.36,31904,100
1081,2026-05-18 09:52:26.242139,2026/05/18 09:52:26.283,1,NVIDIA A100-SXM-64GB,172.75,31922,100
1082,2026-05-18 09:52:26.242139,2026/05/18 09:52:26.286,2,NVIDIA A100-SXM-64GB,186.59,31912,100
1083,2026-05-18 09:52:26.242139,2026/05/18 09:52:26.289,3,NVIDIA A100-SXM-64GB,143.97,31846,100
1084,2026-05-18 09:52:31.301745,2026/05/18 09:52:31.348,0,NVIDIA A100-SXM-64GB,174.90,31904,98
1085,2026-05-18 09:52:31.301745,2026/05/18 09:52:31.351,1,NVIDIA A100-SXM-64GB,135.55,31922,100
1086,2026-05-18 09:52:31.301745,2026/05/18 09:52:31.353,2,NVIDIA A100-SXM-64GB,158.25,31912,99
1087,2026-05-18 09:52:31.301745,2026/05/18 09:52:31.356,3,NVIDIA A100-SXM-64GB,210.08,31846,98
1088,2026-05-18 09:52:36.368761,2026/05/18 09:52:36.408,0,NVIDIA A100-SXM-64GB,152.87,31904,98
1089,2026-05-18 09:52:36.368761,2026/05/18 09:52:36.412,1,NVIDIA A100-SXM-64GB,141.24,31922,100
1090,2026-05-18 09:52:36.368761,2026/05/18 09:52:36.414,2,NVIDIA A100-SXM-64GB,153.79,31912,98
1091,2026-05-18 09:52:36.368761,2026/05/18 09:52:36.417,3,NVIDIA A100-SXM-64GB,146.57,31846,98
1092,2026-05-18 09:52:41.429515,2026/05/18 09:52:41.469,0,NVIDIA A100-SXM-64GB,157.27,31904,100
1093,2026-05-18 09:52:41.429515,2026/05/18 09:52:41.471,1,NVIDIA A100-SXM-64GB,149.47,31922,100
1094,2026-05-18 09:52:41.429515,2026/05/18 09:52:41.475,2,NVIDIA A100-SXM-64GB,154.40,31912,100
1095,2026-05-18 09:52:41.429515,2026/05/18 09:52:41.478,3,NVIDIA A100-SXM-64GB,146.90,31846,100
1096,2026-05-18 09:52:46.490873,2026/05/18 09:52:46.530,0,NVIDIA A100-SXM-64GB,197.92,31904,100
1097,2026-05-18 09:52:46.490873,2026/05/18 09:52:46.534,1,NVIDIA A100-SXM-64GB,178.66,31922,100
1098,2026-05-18 09:52:46.490873,2026/05/18 09:52:46.536,2,NVIDIA A100-SXM-64GB,173.11,31912,100
1099,2026-05-18 09:52:46.490873,2026/05/18 09:52:46.539,3,NVIDIA A100-SXM-64GB,187.80,31846,100
1100,2026-05-18 09:52:51.551715,2026/05/18 09:52:51.591,0,NVIDIA A100-SXM-64GB,189.97,31904,100
1101,2026-05-18 09:52:51.551715,2026/05/18 09:52:51.595,1,NVIDIA A100-SXM-64GB,148.59,31922,100
1102,2026-05-18 09:52:51.551715,2026/05/18 09:52:51.597,2,NVIDIA A100-SXM-64GB,152.53,31912,100
1103,2026-05-18 09:52:51.551715,2026/05/18 09:52:51.599,3,NVIDIA A100-SXM-64GB,145.36,31846,100
1104,2026-05-18 09:52:56.612279,2026/05/18 09:52:56.651,0,NVIDIA A100-SXM-64GB,160.18,31904,98
1105,2026-05-18 09:52:56.612279,2026/05/18 09:52:56.656,1,NVIDIA A100-SXM-64GB,146.12,31922,100
1106,2026-05-18 09:52:56.612279,2026/05/18 09:52:56.658,2,NVIDIA A100-SXM-64GB,153.01,31912,98
1107,2026-05-18 09:52:56.612279,2026/05/18 09:52:56.661,3,NVIDIA A100-SXM-64GB,162.38,31846,100
1108,2026-05-18 09:53:01.673564,2026/05/18 09:53:01.713,0,NVIDIA A100-SXM-64GB,151.94,31904,98
1109,2026-05-18 09:53:01.673564,2026/05/18 09:53:01.716,1,NVIDIA A100-SXM-64GB,143.98,31922,97
1110,2026-05-18 09:53:01.673564,2026/05/18 09:53:01.719,2,NVIDIA A100-SXM-64GB,147.78,31912,99
1111,2026-05-18 09:53:01.673564,2026/05/18 09:53:01.722,3,NVIDIA A100-SXM-64GB,142.42,31846,99
1112,2026-05-18 09:53:06.737535,2026/05/18 09:53:06.777,0,NVIDIA A100-SXM-64GB,182.95,31904,100
1113,2026-05-18 09:53:06.737535,2026/05/18 09:53:06.779,1,NVIDIA A100-SXM-64GB,168.15,31922,100
1114,2026-05-18 09:53:06.737535,2026/05/18 09:53:06.782,2,NVIDIA A100-SXM-64GB,195.45,31912,100
1115,2026-05-18 09:53:06.737535,2026/05/18 09:53:06.784,3,NVIDIA A100-SXM-64GB,189.54,31846,100
1116,2026-05-18 09:53:11.797173,2026/05/18 09:53:11.836,0,NVIDIA A100-SXM-64GB,182.34,31904,100
1117,2026-05-18 09:53:11.797173,2026/05/18 09:53:11.838,1,NVIDIA A100-SXM-64GB,164.79,31922,100
1118,2026-05-18 09:53:11.797173,2026/05/18 09:53:11.841,2,NVIDIA A100-SXM-64GB,169.09,31912,100
1119,2026-05-18 09:53:11.797173,2026/05/18 09:53:11.843,3,NVIDIA A100-SXM-64GB,162.82,31846,100
1120,2026-05-18 09:53:16.856170,2026/05/18 09:53:16.895,0,NVIDIA A100-SXM-64GB,160.02,31904,100
1121,2026-05-18 09:53:16.856170,2026/05/18 09:53:16.897,1,NVIDIA A100-SXM-64GB,192.10,31922,100
1122,2026-05-18 09:53:16.856170,2026/05/18 09:53:16.900,2,NVIDIA A100-SXM-64GB,148.57,31912,100
1123,2026-05-18 09:53:16.856170,2026/05/18 09:53:16.902,3,NVIDIA A100-SXM-64GB,158.52,31846,100
1124,2026-05-18 09:53:21.918071,2026/05/18 09:53:21.957,0,NVIDIA A100-SXM-64GB,156.67,31904,98
1125,2026-05-18 09:53:21.918071,2026/05/18 09:53:21.959,1,NVIDIA A100-SXM-64GB,140.63,31922,98
1126,2026-05-18 09:53:21.918071,2026/05/18 09:53:21.962,2,NVIDIA A100-SXM-64GB,149.50,31912,98
1127,2026-05-18 09:53:21.918071,2026/05/18 09:53:21.965,3,NVIDIA A100-SXM-64GB,147.51,31846,98
1128,2026-05-18 09:53:26.977957,2026/05/18 09:53:27.017,0,NVIDIA A100-SXM-64GB,187.83,31904,100
1129,2026-05-18 09:53:26.977957,2026/05/18 09:53:27.021,1,NVIDIA A100-SXM-64GB,145.19,31922,100
1130,2026-05-18 09:53:26.977957,2026/05/18 09:53:27.023,2,NVIDIA A100-SXM-64GB,161.44,31912,100
1131,2026-05-18 09:53:26.977957,2026/05/18 09:53:27.026,3,NVIDIA A100-SXM-64GB,156.10,31846,100
1132,2026-05-18 09:53:32.038758,2026/05/18 09:53:32.078,0,NVIDIA A100-SXM-64GB,176.38,31904,100
1133,2026-05-18 09:53:32.038758,2026/05/18 09:53:32.083,1,NVIDIA A100-SXM-64GB,173.64,31922,100
1134,2026-05-18 09:53:32.038758,2026/05/18 09:53:32.085,2,NVIDIA A100-SXM-64GB,176.13,31912,100
1135,2026-05-18 09:53:32.038758,2026/05/18 09:53:32.090,3,NVIDIA A100-SXM-64GB,169.87,31846,100
1136,2026-05-18 09:53:37.102662,2026/05/18 09:53:37.152,0,NVIDIA A100-SXM-64GB,195.17,31904,100
1137,2026-05-18 09:53:37.102662,2026/05/18 09:53:37.154,1,NVIDIA A100-SXM-64GB,154.36,31922,100
1138,2026-05-18 09:53:37.102662,2026/05/18 09:53:37.157,2,NVIDIA A100-SXM-64GB,207.72,31912,100
1139,2026-05-18 09:53:37.102662,2026/05/18 09:53:37.160,3,NVIDIA A100-SXM-64GB,209.14,31846,98
1140,2026-05-18 09:53:42.172194,2026/05/18 09:53:42.211,0,NVIDIA A100-SXM-64GB,180.39,31904,100
1141,2026-05-18 09:53:42.172194,2026/05/18 09:53:42.213,1,NVIDIA A100-SXM-64GB,192.57,31922,100
1142,2026-05-18 09:53:42.172194,2026/05/18 09:53:42.216,2,NVIDIA A100-SXM-64GB,178.28,31912,100
1143,2026-05-18 09:53:42.172194,2026/05/18 09:53:42.219,3,NVIDIA A100-SXM-64GB,165.57,31846,100
1144,2026-05-18 09:53:47.231924,2026/05/18 09:53:47.271,0,NVIDIA A100-SXM-64GB,189.36,31904,100
1145,2026-05-18 09:53:47.231924,2026/05/18 09:53:47.273,1,NVIDIA A100-SXM-64GB,175.50,31922,100
1146,2026-05-18 09:53:47.231924,2026/05/18 09:53:47.276,2,NVIDIA A100-SXM-64GB,184.44,31912,100
1147,2026-05-18 09:53:47.231924,2026/05/18 09:53:47.279,3,NVIDIA A100-SXM-64GB,156.98,31846,100
1148,2026-05-18 09:53:52.294919,2026/05/18 09:53:52.334,0,NVIDIA A100-SXM-64GB,157.87,31904,98
1149,2026-05-18 09:53:52.294919,2026/05/18 09:53:52.338,1,NVIDIA A100-SXM-64GB,145.19,31922,98
1150,2026-05-18 09:53:52.294919,2026/05/18 09:53:52.340,2,NVIDIA A100-SXM-64GB,155.34,31912,98
1151,2026-05-18 09:53:52.294919,2026/05/18 09:53:52.343,3,NVIDIA A100-SXM-64GB,142.88,31846,98
1152,2026-05-18 09:53:57.355828,2026/05/18 09:53:57.395,0,NVIDIA A100-SXM-64GB,152.87,31904,98
1153,2026-05-18 09:53:57.355828,2026/05/18 09:53:57.400,1,NVIDIA A100-SXM-64GB,140.91,31922,98
1154,2026-05-18 09:53:57.355828,2026/05/18 09:53:57.402,2,NVIDIA A100-SXM-64GB,152.08,31912,98
1155,2026-05-18 09:53:57.355828,2026/05/18 09:53:57.405,3,NVIDIA A100-SXM-64GB,148.72,31846,98
1156,2026-05-18 09:54:02.419279,2026/05/18 09:54:02.459,0,NVIDIA A100-SXM-64GB,159.30,31904,100
1157,2026-05-18 09:54:02.419279,2026/05/18 09:54:02.461,1,NVIDIA A100-SXM-64GB,147.99,31922,100
1158,2026-05-18 09:54:02.419279,2026/05/18 09:54:02.464,2,NVIDIA A100-SXM-64GB,180.43,31912,100
1159,2026-05-18 09:54:02.419279,2026/05/18 09:54:02.466,3,NVIDIA A100-SXM-64GB,147.78,31846,100
1160,2026-05-18 09:54:07.479175,2026/05/18 09:54:07.519,0,NVIDIA A100-SXM-64GB,197.59,31904,100
1161,2026-05-18 09:54:07.479175,2026/05/18 09:54:07.521,1,NVIDIA A100-SXM-64GB,185.27,31922,100
1162,2026-05-18 09:54:07.479175,2026/05/18 09:54:07.524,2,NVIDIA A100-SXM-64GB,174.32,31912,100
1163,2026-05-18 09:54:07.479175,2026/05/18 09:54:07.529,3,NVIDIA A100-SXM-64GB,174.77,31846,100
1164,2026-05-18 09:54:12.541945,2026/05/18 09:54:12.581,0,NVIDIA A100-SXM-64GB,190.57,31904,100
1165,2026-05-18 09:54:12.541945,2026/05/18 09:54:12.586,1,NVIDIA A100-SXM-64GB,175.77,31922,100
1166,2026-05-18 09:54:12.541945,2026/05/18 09:54:12.589,2,NVIDIA A100-SXM-64GB,165.13,31912,100
1167,2026-05-18 09:54:12.541945,2026/05/18 09:54:12.591,3,NVIDIA A100-SXM-64GB,172.62,31846,100
1168,2026-05-18 09:54:17.604743,2026/05/18 09:54:17.655,0,NVIDIA A100-SXM-64GB,181.59,31904,100
1169,2026-05-18 09:54:17.604743,2026/05/18 09:54:17.658,1,NVIDIA A100-SXM-64GB,181.26,31922,100
1170,2026-05-18 09:54:17.604743,2026/05/18 09:54:17.661,2,NVIDIA A100-SXM-64GB,184.44,31912,100
1171,2026-05-18 09:54:17.604743,2026/05/18 09:54:17.663,3,NVIDIA A100-SXM-64GB,146.44,31846,98
1172,2026-05-18 09:54:22.676003,2026/05/18 09:54:22.715,0,NVIDIA A100-SXM-64GB,226.10,31904,100
1173,2026-05-18 09:54:22.676003,2026/05/18 09:54:22.717,1,NVIDIA A100-SXM-64GB,219.92,31922,98
1174,2026-05-18 09:54:22.676003,2026/05/18 09:54:22.720,2,NVIDIA A100-SXM-64GB,136.76,31912,97
1175,2026-05-18 09:54:22.676003,2026/05/18 09:54:22.722,3,NVIDIA A100-SXM-64GB,141.67,31846,97
1176,2026-05-18 09:54:27.735599,2026/05/18 09:54:27.775,0,NVIDIA A100-SXM-64GB,190.76,31904,100
1177,2026-05-18 09:54:27.735599,2026/05/18 09:54:27.777,1,NVIDIA A100-SXM-64GB,177.65,31922,100
1178,2026-05-18 09:54:27.735599,2026/05/18 09:54:27.780,2,NVIDIA A100-SXM-64GB,188.73,31912,100
1179,2026-05-18 09:54:27.735599,2026/05/18 09:54:27.782,3,NVIDIA A100-SXM-64GB,180.01,31846,100
1180,2026-05-18 09:54:32.795135,2026/05/18 09:54:32.834,0,NVIDIA A100-SXM-64GB,176.53,31904,100
1181,2026-05-18 09:54:32.795135,2026/05/18 09:54:32.840,1,NVIDIA A100-SXM-64GB,162.04,31922,100
1182,2026-05-18 09:54:32.795135,2026/05/18 09:54:32.843,2,NVIDIA A100-SXM-64GB,170.96,31912,100
1183,2026-05-18 09:54:32.795135,2026/05/18 09:54:32.845,3,NVIDIA A100-SXM-64GB,167.11,31846,100
1184,2026-05-18 09:54:37.858789,2026/05/18 09:54:37.898,0,NVIDIA A100-SXM-64GB,153.00,31904,100
1185,2026-05-18 09:54:37.858789,2026/05/18 09:54:37.900,1,NVIDIA A100-SXM-64GB,146.12,31922,98
1186,2026-05-18 09:54:37.858789,2026/05/18 09:54:37.903,2,NVIDIA A100-SXM-64GB,151.20,31912,98
1187,2026-05-18 09:54:37.858789,2026/05/18 09:54:37.906,3,NVIDIA A100-SXM-64GB,142.42,31846,98
1188,2026-05-18 09:54:42.918760,2026/05/18 09:54:42.958,0,NVIDIA A100-SXM-64GB,152.71,31904,100
1189,2026-05-18 09:54:42.918760,2026/05/18 09:54:42.960,1,NVIDIA A100-SXM-64GB,147.66,31922,98
1190,2026-05-18 09:54:42.918760,2026/05/18 09:54:42.963,2,NVIDIA A100-SXM-64GB,153.79,31912,98
1191,2026-05-18 09:54:42.918760,2026/05/18 09:54:42.968,3,NVIDIA A100-SXM-64GB,148.72,31846,98
1192,2026-05-18 09:54:47.981789,2026/05/18 09:54:48.021,0,NVIDIA A100-SXM-64GB,173.96,31904,100
1193,2026-05-18 09:54:47.981789,2026/05/18 09:54:48.024,1,NVIDIA A100-SXM-64GB,151.34,31922,100
1194,2026-05-18 09:54:47.981789,2026/05/18 09:54:48.026,2,NVIDIA A100-SXM-64GB,152.26,31912,100
1195,2026-05-18 09:54:47.981789,2026/05/18 09:54:48.029,3,NVIDIA A100-SXM-64GB,148.12,31846,100
1196,2026-05-18 09:54:53.041723,2026/05/18 09:54:53.081,0,NVIDIA A100-SXM-64GB,191.50,31904,100
1197,2026-05-18 09:54:53.041723,2026/05/18 09:54:53.083,1,NVIDIA A100-SXM-64GB,180.99,31922,100
1198,2026-05-18 09:54:53.041723,2026/05/18 09:54:53.086,2,NVIDIA A100-SXM-64GB,164.53,31912,100
1199,2026-05-18 09:54:53.041723,2026/05/18 09:54:53.089,3,NVIDIA A100-SXM-64GB,183.70,31846,100
1200,2026-05-18 09:54:58.101985,2026/05/18 09:54:58.141,0,NVIDIA A100-SXM-64GB,196.66,31904,98
1201,2026-05-18 09:54:58.101985,2026/05/18 09:54:58.143,1,NVIDIA A100-SXM-64GB,193.31,31922,97
1202,2026-05-18 09:54:58.101985,2026/05/18 09:54:58.146,2,NVIDIA A100-SXM-64GB,154.07,31912,100
1203,2026-05-18 09:54:58.101985,2026/05/18 09:54:58.149,3,NVIDIA A100-SXM-64GB,229.45,31846,100
1204,2026-05-18 09:55:03.162470,2026/05/18 09:55:03.202,0,NVIDIA A100-SXM-64GB,184.15,31904,100
1205,2026-05-18 09:55:03.162470,2026/05/18 09:55:03.205,1,NVIDIA A100-SXM-64GB,175.77,31922,100
1206,2026-05-18 09:55:03.162470,2026/05/18 09:55:03.208,2,NVIDIA A100-SXM-64GB,172.17,31912,100
1207,2026-05-18 09:55:03.162470,2026/05/18 09:55:03.211,3,NVIDIA A100-SXM-64GB,168.66,31846,100
1208,2026-05-18 09:55:08.224016,2026/05/18 09:55:08.263,0,NVIDIA A100-SXM-64GB,169.78,31904,100
1209,2026-05-18 09:55:08.224016,2026/05/18 09:55:08.265,1,NVIDIA A100-SXM-64GB,167.36,31922,100
1210,2026-05-18 09:55:08.224016,2026/05/18 09:55:08.268,2,NVIDIA A100-SXM-64GB,184.44,31912,100
1211,2026-05-18 09:55:08.224016,2026/05/18 09:55:08.271,3,NVIDIA A100-SXM-64GB,156.71,31846,100
1212,2026-05-18 09:55:13.284550,2026/05/18 09:55:13.324,0,NVIDIA A100-SXM-64GB,180.99,31904,100
1213,2026-05-18 09:55:13.284550,2026/05/18 09:55:13.326,1,NVIDIA A100-SXM-64GB,167.81,31922,100
1214,2026-05-18 09:55:13.284550,2026/05/18 09:55:13.332,2,NVIDIA A100-SXM-64GB,211.19,31912,100
1215,2026-05-18 09:55:13.284550,2026/05/18 09:55:13.334,3,NVIDIA A100-SXM-64GB,175.44,31846,100
1216,2026-05-18 09:55:18.350825,2026/05/18 09:55:18.390,0,NVIDIA A100-SXM-64GB,183.22,31904,100
1217,2026-05-18 09:55:18.350825,2026/05/18 09:55:18.395,1,NVIDIA A100-SXM-64GB,171.49,31922,100
1218,2026-05-18 09:55:18.350825,2026/05/18 09:55:18.398,2,NVIDIA A100-SXM-64GB,139.05,31912,98
1219,2026-05-18 09:55:18.350825,2026/05/18 09:55:18.401,3,NVIDIA A100-SXM-64GB,157.31,31846,100
1220,2026-05-18 09:55:23.413821,2026/05/18 09:55:23.453,0,NVIDIA A100-SXM-64GB,155.29,31904,100
1221,2026-05-18 09:55:23.413821,2026/05/18 09:55:23.458,1,NVIDIA A100-SXM-64GB,143.04,31922,98
1222,2026-05-18 09:55:23.413821,2026/05/18 09:55:23.461,2,NVIDIA A100-SXM-64GB,153.47,31912,98
1223,2026-05-18 09:55:23.413821,2026/05/18 09:55:23.463,3,NVIDIA A100-SXM-64GB,144.75,31846,98
1224,2026-05-18 09:55:28.477382,2026/05/18 09:55:28.517,0,NVIDIA A100-SXM-64GB,180.81,31904,100
1225,2026-05-18 09:55:28.477382,2026/05/18 09:55:28.519,1,NVIDIA A100-SXM-64GB,182.20,31922,100
1226,2026-05-18 09:55:28.477382,2026/05/18 09:55:28.522,2,NVIDIA A100-SXM-64GB,192.09,31912,100
1227,2026-05-18 09:55:28.477382,2026/05/18 09:55:28.526,3,NVIDIA A100-SXM-64GB,187.80,31846,100
1228,2026-05-18 09:55:33.539079,2026/05/18 09:55:33.578,0,NVIDIA A100-SXM-64GB,155.90,31904,100
1229,2026-05-18 09:55:33.539079,2026/05/18 09:55:33.580,1,NVIDIA A100-SXM-64GB,161.72,31922,100
1230,2026-05-18 09:55:33.539079,2026/05/18 09:55:33.583,2,NVIDIA A100-SXM-64GB,185.05,31912,100
1231,2026-05-18 09:55:33.539079,2026/05/18 09:55:33.588,3,NVIDIA A100-SXM-64GB,161.00,31846,100
1232,2026-05-18 09:55:38.601064,2026/05/18 09:55:38.640,0,NVIDIA A100-SXM-64GB,146.12,31904,98
1233,2026-05-18 09:55:38.601064,2026/05/18 09:55:38.642,1,NVIDIA A100-SXM-64GB,134.53,31922,100
1234,2026-05-18 09:55:38.601064,2026/05/18 09:55:38.645,2,NVIDIA A100-SXM-64GB,145.64,31912,100
1235,2026-05-18 09:55:38.601064,2026/05/18 09:55:38.647,3,NVIDIA A100-SXM-64GB,136.30,31846,100
1236,2026-05-18 09:55:43.660999,2026/05/18 09:55:43.701,0,NVIDIA A100-SXM-64GB,142.17,31904,97
1237,2026-05-18 09:55:43.660999,2026/05/18 09:55:43.704,1,NVIDIA A100-SXM-64GB,133.27,31922,97
1238,2026-05-18 09:55:43.660999,2026/05/18 09:55:43.707,2,NVIDIA A100-SXM-64GB,149.66,31912,97
1239,2026-05-18 09:55:43.660999,2026/05/18 09:55:43.709,3,NVIDIA A100-SXM-64GB,135.09,31846,97
1240,2026-05-18 09:55:48.723125,2026/05/18 09:55:48.762,0,NVIDIA A100-SXM-64GB,198.52,31904,100
1241,2026-05-18 09:55:48.723125,2026/05/18 09:55:48.766,1,NVIDIA A100-SXM-64GB,186.81,31922,100
1242,2026-05-18 09:55:48.723125,2026/05/18 09:55:48.769,2,NVIDIA A100-SXM-64GB,193.91,31912,100
1243,2026-05-18 09:55:48.723125,2026/05/18 09:55:48.772,3,NVIDIA A100-SXM-64GB,165.57,31846,100
1244,2026-05-18 09:55:53.786472,2026/05/18 09:55:53.826,0,NVIDIA A100-SXM-64GB,170.71,31904,100
1245,2026-05-18 09:55:53.786472,2026/05/18 09:55:53.828,1,NVIDIA A100-SXM-64GB,162.93,31922,100
1246,2026-05-18 09:55:53.786472,2026/05/18 09:55:53.831,2,NVIDIA A100-SXM-64GB,163.92,31912,100
1247,2026-05-18 09:55:53.786472,2026/05/18 09:55:53.833,3,NVIDIA A100-SXM-64GB,168.33,31846,100
1248,2026-05-18 09:55:58.849772,2026/05/18 09:55:58.889,0,NVIDIA A100-SXM-64GB,153.15,31904,98
1249,2026-05-18 09:55:58.849772,2026/05/18 09:55:58.892,1,NVIDIA A100-SXM-64GB,143.71,31922,100
1250,2026-05-18 09:55:58.849772,2026/05/18 09:55:58.895,2,NVIDIA A100-SXM-64GB,152.08,31912,100
1251,2026-05-18 09:55:58.849772,2026/05/18 09:55:58.898,3,NVIDIA A100-SXM-64GB,148.60,31846,100
1252,2026-05-18 09:56:03.911235,2026/05/18 09:56:03.950,0,NVIDIA A100-SXM-64GB,198.80,31904,100
1253,2026-05-18 09:56:03.911235,2026/05/18 09:56:03.952,1,NVIDIA A100-SXM-64GB,144.58,31922,100
1254,2026-05-18 09:56:03.911235,2026/05/18 09:56:03.955,2,NVIDIA A100-SXM-64GB,183.51,31912,100
1255,2026-05-18 09:56:03.911235,2026/05/18 09:56:03.957,3,NVIDIA A100-SXM-64GB,147.18,31846,100
1256,2026-05-18 09:56:08.970962,2026/05/18 09:56:09.010,0,NVIDIA A100-SXM-64GB,188.15,31904,100
1257,2026-05-18 09:56:08.970962,2026/05/18 09:56:09.012,1,NVIDIA A100-SXM-64GB,152.54,31922,100
1258,2026-05-18 09:56:08.970962,2026/05/18 09:56:09.018,2,NVIDIA A100-SXM-64GB,170.63,31912,100
1259,2026-05-18 09:56:08.970962,2026/05/18 09:56:09.021,3,NVIDIA A100-SXM-64GB,151.47,31846,100
1260,2026-05-18 09:56:14.034130,2026/05/18 09:56:14.073,0,NVIDIA A100-SXM-64GB,173.18,31904,100
1261,2026-05-18 09:56:14.034130,2026/05/18 09:56:14.075,1,NVIDIA A100-SXM-64GB,186.62,31922,100
1262,2026-05-18 09:56:14.034130,2026/05/18 09:56:14.079,2,NVIDIA A100-SXM-64GB,170.96,31912,100
1263,2026-05-18 09:56:14.034130,2026/05/18 09:56:14.081,3,NVIDIA A100-SXM-64GB,173.56,31846,100
1264,2026-05-18 09:56:19.095289,2026/05/18 09:56:19.135,0,NVIDIA A100-SXM-64GB,190.30,31904,100
1265,2026-05-18 09:56:19.095289,2026/05/18 09:56:19.138,1,NVIDIA A100-SXM-64GB,150.74,31922,100
1266,2026-05-18 09:56:19.095289,2026/05/18 09:56:19.140,2,NVIDIA A100-SXM-64GB,151.32,31912,100
1267,2026-05-18 09:56:19.095289,2026/05/18 09:56:19.146,3,NVIDIA A100-SXM-64GB,152.68,31846,100
1268,2026-05-18 09:56:24.159029,2026/05/18 09:56:24.198,0,NVIDIA A100-SXM-64GB,211.25,31904,100
1269,2026-05-18 09:56:24.159029,2026/05/18 09:56:24.200,1,NVIDIA A100-SXM-64GB,142.32,31922,98
1270,2026-05-18 09:56:24.159029,2026/05/18 09:56:24.203,2,NVIDIA A100-SXM-64GB,154.84,31912,98
1271,2026-05-18 09:56:24.159029,2026/05/18 09:56:24.205,3,NVIDIA A100-SXM-64GB,147.66,31846,100
1272,2026-05-18 09:56:29.219357,2026/05/18 09:56:29.259,0,NVIDIA A100-SXM-64GB,191.97,31904,100
1273,2026-05-18 09:56:29.219357,2026/05/18 09:56:29.261,1,NVIDIA A100-SXM-64GB,142.17,31922,100
1274,2026-05-18 09:56:29.219357,2026/05/18 09:56:29.264,2,NVIDIA A100-SXM-64GB,148.72,31912,100
1275,2026-05-18 09:56:29.219357,2026/05/18 09:56:29.266,3,NVIDIA A100-SXM-64GB,157.81,31846,100
1276,2026-05-18 09:56:34.279810,2026/05/18 09:56:34.319,0,NVIDIA A100-SXM-64GB,195.46,31904,100
1277,2026-05-18 09:56:34.279810,2026/05/18 09:56:34.321,1,NVIDIA A100-SXM-64GB,169.35,31922,100
1278,2026-05-18 09:56:34.279810,2026/05/18 09:56:34.324,2,NVIDIA A100-SXM-64GB,180.76,31912,100
1279,2026-05-18 09:56:34.279810,2026/05/18 09:56:34.327,3,NVIDIA A100-SXM-64GB,187.38,31846,100
1280,2026-05-18 09:56:39.340407,2026/05/18 09:56:39.380,0,NVIDIA A100-SXM-64GB,180.48,31904,100
1281,2026-05-18 09:56:39.340407,2026/05/18 09:56:39.383,1,NVIDIA A100-SXM-64GB,169.07,31922,100
1282,2026-05-18 09:56:39.340407,2026/05/18 09:56:39.386,2,NVIDIA A100-SXM-64GB,181.96,31912,100
1283,2026-05-18 09:56:39.340407,2026/05/18 09:56:39.388,3,NVIDIA A100-SXM-64GB,157.92,31846,100
1284,2026-05-18 09:56:44.402034,2026/05/18 09:56:44.441,0,NVIDIA A100-SXM-64GB,191.50,31904,100
1285,2026-05-18 09:56:44.402034,2026/05/18 09:56:44.444,1,NVIDIA A100-SXM-64GB,193.04,31922,100
1286,2026-05-18 09:56:44.402034,2026/05/18 09:56:44.447,2,NVIDIA A100-SXM-64GB,189.34,31912,100
1287,2026-05-18 09:56:44.402034,2026/05/18 09:56:44.449,3,NVIDIA A100-SXM-64GB,144.75,31846,100
1288,2026-05-18 09:56:49.462951,2026/05/18 09:56:49.502,0,NVIDIA A100-SXM-64GB,183.22,31904,100
1289,2026-05-18 09:56:49.462951,2026/05/18 09:56:49.507,1,NVIDIA A100-SXM-64GB,170.28,31922,100
1290,2026-05-18 09:56:49.462951,2026/05/18 09:56:49.509,2,NVIDIA A100-SXM-64GB,192.09,31912,100
1291,2026-05-18 09:56:49.462951,2026/05/18 09:56:49.512,3,NVIDIA A100-SXM-64GB,182.49,31846,100
1292,2026-05-18 09:56:54.526036,2026/05/18 09:56:54.565,0,NVIDIA A100-SXM-64GB,180.48,31904,100
1293,2026-05-18 09:56:54.526036,2026/05/18 09:56:54.569,1,NVIDIA A100-SXM-64GB,173.96,31922,100
1294,2026-05-18 09:56:54.526036,2026/05/18 09:56:54.571,2,NVIDIA A100-SXM-64GB,159.90,31912,100
1295,2026-05-18 09:56:54.526036,2026/05/18 09:56:54.574,3,NVIDIA A100-SXM-64GB,151.20,31846,100
1296,2026-05-18 09:56:59.590535,2026/05/18 09:56:59.630,0,NVIDIA A100-SXM-64GB,156.23,31904,98
1297,2026-05-18 09:56:59.590535,2026/05/18 09:56:59.633,1,NVIDIA A100-SXM-64GB,145.07,31922,98
1298,2026-05-18 09:56:59.590535,2026/05/18 09:56:59.635,2,NVIDIA A100-SXM-64GB,151.80,31912,98
1299,2026-05-18 09:56:59.590535,2026/05/18 09:56:59.638,3,NVIDIA A100-SXM-64GB,147.93,31846,98
1300,2026-05-18 09:57:04.651513,2026/05/18 09:57:04.703,0,NVIDIA A100-SXM-64GB,189.56,31904,100
1301,2026-05-18 09:57:04.651513,2026/05/18 09:57:04.706,1,NVIDIA A100-SXM-64GB,129.45,31922,100
1302,2026-05-18 09:57:04.651513,2026/05/18 09:57:04.708,2,NVIDIA A100-SXM-64GB,141.67,31912,100
1303,2026-05-18 09:57:04.651513,2026/05/18 09:57:04.711,3,NVIDIA A100-SXM-64GB,192.89,31846,98
1304,2026-05-18 09:57:09.724373,2026/05/18 09:57:09.764,0,NVIDIA A100-SXM-64GB,195.46,31904,100
1305,2026-05-18 09:57:09.724373,2026/05/18 09:57:09.767,1,NVIDIA A100-SXM-64GB,187.83,31922,100
1306,2026-05-18 09:57:09.724373,2026/05/18 09:57:09.769,2,NVIDIA A100-SXM-64GB,185.65,31912,100
1307,2026-05-18 09:57:09.724373,2026/05/18 09:57:09.772,3,NVIDIA A100-SXM-64GB,178.79,31846,100
1308,2026-05-18 09:57:14.785431,2026/05/18 09:57:14.825,0,NVIDIA A100-SXM-64GB,168.74,31904,100
1309,2026-05-18 09:57:14.785431,2026/05/18 09:57:14.829,1,NVIDIA A100-SXM-64GB,174.24,31922,100
1310,2026-05-18 09:57:14.785431,2026/05/18 09:57:14.831,2,NVIDIA A100-SXM-64GB,179.49,31912,100
1311,2026-05-18 09:57:14.785431,2026/05/18 09:57:14.834,3,NVIDIA A100-SXM-64GB,160.06,31846,100
1312,2026-05-18 09:57:19.851139,2026/05/18 09:57:19.891,0,NVIDIA A100-SXM-64GB,156.50,31904,98
1313,2026-05-18 09:57:19.851139,2026/05/18 09:57:19.893,1,NVIDIA A100-SXM-64GB,147.05,31922,98
1314,2026-05-18 09:57:19.851139,2026/05/18 09:57:19.896,2,NVIDIA A100-SXM-64GB,147.96,31912,98
1315,2026-05-18 09:57:19.851139,2026/05/18 09:57:19.899,3,NVIDIA A100-SXM-64GB,145.79,31846,98
1316,2026-05-18 09:57:24.912640,2026/05/18 09:57:24.952,0,NVIDIA A100-SXM-64GB,155.90,31904,98
1317,2026-05-18 09:57:24.912640,2026/05/18 09:57:24.956,1,NVIDIA A100-SXM-64GB,147.99,31922,98
1318,2026-05-18 09:57:24.912640,2026/05/18 09:57:24.961,2,NVIDIA A100-SXM-64GB,148.29,31912,98
1319,2026-05-18 09:57:24.912640,2026/05/18 09:57:24.964,3,NVIDIA A100-SXM-64GB,146.73,31846,98
1320,2026-05-18 09:57:29.979038,2026/05/18 09:57:30.018,0,NVIDIA A100-SXM-64GB,175.59,31904,100
1321,2026-05-18 09:57:29.979038,2026/05/18 09:57:30.021,1,NVIDIA A100-SXM-64GB,155.29,31922,100
1322,2026-05-18 09:57:29.979038,2026/05/18 09:57:30.023,2,NVIDIA A100-SXM-64GB,180.76,31912,100
1323,2026-05-18 09:57:29.979038,2026/05/18 09:57:30.026,3,NVIDIA A100-SXM-64GB,164.97,31846,100
1324,2026-05-18 09:57:35.039155,2026/05/18 09:57:35.089,0,NVIDIA A100-SXM-64GB,172.58,31904,100
1325,2026-05-18 09:57:35.039155,2026/05/18 09:57:35.092,1,NVIDIA A100-SXM-64GB,170.61,31922,100
1326,2026-05-18 09:57:35.039155,2026/05/18 09:57:35.095,2,NVIDIA A100-SXM-64GB,163.26,31912,100
1327,2026-05-18 09:57:35.039155,2026/05/18 09:57:35.097,3,NVIDIA A100-SXM-64GB,180.34,31846,100
1328,2026-05-18 09:57:40.110841,2026/05/18 09:57:40.150,0,NVIDIA A100-SXM-64GB,194.45,31904,97
1329,2026-05-18 09:57:40.110841,2026/05/18 09:57:40.152,1,NVIDIA A100-SXM-64GB,139.57,31922,100
1330,2026-05-18 09:57:40.110841,2026/05/18 09:57:40.155,2,NVIDIA A100-SXM-64GB,160.67,31912,100
1331,2026-05-18 09:57:40.110841,2026/05/18 09:57:40.157,3,NVIDIA A100-SXM-64GB,214.05,31846,100
1332,2026-05-18 09:57:45.172520,2026/05/18 09:57:45.213,0,NVIDIA A100-SXM-64GB,155.62,31904,100
1333,2026-05-18 09:57:45.172520,2026/05/18 09:57:45.215,1,NVIDIA A100-SXM-64GB,141.84,31922,100
1334,2026-05-18 09:57:45.172520,2026/05/18 09:57:45.220,2,NVIDIA A100-SXM-64GB,150.72,31912,100
1335,2026-05-18 09:57:45.172520,2026/05/18 09:57:45.232,3,NVIDIA A100-SXM-64GB,146.44,31846,100
1336,2026-05-18 09:57:50.245816,2026/05/18 09:57:50.285,0,NVIDIA A100-SXM-64GB,158.04,31904,100
1337,2026-05-18 09:57:50.245816,2026/05/18 09:57:50.287,1,NVIDIA A100-SXM-64GB,143.98,31922,100
1338,2026-05-18 09:57:50.245816,2026/05/18 09:57:50.290,2,NVIDIA A100-SXM-64GB,154.07,31912,100
1339,2026-05-18 09:57:50.245816,2026/05/18 09:57:50.292,3,NVIDIA A100-SXM-64GB,147.18,31846,100
1340,2026-05-18 09:57:55.306593,2026/05/18 09:57:55.357,0,NVIDIA A100-SXM-64GB,211.97,31904,100
1341,2026-05-18 09:57:55.306593,2026/05/18 09:57:55.360,1,NVIDIA A100-SXM-64GB,131.46,31922,100
1342,2026-05-18 09:57:55.306593,2026/05/18 09:57:55.363,2,NVIDIA A100-SXM-64GB,139.52,31912,100
1343,2026-05-18 09:57:55.306593,2026/05/18 09:57:55.365,3,NVIDIA A100-SXM-64GB,179.40,31846,100
1344,2026-05-18 09:58:00.378904,2026/05/18 09:58:00.418,0,NVIDIA A100-SXM-64GB,182.53,31904,100
1345,2026-05-18 09:58:00.378904,2026/05/18 09:58:00.420,1,NVIDIA A100-SXM-64GB,169.35,31922,100
1346,2026-05-18 09:58:00.378904,2026/05/18 09:58:00.423,2,NVIDIA A100-SXM-64GB,173.99,31912,100
1347,2026-05-18 09:58:00.378904,2026/05/18 09:58:00.425,3,NVIDIA A100-SXM-64GB,157.81,31846,100
1348,2026-05-18 09:58:05.439517,2026/05/18 09:58:05.479,0,NVIDIA A100-SXM-64GB,158.97,31904,98
1349,2026-05-18 09:58:05.439517,2026/05/18 09:58:05.481,1,NVIDIA A100-SXM-64GB,142.77,31922,98
1350,2026-05-18 09:58:05.439517,2026/05/18 09:58:05.484,2,NVIDIA A100-SXM-64GB,153.34,31912,98
1351,2026-05-18 09:58:05.439517,2026/05/18 09:58:05.487,3,NVIDIA A100-SXM-64GB,146.73,31846,98
1352,2026-05-18 09:58:10.501034,2026/05/18 09:58:10.552,0,NVIDIA A100-SXM-64GB,173.18,31904,98
1353,2026-05-18 09:58:10.501034,2026/05/18 09:58:10.556,1,NVIDIA A100-SXM-64GB,142.17,31922,100
1354,2026-05-18 09:58:10.501034,2026/05/18 09:58:10.559,2,NVIDIA A100-SXM-64GB,152.53,31912,100
1355,2026-05-18 09:58:10.501034,2026/05/18 09:58:10.561,3,NVIDIA A100-SXM-64GB,181.22,31846,98
1356,2026-05-18 09:58:15.575319,2026/05/18 09:58:15.627,0,NVIDIA A100-SXM-64GB,158.20,31904,100
1357,2026-05-18 09:58:15.575319,2026/05/18 09:58:15.629,1,NVIDIA A100-SXM-64GB,173.46,31922,100
1358,2026-05-18 09:58:15.575319,2026/05/18 09:58:15.634,2,NVIDIA A100-SXM-64GB,154.68,31912,100
1359,2026-05-18 09:58:15.575319,2026/05/18 09:58:15.637,3,NVIDIA A100-SXM-64GB,153.62,31846,100
1360,2026-05-18 09:58:20.652509,2026/05/18 09:58:20.693,0,NVIDIA A100-SXM-64GB,144.92,31904,98
1361,2026-05-18 09:58:20.652509,2026/05/18 09:58:20.695,1,NVIDIA A100-SXM-64GB,145.07,31922,100
1362,2026-05-18 09:58:20.652509,2026/05/18 09:58:20.698,2,NVIDIA A100-SXM-64GB,150.26,31912,100
1363,2026-05-18 09:58:20.652509,2026/05/18 09:58:20.701,3,NVIDIA A100-SXM-64GB,140.00,31846,98
1364,2026-05-18 09:58:25.714327,2026/05/18 09:58:25.754,0,NVIDIA A100-SXM-64GB,143.38,31904,97
1365,2026-05-18 09:58:25.714327,2026/05/18 09:58:25.756,1,NVIDIA A100-SXM-64GB,146.45,31922,97
1366,2026-05-18 09:58:25.714327,2026/05/18 09:58:25.759,2,NVIDIA A100-SXM-64GB,148.45,31912,97
1367,2026-05-18 09:58:25.714327,2026/05/18 09:58:25.761,3,NVIDIA A100-SXM-64GB,143.03,31846,97
1368,2026-05-18 09:58:30.775844,2026/05/18 09:58:30.815,0,NVIDIA A100-SXM-64GB,193.24,31904,100
1369,2026-05-18 09:58:30.775844,2026/05/18 09:58:30.817,1,NVIDIA A100-SXM-64GB,188.35,31922,100
1370,2026-05-18 09:58:30.775844,2026/05/18 09:58:30.820,2,NVIDIA A100-SXM-64GB,190.14,31912,100
1371,2026-05-18 09:58:30.775844,2026/05/18 09:58:30.822,3,NVIDIA A100-SXM-64GB,182.95,31846,100
1372,2026-05-18 09:58:35.836090,2026/05/18 09:58:35.875,0,NVIDIA A100-SXM-64GB,165.67,31904,100
1373,2026-05-18 09:58:35.836090,2026/05/18 09:58:35.879,1,NVIDIA A100-SXM-64GB,176.71,31922,100
1374,2026-05-18 09:58:35.836090,2026/05/18 09:58:35.882,2,NVIDIA A100-SXM-64GB,183.79,31912,100
1375,2026-05-18 09:58:35.836090,2026/05/18 09:58:35.884,3,NVIDIA A100-SXM-64GB,177.10,31846,100
1376,2026-05-18 09:58:40.898142,2026/05/18 09:58:40.950,0,NVIDIA A100-SXM-64GB,158.04,31904,100
1377,2026-05-18 09:58:40.898142,2026/05/18 09:58:40.952,1,NVIDIA A100-SXM-64GB,141.98,31922,100
1378,2026-05-18 09:58:40.898142,2026/05/18 09:58:40.955,2,NVIDIA A100-SXM-64GB,153.95,31912,100
1379,2026-05-18 09:58:40.898142,2026/05/18 09:58:40.959,3,NVIDIA A100-SXM-64GB,181.55,31846,100
1380,2026-05-18 09:58:45.974202,2026/05/18 09:58:46.013,0,NVIDIA A100-SXM-64GB,172.43,31904,100
1381,2026-05-18 09:58:45.974202,2026/05/18 09:58:46.015,1,NVIDIA A100-SXM-64GB,170.61,31922,100
1382,2026-05-18 09:58:45.974202,2026/05/18 09:58:46.018,2,NVIDIA A100-SXM-64GB,173.56,31912,100
1383,2026-05-18 09:58:45.974202,2026/05/18 09:58:46.020,3,NVIDIA A100-SXM-64GB,170.04,31846,100
1384,2026-05-18 09:58:51.034178,2026/05/18 09:58:51.073,0,NVIDIA A100-SXM-64GB,170.89,31904,100
1385,2026-05-18 09:58:51.034178,2026/05/18 09:58:51.075,1,NVIDIA A100-SXM-64GB,151.94,31922,100
1386,2026-05-18 09:58:51.034178,2026/05/18 09:58:51.078,2,NVIDIA A100-SXM-64GB,151.47,31912,100
1387,2026-05-18 09:58:51.034178,2026/05/18 09:58:51.080,3,NVIDIA A100-SXM-64GB,174.17,31846,100
1388,2026-05-18 09:58:56.095520,2026/05/18 09:58:56.135,0,NVIDIA A100-SXM-64GB,188.63,31904,100
1389,2026-05-18 09:58:56.095520,2026/05/18 09:58:56.137,1,NVIDIA A100-SXM-64GB,172.75,31922,100
1390,2026-05-18 09:58:56.095520,2026/05/18 09:58:56.141,2,NVIDIA A100-SXM-64GB,182.76,31912,100
1391,2026-05-18 09:58:56.095520,2026/05/18 09:58:56.144,3,NVIDIA A100-SXM-64GB,181.22,31846,100
1392,2026-05-18 09:59:01.158369,2026/05/18 09:59:01.198,0,NVIDIA A100-SXM-64GB,156.23,31904,100
1393,2026-05-18 09:59:01.158369,2026/05/18 09:59:01.201,1,NVIDIA A100-SXM-64GB,149.62,31922,100
1394,2026-05-18 09:59:01.158369,2026/05/18 09:59:01.203,2,NVIDIA A100-SXM-64GB,157.31,31912,100
1395,2026-05-18 09:59:01.158369,2026/05/18 09:59:01.208,3,NVIDIA A100-SXM-64GB,144.90,31846,100
1396,2026-05-18 09:59:06.222296,2026/05/18 09:59:06.262,0,NVIDIA A100-SXM-64GB,155.62,31904,98
1397,2026-05-18 09:59:06.222296,2026/05/18 09:59:06.264,1,NVIDIA A100-SXM-64GB,144.13,31922,98
1398,2026-05-18 09:59:06.222296,2026/05/18 09:59:06.270,2,NVIDIA A100-SXM-64GB,150.26,31912,98
1399,2026-05-18 09:59:06.222296,2026/05/18 09:59:06.272,3,NVIDIA A100-SXM-64GB,142.75,31846,98
1400,2026-05-18 09:59:11.286291,2026/05/18 09:59:11.325,0,NVIDIA A100-SXM-64GB,156.83,31904,98
1401,2026-05-18 09:59:11.286291,2026/05/18 09:59:11.330,1,NVIDIA A100-SXM-64GB,146.27,31922,99
1402,2026-05-18 09:59:11.286291,2026/05/18 09:59:11.333,2,NVIDIA A100-SXM-64GB,149.33,31912,99
1403,2026-05-18 09:59:11.286291,2026/05/18 09:59:11.336,3,NVIDIA A100-SXM-64GB,141.21,31846,97
1404,2026-05-18 09:59:16.349954,2026/05/18 09:59:16.389,0,NVIDIA A100-SXM-64GB,189.97,31904,100
1405,2026-05-18 09:59:16.349954,2026/05/18 09:59:16.393,1,NVIDIA A100-SXM-64GB,182.20,31922,100
1406,2026-05-18 09:59:16.349954,2026/05/18 09:59:16.395,2,NVIDIA A100-SXM-64GB,198.20,31912,100
1407,2026-05-18 09:59:16.349954,2026/05/18 09:59:16.398,3,NVIDIA A100-SXM-64GB,176.92,31846,100
1408,2026-05-18 09:59:21.412057,2026/05/18 09:59:21.451,0,NVIDIA A100-SXM-64GB,177.65,31904,100
1409,2026-05-18 09:59:21.412057,2026/05/18 09:59:21.453,1,NVIDIA A100-SXM-64GB,171.22,31922,100
1410,2026-05-18 09:59:21.412057,2026/05/18 09:59:21.456,2,NVIDIA A100-SXM-64GB,182.90,31912,100
1411,2026-05-18 09:59:21.412057,2026/05/18 09:59:21.458,3,NVIDIA A100-SXM-64GB,170.81,31846,100
1412,2026-05-18 09:59:26.472697,2026/05/18 09:59:26.512,0,NVIDIA A100-SXM-64GB,171.82,31904,100
1413,2026-05-18 09:59:26.472697,2026/05/18 09:59:26.514,1,NVIDIA A100-SXM-64GB,149.62,31922,100
1414,2026-05-18 09:59:26.472697,2026/05/18 09:59:26.517,2,NVIDIA A100-SXM-64GB,159.46,31912,100
1415,2026-05-18 09:59:26.472697,2026/05/18 09:59:26.519,3,NVIDIA A100-SXM-64GB,153.78,31846,100
1416,2026-05-18 09:59:31.533321,2026/05/18 09:59:31.573,0,NVIDIA A100-SXM-64GB,177.13,31904,100
1417,2026-05-18 09:59:31.533321,2026/05/18 09:59:31.575,1,NVIDIA A100-SXM-64GB,177.04,31922,100
1418,2026-05-18 09:59:31.533321,2026/05/18 09:59:31.578,2,NVIDIA A100-SXM-64GB,182.90,31912,100
1419,2026-05-18 09:59:31.533321,2026/05/18 09:59:31.580,3,NVIDIA A100-SXM-64GB,164.86,31846,100
1420,2026-05-18 09:59:36.594991,2026/05/18 09:59:36.634,0,NVIDIA A100-SXM-64GB,166.60,31904,100
1421,2026-05-18 09:59:36.594991,2026/05/18 09:59:36.638,1,NVIDIA A100-SXM-64GB,157.16,31922,100
1422,2026-05-18 09:59:36.594991,2026/05/18 09:59:36.641,2,NVIDIA A100-SXM-64GB,158.25,31912,100
1423,2026-05-18 09:59:36.594991,2026/05/18 09:59:36.643,3,NVIDIA A100-SXM-64GB,157.47,31846,100
1424,2026-05-18 09:59:41.657553,2026/05/18 09:59:41.697,0,NVIDIA A100-SXM-64GB,151.62,31904,98
1425,2026-05-18 09:59:41.657553,2026/05/18 09:59:41.699,1,NVIDIA A100-SXM-64GB,139.84,31922,98
1426,2026-05-18 09:59:41.657553,2026/05/18 09:59:41.702,2,NVIDIA A100-SXM-64GB,152.68,31912,98
1427,2026-05-18 09:59:41.657553,2026/05/18 09:59:41.704,3,NVIDIA A100-SXM-64GB,141.21,31846,100
1428,2026-05-18 09:59:46.721617,2026/05/18 09:59:46.761,0,NVIDIA A100-SXM-64GB,151.62,31904,100
1429,2026-05-18 09:59:46.721617,2026/05/18 09:59:46.763,1,NVIDIA A100-SXM-64GB,149.35,31922,97
1430,2026-05-18 09:59:46.721617,2026/05/18 09:59:46.766,2,NVIDIA A100-SXM-64GB,150.59,31912,97
1431,2026-05-18 09:59:46.721617,2026/05/18 09:59:46.769,3,NVIDIA A100-SXM-64GB,143.63,31846,100
1432,2026-05-18 09:59:51.783905,2026/05/18 09:59:51.823,0,NVIDIA A100-SXM-64GB,183.41,31904,100
1433,2026-05-18 09:59:51.783905,2026/05/18 09:59:51.825,1,NVIDIA A100-SXM-64GB,173.21,31922,100
1434,2026-05-18 09:59:51.783905,2026/05/18 09:59:51.828,2,NVIDIA A100-SXM-64GB,175.44,31912,100
1435,2026-05-18 09:59:51.783905,2026/05/18 09:59:51.830,3,NVIDIA A100-SXM-64GB,184.49,31846,100
1436,2026-05-18 09:59:56.844125,2026/05/18 09:59:56.883,0,NVIDIA A100-SXM-64GB,166.94,31904,100
1437,2026-05-18 09:59:56.844125,2026/05/18 09:59:56.887,1,NVIDIA A100-SXM-64GB,158.53,31922,100
1438,2026-05-18 09:59:56.844125,2026/05/18 09:59:56.890,2,NVIDIA A100-SXM-64GB,164.36,31912,100
1439,2026-05-18 09:59:56.844125,2026/05/18 09:59:56.892,3,NVIDIA A100-SXM-64GB,162.71,31846,100
1440,2026-05-18 10:00:01.906847,2026/05/18 10:00:01.946,0,NVIDIA A100-SXM-64GB,156.83,31904,98
1441,2026-05-18 10:00:01.906847,2026/05/18 10:00:01.948,1,NVIDIA A100-SXM-64GB,142.59,31922,98
1442,2026-05-18 10:00:01.906847,2026/05/18 10:00:01.951,2,NVIDIA A100-SXM-64GB,146.90,31912,98
1443,2026-05-18 10:00:01.906847,2026/05/18 10:00:01.953,3,NVIDIA A100-SXM-64GB,143.97,31846,98
1444,2026-05-18 10:00:06.967969,2026/05/18 10:00:07.007,0,NVIDIA A100-SXM-64GB,156.83,31904,98
1445,2026-05-18 10:00:06.967969,2026/05/18 10:00:07.010,1,NVIDIA A100-SXM-64GB,145.07,31922,98
1446,2026-05-18 10:00:06.967969,2026/05/18 10:00:07.012,2,NVIDIA A100-SXM-64GB,150.87,31912,98
1447,2026-05-18 10:00:06.967969,2026/05/18 10:00:07.015,3,NVIDIA A100-SXM-64GB,142.14,31846,98
1448,2026-05-18 10:00:12.029277,2026/05/18 10:00:12.069,0,NVIDIA A100-SXM-64GB,163.85,31904,100
1449,2026-05-18 10:00:12.029277,2026/05/18 10:00:12.071,1,NVIDIA A100-SXM-64GB,174.14,31922,100
1450,2026-05-18 10:00:12.029277,2026/05/18 10:00:12.076,2,NVIDIA A100-SXM-64GB,164.36,31912,100
1451,2026-05-18 10:00:12.029277,2026/05/18 10:00:12.079,3,NVIDIA A100-SXM-64GB,157.81,31846,100
1452,2026-05-18 10:00:17.093072,2026/05/18 10:00:17.132,0,NVIDIA A100-SXM-64GB,174.90,31904,100
1453,2026-05-18 10:00:17.093072,2026/05/18 10:00:17.134,1,NVIDIA A100-SXM-64GB,162.65,31922,100
1454,2026-05-18 10:00:17.093072,2026/05/18 10:00:17.137,2,NVIDIA A100-SXM-64GB,188.08,31912,100
1455,2026-05-18 10:00:17.093072,2026/05/18 10:00:17.139,3,NVIDIA A100-SXM-64GB,182.01,31846,100
1456,2026-05-18 10:00:22.154219,2026/05/18 10:00:22.193,0,NVIDIA A100-SXM-64GB,176.38,31904,100
1457,2026-05-18 10:00:22.154219,2026/05/18 10:00:22.196,1,NVIDIA A100-SXM-64GB,177.04,31922,100
1458,2026-05-18 10:00:22.154219,2026/05/18 10:00:22.198,2,NVIDIA A100-SXM-64GB,170.81,31912,100
1459,2026-05-18 10:00:22.154219,2026/05/18 10:00:22.201,3,NVIDIA A100-SXM-64GB,144.30,31846,100
1460,2026-05-18 10:00:27.215503,2026/05/18 10:00:27.255,0,NVIDIA A100-SXM-64GB,151.49,31904,98
1461,2026-05-18 10:00:27.215503,2026/05/18 10:00:27.257,1,NVIDIA A100-SXM-64GB,141.71,31922,98
1462,2026-05-18 10:00:27.215503,2026/05/18 10:00:27.260,2,NVIDIA A100-SXM-64GB,148.45,31912,98
1463,2026-05-18 10:00:27.215503,2026/05/18 10:00:27.263,3,NVIDIA A100-SXM-64GB,145.51,31846,100
1464,2026-05-18 10:00:32.277184,2026/05/18 10:00:32.316,0,NVIDIA A100-SXM-64GB,157.93,31904,100
1465,2026-05-18 10:00:32.277184,2026/05/18 10:00:32.319,1,NVIDIA A100-SXM-64GB,146.60,31922,100
1466,2026-05-18 10:00:32.277184,2026/05/18 10:00:32.321,2,NVIDIA A100-SXM-64GB,149.48,31912,100
1467,2026-05-18 10:00:32.277184,2026/05/18 10:00:32.326,3,NVIDIA A100-SXM-64GB,147.48,31846,100
1468,2026-05-18 10:00:37.343340,2026/05/18 10:00:37.395,0,NVIDIA A100-SXM-64GB,195.65,31904,98
1469,2026-05-18 10:00:37.343340,2026/05/18 10:00:37.398,1,NVIDIA A100-SXM-64GB,163.09,31922,98
1470,2026-05-18 10:00:37.343340,2026/05/18 10:00:37.401,2,NVIDIA A100-SXM-64GB,190.88,31912,99
1471,2026-05-18 10:00:37.343340,2026/05/18 10:00:37.403,3,NVIDIA A100-SXM-64GB,177.25,31846,100
1472,2026-05-18 10:00:42.417371,2026/05/18 10:00:42.457,0,NVIDIA A100-SXM-64GB,153.64,31904,98
1473,2026-05-18 10:00:42.417371,2026/05/18 10:00:42.459,1,NVIDIA A100-SXM-64GB,145.67,31922,98
1474,2026-05-18 10:00:42.417371,2026/05/18 10:00:42.462,2,NVIDIA A100-SXM-64GB,147.18,31912,98
1475,2026-05-18 10:00:42.417371,2026/05/18 10:00:42.468,3,NVIDIA A100-SXM-64GB,132.41,31846,100
1476,2026-05-18 10:00:47.481954,2026/05/18 10:00:47.521,0,NVIDIA A100-SXM-64GB,152.22,31904,98
1477,2026-05-18 10:00:47.481954,2026/05/18 10:00:47.523,1,NVIDIA A100-SXM-64GB,143.53,31922,98
1478,2026-05-18 10:00:47.481954,2026/05/18 10:00:47.526,2,NVIDIA A100-SXM-64GB,150.87,31912,98
1479,2026-05-18 10:00:47.481954,2026/05/18 10:00:47.532,3,NVIDIA A100-SXM-64GB,148.60,31846,98
1480,2026-05-18 10:00:52.546510,2026/05/18 10:00:52.586,0,NVIDIA A100-SXM-64GB,151.34,31904,100
1481,2026-05-18 10:00:52.546510,2026/05/18 10:00:52.588,1,NVIDIA A100-SXM-64GB,145.99,31922,100
1482,2026-05-18 10:00:52.546510,2026/05/18 10:00:52.591,2,NVIDIA A100-SXM-64GB,149.66,31912,100
1483,2026-05-18 10:00:52.546510,2026/05/18 10:00:52.593,3,NVIDIA A100-SXM-64GB,177.25,31846,98
1484,2026-05-18 10:00:57.607833,2026/05/18 10:00:57.647,0,NVIDIA A100-SXM-64GB,184.06,31904,100
1485,2026-05-18 10:00:57.607833,2026/05/18 10:00:57.650,1,NVIDIA A100-SXM-64GB,169.68,31922,100
1486,2026-05-18 10:00:57.607833,2026/05/18 10:00:57.653,2,NVIDIA A100-SXM-64GB,159.46,31912,100
1487,2026-05-18 10:00:57.607833,2026/05/18 10:00:57.655,3,NVIDIA A100-SXM-64GB,148.87,31846,100
1488,2026-05-18 10:01:02.669616,2026/05/18 10:01:02.709,0,NVIDIA A100-SXM-64GB,218.05,31904,100
1489,2026-05-18 10:01:02.669616,2026/05/18 10:01:02.711,1,NVIDIA A100-SXM-64GB,209.71,31922,100
1490,2026-05-18 10:01:02.669616,2026/05/18 10:01:02.714,2,NVIDIA A100-SXM-64GB,185.84,31912,100
1491,2026-05-18 10:01:02.669616,2026/05/18 10:01:02.717,3,NVIDIA A100-SXM-64GB,136.90,31846,98
1492,2026-05-18 10:01:07.731133,2026/05/18 10:01:07.771,0,NVIDIA A100-SXM-64GB,155.02,31904,100
1493,2026-05-18 10:01:07.731133,2026/05/18 10:01:07.773,1,NVIDIA A100-SXM-64GB,147.81,31922,100
1494,2026-05-18 10:01:07.731133,2026/05/18 10:01:07.779,2,NVIDIA A100-SXM-64GB,152.08,31912,100
1495,2026-05-18 10:01:07.731133,2026/05/18 10:01:07.782,3,NVIDIA A100-SXM-64GB,133.08,31846,97
1496,2026-05-18 10:01:12.795870,2026/05/18 10:01:12.835,0,NVIDIA A100-SXM-64GB,176.38,31904,100
1497,2026-05-18 10:01:12.795870,2026/05/18 10:01:12.837,1,NVIDIA A100-SXM-64GB,164.96,31922,100
1498,2026-05-18 10:01:12.795870,2026/05/18 10:01:12.841,2,NVIDIA A100-SXM-64GB,182.76,31912,100
1499,2026-05-18 10:01:12.795870,2026/05/18 10:01:12.843,3,NVIDIA A100-SXM-64GB,166.08,31846,100
1500,2026-05-18 10:01:17.858034,2026/05/18 10:01:17.897,0,NVIDIA A100-SXM-64GB,181.59,31904,100
1501,2026-05-18 10:01:17.858034,2026/05/18 10:01:17.902,1,NVIDIA A100-SXM-64GB,173.35,31922,100
1502,2026-05-18 10:01:17.858034,2026/05/18 10:01:17.905,2,NVIDIA A100-SXM-64GB,173.56,31912,100
1503,2026-05-18 10:01:17.858034,2026/05/18 10:01:17.911,3,NVIDIA A100-SXM-64GB,166.51,31846,100
1504,2026-05-18 10:01:22.926963,2026/05/18 10:01:22.966,0,NVIDIA A100-SXM-64GB,156.50,31904,98
1505,2026-05-18 10:01:22.926963,2026/05/18 10:01:22.968,1,NVIDIA A100-SXM-64GB,145.67,31922,98
1506,2026-05-18 10:01:22.926963,2026/05/18 10:01:22.971,2,NVIDIA A100-SXM-64GB,147.78,31912,98
1507,2026-05-18 10:01:22.926963,2026/05/18 10:01:22.974,3,NVIDIA A100-SXM-64GB,133.21,31846,100
1508,2026-05-18 10:01:27.987969,2026/05/18 10:01:28.027,0,NVIDIA A100-SXM-64GB,153.75,31904,98
1509,2026-05-18 10:01:27.987969,2026/05/18 10:01:28.029,1,NVIDIA A100-SXM-64GB,140.91,31922,98
1510,2026-05-18 10:01:27.987969,2026/05/18 10:01:28.032,2,NVIDIA A100-SXM-64GB,153.95,31912,98
1511,2026-05-18 10:01:27.987969,2026/05/18 10:01:28.034,3,NVIDIA A100-SXM-64GB,146.11,31846,98
1512,2026-05-18 10:01:33.048806,2026/05/18 10:01:33.088,0,NVIDIA A100-SXM-64GB,155.62,31904,100
1513,2026-05-18 10:01:33.048806,2026/05/18 10:01:33.090,1,NVIDIA A100-SXM-64GB,144.58,31922,100
1514,2026-05-18 10:01:33.048806,2026/05/18 10:01:33.093,2,NVIDIA A100-SXM-64GB,166.94,31912,100
1515,2026-05-18 10:01:33.048806,2026/05/18 10:01:33.095,3,NVIDIA A100-SXM-64GB,170.65,31846,100
1516,2026-05-18 10:01:38.110004,2026/05/18 10:01:38.149,0,NVIDIA A100-SXM-64GB,189.97,31904,100
1517,2026-05-18 10:01:38.110004,2026/05/18 10:01:38.152,1,NVIDIA A100-SXM-64GB,170.28,31922,100
1518,2026-05-18 10:01:38.110004,2026/05/18 10:01:38.155,2,NVIDIA A100-SXM-64GB,194.24,31912,100
1519,2026-05-18 10:01:38.110004,2026/05/18 10:01:38.157,3,NVIDIA A100-SXM-64GB,189.21,31846,100
1520,2026-05-18 10:01:43.171546,2026/05/18 10:01:43.211,0,NVIDIA A100-SXM-64GB,159.91,31904,100
1521,2026-05-18 10:01:43.171546,2026/05/18 10:01:43.213,1,NVIDIA A100-SXM-64GB,157.32,31922,100
1522,2026-05-18 10:01:43.171546,2026/05/18 10:01:43.216,2,NVIDIA A100-SXM-64GB,162.82,31912,100
1523,2026-05-18 10:01:43.171546,2026/05/18 10:01:43.218,3,NVIDIA A100-SXM-64GB,153.78,31846,100
1524,2026-05-18 10:01:48.233482,2026/05/18 10:01:48.273,0,NVIDIA A100-SXM-64GB,143.85,31904,100
1525,2026-05-18 10:01:48.233482,2026/05/18 10:01:48.282,1,NVIDIA A100-SXM-64GB,145.99,31922,100
1526,2026-05-18 10:01:48.233482,2026/05/18 10:01:48.285,2,NVIDIA A100-SXM-64GB,154.84,31912,100
1527,2026-05-18 10:01:48.233482,2026/05/18 10:01:48.287,3,NVIDIA A100-SXM-64GB,140.60,31846,98
1528,2026-05-18 10:01:53.301973,2026/05/18 10:01:53.341,0,NVIDIA A100-SXM-64GB,154.24,31904,98
1529,2026-05-18 10:01:53.301973,2026/05/18 10:01:53.343,1,NVIDIA A100-SXM-64GB,141.71,31922,99
1530,2026-05-18 10:01:53.301973,2026/05/18 10:01:53.346,2,NVIDIA A100-SXM-64GB,153.17,31912,99
1531,2026-05-18 10:01:53.301973,2026/05/18 10:01:53.348,3,NVIDIA A100-SXM-64GB,143.78,31846,97
1532,2026-05-18 10:01:58.365758,2026/05/18 10:01:58.405,0,NVIDIA A100-SXM-64GB,179.13,31904,100
1533,2026-05-18 10:01:58.365758,2026/05/18 10:01:58.407,1,NVIDIA A100-SXM-64GB,168.15,31922,100
1534,2026-05-18 10:01:58.365758,2026/05/18 10:01:58.411,2,NVIDIA A100-SXM-64GB,176.46,31912,100
1535,2026-05-18 10:01:58.365758,2026/05/18 10:01:58.416,3,NVIDIA A100-SXM-64GB,172.02,31846,100
1536,2026-05-18 10:02:03.430119,2026/05/18 10:02:03.469,0,NVIDIA A100-SXM-64GB,188.15,31904,100
1537,2026-05-18 10:02:03.430119,2026/05/18 10:02:03.471,1,NVIDIA A100-SXM-64GB,171.49,31922,100
1538,2026-05-18 10:02:03.430119,2026/05/18 10:02:03.474,2,NVIDIA A100-SXM-64GB,185.24,31912,100
1539,2026-05-18 10:02:03.430119,2026/05/18 10:02:03.476,3,NVIDIA A100-SXM-64GB,171.42,31846,100
1540,2026-05-18 10:02:08.491244,2026/05/18 10:02:08.530,0,NVIDIA A100-SXM-64GB,155.90,31904,100
1541,2026-05-18 10:02:08.491244,2026/05/18 10:02:08.533,1,NVIDIA A100-SXM-64GB,169.07,31922,100
1542,2026-05-18 10:02:08.491244,2026/05/18 10:02:08.535,2,NVIDIA A100-SXM-64GB,152.08,31912,100
1543,2026-05-18 10:02:08.491244,2026/05/18 10:02:08.538,3,NVIDIA A100-SXM-64GB,147.05,31846,100
1544,2026-05-18 10:02:13.552484,2026/05/18 10:02:13.592,0,NVIDIA A100-SXM-64GB,192.71,31904,100
1545,2026-05-18 10:02:13.552484,2026/05/18 10:02:13.594,1,NVIDIA A100-SXM-64GB,165.40,31922,100
1546,2026-05-18 10:02:13.552484,2026/05/18 10:02:13.597,2,NVIDIA A100-SXM-64GB,177.58,31912,100
1547,2026-05-18 10:02:13.552484,2026/05/18 10:02:13.599,3,NVIDIA A100-SXM-64GB,163.92,31846,100
1548,2026-05-18 10:02:18.614313,2026/05/18 10:02:18.654,0,NVIDIA A100-SXM-64GB,166.33,31904,100
1549,2026-05-18 10:02:18.614313,2026/05/18 10:02:18.656,1,NVIDIA A100-SXM-64GB,147.99,31922,100
1550,2026-05-18 10:02:18.614313,2026/05/18 10:02:18.659,2,NVIDIA A100-SXM-64GB,160.06,31912,100
1551,2026-05-18 10:02:18.614313,2026/05/18 10:02:18.661,3,NVIDIA A100-SXM-64GB,145.79,31846,100
1552,2026-05-18 10:02:23.675690,2026/05/18 10:02:23.715,0,NVIDIA A100-SXM-64GB,152.54,31904,98
1553,2026-05-18 10:02:23.675690,2026/05/18 10:02:23.717,1,NVIDIA A100-SXM-64GB,143.85,31922,98
1554,2026-05-18 10:02:23.675690,2026/05/18 10:02:23.720,2,NVIDIA A100-SXM-64GB,153.95,31912,98
1555,2026-05-18 10:02:23.675690,2026/05/18 10:02:23.723,3,NVIDIA A100-SXM-64GB,147.66,31846,98
1556,2026-05-18 10:02:28.737310,2026/05/18 10:02:28.777,0,NVIDIA A100-SXM-64GB,158.04,31904,97
1557,2026-05-18 10:02:28.737310,2026/05/18 10:02:28.779,1,NVIDIA A100-SXM-64GB,142.44,31922,97
1558,2026-05-18 10:02:28.737310,2026/05/18 10:02:28.782,2,NVIDIA A100-SXM-64GB,146.57,31912,97
1559,2026-05-18 10:02:28.737310,2026/05/18 10:02:28.784,3,NVIDIA A100-SXM-64GB,147.33,31846,99
1560,2026-05-18 10:02:33.799338,2026/05/18 10:02:33.839,0,NVIDIA A100-SXM-64GB,176.53,31904,100
1561,2026-05-18 10:02:33.799338,2026/05/18 10:02:33.842,1,NVIDIA A100-SXM-64GB,170.61,31922,100
1562,2026-05-18 10:02:33.799338,2026/05/18 10:02:33.844,2,NVIDIA A100-SXM-64GB,189.94,31912,100
1563,2026-05-18 10:02:33.799338,2026/05/18 10:02:33.850,3,NVIDIA A100-SXM-64GB,180.95,31846,100
1564,2026-05-18 10:02:38.867553,2026/05/18 10:02:38.907,0,NVIDIA A100-SXM-64GB,154.36,31904,45
1565,2026-05-18 10:02:38.867553,2026/05/18 10:02:38.909,1,NVIDIA A100-SXM-64GB,141.56,31922,42
1566,2026-05-18 10:02:38.867553,2026/05/18 10:02:38.912,2,NVIDIA A100-SXM-64GB,146.90,31912,35
1567,2026-05-18 10:02:38.867553,2026/05/18 10:02:38.914,3,NVIDIA A100-SXM-64GB,145.51,31846,2
1568,2026-05-18 10:02:43.929249,2026/05/18 10:02:43.969,0,NVIDIA A100-SXM-64GB,184.95,31904,100
1569,2026-05-18 10:02:43.929249,2026/05/18 10:02:43.971,1,NVIDIA A100-SXM-64GB,184.34,31922,100
1570,2026-05-18 10:02:43.929249,2026/05/18 10:02:43.974,2,NVIDIA A100-SXM-64GB,193.30,31912,100
1571,2026-05-18 10:02:43.929249,2026/05/18 10:02:43.976,3,NVIDIA A100-SXM-64GB,176.82,31846,100
1572,2026-05-18 10:02:48.991110,2026/05/18 10:02:49.044,0,NVIDIA A100-SXM-64GB,174.06,31904,100
1573,2026-05-18 10:02:48.991110,2026/05/18 10:02:49.046,1,NVIDIA A100-SXM-64GB,170.61,31922,100
1574,2026-05-18 10:02:48.991110,2026/05/18 10:02:49.050,2,NVIDIA A100-SXM-64GB,138.59,31912,100
1575,2026-05-18 10:02:48.991110,2026/05/18 10:02:49.052,3,NVIDIA A100-SXM-64GB,157.65,31846,100
1576,2026-05-18 10:02:54.067100,2026/05/18 10:02:54.106,0,NVIDIA A100-SXM-64GB,161.88,31904,100
1577,2026-05-18 10:02:54.067100,2026/05/18 10:02:54.108,1,NVIDIA A100-SXM-64GB,145.99,31922,100
1578,2026-05-18 10:02:54.067100,2026/05/18 10:02:54.111,2,NVIDIA A100-SXM-64GB,183.36,31912,100
1579,2026-05-18 10:02:54.067100,2026/05/18 10:02:54.113,3,NVIDIA A100-SXM-64GB,173.13,31846,100
1580,2026-05-18 10:02:59.128448,2026/05/18 10:02:59.168,0,NVIDIA A100-SXM-64GB,189.97,31904,100
1581,2026-05-18 10:02:59.128448,2026/05/18 10:02:59.171,1,NVIDIA A100-SXM-64GB,183.74,31922,100
1582,2026-05-18 10:02:59.128448,2026/05/18 10:02:59.174,2,NVIDIA A100-SXM-64GB,171.57,31912,100
1583,2026-05-18 10:02:59.128448,2026/05/18 10:02:59.178,3,NVIDIA A100-SXM-64GB,175.71,31846,100
1584,2026-05-18 10:03:04.192553,2026/05/18 10:03:04.232,0,NVIDIA A100-SXM-64GB,167.81,31904,100
1585,2026-05-18 10:03:04.192553,2026/05/18 10:03:04.234,1,NVIDIA A100-SXM-64GB,147.48,31922,100
1586,2026-05-18 10:03:04.192553,2026/05/18 10:03:04.237,2,NVIDIA A100-SXM-64GB,180.76,31912,100
1587,2026-05-18 10:03:04.192553,2026/05/18 10:03:04.240,3,NVIDIA A100-SXM-64GB,168.66,31846,100
1588,2026-05-18 10:03:09.254472,2026/05/18 10:03:09.294,0,NVIDIA A100-SXM-64GB,152.22,31904,98
1589,2026-05-18 10:03:09.254472,2026/05/18 10:03:09.296,1,NVIDIA A100-SXM-64GB,142.92,31922,98
1590,2026-05-18 10:03:09.254472,2026/05/18 10:03:09.299,2,NVIDIA A100-SXM-64GB,149.66,31912,100
1591,2026-05-18 10:03:09.254472,2026/05/18 10:03:09.302,3,NVIDIA A100-SXM-64GB,145.79,31846,99
1592,2026-05-18 10:03:14.316641,2026/05/18 10:03:14.356,0,NVIDIA A100-SXM-64GB,158.97,31904,97
1593,2026-05-18 10:03:14.316641,2026/05/18 10:03:14.358,1,NVIDIA A100-SXM-64GB,143.85,31922,100
1594,2026-05-18 10:03:14.316641,2026/05/18 10:03:14.361,2,NVIDIA A100-SXM-64GB,153.17,31912,100
1595,2026-05-18 10:03:14.316641,2026/05/18 10:03:14.363,3,NVIDIA A100-SXM-64GB,148.42,31846,100
1596,2026-05-18 10:03:19.378635,2026/05/18 10:03:19.418,0,NVIDIA A100-SXM-64GB,192.38,31904,100
1597,2026-05-18 10:03:19.378635,2026/05/18 10:03:19.421,1,NVIDIA A100-SXM-64GB,165.67,31922,100
1598,2026-05-18 10:03:19.378635,2026/05/18 10:03:19.423,2,NVIDIA A100-SXM-64GB,196.59,31912,100
1599,2026-05-18 10:03:19.378635,2026/05/18 10:03:19.426,3,NVIDIA A100-SXM-64GB,191.96,31846,100
1600,2026-05-18 10:03:24.440699,2026/05/18 10:03:24.480,0,NVIDIA A100-SXM-64GB,142.92,31904,98
1601,2026-05-18 10:03:24.440699,2026/05/18 10:03:24.482,1,NVIDIA A100-SXM-64GB,138.30,31922,98
1602,2026-05-18 10:03:24.440699,2026/05/18 10:03:24.488,2,NVIDIA A100-SXM-64GB,166.18,31912,98
1603,2026-05-18 10:03:24.440699,2026/05/18 10:03:24.494,3,NVIDIA A100-SXM-64GB,135.70,31846,100
1604,2026-05-18 10:03:29.508274,2026/05/18 10:03:29.548,0,NVIDIA A100-SXM-64GB,167.81,31904,100
1605,2026-05-18 10:03:29.508274,2026/05/18 10:03:29.550,1,NVIDIA A100-SXM-64GB,153.03,31922,100
1606,2026-05-18 10:03:29.508274,2026/05/18 10:03:29.553,2,NVIDIA A100-SXM-64GB,164.70,31912,100
1607,2026-05-18 10:03:29.508274,2026/05/18 10:03:29.556,3,NVIDIA A100-SXM-64GB,147.33,31846,100
1608,2026-05-18 10:03:34.570935,2026/05/18 10:03:34.621,0,NVIDIA A100-SXM-64GB,184.95,31904,45
1609,2026-05-18 10:03:34.570935,2026/05/18 10:03:34.624,1,NVIDIA A100-SXM-64GB,144.46,31922,41
1610,2026-05-18 10:03:34.570935,2026/05/18 10:03:34.640,2,NVIDIA A100-SXM-64GB,153.34,31912,28
1611,2026-05-18 10:03:34.570935,2026/05/18 10:03:34.649,3,NVIDIA A100-SXM-64GB,145.17,31846,94
1612,2026-05-18 10:03:39.667153,2026/05/18 10:03:39.706,0,NVIDIA A100-SXM-64GB,159.30,31904,100
1613,2026-05-18 10:03:39.667153,2026/05/18 10:03:39.711,1,NVIDIA A100-SXM-64GB,179.46,31922,100
1614,2026-05-18 10:03:39.667153,2026/05/18 10:03:39.713,2,NVIDIA A100-SXM-64GB,187.47,31912,100
1615,2026-05-18 10:03:39.667153,2026/05/18 10:03:39.718,3,NVIDIA A100-SXM-64GB,168.99,31846,100
1616,2026-05-18 10:03:44.733150,2026/05/18 10:03:44.772,0,NVIDIA A100-SXM-64GB,198.20,31904,100
1617,2026-05-18 10:03:44.733150,2026/05/18 10:03:44.774,1,NVIDIA A100-SXM-64GB,181.93,31922,100
1618,2026-05-18 10:03:44.733150,2026/05/18 10:03:44.779,2,NVIDIA A100-SXM-64GB,181.03,31912,100
1619,2026-05-18 10:03:44.733150,2026/05/18 10:03:44.784,3,NVIDIA A100-SXM-64GB,182.76,31846,100
1620,2026-05-18 10:03:49.799157,2026/05/18 10:03:49.839,0,NVIDIA A100-SXM-64GB,154.69,31904,100
1621,2026-05-18 10:03:49.799157,2026/05/18 10:03:49.841,1,NVIDIA A100-SXM-64GB,190.49,31922,100
1622,2026-05-18 10:03:49.799157,2026/05/18 10:03:49.844,2,NVIDIA A100-SXM-64GB,177.58,31912,100
1623,2026-05-18 10:03:49.799157,2026/05/18 10:03:49.846,3,NVIDIA A100-SXM-64GB,201.15,31846,100
1624,2026-05-18 10:03:54.861351,2026/05/18 10:03:54.901,0,NVIDIA A100-SXM-64GB,199.46,31904,100
1625,2026-05-18 10:03:54.861351,2026/05/18 10:03:54.906,1,NVIDIA A100-SXM-64GB,193.24,31922,100
1626,2026-05-18 10:03:54.861351,2026/05/18 10:03:54.908,2,NVIDIA A100-SXM-64GB,149.66,31912,100
1627,2026-05-18 10:03:54.861351,2026/05/18 10:03:54.910,3,NVIDIA A100-SXM-64GB,172.19,31846,100
1628,2026-05-18 10:03:59.926838,2026/05/18 10:03:59.966,0,NVIDIA A100-SXM-64GB,173.03,31904,100
1629,2026-05-18 10:03:59.926838,2026/05/18 10:03:59.971,1,NVIDIA A100-SXM-64GB,171.99,31922,100
1630,2026-05-18 10:03:59.926838,2026/05/18 10:03:59.973,2,NVIDIA A100-SXM-64GB,195.32,31912,100
1631,2026-05-18 10:03:59.926838,2026/05/18 10:03:59.976,3,NVIDIA A100-SXM-64GB,175.62,31846,100
1632,2026-05-18 10:04:04.992073,2026/05/18 10:04:05.031,0,NVIDIA A100-SXM-64GB,156.23,31904,98
1633,2026-05-18 10:04:04.992073,2026/05/18 10:04:05.034,1,NVIDIA A100-SXM-64GB,134.34,31922,99
1634,2026-05-18 10:04:04.992073,2026/05/18 10:04:05.039,2,NVIDIA A100-SXM-64GB,150.26,31912,99
1635,2026-05-18 10:04:04.992073,2026/05/18 10:04:05.042,3,NVIDIA A100-SXM-64GB,147.05,31846,100
1636,2026-05-18 10:04:10.056845,2026/05/18 10:04:10.096,0,NVIDIA A100-SXM-64GB,151.94,31904,98
1637,2026-05-18 10:04:10.056845,2026/05/18 10:04:10.099,1,NVIDIA A100-SXM-64GB,143.38,31922,98
1638,2026-05-18 10:04:10.056845,2026/05/18 10:04:10.101,2,NVIDIA A100-SXM-64GB,147.78,31912,98
1639,2026-05-18 10:04:10.056845,2026/05/18 10:04:10.106,3,NVIDIA A100-SXM-64GB,146.11,31846,98
1640,2026-05-18 10:04:15.121690,2026/05/18 10:04:15.161,0,NVIDIA A100-SXM-64GB,174.90,31904,100
1641,2026-05-18 10:04:15.121690,2026/05/18 10:04:15.163,1,NVIDIA A100-SXM-64GB,148.87,31922,100
1642,2026-05-18 10:04:15.121690,2026/05/18 10:04:15.166,2,NVIDIA A100-SXM-64GB,178.28,31912,100
1643,2026-05-18 10:04:15.121690,2026/05/18 10:04:15.168,3,NVIDIA A100-SXM-64GB,158.25,31846,100
1644,2026-05-18 10:04:20.186469,2026/05/18 10:04:20.226,0,NVIDIA A100-SXM-64GB,198.80,31904,100
1645,2026-05-18 10:04:20.186469,2026/05/18 10:04:20.228,1,NVIDIA A100-SXM-64GB,173.96,31922,100
1646,2026-05-18 10:04:20.186469,2026/05/18 10:04:20.231,2,NVIDIA A100-SXM-64GB,167.55,31912,100
1647,2026-05-18 10:04:20.186469,2026/05/18 10:04:20.234,3,NVIDIA A100-SXM-64GB,163.76,31846,100
1648,2026-05-18 10:04:25.248482,2026/05/18 10:04:25.297,0,NVIDIA A100-SXM-64GB,166.94,31904,100
1649,2026-05-18 10:04:25.248482,2026/05/18 10:04:25.299,1,NVIDIA A100-SXM-64GB,228.05,31922,98
1650,2026-05-18 10:04:25.248482,2026/05/18 10:04:25.304,2,NVIDIA A100-SXM-64GB,182.15,31912,98
1651,2026-05-18 10:04:25.248482,2026/05/18 10:04:25.307,3,NVIDIA A100-SXM-64GB,212.84,31846,100
1652,2026-05-18 10:04:30.321659,2026/05/18 10:04:30.368,0,NVIDIA A100-SXM-64GB,94.88,31904,54
1653,2026-05-18 10:04:30.321659,2026/05/18 10:04:30.370,1,NVIDIA A100-SXM-64GB,113.02,31922,15
1654,2026-05-18 10:04:30.321659,2026/05/18 10:04:30.373,2,NVIDIA A100-SXM-64GB,103.77,31912,1
1655,2026-05-18 10:04:30.321659,2026/05/18 10:04:30.375,3,NVIDIA A100-SXM-64GB,108.46,31846,24
1656,2026-05-18 10:04:35.390576,2026/05/18 10:04:35.430,0,NVIDIA A100-SXM-64GB,152.22,31904,100
1657,2026-05-18 10:04:35.390576,2026/05/18 10:04:35.432,1,NVIDIA A100-SXM-64GB,143.71,31922,99
1658,2026-05-18 10:04:35.390576,2026/05/18 10:04:35.435,2,NVIDIA A100-SXM-64GB,149.93,31912,97
1659,2026-05-18 10:04:35.390576,2026/05/18 10:04:35.437,3,NVIDIA A100-SXM-64GB,148.27,31846,97
1660,2026-05-18 10:04:40.452691,2026/05/18 10:04:40.492,0,NVIDIA A100-SXM-64GB,194.52,31904,100
1661,2026-05-18 10:04:40.452691,2026/05/18 10:04:40.494,1,NVIDIA A100-SXM-64GB,189.56,31922,100
1662,2026-05-18 10:04:40.452691,2026/05/18 10:04:40.497,2,NVIDIA A100-SXM-64GB,172.78,31912,100
1663,2026-05-18 10:04:40.452691,2026/05/18 10:04:40.499,3,NVIDIA A100-SXM-64GB,173.89,31846,100
1664,2026-05-18 10:04:45.514497,2026/05/18 10:04:45.565,0,NVIDIA A100-SXM-64GB,167.21,31904,100
1665,2026-05-18 10:04:45.514497,2026/05/18 10:04:45.568,1,NVIDIA A100-SXM-64GB,156.06,31922,100
1666,2026-05-18 10:04:45.514497,2026/05/18 10:04:45.571,2,NVIDIA A100-SXM-64GB,171.42,31912,100
1667,2026-05-18 10:04:45.514497,2026/05/18 10:04:45.573,3,NVIDIA A100-SXM-64GB,175.89,31846,98
1668,2026-05-18 10:04:50.589890,2026/05/18 10:04:50.629,0,NVIDIA A100-SXM-64GB,185.27,31904,100
1669,2026-05-18 10:04:50.589890,2026/05/18 10:04:50.631,1,NVIDIA A100-SXM-64GB,147.33,31922,100
1670,2026-05-18 10:04:50.589890,2026/05/18 10:04:50.634,2,NVIDIA A100-SXM-64GB,156.38,31912,100
1671,2026-05-18 10:04:50.589890,2026/05/18 10:04:50.636,3,NVIDIA A100-SXM-64GB,162.38,31846,100
1672,2026-05-18 10:04:55.651471,2026/05/18 10:04:55.691,0,NVIDIA A100-SXM-64GB,152.87,31904,98
1673,2026-05-18 10:04:55.651471,2026/05/18 10:04:55.694,1,NVIDIA A100-SXM-64GB,142.92,31922,98
1674,2026-05-18 10:04:55.651471,2026/05/18 10:04:55.696,2,NVIDIA A100-SXM-64GB,148.45,31912,98
1675,2026-05-18 10:04:55.651471,2026/05/18 10:04:55.699,3,NVIDIA A100-SXM-64GB,142.14,31846,100
1676,2026-05-18 10:05:00.713968,2026/05/18 10:05:00.753,0,NVIDIA A100-SXM-64GB,188.63,31904,100
1677,2026-05-18 10:05:00.713968,2026/05/18 10:05:00.755,1,NVIDIA A100-SXM-64GB,174.56,31922,100
1678,2026-05-18 10:05:00.713968,2026/05/18 10:05:00.758,2,NVIDIA A100-SXM-64GB,154.55,31912,100
1679,2026-05-18 10:05:00.713968,2026/05/18 10:05:00.760,3,NVIDIA A100-SXM-64GB,176.64,31846,100
1680,2026-05-18 10:05:05.775778,2026/05/18 10:05:05.826,0,NVIDIA A100-SXM-64GB,186.21,31904,100
1681,2026-05-18 10:05:05.775778,2026/05/18 10:05:05.829,1,NVIDIA A100-SXM-64GB,134.95,31922,98
1682,2026-05-18 10:05:05.775778,2026/05/18 10:05:05.832,2,NVIDIA A100-SXM-64GB,164.36,31912,99
1683,2026-05-18 10:05:05.775778,2026/05/18 10:05:05.834,3,NVIDIA A100-SXM-64GB,149.20,31846,100
1684,2026-05-18 10:05:10.849166,2026/05/18 10:05:10.888,0,NVIDIA A100-SXM-64GB,226.33,31904,100
1685,2026-05-18 10:05:10.849166,2026/05/18 10:05:10.890,1,NVIDIA A100-SXM-64GB,134.02,31922,97
1686,2026-05-18 10:05:10.849166,2026/05/18 10:05:10.893,2,NVIDIA A100-SXM-64GB,160.06,31912,97
1687,2026-05-18 10:05:10.849166,2026/05/18 10:05:10.895,3,NVIDIA A100-SXM-64GB,147.66,31846,100
1688,2026-05-18 10:05:15.910851,2026/05/18 10:05:15.950,0,NVIDIA A100-SXM-64GB,189.23,31904,100
1689,2026-05-18 10:05:15.910851,2026/05/18 10:05:15.952,1,NVIDIA A100-SXM-64GB,168.15,31922,100
1690,2026-05-18 10:05:15.910851,2026/05/18 10:05:15.955,2,NVIDIA A100-SXM-64GB,187.47,31912,100
1691,2026-05-18 10:05:15.910851,2026/05/18 10:05:15.957,3,NVIDIA A100-SXM-64GB,176.64,31846,100
1692,2026-05-18 10:05:20.972795,2026/05/18 10:05:21.012,0,NVIDIA A100-SXM-64GB,187.08,31904,100
1693,2026-05-18 10:05:20.972795,2026/05/18 10:05:21.014,1,NVIDIA A100-SXM-64GB,173.21,31922,100
1694,2026-05-18 10:05:20.972795,2026/05/18 10:05:21.017,2,NVIDIA A100-SXM-64GB,173.56,31912,100
1695,2026-05-18 10:05:20.972795,2026/05/18 10:05:21.019,3,NVIDIA A100-SXM-64GB,176.49,31846,100
1696,2026-05-18 10:05:26.034353,2026/05/18 10:05:26.074,0,NVIDIA A100-SXM-64GB,96.79,31904,73
1697,2026-05-18 10:05:26.034353,2026/05/18 10:05:26.076,1,NVIDIA A100-SXM-64GB,82.37,31922,98
1698,2026-05-18 10:05:26.034353,2026/05/18 10:05:26.079,2,NVIDIA A100-SXM-64GB,89.42,31912,98
1699,2026-05-18 10:05:26.034353,2026/05/18 10:05:26.085,3,NVIDIA A100-SXM-64GB,88.20,31846,58
1700,2026-05-18 10:05:31.100000,2026/05/18 10:05:31.139,0,NVIDIA A100-SXM-64GB,169.35,31904,98
1701,2026-05-18 10:05:31.100000,2026/05/18 10:05:31.141,1,NVIDIA A100-SXM-64GB,140.44,31922,100
1702,2026-05-18 10:05:31.100000,2026/05/18 10:05:31.144,2,NVIDIA A100-SXM-64GB,142.61,31912,100
1703,2026-05-18 10:05:31.100000,2026/05/18 10:05:31.149,3,NVIDIA A100-SXM-64GB,134.76,31846,98
1704,2026-05-18 10:05:36.166916,2026/05/18 10:05:36.206,0,NVIDIA A100-SXM-64GB,168.74,31904,100
1705,2026-05-18 10:05:36.166916,2026/05/18 10:05:36.208,1,NVIDIA A100-SXM-64GB,157.43,31922,100
1706,2026-05-18 10:05:36.166916,2026/05/18 10:05:36.211,2,NVIDIA A100-SXM-64GB,157.31,31912,100
1707,2026-05-18 10:05:36.166916,2026/05/18 10:05:36.213,3,NVIDIA A100-SXM-64GB,167.72,31846,100
1708,2026-05-18 10:05:41.228907,2026/05/18 10:05:41.268,0,NVIDIA A100-SXM-64GB,174.24,31904,100
1709,2026-05-18 10:05:41.228907,2026/05/18 10:05:41.270,1,NVIDIA A100-SXM-64GB,186.48,31922,100
1710,2026-05-18 10:05:41.228907,2026/05/18 10:05:41.273,2,NVIDIA A100-SXM-64GB,185.65,31912,100
1711,2026-05-18 10:05:41.228907,2026/05/18 10:05:41.276,3,NVIDIA A100-SXM-64GB,186.97,31846,100
1712,2026-05-18 10:05:46.291165,2026/05/18 10:05:46.330,0,NVIDIA A100-SXM-64GB,168.47,31904,100
1713,2026-05-18 10:05:46.291165,2026/05/18 10:05:46.333,1,NVIDIA A100-SXM-64GB,153.75,31922,100
1714,2026-05-18 10:05:46.291165,2026/05/18 10:05:46.335,2,NVIDIA A100-SXM-64GB,171.13,31912,100
1715,2026-05-18 10:05:46.291165,2026/05/18 10:05:46.338,3,NVIDIA A100-SXM-64GB,147.66,31846,100
1716,2026-05-18 10:05:51.353222,2026/05/18 10:05:51.392,0,NVIDIA A100-SXM-64GB,155.90,31904,98
1717,2026-05-18 10:05:51.353222,2026/05/18 10:05:51.394,1,NVIDIA A100-SXM-64GB,144.73,31922,100
1718,2026-05-18 10:05:51.353222,2026/05/18 10:05:51.397,2,NVIDIA A100-SXM-64GB,151.47,31912,100
1719,2026-05-18 10:05:51.353222,2026/05/18 10:05:51.399,3,NVIDIA A100-SXM-64GB,144.57,31846,98
1720,2026-05-18 10:05:56.414735,2026/05/18 10:05:56.454,0,NVIDIA A100-SXM-64GB,152.87,31904,100
1721,2026-05-18 10:05:56.414735,2026/05/18 10:05:56.456,1,NVIDIA A100-SXM-64GB,141.38,31922,100
1722,2026-05-18 10:05:56.414735,2026/05/18 10:05:56.459,2,NVIDIA A100-SXM-64GB,154.23,31912,100
1723,2026-05-18 10:05:56.414735,2026/05/18 10:05:56.461,3,NVIDIA A100-SXM-64GB,145.79,31846,98
1724,2026-05-18 10:06:01.476694,2026/05/18 10:06:01.516,0,NVIDIA A100-SXM-64GB,143.71,31904,98
1725,2026-05-18 10:06:01.476694,2026/05/18 10:06:01.518,1,NVIDIA A100-SXM-64GB,180.99,31922,100
1726,2026-05-18 10:06:01.476694,2026/05/18 10:06:01.521,2,NVIDIA A100-SXM-64GB,144.88,31912,100
1727,2026-05-18 10:06:01.476694,2026/05/18 10:06:01.526,3,NVIDIA A100-SXM-64GB,142.42,31846,98
1728,2026-05-18 10:06:06.543938,2026/05/18 10:06:06.583,0,NVIDIA A100-SXM-64GB,184.67,31904,100
1729,2026-05-18 10:06:06.543938,2026/05/18 10:06:06.585,1,NVIDIA A100-SXM-64GB,171.49,31922,100
1730,2026-05-18 10:06:06.543938,2026/05/18 10:06:06.588,2,NVIDIA A100-SXM-64GB,185.24,31912,100
1731,2026-05-18 10:06:06.543938,2026/05/18 10:06:06.592,3,NVIDIA A100-SXM-64GB,169.44,31846,100
1732,2026-05-18 10:06:11.607181,2026/05/18 10:06:11.646,0,NVIDIA A100-SXM-64GB,153.75,31904,100
1733,2026-05-18 10:06:11.607181,2026/05/18 10:06:11.649,1,NVIDIA A100-SXM-64GB,184.34,31922,100
1734,2026-05-18 10:06:11.607181,2026/05/18 10:06:11.652,2,NVIDIA A100-SXM-64GB,154.55,31912,98
1735,2026-05-18 10:06:11.607181,2026/05/18 10:06:11.654,3,NVIDIA A100-SXM-64GB,147.93,31846,100
1736,2026-05-18 10:06:16.669963,2026/05/18 10:06:16.709,0,NVIDIA A100-SXM-64GB,154.36,31904,100
1737,2026-05-18 10:06:16.669963,2026/05/18 10:06:16.711,1,NVIDIA A100-SXM-64GB,184.06,31922,100
1738,2026-05-18 10:06:16.669963,2026/05/18 10:06:16.714,2,NVIDIA A100-SXM-64GB,169.42,31912,100
1739,2026-05-18 10:06:16.669963,2026/05/18 10:06:16.716,3,NVIDIA A100-SXM-64GB,164.09,31846,100
1740,2026-05-18 10:06:21.731309,2026/05/18 10:06:21.771,0,NVIDIA A100-SXM-64GB,172.75,31904,100
1741,2026-05-18 10:06:21.731309,2026/05/18 10:06:21.773,1,NVIDIA A100-SXM-64GB,148.41,31922,100
1742,2026-05-18 10:06:21.731309,2026/05/18 10:06:21.776,2,NVIDIA A100-SXM-64GB,186.78,31912,100
1743,2026-05-18 10:06:21.731309,2026/05/18 10:06:21.778,3,NVIDIA A100-SXM-64GB,170.98,31846,100
1744,2026-05-18 10:06:26.794079,2026/05/18 10:06:26.833,0,NVIDIA A100-SXM-64GB,176.71,31904,100
1745,2026-05-18 10:06:26.794079,2026/05/18 10:06:26.835,1,NVIDIA A100-SXM-64GB,188.02,31922,100
1746,2026-05-18 10:06:26.794079,2026/05/18 10:06:26.838,2,NVIDIA A100-SXM-64GB,192.37,31912,100
1747,2026-05-18 10:06:26.794079,2026/05/18 10:06:26.840,3,NVIDIA A100-SXM-64GB,175.89,31846,100
1748,2026-05-18 10:06:31.859122,2026/05/18 10:06:31.909,0,NVIDIA A100-SXM-64GB,166.00,31904,100
1749,2026-05-18 10:06:31.859122,2026/05/18 10:06:31.914,1,NVIDIA A100-SXM-64GB,135.28,31922,100
1750,2026-05-18 10:06:31.859122,2026/05/18 10:06:31.917,2,NVIDIA A100-SXM-64GB,156.98,31912,100
1751,2026-05-18 10:06:31.859122,2026/05/18 10:06:31.919,3,NVIDIA A100-SXM-64GB,177.58,31846,100
1752,2026-05-18 10:06:36.937409,2026/05/18 10:06:36.977,0,NVIDIA A100-SXM-64GB,151.01,31904,98
1753,2026-05-18 10:06:36.937409,2026/05/18 10:06:36.979,1,NVIDIA A100-SXM-64GB,182.20,31922,100
1754,2026-05-18 10:06:36.937409,2026/05/18 10:06:36.982,2,NVIDIA A100-SXM-64GB,154.23,31912,100
1755,2026-05-18 10:06:36.937409,2026/05/18 10:06:36.985,3,NVIDIA A100-SXM-64GB,183.09,31846,100
1756,2026-05-18 10:06:42.000006,2026/05/18 10:06:42.039,0,NVIDIA A100-SXM-64GB,173.35,31904,100
1757,2026-05-18 10:06:42.000006,2026/05/18 10:06:42.041,1,NVIDIA A100-SXM-64GB,180.39,31922,100
1758,2026-05-18 10:06:42.000006,2026/05/18 10:06:42.044,2,NVIDIA A100-SXM-64GB,185.05,31912,100
1759,2026-05-18 10:06:42.000006,2026/05/18 10:06:42.046,3,NVIDIA A100-SXM-64GB,159.79,31846,100
1760,2026-05-18 10:06:47.062069,2026/05/18 10:06:47.101,0,NVIDIA A100-SXM-64GB,155.29,31904,98
1761,2026-05-18 10:06:47.062069,2026/05/18 10:06:47.104,1,NVIDIA A100-SXM-64GB,144.46,31922,99
1762,2026-05-18 10:06:47.062069,2026/05/18 10:06:47.108,2,NVIDIA A100-SXM-64GB,152.86,31912,100
1763,2026-05-18 10:06:47.062069,2026/05/18 10:06:47.114,3,NVIDIA A100-SXM-64GB,144.90,31846,98
1764,2026-05-18 10:06:52.129538,2026/05/18 10:06:52.169,0,NVIDIA A100-SXM-64GB,157.16,31904,98
1765,2026-05-18 10:06:52.129538,2026/05/18 10:06:52.171,1,NVIDIA A100-SXM-64GB,143.98,31922,98
1766,2026-05-18 10:06:52.129538,2026/05/18 10:06:52.174,2,NVIDIA A100-SXM-64GB,147.51,31912,98
1767,2026-05-18 10:06:52.129538,2026/05/18 10:06:52.178,3,NVIDIA A100-SXM-64GB,145.17,31846,98
1768,2026-05-18 10:06:57.193284,2026/05/18 10:06:57.233,0,NVIDIA A100-SXM-64GB,158.97,31904,100
1769,2026-05-18 10:06:57.193284,2026/05/18 10:06:57.235,1,NVIDIA A100-SXM-64GB,174.24,31922,100
1770,2026-05-18 10:06:57.193284,2026/05/18 10:06:57.238,2,NVIDIA A100-SXM-64GB,154.55,31912,100
1771,2026-05-18 10:06:57.193284,2026/05/18 10:06:57.242,3,NVIDIA A100-SXM-64GB,148.60,31846,100
1772,2026-05-18 10:07:02.260363,2026/05/18 10:07:02.300,0,NVIDIA A100-SXM-64GB,187.69,31904,100
1773,2026-05-18 10:07:02.260363,2026/05/18 10:07:02.304,1,NVIDIA A100-SXM-64GB,163.25,31922,100
1774,2026-05-18 10:07:02.260363,2026/05/18 10:07:02.307,2,NVIDIA A100-SXM-64GB,172.96,31912,100
1775,2026-05-18 10:07:02.260363,2026/05/18 10:07:02.311,3,NVIDIA A100-SXM-64GB,170.65,31846,100
1776,2026-05-18 10:07:07.326484,2026/05/18 10:07:07.366,0,NVIDIA A100-SXM-64GB,192.91,31904,100
1777,2026-05-18 10:07:07.326484,2026/05/18 10:07:07.368,1,NVIDIA A100-SXM-64GB,176.71,31922,98
1778,2026-05-18 10:07:07.326484,2026/05/18 10:07:07.371,2,NVIDIA A100-SXM-64GB,134.95,31912,100
1779,2026-05-18 10:07:07.326484,2026/05/18 10:07:07.373,3,NVIDIA A100-SXM-64GB,132.27,31846,100
1780,2026-05-18 10:07:12.388791,2026/05/18 10:07:12.428,0,NVIDIA A100-SXM-64GB,188.35,31904,100
1781,2026-05-18 10:07:12.388791,2026/05/18 10:07:12.433,1,NVIDIA A100-SXM-64GB,186.48,31922,100
1782,2026-05-18 10:07:12.388791,2026/05/18 10:07:12.435,2,NVIDIA A100-SXM-64GB,176.92,31912,100
1783,2026-05-18 10:07:12.388791,2026/05/18 10:07:12.438,3,NVIDIA A100-SXM-64GB,179.25,31846,100
1784,2026-05-18 10:07:17.456904,2026/05/18 10:07:17.497,0,NVIDIA A100-SXM-64GB,156.23,31904,97
1785,2026-05-18 10:07:17.456904,2026/05/18 10:07:17.499,1,NVIDIA A100-SXM-64GB,146.73,31922,100
1786,2026-05-18 10:07:17.456904,2026/05/18 10:07:17.502,2,NVIDIA A100-SXM-64GB,152.68,31912,97
1787,2026-05-18 10:07:17.456904,2026/05/18 10:07:17.504,3,NVIDIA A100-SXM-64GB,148.27,31846,100
1788,2026-05-18 10:07:22.520142,2026/05/18 10:07:22.559,0,NVIDIA A100-SXM-64GB,178.52,31904,100
1789,2026-05-18 10:07:22.520142,2026/05/18 10:07:22.563,1,NVIDIA A100-SXM-64GB,170.28,31922,100
1790,2026-05-18 10:07:22.520142,2026/05/18 10:07:22.566,2,NVIDIA A100-SXM-64GB,173.38,31912,100
1791,2026-05-18 10:07:22.520142,2026/05/18 10:07:22.569,3,NVIDIA A100-SXM-64GB,175.62,31846,100
1792,2026-05-18 10:07:27.584456,2026/05/18 10:07:27.624,0,NVIDIA A100-SXM-64GB,182.80,31904,100
1793,2026-05-18 10:07:27.584456,2026/05/18 10:07:27.626,1,NVIDIA A100-SXM-64GB,155.90,31922,100
1794,2026-05-18 10:07:27.584456,2026/05/18 10:07:27.630,2,NVIDIA A100-SXM-64GB,178.88,31912,100
1795,2026-05-18 10:07:27.584456,2026/05/18 10:07:27.633,3,NVIDIA A100-SXM-64GB,161.60,31846,100
1796,2026-05-18 10:07:32.650601,2026/05/18 10:07:32.690,0,NVIDIA A100-SXM-64GB,153.15,31904,98
1797,2026-05-18 10:07:32.650601,2026/05/18 10:07:32.692,1,NVIDIA A100-SXM-64GB,148.74,31922,98
1798,2026-05-18 10:07:32.650601,2026/05/18 10:07:32.695,2,NVIDIA A100-SXM-64GB,150.59,31912,100
1799,2026-05-18 10:07:32.650601,2026/05/18 10:07:32.698,3,NVIDIA A100-SXM-64GB,144.90,31846,98
1800,2026-05-18 10:07:37.713765,2026/05/18 10:07:37.753,0,NVIDIA A100-SXM-64GB,154.08,31904,100
1801,2026-05-18 10:07:37.713765,2026/05/18 10:07:37.755,1,NVIDIA A100-SXM-64GB,148.41,31922,98
1802,2026-05-18 10:07:37.713765,2026/05/18 10:07:37.758,2,NVIDIA A100-SXM-64GB,151.80,31912,100
1803,2026-05-18 10:07:37.713765,2026/05/18 10:07:37.763,3,NVIDIA A100-SXM-64GB,148.87,31846,98
1804,2026-05-18 10:07:42.778202,2026/05/18 10:07:42.817,0,NVIDIA A100-SXM-64GB,167.21,31904,100
1805,2026-05-18 10:07:42.778202,2026/05/18 10:07:42.819,1,NVIDIA A100-SXM-64GB,169.07,31922,100
1806,2026-05-18 10:07:42.778202,2026/05/18 10:07:42.822,2,NVIDIA A100-SXM-64GB,187.47,31912,100
1807,2026-05-18 10:07:42.778202,2026/05/18 10:07:42.825,3,NVIDIA A100-SXM-64GB,159.95,31846,100
1808,2026-05-18 10:07:47.840164,2026/05/18 10:07:47.879,0,NVIDIA A100-SXM-64GB,143.71,31904,100
1809,2026-05-18 10:07:47.840164,2026/05/18 10:07:47.884,1,NVIDIA A100-SXM-64GB,171.82,31922,98
1810,2026-05-18 10:07:47.840164,2026/05/18 10:07:47.888,2,NVIDIA A100-SXM-64GB,212.89,31912,100
1811,2026-05-18 10:07:47.840164,2026/05/18 10:07:47.894,3,NVIDIA A100-SXM-64GB,168.50,31846,98
1812,2026-05-18 10:07:52.910403,2026/05/18 10:07:52.951,0,NVIDIA A100-SXM-64GB,143.38,31904,100
1813,2026-05-18 10:07:52.910403,2026/05/18 10:07:52.957,1,NVIDIA A100-SXM-64GB,145.67,31922,97
1814,2026-05-18 10:07:52.910403,2026/05/18 10:07:52.960,2,NVIDIA A100-SXM-64GB,219.66,31912,98
1815,2026-05-18 10:07:52.910403,2026/05/18 10:07:52.963,3,NVIDIA A100-SXM-64GB,146.44,31846,97
1816,2026-05-18 10:07:57.979250,2026/05/18 10:07:58.018,0,NVIDIA A100-SXM-64GB,180.05,31904,100
1817,2026-05-18 10:07:57.979250,2026/05/18 10:07:58.020,1,NVIDIA A100-SXM-64GB,165.40,31922,100
1818,2026-05-18 10:07:57.979250,2026/05/18 10:07:58.023,2,NVIDIA A100-SXM-64GB,183.70,31912,100
1819,2026-05-18 10:07:57.979250,2026/05/18 10:07:58.025,3,NVIDIA A100-SXM-64GB,181.22,31846,100
1820,2026-05-18 10:08:03.041108,2026/05/18 10:08:03.080,0,NVIDIA A100-SXM-64GB,168.47,31904,100
1821,2026-05-18 10:08:03.041108,2026/05/18 10:08:03.082,1,NVIDIA A100-SXM-64GB,162.48,31922,100
1822,2026-05-18 10:08:03.041108,2026/05/18 10:08:03.085,2,NVIDIA A100-SXM-64GB,176.31,31912,100
1823,2026-05-18 10:08:03.041108,2026/05/18 10:08:03.087,3,NVIDIA A100-SXM-64GB,163.32,31846,100
1824,2026-05-18 10:08:08.103125,2026/05/18 10:08:08.142,0,NVIDIA A100-SXM-64GB,153.48,31904,100
1825,2026-05-18 10:08:08.103125,2026/05/18 10:08:08.144,1,NVIDIA A100-SXM-64GB,145.99,31922,98
1826,2026-05-18 10:08:08.103125,2026/05/18 10:08:08.147,2,NVIDIA A100-SXM-64GB,149.33,31912,100
1827,2026-05-18 10:08:08.103125,2026/05/18 10:08:08.149,3,NVIDIA A100-SXM-64GB,145.51,31846,98
1828,2026-05-18 10:08:13.167273,2026/05/18 10:08:13.207,0,NVIDIA A100-SXM-64GB,152.54,31904,100
1829,2026-05-18 10:08:13.167273,2026/05/18 10:08:13.209,1,NVIDIA A100-SXM-64GB,189.23,31922,100
1830,2026-05-18 10:08:13.167273,2026/05/18 10:08:13.213,2,NVIDIA A100-SXM-64GB,149.33,31912,100
1831,2026-05-18 10:08:13.167273,2026/05/18 10:08:13.216,3,NVIDIA A100-SXM-64GB,187.99,31846,100
1832,2026-05-18 10:08:18.234570,2026/05/18 10:08:18.274,0,NVIDIA A100-SXM-64GB,164.79,31904,100
1833,2026-05-18 10:08:18.234570,2026/05/18 10:08:18.277,1,NVIDIA A100-SXM-64GB,160.78,31922,100
1834,2026-05-18 10:08:18.234570,2026/05/18 10:08:18.280,2,NVIDIA A100-SXM-64GB,159.63,31912,100
1835,2026-05-18 10:08:18.234570,2026/05/18 10:08:18.282,3,NVIDIA A100-SXM-64GB,152.84,31846,100
1836,2026-05-18 10:08:23.297800,2026/05/18 10:08:23.337,0,NVIDIA A100-SXM-64GB,193.31,31904,100
1837,2026-05-18 10:08:23.297800,2026/05/18 10:08:23.339,1,NVIDIA A100-SXM-64GB,162.04,31922,100
1838,2026-05-18 10:08:23.297800,2026/05/18 10:08:23.342,2,NVIDIA A100-SXM-64GB,178.61,31912,100
1839,2026-05-18 10:08:23.297800,2026/05/18 10:08:23.344,3,NVIDIA A100-SXM-64GB,181.22,31846,100
1840,2026-05-18 10:08:28.364847,2026/05/18 10:08:28.404,0,NVIDIA A100-SXM-64GB,178.94,31904,100
1841,2026-05-18 10:08:28.364847,2026/05/18 10:08:28.406,1,NVIDIA A100-SXM-64GB,177.31,31922,100
1842,2026-05-18 10:08:28.364847,2026/05/18 10:08:28.409,2,NVIDIA A100-SXM-64GB,174.32,31912,100
1843,2026-05-18 10:08:28.364847,2026/05/18 10:08:28.411,3,NVIDIA A100-SXM-64GB,151.35,31846,100
1844,2026-05-18 10:08:33.427327,2026/05/18 10:08:33.467,0,NVIDIA A100-SXM-64GB,153.48,31904,100
1845,2026-05-18 10:08:33.427327,2026/05/18 10:08:33.469,1,NVIDIA A100-SXM-64GB,146.60,31922,98
1846,2026-05-18 10:08:33.427327,2026/05/18 10:08:33.472,2,NVIDIA A100-SXM-64GB,138.91,31912,99
1847,2026-05-18 10:08:33.427327,2026/05/18 10:08:33.474,3,NVIDIA A100-SXM-64GB,144.30,31846,98
1848,2026-05-18 10:08:38.490334,2026/05/18 10:08:38.529,0,NVIDIA A100-SXM-64GB,153.75,31904,98
1849,2026-05-18 10:08:38.490334,2026/05/18 10:08:38.531,1,NVIDIA A100-SXM-64GB,146.73,31922,97
1850,2026-05-18 10:08:38.490334,2026/05/18 10:08:38.534,2,NVIDIA A100-SXM-64GB,153.95,31912,97
1851,2026-05-18 10:08:38.490334,2026/05/18 10:08:38.537,3,NVIDIA A100-SXM-64GB,145.51,31846,97
1852,2026-05-18 10:08:43.552507,2026/05/18 10:08:43.592,0,NVIDIA A100-SXM-64GB,199.00,31904,100
1853,2026-05-18 10:08:43.552507,2026/05/18 10:08:43.595,1,NVIDIA A100-SXM-64GB,188.96,31922,100
1854,2026-05-18 10:08:43.552507,2026/05/18 10:08:43.601,2,NVIDIA A100-SXM-64GB,185.51,31912,100
1855,2026-05-18 10:08:43.552507,2026/05/18 10:08:43.603,3,NVIDIA A100-SXM-64GB,172.80,31846,100
1856,2026-05-18 10:08:48.619231,2026/05/18 10:08:48.658,0,NVIDIA A100-SXM-64GB,189.63,31904,100
1857,2026-05-18 10:08:48.619231,2026/05/18 10:08:48.660,1,NVIDIA A100-SXM-64GB,170.89,31922,100
1858,2026-05-18 10:08:48.619231,2026/05/18 10:08:48.663,2,NVIDIA A100-SXM-64GB,174.77,31912,100
1859,2026-05-18 10:08:48.619231,2026/05/18 10:08:48.668,3,NVIDIA A100-SXM-64GB,163.43,31846,100
1860,2026-05-18 10:08:53.685612,2026/05/18 10:08:53.725,0,NVIDIA A100-SXM-64GB,207.96,31904,100
1861,2026-05-18 10:08:53.685612,2026/05/18 10:08:53.727,1,NVIDIA A100-SXM-64GB,158.36,31922,98
1862,2026-05-18 10:08:53.685612,2026/05/18 10:08:53.730,2,NVIDIA A100-SXM-64GB,152.86,31912,100
1863,2026-05-18 10:08:53.685612,2026/05/18 10:08:53.732,3,NVIDIA A100-SXM-64GB,175.10,31846,100
1864,2026-05-18 10:08:58.748464,2026/05/18 10:08:58.788,0,NVIDIA A100-SXM-64GB,183.88,31904,100
1865,2026-05-18 10:08:58.748464,2026/05/18 10:08:58.790,1,NVIDIA A100-SXM-64GB,179.46,31922,100
1866,2026-05-18 10:08:58.748464,2026/05/18 10:08:58.793,2,NVIDIA A100-SXM-64GB,182.49,31912,100
1867,2026-05-18 10:08:58.748464,2026/05/18 10:08:58.795,3,NVIDIA A100-SXM-64GB,187.66,31846,100
1868,2026-05-18 10:09:03.811403,2026/05/18 10:09:03.851,0,NVIDIA A100-SXM-64GB,186.02,31904,100
1869,2026-05-18 10:09:03.811403,2026/05/18 10:09:03.853,1,NVIDIA A100-SXM-64GB,157.16,31922,100
1870,2026-05-18 10:09:03.811403,2026/05/18 10:09:03.856,2,NVIDIA A100-SXM-64GB,156.98,31912,100
1871,2026-05-18 10:09:03.811403,2026/05/18 10:09:03.858,3,NVIDIA A100-SXM-64GB,170.20,31846,100
1872,2026-05-18 10:09:08.873821,2026/05/18 10:09:08.913,0,NVIDIA A100-SXM-64GB,157.43,31904,98
1873,2026-05-18 10:09:08.873821,2026/05/18 10:09:08.915,1,NVIDIA A100-SXM-64GB,147.66,31922,98
1874,2026-05-18 10:09:08.873821,2026/05/18 10:09:08.921,2,NVIDIA A100-SXM-64GB,149.66,31912,98
1875,2026-05-18 10:09:08.873821,2026/05/18 10:09:08.923,3,NVIDIA A100-SXM-64GB,145.51,31846,98
1876,2026-05-18 10:09:13.939005,2026/05/18 10:09:13.978,0,NVIDIA A100-SXM-64GB,151.34,31904,100
1877,2026-05-18 10:09:13.939005,2026/05/18 10:09:13.980,1,NVIDIA A100-SXM-64GB,133.60,31922,100
1878,2026-05-18 10:09:13.939005,2026/05/18 10:09:13.983,2,NVIDIA A100-SXM-64GB,150.11,31912,100
1879,2026-05-18 10:09:13.939005,2026/05/18 10:09:13.985,3,NVIDIA A100-SXM-64GB,142.14,31846,100
1880,2026-05-18 10:09:19.001054,2026/05/18 10:09:19.040,0,NVIDIA A100-SXM-64GB,183.55,31904,100
1881,2026-05-18 10:09:19.001054,2026/05/18 10:09:19.043,1,NVIDIA A100-SXM-64GB,176.10,31922,100
1882,2026-05-18 10:09:19.001054,2026/05/18 10:09:19.045,2,NVIDIA A100-SXM-64GB,183.51,31912,100
1883,2026-05-18 10:09:19.001054,2026/05/18 10:09:19.048,3,NVIDIA A100-SXM-64GB,168.99,31846,100
1884,2026-05-18 10:09:24.067273,2026/05/18 10:09:24.106,0,NVIDIA A100-SXM-64GB,189.63,31904,100
1885,2026-05-18 10:09:24.067273,2026/05/18 10:09:24.108,1,NVIDIA A100-SXM-64GB,166.00,31922,100
1886,2026-05-18 10:09:24.067273,2026/05/18 10:09:24.111,2,NVIDIA A100-SXM-64GB,179.49,31912,100
1887,2026-05-18 10:09:24.067273,2026/05/18 10:09:24.116,3,NVIDIA A100-SXM-64GB,163.92,31846,100
1888,2026-05-18 10:09:29.131927,2026/05/18 10:09:29.171,0,NVIDIA A100-SXM-64GB,148.26,31904,98
1889,2026-05-18 10:09:29.131927,2026/05/18 10:09:29.173,1,NVIDIA A100-SXM-64GB,144.92,31922,99
1890,2026-05-18 10:09:29.131927,2026/05/18 10:09:29.176,2,NVIDIA A100-SXM-64GB,153.62,31912,98
1891,2026-05-18 10:09:29.131927,2026/05/18 10:09:29.178,3,NVIDIA A100-SXM-64GB,136.90,31846,98
1892,2026-05-18 10:09:34.194235,2026/05/18 10:09:34.233,0,NVIDIA A100-SXM-64GB,155.02,31904,98
1893,2026-05-18 10:09:34.194235,2026/05/18 10:09:34.235,1,NVIDIA A100-SXM-64GB,142.17,31922,98
1894,2026-05-18 10:09:34.194235,2026/05/18 10:09:34.238,2,NVIDIA A100-SXM-64GB,154.84,31912,98
1895,2026-05-18 10:09:34.194235,2026/05/18 10:09:34.240,3,NVIDIA A100-SXM-64GB,145.64,31846,98
1896,2026-05-18 10:09:39.256433,2026/05/18 10:09:39.296,0,NVIDIA A100-SXM-64GB,162.65,31904,100
1897,2026-05-18 10:09:39.256433,2026/05/18 10:09:39.298,1,NVIDIA A100-SXM-64GB,157.43,31922,100
1898,2026-05-18 10:09:39.256433,2026/05/18 10:09:39.301,2,NVIDIA A100-SXM-64GB,151.32,31912,100
1899,2026-05-18 10:09:39.256433,2026/05/18 10:09:39.303,3,NVIDIA A100-SXM-64GB,168.66,31846,100
1900,2026-05-18 10:09:44.319690,2026/05/18 10:09:44.359,0,NVIDIA A100-SXM-64GB,189.56,31904,100
1901,2026-05-18 10:09:44.319690,2026/05/18 10:09:44.361,1,NVIDIA A100-SXM-64GB,172.75,31922,100
1902,2026-05-18 10:09:44.319690,2026/05/18 10:09:44.364,2,NVIDIA A100-SXM-64GB,185.32,31912,100
1903,2026-05-18 10:09:44.319690,2026/05/18 10:09:44.366,3,NVIDIA A100-SXM-64GB,182.76,31846,100
1904,2026-05-18 10:09:49.382275,2026/05/18 10:09:49.421,0,NVIDIA A100-SXM-64GB,157.16,31904,100
1905,2026-05-18 10:09:49.382275,2026/05/18 10:09:49.423,1,NVIDIA A100-SXM-64GB,156.83,31922,100
1906,2026-05-18 10:09:49.382275,2026/05/18 10:09:49.428,2,NVIDIA A100-SXM-64GB,172.44,31912,100
1907,2026-05-18 10:09:49.382275,2026/05/18 10:09:49.432,3,NVIDIA A100-SXM-64GB,168.66,31846,100
1908,2026-05-18 10:09:54.450956,2026/05/18 10:09:54.490,0,NVIDIA A100-SXM-64GB,156.23,31904,98
1909,2026-05-18 10:09:54.450956,2026/05/18 10:09:54.492,1,NVIDIA A100-SXM-64GB,145.84,31922,98
1910,2026-05-18 10:09:54.450956,2026/05/18 10:09:54.495,2,NVIDIA A100-SXM-64GB,154.23,31912,98
1911,2026-05-18 10:09:54.450956,2026/05/18 10:09:54.497,3,NVIDIA A100-SXM-64GB,146.73,31846,98
1912,2026-05-18 10:09:59.513664,2026/05/18 10:09:59.553,0,NVIDIA A100-SXM-64GB,152.71,31904,97
1913,2026-05-18 10:09:59.513664,2026/05/18 10:09:59.555,1,NVIDIA A100-SXM-64GB,146.45,31922,99
1914,2026-05-18 10:09:59.513664,2026/05/18 10:09:59.558,2,NVIDIA A100-SXM-64GB,148.57,31912,97
1915,2026-05-18 10:09:59.513664,2026/05/18 10:09:59.562,3,NVIDIA A100-SXM-64GB,146.29,31846,99
1916,2026-05-18 10:10:04.578644,2026/05/18 10:10:04.618,0,NVIDIA A100-SXM-64GB,192.10,31904,100
1917,2026-05-18 10:10:04.578644,2026/05/18 10:10:04.623,1,NVIDIA A100-SXM-64GB,170.28,31922,100
1918,2026-05-18 10:10:04.578644,2026/05/18 10:10:04.626,2,NVIDIA A100-SXM-64GB,177.07,31912,100
1919,2026-05-18 10:10:04.578644,2026/05/18 10:10:04.629,3,NVIDIA A100-SXM-64GB,173.29,31846,100
1920,2026-05-18 10:10:09.645047,2026/05/18 10:10:09.684,0,NVIDIA A100-SXM-64GB,174.99,31904,100
1921,2026-05-18 10:10:09.645047,2026/05/18 10:10:09.686,1,NVIDIA A100-SXM-64GB,176.10,31922,100
1922,2026-05-18 10:10:09.645047,2026/05/18 10:10:09.691,2,NVIDIA A100-SXM-64GB,171.57,31912,100
1923,2026-05-18 10:10:09.645047,2026/05/18 10:10:09.694,3,NVIDIA A100-SXM-64GB,160.06,31846,100
1924,2026-05-18 10:10:14.710511,2026/05/18 10:10:14.751,0,NVIDIA A100-SXM-64GB,157.27,31904,98
1925,2026-05-18 10:10:14.710511,2026/05/18 10:10:14.753,1,NVIDIA A100-SXM-64GB,146.73,31922,98
1926,2026-05-18 10:10:14.710511,2026/05/18 10:10:14.756,2,NVIDIA A100-SXM-64GB,150.11,31912,98
1927,2026-05-18 10:10:14.710511,2026/05/18 10:10:14.758,3,NVIDIA A100-SXM-64GB,145.51,31846,98
1928,2026-05-18 10:10:19.777034,2026/05/18 10:10:19.816,0,NVIDIA A100-SXM-64GB,149.97,31904,100
1929,2026-05-18 10:10:19.777034,2026/05/18 10:10:19.818,1,NVIDIA A100-SXM-64GB,147.66,31922,98
1930,2026-05-18 10:10:19.777034,2026/05/18 10:10:19.821,2,NVIDIA A100-SXM-64GB,153.79,31912,100
1931,2026-05-18 10:10:19.777034,2026/05/18 10:10:19.823,3,NVIDIA A100-SXM-64GB,145.64,31846,98
1932,2026-05-18 10:10:24.839446,2026/05/18 10:10:24.879,0,NVIDIA A100-SXM-64GB,168.15,31904,100
1933,2026-05-18 10:10:24.839446,2026/05/18 10:10:24.881,1,NVIDIA A100-SXM-64GB,171.49,31922,100
1934,2026-05-18 10:10:24.839446,2026/05/18 10:10:24.884,2,NVIDIA A100-SXM-64GB,154.55,31912,100
1935,2026-05-18 10:10:24.839446,2026/05/18 10:10:24.888,3,NVIDIA A100-SXM-64GB,149.20,31846,100
1936,2026-05-18 10:10:29.903609,2026/05/18 10:10:29.943,0,NVIDIA A100-SXM-64GB,178.34,31904,100
1937,2026-05-18 10:10:29.903609,2026/05/18 10:10:29.947,1,NVIDIA A100-SXM-64GB,170.89,31922,99
1938,2026-05-18 10:10:29.903609,2026/05/18 10:10:29.950,2,NVIDIA A100-SXM-64GB,181.96,31912,100
1939,2026-05-18 10:10:29.903609,2026/05/18 10:10:29.952,3,NVIDIA A100-SXM-64GB,168.99,31846,98
1940,2026-05-18 10:10:34.968618,2026/05/18 10:10:35.008,0,NVIDIA A100-SXM-64GB,212.57,31904,100
1941,2026-05-18 10:10:34.968618,2026/05/18 10:10:35.013,1,NVIDIA A100-SXM-64GB,140.30,31922,97
1942,2026-05-18 10:10:34.968618,2026/05/18 10:10:35.017,2,NVIDIA A100-SXM-64GB,234.72,31912,100
1943,2026-05-18 10:10:34.968618,2026/05/18 10:10:35.020,3,NVIDIA A100-SXM-64GB,137.24,31846,97
1944,2026-05-18 10:10:40.035799,2026/05/18 10:10:40.075,0,NVIDIA A100-SXM-64GB,173.46,31904,100
1945,2026-05-18 10:10:40.035799,2026/05/18 10:10:40.077,1,NVIDIA A100-SXM-64GB,161.72,31922,100
1946,2026-05-18 10:10:40.035799,2026/05/18 10:10:40.080,2,NVIDIA A100-SXM-64GB,191.77,31912,100
1947,2026-05-18 10:10:40.035799,2026/05/18 10:10:40.082,3,NVIDIA A100-SXM-64GB,180.95,31846,100
1948,2026-05-18 10:10:45.101955,2026/05/18 10:10:45.141,0,NVIDIA A100-SXM-64GB,178.34,31904,100
1949,2026-05-18 10:10:45.101955,2026/05/18 10:10:45.145,1,NVIDIA A100-SXM-64GB,166.33,31922,100
1950,2026-05-18 10:10:45.101955,2026/05/18 10:10:45.148,2,NVIDIA A100-SXM-64GB,184.44,31912,100
1951,2026-05-18 10:10:45.101955,2026/05/18 10:10:45.152,3,NVIDIA A100-SXM-64GB,163.76,31846,100
1952,2026-05-18 10:10:50.168391,2026/05/18 10:10:50.208,0,NVIDIA A100-SXM-64GB,184.48,31904,98
1953,2026-05-18 10:10:50.168391,2026/05/18 10:10:50.210,1,NVIDIA A100-SXM-64GB,186.81,31922,100
1954,2026-05-18 10:10:50.168391,2026/05/18 10:10:50.214,2,NVIDIA A100-SXM-64GB,160.24,31912,98
1955,2026-05-18 10:10:50.168391,2026/05/18 10:10:50.217,3,NVIDIA A100-SXM-64GB,140.60,31846,100
1956,2026-05-18 10:10:55.232935,2026/05/18 10:10:55.272,0,NVIDIA A100-SXM-64GB,142.77,31904,98
1957,2026-05-18 10:10:55.232935,2026/05/18 10:10:55.274,1,NVIDIA A100-SXM-64GB,140.91,31922,100
1958,2026-05-18 10:10:55.232935,2026/05/18 10:10:55.277,2,NVIDIA A100-SXM-64GB,145.36,31912,98
1959,2026-05-18 10:10:55.232935,2026/05/18 10:10:55.279,3,NVIDIA A100-SXM-64GB,143.03,31846,100
1960,2026-05-18 10:11:00.295827,2026/05/18 10:11:00.335,0,NVIDIA A100-SXM-64GB,167.81,31904,100
1961,2026-05-18 10:11:00.295827,2026/05/18 10:11:00.337,1,NVIDIA A100-SXM-64GB,178.85,31922,100
1962,2026-05-18 10:11:00.295827,2026/05/18 10:11:00.340,2,NVIDIA A100-SXM-64GB,150.87,31912,100
1963,2026-05-18 10:11:00.295827,2026/05/18 10:11:00.342,3,NVIDIA A100-SXM-64GB,157.81,31846,100
1964,2026-05-18 10:11:05.360406,2026/05/18 10:11:05.400,0,NVIDIA A100-SXM-64GB,184.76,31904,100
1965,2026-05-18 10:11:05.360406,2026/05/18 10:11:05.402,1,NVIDIA A100-SXM-64GB,143.04,31922,100
1966,2026-05-18 10:11:05.360406,2026/05/18 10:11:05.405,2,NVIDIA A100-SXM-64GB,197.60,31912,100
1967,2026-05-18 10:11:05.360406,2026/05/18 10:11:05.407,3,NVIDIA A100-SXM-64GB,140.46,31846,100
1968,2026-05-18 10:11:10.424230,2026/05/18 10:11:10.463,0,NVIDIA A100-SXM-64GB,162.93,31904,100
1969,2026-05-18 10:11:10.424230,2026/05/18 10:11:10.466,1,NVIDIA A100-SXM-64GB,170.28,31922,100
1970,2026-05-18 10:11:10.424230,2026/05/18 10:11:10.469,2,NVIDIA A100-SXM-64GB,166.67,31912,100
1971,2026-05-18 10:11:10.424230,2026/05/18 10:11:10.471,3,NVIDIA A100-SXM-64GB,154.99,31846,100
1972,2026-05-18 10:11:15.487161,2026/05/18 10:11:15.526,0,NVIDIA A100-SXM-64GB,148.26,31904,100
1973,2026-05-18 10:11:15.487161,2026/05/18 10:11:15.531,1,NVIDIA A100-SXM-64GB,146.45,31922,98
1974,2026-05-18 10:11:15.487161,2026/05/18 10:11:15.534,2,NVIDIA A100-SXM-64GB,141.67,31912,100
1975,2026-05-18 10:11:15.487161,2026/05/18 10:11:15.537,3,NVIDIA A100-SXM-64GB,147.33,31846,98
1976,2026-05-18 10:11:20.553471,2026/05/18 10:11:20.594,0,NVIDIA A100-SXM-64GB,156.50,31904,98
1977,2026-05-18 10:11:20.553471,2026/05/18 10:11:20.596,1,NVIDIA A100-SXM-64GB,145.52,31922,97
1978,2026-05-18 10:11:20.553471,2026/05/18 10:11:20.602,2,NVIDIA A100-SXM-64GB,152.53,31912,98
1979,2026-05-18 10:11:20.553471,2026/05/18 10:11:20.605,3,NVIDIA A100-SXM-64GB,147.51,31846,97
1980,2026-05-18 10:11:25.624371,2026/05/18 10:11:25.664,0,NVIDIA A100-SXM-64GB,178.94,31904,100
1981,2026-05-18 10:11:25.624371,2026/05/18 10:11:25.666,1,NVIDIA A100-SXM-64GB,182.01,31922,100
1982,2026-05-18 10:11:25.624371,2026/05/18 10:11:25.669,2,NVIDIA A100-SXM-64GB,175.53,31912,100
1983,2026-05-18 10:11:25.624371,2026/05/18 10:11:25.671,3,NVIDIA A100-SXM-64GB,183.09,31846,100
1984,2026-05-18 10:11:30.688492,2026/05/18 10:11:30.728,0,NVIDIA A100-SXM-64GB,189.36,31904,100
1985,2026-05-18 10:11:30.688492,2026/05/18 10:11:30.730,1,NVIDIA A100-SXM-64GB,177.04,31922,100
1986,2026-05-18 10:11:30.688492,2026/05/18 10:11:30.733,2,NVIDIA A100-SXM-64GB,163.26,31912,100
1987,2026-05-18 10:11:30.688492,2026/05/18 10:11:30.737,3,NVIDIA A100-SXM-64GB,177.85,31846,100
1988,2026-05-18 10:11:35.753472,2026/05/18 10:11:35.793,0,NVIDIA A100-SXM-64GB,152.22,31904,100
1989,2026-05-18 10:11:35.753472,2026/05/18 10:11:35.799,1,NVIDIA A100-SXM-64GB,191.78,31922,98
1990,2026-05-18 10:11:35.753472,2026/05/18 10:11:35.805,2,NVIDIA A100-SXM-64GB,166.01,31912,100
1991,2026-05-18 10:11:35.753472,2026/05/18 10:11:35.807,3,NVIDIA A100-SXM-64GB,176.31,31846,100
1992,2026-05-18 10:11:40.826266,2026/05/18 10:11:40.865,0,NVIDIA A100-SXM-64GB,177.74,31904,100
1993,2026-05-18 10:11:40.826266,2026/05/18 10:11:40.867,1,NVIDIA A100-SXM-64GB,170.61,31922,100
1994,2026-05-18 10:11:40.826266,2026/05/18 10:11:40.870,2,NVIDIA A100-SXM-64GB,197.93,31912,100
1995,2026-05-18 10:11:40.826266,2026/05/18 10:11:40.872,3,NVIDIA A100-SXM-64GB,175.10,31846,100
1996,2026-05-18 10:11:45.889802,2026/05/18 10:11:45.929,0,NVIDIA A100-SXM-64GB,188.76,31904,100
1997,2026-05-18 10:11:45.889802,2026/05/18 10:11:45.931,1,NVIDIA A100-SXM-64GB,172.09,31922,100
1998,2026-05-18 10:11:45.889802,2026/05/18 10:11:45.934,2,NVIDIA A100-SXM-64GB,161.44,31912,100
1999,2026-05-18 10:11:45.889802,2026/05/18 10:11:45.937,3,NVIDIA A100-SXM-64GB,179.68,31846,100
2000,2026-05-18 10:11:50.953184,2026/05/18 10:11:51.005,0,NVIDIA A100-SXM-64GB,159.57,31904,98
2001,2026-05-18 10:11:50.953184,2026/05/18 10:11:51.011,1,NVIDIA A100-SXM-64GB,148.14,31922,98
2002,2026-05-18 10:11:50.953184,2026/05/18 10:11:51.013,2,NVIDIA A100-SXM-64GB,148.72,31912,98
2003,2026-05-18 10:11:50.953184,2026/05/18 10:11:51.016,3,NVIDIA A100-SXM-64GB,146.11,31846,98
2004,2026-05-18 10:11:56.032477,2026/05/18 10:11:56.072,0,NVIDIA A100-SXM-64GB,153.15,31904,97
2005,2026-05-18 10:11:56.032477,2026/05/18 10:11:56.075,1,NVIDIA A100-SXM-64GB,147.05,31922,97
2006,2026-05-18 10:11:56.032477,2026/05/18 10:11:56.078,2,NVIDIA A100-SXM-64GB,151.20,31912,97
2007,2026-05-18 10:11:56.032477,2026/05/18 10:11:56.081,3,NVIDIA A100-SXM-64GB,148.27,31846,97
2008,2026-05-18 10:12:01.096930,2026/05/18 10:12:01.136,0,NVIDIA A100-SXM-64GB,151.01,31904,100
2009,2026-05-18 10:12:01.096930,2026/05/18 10:12:01.139,1,NVIDIA A100-SXM-64GB,90.68,31922,100
2010,2026-05-18 10:12:01.096930,2026/05/18 10:12:01.141,2,NVIDIA A100-SXM-64GB,143.48,31912,100
2011,2026-05-18 10:12:01.096930,2026/05/18 10:12:01.153,3,NVIDIA A100-SXM-64GB,144.30,31846,100
2012,2026-05-18 10:12:06.169629,2026/05/18 10:12:06.209,0,NVIDIA A100-SXM-64GB,153.75,31904,100
2013,2026-05-18 10:12:06.169629,2026/05/18 10:12:06.214,1,NVIDIA A100-SXM-64GB,140.91,31922,97
2014,2026-05-18 10:12:06.169629,2026/05/18 10:12:06.216,2,NVIDIA A100-SXM-64GB,149.33,31912,99
2015,2026-05-18 10:12:06.169629,2026/05/18 10:12:06.223,3,NVIDIA A100-SXM-64GB,146.73,31846,97
2016,2026-05-18 10:12:11.239196,2026/05/18 10:12:11.278,0,NVIDIA A100-SXM-64GB,183.74,31904,100
2017,2026-05-18 10:12:11.239196,2026/05/18 10:12:11.280,1,NVIDIA A100-SXM-64GB,177.65,31922,100
2018,2026-05-18 10:12:11.239196,2026/05/18 10:12:11.283,2,NVIDIA A100-SXM-64GB,182.49,31912,100
2019,2026-05-18 10:12:11.239196,2026/05/18 10:12:11.285,3,NVIDIA A100-SXM-64GB,169.77,31846,100
2020,2026-05-18 10:12:16.306575,2026/05/18 10:12:16.346,0,NVIDIA A100-SXM-64GB,146.73,31904,100
2021,2026-05-18 10:12:16.306575,2026/05/18 10:12:16.348,1,NVIDIA A100-SXM-64GB,165.67,31922,98
2022,2026-05-18 10:12:16.306575,2026/05/18 10:12:16.352,2,NVIDIA A100-SXM-64GB,161.28,31912,100
2023,2026-05-18 10:12:16.306575,2026/05/18 10:12:16.354,3,NVIDIA A100-SXM-64GB,161.17,31846,98
2024,2026-05-18 10:12:21.371108,2026/05/18 10:12:21.421,0,NVIDIA A100-SXM-64GB,167.21,31904,100
2025,2026-05-18 10:12:21.371108,2026/05/18 10:12:21.424,1,NVIDIA A100-SXM-64GB,157.76,31922,100
2026,2026-05-18 10:12:21.371108,2026/05/18 10:12:21.427,2,NVIDIA A100-SXM-64GB,153.95,31912,100
2027,2026-05-18 10:12:21.371108,2026/05/18 10:12:21.429,3,NVIDIA A100-SXM-64GB,159.29,31846,100
2028,2026-05-18 10:12:26.447691,2026/05/18 10:12:26.498,0,NVIDIA A100-SXM-64GB,176.71,31904,100
2029,2026-05-18 10:12:26.447691,2026/05/18 10:12:26.501,1,NVIDIA A100-SXM-64GB,167.54,31922,100
2030,2026-05-18 10:12:26.447691,2026/05/18 10:12:26.504,2,NVIDIA A100-SXM-64GB,173.89,31912,100
2031,2026-05-18 10:12:26.447691,2026/05/18 10:12:26.506,3,NVIDIA A100-SXM-64GB,185.51,31846,100
2032,2026-05-18 10:12:31.523372,2026/05/18 10:12:31.563,0,NVIDIA A100-SXM-64GB,183.14,31904,100
2033,2026-05-18 10:12:31.523372,2026/05/18 10:12:31.565,1,NVIDIA A100-SXM-64GB,164.02,31922,100
2034,2026-05-18 10:12:31.523372,2026/05/18 10:12:31.568,2,NVIDIA A100-SXM-64GB,167.11,31912,100
2035,2026-05-18 10:12:31.523372,2026/05/18 10:12:31.570,3,NVIDIA A100-SXM-64GB,165.14,31846,100
2036,2026-05-18 10:12:36.587557,2026/05/18 10:12:36.627,0,NVIDIA A100-SXM-64GB,153.15,31904,100
2037,2026-05-18 10:12:36.587557,2026/05/18 10:12:36.629,1,NVIDIA A100-SXM-64GB,141.98,31922,98
2038,2026-05-18 10:12:36.587557,2026/05/18 10:12:36.632,2,NVIDIA A100-SXM-64GB,151.80,31912,100
2039,2026-05-18 10:12:36.587557,2026/05/18 10:12:36.634,3,NVIDIA A100-SXM-64GB,147.33,31846,98
2040,2026-05-18 10:12:41.651428,2026/05/18 10:12:41.702,0,NVIDIA A100-SXM-64GB,152.54,31904,100
2041,2026-05-18 10:12:41.651428,2026/05/18 10:12:41.705,1,NVIDIA A100-SXM-64GB,178.85,31922,97
2042,2026-05-18 10:12:41.651428,2026/05/18 10:12:41.708,2,NVIDIA A100-SXM-64GB,185.84,31912,100
2043,2026-05-18 10:12:41.651428,2026/05/18 10:12:41.710,3,NVIDIA A100-SXM-64GB,145.79,31846,100
2044,2026-05-18 10:12:46.728696,2026/05/18 10:12:46.768,0,NVIDIA A100-SXM-64GB,154.69,31904,100
2045,2026-05-18 10:12:46.728696,2026/05/18 10:12:46.770,1,NVIDIA A100-SXM-64GB,142.32,31922,98
2046,2026-05-18 10:12:46.728696,2026/05/18 10:12:46.773,2,NVIDIA A100-SXM-64GB,139.52,31912,100
2047,2026-05-18 10:12:46.728696,2026/05/18 10:12:46.779,3,NVIDIA A100-SXM-64GB,207.60,31846,98
2048,2026-05-18 10:12:51.795548,2026/05/18 10:12:51.835,0,NVIDIA A100-SXM-64GB,155.78,31904,98
2049,2026-05-18 10:12:51.795548,2026/05/18 10:12:51.837,1,NVIDIA A100-SXM-64GB,141.98,31922,98
2050,2026-05-18 10:12:51.795548,2026/05/18 10:12:51.841,2,NVIDIA A100-SXM-64GB,153.62,31912,100
2051,2026-05-18 10:12:51.795548,2026/05/18 10:12:51.844,3,NVIDIA A100-SXM-64GB,146.44,31846,98
2052,2026-05-18 10:12:56.861203,2026/05/18 10:12:56.900,0,NVIDIA A100-SXM-64GB,158.64,31904,98
2053,2026-05-18 10:12:56.861203,2026/05/18 10:12:56.902,1,NVIDIA A100-SXM-64GB,144.13,31922,100
2054,2026-05-18 10:12:56.861203,2026/05/18 10:12:56.907,2,NVIDIA A100-SXM-64GB,147.18,31912,98
2055,2026-05-18 10:12:56.861203,2026/05/18 10:12:56.910,3,NVIDIA A100-SXM-64GB,147.66,31846,98
2056,2026-05-18 10:13:01.929703,2026/05/18 10:13:01.969,0,NVIDIA A100-SXM-64GB,158.64,31904,100
2057,2026-05-18 10:13:01.929703,2026/05/18 10:13:01.972,1,NVIDIA A100-SXM-64GB,170.28,31922,100
2058,2026-05-18 10:13:01.929703,2026/05/18 10:13:01.974,2,NVIDIA A100-SXM-64GB,176.74,31912,98
2059,2026-05-18 10:13:01.929703,2026/05/18 10:13:01.977,3,NVIDIA A100-SXM-64GB,147.93,31846,100
2060,2026-05-18 10:13:06.993570,2026/05/18 10:13:07.033,0,NVIDIA A100-SXM-64GB,164.19,31904,100
2061,2026-05-18 10:13:06.993570,2026/05/18 10:13:07.037,1,NVIDIA A100-SXM-64GB,168.15,31922,100
2062,2026-05-18 10:13:06.993570,2026/05/18 10:13:07.039,2,NVIDIA A100-SXM-64GB,185.65,31912,100
2063,2026-05-18 10:13:06.993570,2026/05/18 10:13:07.045,3,NVIDIA A100-SXM-64GB,165.91,31846,100
2064,2026-05-18 10:13:12.062123,2026/05/18 10:13:12.101,0,NVIDIA A100-SXM-64GB,153.48,31904,100
2065,2026-05-18 10:13:12.062123,2026/05/18 10:13:12.104,1,NVIDIA A100-SXM-64GB,130.39,31922,100
2066,2026-05-18 10:13:12.062123,2026/05/18 10:13:12.108,2,NVIDIA A100-SXM-64GB,150.26,31912,98
2067,2026-05-18 10:13:12.062123,2026/05/18 10:13:12.110,3,NVIDIA A100-SXM-64GB,147.05,31846,100
2068,2026-05-18 10:13:17.131253,2026/05/18 10:13:17.171,0,NVIDIA A100-SXM-64GB,170.61,31904,100
2069,2026-05-18 10:13:17.131253,2026/05/18 10:13:17.176,1,NVIDIA A100-SXM-64GB,136.16,31922,100
2070,2026-05-18 10:13:17.131253,2026/05/18 10:13:17.179,2,NVIDIA A100-SXM-64GB,158.85,31912,100
2071,2026-05-18 10:13:17.131253,2026/05/18 10:13:17.181,3,NVIDIA A100-SXM-64GB,200.28,31846,100
2072,2026-05-18 10:13:22.197630,2026/05/18 10:13:22.237,0,NVIDIA A100-SXM-64GB,156.50,31904,100
2073,2026-05-18 10:13:22.197630,2026/05/18 10:13:22.239,1,NVIDIA A100-SXM-64GB,181.26,31922,100
2074,2026-05-18 10:13:22.197630,2026/05/18 10:13:22.242,2,NVIDIA A100-SXM-64GB,196.99,31912,100
2075,2026-05-18 10:13:22.197630,2026/05/18 10:13:22.248,3,NVIDIA A100-SXM-64GB,188.46,31846,100
2076,2026-05-18 10:13:27.264316,2026/05/18 10:13:27.304,0,NVIDIA A100-SXM-64GB,182.53,31904,100
2077,2026-05-18 10:13:27.264316,2026/05/18 10:13:27.306,1,NVIDIA A100-SXM-64GB,172.09,31922,100
2078,2026-05-18 10:13:27.264316,2026/05/18 10:13:27.309,2,NVIDIA A100-SXM-64GB,181.96,31912,100
2079,2026-05-18 10:13:27.264316,2026/05/18 10:13:27.311,3,NVIDIA A100-SXM-64GB,182.15,31846,100
2080,2026-05-18 10:13:32.328182,2026/05/18 10:13:32.367,0,NVIDIA A100-SXM-64GB,156.50,31904,98
2081,2026-05-18 10:13:32.328182,2026/05/18 10:13:32.370,1,NVIDIA A100-SXM-64GB,141.71,31922,98
2082,2026-05-18 10:13:32.328182,2026/05/18 10:13:32.374,2,NVIDIA A100-SXM-64GB,153.01,31912,100
2083,2026-05-18 10:13:32.328182,2026/05/18 10:13:32.377,3,NVIDIA A100-SXM-64GB,142.75,31846,98
2084,2026-05-18 10:13:37.394299,2026/05/18 10:13:37.434,0,NVIDIA A100-SXM-64GB,156.50,31904,98
2085,2026-05-18 10:13:37.394299,2026/05/18 10:13:37.436,1,NVIDIA A100-SXM-64GB,142.32,31922,98
2086,2026-05-18 10:13:37.394299,2026/05/18 10:13:37.439,2,NVIDIA A100-SXM-64GB,150.26,31912,98
2087,2026-05-18 10:13:37.394299,2026/05/18 10:13:37.444,3,NVIDIA A100-SXM-64GB,142.75,31846,98
2088,2026-05-18 10:13:42.460868,2026/05/18 10:13:42.500,0,NVIDIA A100-SXM-64GB,167.54,31904,100
2089,2026-05-18 10:13:42.460868,2026/05/18 10:13:42.502,1,NVIDIA A100-SXM-64GB,177.31,31922,100
2090,2026-05-18 10:13:42.460868,2026/05/18 10:13:42.505,2,NVIDIA A100-SXM-64GB,175.86,31912,100
2091,2026-05-18 10:13:42.460868,2026/05/18 10:13:42.507,3,NVIDIA A100-SXM-64GB,159.46,31846,100
2092,2026-05-18 10:13:47.524205,2026/05/18 10:13:47.563,0,NVIDIA A100-SXM-64GB,183.22,31904,100
2093,2026-05-18 10:13:47.524205,2026/05/18 10:13:47.565,1,NVIDIA A100-SXM-64GB,167.81,31922,100
2094,2026-05-18 10:13:47.524205,2026/05/18 10:13:47.568,2,NVIDIA A100-SXM-64GB,176.13,31912,100
2095,2026-05-18 10:13:47.524205,2026/05/18 10:13:47.571,3,NVIDIA A100-SXM-64GB,176.64,31846,100
2096,2026-05-18 10:13:52.587462,2026/05/18 10:13:52.627,0,NVIDIA A100-SXM-64GB,173.03,31904,100
2097,2026-05-18 10:13:52.587462,2026/05/18 10:13:52.629,1,NVIDIA A100-SXM-64GB,168.15,31922,100
2098,2026-05-18 10:13:52.587462,2026/05/18 10:13:52.632,2,NVIDIA A100-SXM-64GB,164.36,31912,100
2099,2026-05-18 10:13:52.587462,2026/05/18 10:13:52.634,3,NVIDIA A100-SXM-64GB,179.40,31846,100
2100,2026-05-18 10:13:57.653118,2026/05/18 10:13:57.692,0,NVIDIA A100-SXM-64GB,158.97,31904,98
2101,2026-05-18 10:13:57.653118,2026/05/18 10:13:57.694,1,NVIDIA A100-SXM-64GB,145.52,31922,100
2102,2026-05-18 10:13:57.653118,2026/05/18 10:13:57.697,2,NVIDIA A100-SXM-64GB,148.72,31912,98
2103,2026-05-18 10:13:57.653118,2026/05/18 10:13:57.700,3,NVIDIA A100-SXM-64GB,143.97,31846,98
2104,2026-05-18 10:14:02.716590,2026/05/18 10:14:02.757,0,NVIDIA A100-SXM-64GB,157.43,31904,98
2105,2026-05-18 10:14:02.716590,2026/05/18 10:14:02.759,1,NVIDIA A100-SXM-64GB,144.13,31922,100
2106,2026-05-18 10:14:02.716590,2026/05/18 10:14:02.763,2,NVIDIA A100-SXM-64GB,148.12,31912,97
2107,2026-05-18 10:14:02.716590,2026/05/18 10:14:02.769,3,NVIDIA A100-SXM-64GB,145.79,31846,99
2108,2026-05-18 10:14:07.785991,2026/05/18 10:14:07.825,0,NVIDIA A100-SXM-64GB,173.96,31904,100
2109,2026-05-18 10:14:07.785991,2026/05/18 10:14:07.830,1,NVIDIA A100-SXM-64GB,182.20,31922,100
2110,2026-05-18 10:14:07.785991,2026/05/18 10:14:07.832,2,NVIDIA A100-SXM-64GB,196.06,31912,100
2111,2026-05-18 10:14:07.785991,2026/05/18 10:14:07.835,3,NVIDIA A100-SXM-64GB,167.72,31846,100
2112,2026-05-18 10:14:12.852817,2026/05/18 10:14:12.892,0,NVIDIA A100-SXM-64GB,169.95,31904,100
2113,2026-05-18 10:14:12.852817,2026/05/18 10:14:12.894,1,NVIDIA A100-SXM-64GB,160.18,31922,100
2114,2026-05-18 10:14:12.852817,2026/05/18 10:14:12.897,2,NVIDIA A100-SXM-64GB,168.82,31912,100
2115,2026-05-18 10:14:12.852817,2026/05/18 10:14:12.900,3,NVIDIA A100-SXM-64GB,162.11,31846,100
2116,2026-05-18 10:14:17.916716,2026/05/18 10:14:17.956,0,NVIDIA A100-SXM-64GB,182.53,31904,100
2117,2026-05-18 10:14:17.916716,2026/05/18 10:14:17.958,1,NVIDIA A100-SXM-64GB,161.11,31922,100
2118,2026-05-18 10:14:17.916716,2026/05/18 10:14:17.961,2,NVIDIA A100-SXM-64GB,153.01,31912,100
2119,2026-05-18 10:14:17.916716,2026/05/18 10:14:17.964,3,NVIDIA A100-SXM-64GB,150.09,31846,100
2120,2026-05-18 10:14:22.981772,2026/05/18 10:14:23.021,0,NVIDIA A100-SXM-64GB,180.81,31904,100
2121,2026-05-18 10:14:22.981772,2026/05/18 10:14:23.023,1,NVIDIA A100-SXM-64GB,169.07,31922,100
2122,2026-05-18 10:14:22.981772,2026/05/18 10:14:23.028,2,NVIDIA A100-SXM-64GB,196.66,31912,100
2123,2026-05-18 10:14:22.981772,2026/05/18 10:14:23.030,3,NVIDIA A100-SXM-64GB,168.66,31846,100
2124,2026-05-18 10:14:28.047291,2026/05/18 10:14:28.087,0,NVIDIA A100-SXM-64GB,155.90,31904,100
2125,2026-05-18 10:14:28.047291,2026/05/18 10:14:28.091,1,NVIDIA A100-SXM-64GB,174.24,31922,100
2126,2026-05-18 10:14:28.047291,2026/05/18 10:14:28.093,2,NVIDIA A100-SXM-64GB,164.53,31912,100
2127,2026-05-18 10:14:28.047291,2026/05/18 10:14:28.096,3,NVIDIA A100-SXM-64GB,167.72,31846,100
2128,2026-05-18 10:14:33.115905,2026/05/18 10:14:33.166,0,NVIDIA A100-SXM-64GB,193.92,31904,98
2129,2026-05-18 10:14:33.115905,2026/05/18 10:14:33.171,1,NVIDIA A100-SXM-64GB,132.81,31922,100
2130,2026-05-18 10:14:33.115905,2026/05/18 10:14:33.175,2,NVIDIA A100-SXM-64GB,139.52,31912,100
2131,2026-05-18 10:14:33.115905,2026/05/18 10:14:33.178,3,NVIDIA A100-SXM-64GB,187.99,31846,98
2132,2026-05-18 10:14:38.196941,2026/05/18 10:14:38.247,0,NVIDIA A100-SXM-64GB,156.83,31904,97
2133,2026-05-18 10:14:38.196941,2026/05/18 10:14:38.253,1,NVIDIA A100-SXM-64GB,137.42,31922,97
2134,2026-05-18 10:14:38.196941,2026/05/18 10:14:38.256,2,NVIDIA A100-SXM-64GB,138.91,31912,100
2135,2026-05-18 10:14:38.196941,2026/05/18 10:14:38.258,3,NVIDIA A100-SXM-64GB,145.79,31846,97
2136,2026-05-18 10:14:43.277326,2026/05/18 10:14:43.317,0,NVIDIA A100-SXM-64GB,194.72,31904,100
2137,2026-05-18 10:14:43.277326,2026/05/18 10:14:43.320,1,NVIDIA A100-SXM-64GB,167.71,31922,100
2138,2026-05-18 10:14:43.277326,2026/05/18 10:14:43.322,2,NVIDIA A100-SXM-64GB,175.44,31912,100
2139,2026-05-18 10:14:43.277326,2026/05/18 10:14:43.325,3,NVIDIA A100-SXM-64GB,168.05,31846,100
2140,2026-05-18 10:14:48.341723,2026/05/18 10:14:48.382,0,NVIDIA A100-SXM-64GB,156.23,31904,99
2141,2026-05-18 10:14:48.341723,2026/05/18 10:14:48.384,1,NVIDIA A100-SXM-64GB,147.20,31922,100
2142,2026-05-18 10:14:48.341723,2026/05/18 10:14:48.387,2,NVIDIA A100-SXM-64GB,167.28,31912,100
2143,2026-05-18 10:14:48.341723,2026/05/18 10:14:48.389,3,NVIDIA A100-SXM-64GB,148.87,31846,99
2144,2026-05-18 10:14:53.407140,2026/05/18 10:14:53.447,0,NVIDIA A100-SXM-64GB,185.36,31904,100
2145,2026-05-18 10:14:53.407140,2026/05/18 10:14:53.449,1,NVIDIA A100-SXM-64GB,136.16,31922,100
2146,2026-05-18 10:14:53.407140,2026/05/18 10:14:53.452,2,NVIDIA A100-SXM-64GB,162.38,31912,99
2147,2026-05-18 10:14:53.407140,2026/05/18 10:14:53.455,3,NVIDIA A100-SXM-64GB,164.70,31846,100
2148,2026-05-18 10:14:58.474755,2026/05/18 10:14:58.514,0,NVIDIA A100-SXM-64GB,158.97,31904,100
2149,2026-05-18 10:14:58.474755,2026/05/18 10:14:58.520,1,NVIDIA A100-SXM-64GB,140.44,31922,100
2150,2026-05-18 10:14:58.474755,2026/05/18 10:14:58.523,2,NVIDIA A100-SXM-64GB,146.29,31912,98
2151,2026-05-18 10:14:58.474755,2026/05/18 10:14:58.525,3,NVIDIA A100-SXM-64GB,145.51,31846,98
2152,2026-05-18 10:15:03.542639,2026/05/18 10:15:03.582,0,NVIDIA A100-SXM-64GB,159.91,31904,100
2153,2026-05-18 10:15:03.542639,2026/05/18 10:15:03.584,1,NVIDIA A100-SXM-64GB,163.25,31922,100
2154,2026-05-18 10:15:03.542639,2026/05/18 10:15:03.587,2,NVIDIA A100-SXM-64GB,159.46,31912,100
2155,2026-05-18 10:15:03.542639,2026/05/18 10:15:03.590,3,NVIDIA A100-SXM-64GB,150.09,31846,100
2156,2026-05-18 10:15:08.607429,2026/05/18 10:15:08.647,0,NVIDIA A100-SXM-64GB,193.92,31904,100
2157,2026-05-18 10:15:08.607429,2026/05/18 10:15:08.649,1,NVIDIA A100-SXM-64GB,175.17,31922,100
2158,2026-05-18 10:15:08.607429,2026/05/18 10:15:08.654,2,NVIDIA A100-SXM-64GB,181.96,31912,100
2159,2026-05-18 10:15:08.607429,2026/05/18 10:15:08.657,3,NVIDIA A100-SXM-64GB,183.70,31846,100
2160,2026-05-18 10:15:13.675812,2026/05/18 10:15:13.715,0,NVIDIA A100-SXM-64GB,158.36,31904,100
2161,2026-05-18 10:15:13.675812,2026/05/18 10:15:13.718,1,NVIDIA A100-SXM-64GB,148.74,31922,100
2162,2026-05-18 10:15:13.675812,2026/05/18 10:15:13.720,2,NVIDIA A100-SXM-64GB,157.65,31912,100
2163,2026-05-18 10:15:13.675812,2026/05/18 10:15:13.725,3,NVIDIA A100-SXM-64GB,161.77,31846,100
2164,2026-05-18 10:15:18.743531,2026/05/18 10:15:18.783,0,NVIDIA A100-SXM-64GB,188.96,31904,100
2165,2026-05-18 10:15:18.743531,2026/05/18 10:15:18.789,1,NVIDIA A100-SXM-64GB,140.91,31922,100
2166,2026-05-18 10:15:18.743531,2026/05/18 10:15:18.791,2,NVIDIA A100-SXM-64GB,148.72,31912,98
2167,2026-05-18 10:15:18.743531,2026/05/18 10:15:18.794,3,NVIDIA A100-SXM-64GB,164.53,31846,100
2168,2026-05-18 10:15:23.814957,2026/05/18 10:15:23.866,0,NVIDIA A100-SXM-64GB,180.66,31904,100
2169,2026-05-18 10:15:23.814957,2026/05/18 10:15:23.870,1,NVIDIA A100-SXM-64GB,167.54,31922,100
2170,2026-05-18 10:15:23.814957,2026/05/18 10:15:23.873,2,NVIDIA A100-SXM-64GB,173.56,31912,100
2171,2026-05-18 10:15:23.814957,2026/05/18 10:15:23.875,3,NVIDIA A100-SXM-64GB,171.31,31846,100
2172,2026-05-18 10:15:28.894409,2026/05/18 10:15:28.934,0,NVIDIA A100-SXM-64GB,152.87,31904,100
2173,2026-05-18 10:15:28.894409,2026/05/18 10:15:28.936,1,NVIDIA A100-SXM-64GB,140.91,31922,99
2174,2026-05-18 10:15:28.894409,2026/05/18 10:15:28.939,2,NVIDIA A100-SXM-64GB,154.23,31912,98
2175,2026-05-18 10:15:28.894409,2026/05/18 10:15:28.941,3,NVIDIA A100-SXM-64GB,148.87,31846,100
2176,2026-05-18 10:15:33.959988,2026/05/18 10:15:33.999,0,NVIDIA A100-SXM-64GB,152.87,31904,99
2177,2026-05-18 10:15:33.959988,2026/05/18 10:15:34.001,1,NVIDIA A100-SXM-64GB,144.73,31922,98
2178,2026-05-18 10:15:33.959988,2026/05/18 10:15:34.004,2,NVIDIA A100-SXM-64GB,153.34,31912,98
2179,2026-05-18 10:15:33.959988,2026/05/18 10:15:34.007,3,NVIDIA A100-SXM-64GB,143.36,31846,98
2180,2026-05-18 10:15:39.024684,2026/05/18 10:15:39.064,0,NVIDIA A100-SXM-64GB,179.78,31904,100
2181,2026-05-18 10:15:39.024684,2026/05/18 10:15:39.066,1,NVIDIA A100-SXM-64GB,149.20,31922,100
2182,2026-05-18 10:15:39.024684,2026/05/18 10:15:39.069,2,NVIDIA A100-SXM-64GB,155.77,31912,100
2183,2026-05-18 10:15:39.024684,2026/05/18 10:15:39.071,3,NVIDIA A100-SXM-64GB,163.15,31846,100
2184,2026-05-18 10:15:44.091788,2026/05/18 10:15:44.131,0,NVIDIA A100-SXM-64GB,155.90,31904,98
2185,2026-05-18 10:15:44.091788,2026/05/18 10:15:44.136,1,NVIDIA A100-SXM-64GB,144.46,31922,100
2186,2026-05-18 10:15:44.091788,2026/05/18 10:15:44.138,2,NVIDIA A100-SXM-64GB,154.55,31912,98
2187,2026-05-18 10:15:44.091788,2026/05/18 10:15:44.141,3,NVIDIA A100-SXM-64GB,146.73,31846,98
2188,2026-05-18 10:15:49.158201,2026/05/18 10:15:49.197,0,NVIDIA A100-SXM-64GB,166.94,31904,100
2189,2026-05-18 10:15:49.158201,2026/05/18 10:15:49.199,1,NVIDIA A100-SXM-64GB,168.15,31922,100
2190,2026-05-18 10:15:49.158201,2026/05/18 10:15:49.202,2,NVIDIA A100-SXM-64GB,154.55,31912,100
2191,2026-05-18 10:15:49.158201,2026/05/18 10:15:49.207,3,NVIDIA A100-SXM-64GB,163.43,31846,100
2192,2026-05-18 10:15:54.224996,2026/05/18 10:15:54.264,0,NVIDIA A100-SXM-64GB,183.74,31904,100
2193,2026-05-18 10:15:54.224996,2026/05/18 10:15:54.266,1,NVIDIA A100-SXM-64GB,162.04,31922,100
2194,2026-05-18 10:15:54.224996,2026/05/18 10:15:54.269,2,NVIDIA A100-SXM-64GB,194.24,31912,100
2195,2026-05-18 10:15:54.224996,2026/05/18 10:15:54.271,3,NVIDIA A100-SXM-64GB,163.92,31846,100
2196,2026-05-18 10:15:59.288881,2026/05/18 10:15:59.340,0,NVIDIA A100-SXM-64GB,151.01,31904,100
2197,2026-05-18 10:15:59.288881,2026/05/18 10:15:59.342,1,NVIDIA A100-SXM-64GB,184.67,31922,100
2198,2026-05-18 10:15:59.288881,2026/05/18 10:15:59.345,2,NVIDIA A100-SXM-64GB,220.60,31912,98
2199,2026-05-18 10:15:59.288881,2026/05/18 10:15:59.347,3,NVIDIA A100-SXM-64GB,137.51,31846,100
2200,2026-05-18 10:16:04.364671,2026/05/18 10:16:04.404,0,NVIDIA A100-SXM-64GB,196.86,31904,100
2201,2026-05-18 10:16:04.364671,2026/05/18 10:16:04.406,1,NVIDIA A100-SXM-64GB,164.46,31922,100
2202,2026-05-18 10:16:04.364671,2026/05/18 10:16:04.409,2,NVIDIA A100-SXM-64GB,170.48,31912,100
2203,2026-05-18 10:16:04.364671,2026/05/18 10:16:04.411,3,NVIDIA A100-SXM-64GB,177.25,31846,100
2204,2026-05-18 10:16:09.431809,2026/05/18 10:16:09.471,0,NVIDIA A100-SXM-64GB,178.66,31904,100
2205,2026-05-18 10:16:09.431809,2026/05/18 10:16:09.474,1,NVIDIA A100-SXM-64GB,178.85,31922,100
2206,2026-05-18 10:16:09.431809,2026/05/18 10:16:09.476,2,NVIDIA A100-SXM-64GB,171.57,31912,100
2207,2026-05-18 10:16:09.431809,2026/05/18 10:16:09.479,3,NVIDIA A100-SXM-64GB,164.97,31846,100
2208,2026-05-18 10:16:14.496014,2026/05/18 10:16:14.535,0,NVIDIA A100-SXM-64GB,158.04,31904,98
2209,2026-05-18 10:16:14.496014,2026/05/18 10:16:14.537,1,NVIDIA A100-SXM-64GB,145.07,31922,99
2210,2026-05-18 10:16:14.496014,2026/05/18 10:16:14.540,2,NVIDIA A100-SXM-64GB,146.29,31912,98
2211,2026-05-18 10:16:14.496014,2026/05/18 10:16:14.543,3,NVIDIA A100-SXM-64GB,143.36,31846,98
2212,2026-05-18 10:16:19.559982,2026/05/18 10:16:19.599,0,NVIDIA A100-SXM-64GB,157.16,31904,100
2213,2026-05-18 10:16:19.559982,2026/05/18 10:16:19.601,1,NVIDIA A100-SXM-64GB,141.98,31922,100
2214,2026-05-18 10:16:19.559982,2026/05/18 10:16:19.604,2,NVIDIA A100-SXM-64GB,148.12,31912,98
2215,2026-05-18 10:16:19.559982,2026/05/18 10:16:19.610,3,NVIDIA A100-SXM-64GB,146.73,31846,98
2216,2026-05-18 10:16:24.627432,2026/05/18 10:16:24.667,0,NVIDIA A100-SXM-64GB,170.28,31904,100
2217,2026-05-18 10:16:24.627432,2026/05/18 10:16:24.669,1,NVIDIA A100-SXM-64GB,145.84,31922,100
2218,2026-05-18 10:16:24.627432,2026/05/18 10:16:24.672,2,NVIDIA A100-SXM-64GB,162.99,31912,100
2219,2026-05-18 10:16:24.627432,2026/05/18 10:16:24.674,3,NVIDIA A100-SXM-64GB,167.45,31846,100
2220,2026-05-18 10:16:29.691404,2026/05/18 10:16:29.742,0,NVIDIA A100-SXM-64GB,143.98,31904,100
2221,2026-05-18 10:16:29.691404,2026/05/18 10:16:29.745,1,NVIDIA A100-SXM-64GB,200.54,31922,100
2222,2026-05-18 10:16:29.691404,2026/05/18 10:16:29.750,2,NVIDIA A100-SXM-64GB,138.91,31912,98
2223,2026-05-18 10:16:29.691404,2026/05/18 10:16:29.752,3,NVIDIA A100-SXM-64GB,200.88,31846,100
2224,2026-05-18 10:16:34.769518,2026/05/18 10:16:34.809,0,NVIDIA A100-SXM-64GB,148.59,31904,100
2225,2026-05-18 10:16:34.769518,2026/05/18 10:16:34.811,1,NVIDIA A100-SXM-64GB,211.25,31922,98
2226,2026-05-18 10:16:34.769518,2026/05/18 10:16:34.814,2,NVIDIA A100-SXM-64GB,142.88,31912,97
2227,2026-05-18 10:16:34.769518,2026/05/18 10:16:34.816,3,NVIDIA A100-SXM-64GB,210.08,31846,100
2228,2026-05-18 10:16:39.834164,2026/05/18 10:16:39.874,0,NVIDIA A100-SXM-64GB,155.90,31904,98
2229,2026-05-18 10:16:39.834164,2026/05/18 10:16:39.877,1,NVIDIA A100-SXM-64GB,144.46,31922,98
2230,2026-05-18 10:16:39.834164,2026/05/18 10:16:39.879,2,NVIDIA A100-SXM-64GB,153.34,31912,100
2231,2026-05-18 10:16:39.834164,2026/05/18 10:16:39.882,3,NVIDIA A100-SXM-64GB,143.36,31846,100
2232,2026-05-18 10:16:44.899049,2026/05/18 10:16:44.939,0,NVIDIA A100-SXM-64GB,156.23,31904,97
2233,2026-05-18 10:16:44.899049,2026/05/18 10:16:44.944,1,NVIDIA A100-SXM-64GB,145.67,31922,97
2234,2026-05-18 10:16:44.899049,2026/05/18 10:16:44.946,2,NVIDIA A100-SXM-64GB,154.55,31912,100
2235,2026-05-18 10:16:44.899049,2026/05/18 10:16:44.949,3,NVIDIA A100-SXM-64GB,140.00,31846,100
2236,2026-05-18 10:16:49.966752,2026/05/18 10:16:50.006,0,NVIDIA A100-SXM-64GB,174.99,31904,100
2237,2026-05-18 10:16:49.966752,2026/05/18 10:16:50.008,1,NVIDIA A100-SXM-64GB,184.06,31922,100
2238,2026-05-18 10:16:49.966752,2026/05/18 10:16:50.011,2,NVIDIA A100-SXM-64GB,193.63,31912,100
2239,2026-05-18 10:16:49.966752,2026/05/18 10:16:50.014,3,NVIDIA A100-SXM-64GB,176.92,31846,100
2240,2026-05-18 10:16:55.031986,2026/05/18 10:16:55.071,0,NVIDIA A100-SXM-64GB,176.71,31904,100
2241,2026-05-18 10:16:55.031986,2026/05/18 10:16:55.073,1,NVIDIA A100-SXM-64GB,157.43,31922,100
2242,2026-05-18 10:16:55.031986,2026/05/18 10:16:55.076,2,NVIDIA A100-SXM-64GB,178.88,31912,100
2243,2026-05-18 10:16:55.031986,2026/05/18 10:16:55.078,3,NVIDIA A100-SXM-64GB,177.25,31846,100
2244,2026-05-18 10:17:00.096821,2026/05/18 10:17:00.136,0,NVIDIA A100-SXM-64GB,153.75,31904,100
2245,2026-05-18 10:17:00.096821,2026/05/18 10:17:00.138,1,NVIDIA A100-SXM-64GB,147.05,31922,100
2246,2026-05-18 10:17:00.096821,2026/05/18 10:17:00.144,2,NVIDIA A100-SXM-64GB,149.33,31912,98
2247,2026-05-18 10:17:00.096821,2026/05/18 10:17:00.146,3,NVIDIA A100-SXM-64GB,143.97,31846,98
2248,2026-05-18 10:17:05.164663,2026/05/18 10:17:05.204,0,NVIDIA A100-SXM-64GB,158.97,31904,100
2249,2026-05-18 10:17:05.164663,2026/05/18 10:17:05.206,1,NVIDIA A100-SXM-64GB,174.90,31922,100
2250,2026-05-18 10:17:05.164663,2026/05/18 10:17:05.209,2,NVIDIA A100-SXM-64GB,148.72,31912,100
2251,2026-05-18 10:17:05.164663,2026/05/18 10:17:05.211,3,NVIDIA A100-SXM-64GB,146.11,31846,100
2252,2026-05-18 10:17:10.229716,2026/05/18 10:17:10.269,0,NVIDIA A100-SXM-64GB,187.23,31904,100
2253,2026-05-18 10:17:10.229716,2026/05/18 10:17:10.272,1,NVIDIA A100-SXM-64GB,144.46,31922,100
2254,2026-05-18 10:17:10.229716,2026/05/18 10:17:10.275,2,NVIDIA A100-SXM-64GB,160.84,31912,100
2255,2026-05-18 10:17:10.229716,2026/05/18 10:17:10.277,3,NVIDIA A100-SXM-64GB,169.26,31846,100
2256,2026-05-18 10:17:15.295793,2026/05/18 10:17:15.335,0,NVIDIA A100-SXM-64GB,152.22,31904,100
2257,2026-05-18 10:17:15.295793,2026/05/18 10:17:15.337,1,NVIDIA A100-SXM-64GB,134.34,31922,98
2258,2026-05-18 10:17:15.295793,2026/05/18 10:17:15.340,2,NVIDIA A100-SXM-64GB,148.12,31912,98
2259,2026-05-18 10:17:15.295793,2026/05/18 10:17:15.343,3,NVIDIA A100-SXM-64GB,147.05,31846,98
2260,2026-05-18 10:17:20.361944,2026/05/18 10:17:20.401,0,NVIDIA A100-SXM-64GB,154.08,31904,98
2261,2026-05-18 10:17:20.361944,2026/05/18 10:17:20.403,1,NVIDIA A100-SXM-64GB,144.13,31922,97
2262,2026-05-18 10:17:20.361944,2026/05/18 10:17:20.409,2,NVIDIA A100-SXM-64GB,150.26,31912,97
2263,2026-05-18 10:17:20.361944,2026/05/18 10:17:20.414,3,NVIDIA A100-SXM-64GB,147.93,31846,97
2264,2026-05-18 10:17:25.431958,2026/05/18 10:17:25.471,0,NVIDIA A100-SXM-64GB,183.74,31904,100
2265,2026-05-18 10:17:25.431958,2026/05/18 10:17:25.473,1,NVIDIA A100-SXM-64GB,163.25,31922,100
2266,2026-05-18 10:17:25.431958,2026/05/18 10:17:25.476,2,NVIDIA A100-SXM-64GB,183.18,31912,100
2267,2026-05-18 10:17:25.431958,2026/05/18 10:17:25.480,3,NVIDIA A100-SXM-64GB,173.56,31846,100
2268,2026-05-18 10:17:30.501019,2026/05/18 10:17:30.540,0,NVIDIA A100-SXM-64GB,188.76,31904,100
2269,2026-05-18 10:17:30.501019,2026/05/18 10:17:30.542,1,NVIDIA A100-SXM-64GB,177.04,31922,100
2270,2026-05-18 10:17:30.501019,2026/05/18 10:17:30.545,2,NVIDIA A100-SXM-64GB,178.28,31912,100
2271,2026-05-18 10:17:30.501019,2026/05/18 10:17:30.547,3,NVIDIA A100-SXM-64GB,177.85,31846,100
2272,2026-05-18 10:17:35.565829,2026/05/18 10:17:35.606,0,NVIDIA A100-SXM-64GB,151.01,31904,98
2273,2026-05-18 10:17:35.565829,2026/05/18 10:17:35.608,1,NVIDIA A100-SXM-64GB,141.84,31922,98
2274,2026-05-18 10:17:35.565829,2026/05/18 10:17:35.614,2,NVIDIA A100-SXM-64GB,149.66,31912,100
2275,2026-05-18 10:17:35.565829,2026/05/18 10:17:35.617,3,NVIDIA A100-SXM-64GB,143.36,31846,100
2276,2026-05-18 10:17:40.637161,2026/05/18 10:17:40.676,0,NVIDIA A100-SXM-64GB,156.83,31904,98
2277,2026-05-18 10:17:40.637161,2026/05/18 10:17:40.681,1,NVIDIA A100-SXM-64GB,144.46,31922,98
2278,2026-05-18 10:17:40.637161,2026/05/18 10:17:40.683,2,NVIDIA A100-SXM-64GB,146.57,31912,98
2279,2026-05-18 10:17:40.637161,2026/05/18 10:17:40.686,3,NVIDIA A100-SXM-64GB,147.66,31846,98
2280,2026-05-18 10:17:45.703657,2026/05/18 10:17:45.754,0,NVIDIA A100-SXM-64GB,165.40,31904,100
2281,2026-05-18 10:17:45.703657,2026/05/18 10:17:45.757,1,NVIDIA A100-SXM-64GB,170.61,31922,100
2282,2026-05-18 10:17:45.703657,2026/05/18 10:17:45.760,2,NVIDIA A100-SXM-64GB,153.34,31912,100
2283,2026-05-18 10:17:45.703657,2026/05/18 10:17:45.762,3,NVIDIA A100-SXM-64GB,172.35,31846,100
2284,2026-05-18 10:17:50.779664,2026/05/18 10:17:50.819,0,NVIDIA A100-SXM-64GB,195.98,31904,100
2285,2026-05-18 10:17:50.779664,2026/05/18 10:17:50.822,1,NVIDIA A100-SXM-64GB,174.90,31922,100
2286,2026-05-18 10:17:50.779664,2026/05/18 10:17:50.824,2,NVIDIA A100-SXM-64GB,194.24,31912,100
2287,2026-05-18 10:17:50.779664,2026/05/18 10:17:50.827,3,NVIDIA A100-SXM-64GB,168.50,31846,100
2288,2026-05-18 10:17:55.844236,2026/05/18 10:17:55.893,0,NVIDIA A100-SXM-64GB,143.98,31904,100
2289,2026-05-18 10:17:55.844236,2026/05/18 10:17:55.895,1,NVIDIA A100-SXM-64GB,189.83,31922,100
2290,2026-05-18 10:17:55.844236,2026/05/18 10:17:55.899,2,NVIDIA A100-SXM-64GB,208.33,31912,100
2291,2026-05-18 10:17:55.844236,2026/05/18 10:17:55.901,3,NVIDIA A100-SXM-64GB,137.84,31846,100
2292,2026-05-18 10:18:00.918746,2026/05/18 10:18:00.958,0,NVIDIA A100-SXM-64GB,156.50,31904,98
2293,2026-05-18 10:18:00.918746,2026/05/18 10:18:00.960,1,NVIDIA A100-SXM-64GB,147.66,31922,98
2294,2026-05-18 10:18:00.918746,2026/05/18 10:18:00.963,2,NVIDIA A100-SXM-64GB,151.47,31912,98
2295,2026-05-18 10:18:00.918746,2026/05/18 10:18:00.966,3,NVIDIA A100-SXM-64GB,148.60,31846,98
2296,2026-05-18 10:18:05.983962,2026/05/18 10:18:06.023,0,NVIDIA A100-SXM-64GB,151.94,31904,100
2297,2026-05-18 10:18:05.983962,2026/05/18 10:18:06.025,1,NVIDIA A100-SXM-64GB,145.07,31922,100
2298,2026-05-18 10:18:05.983962,2026/05/18 10:18:06.028,2,NVIDIA A100-SXM-64GB,153.95,31912,97
2299,2026-05-18 10:18:05.983962,2026/05/18 10:18:06.034,3,NVIDIA A100-SXM-64GB,142.75,31846,97
2300,2026-05-18 10:18:11.054845,2026/05/18 10:18:11.105,0,NVIDIA A100-SXM-64GB,187.83,31904,100
2301,2026-05-18 10:18:11.054845,2026/05/18 10:18:11.108,1,NVIDIA A100-SXM-64GB,188.76,31922,100
2302,2026-05-18 10:18:11.054845,2026/05/18 10:18:11.111,2,NVIDIA A100-SXM-64GB,180.15,31912,100
2303,2026-05-18 10:18:11.054845,2026/05/18 10:18:11.114,3,NVIDIA A100-SXM-64GB,183.70,31846,100
2304,2026-05-18 10:18:16.131792,2026/05/18 10:18:16.172,0,NVIDIA A100-SXM-64GB,170.61,31904,100
2305,2026-05-18 10:18:16.131792,2026/05/18 10:18:16.174,1,NVIDIA A100-SXM-64GB,134.95,31922,98
2306,2026-05-18 10:18:16.131792,2026/05/18 10:18:16.180,2,NVIDIA A100-SXM-64GB,141.07,31912,98
2307,2026-05-18 10:18:16.131792,2026/05/18 10:18:16.182,3,NVIDIA A100-SXM-64GB,171.59,31846,98
2308,2026-05-18 10:18:21.200060,2026/05/18 10:18:21.239,0,NVIDIA A100-SXM-64GB,158.04,31904,100
2309,2026-05-18 10:18:21.200060,2026/05/18 10:18:21.243,1,NVIDIA A100-SXM-64GB,146.45,31922,100
2310,2026-05-18 10:18:21.200060,2026/05/18 10:18:21.245,2,NVIDIA A100-SXM-64GB,178.28,31912,100
2311,2026-05-18 10:18:21.200060,2026/05/18 10:18:21.248,3,NVIDIA A100-SXM-64GB,153.17,31846,100
2312,2026-05-18 10:18:26.265309,2026/05/18 10:18:26.305,0,NVIDIA A100-SXM-64GB,190.16,31904,100
2313,2026-05-18 10:18:26.265309,2026/05/18 10:18:26.308,1,NVIDIA A100-SXM-64GB,167.81,31922,100
2314,2026-05-18 10:18:26.265309,2026/05/18 10:18:26.311,2,NVIDIA A100-SXM-64GB,173.56,31912,100
2315,2026-05-18 10:18:26.265309,2026/05/18 10:18:26.315,3,NVIDIA A100-SXM-64GB,186.12,31846,100
2316,2026-05-18 10:18:31.334217,2026/05/18 10:18:31.373,0,NVIDIA A100-SXM-64GB,165.06,31904,100
2317,2026-05-18 10:18:31.334217,2026/05/18 10:18:31.375,1,NVIDIA A100-SXM-64GB,168.15,31922,100
2318,2026-05-18 10:18:31.334217,2026/05/18 10:18:31.378,2,NVIDIA A100-SXM-64GB,154.84,31912,100
2319,2026-05-18 10:18:31.334217,2026/05/18 10:18:31.380,3,NVIDIA A100-SXM-64GB,146.29,31846,100
2320,2026-05-18 10:18:36.398300,2026/05/18 10:18:36.438,0,NVIDIA A100-SXM-64GB,167.81,31904,100
2321,2026-05-18 10:18:36.398300,2026/05/18 10:18:36.440,1,NVIDIA A100-SXM-64GB,141.84,31922,100
2322,2026-05-18 10:18:36.398300,2026/05/18 10:18:36.443,2,NVIDIA A100-SXM-64GB,138.59,31912,100
2323,2026-05-18 10:18:36.398300,2026/05/18 10:18:36.445,3,NVIDIA A100-SXM-64GB,146.44,31846,100
2324,2026-05-18 10:18:41.463409,2026/05/18 10:18:41.503,0,NVIDIA A100-SXM-64GB,158.36,31904,97
2325,2026-05-18 10:18:41.463409,2026/05/18 10:18:41.505,1,NVIDIA A100-SXM-64GB,140.44,31922,97
2326,2026-05-18 10:18:41.463409,2026/05/18 10:18:41.510,2,NVIDIA A100-SXM-64GB,145.64,31912,100
2327,2026-05-18 10:18:41.463409,2026/05/18 10:18:41.513,3,NVIDIA A100-SXM-64GB,140.60,31846,100
2328,2026-05-18 10:18:46.531916,2026/05/18 10:18:46.583,0,NVIDIA A100-SXM-64GB,191.09,31904,100
2329,2026-05-18 10:18:46.531916,2026/05/18 10:18:46.585,1,NVIDIA A100-SXM-64GB,160.78,31922,100
2330,2026-05-18 10:18:46.531916,2026/05/18 10:18:46.591,2,NVIDIA A100-SXM-64GB,172.78,31912,100
2331,2026-05-18 10:18:46.531916,2026/05/18 10:18:46.593,3,NVIDIA A100-SXM-64GB,178.19,31846,100
2332,2026-05-18 10:18:51.612648,2026/05/18 10:18:51.652,0,NVIDIA A100-SXM-64GB,169.35,31904,100
2333,2026-05-18 10:18:51.612648,2026/05/18 10:18:51.654,1,NVIDIA A100-SXM-64GB,163.58,31922,100
2334,2026-05-18 10:18:51.612648,2026/05/18 10:18:51.657,2,NVIDIA A100-SXM-64GB,175.71,31912,100
2335,2026-05-18 10:18:51.612648,2026/05/18 10:18:51.659,3,NVIDIA A100-SXM-64GB,177.10,31846,100
2336,2026-05-18 10:18:56.677544,2026/05/18 10:18:56.717,0,NVIDIA A100-SXM-64GB,159.14,31904,100
2337,2026-05-18 10:18:56.677544,2026/05/18 10:18:56.719,1,NVIDIA A100-SXM-64GB,148.87,31922,100
2338,2026-05-18 10:18:56.677544,2026/05/18 10:18:56.722,2,NVIDIA A100-SXM-64GB,147.03,31912,100
2339,2026-05-18 10:18:56.677544,2026/05/18 10:18:56.725,3,NVIDIA A100-SXM-64GB,142.27,31846,100
2340,2026-05-18 10:19:01.742720,2026/05/18 10:19:01.782,0,NVIDIA A100-SXM-64GB,173.18,31904,100
2341,2026-05-18 10:19:01.742720,2026/05/18 10:19:01.789,1,NVIDIA A100-SXM-64GB,178.25,31922,100
2342,2026-05-18 10:19:01.742720,2026/05/18 10:19:01.791,2,NVIDIA A100-SXM-64GB,148.45,31912,100
2343,2026-05-18 10:19:01.742720,2026/05/18 10:19:01.797,3,NVIDIA A100-SXM-64GB,183.36,31846,100
2344,2026-05-18 10:19:06.817543,2026/05/18 10:19:06.857,0,NVIDIA A100-SXM-64GB,163.69,31904,100
2345,2026-05-18 10:19:06.817543,2026/05/18 10:19:06.859,1,NVIDIA A100-SXM-64GB,148.87,31922,100
2346,2026-05-18 10:19:06.817543,2026/05/18 10:19:06.862,2,NVIDIA A100-SXM-64GB,162.38,31912,100
2347,2026-05-18 10:19:06.817543,2026/05/18 10:19:06.864,3,NVIDIA A100-SXM-64GB,154.23,31846,100
2348,2026-05-18 10:19:11.882323,2026/05/18 10:19:11.922,0,NVIDIA A100-SXM-64GB,183.55,31904,100
2349,2026-05-18 10:19:11.882323,2026/05/18 10:19:11.924,1,NVIDIA A100-SXM-64GB,166.00,31922,100
2350,2026-05-18 10:19:11.882323,2026/05/18 10:19:11.927,2,NVIDIA A100-SXM-64GB,178.61,31912,100
2351,2026-05-18 10:19:11.882323,2026/05/18 10:19:11.929,3,NVIDIA A100-SXM-64GB,173.89,31846,100
2352,2026-05-18 10:19:16.947830,2026/05/18 10:19:16.995,0,NVIDIA A100-SXM-64GB,155.90,31904,98
2353,2026-05-18 10:19:16.947830,2026/05/18 10:19:16.998,1,NVIDIA A100-SXM-64GB,146.45,31922,99
2354,2026-05-18 10:19:16.947830,2026/05/18 10:19:17.000,2,NVIDIA A100-SXM-64GB,201.56,31912,98
2355,2026-05-18 10:19:16.947830,2026/05/18 10:19:17.003,3,NVIDIA A100-SXM-64GB,135.97,31846,100
2356,2026-05-18 10:19:22.020960,2026/05/18 10:19:22.060,0,NVIDIA A100-SXM-64GB,180.05,31904,100
2357,2026-05-18 10:19:22.020960,2026/05/18 10:19:22.062,1,NVIDIA A100-SXM-64GB,167.81,31922,100
2358,2026-05-18 10:19:22.020960,2026/05/18 10:19:22.065,2,NVIDIA A100-SXM-64GB,185.32,31912,100
2359,2026-05-18 10:19:22.020960,2026/05/18 10:19:22.067,3,NVIDIA A100-SXM-64GB,186.45,31846,100
2360,2026-05-18 10:19:27.084884,2026/05/18 10:19:27.137,0,NVIDIA A100-SXM-64GB,154.08,31904,97
2361,2026-05-18 10:19:27.084884,2026/05/18 10:19:27.139,1,NVIDIA A100-SXM-64GB,148.59,31922,97
2362,2026-05-18 10:19:27.084884,2026/05/18 10:19:27.142,2,NVIDIA A100-SXM-64GB,147.78,31912,99
2363,2026-05-18 10:19:27.084884,2026/05/18 10:19:27.144,3,NVIDIA A100-SXM-64GB,143.63,31846,99
2364,2026-05-18 10:19:32.162308,2026/05/18 10:19:32.202,0,NVIDIA A100-SXM-64GB,173.46,31904,100
2365,2026-05-18 10:19:32.162308,2026/05/18 10:19:32.204,1,NVIDIA A100-SXM-64GB,186.21,31922,100
2366,2026-05-18 10:19:32.162308,2026/05/18 10:19:32.207,2,NVIDIA A100-SXM-64GB,184.11,31912,100
2367,2026-05-18 10:19:32.162308,2026/05/18 10:19:32.209,3,NVIDIA A100-SXM-64GB,186.78,31846,100
2368,2026-05-18 10:19:37.228465,2026/05/18 10:19:37.268,0,NVIDIA A100-SXM-64GB,186.29,31904,100
2369,2026-05-18 10:19:37.228465,2026/05/18 10:19:37.274,1,NVIDIA A100-SXM-64GB,136.34,31922,100
2370,2026-05-18 10:19:37.228465,2026/05/18 10:19:37.277,2,NVIDIA A100-SXM-64GB,163.59,31912,100
2371,2026-05-18 10:19:37.228465,2026/05/18 10:19:37.279,3,NVIDIA A100-SXM-64GB,179.07,31846,100
2372,2026-05-18 10:19:42.297424,2026/05/18 10:19:42.337,0,NVIDIA A100-SXM-64GB,158.64,31904,100
2373,2026-05-18 10:19:42.297424,2026/05/18 10:19:42.339,1,NVIDIA A100-SXM-64GB,154.36,31922,100
2374,2026-05-18 10:19:42.297424,2026/05/18 10:19:42.345,2,NVIDIA A100-SXM-64GB,162.05,31912,100
2375,2026-05-18 10:19:42.297424,2026/05/18 10:19:42.349,3,NVIDIA A100-SXM-64GB,174.17,31846,100
2376,2026-05-18 10:19:47.366895,2026/05/18 10:19:47.406,0,NVIDIA A100-SXM-64GB,198.20,31904,100
2377,2026-05-18 10:19:47.366895,2026/05/18 10:19:47.410,1,NVIDIA A100-SXM-64GB,165.67,31922,100
2378,2026-05-18 10:19:47.366895,2026/05/18 10:19:47.413,2,NVIDIA A100-SXM-64GB,174.32,31912,100
2379,2026-05-18 10:19:47.366895,2026/05/18 10:19:47.415,3,NVIDIA A100-SXM-64GB,171.74,31846,100
2380,2026-05-18 10:19:52.433515,2026/05/18 10:19:52.473,0,NVIDIA A100-SXM-64GB,158.64,31904,100
2381,2026-05-18 10:19:52.433515,2026/05/18 10:19:52.475,1,NVIDIA A100-SXM-64GB,155.45,31922,100
2382,2026-05-18 10:19:52.433515,2026/05/18 10:19:52.478,2,NVIDIA A100-SXM-64GB,155.77,31912,100
2383,2026-05-18 10:19:52.433515,2026/05/18 10:19:52.481,3,NVIDIA A100-SXM-64GB,174.68,31846,100
2384,2026-05-18 10:19:57.499026,2026/05/18 10:19:57.538,0,NVIDIA A100-SXM-64GB,158.36,31904,100
2385,2026-05-18 10:19:57.499026,2026/05/18 10:19:57.540,1,NVIDIA A100-SXM-64GB,143.19,31922,100
2386,2026-05-18 10:19:57.499026,2026/05/18 10:19:57.543,2,NVIDIA A100-SXM-64GB,146.90,31912,100
2387,2026-05-18 10:19:57.499026,2026/05/18 10:19:57.546,3,NVIDIA A100-SXM-64GB,142.14,31846,100
2388,2026-05-18 10:20:02.563777,2026/05/18 10:20:02.603,0,NVIDIA A100-SXM-64GB,157.16,31904,100
2389,2026-05-18 10:20:02.563777,2026/05/18 10:20:02.605,1,NVIDIA A100-SXM-64GB,141.56,31922,100
2390,2026-05-18 10:20:02.563777,2026/05/18 10:20:02.608,2,NVIDIA A100-SXM-64GB,149.93,31912,100
2391,2026-05-18 10:20:02.563777,2026/05/18 10:20:02.613,3,NVIDIA A100-SXM-64GB,143.03,31846,100
2392,2026-05-18 10:20:07.630968,2026/05/18 10:20:07.681,0,NVIDIA A100-SXM-64GB,197.59,31904,100
2393,2026-05-18 10:20:07.630968,2026/05/18 10:20:07.684,1,NVIDIA A100-SXM-64GB,173.03,31922,100
2394,2026-05-18 10:20:07.630968,2026/05/18 10:20:07.687,2,NVIDIA A100-SXM-64GB,173.99,31912,100
2395,2026-05-18 10:20:07.630968,2026/05/18 10:20:07.689,3,NVIDIA A100-SXM-64GB,201.76,31846,100
2396,2026-05-18 10:20:12.707112,2026/05/18 10:20:12.746,0,NVIDIA A100-SXM-64GB,153.48,31904,100
2397,2026-05-18 10:20:12.707112,2026/05/18 10:20:12.750,1,NVIDIA A100-SXM-64GB,142.44,31922,100
2398,2026-05-18 10:20:12.707112,2026/05/18 10:20:12.752,2,NVIDIA A100-SXM-64GB,142.61,31912,100
2399,2026-05-18 10:20:12.707112,2026/05/18 10:20:12.755,3,NVIDIA A100-SXM-64GB,133.82,31846,98
2400,2026-05-18 10:20:17.776054,2026/05/18 10:20:17.815,0,NVIDIA A100-SXM-64GB,165.06,31904,100
2401,2026-05-18 10:20:17.776054,2026/05/18 10:20:17.817,1,NVIDIA A100-SXM-64GB,171.49,31922,100
2402,2026-05-18 10:20:17.776054,2026/05/18 10:20:17.820,2,NVIDIA A100-SXM-64GB,168.49,31912,100
2403,2026-05-18 10:20:17.776054,2026/05/18 10:20:17.822,3,NVIDIA A100-SXM-64GB,145.64,31846,100
2404,2026-05-18 10:20:22.841202,2026/05/18 10:20:22.880,0,NVIDIA A100-SXM-64GB,155.02,31904,100
2405,2026-05-18 10:20:22.841202,2026/05/18 10:20:22.882,1,NVIDIA A100-SXM-64GB,146.45,31922,98
2406,2026-05-18 10:20:22.841202,2026/05/18 10:20:22.885,2,NVIDIA A100-SXM-64GB,153.79,31912,100
2407,2026-05-18 10:20:22.841202,2026/05/18 10:20:22.887,3,NVIDIA A100-SXM-64GB,144.42,31846,100
2408,2026-05-18 10:20:27.905229,2026/05/18 10:20:27.944,0,NVIDIA A100-SXM-64GB,185.69,31904,100
2409,2026-05-18 10:20:27.905229,2026/05/18 10:20:27.946,1,NVIDIA A100-SXM-64GB,168.15,31922,100
2410,2026-05-18 10:20:27.905229,2026/05/18 10:20:27.949,2,NVIDIA A100-SXM-64GB,173.71,31912,100
2411,2026-05-18 10:20:27.905229,2026/05/18 10:20:27.951,3,NVIDIA A100-SXM-64GB,164.97,31846,100
2412,2026-05-18 10:20:32.969447,2026/05/18 10:20:33.009,0,NVIDIA A100-SXM-64GB,174.90,31904,100
2413,2026-05-18 10:20:32.969447,2026/05/18 10:20:33.011,1,NVIDIA A100-SXM-64GB,180.05,31922,100
2414,2026-05-18 10:20:32.969447,2026/05/18 10:20:33.014,2,NVIDIA A100-SXM-64GB,178.28,31912,100
2415,2026-05-18 10:20:32.969447,2026/05/18 10:20:33.017,3,NVIDIA A100-SXM-64GB,174.17,31846,100
2416,2026-05-18 10:20:38.037418,2026/05/18 10:20:38.077,0,NVIDIA A100-SXM-64GB,196.99,31904,100
2417,2026-05-18 10:20:38.037418,2026/05/18 10:20:38.083,1,NVIDIA A100-SXM-64GB,145.07,31922,100
2418,2026-05-18 10:20:38.037418,2026/05/18 10:20:38.085,2,NVIDIA A100-SXM-64GB,172.44,31912,100
2419,2026-05-18 10:20:38.037418,2026/05/18 10:20:38.090,3,NVIDIA A100-SXM-64GB,178.19,31846,100
2420,2026-05-18 10:20:43.107876,2026/05/18 10:20:43.147,0,NVIDIA A100-SXM-64GB,205.82,31904,100
2421,2026-05-18 10:20:43.107876,2026/05/18 10:20:43.149,1,NVIDIA A100-SXM-64GB,145.34,31922,100
2422,2026-05-18 10:20:43.107876,2026/05/18 10:20:43.152,2,NVIDIA A100-SXM-64GB,176.64,31912,100
2423,2026-05-18 10:20:43.107876,2026/05/18 10:20:43.154,3,NVIDIA A100-SXM-64GB,176.49,31846,100
2424,2026-05-18 10:20:48.172243,2026/05/18 10:20:48.212,0,NVIDIA A100-SXM-64GB,188.63,31904,100
2425,2026-05-18 10:20:48.172243,2026/05/18 10:20:48.214,1,NVIDIA A100-SXM-64GB,190.49,31922,100
2426,2026-05-18 10:20:48.172243,2026/05/18 10:20:48.217,2,NVIDIA A100-SXM-64GB,165.74,31912,100
2427,2026-05-18 10:20:48.172243,2026/05/18 10:20:48.220,3,NVIDIA A100-SXM-64GB,169.16,31846,100
2428,2026-05-18 10:20:53.240223,2026/05/18 10:20:53.280,0,NVIDIA A100-SXM-64GB,158.97,31904,100
2429,2026-05-18 10:20:53.240223,2026/05/18 10:20:53.282,1,NVIDIA A100-SXM-64GB,144.13,31922,100
2430,2026-05-18 10:20:53.240223,2026/05/18 10:20:53.285,2,NVIDIA A100-SXM-64GB,138.59,31912,100
2431,2026-05-18 10:20:53.240223,2026/05/18 10:20:53.287,3,NVIDIA A100-SXM-64GB,143.36,31846,98
2432,2026-05-18 10:20:58.305913,2026/05/18 10:20:58.345,0,NVIDIA A100-SXM-64GB,151.94,31904,98
2433,2026-05-18 10:20:58.305913,2026/05/18 10:20:58.347,1,NVIDIA A100-SXM-64GB,145.84,31922,98
2434,2026-05-18 10:20:58.305913,2026/05/18 10:20:58.350,2,NVIDIA A100-SXM-64GB,150.87,31912,98
2435,2026-05-18 10:20:58.305913,2026/05/18 10:20:58.353,3,NVIDIA A100-SXM-64GB,145.79,31846,98
2436,2026-05-18 10:21:03.371424,2026/05/18 10:21:03.411,0,NVIDIA A100-SXM-64GB,163.25,31904,100
2437,2026-05-18 10:21:03.371424,2026/05/18 10:21:03.413,1,NVIDIA A100-SXM-64GB,145.19,31922,100
2438,2026-05-18 10:21:03.371424,2026/05/18 10:21:03.416,2,NVIDIA A100-SXM-64GB,169.09,31912,100
2439,2026-05-18 10:21:03.371424,2026/05/18 10:21:03.419,3,NVIDIA A100-SXM-64GB,179.68,31846,100
2440,2026-05-18 10:21:08.437666,2026/05/18 10:21:08.477,0,NVIDIA A100-SXM-64GB,197.92,31904,100
2441,2026-05-18 10:21:08.437666,2026/05/18 10:21:08.480,1,NVIDIA A100-SXM-64GB,175.59,31922,100
2442,2026-05-18 10:21:08.437666,2026/05/18 10:21:08.482,2,NVIDIA A100-SXM-64GB,197.60,31912,100
2443,2026-05-18 10:21:08.437666,2026/05/18 10:21:08.485,3,NVIDIA A100-SXM-64GB,182.76,31846,100
2444,2026-05-18 10:21:13.505300,2026/05/18 10:21:13.557,0,NVIDIA A100-SXM-64GB,228.48,31904,100
2445,2026-05-18 10:21:13.505300,2026/05/18 10:21:13.561,1,NVIDIA A100-SXM-64GB,169.35,31922,100
2446,2026-05-18 10:21:13.505300,2026/05/18 10:21:13.564,2,NVIDIA A100-SXM-64GB,218.45,31912,100
2447,2026-05-18 10:21:13.505300,2026/05/18 10:21:13.566,3,NVIDIA A100-SXM-64GB,210.68,31846,100
2448,2026-05-18 10:21:18.585299,2026/05/18 10:21:18.624,0,NVIDIA A100-SXM-64GB,153.75,31904,98
2449,2026-05-18 10:21:18.585299,2026/05/18 10:21:18.626,1,NVIDIA A100-SXM-64GB,144.92,31922,98
2450,2026-05-18 10:21:18.585299,2026/05/18 10:21:18.629,2,NVIDIA A100-SXM-64GB,149.18,31912,98
2451,2026-05-18 10:21:18.585299,2026/05/18 10:21:18.631,3,NVIDIA A100-SXM-64GB,145.36,31846,98
2452,2026-05-18 10:21:23.649552,2026/05/18 10:21:23.702,0,NVIDIA A100-SXM-64GB,152.54,31904,97
2453,2026-05-18 10:21:23.649552,2026/05/18 10:21:23.704,1,NVIDIA A100-SXM-64GB,143.38,31922,97
2454,2026-05-18 10:21:23.649552,2026/05/18 10:21:23.707,2,NVIDIA A100-SXM-64GB,153.95,31912,97
2455,2026-05-18 10:21:23.649552,2026/05/18 10:21:23.710,3,NVIDIA A100-SXM-64GB,145.17,31846,97
2456,2026-05-18 10:21:28.729830,2026/05/18 10:21:28.769,0,NVIDIA A100-SXM-64GB,191.18,31904,100
2457,2026-05-18 10:21:28.729830,2026/05/18 10:21:28.771,1,NVIDIA A100-SXM-64GB,191.09,31922,100
2458,2026-05-18 10:21:28.729830,2026/05/18 10:21:28.774,2,NVIDIA A100-SXM-64GB,170.30,31912,100
2459,2026-05-18 10:21:28.729830,2026/05/18 10:21:28.776,3,NVIDIA A100-SXM-64GB,166.84,31846,100
2460,2026-05-18 10:21:33.794864,2026/05/18 10:21:33.834,0,NVIDIA A100-SXM-64GB,173.35,31904,100
2461,2026-05-18 10:21:33.794864,2026/05/18 10:21:33.836,1,NVIDIA A100-SXM-64GB,171.82,31922,100
2462,2026-05-18 10:21:33.794864,2026/05/18 10:21:33.839,2,NVIDIA A100-SXM-64GB,179.49,31912,100
2463,2026-05-18 10:21:33.794864,2026/05/18 10:21:33.844,3,NVIDIA A100-SXM-64GB,162.54,31846,100
2464,2026-05-18 10:21:38.862647,2026/05/18 10:21:38.902,0,NVIDIA A100-SXM-64GB,154.69,31904,100
2465,2026-05-18 10:21:38.862647,2026/05/18 10:21:38.904,1,NVIDIA A100-SXM-64GB,146.88,31922,100
2466,2026-05-18 10:21:38.862647,2026/05/18 10:21:38.909,2,NVIDIA A100-SXM-64GB,151.32,31912,100
2467,2026-05-18 10:21:38.862647,2026/05/18 10:21:38.912,3,NVIDIA A100-SXM-64GB,142.75,31846,100
2468,2026-05-18 10:21:43.933016,2026/05/18 10:21:43.984,0,NVIDIA A100-SXM-64GB,188.43,31904,100
2469,2026-05-18 10:21:43.933016,2026/05/18 10:21:43.987,1,NVIDIA A100-SXM-64GB,140.91,31922,100
2470,2026-05-18 10:21:43.933016,2026/05/18 10:21:43.990,2,NVIDIA A100-SXM-64GB,175.26,31912,100
2471,2026-05-18 10:21:43.933016,2026/05/18 10:21:43.993,3,NVIDIA A100-SXM-64GB,169.87,31846,100
2472,2026-05-18 10:21:49.014303,2026/05/18 10:21:49.054,0,NVIDIA A100-SXM-64GB,185.08,31904,100
2473,2026-05-18 10:21:49.014303,2026/05/18 10:21:49.056,1,NVIDIA A100-SXM-64GB,168.30,31922,100
2474,2026-05-18 10:21:49.014303,2026/05/18 10:21:49.059,2,NVIDIA A100-SXM-64GB,166.67,31912,100
2475,2026-05-18 10:21:49.014303,2026/05/18 10:21:49.061,3,NVIDIA A100-SXM-64GB,164.36,31846,100
2476,2026-05-18 10:21:54.079920,2026/05/18 10:21:54.119,0,NVIDIA A100-SXM-64GB,142.17,31904,100
2477,2026-05-18 10:21:54.079920,2026/05/18 10:21:54.122,1,NVIDIA A100-SXM-64GB,147.99,31922,100
2478,2026-05-18 10:21:54.079920,2026/05/18 10:21:54.125,2,NVIDIA A100-SXM-64GB,139.52,31912,100
2479,2026-05-18 10:21:54.079920,2026/05/18 10:21:54.127,3,NVIDIA A100-SXM-64GB,133.21,31846,100
2480,2026-05-18 10:21:59.145966,2026/05/18 10:21:59.197,0,NVIDIA A100-SXM-64GB,149.97,31904,97
2481,2026-05-18 10:21:59.145966,2026/05/18 10:21:59.203,1,NVIDIA A100-SXM-64GB,145.84,31922,98
2482,2026-05-18 10:21:59.145966,2026/05/18 10:21:59.205,2,NVIDIA A100-SXM-64GB,146.14,31912,98
2483,2026-05-18 10:21:59.145966,2026/05/18 10:21:59.208,3,NVIDIA A100-SXM-64GB,142.27,31846,97
2484,2026-05-18 10:22:04.226528,2026/05/18 10:22:04.266,0,NVIDIA A100-SXM-64GB,193.31,31904,100
2485,2026-05-18 10:22:04.226528,2026/05/18 10:22:04.268,1,NVIDIA A100-SXM-64GB,186.48,31922,100
2486,2026-05-18 10:22:04.226528,2026/05/18 10:22:04.273,2,NVIDIA A100-SXM-64GB,179.49,31912,100
2487,2026-05-18 10:22:04.226528,2026/05/18 10:22:04.276,3,NVIDIA A100-SXM-64GB,173.56,31846,100
2488,2026-05-18 10:22:09.297196,2026/05/18 10:22:09.336,0,NVIDIA A100-SXM-64GB,171.82,31904,100
2489,2026-05-18 10:22:09.297196,2026/05/18 10:22:09.339,1,NVIDIA A100-SXM-64GB,171.07,31922,100
2490,2026-05-18 10:22:09.297196,2026/05/18 10:22:09.341,2,NVIDIA A100-SXM-64GB,173.89,31912,100
2491,2026-05-18 10:22:09.297196,2026/05/18 10:22:09.344,3,NVIDIA A100-SXM-64GB,171.59,31846,100
2492,2026-05-18 10:22:14.362326,2026/05/18 10:22:14.402,0,NVIDIA A100-SXM-64GB,145.52,31904,98
2493,2026-05-18 10:22:14.362326,2026/05/18 10:22:14.404,1,NVIDIA A100-SXM-64GB,144.31,31922,98
2494,2026-05-18 10:22:14.362326,2026/05/18 10:22:14.407,2,NVIDIA A100-SXM-64GB,140.13,31912,98
2495,2026-05-18 10:22:14.362326,2026/05/18 10:22:14.412,3,NVIDIA A100-SXM-64GB,138.45,31846,98
2496,2026-05-18 10:22:19.431258,2026/05/18 10:22:19.471,0,NVIDIA A100-SXM-64GB,158.04,31904,98
2497,2026-05-18 10:22:19.431258,2026/05/18 10:22:19.473,1,NVIDIA A100-SXM-64GB,146.73,31922,98
2498,2026-05-18 10:22:19.431258,2026/05/18 10:22:19.478,2,NVIDIA A100-SXM-64GB,147.63,31912,98
2499,2026-05-18 10:22:19.431258,2026/05/18 10:22:19.481,3,NVIDIA A100-SXM-64GB,147.18,31846,98
2500,2026-05-18 10:22:24.499126,2026/05/18 10:22:24.538,0,NVIDIA A100-SXM-64GB,156.50,31904,100
2501,2026-05-18 10:22:24.499126,2026/05/18 10:22:24.540,1,NVIDIA A100-SXM-64GB,163.85,31922,100
2502,2026-05-18 10:22:24.499126,2026/05/18 10:22:24.543,2,NVIDIA A100-SXM-64GB,153.01,31912,100
2503,2026-05-18 10:22:24.499126,2026/05/18 10:22:24.545,3,NVIDIA A100-SXM-64GB,151.35,31846,100
2504,2026-05-18 10:22:29.563861,2026/05/18 10:22:29.603,0,NVIDIA A100-SXM-64GB,185.55,31904,100
2505,2026-05-18 10:22:29.563861,2026/05/18 10:22:29.605,1,NVIDIA A100-SXM-64GB,176.10,31922,100
2506,2026-05-18 10:22:29.563861,2026/05/18 10:22:29.608,2,NVIDIA A100-SXM-64GB,189.01,31912,100
2507,2026-05-18 10:22:29.563861,2026/05/18 10:22:29.611,3,NVIDIA A100-SXM-64GB,185.51,31846,100
2508,2026-05-18 10:22:34.629244,2026/05/18 10:22:34.678,0,NVIDIA A100-SXM-64GB,156.50,31904,100
2509,2026-05-18 10:22:34.629244,2026/05/18 10:22:34.680,1,NVIDIA A100-SXM-64GB,131.60,31922,100
2510,2026-05-18 10:22:34.629244,2026/05/18 10:22:34.683,2,NVIDIA A100-SXM-64GB,228.24,31912,100
2511,2026-05-18 10:22:34.629244,2026/05/18 10:22:34.686,3,NVIDIA A100-SXM-64GB,214.38,31846,100
2512,2026-05-18 10:22:39.707001,2026/05/18 10:22:39.746,0,NVIDIA A100-SXM-64GB,186.21,31904,100
2513,2026-05-18 10:22:39.707001,2026/05/18 10:22:39.748,1,NVIDIA A100-SXM-64GB,163.58,31922,100
2514,2026-05-18 10:22:39.707001,2026/05/18 10:22:39.751,2,NVIDIA A100-SXM-64GB,175.53,31912,100
2515,2026-05-18 10:22:39.707001,2026/05/18 10:22:39.753,3,NVIDIA A100-SXM-64GB,173.29,31846,100
2516,2026-05-18 10:22:44.771374,2026/05/18 10:22:44.811,0,NVIDIA A100-SXM-64GB,158.04,31904,100
2517,2026-05-18 10:22:44.771374,2026/05/18 10:22:44.815,1,NVIDIA A100-SXM-64GB,141.38,31922,100
2518,2026-05-18 10:22:44.771374,2026/05/18 10:22:44.818,2,NVIDIA A100-SXM-64GB,148.45,31912,100
2519,2026-05-18 10:22:44.771374,2026/05/18 10:22:44.820,3,NVIDIA A100-SXM-64GB,146.44,31846,100
2520,2026-05-18 10:22:49.842147,2026/05/18 10:22:49.881,0,NVIDIA A100-SXM-64GB,191.37,31904,100
2521,2026-05-18 10:22:49.842147,2026/05/18 10:22:49.883,1,NVIDIA A100-SXM-64GB,186.02,31922,100
2522,2026-05-18 10:22:49.842147,2026/05/18 10:22:49.887,2,NVIDIA A100-SXM-64GB,181.03,31912,100
2523,2026-05-18 10:22:49.842147,2026/05/18 10:22:49.889,3,NVIDIA A100-SXM-64GB,172.96,31846,100
2524,2026-05-18 10:22:55.026512,2026/05/18 10:22:55.066,0,NVIDIA A100-SXM-64GB,157.43,31904,100
2525,2026-05-18 10:22:55.026512,2026/05/18 10:22:55.069,1,NVIDIA A100-SXM-64GB,146.73,31922,98
2526,2026-05-18 10:22:55.026512,2026/05/18 10:22:55.071,2,NVIDIA A100-SXM-64GB,147.18,31912,98
2527,2026-05-18 10:22:55.026512,2026/05/18 10:22:55.075,3,NVIDIA A100-SXM-64GB,145.79,31846,98
2528,2026-05-18 10:23:00.093846,2026/05/18 10:23:00.133,0,NVIDIA A100-SXM-64GB,156.83,31904,100
2529,2026-05-18 10:23:00.093846,2026/05/18 10:23:00.135,1,NVIDIA A100-SXM-64GB,175.77,31922,100
2530,2026-05-18 10:23:00.093846,2026/05/18 10:23:00.138,2,NVIDIA A100-SXM-64GB,176.74,31912,100
2531,2026-05-18 10:23:00.093846,2026/05/18 10:23:00.140,3,NVIDIA A100-SXM-64GB,158.25,31846,100
2532,2026-05-18 10:23:05.162205,2026/05/18 10:23:05.201,0,NVIDIA A100-SXM-64GB,198.20,31904,100
2533,2026-05-18 10:23:05.162205,2026/05/18 10:23:05.203,1,NVIDIA A100-SXM-64GB,189.56,31922,100
2534,2026-05-18 10:23:05.162205,2026/05/18 10:23:05.206,2,NVIDIA A100-SXM-64GB,174.92,31912,100
2535,2026-05-18 10:23:05.162205,2026/05/18 10:23:05.209,3,NVIDIA A100-SXM-64GB,176.92,31846,100
2536,2026-05-18 10:23:10.228403,2026/05/18 10:23:10.268,0,NVIDIA A100-SXM-64GB,182.80,31904,100
2537,2026-05-18 10:23:10.228403,2026/05/18 10:23:10.270,1,NVIDIA A100-SXM-64GB,162.32,31922,100
2538,2026-05-18 10:23:10.228403,2026/05/18 10:23:10.276,2,NVIDIA A100-SXM-64GB,170.96,31912,100
2539,2026-05-18 10:23:10.228403,2026/05/18 10:23:10.280,3,NVIDIA A100-SXM-64GB,147.66,31846,100
2540,2026-05-18 10:23:15.300328,2026/05/18 10:23:15.340,0,NVIDIA A100-SXM-64GB,155.62,31904,98
2541,2026-05-18 10:23:15.300328,2026/05/18 10:23:15.343,1,NVIDIA A100-SXM-64GB,145.07,31922,98
2542,2026-05-18 10:23:15.300328,2026/05/18 10:23:15.345,2,NVIDIA A100-SXM-64GB,147.51,31912,98
2543,2026-05-18 10:23:15.300328,2026/05/18 10:23:15.348,3,NVIDIA A100-SXM-64GB,143.97,31846,98
2544,2026-05-18 10:23:20.366265,2026/05/18 10:23:20.418,0,NVIDIA A100-SXM-64GB,158.97,31904,97
2545,2026-05-18 10:23:20.366265,2026/05/18 10:23:20.420,1,NVIDIA A100-SXM-64GB,147.81,31922,97
2546,2026-05-18 10:23:20.366265,2026/05/18 10:23:20.423,2,NVIDIA A100-SXM-64GB,148.29,31912,97
2547,2026-05-18 10:23:20.366265,2026/05/18 10:23:20.425,3,NVIDIA A100-SXM-64GB,146.73,31846,97
2548,2026-05-18 10:23:25.443623,2026/05/18 10:23:25.483,0,NVIDIA A100-SXM-64GB,199.46,31904,100
2549,2026-05-18 10:23:25.443623,2026/05/18 10:23:25.486,1,NVIDIA A100-SXM-64GB,186.48,31922,100
2550,2026-05-18 10:23:25.443623,2026/05/18 10:23:25.488,2,NVIDIA A100-SXM-64GB,188.73,31912,100
2551,2026-05-18 10:23:25.443623,2026/05/18 10:23:25.491,3,NVIDIA A100-SXM-64GB,165.57,31846,100
2552,2026-05-18 10:23:30.510340,2026/05/18 10:23:30.550,0,NVIDIA A100-SXM-64GB,200.06,31904,100
2553,2026-05-18 10:23:30.510340,2026/05/18 10:23:30.552,1,NVIDIA A100-SXM-64GB,161.11,31922,100
2554,2026-05-18 10:23:30.510340,2026/05/18 10:23:30.558,2,NVIDIA A100-SXM-64GB,184.72,31912,100
2555,2026-05-18 10:23:30.510340,2026/05/18 10:23:30.561,3,NVIDIA A100-SXM-64GB,157.81,31846,98
2556,2026-05-18 10:23:35.579241,2026/05/18 10:23:35.618,0,NVIDIA A100-SXM-64GB,180.99,31904,100
2557,2026-05-18 10:23:35.579241,2026/05/18 10:23:35.622,1,NVIDIA A100-SXM-64GB,178.85,31922,100
2558,2026-05-18 10:23:35.579241,2026/05/18 10:23:35.624,2,NVIDIA A100-SXM-64GB,184.44,31912,100
2559,2026-05-18 10:23:35.579241,2026/05/18 10:23:35.627,3,NVIDIA A100-SXM-64GB,150.74,31846,100
2560,2026-05-18 10:23:40.646326,2026/05/18 10:23:40.686,0,NVIDIA A100-SXM-64GB,188.96,31904,100
2561,2026-05-18 10:23:40.646326,2026/05/18 10:23:40.688,1,NVIDIA A100-SXM-64GB,180.99,31922,100
2562,2026-05-18 10:23:40.646326,2026/05/18 10:23:40.691,2,NVIDIA A100-SXM-64GB,181.36,31912,100
2563,2026-05-18 10:23:40.646326,2026/05/18 10:23:40.697,3,NVIDIA A100-SXM-64GB,185.51,31846,100
2564,2026-05-18 10:23:45.715399,2026/05/18 10:23:45.755,0,NVIDIA A100-SXM-64GB,157.16,31904,100
2565,2026-05-18 10:23:45.715399,2026/05/18 10:23:45.758,1,NVIDIA A100-SXM-64GB,167.54,31922,100
2566,2026-05-18 10:23:45.715399,2026/05/18 10:23:45.763,2,NVIDIA A100-SXM-64GB,162.82,31912,100
2567,2026-05-18 10:23:45.715399,2026/05/18 10:23:45.765,3,NVIDIA A100-SXM-64GB,168.99,31846,100
2568,2026-05-18 10:23:50.786009,2026/05/18 10:23:50.825,0,NVIDIA A100-SXM-64GB,157.43,31904,98
2569,2026-05-18 10:23:50.786009,2026/05/18 10:23:50.827,1,NVIDIA A100-SXM-64GB,143.85,31922,98
2570,2026-05-18 10:23:50.786009,2026/05/18 10:23:50.830,2,NVIDIA A100-SXM-64GB,148.72,31912,98
2571,2026-05-18 10:23:50.786009,2026/05/18 10:23:50.836,3,NVIDIA A100-SXM-64GB,147.05,31846,98
2572,2026-05-18 10:23:55.854272,2026/05/18 10:23:55.894,0,NVIDIA A100-SXM-64GB,153.15,31904,100
2573,2026-05-18 10:23:55.854272,2026/05/18 10:23:55.896,1,NVIDIA A100-SXM-64GB,145.52,31922,100
2574,2026-05-18 10:23:55.854272,2026/05/18 10:23:55.900,2,NVIDIA A100-SXM-64GB,229.18,31912,100
2575,2026-05-18 10:23:55.854272,2026/05/18 10:23:55.902,3,NVIDIA A100-SXM-64GB,145.17,31846,100
2576,2026-05-18 10:24:00.921493,2026/05/18 10:24:00.961,0,NVIDIA A100-SXM-64GB,192.10,31904,100
2577,2026-05-18 10:24:00.921493,2026/05/18 10:24:00.963,1,NVIDIA A100-SXM-64GB,173.35,31922,100
2578,2026-05-18 10:24:00.921493,2026/05/18 10:24:00.966,2,NVIDIA A100-SXM-64GB,171.84,31912,100
2579,2026-05-18 10:24:00.921493,2026/05/18 10:24:00.968,3,NVIDIA A100-SXM-64GB,179.40,31846,100
2580,2026-05-18 10:24:05.986709,2026/05/18 10:24:06.026,0,NVIDIA A100-SXM-64GB,152.22,31904,97
2581,2026-05-18 10:24:05.986709,2026/05/18 10:24:06.028,1,NVIDIA A100-SXM-64GB,142.59,31922,100
2582,2026-05-18 10:24:05.986709,2026/05/18 10:24:06.031,2,NVIDIA A100-SXM-64GB,149.66,31912,100
2583,2026-05-18 10:24:05.986709,2026/05/18 10:24:06.034,3,NVIDIA A100-SXM-64GB,143.36,31846,100
2584,2026-05-18 10:24:11.053470,2026/05/18 10:24:11.093,0,NVIDIA A100-SXM-64GB,189.03,31904,99
2585,2026-05-18 10:24:11.053470,2026/05/18 10:24:11.095,1,NVIDIA A100-SXM-64GB,174.90,31922,100
2586,2026-05-18 10:24:11.053470,2026/05/18 10:24:11.099,2,NVIDIA A100-SXM-64GB,180.76,31912,100
2587,2026-05-18 10:24:11.053470,2026/05/18 10:24:11.103,3,NVIDIA A100-SXM-64GB,165.57,31846,100
2588,2026-05-18 10:24:16.121340,2026/05/18 10:24:16.161,0,NVIDIA A100-SXM-64GB,142.77,31904,98
2589,2026-05-18 10:24:16.121340,2026/05/18 10:24:16.164,1,NVIDIA A100-SXM-64GB,145.67,31922,98
2590,2026-05-18 10:24:16.121340,2026/05/18 10:24:16.166,2,NVIDIA A100-SXM-64GB,149.66,31912,98
2591,2026-05-18 10:24:16.121340,2026/05/18 10:24:16.169,3,NVIDIA A100-SXM-64GB,144.90,31846,98
2592,2026-05-18 10:24:21.187447,2026/05/18 10:24:21.227,0,NVIDIA A100-SXM-64GB,167.54,31904,100
2593,2026-05-18 10:24:21.187447,2026/05/18 10:24:21.230,1,NVIDIA A100-SXM-64GB,157.43,31922,100
2594,2026-05-18 10:24:21.187447,2026/05/18 10:24:21.232,2,NVIDIA A100-SXM-64GB,163.15,31912,100
2595,2026-05-18 10:24:21.187447,2026/05/18 10:24:21.235,3,NVIDIA A100-SXM-64GB,146.11,31846,100
2596,2026-05-18 10:24:26.253407,2026/05/18 10:24:26.293,0,NVIDIA A100-SXM-64GB,173.03,31904,100
2597,2026-05-18 10:24:26.253407,2026/05/18 10:24:26.299,1,NVIDIA A100-SXM-64GB,165.40,31922,100
2598,2026-05-18 10:24:26.253407,2026/05/18 10:24:26.301,2,NVIDIA A100-SXM-64GB,170.81,31912,100
2599,2026-05-18 10:24:26.253407,2026/05/18 10:24:26.304,3,NVIDIA A100-SXM-64GB,172.96,31846,100
2600,2026-05-18 10:24:31.322555,2026/05/18 10:24:31.362,0,NVIDIA A100-SXM-64GB,173.64,31904,100
2601,2026-05-18 10:24:31.322555,2026/05/18 10:24:31.365,1,NVIDIA A100-SXM-64GB,156.83,31922,100
2602,2026-05-18 10:24:31.322555,2026/05/18 10:24:31.368,2,NVIDIA A100-SXM-64GB,169.42,31912,100
2603,2026-05-18 10:24:31.322555,2026/05/18 10:24:31.371,3,NVIDIA A100-SXM-64GB,198.40,31846,100
2604,2026-05-18 10:24:36.389475,2026/05/18 10:24:36.429,0,NVIDIA A100-SXM-64GB,155.90,31904,99
2605,2026-05-18 10:24:36.389475,2026/05/18 10:24:36.431,1,NVIDIA A100-SXM-64GB,187.42,31922,100
2606,2026-05-18 10:24:36.389475,2026/05/18 10:24:36.434,2,NVIDIA A100-SXM-64GB,190.22,31912,100
2607,2026-05-18 10:24:36.389475,2026/05/18 10:24:36.436,3,NVIDIA A100-SXM-64GB,195.98,31846,100
2608,2026-05-18 10:24:41.457853,2026/05/18 10:24:41.497,0,NVIDIA A100-SXM-64GB,180.99,31904,100
2609,2026-05-18 10:24:41.457853,2026/05/18 10:24:41.502,1,NVIDIA A100-SXM-64GB,181.93,31922,100
2610,2026-05-18 10:24:41.457853,2026/05/18 10:24:41.505,2,NVIDIA A100-SXM-64GB,182.30,31912,100
2611,2026-05-18 10:24:41.457853,2026/05/18 10:24:41.507,3,NVIDIA A100-SXM-64GB,165.30,31846,100
2612,2026-05-18 10:24:46.526403,2026/05/18 10:24:46.566,0,NVIDIA A100-SXM-64GB,153.75,31904,98
2613,2026-05-18 10:24:46.526403,2026/05/18 10:24:46.568,1,NVIDIA A100-SXM-64GB,133.27,31922,98
2614,2026-05-18 10:24:46.526403,2026/05/18 10:24:46.571,2,NVIDIA A100-SXM-64GB,141.07,31912,98
2615,2026-05-18 10:24:46.526403,2026/05/18 10:24:46.574,3,NVIDIA A100-SXM-64GB,143.03,31846,98
2616,2026-05-18 10:24:51.593006,2026/05/18 10:24:51.632,0,NVIDIA A100-SXM-64GB,154.36,31904,98
2617,2026-05-18 10:24:51.593006,2026/05/18 10:24:51.634,1,NVIDIA A100-SXM-64GB,142.59,31922,98
2618,2026-05-18 10:24:51.593006,2026/05/18 10:24:51.640,2,NVIDIA A100-SXM-64GB,154.23,31912,98
2619,2026-05-18 10:24:51.593006,2026/05/18 10:24:51.643,3,NVIDIA A100-SXM-64GB,149.48,31846,98
2620,2026-05-18 10:24:56.662198,2026/05/18 10:24:56.701,0,NVIDIA A100-SXM-64GB,179.13,31904,100
2621,2026-05-18 10:24:56.662198,2026/05/18 10:24:56.706,1,NVIDIA A100-SXM-64GB,144.73,31922,100
2622,2026-05-18 10:24:56.662198,2026/05/18 10:24:56.709,2,NVIDIA A100-SXM-64GB,164.36,31912,100
2623,2026-05-18 10:24:56.662198,2026/05/18 10:24:56.711,3,NVIDIA A100-SXM-64GB,178.04,31846,100
2624,2026-05-18 10:25:01.730472,2026/05/18 10:25:01.770,0,NVIDIA A100-SXM-64GB,198.52,31904,100
2625,2026-05-18 10:25:01.730472,2026/05/18 10:25:01.772,1,NVIDIA A100-SXM-64GB,170.28,31922,100
2626,2026-05-18 10:25:01.730472,2026/05/18 10:25:01.775,2,NVIDIA A100-SXM-64GB,193.30,31912,100
2627,2026-05-18 10:25:01.730472,2026/05/18 10:25:01.777,3,NVIDIA A100-SXM-64GB,164.53,31846,100
2628,2026-05-18 10:25:06.799966,2026/05/18 10:25:06.839,0,NVIDIA A100-SXM-64GB,161.11,31904,100
2629,2026-05-18 10:25:06.799966,2026/05/18 10:25:06.842,1,NVIDIA A100-SXM-64GB,144.73,31922,100
2630,2026-05-18 10:25:06.799966,2026/05/18 10:25:06.844,2,NVIDIA A100-SXM-64GB,164.36,31912,100
2631,2026-05-18 10:25:06.799966,2026/05/18 10:25:06.848,3,NVIDIA A100-SXM-64GB,178.19,31846,100
2632,2026-05-18 10:25:11.866841,2026/05/18 10:25:11.906,0,NVIDIA A100-SXM-64GB,191.78,31904,100
2633,2026-05-18 10:25:11.866841,2026/05/18 10:25:11.908,1,NVIDIA A100-SXM-64GB,180.05,31922,100
2634,2026-05-18 10:25:11.866841,2026/05/18 10:25:11.911,2,NVIDIA A100-SXM-64GB,184.11,31912,100
2635,2026-05-18 10:25:11.866841,2026/05/18 10:25:11.914,3,NVIDIA A100-SXM-64GB,177.85,31846,100
2636,2026-05-18 10:25:16.932527,2026/05/18 10:25:16.984,0,NVIDIA A100-SXM-64GB,188.96,31904,100
2637,2026-05-18 10:25:16.932527,2026/05/18 10:25:16.986,1,NVIDIA A100-SXM-64GB,186.48,31922,98
2638,2026-05-18 10:25:16.932527,2026/05/18 10:25:16.989,2,NVIDIA A100-SXM-64GB,145.96,31912,98
2639,2026-05-18 10:25:16.932527,2026/05/18 10:25:16.991,3,NVIDIA A100-SXM-64GB,141.81,31846,99
2640,2026-05-18 10:25:22.009932,2026/05/18 10:25:22.049,0,NVIDIA A100-SXM-64GB,177.92,31904,100
2641,2026-05-18 10:25:22.009932,2026/05/18 10:25:22.051,1,NVIDIA A100-SXM-64GB,170.28,31922,100
2642,2026-05-18 10:25:22.009932,2026/05/18 10:25:22.056,2,NVIDIA A100-SXM-64GB,170.63,31912,100
2643,2026-05-18 10:25:22.009932,2026/05/18 10:25:22.059,3,NVIDIA A100-SXM-64GB,169.87,31846,100
2644,2026-05-18 10:25:27.078395,2026/05/18 10:25:27.118,0,NVIDIA A100-SXM-64GB,184.67,31904,100
2645,2026-05-18 10:25:27.078395,2026/05/18 10:25:27.120,1,NVIDIA A100-SXM-64GB,159.46,31922,100
2646,2026-05-18 10:25:27.078395,2026/05/18 10:25:27.123,2,NVIDIA A100-SXM-64GB,164.09,31912,100
2647,2026-05-18 10:25:27.078395,2026/05/18 10:25:27.128,3,NVIDIA A100-SXM-64GB,168.83,31846,100
2648,2026-05-18 10:25:32.147441,2026/05/18 10:25:32.187,0,NVIDIA A100-SXM-64GB,153.48,31904,98
2649,2026-05-18 10:25:32.147441,2026/05/18 10:25:32.189,1,NVIDIA A100-SXM-64GB,146.45,31922,98
2650,2026-05-18 10:25:32.147441,2026/05/18 10:25:32.195,2,NVIDIA A100-SXM-64GB,154.84,31912,98
2651,2026-05-18 10:25:32.147441,2026/05/18 10:25:32.198,3,NVIDIA A100-SXM-64GB,143.97,31846,98
2652,2026-05-18 10:25:37.217093,2026/05/18 10:25:37.256,0,NVIDIA A100-SXM-64GB,151.01,31904,100
2653,2026-05-18 10:25:37.217093,2026/05/18 10:25:37.258,1,NVIDIA A100-SXM-64GB,146.60,31922,98
2654,2026-05-18 10:25:37.217093,2026/05/18 10:25:37.261,2,NVIDIA A100-SXM-64GB,151.47,31912,98
2655,2026-05-18 10:25:37.217093,2026/05/18 10:25:37.264,3,NVIDIA A100-SXM-64GB,146.11,31846,98
2656,2026-05-18 10:25:42.283455,2026/05/18 10:25:42.323,0,NVIDIA A100-SXM-64GB,183.14,31904,100
2657,2026-05-18 10:25:42.283455,2026/05/18 10:25:42.325,1,NVIDIA A100-SXM-64GB,156.99,31922,100
2658,2026-05-18 10:25:42.283455,2026/05/18 10:25:42.328,2,NVIDIA A100-SXM-64GB,170.03,31912,100
2659,2026-05-18 10:25:42.283455,2026/05/18 10:25:42.330,3,NVIDIA A100-SXM-64GB,161.17,31846,100
2660,2026-05-18 10:25:47.349628,2026/05/18 10:25:47.389,0,NVIDIA A100-SXM-64GB,213.17,31904,100
2661,2026-05-18 10:25:47.349628,2026/05/18 10:25:47.393,1,NVIDIA A100-SXM-64GB,132.81,31922,98
2662,2026-05-18 10:25:47.349628,2026/05/18 10:25:47.398,2,NVIDIA A100-SXM-64GB,145.36,31912,98
2663,2026-05-18 10:25:47.349628,2026/05/18 10:25:47.401,3,NVIDIA A100-SXM-64GB,173.56,31846,98
2664,2026-05-18 10:25:52.419920,2026/05/18 10:25:52.459,0,NVIDIA A100-SXM-64GB,217.18,31904,100
2665,2026-05-18 10:25:52.419920,2026/05/18 10:25:52.461,1,NVIDIA A100-SXM-64GB,134.02,31922,97
2666,2026-05-18 10:25:52.419920,2026/05/18 10:25:52.464,2,NVIDIA A100-SXM-64GB,143.82,31912,97
2667,2026-05-18 10:25:52.419920,2026/05/18 10:25:52.466,3,NVIDIA A100-SXM-64GB,175.71,31846,97
2668,2026-05-18 10:25:57.485331,2026/05/18 10:25:57.526,0,NVIDIA A100-SXM-64GB,157.16,31904,100
2669,2026-05-18 10:25:57.485331,2026/05/18 10:25:57.528,1,NVIDIA A100-SXM-64GB,147.05,31922,100
2670,2026-05-18 10:25:57.485331,2026/05/18 10:25:57.531,2,NVIDIA A100-SXM-64GB,153.34,31912,100
2671,2026-05-18 10:25:57.485331,2026/05/18 10:25:57.533,3,NVIDIA A100-SXM-64GB,144.57,31846,98
2672,2026-05-18 10:26:02.553729,2026/05/18 10:26:02.606,0,NVIDIA A100-SXM-64GB,155.90,31904,100
2673,2026-05-18 10:26:02.553729,2026/05/18 10:26:02.608,1,NVIDIA A100-SXM-64GB,181.59,31922,100
2674,2026-05-18 10:26:02.553729,2026/05/18 10:26:02.611,2,NVIDIA A100-SXM-64GB,151.20,31912,100
2675,2026-05-18 10:26:02.553729,2026/05/18 10:26:02.613,3,NVIDIA A100-SXM-64GB,146.11,31846,99
2676,2026-05-18 10:26:07.632823,2026/05/18 10:26:07.673,0,NVIDIA A100-SXM-64GB,183.14,31904,100
2677,2026-05-18 10:26:07.632823,2026/05/18 10:26:07.679,1,NVIDIA A100-SXM-64GB,137.09,31922,100
2678,2026-05-18 10:26:07.632823,2026/05/18 10:26:07.681,2,NVIDIA A100-SXM-64GB,173.89,31912,100
2679,2026-05-18 10:26:07.632823,2026/05/18 10:26:07.684,3,NVIDIA A100-SXM-64GB,143.03,31846,100
2680,2026-05-18 10:26:12.702661,2026/05/18 10:26:12.743,0,NVIDIA A100-SXM-64GB,152.87,31904,98
2681,2026-05-18 10:26:12.702661,2026/05/18 10:26:12.745,1,NVIDIA A100-SXM-64GB,144.31,31922,100
2682,2026-05-18 10:26:12.702661,2026/05/18 10:26:12.748,2,NVIDIA A100-SXM-64GB,137.70,31912,100
2683,2026-05-18 10:26:12.702661,2026/05/18 10:26:12.751,3,NVIDIA A100-SXM-64GB,143.36,31846,98
2684,2026-05-18 10:26:17.770373,2026/05/18 10:26:17.811,0,NVIDIA A100-SXM-64GB,156.23,31904,100
2685,2026-05-18 10:26:17.770373,2026/05/18 10:26:17.813,1,NVIDIA A100-SXM-64GB,158.64,31922,98
2686,2026-05-18 10:26:17.770373,2026/05/18 10:26:17.817,2,NVIDIA A100-SXM-64GB,181.03,31912,100
2687,2026-05-18 10:26:17.770373,2026/05/18 10:26:17.819,3,NVIDIA A100-SXM-64GB,143.63,31846,100
2688,2026-05-18 10:26:22.838335,2026/05/18 10:26:22.878,0,NVIDIA A100-SXM-64GB,196.66,31904,100
2689,2026-05-18 10:26:22.838335,2026/05/18 10:26:22.880,1,NVIDIA A100-SXM-64GB,177.04,31922,100
2690,2026-05-18 10:26:22.838335,2026/05/18 10:26:22.883,2,NVIDIA A100-SXM-64GB,180.43,31912,100
2691,2026-05-18 10:26:22.838335,2026/05/18 10:26:22.885,3,NVIDIA A100-SXM-64GB,166.35,31846,100
2692,2026-05-18 10:26:27.904866,2026/05/18 10:26:27.944,0,NVIDIA A100-SXM-64GB,160.51,31904,100
2693,2026-05-18 10:26:27.904866,2026/05/18 10:26:27.947,1,NVIDIA A100-SXM-64GB,158.97,31922,100
2694,2026-05-18 10:26:27.904866,2026/05/18 10:26:27.949,2,NVIDIA A100-SXM-64GB,161.44,31912,100
2695,2026-05-18 10:26:27.904866,2026/05/18 10:26:27.953,3,NVIDIA A100-SXM-64GB,158.41,31846,100
2696,2026-05-18 10:26:32.972343,2026/05/18 10:26:33.022,0,NVIDIA A100-SXM-64GB,154.08,31904,98
2697,2026-05-18 10:26:32.972343,2026/05/18 10:26:33.024,1,NVIDIA A100-SXM-64GB,146.73,31922,98
2698,2026-05-18 10:26:32.972343,2026/05/18 10:26:33.029,2,NVIDIA A100-SXM-64GB,148.72,31912,98
2699,2026-05-18 10:26:32.972343,2026/05/18 10:26:33.033,3,NVIDIA A100-SXM-64GB,147.93,31846,98
2700,2026-05-18 10:26:38.052803,2026/05/18 10:26:38.092,0,NVIDIA A100-SXM-64GB,152.22,31904,99
2701,2026-05-18 10:26:38.052803,2026/05/18 10:26:38.096,1,NVIDIA A100-SXM-64GB,142.32,31922,97
2702,2026-05-18 10:26:38.052803,2026/05/18 10:26:38.098,2,NVIDIA A100-SXM-64GB,149.05,31912,97
2703,2026-05-18 10:26:38.052803,2026/05/18 10:26:38.101,3,NVIDIA A100-SXM-64GB,143.36,31846,97
2704,2026-05-18 10:26:43.120264,2026/05/18 10:26:43.160,0,NVIDIA A100-SXM-64GB,186.21,31904,100
2705,2026-05-18 10:26:43.120264,2026/05/18 10:26:43.162,1,NVIDIA A100-SXM-64GB,186.81,31922,100
2706,2026-05-18 10:26:43.120264,2026/05/18 10:26:43.165,2,NVIDIA A100-SXM-64GB,184.72,31912,100
2707,2026-05-18 10:26:43.120264,2026/05/18 10:26:43.167,3,NVIDIA A100-SXM-64GB,170.48,31846,100
2708,2026-05-18 10:26:48.187786,2026/05/18 10:26:48.227,0,NVIDIA A100-SXM-64GB,177.04,31904,100
2709,2026-05-18 10:26:48.187786,2026/05/18 10:26:48.229,1,NVIDIA A100-SXM-64GB,177.65,31922,100
2710,2026-05-18 10:26:48.187786,2026/05/18 10:26:48.232,2,NVIDIA A100-SXM-64GB,154.84,31912,98
2711,2026-05-18 10:26:48.187786,2026/05/18 10:26:48.234,3,NVIDIA A100-SXM-64GB,163.92,31846,100
2712,2026-05-18 10:26:53.253982,2026/05/18 10:26:53.293,0,NVIDIA A100-SXM-64GB,156.83,31904,98
2713,2026-05-18 10:26:53.253982,2026/05/18 10:26:53.299,1,NVIDIA A100-SXM-64GB,143.98,31922,98
2714,2026-05-18 10:26:53.253982,2026/05/18 10:26:53.301,2,NVIDIA A100-SXM-64GB,153.34,31912,98
2715,2026-05-18 10:26:53.253982,2026/05/18 10:26:53.304,3,NVIDIA A100-SXM-64GB,145.51,31846,98
2716,2026-05-18 10:26:58.323597,2026/05/18 10:26:58.363,0,NVIDIA A100-SXM-64GB,156.83,31904,98
2717,2026-05-18 10:26:58.323597,2026/05/18 10:26:58.365,1,NVIDIA A100-SXM-64GB,149.02,31922,100
2718,2026-05-18 10:26:58.323597,2026/05/18 10:26:58.368,2,NVIDIA A100-SXM-64GB,149.33,31912,98
2719,2026-05-18 10:26:58.323597,2026/05/18 10:26:58.370,3,NVIDIA A100-SXM-64GB,142.14,31846,98
2720,2026-05-18 10:27:03.393904,2026/05/18 10:27:03.434,0,NVIDIA A100-SXM-64GB,190.30,31904,100
2721,2026-05-18 10:27:03.393904,2026/05/18 10:27:03.436,1,NVIDIA A100-SXM-64GB,155.02,31922,100
2722,2026-05-18 10:27:03.393904,2026/05/18 10:27:03.439,2,NVIDIA A100-SXM-64GB,164.36,31912,100
2723,2026-05-18 10:27:03.393904,2026/05/18 10:27:03.441,3,NVIDIA A100-SXM-64GB,167.45,31846,100
2724,2026-05-18 10:27:08.460793,2026/05/18 10:27:08.501,0,NVIDIA A100-SXM-64GB,206.48,31904,100
2725,2026-05-18 10:27:08.460793,2026/05/18 10:27:08.503,1,NVIDIA A100-SXM-64GB,178.25,31922,100
2726,2026-05-18 10:27:08.460793,2026/05/18 10:27:08.506,2,NVIDIA A100-SXM-64GB,211.08,31912,100
2727,2026-05-18 10:27:08.460793,2026/05/18 10:27:08.508,3,NVIDIA A100-SXM-64GB,173.56,31846,100
2728,2026-05-18 10:27:13.529110,2026/05/18 10:27:13.568,0,NVIDIA A100-SXM-64GB,225.41,31904,97
2729,2026-05-18 10:27:13.529110,2026/05/18 10:27:13.570,1,NVIDIA A100-SXM-64GB,141.98,31922,100
2730,2026-05-18 10:27:13.529110,2026/05/18 10:27:13.576,2,NVIDIA A100-SXM-64GB,214.43,31912,100
2731,2026-05-18 10:27:13.529110,2026/05/18 10:27:13.578,3,NVIDIA A100-SXM-64GB,132.60,31846,100
2732,2026-05-18 10:27:18.598031,2026/05/18 10:27:18.637,0,NVIDIA A100-SXM-64GB,197.59,31904,100
2733,2026-05-18 10:27:18.598031,2026/05/18 10:27:18.639,1,NVIDIA A100-SXM-64GB,187.08,31922,100
2734,2026-05-18 10:27:18.598031,2026/05/18 10:27:18.642,2,NVIDIA A100-SXM-64GB,185.65,31912,100
2735,2026-05-18 10:27:18.598031,2026/05/18 10:27:18.644,3,NVIDIA A100-SXM-64GB,188.93,31846,100
2736,2026-05-18 10:27:23.665392,2026/05/18 10:27:23.705,0,NVIDIA A100-SXM-64GB,187.69,31904,100
2737,2026-05-18 10:27:23.665392,2026/05/18 10:27:23.707,1,NVIDIA A100-SXM-64GB,174.56,31922,100
2738,2026-05-18 10:27:23.665392,2026/05/18 10:27:23.710,2,NVIDIA A100-SXM-64GB,178.46,31912,100
2739,2026-05-18 10:27:23.665392,2026/05/18 10:27:23.712,3,NVIDIA A100-SXM-64GB,158.08,31846,100
2740,2026-05-18 10:27:28.732273,2026/05/18 10:27:28.772,0,NVIDIA A100-SXM-64GB,155.02,31904,100
2741,2026-05-18 10:27:28.732273,2026/05/18 10:27:28.774,1,NVIDIA A100-SXM-64GB,132.53,31922,99
2742,2026-05-18 10:27:28.732273,2026/05/18 10:27:28.780,2,NVIDIA A100-SXM-64GB,153.95,31912,99
2743,2026-05-18 10:27:28.732273,2026/05/18 10:27:28.783,3,NVIDIA A100-SXM-64GB,175.10,31846,100
2744,2026-05-18 10:27:33.804470,2026/05/18 10:27:33.844,0,NVIDIA A100-SXM-64GB,149.80,31904,100
2745,2026-05-18 10:27:33.804470,2026/05/18 10:27:33.846,1,NVIDIA A100-SXM-64GB,141.98,31922,98
2746,2026-05-18 10:27:33.804470,2026/05/18 10:27:33.849,2,NVIDIA A100-SXM-64GB,143.82,31912,98
2747,2026-05-18 10:27:33.804470,2026/05/18 10:27:33.852,3,NVIDIA A100-SXM-64GB,143.03,31846,98
2748,2026-05-18 10:27:38.871037,2026/05/18 10:27:38.910,0,NVIDIA A100-SXM-64GB,162.65,31904,100
2749,2026-05-18 10:27:38.871037,2026/05/18 10:27:38.912,1,NVIDIA A100-SXM-64GB,162.93,31922,100
2750,2026-05-18 10:27:38.871037,2026/05/18 10:27:38.915,2,NVIDIA A100-SXM-64GB,184.72,31912,100
2751,2026-05-18 10:27:38.871037,2026/05/18 10:27:38.920,3,NVIDIA A100-SXM-64GB,158.25,31846,100
2752,2026-05-18 10:27:43.942492,2026/05/18 10:27:43.982,0,NVIDIA A100-SXM-64GB,172.43,31904,100
2753,2026-05-18 10:27:43.942492,2026/05/18 10:27:43.984,1,NVIDIA A100-SXM-64GB,184.95,31922,100
2754,2026-05-18 10:27:43.942492,2026/05/18 10:27:43.988,2,NVIDIA A100-SXM-64GB,173.11,31912,100
2755,2026-05-18 10:27:43.942492,2026/05/18 10:27:43.990,3,NVIDIA A100-SXM-64GB,178.19,31846,100
2756,2026-05-18 10:27:49.010020,2026/05/18 10:27:49.049,0,NVIDIA A100-SXM-64GB,187.83,31904,100
2757,2026-05-18 10:27:49.010020,2026/05/18 10:27:49.053,1,NVIDIA A100-SXM-64GB,163.85,31922,100
2758,2026-05-18 10:27:49.010020,2026/05/18 10:27:49.055,2,NVIDIA A100-SXM-64GB,160.51,31912,100
2759,2026-05-18 10:27:49.010020,2026/05/18 10:27:49.058,3,NVIDIA A100-SXM-64GB,151.63,31846,100
2760,2026-05-18 10:27:54.076922,2026/05/18 10:27:54.116,0,NVIDIA A100-SXM-64GB,155.90,31904,98
2761,2026-05-18 10:27:54.076922,2026/05/18 10:27:54.118,1,NVIDIA A100-SXM-64GB,146.27,31922,100
2762,2026-05-18 10:27:54.076922,2026/05/18 10:27:54.121,2,NVIDIA A100-SXM-64GB,137.98,31912,100
2763,2026-05-18 10:27:54.076922,2026/05/18 10:27:54.124,3,NVIDIA A100-SXM-64GB,142.75,31846,98
2764,2026-05-18 10:27:59.143215,2026/05/18 10:27:59.182,0,NVIDIA A100-SXM-64GB,147.05,31904,97
2765,2026-05-18 10:27:59.143215,2026/05/18 10:27:59.187,1,NVIDIA A100-SXM-64GB,140.17,31922,98
2766,2026-05-18 10:27:59.143215,2026/05/18 10:27:59.190,2,NVIDIA A100-SXM-64GB,150.87,31912,96
2767,2026-05-18 10:27:59.143215,2026/05/18 10:27:59.192,3,NVIDIA A100-SXM-64GB,141.21,31846,97
2768,2026-05-18 10:28:04.211935,2026/05/18 10:28:04.251,0,NVIDIA A100-SXM-64GB,194.12,31904,100
2769,2026-05-18 10:28:04.211935,2026/05/18 10:28:04.253,1,NVIDIA A100-SXM-64GB,175.17,31922,100
2770,2026-05-18 10:28:04.211935,2026/05/18 10:28:04.256,2,NVIDIA A100-SXM-64GB,184.30,31912,100
2771,2026-05-18 10:28:04.211935,2026/05/18 10:28:04.262,3,NVIDIA A100-SXM-64GB,178.04,31846,100
2772,2026-05-18 10:28:09.281359,2026/05/18 10:28:09.321,0,NVIDIA A100-SXM-64GB,166.94,31904,100
2773,2026-05-18 10:28:09.281359,2026/05/18 10:28:09.323,1,NVIDIA A100-SXM-64GB,178.85,31922,100
2774,2026-05-18 10:28:09.281359,2026/05/18 10:28:09.326,2,NVIDIA A100-SXM-64GB,166.84,31912,100
2775,2026-05-18 10:28:09.281359,2026/05/18 10:28:09.328,3,NVIDIA A100-SXM-64GB,171.59,31846,100
2776,2026-05-18 10:28:14.348123,2026/05/18 10:28:14.387,0,NVIDIA A100-SXM-64GB,157.16,31904,98
2777,2026-05-18 10:28:14.348123,2026/05/18 10:28:14.389,1,NVIDIA A100-SXM-64GB,142.92,31922,100
2778,2026-05-18 10:28:14.348123,2026/05/18 10:28:14.392,2,NVIDIA A100-SXM-64GB,153.34,31912,100
2779,2026-05-18 10:28:14.348123,2026/05/18 10:28:14.395,3,NVIDIA A100-SXM-64GB,191.08,31846,100
2780,2026-05-18 10:28:19.414361,2026/05/18 10:28:19.454,0,NVIDIA A100-SXM-64GB,184.95,31904,100
2781,2026-05-18 10:28:19.414361,2026/05/18 10:28:19.456,1,NVIDIA A100-SXM-64GB,164.02,31922,100
2782,2026-05-18 10:28:19.414361,2026/05/18 10:28:19.459,2,NVIDIA A100-SXM-64GB,178.19,31912,100
2783,2026-05-18 10:28:19.414361,2026/05/18 10:28:19.462,3,NVIDIA A100-SXM-64GB,175.89,31846,100
2784,2026-05-18 10:28:24.482938,2026/05/18 10:28:24.522,0,NVIDIA A100-SXM-64GB,183.74,31904,100
2785,2026-05-18 10:28:24.482938,2026/05/18 10:28:24.525,1,NVIDIA A100-SXM-64GB,148.41,31922,100
2786,2026-05-18 10:28:24.482938,2026/05/18 10:28:24.528,2,NVIDIA A100-SXM-64GB,156.38,31912,100
2787,2026-05-18 10:28:24.482938,2026/05/18 10:28:24.530,3,NVIDIA A100-SXM-64GB,167.72,31846,100
2788,2026-05-18 10:28:29.550122,2026/05/18 10:28:29.589,0,NVIDIA A100-SXM-64GB,156.23,31904,98
2789,2026-05-18 10:28:29.550122,2026/05/18 10:28:29.591,1,NVIDIA A100-SXM-64GB,141.38,31922,98
2790,2026-05-18 10:28:29.550122,2026/05/18 10:28:29.594,2,NVIDIA A100-SXM-64GB,150.87,31912,98
2791,2026-05-18 10:28:29.550122,2026/05/18 10:28:29.600,3,NVIDIA A100-SXM-64GB,147.05,31846,98
2792,2026-05-18 10:28:34.621292,2026/05/18 10:28:34.672,0,NVIDIA A100-SXM-64GB,154.36,31904,97
2793,2026-05-18 10:28:34.621292,2026/05/18 10:28:34.674,1,NVIDIA A100-SXM-64GB,141.38,31922,100
2794,2026-05-18 10:28:34.621292,2026/05/18 10:28:34.677,2,NVIDIA A100-SXM-64GB,155.49,31912,100
2795,2026-05-18 10:28:34.621292,2026/05/18 10:28:34.681,3,NVIDIA A100-SXM-64GB,142.14,31846,98
2796,2026-05-18 10:28:39.701497,2026/05/18 10:28:39.741,0,NVIDIA A100-SXM-64GB,198.52,31904,100
2797,2026-05-18 10:28:39.701497,2026/05/18 10:28:39.747,1,NVIDIA A100-SXM-64GB,187.69,31922,100
2798,2026-05-18 10:28:39.701497,2026/05/18 10:28:39.750,2,NVIDIA A100-SXM-64GB,178.19,31912,100
2799,2026-05-18 10:28:39.701497,2026/05/18 10:28:39.752,3,NVIDIA A100-SXM-64GB,181.13,31846,100
2800,2026-05-18 10:28:44.772275,2026/05/18 10:28:44.811,0,NVIDIA A100-SXM-64GB,155.62,31904,0
2801,2026-05-18 10:28:44.772275,2026/05/18 10:28:44.813,1,NVIDIA A100-SXM-64GB,144.73,31922,45
2802,2026-05-18 10:28:44.772275,2026/05/18 10:28:44.816,2,NVIDIA A100-SXM-64GB,149.93,31912,22
2803,2026-05-18 10:28:44.772275,2026/05/18 10:28:44.819,3,NVIDIA A100-SXM-64GB,141.21,31846,0
2804,2026-05-18 10:28:49.840151,2026/05/18 10:28:49.879,0,NVIDIA A100-SXM-64GB,193.84,31904,100
2805,2026-05-18 10:28:49.840151,2026/05/18 10:28:49.881,1,NVIDIA A100-SXM-64GB,188.35,31922,100
2806,2026-05-18 10:28:49.840151,2026/05/18 10:28:49.884,2,NVIDIA A100-SXM-64GB,194.85,31912,100
2807,2026-05-18 10:28:49.840151,2026/05/18 10:28:49.886,3,NVIDIA A100-SXM-64GB,170.81,31846,100
2808,2026-05-18 10:28:54.906435,2026/05/18 10:28:54.958,0,NVIDIA A100-SXM-64GB,151.62,31904,98
2809,2026-05-18 10:28:54.906435,2026/05/18 10:28:54.960,1,NVIDIA A100-SXM-64GB,142.92,31922,100
2810,2026-05-18 10:28:54.906435,2026/05/18 10:28:54.963,2,NVIDIA A100-SXM-64GB,137.37,31912,100
2811,2026-05-18 10:28:54.906435,2026/05/18 10:28:54.965,3,NVIDIA A100-SXM-64GB,142.14,31846,98
2812,2026-05-18 10:28:59.985150,2026/05/18 10:29:00.024,0,NVIDIA A100-SXM-64GB,168.15,31904,100
2813,2026-05-18 10:28:59.985150,2026/05/18 10:29:00.026,1,NVIDIA A100-SXM-64GB,160.78,31922,100
2814,2026-05-18 10:28:59.985150,2026/05/18 10:29:00.032,2,NVIDIA A100-SXM-64GB,183.70,31912,100
2815,2026-05-18 10:28:59.985150,2026/05/18 10:29:00.034,3,NVIDIA A100-SXM-64GB,145.79,31846,100
2816,2026-05-18 10:29:05.058561,2026/05/18 10:29:05.098,0,NVIDIA A100-SXM-64GB,193.51,31904,100
2817,2026-05-18 10:29:05.058561,2026/05/18 10:29:05.101,1,NVIDIA A100-SXM-64GB,170.46,31922,100
2818,2026-05-18 10:29:05.058561,2026/05/18 10:29:05.103,2,NVIDIA A100-SXM-64GB,169.87,31912,100
2819,2026-05-18 10:29:05.058561,2026/05/18 10:29:05.109,3,NVIDIA A100-SXM-64GB,168.22,31846,100
2820,2026-05-18 10:29:10.128692,2026/05/18 10:29:10.180,0,NVIDIA A100-SXM-64GB,199.33,31904,100
2821,2026-05-18 10:29:10.128692,2026/05/18 10:29:10.182,1,NVIDIA A100-SXM-64GB,144.13,31922,100
2822,2026-05-18 10:29:10.128692,2026/05/18 10:29:10.185,2,NVIDIA A100-SXM-64GB,160.40,31912,100
2823,2026-05-18 10:29:10.128692,2026/05/18 10:29:10.188,3,NVIDIA A100-SXM-64GB,156.54,31846,100
2824,2026-05-18 10:29:15.210910,2026/05/18 10:29:15.250,0,NVIDIA A100-SXM-64GB,172.75,31904,99
2825,2026-05-18 10:29:15.210910,2026/05/18 10:29:15.252,1,NVIDIA A100-SXM-64GB,146.88,31922,100
2826,2026-05-18 10:29:15.210910,2026/05/18 10:29:15.255,2,NVIDIA A100-SXM-64GB,184.30,31912,100
2827,2026-05-18 10:29:15.210910,2026/05/18 10:29:15.258,3,NVIDIA A100-SXM-64GB,147.33,31846,98
2828,2026-05-18 10:29:20.280374,2026/05/18 10:29:20.320,0,NVIDIA A100-SXM-64GB,176.38,31904,100
2829,2026-05-18 10:29:20.280374,2026/05/18 10:29:20.322,1,NVIDIA A100-SXM-64GB,195.65,31922,100
2830,2026-05-18 10:29:20.280374,2026/05/18 10:29:20.325,2,NVIDIA A100-SXM-64GB,177.07,31912,100
2831,2026-05-18 10:29:20.280374,2026/05/18 10:29:20.328,3,NVIDIA A100-SXM-64GB,147.93,31846,100
2832,2026-05-18 10:29:25.347298,2026/05/18 10:29:25.388,0,NVIDIA A100-SXM-64GB,151.01,31904,98
2833,2026-05-18 10:29:25.347298,2026/05/18 10:29:25.390,1,NVIDIA A100-SXM-64GB,143.53,31922,100
2834,2026-05-18 10:29:25.347298,2026/05/18 10:29:25.394,2,NVIDIA A100-SXM-64GB,148.72,31912,100
2835,2026-05-18 10:29:25.347298,2026/05/18 10:29:25.397,3,NVIDIA A100-SXM-64GB,146.44,31846,98
2836,2026-05-18 10:29:30.419366,2026/05/18 10:29:30.460,0,NVIDIA A100-SXM-64GB,153.15,31904,98
2837,2026-05-18 10:29:30.419366,2026/05/18 10:29:30.465,1,NVIDIA A100-SXM-64GB,144.73,31922,98
2838,2026-05-18 10:29:30.419366,2026/05/18 10:29:30.468,2,NVIDIA A100-SXM-64GB,150.59,31912,98
2839,2026-05-18 10:29:30.419366,2026/05/18 10:29:30.471,3,NVIDIA A100-SXM-64GB,146.73,31846,98
2840,2026-05-18 10:29:35.490382,2026/05/18 10:29:35.530,0,NVIDIA A100-SXM-64GB,164.46,31904,100
2841,2026-05-18 10:29:35.490382,2026/05/18 10:29:35.532,1,NVIDIA A100-SXM-64GB,180.39,31922,100
2842,2026-05-18 10:29:35.490382,2026/05/18 10:29:35.539,2,NVIDIA A100-SXM-64GB,175.71,31912,100
2843,2026-05-18 10:29:35.490382,2026/05/18 10:29:35.542,3,NVIDIA A100-SXM-64GB,168.50,31846,100
2844,2026-05-18 10:29:40.561597,2026/05/18 10:29:40.609,0,NVIDIA A100-SXM-64GB,181.59,31904,96
2845,2026-05-18 10:29:40.561597,2026/05/18 10:29:40.612,1,NVIDIA A100-SXM-64GB,166.33,31922,100
2846,2026-05-18 10:29:40.561597,2026/05/18 10:29:40.614,2,NVIDIA A100-SXM-64GB,169.26,31912,100
2847,2026-05-18 10:29:40.561597,2026/05/18 10:29:40.617,3,NVIDIA A100-SXM-64GB,166.68,31846,82
2848,2026-05-18 10:29:45.636829,2026/05/18 10:29:45.676,0,NVIDIA A100-SXM-64GB,172.75,31904,100
2849,2026-05-18 10:29:45.636829,2026/05/18 10:29:45.678,1,NVIDIA A100-SXM-64GB,155.18,31922,100
2850,2026-05-18 10:29:45.636829,2026/05/18 10:29:45.681,2,NVIDIA A100-SXM-64GB,150.26,31912,100
2851,2026-05-18 10:29:45.636829,2026/05/18 10:29:45.684,3,NVIDIA A100-SXM-64GB,171.92,31846,100
2852,2026-05-18 10:29:50.703807,2026/05/18 10:29:50.743,0,NVIDIA A100-SXM-64GB,108.94,31904,98
2853,2026-05-18 10:29:50.703807,2026/05/18 10:29:50.748,1,NVIDIA A100-SXM-64GB,110.60,31922,98
2854,2026-05-18 10:29:50.703807,2026/05/18 10:29:50.750,2,NVIDIA A100-SXM-64GB,99.14,31912,98
2855,2026-05-18 10:29:50.703807,2026/05/18 10:29:50.753,3,NVIDIA A100-SXM-64GB,144.30,31846,100
2856,2026-05-18 10:29:55.775309,2026/05/18 10:29:55.815,0,NVIDIA A100-SXM-64GB,204.55,31904,100
2857,2026-05-18 10:29:55.775309,2026/05/18 10:29:55.817,1,NVIDIA A100-SXM-64GB,129.45,31922,100
2858,2026-05-18 10:29:55.775309,2026/05/18 10:29:55.820,2,NVIDIA A100-SXM-64GB,234.07,31912,100
2859,2026-05-18 10:29:55.775309,2026/05/18 10:29:55.823,3,NVIDIA A100-SXM-64GB,145.51,31846,97
2860,2026-05-18 10:30:00.842688,2026/05/18 10:30:00.882,0,NVIDIA A100-SXM-64GB,193.04,31904,100
2861,2026-05-18 10:30:00.842688,2026/05/18 10:30:00.887,1,NVIDIA A100-SXM-64GB,187.69,31922,100
2862,2026-05-18 10:30:00.842688,2026/05/18 10:30:00.889,2,NVIDIA A100-SXM-64GB,176.31,31912,100
2863,2026-05-18 10:30:00.842688,2026/05/18 10:30:00.893,3,NVIDIA A100-SXM-64GB,163.32,31846,100
2864,2026-05-18 10:30:05.914600,2026/05/18 10:30:05.954,0,NVIDIA A100-SXM-64GB,170.89,31904,100
2865,2026-05-18 10:30:05.914600,2026/05/18 10:30:05.957,1,NVIDIA A100-SXM-64GB,170.89,31922,100
2866,2026-05-18 10:30:05.914600,2026/05/18 10:30:05.960,2,NVIDIA A100-SXM-64GB,173.29,31912,100
2867,2026-05-18 10:30:05.914600,2026/05/18 10:30:05.962,3,NVIDIA A100-SXM-64GB,162.38,31846,100
2868,2026-05-18 10:30:10.982471,2026/05/18 10:30:11.022,0,NVIDIA A100-SXM-64GB,151.34,31904,98
2869,2026-05-18 10:30:10.982471,2026/05/18 10:30:11.024,1,NVIDIA A100-SXM-64GB,141.98,31922,100
2870,2026-05-18 10:30:10.982471,2026/05/18 10:30:11.027,2,NVIDIA A100-SXM-64GB,153.62,31912,98
2871,2026-05-18 10:30:10.982471,2026/05/18 10:30:11.029,3,NVIDIA A100-SXM-64GB,143.97,31846,98
2872,2026-05-18 10:30:16.049567,2026/05/18 10:30:16.089,0,NVIDIA A100-SXM-64GB,157.43,31904,100
2873,2026-05-18 10:30:16.049567,2026/05/18 10:30:16.091,1,NVIDIA A100-SXM-64GB,146.88,31922,100
2874,2026-05-18 10:30:16.049567,2026/05/18 10:30:16.094,2,NVIDIA A100-SXM-64GB,153.62,31912,100
2875,2026-05-18 10:30:16.049567,2026/05/18 10:30:16.096,3,NVIDIA A100-SXM-64GB,148.60,31846,98
2876,2026-05-18 10:30:21.116581,2026/05/18 10:30:21.156,0,NVIDIA A100-SXM-64GB,163.58,31904,100
2877,2026-05-18 10:30:21.116581,2026/05/18 10:30:21.161,1,NVIDIA A100-SXM-64GB,173.35,31922,100
2878,2026-05-18 10:30:21.116581,2026/05/18 10:30:21.164,2,NVIDIA A100-SXM-64GB,179.40,31912,100
2879,2026-05-18 10:30:21.116581,2026/05/18 10:30:21.166,3,NVIDIA A100-SXM-64GB,168.22,31846,100
2880,2026-05-18 10:30:26.186461,2026/05/18 10:30:26.238,0,NVIDIA A100-SXM-64GB,143.38,31904,100
2881,2026-05-18 10:30:26.186461,2026/05/18 10:30:26.243,1,NVIDIA A100-SXM-64GB,142.92,31922,100
2882,2026-05-18 10:30:26.186461,2026/05/18 10:30:26.245,2,NVIDIA A100-SXM-64GB,144.15,31912,100
2883,2026-05-18 10:30:26.186461,2026/05/18 10:30:26.248,3,NVIDIA A100-SXM-64GB,141.49,31846,98
2884,2026-05-18 10:30:31.267673,2026/05/18 10:30:31.307,0,NVIDIA A100-SXM-64GB,153.48,31904,100
2885,2026-05-18 10:30:31.267673,2026/05/18 10:30:31.310,1,NVIDIA A100-SXM-64GB,148.41,31922,98
2886,2026-05-18 10:30:31.267673,2026/05/18 10:30:31.312,2,NVIDIA A100-SXM-64GB,147.18,31912,97
2887,2026-05-18 10:30:31.267673,2026/05/18 10:30:31.315,3,NVIDIA A100-SXM-64GB,142.75,31846,97
2888,2026-05-18 10:30:36.335279,2026/05/18 10:30:36.387,0,NVIDIA A100-SXM-64GB,195.98,31904,79
2889,2026-05-18 10:30:36.335279,2026/05/18 10:30:36.389,1,NVIDIA A100-SXM-64GB,148.41,31922,16
2890,2026-05-18 10:30:36.335279,2026/05/18 10:30:36.394,2,NVIDIA A100-SXM-64GB,173.89,31912,82
2891,2026-05-18 10:30:36.335279,2026/05/18 10:30:36.409,3,NVIDIA A100-SXM-64GB,142.42,31846,53
2892,2026-05-18 10:30:41.428662,2026/05/18 10:30:41.468,0,NVIDIA A100-SXM-64GB,191.09,31904,100
2893,2026-05-18 10:30:41.428662,2026/05/18 10:30:41.470,1,NVIDIA A100-SXM-64GB,147.48,31922,100
2894,2026-05-18 10:30:41.428662,2026/05/18 10:30:41.476,2,NVIDIA A100-SXM-64GB,166.18,31912,100
2895,2026-05-18 10:30:41.428662,2026/05/18 10:30:41.481,3,NVIDIA A100-SXM-64GB,176.82,31846,100
2896,2026-05-18 10:30:46.500785,2026/05/18 10:30:46.540,0,NVIDIA A100-SXM-64GB,144.92,31904,98
2897,2026-05-18 10:30:46.500785,2026/05/18 10:30:46.543,1,NVIDIA A100-SXM-64GB,144.46,31922,98
2898,2026-05-18 10:30:46.500785,2026/05/18 10:30:46.545,2,NVIDIA A100-SXM-64GB,139.52,31912,99
2899,2026-05-18 10:30:46.500785,2026/05/18 10:30:46.548,3,NVIDIA A100-SXM-64GB,143.36,31846,100
2900,2026-05-18 10:30:51.570046,2026/05/18 10:30:51.609,0,NVIDIA A100-SXM-64GB,154.36,31904,98
2901,2026-05-18 10:30:51.570046,2026/05/18 10:30:51.611,1,NVIDIA A100-SXM-64GB,141.71,31922,98
2902,2026-05-18 10:30:51.570046,2026/05/18 10:30:51.614,2,NVIDIA A100-SXM-64GB,151.47,31912,98
2903,2026-05-18 10:30:51.570046,2026/05/18 10:30:51.616,3,NVIDIA A100-SXM-64GB,143.63,31846,98
2904,2026-05-18 10:30:56.639339,2026/05/18 10:30:56.679,0,NVIDIA A100-SXM-64GB,156.23,31904,100
2905,2026-05-18 10:30:56.639339,2026/05/18 10:30:56.681,1,NVIDIA A100-SXM-64GB,156.23,31922,100
2906,2026-05-18 10:30:56.639339,2026/05/18 10:30:56.684,2,NVIDIA A100-SXM-64GB,168.99,31912,100
2907,2026-05-18 10:30:56.639339,2026/05/18 10:30:56.686,3,NVIDIA A100-SXM-64GB,151.02,31846,100
2908,2026-05-18 10:31:01.706238,2026/05/18 10:31:01.745,0,NVIDIA A100-SXM-64GB,182.80,31904,100
2909,2026-05-18 10:31:01.706238,2026/05/18 10:31:01.749,1,NVIDIA A100-SXM-64GB,170.28,31922,100
2910,2026-05-18 10:31:01.706238,2026/05/18 10:31:01.752,2,NVIDIA A100-SXM-64GB,177.25,31912,100
2911,2026-05-18 10:31:01.706238,2026/05/18 10:31:01.755,3,NVIDIA A100-SXM-64GB,168.83,31846,100
2912,2026-05-18 10:31:06.775319,2026/05/18 10:31:06.815,0,NVIDIA A100-SXM-64GB,185.55,31904,100
2913,2026-05-18 10:31:06.775319,2026/05/18 10:31:06.817,1,NVIDIA A100-SXM-64GB,161.88,31922,100
2914,2026-05-18 10:31:06.775319,2026/05/18 10:31:06.820,2,NVIDIA A100-SXM-64GB,168.33,31912,100
2915,2026-05-18 10:31:06.775319,2026/05/18 10:31:06.823,3,NVIDIA A100-SXM-64GB,145.51,31846,100
2916,2026-05-18 10:31:11.843214,2026/05/18 10:31:11.882,0,NVIDIA A100-SXM-64GB,155.90,31904,98
2917,2026-05-18 10:31:11.843214,2026/05/18 10:31:11.885,1,NVIDIA A100-SXM-64GB,149.02,31922,100
2918,2026-05-18 10:31:11.843214,2026/05/18 10:31:11.887,2,NVIDIA A100-SXM-64GB,147.78,31912,98
2919,2026-05-18 10:31:11.843214,2026/05/18 10:31:11.890,3,NVIDIA A100-SXM-64GB,147.05,31846,98
2920,2026-05-18 10:31:16.910007,2026/05/18 10:31:16.949,0,NVIDIA A100-SXM-64GB,154.08,31904,99
2921,2026-05-18 10:31:16.910007,2026/05/18 10:31:16.954,1,NVIDIA A100-SXM-64GB,141.71,31922,100
2922,2026-05-18 10:31:16.910007,2026/05/18 10:31:16.961,2,NVIDIA A100-SXM-64GB,149.66,31912,99
2923,2026-05-18 10:31:16.910007,2026/05/18 10:31:16.964,3,NVIDIA A100-SXM-64GB,147.93,31846,97
2924,2026-05-18 10:31:21.986331,2026/05/18 10:31:22.026,0,NVIDIA A100-SXM-64GB,187.42,31904,100
2925,2026-05-18 10:31:21.986331,2026/05/18 10:31:22.029,1,NVIDIA A100-SXM-64GB,176.10,31922,100
2926,2026-05-18 10:31:21.986331,2026/05/18 10:31:22.031,2,NVIDIA A100-SXM-64GB,194.85,31912,100
2927,2026-05-18 10:31:21.986331,2026/05/18 10:31:22.034,3,NVIDIA A100-SXM-64GB,174.77,31846,98
2928,2026-05-18 10:31:27.053843,2026/05/18 10:31:27.093,0,NVIDIA A100-SXM-64GB,151.34,31904,100
2929,2026-05-18 10:31:27.053843,2026/05/18 10:31:27.097,1,NVIDIA A100-SXM-64GB,143.53,31922,100
2930,2026-05-18 10:31:27.053843,2026/05/18 10:31:27.100,2,NVIDIA A100-SXM-64GB,142.88,31912,100
2931,2026-05-18 10:31:27.053843,2026/05/18 10:31:27.105,3,NVIDIA A100-SXM-64GB,163.32,31846,98
2932,2026-05-18 10:31:32.124959,2026/05/18 10:31:32.270,0,NVIDIA A100-SXM-64GB,151.62,31904,66
2933,2026-05-18 10:31:32.124959,2026/05/18 10:31:32.273,1,NVIDIA A100-SXM-64GB,145.99,31922,90
2934,2026-05-18 10:31:32.124959,2026/05/18 10:31:32.275,2,NVIDIA A100-SXM-64GB,149.33,31912,58
2935,2026-05-18 10:31:32.124959,2026/05/18 10:31:32.280,3,NVIDIA A100-SXM-64GB,178.19,31846,28
2936,2026-05-18 10:31:37.300065,2026/05/18 10:31:37.339,0,NVIDIA A100-SXM-64GB,187.69,31904,100
2937,2026-05-18 10:31:37.300065,2026/05/18 10:31:37.342,1,NVIDIA A100-SXM-64GB,189.83,31922,100
2938,2026-05-18 10:31:37.300065,2026/05/18 10:31:37.348,2,NVIDIA A100-SXM-64GB,200.68,31912,100
2939,2026-05-18 10:31:37.300065,2026/05/18 10:31:37.350,3,NVIDIA A100-SXM-64GB,177.25,31846,100
2940,2026-05-18 10:31:42.372625,2026/05/18 10:31:42.412,0,NVIDIA A100-SXM-64GB,169.07,31904,100
2941,2026-05-18 10:31:42.372625,2026/05/18 10:31:42.414,1,NVIDIA A100-SXM-64GB,158.53,31922,100
2942,2026-05-18 10:31:42.372625,2026/05/18 10:31:42.417,2,NVIDIA A100-SXM-64GB,168.66,31912,100
2943,2026-05-18 10:31:42.372625,2026/05/18 10:31:42.419,3,NVIDIA A100-SXM-64GB,161.77,31846,100
2944,2026-05-18 10:31:47.439931,2026/05/18 10:31:47.479,0,NVIDIA A100-SXM-64GB,155.90,31904,98
2945,2026-05-18 10:31:47.439931,2026/05/18 10:31:47.481,1,NVIDIA A100-SXM-64GB,142.92,31922,98
2946,2026-05-18 10:31:47.439931,2026/05/18 10:31:47.484,2,NVIDIA A100-SXM-64GB,152.68,31912,99
2947,2026-05-18 10:31:47.439931,2026/05/18 10:31:47.486,3,NVIDIA A100-SXM-64GB,146.73,31846,98
2948,2026-05-18 10:31:52.506836,2026/05/18 10:31:52.546,0,NVIDIA A100-SXM-64GB,157.76,31904,97
2949,2026-05-18 10:31:52.506836,2026/05/18 10:31:52.548,1,NVIDIA A100-SXM-64GB,143.53,31922,97
2950,2026-05-18 10:31:52.506836,2026/05/18 10:31:52.551,2,NVIDIA A100-SXM-64GB,152.41,31912,100
2951,2026-05-18 10:31:52.506836,2026/05/18 10:31:52.553,3,NVIDIA A100-SXM-64GB,146.44,31846,97
2952,2026-05-18 10:31:57.574070,2026/05/18 10:31:57.613,0,NVIDIA A100-SXM-64GB,184.76,31904,100
2953,2026-05-18 10:31:57.574070,2026/05/18 10:31:57.615,1,NVIDIA A100-SXM-64GB,189.83,31922,100
2954,2026-05-18 10:31:57.574070,2026/05/18 10:31:57.618,2,NVIDIA A100-SXM-64GB,192.09,31912,100
2955,2026-05-18 10:31:57.574070,2026/05/18 10:31:57.621,3,NVIDIA A100-SXM-64GB,186.45,31846,100
2956,2026-05-18 10:32:02.640949,2026/05/18 10:32:02.681,0,NVIDIA A100-SXM-64GB,182.80,31904,100
2957,2026-05-18 10:32:02.640949,2026/05/18 10:32:02.683,1,NVIDIA A100-SXM-64GB,171.49,31922,98
2958,2026-05-18 10:32:02.640949,2026/05/18 10:32:02.686,2,NVIDIA A100-SXM-64GB,201.89,31912,100
2959,2026-05-18 10:32:02.640949,2026/05/18 10:32:02.688,3,NVIDIA A100-SXM-64GB,139.33,31846,100
2960,2026-05-18 10:32:07.709019,2026/05/18 10:32:07.748,0,NVIDIA A100-SXM-64GB,158.04,31904,100
2961,2026-05-18 10:32:07.709019,2026/05/18 10:32:07.750,1,NVIDIA A100-SXM-64GB,166.00,31922,100
2962,2026-05-18 10:32:07.709019,2026/05/18 10:32:07.754,2,NVIDIA A100-SXM-64GB,179.07,31912,100
2963,2026-05-18 10:32:07.709019,2026/05/18 10:32:07.757,3,NVIDIA A100-SXM-64GB,158.41,31846,100
2964,2026-05-18 10:32:12.777082,2026/05/18 10:32:12.816,0,NVIDIA A100-SXM-64GB,196.66,31904,100
2965,2026-05-18 10:32:12.777082,2026/05/18 10:32:12.818,1,NVIDIA A100-SXM-64GB,169.68,31922,100
2966,2026-05-18 10:32:12.777082,2026/05/18 10:32:12.821,2,NVIDIA A100-SXM-64GB,180.15,31912,100
2967,2026-05-18 10:32:12.777082,2026/05/18 10:32:12.823,3,NVIDIA A100-SXM-64GB,167.90,31846,100
2968,2026-05-18 10:32:17.843865,2026/05/18 10:32:17.883,0,NVIDIA A100-SXM-64GB,186.62,31904,100
2969,2026-05-18 10:32:17.843865,2026/05/18 10:32:17.888,1,NVIDIA A100-SXM-64GB,169.95,31922,100
2970,2026-05-18 10:32:17.843865,2026/05/18 10:32:17.894,2,NVIDIA A100-SXM-64GB,171.13,31912,100
2971,2026-05-18 10:32:17.843865,2026/05/18 10:32:17.898,3,NVIDIA A100-SXM-64GB,162.11,31846,100
2972,2026-05-18 10:32:22.918977,2026/05/18 10:32:22.958,0,NVIDIA A100-SXM-64GB,147.99,31904,100
2973,2026-05-18 10:32:22.918977,2026/05/18 10:32:22.960,1,NVIDIA A100-SXM-64GB,189.23,31922,100
2974,2026-05-18 10:32:22.918977,2026/05/18 10:32:22.963,2,NVIDIA A100-SXM-64GB,152.68,31912,98
2975,2026-05-18 10:32:22.918977,2026/05/18 10:32:22.965,3,NVIDIA A100-SXM-64GB,132.94,31846,98
2976,2026-05-18 10:32:27.986201,2026/05/18 10:32:28.025,0,NVIDIA A100-SXM-64GB,151.34,31904,100
2977,2026-05-18 10:32:27.986201,2026/05/18 10:32:28.027,1,NVIDIA A100-SXM-64GB,140.44,31922,100
2978,2026-05-18 10:32:27.986201,2026/05/18 10:32:28.030,2,NVIDIA A100-SXM-64GB,147.18,31912,97
2979,2026-05-18 10:32:27.986201,2026/05/18 10:32:28.033,3,NVIDIA A100-SXM-64GB,140.60,31846,97
2980,2026-05-18 10:32:33.053208,2026/05/18 10:32:33.093,0,NVIDIA A100-SXM-64GB,152.87,31904,100
2981,2026-05-18 10:32:33.053208,2026/05/18 10:32:33.095,1,NVIDIA A100-SXM-64GB,150.28,31922,100
2982,2026-05-18 10:32:33.053208,2026/05/18 10:32:33.098,2,NVIDIA A100-SXM-64GB,149.33,31912,100
2983,2026-05-18 10:32:33.053208,2026/05/18 10:32:33.103,3,NVIDIA A100-SXM-64GB,145.17,31846,98
2984,2026-05-18 10:32:38.124507,2026/05/18 10:32:38.164,0,NVIDIA A100-SXM-64GB,151.01,31904,100
2985,2026-05-18 10:32:38.124507,2026/05/18 10:32:38.166,1,NVIDIA A100-SXM-64GB,146.27,31922,100
2986,2026-05-18 10:32:38.124507,2026/05/18 10:32:38.169,2,NVIDIA A100-SXM-64GB,150.26,31912,100
2987,2026-05-18 10:32:38.124507,2026/05/18 10:32:38.172,3,NVIDIA A100-SXM-64GB,166.35,31846,99
2988,2026-05-18 10:32:43.192513,2026/05/18 10:32:43.233,0,NVIDIA A100-SXM-64GB,142.92,31904,99
2989,2026-05-18 10:32:43.192513,2026/05/18 10:32:43.238,1,NVIDIA A100-SXM-64GB,142.59,31922,98
2990,2026-05-18 10:32:43.192513,2026/05/18 10:32:43.240,2,NVIDIA A100-SXM-64GB,174.17,31912,100
2991,2026-05-18 10:32:43.192513,2026/05/18 10:32:43.243,3,NVIDIA A100-SXM-64GB,135.97,31846,100
2992,2026-05-18 10:32:48.263831,2026/05/18 10:32:48.303,0,NVIDIA A100-SXM-64GB,154.69,31904,98
2993,2026-05-18 10:32:48.263831,2026/05/18 10:32:48.305,1,NVIDIA A100-SXM-64GB,141.84,31922,98
2994,2026-05-18 10:32:48.263831,2026/05/18 10:32:48.308,2,NVIDIA A100-SXM-64GB,153.01,31912,100
2995,2026-05-18 10:32:48.263831,2026/05/18 10:32:48.311,3,NVIDIA A100-SXM-64GB,141.49,31846,98
2996,2026-05-18 10:32:53.332017,2026/05/18 10:32:53.371,0,NVIDIA A100-SXM-64GB,163.58,31904,100
2997,2026-05-18 10:32:53.332017,2026/05/18 10:32:53.373,1,NVIDIA A100-SXM-64GB,156.66,31922,100
2998,2026-05-18 10:32:53.332017,2026/05/18 10:32:53.376,2,NVIDIA A100-SXM-64GB,175.44,31912,100
2999,2026-05-18 10:32:53.332017,2026/05/18 10:32:53.382,3,NVIDIA A100-SXM-64GB,150.41,31846,100
3000,2026-05-18 10:32:58.405364,2026/05/18 10:32:58.445,0,NVIDIA A100-SXM-64GB,183.14,31904,100
3001,2026-05-18 10:32:58.405364,2026/05/18 10:32:58.447,1,NVIDIA A100-SXM-64GB,163.25,31922,100
3002,2026-05-18 10:32:58.405364,2026/05/18 10:32:58.450,2,NVIDIA A100-SXM-64GB,172.02,31912,100
3003,2026-05-18 10:32:58.405364,2026/05/18 10:32:58.452,3,NVIDIA A100-SXM-64GB,186.45,31846,100
3004,2026-05-18 10:33:03.473048,2026/05/18 10:33:03.512,0,NVIDIA A100-SXM-64GB,221.73,31904,100
3005,2026-05-18 10:33:03.473048,2026/05/18 10:33:03.514,1,NVIDIA A100-SXM-64GB,156.66,31922,100
3006,2026-05-18 10:33:03.473048,2026/05/18 10:33:03.517,2,NVIDIA A100-SXM-64GB,174.50,31912,100
3007,2026-05-18 10:33:03.473048,2026/05/18 10:33:03.519,3,NVIDIA A100-SXM-64GB,149.48,31846,100
3008,2026-05-18 10:33:08.540096,2026/05/18 10:33:08.579,0,NVIDIA A100-SXM-64GB,180.99,31904,100
3009,2026-05-18 10:33:08.540096,2026/05/18 10:33:08.581,1,NVIDIA A100-SXM-64GB,184.06,31922,100
3010,2026-05-18 10:33:08.540096,2026/05/18 10:33:08.584,2,NVIDIA A100-SXM-64GB,176.64,31912,100
3011,2026-05-18 10:33:08.540096,2026/05/18 10:33:08.587,3,NVIDIA A100-SXM-64GB,142.42,31846,100
3012,2026-05-18 10:33:13.610001,2026/05/18 10:33:13.649,0,NVIDIA A100-SXM-64GB,184.06,31904,100
3013,2026-05-18 10:33:13.610001,2026/05/18 10:33:13.653,1,NVIDIA A100-SXM-64GB,163.09,31922,100
3014,2026-05-18 10:33:13.610001,2026/05/18 10:33:13.656,2,NVIDIA A100-SXM-64GB,183.97,31912,100
3015,2026-05-18 10:33:13.610001,2026/05/18 10:33:13.658,3,NVIDIA A100-SXM-64GB,160.84,31846,100
3016,2026-05-18 10:33:18.679979,2026/05/18 10:33:18.719,0,NVIDIA A100-SXM-64GB,155.18,31904,98
3017,2026-05-18 10:33:18.679979,2026/05/18 10:33:18.722,1,NVIDIA A100-SXM-64GB,148.41,31922,98
3018,2026-05-18 10:33:18.679979,2026/05/18 10:33:18.724,2,NVIDIA A100-SXM-64GB,147.18,31912,99
3019,2026-05-18 10:33:18.679979,2026/05/18 10:33:18.728,3,NVIDIA A100-SXM-64GB,147.05,31846,98
3020,2026-05-18 10:33:23.752038,2026/05/18 10:33:23.804,0,NVIDIA A100-SXM-64GB,108.94,31904,98
3021,2026-05-18 10:33:23.752038,2026/05/18 10:33:23.807,1,NVIDIA A100-SXM-64GB,86.39,31922,98
3022,2026-05-18 10:33:23.752038,2026/05/18 10:33:23.811,2,NVIDIA A100-SXM-64GB,89.60,31912,98
3023,2026-05-18 10:33:23.752038,2026/05/18 10:33:23.813,3,NVIDIA A100-SXM-64GB,87.87,31846,76
3024,2026-05-18 10:33:28.835426,2026/05/18 10:33:28.875,0,NVIDIA A100-SXM-64GB,153.48,31904,98
3025,2026-05-18 10:33:28.835426,2026/05/18 10:33:28.877,1,NVIDIA A100-SXM-64GB,142.59,31922,98
3026,2026-05-18 10:33:28.835426,2026/05/18 10:33:28.880,2,NVIDIA A100-SXM-64GB,152.08,31912,98
3027,2026-05-18 10:33:28.835426,2026/05/18 10:33:28.883,3,NVIDIA A100-SXM-64GB,144.90,31846,98
3028,2026-05-18 10:33:33.906551,2026/05/18 10:33:33.947,0,NVIDIA A100-SXM-64GB,159.30,31904,98
3029,2026-05-18 10:33:33.906551,2026/05/18 10:33:33.949,1,NVIDIA A100-SXM-64GB,145.34,31922,98
3030,2026-05-18 10:33:33.906551,2026/05/18 10:33:33.952,2,NVIDIA A100-SXM-64GB,152.41,31912,100
3031,2026-05-18 10:33:33.906551,2026/05/18 10:33:33.954,3,NVIDIA A100-SXM-64GB,146.11,31846,98
3032,2026-05-18 10:33:38.976513,2026/05/18 10:33:39.016,0,NVIDIA A100-SXM-64GB,178.25,31904,100
3033,2026-05-18 10:33:38.976513,2026/05/18 10:33:39.018,1,NVIDIA A100-SXM-64GB,154.69,31922,100
3034,2026-05-18 10:33:38.976513,2026/05/18 10:33:39.021,2,NVIDIA A100-SXM-64GB,164.70,31912,100
3035,2026-05-18 10:33:38.976513,2026/05/18 10:33:39.023,3,NVIDIA A100-SXM-64GB,157.47,31846,100
3036,2026-05-18 10:33:44.048621,2026/05/18 10:33:44.088,0,NVIDIA A100-SXM-64GB,197.19,31904,100
3037,2026-05-18 10:33:44.048621,2026/05/18 10:33:44.090,1,NVIDIA A100-SXM-64GB,185.88,31922,99
3038,2026-05-18 10:33:44.048621,2026/05/18 10:33:44.093,2,NVIDIA A100-SXM-64GB,199.01,31912,100
3039,2026-05-18 10:33:44.048621,2026/05/18 10:33:44.095,3,NVIDIA A100-SXM-64GB,140.60,31846,100
3040,2026-05-18 10:33:49.116199,2026/05/18 10:33:49.155,0,NVIDIA A100-SXM-64GB,153.75,31904,97
3041,2026-05-18 10:33:49.116199,2026/05/18 10:33:49.160,1,NVIDIA A100-SXM-64GB,143.53,31922,97
3042,2026-05-18 10:33:49.116199,2026/05/18 10:33:49.162,2,NVIDIA A100-SXM-64GB,187.38,31912,100
3043,2026-05-18 10:33:49.116199,2026/05/18 10:33:49.165,3,NVIDIA A100-SXM-64GB,137.84,31846,97
3044,2026-05-18 10:33:54.188444,2026/05/18 10:33:54.227,0,NVIDIA A100-SXM-64GB,197.52,31904,100
3045,2026-05-18 10:33:54.188444,2026/05/18 10:33:54.229,1,NVIDIA A100-SXM-64GB,186.81,31922,100
3046,2026-05-18 10:33:54.188444,2026/05/18 10:33:54.233,2,NVIDIA A100-SXM-64GB,175.10,31912,100
3047,2026-05-18 10:33:54.188444,2026/05/18 10:33:54.236,3,NVIDIA A100-SXM-64GB,167.90,31846,100
3048,2026-05-18 10:33:59.256772,2026/05/18 10:33:59.296,0,NVIDIA A100-SXM-64GB,168.47,31904,100
3049,2026-05-18 10:33:59.256772,2026/05/18 10:33:59.298,1,NVIDIA A100-SXM-64GB,156.39,31922,100
3050,2026-05-18 10:33:59.256772,2026/05/18 10:33:59.301,2,NVIDIA A100-SXM-64GB,162.54,31912,100
3051,2026-05-18 10:33:59.256772,2026/05/18 10:33:59.303,3,NVIDIA A100-SXM-64GB,166.08,31846,100
3052,2026-05-18 10:34:04.327730,2026/05/18 10:34:04.367,0,NVIDIA A100-SXM-64GB,157.76,31904,98
3053,2026-05-18 10:34:04.327730,2026/05/18 10:34:04.369,1,NVIDIA A100-SXM-64GB,144.73,31922,98
3054,2026-05-18 10:34:04.327730,2026/05/18 10:34:04.372,2,NVIDIA A100-SXM-64GB,151.47,31912,100
3055,2026-05-18 10:34:04.327730,2026/05/18 10:34:04.374,3,NVIDIA A100-SXM-64GB,148.60,31846,98
3056,2026-05-18 10:34:09.397493,2026/05/18 10:34:09.437,0,NVIDIA A100-SXM-64GB,200.66,31904,100
3057,2026-05-18 10:34:09.397493,2026/05/18 10:34:09.439,1,NVIDIA A100-SXM-64GB,164.46,31922,100
3058,2026-05-18 10:34:09.397493,2026/05/18 10:34:09.442,2,NVIDIA A100-SXM-64GB,183.18,31912,100
3059,2026-05-18 10:34:09.397493,2026/05/18 10:34:09.444,3,NVIDIA A100-SXM-64GB,142.75,31846,100
3060,2026-05-18 10:34:14.467522,2026/05/18 10:34:14.507,0,NVIDIA A100-SXM-64GB,179.78,31904,100
3061,2026-05-18 10:34:14.467522,2026/05/18 10:34:14.509,1,NVIDIA A100-SXM-64GB,156.66,31922,100
3062,2026-05-18 10:34:14.467522,2026/05/18 10:34:14.512,2,NVIDIA A100-SXM-64GB,159.13,31912,100
3063,2026-05-18 10:34:14.467522,2026/05/18 10:34:14.514,3,NVIDIA A100-SXM-64GB,151.02,31846,100
3064,2026-05-18 10:34:19.536229,2026/05/18 10:34:19.575,0,NVIDIA A100-SXM-64GB,143.98,31904,98
3065,2026-05-18 10:34:19.536229,2026/05/18 10:34:19.581,1,NVIDIA A100-SXM-64GB,140.78,31922,98
3066,2026-05-18 10:34:19.536229,2026/05/18 10:34:19.585,2,NVIDIA A100-SXM-64GB,145.36,31912,98
3067,2026-05-18 10:34:19.536229,2026/05/18 10:34:19.587,3,NVIDIA A100-SXM-64GB,143.36,31846,98
3068,2026-05-18 10:34:24.611570,2026/05/18 10:34:24.651,0,NVIDIA A100-SXM-64GB,206.69,31904,100
3069,2026-05-18 10:34:24.611570,2026/05/18 10:34:24.653,1,NVIDIA A100-SXM-64GB,188.96,31922,100
3070,2026-05-18 10:34:24.611570,2026/05/18 10:34:24.656,2,NVIDIA A100-SXM-64GB,139.06,31912,100
3071,2026-05-18 10:34:24.611570,2026/05/18 10:34:24.659,3,NVIDIA A100-SXM-64GB,177.43,31846,100
3072,2026-05-18 10:34:29.685578,2026/05/18 10:34:29.725,0,NVIDIA A100-SXM-64GB,177.31,31904,100
3073,2026-05-18 10:34:29.685578,2026/05/18 10:34:29.727,1,NVIDIA A100-SXM-64GB,175.95,31922,100
3074,2026-05-18 10:34:29.685578,2026/05/18 10:34:29.730,2,NVIDIA A100-SXM-64GB,180.61,31912,100
3075,2026-05-18 10:34:29.685578,2026/05/18 10:34:29.732,3,NVIDIA A100-SXM-64GB,185.84,31846,100
3076,2026-05-18 10:34:34.755015,2026/05/18 10:34:34.794,0,NVIDIA A100-SXM-64GB,188.63,31904,100
3077,2026-05-18 10:34:34.755015,2026/05/18 10:34:34.797,1,NVIDIA A100-SXM-64GB,171.99,31922,100
3078,2026-05-18 10:34:34.755015,2026/05/18 10:34:34.803,2,NVIDIA A100-SXM-64GB,184.90,31912,100
3079,2026-05-18 10:34:34.755015,2026/05/18 10:34:34.805,3,NVIDIA A100-SXM-64GB,168.83,31846,100
3080,2026-05-18 10:34:39.827001,2026/05/18 10:34:39.878,0,NVIDIA A100-SXM-64GB,186.81,31904,100
3081,2026-05-18 10:34:39.827001,2026/05/18 10:34:39.880,1,NVIDIA A100-SXM-64GB,164.63,31922,100
3082,2026-05-18 10:34:39.827001,2026/05/18 10:34:39.883,2,NVIDIA A100-SXM-64GB,188.93,31912,100
3083,2026-05-18 10:34:39.827001,2026/05/18 10:34:39.885,3,NVIDIA A100-SXM-64GB,177.43,31846,100
3084,2026-05-18 10:34:44.907912,2026/05/18 10:34:44.959,0,NVIDIA A100-SXM-64GB,188.96,31904,98
3085,2026-05-18 10:34:44.907912,2026/05/18 10:34:44.962,1,NVIDIA A100-SXM-64GB,166.33,31922,100
3086,2026-05-18 10:34:44.907912,2026/05/18 10:34:44.965,2,NVIDIA A100-SXM-64GB,201.56,31912,100
3087,2026-05-18 10:34:44.907912,2026/05/18 10:34:44.967,3,NVIDIA A100-SXM-64GB,151.96,31846,98
3088,2026-05-18 10:34:49.988368,2026/05/18 10:34:50.028,0,NVIDIA A100-SXM-64GB,158.04,31904,100
3089,2026-05-18 10:34:49.988368,2026/05/18 10:34:50.030,1,NVIDIA A100-SXM-64GB,159.74,31922,100
3090,2026-05-18 10:34:49.988368,2026/05/18 10:34:50.033,2,NVIDIA A100-SXM-64GB,178.46,31912,100
3091,2026-05-18 10:34:49.988368,2026/05/18 10:34:50.038,3,NVIDIA A100-SXM-64GB,145.79,31846,100
3092,2026-05-18 10:34:55.060527,2026/05/18 10:34:55.100,0,NVIDIA A100-SXM-64GB,175.17,31904,100
3093,2026-05-18 10:34:55.060527,2026/05/18 10:34:55.102,1,NVIDIA A100-SXM-64GB,189.56,31922,100
3094,2026-05-18 10:34:55.060527,2026/05/18 10:34:55.105,2,NVIDIA A100-SXM-64GB,176.64,31912,100
3095,2026-05-18 10:34:55.060527,2026/05/18 10:34:55.107,3,NVIDIA A100-SXM-64GB,170.38,31846,100
3096,2026-05-18 10:35:00.129635,2026/05/18 10:35:00.169,0,NVIDIA A100-SXM-64GB,168.15,31904,100
3097,2026-05-18 10:35:00.129635,2026/05/18 10:35:00.175,1,NVIDIA A100-SXM-64GB,156.99,31922,100
3098,2026-05-18 10:35:00.129635,2026/05/18 10:35:00.177,2,NVIDIA A100-SXM-64GB,152.41,31912,100
3099,2026-05-18 10:35:00.129635,2026/05/18 10:35:00.180,3,NVIDIA A100-SXM-64GB,162.98,31846,100
3100,2026-05-18 10:35:05.204285,2026/05/18 10:35:05.244,0,NVIDIA A100-SXM-64GB,157.76,31904,98
3101,2026-05-18 10:35:05.204285,2026/05/18 10:35:05.247,1,NVIDIA A100-SXM-64GB,146.27,31922,98
3102,2026-05-18 10:35:05.204285,2026/05/18 10:35:05.249,2,NVIDIA A100-SXM-64GB,149.05,31912,100
3103,2026-05-18 10:35:05.204285,2026/05/18 10:35:05.252,3,NVIDIA A100-SXM-64GB,149.20,31846,98
3104,2026-05-18 10:35:10.274107,2026/05/18 10:35:10.313,0,NVIDIA A100-SXM-64GB,182.80,31904,97
3105,2026-05-18 10:35:10.274107,2026/05/18 10:35:10.316,1,NVIDIA A100-SXM-64GB,144.13,31922,100
3106,2026-05-18 10:35:10.274107,2026/05/18 10:35:10.318,2,NVIDIA A100-SXM-64GB,187.99,31912,100
3107,2026-05-18 10:35:10.274107,2026/05/18 10:35:10.321,3,NVIDIA A100-SXM-64GB,168.83,31846,99
3108,2026-05-18 10:35:15.342760,2026/05/18 10:35:15.383,0,NVIDIA A100-SXM-64GB,151.94,31904,98
3109,2026-05-18 10:35:15.342760,2026/05/18 10:35:15.385,1,NVIDIA A100-SXM-64GB,190.76,31922,99
3110,2026-05-18 10:35:15.342760,2026/05/18 10:35:15.388,2,NVIDIA A100-SXM-64GB,142.27,31912,100
3111,2026-05-18 10:35:15.342760,2026/05/18 10:35:15.390,3,NVIDIA A100-SXM-64GB,135.09,31846,98
3112,2026-05-18 10:35:20.413001,2026/05/18 10:35:20.453,0,NVIDIA A100-SXM-64GB,175.50,31904,100
3113,2026-05-18 10:35:20.413001,2026/05/18 10:35:20.458,1,NVIDIA A100-SXM-64GB,166.60,31922,100
3114,2026-05-18 10:35:20.413001,2026/05/18 10:35:20.460,2,NVIDIA A100-SXM-64GB,174.59,31912,100
3115,2026-05-18 10:35:20.413001,2026/05/18 10:35:20.465,3,NVIDIA A100-SXM-64GB,176.31,31846,100
3116,2026-05-18 10:35:25.487045,2026/05/18 10:35:25.526,0,NVIDIA A100-SXM-64GB,173.03,31904,100
3117,2026-05-18 10:35:25.487045,2026/05/18 10:35:25.528,1,NVIDIA A100-SXM-64GB,142.32,31922,98
3118,2026-05-18 10:35:25.487045,2026/05/18 10:35:25.531,2,NVIDIA A100-SXM-64GB,146.90,31912,98
3119,2026-05-18 10:35:25.487045,2026/05/18 10:35:25.534,3,NVIDIA A100-SXM-64GB,155.93,31846,100
3120,2026-05-18 10:35:30.556903,2026/05/18 10:35:30.596,0,NVIDIA A100-SXM-64GB,184.34,31904,100
3121,2026-05-18 10:35:30.556903,2026/05/18 10:35:30.598,1,NVIDIA A100-SXM-64GB,188.96,31922,100
3122,2026-05-18 10:35:30.556903,2026/05/18 10:35:30.601,2,NVIDIA A100-SXM-64GB,189.01,31912,100
3123,2026-05-18 10:35:30.556903,2026/05/18 10:35:30.604,3,NVIDIA A100-SXM-64GB,185.84,31846,100
3124,2026-05-18 10:35:35.626406,2026/05/18 10:35:35.666,0,NVIDIA A100-SXM-64GB,178.25,31904,100
3125,2026-05-18 10:35:35.626406,2026/05/18 10:35:35.669,1,NVIDIA A100-SXM-64GB,172.27,31922,100
3126,2026-05-18 10:35:35.626406,2026/05/18 10:35:35.671,2,NVIDIA A100-SXM-64GB,183.70,31912,100
3127,2026-05-18 10:35:35.626406,2026/05/18 10:35:35.674,3,NVIDIA A100-SXM-64GB,167.01,31846,100
3128,2026-05-18 10:35:40.698060,2026/05/18 10:35:40.737,0,NVIDIA A100-SXM-64GB,152.10,31904,100
3129,2026-05-18 10:35:40.698060,2026/05/18 10:35:40.740,1,NVIDIA A100-SXM-64GB,141.98,31922,98
3130,2026-05-18 10:35:40.698060,2026/05/18 10:35:40.742,2,NVIDIA A100-SXM-64GB,151.96,31912,98
3131,2026-05-18 10:35:40.698060,2026/05/18 10:35:40.745,3,NVIDIA A100-SXM-64GB,147.81,31846,100
3132,2026-05-18 10:35:45.766736,2026/05/18 10:35:45.806,0,NVIDIA A100-SXM-64GB,153.91,31904,97
3133,2026-05-18 10:35:45.766736,2026/05/18 10:35:45.808,1,NVIDIA A100-SXM-64GB,140.17,31922,97
3134,2026-05-18 10:35:45.766736,2026/05/18 10:35:45.811,2,NVIDIA A100-SXM-64GB,150.26,31912,97
3135,2026-05-18 10:35:45.766736,2026/05/18 10:35:45.813,3,NVIDIA A100-SXM-64GB,147.05,31846,99
3136,2026-05-18 10:35:50.837490,2026/05/18 10:35:50.877,0,NVIDIA A100-SXM-64GB,193.51,31904,100
3137,2026-05-18 10:35:50.837490,2026/05/18 10:35:50.879,1,NVIDIA A100-SXM-64GB,170.13,31922,100
3138,2026-05-18 10:35:50.837490,2026/05/18 10:35:50.882,2,NVIDIA A100-SXM-64GB,178.46,31912,100
3139,2026-05-18 10:35:50.837490,2026/05/18 10:35:50.886,3,NVIDIA A100-SXM-64GB,170.98,31846,100
3140,2026-05-18 10:35:55.907998,2026/05/18 10:35:55.947,0,NVIDIA A100-SXM-64GB,174.90,31904,100
3141,2026-05-18 10:35:55.907998,2026/05/18 10:35:55.952,1,NVIDIA A100-SXM-64GB,167.38,31922,100
3142,2026-05-18 10:35:55.907998,2026/05/18 10:35:55.955,2,NVIDIA A100-SXM-64GB,168.05,31912,100
3143,2026-05-18 10:35:55.907998,2026/05/18 10:35:55.958,3,NVIDIA A100-SXM-64GB,169.16,31846,100
3144,2026-05-18 10:36:00.981885,2026/05/18 10:36:01.021,0,NVIDIA A100-SXM-64GB,156.50,31904,98
3145,2026-05-18 10:36:00.981885,2026/05/18 10:36:01.023,1,NVIDIA A100-SXM-64GB,144.46,31922,98
3146,2026-05-18 10:36:00.981885,2026/05/18 10:36:01.028,2,NVIDIA A100-SXM-64GB,147.18,31912,98
3147,2026-05-18 10:36:00.981885,2026/05/18 10:36:01.030,3,NVIDIA A100-SXM-64GB,144.57,31846,98
3148,2026-05-18 10:36:06.052530,2026/05/18 10:36:06.092,0,NVIDIA A100-SXM-64GB,157.76,31904,98
3149,2026-05-18 10:36:06.052530,2026/05/18 10:36:06.097,1,NVIDIA A100-SXM-64GB,146.88,31922,98
3150,2026-05-18 10:36:06.052530,2026/05/18 10:36:06.101,2,NVIDIA A100-SXM-64GB,152.68,31912,100
3151,2026-05-18 10:36:06.052530,2026/05/18 10:36:06.105,3,NVIDIA A100-SXM-64GB,146.44,31846,98
3152,2026-05-18 10:36:11.139745,2026/05/18 10:36:11.185,0,NVIDIA A100-SXM-64GB,170.89,31904,100
3153,2026-05-18 10:36:11.139745,2026/05/18 10:36:11.187,1,NVIDIA A100-SXM-64GB,146.88,31922,100
3154,2026-05-18 10:36:11.139745,2026/05/18 10:36:11.190,2,NVIDIA A100-SXM-64GB,169.87,31912,100
3155,2026-05-18 10:36:11.139745,2026/05/18 10:36:11.192,3,NVIDIA A100-SXM-64GB,168.83,31846,100
3156,2026-05-18 10:36:16.220943,2026/05/18 10:36:16.260,0,NVIDIA A100-SXM-64GB,189.83,31904,100
3157,2026-05-18 10:36:16.220943,2026/05/18 10:36:16.262,1,NVIDIA A100-SXM-64GB,185.55,31922,100
3158,2026-05-18 10:36:16.220943,2026/05/18 10:36:16.268,2,NVIDIA A100-SXM-64GB,169.26,31912,100
3159,2026-05-18 10:36:16.220943,2026/05/18 10:36:16.271,3,NVIDIA A100-SXM-64GB,172.52,31846,100
3160,2026-05-18 10:36:21.299447,2026/05/18 10:36:21.339,0,NVIDIA A100-SXM-64GB,179.13,31904,100
3161,2026-05-18 10:36:21.299447,2026/05/18 10:36:21.345,1,NVIDIA A100-SXM-64GB,179.97,31922,100
3162,2026-05-18 10:36:21.299447,2026/05/18 10:36:21.350,2,NVIDIA A100-SXM-64GB,159.79,31912,100
3163,2026-05-18 10:36:21.299447,2026/05/18 10:36:21.353,3,NVIDIA A100-SXM-64GB,162.38,31846,100
3164,2026-05-18 10:36:26.380318,2026/05/18 10:36:26.432,0,NVIDIA A100-SXM-64GB,194.45,31904,100
3165,2026-05-18 10:36:26.380318,2026/05/18 10:36:26.434,1,NVIDIA A100-SXM-64GB,144.46,31922,98
3166,2026-05-18 10:36:26.380318,2026/05/18 10:36:26.437,2,NVIDIA A100-SXM-64GB,151.80,31912,100
3167,2026-05-18 10:36:26.380318,2026/05/18 10:36:26.439,3,NVIDIA A100-SXM-64GB,143.97,31846,100
3168,2026-05-18 10:36:31.469060,2026/05/18 10:36:31.521,0,NVIDIA A100-SXM-64GB,192.30,31904,100
3169,2026-05-18 10:36:31.469060,2026/05/18 10:36:31.523,1,NVIDIA A100-SXM-64GB,168.32,31922,100
3170,2026-05-18 10:36:31.469060,2026/05/18 10:36:31.526,2,NVIDIA A100-SXM-64GB,153.01,31912,100
3171,2026-05-18 10:36:31.469060,2026/05/18 10:36:31.528,3,NVIDIA A100-SXM-64GB,169.44,31846,100
3172,2026-05-18 10:36:36.550416,2026/05/18 10:36:36.591,0,NVIDIA A100-SXM-64GB,144.13,31904,100
3173,2026-05-18 10:36:36.550416,2026/05/18 10:36:36.596,1,NVIDIA A100-SXM-64GB,144.13,31922,98
3174,2026-05-18 10:36:36.550416,2026/05/18 10:36:36.599,2,NVIDIA A100-SXM-64GB,152.24,31912,99
3175,2026-05-18 10:36:36.550416,2026/05/18 10:36:36.602,3,NVIDIA A100-SXM-64GB,146.26,31846,98
3176,2026-05-18 10:36:41.624799,2026/05/18 10:36:41.665,0,NVIDIA A100-SXM-64GB,160.67,31904,98
3177,2026-05-18 10:36:41.624799,2026/05/18 10:36:41.667,1,NVIDIA A100-SXM-64GB,148.14,31922,98
3178,2026-05-18 10:36:41.624799,2026/05/18 10:36:41.672,2,NVIDIA A100-SXM-64GB,153.95,31912,98
3179,2026-05-18 10:36:41.624799,2026/05/18 10:36:41.674,3,NVIDIA A100-SXM-64GB,142.14,31846,98
3180,2026-05-18 10:36:46.696504,2026/05/18 10:36:46.736,0,NVIDIA A100-SXM-64GB,186.48,31904,100
3181,2026-05-18 10:36:46.696504,2026/05/18 10:36:46.738,1,NVIDIA A100-SXM-64GB,161.61,31922,100
3182,2026-05-18 10:36:46.696504,2026/05/18 10:36:46.741,2,NVIDIA A100-SXM-64GB,165.57,31912,100
3183,2026-05-18 10:36:46.696504,2026/05/18 10:36:46.743,3,NVIDIA A100-SXM-64GB,155.65,31846,100
3184,2026-05-18 10:36:51.766888,2026/05/18 10:36:51.806,0,NVIDIA A100-SXM-64GB,194.45,31904,100
3185,2026-05-18 10:36:51.766888,2026/05/18 10:36:51.808,1,NVIDIA A100-SXM-64GB,180.58,31922,100
3186,2026-05-18 10:36:51.766888,2026/05/18 10:36:51.811,2,NVIDIA A100-SXM-64GB,195.04,31912,100
3187,2026-05-18 10:36:51.766888,2026/05/18 10:36:51.814,3,NVIDIA A100-SXM-64GB,177.43,31846,100
3188,2026-05-18 10:36:56.836073,2026/05/18 10:36:56.876,0,NVIDIA A100-SXM-64GB,228.48,31904,100
3189,2026-05-18 10:36:56.836073,2026/05/18 10:36:56.878,1,NVIDIA A100-SXM-64GB,170.13,31922,100
3190,2026-05-18 10:36:56.836073,2026/05/18 10:36:56.881,2,NVIDIA A100-SXM-64GB,130.32,31912,98
3191,2026-05-18 10:36:56.836073,2026/05/18 10:36:56.884,3,NVIDIA A100-SXM-64GB,131.06,31846,100
3192,2026-05-18 10:37:01.906205,2026/05/18 10:37:01.946,0,NVIDIA A100-SXM-64GB,157.93,31904,98
3193,2026-05-18 10:37:01.906205,2026/05/18 10:37:01.948,1,NVIDIA A100-SXM-64GB,140.44,31922,100
3194,2026-05-18 10:37:01.906205,2026/05/18 10:37:01.951,2,NVIDIA A100-SXM-64GB,150.26,31912,98
3195,2026-05-18 10:37:01.906205,2026/05/18 10:37:01.954,3,NVIDIA A100-SXM-64GB,143.97,31846,98
3196,2026-05-18 10:37:06.977848,2026/05/18 10:37:07.017,0,NVIDIA A100-SXM-64GB,156.83,31904,97
3197,2026-05-18 10:37:06.977848,2026/05/18 10:37:07.019,1,NVIDIA A100-SXM-64GB,148.74,31922,100
3198,2026-05-18 10:37:06.977848,2026/05/18 10:37:07.022,2,NVIDIA A100-SXM-64GB,154.84,31912,99
3199,2026-05-18 10:37:06.977848,2026/05/18 10:37:07.029,3,NVIDIA A100-SXM-64GB,144.90,31846,100
3200,2026-05-18 10:37:12.051570,2026/05/18 10:37:12.091,0,NVIDIA A100-SXM-64GB,172.43,31904,100
3201,2026-05-18 10:37:12.051570,2026/05/18 10:37:12.094,1,NVIDIA A100-SXM-64GB,170.46,31922,100
3202,2026-05-18 10:37:12.051570,2026/05/18 10:37:12.097,2,NVIDIA A100-SXM-64GB,189.21,31912,100
3203,2026-05-18 10:37:12.051570,2026/05/18 10:37:12.099,3,NVIDIA A100-SXM-64GB,163.32,31846,100
3204,2026-05-18 10:37:17.121064,2026/05/18 10:37:17.160,0,NVIDIA A100-SXM-64GB,169.95,31904,100
3205,2026-05-18 10:37:17.121064,2026/05/18 10:37:17.162,1,NVIDIA A100-SXM-64GB,172.27,31922,100
3206,2026-05-18 10:37:17.121064,2026/05/18 10:37:17.165,2,NVIDIA A100-SXM-64GB,166.84,31912,100
3207,2026-05-18 10:37:17.121064,2026/05/18 10:37:17.167,3,NVIDIA A100-SXM-64GB,176.22,31846,100
3208,2026-05-18 10:37:22.189524,2026/05/18 10:37:22.230,0,NVIDIA A100-SXM-64GB,157.16,31904,100
3209,2026-05-18 10:37:22.189524,2026/05/18 10:37:22.232,1,NVIDIA A100-SXM-64GB,141.98,31922,98
3210,2026-05-18 10:37:22.189524,2026/05/18 10:37:22.238,2,NVIDIA A100-SXM-64GB,149.66,31912,100
3211,2026-05-18 10:37:22.189524,2026/05/18 10:37:22.240,3,NVIDIA A100-SXM-64GB,145.51,31846,98
3212,2026-05-18 10:37:27.263506,2026/05/18 10:37:27.303,0,NVIDIA A100-SXM-64GB,175.77,31904,100
3213,2026-05-18 10:37:27.263506,2026/05/18 10:37:27.305,1,NVIDIA A100-SXM-64GB,143.85,31922,98
3214,2026-05-18 10:37:27.263506,2026/05/18 10:37:27.308,2,NVIDIA A100-SXM-64GB,147.78,31912,100
3215,2026-05-18 10:37:27.263506,2026/05/18 10:37:27.310,3,NVIDIA A100-SXM-64GB,143.36,31846,98
3216,2026-05-18 10:37:32.335631,2026/05/18 10:37:32.375,0,NVIDIA A100-SXM-64GB,154.69,31904,100
3217,2026-05-18 10:37:32.335631,2026/05/18 10:37:32.377,1,NVIDIA A100-SXM-64GB,149.62,31922,100
3218,2026-05-18 10:37:32.335631,2026/05/18 10:37:32.381,2,NVIDIA A100-SXM-64GB,181.82,31912,100
3219,2026-05-18 10:37:32.335631,2026/05/18 10:37:32.387,3,NVIDIA A100-SXM-64GB,161.17,31846,100
3220,2026-05-18 10:37:37.410331,2026/05/18 10:37:37.450,0,NVIDIA A100-SXM-64GB,148.87,31904,100
3221,2026-05-18 10:37:37.410331,2026/05/18 10:37:37.453,1,NVIDIA A100-SXM-64GB,143.19,31922,98
3222,2026-05-18 10:37:37.410331,2026/05/18 10:37:37.455,2,NVIDIA A100-SXM-64GB,152.08,31912,100
3223,2026-05-18 10:37:37.410331,2026/05/18 10:37:37.458,3,NVIDIA A100-SXM-64GB,147.05,31846,98
3224,2026-05-18 10:37:42.479779,2026/05/18 10:37:42.520,0,NVIDIA A100-SXM-64GB,148.74,31904,98
3225,2026-05-18 10:37:42.479779,2026/05/18 10:37:42.523,1,NVIDIA A100-SXM-64GB,139.84,31922,97
3226,2026-05-18 10:37:42.479779,2026/05/18 10:37:42.525,2,NVIDIA A100-SXM-64GB,147.78,31912,97
3227,2026-05-18 10:37:42.479779,2026/05/18 10:37:42.528,3,NVIDIA A100-SXM-64GB,142.42,31846,96
3228,2026-05-18 10:37:47.551942,2026/05/18 10:37:47.602,0,NVIDIA A100-SXM-64GB,178.85,31904,100
3229,2026-05-18 10:37:47.551942,2026/05/18 10:37:47.605,1,NVIDIA A100-SXM-64GB,167.98,31922,100
3230,2026-05-18 10:37:47.551942,2026/05/18 10:37:47.608,2,NVIDIA A100-SXM-64GB,189.34,31912,100
3231,2026-05-18 10:37:47.551942,2026/05/18 10:37:47.611,3,NVIDIA A100-SXM-64GB,170.38,31846,100
3232,2026-05-18 10:37:52.635066,2026/05/18 10:37:52.674,0,NVIDIA A100-SXM-64GB,180.66,31904,100
3233,2026-05-18 10:37:52.635066,2026/05/18 10:37:52.676,1,NVIDIA A100-SXM-64GB,171.82,31922,100
3234,2026-05-18 10:37:52.635066,2026/05/18 10:37:52.682,2,NVIDIA A100-SXM-64GB,169.59,31912,100
3235,2026-05-18 10:37:52.635066,2026/05/18 10:37:52.685,3,NVIDIA A100-SXM-64GB,168.22,31846,100
3236,2026-05-18 10:37:57.707259,2026/05/18 10:37:57.747,0,NVIDIA A100-SXM-64GB,158.64,31904,100
3237,2026-05-18 10:37:57.707259,2026/05/18 10:37:57.753,1,NVIDIA A100-SXM-64GB,146.60,31922,98
3238,2026-05-18 10:37:57.707259,2026/05/18 10:37:57.755,2,NVIDIA A100-SXM-64GB,207.99,31912,100
3239,2026-05-18 10:37:57.707259,2026/05/18 10:37:57.758,3,NVIDIA A100-SXM-64GB,145.17,31846,100
3240,2026-05-18 10:38:02.780257,2026/05/18 10:38:02.819,0,NVIDIA A100-SXM-64GB,192.30,31904,100
3241,2026-05-18 10:38:02.780257,2026/05/18 10:38:02.821,1,NVIDIA A100-SXM-64GB,181.78,31922,100
3242,2026-05-18 10:38:02.780257,2026/05/18 10:38:02.824,2,NVIDIA A100-SXM-64GB,172.96,31912,100
3243,2026-05-18 10:38:02.780257,2026/05/18 10:38:02.826,3,NVIDIA A100-SXM-64GB,185.09,31846,100
3244,2026-05-18 10:38:07.848805,2026/05/18 10:38:07.888,0,NVIDIA A100-SXM-64GB,188.02,31904,100
3245,2026-05-18 10:38:07.848805,2026/05/18 10:38:07.891,1,NVIDIA A100-SXM-64GB,149.95,31922,100
3246,2026-05-18 10:38:07.848805,2026/05/18 10:38:07.894,2,NVIDIA A100-SXM-64GB,156.87,31912,100
3247,2026-05-18 10:38:07.848805,2026/05/18 10:38:07.896,3,NVIDIA A100-SXM-64GB,169.77,31846,100
3248,2026-05-18 10:38:12.918924,2026/05/18 10:38:12.958,0,NVIDIA A100-SXM-64GB,179.46,31904,100
3249,2026-05-18 10:38:12.918924,2026/05/18 10:38:12.962,1,NVIDIA A100-SXM-64GB,166.60,31922,100
3250,2026-05-18 10:38:12.918924,2026/05/18 10:38:12.965,2,NVIDIA A100-SXM-64GB,177.58,31912,100
3251,2026-05-18 10:38:12.918924,2026/05/18 10:38:12.968,3,NVIDIA A100-SXM-64GB,167.62,31846,100
3252,2026-05-18 10:38:17.994855,2026/05/18 10:38:18.034,0,NVIDIA A100-SXM-64GB,185.55,31904,100
3253,2026-05-18 10:38:17.994855,2026/05/18 10:38:18.036,1,NVIDIA A100-SXM-64GB,160.95,31922,100
3254,2026-05-18 10:38:17.994855,2026/05/18 10:38:18.039,2,NVIDIA A100-SXM-64GB,164.70,31912,100
3255,2026-05-18 10:38:17.994855,2026/05/18 10:38:18.042,3,NVIDIA A100-SXM-64GB,164.86,31846,100
3256,2026-05-18 10:38:23.064166,2026/05/18 10:38:23.103,0,NVIDIA A100-SXM-64GB,155.90,31904,100
3257,2026-05-18 10:38:23.064166,2026/05/18 10:38:23.105,1,NVIDIA A100-SXM-64GB,141.71,31922,98
3258,2026-05-18 10:38:23.064166,2026/05/18 10:38:23.108,2,NVIDIA A100-SXM-64GB,149.66,31912,100
3259,2026-05-18 10:38:23.064166,2026/05/18 10:38:23.110,3,NVIDIA A100-SXM-64GB,147.33,31846,98
3260,2026-05-18 10:38:28.133859,2026/05/18 10:38:28.173,0,NVIDIA A100-SXM-64GB,156.23,31904,100
3261,2026-05-18 10:38:28.133859,2026/05/18 10:38:28.179,1,NVIDIA A100-SXM-64GB,141.38,31922,97
3262,2026-05-18 10:38:28.133859,2026/05/18 10:38:28.182,2,NVIDIA A100-SXM-64GB,150.87,31912,100
3263,2026-05-18 10:38:28.133859,2026/05/18 10:38:28.188,3,NVIDIA A100-SXM-64GB,146.11,31846,97
3264,2026-05-18 10:38:33.213267,2026/05/18 10:38:33.253,0,NVIDIA A100-SXM-64GB,157.76,31904,100
3265,2026-05-18 10:38:33.213267,2026/05/18 10:38:33.255,1,NVIDIA A100-SXM-64GB,146.60,31922,99
3266,2026-05-18 10:38:33.213267,2026/05/18 10:38:33.258,2,NVIDIA A100-SXM-64GB,137.70,31912,100
3267,2026-05-18 10:38:33.213267,2026/05/18 10:38:33.260,3,NVIDIA A100-SXM-64GB,137.51,31846,98
3268,2026-05-18 10:38:38.283317,2026/05/18 10:38:38.323,0,NVIDIA A100-SXM-64GB,154.69,31904,100
3269,2026-05-18 10:38:38.283317,2026/05/18 10:38:38.325,1,NVIDIA A100-SXM-64GB,141.38,31922,98
3270,2026-05-18 10:38:38.283317,2026/05/18 10:38:38.328,2,NVIDIA A100-SXM-64GB,150.87,31912,100
3271,2026-05-18 10:38:38.283317,2026/05/18 10:38:38.332,3,NVIDIA A100-SXM-64GB,146.44,31846,98
3272,2026-05-18 10:38:43.354047,2026/05/18 10:38:43.393,0,NVIDIA A100-SXM-64GB,173.35,31904,100
3273,2026-05-18 10:38:43.354047,2026/05/18 10:38:43.396,1,NVIDIA A100-SXM-64GB,158.36,31922,100
3274,2026-05-18 10:38:43.354047,2026/05/18 10:38:43.398,2,NVIDIA A100-SXM-64GB,164.53,31912,100
3275,2026-05-18 10:38:43.354047,2026/05/18 10:38:43.401,3,NVIDIA A100-SXM-64GB,152.84,31846,100
3276,2026-05-18 10:38:48.422993,2026/05/18 10:38:48.462,0,NVIDIA A100-SXM-64GB,196.26,31904,100
3277,2026-05-18 10:38:48.422993,2026/05/18 10:38:48.464,1,NVIDIA A100-SXM-64GB,177.65,31922,100
3278,2026-05-18 10:38:48.422993,2026/05/18 10:38:48.467,2,NVIDIA A100-SXM-64GB,175.71,31912,100
3279,2026-05-18 10:38:48.422993,2026/05/18 10:38:48.472,3,NVIDIA A100-SXM-64GB,176.22,31846,100
3280,2026-05-18 10:38:53.494656,2026/05/18 10:38:53.534,0,NVIDIA A100-SXM-64GB,183.41,31904,100
3281,2026-05-18 10:38:53.494656,2026/05/18 10:38:53.536,1,NVIDIA A100-SXM-64GB,164.79,31922,100
3282,2026-05-18 10:38:53.494656,2026/05/18 10:38:53.539,2,NVIDIA A100-SXM-64GB,178.01,31912,100
3283,2026-05-18 10:38:53.494656,2026/05/18 10:38:53.541,3,NVIDIA A100-SXM-64GB,177.25,31846,100
3284,2026-05-18 10:38:58.563054,2026/05/18 10:38:58.602,0,NVIDIA A100-SXM-64GB,151.94,31904,100
3285,2026-05-18 10:38:58.563054,2026/05/18 10:38:58.604,1,NVIDIA A100-SXM-64GB,140.78,31922,98
3286,2026-05-18 10:38:58.563054,2026/05/18 10:38:58.607,2,NVIDIA A100-SXM-64GB,151.47,31912,100
3287,2026-05-18 10:38:58.563054,2026/05/18 10:38:58.610,3,NVIDIA A100-SXM-64GB,147.66,31846,98
3288,2026-05-18 10:39:03.632954,2026/05/18 10:39:03.672,0,NVIDIA A100-SXM-64GB,157.43,31904,97
3289,2026-05-18 10:39:03.632954,2026/05/18 10:39:03.678,1,NVIDIA A100-SXM-64GB,141.38,31922,97
3290,2026-05-18 10:39:03.632954,2026/05/18 10:39:03.681,2,NVIDIA A100-SXM-64GB,148.45,31912,97
3291,2026-05-18 10:39:03.632954,2026/05/18 10:39:03.683,3,NVIDIA A100-SXM-64GB,143.97,31846,97
3292,2026-05-18 10:39:08.708881,2026/05/18 10:39:08.748,0,NVIDIA A100-SXM-64GB,193.51,31904,100
3293,2026-05-18 10:39:08.708881,2026/05/18 10:39:08.750,1,NVIDIA A100-SXM-64GB,188.63,31922,100
3294,2026-05-18 10:39:08.708881,2026/05/18 10:39:08.753,2,NVIDIA A100-SXM-64GB,173.29,31912,100
3295,2026-05-18 10:39:08.708881,2026/05/18 10:39:08.755,3,NVIDIA A100-SXM-64GB,186.45,31846,100
3296,2026-05-18 10:39:13.778095,2026/05/18 10:39:13.817,0,NVIDIA A100-SXM-64GB,179.46,31904,100
3297,2026-05-18 10:39:13.778095,2026/05/18 10:39:13.819,1,NVIDIA A100-SXM-64GB,164.19,31922,100
3298,2026-05-18 10:39:13.778095,2026/05/18 10:39:13.822,2,NVIDIA A100-SXM-64GB,177.07,31912,100
3299,2026-05-18 10:39:13.778095,2026/05/18 10:39:13.825,3,NVIDIA A100-SXM-64GB,164.36,31846,100
3300,2026-05-18 10:39:18.849159,2026/05/18 10:39:18.888,0,NVIDIA A100-SXM-64GB,154.69,31904,100
3301,2026-05-18 10:39:18.849159,2026/05/18 10:39:18.890,1,NVIDIA A100-SXM-64GB,139.57,31922,100
3302,2026-05-18 10:39:18.849159,2026/05/18 10:39:18.893,2,NVIDIA A100-SXM-64GB,149.66,31912,100
3303,2026-05-18 10:39:18.849159,2026/05/18 10:39:18.895,3,NVIDIA A100-SXM-64GB,166.08,31846,100
3304,2026-05-18 10:39:23.917665,2026/05/18 10:39:23.957,0,NVIDIA A100-SXM-64GB,152.54,31904,100
3305,2026-05-18 10:39:23.917665,2026/05/18 10:39:23.961,1,NVIDIA A100-SXM-64GB,150.28,31922,98
3306,2026-05-18 10:39:23.917665,2026/05/18 10:39:23.964,2,NVIDIA A100-SXM-64GB,150.87,31912,100
3307,2026-05-18 10:39:23.917665,2026/05/18 10:39:23.967,3,NVIDIA A100-SXM-64GB,146.73,31846,98
3308,2026-05-18 10:39:28.989425,2026/05/18 10:39:29.029,0,NVIDIA A100-SXM-64GB,156.50,31904,100
3309,2026-05-18 10:39:28.989425,2026/05/18 10:39:29.031,1,NVIDIA A100-SXM-64GB,179.46,31922,100
3310,2026-05-18 10:39:28.989425,2026/05/18 10:39:29.034,2,NVIDIA A100-SXM-64GB,164.97,31912,100
3311,2026-05-18 10:39:28.989425,2026/05/18 10:39:29.037,3,NVIDIA A100-SXM-64GB,170.20,31846,100
3312,2026-05-18 10:39:34.059711,2026/05/18 10:39:34.099,0,NVIDIA A100-SXM-64GB,200.06,31904,100
3313,2026-05-18 10:39:34.059711,2026/05/18 10:39:34.103,1,NVIDIA A100-SXM-64GB,173.03,31922,98
3314,2026-05-18 10:39:34.059711,2026/05/18 10:39:34.108,2,NVIDIA A100-SXM-64GB,183.79,31912,100
3315,2026-05-18 10:39:34.059711,2026/05/18 10:39:34.111,3,NVIDIA A100-SXM-64GB,154.99,31846,98
3316,2026-05-18 10:39:39.133603,2026/05/18 10:39:39.173,0,NVIDIA A100-SXM-64GB,145.84,31904,100
3317,2026-05-18 10:39:39.133603,2026/05/18 10:39:39.175,1,NVIDIA A100-SXM-64GB,133.13,31922,97
3318,2026-05-18 10:39:39.133603,2026/05/18 10:39:39.178,2,NVIDIA A100-SXM-64GB,139.52,31912,100
3319,2026-05-18 10:39:39.133603,2026/05/18 10:39:39.181,3,NVIDIA A100-SXM-64GB,149.81,31846,97
3320,2026-05-18 10:39:44.204749,2026/05/18 10:39:44.244,0,NVIDIA A100-SXM-64GB,180.39,31904,100
3321,2026-05-18 10:39:44.204749,2026/05/18 10:39:44.246,1,NVIDIA A100-SXM-64GB,162.04,31922,100
3322,2026-05-18 10:39:44.204749,2026/05/18 10:39:44.249,2,NVIDIA A100-SXM-64GB,176.46,31912,100
3323,2026-05-18 10:39:44.204749,2026/05/18 10:39:44.251,3,NVIDIA A100-SXM-64GB,169.16,31846,100
3324,2026-05-18 10:39:49.273520,2026/05/18 10:39:49.313,0,NVIDIA A100-SXM-64GB,189.83,31904,100
3325,2026-05-18 10:39:49.273520,2026/05/18 10:39:49.315,1,NVIDIA A100-SXM-64GB,160.35,31922,100
3326,2026-05-18 10:39:49.273520,2026/05/18 10:39:49.318,2,NVIDIA A100-SXM-64GB,168.33,31912,100
3327,2026-05-18 10:39:49.273520,2026/05/18 10:39:49.320,3,NVIDIA A100-SXM-64GB,169.16,31846,100
3328,2026-05-18 10:39:54.342159,2026/05/18 10:39:54.390,0,NVIDIA A100-SXM-64GB,155.78,31904,100
3329,2026-05-18 10:39:54.342159,2026/05/18 10:39:54.393,1,NVIDIA A100-SXM-64GB,147.48,31922,98
3330,2026-05-18 10:39:54.342159,2026/05/18 10:39:54.397,2,NVIDIA A100-SXM-64GB,153.34,31912,100
3331,2026-05-18 10:39:54.342159,2026/05/18 10:39:54.399,3,NVIDIA A100-SXM-64GB,146.44,31846,98
3332,2026-05-18 10:39:59.421755,2026/05/18 10:39:59.461,0,NVIDIA A100-SXM-64GB,157.16,31904,98
3333,2026-05-18 10:39:59.421755,2026/05/18 10:39:59.463,1,NVIDIA A100-SXM-64GB,139.23,31922,100
3334,2026-05-18 10:39:59.421755,2026/05/18 10:39:59.466,2,NVIDIA A100-SXM-64GB,144.75,31912,98
3335,2026-05-18 10:39:59.421755,2026/05/18 10:39:59.469,3,NVIDIA A100-SXM-64GB,133.82,31846,100
3336,2026-05-18 10:40:04.492830,2026/05/18 10:40:04.532,0,NVIDIA A100-SXM-64GB,172.09,31904,100
3337,2026-05-18 10:40:04.492830,2026/05/18 10:40:04.534,1,NVIDIA A100-SXM-64GB,150.89,31922,100
3338,2026-05-18 10:40:04.492830,2026/05/18 10:40:04.540,2,NVIDIA A100-SXM-64GB,161.28,31912,100
3339,2026-05-18 10:40:04.492830,2026/05/18 10:40:04.542,3,NVIDIA A100-SXM-64GB,158.68,31846,100
3340,2026-05-18 10:40:09.565601,2026/05/18 10:40:09.605,0,NVIDIA A100-SXM-64GB,175.50,31904,100
3341,2026-05-18 10:40:09.565601,2026/05/18 10:40:09.607,1,NVIDIA A100-SXM-64GB,163.42,31922,100
3342,2026-05-18 10:40:09.565601,2026/05/18 10:40:09.610,2,NVIDIA A100-SXM-64GB,198.40,31912,100
3343,2026-05-18 10:40:09.565601,2026/05/18 10:40:09.615,3,NVIDIA A100-SXM-64GB,171.31,31846,100
3344,2026-05-18 10:40:14.640155,2026/05/18 10:40:14.680,0,NVIDIA A100-SXM-64GB,199.94,31904,100
3345,2026-05-18 10:40:14.640155,2026/05/18 10:40:14.683,1,NVIDIA A100-SXM-64GB,157.32,31922,100
3346,2026-05-18 10:40:14.640155,2026/05/18 10:40:14.685,2,NVIDIA A100-SXM-64GB,165.57,31912,100
3347,2026-05-18 10:40:14.640155,2026/05/18 10:40:14.688,3,NVIDIA A100-SXM-64GB,148.60,31846,100
3348,2026-05-18 10:40:19.710488,2026/05/18 10:40:19.762,0,NVIDIA A100-SXM-64GB,158.64,31904,99
3349,2026-05-18 10:40:19.710488,2026/05/18 10:40:19.764,1,NVIDIA A100-SXM-64GB,145.19,31922,100
3350,2026-05-18 10:40:19.710488,2026/05/18 10:40:19.767,2,NVIDIA A100-SXM-64GB,189.62,31912,100
3351,2026-05-18 10:40:19.710488,2026/05/18 10:40:19.769,3,NVIDIA A100-SXM-64GB,181.55,31846,100
3352,2026-05-18 10:40:24.791376,2026/05/18 10:40:24.831,0,NVIDIA A100-SXM-64GB,186.81,31904,100
3353,2026-05-18 10:40:24.791376,2026/05/18 10:40:24.834,1,NVIDIA A100-SXM-64GB,171.49,31922,100
3354,2026-05-18 10:40:24.791376,2026/05/18 10:40:24.836,2,NVIDIA A100-SXM-64GB,164.36,31912,100
3355,2026-05-18 10:40:24.791376,2026/05/18 10:40:24.839,3,NVIDIA A100-SXM-64GB,165.14,31846,100
3356,2026-05-18 10:40:29.860913,2026/05/18 10:40:29.900,0,NVIDIA A100-SXM-64GB,157.76,31904,98
3357,2026-05-18 10:40:29.860913,2026/05/18 10:40:29.902,1,NVIDIA A100-SXM-64GB,145.67,31922,100
3358,2026-05-18 10:40:29.860913,2026/05/18 10:40:29.905,2,NVIDIA A100-SXM-64GB,150.26,31912,98
3359,2026-05-18 10:40:29.860913,2026/05/18 10:40:29.907,3,NVIDIA A100-SXM-64GB,146.44,31846,98
3360,2026-05-18 10:40:34.929616,2026/05/18 10:40:34.969,0,NVIDIA A100-SXM-64GB,189.56,31904,100
3361,2026-05-18 10:40:34.929616,2026/05/18 10:40:34.971,1,NVIDIA A100-SXM-64GB,169.25,31922,98
3362,2026-05-18 10:40:34.929616,2026/05/18 10:40:34.974,2,NVIDIA A100-SXM-64GB,185.51,31912,100
3363,2026-05-18 10:40:34.929616,2026/05/18 10:40:34.976,3,NVIDIA A100-SXM-64GB,165.14,31846,100
3364,2026-05-18 10:40:39.998381,2026/05/18 10:40:40.049,0,NVIDIA A100-SXM-64GB,177.04,31904,100
3365,2026-05-18 10:40:39.998381,2026/05/18 10:40:40.052,1,NVIDIA A100-SXM-64GB,159.13,31922,100
3366,2026-05-18 10:40:39.998381,2026/05/18 10:40:40.055,2,NVIDIA A100-SXM-64GB,156.10,31912,100
3367,2026-05-18 10:40:39.998381,2026/05/18 10:40:40.057,3,NVIDIA A100-SXM-64GB,152.24,31846,100
3368,2026-05-18 10:40:45.079612,2026/05/18 10:40:45.119,0,NVIDIA A100-SXM-64GB,173.03,31904,100
3369,2026-05-18 10:40:45.079612,2026/05/18 10:40:45.121,1,NVIDIA A100-SXM-64GB,181.59,31922,100
3370,2026-05-18 10:40:45.079612,2026/05/18 10:40:45.124,2,NVIDIA A100-SXM-64GB,194.85,31912,100
3371,2026-05-18 10:40:45.079612,2026/05/18 10:40:45.127,3,NVIDIA A100-SXM-64GB,178.19,31846,100
3372,2026-05-18 10:40:50.148944,2026/05/18 10:40:50.188,0,NVIDIA A100-SXM-64GB,172.09,31904,100
3373,2026-05-18 10:40:50.148944,2026/05/18 10:40:50.190,1,NVIDIA A100-SXM-64GB,157.16,31922,100
3374,2026-05-18 10:40:50.148944,2026/05/18 10:40:50.193,2,NVIDIA A100-SXM-64GB,154.55,31912,100
3375,2026-05-18 10:40:50.148944,2026/05/18 10:40:50.198,3,NVIDIA A100-SXM-64GB,172.52,31846,100
3376,2026-05-18 10:40:55.219830,2026/05/18 10:40:55.271,0,NVIDIA A100-SXM-64GB,195.65,31904,98
3377,2026-05-18 10:40:55.219830,2026/05/18 10:40:55.282,1,NVIDIA A100-SXM-64GB,133.13,31922,100
3378,2026-05-18 10:40:55.219830,2026/05/18 10:40:55.284,2,NVIDIA A100-SXM-64GB,152.41,31912,100
3379,2026-05-18 10:40:55.219830,2026/05/18 10:40:55.287,3,NVIDIA A100-SXM-64GB,182.67,31846,100
3380,2026-05-18 10:41:00.308962,2026/05/18 10:41:00.348,0,NVIDIA A100-SXM-64GB,149.47,31904,97
3381,2026-05-18 10:41:00.308962,2026/05/18 10:41:00.351,1,NVIDIA A100-SXM-64GB,134.67,31922,100
3382,2026-05-18 10:41:00.308962,2026/05/18 10:41:00.353,2,NVIDIA A100-SXM-64GB,150.87,31912,98
3383,2026-05-18 10:41:00.308962,2026/05/18 10:41:00.356,3,NVIDIA A100-SXM-64GB,142.14,31846,97
3384,2026-05-18 10:41:05.377620,2026/05/18 10:41:05.417,0,NVIDIA A100-SXM-64GB,172.43,31904,100
3385,2026-05-18 10:41:05.377620,2026/05/18 10:41:05.420,1,NVIDIA A100-SXM-64GB,177.31,31922,100
3386,2026-05-18 10:41:05.377620,2026/05/18 10:41:05.422,2,NVIDIA A100-SXM-64GB,192.09,31912,100
3387,2026-05-18 10:41:05.377620,2026/05/18 10:41:05.425,3,NVIDIA A100-SXM-64GB,168.22,31846,100
3388,2026-05-18 10:41:10.446830,2026/05/18 10:41:10.486,0,NVIDIA A100-SXM-64GB,171.49,31904,100
3389,2026-05-18 10:41:10.446830,2026/05/18 10:41:10.488,1,NVIDIA A100-SXM-64GB,160.95,31922,100
3390,2026-05-18 10:41:10.446830,2026/05/18 10:41:10.491,2,NVIDIA A100-SXM-64GB,176.92,31912,100
3391,2026-05-18 10:41:10.446830,2026/05/18 10:41:10.493,3,NVIDIA A100-SXM-64GB,161.77,31846,100
3392,2026-05-18 10:41:15.515626,2026/05/18 10:41:15.555,0,NVIDIA A100-SXM-64GB,155.02,31904,98
3393,2026-05-18 10:41:15.515626,2026/05/18 10:41:15.557,1,NVIDIA A100-SXM-64GB,146.60,31922,100
3394,2026-05-18 10:41:15.515626,2026/05/18 10:41:15.562,2,NVIDIA A100-SXM-64GB,150.59,31912,100
3395,2026-05-18 10:41:15.515626,2026/05/18 10:41:15.564,3,NVIDIA A100-SXM-64GB,148.60,31846,98
3396,2026-05-18 10:41:20.586029,2026/05/18 10:41:20.625,0,NVIDIA A100-SXM-64GB,176.38,31904,100
3397,2026-05-18 10:41:20.586029,2026/05/18 10:41:20.628,1,NVIDIA A100-SXM-64GB,145.07,31922,100
3398,2026-05-18 10:41:20.586029,2026/05/18 10:41:20.631,2,NVIDIA A100-SXM-64GB,188.40,31912,100
3399,2026-05-18 10:41:20.586029,2026/05/18 10:41:20.636,3,NVIDIA A100-SXM-64GB,180.95,31846,100
3400,2026-05-18 10:41:25.658766,2026/05/18 10:41:25.698,0,NVIDIA A100-SXM-64GB,179.13,31904,100
3401,2026-05-18 10:41:25.658766,2026/05/18 10:41:25.702,1,NVIDIA A100-SXM-64GB,146.60,31922,100
3402,2026-05-18 10:41:25.658766,2026/05/18 10:41:25.705,2,NVIDIA A100-SXM-64GB,167.45,31912,100
3403,2026-05-18 10:41:25.658766,2026/05/18 10:41:25.707,3,NVIDIA A100-SXM-64GB,161.77,31846,100
3404,2026-05-18 10:41:30.729343,2026/05/18 10:41:30.770,0,NVIDIA A100-SXM-64GB,156.66,31904,98
3405,2026-05-18 10:41:30.729343,2026/05/18 10:41:30.772,1,NVIDIA A100-SXM-64GB,145.99,31922,100
3406,2026-05-18 10:41:30.729343,2026/05/18 10:41:30.775,2,NVIDIA A100-SXM-64GB,154.23,31912,98
3407,2026-05-18 10:41:30.729343,2026/05/18 10:41:30.778,3,NVIDIA A100-SXM-64GB,143.63,31846,98
3408,2026-05-18 10:41:35.800165,2026/05/18 10:41:35.839,0,NVIDIA A100-SXM-64GB,151.49,31904,97
3409,2026-05-18 10:41:35.800165,2026/05/18 10:41:35.841,1,NVIDIA A100-SXM-64GB,140.17,31922,98
3410,2026-05-18 10:41:35.800165,2026/05/18 10:41:35.849,2,NVIDIA A100-SXM-64GB,148.72,31912,97
3411,2026-05-18 10:41:35.800165,2026/05/18 10:41:35.851,3,NVIDIA A100-SXM-64GB,143.50,31846,97
3412,2026-05-18 10:41:40.873711,2026/05/18 10:41:40.913,0,NVIDIA A100-SXM-64GB,175.50,31904,100
3413,2026-05-18 10:41:40.873711,2026/05/18 10:41:40.915,1,NVIDIA A100-SXM-64GB,172.09,31922,100
3414,2026-05-18 10:41:40.873711,2026/05/18 10:41:40.918,2,NVIDIA A100-SXM-64GB,192.09,31912,100
3415,2026-05-18 10:41:40.873711,2026/05/18 10:41:40.920,3,NVIDIA A100-SXM-64GB,176.64,31846,100
3416,2026-05-18 10:41:45.946150,2026/05/18 10:41:45.985,0,NVIDIA A100-SXM-64GB,176.71,31904,100
3417,2026-05-18 10:41:45.946150,2026/05/18 10:41:45.987,1,NVIDIA A100-SXM-64GB,167.11,31922,100
3418,2026-05-18 10:41:45.946150,2026/05/18 10:41:45.992,2,NVIDIA A100-SXM-64GB,179.49,31912,100
3419,2026-05-18 10:41:45.946150,2026/05/18 10:41:45.995,3,NVIDIA A100-SXM-64GB,163.32,31846,100
3420,2026-05-18 10:41:51.018961,2026/05/18 10:41:51.058,0,NVIDIA A100-SXM-64GB,172.09,31904,100
3421,2026-05-18 10:41:51.018961,2026/05/18 10:41:51.060,1,NVIDIA A100-SXM-64GB,175.50,31922,100
3422,2026-05-18 10:41:51.018961,2026/05/18 10:41:51.063,2,NVIDIA A100-SXM-64GB,190.75,31912,100
3423,2026-05-18 10:41:51.018961,2026/05/18 10:41:51.065,3,NVIDIA A100-SXM-64GB,167.62,31846,100
3424,2026-05-18 10:41:56.087597,2026/05/18 10:41:56.138,0,NVIDIA A100-SXM-64GB,183.14,31904,98
3425,2026-05-18 10:41:56.087597,2026/05/18 10:41:56.141,1,NVIDIA A100-SXM-64GB,164.19,31922,100
3426,2026-05-18 10:41:56.087597,2026/05/18 10:41:56.145,2,NVIDIA A100-SXM-64GB,162.54,31912,100
3427,2026-05-18 10:41:56.087597,2026/05/18 10:41:56.148,3,NVIDIA A100-SXM-64GB,161.77,31846,98
3428,2026-05-18 10:42:01.170220,2026/05/18 10:42:01.209,0,NVIDIA A100-SXM-64GB,174.24,31904,100
3429,2026-05-18 10:42:01.170220,2026/05/18 10:42:01.211,1,NVIDIA A100-SXM-64GB,179.78,31922,100
3430,2026-05-18 10:42:01.170220,2026/05/18 10:42:01.214,2,NVIDIA A100-SXM-64GB,168.33,31912,100
3431,2026-05-18 10:42:01.170220,2026/05/18 10:42:01.216,3,NVIDIA A100-SXM-64GB,177.85,31846,100
3432,2026-05-18 10:42:06.239345,2026/05/18 10:42:06.279,0,NVIDIA A100-SXM-64GB,190.49,31904,100
3433,2026-05-18 10:42:06.239345,2026/05/18 10:42:06.281,1,NVIDIA A100-SXM-64GB,188.35,31922,100
3434,2026-05-18 10:42:06.239345,2026/05/18 10:42:06.288,2,NVIDIA A100-SXM-64GB,170.20,31912,100
3435,2026-05-18 10:42:06.239345,2026/05/18 10:42:06.290,3,NVIDIA A100-SXM-64GB,181.82,31846,100
3436,2026-05-18 10:42:11.313088,2026/05/18 10:42:11.352,0,NVIDIA A100-SXM-64GB,186.48,31904,100
3437,2026-05-18 10:42:11.313088,2026/05/18 10:42:11.354,1,NVIDIA A100-SXM-64GB,150.56,31922,100
3438,2026-05-18 10:42:11.313088,2026/05/18 10:42:11.357,2,NVIDIA A100-SXM-64GB,163.43,31912,100
3439,2026-05-18 10:42:11.313088,2026/05/18 10:42:11.360,3,NVIDIA A100-SXM-64GB,145.79,31846,100
3440,2026-05-18 10:42:16.383538,2026/05/18 10:42:16.423,0,NVIDIA A100-SXM-64GB,157.16,31904,98
3441,2026-05-18 10:42:16.383538,2026/05/18 10:42:16.426,1,NVIDIA A100-SXM-64GB,147.20,31922,100
3442,2026-05-18 10:42:16.383538,2026/05/18 10:42:16.428,2,NVIDIA A100-SXM-64GB,153.34,31912,100
3443,2026-05-18 10:42:16.383538,2026/05/18 10:42:16.431,3,NVIDIA A100-SXM-64GB,143.03,31846,98
3444,2026-05-18 10:42:21.454513,2026/05/18 10:42:21.494,0,NVIDIA A100-SXM-64GB,204.82,31904,99
3445,2026-05-18 10:42:21.454513,2026/05/18 10:42:21.496,1,NVIDIA A100-SXM-64GB,146.88,31922,100
3446,2026-05-18 10:42:21.454513,2026/05/18 10:42:21.499,2,NVIDIA A100-SXM-64GB,151.47,31912,100
3447,2026-05-18 10:42:21.454513,2026/05/18 10:42:21.501,3,NVIDIA A100-SXM-64GB,143.03,31846,99
3448,2026-05-18 10:42:26.528825,2026/05/18 10:42:26.568,0,NVIDIA A100-SXM-64GB,154.69,31904,100
3449,2026-05-18 10:42:26.528825,2026/05/18 10:42:26.570,1,NVIDIA A100-SXM-64GB,197.52,31922,100
3450,2026-05-18 10:42:26.528825,2026/05/18 10:42:26.573,2,NVIDIA A100-SXM-64GB,138.59,31912,99
3451,2026-05-18 10:42:26.528825,2026/05/18 10:42:26.575,3,NVIDIA A100-SXM-64GB,156.54,31846,98
3452,2026-05-18 10:42:31.597734,2026/05/18 10:42:31.637,0,NVIDIA A100-SXM-64GB,153.48,31904,98
3453,2026-05-18 10:42:31.597734,2026/05/18 10:42:31.639,1,NVIDIA A100-SXM-64GB,145.67,31922,100
3454,2026-05-18 10:42:31.597734,2026/05/18 10:42:31.642,2,NVIDIA A100-SXM-64GB,152.08,31912,98
3455,2026-05-18 10:42:31.597734,2026/05/18 10:42:31.648,3,NVIDIA A100-SXM-64GB,142.14,31846,98
3456,2026-05-18 10:42:36.671906,2026/05/18 10:42:36.711,0,NVIDIA A100-SXM-64GB,177.31,31904,100
3457,2026-05-18 10:42:36.671906,2026/05/18 10:42:36.713,1,NVIDIA A100-SXM-64GB,157.60,31922,100
3458,2026-05-18 10:42:36.671906,2026/05/18 10:42:36.716,2,NVIDIA A100-SXM-64GB,164.36,31912,100
3459,2026-05-18 10:42:36.671906,2026/05/18 10:42:36.718,3,NVIDIA A100-SXM-64GB,155.32,31846,100
3460,2026-05-18 10:42:41.742105,2026/05/18 10:42:41.781,0,NVIDIA A100-SXM-64GB,195.65,31904,100
3461,2026-05-18 10:42:41.742105,2026/05/18 10:42:41.784,1,NVIDIA A100-SXM-64GB,173.21,31922,100
3462,2026-05-18 10:42:41.742105,2026/05/18 10:42:41.789,2,NVIDIA A100-SXM-64GB,192.29,31912,100
3463,2026-05-18 10:42:41.742105,2026/05/18 10:42:41.792,3,NVIDIA A100-SXM-64GB,184.16,31846,100
3464,2026-05-18 10:42:46.814757,2026/05/18 10:42:46.854,0,NVIDIA A100-SXM-64GB,161.44,31904,100
3465,2026-05-18 10:42:46.814757,2026/05/18 10:42:46.856,1,NVIDIA A100-SXM-64GB,174.90,31922,100
3466,2026-05-18 10:42:46.814757,2026/05/18 10:42:46.859,2,NVIDIA A100-SXM-64GB,187.06,31912,100
3467,2026-05-18 10:42:46.814757,2026/05/18 10:42:46.861,3,NVIDIA A100-SXM-64GB,147.66,31846,100
3468,2026-05-18 10:42:51.884155,2026/05/18 10:42:51.923,0,NVIDIA A100-SXM-64GB,154.24,31904,98
3469,2026-05-18 10:42:51.884155,2026/05/18 10:42:51.926,1,NVIDIA A100-SXM-64GB,145.07,31922,98
3470,2026-05-18 10:42:51.884155,2026/05/18 10:42:51.928,2,NVIDIA A100-SXM-64GB,152.68,31912,98
3471,2026-05-18 10:42:51.884155,2026/05/18 10:42:51.931,3,NVIDIA A100-SXM-64GB,141.35,31846,99
3472,2026-05-18 10:42:56.953793,2026/05/18 10:42:57.006,0,NVIDIA A100-SXM-64GB,140.17,31904,100
3473,2026-05-18 10:42:56.953793,2026/05/18 10:42:57.008,1,NVIDIA A100-SXM-64GB,165.57,31922,100
3474,2026-05-18 10:42:56.953793,2026/05/18 10:42:57.011,2,NVIDIA A100-SXM-64GB,208.33,31912,100
3475,2026-05-18 10:42:56.953793,2026/05/18 10:42:57.017,3,NVIDIA A100-SXM-64GB,143.03,31846,98
3476,2026-05-18 10:43:02.040022,2026/05/18 10:43:02.079,0,NVIDIA A100-SXM-64GB,182.53,31904,100
3477,2026-05-18 10:43:02.040022,2026/05/18 10:43:02.081,1,NVIDIA A100-SXM-64GB,178.25,31922,100
3478,2026-05-18 10:43:02.040022,2026/05/18 10:43:02.084,2,NVIDIA A100-SXM-64GB,178.46,31912,100
3479,2026-05-18 10:43:02.040022,2026/05/18 10:43:02.086,3,NVIDIA A100-SXM-64GB,187.99,31846,100
3480,2026-05-18 10:43:07.110717,2026/05/18 10:43:07.150,0,NVIDIA A100-SXM-64GB,185.88,31904,100
3481,2026-05-18 10:43:07.110717,2026/05/18 10:43:07.152,1,NVIDIA A100-SXM-64GB,178.85,31922,100
3482,2026-05-18 10:43:07.110717,2026/05/18 10:43:07.155,2,NVIDIA A100-SXM-64GB,164.36,31912,100
3483,2026-05-18 10:43:07.110717,2026/05/18 10:43:07.161,3,NVIDIA A100-SXM-64GB,162.11,31846,100
3484,2026-05-18 10:43:12.183533,2026/05/18 10:43:12.223,0,NVIDIA A100-SXM-64GB,160.18,31904,98
3485,2026-05-18 10:43:12.183533,2026/05/18 10:43:12.225,1,NVIDIA A100-SXM-64GB,143.53,31922,99
3486,2026-05-18 10:43:12.183533,2026/05/18 10:43:12.228,2,NVIDIA A100-SXM-64GB,146.57,31912,98
3487,2026-05-18 10:43:12.183533,2026/05/18 10:43:12.231,3,NVIDIA A100-SXM-64GB,146.44,31846,98
3488,2026-05-18 10:43:17.254155,2026/05/18 10:43:17.305,0,NVIDIA A100-SXM-64GB,157.16,31904,98
3489,2026-05-18 10:43:17.254155,2026/05/18 10:43:17.307,1,NVIDIA A100-SXM-64GB,147.48,31922,100
3490,2026-05-18 10:43:17.254155,2026/05/18 10:43:17.310,2,NVIDIA A100-SXM-64GB,149.93,31912,100
3491,2026-05-18 10:43:17.254155,2026/05/18 10:43:17.312,3,NVIDIA A100-SXM-64GB,143.03,31846,98
3492,2026-05-18 10:43:22.334802,2026/05/18 10:43:22.374,0,NVIDIA A100-SXM-64GB,179.78,31904,100
3493,2026-05-18 10:43:22.334802,2026/05/18 10:43:22.376,1,NVIDIA A100-SXM-64GB,172.43,31922,100
3494,2026-05-18 10:43:22.334802,2026/05/18 10:43:22.379,2,NVIDIA A100-SXM-64GB,181.55,31912,100
3495,2026-05-18 10:43:22.334802,2026/05/18 10:43:22.381,3,NVIDIA A100-SXM-64GB,162.11,31846,100
3496,2026-05-18 10:43:27.404940,2026/05/18 10:43:27.444,0,NVIDIA A100-SXM-64GB,142.77,31904,100
3497,2026-05-18 10:43:27.404940,2026/05/18 10:43:27.447,1,NVIDIA A100-SXM-64GB,206.36,31922,100
3498,2026-05-18 10:43:27.404940,2026/05/18 10:43:27.449,2,NVIDIA A100-SXM-64GB,143.21,31912,98
3499,2026-05-18 10:43:27.404940,2026/05/18 10:43:27.452,3,NVIDIA A100-SXM-64GB,188.27,31846,98
3500,2026-05-18 10:43:32.474282,2026/05/18 10:43:32.513,0,NVIDIA A100-SXM-64GB,148.59,31904,97
3501,2026-05-18 10:43:32.474282,2026/05/18 10:43:32.517,1,NVIDIA A100-SXM-64GB,145.07,31922,100
3502,2026-05-18 10:43:32.474282,2026/05/18 10:43:32.520,2,NVIDIA A100-SXM-64GB,146.57,31912,97
3503,2026-05-18 10:43:32.474282,2026/05/18 10:43:32.523,3,NVIDIA A100-SXM-64GB,146.44,31846,97
3504,2026-05-18 10:43:37.545752,2026/05/18 10:43:37.585,0,NVIDIA A100-SXM-64GB,176.10,31904,100
3505,2026-05-18 10:43:37.545752,2026/05/18 10:43:37.587,1,NVIDIA A100-SXM-64GB,161.72,31922,100
3506,2026-05-18 10:43:37.545752,2026/05/18 10:43:37.590,2,NVIDIA A100-SXM-64GB,185.65,31912,100
3507,2026-05-18 10:43:37.545752,2026/05/18 10:43:37.593,3,NVIDIA A100-SXM-64GB,178.19,31846,100
3508,2026-05-18 10:43:42.615642,2026/05/18 10:43:42.655,0,NVIDIA A100-SXM-64GB,185.88,31904,100
3509,2026-05-18 10:43:42.615642,2026/05/18 10:43:42.658,1,NVIDIA A100-SXM-64GB,143.19,31922,100
3510,2026-05-18 10:43:42.615642,2026/05/18 10:43:42.660,2,NVIDIA A100-SXM-64GB,168.05,31912,99
3511,2026-05-18 10:43:42.615642,2026/05/18 10:43:42.663,3,NVIDIA A100-SXM-64GB,147.05,31846,100
3512,2026-05-18 10:43:47.685347,2026/05/18 10:43:47.725,0,NVIDIA A100-SXM-64GB,147.20,31904,100
3513,2026-05-18 10:43:47.685347,2026/05/18 10:43:47.727,1,NVIDIA A100-SXM-64GB,147.20,31922,99
3514,2026-05-18 10:43:47.685347,2026/05/18 10:43:47.730,2,NVIDIA A100-SXM-64GB,138.45,31912,98
3515,2026-05-18 10:43:47.685347,2026/05/18 10:43:47.734,3,NVIDIA A100-SXM-64GB,144.90,31846,100
3516,2026-05-18 10:43:52.756831,2026/05/18 10:43:52.796,0,NVIDIA A100-SXM-64GB,151.34,31904,98
3517,2026-05-18 10:43:52.756831,2026/05/18 10:43:52.800,1,NVIDIA A100-SXM-64GB,146.88,31922,98
3518,2026-05-18 10:43:52.756831,2026/05/18 10:43:52.803,2,NVIDIA A100-SXM-64GB,152.08,31912,98
3519,2026-05-18 10:43:52.756831,2026/05/18 10:43:52.805,3,NVIDIA A100-SXM-64GB,145.51,31846,100
3520,2026-05-18 10:43:57.827866,2026/05/18 10:43:57.867,0,NVIDIA A100-SXM-64GB,156.50,31904,100
3521,2026-05-18 10:43:57.827866,2026/05/18 10:43:57.870,1,NVIDIA A100-SXM-64GB,151.34,31922,100
3522,2026-05-18 10:43:57.827866,2026/05/18 10:43:57.872,2,NVIDIA A100-SXM-64GB,182.76,31912,100
3523,2026-05-18 10:43:57.827866,2026/05/18 10:43:57.875,3,NVIDIA A100-SXM-64GB,151.35,31846,100
3524,2026-05-18 10:44:02.897817,2026/05/18 10:44:02.937,0,NVIDIA A100-SXM-64GB,178.85,31904,100
3525,2026-05-18 10:44:02.897817,2026/05/18 10:44:02.939,1,NVIDIA A100-SXM-64GB,164.96,31922,100
3526,2026-05-18 10:44:02.897817,2026/05/18 10:44:02.942,2,NVIDIA A100-SXM-64GB,197.47,31912,100
3527,2026-05-18 10:44:02.897817,2026/05/18 10:44:02.944,3,NVIDIA A100-SXM-64GB,164.25,31846,100
3528,2026-05-18 10:44:07.967307,2026/05/18 10:44:08.007,0,NVIDIA A100-SXM-64GB,188.63,31904,100
3529,2026-05-18 10:44:07.967307,2026/05/18 10:44:08.009,1,NVIDIA A100-SXM-64GB,155.18,31922,100
3530,2026-05-18 10:44:07.967307,2026/05/18 10:44:08.012,2,NVIDIA A100-SXM-64GB,164.70,31912,100
3531,2026-05-18 10:44:07.967307,2026/05/18 10:44:08.017,3,NVIDIA A100-SXM-64GB,155.32,31846,100
3532,2026-05-18 10:44:13.040714,2026/05/18 10:44:13.080,0,NVIDIA A100-SXM-64GB,156.50,31904,98
3533,2026-05-18 10:44:13.040714,2026/05/18 10:44:13.082,1,NVIDIA A100-SXM-64GB,141.98,31922,98
3534,2026-05-18 10:44:13.040714,2026/05/18 10:44:13.085,2,NVIDIA A100-SXM-64GB,153.01,31912,98
3535,2026-05-18 10:44:13.040714,2026/05/18 10:44:13.087,3,NVIDIA A100-SXM-64GB,143.03,31846,98
3536,2026-05-18 10:44:18.119944,2026/05/18 10:44:18.159,0,NVIDIA A100-SXM-64GB,153.48,31904,99
3537,2026-05-18 10:44:18.119944,2026/05/18 10:44:18.162,1,NVIDIA A100-SXM-64GB,149.02,31922,100
3538,2026-05-18 10:44:18.119944,2026/05/18 10:44:18.164,2,NVIDIA A100-SXM-64GB,147.78,31912,100
3539,2026-05-18 10:44:18.119944,2026/05/18 10:44:18.166,3,NVIDIA A100-SXM-64GB,144.30,31846,97
3540,2026-05-18 10:44:23.190254,2026/05/18 10:44:23.229,0,NVIDIA A100-SXM-64GB,184.95,31904,100
3541,2026-05-18 10:44:23.190254,2026/05/18 10:44:23.231,1,NVIDIA A100-SXM-64GB,163.42,31922,100
3542,2026-05-18 10:44:23.190254,2026/05/18 10:44:23.234,2,NVIDIA A100-SXM-64GB,187.99,31912,100
3543,2026-05-18 10:44:23.190254,2026/05/18 10:44:23.237,3,NVIDIA A100-SXM-64GB,165.74,31846,100
3544,2026-05-18 10:44:28.261016,2026/05/18 10:44:28.300,0,NVIDIA A100-SXM-64GB,176.38,31904,100
3545,2026-05-18 10:44:28.261016,2026/05/18 10:44:28.302,1,NVIDIA A100-SXM-64GB,154.52,31922,100
3546,2026-05-18 10:44:28.261016,2026/05/18 10:44:28.305,2,NVIDIA A100-SXM-64GB,149.93,31912,98
3547,2026-05-18 10:44:28.261016,2026/05/18 10:44:28.307,3,NVIDIA A100-SXM-64GB,159.29,31846,98
3548,2026-05-18 10:44:33.331150,2026/05/18 10:44:33.370,0,NVIDIA A100-SXM-64GB,161.11,31904,100
3549,2026-05-18 10:44:33.331150,2026/05/18 10:44:33.372,1,NVIDIA A100-SXM-64GB,145.07,31922,100
3550,2026-05-18 10:44:33.331150,2026/05/18 10:44:33.375,2,NVIDIA A100-SXM-64GB,156.10,31912,100
3551,2026-05-18 10:44:33.331150,2026/05/18 10:44:33.378,3,NVIDIA A100-SXM-64GB,158.68,31846,100
3552,2026-05-18 10:44:38.402631,2026/05/18 10:44:38.442,0,NVIDIA A100-SXM-64GB,155.29,31904,100
3553,2026-05-18 10:44:38.402631,2026/05/18 10:44:38.444,1,NVIDIA A100-SXM-64GB,142.92,31922,98
3554,2026-05-18 10:44:38.402631,2026/05/18 10:44:38.451,2,NVIDIA A100-SXM-64GB,153.34,31912,98
3555,2026-05-18 10:44:38.402631,2026/05/18 10:44:38.453,3,NVIDIA A100-SXM-64GB,143.97,31846,100
3556,2026-05-18 10:44:43.480437,2026/05/18 10:44:43.520,0,NVIDIA A100-SXM-64GB,181.59,31904,100
3557,2026-05-18 10:44:43.480437,2026/05/18 10:44:43.527,1,NVIDIA A100-SXM-64GB,154.85,31922,100
3558,2026-05-18 10:44:43.480437,2026/05/18 10:44:43.529,2,NVIDIA A100-SXM-64GB,184.90,31912,100
3559,2026-05-18 10:44:43.480437,2026/05/18 10:44:43.532,3,NVIDIA A100-SXM-64GB,169.77,31846,100
3560,2026-05-18 10:44:48.556317,2026/05/18 10:44:48.596,0,NVIDIA A100-SXM-64GB,147.99,31904,98
3561,2026-05-18 10:44:48.556317,2026/05/18 10:44:48.598,1,NVIDIA A100-SXM-64GB,206.03,31922,98
3562,2026-05-18 10:44:48.556317,2026/05/18 10:44:48.601,2,NVIDIA A100-SXM-64GB,144.75,31912,98
3563,2026-05-18 10:44:48.556317,2026/05/18 10:44:48.603,3,NVIDIA A100-SXM-64GB,146.73,31846,100
3564,2026-05-18 10:44:53.627913,2026/05/18 10:44:53.667,0,NVIDIA A100-SXM-64GB,154.08,31904,97
3565,2026-05-18 10:44:53.627913,2026/05/18 10:44:53.669,1,NVIDIA A100-SXM-64GB,143.53,31922,97
3566,2026-05-18 10:44:53.627913,2026/05/18 10:44:53.672,2,NVIDIA A100-SXM-64GB,147.51,31912,97
3567,2026-05-18 10:44:53.627913,2026/05/18 10:44:53.674,3,NVIDIA A100-SXM-64GB,143.36,31846,100
3568,2026-05-18 10:44:58.699780,2026/05/18 10:44:58.739,0,NVIDIA A100-SXM-64GB,173.35,31904,100
3569,2026-05-18 10:44:58.699780,2026/05/18 10:44:58.741,1,NVIDIA A100-SXM-64GB,162.82,31922,100
3570,2026-05-18 10:44:58.699780,2026/05/18 10:44:58.744,2,NVIDIA A100-SXM-64GB,178.88,31912,100
3571,2026-05-18 10:44:58.699780,2026/05/18 10:44:58.749,3,NVIDIA A100-SXM-64GB,176.49,31846,100
3572,2026-05-18 10:45:03.772692,2026/05/18 10:45:03.812,0,NVIDIA A100-SXM-64GB,166.60,31904,100
3573,2026-05-18 10:45:03.772692,2026/05/18 10:45:03.816,1,NVIDIA A100-SXM-64GB,162.65,31922,100
3574,2026-05-18 10:45:03.772692,2026/05/18 10:45:03.819,2,NVIDIA A100-SXM-64GB,183.97,31912,100
3575,2026-05-18 10:45:03.772692,2026/05/18 10:45:03.821,3,NVIDIA A100-SXM-64GB,165.74,31846,100
3576,2026-05-18 10:45:08.846468,2026/05/18 10:45:08.886,0,NVIDIA A100-SXM-64GB,156.23,31904,100
3577,2026-05-18 10:45:08.846468,2026/05/18 10:45:08.888,1,NVIDIA A100-SXM-64GB,175.17,31922,98
3578,2026-05-18 10:45:08.846468,2026/05/18 10:45:08.891,2,NVIDIA A100-SXM-64GB,154.84,31912,100
3579,2026-05-18 10:45:08.846468,2026/05/18 10:45:08.893,3,NVIDIA A100-SXM-64GB,180.61,31846,100
3580,2026-05-18 10:45:13.917277,2026/05/18 10:45:13.956,0,NVIDIA A100-SXM-64GB,183.14,31904,100
3581,2026-05-18 10:45:13.917277,2026/05/18 10:45:13.958,1,NVIDIA A100-SXM-64GB,175.50,31922,100
3582,2026-05-18 10:45:13.917277,2026/05/18 10:45:13.961,2,NVIDIA A100-SXM-64GB,193.30,31912,100
3583,2026-05-18 10:45:13.917277,2026/05/18 10:45:13.963,3,NVIDIA A100-SXM-64GB,165.74,31846,100
3584,2026-05-18 10:45:18.987008,2026/05/18 10:45:19.037,0,NVIDIA A100-SXM-64GB,171.49,31904,100
3585,2026-05-18 10:45:18.987008,2026/05/18 10:45:19.042,1,NVIDIA A100-SXM-64GB,157.93,31922,100
3586,2026-05-18 10:45:18.987008,2026/05/18 10:45:19.044,2,NVIDIA A100-SXM-64GB,170.48,31912,100
3587,2026-05-18 10:45:18.987008,2026/05/18 10:45:19.047,3,NVIDIA A100-SXM-64GB,145.79,31846,100
3588,2026-05-18 10:45:24.072655,2026/05/18 10:45:24.124,0,NVIDIA A100-SXM-64GB,176.10,31904,100
3589,2026-05-18 10:45:24.072655,2026/05/18 10:45:24.130,1,NVIDIA A100-SXM-64GB,178.10,31922,100
3590,2026-05-18 10:45:24.072655,2026/05/18 10:45:24.133,2,NVIDIA A100-SXM-64GB,193.17,31912,100
3591,2026-05-18 10:45:24.072655,2026/05/18 10:45:24.135,3,NVIDIA A100-SXM-64GB,166.35,31846,100
3592,2026-05-18 10:45:29.163970,2026/05/18 10:45:29.203,0,NVIDIA A100-SXM-64GB,143.38,31904,100
3593,2026-05-18 10:45:29.163970,2026/05/18 10:45:29.205,1,NVIDIA A100-SXM-64GB,166.33,31922,100
3594,2026-05-18 10:45:29.163970,2026/05/18 10:45:29.208,2,NVIDIA A100-SXM-64GB,146.90,31912,100
3595,2026-05-18 10:45:29.163970,2026/05/18 10:45:29.211,3,NVIDIA A100-SXM-64GB,139.06,31846,98
3596,2026-05-18 10:45:34.233972,2026/05/18 10:45:34.273,0,NVIDIA A100-SXM-64GB,155.90,31904,100
3597,2026-05-18 10:45:34.233972,2026/05/18 10:45:34.276,1,NVIDIA A100-SXM-64GB,148.41,31922,98
3598,2026-05-18 10:45:34.233972,2026/05/18 10:45:34.278,2,NVIDIA A100-SXM-64GB,148.12,31912,98
3599,2026-05-18 10:45:34.233972,2026/05/18 10:45:34.283,3,NVIDIA A100-SXM-64GB,146.44,31846,98
3600,2026-05-18 10:45:39.306755,2026/05/18 10:45:39.347,0,NVIDIA A100-SXM-64GB,152.22,31904,100
3601,2026-05-18 10:45:39.306755,2026/05/18 10:45:39.349,1,NVIDIA A100-SXM-64GB,147.81,31922,100
3602,2026-05-18 10:45:39.306755,2026/05/18 10:45:39.352,2,NVIDIA A100-SXM-64GB,147.78,31912,97
3603,2026-05-18 10:45:39.306755,2026/05/18 10:45:39.354,3,NVIDIA A100-SXM-64GB,147.33,31846,99
3604,2026-05-18 10:45:44.382759,2026/05/18 10:45:44.434,0,NVIDIA A100-SXM-64GB,146.45,31904,100
3605,2026-05-18 10:45:44.382759,2026/05/18 10:45:44.440,1,NVIDIA A100-SXM-64GB,133.41,31922,100
3606,2026-05-18 10:45:44.382759,2026/05/18 10:45:44.443,2,NVIDIA A100-SXM-64GB,162.82,31912,99
3607,2026-05-18 10:45:44.382759,2026/05/18 10:45:44.445,3,NVIDIA A100-SXM-64GB,136.57,31846,100
3608,2026-05-18 10:45:49.470083,2026/05/18 10:45:49.509,0,NVIDIA A100-SXM-64GB,152.87,31904,98
3609,2026-05-18 10:45:49.470083,2026/05/18 10:45:49.511,1,NVIDIA A100-SXM-64GB,147.20,31922,98
3610,2026-05-18 10:45:49.470083,2026/05/18 10:45:49.515,2,NVIDIA A100-SXM-64GB,137.98,31912,98
3611,2026-05-18 10:45:49.470083,2026/05/18 10:45:49.521,3,NVIDIA A100-SXM-64GB,143.36,31846,98
3612,2026-05-18 10:45:54.546269,2026/05/18 10:45:54.587,0,NVIDIA A100-SXM-64GB,156.83,31904,100
3613,2026-05-18 10:45:54.546269,2026/05/18 10:45:54.592,1,NVIDIA A100-SXM-64GB,161.61,31922,100
3614,2026-05-18 10:45:54.546269,2026/05/18 10:45:54.598,2,NVIDIA A100-SXM-64GB,164.36,31912,100
3615,2026-05-18 10:45:54.546269,2026/05/18 10:45:54.602,3,NVIDIA A100-SXM-64GB,150.09,31846,100
3616,2026-05-18 10:45:59.626405,2026/05/18 10:45:59.666,0,NVIDIA A100-SXM-64GB,182.53,31904,100
3617,2026-05-18 10:45:59.626405,2026/05/18 10:45:59.668,1,NVIDIA A100-SXM-64GB,177.04,31922,100
3618,2026-05-18 10:45:59.626405,2026/05/18 10:45:59.671,2,NVIDIA A100-SXM-64GB,190.22,31912,100
3619,2026-05-18 10:45:59.626405,2026/05/18 10:45:59.674,3,NVIDIA A100-SXM-64GB,186.12,31846,100
3620,2026-05-18 10:46:04.698370,2026/05/18 10:46:04.738,0,NVIDIA A100-SXM-64GB,165.06,31904,100
3621,2026-05-18 10:46:04.698370,2026/05/18 10:46:04.741,1,NVIDIA A100-SXM-64GB,185.88,31922,100
3622,2026-05-18 10:46:04.698370,2026/05/18 10:46:04.743,2,NVIDIA A100-SXM-64GB,168.99,31912,100
3623,2026-05-18 10:46:04.698370,2026/05/18 10:46:04.746,3,NVIDIA A100-SXM-64GB,157.47,31846,100
3624,2026-05-18 10:46:09.771032,2026/05/18 10:46:09.810,0,NVIDIA A100-SXM-64GB,156.50,31904,100
3625,2026-05-18 10:46:09.771032,2026/05/18 10:46:09.812,1,NVIDIA A100-SXM-64GB,142.92,31922,100
3626,2026-05-18 10:46:09.771032,2026/05/18 10:46:09.815,2,NVIDIA A100-SXM-64GB,169.87,31912,100
3627,2026-05-18 10:46:09.771032,2026/05/18 10:46:09.817,3,NVIDIA A100-SXM-64GB,167.62,31846,100
3628,2026-05-18 10:46:14.842911,2026/05/18 10:46:14.882,0,NVIDIA A100-SXM-64GB,180.99,31904,100
3629,2026-05-18 10:46:14.842911,2026/05/18 10:46:14.887,1,NVIDIA A100-SXM-64GB,167.54,31922,100
3630,2026-05-18 10:46:14.842911,2026/05/18 10:46:14.889,2,NVIDIA A100-SXM-64GB,165.30,31912,100
3631,2026-05-18 10:46:14.842911,2026/05/18 10:46:14.892,3,NVIDIA A100-SXM-64GB,157.14,31846,100
3632,2026-05-18 10:46:19.915070,2026/05/18 10:46:19.954,0,NVIDIA A100-SXM-64GB,155.90,31904,98
3633,2026-05-18 10:46:19.915070,2026/05/18 10:46:19.956,1,NVIDIA A100-SXM-64GB,147.81,31922,98
3634,2026-05-18 10:46:19.915070,2026/05/18 10:46:19.960,2,NVIDIA A100-SXM-64GB,152.68,31912,98
3635,2026-05-18 10:46:19.915070,2026/05/18 10:46:19.963,3,NVIDIA A100-SXM-64GB,142.42,31846,98
3636,2026-05-18 10:46:24.986747,2026/05/18 10:46:25.026,0,NVIDIA A100-SXM-64GB,155.90,31904,98
3637,2026-05-18 10:46:24.986747,2026/05/18 10:46:25.036,1,NVIDIA A100-SXM-64GB,141.05,31922,98
3638,2026-05-18 10:46:24.986747,2026/05/18 10:46:25.043,2,NVIDIA A100-SXM-64GB,148.45,31912,98
3639,2026-05-18 10:46:24.986747,2026/05/18 10:46:25.045,3,NVIDIA A100-SXM-64GB,147.33,31846,98
3640,2026-05-18 10:46:30.068778,2026/05/18 10:46:30.108,0,NVIDIA A100-SXM-64GB,152.87,31904,98
3641,2026-05-18 10:46:30.068778,2026/05/18 10:46:30.110,1,NVIDIA A100-SXM-64GB,145.99,31922,99
3642,2026-05-18 10:46:30.068778,2026/05/18 10:46:30.113,2,NVIDIA A100-SXM-64GB,152.08,31912,98
3643,2026-05-18 10:46:30.068778,2026/05/18 10:46:30.117,3,NVIDIA A100-SXM-64GB,141.49,31846,98
3644,2026-05-18 10:46:35.141010,2026/05/18 10:46:35.180,0,NVIDIA A100-SXM-64GB,153.48,31904,100
3645,2026-05-18 10:46:35.141010,2026/05/18 10:46:35.182,1,NVIDIA A100-SXM-64GB,147.20,31922,100
3646,2026-05-18 10:46:35.141010,2026/05/18 10:46:35.185,2,NVIDIA A100-SXM-64GB,152.68,31912,98
3647,2026-05-18 10:46:35.141010,2026/05/18 10:46:35.188,3,NVIDIA A100-SXM-64GB,142.42,31846,98
3648,2026-05-18 10:46:40.211276,2026/05/18 10:46:40.250,0,NVIDIA A100-SXM-64GB,155.29,31904,100
3649,2026-05-18 10:46:40.211276,2026/05/18 10:46:40.253,1,NVIDIA A100-SXM-64GB,163.25,31922,100
3650,2026-05-18 10:46:40.211276,2026/05/18 10:46:40.255,2,NVIDIA A100-SXM-64GB,165.91,31912,100
3651,2026-05-18 10:46:40.211276,2026/05/18 10:46:40.260,3,NVIDIA A100-SXM-64GB,150.09,31846,100
3652,2026-05-18 10:46:45.283791,2026/05/18 10:46:45.323,0,NVIDIA A100-SXM-64GB,148.41,31904,100
3653,2026-05-18 10:46:45.283791,2026/05/18 10:46:45.326,1,NVIDIA A100-SXM-64GB,133.13,31922,100
3654,2026-05-18 10:46:45.283791,2026/05/18 10:46:45.330,2,NVIDIA A100-SXM-64GB,183.79,31912,98
3655,2026-05-18 10:46:45.283791,2026/05/18 10:46:45.333,3,NVIDIA A100-SXM-64GB,165.14,31846,98
3656,2026-05-18 10:46:50.356082,2026/05/18 10:46:50.395,0,NVIDIA A100-SXM-64GB,145.84,31904,98
3657,2026-05-18 10:46:50.356082,2026/05/18 10:46:50.400,1,NVIDIA A100-SXM-64GB,132.53,31922,98
3658,2026-05-18 10:46:50.356082,2026/05/18 10:46:50.403,2,NVIDIA A100-SXM-64GB,175.26,31912,97
3659,2026-05-18 10:46:50.356082,2026/05/18 10:46:50.405,3,NVIDIA A100-SXM-64GB,158.08,31846,97
3660,2026-05-18 10:46:55.428673,2026/05/18 10:46:55.469,0,NVIDIA A100-SXM-64GB,194.72,31904,100
3661,2026-05-18 10:46:55.428673,2026/05/18 10:46:55.472,1,NVIDIA A100-SXM-64GB,167.71,31922,100
3662,2026-05-18 10:46:55.428673,2026/05/18 10:46:55.474,2,NVIDIA A100-SXM-64GB,173.11,31912,100
3663,2026-05-18 10:46:55.428673,2026/05/18 10:46:55.477,3,NVIDIA A100-SXM-64GB,177.85,31846,100
3664,2026-05-18 10:47:00.500520,2026/05/18 10:47:00.540,0,NVIDIA A100-SXM-64GB,168.47,31904,100
3665,2026-05-18 10:47:00.500520,2026/05/18 10:47:00.544,1,NVIDIA A100-SXM-64GB,164.19,31922,100
3666,2026-05-18 10:47:00.500520,2026/05/18 10:47:00.546,2,NVIDIA A100-SXM-64GB,165.30,31912,100
3667,2026-05-18 10:47:00.500520,2026/05/18 10:47:00.549,3,NVIDIA A100-SXM-64GB,164.53,31846,100
3668,2026-05-18 10:47:05.571839,2026/05/18 10:47:05.611,0,NVIDIA A100-SXM-64GB,158.36,31904,100
3669,2026-05-18 10:47:05.571839,2026/05/18 10:47:05.613,1,NVIDIA A100-SXM-64GB,144.46,31922,100
3670,2026-05-18 10:47:05.571839,2026/05/18 10:47:05.616,2,NVIDIA A100-SXM-64GB,152.68,31912,98
3671,2026-05-18 10:47:05.571839,2026/05/18 10:47:05.618,3,NVIDIA A100-SXM-64GB,147.93,31846,98
3672,2026-05-18 10:47:10.642134,2026/05/18 10:47:10.681,0,NVIDIA A100-SXM-64GB,156.50,31904,100
3673,2026-05-18 10:47:10.642134,2026/05/18 10:47:10.687,1,NVIDIA A100-SXM-64GB,141.38,31922,100
3674,2026-05-18 10:47:10.642134,2026/05/18 10:47:10.690,2,NVIDIA A100-SXM-64GB,189.94,31912,100
3675,2026-05-18 10:47:10.642134,2026/05/18 10:47:10.694,3,NVIDIA A100-SXM-64GB,163.32,31846,99
3676,2026-05-18 10:47:15.723291,2026/05/18 10:47:15.763,0,NVIDIA A100-SXM-64GB,169.95,31904,100
3677,2026-05-18 10:47:15.723291,2026/05/18 10:47:15.768,1,NVIDIA A100-SXM-64GB,157.60,31922,100
3678,2026-05-18 10:47:15.723291,2026/05/18 10:47:15.771,2,NVIDIA A100-SXM-64GB,155.77,31912,100
3679,2026-05-18 10:47:15.723291,2026/05/18 10:47:15.775,3,NVIDIA A100-SXM-64GB,179.86,31846,100
3680,2026-05-18 10:47:20.801205,2026/05/18 10:47:20.840,0,NVIDIA A100-SXM-64GB,154.36,31904,98
3681,2026-05-18 10:47:20.801205,2026/05/18 10:47:20.842,1,NVIDIA A100-SXM-64GB,141.38,31922,98
3682,2026-05-18 10:47:20.801205,2026/05/18 10:47:20.845,2,NVIDIA A100-SXM-64GB,154.84,31912,98
3683,2026-05-18 10:47:20.801205,2026/05/18 10:47:20.848,3,NVIDIA A100-SXM-64GB,145.17,31846,98
3684,2026-05-18 10:47:25.871174,2026/05/18 10:47:25.931,0,NVIDIA A100-SXM-64GB,208.50,31904,100
3685,2026-05-18 10:47:25.871174,2026/05/18 10:47:25.933,1,NVIDIA A100-SXM-64GB,200.54,31922,100
3686,2026-05-18 10:47:25.871174,2026/05/18 10:47:25.936,2,NVIDIA A100-SXM-64GB,140.73,31912,100
3687,2026-05-18 10:47:25.871174,2026/05/18 10:47:25.941,3,NVIDIA A100-SXM-64GB,134.90,31846,100
3688,2026-05-18 10:47:30.964785,2026/05/18 10:47:31.004,0,NVIDIA A100-SXM-64GB,196.58,31904,100
3689,2026-05-18 10:47:30.964785,2026/05/18 10:47:31.006,1,NVIDIA A100-SXM-64GB,173.35,31922,100
3690,2026-05-18 10:47:30.964785,2026/05/18 10:47:31.009,2,NVIDIA A100-SXM-64GB,195.45,31912,100
3691,2026-05-18 10:47:30.964785,2026/05/18 10:47:31.011,3,NVIDIA A100-SXM-64GB,175.71,31846,100
3692,2026-05-18 10:47:36.034717,2026/05/18 10:47:36.074,0,NVIDIA A100-SXM-64GB,178.52,31904,100
3693,2026-05-18 10:47:36.034717,2026/05/18 10:47:36.080,1,NVIDIA A100-SXM-64GB,177.65,31922,100
3694,2026-05-18 10:47:36.034717,2026/05/18 10:47:36.082,2,NVIDIA A100-SXM-64GB,181.96,31912,100
3695,2026-05-18 10:47:36.034717,2026/05/18 10:47:36.085,3,NVIDIA A100-SXM-64GB,170.65,31846,100
3696,2026-05-18 10:47:41.108326,2026/05/18 10:47:41.148,0,NVIDIA A100-SXM-64GB,211.63,31904,100
3697,2026-05-18 10:47:41.108326,2026/05/18 10:47:41.152,1,NVIDIA A100-SXM-64GB,192.30,31922,100
3698,2026-05-18 10:47:41.108326,2026/05/18 10:47:41.155,2,NVIDIA A100-SXM-64GB,189.62,31912,100
3699,2026-05-18 10:47:41.108326,2026/05/18 10:47:41.157,3,NVIDIA A100-SXM-64GB,167.90,31846,100
3700,2026-05-18 10:47:46.180712,2026/05/18 10:47:46.220,0,NVIDIA A100-SXM-64GB,145.19,31904,100
3701,2026-05-18 10:47:46.180712,2026/05/18 10:47:46.222,1,NVIDIA A100-SXM-64GB,134.95,31922,100
3702,2026-05-18 10:47:46.180712,2026/05/18 10:47:46.225,2,NVIDIA A100-SXM-64GB,163.15,31912,100
3703,2026-05-18 10:47:46.180712,2026/05/18 10:47:46.228,3,NVIDIA A100-SXM-64GB,165.74,31846,98
3704,2026-05-18 10:47:51.251154,2026/05/18 10:47:51.290,0,NVIDIA A100-SXM-64GB,188.63,31904,100
3705,2026-05-18 10:47:51.251154,2026/05/18 10:47:51.293,1,NVIDIA A100-SXM-64GB,145.07,31922,100
3706,2026-05-18 10:47:51.251154,2026/05/18 10:47:51.296,2,NVIDIA A100-SXM-64GB,159.79,31912,100
3707,2026-05-18 10:47:51.251154,2026/05/18 10:47:51.298,3,NVIDIA A100-SXM-64GB,158.08,31846,100
3708,2026-05-18 10:47:56.321511,2026/05/18 10:47:56.361,0,NVIDIA A100-SXM-64GB,174.90,31904,100
3709,2026-05-18 10:47:56.321511,2026/05/18 10:47:56.363,1,NVIDIA A100-SXM-64GB,174.56,31922,100
3710,2026-05-18 10:47:56.321511,2026/05/18 10:47:56.366,2,NVIDIA A100-SXM-64GB,193.91,31912,100
3711,2026-05-18 10:47:56.321511,2026/05/18 10:47:56.369,3,NVIDIA A100-SXM-64GB,167.90,31846,100
3712,2026-05-18 10:48:01.393991,2026/05/18 10:48:01.433,0,NVIDIA A100-SXM-64GB,156.23,31904,100
3713,2026-05-18 10:48:01.393991,2026/05/18 10:48:01.435,1,NVIDIA A100-SXM-64GB,160.95,31922,100
3714,2026-05-18 10:48:01.393991,2026/05/18 10:48:01.438,2,NVIDIA A100-SXM-64GB,175.71,31912,100
3715,2026-05-18 10:48:01.393991,2026/05/18 10:48:01.442,3,NVIDIA A100-SXM-64GB,168.22,31846,100
3716,2026-05-18 10:48:06.467126,2026/05/18 10:48:06.506,0,NVIDIA A100-SXM-64GB,155.90,31904,100
3717,2026-05-18 10:48:06.467126,2026/05/18 10:48:06.508,1,NVIDIA A100-SXM-64GB,145.07,31922,100
3718,2026-05-18 10:48:06.467126,2026/05/18 10:48:06.511,2,NVIDIA A100-SXM-64GB,151.80,31912,100
3719,2026-05-18 10:48:06.467126,2026/05/18 10:48:06.513,3,NVIDIA A100-SXM-64GB,142.75,31846,100
3720,2026-05-18 10:48:11.540267,2026/05/18 10:48:11.579,0,NVIDIA A100-SXM-64GB,155.90,31904,100
3721,2026-05-18 10:48:11.540267,2026/05/18 10:48:11.582,1,NVIDIA A100-SXM-64GB,179.97,31922,100
3722,2026-05-18 10:48:11.540267,2026/05/18 10:48:11.584,2,NVIDIA A100-SXM-64GB,204.64,31912,100
3723,2026-05-18 10:48:11.540267,2026/05/18 10:48:11.587,3,NVIDIA A100-SXM-64GB,176.49,31846,100
3724,2026-05-18 10:48:16.612627,2026/05/18 10:48:16.652,0,NVIDIA A100-SXM-64GB,153.15,31904,100
3725,2026-05-18 10:48:16.612627,2026/05/18 10:48:16.658,1,NVIDIA A100-SXM-64GB,143.53,31922,100
3726,2026-05-18 10:48:16.612627,2026/05/18 10:48:16.660,2,NVIDIA A100-SXM-64GB,154.23,31912,99
3727,2026-05-18 10:48:16.612627,2026/05/18 10:48:16.664,3,NVIDIA A100-SXM-64GB,147.93,31846,99
3728,2026-05-18 10:48:21.689344,2026/05/18 10:48:21.729,0,NVIDIA A100-SXM-64GB,176.38,31904,100
3729,2026-05-18 10:48:21.689344,2026/05/18 10:48:21.731,1,NVIDIA A100-SXM-64GB,157.32,31922,100
3730,2026-05-18 10:48:21.689344,2026/05/18 10:48:21.734,2,NVIDIA A100-SXM-64GB,168.33,31912,100
3731,2026-05-18 10:48:21.689344,2026/05/18 10:48:21.736,3,NVIDIA A100-SXM-64GB,174.35,31846,100
3732,2026-05-18 10:48:26.762105,2026/05/18 10:48:26.801,0,NVIDIA A100-SXM-64GB,152.22,31904,98
3733,2026-05-18 10:48:26.762105,2026/05/18 10:48:26.806,1,NVIDIA A100-SXM-64GB,148.74,31922,100
3734,2026-05-18 10:48:26.762105,2026/05/18 10:48:26.809,2,NVIDIA A100-SXM-64GB,153.34,31912,100
3735,2026-05-18 10:48:26.762105,2026/05/18 10:48:26.811,3,NVIDIA A100-SXM-64GB,143.36,31846,100
3736,2026-05-18 10:48:31.835919,2026/05/18 10:48:31.875,0,NVIDIA A100-SXM-64GB,179.46,31904,100
3737,2026-05-18 10:48:31.835919,2026/05/18 10:48:31.877,1,NVIDIA A100-SXM-64GB,183.14,31922,100
3738,2026-05-18 10:48:31.835919,2026/05/18 10:48:31.880,2,NVIDIA A100-SXM-64GB,179.21,31912,100
3739,2026-05-18 10:48:31.835919,2026/05/18 10:48:31.882,3,NVIDIA A100-SXM-64GB,175.62,31846,100
3740,2026-05-18 10:48:36.907661,2026/05/18 10:48:36.947,0,NVIDIA A100-SXM-64GB,183.14,31904,100
3741,2026-05-18 10:48:36.907661,2026/05/18 10:48:36.949,1,NVIDIA A100-SXM-64GB,145.99,31922,100
3742,2026-05-18 10:48:36.907661,2026/05/18 10:48:36.952,2,NVIDIA A100-SXM-64GB,183.79,31912,100
3743,2026-05-18 10:48:36.907661,2026/05/18 10:48:36.955,3,NVIDIA A100-SXM-64GB,168.99,31846,100
3744,2026-05-18 10:48:41.982174,2026/05/18 10:48:42.022,0,NVIDIA A100-SXM-64GB,154.69,31904,98
3745,2026-05-18 10:48:41.982174,2026/05/18 10:48:42.024,1,NVIDIA A100-SXM-64GB,146.12,31922,98
3746,2026-05-18 10:48:41.982174,2026/05/18 10:48:42.027,2,NVIDIA A100-SXM-64GB,153.95,31912,98
3747,2026-05-18 10:48:41.982174,2026/05/18 10:48:42.032,3,NVIDIA A100-SXM-64GB,144.90,31846,98
3748,2026-05-18 10:48:47.057949,2026/05/18 10:48:47.097,0,NVIDIA A100-SXM-64GB,156.83,31904,97
3749,2026-05-18 10:48:47.057949,2026/05/18 10:48:47.100,1,NVIDIA A100-SXM-64GB,146.88,31922,97
3750,2026-05-18 10:48:47.057949,2026/05/18 10:48:47.102,2,NVIDIA A100-SXM-64GB,151.47,31912,97
3751,2026-05-18 10:48:47.057949,2026/05/18 10:48:47.105,3,NVIDIA A100-SXM-64GB,147.93,31846,98
3752,2026-05-18 10:48:52.129261,2026/05/18 10:48:52.168,0,NVIDIA A100-SXM-64GB,174.24,31904,100
3753,2026-05-18 10:48:52.129261,2026/05/18 10:48:52.170,1,NVIDIA A100-SXM-64GB,177.04,31922,100
3754,2026-05-18 10:48:52.129261,2026/05/18 10:48:52.173,2,NVIDIA A100-SXM-64GB,185.24,31912,100
3755,2026-05-18 10:48:52.129261,2026/05/18 10:48:52.176,3,NVIDIA A100-SXM-64GB,167.90,31846,100
3756,2026-05-18 10:48:57.202212,2026/05/18 10:48:57.241,0,NVIDIA A100-SXM-64GB,177.65,31904,100
3757,2026-05-18 10:48:57.202212,2026/05/18 10:48:57.243,1,NVIDIA A100-SXM-64GB,163.42,31922,100
3758,2026-05-18 10:48:57.202212,2026/05/18 10:48:57.246,2,NVIDIA A100-SXM-64GB,185.24,31912,100
3759,2026-05-18 10:48:57.202212,2026/05/18 10:48:57.251,3,NVIDIA A100-SXM-64GB,167.28,31846,100
3760,2026-05-18 10:49:02.274956,2026/05/18 10:49:02.314,0,NVIDIA A100-SXM-64GB,158.64,31904,100
3761,2026-05-18 10:49:02.274956,2026/05/18 10:49:02.316,1,NVIDIA A100-SXM-64GB,140.44,31922,100
3762,2026-05-18 10:49:02.274956,2026/05/18 10:49:02.320,2,NVIDIA A100-SXM-64GB,148.45,31912,98
3763,2026-05-18 10:49:02.274956,2026/05/18 10:49:02.323,3,NVIDIA A100-SXM-64GB,145.51,31846,98
3764,2026-05-18 10:49:07.347874,2026/05/18 10:49:07.387,0,NVIDIA A100-SXM-64GB,153.48,31904,100
3765,2026-05-18 10:49:07.347874,2026/05/18 10:49:07.389,1,NVIDIA A100-SXM-64GB,142.59,31922,100
3766,2026-05-18 10:49:07.347874,2026/05/18 10:49:07.392,2,NVIDIA A100-SXM-64GB,153.62,31912,100
3767,2026-05-18 10:49:07.347874,2026/05/18 10:49:07.394,3,NVIDIA A100-SXM-64GB,145.79,31846,100
3768,2026-05-18 10:49:12.418351,2026/05/18 10:49:12.458,0,NVIDIA A100-SXM-64GB,178.52,31904,100
3769,2026-05-18 10:49:12.418351,2026/05/18 10:49:12.460,1,NVIDIA A100-SXM-64GB,167.54,31922,100
3770,2026-05-18 10:49:12.418351,2026/05/18 10:49:12.464,2,NVIDIA A100-SXM-64GB,159.46,31912,100
3771,2026-05-18 10:49:12.418351,2026/05/18 10:49:12.467,3,NVIDIA A100-SXM-64GB,165.74,31846,100
3772,2026-05-18 10:49:17.490721,2026/05/18 10:49:17.530,0,NVIDIA A100-SXM-64GB,191.70,31904,100
3773,2026-05-18 10:49:17.490721,2026/05/18 10:49:17.532,1,NVIDIA A100-SXM-64GB,178.85,31922,100
3774,2026-05-18 10:49:17.490721,2026/05/18 10:49:17.535,2,NVIDIA A100-SXM-64GB,169.87,31912,100
3775,2026-05-18 10:49:17.490721,2026/05/18 10:49:17.537,3,NVIDIA A100-SXM-64GB,168.22,31846,100
3776,2026-05-18 10:49:22.565130,2026/05/18 10:49:22.615,0,NVIDIA A100-SXM-64GB,170.11,31904,100
3777,2026-05-18 10:49:22.565130,2026/05/18 10:49:22.621,1,NVIDIA A100-SXM-64GB,157.43,31922,100
3778,2026-05-18 10:49:22.565130,2026/05/18 10:49:22.624,2,NVIDIA A100-SXM-64GB,175.53,31912,100
3779,2026-05-18 10:49:22.565130,2026/05/18 10:49:22.626,3,NVIDIA A100-SXM-64GB,154.55,31846,100
3780,2026-05-18 10:49:27.653945,2026/05/18 10:49:27.693,0,NVIDIA A100-SXM-64GB,155.29,31904,98
3781,2026-05-18 10:49:27.653945,2026/05/18 10:49:27.695,1,NVIDIA A100-SXM-64GB,177.04,31922,100
3782,2026-05-18 10:49:27.653945,2026/05/18 10:49:27.698,2,NVIDIA A100-SXM-64GB,148.45,31912,98
3783,2026-05-18 10:49:27.653945,2026/05/18 10:49:27.700,3,NVIDIA A100-SXM-64GB,142.75,31846,98
3784,2026-05-18 10:49:32.726348,2026/05/18 10:49:32.766,0,NVIDIA A100-SXM-64GB,170.28,31904,100
3785,2026-05-18 10:49:32.726348,2026/05/18 10:49:32.768,1,NVIDIA A100-SXM-64GB,173.35,31922,100
3786,2026-05-18 10:49:32.726348,2026/05/18 10:49:32.771,2,NVIDIA A100-SXM-64GB,178.46,31912,100
3787,2026-05-18 10:49:32.726348,2026/05/18 10:49:32.774,3,NVIDIA A100-SXM-64GB,169.44,31846,100
3788,2026-05-18 10:49:37.800075,2026/05/18 10:49:37.840,0,NVIDIA A100-SXM-64GB,151.34,31904,98
3789,2026-05-18 10:49:37.800075,2026/05/18 10:49:37.842,1,NVIDIA A100-SXM-64GB,131.87,31922,98
3790,2026-05-18 10:49:37.800075,2026/05/18 10:49:37.845,2,NVIDIA A100-SXM-64GB,153.62,31912,98
3791,2026-05-18 10:49:37.800075,2026/05/18 10:49:37.848,3,NVIDIA A100-SXM-64GB,143.03,31846,98
3792,2026-05-18 10:49:42.873103,2026/05/18 10:49:42.913,0,NVIDIA A100-SXM-64GB,151.94,31904,98
3793,2026-05-18 10:49:42.873103,2026/05/18 10:49:42.915,1,NVIDIA A100-SXM-64GB,146.88,31922,98
3794,2026-05-18 10:49:42.873103,2026/05/18 10:49:42.918,2,NVIDIA A100-SXM-64GB,150.26,31912,98
3795,2026-05-18 10:49:42.873103,2026/05/18 10:49:42.921,3,NVIDIA A100-SXM-64GB,145.17,31846,98
3796,2026-05-18 10:49:47.945285,2026/05/18 10:49:47.985,0,NVIDIA A100-SXM-64GB,169.51,31904,100
3797,2026-05-18 10:49:47.945285,2026/05/18 10:49:47.987,1,NVIDIA A100-SXM-64GB,153.48,31922,100
3798,2026-05-18 10:49:47.945285,2026/05/18 10:49:47.990,2,NVIDIA A100-SXM-64GB,165.13,31912,100
3799,2026-05-18 10:49:47.945285,2026/05/18 10:49:47.996,3,NVIDIA A100-SXM-64GB,153.34,31846,100
3800,2026-05-18 10:49:53.024177,2026/05/18 10:49:53.063,0,NVIDIA A100-SXM-64GB,172.75,31904,100
3801,2026-05-18 10:49:53.024177,2026/05/18 10:49:53.065,1,NVIDIA A100-SXM-64GB,190.76,31922,100
3802,2026-05-18 10:49:53.024177,2026/05/18 10:49:53.068,2,NVIDIA A100-SXM-64GB,197.60,31912,100
3803,2026-05-18 10:49:53.024177,2026/05/18 10:49:53.070,3,NVIDIA A100-SXM-64GB,182.76,31846,100
3804,2026-05-18 10:49:58.094645,2026/05/18 10:49:58.134,0,NVIDIA A100-SXM-64GB,159.30,31904,100
3805,2026-05-18 10:49:58.094645,2026/05/18 10:49:58.140,1,NVIDIA A100-SXM-64GB,158.36,31922,97
3806,2026-05-18 10:49:58.094645,2026/05/18 10:49:58.143,2,NVIDIA A100-SXM-64GB,138.59,31912,100
3807,2026-05-18 10:49:58.094645,2026/05/18 10:49:58.145,3,NVIDIA A100-SXM-64GB,136.90,31846,97
3808,2026-05-18 10:50:03.170152,2026/05/18 10:50:03.209,0,NVIDIA A100-SXM-64GB,152.54,31904,100
3809,2026-05-18 10:50:03.170152,2026/05/18 10:50:03.211,1,NVIDIA A100-SXM-64GB,147.99,31922,100
3810,2026-05-18 10:50:03.170152,2026/05/18 10:50:03.214,2,NVIDIA A100-SXM-64GB,149.05,31912,100
3811,2026-05-18 10:50:03.170152,2026/05/18 10:50:03.252,3,NVIDIA A100-SXM-64GB,143.97,31846,100
3812,2026-05-18 10:50:08.276545,2026/05/18 10:50:08.327,0,NVIDIA A100-SXM-64GB,180.66,31904,100
3813,2026-05-18 10:50:08.276545,2026/05/18 10:50:08.330,1,NVIDIA A100-SXM-64GB,179.13,31922,100
3814,2026-05-18 10:50:08.276545,2026/05/18 10:50:08.333,2,NVIDIA A100-SXM-64GB,148.72,31912,100
3815,2026-05-18 10:50:08.276545,2026/05/18 10:50:08.335,3,NVIDIA A100-SXM-64GB,165.47,31846,100
3816,2026-05-18 10:50:13.361931,2026/05/18 10:50:13.401,0,NVIDIA A100-SXM-64GB,187.50,31904,100
3817,2026-05-18 10:50:13.361931,2026/05/18 10:50:13.403,1,NVIDIA A100-SXM-64GB,179.78,31922,100
3818,2026-05-18 10:50:13.361931,2026/05/18 10:50:13.406,2,NVIDIA A100-SXM-64GB,175.26,31912,100
3819,2026-05-18 10:50:13.361931,2026/05/18 10:50:13.408,3,NVIDIA A100-SXM-64GB,163.15,31846,100
3820,2026-05-18 10:50:18.432764,2026/05/18 10:50:18.472,0,NVIDIA A100-SXM-64GB,187.69,31904,100
3821,2026-05-18 10:50:18.432764,2026/05/18 10:50:18.474,1,NVIDIA A100-SXM-64GB,162.65,31922,100
3822,2026-05-18 10:50:18.432764,2026/05/18 10:50:18.477,2,NVIDIA A100-SXM-64GB,173.99,31912,100
3823,2026-05-18 10:50:18.432764,2026/05/18 10:50:18.481,3,NVIDIA A100-SXM-64GB,175.10,31846,100
3824,2026-05-18 10:50:23.505371,2026/05/18 10:50:23.545,0,NVIDIA A100-SXM-64GB,185.27,31904,100
3825,2026-05-18 10:50:23.505371,2026/05/18 10:50:23.547,1,NVIDIA A100-SXM-64GB,145.99,31922,100
3826,2026-05-18 10:50:23.505371,2026/05/18 10:50:23.550,2,NVIDIA A100-SXM-64GB,155.49,31912,100
3827,2026-05-18 10:50:23.505371,2026/05/18 10:50:23.552,3,NVIDIA A100-SXM-64GB,192.29,31846,100
3828,2026-05-18 10:50:28.577256,2026/05/18 10:50:28.616,0,NVIDIA A100-SXM-64GB,176.38,31904,100
3829,2026-05-18 10:50:28.577256,2026/05/18 10:50:28.618,1,NVIDIA A100-SXM-64GB,177.92,31922,100
3830,2026-05-18 10:50:28.577256,2026/05/18 10:50:28.621,2,NVIDIA A100-SXM-64GB,175.44,31912,100
3831,2026-05-18 10:50:28.577256,2026/05/18 10:50:28.623,3,NVIDIA A100-SXM-64GB,175.28,31846,100
3832,2026-05-18 10:50:33.647570,2026/05/18 10:50:33.687,0,NVIDIA A100-SXM-64GB,164.79,31904,100
3833,2026-05-18 10:50:33.647570,2026/05/18 10:50:33.689,1,NVIDIA A100-SXM-64GB,171.67,31922,100
3834,2026-05-18 10:50:33.647570,2026/05/18 10:50:33.692,2,NVIDIA A100-SXM-64GB,175.86,31912,100
3835,2026-05-18 10:50:33.647570,2026/05/18 10:50:33.694,3,NVIDIA A100-SXM-64GB,165.74,31846,100
3836,2026-05-18 10:50:38.718886,2026/05/18 10:50:38.758,0,NVIDIA A100-SXM-64GB,155.74,31904,98
3837,2026-05-18 10:50:38.718886,2026/05/18 10:50:38.760,1,NVIDIA A100-SXM-64GB,143.71,31922,98
3838,2026-05-18 10:50:38.718886,2026/05/18 10:50:38.763,2,NVIDIA A100-SXM-64GB,154.40,31912,98
3839,2026-05-18 10:50:38.718886,2026/05/18 10:50:38.765,3,NVIDIA A100-SXM-64GB,147.18,31846,98
3840,2026-05-18 10:50:43.789332,2026/05/18 10:50:43.828,0,NVIDIA A100-SXM-64GB,151.01,31904,97
3841,2026-05-18 10:50:43.789332,2026/05/18 10:50:43.830,1,NVIDIA A100-SXM-64GB,149.02,31922,97
3842,2026-05-18 10:50:43.789332,2026/05/18 10:50:43.833,2,NVIDIA A100-SXM-64GB,151.47,31912,97
3843,2026-05-18 10:50:43.789332,2026/05/18 10:50:43.838,3,NVIDIA A100-SXM-64GB,142.42,31846,97
3844,2026-05-18 10:50:48.864115,2026/05/18 10:50:48.903,0,NVIDIA A100-SXM-64GB,174.56,31904,100
3845,2026-05-18 10:50:48.864115,2026/05/18 10:50:48.905,1,NVIDIA A100-SXM-64GB,181.93,31922,100
3846,2026-05-18 10:50:48.864115,2026/05/18 10:50:48.908,2,NVIDIA A100-SXM-64GB,193.91,31912,100
3847,2026-05-18 10:50:48.864115,2026/05/18 10:50:48.911,3,NVIDIA A100-SXM-64GB,181.22,31846,100
3848,2026-05-18 10:50:53.935121,2026/05/18 10:50:53.974,0,NVIDIA A100-SXM-64GB,171.49,31904,98
3849,2026-05-18 10:50:53.935121,2026/05/18 10:50:53.978,1,NVIDIA A100-SXM-64GB,145.34,31922,100
3850,2026-05-18 10:50:53.935121,2026/05/18 10:50:53.980,2,NVIDIA A100-SXM-64GB,164.70,31912,98
3851,2026-05-18 10:50:53.935121,2026/05/18 10:50:53.983,3,NVIDIA A100-SXM-64GB,156.26,31846,98
3852,2026-05-18 10:50:59.008776,2026/05/18 10:50:59.048,0,NVIDIA A100-SXM-64GB,165.06,31904,100
3853,2026-05-18 10:50:59.008776,2026/05/18 10:50:59.050,1,NVIDIA A100-SXM-64GB,170.89,31922,100
3854,2026-05-18 10:50:59.008776,2026/05/18 10:50:59.053,2,NVIDIA A100-SXM-64GB,163.15,31912,100
3855,2026-05-18 10:50:59.008776,2026/05/18 10:50:59.055,3,NVIDIA A100-SXM-64GB,146.73,31846,100
3856,2026-05-18 10:51:04.082516,2026/05/18 10:51:04.134,0,NVIDIA A100-SXM-64GB,195.46,31904,100
3857,2026-05-18 10:51:04.082516,2026/05/18 10:51:04.136,1,NVIDIA A100-SXM-64GB,187.50,31922,100
3858,2026-05-18 10:51:04.082516,2026/05/18 10:51:04.139,2,NVIDIA A100-SXM-64GB,175.86,31912,100
3859,2026-05-18 10:51:04.082516,2026/05/18 10:51:04.141,3,NVIDIA A100-SXM-64GB,173.56,31846,100
3860,2026-05-18 10:51:09.165217,2026/05/18 10:51:09.204,0,NVIDIA A100-SXM-64GB,175.50,31904,100
3861,2026-05-18 10:51:09.165217,2026/05/18 10:51:09.207,1,NVIDIA A100-SXM-64GB,152.10,31922,100
3862,2026-05-18 10:51:09.165217,2026/05/18 10:51:09.209,2,NVIDIA A100-SXM-64GB,151.20,31912,100
3863,2026-05-18 10:51:09.165217,2026/05/18 10:51:09.212,3,NVIDIA A100-SXM-64GB,156.54,31846,100
3864,2026-05-18 10:51:14.237105,2026/05/18 10:51:14.276,0,NVIDIA A100-SXM-64GB,160.34,31904,100
3865,2026-05-18 10:51:14.237105,2026/05/18 10:51:14.278,1,NVIDIA A100-SXM-64GB,174.06,31922,100
3866,2026-05-18 10:51:14.237105,2026/05/18 10:51:14.281,2,NVIDIA A100-SXM-64GB,165.13,31912,100
3867,2026-05-18 10:51:14.237105,2026/05/18 10:51:14.285,3,NVIDIA A100-SXM-64GB,180.95,31846,100
3868,2026-05-18 10:51:19.310660,2026/05/18 10:51:19.350,0,NVIDIA A100-SXM-64GB,155.29,31904,100
3869,2026-05-18 10:51:19.310660,2026/05/18 10:51:19.352,1,NVIDIA A100-SXM-64GB,157.93,31922,100
3870,2026-05-18 10:51:19.310660,2026/05/18 10:51:19.355,2,NVIDIA A100-SXM-64GB,157.31,31912,100
3871,2026-05-18 10:51:19.310660,2026/05/18 10:51:19.358,3,NVIDIA A100-SXM-64GB,179.86,31846,100
3872,2026-05-18 10:51:24.383172,2026/05/18 10:51:24.422,0,NVIDIA A100-SXM-64GB,155.62,31904,100
3873,2026-05-18 10:51:24.383172,2026/05/18 10:51:24.424,1,NVIDIA A100-SXM-64GB,176.71,31922,100
3874,2026-05-18 10:51:24.383172,2026/05/18 10:51:24.427,2,NVIDIA A100-SXM-64GB,178.01,31912,100
3875,2026-05-18 10:51:24.383172,2026/05/18 10:51:24.429,3,NVIDIA A100-SXM-64GB,146.44,31846,100
3876,2026-05-18 10:51:29.453720,2026/05/18 10:51:29.493,0,NVIDIA A100-SXM-64GB,171.82,31904,100
3877,2026-05-18 10:51:29.453720,2026/05/18 10:51:29.495,1,NVIDIA A100-SXM-64GB,169.95,31922,100
3878,2026-05-18 10:51:29.453720,2026/05/18 10:51:29.498,2,NVIDIA A100-SXM-64GB,187.47,31912,100
3879,2026-05-18 10:51:29.453720,2026/05/18 10:51:29.500,3,NVIDIA A100-SXM-64GB,147.05,31846,100
3880,2026-05-18 10:51:34.525229,2026/05/18 10:51:34.564,0,NVIDIA A100-SXM-64GB,146.12,31904,99
3881,2026-05-18 10:51:34.525229,2026/05/18 10:51:34.566,1,NVIDIA A100-SXM-64GB,144.13,31922,100
3882,2026-05-18 10:51:34.525229,2026/05/18 10:51:34.569,2,NVIDIA A100-SXM-64GB,151.20,31912,100
3883,2026-05-18 10:51:34.525229,2026/05/18 10:51:34.571,3,NVIDIA A100-SXM-64GB,203.03,31846,100
3884,2026-05-18 10:51:39.596182,2026/05/18 10:51:39.635,0,NVIDIA A100-SXM-64GB,153.00,31904,98
3885,2026-05-18 10:51:39.596182,2026/05/18 10:51:39.638,1,NVIDIA A100-SXM-64GB,149.47,31922,98
3886,2026-05-18 10:51:39.596182,2026/05/18 10:51:39.641,2,NVIDIA A100-SXM-64GB,151.93,31912,98
3887,2026-05-18 10:51:39.596182,2026/05/18 10:51:39.644,3,NVIDIA A100-SXM-64GB,149.05,31846,98
3888,2026-05-18 10:51:44.669167,2026/05/18 10:51:44.708,0,NVIDIA A100-SXM-64GB,156.50,31904,100
3889,2026-05-18 10:51:44.669167,2026/05/18 10:51:44.711,1,NVIDIA A100-SXM-64GB,172.09,31922,100
3890,2026-05-18 10:51:44.669167,2026/05/18 10:51:44.713,2,NVIDIA A100-SXM-64GB,152.68,31912,100
3891,2026-05-18 10:51:44.669167,2026/05/18 10:51:44.716,3,NVIDIA A100-SXM-64GB,149.20,31846,100
3892,2026-05-18 10:51:49.742704,2026/05/18 10:51:49.782,0,NVIDIA A100-SXM-64GB,188.15,31904,100
3893,2026-05-18 10:51:49.742704,2026/05/18 10:51:49.784,1,NVIDIA A100-SXM-64GB,178.85,31922,100
3894,2026-05-18 10:51:49.742704,2026/05/18 10:51:49.790,2,NVIDIA A100-SXM-64GB,180.76,31912,100
3895,2026-05-18 10:51:49.742704,2026/05/18 10:51:49.792,3,NVIDIA A100-SXM-64GB,183.70,31846,100
3896,2026-05-18 10:51:54.823283,2026/05/18 10:51:54.877,0,NVIDIA A100-SXM-64GB,235.77,31904,98
3897,2026-05-18 10:51:54.823283,2026/05/18 10:51:54.879,1,NVIDIA A100-SXM-64GB,200.26,31922,100
3898,2026-05-18 10:51:54.823283,2026/05/18 10:51:54.882,2,NVIDIA A100-SXM-64GB,178.19,31912,100
3899,2026-05-18 10:51:54.823283,2026/05/18 10:51:54.884,3,NVIDIA A100-SXM-64GB,133.21,31846,100
3900,2026-05-18 10:51:59.910162,2026/05/18 10:51:59.949,0,NVIDIA A100-SXM-64GB,187.42,31904,100
3901,2026-05-18 10:51:59.910162,2026/05/18 10:51:59.951,1,NVIDIA A100-SXM-64GB,173.35,31922,100
3902,2026-05-18 10:51:59.910162,2026/05/18 10:51:59.954,2,NVIDIA A100-SXM-64GB,175.53,31912,100
3903,2026-05-18 10:51:59.910162,2026/05/18 10:51:59.956,3,NVIDIA A100-SXM-64GB,165.74,31846,100
3904,2026-05-18 10:52:04.981902,2026/05/18 10:52:05.021,0,NVIDIA A100-SXM-64GB,155.90,31904,99
3905,2026-05-18 10:52:04.981902,2026/05/18 10:52:05.023,1,NVIDIA A100-SXM-64GB,144.58,31922,97
3906,2026-05-18 10:52:04.981902,2026/05/18 10:52:05.026,2,NVIDIA A100-SXM-64GB,151.32,31912,97
3907,2026-05-18 10:52:04.981902,2026/05/18 10:52:05.032,3,NVIDIA A100-SXM-64GB,145.36,31846,97
3908,2026-05-18 10:52:10.060003,2026/05/18 10:52:10.099,0,NVIDIA A100-SXM-64GB,173.03,31904,100
3909,2026-05-18 10:52:10.060003,2026/05/18 10:52:10.109,1,NVIDIA A100-SXM-64GB,184.34,31922,100
3910,2026-05-18 10:52:10.060003,2026/05/18 10:52:10.111,2,NVIDIA A100-SXM-64GB,189.34,31912,100
3911,2026-05-18 10:52:10.060003,2026/05/18 10:52:10.114,3,NVIDIA A100-SXM-64GB,176.04,31846,100
3912,2026-05-18 10:52:15.142560,2026/05/18 10:52:15.182,0,NVIDIA A100-SXM-64GB,144.58,31904,100
3913,2026-05-18 10:52:15.142560,2026/05/18 10:52:15.187,1,NVIDIA A100-SXM-64GB,158.36,31922,100
3914,2026-05-18 10:52:15.142560,2026/05/18 10:52:15.189,2,NVIDIA A100-SXM-64GB,195.77,31912,98
3915,2026-05-18 10:52:15.142560,2026/05/18 10:52:15.192,3,NVIDIA A100-SXM-64GB,143.36,31846,98
3916,2026-05-18 10:52:20.216396,2026/05/18 10:52:20.256,0,NVIDIA A100-SXM-64GB,173.46,31904,100
3917,2026-05-18 10:52:20.216396,2026/05/18 10:52:20.258,1,NVIDIA A100-SXM-64GB,150.41,31922,100
3918,2026-05-18 10:52:20.216396,2026/05/18 10:52:20.262,2,NVIDIA A100-SXM-64GB,153.19,31912,100
3919,2026-05-18 10:52:20.216396,2026/05/18 10:52:20.264,3,NVIDIA A100-SXM-64GB,173.56,31846,100
3920,2026-05-18 10:52:25.288708,2026/05/18 10:52:25.328,0,NVIDIA A100-SXM-64GB,175.17,31904,100
3921,2026-05-18 10:52:25.288708,2026/05/18 10:52:25.333,1,NVIDIA A100-SXM-64GB,174.56,31922,100
3922,2026-05-18 10:52:25.288708,2026/05/18 10:52:25.335,2,NVIDIA A100-SXM-64GB,188.93,31912,100
3923,2026-05-18 10:52:25.288708,2026/05/18 10:52:25.338,3,NVIDIA A100-SXM-64GB,174.35,31846,100
3924,2026-05-18 10:52:30.362359,2026/05/18 10:52:30.402,0,NVIDIA A100-SXM-64GB,163.58,31904,100
3925,2026-05-18 10:52:30.362359,2026/05/18 10:52:30.404,1,NVIDIA A100-SXM-64GB,168.15,31922,100
3926,2026-05-18 10:52:30.362359,2026/05/18 10:52:30.407,2,NVIDIA A100-SXM-64GB,172.44,31912,100
3927,2026-05-18 10:52:30.362359,2026/05/18 10:52:30.409,3,NVIDIA A100-SXM-64GB,157.14,31846,100
3928,2026-05-18 10:52:35.438738,2026/05/18 10:52:35.478,0,NVIDIA A100-SXM-64GB,150.74,31904,98
3929,2026-05-18 10:52:35.438738,2026/05/18 10:52:35.480,1,NVIDIA A100-SXM-64GB,142.92,31922,100
3930,2026-05-18 10:52:35.438738,2026/05/18 10:52:35.483,2,NVIDIA A100-SXM-64GB,151.20,31912,100
3931,2026-05-18 10:52:35.438738,2026/05/18 10:52:35.488,3,NVIDIA A100-SXM-64GB,145.17,31846,100
3932,2026-05-18 10:52:40.513428,2026/05/18 10:52:40.553,0,NVIDIA A100-SXM-64GB,153.15,31904,97
3933,2026-05-18 10:52:40.513428,2026/05/18 10:52:40.559,1,NVIDIA A100-SXM-64GB,144.73,31922,98
3934,2026-05-18 10:52:40.513428,2026/05/18 10:52:40.562,2,NVIDIA A100-SXM-64GB,148.72,31912,98
3935,2026-05-18 10:52:40.513428,2026/05/18 10:52:40.564,3,NVIDIA A100-SXM-64GB,144.30,31846,97
3936,2026-05-18 10:52:45.590061,2026/05/18 10:52:45.629,0,NVIDIA A100-SXM-64GB,188.43,31904,100
3937,2026-05-18 10:52:45.590061,2026/05/18 10:52:45.631,1,NVIDIA A100-SXM-64GB,176.10,31922,100
3938,2026-05-18 10:52:45.590061,2026/05/18 10:52:45.634,2,NVIDIA A100-SXM-64GB,197.27,31912,100
3939,2026-05-18 10:52:45.590061,2026/05/18 10:52:45.636,3,NVIDIA A100-SXM-64GB,161.60,31846,100
3940,2026-05-18 10:52:50.662228,2026/05/18 10:52:50.702,0,NVIDIA A100-SXM-64GB,173.03,31904,100
3941,2026-05-18 10:52:50.662228,2026/05/18 10:52:50.704,1,NVIDIA A100-SXM-64GB,161.27,31922,100
3942,2026-05-18 10:52:50.662228,2026/05/18 10:52:50.707,2,NVIDIA A100-SXM-64GB,184.63,31912,100
3943,2026-05-18 10:52:50.662228,2026/05/18 10:52:50.709,3,NVIDIA A100-SXM-64GB,177.76,31846,100
3944,2026-05-18 10:52:55.736864,2026/05/18 10:52:55.776,0,NVIDIA A100-SXM-64GB,164.19,31904,100
3945,2026-05-18 10:52:55.736864,2026/05/18 10:52:55.778,1,NVIDIA A100-SXM-64GB,150.56,31922,100
3946,2026-05-18 10:52:55.736864,2026/05/18 10:52:55.781,2,NVIDIA A100-SXM-64GB,183.18,31912,100
3947,2026-05-18 10:52:55.736864,2026/05/18 10:52:55.783,3,NVIDIA A100-SXM-64GB,173.46,31846,100
3948,2026-05-18 10:53:00.813772,2026/05/18 10:53:00.854,0,NVIDIA A100-SXM-64GB,154.08,31904,98
3949,2026-05-18 10:53:00.813772,2026/05/18 10:53:00.856,1,NVIDIA A100-SXM-64GB,148.26,31922,98
3950,2026-05-18 10:53:00.813772,2026/05/18 10:53:00.859,2,NVIDIA A100-SXM-64GB,153.34,31912,98
3951,2026-05-18 10:53:00.813772,2026/05/18 10:53:00.863,3,NVIDIA A100-SXM-64GB,147.33,31846,98
3952,2026-05-18 10:53:05.889484,2026/05/18 10:53:05.929,0,NVIDIA A100-SXM-64GB,180.21,31904,100
3953,2026-05-18 10:53:05.889484,2026/05/18 10:53:05.931,1,NVIDIA A100-SXM-64GB,177.92,31922,100
3954,2026-05-18 10:53:05.889484,2026/05/18 10:53:05.934,2,NVIDIA A100-SXM-64GB,172.17,31912,100
3955,2026-05-18 10:53:05.889484,2026/05/18 10:53:05.936,3,NVIDIA A100-SXM-64GB,168.05,31846,100
3956,2026-05-18 10:53:10.963542,2026/05/18 10:53:11.014,0,NVIDIA A100-SXM-64GB,213.77,31904,100
3957,2026-05-18 10:53:10.963542,2026/05/18 10:53:11.017,1,NVIDIA A100-SXM-64GB,185.27,31922,98
3958,2026-05-18 10:53:10.963542,2026/05/18 10:53:11.019,2,NVIDIA A100-SXM-64GB,195.45,31912,99
3959,2026-05-18 10:53:10.963542,2026/05/18 10:53:11.022,3,NVIDIA A100-SXM-64GB,203.63,31846,100
3960,2026-05-18 10:53:16.048175,2026/05/18 10:53:16.087,0,NVIDIA A100-SXM-64GB,167.97,31904,100
3961,2026-05-18 10:53:16.048175,2026/05/18 10:53:16.089,1,NVIDIA A100-SXM-64GB,131.46,31922,97
3962,2026-05-18 10:53:16.048175,2026/05/18 10:53:16.093,2,NVIDIA A100-SXM-64GB,138.45,31912,97
3963,2026-05-18 10:53:16.048175,2026/05/18 10:53:16.095,3,NVIDIA A100-SXM-64GB,202.22,31846,98
3964,2026-05-18 10:53:21.121431,2026/05/18 10:53:21.161,0,NVIDIA A100-SXM-64GB,191.09,31904,100
3965,2026-05-18 10:53:21.121431,2026/05/18 10:53:21.165,1,NVIDIA A100-SXM-64GB,187.42,31922,100
3966,2026-05-18 10:53:21.121431,2026/05/18 10:53:21.170,2,NVIDIA A100-SXM-64GB,191.48,31912,100
3967,2026-05-18 10:53:21.121431,2026/05/18 10:53:21.173,3,NVIDIA A100-SXM-64GB,170.65,31846,100
3968,2026-05-18 10:53:26.200496,2026/05/18 10:53:26.240,0,NVIDIA A100-SXM-64GB,169.68,31904,100
3969,2026-05-18 10:53:26.200496,2026/05/18 10:53:26.242,1,NVIDIA A100-SXM-64GB,160.78,31922,100
3970,2026-05-18 10:53:26.200496,2026/05/18 10:53:26.245,2,NVIDIA A100-SXM-64GB,173.11,31912,100
3971,2026-05-18 10:53:26.200496,2026/05/18 10:53:26.247,3,NVIDIA A100-SXM-64GB,169.16,31846,100
3972,2026-05-18 10:53:31.274734,2026/05/18 10:53:31.314,0,NVIDIA A100-SXM-64GB,154.69,31904,100
3973,2026-05-18 10:53:31.274734,2026/05/18 10:53:31.316,1,NVIDIA A100-SXM-64GB,141.84,31922,98
3974,2026-05-18 10:53:31.274734,2026/05/18 10:53:31.319,2,NVIDIA A100-SXM-64GB,152.08,31912,98
3975,2026-05-18 10:53:31.274734,2026/05/18 10:53:31.321,3,NVIDIA A100-SXM-64GB,143.63,31846,100
3976,2026-05-18 10:53:36.346896,2026/05/18 10:53:36.386,0,NVIDIA A100-SXM-64GB,155.62,31904,100
3977,2026-05-18 10:53:36.346896,2026/05/18 10:53:36.388,1,NVIDIA A100-SXM-64GB,176.85,31922,98
3978,2026-05-18 10:53:36.346896,2026/05/18 10:53:36.393,2,NVIDIA A100-SXM-64GB,154.07,31912,100
3979,2026-05-18 10:53:36.346896,2026/05/18 10:53:36.396,3,NVIDIA A100-SXM-64GB,166.51,31846,100
3980,2026-05-18 10:53:41.420880,2026/05/18 10:53:41.460,0,NVIDIA A100-SXM-64GB,172.58,31904,100
3981,2026-05-18 10:53:41.420880,2026/05/18 10:53:41.466,1,NVIDIA A100-SXM-64GB,157.76,31922,100
3982,2026-05-18 10:53:41.420880,2026/05/18 10:53:41.468,2,NVIDIA A100-SXM-64GB,154.40,31912,100
3983,2026-05-18 10:53:41.420880,2026/05/18 10:53:41.471,3,NVIDIA A100-SXM-64GB,168.05,31846,100
3984,2026-05-18 10:53:46.496619,2026/05/18 10:53:46.536,0,NVIDIA A100-SXM-64GB,181.55,31904,100
3985,2026-05-18 10:53:46.496619,2026/05/18 10:53:46.538,1,NVIDIA A100-SXM-64GB,164.02,31922,100
3986,2026-05-18 10:53:46.496619,2026/05/18 10:53:46.541,2,NVIDIA A100-SXM-64GB,178.61,31912,100
3987,2026-05-18 10:53:46.496619,2026/05/18 10:53:46.543,3,NVIDIA A100-SXM-64GB,178.28,31846,100
3988,2026-05-18 10:53:51.568754,2026/05/18 10:53:51.608,0,NVIDIA A100-SXM-64GB,166.43,31904,100
3989,2026-05-18 10:53:51.568754,2026/05/18 10:53:51.610,1,NVIDIA A100-SXM-64GB,185.36,31922,100
3990,2026-05-18 10:53:51.568754,2026/05/18 10:53:51.615,2,NVIDIA A100-SXM-64GB,207.51,31912,100
3991,2026-05-18 10:53:51.568754,2026/05/18 10:53:51.628,3,NVIDIA A100-SXM-64GB,127.57,31846,100
3992,2026-05-18 10:53:56.652909,2026/05/18 10:53:56.692,0,NVIDIA A100-SXM-64GB,159.57,31904,98
3993,2026-05-18 10:53:56.652909,2026/05/18 10:53:56.694,1,NVIDIA A100-SXM-64GB,142.32,31922,98
3994,2026-05-18 10:53:56.652909,2026/05/18 10:53:56.699,2,NVIDIA A100-SXM-64GB,148.12,31912,98
3995,2026-05-18 10:53:56.652909,2026/05/18 10:53:56.701,3,NVIDIA A100-SXM-64GB,147.05,31846,100
3996,2026-05-18 10:54:01.728110,2026/05/18 10:54:01.767,0,NVIDIA A100-SXM-64GB,157.87,31904,97
3997,2026-05-18 10:54:01.728110,2026/05/18 10:54:01.772,1,NVIDIA A100-SXM-64GB,143.04,31922,97
3998,2026-05-18 10:54:01.728110,2026/05/18 10:54:01.778,2,NVIDIA A100-SXM-64GB,148.29,31912,97
3999,2026-05-18 10:54:01.728110,2026/05/18 10:54:01.780,3,NVIDIA A100-SXM-64GB,147.51,31846,100
4000,2026-05-18 10:54:06.806750,2026/05/18 10:54:06.846,0,NVIDIA A100-SXM-64GB,200.06,31904,100
4001,2026-05-18 10:54:06.806750,2026/05/18 10:54:06.848,1,NVIDIA A100-SXM-64GB,166.16,31922,100
4002,2026-05-18 10:54:06.806750,2026/05/18 10:54:06.851,2,NVIDIA A100-SXM-64GB,175.53,31912,100
4003,2026-05-18 10:54:06.806750,2026/05/18 10:54:06.853,3,NVIDIA A100-SXM-64GB,165.91,31846,100
4004,2026-05-18 10:54:11.879205,2026/05/18 10:54:11.930,0,NVIDIA A100-SXM-64GB,196.99,31904,100
4005,2026-05-18 10:54:11.879205,2026/05/18 10:54:11.934,1,NVIDIA A100-SXM-64GB,131.73,31922,100
4006,2026-05-18 10:54:11.879205,2026/05/18 10:54:11.940,2,NVIDIA A100-SXM-64GB,141.34,31912,100
4007,2026-05-18 10:54:11.879205,2026/05/18 10:54:11.942,3,NVIDIA A100-SXM-64GB,160.40,31846,100
4008,2026-05-18 10:54:16.969158,2026/05/18 10:54:17.008,0,NVIDIA A100-SXM-64GB,180.48,31904,100
4009,2026-05-18 10:54:16.969158,2026/05/18 10:54:17.011,1,NVIDIA A100-SXM-64GB,156.83,31922,100
4010,2026-05-18 10:54:16.969158,2026/05/18 10:54:17.013,2,NVIDIA A100-SXM-64GB,154.23,31912,100
4011,2026-05-18 10:54:16.969158,2026/05/18 10:54:17.016,3,NVIDIA A100-SXM-64GB,179.40,31846,100
4012,2026-05-18 10:54:22.042526,2026/05/18 10:54:22.082,0,NVIDIA A100-SXM-64GB,173.79,31904,100
4013,2026-05-18 10:54:22.042526,2026/05/18 10:54:22.084,1,NVIDIA A100-SXM-64GB,170.11,31922,100
4014,2026-05-18 10:54:22.042526,2026/05/18 10:54:22.087,2,NVIDIA A100-SXM-64GB,191.57,31912,100
4015,2026-05-18 10:54:22.042526,2026/05/18 10:54:22.093,3,NVIDIA A100-SXM-64GB,188.73,31846,100
4016,2026-05-18 10:54:27.119878,2026/05/18 10:54:27.159,0,NVIDIA A100-SXM-64GB,184.76,31904,100
4017,2026-05-18 10:54:27.119878,2026/05/18 10:54:27.161,1,NVIDIA A100-SXM-64GB,168.47,31922,100
4018,2026-05-18 10:54:27.119878,2026/05/18 10:54:27.166,2,NVIDIA A100-SXM-64GB,161.60,31912,100
4019,2026-05-18 10:54:27.119878,2026/05/18 10:54:27.169,3,NVIDIA A100-SXM-64GB,174.17,31846,100
4020,2026-05-18 10:54:32.195873,2026/05/18 10:54:32.235,0,NVIDIA A100-SXM-64GB,157.87,31904,98
4021,2026-05-18 10:54:32.195873,2026/05/18 10:54:32.240,1,NVIDIA A100-SXM-64GB,142.44,31922,100
4022,2026-05-18 10:54:32.195873,2026/05/18 10:54:32.245,2,NVIDIA A100-SXM-64GB,152.86,31912,100
4023,2026-05-18 10:54:32.195873,2026/05/18 10:54:32.247,3,NVIDIA A100-SXM-64GB,143.82,31846,100
4024,2026-05-18 10:54:37.273308,2026/05/18 10:54:37.313,0,NVIDIA A100-SXM-64GB,176.71,31904,99
4025,2026-05-18 10:54:37.273308,2026/05/18 10:54:37.315,1,NVIDIA A100-SXM-64GB,141.05,31922,100
4026,2026-05-18 10:54:37.273308,2026/05/18 10:54:37.318,2,NVIDIA A100-SXM-64GB,171.42,31912,100
4027,2026-05-18 10:54:37.273308,2026/05/18 10:54:37.320,3,NVIDIA A100-SXM-64GB,143.03,31846,100
4028,2026-05-18 10:54:42.346146,2026/05/18 10:54:42.385,0,NVIDIA A100-SXM-64GB,145.19,31904,98
4029,2026-05-18 10:54:42.346146,2026/05/18 10:54:42.387,1,NVIDIA A100-SXM-64GB,144.13,31922,99
4030,2026-05-18 10:54:42.346146,2026/05/18 10:54:42.390,2,NVIDIA A100-SXM-64GB,146.90,31912,99
4031,2026-05-18 10:54:42.346146,2026/05/18 10:54:42.395,3,NVIDIA A100-SXM-64GB,148.87,31846,100
4032,2026-05-18 10:54:47.423247,2026/05/18 10:54:47.463,0,NVIDIA A100-SXM-64GB,154.36,31904,98
4033,2026-05-18 10:54:47.423247,2026/05/18 10:54:47.465,1,NVIDIA A100-SXM-64GB,143.53,31922,98
4034,2026-05-18 10:54:47.423247,2026/05/18 10:54:47.468,2,NVIDIA A100-SXM-64GB,149.93,31912,98
4035,2026-05-18 10:54:47.423247,2026/05/18 10:54:47.470,3,NVIDIA A100-SXM-64GB,145.17,31846,98
4036,2026-05-18 10:54:52.498448,2026/05/18 10:54:52.539,0,NVIDIA A100-SXM-64GB,159.30,31904,98
4037,2026-05-18 10:54:52.498448,2026/05/18 10:54:52.541,1,NVIDIA A100-SXM-64GB,131.60,31922,100
4038,2026-05-18 10:54:52.498448,2026/05/18 10:54:52.544,2,NVIDIA A100-SXM-64GB,151.20,31912,100
4039,2026-05-18 10:54:52.498448,2026/05/18 10:54:52.546,3,NVIDIA A100-SXM-64GB,144.30,31846,98
4040,2026-05-18 10:54:57.573162,2026/05/18 10:54:57.613,0,NVIDIA A100-SXM-64GB,158.64,31904,98
4041,2026-05-18 10:54:57.573162,2026/05/18 10:54:57.615,1,NVIDIA A100-SXM-64GB,141.05,31922,98
4042,2026-05-18 10:54:57.573162,2026/05/18 10:54:57.618,2,NVIDIA A100-SXM-64GB,152.41,31912,98
4043,2026-05-18 10:54:57.573162,2026/05/18 10:54:57.620,3,NVIDIA A100-SXM-64GB,142.42,31846,98
4044,2026-05-18 10:55:02.648469,2026/05/18 10:55:02.688,0,NVIDIA A100-SXM-64GB,164.46,31904,100
4045,2026-05-18 10:55:02.648469,2026/05/18 10:55:02.690,1,NVIDIA A100-SXM-64GB,169.95,31922,100
4046,2026-05-18 10:55:02.648469,2026/05/18 10:55:02.694,2,NVIDIA A100-SXM-64GB,155.77,31912,100
4047,2026-05-18 10:55:02.648469,2026/05/18 10:55:02.697,3,NVIDIA A100-SXM-64GB,150.09,31846,100
4048,2026-05-18 10:55:07.725733,2026/05/18 10:55:07.776,0,NVIDIA A100-SXM-64GB,181.93,31904,99
4049,2026-05-18 10:55:07.725733,2026/05/18 10:55:07.779,1,NVIDIA A100-SXM-64GB,205.16,31922,100
4050,2026-05-18 10:55:07.725733,2026/05/18 10:55:07.781,2,NVIDIA A100-SXM-64GB,173.56,31912,100
4051,2026-05-18 10:55:07.725733,2026/05/18 10:55:07.786,3,NVIDIA A100-SXM-64GB,165.14,31846,100
4052,2026-05-18 10:55:12.813102,2026/05/18 10:55:12.852,0,NVIDIA A100-SXM-64GB,141.24,31904,97
4053,2026-05-18 10:55:12.813102,2026/05/18 10:55:12.854,1,NVIDIA A100-SXM-64GB,204.55,31922,100
4054,2026-05-18 10:55:12.813102,2026/05/18 10:55:12.857,2,NVIDIA A100-SXM-64GB,226.10,31912,100
4055,2026-05-18 10:55:12.813102,2026/05/18 10:55:12.864,3,NVIDIA A100-SXM-64GB,137.84,31846,100
4056,2026-05-18 10:55:17.888931,2026/05/18 10:55:17.928,0,NVIDIA A100-SXM-64GB,180.39,31904,100
4057,2026-05-18 10:55:17.888931,2026/05/18 10:55:17.930,1,NVIDIA A100-SXM-64GB,178.52,31922,100
4058,2026-05-18 10:55:17.888931,2026/05/18 10:55:17.933,2,NVIDIA A100-SXM-64GB,185.84,31912,100
4059,2026-05-18 10:55:17.888931,2026/05/18 10:55:17.936,3,NVIDIA A100-SXM-64GB,166.68,31846,100
4060,2026-05-18 10:55:22.961499,2026/05/18 10:55:23.001,0,NVIDIA A100-SXM-64GB,177.31,31904,100
4061,2026-05-18 10:55:22.961499,2026/05/18 10:55:23.003,1,NVIDIA A100-SXM-64GB,165.06,31922,100
4062,2026-05-18 10:55:22.961499,2026/05/18 10:55:23.006,2,NVIDIA A100-SXM-64GB,175.53,31912,100
4063,2026-05-18 10:55:22.961499,2026/05/18 10:55:23.009,3,NVIDIA A100-SXM-64GB,163.60,31846,100
4064,2026-05-18 10:55:28.035522,2026/05/18 10:55:28.075,0,NVIDIA A100-SXM-64GB,158.81,31904,98
4065,2026-05-18 10:55:28.035522,2026/05/18 10:55:28.077,1,NVIDIA A100-SXM-64GB,144.92,31922,100
4066,2026-05-18 10:55:28.035522,2026/05/18 10:55:28.081,2,NVIDIA A100-SXM-64GB,149.50,31912,100
4067,2026-05-18 10:55:28.035522,2026/05/18 10:55:28.085,3,NVIDIA A100-SXM-64GB,144.42,31846,100
4068,2026-05-18 10:55:33.110327,2026/05/18 10:55:33.150,0,NVIDIA A100-SXM-64GB,196.38,31904,98
4069,2026-05-18 10:55:33.110327,2026/05/18 10:55:33.154,1,NVIDIA A100-SXM-64GB,144.31,31922,100
4070,2026-05-18 10:55:33.110327,2026/05/18 10:55:33.157,2,NVIDIA A100-SXM-64GB,185.74,31912,100
4071,2026-05-18 10:55:33.110327,2026/05/18 10:55:33.159,3,NVIDIA A100-SXM-64GB,141.67,31846,100
4072,2026-05-18 10:55:38.184133,2026/05/18 10:55:38.223,0,NVIDIA A100-SXM-64GB,163.25,31904,100
4073,2026-05-18 10:55:38.184133,2026/05/18 10:55:38.225,1,NVIDIA A100-SXM-64GB,148.14,31922,100
4074,2026-05-18 10:55:38.184133,2026/05/18 10:55:38.228,2,NVIDIA A100-SXM-64GB,186.26,31912,100
4075,2026-05-18 10:55:38.184133,2026/05/18 10:55:38.230,3,NVIDIA A100-SXM-64GB,177.10,31846,100
4076,2026-05-18 10:55:43.255597,2026/05/18 10:55:43.295,0,NVIDIA A100-SXM-64GB,153.15,31904,98
4077,2026-05-18 10:55:43.255597,2026/05/18 10:55:43.298,1,NVIDIA A100-SXM-64GB,142.59,31922,98
4078,2026-05-18 10:55:43.255597,2026/05/18 10:55:43.300,2,NVIDIA A100-SXM-64GB,149.33,31912,100
4079,2026-05-18 10:55:43.255597,2026/05/18 10:55:43.303,3,NVIDIA A100-SXM-64GB,143.03,31846,100
4080,2026-05-18 10:55:48.328098,2026/05/18 10:55:48.367,0,NVIDIA A100-SXM-64GB,156.07,31904,100
4081,2026-05-18 10:55:48.328098,2026/05/18 10:55:48.370,1,NVIDIA A100-SXM-64GB,157.76,31922,100
4082,2026-05-18 10:55:48.328098,2026/05/18 10:55:48.372,2,NVIDIA A100-SXM-64GB,156.55,31912,100
4083,2026-05-18 10:55:48.328098,2026/05/18 10:55:48.375,3,NVIDIA A100-SXM-64GB,155.49,31846,100
4084,2026-05-18 10:55:53.399976,2026/05/18 10:55:53.439,0,NVIDIA A100-SXM-64GB,151.62,31904,100
4085,2026-05-18 10:55:53.399976,2026/05/18 10:55:53.442,1,NVIDIA A100-SXM-64GB,181.26,31922,98
4086,2026-05-18 10:55:53.399976,2026/05/18 10:55:53.444,2,NVIDIA A100-SXM-64GB,191.48,31912,100
4087,2026-05-18 10:55:53.399976,2026/05/18 10:55:53.447,3,NVIDIA A100-SXM-64GB,187.66,31846,100
4088,2026-05-18 10:55:58.471201,2026/05/18 10:55:58.511,0,NVIDIA A100-SXM-64GB,167.21,31904,100
4089,2026-05-18 10:55:58.471201,2026/05/18 10:55:58.513,1,NVIDIA A100-SXM-64GB,166.60,31922,100
4090,2026-05-18 10:55:58.471201,2026/05/18 10:55:58.516,2,NVIDIA A100-SXM-64GB,164.53,31912,100
4091,2026-05-18 10:55:58.471201,2026/05/18 10:55:58.518,3,NVIDIA A100-SXM-64GB,167.45,31846,100
4092,2026-05-18 10:56:03.543256,2026/05/18 10:56:03.582,0,NVIDIA A100-SXM-64GB,198.40,31904,100
4093,2026-05-18 10:56:03.543256,2026/05/18 10:56:03.584,1,NVIDIA A100-SXM-64GB,181.93,31922,100
4094,2026-05-18 10:56:03.543256,2026/05/18 10:56:03.587,2,NVIDIA A100-SXM-64GB,194.85,31912,100
4095,2026-05-18 10:56:03.543256,2026/05/18 10:56:03.589,3,NVIDIA A100-SXM-64GB,186.45,31846,100
4096,2026-05-18 10:56:08.614761,2026/05/18 10:56:08.665,0,NVIDIA A100-SXM-64GB,178.85,31904,100
4097,2026-05-18 10:56:08.614761,2026/05/18 10:56:08.668,1,NVIDIA A100-SXM-64GB,164.19,31922,100
4098,2026-05-18 10:56:08.614761,2026/05/18 10:56:08.671,2,NVIDIA A100-SXM-64GB,166.51,31912,100
4099,2026-05-18 10:56:08.614761,2026/05/18 10:56:08.674,3,NVIDIA A100-SXM-64GB,156.54,31846,100
4100,2026-05-18 10:56:13.699873,2026/05/18 10:56:13.751,0,NVIDIA A100-SXM-64GB,186.48,31904,100
4101,2026-05-18 10:56:13.699873,2026/05/18 10:56:13.756,1,NVIDIA A100-SXM-64GB,146.88,31922,100
4102,2026-05-18 10:56:13.699873,2026/05/18 10:56:13.758,2,NVIDIA A100-SXM-64GB,162.21,31912,100
4103,2026-05-18 10:56:13.699873,2026/05/18 10:56:13.761,3,NVIDIA A100-SXM-64GB,145.51,31846,100
4104,2026-05-18 10:56:18.786128,2026/05/18 10:56:18.825,0,NVIDIA A100-SXM-64GB,173.96,31904,100
4105,2026-05-18 10:56:18.786128,2026/05/18 10:56:18.827,1,NVIDIA A100-SXM-64GB,177.31,31922,100
4106,2026-05-18 10:56:18.786128,2026/05/18 10:56:18.830,2,NVIDIA A100-SXM-64GB,192.70,31912,100
4107,2026-05-18 10:56:18.786128,2026/05/18 10:56:18.832,3,NVIDIA A100-SXM-64GB,170.48,31846,100
4108,2026-05-18 10:56:23.857413,2026/05/18 10:56:23.897,0,NVIDIA A100-SXM-64GB,190.76,31904,100
4109,2026-05-18 10:56:23.857413,2026/05/18 10:56:23.899,1,NVIDIA A100-SXM-64GB,157.16,31922,100
4110,2026-05-18 10:56:23.857413,2026/05/18 10:56:23.902,2,NVIDIA A100-SXM-64GB,164.36,31912,100
4111,2026-05-18 10:56:23.857413,2026/05/18 10:56:23.904,3,NVIDIA A100-SXM-64GB,156.26,31846,100
4112,2026-05-18 10:56:28.931510,2026/05/18 10:56:28.971,0,NVIDIA A100-SXM-64GB,156.83,31904,98
4113,2026-05-18 10:56:28.931510,2026/05/18 10:56:28.974,1,NVIDIA A100-SXM-64GB,146.60,31922,100
4114,2026-05-18 10:56:28.931510,2026/05/18 10:56:28.977,2,NVIDIA A100-SXM-64GB,149.33,31912,100
4115,2026-05-18 10:56:28.931510,2026/05/18 10:56:28.979,3,NVIDIA A100-SXM-64GB,143.63,31846,98
4116,2026-05-18 10:56:34.003945,2026/05/18 10:56:34.055,0,NVIDIA A100-SXM-64GB,153.15,31904,100
4117,2026-05-18 10:56:34.003945,2026/05/18 10:56:34.057,1,NVIDIA A100-SXM-64GB,186.21,31922,100
4118,2026-05-18 10:56:34.003945,2026/05/18 10:56:34.060,2,NVIDIA A100-SXM-64GB,146.90,31912,100
4119,2026-05-18 10:56:34.003945,2026/05/18 10:56:34.062,3,NVIDIA A100-SXM-64GB,168.22,31846,99
4120,2026-05-18 10:56:39.089977,2026/05/18 10:56:39.129,0,NVIDIA A100-SXM-64GB,155.90,31904,98
4121,2026-05-18 10:56:39.089977,2026/05/18 10:56:39.133,1,NVIDIA A100-SXM-64GB,138.30,31922,100
4122,2026-05-18 10:56:39.089977,2026/05/18 10:56:39.135,2,NVIDIA A100-SXM-64GB,196.99,31912,100
4123,2026-05-18 10:56:39.089977,2026/05/18 10:56:39.138,3,NVIDIA A100-SXM-64GB,134.15,31846,98
4124,2026-05-18 10:56:44.162815,2026/05/18 10:56:44.202,0,NVIDIA A100-SXM-64GB,172.75,31904,100
4125,2026-05-18 10:56:44.162815,2026/05/18 10:56:44.207,1,NVIDIA A100-SXM-64GB,178.52,31922,100
4126,2026-05-18 10:56:44.162815,2026/05/18 10:56:44.210,2,NVIDIA A100-SXM-64GB,168.05,31912,100
4127,2026-05-18 10:56:44.162815,2026/05/18 10:56:44.215,3,NVIDIA A100-SXM-64GB,175.89,31846,100
4128,2026-05-18 10:56:49.239673,2026/05/18 10:56:49.291,0,NVIDIA A100-SXM-64GB,158.64,31904,98
4129,2026-05-18 10:56:49.239673,2026/05/18 10:56:49.293,1,NVIDIA A100-SXM-64GB,139.23,31922,100
4130,2026-05-18 10:56:49.239673,2026/05/18 10:56:49.298,2,NVIDIA A100-SXM-64GB,147.78,31912,100
4131,2026-05-18 10:56:49.239673,2026/05/18 10:56:49.300,3,NVIDIA A100-SXM-64GB,148.87,31846,100
4132,2026-05-18 10:56:54.328269,2026/05/18 10:56:54.379,0,NVIDIA A100-SXM-64GB,199.33,31904,100
4133,2026-05-18 10:56:54.328269,2026/05/18 10:56:54.382,1,NVIDIA A100-SXM-64GB,173.35,31922,100
4134,2026-05-18 10:56:54.328269,2026/05/18 10:56:54.385,2,NVIDIA A100-SXM-64GB,174.77,31912,100
4135,2026-05-18 10:56:54.328269,2026/05/18 10:56:54.387,3,NVIDIA A100-SXM-64GB,185.71,31846,100
4136,2026-05-18 10:56:59.412618,2026/05/18 10:56:59.452,0,NVIDIA A100-SXM-64GB,166.94,31904,100
4137,2026-05-18 10:56:59.412618,2026/05/18 10:56:59.455,1,NVIDIA A100-SXM-64GB,157.43,31922,100
4138,2026-05-18 10:56:59.412618,2026/05/18 10:56:59.457,2,NVIDIA A100-SXM-64GB,182.49,31912,100
4139,2026-05-18 10:56:59.412618,2026/05/18 10:56:59.461,3,NVIDIA A100-SXM-64GB,156.54,31846,100
4140,2026-05-18 10:57:04.486792,2026/05/18 10:57:04.526,0,NVIDIA A100-SXM-64GB,159.30,31904,98
4141,2026-05-18 10:57:04.486792,2026/05/18 10:57:04.528,1,NVIDIA A100-SXM-64GB,144.13,31922,98
4142,2026-05-18 10:57:04.486792,2026/05/18 10:57:04.531,2,NVIDIA A100-SXM-64GB,151.80,31912,98
4143,2026-05-18 10:57:04.486792,2026/05/18 10:57:04.533,3,NVIDIA A100-SXM-64GB,146.73,31846,99
4144,2026-05-18 10:57:09.558329,2026/05/18 10:57:09.597,0,NVIDIA A100-SXM-64GB,155.29,31904,97
4145,2026-05-18 10:57:09.558329,2026/05/18 10:57:09.599,1,NVIDIA A100-SXM-64GB,143.85,31922,97
4146,2026-05-18 10:57:09.558329,2026/05/18 10:57:09.602,2,NVIDIA A100-SXM-64GB,151.47,31912,96
4147,2026-05-18 10:57:09.558329,2026/05/18 10:57:09.605,3,NVIDIA A100-SXM-64GB,148.60,31846,100
4148,2026-05-18 10:57:14.630296,2026/05/18 10:57:14.670,0,NVIDIA A100-SXM-64GB,176.38,31904,100
4149,2026-05-18 10:57:14.630296,2026/05/18 10:57:14.675,1,NVIDIA A100-SXM-64GB,166.00,31922,100
4150,2026-05-18 10:57:14.630296,2026/05/18 10:57:14.678,2,NVIDIA A100-SXM-64GB,188.08,31912,100
4151,2026-05-18 10:57:14.630296,2026/05/18 10:57:14.680,3,NVIDIA A100-SXM-64GB,186.64,31846,100
4152,2026-05-18 10:57:19.705876,2026/05/18 10:57:19.745,0,NVIDIA A100-SXM-64GB,186.81,31904,100
4153,2026-05-18 10:57:19.705876,2026/05/18 10:57:19.747,1,NVIDIA A100-SXM-64GB,163.25,31922,100
4154,2026-05-18 10:57:19.705876,2026/05/18 10:57:19.750,2,NVIDIA A100-SXM-64GB,173.11,31912,100
4155,2026-05-18 10:57:19.705876,2026/05/18 10:57:19.752,3,NVIDIA A100-SXM-64GB,171.74,31846,100
4156,2026-05-18 10:57:24.777752,2026/05/18 10:57:24.817,0,NVIDIA A100-SXM-64GB,155.62,31904,98
4157,2026-05-18 10:57:24.777752,2026/05/18 10:57:24.819,1,NVIDIA A100-SXM-64GB,142.92,31922,100
4158,2026-05-18 10:57:24.777752,2026/05/18 10:57:24.825,2,NVIDIA A100-SXM-64GB,148.72,31912,98
4159,2026-05-18 10:57:24.777752,2026/05/18 10:57:24.828,3,NVIDIA A100-SXM-64GB,146.73,31846,98
4160,2026-05-18 10:57:29.852763,2026/05/18 10:57:29.904,0,NVIDIA A100-SXM-64GB,156.23,31904,100
4161,2026-05-18 10:57:29.852763,2026/05/18 10:57:29.906,1,NVIDIA A100-SXM-64GB,189.56,31922,100
4162,2026-05-18 10:57:29.852763,2026/05/18 10:57:29.909,2,NVIDIA A100-SXM-64GB,147.78,31912,100
4163,2026-05-18 10:57:29.852763,2026/05/18 10:57:29.911,3,NVIDIA A100-SXM-64GB,175.10,31846,100
4164,2026-05-18 10:57:34.937005,2026/05/18 10:57:34.976,0,NVIDIA A100-SXM-64GB,190.16,31904,100
4165,2026-05-18 10:57:34.937005,2026/05/18 10:57:34.979,1,NVIDIA A100-SXM-64GB,152.10,31922,100
4166,2026-05-18 10:57:34.937005,2026/05/18 10:57:34.982,2,NVIDIA A100-SXM-64GB,155.49,31912,100
4167,2026-05-18 10:57:34.937005,2026/05/18 10:57:34.984,3,NVIDIA A100-SXM-64GB,150.09,31846,100
4168,2026-05-18 10:57:40.011894,2026/05/18 10:57:40.054,0,NVIDIA A100-SXM-64GB,172.75,31904,100
4169,2026-05-18 10:57:40.011894,2026/05/18 10:57:40.057,1,NVIDIA A100-SXM-64GB,173.64,31922,100
4170,2026-05-18 10:57:40.011894,2026/05/18 10:57:40.061,2,NVIDIA A100-SXM-64GB,183.09,31912,100
4171,2026-05-18 10:57:40.011894,2026/05/18 10:57:40.064,3,NVIDIA A100-SXM-64GB,170.65,31846,100
4172,2026-05-18 10:57:45.091136,2026/05/18 10:57:45.130,0,NVIDIA A100-SXM-64GB,159.91,31904,100
4173,2026-05-18 10:57:45.091136,2026/05/18 10:57:45.133,1,NVIDIA A100-SXM-64GB,171.82,31922,100
4174,2026-05-18 10:57:45.091136,2026/05/18 10:57:45.135,2,NVIDIA A100-SXM-64GB,173.56,31912,100
4175,2026-05-18 10:57:45.091136,2026/05/18 10:57:45.142,3,NVIDIA A100-SXM-64GB,146.73,31846,100
4176,2026-05-18 10:57:50.166816,2026/05/18 10:57:50.206,0,NVIDIA A100-SXM-64GB,173.35,31904,98
4177,2026-05-18 10:57:50.166816,2026/05/18 10:57:50.208,1,NVIDIA A100-SXM-64GB,143.85,31922,100
4178,2026-05-18 10:57:50.166816,2026/05/18 10:57:50.211,2,NVIDIA A100-SXM-64GB,170.81,31912,100
4179,2026-05-18 10:57:50.166816,2026/05/18 10:57:50.213,3,NVIDIA A100-SXM-64GB,141.49,31846,100
4180,2026-05-18 10:57:55.238885,2026/05/18 10:57:55.278,0,NVIDIA A100-SXM-64GB,167.81,31904,100
4181,2026-05-18 10:57:55.238885,2026/05/18 10:57:55.280,1,NVIDIA A100-SXM-64GB,177.04,31922,100
4182,2026-05-18 10:57:55.238885,2026/05/18 10:57:55.283,2,NVIDIA A100-SXM-64GB,164.53,31912,100
4183,2026-05-18 10:57:55.238885,2026/05/18 10:57:55.285,3,NVIDIA A100-SXM-64GB,159.01,31846,100
4184,2026-05-18 10:58:00.312549,2026/05/18 10:58:00.352,0,NVIDIA A100-SXM-64GB,152.87,31904,98
4185,2026-05-18 10:58:00.312549,2026/05/18 10:58:00.354,1,NVIDIA A100-SXM-64GB,141.38,31922,99
4186,2026-05-18 10:58:00.312549,2026/05/18 10:58:00.357,2,NVIDIA A100-SXM-64GB,150.87,31912,100
4187,2026-05-18 10:58:00.312549,2026/05/18 10:58:00.360,3,NVIDIA A100-SXM-64GB,148.27,31846,98
4188,2026-05-18 10:58:05.385760,2026/05/18 10:58:05.425,0,NVIDIA A100-SXM-64GB,151.62,31904,98
4189,2026-05-18 10:58:05.385760,2026/05/18 10:58:05.427,1,NVIDIA A100-SXM-64GB,143.19,31922,98
4190,2026-05-18 10:58:05.385760,2026/05/18 10:58:05.430,2,NVIDIA A100-SXM-64GB,148.72,31912,100
4191,2026-05-18 10:58:05.385760,2026/05/18 10:58:05.433,3,NVIDIA A100-SXM-64GB,139.66,31846,98
4192,2026-05-18 10:58:10.457863,2026/05/18 10:58:10.497,0,NVIDIA A100-SXM-64GB,174.24,31904,100
4193,2026-05-18 10:58:10.457863,2026/05/18 10:58:10.499,1,NVIDIA A100-SXM-64GB,148.14,31922,100
4194,2026-05-18 10:58:10.457863,2026/05/18 10:58:10.502,2,NVIDIA A100-SXM-64GB,154.55,31912,100
4195,2026-05-18 10:58:10.457863,2026/05/18 10:58:10.504,3,NVIDIA A100-SXM-64GB,159.29,31846,100
4196,2026-05-18 10:58:15.532753,2026/05/18 10:58:15.584,0,NVIDIA A100-SXM-64GB,166.33,31904,100
4197,2026-05-18 10:58:15.532753,2026/05/18 10:58:15.587,1,NVIDIA A100-SXM-64GB,182.20,31922,100
4198,2026-05-18 10:58:15.532753,2026/05/18 10:58:15.589,2,NVIDIA A100-SXM-64GB,148.12,31912,100
4199,2026-05-18 10:58:15.532753,2026/05/18 10:58:15.592,3,NVIDIA A100-SXM-64GB,176.31,31846,100
4200,2026-05-18 10:58:20.617089,2026/05/18 10:58:20.656,0,NVIDIA A100-SXM-64GB,156.83,31904,97
4201,2026-05-18 10:58:20.617089,2026/05/18 10:58:20.658,1,NVIDIA A100-SXM-64GB,171.67,31922,98
4202,2026-05-18 10:58:20.617089,2026/05/18 10:58:20.661,2,NVIDIA A100-SXM-64GB,146.90,31912,100
4203,2026-05-18 10:58:20.617089,2026/05/18 10:58:20.664,3,NVIDIA A100-SXM-64GB,155.65,31846,100
4204,2026-05-18 10:58:25.689119,2026/05/18 10:58:25.728,0,NVIDIA A100-SXM-64GB,151.94,31904,100
4205,2026-05-18 10:58:25.689119,2026/05/18 10:58:25.730,1,NVIDIA A100-SXM-64GB,147.81,31922,98
4206,2026-05-18 10:58:25.689119,2026/05/18 10:58:25.733,2,NVIDIA A100-SXM-64GB,149.05,31912,98
4207,2026-05-18 10:58:25.689119,2026/05/18 10:58:25.739,3,NVIDIA A100-SXM-64GB,148.87,31846,100
4208,2026-05-18 10:58:30.764516,2026/05/18 10:58:30.804,0,NVIDIA A100-SXM-64GB,190.90,31904,100
4209,2026-05-18 10:58:30.764516,2026/05/18 10:58:30.806,1,NVIDIA A100-SXM-64GB,141.98,31922,100
4210,2026-05-18 10:58:30.764516,2026/05/18 10:58:30.809,2,NVIDIA A100-SXM-64GB,181.96,31912,97
4211,2026-05-18 10:58:30.764516,2026/05/18 10:58:30.811,3,NVIDIA A100-SXM-64GB,144.57,31846,100
4212,2026-05-18 10:58:35.836882,2026/05/18 10:58:35.876,0,NVIDIA A100-SXM-64GB,198.40,31904,100
4213,2026-05-18 10:58:35.836882,2026/05/18 10:58:35.878,1,NVIDIA A100-SXM-64GB,184.95,31922,100
4214,2026-05-18 10:58:35.836882,2026/05/18 10:58:35.881,2,NVIDIA A100-SXM-64GB,175.71,31912,100
4215,2026-05-18 10:58:35.836882,2026/05/18 10:58:35.884,3,NVIDIA A100-SXM-64GB,166.08,31846,100
4216,2026-05-18 10:58:40.909177,2026/05/18 10:58:40.948,0,NVIDIA A100-SXM-64GB,181.59,31904,100
4217,2026-05-18 10:58:40.909177,2026/05/18 10:58:40.952,1,NVIDIA A100-SXM-64GB,171.22,31922,100
4218,2026-05-18 10:58:40.909177,2026/05/18 10:58:40.955,2,NVIDIA A100-SXM-64GB,164.70,31912,100
4219,2026-05-18 10:58:40.909177,2026/05/18 10:58:40.957,3,NVIDIA A100-SXM-64GB,157.81,31846,100
4220,2026-05-18 10:58:45.983010,2026/05/18 10:58:46.022,0,NVIDIA A100-SXM-64GB,189.83,31904,98
4221,2026-05-18 10:58:45.983010,2026/05/18 10:58:46.025,1,NVIDIA A100-SXM-64GB,138.90,31922,100
4222,2026-05-18 10:58:45.983010,2026/05/18 10:58:46.028,2,NVIDIA A100-SXM-64GB,178.79,31912,100
4223,2026-05-18 10:58:45.983010,2026/05/18 10:58:46.030,3,NVIDIA A100-SXM-64GB,147.66,31846,98
4224,2026-05-18 10:58:51.056648,2026/05/18 10:58:51.108,0,NVIDIA A100-SXM-64GB,194.72,31904,100
4225,2026-05-18 10:58:51.056648,2026/05/18 10:58:51.110,1,NVIDIA A100-SXM-64GB,141.05,31922,100
4226,2026-05-18 10:58:51.056648,2026/05/18 10:58:51.113,2,NVIDIA A100-SXM-64GB,183.70,31912,100
4227,2026-05-18 10:58:51.056648,2026/05/18 10:58:51.115,3,NVIDIA A100-SXM-64GB,170.04,31846,100
4228,2026-05-18 10:58:56.142448,2026/05/18 10:58:56.182,0,NVIDIA A100-SXM-64GB,161.11,31904,100
4229,2026-05-18 10:58:56.142448,2026/05/18 10:58:56.188,1,NVIDIA A100-SXM-64GB,154.52,31922,100
4230,2026-05-18 10:58:56.142448,2026/05/18 10:58:56.190,2,NVIDIA A100-SXM-64GB,160.06,31912,100
4231,2026-05-18 10:58:56.142448,2026/05/18 10:58:56.193,3,NVIDIA A100-SXM-64GB,177.10,31846,100
4232,2026-05-18 10:59:01.218412,2026/05/18 10:59:01.258,0,NVIDIA A100-SXM-64GB,153.48,31904,98
4233,2026-05-18 10:59:01.218412,2026/05/18 10:59:01.260,1,NVIDIA A100-SXM-64GB,140.78,31922,98
4234,2026-05-18 10:59:01.218412,2026/05/18 10:59:01.263,2,NVIDIA A100-SXM-64GB,148.12,31912,98
4235,2026-05-18 10:59:01.218412,2026/05/18 10:59:01.265,3,NVIDIA A100-SXM-64GB,143.97,31846,98
4236,2026-05-18 10:59:06.291032,2026/05/18 10:59:06.330,0,NVIDIA A100-SXM-64GB,153.48,31904,97
4237,2026-05-18 10:59:06.291032,2026/05/18 10:59:06.332,1,NVIDIA A100-SXM-64GB,143.85,31922,97
4238,2026-05-18 10:59:06.291032,2026/05/18 10:59:06.335,2,NVIDIA A100-SXM-64GB,149.05,31912,99
4239,2026-05-18 10:59:06.291032,2026/05/18 10:59:06.337,3,NVIDIA A100-SXM-64GB,143.36,31846,97
4240,2026-05-18 10:59:11.363080,2026/05/18 10:59:11.402,0,NVIDIA A100-SXM-64GB,181.08,31904,100
4241,2026-05-18 10:59:11.363080,2026/05/18 10:59:11.404,1,NVIDIA A100-SXM-64GB,169.51,31922,100
4242,2026-05-18 10:59:11.363080,2026/05/18 10:59:11.407,2,NVIDIA A100-SXM-64GB,181.36,31912,100
4243,2026-05-18 10:59:11.363080,2026/05/18 10:59:11.410,3,NVIDIA A100-SXM-64GB,174.50,31846,100
4244,2026-05-18 10:59:16.437903,2026/05/18 10:59:16.488,0,NVIDIA A100-SXM-64GB,147.18,31904,98
4245,2026-05-18 10:59:16.437903,2026/05/18 10:59:16.492,1,NVIDIA A100-SXM-64GB,159.41,31922,100
4246,2026-05-18 10:59:16.437903,2026/05/18 10:59:16.495,2,NVIDIA A100-SXM-64GB,155.01,31912,100
4247,2026-05-18 10:59:16.437903,2026/05/18 10:59:16.499,3,NVIDIA A100-SXM-64GB,138.59,31846,100
4248,2026-05-18 10:59:21.524529,2026/05/18 10:59:21.564,0,NVIDIA A100-SXM-64GB,166.43,31904,100
4249,2026-05-18 10:59:21.524529,2026/05/18 10:59:21.566,1,NVIDIA A100-SXM-64GB,159.57,31922,100
4250,2026-05-18 10:59:21.524529,2026/05/18 10:59:21.571,2,NVIDIA A100-SXM-64GB,151.04,31912,100
4251,2026-05-18 10:59:21.524529,2026/05/18 10:59:21.574,3,NVIDIA A100-SXM-64GB,153.62,31846,100
4252,2026-05-18 10:59:26.599612,2026/05/18 10:59:26.639,0,NVIDIA A100-SXM-64GB,181.41,31904,100
4253,2026-05-18 10:59:26.599612,2026/05/18 10:59:26.641,1,NVIDIA A100-SXM-64GB,188.63,31922,100
4254,2026-05-18 10:59:26.599612,2026/05/18 10:59:26.644,2,NVIDIA A100-SXM-64GB,179.49,31912,100
4255,2026-05-18 10:59:26.599612,2026/05/18 10:59:26.646,3,NVIDIA A100-SXM-64GB,175.71,31846,100
4256,2026-05-18 10:59:31.671997,2026/05/18 10:59:31.711,0,NVIDIA A100-SXM-64GB,160.34,31904,100
4257,2026-05-18 10:59:31.671997,2026/05/18 10:59:31.715,1,NVIDIA A100-SXM-64GB,178.06,31922,100
4258,2026-05-18 10:59:31.671997,2026/05/18 10:59:31.717,2,NVIDIA A100-SXM-64GB,178.28,31912,100
4259,2026-05-18 10:59:31.671997,2026/05/18 10:59:31.723,3,NVIDIA A100-SXM-64GB,161.28,31846,100
4260,2026-05-18 10:59:36.748523,2026/05/18 10:59:36.788,0,NVIDIA A100-SXM-64GB,189.97,31904,100
4261,2026-05-18 10:59:36.748523,2026/05/18 10:59:36.790,1,NVIDIA A100-SXM-64GB,168.47,31922,100
4262,2026-05-18 10:59:36.748523,2026/05/18 10:59:36.793,2,NVIDIA A100-SXM-64GB,168.49,31912,100
4263,2026-05-18 10:59:36.748523,2026/05/18 10:59:36.795,3,NVIDIA A100-SXM-64GB,168.66,31846,100
4264,2026-05-18 10:59:41.821790,2026/05/18 10:59:41.861,0,NVIDIA A100-SXM-64GB,183.55,31904,100
4265,2026-05-18 10:59:41.821790,2026/05/18 10:59:41.863,1,NVIDIA A100-SXM-64GB,169.78,31922,100
4266,2026-05-18 10:59:41.821790,2026/05/18 10:59:41.866,2,NVIDIA A100-SXM-64GB,177.67,31912,100
4267,2026-05-18 10:59:41.821790,2026/05/18 10:59:41.869,3,NVIDIA A100-SXM-64GB,171.42,31846,100
4268,2026-05-18 10:59:46.894591,2026/05/18 10:59:46.934,0,NVIDIA A100-SXM-64GB,186.62,31904,100
4269,2026-05-18 10:59:46.894591,2026/05/18 10:59:46.937,1,NVIDIA A100-SXM-64GB,147.05,31922,100
4270,2026-05-18 10:59:46.894591,2026/05/18 10:59:46.939,2,NVIDIA A100-SXM-64GB,149.78,31912,100
4271,2026-05-18 10:59:46.894591,2026/05/18 10:59:46.942,3,NVIDIA A100-SXM-64GB,173.56,31846,100
4272,2026-05-18 10:59:51.968266,2026/05/18 10:59:52.007,0,NVIDIA A100-SXM-64GB,176.85,31904,100
4273,2026-05-18 10:59:51.968266,2026/05/18 10:59:52.009,1,NVIDIA A100-SXM-64GB,167.04,31922,100
4274,2026-05-18 10:59:51.968266,2026/05/18 10:59:52.012,2,NVIDIA A100-SXM-64GB,191.29,31912,100
4275,2026-05-18 10:59:51.968266,2026/05/18 10:59:52.015,3,NVIDIA A100-SXM-64GB,172.02,31846,100
4276,2026-05-18 10:59:57.040516,2026/05/18 10:59:57.080,0,NVIDIA A100-SXM-64GB,144.31,31904,98
4277,2026-05-18 10:59:57.040516,2026/05/18 10:59:57.086,1,NVIDIA A100-SXM-64GB,142.44,31922,100
4278,2026-05-18 10:59:57.040516,2026/05/18 10:59:57.089,2,NVIDIA A100-SXM-64GB,149.18,31912,98
4279,2026-05-18 10:59:57.040516,2026/05/18 10:59:57.091,3,NVIDIA A100-SXM-64GB,140.73,31846,98
4280,2026-05-18 11:00:02.116695,2026/05/18 11:00:02.156,0,NVIDIA A100-SXM-64GB,153.15,31904,98
4281,2026-05-18 11:00:02.116695,2026/05/18 11:00:02.158,1,NVIDIA A100-SXM-64GB,146.12,31922,98
4282,2026-05-18 11:00:02.116695,2026/05/18 11:00:02.161,2,NVIDIA A100-SXM-64GB,151.20,31912,98
4283,2026-05-18 11:00:02.116695,2026/05/18 11:00:02.165,3,NVIDIA A100-SXM-64GB,141.49,31846,98
4284,2026-05-18 11:00:07.191767,2026/05/18 11:00:07.231,0,NVIDIA A100-SXM-64GB,182.01,31904,100
4285,2026-05-18 11:00:07.191767,2026/05/18 11:00:07.233,1,NVIDIA A100-SXM-64GB,179.60,31922,100
4286,2026-05-18 11:00:07.191767,2026/05/18 11:00:07.236,2,NVIDIA A100-SXM-64GB,174.14,31912,100
4287,2026-05-18 11:00:07.191767,2026/05/18 11:00:07.238,3,NVIDIA A100-SXM-64GB,156.38,31846,100
4288,2026-05-18 11:00:12.264242,2026/05/18 11:00:12.303,0,NVIDIA A100-SXM-64GB,193.92,31904,100
4289,2026-05-18 11:00:12.264242,2026/05/18 11:00:12.305,1,NVIDIA A100-SXM-64GB,174.24,31922,100
4290,2026-05-18 11:00:12.264242,2026/05/18 11:00:12.310,2,NVIDIA A100-SXM-64GB,185.65,31912,100
4291,2026-05-18 11:00:12.264242,2026/05/18 11:00:12.313,3,NVIDIA A100-SXM-64GB,167.72,31846,100
4292,2026-05-18 11:00:17.338862,2026/05/18 11:00:17.391,0,NVIDIA A100-SXM-64GB,209.22,31904,97
4293,2026-05-18 11:00:17.338862,2026/05/18 11:00:17.393,1,NVIDIA A100-SXM-64GB,133.88,31922,100
4294,2026-05-18 11:00:17.338862,2026/05/18 11:00:17.396,2,NVIDIA A100-SXM-64GB,197.07,31912,100
4295,2026-05-18 11:00:17.338862,2026/05/18 11:00:17.398,3,NVIDIA A100-SXM-64GB,188.27,31846,97
4296,2026-05-18 11:00:22.424354,2026/05/18 11:00:22.464,0,NVIDIA A100-SXM-64GB,188.15,31904,100
4297,2026-05-18 11:00:22.424354,2026/05/18 11:00:22.466,1,NVIDIA A100-SXM-64GB,166.00,31922,100
4298,2026-05-18 11:00:22.424354,2026/05/18 11:00:22.472,2,NVIDIA A100-SXM-64GB,193.11,31912,100
4299,2026-05-18 11:00:22.424354,2026/05/18 11:00:22.475,3,NVIDIA A100-SXM-64GB,173.29,31846,100
4300,2026-05-18 11:00:27.500952,2026/05/18 11:00:27.540,0,NVIDIA A100-SXM-64GB,157.27,31904,99
4301,2026-05-18 11:00:27.500952,2026/05/18 11:00:27.542,1,NVIDIA A100-SXM-64GB,148.59,31922,97
4302,2026-05-18 11:00:27.500952,2026/05/18 11:00:27.545,2,NVIDIA A100-SXM-64GB,148.90,31912,100
4303,2026-05-18 11:00:27.500952,2026/05/18 11:00:27.549,3,NVIDIA A100-SXM-64GB,148.72,31846,99
4304,2026-05-18 11:00:32.577591,2026/05/18 11:00:32.629,0,NVIDIA A100-SXM-64GB,192.10,31904,100
4305,2026-05-18 11:00:32.577591,2026/05/18 11:00:32.634,1,NVIDIA A100-SXM-64GB,144.92,31922,99
4306,2026-05-18 11:00:32.577591,2026/05/18 11:00:32.637,2,NVIDIA A100-SXM-64GB,184.44,31912,100
4307,2026-05-18 11:00:32.577591,2026/05/18 11:00:32.639,3,NVIDIA A100-SXM-64GB,171.74,31846,100
4308,2026-05-18 11:00:37.665353,2026/05/18 11:00:37.705,0,NVIDIA A100-SXM-64GB,149.97,31904,100
4309,2026-05-18 11:00:37.665353,2026/05/18 11:00:37.707,1,NVIDIA A100-SXM-64GB,143.38,31922,98
4310,2026-05-18 11:00:37.665353,2026/05/18 11:00:37.710,2,NVIDIA A100-SXM-64GB,149.78,31912,100
4311,2026-05-18 11:00:37.665353,2026/05/18 11:00:37.713,3,NVIDIA A100-SXM-64GB,145.96,31846,100
4312,2026-05-18 11:00:42.741735,2026/05/18 11:00:42.781,0,NVIDIA A100-SXM-64GB,182.34,31904,100
4313,2026-05-18 11:00:42.741735,2026/05/18 11:00:42.783,1,NVIDIA A100-SXM-64GB,162.65,31922,100
4314,2026-05-18 11:00:42.741735,2026/05/18 11:00:42.786,2,NVIDIA A100-SXM-64GB,157.49,31912,100
4315,2026-05-18 11:00:42.741735,2026/05/18 11:00:42.788,3,NVIDIA A100-SXM-64GB,166.84,31846,100
4316,2026-05-18 11:00:47.814022,2026/05/18 11:00:47.853,0,NVIDIA A100-SXM-64GB,179.87,31904,100
4317,2026-05-18 11:00:47.814022,2026/05/18 11:00:47.858,1,NVIDIA A100-SXM-64GB,177.13,31922,100
4318,2026-05-18 11:00:47.814022,2026/05/18 11:00:47.861,2,NVIDIA A100-SXM-64GB,178.61,31912,100
4319,2026-05-18 11:00:47.814022,2026/05/18 11:00:47.863,3,NVIDIA A100-SXM-64GB,169.59,31846,100
4320,2026-05-18 11:00:52.889290,2026/05/18 11:00:52.929,0,NVIDIA A100-SXM-64GB,190.57,31904,100
4321,2026-05-18 11:00:52.889290,2026/05/18 11:00:52.931,1,NVIDIA A100-SXM-64GB,174.72,31922,100
4322,2026-05-18 11:00:52.889290,2026/05/18 11:00:52.934,2,NVIDIA A100-SXM-64GB,155.94,31912,100
4323,2026-05-18 11:00:52.889290,2026/05/18 11:00:52.936,3,NVIDIA A100-SXM-64GB,161.00,31846,100
4324,2026-05-18 11:00:57.962091,2026/05/18 11:00:58.001,0,NVIDIA A100-SXM-64GB,151.94,31904,98
4325,2026-05-18 11:00:57.962091,2026/05/18 11:00:58.003,1,NVIDIA A100-SXM-64GB,144.92,31922,98
4326,2026-05-18 11:00:57.962091,2026/05/18 11:00:58.007,2,NVIDIA A100-SXM-64GB,154.23,31912,98
4327,2026-05-18 11:00:57.962091,2026/05/18 11:00:58.009,3,NVIDIA A100-SXM-64GB,143.97,31846,98
4328,2026-05-18 11:01:03.037834,2026/05/18 11:01:03.077,0,NVIDIA A100-SXM-64GB,152.06,31904,97
4329,2026-05-18 11:01:03.037834,2026/05/18 11:01:03.079,1,NVIDIA A100-SXM-64GB,143.04,31922,99
4330,2026-05-18 11:01:03.037834,2026/05/18 11:01:03.085,2,NVIDIA A100-SXM-64GB,153.79,31912,97
4331,2026-05-18 11:01:03.037834,2026/05/18 11:01:03.087,3,NVIDIA A100-SXM-64GB,142.61,31846,97
4332,2026-05-18 11:01:08.112843,2026/05/18 11:01:08.152,0,NVIDIA A100-SXM-64GB,186.62,31904,100
4333,2026-05-18 11:01:08.112843,2026/05/18 11:01:08.154,1,NVIDIA A100-SXM-64GB,187.83,31922,100
4334,2026-05-18 11:01:08.112843,2026/05/18 11:01:08.157,2,NVIDIA A100-SXM-64GB,178.88,31912,100
4335,2026-05-18 11:01:08.112843,2026/05/18 11:01:08.159,3,NVIDIA A100-SXM-64GB,187.80,31846,100
4336,2026-05-18 11:01:13.185419,2026/05/18 11:01:13.236,0,NVIDIA A100-SXM-64GB,177.46,31904,98
4337,2026-05-18 11:01:13.185419,2026/05/18 11:01:13.239,1,NVIDIA A100-SXM-64GB,133.60,31922,100
4338,2026-05-18 11:01:13.185419,2026/05/18 11:01:13.242,2,NVIDIA A100-SXM-64GB,175.53,31912,100
4339,2026-05-18 11:01:13.185419,2026/05/18 11:01:13.244,3,NVIDIA A100-SXM-64GB,177.25,31846,100
4340,2026-05-18 11:01:18.270174,2026/05/18 11:01:18.309,0,NVIDIA A100-SXM-64GB,166.76,31904,100
4341,2026-05-18 11:01:18.270174,2026/05/18 11:01:18.311,1,NVIDIA A100-SXM-64GB,174.72,31922,100
4342,2026-05-18 11:01:18.270174,2026/05/18 11:01:18.314,2,NVIDIA A100-SXM-64GB,170.96,31912,100
4343,2026-05-18 11:01:18.270174,2026/05/18 11:01:18.316,3,NVIDIA A100-SXM-64GB,172.62,31846,100
4344,2026-05-18 11:01:23.342010,2026/05/18 11:01:23.381,0,NVIDIA A100-SXM-64GB,153.00,31904,98
4345,2026-05-18 11:01:23.342010,2026/05/18 11:01:23.383,1,NVIDIA A100-SXM-64GB,147.99,31922,98
4346,2026-05-18 11:01:23.342010,2026/05/18 11:01:23.386,2,NVIDIA A100-SXM-64GB,147.96,31912,100
4347,2026-05-18 11:01:23.342010,2026/05/18 11:01:23.389,3,NVIDIA A100-SXM-64GB,147.18,31846,98
4348,2026-05-18 11:01:28.415163,2026/05/18 11:01:28.454,0,NVIDIA A100-SXM-64GB,161.28,31904,100
4349,2026-05-18 11:01:28.415163,2026/05/18 11:01:28.459,1,NVIDIA A100-SXM-64GB,165.67,31922,100
4350,2026-05-18 11:01:28.415163,2026/05/18 11:01:28.462,2,NVIDIA A100-SXM-64GB,164.80,31912,100
4351,2026-05-18 11:01:28.415163,2026/05/18 11:01:28.464,3,NVIDIA A100-SXM-64GB,165.30,31846,100
4352,2026-05-18 11:01:33.490516,2026/05/18 11:01:33.530,0,NVIDIA A100-SXM-64GB,192.38,31904,100
4353,2026-05-18 11:01:33.490516,2026/05/18 11:01:33.532,1,NVIDIA A100-SXM-64GB,142.17,31922,98
4354,2026-05-18 11:01:33.490516,2026/05/18 11:01:33.535,2,NVIDIA A100-SXM-64GB,139.71,31912,100
4355,2026-05-18 11:01:33.490516,2026/05/18 11:01:33.537,3,NVIDIA A100-SXM-64GB,137.98,31846,98
4356,2026-05-18 11:01:38.563838,2026/05/18 11:01:38.603,0,NVIDIA A100-SXM-64GB,151.94,31904,97
4357,2026-05-18 11:01:38.563838,2026/05/18 11:01:38.605,1,NVIDIA A100-SXM-64GB,142.17,31922,97
4358,2026-05-18 11:01:38.563838,2026/05/18 11:01:38.608,2,NVIDIA A100-SXM-64GB,139.38,31912,100
4359,2026-05-18 11:01:38.563838,2026/05/18 11:01:38.610,3,NVIDIA A100-SXM-64GB,142.00,31846,97
4360,2026-05-18 11:01:43.636085,2026/05/18 11:01:43.675,0,NVIDIA A100-SXM-64GB,176.10,31904,100
4361,2026-05-18 11:01:43.636085,2026/05/18 11:01:43.678,1,NVIDIA A100-SXM-64GB,165.67,31922,100
4362,2026-05-18 11:01:43.636085,2026/05/18 11:01:43.680,2,NVIDIA A100-SXM-64GB,172.78,31912,100
4363,2026-05-18 11:01:43.636085,2026/05/18 11:01:43.683,3,NVIDIA A100-SXM-64GB,178.46,31846,100
4364,2026-05-18 11:01:48.708541,2026/05/18 11:01:48.748,0,NVIDIA A100-SXM-64GB,180.81,31904,100
4365,2026-05-18 11:01:48.708541,2026/05/18 11:01:48.750,1,NVIDIA A100-SXM-64GB,177.04,31922,100
4366,2026-05-18 11:01:48.708541,2026/05/18 11:01:48.753,2,NVIDIA A100-SXM-64GB,179.21,31912,100
4367,2026-05-18 11:01:48.708541,2026/05/18 11:01:48.757,3,NVIDIA A100-SXM-64GB,176.04,31846,100
4368,2026-05-18 11:01:53.782346,2026/05/18 11:01:53.822,0,NVIDIA A100-SXM-64GB,186.62,31904,100
4369,2026-05-18 11:01:53.782346,2026/05/18 11:01:53.827,1,NVIDIA A100-SXM-64GB,143.71,31922,98
4370,2026-05-18 11:01:53.782346,2026/05/18 11:01:53.830,2,NVIDIA A100-SXM-64GB,150.11,31912,100
4371,2026-05-18 11:01:53.782346,2026/05/18 11:01:53.835,3,NVIDIA A100-SXM-64GB,142.88,31846,98
4372,2026-05-18 11:01:58.860759,2026/05/18 11:01:58.900,0,NVIDIA A100-SXM-64GB,157.27,31904,98
4373,2026-05-18 11:01:58.860759,2026/05/18 11:01:58.903,1,NVIDIA A100-SXM-64GB,148.26,31922,98
4374,2026-05-18 11:01:58.860759,2026/05/18 11:01:58.907,2,NVIDIA A100-SXM-64GB,151.93,31912,98
4375,2026-05-18 11:01:58.860759,2026/05/18 11:01:58.909,3,NVIDIA A100-SXM-64GB,142.61,31846,98
4376,2026-05-18 11:02:03.935302,2026/05/18 11:02:03.975,0,NVIDIA A100-SXM-64GB,168.57,31904,100
4377,2026-05-18 11:02:03.935302,2026/05/18 11:02:03.977,1,NVIDIA A100-SXM-64GB,171.91,31922,100
4378,2026-05-18 11:02:03.935302,2026/05/18 11:02:03.980,2,NVIDIA A100-SXM-64GB,157.15,31912,100
4379,2026-05-18 11:02:03.935302,2026/05/18 11:02:03.983,3,NVIDIA A100-SXM-64GB,168.66,31846,100
4380,2026-05-18 11:02:09.011688,2026/05/18 11:02:09.051,0,NVIDIA A100-SXM-64GB,174.24,31904,100
4381,2026-05-18 11:02:09.011688,2026/05/18 11:02:09.055,1,NVIDIA A100-SXM-64GB,180.66,31922,100
4382,2026-05-18 11:02:09.011688,2026/05/18 11:02:09.057,2,NVIDIA A100-SXM-64GB,196.66,31912,100
4383,2026-05-18 11:02:09.011688,2026/05/18 11:02:09.062,3,NVIDIA A100-SXM-64GB,180.61,31846,100
4384,2026-05-18 11:02:14.091169,2026/05/18 11:02:14.130,0,NVIDIA A100-SXM-64GB,190.57,31904,98
4385,2026-05-18 11:02:14.091169,2026/05/18 11:02:14.133,1,NVIDIA A100-SXM-64GB,192.57,31922,100
4386,2026-05-18 11:02:14.091169,2026/05/18 11:02:14.135,2,NVIDIA A100-SXM-64GB,164.19,31912,98
4387,2026-05-18 11:02:14.091169,2026/05/18 11:02:14.138,3,NVIDIA A100-SXM-64GB,144.42,31846,100
4388,2026-05-18 11:02:19.163829,2026/05/18 11:02:19.203,0,NVIDIA A100-SXM-64GB,155.62,31904,98
4389,2026-05-18 11:02:19.163829,2026/05/18 11:02:19.205,1,NVIDIA A100-SXM-64GB,146.12,31922,98
4390,2026-05-18 11:02:19.163829,2026/05/18 11:02:19.208,2,NVIDIA A100-SXM-64GB,151.93,31912,98
4391,2026-05-18 11:02:19.163829,2026/05/18 11:02:19.211,3,NVIDIA A100-SXM-64GB,141.34,31846,98
4392,2026-05-18 11:02:24.236949,2026/05/18 11:02:24.276,0,NVIDIA A100-SXM-64GB,156.67,31904,97
4393,2026-05-18 11:02:24.236949,2026/05/18 11:02:24.280,1,NVIDIA A100-SXM-64GB,148.59,31922,100
4394,2026-05-18 11:02:24.236949,2026/05/18 11:02:24.282,2,NVIDIA A100-SXM-64GB,150.43,31912,99
4395,2026-05-18 11:02:24.236949,2026/05/18 11:02:24.288,3,NVIDIA A100-SXM-64GB,141.67,31846,97
4396,2026-05-18 11:02:29.314090,2026/05/18 11:02:29.364,0,NVIDIA A100-SXM-64GB,184.34,31904,100
4397,2026-05-18 11:02:29.314090,2026/05/18 11:02:29.367,1,NVIDIA A100-SXM-64GB,173.96,31922,100
4398,2026-05-18 11:02:29.314090,2026/05/18 11:02:29.370,2,NVIDIA A100-SXM-64GB,203.70,31912,100
4399,2026-05-18 11:02:29.314090,2026/05/18 11:02:29.372,3,NVIDIA A100-SXM-64GB,200.55,31846,100
4400,2026-05-18 11:02:34.398985,2026/05/18 11:02:34.438,0,NVIDIA A100-SXM-64GB,156.34,31904,98
4401,2026-05-18 11:02:34.398985,2026/05/18 11:02:34.445,1,NVIDIA A100-SXM-64GB,138.16,31922,99
4402,2026-05-18 11:02:34.398985,2026/05/18 11:02:34.447,2,NVIDIA A100-SXM-64GB,141.85,31912,100
4403,2026-05-18 11:02:34.398985,2026/05/18 11:02:34.450,3,NVIDIA A100-SXM-64GB,135.56,31846,98
4404,2026-05-18 11:02:39.476180,2026/05/18 11:02:39.515,0,NVIDIA A100-SXM-64GB,166.43,31904,100
4405,2026-05-18 11:02:39.476180,2026/05/18 11:02:39.517,1,NVIDIA A100-SXM-64GB,171.49,31922,100
4406,2026-05-18 11:02:39.476180,2026/05/18 11:02:39.520,2,NVIDIA A100-SXM-64GB,166.34,31912,100
4407,2026-05-18 11:02:39.476180,2026/05/18 11:02:39.524,3,NVIDIA A100-SXM-64GB,154.84,31846,100
4408,2026-05-18 11:02:44.551062,2026/05/18 11:02:44.599,0,NVIDIA A100-SXM-64GB,179.78,31904,100
4409,2026-05-18 11:02:44.551062,2026/05/18 11:02:44.602,1,NVIDIA A100-SXM-64GB,165.40,31922,100
4410,2026-05-18 11:02:44.551062,2026/05/18 11:02:44.605,2,NVIDIA A100-SXM-64GB,195.77,31912,100
4411,2026-05-18 11:02:44.551062,2026/05/18 11:02:44.607,3,NVIDIA A100-SXM-64GB,168.22,31846,100
4412,2026-05-18 11:02:49.633401,2026/05/18 11:02:49.673,0,NVIDIA A100-SXM-64GB,202.20,31904,100
4413,2026-05-18 11:02:49.633401,2026/05/18 11:02:49.675,1,NVIDIA A100-SXM-64GB,177.74,31922,100
4414,2026-05-18 11:02:49.633401,2026/05/18 11:02:49.681,2,NVIDIA A100-SXM-64GB,179.82,31912,100
4415,2026-05-18 11:02:49.633401,2026/05/18 11:02:49.686,3,NVIDIA A100-SXM-64GB,159.13,31846,100
4416,2026-05-18 11:02:54.713021,2026/05/18 11:02:54.752,0,NVIDIA A100-SXM-64GB,210.43,31904,100
4417,2026-05-18 11:02:54.713021,2026/05/18 11:02:54.754,1,NVIDIA A100-SXM-64GB,168.47,31922,100
4418,2026-05-18 11:02:54.713021,2026/05/18 11:02:54.757,2,NVIDIA A100-SXM-64GB,175.53,31912,100
4419,2026-05-18 11:02:54.713021,2026/05/18 11:02:54.759,3,NVIDIA A100-SXM-64GB,187.66,31846,100
4420,2026-05-18 11:02:59.785403,2026/05/18 11:02:59.825,0,NVIDIA A100-SXM-64GB,198.80,31904,100
4421,2026-05-18 11:02:59.785403,2026/05/18 11:02:59.828,1,NVIDIA A100-SXM-64GB,164.46,31922,100
4422,2026-05-18 11:02:59.785403,2026/05/18 11:02:59.830,2,NVIDIA A100-SXM-64GB,173.99,31912,100
4423,2026-05-18 11:02:59.785403,2026/05/18 11:02:59.833,3,NVIDIA A100-SXM-64GB,173.89,31846,100
4424,2026-05-18 11:03:04.859374,2026/05/18 11:03:04.899,0,NVIDIA A100-SXM-64GB,152.39,31904,98
4425,2026-05-18 11:03:04.859374,2026/05/18 11:03:04.901,1,NVIDIA A100-SXM-64GB,138.49,31922,98
4426,2026-05-18 11:03:04.859374,2026/05/18 11:03:04.904,2,NVIDIA A100-SXM-64GB,145.49,31912,98
4427,2026-05-18 11:03:04.859374,2026/05/18 11:03:04.906,3,NVIDIA A100-SXM-64GB,143.48,31846,98
4428,2026-05-18 11:03:09.932881,2026/05/18 11:03:09.983,0,NVIDIA A100-SXM-64GB,175.59,31904,100
4429,2026-05-18 11:03:09.932881,2026/05/18 11:03:09.986,1,NVIDIA A100-SXM-64GB,163.09,31922,100
4430,2026-05-18 11:03:09.932881,2026/05/18 11:03:09.989,2,NVIDIA A100-SXM-64GB,165.30,31912,100
4431,2026-05-18 11:03:09.932881,2026/05/18 11:03:09.991,3,NVIDIA A100-SXM-64GB,165.47,31846,100
4432,2026-05-18 11:03:15.017518,2026/05/18 11:03:15.057,0,NVIDIA A100-SXM-64GB,151.46,31904,98
4433,2026-05-18 11:03:15.017518,2026/05/18 11:03:15.059,1,NVIDIA A100-SXM-64GB,141.24,31922,100
4434,2026-05-18 11:03:15.017518,2026/05/18 11:03:15.062,2,NVIDIA A100-SXM-64GB,150.72,31912,98
4435,2026-05-18 11:03:15.017518,2026/05/18 11:03:15.065,3,NVIDIA A100-SXM-64GB,144.15,31846,98
4436,2026-05-18 11:03:20.091193,2026/05/18 11:03:20.130,0,NVIDIA A100-SXM-64GB,159.14,31904,98
4437,2026-05-18 11:03:20.091193,2026/05/18 11:03:20.133,1,NVIDIA A100-SXM-64GB,139.70,31922,100
4438,2026-05-18 11:03:20.091193,2026/05/18 11:03:20.135,2,NVIDIA A100-SXM-64GB,151.65,31912,98
4439,2026-05-18 11:03:20.091193,2026/05/18 11:03:20.139,3,NVIDIA A100-SXM-64GB,146.90,31846,100
4440,2026-05-18 11:03:25.167300,2026/05/18 11:03:25.206,0,NVIDIA A100-SXM-64GB,155.46,31904,100
4441,2026-05-18 11:03:25.167300,2026/05/18 11:03:25.209,1,NVIDIA A100-SXM-64GB,172.09,31922,100
4442,2026-05-18 11:03:25.167300,2026/05/18 11:03:25.214,2,NVIDIA A100-SXM-64GB,174.92,31912,100
4443,2026-05-18 11:03:25.167300,2026/05/18 11:03:25.217,3,NVIDIA A100-SXM-64GB,152.68,31846,100
4444,2026-05-18 11:03:30.246186,2026/05/18 11:03:30.286,0,NVIDIA A100-SXM-64GB,175.59,31904,98
4445,2026-05-18 11:03:30.246186,2026/05/18 11:03:30.289,1,NVIDIA A100-SXM-64GB,190.30,31922,100
4446,2026-05-18 11:03:30.246186,2026/05/18 11:03:30.295,2,NVIDIA A100-SXM-64GB,169.42,31912,98
4447,2026-05-18 11:03:30.246186,2026/05/18 11:03:30.297,3,NVIDIA A100-SXM-64GB,187.06,31846,100
4448,2026-05-18 11:03:35.325461,2026/05/18 11:03:35.365,0,NVIDIA A100-SXM-64GB,148.87,31904,97
4449,2026-05-18 11:03:35.325461,2026/05/18 11:03:35.371,1,NVIDIA A100-SXM-64GB,144.13,31922,100
4450,2026-05-18 11:03:35.325461,2026/05/18 11:03:35.375,2,NVIDIA A100-SXM-64GB,151.47,31912,97
4451,2026-05-18 11:03:35.325461,2026/05/18 11:03:35.378,3,NVIDIA A100-SXM-64GB,145.17,31846,100
4452,2026-05-18 11:03:40.406199,2026/05/18 11:03:40.445,0,NVIDIA A100-SXM-64GB,183.88,31904,100
4453,2026-05-18 11:03:40.406199,2026/05/18 11:03:40.447,1,NVIDIA A100-SXM-64GB,165.67,31922,100
4454,2026-05-18 11:03:40.406199,2026/05/18 11:03:40.450,2,NVIDIA A100-SXM-64GB,188.08,31912,100
4455,2026-05-18 11:03:40.406199,2026/05/18 11:03:40.452,3,NVIDIA A100-SXM-64GB,166.51,31846,100
4456,2026-05-18 11:03:45.479028,2026/05/18 11:03:45.518,0,NVIDIA A100-SXM-64GB,168.30,31904,100
4457,2026-05-18 11:03:45.479028,2026/05/18 11:03:45.520,1,NVIDIA A100-SXM-64GB,158.97,31922,100
4458,2026-05-18 11:03:45.479028,2026/05/18 11:03:45.523,2,NVIDIA A100-SXM-64GB,169.09,31912,100
4459,2026-05-18 11:03:45.479028,2026/05/18 11:03:45.527,3,NVIDIA A100-SXM-64GB,161.60,31846,100
4460,2026-05-18 11:03:50.552842,2026/05/18 11:03:50.592,0,NVIDIA A100-SXM-64GB,155.13,31904,98
4461,2026-05-18 11:03:50.552842,2026/05/18 11:03:50.594,1,NVIDIA A100-SXM-64GB,145.84,31922,100
4462,2026-05-18 11:03:50.552842,2026/05/18 11:03:50.597,2,NVIDIA A100-SXM-64GB,153.79,31912,98
4463,2026-05-18 11:03:50.552842,2026/05/18 11:03:50.600,3,NVIDIA A100-SXM-64GB,146.90,31846,100
4464,2026-05-18 11:03:55.628760,2026/05/18 11:03:55.668,0,NVIDIA A100-SXM-64GB,202.20,31904,100
4465,2026-05-18 11:03:55.628760,2026/05/18 11:03:55.670,1,NVIDIA A100-SXM-64GB,182.01,31922,100
4466,2026-05-18 11:03:55.628760,2026/05/18 11:03:55.676,2,NVIDIA A100-SXM-64GB,183.51,31912,100
4467,2026-05-18 11:03:55.628760,2026/05/18 11:03:55.679,3,NVIDIA A100-SXM-64GB,183.09,31846,100
4468,2026-05-18 11:04:00.705310,2026/05/18 11:04:00.745,0,NVIDIA A100-SXM-64GB,175.17,31904,100
4469,2026-05-18 11:04:00.705310,2026/05/18 11:04:00.747,1,NVIDIA A100-SXM-64GB,151.34,31922,100
4470,2026-05-18 11:04:00.705310,2026/05/18 11:04:00.750,2,NVIDIA A100-SXM-64GB,179.21,31912,100
4471,2026-05-18 11:04:00.705310,2026/05/18 11:04:00.752,3,NVIDIA A100-SXM-64GB,147.05,31846,100
4472,2026-05-18 11:04:05.779051,2026/05/18 11:04:05.818,0,NVIDIA A100-SXM-64GB,157.00,31904,98
4473,2026-05-18 11:04:05.779051,2026/05/18 11:04:05.820,1,NVIDIA A100-SXM-64GB,146.73,31922,98
4474,2026-05-18 11:04:05.779051,2026/05/18 11:04:05.823,2,NVIDIA A100-SXM-64GB,149.78,31912,98
4475,2026-05-18 11:04:05.779051,2026/05/18 11:04:05.825,3,NVIDIA A100-SXM-64GB,144.15,31846,98
4476,2026-05-18 11:04:10.852188,2026/05/18 11:04:10.896,0,NVIDIA A100-SXM-64GB,157.87,31904,100
4477,2026-05-18 11:04:10.852188,2026/05/18 11:04:10.902,1,NVIDIA A100-SXM-64GB,197.32,31922,98
4478,2026-05-18 11:04:10.852188,2026/05/18 11:04:10.905,2,NVIDIA A100-SXM-64GB,215.15,31912,100
4479,2026-05-18 11:04:10.852188,2026/05/18 11:04:10.907,3,NVIDIA A100-SXM-64GB,177.07,31846,98
4480,2026-05-18 11:04:15.934573,2026/05/18 11:04:15.974,0,NVIDIA A100-SXM-64GB,187.83,31904,100
4481,2026-05-18 11:04:15.934573,2026/05/18 11:04:15.978,1,NVIDIA A100-SXM-64GB,173.46,31922,100
4482,2026-05-18 11:04:15.934573,2026/05/18 11:04:15.984,2,NVIDIA A100-SXM-64GB,172.17,31912,100
4483,2026-05-18 11:04:15.934573,2026/05/18 11:04:15.986,3,NVIDIA A100-SXM-64GB,163.43,31846,100
4484,2026-05-18 11:04:21.013180,2026/05/18 11:04:21.053,0,NVIDIA A100-SXM-64GB,155.74,31904,97
4485,2026-05-18 11:04:21.013180,2026/05/18 11:04:21.055,1,NVIDIA A100-SXM-64GB,143.98,31922,99
4486,2026-05-18 11:04:21.013180,2026/05/18 11:04:21.058,2,NVIDIA A100-SXM-64GB,148.29,31912,97
4487,2026-05-18 11:04:21.013180,2026/05/18 11:04:21.064,3,NVIDIA A100-SXM-64GB,144.15,31846,99
4488,2026-05-18 11:04:26.091334,2026/05/18 11:04:26.132,0,NVIDIA A100-SXM-64GB,165.06,31904,100
4489,2026-05-18 11:04:26.091334,2026/05/18 11:04:26.136,1,NVIDIA A100-SXM-64GB,171.22,31922,100
4490,2026-05-18 11:04:26.091334,2026/05/18 11:04:26.138,2,NVIDIA A100-SXM-64GB,194.85,31912,100
4491,2026-05-18 11:04:26.091334,2026/05/18 11:04:26.141,3,NVIDIA A100-SXM-64GB,165.47,31846,100
4492,2026-05-18 11:04:31.167547,2026/05/18 11:04:31.207,0,NVIDIA A100-SXM-64GB,152.87,31904,98
4493,2026-05-18 11:04:31.167547,2026/05/18 11:04:31.210,1,NVIDIA A100-SXM-64GB,145.34,31922,100
4494,2026-05-18 11:04:31.167547,2026/05/18 11:04:31.214,2,NVIDIA A100-SXM-64GB,151.47,31912,98
4495,2026-05-18 11:04:31.167547,2026/05/18 11:04:31.216,3,NVIDIA A100-SXM-64GB,132.94,31846,100
4496,2026-05-18 11:04:36.242145,2026/05/18 11:04:36.281,0,NVIDIA A100-SXM-64GB,171.32,31904,100
4497,2026-05-18 11:04:36.242145,2026/05/18 11:04:36.283,1,NVIDIA A100-SXM-64GB,171.91,31922,100
4498,2026-05-18 11:04:36.242145,2026/05/18 11:04:36.286,2,NVIDIA A100-SXM-64GB,152.53,31912,100
4499,2026-05-18 11:04:36.242145,2026/05/18 11:04:36.288,3,NVIDIA A100-SXM-64GB,145.64,31846,100
4500,2026-05-18 11:04:41.315293,2026/05/18 11:04:41.354,0,NVIDIA A100-SXM-64GB,186.62,31904,100
4501,2026-05-18 11:04:41.315293,2026/05/18 11:04:41.356,1,NVIDIA A100-SXM-64GB,177.31,31922,100
4502,2026-05-18 11:04:41.315293,2026/05/18 11:04:41.359,2,NVIDIA A100-SXM-64GB,171.42,31912,100
4503,2026-05-18 11:04:41.315293,2026/05/18 11:04:41.362,3,NVIDIA A100-SXM-64GB,175.89,31846,100
4504,2026-05-18 11:04:46.389113,2026/05/18 11:04:46.428,0,NVIDIA A100-SXM-64GB,179.13,31904,100
4505,2026-05-18 11:04:46.389113,2026/05/18 11:04:46.430,1,NVIDIA A100-SXM-64GB,145.07,31922,100
4506,2026-05-18 11:04:46.389113,2026/05/18 11:04:46.435,2,NVIDIA A100-SXM-64GB,164.09,31912,100
4507,2026-05-18 11:04:46.389113,2026/05/18 11:04:46.438,3,NVIDIA A100-SXM-64GB,158.08,31846,100
4508,2026-05-18 11:04:51.464716,2026/05/18 11:04:51.504,0,NVIDIA A100-SXM-64GB,155.46,31904,100
4509,2026-05-18 11:04:51.464716,2026/05/18 11:04:51.506,1,NVIDIA A100-SXM-64GB,148.59,31922,100
4510,2026-05-18 11:04:51.464716,2026/05/18 11:04:51.509,2,NVIDIA A100-SXM-64GB,147.96,31912,100
4511,2026-05-18 11:04:51.464716,2026/05/18 11:04:51.511,3,NVIDIA A100-SXM-64GB,141.34,31846,100
4512,2026-05-18 11:04:56.537733,2026/05/18 11:04:56.577,0,NVIDIA A100-SXM-64GB,173.18,31904,100
4513,2026-05-18 11:04:56.537733,2026/05/18 11:04:56.580,1,NVIDIA A100-SXM-64GB,142.17,31922,100
4514,2026-05-18 11:04:56.537733,2026/05/18 11:04:56.583,2,NVIDIA A100-SXM-64GB,177.40,31912,100
4515,2026-05-18 11:04:56.537733,2026/05/18 11:04:56.588,3,NVIDIA A100-SXM-64GB,163.76,31846,100
4516,2026-05-18 11:05:01.614594,2026/05/18 11:05:01.654,0,NVIDIA A100-SXM-64GB,156.07,31904,98
4517,2026-05-18 11:05:01.614594,2026/05/18 11:05:01.657,1,NVIDIA A100-SXM-64GB,147.33,31922,100
4518,2026-05-18 11:05:01.614594,2026/05/18 11:05:01.659,2,NVIDIA A100-SXM-64GB,155.01,31912,98
4519,2026-05-18 11:05:01.614594,2026/05/18 11:05:01.662,3,NVIDIA A100-SXM-64GB,146.57,31846,100
4520,2026-05-18 11:05:06.689116,2026/05/18 11:05:06.728,0,NVIDIA A100-SXM-64GB,179.46,31904,100
4521,2026-05-18 11:05:06.689116,2026/05/18 11:05:06.730,1,NVIDIA A100-SXM-64GB,164.19,31922,100
4522,2026-05-18 11:05:06.689116,2026/05/18 11:05:06.733,2,NVIDIA A100-SXM-64GB,164.70,31912,100
4523,2026-05-18 11:05:06.689116,2026/05/18 11:05:06.735,3,NVIDIA A100-SXM-64GB,176.82,31846,100
4524,2026-05-18 11:05:11.761694,2026/05/18 11:05:11.801,0,NVIDIA A100-SXM-64GB,180.39,31904,100
4525,2026-05-18 11:05:11.761694,2026/05/18 11:05:11.805,1,NVIDIA A100-SXM-64GB,147.48,31922,100
4526,2026-05-18 11:05:11.761694,2026/05/18 11:05:11.808,2,NVIDIA A100-SXM-64GB,167.45,31912,100
4527,2026-05-18 11:05:11.761694,2026/05/18 11:05:11.811,3,NVIDIA A100-SXM-64GB,155.93,31846,100
4528,2026-05-18 11:05:16.837251,2026/05/18 11:05:16.876,0,NVIDIA A100-SXM-64GB,190.90,31904,100
4529,2026-05-18 11:05:16.837251,2026/05/18 11:05:16.878,1,NVIDIA A100-SXM-64GB,167.54,31922,100
4530,2026-05-18 11:05:16.837251,2026/05/18 11:05:16.881,2,NVIDIA A100-SXM-64GB,172.78,31912,100
4531,2026-05-18 11:05:16.837251,2026/05/18 11:05:16.883,3,NVIDIA A100-SXM-64GB,189.81,31846,100
4532,2026-05-18 11:05:21.913299,2026/05/18 11:05:21.953,0,NVIDIA A100-SXM-64GB,182.34,31904,100
4533,2026-05-18 11:05:21.913299,2026/05/18 11:05:21.955,1,NVIDIA A100-SXM-64GB,158.04,31922,100
4534,2026-05-18 11:05:21.913299,2026/05/18 11:05:21.958,2,NVIDIA A100-SXM-64GB,163.92,31912,100
4535,2026-05-18 11:05:21.913299,2026/05/18 11:05:21.960,3,NVIDIA A100-SXM-64GB,171.42,31846,100
4536,2026-05-18 11:05:26.986721,2026/05/18 11:05:27.026,0,NVIDIA A100-SXM-64GB,155.13,31904,98
4537,2026-05-18 11:05:26.986721,2026/05/18 11:05:27.028,1,NVIDIA A100-SXM-64GB,145.84,31922,98
4538,2026-05-18 11:05:26.986721,2026/05/18 11:05:27.031,2,NVIDIA A100-SXM-64GB,152.86,31912,98
4539,2026-05-18 11:05:26.986721,2026/05/18 11:05:27.036,3,NVIDIA A100-SXM-64GB,144.42,31846,98
4540,2026-05-18 11:05:32.062791,2026/05/18 11:05:32.102,0,NVIDIA A100-SXM-64GB,150.85,31904,98
4541,2026-05-18 11:05:32.062791,2026/05/18 11:05:32.105,1,NVIDIA A100-SXM-64GB,132.67,31922,100
4542,2026-05-18 11:05:32.062791,2026/05/18 11:05:32.107,2,NVIDIA A100-SXM-64GB,140.92,31912,98
4543,2026-05-18 11:05:32.062791,2026/05/18 11:05:32.110,3,NVIDIA A100-SXM-64GB,179.07,31846,97
4544,2026-05-18 11:05:37.136077,2026/05/18 11:05:37.175,0,NVIDIA A100-SXM-64GB,174.99,31904,100
4545,2026-05-18 11:05:37.136077,2026/05/18 11:05:37.177,1,NVIDIA A100-SXM-64GB,165.40,31922,100
4546,2026-05-18 11:05:37.136077,2026/05/18 11:05:37.180,2,NVIDIA A100-SXM-64GB,195.12,31912,100
4547,2026-05-18 11:05:37.136077,2026/05/18 11:05:37.183,3,NVIDIA A100-SXM-64GB,187.66,31846,100
4548,2026-05-18 11:05:42.210125,2026/05/18 11:05:42.249,0,NVIDIA A100-SXM-64GB,178.66,31904,100
4549,2026-05-18 11:05:42.210125,2026/05/18 11:05:42.251,1,NVIDIA A100-SXM-64GB,174.24,31922,100
4550,2026-05-18 11:05:42.210125,2026/05/18 11:05:42.254,2,NVIDIA A100-SXM-64GB,167.88,31912,100
4551,2026-05-18 11:05:42.210125,2026/05/18 11:05:42.256,3,NVIDIA A100-SXM-64GB,171.13,31846,100
4552,2026-05-18 11:05:47.283242,2026/05/18 11:05:47.323,0,NVIDIA A100-SXM-64GB,152.22,31904,98
4553,2026-05-18 11:05:47.283242,2026/05/18 11:05:47.325,1,NVIDIA A100-SXM-64GB,140.91,31922,100
4554,2026-05-18 11:05:47.283242,2026/05/18 11:05:47.328,2,NVIDIA A100-SXM-64GB,153.47,31912,98
4555,2026-05-18 11:05:47.283242,2026/05/18 11:05:47.331,3,NVIDIA A100-SXM-64GB,148.45,31846,98
4556,2026-05-18 11:05:52.359239,2026/05/18 11:05:52.409,0,NVIDIA A100-SXM-64GB,154.53,31904,100
4557,2026-05-18 11:05:52.359239,2026/05/18 11:05:52.412,1,NVIDIA A100-SXM-64GB,144.58,31922,100
4558,2026-05-18 11:05:52.359239,2026/05/18 11:05:52.415,2,NVIDIA A100-SXM-64GB,154.07,31912,100
4559,2026-05-18 11:05:52.359239,2026/05/18 11:05:52.417,3,NVIDIA A100-SXM-64GB,172.96,31846,100
4560,2026-05-18 11:05:57.443813,2026/05/18 11:05:57.483,0,NVIDIA A100-SXM-64GB,170.71,31904,100
4561,2026-05-18 11:05:57.443813,2026/05/18 11:05:57.485,1,NVIDIA A100-SXM-64GB,160.18,31922,100
4562,2026-05-18 11:05:57.443813,2026/05/18 11:05:57.488,2,NVIDIA A100-SXM-64GB,178.61,31912,100
4563,2026-05-18 11:05:57.443813,2026/05/18 11:05:57.490,3,NVIDIA A100-SXM-64GB,171.24,31846,100
4564,2026-05-18 11:06:02.522682,2026/05/18 11:06:02.562,0,NVIDIA A100-SXM-64GB,175.32,31904,100
4565,2026-05-18 11:06:02.522682,2026/05/18 11:06:02.567,1,NVIDIA A100-SXM-64GB,183.88,31922,100
4566,2026-05-18 11:06:02.522682,2026/05/18 11:06:02.570,2,NVIDIA A100-SXM-64GB,172.44,31912,100
4567,2026-05-18 11:06:02.522682,2026/05/18 11:06:02.573,3,NVIDIA A100-SXM-64GB,170.48,31846,100
4568,2026-05-18 11:06:07.601920,2026/05/18 11:06:07.655,0,NVIDIA A100-SXM-64GB,180.21,31904,100
4569,2026-05-18 11:06:07.601920,2026/05/18 11:06:07.657,1,NVIDIA A100-SXM-64GB,176.20,31922,100
4570,2026-05-18 11:06:07.601920,2026/05/18 11:06:07.660,2,NVIDIA A100-SXM-64GB,184.11,31912,100
4571,2026-05-18 11:06:07.601920,2026/05/18 11:06:07.662,3,NVIDIA A100-SXM-64GB,137.98,31846,100
4572,2026-05-18 11:06:12.689326,2026/05/18 11:06:12.729,0,NVIDIA A100-SXM-64GB,180.99,31904,100
4573,2026-05-18 11:06:12.689326,2026/05/18 11:06:12.731,1,NVIDIA A100-SXM-64GB,162.93,31922,100
4574,2026-05-18 11:06:12.689326,2026/05/18 11:06:12.734,2,NVIDIA A100-SXM-64GB,174.17,31912,100
4575,2026-05-18 11:06:12.689326,2026/05/18 11:06:12.736,3,NVIDIA A100-SXM-64GB,180.34,31846,100
4576,2026-05-18 11:06:17.765763,2026/05/18 11:06:17.805,0,NVIDIA A100-SXM-64GB,168.30,31904,100
4577,2026-05-18 11:06:17.765763,2026/05/18 11:06:17.811,1,NVIDIA A100-SXM-64GB,179.78,31922,100
4578,2026-05-18 11:06:17.765763,2026/05/18 11:06:17.814,2,NVIDIA A100-SXM-64GB,167.28,31912,100
4579,2026-05-18 11:06:17.765763,2026/05/18 11:06:17.817,3,NVIDIA A100-SXM-64GB,171.13,31846,100
4580,2026-05-18 11:06:22.846039,2026/05/18 11:06:22.885,0,NVIDIA A100-SXM-64GB,157.60,31904,98
4581,2026-05-18 11:06:22.846039,2026/05/18 11:06:22.887,1,NVIDIA A100-SXM-64GB,142.77,31922,99
4582,2026-05-18 11:06:22.846039,2026/05/18 11:06:22.890,2,NVIDIA A100-SXM-64GB,149.18,31912,98
4583,2026-05-18 11:06:22.846039,2026/05/18 11:06:22.892,3,NVIDIA A100-SXM-64GB,140.46,31846,100
4584,2026-05-18 11:06:27.919889,2026/05/18 11:06:27.960,0,NVIDIA A100-SXM-64GB,157.43,31904,98
4585,2026-05-18 11:06:27.919889,2026/05/18 11:06:27.962,1,NVIDIA A100-SXM-64GB,143.98,31922,100
4586,2026-05-18 11:06:27.919889,2026/05/18 11:06:27.965,2,NVIDIA A100-SXM-64GB,150.43,31912,98
4587,2026-05-18 11:06:27.919889,2026/05/18 11:06:27.970,3,NVIDIA A100-SXM-64GB,144.75,31846,100
4588,2026-05-18 11:06:32.996876,2026/05/18 11:06:33.036,0,NVIDIA A100-SXM-64GB,167.64,31904,100
4589,2026-05-18 11:06:32.996876,2026/05/18 11:06:33.041,1,NVIDIA A100-SXM-64GB,152.54,31922,100
4590,2026-05-18 11:06:32.996876,2026/05/18 11:06:33.043,2,NVIDIA A100-SXM-64GB,151.32,31912,100
4591,2026-05-18 11:06:32.996876,2026/05/18 11:06:33.046,3,NVIDIA A100-SXM-64GB,145.64,31846,100
4592,2026-05-18 11:06:38.072550,2026/05/18 11:06:38.112,0,NVIDIA A100-SXM-64GB,151.34,31904,100
4593,2026-05-18 11:06:38.072550,2026/05/18 11:06:38.114,1,NVIDIA A100-SXM-64GB,131.87,31922,100
4594,2026-05-18 11:06:38.072550,2026/05/18 11:06:38.117,2,NVIDIA A100-SXM-64GB,141.07,31912,98
4595,2026-05-18 11:06:38.072550,2026/05/18 11:06:38.119,3,NVIDIA A100-SXM-64GB,156.26,31846,100
4596,2026-05-18 11:06:43.149484,2026/05/18 11:06:43.189,0,NVIDIA A100-SXM-64GB,189.63,31904,100
4597,2026-05-18 11:06:43.149484,2026/05/18 11:06:43.192,1,NVIDIA A100-SXM-64GB,152.22,31922,100
4598,2026-05-18 11:06:43.149484,2026/05/18 11:06:43.195,2,NVIDIA A100-SXM-64GB,176.46,31912,100
4599,2026-05-18 11:06:43.149484,2026/05/18 11:06:43.198,3,NVIDIA A100-SXM-64GB,201.56,31846,100
4600,2026-05-18 11:06:48.224281,2026/05/18 11:06:48.264,0,NVIDIA A100-SXM-64GB,152.39,31904,100
4601,2026-05-18 11:06:48.224281,2026/05/18 11:06:48.266,1,NVIDIA A100-SXM-64GB,178.06,31922,98
4602,2026-05-18 11:06:48.224281,2026/05/18 11:06:48.269,2,NVIDIA A100-SXM-64GB,181.96,31912,100
4603,2026-05-18 11:06:48.224281,2026/05/18 11:06:48.273,3,NVIDIA A100-SXM-64GB,174.77,31846,98
4604,2026-05-18 11:06:53.300010,2026/05/18 11:06:53.339,0,NVIDIA A100-SXM-64GB,173.79,31904,100
4605,2026-05-18 11:06:53.300010,2026/05/18 11:06:53.341,1,NVIDIA A100-SXM-64GB,177.74,31922,100
4606,2026-05-18 11:06:53.300010,2026/05/18 11:06:53.344,2,NVIDIA A100-SXM-64GB,180.15,31912,100
4607,2026-05-18 11:06:53.300010,2026/05/18 11:06:53.347,3,NVIDIA A100-SXM-64GB,183.70,31846,100
4608,2026-05-18 11:06:58.374216,2026/05/18 11:06:58.413,0,NVIDIA A100-SXM-64GB,187.23,31904,100
4609,2026-05-18 11:06:58.374216,2026/05/18 11:06:58.415,1,NVIDIA A100-SXM-64GB,183.88,31922,100
4610,2026-05-18 11:06:58.374216,2026/05/18 11:06:58.418,2,NVIDIA A100-SXM-64GB,181.64,31912,100
4611,2026-05-18 11:06:58.374216,2026/05/18 11:06:58.421,3,NVIDIA A100-SXM-64GB,186.78,31846,100
4612,2026-05-18 11:07:03.448835,2026/05/18 11:07:03.488,0,NVIDIA A100-SXM-64GB,172.25,31904,100
4613,2026-05-18 11:07:03.448835,2026/05/18 11:07:03.491,1,NVIDIA A100-SXM-64GB,168.15,31922,100
4614,2026-05-18 11:07:03.448835,2026/05/18 11:07:03.493,2,NVIDIA A100-SXM-64GB,182.30,31912,100
4615,2026-05-18 11:07:03.448835,2026/05/18 11:07:03.497,3,NVIDIA A100-SXM-64GB,161.44,31846,100
4616,2026-05-18 11:07:08.523347,2026/05/18 11:07:08.563,0,NVIDIA A100-SXM-64GB,175.59,31904,100
4617,2026-05-18 11:07:08.523347,2026/05/18 11:07:08.566,1,NVIDIA A100-SXM-64GB,155.02,31922,100
4618,2026-05-18 11:07:08.523347,2026/05/18 11:07:08.568,2,NVIDIA A100-SXM-64GB,192.37,31912,100
4619,2026-05-18 11:07:08.523347,2026/05/18 11:07:08.571,3,NVIDIA A100-SXM-64GB,143.48,31846,100
4620,2026-05-18 11:07:13.597789,2026/05/18 11:07:13.637,0,NVIDIA A100-SXM-64GB,177.74,31904,100
4621,2026-05-18 11:07:13.597789,2026/05/18 11:07:13.642,1,NVIDIA A100-SXM-64GB,172.75,31922,100
4622,2026-05-18 11:07:13.597789,2026/05/18 11:07:13.648,2,NVIDIA A100-SXM-64GB,174.92,31912,100
4623,2026-05-18 11:07:13.597789,2026/05/18 11:07:13.651,3,NVIDIA A100-SXM-64GB,164.36,31846,100
4624,2026-05-18 11:07:18.677856,2026/05/18 11:07:18.717,0,NVIDIA A100-SXM-64GB,190.90,31904,100
4625,2026-05-18 11:07:18.677856,2026/05/18 11:07:18.720,1,NVIDIA A100-SXM-64GB,164.19,31922,100
4626,2026-05-18 11:07:18.677856,2026/05/18 11:07:18.723,2,NVIDIA A100-SXM-64GB,158.36,31912,100
4627,2026-05-18 11:07:18.677856,2026/05/18 11:07:18.725,3,NVIDIA A100-SXM-64GB,158.52,31846,100
4628,2026-05-18 11:07:23.754059,2026/05/18 11:07:23.793,0,NVIDIA A100-SXM-64GB,157.27,31904,98
4629,2026-05-18 11:07:23.754059,2026/05/18 11:07:23.795,1,NVIDIA A100-SXM-64GB,143.71,31922,100
4630,2026-05-18 11:07:23.754059,2026/05/18 11:07:23.798,2,NVIDIA A100-SXM-64GB,152.86,31912,98
4631,2026-05-18 11:07:23.754059,2026/05/18 11:07:23.800,3,NVIDIA A100-SXM-64GB,142.61,31846,98
4632,2026-05-18 11:07:28.827849,2026/05/18 11:07:28.867,0,NVIDIA A100-SXM-64GB,156.50,31904,98
4633,2026-05-18 11:07:28.827849,2026/05/18 11:07:28.869,1,NVIDIA A100-SXM-64GB,144.92,31922,100
4634,2026-05-18 11:07:28.827849,2026/05/18 11:07:28.874,2,NVIDIA A100-SXM-64GB,148.12,31912,97
4635,2026-05-18 11:07:28.827849,2026/05/18 11:07:28.877,3,NVIDIA A100-SXM-64GB,146.44,31846,100
4636,2026-05-18 11:07:33.904005,2026/05/18 11:07:33.943,0,NVIDIA A100-SXM-64GB,160.94,31904,100
4637,2026-05-18 11:07:33.904005,2026/05/18 11:07:33.945,1,NVIDIA A100-SXM-64GB,205.82,31922,100
4638,2026-05-18 11:07:33.904005,2026/05/18 11:07:33.948,2,NVIDIA A100-SXM-64GB,185.93,31912,98
4639,2026-05-18 11:07:33.904005,2026/05/18 11:07:33.950,3,NVIDIA A100-SXM-64GB,176.31,31846,100
4640,2026-05-18 11:07:38.977373,2026/05/18 11:07:39.018,0,NVIDIA A100-SXM-64GB,149.04,31904,100
4641,2026-05-18 11:07:38.977373,2026/05/18 11:07:39.020,1,NVIDIA A100-SXM-64GB,131.73,31922,100
4642,2026-05-18 11:07:38.977373,2026/05/18 11:07:39.023,2,NVIDIA A100-SXM-64GB,146.43,31912,98
4643,2026-05-18 11:07:38.977373,2026/05/18 11:07:39.025,3,NVIDIA A100-SXM-64GB,146.90,31846,100
4644,2026-05-18 11:07:44.053760,2026/05/18 11:07:44.093,0,NVIDIA A100-SXM-64GB,170.43,31904,100
4645,2026-05-18 11:07:44.053760,2026/05/18 11:07:44.099,1,NVIDIA A100-SXM-64GB,157.76,31922,100
4646,2026-05-18 11:07:44.053760,2026/05/18 11:07:44.102,2,NVIDIA A100-SXM-64GB,180.43,31912,100
4647,2026-05-18 11:07:44.053760,2026/05/18 11:07:44.105,3,NVIDIA A100-SXM-64GB,145.64,31846,100
4648,2026-05-18 11:07:49.133984,2026/05/18 11:07:49.173,0,NVIDIA A100-SXM-64GB,190.98,31904,100
4649,2026-05-18 11:07:49.133984,2026/05/18 11:07:49.175,1,NVIDIA A100-SXM-64GB,165.50,31922,100
4650,2026-05-18 11:07:49.133984,2026/05/18 11:07:49.181,2,NVIDIA A100-SXM-64GB,176.28,31912,100
4651,2026-05-18 11:07:49.133984,2026/05/18 11:07:49.183,3,NVIDIA A100-SXM-64GB,173.11,31846,100
4652,2026-05-18 11:07:54.214412,2026/05/18 11:07:54.265,0,NVIDIA A100-SXM-64GB,180.66,31904,100
4653,2026-05-18 11:07:54.214412,2026/05/18 11:07:54.268,1,NVIDIA A100-SXM-64GB,169.07,31922,100
4654,2026-05-18 11:07:54.214412,2026/05/18 11:07:54.271,2,NVIDIA A100-SXM-64GB,168.99,31912,100
4655,2026-05-18 11:07:54.214412,2026/05/18 11:07:54.273,3,NVIDIA A100-SXM-64GB,179.68,31846,100
4656,2026-05-18 11:07:59.301196,2026/05/18 11:07:59.341,0,NVIDIA A100-SXM-64GB,148.44,31904,99
4657,2026-05-18 11:07:59.301196,2026/05/18 11:07:59.343,1,NVIDIA A100-SXM-64GB,142.17,31922,98
4658,2026-05-18 11:07:59.301196,2026/05/18 11:07:59.348,2,NVIDIA A100-SXM-64GB,155.61,31912,98
4659,2026-05-18 11:07:59.301196,2026/05/18 11:07:59.351,3,NVIDIA A100-SXM-64GB,142.61,31846,98
4660,2026-05-18 11:08:04.378880,2026/05/18 11:08:04.418,0,NVIDIA A100-SXM-64GB,155.74,31904,97
4661,2026-05-18 11:08:04.378880,2026/05/18 11:08:04.420,1,NVIDIA A100-SXM-64GB,142.17,31922,97
4662,2026-05-18 11:08:04.378880,2026/05/18 11:08:04.423,2,NVIDIA A100-SXM-64GB,146.14,31912,97
4663,2026-05-18 11:08:04.378880,2026/05/18 11:08:04.426,3,NVIDIA A100-SXM-64GB,142.61,31846,97
4664,2026-05-18 11:08:09.453824,2026/05/18 11:08:09.504,0,NVIDIA A100-SXM-64GB,198.52,31904,100
4665,2026-05-18 11:08:09.453824,2026/05/18 11:08:09.507,1,NVIDIA A100-SXM-64GB,184.15,31922,100
4666,2026-05-18 11:08:09.453824,2026/05/18 11:08:09.511,2,NVIDIA A100-SXM-64GB,184.11,31912,100
4667,2026-05-18 11:08:09.453824,2026/05/18 11:08:09.516,3,NVIDIA A100-SXM-64GB,180.61,31846,100
4668,2026-05-18 11:08:14.543899,2026/05/18 11:08:14.583,0,NVIDIA A100-SXM-64GB,156.34,31904,100
4669,2026-05-18 11:08:14.543899,2026/05/18 11:08:14.585,1,NVIDIA A100-SXM-64GB,168.90,31922,98
4670,2026-05-18 11:08:14.543899,2026/05/18 11:08:14.589,2,NVIDIA A100-SXM-64GB,179.31,31912,100
4671,2026-05-18 11:08:14.543899,2026/05/18 11:08:14.592,3,NVIDIA A100-SXM-64GB,137.70,31846,100
4672,2026-05-18 11:08:19.618749,2026/05/18 11:08:19.658,0,NVIDIA A100-SXM-64GB,184.15,31904,100
4673,2026-05-18 11:08:19.618749,2026/05/18 11:08:19.660,1,NVIDIA A100-SXM-64GB,157.32,31922,100
4674,2026-05-18 11:08:19.618749,2026/05/18 11:08:19.663,2,NVIDIA A100-SXM-64GB,159.46,31912,100
4675,2026-05-18 11:08:19.618749,2026/05/18 11:08:19.665,3,NVIDIA A100-SXM-64GB,148.27,31846,100
4676,2026-05-18 11:08:24.692803,2026/05/18 11:08:24.732,0,NVIDIA A100-SXM-64GB,179.69,31904,100
4677,2026-05-18 11:08:24.692803,2026/05/18 11:08:24.734,1,NVIDIA A100-SXM-64GB,170.71,31922,100
4678,2026-05-18 11:08:24.692803,2026/05/18 11:08:24.737,2,NVIDIA A100-SXM-64GB,178.43,31912,100
4679,2026-05-18 11:08:24.692803,2026/05/18 11:08:24.739,3,NVIDIA A100-SXM-64GB,162.65,31846,100
4680,2026-05-18 11:08:29.767024,2026/05/18 11:08:29.806,0,NVIDIA A100-SXM-64GB,155.90,31904,100
4681,2026-05-18 11:08:29.767024,2026/05/18 11:08:29.808,1,NVIDIA A100-SXM-64GB,165.06,31922,100
4682,2026-05-18 11:08:29.767024,2026/05/18 11:08:29.812,2,NVIDIA A100-SXM-64GB,161.28,31912,100
4683,2026-05-18 11:08:29.767024,2026/05/18 11:08:29.818,3,NVIDIA A100-SXM-64GB,172.52,31846,100
4684,2026-05-18 11:08:34.845919,2026/05/18 11:08:34.897,0,NVIDIA A100-SXM-64GB,153.75,31904,100
4685,2026-05-18 11:08:34.845919,2026/05/18 11:08:34.899,1,NVIDIA A100-SXM-64GB,145.34,31922,98
4686,2026-05-18 11:08:34.845919,2026/05/18 11:08:34.902,2,NVIDIA A100-SXM-64GB,148.12,31912,98
4687,2026-05-18 11:08:34.845919,2026/05/18 11:08:34.904,3,NVIDIA A100-SXM-64GB,147.05,31846,100
4688,2026-05-18 11:08:39.934897,2026/05/18 11:08:39.974,0,NVIDIA A100-SXM-64GB,151.62,31904,100
4689,2026-05-18 11:08:39.934897,2026/05/18 11:08:39.976,1,NVIDIA A100-SXM-64GB,193.24,31922,100
4690,2026-05-18 11:08:39.934897,2026/05/18 11:08:39.979,2,NVIDIA A100-SXM-64GB,148.12,31912,99
4691,2026-05-18 11:08:39.934897,2026/05/18 11:08:39.982,3,NVIDIA A100-SXM-64GB,161.17,31846,100
4692,2026-05-18 11:08:45.009006,2026/05/18 11:08:45.048,0,NVIDIA A100-SXM-64GB,150.41,31904,100
4693,2026-05-18 11:08:45.009006,2026/05/18 11:08:45.050,1,NVIDIA A100-SXM-64GB,143.19,31922,98
4694,2026-05-18 11:08:45.009006,2026/05/18 11:08:45.056,2,NVIDIA A100-SXM-64GB,146.29,31912,100
4695,2026-05-18 11:08:45.009006,2026/05/18 11:08:45.059,3,NVIDIA A100-SXM-64GB,138.45,31846,100
4696,2026-05-18 11:08:50.086193,2026/05/18 11:08:50.125,0,NVIDIA A100-SXM-64GB,186.48,31904,100
4697,2026-05-18 11:08:50.086193,2026/05/18 11:08:50.130,1,NVIDIA A100-SXM-64GB,161.61,31922,100
4698,2026-05-18 11:08:50.086193,2026/05/18 11:08:50.133,2,NVIDIA A100-SXM-64GB,170.81,31912,100
4699,2026-05-18 11:08:50.086193,2026/05/18 11:08:50.135,3,NVIDIA A100-SXM-64GB,177.10,31846,100
4700,2026-05-18 11:08:55.162806,2026/05/18 11:08:55.214,0,NVIDIA A100-SXM-64GB,202.68,31904,98
4701,2026-05-18 11:08:55.162806,2026/05/18 11:08:55.216,1,NVIDIA A100-SXM-64GB,145.07,31922,100
4702,2026-05-18 11:08:55.162806,2026/05/18 11:08:55.219,2,NVIDIA A100-SXM-64GB,153.34,31912,100
4703,2026-05-18 11:08:55.162806,2026/05/18 11:08:55.222,3,NVIDIA A100-SXM-64GB,189.54,31846,98
4704,2026-05-18 11:09:00.249853,2026/05/18 11:09:00.289,0,NVIDIA A100-SXM-64GB,199.00,31904,100
4705,2026-05-18 11:09:00.249853,2026/05/18 11:09:00.291,1,NVIDIA A100-SXM-64GB,188.02,31922,100
4706,2026-05-18 11:09:00.249853,2026/05/18 11:09:00.294,2,NVIDIA A100-SXM-64GB,170.81,31912,100
4707,2026-05-18 11:09:00.249853,2026/05/18 11:09:00.297,3,NVIDIA A100-SXM-64GB,173.13,31846,100
4708,2026-05-18 11:09:05.324910,2026/05/18 11:09:05.364,0,NVIDIA A100-SXM-64GB,171.64,31904,100
4709,2026-05-18 11:09:05.324910,2026/05/18 11:09:05.366,1,NVIDIA A100-SXM-64GB,155.02,31922,100
4710,2026-05-18 11:09:05.324910,2026/05/18 11:09:05.369,2,NVIDIA A100-SXM-64GB,177.67,31912,100
4711,2026-05-18 11:09:05.324910,2026/05/18 11:09:05.371,3,NVIDIA A100-SXM-64GB,153.34,31846,100
4712,2026-05-18 11:09:10.400669,2026/05/18 11:09:10.440,0,NVIDIA A100-SXM-64GB,190.90,31904,100
4713,2026-05-18 11:09:10.400669,2026/05/18 11:09:10.444,1,NVIDIA A100-SXM-64GB,187.50,31922,100
4714,2026-05-18 11:09:10.400669,2026/05/18 11:09:10.450,2,NVIDIA A100-SXM-64GB,211.79,31912,100
4715,2026-05-18 11:09:10.400669,2026/05/18 11:09:10.458,3,NVIDIA A100-SXM-64GB,176.74,31846,100
4716,2026-05-18 11:09:15.485477,2026/05/18 11:09:15.527,0,NVIDIA A100-SXM-64GB,218.43,31904,100
4717,2026-05-18 11:09:15.485477,2026/05/18 11:09:15.530,1,NVIDIA A100-SXM-64GB,132.67,31922,98
4718,2026-05-18 11:09:15.485477,2026/05/18 11:09:15.532,2,NVIDIA A100-SXM-64GB,220.97,31912,97
4719,2026-05-18 11:09:15.485477,2026/05/18 11:09:15.535,3,NVIDIA A100-SXM-64GB,160.40,31846,100
4720,2026-05-18 11:09:20.562024,2026/05/18 11:09:20.601,0,NVIDIA A100-SXM-64GB,187.83,31904,100
4721,2026-05-18 11:09:20.562024,2026/05/18 11:09:20.606,1,NVIDIA A100-SXM-64GB,187.83,31922,100
4722,2026-05-18 11:09:20.562024,2026/05/18 11:09:20.609,2,NVIDIA A100-SXM-64GB,171.07,31912,100
4723,2026-05-18 11:09:20.562024,2026/05/18 11:09:20.611,3,NVIDIA A100-SXM-64GB,165.74,31846,100
4724,2026-05-18 11:09:25.639316,2026/05/18 11:09:25.679,0,NVIDIA A100-SXM-64GB,178.66,31904,100
4725,2026-05-18 11:09:25.639316,2026/05/18 11:09:25.681,1,NVIDIA A100-SXM-64GB,165.67,31922,100
4726,2026-05-18 11:09:25.639316,2026/05/18 11:09:25.687,2,NVIDIA A100-SXM-64GB,183.93,31912,100
4727,2026-05-18 11:09:25.639316,2026/05/18 11:09:25.690,3,NVIDIA A100-SXM-64GB,163.76,31846,100
4728,2026-05-18 11:09:30.717118,2026/05/18 11:09:30.758,0,NVIDIA A100-SXM-64GB,156.67,31904,100
4729,2026-05-18 11:09:30.717118,2026/05/18 11:09:30.760,1,NVIDIA A100-SXM-64GB,147.33,31922,100
4730,2026-05-18 11:09:30.717118,2026/05/18 11:09:30.763,2,NVIDIA A100-SXM-64GB,152.86,31912,98
4731,2026-05-18 11:09:30.717118,2026/05/18 11:09:30.765,3,NVIDIA A100-SXM-64GB,149.05,31846,100
4732,2026-05-18 11:09:35.796325,2026/05/18 11:09:35.836,0,NVIDIA A100-SXM-64GB,174.06,31904,100
4733,2026-05-18 11:09:35.796325,2026/05/18 11:09:35.838,1,NVIDIA A100-SXM-64GB,147.33,31922,100
4734,2026-05-18 11:09:35.796325,2026/05/18 11:09:35.841,2,NVIDIA A100-SXM-64GB,198.60,31912,98
4735,2026-05-18 11:09:35.796325,2026/05/18 11:09:35.844,3,NVIDIA A100-SXM-64GB,189.62,31846,100
4736,2026-05-18 11:09:40.871242,2026/05/18 11:09:40.910,0,NVIDIA A100-SXM-64GB,189.63,31904,100
4737,2026-05-18 11:09:40.871242,2026/05/18 11:09:40.915,1,NVIDIA A100-SXM-64GB,162.32,31922,100
4738,2026-05-18 11:09:40.871242,2026/05/18 11:09:40.917,2,NVIDIA A100-SXM-64GB,185.46,31912,100
4739,2026-05-18 11:09:40.871242,2026/05/18 11:09:40.920,3,NVIDIA A100-SXM-64GB,167.45,31846,100
4740,2026-05-18 11:09:45.947794,2026/05/18 11:09:45.987,0,NVIDIA A100-SXM-64GB,171.64,31904,100
4741,2026-05-18 11:09:45.947794,2026/05/18 11:09:45.990,1,NVIDIA A100-SXM-64GB,164.19,31922,100
4742,2026-05-18 11:09:45.947794,2026/05/18 11:09:45.995,2,NVIDIA A100-SXM-64GB,188.73,31912,100
4743,2026-05-18 11:09:45.947794,2026/05/18 11:09:45.997,3,NVIDIA A100-SXM-64GB,185.93,31846,100
4744,2026-05-18 11:09:51.024936,2026/05/18 11:09:51.064,0,NVIDIA A100-SXM-64GB,172.25,31904,100
4745,2026-05-18 11:09:51.024936,2026/05/18 11:09:51.066,1,NVIDIA A100-SXM-64GB,160.18,31922,100
4746,2026-05-18 11:09:51.024936,2026/05/18 11:09:51.069,2,NVIDIA A100-SXM-64GB,158.36,31912,100
4747,2026-05-18 11:09:51.024936,2026/05/18 11:09:51.071,3,NVIDIA A100-SXM-64GB,171.13,31846,100
4748,2026-05-18 11:09:56.099321,2026/05/18 11:09:56.139,0,NVIDIA A100-SXM-64GB,198.52,31904,100
4749,2026-05-18 11:09:56.099321,2026/05/18 11:09:56.141,1,NVIDIA A100-SXM-64GB,147.33,31922,100
4750,2026-05-18 11:09:56.099321,2026/05/18 11:09:56.144,2,NVIDIA A100-SXM-64GB,190.22,31912,100
4751,2026-05-18 11:09:56.099321,2026/05/18 11:09:56.147,3,NVIDIA A100-SXM-64GB,145.96,31846,100
4752,2026-05-18 11:10:01.175104,2026/05/18 11:10:01.214,0,NVIDIA A100-SXM-64GB,179.27,31904,100
4753,2026-05-18 11:10:01.175104,2026/05/18 11:10:01.216,1,NVIDIA A100-SXM-64GB,169.51,31922,100
4754,2026-05-18 11:10:01.175104,2026/05/18 11:10:01.221,2,NVIDIA A100-SXM-64GB,181.36,31912,100
4755,2026-05-18 11:10:01.175104,2026/05/18 11:10:01.227,3,NVIDIA A100-SXM-64GB,176.92,31846,100
4756,2026-05-18 11:10:06.255165,2026/05/18 11:10:06.295,0,NVIDIA A100-SXM-64GB,151.79,31904,98
4757,2026-05-18 11:10:06.255165,2026/05/18 11:10:06.297,1,NVIDIA A100-SXM-64GB,144.31,31922,98
4758,2026-05-18 11:10:06.255165,2026/05/18 11:10:06.302,2,NVIDIA A100-SXM-64GB,147.96,31912,98
4759,2026-05-18 11:10:06.255165,2026/05/18 11:10:06.305,3,NVIDIA A100-SXM-64GB,148.12,31846,98
4760,2026-05-18 11:10:11.332730,2026/05/18 11:10:11.372,0,NVIDIA A100-SXM-64GB,154.20,31904,98
4761,2026-05-18 11:10:11.332730,2026/05/18 11:10:11.377,1,NVIDIA A100-SXM-64GB,141.24,31922,98
4762,2026-05-18 11:10:11.332730,2026/05/18 11:10:11.382,2,NVIDIA A100-SXM-64GB,151.93,31912,98
4763,2026-05-18 11:10:11.332730,2026/05/18 11:10:11.388,3,NVIDIA A100-SXM-64GB,145.36,31846,100
4764,2026-05-18 11:10:16.415728,2026/05/18 11:10:16.455,0,NVIDIA A100-SXM-64GB,188.15,31904,100
4765,2026-05-18 11:10:16.415728,2026/05/18 11:10:16.459,1,NVIDIA A100-SXM-64GB,170.71,31922,100
4766,2026-05-18 11:10:16.415728,2026/05/18 11:10:16.463,2,NVIDIA A100-SXM-64GB,179.82,31912,100
4767,2026-05-18 11:10:16.415728,2026/05/18 11:10:16.468,3,NVIDIA A100-SXM-64GB,168.66,31846,100
4768,2026-05-18 11:10:21.495595,2026/05/18 11:10:21.535,0,NVIDIA A100-SXM-64GB,176.20,31904,100
4769,2026-05-18 11:10:21.495595,2026/05/18 11:10:21.537,1,NVIDIA A100-SXM-64GB,163.25,31922,100
4770,2026-05-18 11:10:21.495595,2026/05/18 11:10:21.542,2,NVIDIA A100-SXM-64GB,185.65,31912,100
4771,2026-05-18 11:10:21.495595,2026/05/18 11:10:21.547,3,NVIDIA A100-SXM-64GB,187.66,31846,100
4772,2026-05-18 11:10:26.575586,2026/05/18 11:10:26.626,0,NVIDIA A100-SXM-64GB,189.97,31904,100
4773,2026-05-18 11:10:26.575586,2026/05/18 11:10:26.629,1,NVIDIA A100-SXM-64GB,146.45,31922,100
4774,2026-05-18 11:10:26.575586,2026/05/18 11:10:26.632,2,NVIDIA A100-SXM-64GB,156.55,31912,100
4775,2026-05-18 11:10:26.575586,2026/05/18 11:10:26.634,3,NVIDIA A100-SXM-64GB,165.30,31846,100
4776,2026-05-18 11:10:31.662340,2026/05/18 11:10:31.702,0,NVIDIA A100-SXM-64GB,194.25,31904,100
4777,2026-05-18 11:10:31.662340,2026/05/18 11:10:31.704,1,NVIDIA A100-SXM-64GB,147.66,31922,100
4778,2026-05-18 11:10:31.662340,2026/05/18 11:10:31.707,2,NVIDIA A100-SXM-64GB,150.72,31912,100
4779,2026-05-18 11:10:31.662340,2026/05/18 11:10:31.709,3,NVIDIA A100-SXM-64GB,142.88,31846,98
4780,2026-05-18 11:10:36.737303,2026/05/18 11:10:36.777,0,NVIDIA A100-SXM-64GB,183.88,31904,100
4781,2026-05-18 11:10:36.737303,2026/05/18 11:10:36.779,1,NVIDIA A100-SXM-64GB,173.46,31922,100
4782,2026-05-18 11:10:36.737303,2026/05/18 11:10:36.784,2,NVIDIA A100-SXM-64GB,151.04,31912,100
4783,2026-05-18 11:10:36.737303,2026/05/18 11:10:36.787,3,NVIDIA A100-SXM-64GB,167.11,31846,100
4784,2026-05-18 11:10:41.813819,2026/05/18 11:10:41.853,0,NVIDIA A100-SXM-64GB,197.92,31904,100
4785,2026-05-18 11:10:41.813819,2026/05/18 11:10:41.855,1,NVIDIA A100-SXM-64GB,188.43,31922,100
4786,2026-05-18 11:10:41.813819,2026/05/18 11:10:41.858,2,NVIDIA A100-SXM-64GB,195.57,31912,100
4787,2026-05-18 11:10:41.813819,2026/05/18 11:10:41.860,3,NVIDIA A100-SXM-64GB,163.76,31846,100
4788,2026-05-18 11:10:46.891235,2026/05/18 11:10:46.931,0,NVIDIA A100-SXM-64GB,184.15,31904,100
4789,2026-05-18 11:10:46.891235,2026/05/18 11:10:46.933,1,NVIDIA A100-SXM-64GB,169.07,31922,100
4790,2026-05-18 11:10:46.891235,2026/05/18 11:10:46.936,2,NVIDIA A100-SXM-64GB,174.59,31912,100
4791,2026-05-18 11:10:46.891235,2026/05/18 11:10:46.939,3,NVIDIA A100-SXM-64GB,157.65,31846,100
4792,2026-05-18 11:10:51.967131,2026/05/18 11:10:52.006,0,NVIDIA A100-SXM-64GB,156.34,31904,100
4793,2026-05-18 11:10:51.967131,2026/05/18 11:10:52.009,1,NVIDIA A100-SXM-64GB,176.10,31922,100
4794,2026-05-18 11:10:51.967131,2026/05/18 11:10:52.014,2,NVIDIA A100-SXM-64GB,156.55,31912,98
4795,2026-05-18 11:10:51.967131,2026/05/18 11:10:52.018,3,NVIDIA A100-SXM-64GB,151.80,31846,100
4796,2026-05-18 11:10:57.045515,2026/05/18 11:10:57.085,0,NVIDIA A100-SXM-64GB,190.90,31904,100
4797,2026-05-18 11:10:57.045515,2026/05/18 11:10:57.091,1,NVIDIA A100-SXM-64GB,167.81,31922,100
4798,2026-05-18 11:10:57.045515,2026/05/18 11:10:57.096,2,NVIDIA A100-SXM-64GB,196.06,31912,100
4799,2026-05-18 11:10:57.045515,2026/05/18 11:10:57.098,3,NVIDIA A100-SXM-64GB,165.74,31846,100
4800,2026-05-18 11:11:02.128583,2026/05/18 11:11:02.179,0,NVIDIA A100-SXM-64GB,171.82,31904,100
4801,2026-05-18 11:11:02.128583,2026/05/18 11:11:02.182,1,NVIDIA A100-SXM-64GB,161.11,31922,100
4802,2026-05-18 11:11:02.128583,2026/05/18 11:11:02.185,2,NVIDIA A100-SXM-64GB,164.09,31912,100
4803,2026-05-18 11:11:02.128583,2026/05/18 11:11:02.187,3,NVIDIA A100-SXM-64GB,167.62,31846,100
4804,2026-05-18 11:11:07.214718,2026/05/18 11:11:07.254,0,NVIDIA A100-SXM-64GB,152.87,31904,98
4805,2026-05-18 11:11:07.214718,2026/05/18 11:11:07.256,1,NVIDIA A100-SXM-64GB,148.14,31922,98
4806,2026-05-18 11:11:07.214718,2026/05/18 11:11:07.259,2,NVIDIA A100-SXM-64GB,154.55,31912,98
4807,2026-05-18 11:11:07.214718,2026/05/18 11:11:07.262,3,NVIDIA A100-SXM-64GB,147.66,31846,100
4808,2026-05-18 11:11:12.290404,2026/05/18 11:11:12.330,0,NVIDIA A100-SXM-64GB,154.69,31904,100
4809,2026-05-18 11:11:12.290404,2026/05/18 11:11:12.332,1,NVIDIA A100-SXM-64GB,146.88,31922,97
4810,2026-05-18 11:11:12.290404,2026/05/18 11:11:12.335,2,NVIDIA A100-SXM-64GB,153.62,31912,97
4811,2026-05-18 11:11:12.290404,2026/05/18 11:11:12.338,3,NVIDIA A100-SXM-64GB,145.79,31846,100
4812,2026-05-18 11:11:17.368724,2026/05/18 11:11:17.420,0,NVIDIA A100-SXM-64GB,176.71,31904,100
4813,2026-05-18 11:11:17.368724,2026/05/18 11:11:17.422,1,NVIDIA A100-SXM-64GB,155.45,31922,99
4814,2026-05-18 11:11:17.368724,2026/05/18 11:11:17.425,2,NVIDIA A100-SXM-64GB,139.52,31912,98
4815,2026-05-18 11:11:17.368724,2026/05/18 11:11:17.430,3,NVIDIA A100-SXM-64GB,202.42,31846,100
4816,2026-05-18 11:11:22.457663,2026/05/18 11:11:22.497,0,NVIDIA A100-SXM-64GB,152.22,31904,98
4817,2026-05-18 11:11:22.457663,2026/05/18 11:11:22.499,1,NVIDIA A100-SXM-64GB,139.23,31922,98
4818,2026-05-18 11:11:22.457663,2026/05/18 11:11:22.502,2,NVIDIA A100-SXM-64GB,149.05,31912,98
4819,2026-05-18 11:11:22.457663,2026/05/18 11:11:22.504,3,NVIDIA A100-SXM-64GB,144.57,31846,100
4820,2026-05-18 11:11:27.532595,2026/05/18 11:11:27.584,0,NVIDIA A100-SXM-64GB,151.01,31904,100
4821,2026-05-18 11:11:27.532595,2026/05/18 11:11:27.586,1,NVIDIA A100-SXM-64GB,183.14,31922,100
4822,2026-05-18 11:11:27.532595,2026/05/18 11:11:27.589,2,NVIDIA A100-SXM-64GB,184.72,31912,100
4823,2026-05-18 11:11:27.532595,2026/05/18 11:11:27.592,3,NVIDIA A100-SXM-64GB,143.03,31846,100
4824,2026-05-18 11:11:32.619690,2026/05/18 11:11:32.659,0,NVIDIA A100-SXM-64GB,180.66,31904,100
4825,2026-05-18 11:11:32.619690,2026/05/18 11:11:32.661,1,NVIDIA A100-SXM-64GB,172.75,31922,100
4826,2026-05-18 11:11:32.619690,2026/05/18 11:11:32.667,2,NVIDIA A100-SXM-64GB,183.97,31912,100
4827,2026-05-18 11:11:32.619690,2026/05/18 11:11:32.670,3,NVIDIA A100-SXM-64GB,184.30,31846,100
4828,2026-05-18 11:11:37.697648,2026/05/18 11:11:37.737,0,NVIDIA A100-SXM-64GB,156.50,31904,100
4829,2026-05-18 11:11:37.697648,2026/05/18 11:11:37.739,1,NVIDIA A100-SXM-64GB,147.81,31922,100
4830,2026-05-18 11:11:37.697648,2026/05/18 11:11:37.742,2,NVIDIA A100-SXM-64GB,163.15,31912,100
4831,2026-05-18 11:11:37.697648,2026/05/18 11:11:37.744,3,NVIDIA A100-SXM-64GB,159.29,31846,100
4832,2026-05-18 11:11:42.772314,2026/05/18 11:11:42.812,0,NVIDIA A100-SXM-64GB,193.24,31904,100
4833,2026-05-18 11:11:42.772314,2026/05/18 11:11:42.817,1,NVIDIA A100-SXM-64GB,183.14,31922,100
4834,2026-05-18 11:11:42.772314,2026/05/18 11:11:42.820,2,NVIDIA A100-SXM-64GB,189.34,31912,100
4835,2026-05-18 11:11:42.772314,2026/05/18 11:11:42.823,3,NVIDIA A100-SXM-64GB,172.80,31846,100
4836,2026-05-18 11:11:47.851633,2026/05/18 11:11:47.891,0,NVIDIA A100-SXM-64GB,215.31,31904,100
4837,2026-05-18 11:11:47.851633,2026/05/18 11:11:47.894,1,NVIDIA A100-SXM-64GB,134.02,31922,100
4838,2026-05-18 11:11:47.851633,2026/05/18 11:11:47.896,2,NVIDIA A100-SXM-64GB,134.95,31912,100
4839,2026-05-18 11:11:47.851633,2026/05/18 11:11:47.899,3,NVIDIA A100-SXM-64GB,165.74,31846,100
4840,2026-05-18 11:11:52.926952,2026/05/18 11:11:52.966,0,NVIDIA A100-SXM-64GB,199.00,31904,100
4841,2026-05-18 11:11:52.926952,2026/05/18 11:11:52.968,1,NVIDIA A100-SXM-64GB,167.38,31922,100
4842,2026-05-18 11:11:52.926952,2026/05/18 11:11:52.974,2,NVIDIA A100-SXM-64GB,183.97,31912,100
4843,2026-05-18 11:11:52.926952,2026/05/18 11:11:52.976,3,NVIDIA A100-SXM-64GB,189.54,31846,100
4844,2026-05-18 11:11:58.007875,2026/05/18 11:11:58.047,0,NVIDIA A100-SXM-64GB,173.35,31904,100
4845,2026-05-18 11:11:58.007875,2026/05/18 11:11:58.050,1,NVIDIA A100-SXM-64GB,171.99,31922,100
4846,2026-05-18 11:11:58.007875,2026/05/18 11:11:58.054,2,NVIDIA A100-SXM-64GB,175.44,31912,100
4847,2026-05-18 11:11:58.007875,2026/05/18 11:11:58.057,3,NVIDIA A100-SXM-64GB,165.47,31846,100
4848,2026-05-18 11:12:03.087774,2026/05/18 11:12:03.128,0,NVIDIA A100-SXM-64GB,153.15,31904,100
4849,2026-05-18 11:12:03.087774,2026/05/18 11:12:03.130,1,NVIDIA A100-SXM-64GB,146.73,31922,98
4850,2026-05-18 11:12:03.087774,2026/05/18 11:12:03.137,2,NVIDIA A100-SXM-64GB,151.80,31912,98
4851,2026-05-18 11:12:03.087774,2026/05/18 11:12:03.139,3,NVIDIA A100-SXM-64GB,147.33,31846,98
4852,2026-05-18 11:12:08.167175,2026/05/18 11:12:08.218,0,NVIDIA A100-SXM-64GB,154.08,31904,100
4853,2026-05-18 11:12:08.167175,2026/05/18 11:12:08.220,1,NVIDIA A100-SXM-64GB,147.81,31922,100
4854,2026-05-18 11:12:08.167175,2026/05/18 11:12:08.223,2,NVIDIA A100-SXM-64GB,204.37,31912,100
4855,2026-05-18 11:12:08.167175,2026/05/18 11:12:08.225,3,NVIDIA A100-SXM-64GB,140.87,31846,98
4856,2026-05-18 11:12:13.253954,2026/05/18 11:12:13.293,0,NVIDIA A100-SXM-64GB,158.64,31904,100
4857,2026-05-18 11:12:13.253954,2026/05/18 11:12:13.295,1,NVIDIA A100-SXM-64GB,177.65,31922,100
4858,2026-05-18 11:12:13.253954,2026/05/18 11:12:13.301,2,NVIDIA A100-SXM-64GB,168.66,31912,100
4859,2026-05-18 11:12:13.253954,2026/05/18 11:12:13.303,3,NVIDIA A100-SXM-64GB,150.09,31846,100
4860,2026-05-18 11:12:18.331723,2026/05/18 11:12:18.372,0,NVIDIA A100-SXM-64GB,153.75,31904,100
4861,2026-05-18 11:12:18.331723,2026/05/18 11:12:18.377,1,NVIDIA A100-SXM-64GB,142.92,31922,98
4862,2026-05-18 11:12:18.331723,2026/05/18 11:12:18.383,2,NVIDIA A100-SXM-64GB,150.26,31912,98
4863,2026-05-18 11:12:18.331723,2026/05/18 11:12:18.385,3,NVIDIA A100-SXM-64GB,143.36,31846,98
4864,2026-05-18 11:12:23.413568,2026/05/18 11:12:23.453,0,NVIDIA A100-SXM-64GB,156.50,31904,97
4865,2026-05-18 11:12:23.413568,2026/05/18 11:12:23.455,1,NVIDIA A100-SXM-64GB,140.78,31922,97
4866,2026-05-18 11:12:23.413568,2026/05/18 11:12:23.458,2,NVIDIA A100-SXM-64GB,151.80,31912,97
4867,2026-05-18 11:12:23.413568,2026/05/18 11:12:23.460,3,NVIDIA A100-SXM-64GB,143.03,31846,97
4868,2026-05-18 11:12:28.488709,2026/05/18 11:12:28.528,0,NVIDIA A100-SXM-64GB,195.98,31904,100
4869,2026-05-18 11:12:28.488709,2026/05/18 11:12:28.530,1,NVIDIA A100-SXM-64GB,166.33,31922,100
4870,2026-05-18 11:12:28.488709,2026/05/18 11:12:28.533,2,NVIDIA A100-SXM-64GB,169.87,31912,100
4871,2026-05-18 11:12:28.488709,2026/05/18 11:12:28.535,3,NVIDIA A100-SXM-64GB,180.95,31846,100
4872,2026-05-18 11:12:33.564862,2026/05/18 11:12:33.605,0,NVIDIA A100-SXM-64GB,186.21,31904,100
4873,2026-05-18 11:12:33.564862,2026/05/18 11:12:33.607,1,NVIDIA A100-SXM-64GB,161.72,31922,100
4874,2026-05-18 11:12:33.564862,2026/05/18 11:12:33.614,2,NVIDIA A100-SXM-64GB,166.84,31912,100
4875,2026-05-18 11:12:33.564862,2026/05/18 11:12:33.616,3,NVIDIA A100-SXM-64GB,158.68,31846,100
4876,2026-05-18 11:12:38.644502,2026/05/18 11:12:38.684,0,NVIDIA A100-SXM-64GB,189.03,31904,100
4877,2026-05-18 11:12:38.644502,2026/05/18 11:12:38.687,1,NVIDIA A100-SXM-64GB,173.35,31922,100
4878,2026-05-18 11:12:38.644502,2026/05/18 11:12:38.690,2,NVIDIA A100-SXM-64GB,185.05,31912,100
4879,2026-05-18 11:12:38.644502,2026/05/18 11:12:38.692,3,NVIDIA A100-SXM-64GB,182.15,31846,100
4880,2026-05-18 11:12:43.720283,2026/05/18 11:12:43.771,0,NVIDIA A100-SXM-64GB,150.13,31904,100
4881,2026-05-18 11:12:43.720283,2026/05/18 11:12:43.774,1,NVIDIA A100-SXM-64GB,166.33,31922,100
4882,2026-05-18 11:12:43.720283,2026/05/18 11:12:43.777,2,NVIDIA A100-SXM-64GB,137.98,31912,100
4883,2026-05-18 11:12:43.720283,2026/05/18 11:12:43.779,3,NVIDIA A100-SXM-64GB,175.44,31846,100
4884,2026-05-18 11:12:48.807880,2026/05/18 11:12:48.847,0,NVIDIA A100-SXM-64GB,170.28,31904,100
4885,2026-05-18 11:12:48.807880,2026/05/18 11:12:48.851,1,NVIDIA A100-SXM-64GB,145.67,31922,100
4886,2026-05-18 11:12:48.807880,2026/05/18 11:12:48.854,2,NVIDIA A100-SXM-64GB,162.21,31912,100
4887,2026-05-18 11:12:48.807880,2026/05/18 11:12:48.858,3,NVIDIA A100-SXM-64GB,160.56,31846,100
4888,2026-05-18 11:12:53.888713,2026/05/18 11:12:53.928,0,NVIDIA A100-SXM-64GB,187.42,31904,100
4889,2026-05-18 11:12:53.888713,2026/05/18 11:12:53.934,1,NVIDIA A100-SXM-64GB,182.80,31922,100
4890,2026-05-18 11:12:53.888713,2026/05/18 11:12:53.936,2,NVIDIA A100-SXM-64GB,184.90,31912,100
4891,2026-05-18 11:12:53.888713,2026/05/18 11:12:53.940,3,NVIDIA A100-SXM-64GB,183.36,31846,100
4892,2026-05-18 11:12:58.968860,2026/05/18 11:12:59.008,0,NVIDIA A100-SXM-64GB,187.08,31904,100
4893,2026-05-18 11:12:58.968860,2026/05/18 11:12:59.010,1,NVIDIA A100-SXM-64GB,151.34,31922,100
4894,2026-05-18 11:12:58.968860,2026/05/18 11:12:59.013,2,NVIDIA A100-SXM-64GB,186.59,31912,100
4895,2026-05-18 11:12:58.968860,2026/05/18 11:12:59.017,3,NVIDIA A100-SXM-64GB,154.99,31846,100
4896,2026-05-18 11:13:04.046380,2026/05/18 11:13:04.098,0,NVIDIA A100-SXM-64GB,157.16,31904,100
4897,2026-05-18 11:13:04.046380,2026/05/18 11:13:04.100,1,NVIDIA A100-SXM-64GB,149.02,31922,100
4898,2026-05-18 11:13:04.046380,2026/05/18 11:13:04.106,2,NVIDIA A100-SXM-64GB,150.59,31912,100
4899,2026-05-18 11:13:04.046380,2026/05/18 11:13:04.108,3,NVIDIA A100-SXM-64GB,142.42,31846,100
4900,2026-05-18 11:13:09.136646,2026/05/18 11:13:09.176,0,NVIDIA A100-SXM-64GB,171.82,31904,100
4901,2026-05-18 11:13:09.136646,2026/05/18 11:13:09.178,1,NVIDIA A100-SXM-64GB,164.36,31922,100
4902,2026-05-18 11:13:09.136646,2026/05/18 11:13:09.181,2,NVIDIA A100-SXM-64GB,184.30,31912,100
4903,2026-05-18 11:13:09.136646,2026/05/18 11:13:09.183,3,NVIDIA A100-SXM-64GB,183.97,31846,100
4904,2026-05-18 11:13:14.211102,2026/05/18 11:13:14.250,0,NVIDIA A100-SXM-64GB,149.47,31904,100
4905,2026-05-18 11:13:14.211102,2026/05/18 11:13:14.253,1,NVIDIA A100-SXM-64GB,145.67,31922,100
4906,2026-05-18 11:13:14.211102,2026/05/18 11:13:14.255,2,NVIDIA A100-SXM-64GB,151.20,31912,100
4907,2026-05-18 11:13:14.211102,2026/05/18 11:13:14.258,3,NVIDIA A100-SXM-64GB,143.36,31846,98
4908,2026-05-18 11:13:19.286298,2026/05/18 11:13:19.326,0,NVIDIA A100-SXM-64GB,152.54,31904,98
4909,2026-05-18 11:13:19.286298,2026/05/18 11:13:19.329,1,NVIDIA A100-SXM-64GB,143.85,31922,98
4910,2026-05-18 11:13:19.286298,2026/05/18 11:13:19.332,2,NVIDIA A100-SXM-64GB,150.87,31912,98
4911,2026-05-18 11:13:19.286298,2026/05/18 11:13:19.335,3,NVIDIA A100-SXM-64GB,145.17,31846,98
4912,2026-05-18 11:13:24.363823,2026/05/18 11:13:24.403,0,NVIDIA A100-SXM-64GB,184.06,31904,100
4913,2026-05-18 11:13:24.363823,2026/05/18 11:13:24.405,1,NVIDIA A100-SXM-64GB,158.81,31922,100
4914,2026-05-18 11:13:24.363823,2026/05/18 11:13:24.408,2,NVIDIA A100-SXM-64GB,161.94,31912,100
4915,2026-05-18 11:13:24.363823,2026/05/18 11:13:24.410,3,NVIDIA A100-SXM-64GB,147.66,31846,100
4916,2026-05-18 11:13:29.442460,2026/05/18 11:13:29.482,0,NVIDIA A100-SXM-64GB,181.59,31904,100
4917,2026-05-18 11:13:29.442460,2026/05/18 11:13:29.486,1,NVIDIA A100-SXM-64GB,177.65,31922,100
4918,2026-05-18 11:13:29.442460,2026/05/18 11:13:29.489,2,NVIDIA A100-SXM-64GB,171.57,31912,100
4919,2026-05-18 11:13:29.442460,2026/05/18 11:13:29.491,3,NVIDIA A100-SXM-64GB,165.47,31846,100
4920,2026-05-18 11:13:34.521417,2026/05/18 11:13:34.561,0,NVIDIA A100-SXM-64GB,172.43,31904,100
4921,2026-05-18 11:13:34.521417,2026/05/18 11:13:34.563,1,NVIDIA A100-SXM-64GB,167.21,31922,100
4922,2026-05-18 11:13:34.521417,2026/05/18 11:13:34.566,2,NVIDIA A100-SXM-64GB,172.96,31912,100
4923,2026-05-18 11:13:34.521417,2026/05/18 11:13:34.568,3,NVIDIA A100-SXM-64GB,144.57,31846,100
4924,2026-05-18 11:13:39.600634,2026/05/18 11:13:39.640,0,NVIDIA A100-SXM-64GB,153.15,31904,98
4925,2026-05-18 11:13:39.600634,2026/05/18 11:13:39.642,1,NVIDIA A100-SXM-64GB,143.53,31922,98
4926,2026-05-18 11:13:39.600634,2026/05/18 11:13:39.645,2,NVIDIA A100-SXM-64GB,152.68,31912,98
4927,2026-05-18 11:13:39.600634,2026/05/18 11:13:39.648,3,NVIDIA A100-SXM-64GB,142.42,31846,98
4928,2026-05-18 11:13:44.679232,2026/05/18 11:13:44.731,0,NVIDIA A100-SXM-64GB,153.15,31904,100
4929,2026-05-18 11:13:44.679232,2026/05/18 11:13:44.734,1,NVIDIA A100-SXM-64GB,141.05,31922,97
4930,2026-05-18 11:13:44.679232,2026/05/18 11:13:44.736,2,NVIDIA A100-SXM-64GB,148.12,31912,100
4931,2026-05-18 11:13:44.679232,2026/05/18 11:13:44.743,3,NVIDIA A100-SXM-64GB,141.81,31846,97
4932,2026-05-18 11:13:49.771833,2026/05/18 11:13:49.811,0,NVIDIA A100-SXM-64GB,197.19,31904,100
4933,2026-05-18 11:13:49.771833,2026/05/18 11:13:49.813,1,NVIDIA A100-SXM-64GB,184.06,31922,100
4934,2026-05-18 11:13:49.771833,2026/05/18 11:13:49.816,2,NVIDIA A100-SXM-64GB,175.44,31912,100
4935,2026-05-18 11:13:49.771833,2026/05/18 11:13:49.818,3,NVIDIA A100-SXM-64GB,180.52,31846,100
4936,2026-05-18 11:13:54.846714,2026/05/18 11:13:54.886,0,NVIDIA A100-SXM-64GB,187.42,31904,100
4937,2026-05-18 11:13:54.846714,2026/05/18 11:13:54.889,1,NVIDIA A100-SXM-64GB,164.02,31922,100
4938,2026-05-18 11:13:54.846714,2026/05/18 11:13:54.891,2,NVIDIA A100-SXM-64GB,173.29,31912,100
4939,2026-05-18 11:13:54.846714,2026/05/18 11:13:54.894,3,NVIDIA A100-SXM-64GB,161.77,31846,100
4940,2026-05-18 11:13:59.922273,2026/05/18 11:13:59.974,0,NVIDIA A100-SXM-64GB,173.96,31904,100
4941,2026-05-18 11:13:59.922273,2026/05/18 11:13:59.976,1,NVIDIA A100-SXM-64GB,150.28,31922,100
4942,2026-05-18 11:13:59.922273,2026/05/18 11:13:59.979,2,NVIDIA A100-SXM-64GB,202.82,31912,98
4943,2026-05-18 11:13:59.922273,2026/05/18 11:13:59.983,3,NVIDIA A100-SXM-64GB,141.49,31846,100
4944,2026-05-18 11:14:05.011715,2026/05/18 11:14:05.051,0,NVIDIA A100-SXM-64GB,183.74,31904,100
4945,2026-05-18 11:14:05.011715,2026/05/18 11:14:05.053,1,NVIDIA A100-SXM-64GB,186.81,31922,100
4946,2026-05-18 11:14:05.011715,2026/05/18 11:14:05.056,2,NVIDIA A100-SXM-64GB,175.53,31912,100
4947,2026-05-18 11:14:05.011715,2026/05/18 11:14:05.061,3,NVIDIA A100-SXM-64GB,174.77,31846,100
4948,2026-05-18 11:14:10.089940,2026/05/18 11:14:10.129,0,NVIDIA A100-SXM-64GB,166.33,31904,100
4949,2026-05-18 11:14:10.089940,2026/05/18 11:14:10.131,1,NVIDIA A100-SXM-64GB,163.85,31922,100
4950,2026-05-18 11:14:10.089940,2026/05/18 11:14:10.134,2,NVIDIA A100-SXM-64GB,182.49,31912,100
4951,2026-05-18 11:14:10.089940,2026/05/18 11:14:10.136,3,NVIDIA A100-SXM-64GB,172.96,31846,100
4952,2026-05-18 11:14:15.164492,2026/05/18 11:14:15.211,0,NVIDIA A100-SXM-64GB,154.36,31904,98
4953,2026-05-18 11:14:15.164492,2026/05/18 11:14:15.213,1,NVIDIA A100-SXM-64GB,145.67,31922,98
4954,2026-05-18 11:14:15.164492,2026/05/18 11:14:15.216,2,NVIDIA A100-SXM-64GB,150.26,31912,98
4955,2026-05-18 11:14:15.164492,2026/05/18 11:14:15.221,3,NVIDIA A100-SXM-64GB,143.03,31846,98
4956,2026-05-18 11:14:20.250194,2026/05/18 11:14:20.289,0,NVIDIA A100-SXM-64GB,151.94,31904,98
4957,2026-05-18 11:14:20.250194,2026/05/18 11:14:20.291,1,NVIDIA A100-SXM-64GB,146.88,31922,99
4958,2026-05-18 11:14:20.250194,2026/05/18 11:14:20.294,2,NVIDIA A100-SXM-64GB,151.47,31912,97
4959,2026-05-18 11:14:20.250194,2026/05/18 11:14:20.296,3,NVIDIA A100-SXM-64GB,143.63,31846,99
4960,2026-05-18 11:14:25.325547,2026/05/18 11:14:25.365,0,NVIDIA A100-SXM-64GB,192.30,31904,100
4961,2026-05-18 11:14:25.325547,2026/05/18 11:14:25.367,1,NVIDIA A100-SXM-64GB,168.74,31922,100
4962,2026-05-18 11:14:25.325547,2026/05/18 11:14:25.370,2,NVIDIA A100-SXM-64GB,185.93,31912,100
4963,2026-05-18 11:14:25.325547,2026/05/18 11:14:25.372,3,NVIDIA A100-SXM-64GB,186.12,31846,100
4964,2026-05-18 11:14:30.401082,2026/05/18 11:14:30.440,0,NVIDIA A100-SXM-64GB,171.49,31904,100
4965,2026-05-18 11:14:30.401082,2026/05/18 11:14:30.442,1,NVIDIA A100-SXM-64GB,156.39,31922,100
4966,2026-05-18 11:14:30.401082,2026/05/18 11:14:30.445,2,NVIDIA A100-SXM-64GB,174.77,31912,100
4967,2026-05-18 11:14:30.401082,2026/05/18 11:14:30.450,3,NVIDIA A100-SXM-64GB,171.92,31846,100
4968,2026-05-18 11:14:35.479937,2026/05/18 11:14:35.519,0,NVIDIA A100-SXM-64GB,157.16,31904,100
4969,2026-05-18 11:14:35.479937,2026/05/18 11:14:35.521,1,NVIDIA A100-SXM-64GB,145.07,31922,98
4970,2026-05-18 11:14:35.479937,2026/05/18 11:14:35.525,2,NVIDIA A100-SXM-64GB,149.33,31912,100
4971,2026-05-18 11:14:35.479937,2026/05/18 11:14:35.530,3,NVIDIA A100-SXM-64GB,148.27,31846,98
4972,2026-05-18 11:14:40.559113,2026/05/18 11:14:40.598,0,NVIDIA A100-SXM-64GB,158.97,31904,100
4973,2026-05-18 11:14:40.559113,2026/05/18 11:14:40.600,1,NVIDIA A100-SXM-64GB,147.48,31922,100
4974,2026-05-18 11:14:40.559113,2026/05/18 11:14:40.606,2,NVIDIA A100-SXM-64GB,151.80,31912,100
4975,2026-05-18 11:14:40.559113,2026/05/18 11:14:40.609,3,NVIDIA A100-SXM-64GB,190.14,31846,100
4976,2026-05-18 11:14:45.639820,2026/05/18 11:14:45.679,0,NVIDIA A100-SXM-64GB,164.19,31904,100
4977,2026-05-18 11:14:45.639820,2026/05/18 11:14:45.682,1,NVIDIA A100-SXM-64GB,177.31,31922,100
4978,2026-05-18 11:14:45.639820,2026/05/18 11:14:45.688,2,NVIDIA A100-SXM-64GB,186.59,31912,100
4979,2026-05-18 11:14:45.639820,2026/05/18 11:14:45.691,3,NVIDIA A100-SXM-64GB,159.62,31846,100
4980,2026-05-18 11:14:50.720404,2026/05/18 11:14:50.760,0,NVIDIA A100-SXM-64GB,155.90,31904,100
4981,2026-05-18 11:14:50.720404,2026/05/18 11:14:50.762,1,NVIDIA A100-SXM-64GB,133.13,31922,98
4982,2026-05-18 11:14:50.720404,2026/05/18 11:14:50.768,2,NVIDIA A100-SXM-64GB,153.34,31912,100
4983,2026-05-18 11:14:50.720404,2026/05/18 11:14:50.771,3,NVIDIA A100-SXM-64GB,144.90,31846,98
4984,2026-05-18 11:14:55.800173,2026/05/18 11:14:55.853,0,NVIDIA A100-SXM-64GB,151.94,31904,98
4985,2026-05-18 11:14:55.800173,2026/05/18 11:14:55.858,1,NVIDIA A100-SXM-64GB,146.27,31922,97
4986,2026-05-18 11:14:55.800173,2026/05/18 11:14:55.860,2,NVIDIA A100-SXM-64GB,147.78,31912,99
4987,2026-05-18 11:14:55.800173,2026/05/18 11:14:55.865,3,NVIDIA A100-SXM-64GB,144.30,31846,97
4988,2026-05-18 11:15:00.892983,2026/05/18 11:15:00.932,0,NVIDIA A100-SXM-64GB,177.31,31904,100
4989,2026-05-18 11:15:00.892983,2026/05/18 11:15:00.939,1,NVIDIA A100-SXM-64GB,181.26,31922,100
4990,2026-05-18 11:15:00.892983,2026/05/18 11:15:00.951,2,NVIDIA A100-SXM-64GB,194.24,31912,100
4991,2026-05-18 11:15:00.892983,2026/05/18 11:15:00.954,3,NVIDIA A100-SXM-64GB,188.27,31846,100
4992,2026-05-18 11:15:05.982920,2026/05/18 11:15:06.022,0,NVIDIA A100-SXM-64GB,173.96,31904,100
4993,2026-05-18 11:15:05.982920,2026/05/18 11:15:06.024,1,NVIDIA A100-SXM-64GB,155.90,31922,100
4994,2026-05-18 11:15:05.982920,2026/05/18 11:15:06.027,2,NVIDIA A100-SXM-64GB,174.50,31912,100
4995,2026-05-18 11:15:05.982920,2026/05/18 11:15:06.030,3,NVIDIA A100-SXM-64GB,162.98,31846,100
4996,2026-05-18 11:15:11.058585,2026/05/18 11:15:11.098,0,NVIDIA A100-SXM-64GB,151.94,31904,98
4997,2026-05-18 11:15:11.058585,2026/05/18 11:15:11.100,1,NVIDIA A100-SXM-64GB,142.59,31922,98
4998,2026-05-18 11:15:11.058585,2026/05/18 11:15:11.103,2,NVIDIA A100-SXM-64GB,149.33,31912,98
4999,2026-05-18 11:15:11.058585,2026/05/18 11:15:11.106,3,NVIDIA A100-SXM-64GB,143.03,31846,98
5000,2026-05-18 11:15:16.134480,2026/05/18 11:15:16.175,0,NVIDIA A100-SXM-64GB,155.62,31904,98
5001,2026-05-18 11:15:16.134480,2026/05/18 11:15:16.181,1,NVIDIA A100-SXM-64GB,141.98,31922,98
5002,2026-05-18 11:15:16.134480,2026/05/18 11:15:16.183,2,NVIDIA A100-SXM-64GB,154.23,31912,98
5003,2026-05-18 11:15:16.134480,2026/05/18 11:15:16.186,3,NVIDIA A100-SXM-64GB,147.05,31846,98
5004,2026-05-18 11:15:21.214735,2026/05/18 11:15:21.254,0,NVIDIA A100-SXM-64GB,163.25,31904,100
5005,2026-05-18 11:15:21.214735,2026/05/18 11:15:21.256,1,NVIDIA A100-SXM-64GB,155.62,31922,100
5006,2026-05-18 11:15:21.214735,2026/05/18 11:15:21.262,2,NVIDIA A100-SXM-64GB,181.36,31912,100
5007,2026-05-18 11:15:21.214735,2026/05/18 11:15:21.264,3,NVIDIA A100-SXM-64GB,168.33,31846,100
5008,2026-05-18 11:15:26.293536,2026/05/18 11:15:26.333,0,NVIDIA A100-SXM-64GB,194.52,31904,100
5009,2026-05-18 11:15:26.293536,2026/05/18 11:15:26.335,1,NVIDIA A100-SXM-64GB,180.39,31922,100
5010,2026-05-18 11:15:26.293536,2026/05/18 11:15:26.338,2,NVIDIA A100-SXM-64GB,188.40,31912,100
5011,2026-05-18 11:15:26.293536,2026/05/18 11:15:26.340,3,NVIDIA A100-SXM-64GB,162.71,31846,100
5012,2026-05-18 11:15:31.369376,2026/05/18 11:15:31.409,0,NVIDIA A100-SXM-64GB,167.81,31904,100
5013,2026-05-18 11:15:31.369376,2026/05/18 11:15:31.411,1,NVIDIA A100-SXM-64GB,162.65,31922,100
5014,2026-05-18 11:15:31.369376,2026/05/18 11:15:31.415,2,NVIDIA A100-SXM-64GB,158.52,31912,100
5015,2026-05-18 11:15:31.369376,2026/05/18 11:15:31.418,3,NVIDIA A100-SXM-64GB,146.11,31846,100
5016,2026-05-18 11:15:36.446805,2026/05/18 11:15:36.498,0,NVIDIA A100-SXM-64GB,152.54,31904,100
5017,2026-05-18 11:15:36.446805,2026/05/18 11:15:36.500,1,NVIDIA A100-SXM-64GB,141.24,31922,100
5018,2026-05-18 11:15:36.446805,2026/05/18 11:15:36.503,2,NVIDIA A100-SXM-64GB,172.17,31912,98
5019,2026-05-18 11:15:36.446805,2026/05/18 11:15:36.505,3,NVIDIA A100-SXM-64GB,142.75,31846,100
5020,2026-05-18 11:15:41.533812,2026/05/18 11:15:41.573,0,NVIDIA A100-SXM-64GB,176.10,31904,100
5021,2026-05-18 11:15:41.533812,2026/05/18 11:15:41.575,1,NVIDIA A100-SXM-64GB,143.04,31922,100
5022,2026-05-18 11:15:41.533812,2026/05/18 11:15:41.578,2,NVIDIA A100-SXM-64GB,168.05,31912,100
5023,2026-05-18 11:15:41.533812,2026/05/18 11:15:41.580,3,NVIDIA A100-SXM-64GB,158.41,31846,100
5024,2026-05-18 11:15:46.609672,2026/05/18 11:15:46.650,0,NVIDIA A100-SXM-64GB,154.69,31904,100
5025,2026-05-18 11:15:46.609672,2026/05/18 11:15:46.652,1,NVIDIA A100-SXM-64GB,141.56,31922,100
5026,2026-05-18 11:15:46.609672,2026/05/18 11:15:46.655,2,NVIDIA A100-SXM-64GB,137.37,31912,98
5027,2026-05-18 11:15:46.609672,2026/05/18 11:15:46.658,3,NVIDIA A100-SXM-64GB,140.60,31846,100
5028,2026-05-18 11:15:51.686500,2026/05/18 11:15:51.726,0,NVIDIA A100-SXM-64GB,153.15,31904,98
5029,2026-05-18 11:15:51.686500,2026/05/18 11:15:51.729,1,NVIDIA A100-SXM-64GB,144.46,31922,100
5030,2026-05-18 11:15:51.686500,2026/05/18 11:15:51.731,2,NVIDIA A100-SXM-64GB,147.78,31912,98
5031,2026-05-18 11:15:51.686500,2026/05/18 11:15:51.734,3,NVIDIA A100-SXM-64GB,142.14,31846,98
5032,2026-05-18 11:15:56.762901,2026/05/18 11:15:56.802,0,NVIDIA A100-SXM-64GB,156.50,31904,100
5033,2026-05-18 11:15:56.762901,2026/05/18 11:15:56.806,1,NVIDIA A100-SXM-64GB,173.03,31922,100
5034,2026-05-18 11:15:56.762901,2026/05/18 11:15:56.809,2,NVIDIA A100-SXM-64GB,173.29,31912,100
5035,2026-05-18 11:15:56.762901,2026/05/18 11:15:56.815,3,NVIDIA A100-SXM-64GB,160.56,31846,100
5036,2026-05-18 11:16:01.844058,2026/05/18 11:16:01.883,0,NVIDIA A100-SXM-64GB,175.17,31904,100
5037,2026-05-18 11:16:01.844058,2026/05/18 11:16:01.885,1,NVIDIA A100-SXM-64GB,170.28,31922,100
5038,2026-05-18 11:16:01.844058,2026/05/18 11:16:01.889,2,NVIDIA A100-SXM-64GB,210.74,31912,100
5039,2026-05-18 11:16:01.844058,2026/05/18 11:16:01.897,3,NVIDIA A100-SXM-64GB,178.98,31846,100
5040,2026-05-18 11:16:06.925140,2026/05/18 11:16:06.976,0,NVIDIA A100-SXM-64GB,148.87,31904,100
5041,2026-05-18 11:16:06.925140,2026/05/18 11:16:06.978,1,NVIDIA A100-SXM-64GB,129.72,31922,100
5042,2026-05-18 11:16:06.925140,2026/05/18 11:16:06.981,2,NVIDIA A100-SXM-64GB,230.67,31912,100
5043,2026-05-18 11:16:06.925140,2026/05/18 11:16:06.983,3,NVIDIA A100-SXM-64GB,142.14,31846,100
5044,2026-05-18 11:16:12.012682,2026/05/18 11:16:12.052,0,NVIDIA A100-SXM-64GB,154.69,31904,100
5045,2026-05-18 11:16:12.012682,2026/05/18 11:16:12.054,1,NVIDIA A100-SXM-64GB,141.38,31922,100
5046,2026-05-18 11:16:12.012682,2026/05/18 11:16:12.057,2,NVIDIA A100-SXM-64GB,153.95,31912,100
5047,2026-05-18 11:16:12.012682,2026/05/18 11:16:12.093,3,NVIDIA A100-SXM-64GB,146.73,31846,100
5048,2026-05-18 11:16:17.121822,2026/05/18 11:16:17.161,0,NVIDIA A100-SXM-64GB,152.10,31904,97
5049,2026-05-18 11:16:17.121822,2026/05/18 11:16:17.166,1,NVIDIA A100-SXM-64GB,136.82,31922,97
5050,2026-05-18 11:16:17.121822,2026/05/18 11:16:17.168,2,NVIDIA A100-SXM-64GB,151.47,31912,97
5051,2026-05-18 11:16:17.121822,2026/05/18 11:16:17.171,3,NVIDIA A100-SXM-64GB,146.11,31846,97
5052,2026-05-18 11:16:22.200056,2026/05/18 11:16:22.239,0,NVIDIA A100-SXM-64GB,182.20,31904,100
5053,2026-05-18 11:16:22.200056,2026/05/18 11:16:22.241,1,NVIDIA A100-SXM-64GB,184.95,31922,100
5054,2026-05-18 11:16:22.200056,2026/05/18 11:16:22.244,2,NVIDIA A100-SXM-64GB,175.71,31912,100
5055,2026-05-18 11:16:22.200056,2026/05/18 11:16:22.249,3,NVIDIA A100-SXM-64GB,186.78,31846,100
5056,2026-05-18 11:16:27.277404,2026/05/18 11:16:27.317,0,NVIDIA A100-SXM-64GB,173.03,31904,100
5057,2026-05-18 11:16:27.277404,2026/05/18 11:16:27.319,1,NVIDIA A100-SXM-64GB,162.32,31922,100
5058,2026-05-18 11:16:27.277404,2026/05/18 11:16:27.323,2,NVIDIA A100-SXM-64GB,165.74,31912,100
5059,2026-05-18 11:16:27.277404,2026/05/18 11:16:27.325,3,NVIDIA A100-SXM-64GB,176.64,31846,100
5060,2026-05-18 11:16:32.354144,2026/05/18 11:16:32.394,0,NVIDIA A100-SXM-64GB,187.50,31904,98
5061,2026-05-18 11:16:32.354144,2026/05/18 11:16:32.396,1,NVIDIA A100-SXM-64GB,163.42,31922,100
5062,2026-05-18 11:16:32.354144,2026/05/18 11:16:32.399,2,NVIDIA A100-SXM-64GB,151.20,31912,100
5063,2026-05-18 11:16:32.354144,2026/05/18 11:16:32.401,3,NVIDIA A100-SXM-64GB,196.26,31846,98
5064,2026-05-18 11:16:37.429614,2026/05/18 11:16:37.469,0,NVIDIA A100-SXM-64GB,190.76,31904,100
5065,2026-05-18 11:16:37.429614,2026/05/18 11:16:37.474,1,NVIDIA A100-SXM-64GB,163.09,31922,100
5066,2026-05-18 11:16:37.429614,2026/05/18 11:16:37.477,2,NVIDIA A100-SXM-64GB,181.82,31912,100
5067,2026-05-18 11:16:37.429614,2026/05/18 11:16:37.479,3,NVIDIA A100-SXM-64GB,173.46,31846,100
5068,2026-05-18 11:16:42.510545,2026/05/18 11:16:42.550,0,NVIDIA A100-SXM-64GB,169.68,31904,100
5069,2026-05-18 11:16:42.510545,2026/05/18 11:16:42.552,1,NVIDIA A100-SXM-64GB,162.93,31922,100
5070,2026-05-18 11:16:42.510545,2026/05/18 11:16:42.555,2,NVIDIA A100-SXM-64GB,168.82,31912,100
5071,2026-05-18 11:16:42.510545,2026/05/18 11:16:42.557,3,NVIDIA A100-SXM-64GB,177.76,31846,100
5072,2026-05-18 11:16:47.586252,2026/05/18 11:16:47.637,0,NVIDIA A100-SXM-64GB,158.64,31904,98
5073,2026-05-18 11:16:47.586252,2026/05/18 11:16:47.640,1,NVIDIA A100-SXM-64GB,144.73,31922,98
5074,2026-05-18 11:16:47.586252,2026/05/18 11:16:47.642,2,NVIDIA A100-SXM-64GB,149.93,31912,98
5075,2026-05-18 11:16:47.586252,2026/05/18 11:16:47.645,3,NVIDIA A100-SXM-64GB,146.11,31846,98
5076,2026-05-18 11:16:52.673915,2026/05/18 11:16:52.713,0,NVIDIA A100-SXM-64GB,154.36,31904,99
5077,2026-05-18 11:16:52.673915,2026/05/18 11:16:52.715,1,NVIDIA A100-SXM-64GB,143.85,31922,99
5078,2026-05-18 11:16:52.673915,2026/05/18 11:16:52.718,2,NVIDIA A100-SXM-64GB,148.72,31912,97
5079,2026-05-18 11:16:52.673915,2026/05/18 11:16:52.720,3,NVIDIA A100-SXM-64GB,147.33,31846,97
5080,2026-05-18 11:16:57.752579,2026/05/18 11:16:57.792,0,NVIDIA A100-SXM-64GB,211.97,31904,100
5081,2026-05-18 11:16:57.752579,2026/05/18 11:16:57.794,1,NVIDIA A100-SXM-64GB,150.28,31922,100
5082,2026-05-18 11:16:57.752579,2026/05/18 11:16:57.797,2,NVIDIA A100-SXM-64GB,173.89,31912,98
5083,2026-05-18 11:16:57.752579,2026/05/18 11:16:57.799,3,NVIDIA A100-SXM-64GB,164.09,31846,100
5084,2026-05-18 11:17:02.827944,2026/05/18 11:17:02.867,0,NVIDIA A100-SXM-64GB,142.77,31904,100
5085,2026-05-18 11:17:02.827944,2026/05/18 11:17:02.869,1,NVIDIA A100-SXM-64GB,135.88,31922,100
5086,2026-05-18 11:17:02.827944,2026/05/18 11:17:02.872,2,NVIDIA A100-SXM-64GB,155.17,31912,98
5087,2026-05-18 11:17:02.827944,2026/05/18 11:17:02.878,3,NVIDIA A100-SXM-64GB,145.17,31846,98
5088,2026-05-18 11:17:07.907205,2026/05/18 11:17:07.946,0,NVIDIA A100-SXM-64GB,169.07,31904,100
5089,2026-05-18 11:17:07.907205,2026/05/18 11:17:07.948,1,NVIDIA A100-SXM-64GB,175.50,31922,100
5090,2026-05-18 11:17:07.907205,2026/05/18 11:17:07.951,2,NVIDIA A100-SXM-64GB,185.51,31912,100
5091,2026-05-18 11:17:07.907205,2026/05/18 11:17:07.956,3,NVIDIA A100-SXM-64GB,168.99,31846,100
5092,2026-05-18 11:17:12.985227,2026/05/18 11:17:13.024,0,NVIDIA A100-SXM-64GB,186.21,31904,100
5093,2026-05-18 11:17:12.985227,2026/05/18 11:17:13.026,1,NVIDIA A100-SXM-64GB,185.27,31922,100
5094,2026-05-18 11:17:12.985227,2026/05/18 11:17:13.029,2,NVIDIA A100-SXM-64GB,151.47,31912,100
5095,2026-05-18 11:17:12.985227,2026/05/18 11:17:13.031,3,NVIDIA A100-SXM-64GB,146.73,31846,100
5096,2026-05-18 11:17:18.061342,2026/05/18 11:17:18.101,0,NVIDIA A100-SXM-64GB,160.51,31904,100
5097,2026-05-18 11:17:18.061342,2026/05/18 11:17:18.103,1,NVIDIA A100-SXM-64GB,158.53,31922,100
5098,2026-05-18 11:17:18.061342,2026/05/18 11:17:18.106,2,NVIDIA A100-SXM-64GB,158.25,31912,100
5099,2026-05-18 11:17:18.061342,2026/05/18 11:17:18.108,3,NVIDIA A100-SXM-64GB,159.95,31846,100
5100,2026-05-18 11:17:23.141495,2026/05/18 11:17:23.181,0,NVIDIA A100-SXM-64GB,157.76,31904,100
5101,2026-05-18 11:17:23.141495,2026/05/18 11:17:23.183,1,NVIDIA A100-SXM-64GB,132.53,31922,100
5102,2026-05-18 11:17:23.141495,2026/05/18 11:17:23.186,2,NVIDIA A100-SXM-64GB,149.05,31912,98
5103,2026-05-18 11:17:23.141495,2026/05/18 11:17:23.188,3,NVIDIA A100-SXM-64GB,146.44,31846,100
5104,2026-05-18 11:17:28.220496,2026/05/18 11:17:28.263,0,NVIDIA A100-SXM-64GB,162.65,31904,100
5105,2026-05-18 11:17:28.220496,2026/05/18 11:17:28.265,1,NVIDIA A100-SXM-64GB,130.66,31922,100
5106,2026-05-18 11:17:28.220496,2026/05/18 11:17:28.268,2,NVIDIA A100-SXM-64GB,150.87,31912,100
5107,2026-05-18 11:17:28.220496,2026/05/18 11:17:28.270,3,NVIDIA A100-SXM-64GB,195.04,31846,99
5108,2026-05-18 11:17:33.300885,2026/05/18 11:17:33.340,0,NVIDIA A100-SXM-64GB,186.89,31904,100
5109,2026-05-18 11:17:33.300885,2026/05/18 11:17:33.344,1,NVIDIA A100-SXM-64GB,165.40,31922,100
5110,2026-05-18 11:17:33.300885,2026/05/18 11:17:33.346,2,NVIDIA A100-SXM-64GB,180.15,31912,100
5111,2026-05-18 11:17:33.300885,2026/05/18 11:17:33.349,3,NVIDIA A100-SXM-64GB,180.61,31846,100
5112,2026-05-18 11:17:38.380353,2026/05/18 11:17:38.420,0,NVIDIA A100-SXM-64GB,176.38,31904,100
5113,2026-05-18 11:17:38.380353,2026/05/18 11:17:38.425,1,NVIDIA A100-SXM-64GB,168.74,31922,100
5114,2026-05-18 11:17:38.380353,2026/05/18 11:17:38.428,2,NVIDIA A100-SXM-64GB,165.91,31912,100
5115,2026-05-18 11:17:38.380353,2026/05/18 11:17:38.430,3,NVIDIA A100-SXM-64GB,157.81,31846,100
5116,2026-05-18 11:17:43.462308,2026/05/18 11:17:43.503,0,NVIDIA A100-SXM-64GB,159.57,31904,98
5117,2026-05-18 11:17:43.462308,2026/05/18 11:17:43.507,1,NVIDIA A100-SXM-64GB,142.59,31922,98
5118,2026-05-18 11:17:43.462308,2026/05/18 11:17:43.510,2,NVIDIA A100-SXM-64GB,152.08,31912,98
5119,2026-05-18 11:17:43.462308,2026/05/18 11:17:43.512,3,NVIDIA A100-SXM-64GB,148.60,31846,98
5120,2026-05-18 11:17:48.543138,2026/05/18 11:17:48.582,0,NVIDIA A100-SXM-64GB,152.54,31904,98
5121,2026-05-18 11:17:48.543138,2026/05/18 11:17:48.584,1,NVIDIA A100-SXM-64GB,147.20,31922,98
5122,2026-05-18 11:17:48.543138,2026/05/18 11:17:48.588,2,NVIDIA A100-SXM-64GB,151.20,31912,100
5123,2026-05-18 11:17:48.543138,2026/05/18 11:17:48.590,3,NVIDIA A100-SXM-64GB,146.11,31846,98
5124,2026-05-18 11:17:53.620195,2026/05/18 11:17:53.659,0,NVIDIA A100-SXM-64GB,162.32,31904,100
5125,2026-05-18 11:17:53.620195,2026/05/18 11:17:53.661,1,NVIDIA A100-SXM-64GB,157.32,31922,100
5126,2026-05-18 11:17:53.620195,2026/05/18 11:17:53.664,2,NVIDIA A100-SXM-64GB,167.45,31912,100
5127,2026-05-18 11:17:53.620195,2026/05/18 11:17:53.668,3,NVIDIA A100-SXM-64GB,180.52,31846,100
5128,2026-05-18 11:17:58.696827,2026/05/18 11:17:58.737,0,NVIDIA A100-SXM-64GB,163.85,31904,98
5129,2026-05-18 11:17:58.696827,2026/05/18 11:17:58.739,1,NVIDIA A100-SXM-64GB,139.23,31922,98
5130,2026-05-18 11:17:58.696827,2026/05/18 11:17:58.742,2,NVIDIA A100-SXM-64GB,149.93,31912,99
5131,2026-05-18 11:17:58.696827,2026/05/18 11:17:58.745,3,NVIDIA A100-SXM-64GB,143.63,31846,98
5132,2026-05-18 11:18:03.773498,2026/05/18 11:18:03.813,0,NVIDIA A100-SXM-64GB,155.02,31904,97
5133,2026-05-18 11:18:03.773498,2026/05/18 11:18:03.815,1,NVIDIA A100-SXM-64GB,143.19,31922,97
5134,2026-05-18 11:18:03.773498,2026/05/18 11:18:03.818,2,NVIDIA A100-SXM-64GB,152.41,31912,97
5135,2026-05-18 11:18:03.773498,2026/05/18 11:18:03.820,3,NVIDIA A100-SXM-64GB,143.97,31846,97
5136,2026-05-18 11:18:08.849354,2026/05/18 11:18:08.889,0,NVIDIA A100-SXM-64GB,156.83,31904,100
5137,2026-05-18 11:18:08.849354,2026/05/18 11:18:08.891,1,NVIDIA A100-SXM-64GB,141.71,31922,100
5138,2026-05-18 11:18:08.849354,2026/05/18 11:18:08.894,2,NVIDIA A100-SXM-64GB,196.06,31912,98
5139,2026-05-18 11:18:08.849354,2026/05/18 11:18:08.896,3,NVIDIA A100-SXM-64GB,147.05,31846,98
5140,2026-05-18 11:18:13.925405,2026/05/18 11:18:13.965,0,NVIDIA A100-SXM-64GB,157.43,31904,100
5141,2026-05-18 11:18:13.925405,2026/05/18 11:18:13.967,1,NVIDIA A100-SXM-64GB,142.92,31922,100
5142,2026-05-18 11:18:13.925405,2026/05/18 11:18:13.970,2,NVIDIA A100-SXM-64GB,170.48,31912,100
5143,2026-05-18 11:18:13.925405,2026/05/18 11:18:13.972,3,NVIDIA A100-SXM-64GB,169.16,31846,100
5144,2026-05-18 11:18:19.005096,2026/05/18 11:18:19.044,0,NVIDIA A100-SXM-64GB,153.00,31904,100
5145,2026-05-18 11:18:19.005096,2026/05/18 11:18:19.046,1,NVIDIA A100-SXM-64GB,144.92,31922,100
5146,2026-05-18 11:18:19.005096,2026/05/18 11:18:19.049,2,NVIDIA A100-SXM-64GB,137.84,31912,98
5147,2026-05-18 11:18:19.005096,2026/05/18 11:18:19.053,3,NVIDIA A100-SXM-64GB,142.61,31846,98
5148,2026-05-18 11:18:24.083311,2026/05/18 11:18:24.124,0,NVIDIA A100-SXM-64GB,153.32,31904,98
5149,2026-05-18 11:18:24.083311,2026/05/18 11:18:24.127,1,NVIDIA A100-SXM-64GB,144.58,31922,98
5150,2026-05-18 11:18:24.083311,2026/05/18 11:18:24.132,2,NVIDIA A100-SXM-64GB,149.78,31912,98
5151,2026-05-18 11:18:24.083311,2026/05/18 11:18:24.135,3,NVIDIA A100-SXM-64GB,147.51,31846,98
5152,2026-05-18 11:18:29.163900,2026/05/18 11:18:29.203,0,NVIDIA A100-SXM-64GB,179.27,31904,100
5153,2026-05-18 11:18:29.163900,2026/05/18 11:18:29.208,1,NVIDIA A100-SXM-64GB,171.49,31922,100
5154,2026-05-18 11:18:29.163900,2026/05/18 11:18:29.212,2,NVIDIA A100-SXM-64GB,187.00,31912,100
5155,2026-05-18 11:18:29.163900,2026/05/18 11:18:29.215,3,NVIDIA A100-SXM-64GB,150.87,31846,100
5156,2026-05-18 11:18:34.246088,2026/05/18 11:18:34.297,0,NVIDIA A100-SXM-64GB,199.12,31904,100
5157,2026-05-18 11:18:34.246088,2026/05/18 11:18:34.299,1,NVIDIA A100-SXM-64GB,178.52,31922,100
5158,2026-05-18 11:18:34.246088,2026/05/18 11:18:34.302,2,NVIDIA A100-SXM-64GB,192.70,31912,100
5159,2026-05-18 11:18:34.246088,2026/05/18 11:18:34.307,3,NVIDIA A100-SXM-64GB,179.40,31846,100
5160,2026-05-18 11:18:39.336119,2026/05/18 11:18:39.375,0,NVIDIA A100-SXM-64GB,188.15,31904,100
5161,2026-05-18 11:18:39.336119,2026/05/18 11:18:39.378,1,NVIDIA A100-SXM-64GB,168.74,31922,100
5162,2026-05-18 11:18:39.336119,2026/05/18 11:18:39.380,2,NVIDIA A100-SXM-64GB,154.07,31912,100
5163,2026-05-18 11:18:39.336119,2026/05/18 11:18:39.383,3,NVIDIA A100-SXM-64GB,153.34,31846,100
5164,2026-05-18 11:18:44.412308,2026/05/18 11:18:44.452,0,NVIDIA A100-SXM-64GB,158.36,31904,98
5165,2026-05-18 11:18:44.412308,2026/05/18 11:18:44.454,1,NVIDIA A100-SXM-64GB,142.77,31922,98
5166,2026-05-18 11:18:44.412308,2026/05/18 11:18:44.457,2,NVIDIA A100-SXM-64GB,151.32,31912,100
5167,2026-05-18 11:18:44.412308,2026/05/18 11:18:44.460,3,NVIDIA A100-SXM-64GB,146.29,31846,100
5168,2026-05-18 11:18:49.488721,2026/05/18 11:18:49.528,0,NVIDIA A100-SXM-64GB,154.86,31904,100
5169,2026-05-18 11:18:49.488721,2026/05/18 11:18:49.532,1,NVIDIA A100-SXM-64GB,146.12,31922,100
5170,2026-05-18 11:18:49.488721,2026/05/18 11:18:49.536,2,NVIDIA A100-SXM-64GB,152.86,31912,100
5171,2026-05-18 11:18:49.488721,2026/05/18 11:18:49.539,3,NVIDIA A100-SXM-64GB,183.97,31846,100
5172,2026-05-18 11:18:54.568176,2026/05/18 11:18:54.608,0,NVIDIA A100-SXM-64GB,153.75,31904,98
5173,2026-05-18 11:18:54.568176,2026/05/18 11:18:54.610,1,NVIDIA A100-SXM-64GB,146.88,31922,99
5174,2026-05-18 11:18:54.568176,2026/05/18 11:18:54.613,2,NVIDIA A100-SXM-64GB,178.01,31912,100
5175,2026-05-18 11:18:54.568176,2026/05/18 11:18:54.615,3,NVIDIA A100-SXM-64GB,147.33,31846,100
5176,2026-05-18 11:18:59.645680,2026/05/18 11:18:59.685,0,NVIDIA A100-SXM-64GB,158.36,31904,98
5177,2026-05-18 11:18:59.645680,2026/05/18 11:18:59.687,1,NVIDIA A100-SXM-64GB,144.73,31922,98
5178,2026-05-18 11:18:59.645680,2026/05/18 11:18:59.690,2,NVIDIA A100-SXM-64GB,151.47,31912,100
5179,2026-05-18 11:18:59.645680,2026/05/18 11:18:59.692,3,NVIDIA A100-SXM-64GB,143.97,31846,98
5180,2026-05-18 11:19:04.725215,2026/05/18 11:19:04.765,0,NVIDIA A100-SXM-64GB,151.79,31904,100
5181,2026-05-18 11:19:04.725215,2026/05/18 11:19:04.767,1,NVIDIA A100-SXM-64GB,144.58,31922,98
5182,2026-05-18 11:19:04.725215,2026/05/18 11:19:04.770,2,NVIDIA A100-SXM-64GB,152.53,31912,100
5183,2026-05-18 11:19:04.725215,2026/05/18 11:19:04.773,3,NVIDIA A100-SXM-64GB,142.61,31846,100
5184,2026-05-18 11:19:09.804465,2026/05/18 11:19:09.844,0,NVIDIA A100-SXM-64GB,190.76,31904,100
5185,2026-05-18 11:19:09.804465,2026/05/18 11:19:09.846,1,NVIDIA A100-SXM-64GB,181.93,31922,100
5186,2026-05-18 11:19:09.804465,2026/05/18 11:19:09.849,2,NVIDIA A100-SXM-64GB,188.08,31912,100
5187,2026-05-18 11:19:09.804465,2026/05/18 11:19:09.852,3,NVIDIA A100-SXM-64GB,171.92,31846,100
5188,2026-05-18 11:19:14.882582,2026/05/18 11:19:14.922,0,NVIDIA A100-SXM-64GB,166.33,31904,100
5189,2026-05-18 11:19:14.882582,2026/05/18 11:19:14.927,1,NVIDIA A100-SXM-64GB,165.67,31922,100
5190,2026-05-18 11:19:14.882582,2026/05/18 11:19:14.930,2,NVIDIA A100-SXM-64GB,153.34,31912,100
5191,2026-05-18 11:19:14.882582,2026/05/18 11:19:14.932,3,NVIDIA A100-SXM-64GB,160.84,31846,100
5192,2026-05-18 11:19:19.962522,2026/05/18 11:19:20.003,0,NVIDIA A100-SXM-64GB,154.53,31904,98
5193,2026-05-18 11:19:19.962522,2026/05/18 11:19:20.005,1,NVIDIA A100-SXM-64GB,142.77,31922,98
5194,2026-05-18 11:19:19.962522,2026/05/18 11:19:20.008,2,NVIDIA A100-SXM-64GB,155.01,31912,98
5195,2026-05-18 11:19:19.962522,2026/05/18 11:19:20.010,3,NVIDIA A100-SXM-64GB,148.45,31846,98
5196,2026-05-18 11:19:25.042797,2026/05/18 11:19:25.082,0,NVIDIA A100-SXM-64GB,159.14,31904,97
5197,2026-05-18 11:19:25.042797,2026/05/18 11:19:25.084,1,NVIDIA A100-SXM-64GB,140.30,31922,97
5198,2026-05-18 11:19:25.042797,2026/05/18 11:19:25.087,2,NVIDIA A100-SXM-64GB,150.72,31912,97
5199,2026-05-18 11:19:25.042797,2026/05/18 11:19:25.090,3,NVIDIA A100-SXM-64GB,146.90,31846,97
5200,2026-05-18 11:19:30.118623,2026/05/18 11:19:30.158,0,NVIDIA A100-SXM-64GB,190.90,31904,100
5201,2026-05-18 11:19:30.118623,2026/05/18 11:19:30.160,1,NVIDIA A100-SXM-64GB,167.54,31922,100
5202,2026-05-18 11:19:30.118623,2026/05/18 11:19:30.163,2,NVIDIA A100-SXM-64GB,198.53,31912,100
5203,2026-05-18 11:19:30.118623,2026/05/18 11:19:30.166,3,NVIDIA A100-SXM-64GB,163.43,31846,100
5204,2026-05-18 11:19:35.195158,2026/05/18 11:19:35.235,0,NVIDIA A100-SXM-64GB,147.33,31904,100
5205,2026-05-18 11:19:35.195158,2026/05/18 11:19:35.237,1,NVIDIA A100-SXM-64GB,132.81,31922,100
5206,2026-05-18 11:19:35.195158,2026/05/18 11:19:35.243,2,NVIDIA A100-SXM-64GB,184.44,31912,98
5207,2026-05-18 11:19:35.195158,2026/05/18 11:19:35.245,3,NVIDIA A100-SXM-64GB,156.54,31846,98
5208,2026-05-18 11:19:40.274284,2026/05/18 11:19:40.313,0,NVIDIA A100-SXM-64GB,185.08,31904,100
5209,2026-05-18 11:19:40.274284,2026/05/18 11:19:40.315,1,NVIDIA A100-SXM-64GB,154.69,31922,100
5210,2026-05-18 11:19:40.274284,2026/05/18 11:19:40.318,2,NVIDIA A100-SXM-64GB,174.92,31912,100
5211,2026-05-18 11:19:40.274284,2026/05/18 11:19:40.320,3,NVIDIA A100-SXM-64GB,153.01,31846,100
5212,2026-05-18 11:19:45.349818,2026/05/18 11:19:45.389,0,NVIDIA A100-SXM-64GB,172.85,31904,100
5213,2026-05-18 11:19:45.349818,2026/05/18 11:19:45.392,1,NVIDIA A100-SXM-64GB,180.21,31922,100
5214,2026-05-18 11:19:45.349818,2026/05/18 11:19:45.395,2,NVIDIA A100-SXM-64GB,180.15,31912,100
5215,2026-05-18 11:19:45.349818,2026/05/18 11:19:45.397,3,NVIDIA A100-SXM-64GB,182.15,31846,100
5216,2026-05-18 11:19:50.426612,2026/05/18 11:19:50.466,0,NVIDIA A100-SXM-64GB,180.81,31904,100
5217,2026-05-18 11:19:50.426612,2026/05/18 11:19:50.468,1,NVIDIA A100-SXM-64GB,145.84,31922,100
5218,2026-05-18 11:19:50.426612,2026/05/18 11:19:50.471,2,NVIDIA A100-SXM-64GB,184.72,31912,100
5219,2026-05-18 11:19:50.426612,2026/05/18 11:19:50.475,3,NVIDIA A100-SXM-64GB,168.33,31846,100
5220,2026-05-18 11:19:55.505053,2026/05/18 11:19:55.544,0,NVIDIA A100-SXM-64GB,153.92,31904,98
5221,2026-05-18 11:19:55.505053,2026/05/18 11:19:55.546,1,NVIDIA A100-SXM-64GB,143.71,31922,100
5222,2026-05-18 11:19:55.505053,2026/05/18 11:19:55.549,2,NVIDIA A100-SXM-64GB,153.47,31912,98
5223,2026-05-18 11:19:55.505053,2026/05/18 11:19:55.555,3,NVIDIA A100-SXM-64GB,142.27,31846,98
5224,2026-05-18 11:20:00.589516,2026/05/18 11:20:00.629,0,NVIDIA A100-SXM-64GB,142.17,31904,100
5225,2026-05-18 11:20:00.589516,2026/05/18 11:20:00.631,1,NVIDIA A100-SXM-64GB,133.74,31922,100
5226,2026-05-18 11:20:00.589516,2026/05/18 11:20:00.634,2,NVIDIA A100-SXM-64GB,157.92,31912,100
5227,2026-05-18 11:20:00.589516,2026/05/18 11:20:00.639,3,NVIDIA A100-SXM-64GB,155.93,31846,100
5228,2026-05-18 11:20:05.679876,2026/05/18 11:20:05.719,0,NVIDIA A100-SXM-64GB,191.18,31904,100
5229,2026-05-18 11:20:05.679876,2026/05/18 11:20:05.723,1,NVIDIA A100-SXM-64GB,170.61,31922,100
5230,2026-05-18 11:20:05.679876,2026/05/18 11:20:05.726,2,NVIDIA A100-SXM-64GB,175.86,31912,100
5231,2026-05-18 11:20:05.679876,2026/05/18 11:20:05.728,3,NVIDIA A100-SXM-64GB,183.09,31846,100
5232,2026-05-18 11:20:10.760527,2026/05/18 11:20:10.800,0,NVIDIA A100-SXM-64GB,171.32,31904,100
5233,2026-05-18 11:20:10.760527,2026/05/18 11:20:10.806,1,NVIDIA A100-SXM-64GB,161.55,31922,100
5234,2026-05-18 11:20:10.760527,2026/05/18 11:20:10.809,2,NVIDIA A100-SXM-64GB,178.61,31912,100
5235,2026-05-18 11:20:10.760527,2026/05/18 11:20:10.811,3,NVIDIA A100-SXM-64GB,169.26,31846,100
5236,2026-05-18 11:20:15.841034,2026/05/18 11:20:15.880,0,NVIDIA A100-SXM-64GB,153.15,31904,98
5237,2026-05-18 11:20:15.841034,2026/05/18 11:20:15.885,1,NVIDIA A100-SXM-64GB,143.71,31922,98
5238,2026-05-18 11:20:15.841034,2026/05/18 11:20:15.887,2,NVIDIA A100-SXM-64GB,148.29,31912,100
5239,2026-05-18 11:20:15.841034,2026/05/18 11:20:15.890,3,NVIDIA A100-SXM-64GB,144.15,31846,100
5240,2026-05-18 11:20:20.920027,2026/05/18 11:20:20.959,0,NVIDIA A100-SXM-64GB,153.60,31904,98
5241,2026-05-18 11:20:20.920027,2026/05/18 11:20:20.964,1,NVIDIA A100-SXM-64GB,146.73,31922,98
5242,2026-05-18 11:20:20.920027,2026/05/18 11:20:20.967,2,NVIDIA A100-SXM-64GB,150.72,31912,100
5243,2026-05-18 11:20:20.920027,2026/05/18 11:20:20.970,3,NVIDIA A100-SXM-64GB,142.88,31846,100
5244,2026-05-18 11:20:25.999343,2026/05/18 11:20:26.039,0,NVIDIA A100-SXM-64GB,176.38,31904,100
5245,2026-05-18 11:20:25.999343,2026/05/18 11:20:26.043,1,NVIDIA A100-SXM-64GB,157.76,31922,100
5246,2026-05-18 11:20:25.999343,2026/05/18 11:20:26.046,2,NVIDIA A100-SXM-64GB,176.92,31912,100
5247,2026-05-18 11:20:25.999343,2026/05/18 11:20:26.048,3,NVIDIA A100-SXM-64GB,150.09,31846,100
5248,2026-05-18 11:20:31.078437,2026/05/18 11:20:31.118,0,NVIDIA A100-SXM-64GB,154.86,31904,98
5249,2026-05-18 11:20:31.078437,2026/05/18 11:20:31.122,1,NVIDIA A100-SXM-64GB,150.41,31922,98
5250,2026-05-18 11:20:31.078437,2026/05/18 11:20:31.125,2,NVIDIA A100-SXM-64GB,139.05,31912,100
5251,2026-05-18 11:20:31.078437,2026/05/18 11:20:31.127,3,NVIDIA A100-SXM-64GB,138.59,31846,100
5252,2026-05-18 11:20:36.157308,2026/05/18 11:20:36.196,0,NVIDIA A100-SXM-64GB,149.20,31904,97
5253,2026-05-18 11:20:36.157308,2026/05/18 11:20:36.198,1,NVIDIA A100-SXM-64GB,144.58,31922,97
5254,2026-05-18 11:20:36.157308,2026/05/18 11:20:36.201,2,NVIDIA A100-SXM-64GB,139.71,31912,98
5255,2026-05-18 11:20:36.157308,2026/05/18 11:20:36.205,3,NVIDIA A100-SXM-64GB,148.45,31846,98
5256,2026-05-18 11:20:41.238558,2026/05/18 11:20:41.290,0,NVIDIA A100-SXM-64GB,173.96,31904,100
5257,2026-05-18 11:20:41.238558,2026/05/18 11:20:41.292,1,NVIDIA A100-SXM-64GB,161.72,31922,100
5258,2026-05-18 11:20:41.238558,2026/05/18 11:20:41.295,2,NVIDIA A100-SXM-64GB,196.99,31912,100
5259,2026-05-18 11:20:41.238558,2026/05/18 11:20:41.297,3,NVIDIA A100-SXM-64GB,184.30,31846,100
5260,2026-05-18 11:20:46.327256,2026/05/18 11:20:46.366,0,NVIDIA A100-SXM-64GB,185.08,31904,100
5261,2026-05-18 11:20:46.327256,2026/05/18 11:20:46.368,1,NVIDIA A100-SXM-64GB,164.46,31922,100
5262,2026-05-18 11:20:46.327256,2026/05/18 11:20:46.373,2,NVIDIA A100-SXM-64GB,173.71,31912,100
5263,2026-05-18 11:20:46.327256,2026/05/18 11:20:46.376,3,NVIDIA A100-SXM-64GB,164.53,31846,100
5264,2026-05-18 11:20:51.405402,2026/05/18 11:20:51.445,0,NVIDIA A100-SXM-64GB,192.30,31904,100
5265,2026-05-18 11:20:51.405402,2026/05/18 11:20:51.451,1,NVIDIA A100-SXM-64GB,173.64,31922,100
5266,2026-05-18 11:20:51.405402,2026/05/18 11:20:51.454,2,NVIDIA A100-SXM-64GB,159.79,31912,100
5267,2026-05-18 11:20:51.405402,2026/05/18 11:20:51.456,3,NVIDIA A100-SXM-64GB,174.77,31846,100
5268,2026-05-18 11:20:56.486021,2026/05/18 11:20:56.526,0,NVIDIA A100-SXM-64GB,155.29,31904,98
5269,2026-05-18 11:20:56.486021,2026/05/18 11:20:56.530,1,NVIDIA A100-SXM-64GB,140.44,31922,98
5270,2026-05-18 11:20:56.486021,2026/05/18 11:20:56.533,2,NVIDIA A100-SXM-64GB,154.84,31912,98
5271,2026-05-18 11:20:56.486021,2026/05/18 11:20:56.535,3,NVIDIA A100-SXM-64GB,144.90,31846,98
5272,2026-05-18 11:21:01.565072,2026/05/18 11:21:01.604,0,NVIDIA A100-SXM-64GB,176.38,31904,100
5273,2026-05-18 11:21:01.565072,2026/05/18 11:21:01.606,1,NVIDIA A100-SXM-64GB,145.07,31922,100
5274,2026-05-18 11:21:01.565072,2026/05/18 11:21:01.609,2,NVIDIA A100-SXM-64GB,175.86,31912,100
5275,2026-05-18 11:21:01.565072,2026/05/18 11:21:01.611,3,NVIDIA A100-SXM-64GB,169.77,31846,100
5276,2026-05-18 11:21:06.641112,2026/05/18 11:21:06.680,0,NVIDIA A100-SXM-64GB,193.11,31904,100
5277,2026-05-18 11:21:06.641112,2026/05/18 11:21:06.682,1,NVIDIA A100-SXM-64GB,190.57,31922,100
5278,2026-05-18 11:21:06.641112,2026/05/18 11:21:06.685,2,NVIDIA A100-SXM-64GB,178.28,31912,100
5279,2026-05-18 11:21:06.641112,2026/05/18 11:21:06.687,3,NVIDIA A100-SXM-64GB,163.43,31846,100
5280,2026-05-18 11:21:11.717401,2026/05/18 11:21:11.757,0,NVIDIA A100-SXM-64GB,167.36,31904,100
5281,2026-05-18 11:21:11.717401,2026/05/18 11:21:11.759,1,NVIDIA A100-SXM-64GB,143.98,31922,100
5282,2026-05-18 11:21:11.717401,2026/05/18 11:21:11.765,2,NVIDIA A100-SXM-64GB,185.32,31912,100
5283,2026-05-18 11:21:11.717401,2026/05/18 11:21:11.768,3,NVIDIA A100-SXM-64GB,172.96,31846,100
5284,2026-05-18 11:21:16.797821,2026/05/18 11:21:16.837,0,NVIDIA A100-SXM-64GB,152.06,31904,98
5285,2026-05-18 11:21:16.797821,2026/05/18 11:21:16.839,1,NVIDIA A100-SXM-64GB,143.98,31922,100
5286,2026-05-18 11:21:16.797821,2026/05/18 11:21:16.842,2,NVIDIA A100-SXM-64GB,149.50,31912,98
5287,2026-05-18 11:21:16.797821,2026/05/18 11:21:16.844,3,NVIDIA A100-SXM-64GB,143.21,31846,98
5288,2026-05-18 11:21:21.874340,2026/05/18 11:21:21.926,0,NVIDIA A100-SXM-64GB,157.27,31904,100
5289,2026-05-18 11:21:21.874340,2026/05/18 11:21:21.929,1,NVIDIA A100-SXM-64GB,144.92,31922,100
5290,2026-05-18 11:21:21.874340,2026/05/18 11:21:21.931,2,NVIDIA A100-SXM-64GB,149.50,31912,100
5291,2026-05-18 11:21:21.874340,2026/05/18 11:21:21.935,3,NVIDIA A100-SXM-64GB,143.82,31846,99
5292,2026-05-18 11:21:26.965215,2026/05/18 11:21:27.005,0,NVIDIA A100-SXM-64GB,200.13,31904,99
5293,2026-05-18 11:21:26.965215,2026/05/18 11:21:27.010,1,NVIDIA A100-SXM-64GB,141.24,31922,100
5294,2026-05-18 11:21:26.965215,2026/05/18 11:21:27.013,2,NVIDIA A100-SXM-64GB,150.43,31912,100
5295,2026-05-18 11:21:26.965215,2026/05/18 11:21:27.018,3,NVIDIA A100-SXM-64GB,142.61,31846,98
5296,2026-05-18 11:21:32.047221,2026/05/18 11:21:32.087,0,NVIDIA A100-SXM-64GB,153.48,31904,98
5297,2026-05-18 11:21:32.047221,2026/05/18 11:21:32.089,1,NVIDIA A100-SXM-64GB,145.19,31922,98
5298,2026-05-18 11:21:32.047221,2026/05/18 11:21:32.092,2,NVIDIA A100-SXM-64GB,148.72,31912,98
5299,2026-05-18 11:21:32.047221,2026/05/18 11:21:32.096,3,NVIDIA A100-SXM-64GB,147.05,31846,98
5300,2026-05-18 11:21:37.126342,2026/05/18 11:21:37.166,0,NVIDIA A100-SXM-64GB,156.50,31904,100
5301,2026-05-18 11:21:37.126342,2026/05/18 11:21:37.168,1,NVIDIA A100-SXM-64GB,179.78,31922,100
5302,2026-05-18 11:21:37.126342,2026/05/18 11:21:37.171,2,NVIDIA A100-SXM-64GB,157.92,31912,100
5303,2026-05-18 11:21:37.126342,2026/05/18 11:21:37.176,3,NVIDIA A100-SXM-64GB,176.92,31846,100
5304,2026-05-18 11:21:42.205588,2026/05/18 11:21:42.245,0,NVIDIA A100-SXM-64GB,181.59,31904,100
5305,2026-05-18 11:21:42.205588,2026/05/18 11:21:42.247,1,NVIDIA A100-SXM-64GB,166.94,31922,100
5306,2026-05-18 11:21:42.205588,2026/05/18 11:21:42.250,2,NVIDIA A100-SXM-64GB,183.18,31912,100
5307,2026-05-18 11:21:42.205588,2026/05/18 11:21:42.256,3,NVIDIA A100-SXM-64GB,163.32,31846,100
5308,2026-05-18 11:21:47.286800,2026/05/18 11:21:47.339,0,NVIDIA A100-SXM-64GB,140.63,31904,98
5309,2026-05-18 11:21:47.286800,2026/05/18 11:21:47.341,1,NVIDIA A100-SXM-64GB,154.24,31922,100
5310,2026-05-18 11:21:47.286800,2026/05/18 11:21:47.345,2,NVIDIA A100-SXM-64GB,139.52,31912,100
5311,2026-05-18 11:21:47.286800,2026/05/18 11:21:47.348,3,NVIDIA A100-SXM-64GB,146.11,31846,100
5312,2026-05-18 11:21:52.377070,2026/05/18 11:21:52.416,0,NVIDIA A100-SXM-64GB,155.02,31904,98
5313,2026-05-18 11:21:52.377070,2026/05/18 11:21:52.421,1,NVIDIA A100-SXM-64GB,146.27,31922,98
5314,2026-05-18 11:21:52.377070,2026/05/18 11:21:52.428,2,NVIDIA A100-SXM-64GB,147.51,31912,100
5315,2026-05-18 11:21:52.377070,2026/05/18 11:21:52.431,3,NVIDIA A100-SXM-64GB,145.17,31846,100
5316,2026-05-18 11:21:57.460516,2026/05/18 11:21:57.500,0,NVIDIA A100-SXM-64GB,158.04,31904,97
5317,2026-05-18 11:21:57.460516,2026/05/18 11:21:57.503,1,NVIDIA A100-SXM-64GB,144.73,31922,97
5318,2026-05-18 11:21:57.460516,2026/05/18 11:21:57.505,2,NVIDIA A100-SXM-64GB,148.72,31912,100
5319,2026-05-18 11:21:57.460516,2026/05/18 11:21:57.508,3,NVIDIA A100-SXM-64GB,147.93,31846,100
5320,2026-05-18 11:22:02.538162,2026/05/18 11:22:02.577,0,NVIDIA A100-SXM-64GB,193.24,31904,100
5321,2026-05-18 11:22:02.538162,2026/05/18 11:22:02.582,1,NVIDIA A100-SXM-64GB,209.71,31922,98
5322,2026-05-18 11:22:02.538162,2026/05/18 11:22:02.585,2,NVIDIA A100-SXM-64GB,148.12,31912,100
5323,2026-05-18 11:22:02.538162,2026/05/18 11:22:02.588,3,NVIDIA A100-SXM-64GB,202.09,31846,100
5324,2026-05-18 11:22:07.617482,2026/05/18 11:22:07.657,0,NVIDIA A100-SXM-64GB,154.08,31904,98
5325,2026-05-18 11:22:07.617482,2026/05/18 11:22:07.659,1,NVIDIA A100-SXM-64GB,131.87,31922,98
5326,2026-05-18 11:22:07.617482,2026/05/18 11:22:07.662,2,NVIDIA A100-SXM-64GB,149.93,31912,100
5327,2026-05-18 11:22:07.617482,2026/05/18 11:22:07.664,3,NVIDIA A100-SXM-64GB,134.43,31846,100
5328,2026-05-18 11:22:12.694521,2026/05/18 11:22:12.734,0,NVIDIA A100-SXM-64GB,156.50,31904,100
5329,2026-05-18 11:22:12.694521,2026/05/18 11:22:12.736,1,NVIDIA A100-SXM-64GB,145.07,31922,100
5330,2026-05-18 11:22:12.694521,2026/05/18 11:22:12.739,2,NVIDIA A100-SXM-64GB,154.23,31912,98
5331,2026-05-18 11:22:12.694521,2026/05/18 11:22:12.741,3,NVIDIA A100-SXM-64GB,147.33,31846,98
5332,2026-05-18 11:22:17.771619,2026/05/18 11:22:17.811,0,NVIDIA A100-SXM-64GB,157.76,31904,100
5333,2026-05-18 11:22:17.771619,2026/05/18 11:22:17.813,1,NVIDIA A100-SXM-64GB,169.95,31922,100
5334,2026-05-18 11:22:17.771619,2026/05/18 11:22:17.816,2,NVIDIA A100-SXM-64GB,181.03,31912,100
5335,2026-05-18 11:22:17.771619,2026/05/18 11:22:17.820,3,NVIDIA A100-SXM-64GB,167.90,31846,100
5336,2026-05-18 11:22:22.849850,2026/05/18 11:22:22.889,0,NVIDIA A100-SXM-64GB,173.64,31904,100
5337,2026-05-18 11:22:22.849850,2026/05/18 11:22:22.894,1,NVIDIA A100-SXM-64GB,155.02,31922,100
5338,2026-05-18 11:22:22.849850,2026/05/18 11:22:22.897,2,NVIDIA A100-SXM-64GB,158.52,31912,100
5339,2026-05-18 11:22:22.849850,2026/05/18 11:22:22.903,3,NVIDIA A100-SXM-64GB,150.41,31846,100
5340,2026-05-18 11:22:27.933433,2026/05/18 11:22:27.973,0,NVIDIA A100-SXM-64GB,152.22,31904,98
5341,2026-05-18 11:22:27.933433,2026/05/18 11:22:27.978,1,NVIDIA A100-SXM-64GB,145.07,31922,98
5342,2026-05-18 11:22:27.933433,2026/05/18 11:22:27.980,2,NVIDIA A100-SXM-64GB,149.05,31912,98
5343,2026-05-18 11:22:27.933433,2026/05/18 11:22:27.983,3,NVIDIA A100-SXM-64GB,148.87,31846,98
5344,2026-05-18 11:22:33.013026,2026/05/18 11:22:33.052,0,NVIDIA A100-SXM-64GB,157.16,31904,100
5345,2026-05-18 11:22:33.013026,2026/05/18 11:22:33.057,1,NVIDIA A100-SXM-64GB,147.20,31922,99
5346,2026-05-18 11:22:33.013026,2026/05/18 11:22:33.060,2,NVIDIA A100-SXM-64GB,152.41,31912,97
5347,2026-05-18 11:22:33.013026,2026/05/18 11:22:33.064,3,NVIDIA A100-SXM-64GB,143.36,31846,97
5348,2026-05-18 11:22:38.094503,2026/05/18 11:22:38.134,0,NVIDIA A100-SXM-64GB,172.58,31904,100
5349,2026-05-18 11:22:38.094503,2026/05/18 11:22:38.139,1,NVIDIA A100-SXM-64GB,169.07,31922,100
5350,2026-05-18 11:22:38.094503,2026/05/18 11:22:38.141,2,NVIDIA A100-SXM-64GB,181.03,31912,100
5351,2026-05-18 11:22:38.094503,2026/05/18 11:22:38.145,3,NVIDIA A100-SXM-64GB,174.77,31846,100
5352,2026-05-18 11:22:43.175337,2026/05/18 11:22:43.215,0,NVIDIA A100-SXM-64GB,166.60,31904,100
5353,2026-05-18 11:22:43.175337,2026/05/18 11:22:43.220,1,NVIDIA A100-SXM-64GB,145.07,31922,100
5354,2026-05-18 11:22:43.175337,2026/05/18 11:22:43.223,2,NVIDIA A100-SXM-64GB,137.98,31912,98
5355,2026-05-18 11:22:43.175337,2026/05/18 11:22:43.226,3,NVIDIA A100-SXM-64GB,195.04,31846,98
5356,2026-05-18 11:22:48.255905,2026/05/18 11:22:48.296,0,NVIDIA A100-SXM-64GB,155.62,31904,98
5357,2026-05-18 11:22:48.255905,2026/05/18 11:22:48.301,1,NVIDIA A100-SXM-64GB,147.48,31922,98
5358,2026-05-18 11:22:48.255905,2026/05/18 11:22:48.304,2,NVIDIA A100-SXM-64GB,146.29,31912,98
5359,2026-05-18 11:22:48.255905,2026/05/18 11:22:48.308,3,NVIDIA A100-SXM-64GB,144.30,31846,98
5360,2026-05-18 11:22:53.338065,2026/05/18 11:22:53.378,0,NVIDIA A100-SXM-64GB,153.75,31904,98
5361,2026-05-18 11:22:53.338065,2026/05/18 11:22:53.381,1,NVIDIA A100-SXM-64GB,143.19,31922,100
5362,2026-05-18 11:22:53.338065,2026/05/18 11:22:53.384,2,NVIDIA A100-SXM-64GB,206.78,31912,100
5363,2026-05-18 11:22:53.338065,2026/05/18 11:22:53.387,3,NVIDIA A100-SXM-64GB,143.36,31846,98
5364,2026-05-18 11:22:58.417084,2026/05/18 11:22:58.456,0,NVIDIA A100-SXM-64GB,174.38,31904,100
5365,2026-05-18 11:22:58.417084,2026/05/18 11:22:58.458,1,NVIDIA A100-SXM-64GB,162.32,31922,100
5366,2026-05-18 11:22:58.417084,2026/05/18 11:22:58.462,2,NVIDIA A100-SXM-64GB,172.17,31912,100
5367,2026-05-18 11:22:58.417084,2026/05/18 11:22:58.464,3,NVIDIA A100-SXM-64GB,156.38,31846,100
5368,2026-05-18 11:23:03.494329,2026/05/18 11:23:03.534,0,NVIDIA A100-SXM-64GB,142.77,31904,98
5369,2026-05-18 11:23:03.494329,2026/05/18 11:23:03.536,1,NVIDIA A100-SXM-64GB,141.84,31922,100
5370,2026-05-18 11:23:03.494329,2026/05/18 11:23:03.542,2,NVIDIA A100-SXM-64GB,151.32,31912,100
5371,2026-05-18 11:23:03.494329,2026/05/18 11:23:03.544,3,NVIDIA A100-SXM-64GB,143.82,31846,98
5372,2026-05-18 11:23:08.574435,2026/05/18 11:23:08.614,0,NVIDIA A100-SXM-64GB,150.74,31904,97
5373,2026-05-18 11:23:08.574435,2026/05/18 11:23:08.616,1,NVIDIA A100-SXM-64GB,143.04,31922,97
5374,2026-05-18 11:23:08.574435,2026/05/18 11:23:08.622,2,NVIDIA A100-SXM-64GB,148.90,31912,97
5375,2026-05-18 11:23:08.574435,2026/05/18 11:23:08.625,3,NVIDIA A100-SXM-64GB,144.42,31846,97
5376,2026-05-18 11:23:13.654601,2026/05/18 11:23:13.694,0,NVIDIA A100-SXM-64GB,172.75,31904,100
5377,2026-05-18 11:23:13.654601,2026/05/18 11:23:13.696,1,NVIDIA A100-SXM-64GB,162.93,31922,100
5378,2026-05-18 11:23:13.654601,2026/05/18 11:23:13.699,2,NVIDIA A100-SXM-64GB,190.22,31912,100
5379,2026-05-18 11:23:13.654601,2026/05/18 11:23:13.703,3,NVIDIA A100-SXM-64GB,172.52,31846,100
5380,2026-05-18 11:23:18.733164,2026/05/18 11:23:18.772,0,NVIDIA A100-SXM-64GB,179.87,31904,100
5381,2026-05-18 11:23:18.733164,2026/05/18 11:23:18.774,1,NVIDIA A100-SXM-64GB,166.76,31922,100
5382,2026-05-18 11:23:18.733164,2026/05/18 11:23:18.777,2,NVIDIA A100-SXM-64GB,168.49,31912,100
5383,2026-05-18 11:23:18.733164,2026/05/18 11:23:18.780,3,NVIDIA A100-SXM-64GB,176.46,31846,100
5384,2026-05-18 11:23:23.810202,2026/05/18 11:23:23.849,0,NVIDIA A100-SXM-64GB,158.81,31904,98
5385,2026-05-18 11:23:23.810202,2026/05/18 11:23:23.851,1,NVIDIA A100-SXM-64GB,142.77,31922,98
5386,2026-05-18 11:23:23.810202,2026/05/18 11:23:23.854,2,NVIDIA A100-SXM-64GB,146.75,31912,98
5387,2026-05-18 11:23:23.810202,2026/05/18 11:23:23.856,3,NVIDIA A100-SXM-64GB,147.18,31846,99
5388,2026-05-18 11:23:28.888722,2026/05/18 11:23:28.928,0,NVIDIA A100-SXM-64GB,159.41,31904,100
5389,2026-05-18 11:23:28.888722,2026/05/18 11:23:28.930,1,NVIDIA A100-SXM-64GB,151.01,31922,98
5390,2026-05-18 11:23:28.888722,2026/05/18 11:23:28.934,2,NVIDIA A100-SXM-64GB,146.14,31912,98
5391,2026-05-18 11:23:28.888722,2026/05/18 11:23:28.936,3,NVIDIA A100-SXM-64GB,145.64,31846,100
5392,2026-05-18 11:23:33.967774,2026/05/18 11:23:34.007,0,NVIDIA A100-SXM-64GB,187.83,31904,100
5393,2026-05-18 11:23:33.967774,2026/05/18 11:23:34.009,1,NVIDIA A100-SXM-64GB,166.00,31922,100
5394,2026-05-18 11:23:33.967774,2026/05/18 11:23:34.012,2,NVIDIA A100-SXM-64GB,161.44,31912,100
5395,2026-05-18 11:23:33.967774,2026/05/18 11:23:34.014,3,NVIDIA A100-SXM-64GB,150.87,31846,100
5396,2026-05-18 11:23:39.047831,2026/05/18 11:23:39.087,0,NVIDIA A100-SXM-64GB,145.52,31904,100
5397,2026-05-18 11:23:39.047831,2026/05/18 11:23:39.089,1,NVIDIA A100-SXM-64GB,176.71,31922,100
5398,2026-05-18 11:23:39.047831,2026/05/18 11:23:39.092,2,NVIDIA A100-SXM-64GB,199.53,31912,100
5399,2026-05-18 11:23:39.047831,2026/05/18 11:23:39.095,3,NVIDIA A100-SXM-64GB,132.80,31846,100
5400,2026-05-18 11:23:44.128414,2026/05/18 11:23:44.168,0,NVIDIA A100-SXM-64GB,187.50,31904,100
5401,2026-05-18 11:23:44.128414,2026/05/18 11:23:44.170,1,NVIDIA A100-SXM-64GB,155.29,31922,100
5402,2026-05-18 11:23:44.128414,2026/05/18 11:23:44.173,2,NVIDIA A100-SXM-64GB,151.32,31912,100
5403,2026-05-18 11:23:44.128414,2026/05/18 11:23:44.176,3,NVIDIA A100-SXM-64GB,161.00,31846,100
5404,2026-05-18 11:23:49.206357,2026/05/18 11:23:49.246,0,NVIDIA A100-SXM-64GB,155.46,31904,98
5405,2026-05-18 11:23:49.206357,2026/05/18 11:23:49.248,1,NVIDIA A100-SXM-64GB,144.58,31922,100
5406,2026-05-18 11:23:49.206357,2026/05/18 11:23:49.251,2,NVIDIA A100-SXM-64GB,153.19,31912,98
5407,2026-05-18 11:23:49.206357,2026/05/18 11:23:49.253,3,NVIDIA A100-SXM-64GB,149.05,31846,100
5408,2026-05-18 11:23:54.287620,2026/05/18 11:23:54.327,0,NVIDIA A100-SXM-64GB,197.32,31904,100
5409,2026-05-18 11:23:54.287620,2026/05/18 11:23:54.329,1,NVIDIA A100-SXM-64GB,142.77,31922,100
5410,2026-05-18 11:23:54.287620,2026/05/18 11:23:54.332,2,NVIDIA A100-SXM-64GB,147.35,31912,100
5411,2026-05-18 11:23:54.287620,2026/05/18 11:23:54.334,3,NVIDIA A100-SXM-64GB,176.31,31846,100
5412,2026-05-18 11:23:59.365349,2026/05/18 11:23:59.405,0,NVIDIA A100-SXM-64GB,151.79,31904,98
5413,2026-05-18 11:23:59.365349,2026/05/18 11:23:59.407,1,NVIDIA A100-SXM-64GB,142.44,31922,100
5414,2026-05-18 11:23:59.365349,2026/05/18 11:23:59.410,2,NVIDIA A100-SXM-64GB,145.82,31912,98
5415,2026-05-18 11:23:59.365349,2026/05/18 11:23:59.412,3,NVIDIA A100-SXM-64GB,141.67,31846,98
5416,2026-05-18 11:24:04.446342,2026/05/18 11:24:04.486,0,NVIDIA A100-SXM-64GB,158.48,31904,98
5417,2026-05-18 11:24:04.446342,2026/05/18 11:24:04.488,1,NVIDIA A100-SXM-64GB,143.38,31922,100
5418,2026-05-18 11:24:04.446342,2026/05/18 11:24:04.491,2,NVIDIA A100-SXM-64GB,150.72,31912,98
5419,2026-05-18 11:24:04.446342,2026/05/18 11:24:04.494,3,NVIDIA A100-SXM-64GB,147.18,31846,98
5420,2026-05-18 11:24:09.524097,2026/05/18 11:24:09.563,0,NVIDIA A100-SXM-64GB,178.06,31904,100
5421,2026-05-18 11:24:09.524097,2026/05/18 11:24:09.565,1,NVIDIA A100-SXM-64GB,158.04,31922,100
5422,2026-05-18 11:24:09.524097,2026/05/18 11:24:09.569,2,NVIDIA A100-SXM-64GB,166.67,31912,100
5423,2026-05-18 11:24:09.524097,2026/05/18 11:24:09.572,3,NVIDIA A100-SXM-64GB,169.59,31846,100
5424,2026-05-18 11:24:14.602974,2026/05/18 11:24:14.642,0,NVIDIA A100-SXM-64GB,191.18,31904,100
5425,2026-05-18 11:24:14.602974,2026/05/18 11:24:14.645,1,NVIDIA A100-SXM-64GB,180.81,31922,100
5426,2026-05-18 11:24:14.602974,2026/05/18 11:24:14.651,2,NVIDIA A100-SXM-64GB,188.82,31912,100
5427,2026-05-18 11:24:14.602974,2026/05/18 11:24:14.654,3,NVIDIA A100-SXM-64GB,171.13,31846,100
5428,2026-05-18 11:24:19.684064,2026/05/18 11:24:19.723,0,NVIDIA A100-SXM-64GB,209.61,31904,98
5429,2026-05-18 11:24:19.684064,2026/05/18 11:24:19.725,1,NVIDIA A100-SXM-64GB,154.53,31922,100
5430,2026-05-18 11:24:19.684064,2026/05/18 11:24:19.728,2,NVIDIA A100-SXM-64GB,182.99,31912,97
5431,2026-05-18 11:24:19.684064,2026/05/18 11:24:19.730,3,NVIDIA A100-SXM-64GB,191.77,31846,98
5432,2026-05-18 11:24:24.761168,2026/05/18 11:24:24.800,0,NVIDIA A100-SXM-64GB,182.95,31904,100
5433,2026-05-18 11:24:24.761168,2026/05/18 11:24:24.802,1,NVIDIA A100-SXM-64GB,175.92,31922,100
5434,2026-05-18 11:24:24.761168,2026/05/18 11:24:24.805,2,NVIDIA A100-SXM-64GB,170.63,31912,100
5435,2026-05-18 11:24:24.761168,2026/05/18 11:24:24.808,3,NVIDIA A100-SXM-64GB,177.07,31846,100
5436,2026-05-18 11:24:29.839185,2026/05/18 11:24:29.878,0,NVIDIA A100-SXM-64GB,183.55,31904,100
5437,2026-05-18 11:24:29.839185,2026/05/18 11:24:29.881,1,NVIDIA A100-SXM-64GB,176.10,31922,100
5438,2026-05-18 11:24:29.839185,2026/05/18 11:24:29.884,2,NVIDIA A100-SXM-64GB,176.13,31912,100
5439,2026-05-18 11:24:29.839185,2026/05/18 11:24:29.889,3,NVIDIA A100-SXM-64GB,175.62,31846,100
5440,2026-05-18 11:24:34.918896,2026/05/18 11:24:34.970,0,NVIDIA A100-SXM-64GB,161.28,31904,100
5441,2026-05-18 11:24:34.918896,2026/05/18 11:24:34.972,1,NVIDIA A100-SXM-64GB,138.16,31922,99
5442,2026-05-18 11:24:34.918896,2026/05/18 11:24:34.975,2,NVIDIA A100-SXM-64GB,138.17,31912,100
5443,2026-05-18 11:24:34.918896,2026/05/18 11:24:34.977,3,NVIDIA A100-SXM-64GB,204.03,31846,100
5444,2026-05-18 11:24:40.007842,2026/05/18 11:24:40.047,0,NVIDIA A100-SXM-64GB,172.25,31904,100
5445,2026-05-18 11:24:40.007842,2026/05/18 11:24:40.049,1,NVIDIA A100-SXM-64GB,155.90,31922,100
5446,2026-05-18 11:24:40.007842,2026/05/18 11:24:40.052,2,NVIDIA A100-SXM-64GB,172.78,31912,100
5447,2026-05-18 11:24:40.007842,2026/05/18 11:24:40.055,3,NVIDIA A100-SXM-64GB,157.31,31846,100
5448,2026-05-18 11:24:45.085412,2026/05/18 11:24:45.125,0,NVIDIA A100-SXM-64GB,154.20,31904,100
5449,2026-05-18 11:24:45.085412,2026/05/18 11:24:45.127,1,NVIDIA A100-SXM-64GB,147.05,31922,100
5450,2026-05-18 11:24:45.085412,2026/05/18 11:24:45.130,2,NVIDIA A100-SXM-64GB,150.43,31912,100
5451,2026-05-18 11:24:45.085412,2026/05/18 11:24:45.134,3,NVIDIA A100-SXM-64GB,147.18,31846,100
5452,2026-05-18 11:24:50.165964,2026/05/18 11:24:50.205,0,NVIDIA A100-SXM-64GB,180.48,31904,100
5453,2026-05-18 11:24:50.165964,2026/05/18 11:24:50.207,1,NVIDIA A100-SXM-64GB,184.15,31922,100
5454,2026-05-18 11:24:50.165964,2026/05/18 11:24:50.210,2,NVIDIA A100-SXM-64GB,172.78,31912,100
5455,2026-05-18 11:24:50.165964,2026/05/18 11:24:50.214,3,NVIDIA A100-SXM-64GB,149.05,31846,100
5456,2026-05-18 11:24:55.245513,2026/05/18 11:24:55.285,0,NVIDIA A100-SXM-64GB,179.27,31904,100
5457,2026-05-18 11:24:55.245513,2026/05/18 11:24:55.287,1,NVIDIA A100-SXM-64GB,165.06,31922,100
5458,2026-05-18 11:24:55.245513,2026/05/18 11:24:55.290,2,NVIDIA A100-SXM-64GB,164.53,31912,100
5459,2026-05-18 11:24:55.245513,2026/05/18 11:24:55.294,3,NVIDIA A100-SXM-64GB,152.68,31846,100
5460,2026-05-18 11:25:00.325462,2026/05/18 11:25:00.365,0,NVIDIA A100-SXM-64GB,153.60,31904,98
5461,2026-05-18 11:25:00.325462,2026/05/18 11:25:00.368,1,NVIDIA A100-SXM-64GB,146.45,31922,98
5462,2026-05-18 11:25:00.325462,2026/05/18 11:25:00.374,2,NVIDIA A100-SXM-64GB,151.65,31912,98
5463,2026-05-18 11:25:00.325462,2026/05/18 11:25:00.376,3,NVIDIA A100-SXM-64GB,147.78,31846,99
5464,2026-05-18 11:25:05.406908,2026/05/18 11:25:05.446,0,NVIDIA A100-SXM-64GB,154.53,31904,97
5465,2026-05-18 11:25:05.406908,2026/05/18 11:25:05.449,1,NVIDIA A100-SXM-64GB,145.84,31922,99
5466,2026-05-18 11:25:05.406908,2026/05/18 11:25:05.453,2,NVIDIA A100-SXM-64GB,151.65,31912,97
5467,2026-05-18 11:25:05.406908,2026/05/18 11:25:05.455,3,NVIDIA A100-SXM-64GB,148.45,31846,100
5468,2026-05-18 11:25:10.485873,2026/05/18 11:25:10.525,0,NVIDIA A100-SXM-64GB,186.02,31904,100
5469,2026-05-18 11:25:10.485873,2026/05/18 11:25:10.529,1,NVIDIA A100-SXM-64GB,178.34,31922,100
5470,2026-05-18 11:25:10.485873,2026/05/18 11:25:10.534,2,NVIDIA A100-SXM-64GB,182.71,31912,100
5471,2026-05-18 11:25:10.485873,2026/05/18 11:25:10.537,3,NVIDIA A100-SXM-64GB,173.29,31846,100
5472,2026-05-18 11:25:15.568798,2026/05/18 11:25:15.608,0,NVIDIA A100-SXM-64GB,159.41,31904,100
5473,2026-05-18 11:25:15.568798,2026/05/18 11:25:15.613,1,NVIDIA A100-SXM-64GB,133.60,31922,100
5474,2026-05-18 11:25:15.568798,2026/05/18 11:25:15.616,2,NVIDIA A100-SXM-64GB,171.57,31912,100
5475,2026-05-18 11:25:15.568798,2026/05/18 11:25:15.619,3,NVIDIA A100-SXM-64GB,141.67,31846,100
5476,2026-05-18 11:25:20.649810,2026/05/18 11:25:20.689,0,NVIDIA A100-SXM-64GB,182.61,31904,100
5477,2026-05-18 11:25:20.649810,2026/05/18 11:25:20.691,1,NVIDIA A100-SXM-64GB,174.56,31922,100
5478,2026-05-18 11:25:20.649810,2026/05/18 11:25:20.697,2,NVIDIA A100-SXM-64GB,171.24,31912,100
5479,2026-05-18 11:25:20.649810,2026/05/18 11:25:20.699,3,NVIDIA A100-SXM-64GB,171.13,31846,100
5480,2026-05-18 11:25:25.729716,2026/05/18 11:25:25.769,0,NVIDIA A100-SXM-64GB,181.74,31904,100
5481,2026-05-18 11:25:25.729716,2026/05/18 11:25:25.771,1,NVIDIA A100-SXM-64GB,187.42,31922,100
5482,2026-05-18 11:25:25.729716,2026/05/18 11:25:25.774,2,NVIDIA A100-SXM-64GB,195.77,31912,100
5483,2026-05-18 11:25:25.729716,2026/05/18 11:25:25.776,3,NVIDIA A100-SXM-64GB,167.72,31846,100
5484,2026-05-18 11:25:30.808090,2026/05/18 11:25:30.858,0,NVIDIA A100-SXM-64GB,172.85,31904,100
5485,2026-05-18 11:25:30.808090,2026/05/18 11:25:30.862,1,NVIDIA A100-SXM-64GB,158.81,31922,100
5486,2026-05-18 11:25:30.808090,2026/05/18 11:25:30.865,2,NVIDIA A100-SXM-64GB,182.71,31912,100
5487,2026-05-18 11:25:30.808090,2026/05/18 11:25:30.867,3,NVIDIA A100-SXM-64GB,147.18,31846,100
5488,2026-05-18 11:25:35.897846,2026/05/18 11:25:35.937,0,NVIDIA A100-SXM-64GB,155.46,31904,98
5489,2026-05-18 11:25:35.897846,2026/05/18 11:25:35.942,1,NVIDIA A100-SXM-64GB,137.89,31922,100
5490,2026-05-18 11:25:35.897846,2026/05/18 11:25:35.948,2,NVIDIA A100-SXM-64GB,150.72,31912,98
5491,2026-05-18 11:25:35.897846,2026/05/18 11:25:35.952,3,NVIDIA A100-SXM-64GB,133.68,31846,98
5492,2026-05-18 11:25:40.986196,2026/05/18 11:25:41.025,0,NVIDIA A100-SXM-64GB,152.39,31904,97
5493,2026-05-18 11:25:40.986196,2026/05/18 11:25:41.030,1,NVIDIA A100-SXM-64GB,149.47,31922,97
5494,2026-05-18 11:25:40.986196,2026/05/18 11:25:41.032,2,NVIDIA A100-SXM-64GB,152.86,31912,97
5495,2026-05-18 11:25:40.986196,2026/05/18 11:25:41.035,3,NVIDIA A100-SXM-64GB,145.64,31846,97
5496,2026-05-18 11:25:46.067533,2026/05/18 11:25:46.107,0,NVIDIA A100-SXM-64GB,184.15,31904,100
5497,2026-05-18 11:25:46.067533,2026/05/18 11:25:46.113,1,NVIDIA A100-SXM-64GB,188.02,31922,100
5498,2026-05-18 11:25:46.067533,2026/05/18 11:25:46.116,2,NVIDIA A100-SXM-64GB,182.30,31912,100
5499,2026-05-18 11:25:46.067533,2026/05/18 11:25:46.118,3,NVIDIA A100-SXM-64GB,165.57,31846,100
5500,2026-05-18 11:25:51.149100,2026/05/18 11:25:51.188,0,NVIDIA A100-SXM-64GB,176.85,31904,100
5501,2026-05-18 11:25:51.149100,2026/05/18 11:25:51.190,1,NVIDIA A100-SXM-64GB,170.89,31922,100
5502,2026-05-18 11:25:51.149100,2026/05/18 11:25:51.193,2,NVIDIA A100-SXM-64GB,185.65,31912,100
5503,2026-05-18 11:25:51.149100,2026/05/18 11:25:51.195,3,NVIDIA A100-SXM-64GB,160.40,31846,100
5504,2026-05-18 11:25:56.228259,2026/05/18 11:25:56.267,0,NVIDIA A100-SXM-64GB,152.71,31904,99
5505,2026-05-18 11:25:56.228259,2026/05/18 11:25:56.269,1,NVIDIA A100-SXM-64GB,144.92,31922,98
5506,2026-05-18 11:25:56.228259,2026/05/18 11:25:56.273,2,NVIDIA A100-SXM-64GB,153.79,31912,98
5507,2026-05-18 11:25:56.228259,2026/05/18 11:25:56.276,3,NVIDIA A100-SXM-64GB,143.48,31846,98
5508,2026-05-18 11:26:01.307696,2026/05/18 11:26:01.347,0,NVIDIA A100-SXM-64GB,151.62,31904,100
5509,2026-05-18 11:26:01.307696,2026/05/18 11:26:01.349,1,NVIDIA A100-SXM-64GB,143.38,31922,98
5510,2026-05-18 11:26:01.307696,2026/05/18 11:26:01.354,2,NVIDIA A100-SXM-64GB,147.63,31912,100
5511,2026-05-18 11:26:01.307696,2026/05/18 11:26:01.357,3,NVIDIA A100-SXM-64GB,146.90,31846,98
5512,2026-05-18 11:26:06.387715,2026/05/18 11:26:06.427,0,NVIDIA A100-SXM-64GB,180.48,31904,100
5513,2026-05-18 11:26:06.387715,2026/05/18 11:26:06.429,1,NVIDIA A100-SXM-64GB,148.26,31922,100
5514,2026-05-18 11:26:06.387715,2026/05/18 11:26:06.434,2,NVIDIA A100-SXM-64GB,174.92,31912,100
5515,2026-05-18 11:26:06.387715,2026/05/18 11:26:06.437,3,NVIDIA A100-SXM-64GB,178.61,31846,100
5516,2026-05-18 11:26:11.470117,2026/05/18 11:26:11.509,0,NVIDIA A100-SXM-64GB,191.78,31904,100
5517,2026-05-18 11:26:11.470117,2026/05/18 11:26:11.511,1,NVIDIA A100-SXM-64GB,159.57,31922,98
5518,2026-05-18 11:26:11.470117,2026/05/18 11:26:11.514,2,NVIDIA A100-SXM-64GB,145.03,31912,100
5519,2026-05-18 11:26:11.470117,2026/05/18 11:26:11.516,3,NVIDIA A100-SXM-64GB,146.73,31846,98
5520,2026-05-18 11:26:16.546745,2026/05/18 11:26:16.586,0,NVIDIA A100-SXM-64GB,158.48,31904,98
5521,2026-05-18 11:26:16.546745,2026/05/18 11:26:16.589,1,NVIDIA A100-SXM-64GB,142.44,31922,97
5522,2026-05-18 11:26:16.546745,2026/05/18 11:26:16.594,2,NVIDIA A100-SXM-64GB,147.03,31912,97
5523,2026-05-18 11:26:16.546745,2026/05/18 11:26:16.597,3,NVIDIA A100-SXM-64GB,147.78,31846,97
5524,2026-05-18 11:26:21.627130,2026/05/18 11:26:21.666,0,NVIDIA A100-SXM-64GB,193.31,31904,100
5525,2026-05-18 11:26:21.627130,2026/05/18 11:26:21.671,1,NVIDIA A100-SXM-64GB,169.07,31922,100
5526,2026-05-18 11:26:21.627130,2026/05/18 11:26:21.676,2,NVIDIA A100-SXM-64GB,178.01,31912,100
5527,2026-05-18 11:26:21.627130,2026/05/18 11:26:21.679,3,NVIDIA A100-SXM-64GB,180.76,31846,100
5528,2026-05-18 11:26:26.712566,2026/05/18 11:26:26.752,0,NVIDIA A100-SXM-64GB,177.46,31904,100
5529,2026-05-18 11:26:26.712566,2026/05/18 11:26:26.754,1,NVIDIA A100-SXM-64GB,162.49,31922,100
5530,2026-05-18 11:26:26.712566,2026/05/18 11:26:26.758,2,NVIDIA A100-SXM-64GB,186.07,31912,100
5531,2026-05-18 11:26:26.712566,2026/05/18 11:26:26.761,3,NVIDIA A100-SXM-64GB,174.17,31846,100
5532,2026-05-18 11:26:31.791419,2026/05/18 11:26:31.831,0,NVIDIA A100-SXM-64GB,153.32,31904,98
5533,2026-05-18 11:26:31.791419,2026/05/18 11:26:31.837,1,NVIDIA A100-SXM-64GB,142.77,31922,100
5534,2026-05-18 11:26:31.791419,2026/05/18 11:26:31.840,2,NVIDIA A100-SXM-64GB,149.78,31912,98
5535,2026-05-18 11:26:31.791419,2026/05/18 11:26:31.842,3,NVIDIA A100-SXM-64GB,147.51,31846,100
5536,2026-05-18 11:26:36.872462,2026/05/18 11:26:36.912,0,NVIDIA A100-SXM-64GB,154.36,31904,98
5537,2026-05-18 11:26:36.872462,2026/05/18 11:26:36.914,1,NVIDIA A100-SXM-64GB,143.71,31922,99
5538,2026-05-18 11:26:36.872462,2026/05/18 11:26:36.917,2,NVIDIA A100-SXM-64GB,151.93,31912,98
5539,2026-05-18 11:26:36.872462,2026/05/18 11:26:36.919,3,NVIDIA A100-SXM-64GB,147.33,31846,100
5540,2026-05-18 11:26:41.950113,2026/05/18 11:26:41.989,0,NVIDIA A100-SXM-64GB,166.16,31904,100
5541,2026-05-18 11:26:41.950113,2026/05/18 11:26:41.991,1,NVIDIA A100-SXM-64GB,149.80,31922,100
5542,2026-05-18 11:26:41.950113,2026/05/18 11:26:41.995,2,NVIDIA A100-SXM-64GB,184.11,31912,100
5543,2026-05-18 11:26:41.950113,2026/05/18 11:26:41.997,3,NVIDIA A100-SXM-64GB,151.80,31846,100
5544,2026-05-18 11:26:47.031095,2026/05/18 11:26:47.070,0,NVIDIA A100-SXM-64GB,174.06,31904,100
5545,2026-05-18 11:26:47.031095,2026/05/18 11:26:47.072,1,NVIDIA A100-SXM-64GB,167.97,31922,100
5546,2026-05-18 11:26:47.031095,2026/05/18 11:26:47.075,2,NVIDIA A100-SXM-64GB,208.39,31912,100
5547,2026-05-18 11:26:47.031095,2026/05/18 11:26:47.077,3,NVIDIA A100-SXM-64GB,175.10,31846,100
5548,2026-05-18 11:26:52.110063,2026/05/18 11:26:52.149,0,NVIDIA A100-SXM-64GB,142.90,31904,97
5549,2026-05-18 11:26:52.110063,2026/05/18 11:26:52.155,1,NVIDIA A100-SXM-64GB,138.16,31922,100
5550,2026-05-18 11:26:52.110063,2026/05/18 11:26:52.157,2,NVIDIA A100-SXM-64GB,214.81,31912,98
5551,2026-05-18 11:26:52.110063,2026/05/18 11:26:52.160,3,NVIDIA A100-SXM-64GB,140.13,31846,100
5552,2026-05-18 11:26:57.191821,2026/05/18 11:26:57.231,0,NVIDIA A100-SXM-64GB,155.74,31904,100
5553,2026-05-18 11:26:57.191821,2026/05/18 11:26:57.233,1,NVIDIA A100-SXM-64GB,142.17,31922,98
5554,2026-05-18 11:26:57.191821,2026/05/18 11:26:57.236,2,NVIDIA A100-SXM-64GB,150.72,31912,98
5555,2026-05-18 11:26:57.191821,2026/05/18 11:26:57.238,3,NVIDIA A100-SXM-64GB,142.27,31846,98
5556,2026-05-18 11:27:02.271898,2026/05/18 11:27:02.311,0,NVIDIA A100-SXM-64GB,151.94,31904,100
5557,2026-05-18 11:27:02.271898,2026/05/18 11:27:02.313,1,NVIDIA A100-SXM-64GB,141.24,31922,100
5558,2026-05-18 11:27:02.271898,2026/05/18 11:27:02.316,2,NVIDIA A100-SXM-64GB,200.95,31912,99
5559,2026-05-18 11:27:02.271898,2026/05/18 11:27:02.319,3,NVIDIA A100-SXM-64GB,142.61,31846,100
5560,2026-05-18 11:27:07.352560,2026/05/18 11:27:07.392,0,NVIDIA A100-SXM-64GB,157.87,31904,100
5561,2026-05-18 11:27:07.352560,2026/05/18 11:27:07.394,1,NVIDIA A100-SXM-64GB,145.52,31922,99
5562,2026-05-18 11:27:07.352560,2026/05/18 11:27:07.397,2,NVIDIA A100-SXM-64GB,150.72,31912,98
5563,2026-05-18 11:27:07.352560,2026/05/18 11:27:07.399,3,NVIDIA A100-SXM-64GB,146.29,31846,98
5564,2026-05-18 11:27:12.431896,2026/05/18 11:27:12.471,0,NVIDIA A100-SXM-64GB,158.20,31904,100
5565,2026-05-18 11:27:12.431896,2026/05/18 11:27:12.473,1,NVIDIA A100-SXM-64GB,145.52,31922,98
5566,2026-05-18 11:27:12.431896,2026/05/18 11:27:12.476,2,NVIDIA A100-SXM-64GB,156.55,31912,98
5567,2026-05-18 11:27:12.431896,2026/05/18 11:27:12.478,3,NVIDIA A100-SXM-64GB,143.21,31846,98
5568,2026-05-18 11:27:17.511680,2026/05/18 11:27:17.551,0,NVIDIA A100-SXM-64GB,163.41,31904,100
5569,2026-05-18 11:27:17.511680,2026/05/18 11:27:17.554,1,NVIDIA A100-SXM-64GB,143.71,31922,100
5570,2026-05-18 11:27:17.511680,2026/05/18 11:27:17.556,2,NVIDIA A100-SXM-64GB,181.03,31912,100
5571,2026-05-18 11:27:17.511680,2026/05/18 11:27:17.560,3,NVIDIA A100-SXM-64GB,157.92,31846,100
5572,2026-05-18 11:27:22.593647,2026/05/18 11:27:22.633,0,NVIDIA A100-SXM-64GB,175.32,31904,100
5573,2026-05-18 11:27:22.593647,2026/05/18 11:27:22.635,1,NVIDIA A100-SXM-64GB,165.50,31922,100
5574,2026-05-18 11:27:22.593647,2026/05/18 11:27:22.638,2,NVIDIA A100-SXM-64GB,182.57,31912,100
5575,2026-05-18 11:27:22.593647,2026/05/18 11:27:22.642,3,NVIDIA A100-SXM-64GB,178.61,31846,100
5576,2026-05-18 11:27:27.675801,2026/05/18 11:27:27.715,0,NVIDIA A100-SXM-64GB,164.02,31904,100
5577,2026-05-18 11:27:27.675801,2026/05/18 11:27:27.717,1,NVIDIA A100-SXM-64GB,173.03,31922,100
5578,2026-05-18 11:27:27.675801,2026/05/18 11:27:27.720,2,NVIDIA A100-SXM-64GB,182.57,31912,100
5579,2026-05-18 11:27:27.675801,2026/05/18 11:27:27.724,3,NVIDIA A100-SXM-64GB,161.94,31846,100
5580,2026-05-18 11:27:32.756842,2026/05/18 11:27:32.796,0,NVIDIA A100-SXM-64GB,158.48,31904,98
5581,2026-05-18 11:27:32.756842,2026/05/18 11:27:32.798,1,NVIDIA A100-SXM-64GB,144.92,31922,98
5582,2026-05-18 11:27:32.756842,2026/05/18 11:27:32.801,2,NVIDIA A100-SXM-64GB,147.03,31912,98
5583,2026-05-18 11:27:32.756842,2026/05/18 11:27:32.805,3,NVIDIA A100-SXM-64GB,147.18,31846,98
5584,2026-05-18 11:27:37.836368,2026/05/18 11:27:37.876,0,NVIDIA A100-SXM-64GB,158.04,31904,97
5585,2026-05-18 11:27:37.836368,2026/05/18 11:27:37.879,1,NVIDIA A100-SXM-64GB,143.85,31922,99
5586,2026-05-18 11:27:37.836368,2026/05/18 11:27:37.881,2,NVIDIA A100-SXM-64GB,149.93,31912,100
5587,2026-05-18 11:27:37.836368,2026/05/18 11:27:37.885,3,NVIDIA A100-SXM-64GB,147.93,31846,99
5588,2026-05-18 11:27:42.915460,2026/05/18 11:27:42.955,0,NVIDIA A100-SXM-64GB,183.74,31904,100
5589,2026-05-18 11:27:42.915460,2026/05/18 11:27:42.957,1,NVIDIA A100-SXM-64GB,162.32,31922,100
5590,2026-05-18 11:27:42.915460,2026/05/18 11:27:42.961,2,NVIDIA A100-SXM-64GB,191.16,31912,100
5591,2026-05-18 11:27:42.915460,2026/05/18 11:27:42.966,3,NVIDIA A100-SXM-64GB,202.09,31846,100
5592,2026-05-18 11:27:47.997158,2026/05/18 11:27:48.036,0,NVIDIA A100-SXM-64GB,149.65,31904,98
5593,2026-05-18 11:27:47.997158,2026/05/18 11:27:48.038,1,NVIDIA A100-SXM-64GB,133.00,31922,100
5594,2026-05-18 11:27:47.997158,2026/05/18 11:27:48.044,2,NVIDIA A100-SXM-64GB,155.94,31912,100
5595,2026-05-18 11:27:47.997158,2026/05/18 11:27:48.049,3,NVIDIA A100-SXM-64GB,133.68,31846,98
5596,2026-05-18 11:27:53.079749,2026/05/18 11:27:53.119,0,NVIDIA A100-SXM-64GB,158.48,31904,100
5597,2026-05-18 11:27:53.079749,2026/05/18 11:27:53.121,1,NVIDIA A100-SXM-64GB,162.49,31922,100
5598,2026-05-18 11:27:53.079749,2026/05/18 11:27:53.127,2,NVIDIA A100-SXM-64GB,168.15,31912,100
5599,2026-05-18 11:27:53.079749,2026/05/18 11:27:53.131,3,NVIDIA A100-SXM-64GB,144.42,31846,100
5600,2026-05-18 11:27:58.162243,2026/05/18 11:27:58.201,0,NVIDIA A100-SXM-64GB,196.38,31904,100
5601,2026-05-18 11:27:58.162243,2026/05/18 11:27:58.203,1,NVIDIA A100-SXM-64GB,177.04,31922,100
5602,2026-05-18 11:27:58.162243,2026/05/18 11:27:58.208,2,NVIDIA A100-SXM-64GB,176.46,31912,100
5603,2026-05-18 11:27:58.162243,2026/05/18 11:27:58.212,3,NVIDIA A100-SXM-64GB,169.87,31846,100
5604,2026-05-18 11:28:03.245200,2026/05/18 11:28:03.284,0,NVIDIA A100-SXM-64GB,157.76,31904,100
5605,2026-05-18 11:28:03.245200,2026/05/18 11:28:03.286,1,NVIDIA A100-SXM-64GB,154.08,31922,100
5606,2026-05-18 11:28:03.245200,2026/05/18 11:28:03.289,2,NVIDIA A100-SXM-64GB,206.45,31912,100
5607,2026-05-18 11:28:03.245200,2026/05/18 11:28:03.291,3,NVIDIA A100-SXM-64GB,132.94,31846,100
5608,2026-05-18 11:28:08.323631,2026/05/18 11:28:08.363,0,NVIDIA A100-SXM-64GB,154.20,31904,98
5609,2026-05-18 11:28:08.323631,2026/05/18 11:28:08.366,1,NVIDIA A100-SXM-64GB,144.58,31922,98
5610,2026-05-18 11:28:08.323631,2026/05/18 11:28:08.370,2,NVIDIA A100-SXM-64GB,152.53,31912,98
5611,2026-05-18 11:28:08.323631,2026/05/18 11:28:08.373,3,NVIDIA A100-SXM-64GB,147.78,31846,98
5612,2026-05-18 11:28:13.403787,2026/05/18 11:28:13.443,0,NVIDIA A100-SXM-64GB,155.13,31904,99
5613,2026-05-18 11:28:13.403787,2026/05/18 11:28:13.445,1,NVIDIA A100-SXM-64GB,148.59,31922,100
5614,2026-05-18 11:28:13.403787,2026/05/18 11:28:13.451,2,NVIDIA A100-SXM-64GB,152.53,31912,97
5615,2026-05-18 11:28:13.403787,2026/05/18 11:28:13.453,3,NVIDIA A100-SXM-64GB,148.45,31846,100
5616,2026-05-18 11:28:18.484176,2026/05/18 11:28:18.523,0,NVIDIA A100-SXM-64GB,197.32,31904,100
5617,2026-05-18 11:28:18.484176,2026/05/18 11:28:18.525,1,NVIDIA A100-SXM-64GB,184.15,31922,100
5618,2026-05-18 11:28:18.484176,2026/05/18 11:28:18.531,2,NVIDIA A100-SXM-64GB,186.87,31912,100
5619,2026-05-18 11:28:18.484176,2026/05/18 11:28:18.533,3,NVIDIA A100-SXM-64GB,169.59,31846,100
5620,2026-05-18 11:28:23.563682,2026/05/18 11:28:23.603,0,NVIDIA A100-SXM-64GB,172.58,31904,100
5621,2026-05-18 11:28:23.563682,2026/05/18 11:28:23.605,1,NVIDIA A100-SXM-64GB,157.00,31922,100
5622,2026-05-18 11:28:23.563682,2026/05/18 11:28:23.608,2,NVIDIA A100-SXM-64GB,179.49,31912,100
5623,2026-05-18 11:28:23.563682,2026/05/18 11:28:23.610,3,NVIDIA A100-SXM-64GB,156.10,31846,100
5624,2026-05-18 11:28:28.641527,2026/05/18 11:28:28.682,0,NVIDIA A100-SXM-64GB,154.69,31904,98
5625,2026-05-18 11:28:28.641527,2026/05/18 11:28:28.684,1,NVIDIA A100-SXM-64GB,144.13,31922,98
5626,2026-05-18 11:28:28.641527,2026/05/18 11:28:28.687,2,NVIDIA A100-SXM-64GB,148.72,31912,98
5627,2026-05-18 11:28:28.641527,2026/05/18 11:28:28.690,3,NVIDIA A100-SXM-64GB,146.44,31846,98
5628,2026-05-18 11:28:33.723006,2026/05/18 11:28:33.762,0,NVIDIA A100-SXM-64GB,154.20,31904,100
5629,2026-05-18 11:28:33.723006,2026/05/18 11:28:33.764,1,NVIDIA A100-SXM-64GB,148.26,31922,98
5630,2026-05-18 11:28:33.723006,2026/05/18 11:28:33.767,2,NVIDIA A100-SXM-64GB,152.26,31912,100
5631,2026-05-18 11:28:33.723006,2026/05/18 11:28:33.771,3,NVIDIA A100-SXM-64GB,142.61,31846,98
5632,2026-05-18 11:28:38.803010,2026/05/18 11:28:38.842,0,NVIDIA A100-SXM-64GB,155.13,31904,100
5633,2026-05-18 11:28:38.803010,2026/05/18 11:28:38.845,1,NVIDIA A100-SXM-64GB,174.38,31922,100
5634,2026-05-18 11:28:38.803010,2026/05/18 11:28:38.847,2,NVIDIA A100-SXM-64GB,168.49,31912,100
5635,2026-05-18 11:28:38.803010,2026/05/18 11:28:38.851,3,NVIDIA A100-SXM-64GB,160.40,31846,100
5636,2026-05-18 11:28:43.884551,2026/05/18 11:28:43.924,0,NVIDIA A100-SXM-64GB,146.45,31904,100
5637,2026-05-18 11:28:43.884551,2026/05/18 11:28:43.927,1,NVIDIA A100-SXM-64GB,146.45,31922,98
5638,2026-05-18 11:28:43.884551,2026/05/18 11:28:43.929,2,NVIDIA A100-SXM-64GB,148.12,31912,98
5639,2026-05-18 11:28:43.884551,2026/05/18 11:28:43.932,3,NVIDIA A100-SXM-64GB,142.75,31846,98
5640,2026-05-18 11:28:48.965099,2026/05/18 11:28:49.004,0,NVIDIA A100-SXM-64GB,154.20,31904,98
5641,2026-05-18 11:28:48.965099,2026/05/18 11:28:49.006,1,NVIDIA A100-SXM-64GB,142.17,31922,97
5642,2026-05-18 11:28:48.965099,2026/05/18 11:28:49.009,2,NVIDIA A100-SXM-64GB,148.57,31912,97
5643,2026-05-18 11:28:48.965099,2026/05/18 11:28:49.013,3,NVIDIA A100-SXM-64GB,142.61,31846,97
5644,2026-05-18 11:28:54.044579,2026/05/18 11:28:54.084,0,NVIDIA A100-SXM-64GB,198.32,31904,100
5645,2026-05-18 11:28:54.044579,2026/05/18 11:28:54.086,1,NVIDIA A100-SXM-64GB,173.18,31922,100
5646,2026-05-18 11:28:54.044579,2026/05/18 11:28:54.089,2,NVIDIA A100-SXM-64GB,178.28,31912,100
5647,2026-05-18 11:28:54.044579,2026/05/18 11:28:54.093,3,NVIDIA A100-SXM-64GB,167.11,31846,100
5648,2026-05-18 11:28:59.124629,2026/05/18 11:28:59.164,0,NVIDIA A100-SXM-64GB,167.64,31904,100
5649,2026-05-18 11:28:59.124629,2026/05/18 11:28:59.166,1,NVIDIA A100-SXM-64GB,155.90,31922,100
5650,2026-05-18 11:28:59.124629,2026/05/18 11:28:59.169,2,NVIDIA A100-SXM-64GB,181.03,31912,100
5651,2026-05-18 11:28:59.124629,2026/05/18 11:28:59.174,3,NVIDIA A100-SXM-64GB,163.76,31846,100
5652,2026-05-18 11:29:04.206357,2026/05/18 11:29:04.246,0,NVIDIA A100-SXM-64GB,188.76,31904,100
5653,2026-05-18 11:29:04.206357,2026/05/18 11:29:04.251,1,NVIDIA A100-SXM-64GB,150.13,31922,100
5654,2026-05-18 11:29:04.206357,2026/05/18 11:29:04.254,2,NVIDIA A100-SXM-64GB,176.89,31912,100
5655,2026-05-18 11:29:04.206357,2026/05/18 11:29:04.258,3,NVIDIA A100-SXM-64GB,184.11,31846,100
5656,2026-05-18 11:29:09.289663,2026/05/18 11:29:09.329,0,NVIDIA A100-SXM-64GB,190.30,31904,100
5657,2026-05-18 11:29:09.289663,2026/05/18 11:29:09.333,1,NVIDIA A100-SXM-64GB,184.48,31922,100
5658,2026-05-18 11:29:09.289663,2026/05/18 11:29:09.335,2,NVIDIA A100-SXM-64GB,192.09,31912,100
5659,2026-05-18 11:29:09.289663,2026/05/18 11:29:09.340,3,NVIDIA A100-SXM-64GB,185.65,31846,100
5660,2026-05-18 11:29:14.371443,2026/05/18 11:29:14.422,0,NVIDIA A100-SXM-64GB,155.46,31904,100
5661,2026-05-18 11:29:14.371443,2026/05/18 11:29:14.425,1,NVIDIA A100-SXM-64GB,156.34,31922,100
5662,2026-05-18 11:29:14.371443,2026/05/18 11:29:14.428,2,NVIDIA A100-SXM-64GB,167.28,31912,100
5663,2026-05-18 11:29:14.371443,2026/05/18 11:29:14.430,3,NVIDIA A100-SXM-64GB,166.51,31846,100
5664,2026-05-18 11:29:19.462075,2026/05/18 11:29:19.501,0,NVIDIA A100-SXM-64GB,176.38,31904,100
5665,2026-05-18 11:29:19.462075,2026/05/18 11:29:19.504,1,NVIDIA A100-SXM-64GB,177.65,31922,100
5666,2026-05-18 11:29:19.462075,2026/05/18 11:29:19.507,2,NVIDIA A100-SXM-64GB,191.77,31912,100
5667,2026-05-18 11:29:19.462075,2026/05/18 11:29:19.509,3,NVIDIA A100-SXM-64GB,175.71,31846,100
5668,2026-05-18 11:29:24.540381,2026/05/18 11:29:24.592,0,NVIDIA A100-SXM-64GB,170.43,31904,100
5669,2026-05-18 11:29:24.540381,2026/05/18 11:29:24.595,1,NVIDIA A100-SXM-64GB,156.50,31922,100
5670,2026-05-18 11:29:24.540381,2026/05/18 11:29:24.597,2,NVIDIA A100-SXM-64GB,182.90,31912,100
5671,2026-05-18 11:29:24.540381,2026/05/18 11:29:24.600,3,NVIDIA A100-SXM-64GB,148.72,31846,100
5672,2026-05-18 11:29:29.631404,2026/05/18 11:29:29.671,0,NVIDIA A100-SXM-64GB,153.92,31904,100
5673,2026-05-18 11:29:29.631404,2026/05/18 11:29:29.675,1,NVIDIA A100-SXM-64GB,140.30,31922,100
5674,2026-05-18 11:29:29.631404,2026/05/18 11:29:29.677,2,NVIDIA A100-SXM-64GB,187.47,31912,98
5675,2026-05-18 11:29:29.631404,2026/05/18 11:29:29.680,3,NVIDIA A100-SXM-64GB,183.97,31846,100
5676,2026-05-18 11:29:34.712042,2026/05/18 11:29:34.751,0,NVIDIA A100-SXM-64GB,186.02,31904,100
5677,2026-05-18 11:29:34.712042,2026/05/18 11:29:34.757,1,NVIDIA A100-SXM-64GB,176.85,31922,100
5678,2026-05-18 11:29:34.712042,2026/05/18 11:29:34.760,2,NVIDIA A100-SXM-64GB,173.99,31912,100
5679,2026-05-18 11:29:34.712042,2026/05/18 11:29:34.762,3,NVIDIA A100-SXM-64GB,172.02,31846,100
5680,2026-05-18 11:29:39.793624,2026/05/18 11:29:39.833,0,NVIDIA A100-SXM-64GB,158.20,31904,100
5681,2026-05-18 11:29:39.793624,2026/05/18 11:29:39.838,1,NVIDIA A100-SXM-64GB,144.31,31922,99
5682,2026-05-18 11:29:39.793624,2026/05/18 11:29:39.841,2,NVIDIA A100-SXM-64GB,153.79,31912,98
5683,2026-05-18 11:29:39.793624,2026/05/18 11:29:39.847,3,NVIDIA A100-SXM-64GB,147.51,31846,100
5684,2026-05-18 11:29:44.879754,2026/05/18 11:29:44.919,0,NVIDIA A100-SXM-64GB,156.34,31904,98
5685,2026-05-18 11:29:44.879754,2026/05/18 11:29:44.921,1,NVIDIA A100-SXM-64GB,146.12,31922,98
5686,2026-05-18 11:29:44.879754,2026/05/18 11:29:44.924,2,NVIDIA A100-SXM-64GB,153.19,31912,98
5687,2026-05-18 11:29:44.879754,2026/05/18 11:29:44.928,3,NVIDIA A100-SXM-64GB,146.90,31846,100
5688,2026-05-18 11:29:49.959531,2026/05/18 11:29:49.999,0,NVIDIA A100-SXM-64GB,179.87,31904,100
5689,2026-05-18 11:29:49.959531,2026/05/18 11:29:50.003,1,NVIDIA A100-SXM-64GB,153.60,31922,100
5690,2026-05-18 11:29:49.959531,2026/05/18 11:29:50.005,2,NVIDIA A100-SXM-64GB,173.11,31912,100
5691,2026-05-18 11:29:49.959531,2026/05/18 11:29:50.008,3,NVIDIA A100-SXM-64GB,158.25,31846,100
5692,2026-05-18 11:29:55.039701,2026/05/18 11:29:55.079,0,NVIDIA A100-SXM-64GB,181.74,31904,100
5693,2026-05-18 11:29:55.039701,2026/05/18 11:29:55.084,1,NVIDIA A100-SXM-64GB,136.68,31922,100
5694,2026-05-18 11:29:55.039701,2026/05/18 11:29:55.088,2,NVIDIA A100-SXM-64GB,191.57,31912,98
5695,2026-05-18 11:29:55.039701,2026/05/18 11:29:55.090,3,NVIDIA A100-SXM-64GB,207.12,31846,100
5696,2026-05-18 11:30:00.121814,2026/05/18 11:30:00.174,0,NVIDIA A100-SXM-64GB,150.41,31904,100
5697,2026-05-18 11:30:00.121814,2026/05/18 11:30:00.176,1,NVIDIA A100-SXM-64GB,134.53,31922,98
5698,2026-05-18 11:30:00.121814,2026/05/18 11:30:00.179,2,NVIDIA A100-SXM-64GB,152.86,31912,97
5699,2026-05-18 11:30:00.121814,2026/05/18 11:30:00.181,3,NVIDIA A100-SXM-64GB,189.21,31846,100
5700,2026-05-18 11:30:05.212645,2026/05/18 11:30:05.252,0,NVIDIA A100-SXM-64GB,176.85,31904,100
5701,2026-05-18 11:30:05.212645,2026/05/18 11:30:05.254,1,NVIDIA A100-SXM-64GB,176.53,31922,100
5702,2026-05-18 11:30:05.212645,2026/05/18 11:30:05.260,2,NVIDIA A100-SXM-64GB,185.93,31912,100
5703,2026-05-18 11:30:05.212645,2026/05/18 11:30:05.263,3,NVIDIA A100-SXM-64GB,165.91,31846,100
5704,2026-05-18 11:30:10.294102,2026/05/18 11:30:10.333,0,NVIDIA A100-SXM-64GB,169.17,31904,100
5705,2026-05-18 11:30:10.294102,2026/05/18 11:30:10.335,1,NVIDIA A100-SXM-64GB,174.56,31922,100
5706,2026-05-18 11:30:10.294102,2026/05/18 11:30:10.338,2,NVIDIA A100-SXM-64GB,178.88,31912,100
5707,2026-05-18 11:30:10.294102,2026/05/18 11:30:10.340,3,NVIDIA A100-SXM-64GB,161.94,31846,100
5708,2026-05-18 11:30:15.371787,2026/05/18 11:30:15.411,0,NVIDIA A100-SXM-64GB,151.46,31904,100
5709,2026-05-18 11:30:15.371787,2026/05/18 11:30:15.417,1,NVIDIA A100-SXM-64GB,139.70,31922,98
5710,2026-05-18 11:30:15.371787,2026/05/18 11:30:15.419,2,NVIDIA A100-SXM-64GB,147.03,31912,100
5711,2026-05-18 11:30:15.371787,2026/05/18 11:30:15.422,3,NVIDIA A100-SXM-64GB,145.03,31846,98
5712,2026-05-18 11:30:20.452641,2026/05/18 11:30:20.492,0,NVIDIA A100-SXM-64GB,156.23,31904,98
5713,2026-05-18 11:30:20.452641,2026/05/18 11:30:20.494,1,NVIDIA A100-SXM-64GB,146.73,31922,98
5714,2026-05-18 11:30:20.452641,2026/05/18 11:30:20.497,2,NVIDIA A100-SXM-64GB,148.12,31912,98
5715,2026-05-18 11:30:20.452641,2026/05/18 11:30:20.499,3,NVIDIA A100-SXM-64GB,143.03,31846,98
5716,2026-05-18 11:30:25.530411,2026/05/18 11:30:25.569,0,NVIDIA A100-SXM-64GB,155.74,31904,100
5717,2026-05-18 11:30:25.530411,2026/05/18 11:30:25.571,1,NVIDIA A100-SXM-64GB,180.21,31922,100
5718,2026-05-18 11:30:25.530411,2026/05/18 11:30:25.574,2,NVIDIA A100-SXM-64GB,172.78,31912,100
5719,2026-05-18 11:30:25.530411,2026/05/18 11:30:25.577,3,NVIDIA A100-SXM-64GB,161.28,31846,100
5720,2026-05-18 11:30:30.610212,2026/05/18 11:30:30.649,0,NVIDIA A100-SXM-64GB,176.53,31904,100
5721,2026-05-18 11:30:30.610212,2026/05/18 11:30:30.651,1,NVIDIA A100-SXM-64GB,171.32,31922,100
5722,2026-05-18 11:30:30.610212,2026/05/18 11:30:30.654,2,NVIDIA A100-SXM-64GB,176.28,31912,100
5723,2026-05-18 11:30:30.610212,2026/05/18 11:30:30.660,3,NVIDIA A100-SXM-64GB,186.87,31846,100
5724,2026-05-18 11:30:35.691050,2026/05/18 11:30:35.730,0,NVIDIA A100-SXM-64GB,168.90,31904,100
5725,2026-05-18 11:30:35.691050,2026/05/18 11:30:35.732,1,NVIDIA A100-SXM-64GB,156.83,31922,100
5726,2026-05-18 11:30:35.691050,2026/05/18 11:30:35.735,2,NVIDIA A100-SXM-64GB,165.40,31912,100
5727,2026-05-18 11:30:35.691050,2026/05/18 11:30:35.740,3,NVIDIA A100-SXM-64GB,172.62,31846,100
5728,2026-05-18 11:30:40.771574,2026/05/18 11:30:40.811,0,NVIDIA A100-SXM-64GB,153.15,31904,98
5729,2026-05-18 11:30:40.771574,2026/05/18 11:30:40.813,1,NVIDIA A100-SXM-64GB,143.85,31922,100
5730,2026-05-18 11:30:40.771574,2026/05/18 11:30:40.816,2,NVIDIA A100-SXM-64GB,150.87,31912,98
5731,2026-05-18 11:30:40.771574,2026/05/18 11:30:40.819,3,NVIDIA A100-SXM-64GB,144.57,31846,98
5732,2026-05-18 11:30:45.850376,2026/05/18 11:30:45.890,0,NVIDIA A100-SXM-64GB,153.32,31904,99
5733,2026-05-18 11:30:45.850376,2026/05/18 11:30:45.892,1,NVIDIA A100-SXM-64GB,146.45,31922,100
5734,2026-05-18 11:30:45.850376,2026/05/18 11:30:45.895,2,NVIDIA A100-SXM-64GB,147.63,31912,100
5735,2026-05-18 11:30:45.850376,2026/05/18 11:30:45.901,3,NVIDIA A100-SXM-64GB,144.42,31846,99
5736,2026-05-18 11:30:50.934404,2026/05/18 11:30:50.974,0,NVIDIA A100-SXM-64GB,144.43,31904,100
5737,2026-05-18 11:30:50.934404,2026/05/18 11:30:50.976,1,NVIDIA A100-SXM-64GB,210.10,31922,100
5738,2026-05-18 11:30:50.934404,2026/05/18 11:30:50.979,2,NVIDIA A100-SXM-64GB,138.17,31912,100
5739,2026-05-18 11:30:50.934404,2026/05/18 11:30:50.982,3,NVIDIA A100-SXM-64GB,133.08,31846,100
5740,2026-05-18 11:30:56.013735,2026/05/18 11:30:56.053,0,NVIDIA A100-SXM-64GB,157.27,31904,98
5741,2026-05-18 11:30:56.013735,2026/05/18 11:30:56.055,1,NVIDIA A100-SXM-64GB,130.25,31922,100
5742,2026-05-18 11:30:56.013735,2026/05/18 11:30:56.058,2,NVIDIA A100-SXM-64GB,152.53,31912,98
5743,2026-05-18 11:30:56.013735,2026/05/18 11:30:56.061,3,NVIDIA A100-SXM-64GB,143.97,31846,98
5744,2026-05-18 11:31:01.092430,2026/05/18 11:31:01.132,0,NVIDIA A100-SXM-64GB,185.69,31904,100
5745,2026-05-18 11:31:01.092430,2026/05/18 11:31:01.134,1,NVIDIA A100-SXM-64GB,176.85,31922,100
5746,2026-05-18 11:31:01.092430,2026/05/18 11:31:01.137,2,NVIDIA A100-SXM-64GB,168.82,31912,100
5747,2026-05-18 11:31:01.092430,2026/05/18 11:31:01.139,3,NVIDIA A100-SXM-64GB,147.78,31846,100
5748,2026-05-18 11:31:06.172883,2026/05/18 11:31:06.212,0,NVIDIA A100-SXM-64GB,183.41,31904,100
5749,2026-05-18 11:31:06.172883,2026/05/18 11:31:06.214,1,NVIDIA A100-SXM-64GB,173.03,31922,100
5750,2026-05-18 11:31:06.172883,2026/05/18 11:31:06.217,2,NVIDIA A100-SXM-64GB,170.81,31912,100
5751,2026-05-18 11:31:06.172883,2026/05/18 11:31:06.219,3,NVIDIA A100-SXM-64GB,170.65,31846,100
5752,2026-05-18 11:31:11.252483,2026/05/18 11:31:11.292,0,NVIDIA A100-SXM-64GB,188.15,31904,100
5753,2026-05-18 11:31:11.252483,2026/05/18 11:31:11.294,1,NVIDIA A100-SXM-64GB,162.15,31922,100
5754,2026-05-18 11:31:11.252483,2026/05/18 11:31:11.297,2,NVIDIA A100-SXM-64GB,163.59,31912,100
5755,2026-05-18 11:31:11.252483,2026/05/18 11:31:11.302,3,NVIDIA A100-SXM-64GB,152.41,31846,100
5756,2026-05-18 11:31:16.334538,2026/05/18 11:31:16.374,0,NVIDIA A100-SXM-64GB,150.25,31904,100
5757,2026-05-18 11:31:16.334538,2026/05/18 11:31:16.376,1,NVIDIA A100-SXM-64GB,146.45,31922,98
5758,2026-05-18 11:31:16.334538,2026/05/18 11:31:16.379,2,NVIDIA A100-SXM-64GB,147.96,31912,98
5759,2026-05-18 11:31:16.334538,2026/05/18 11:31:16.385,3,NVIDIA A100-SXM-64GB,143.82,31846,99
5760,2026-05-18 11:31:21.416280,2026/05/18 11:31:21.456,0,NVIDIA A100-SXM-64GB,153.92,31904,100
5761,2026-05-18 11:31:21.416280,2026/05/18 11:31:21.461,1,NVIDIA A100-SXM-64GB,147.66,31922,97
5762,2026-05-18 11:31:21.416280,2026/05/18 11:31:21.465,2,NVIDIA A100-SXM-64GB,147.35,31912,97
5763,2026-05-18 11:31:21.416280,2026/05/18 11:31:21.467,3,NVIDIA A100-SXM-64GB,142.27,31846,100
5764,2026-05-18 11:31:26.498954,2026/05/18 11:31:26.538,0,NVIDIA A100-SXM-64GB,174.99,31904,100
5765,2026-05-18 11:31:26.498954,2026/05/18 11:31:26.544,1,NVIDIA A100-SXM-64GB,165.67,31922,100
5766,2026-05-18 11:31:26.498954,2026/05/18 11:31:26.546,2,NVIDIA A100-SXM-64GB,194.24,31912,100
5767,2026-05-18 11:31:26.498954,2026/05/18 11:31:26.550,3,NVIDIA A100-SXM-64GB,176.04,31846,100
5768,2026-05-18 11:31:31.581660,2026/05/18 11:31:31.621,0,NVIDIA A100-SXM-64GB,153.00,31904,100
5769,2026-05-18 11:31:31.581660,2026/05/18 11:31:31.626,1,NVIDIA A100-SXM-64GB,158.81,31922,100
5770,2026-05-18 11:31:31.581660,2026/05/18 11:31:31.628,2,NVIDIA A100-SXM-64GB,148.29,31912,98
5771,2026-05-18 11:31:31.581660,2026/05/18 11:31:31.631,3,NVIDIA A100-SXM-64GB,145.96,31846,100
5772,2026-05-18 11:31:36.663290,2026/05/18 11:31:36.714,0,NVIDIA A100-SXM-64GB,174.06,31904,100
5773,2026-05-18 11:31:36.663290,2026/05/18 11:31:36.717,1,NVIDIA A100-SXM-64GB,171.22,31922,100
5774,2026-05-18 11:31:36.663290,2026/05/18 11:31:36.720,2,NVIDIA A100-SXM-64GB,179.21,31912,100
5775,2026-05-18 11:31:36.663290,2026/05/18 11:31:36.722,3,NVIDIA A100-SXM-64GB,148.12,31846,100
5776,2026-05-18 11:31:41.754090,2026/05/18 11:31:41.793,0,NVIDIA A100-SXM-64GB,187.50,31904,100
5777,2026-05-18 11:31:41.754090,2026/05/18 11:31:41.795,1,NVIDIA A100-SXM-64GB,147.18,31922,100
5778,2026-05-18 11:31:41.754090,2026/05/18 11:31:41.798,2,NVIDIA A100-SXM-64GB,182.39,31912,100
5779,2026-05-18 11:31:41.754090,2026/05/18 11:31:41.800,3,NVIDIA A100-SXM-64GB,177.67,31846,100
5780,2026-05-18 11:31:46.831974,2026/05/18 11:31:46.871,0,NVIDIA A100-SXM-64GB,168.30,31904,100
5781,2026-05-18 11:31:46.831974,2026/05/18 11:31:46.873,1,NVIDIA A100-SXM-64GB,167.36,31922,100
5782,2026-05-18 11:31:46.831974,2026/05/18 11:31:46.876,2,NVIDIA A100-SXM-64GB,173.11,31912,100
5783,2026-05-18 11:31:46.831974,2026/05/18 11:31:46.878,3,NVIDIA A100-SXM-64GB,175.44,31846,100
5784,2026-05-18 11:31:51.910273,2026/05/18 11:31:51.950,0,NVIDIA A100-SXM-64GB,152.06,31904,98
5785,2026-05-18 11:31:51.910273,2026/05/18 11:31:51.952,1,NVIDIA A100-SXM-64GB,140.03,31922,98
5786,2026-05-18 11:31:51.910273,2026/05/18 11:31:51.955,2,NVIDIA A100-SXM-64GB,152.86,31912,98
5787,2026-05-18 11:31:51.910273,2026/05/18 11:31:51.957,3,NVIDIA A100-SXM-64GB,146.90,31846,98
5788,2026-05-18 11:31:56.989919,2026/05/18 11:31:57.029,0,NVIDIA A100-SXM-64GB,159.41,31904,97
5789,2026-05-18 11:31:56.989919,2026/05/18 11:31:57.031,1,NVIDIA A100-SXM-64GB,140.30,31922,97
5790,2026-05-18 11:31:56.989919,2026/05/18 11:31:57.034,2,NVIDIA A100-SXM-64GB,154.68,31912,98
5791,2026-05-18 11:31:56.989919,2026/05/18 11:31:57.036,3,NVIDIA A100-SXM-64GB,149.05,31846,97
5792,2026-05-18 11:32:02.070195,2026/05/18 11:32:02.109,0,NVIDIA A100-SXM-64GB,179.27,31904,100
5793,2026-05-18 11:32:02.070195,2026/05/18 11:32:02.112,1,NVIDIA A100-SXM-64GB,175.59,31922,100
5794,2026-05-18 11:32:02.070195,2026/05/18 11:32:02.115,2,NVIDIA A100-SXM-64GB,182.99,31912,100
5795,2026-05-18 11:32:02.070195,2026/05/18 11:32:02.117,3,NVIDIA A100-SXM-64GB,176.74,31846,100
5796,2026-05-18 11:32:07.150978,2026/05/18 11:32:07.190,0,NVIDIA A100-SXM-64GB,170.43,31904,100
5797,2026-05-18 11:32:07.150978,2026/05/18 11:32:07.195,1,NVIDIA A100-SXM-64GB,155.46,31922,86
5798,2026-05-18 11:32:07.150978,2026/05/18 11:32:07.198,2,NVIDIA A100-SXM-64GB,184.25,31912,100
5799,2026-05-18 11:32:07.150978,2026/05/18 11:32:07.200,3,NVIDIA A100-SXM-64GB,168.33,31846,100
5800,2026-05-18 11:32:12.232193,2026/05/18 11:32:12.271,0,NVIDIA A100-SXM-64GB,154.08,31904,98
5801,2026-05-18 11:32:12.232193,2026/05/18 11:32:12.275,1,NVIDIA A100-SXM-64GB,144.92,31922,100
5802,2026-05-18 11:32:12.232193,2026/05/18 11:32:12.277,2,NVIDIA A100-SXM-64GB,149.78,31912,99
5803,2026-05-18 11:32:12.232193,2026/05/18 11:32:12.279,3,NVIDIA A100-SXM-64GB,141.07,31846,98
5804,2026-05-18 11:32:17.310979,2026/05/18 11:32:17.350,0,NVIDIA A100-SXM-64GB,157.00,31904,98
5805,2026-05-18 11:32:17.310979,2026/05/18 11:32:17.355,1,NVIDIA A100-SXM-64GB,147.84,31922,100
5806,2026-05-18 11:32:17.310979,2026/05/18 11:32:17.357,2,NVIDIA A100-SXM-64GB,147.96,31912,100
5807,2026-05-18 11:32:17.310979,2026/05/18 11:32:17.360,3,NVIDIA A100-SXM-64GB,145.36,31846,98
5808,2026-05-18 11:32:22.391711,2026/05/18 11:32:22.431,0,NVIDIA A100-SXM-64GB,163.25,31904,100
5809,2026-05-18 11:32:22.391711,2026/05/18 11:32:22.433,1,NVIDIA A100-SXM-64GB,153.64,31922,100
5810,2026-05-18 11:32:22.391711,2026/05/18 11:32:22.439,2,NVIDIA A100-SXM-64GB,175.86,31912,100
5811,2026-05-18 11:32:22.391711,2026/05/18 11:32:22.442,3,NVIDIA A100-SXM-64GB,155.93,31846,100
5812,2026-05-18 11:32:27.473633,2026/05/18 11:32:27.513,0,NVIDIA A100-SXM-64GB,209.01,31904,100
5813,2026-05-18 11:32:27.473633,2026/05/18 11:32:27.515,1,NVIDIA A100-SXM-64GB,131.46,31922,100
5814,2026-05-18 11:32:27.473633,2026/05/18 11:32:27.521,2,NVIDIA A100-SXM-64GB,152.53,31912,100
5815,2026-05-18 11:32:27.473633,2026/05/18 11:32:27.523,3,NVIDIA A100-SXM-64GB,143.82,31846,100
5816,2026-05-18 11:32:32.555454,2026/05/18 11:32:32.595,0,NVIDIA A100-SXM-64GB,156.67,31904,97
5817,2026-05-18 11:32:32.555454,2026/05/18 11:32:32.597,1,NVIDIA A100-SXM-64GB,140.63,31922,98
5818,2026-05-18 11:32:32.555454,2026/05/18 11:32:32.600,2,NVIDIA A100-SXM-64GB,153.79,31912,98
5819,2026-05-18 11:32:32.555454,2026/05/18 11:32:32.602,3,NVIDIA A100-SXM-64GB,145.36,31846,97
5820,2026-05-18 11:32:37.634103,2026/05/18 11:32:37.673,0,NVIDIA A100-SXM-64GB,178.06,31904,100
5821,2026-05-18 11:32:37.634103,2026/05/18 11:32:37.675,1,NVIDIA A100-SXM-64GB,173.46,31922,100
5822,2026-05-18 11:32:37.634103,2026/05/18 11:32:37.680,2,NVIDIA A100-SXM-64GB,194.32,31912,100
5823,2026-05-18 11:32:37.634103,2026/05/18 11:32:37.682,3,NVIDIA A100-SXM-64GB,185.32,31846,100
5824,2026-05-18 11:32:42.714226,2026/05/18 11:32:42.753,0,NVIDIA A100-SXM-64GB,186.89,31904,100
5825,2026-05-18 11:32:42.714226,2026/05/18 11:32:42.756,1,NVIDIA A100-SXM-64GB,161.55,31922,100
5826,2026-05-18 11:32:42.714226,2026/05/18 11:32:42.759,2,NVIDIA A100-SXM-64GB,181.78,31912,100
5827,2026-05-18 11:32:42.714226,2026/05/18 11:32:42.761,3,NVIDIA A100-SXM-64GB,165.57,31846,100
5828,2026-05-18 11:32:47.793736,2026/05/18 11:32:47.833,0,NVIDIA A100-SXM-64GB,199.73,31904,100
5829,2026-05-18 11:32:47.793736,2026/05/18 11:32:47.835,1,NVIDIA A100-SXM-64GB,162.65,31922,100
5830,2026-05-18 11:32:47.793736,2026/05/18 11:32:47.839,2,NVIDIA A100-SXM-64GB,145.64,31912,100
5831,2026-05-18 11:32:47.793736,2026/05/18 11:32:47.842,3,NVIDIA A100-SXM-64GB,143.63,31846,100
5832,2026-05-18 11:32:52.873627,2026/05/18 11:32:52.913,0,NVIDIA A100-SXM-64GB,151.46,31904,98
5833,2026-05-18 11:32:52.873627,2026/05/18 11:32:52.915,1,NVIDIA A100-SXM-64GB,143.98,31922,98
5834,2026-05-18 11:32:52.873627,2026/05/18 11:32:52.918,2,NVIDIA A100-SXM-64GB,145.82,31912,98
5835,2026-05-18 11:32:52.873627,2026/05/18 11:32:52.920,3,NVIDIA A100-SXM-64GB,147.18,31846,100
5836,2026-05-18 11:32:57.952480,2026/05/18 11:32:57.992,0,NVIDIA A100-SXM-64GB,187.83,31904,100
5837,2026-05-18 11:32:57.952480,2026/05/18 11:32:57.994,1,NVIDIA A100-SXM-64GB,160.51,31922,100
5838,2026-05-18 11:32:57.952480,2026/05/18 11:32:57.997,2,NVIDIA A100-SXM-64GB,159.63,31912,100
5839,2026-05-18 11:32:57.952480,2026/05/18 11:32:57.999,3,NVIDIA A100-SXM-64GB,170.20,31846,100
5840,2026-05-18 11:33:03.031089,2026/05/18 11:33:03.070,0,NVIDIA A100-SXM-64GB,193.92,31904,100
5841,2026-05-18 11:33:03.031089,2026/05/18 11:33:03.072,1,NVIDIA A100-SXM-64GB,166.00,31922,100
5842,2026-05-18 11:33:03.031089,2026/05/18 11:33:03.075,2,NVIDIA A100-SXM-64GB,180.43,31912,93
5843,2026-05-18 11:33:03.031089,2026/05/18 11:33:03.077,3,NVIDIA A100-SXM-64GB,177.58,31846,100
5844,2026-05-18 11:33:08.112183,2026/05/18 11:33:08.151,0,NVIDIA A100-SXM-64GB,178.34,31904,100
5845,2026-05-18 11:33:08.112183,2026/05/18 11:33:08.153,1,NVIDIA A100-SXM-64GB,166.00,31922,100
5846,2026-05-18 11:33:08.112183,2026/05/18 11:33:08.156,2,NVIDIA A100-SXM-64GB,166.67,31912,100
5847,2026-05-18 11:33:08.112183,2026/05/18 11:33:08.162,3,NVIDIA A100-SXM-64GB,175.44,31846,100
5848,2026-05-18 11:33:13.193897,2026/05/18 11:33:13.233,0,NVIDIA A100-SXM-64GB,158.36,31904,98
5849,2026-05-18 11:33:13.193897,2026/05/18 11:33:13.235,1,NVIDIA A100-SXM-64GB,143.98,31922,98
5850,2026-05-18 11:33:13.193897,2026/05/18 11:33:13.238,2,NVIDIA A100-SXM-64GB,152.86,31912,100
5851,2026-05-18 11:33:13.193897,2026/05/18 11:33:13.242,3,NVIDIA A100-SXM-64GB,148.72,31846,98
5852,2026-05-18 11:33:18.274399,2026/05/18 11:33:18.314,0,NVIDIA A100-SXM-64GB,157.60,31904,99
5853,2026-05-18 11:33:18.274399,2026/05/18 11:33:18.316,1,NVIDIA A100-SXM-64GB,144.31,31922,100
5854,2026-05-18 11:33:18.274399,2026/05/18 11:33:18.319,2,NVIDIA A100-SXM-64GB,187.80,31912,100
5855,2026-05-18 11:33:18.274399,2026/05/18 11:33:18.321,3,NVIDIA A100-SXM-64GB,148.12,31846,100
5856,2026-05-18 11:33:23.353521,2026/05/18 11:33:23.393,0,NVIDIA A100-SXM-64GB,150.85,31904,98
5857,2026-05-18 11:33:23.353521,2026/05/18 11:33:23.395,1,NVIDIA A100-SXM-64GB,203.40,31922,100
5858,2026-05-18 11:33:23.353521,2026/05/18 11:33:23.398,2,NVIDIA A100-SXM-64GB,144.00,31912,100
5859,2026-05-18 11:33:23.353521,2026/05/18 11:33:23.402,3,NVIDIA A100-SXM-64GB,162.82,31846,98
5860,2026-05-18 11:33:28.434775,2026/05/18 11:33:28.474,0,NVIDIA A100-SXM-64GB,154.53,31904,98
5861,2026-05-18 11:33:28.434775,2026/05/18 11:33:28.476,1,NVIDIA A100-SXM-64GB,144.77,31922,98
5862,2026-05-18 11:33:28.434775,2026/05/18 11:33:28.479,2,NVIDIA A100-SXM-64GB,150.72,31912,100
5863,2026-05-18 11:33:28.434775,2026/05/18 11:33:28.483,3,NVIDIA A100-SXM-64GB,144.75,31846,98
5864,2026-05-18 11:33:33.514360,2026/05/18 11:33:33.554,0,NVIDIA A100-SXM-64GB,167.36,31904,100
5865,2026-05-18 11:33:33.514360,2026/05/18 11:33:33.558,1,NVIDIA A100-SXM-64GB,175.17,31922,100
5866,2026-05-18 11:33:33.514360,2026/05/18 11:33:33.561,2,NVIDIA A100-SXM-64GB,159.63,31912,100
5867,2026-05-18 11:33:33.514360,2026/05/18 11:33:33.565,3,NVIDIA A100-SXM-64GB,153.95,31846,100
5868,2026-05-18 11:33:38.597495,2026/05/18 11:33:38.637,0,NVIDIA A100-SXM-64GB,185.08,31904,100
5869,2026-05-18 11:33:38.597495,2026/05/18 11:33:38.639,1,NVIDIA A100-SXM-64GB,169.35,31922,100
5870,2026-05-18 11:33:38.597495,2026/05/18 11:33:38.642,2,NVIDIA A100-SXM-64GB,184.44,31912,100
5871,2026-05-18 11:33:38.597495,2026/05/18 11:33:38.645,3,NVIDIA A100-SXM-64GB,175.71,31846,100
5872,2026-05-18 11:33:43.676628,2026/05/18 11:33:43.728,0,NVIDIA A100-SXM-64GB,165.50,31904,100
5873,2026-05-18 11:33:43.676628,2026/05/18 11:33:43.730,1,NVIDIA A100-SXM-64GB,128.72,31922,100
5874,2026-05-18 11:33:43.676628,2026/05/18 11:33:43.733,2,NVIDIA A100-SXM-64GB,219.11,31912,100
5875,2026-05-18 11:33:43.676628,2026/05/18 11:33:43.735,3,NVIDIA A100-SXM-64GB,133.41,31846,98
5876,2026-05-18 11:33:48.768907,2026/05/18 11:33:48.808,0,NVIDIA A100-SXM-64GB,182.01,31904,100
5877,2026-05-18 11:33:48.768907,2026/05/18 11:33:48.810,1,NVIDIA A100-SXM-64GB,181.74,31922,100
5878,2026-05-18 11:33:48.768907,2026/05/18 11:33:48.813,2,NVIDIA A100-SXM-64GB,187.88,31912,100
5879,2026-05-18 11:33:48.768907,2026/05/18 11:33:48.815,3,NVIDIA A100-SXM-64GB,177.07,31846,100
5880,2026-05-18 11:33:53.849725,2026/05/18 11:33:53.889,0,NVIDIA A100-SXM-64GB,179.27,31904,100
5881,2026-05-18 11:33:53.849725,2026/05/18 11:33:53.891,1,NVIDIA A100-SXM-64GB,168.57,31922,100
5882,2026-05-18 11:33:53.849725,2026/05/18 11:33:53.895,2,NVIDIA A100-SXM-64GB,178.61,31912,100
5883,2026-05-18 11:33:53.849725,2026/05/18 11:33:53.897,3,NVIDIA A100-SXM-64GB,156.98,31846,100
5884,2026-05-18 11:33:58.929801,2026/05/18 11:33:58.969,0,NVIDIA A100-SXM-64GB,196.38,31904,100
5885,2026-05-18 11:33:58.929801,2026/05/18 11:33:58.971,1,NVIDIA A100-SXM-64GB,167.54,31922,100
5886,2026-05-18 11:33:58.929801,2026/05/18 11:33:58.974,2,NVIDIA A100-SXM-64GB,172.17,31912,100
5887,2026-05-18 11:33:58.929801,2026/05/18 11:33:58.976,3,NVIDIA A100-SXM-64GB,166.84,31846,100
5888,2026-05-18 11:34:04.010412,2026/05/18 11:34:04.050,0,NVIDIA A100-SXM-64GB,174.38,31904,100
5889,2026-05-18 11:34:04.010412,2026/05/18 11:34:04.052,1,NVIDIA A100-SXM-64GB,157.00,31922,100
5890,2026-05-18 11:34:04.010412,2026/05/18 11:34:04.055,2,NVIDIA A100-SXM-64GB,178.10,31912,100
5891,2026-05-18 11:34:04.010412,2026/05/18 11:34:04.058,3,NVIDIA A100-SXM-64GB,163.43,31846,100
5892,2026-05-18 11:34:09.092159,2026/05/18 11:34:09.132,0,NVIDIA A100-SXM-64GB,154.53,31904,98
5893,2026-05-18 11:34:09.092159,2026/05/18 11:34:09.135,1,NVIDIA A100-SXM-64GB,150.58,31922,98
5894,2026-05-18 11:34:09.092159,2026/05/18 11:34:09.137,2,NVIDIA A100-SXM-64GB,148.57,31912,98
5895,2026-05-18 11:34:09.092159,2026/05/18 11:34:09.140,3,NVIDIA A100-SXM-64GB,144.60,31846,100
5896,2026-05-18 11:34:14.174973,2026/05/18 11:34:14.214,0,NVIDIA A100-SXM-64GB,173.28,31904,100
5897,2026-05-18 11:34:14.174973,2026/05/18 11:34:14.216,1,NVIDIA A100-SXM-64GB,141.84,31922,100
5898,2026-05-18 11:34:14.174973,2026/05/18 11:34:14.219,2,NVIDIA A100-SXM-64GB,202.89,31912,100
5899,2026-05-18 11:34:14.174973,2026/05/18 11:34:14.221,3,NVIDIA A100-SXM-64GB,173.29,31846,100
5900,2026-05-18 11:34:19.253218,2026/05/18 11:34:19.292,0,NVIDIA A100-SXM-64GB,162.15,31904,100
5901,2026-05-18 11:34:19.253218,2026/05/18 11:34:19.294,1,NVIDIA A100-SXM-64GB,175.92,31922,100
5902,2026-05-18 11:34:19.253218,2026/05/18 11:34:19.297,2,NVIDIA A100-SXM-64GB,177.83,31912,100
5903,2026-05-18 11:34:19.253218,2026/05/18 11:34:19.300,3,NVIDIA A100-SXM-64GB,177.07,31846,100
5904,2026-05-18 11:34:24.335247,2026/05/18 11:34:24.374,0,NVIDIA A100-SXM-64GB,156.23,31904,98
5905,2026-05-18 11:34:24.335247,2026/05/18 11:34:24.376,1,NVIDIA A100-SXM-64GB,142.17,31922,98
5906,2026-05-18 11:34:24.335247,2026/05/18 11:34:24.379,2,NVIDIA A100-SXM-64GB,152.41,31912,98
5907,2026-05-18 11:34:24.335247,2026/05/18 11:34:24.382,3,NVIDIA A100-SXM-64GB,143.03,31846,98
5908,2026-05-18 11:34:29.414142,2026/05/18 11:34:29.453,0,NVIDIA A100-SXM-64GB,151.46,31904,97
5909,2026-05-18 11:34:29.414142,2026/05/18 11:34:29.456,1,NVIDIA A100-SXM-64GB,145.04,31922,97
5910,2026-05-18 11:34:29.414142,2026/05/18 11:34:29.459,2,NVIDIA A100-SXM-64GB,151.16,31912,97
5911,2026-05-18 11:34:29.414142,2026/05/18 11:34:29.461,3,NVIDIA A100-SXM-64GB,144.15,31846,100
5912,2026-05-18 11:34:34.493707,2026/05/18 11:34:34.533,0,NVIDIA A100-SXM-64GB,182.15,31904,100
5913,2026-05-18 11:34:34.493707,2026/05/18 11:34:34.538,1,NVIDIA A100-SXM-64GB,181.08,31922,100
5914,2026-05-18 11:34:34.493707,2026/05/18 11:34:34.541,2,NVIDIA A100-SXM-64GB,197.07,31912,100
5915,2026-05-18 11:34:34.493707,2026/05/18 11:34:34.543,3,NVIDIA A100-SXM-64GB,162.65,31846,100
5916,2026-05-18 11:34:39.576129,2026/05/18 11:34:39.615,0,NVIDIA A100-SXM-64GB,148.11,31904,98
5917,2026-05-18 11:34:39.576129,2026/05/18 11:34:39.617,1,NVIDIA A100-SXM-64GB,140.15,31922,98
5918,2026-05-18 11:34:39.576129,2026/05/18 11:34:39.620,2,NVIDIA A100-SXM-64GB,187.00,31912,100
5919,2026-05-18 11:34:39.576129,2026/05/18 11:34:39.622,3,NVIDIA A100-SXM-64GB,132.47,31846,100
5920,2026-05-18 11:34:44.654608,2026/05/18 11:34:44.694,0,NVIDIA A100-SXM-64GB,161.11,31904,100
5921,2026-05-18 11:34:44.654608,2026/05/18 11:34:44.696,1,NVIDIA A100-SXM-64GB,162.15,31922,100
5922,2026-05-18 11:34:44.654608,2026/05/18 11:34:44.699,2,NVIDIA A100-SXM-64GB,154.52,31912,100
5923,2026-05-18 11:34:44.654608,2026/05/18 11:34:44.701,3,NVIDIA A100-SXM-64GB,164.19,31846,100
5924,2026-05-18 11:34:49.734056,2026/05/18 11:34:49.773,0,NVIDIA A100-SXM-64GB,192.51,31904,100
5925,2026-05-18 11:34:49.734056,2026/05/18 11:34:49.775,1,NVIDIA A100-SXM-64GB,186.89,31922,100
5926,2026-05-18 11:34:49.734056,2026/05/18 11:34:49.778,2,NVIDIA A100-SXM-64GB,184.53,31912,100
5927,2026-05-18 11:34:49.734056,2026/05/18 11:34:49.780,3,NVIDIA A100-SXM-64GB,186.87,31846,100
5928,2026-05-18 11:34:54.812533,2026/05/18 11:34:54.852,0,NVIDIA A100-SXM-64GB,167.46,31904,100
5929,2026-05-18 11:34:54.812533,2026/05/18 11:34:54.854,1,NVIDIA A100-SXM-64GB,177.46,31922,100
5930,2026-05-18 11:34:54.812533,2026/05/18 11:34:54.860,2,NVIDIA A100-SXM-64GB,154.85,31912,100
5931,2026-05-18 11:34:54.812533,2026/05/18 11:34:54.862,3,NVIDIA A100-SXM-64GB,174.92,31846,100
5932,2026-05-18 11:34:59.894789,2026/05/18 11:34:59.934,0,NVIDIA A100-SXM-64GB,194.97,31904,100
5933,2026-05-18 11:34:59.894789,2026/05/18 11:34:59.937,1,NVIDIA A100-SXM-64GB,133.60,31922,100
5934,2026-05-18 11:34:59.894789,2026/05/18 11:34:59.942,2,NVIDIA A100-SXM-64GB,139.38,31912,100
5935,2026-05-18 11:34:59.894789,2026/05/18 11:34:59.945,3,NVIDIA A100-SXM-64GB,148.45,31846,98
5936,2026-05-18 11:35:04.977194,2026/05/18 11:35:05.016,0,NVIDIA A100-SXM-64GB,154.53,31904,97
5937,2026-05-18 11:35:04.977194,2026/05/18 11:35:05.018,1,NVIDIA A100-SXM-64GB,143.98,31922,97
5938,2026-05-18 11:35:04.977194,2026/05/18 11:35:05.025,2,NVIDIA A100-SXM-64GB,145.82,31912,97
5939,2026-05-18 11:35:04.977194,2026/05/18 11:35:05.027,3,NVIDIA A100-SXM-64GB,144.42,31846,97
5940,2026-05-18 11:35:10.059617,2026/05/18 11:35:10.099,0,NVIDIA A100-SXM-64GB,180.21,31904,100
5941,2026-05-18 11:35:10.059617,2026/05/18 11:35:10.102,1,NVIDIA A100-SXM-64GB,173.46,31922,100
5942,2026-05-18 11:35:10.059617,2026/05/18 11:35:10.106,2,NVIDIA A100-SXM-64GB,173.71,31912,100
5943,2026-05-18 11:35:10.059617,2026/05/18 11:35:10.108,3,NVIDIA A100-SXM-64GB,168.33,31846,100
5944,2026-05-18 11:35:15.140410,2026/05/18 11:35:15.180,0,NVIDIA A100-SXM-64GB,166.76,31904,100
5945,2026-05-18 11:35:15.140410,2026/05/18 11:35:15.183,1,NVIDIA A100-SXM-64GB,157.00,31922,100
5946,2026-05-18 11:35:15.140410,2026/05/18 11:35:15.185,2,NVIDIA A100-SXM-64GB,181.18,31912,100
5947,2026-05-18 11:35:15.140410,2026/05/18 11:35:15.188,3,NVIDIA A100-SXM-64GB,162.99,31846,100
5948,2026-05-18 11:35:20.219808,2026/05/18 11:35:20.259,0,NVIDIA A100-SXM-64GB,158.81,31904,98
5949,2026-05-18 11:35:20.219808,2026/05/18 11:35:20.261,1,NVIDIA A100-SXM-64GB,141.24,31922,98
5950,2026-05-18 11:35:20.219808,2026/05/18 11:35:20.264,2,NVIDIA A100-SXM-64GB,154.40,31912,98
5951,2026-05-18 11:35:20.219808,2026/05/18 11:35:20.266,3,NVIDIA A100-SXM-64GB,149.93,31846,98
5952,2026-05-18 11:35:25.299019,2026/05/18 11:35:25.350,0,NVIDIA A100-SXM-64GB,151.46,31904,100
5953,2026-05-18 11:35:25.299019,2026/05/18 11:35:25.354,1,NVIDIA A100-SXM-64GB,148.87,31922,98
5954,2026-05-18 11:35:25.299019,2026/05/18 11:35:25.356,2,NVIDIA A100-SXM-64GB,155.01,31912,98
5955,2026-05-18 11:35:25.299019,2026/05/18 11:35:25.359,3,NVIDIA A100-SXM-64GB,147.78,31846,98
5956,2026-05-18 11:35:30.394044,2026/05/18 11:35:30.433,0,NVIDIA A100-SXM-64GB,160.94,31904,100
5957,2026-05-18 11:35:30.394044,2026/05/18 11:35:30.436,1,NVIDIA A100-SXM-64GB,167.64,31922,100
5958,2026-05-18 11:35:30.394044,2026/05/18 11:35:30.438,2,NVIDIA A100-SXM-64GB,179.64,31912,100
5959,2026-05-18 11:35:30.394044,2026/05/18 11:35:30.441,3,NVIDIA A100-SXM-64GB,148.45,31846,100
5960,2026-05-18 11:35:35.473088,2026/05/18 11:35:35.512,0,NVIDIA A100-SXM-64GB,181.41,31904,100
5961,2026-05-18 11:35:35.473088,2026/05/18 11:35:35.514,1,NVIDIA A100-SXM-64GB,142.44,31922,98
5962,2026-05-18 11:35:35.473088,2026/05/18 11:35:35.518,2,NVIDIA A100-SXM-64GB,154.55,31912,100
5963,2026-05-18 11:35:35.473088,2026/05/18 11:35:35.520,3,NVIDIA A100-SXM-64GB,176.64,31846,100
5964,2026-05-18 11:35:40.552046,2026/05/18 11:35:40.591,0,NVIDIA A100-SXM-64GB,156.34,31904,98
5965,2026-05-18 11:35:40.552046,2026/05/18 11:35:40.594,1,NVIDIA A100-SXM-64GB,138.16,31922,97
5966,2026-05-18 11:35:40.552046,2026/05/18 11:35:40.600,2,NVIDIA A100-SXM-64GB,151.32,31912,97
5967,2026-05-18 11:35:40.552046,2026/05/18 11:35:40.603,3,NVIDIA A100-SXM-64GB,143.21,31846,97
5968,2026-05-18 11:35:45.635069,2026/05/18 11:35:45.674,0,NVIDIA A100-SXM-64GB,186.43,31904,100
5969,2026-05-18 11:35:45.635069,2026/05/18 11:35:45.676,1,NVIDIA A100-SXM-64GB,185.36,31922,100
5970,2026-05-18 11:35:45.635069,2026/05/18 11:35:45.679,2,NVIDIA A100-SXM-64GB,189.42,31912,100
5971,2026-05-18 11:35:45.635069,2026/05/18 11:35:45.681,3,NVIDIA A100-SXM-64GB,168.15,31846,100
5972,2026-05-18 11:35:50.714678,2026/05/18 11:35:50.754,0,NVIDIA A100-SXM-64GB,150.25,31904,100
5973,2026-05-18 11:35:50.714678,2026/05/18 11:35:50.757,1,NVIDIA A100-SXM-64GB,142.90,31922,34
5974,2026-05-18 11:35:50.714678,2026/05/18 11:35:50.784,2,NVIDIA A100-SXM-64GB,166.94,31912,100
5975,2026-05-18 11:35:50.714678,2026/05/18 11:35:50.787,3,NVIDIA A100-SXM-64GB,164.19,31846,64
5976,2026-05-18 11:35:55.819534,2026/05/18 11:35:55.859,0,NVIDIA A100-SXM-64GB,154.69,31904,98
5977,2026-05-18 11:35:55.819534,2026/05/18 11:35:55.862,1,NVIDIA A100-SXM-64GB,147.05,31922,98
5978,2026-05-18 11:35:55.819534,2026/05/18 11:35:55.865,2,NVIDIA A100-SXM-64GB,150.72,31912,98
5979,2026-05-18 11:35:55.819534,2026/05/18 11:35:55.867,3,NVIDIA A100-SXM-64GB,144.57,31846,100
5980,2026-05-18 11:36:00.900251,2026/05/18 11:36:00.939,0,NVIDIA A100-SXM-64GB,153.32,31904,98
5981,2026-05-18 11:36:00.900251,2026/05/18 11:36:00.945,1,NVIDIA A100-SXM-64GB,145.52,31922,98
5982,2026-05-18 11:36:00.900251,2026/05/18 11:36:00.947,2,NVIDIA A100-SXM-64GB,152.26,31912,98
5983,2026-05-18 11:36:00.900251,2026/05/18 11:36:00.950,3,NVIDIA A100-SXM-64GB,141.67,31846,98
5984,2026-05-18 11:36:05.981763,2026/05/18 11:36:06.021,0,NVIDIA A100-SXM-64GB,184.57,31904,100
5985,2026-05-18 11:36:05.981763,2026/05/18 11:36:06.023,1,NVIDIA A100-SXM-64GB,154.53,31922,100
5986,2026-05-18 11:36:05.981763,2026/05/18 11:36:06.026,2,NVIDIA A100-SXM-64GB,155.34,31912,100
5987,2026-05-18 11:36:05.981763,2026/05/18 11:36:06.029,3,NVIDIA A100-SXM-64GB,146.29,31846,100
5988,2026-05-18 11:36:11.061311,2026/05/18 11:36:11.101,0,NVIDIA A100-SXM-64GB,173.18,31904,100
5989,2026-05-18 11:36:11.061311,2026/05/18 11:36:11.103,1,NVIDIA A100-SXM-64GB,187.83,31922,100
5990,2026-05-18 11:36:11.061311,2026/05/18 11:36:11.106,2,NVIDIA A100-SXM-64GB,185.46,31912,100
5991,2026-05-18 11:36:11.061311,2026/05/18 11:36:11.108,3,NVIDIA A100-SXM-64GB,170.20,31846,100
5992,2026-05-18 11:36:16.141148,2026/05/18 11:36:16.180,0,NVIDIA A100-SXM-64GB,142.90,31904,97
5993,2026-05-18 11:36:16.141148,2026/05/18 11:36:16.182,1,NVIDIA A100-SXM-64GB,178.94,31922,97
5994,2026-05-18 11:36:16.141148,2026/05/18 11:36:16.185,2,NVIDIA A100-SXM-64GB,143.34,31912,97
5995,2026-05-18 11:36:16.141148,2026/05/18 11:36:16.187,3,NVIDIA A100-SXM-64GB,160.06,31846,100
5996,2026-05-18 11:36:21.220120,2026/05/18 11:36:21.259,0,NVIDIA A100-SXM-64GB,173.18,31904,100
5997,2026-05-18 11:36:21.220120,2026/05/18 11:36:21.261,1,NVIDIA A100-SXM-64GB,165.40,31922,100
5998,2026-05-18 11:36:21.220120,2026/05/18 11:36:21.264,2,NVIDIA A100-SXM-64GB,189.62,31912,100
5999,2026-05-18 11:36:21.220120,2026/05/18 11:36:21.267,3,NVIDIA A100-SXM-64GB,180.34,31846,100
6000,2026-05-18 11:36:26.299101,2026/05/18 11:36:26.338,0,NVIDIA A100-SXM-64GB,159.74,31904,100
6001,2026-05-18 11:36:26.299101,2026/05/18 11:36:26.340,1,NVIDIA A100-SXM-64GB,144.31,31922,100
6002,2026-05-18 11:36:26.299101,2026/05/18 11:36:26.343,2,NVIDIA A100-SXM-64GB,155.01,31912,100
6003,2026-05-18 11:36:26.299101,2026/05/18 11:36:26.345,3,NVIDIA A100-SXM-64GB,181.03,31846,100
6004,2026-05-18 11:36:31.378461,2026/05/18 11:36:31.418,0,NVIDIA A100-SXM-64GB,151.79,31904,100
6005,2026-05-18 11:36:31.378461,2026/05/18 11:36:31.420,1,NVIDIA A100-SXM-64GB,146.90,31922,100
6006,2026-05-18 11:36:31.378461,2026/05/18 11:36:31.424,2,NVIDIA A100-SXM-64GB,149.50,31912,100
6007,2026-05-18 11:36:31.378461,2026/05/18 11:36:31.426,3,NVIDIA A100-SXM-64GB,138.31,31846,98
6008,2026-05-18 11:36:36.459071,2026/05/18 11:36:36.498,0,NVIDIA A100-SXM-64GB,158.48,31904,100
6009,2026-05-18 11:36:36.459071,2026/05/18 11:36:36.500,1,NVIDIA A100-SXM-64GB,148.11,31922,98
6010,2026-05-18 11:36:36.459071,2026/05/18 11:36:36.504,2,NVIDIA A100-SXM-64GB,148.90,31912,98
6011,2026-05-18 11:36:36.459071,2026/05/18 11:36:36.507,3,NVIDIA A100-SXM-64GB,145.36,31846,98
6012,2026-05-18 11:36:41.540642,2026/05/18 11:36:41.580,0,NVIDIA A100-SXM-64GB,188.24,31904,100
6013,2026-05-18 11:36:41.540642,2026/05/18 11:36:41.582,1,NVIDIA A100-SXM-64GB,157.00,31922,100
6014,2026-05-18 11:36:41.540642,2026/05/18 11:36:41.586,2,NVIDIA A100-SXM-64GB,159.30,31912,100
6015,2026-05-18 11:36:41.540642,2026/05/18 11:36:41.589,3,NVIDIA A100-SXM-64GB,176.13,31846,100
6016,2026-05-18 11:36:46.621686,2026/05/18 11:36:46.672,0,NVIDIA A100-SXM-64GB,189.36,31904,100
6017,2026-05-18 11:36:46.621686,2026/05/18 11:36:46.674,1,NVIDIA A100-SXM-64GB,189.63,31922,100
6018,2026-05-18 11:36:46.621686,2026/05/18 11:36:46.677,2,NVIDIA A100-SXM-64GB,185.13,31912,100
6019,2026-05-18 11:36:46.621686,2026/05/18 11:36:46.679,3,NVIDIA A100-SXM-64GB,175.44,31846,100
6020,2026-05-18 11:36:51.711615,2026/05/18 11:36:51.751,0,NVIDIA A100-SXM-64GB,162.76,31904,100
6021,2026-05-18 11:36:51.711615,2026/05/18 11:36:51.753,1,NVIDIA A100-SXM-64GB,144.77,31922,100
6022,2026-05-18 11:36:51.711615,2026/05/18 11:36:51.756,2,NVIDIA A100-SXM-64GB,175.95,31912,100
6023,2026-05-18 11:36:51.711615,2026/05/18 11:36:51.758,3,NVIDIA A100-SXM-64GB,167.28,31846,100
6024,2026-05-18 11:36:56.791442,2026/05/18 11:36:56.831,0,NVIDIA A100-SXM-64GB,158.20,31904,98
6025,2026-05-18 11:36:56.791442,2026/05/18 11:36:56.835,1,NVIDIA A100-SXM-64GB,141.56,31922,98
6026,2026-05-18 11:36:56.791442,2026/05/18 11:36:56.839,2,NVIDIA A100-SXM-64GB,153.79,31912,98
6027,2026-05-18 11:36:56.791442,2026/05/18 11:36:56.842,3,NVIDIA A100-SXM-64GB,148.90,31846,98
6028,2026-05-18 11:37:01.875303,2026/05/18 11:37:01.915,0,NVIDIA A100-SXM-64GB,154.53,31904,97
6029,2026-05-18 11:37:01.875303,2026/05/18 11:37:01.919,1,NVIDIA A100-SXM-64GB,142.30,31922,97
6030,2026-05-18 11:37:01.875303,2026/05/18 11:37:01.922,2,NVIDIA A100-SXM-64GB,153.03,31912,100
6031,2026-05-18 11:37:01.875303,2026/05/18 11:37:01.925,3,NVIDIA A100-SXM-64GB,141.07,31846,97
6032,2026-05-18 11:37:06.957802,2026/05/18 11:37:07.009,0,NVIDIA A100-SXM-64GB,173.46,31904,100
6033,2026-05-18 11:37:06.957802,2026/05/18 11:37:07.011,1,NVIDIA A100-SXM-64GB,139.70,31922,100
6034,2026-05-18 11:37:06.957802,2026/05/18 11:37:07.014,2,NVIDIA A100-SXM-64GB,210.53,31912,100
6035,2026-05-18 11:37:06.957802,2026/05/18 11:37:07.016,3,NVIDIA A100-SXM-64GB,131.87,31846,98
6036,2026-05-18 11:37:12.049777,2026/05/18 11:37:12.089,0,NVIDIA A100-SXM-64GB,142.02,31904,98
6037,2026-05-18 11:37:12.049777,2026/05/18 11:37:12.092,1,NVIDIA A100-SXM-64GB,140.30,31922,98
6038,2026-05-18 11:37:12.049777,2026/05/18 11:37:12.098,2,NVIDIA A100-SXM-64GB,138.77,31912,99
6039,2026-05-18 11:37:12.049777,2026/05/18 11:37:12.101,3,NVIDIA A100-SXM-64GB,144.75,31846,98
6040,2026-05-18 11:37:17.133487,2026/05/18 11:37:17.173,0,NVIDIA A100-SXM-64GB,157.87,31904,100
6041,2026-05-18 11:37:17.133487,2026/05/18 11:37:17.175,1,NVIDIA A100-SXM-64GB,174.72,31922,100
6042,2026-05-18 11:37:17.133487,2026/05/18 11:37:17.178,2,NVIDIA A100-SXM-64GB,152.86,31912,100
6043,2026-05-18 11:37:17.133487,2026/05/18 11:37:17.180,3,NVIDIA A100-SXM-64GB,164.19,31846,100
6044,2026-05-18 11:37:22.212948,2026/05/18 11:37:22.252,0,NVIDIA A100-SXM-64GB,176.53,31904,100
6045,2026-05-18 11:37:22.212948,2026/05/18 11:37:22.254,1,NVIDIA A100-SXM-64GB,173.18,31922,100
6046,2026-05-18 11:37:22.212948,2026/05/18 11:37:22.257,2,NVIDIA A100-SXM-64GB,177.83,31912,100
6047,2026-05-18 11:37:22.212948,2026/05/18 11:37:22.259,3,NVIDIA A100-SXM-64GB,189.62,31846,100
6048,2026-05-18 11:37:27.292257,2026/05/18 11:37:27.351,0,NVIDIA A100-SXM-64GB,189.77,31904,100
6049,2026-05-18 11:37:27.292257,2026/05/18 11:37:27.354,1,NVIDIA A100-SXM-64GB,197.59,31922,100
6050,2026-05-18 11:37:27.292257,2026/05/18 11:37:27.360,2,NVIDIA A100-SXM-64GB,139.38,31912,100
6051,2026-05-18 11:37:27.292257,2026/05/18 11:37:27.362,3,NVIDIA A100-SXM-64GB,195.04,31846,98
6052,2026-05-18 11:37:32.394684,2026/05/18 11:37:32.434,0,NVIDIA A100-SXM-64GB,178.34,31904,100
6053,2026-05-18 11:37:32.394684,2026/05/18 11:37:32.436,1,NVIDIA A100-SXM-64GB,177.46,31922,100
6054,2026-05-18 11:37:32.394684,2026/05/18 11:37:32.442,2,NVIDIA A100-SXM-64GB,179.97,31912,100
6055,2026-05-18 11:37:32.394684,2026/05/18 11:37:32.444,3,NVIDIA A100-SXM-64GB,189.62,31846,100
6056,2026-05-18 11:37:37.476735,2026/05/18 11:37:37.517,0,NVIDIA A100-SXM-64GB,155.74,31904,99
6057,2026-05-18 11:37:37.476735,2026/05/18 11:37:37.521,1,NVIDIA A100-SXM-64GB,146.90,31922,99
6058,2026-05-18 11:37:37.476735,2026/05/18 11:37:37.523,2,NVIDIA A100-SXM-64GB,150.11,31912,97
6059,2026-05-18 11:37:37.476735,2026/05/18 11:37:37.526,3,NVIDIA A100-SXM-64GB,145.36,31846,99
6060,2026-05-18 11:37:42.558832,2026/05/18 11:37:42.598,0,NVIDIA A100-SXM-64GB,183.69,31904,97
6061,2026-05-18 11:37:42.558832,2026/05/18 11:37:42.600,1,NVIDIA A100-SXM-64GB,182.34,31922,100
6062,2026-05-18 11:37:42.558832,2026/05/18 11:37:42.603,2,NVIDIA A100-SXM-64GB,175.68,31912,76
6063,2026-05-18 11:37:42.558832,2026/05/18 11:37:42.606,3,NVIDIA A100-SXM-64GB,184.11,31846,100
6064,2026-05-18 11:37:47.638175,2026/05/18 11:37:47.677,0,NVIDIA A100-SXM-64GB,183.22,31904,100
6065,2026-05-18 11:37:47.638175,2026/05/18 11:37:47.680,1,NVIDIA A100-SXM-64GB,157.60,31922,100
6066,2026-05-18 11:37:47.638175,2026/05/18 11:37:47.682,2,NVIDIA A100-SXM-64GB,175.08,31912,100
6067,2026-05-18 11:37:47.638175,2026/05/18 11:37:47.685,3,NVIDIA A100-SXM-64GB,156.38,31846,100
6068,2026-05-18 11:37:52.718394,2026/05/18 11:37:52.758,0,NVIDIA A100-SXM-64GB,158.64,31904,100
6069,2026-05-18 11:37:52.718394,2026/05/18 11:37:52.760,1,NVIDIA A100-SXM-64GB,147.99,31922,100
6070,2026-05-18 11:37:52.718394,2026/05/18 11:37:52.763,2,NVIDIA A100-SXM-64GB,152.08,31912,100
6071,2026-05-18 11:37:52.718394,2026/05/18 11:37:52.766,3,NVIDIA A100-SXM-64GB,142.14,31846,100
6072,2026-05-18 11:37:57.798625,2026/05/18 11:37:57.838,0,NVIDIA A100-SXM-64GB,158.20,31904,100
6073,2026-05-18 11:37:57.798625,2026/05/18 11:37:57.841,1,NVIDIA A100-SXM-64GB,176.85,31922,100
6074,2026-05-18 11:37:57.798625,2026/05/18 11:37:57.844,2,NVIDIA A100-SXM-64GB,149.78,31912,100
6075,2026-05-18 11:37:57.798625,2026/05/18 11:37:57.846,3,NVIDIA A100-SXM-64GB,190.55,31846,100
6076,2026-05-18 11:38:02.879474,2026/05/18 11:38:02.919,0,NVIDIA A100-SXM-64GB,184.48,31904,100
6077,2026-05-18 11:38:02.879474,2026/05/18 11:38:02.922,1,NVIDIA A100-SXM-64GB,148.11,31922,100
6078,2026-05-18 11:38:02.879474,2026/05/18 11:38:02.924,2,NVIDIA A100-SXM-64GB,154.07,31912,100
6079,2026-05-18 11:38:02.879474,2026/05/18 11:38:02.927,3,NVIDIA A100-SXM-64GB,154.23,31846,100
6080,2026-05-18 11:38:07.959812,2026/05/18 11:38:07.999,0,NVIDIA A100-SXM-64GB,156.07,31904,100
6081,2026-05-18 11:38:07.959812,2026/05/18 11:38:08.002,1,NVIDIA A100-SXM-64GB,145.04,31922,100
6082,2026-05-18 11:38:07.959812,2026/05/18 11:38:08.004,2,NVIDIA A100-SXM-64GB,150.11,31912,98
6083,2026-05-18 11:38:07.959812,2026/05/18 11:38:08.007,3,NVIDIA A100-SXM-64GB,142.88,31846,100
6084,2026-05-18 11:38:13.040035,2026/05/18 11:38:13.079,0,NVIDIA A100-SXM-64GB,157.87,31904,98
6085,2026-05-18 11:38:13.040035,2026/05/18 11:38:13.081,1,NVIDIA A100-SXM-64GB,147.51,31922,98
6086,2026-05-18 11:38:13.040035,2026/05/18 11:38:13.084,2,NVIDIA A100-SXM-64GB,151.65,31912,98
6087,2026-05-18 11:38:13.040035,2026/05/18 11:38:13.087,3,NVIDIA A100-SXM-64GB,144.75,31846,100
6088,2026-05-18 11:38:18.120126,2026/05/18 11:38:18.159,0,NVIDIA A100-SXM-64GB,196.05,31904,100
6089,2026-05-18 11:38:18.120126,2026/05/18 11:38:18.161,1,NVIDIA A100-SXM-64GB,163.25,31922,100
6090,2026-05-18 11:38:18.120126,2026/05/18 11:38:18.164,2,NVIDIA A100-SXM-64GB,172.17,31912,100
6091,2026-05-18 11:38:18.120126,2026/05/18 11:38:18.166,3,NVIDIA A100-SXM-64GB,180.34,31846,100
6092,2026-05-18 11:38:23.199411,2026/05/18 11:38:23.239,0,NVIDIA A100-SXM-64GB,186.62,31904,100
6093,2026-05-18 11:38:23.199411,2026/05/18 11:38:23.241,1,NVIDIA A100-SXM-64GB,167.36,31922,100
6094,2026-05-18 11:38:23.199411,2026/05/18 11:38:23.244,2,NVIDIA A100-SXM-64GB,170.30,31912,100
6095,2026-05-18 11:38:23.199411,2026/05/18 11:38:23.246,3,NVIDIA A100-SXM-64GB,174.77,31846,100
6096,2026-05-18 11:38:28.279678,2026/05/18 11:38:28.319,0,NVIDIA A100-SXM-64GB,158.32,31904,100
6097,2026-05-18 11:38:28.279678,2026/05/18 11:38:28.321,1,NVIDIA A100-SXM-64GB,159.14,31922,100
6098,2026-05-18 11:38:28.279678,2026/05/18 11:38:28.324,2,NVIDIA A100-SXM-64GB,176.56,31912,100
6099,2026-05-18 11:38:28.279678,2026/05/18 11:38:28.326,3,NVIDIA A100-SXM-64GB,181.64,31846,100
6100,2026-05-18 11:38:33.359014,2026/05/18 11:38:33.398,0,NVIDIA A100-SXM-64GB,186.70,31904,100
6101,2026-05-18 11:38:33.359014,2026/05/18 11:38:33.400,1,NVIDIA A100-SXM-64GB,188.43,31922,100
6102,2026-05-18 11:38:33.359014,2026/05/18 11:38:33.403,2,NVIDIA A100-SXM-64GB,184.25,31912,100
6103,2026-05-18 11:38:33.359014,2026/05/18 11:38:33.406,3,NVIDIA A100-SXM-64GB,166.34,31846,100
6104,2026-05-18 11:38:38.439107,2026/05/18 11:38:38.490,0,NVIDIA A100-SXM-64GB,155.91,31904,100
6105,2026-05-18 11:38:38.439107,2026/05/18 11:38:38.492,1,NVIDIA A100-SXM-64GB,151.79,31922,100
6106,2026-05-18 11:38:38.439107,2026/05/18 11:38:38.495,2,NVIDIA A100-SXM-64GB,164.36,31912,100
6107,2026-05-18 11:38:38.439107,2026/05/18 11:38:38.497,3,NVIDIA A100-SXM-64GB,179.49,31846,100
6108,2026-05-18 11:38:43.530366,2026/05/18 11:38:43.570,0,NVIDIA A100-SXM-64GB,142.30,31904,98
6109,2026-05-18 11:38:43.530366,2026/05/18 11:38:43.572,1,NVIDIA A100-SXM-64GB,141.56,31922,98
6110,2026-05-18 11:38:43.530366,2026/05/18 11:38:43.575,2,NVIDIA A100-SXM-64GB,146.43,31912,100
6111,2026-05-18 11:38:43.530366,2026/05/18 11:38:43.577,3,NVIDIA A100-SXM-64GB,139.85,31846,98
6112,2026-05-18 11:38:48.610594,2026/05/18 11:38:48.662,0,NVIDIA A100-SXM-64GB,154.04,31904,100
6113,2026-05-18 11:38:48.610594,2026/05/18 11:38:48.665,1,NVIDIA A100-SXM-64GB,153.32,31922,100
6114,2026-05-18 11:38:48.610594,2026/05/18 11:38:48.669,2,NVIDIA A100-SXM-64GB,161.61,31912,100
6115,2026-05-18 11:38:48.610594,2026/05/18 11:38:48.676,3,NVIDIA A100-SXM-64GB,171.84,31846,100
6116,2026-05-18 11:38:53.708763,2026/05/18 11:38:53.748,0,NVIDIA A100-SXM-64GB,194.97,31904,100
6117,2026-05-18 11:38:53.708763,2026/05/18 11:38:53.750,1,NVIDIA A100-SXM-64GB,180.29,31922,100
6118,2026-05-18 11:38:53.708763,2026/05/18 11:38:53.753,2,NVIDIA A100-SXM-64GB,194.32,31912,100
6119,2026-05-18 11:38:53.708763,2026/05/18 11:38:53.756,3,NVIDIA A100-SXM-64GB,177.07,31846,100
6120,2026-05-18 11:38:58.789379,2026/05/18 11:38:58.829,0,NVIDIA A100-SXM-64GB,179.09,31904,100
6121,2026-05-18 11:38:58.789379,2026/05/18 11:38:58.831,1,NVIDIA A100-SXM-64GB,161.55,31922,100
6122,2026-05-18 11:38:58.789379,2026/05/18 11:38:58.834,2,NVIDIA A100-SXM-64GB,182.99,31912,100
6123,2026-05-18 11:38:58.789379,2026/05/18 11:38:58.838,3,NVIDIA A100-SXM-64GB,166.01,31846,100
6124,2026-05-18 11:39:03.872411,2026/05/18 11:39:03.912,0,NVIDIA A100-SXM-64GB,154.86,31904,98
6125,2026-05-18 11:39:03.872411,2026/05/18 11:39:03.917,1,NVIDIA A100-SXM-64GB,146.90,31922,98
6126,2026-05-18 11:39:03.872411,2026/05/18 11:39:03.921,2,NVIDIA A100-SXM-64GB,146.75,31912,98
6127,2026-05-18 11:39:03.872411,2026/05/18 11:39:03.924,3,NVIDIA A100-SXM-64GB,141.34,31846,98
6128,2026-05-18 11:39:08.957950,2026/05/18 11:39:08.997,0,NVIDIA A100-SXM-64GB,151.63,31904,98
6129,2026-05-18 11:39:08.957950,2026/05/18 11:39:09.001,1,NVIDIA A100-SXM-64GB,144.77,31922,98
6130,2026-05-18 11:39:08.957950,2026/05/18 11:39:09.003,2,NVIDIA A100-SXM-64GB,145.67,31912,98
6131,2026-05-18 11:39:08.957950,2026/05/18 11:39:09.006,3,NVIDIA A100-SXM-64GB,142.13,31846,98
6132,2026-05-18 11:39:14.040033,2026/05/18 11:39:14.079,0,NVIDIA A100-SXM-64GB,155.13,31904,100
6133,2026-05-18 11:39:14.040033,2026/05/18 11:39:14.083,1,NVIDIA A100-SXM-64GB,157.00,31922,100
6134,2026-05-18 11:39:14.040033,2026/05/18 11:39:14.085,2,NVIDIA A100-SXM-64GB,165.23,31912,100
6135,2026-05-18 11:39:14.040033,2026/05/18 11:39:14.088,3,NVIDIA A100-SXM-64GB,156.71,31846,100
6136,2026-05-18 11:39:19.122217,2026/05/18 11:39:19.162,0,NVIDIA A100-SXM-64GB,150.70,31904,100
6137,2026-05-18 11:39:19.122217,2026/05/18 11:39:19.165,1,NVIDIA A100-SXM-64GB,133.13,31922,100
6138,2026-05-18 11:39:19.122217,2026/05/18 11:39:19.167,2,NVIDIA A100-SXM-64GB,194.04,31912,98
6139,2026-05-18 11:39:19.122217,2026/05/18 11:39:19.170,3,NVIDIA A100-SXM-64GB,140.92,31846,100
6140,2026-05-18 11:39:24.204377,2026/05/18 11:39:24.245,0,NVIDIA A100-SXM-64GB,148.72,31904,97
6141,2026-05-18 11:39:24.204377,2026/05/18 11:39:24.247,1,NVIDIA A100-SXM-64GB,133.27,31922,97
6142,2026-05-18 11:39:24.204377,2026/05/18 11:39:24.250,2,NVIDIA A100-SXM-64GB,148.57,31912,97
6143,2026-05-18 11:39:24.204377,2026/05/18 11:39:24.253,3,NVIDIA A100-SXM-64GB,138.59,31846,97
6144,2026-05-18 11:39:29.286794,2026/05/18 11:39:29.326,0,NVIDIA A100-SXM-64GB,186.02,31904,100
6145,2026-05-18 11:39:29.286794,2026/05/18 11:39:29.328,1,NVIDIA A100-SXM-64GB,181.74,31922,100
6146,2026-05-18 11:39:29.286794,2026/05/18 11:39:29.331,2,NVIDIA A100-SXM-64GB,185.32,31912,100
6147,2026-05-18 11:39:29.286794,2026/05/18 11:39:29.334,3,NVIDIA A100-SXM-64GB,186.87,31846,100
6148,2026-05-18 11:39:34.368246,2026/05/18 11:39:34.419,0,NVIDIA A100-SXM-64GB,156.67,31904,64
6149,2026-05-18 11:39:34.368246,2026/05/18 11:39:34.424,1,NVIDIA A100-SXM-64GB,174.72,31922,70
6150,2026-05-18 11:39:34.368246,2026/05/18 11:39:34.427,2,NVIDIA A100-SXM-64GB,175.95,31912,44
6151,2026-05-18 11:39:34.368246,2026/05/18 11:39:34.430,3,NVIDIA A100-SXM-64GB,146.29,31846,67
6152,2026-05-18 11:39:39.463740,2026/05/18 11:39:39.503,0,NVIDIA A100-SXM-64GB,155.74,31904,100
6153,2026-05-18 11:39:39.463740,2026/05/18 11:39:39.505,1,NVIDIA A100-SXM-64GB,143.23,31922,100
6154,2026-05-18 11:39:39.463740,2026/05/18 11:39:39.508,2,NVIDIA A100-SXM-64GB,153.91,31912,100
6155,2026-05-18 11:39:39.463740,2026/05/18 11:39:39.511,3,NVIDIA A100-SXM-64GB,144.60,31846,100
6156,2026-05-18 11:39:44.544253,2026/05/18 11:39:44.583,0,NVIDIA A100-SXM-64GB,153.60,31904,100
6157,2026-05-18 11:39:44.544253,2026/05/18 11:39:44.585,1,NVIDIA A100-SXM-64GB,145.19,31922,100
6158,2026-05-18 11:39:44.544253,2026/05/18 11:39:44.588,2,NVIDIA A100-SXM-64GB,154.40,31912,98
6159,2026-05-18 11:39:44.544253,2026/05/18 11:39:44.592,3,NVIDIA A100-SXM-64GB,146.44,31846,100
6160,2026-05-18 11:39:49.625730,2026/05/18 11:39:49.665,0,NVIDIA A100-SXM-64GB,181.22,31904,100
6161,2026-05-18 11:39:49.625730,2026/05/18 11:39:49.667,1,NVIDIA A100-SXM-64GB,161.28,31922,100
6162,2026-05-18 11:39:49.625730,2026/05/18 11:39:49.670,2,NVIDIA A100-SXM-64GB,185.13,31912,100
6163,2026-05-18 11:39:49.625730,2026/05/18 11:39:49.672,3,NVIDIA A100-SXM-64GB,171.84,31846,100
6164,2026-05-18 11:39:54.706236,2026/05/18 11:39:54.756,0,NVIDIA A100-SXM-64GB,191.91,31904,100
6165,2026-05-18 11:39:54.706236,2026/05/18 11:39:54.759,1,NVIDIA A100-SXM-64GB,186.02,31922,100
6166,2026-05-18 11:39:54.706236,2026/05/18 11:39:54.764,2,NVIDIA A100-SXM-64GB,192.17,31912,100
6167,2026-05-18 11:39:54.706236,2026/05/18 11:39:54.766,3,NVIDIA A100-SXM-64GB,184.11,31846,100
6168,2026-05-18 11:39:59.803242,2026/05/18 11:39:59.843,0,NVIDIA A100-SXM-64GB,156.07,31904,100
6169,2026-05-18 11:39:59.803242,2026/05/18 11:39:59.845,1,NVIDIA A100-SXM-64GB,151.46,31922,100
6170,2026-05-18 11:39:59.803242,2026/05/18 11:39:59.848,2,NVIDIA A100-SXM-64GB,161.78,31912,100
6171,2026-05-18 11:39:59.803242,2026/05/18 11:39:59.850,3,NVIDIA A100-SXM-64GB,145.64,31846,100
6172,2026-05-18 11:40:04.884535,2026/05/18 11:40:04.924,0,NVIDIA A100-SXM-64GB,152.71,31904,98
6173,2026-05-18 11:40:04.884535,2026/05/18 11:40:04.926,1,NVIDIA A100-SXM-64GB,143.83,31922,98
6174,2026-05-18 11:40:04.884535,2026/05/18 11:40:04.929,2,NVIDIA A100-SXM-64GB,149.78,31912,100
6175,2026-05-18 11:40:04.884535,2026/05/18 11:40:04.931,3,NVIDIA A100-SXM-64GB,146.29,31846,98
6176,2026-05-18 11:40:09.965154,2026/05/18 11:40:10.004,0,NVIDIA A100-SXM-64GB,157.60,31904,100
6177,2026-05-18 11:40:09.965154,2026/05/18 11:40:10.006,1,NVIDIA A100-SXM-64GB,141.84,31922,100
6178,2026-05-18 11:40:09.965154,2026/05/18 11:40:10.009,2,NVIDIA A100-SXM-64GB,177.07,31912,100
6179,2026-05-18 11:40:09.965154,2026/05/18 11:40:10.011,3,NVIDIA A100-SXM-64GB,145.64,31846,100
6180,2026-05-18 11:40:15.045987,2026/05/18 11:40:15.085,0,NVIDIA A100-SXM-64GB,155.13,31904,99
6181,2026-05-18 11:40:15.045987,2026/05/18 11:40:15.087,1,NVIDIA A100-SXM-64GB,145.70,31922,99
6182,2026-05-18 11:40:15.045987,2026/05/18 11:40:15.090,2,NVIDIA A100-SXM-64GB,138.45,31912,100
6183,2026-05-18 11:40:15.045987,2026/05/18 11:40:15.092,3,NVIDIA A100-SXM-64GB,142.61,31846,98
6184,2026-05-18 11:40:20.126759,2026/05/18 11:40:20.166,0,NVIDIA A100-SXM-64GB,157.27,31904,98
6185,2026-05-18 11:40:20.126759,2026/05/18 11:40:20.171,1,NVIDIA A100-SXM-64GB,148.59,31922,98
6186,2026-05-18 11:40:20.126759,2026/05/18 11:40:20.173,2,NVIDIA A100-SXM-64GB,151.32,31912,98
6187,2026-05-18 11:40:20.126759,2026/05/18 11:40:20.176,3,NVIDIA A100-SXM-64GB,142.00,31846,98
6188,2026-05-18 11:40:25.210491,2026/05/18 11:40:25.250,0,NVIDIA A100-SXM-64GB,161.55,31904,100
6189,2026-05-18 11:40:25.210491,2026/05/18 11:40:25.256,1,NVIDIA A100-SXM-64GB,180.21,31922,100
6190,2026-05-18 11:40:25.210491,2026/05/18 11:40:25.258,2,NVIDIA A100-SXM-64GB,170.13,31912,100
6191,2026-05-18 11:40:25.210491,2026/05/18 11:40:25.261,3,NVIDIA A100-SXM-64GB,157.49,31846,100
6192,2026-05-18 11:40:30.294167,2026/05/18 11:40:30.333,0,NVIDIA A100-SXM-64GB,190.30,31904,61
6193,2026-05-18 11:40:30.294167,2026/05/18 11:40:30.335,1,NVIDIA A100-SXM-64GB,186.48,31922,100
6194,2026-05-18 11:40:30.294167,2026/05/18 11:40:30.338,2,NVIDIA A100-SXM-64GB,172.78,31912,100
6195,2026-05-18 11:40:30.294167,2026/05/18 11:40:30.340,3,NVIDIA A100-SXM-64GB,167.45,31846,100
6196,2026-05-18 11:40:35.374087,2026/05/18 11:40:35.413,0,NVIDIA A100-SXM-64GB,167.04,31904,100
6197,2026-05-18 11:40:35.374087,2026/05/18 11:40:35.415,1,NVIDIA A100-SXM-64GB,160.34,31922,100
6198,2026-05-18 11:40:35.374087,2026/05/18 11:40:35.418,2,NVIDIA A100-SXM-64GB,164.53,31912,100
6199,2026-05-18 11:40:35.374087,2026/05/18 11:40:35.421,3,NVIDIA A100-SXM-64GB,170.30,31846,100
6200,2026-05-18 11:40:40.454076,2026/05/18 11:40:40.493,0,NVIDIA A100-SXM-64GB,151.46,31904,98
6201,2026-05-18 11:40:40.454076,2026/05/18 11:40:40.495,1,NVIDIA A100-SXM-64GB,143.83,31922,98
6202,2026-05-18 11:40:40.454076,2026/05/18 11:40:40.498,2,NVIDIA A100-SXM-64GB,147.81,31912,98
6203,2026-05-18 11:40:40.454076,2026/05/18 11:40:40.501,3,NVIDIA A100-SXM-64GB,149.18,31846,98
6204,2026-05-18 11:40:45.534108,2026/05/18 11:40:45.573,0,NVIDIA A100-SXM-64GB,153.92,31904,99
6205,2026-05-18 11:40:45.534108,2026/05/18 11:40:45.575,1,NVIDIA A100-SXM-64GB,140.91,31922,97
6206,2026-05-18 11:40:45.534108,2026/05/18 11:40:45.578,2,NVIDIA A100-SXM-64GB,150.72,31912,97
6207,2026-05-18 11:40:45.534108,2026/05/18 11:40:45.580,3,NVIDIA A100-SXM-64GB,147.51,31846,97
6208,2026-05-18 11:40:50.614334,2026/05/18 11:40:50.654,0,NVIDIA A100-SXM-64GB,158.20,31904,100
6209,2026-05-18 11:40:50.614334,2026/05/18 11:40:50.657,1,NVIDIA A100-SXM-64GB,149.04,31922,100
6210,2026-05-18 11:40:50.614334,2026/05/18 11:40:50.659,2,NVIDIA A100-SXM-64GB,168.65,31912,98
6211,2026-05-18 11:40:50.614334,2026/05/18 11:40:50.662,3,NVIDIA A100-SXM-64GB,201.56,31846,100
6212,2026-05-18 11:40:55.695931,2026/05/18 11:40:55.735,0,NVIDIA A100-SXM-64GB,147.84,31904,98
6213,2026-05-18 11:40:55.695931,2026/05/18 11:40:55.738,1,NVIDIA A100-SXM-64GB,139.09,31922,98
6214,2026-05-18 11:40:55.695931,2026/05/18 11:40:55.740,2,NVIDIA A100-SXM-64GB,158.36,31912,98
6215,2026-05-18 11:40:55.695931,2026/05/18 11:40:55.743,3,NVIDIA A100-SXM-64GB,134.62,31846,98
6216,2026-05-18 11:41:00.776126,2026/05/18 11:41:00.815,0,NVIDIA A100-SXM-64GB,178.06,31904,100
6217,2026-05-18 11:41:00.776126,2026/05/18 11:41:00.820,1,NVIDIA A100-SXM-64GB,178.06,31922,100
6218,2026-05-18 11:41:00.776126,2026/05/18 11:41:00.823,2,NVIDIA A100-SXM-64GB,153.79,31912,100
6219,2026-05-18 11:41:00.776126,2026/05/18 11:41:00.826,3,NVIDIA A100-SXM-64GB,145.36,31846,100
6220,2026-05-18 11:41:05.859733,2026/05/18 11:41:05.899,0,NVIDIA A100-SXM-64GB,195.25,31904,100
6221,2026-05-18 11:41:05.859733,2026/05/18 11:41:05.901,1,NVIDIA A100-SXM-64GB,165.50,31922,100
6222,2026-05-18 11:41:05.859733,2026/05/18 11:41:05.904,2,NVIDIA A100-SXM-64GB,196.46,31912,100
6223,2026-05-18 11:41:05.859733,2026/05/18 11:41:05.906,3,NVIDIA A100-SXM-64GB,186.26,31846,100
6224,2026-05-18 11:41:10.939950,2026/05/18 11:41:10.979,0,NVIDIA A100-SXM-64GB,171.64,31904,100
6225,2026-05-18 11:41:10.939950,2026/05/18 11:41:10.982,1,NVIDIA A100-SXM-64GB,177.13,31922,100
6226,2026-05-18 11:41:10.939950,2026/05/18 11:41:10.985,2,NVIDIA A100-SXM-64GB,151.04,31912,100
6227,2026-05-18 11:41:10.939950,2026/05/18 11:41:10.988,3,NVIDIA A100-SXM-64GB,145.96,31846,100
6228,2026-05-18 11:41:16.021457,2026/05/18 11:41:16.061,0,NVIDIA A100-SXM-64GB,151.34,31904,98
6229,2026-05-18 11:41:16.021457,2026/05/18 11:41:16.063,1,NVIDIA A100-SXM-64GB,145.19,31922,98
6230,2026-05-18 11:41:16.021457,2026/05/18 11:41:16.066,2,NVIDIA A100-SXM-64GB,154.23,31912,98
6231,2026-05-18 11:41:16.021457,2026/05/18 11:41:16.069,3,NVIDIA A100-SXM-64GB,144.57,31846,100
6232,2026-05-18 11:41:21.107993,2026/05/18 11:41:21.149,0,NVIDIA A100-SXM-64GB,154.53,31904,100
6233,2026-05-18 11:41:21.107993,2026/05/18 11:41:21.151,1,NVIDIA A100-SXM-64GB,142.44,31922,100
6234,2026-05-18 11:41:21.107993,2026/05/18 11:41:21.154,2,NVIDIA A100-SXM-64GB,152.86,31912,99
6235,2026-05-18 11:41:21.107993,2026/05/18 11:41:21.160,3,NVIDIA A100-SXM-64GB,146.90,31846,100
6236,2026-05-18 11:41:26.193395,2026/05/18 11:41:26.233,0,NVIDIA A100-SXM-64GB,170.43,31904,100
6237,2026-05-18 11:41:26.193395,2026/05/18 11:41:26.235,1,NVIDIA A100-SXM-64GB,161.28,31922,100
6238,2026-05-18 11:41:26.193395,2026/05/18 11:41:26.238,2,NVIDIA A100-SXM-64GB,170.30,31912,100
6239,2026-05-18 11:41:26.193395,2026/05/18 11:41:26.241,3,NVIDIA A100-SXM-64GB,162.54,31846,100
6240,2026-05-18 11:41:31.275775,2026/05/18 11:41:31.315,0,NVIDIA A100-SXM-64GB,167.97,31904,100
6241,2026-05-18 11:41:31.275775,2026/05/18 11:41:31.317,1,NVIDIA A100-SXM-64GB,168.47,31922,100
6242,2026-05-18 11:41:31.275775,2026/05/18 11:41:31.320,2,NVIDIA A100-SXM-64GB,177.07,31912,100
6243,2026-05-18 11:41:31.275775,2026/05/18 11:41:31.325,3,NVIDIA A100-SXM-64GB,178.19,31846,100
6244,2026-05-18 11:41:36.358618,2026/05/18 11:41:36.398,0,NVIDIA A100-SXM-64GB,152.06,31904,98
6245,2026-05-18 11:41:36.358618,2026/05/18 11:41:36.400,1,NVIDIA A100-SXM-64GB,142.77,31922,98
6246,2026-05-18 11:41:36.358618,2026/05/18 11:41:36.403,2,NVIDIA A100-SXM-64GB,153.47,31912,100
6247,2026-05-18 11:41:36.358618,2026/05/18 11:41:36.406,3,NVIDIA A100-SXM-64GB,147.18,31846,98
6248,2026-05-18 11:41:41.439499,2026/05/18 11:41:41.480,0,NVIDIA A100-SXM-64GB,196.79,31904,98
6249,2026-05-18 11:41:41.439499,2026/05/18 11:41:41.482,1,NVIDIA A100-SXM-64GB,194.52,31922,100
6250,2026-05-18 11:41:41.439499,2026/05/18 11:41:41.485,2,NVIDIA A100-SXM-64GB,152.86,31912,100
6251,2026-05-18 11:41:41.439499,2026/05/18 11:41:41.488,3,NVIDIA A100-SXM-64GB,142.88,31846,100
6252,2026-05-18 11:41:46.525057,2026/05/18 11:41:46.564,0,NVIDIA A100-SXM-64GB,159.14,31904,100
6253,2026-05-18 11:41:46.525057,2026/05/18 11:41:46.566,1,NVIDIA A100-SXM-64GB,162.93,31922,100
6254,2026-05-18 11:41:46.525057,2026/05/18 11:41:46.570,2,NVIDIA A100-SXM-64GB,153.79,31912,100
6255,2026-05-18 11:41:46.525057,2026/05/18 11:41:46.573,3,NVIDIA A100-SXM-64GB,161.28,31846,100
6256,2026-05-18 11:41:51.606370,2026/05/18 11:41:51.646,0,NVIDIA A100-SXM-64GB,154.69,31904,98
6257,2026-05-18 11:41:51.606370,2026/05/18 11:41:51.648,1,NVIDIA A100-SXM-64GB,146.60,31922,98
6258,2026-05-18 11:41:51.606370,2026/05/18 11:41:51.651,2,NVIDIA A100-SXM-64GB,152.08,31912,100
6259,2026-05-18 11:41:51.606370,2026/05/18 11:41:51.653,3,NVIDIA A100-SXM-64GB,147.33,31846,98
6260,2026-05-18 11:41:56.687777,2026/05/18 11:41:56.727,0,NVIDIA A100-SXM-64GB,153.00,31904,97
6261,2026-05-18 11:41:56.687777,2026/05/18 11:41:56.729,1,NVIDIA A100-SXM-64GB,149.47,31922,97
6262,2026-05-18 11:41:56.687777,2026/05/18 11:41:56.733,2,NVIDIA A100-SXM-64GB,151.32,31912,97
6263,2026-05-18 11:41:56.687777,2026/05/18 11:41:56.735,3,NVIDIA A100-SXM-64GB,147.78,31846,97
6264,2026-05-18 11:42:01.768660,2026/05/18 11:42:01.808,0,NVIDIA A100-SXM-64GB,181.08,31904,100
6265,2026-05-18 11:42:01.768660,2026/05/18 11:42:01.810,1,NVIDIA A100-SXM-64GB,170.28,31922,100
6266,2026-05-18 11:42:01.768660,2026/05/18 11:42:01.813,2,NVIDIA A100-SXM-64GB,172.44,31912,100
6267,2026-05-18 11:42:01.768660,2026/05/18 11:42:01.815,3,NVIDIA A100-SXM-64GB,186.45,31846,100
6268,2026-05-18 11:42:06.848991,2026/05/18 11:42:06.888,0,NVIDIA A100-SXM-64GB,187.83,31904,100
6269,2026-05-18 11:42:06.848991,2026/05/18 11:42:06.891,1,NVIDIA A100-SXM-64GB,175.92,31922,100
6270,2026-05-18 11:42:06.848991,2026/05/18 11:42:06.893,2,NVIDIA A100-SXM-64GB,149.50,31912,100
6271,2026-05-18 11:42:06.848991,2026/05/18 11:42:06.896,3,NVIDIA A100-SXM-64GB,170.30,31846,100
6272,2026-05-18 11:42:11.930233,2026/05/18 11:42:11.969,0,NVIDIA A100-SXM-64GB,169.78,31904,100
6273,2026-05-18 11:42:11.930233,2026/05/18 11:42:11.971,1,NVIDIA A100-SXM-64GB,171.04,31922,100
6274,2026-05-18 11:42:11.930233,2026/05/18 11:42:11.974,2,NVIDIA A100-SXM-64GB,185.93,31912,100
6275,2026-05-18 11:42:11.930233,2026/05/18 11:42:11.976,3,NVIDIA A100-SXM-64GB,178.19,31846,100
6276,2026-05-18 11:42:17.009956,2026/05/18 11:42:17.049,0,NVIDIA A100-SXM-64GB,182.34,31904,100
6277,2026-05-18 11:42:17.009956,2026/05/18 11:42:17.051,1,NVIDIA A100-SXM-64GB,168.15,31922,100
6278,2026-05-18 11:42:17.009956,2026/05/18 11:42:17.054,2,NVIDIA A100-SXM-64GB,182.11,31912,100
6279,2026-05-18 11:42:17.009956,2026/05/18 11:42:17.060,3,NVIDIA A100-SXM-64GB,168.05,31846,100
6280,2026-05-18 11:42:22.094537,2026/05/18 11:42:22.134,0,NVIDIA A100-SXM-64GB,180.48,31904,100
6281,2026-05-18 11:42:22.094537,2026/05/18 11:42:22.136,1,NVIDIA A100-SXM-64GB,154.08,31922,100
6282,2026-05-18 11:42:22.094537,2026/05/18 11:42:22.139,2,NVIDIA A100-SXM-64GB,152.86,31912,100
6283,2026-05-18 11:42:22.094537,2026/05/18 11:42:22.141,3,NVIDIA A100-SXM-64GB,162.82,31846,91
6284,2026-05-18 11:42:27.175243,2026/05/18 11:42:27.214,0,NVIDIA A100-SXM-64GB,178.06,31904,100
6285,2026-05-18 11:42:27.175243,2026/05/18 11:42:27.216,1,NVIDIA A100-SXM-64GB,178.94,31922,100
6286,2026-05-18 11:42:27.175243,2026/05/18 11:42:27.220,2,NVIDIA A100-SXM-64GB,186.26,31912,100
6287,2026-05-18 11:42:27.175243,2026/05/18 11:42:27.223,3,NVIDIA A100-SXM-64GB,180.95,31846,100
6288,2026-05-18 11:42:32.257021,2026/05/18 11:42:32.296,0,NVIDIA A100-SXM-64GB,184.76,31904,100
6289,2026-05-18 11:42:32.257021,2026/05/18 11:42:32.299,1,NVIDIA A100-SXM-64GB,158.04,31922,100
6290,2026-05-18 11:42:32.257021,2026/05/18 11:42:32.303,2,NVIDIA A100-SXM-64GB,216.96,31912,100
6291,2026-05-18 11:42:32.257021,2026/05/18 11:42:32.309,3,NVIDIA A100-SXM-64GB,187.66,31846,100
6292,2026-05-18 11:42:37.342622,2026/05/18 11:42:37.382,0,NVIDIA A100-SXM-64GB,153.48,31904,100
6293,2026-05-18 11:42:37.342622,2026/05/18 11:42:37.384,1,NVIDIA A100-SXM-64GB,177.04,31922,100
6294,2026-05-18 11:42:37.342622,2026/05/18 11:42:37.389,2,NVIDIA A100-SXM-64GB,196.99,31912,100
6295,2026-05-18 11:42:37.342622,2026/05/18 11:42:37.391,3,NVIDIA A100-SXM-64GB,190.14,31846,100
6296,2026-05-18 11:42:42.428704,2026/05/18 11:42:42.471,0,NVIDIA A100-SXM-64GB,189.36,31904,100
6297,2026-05-18 11:42:42.428704,2026/05/18 11:42:42.474,1,NVIDIA A100-SXM-64GB,176.85,31922,100
6298,2026-05-18 11:42:42.428704,2026/05/18 11:42:42.476,2,NVIDIA A100-SXM-64GB,183.93,31912,100
6299,2026-05-18 11:42:42.428704,2026/05/18 11:42:42.479,3,NVIDIA A100-SXM-64GB,156.71,31846,100
6300,2026-05-18 11:42:47.512130,2026/05/18 11:42:47.552,0,NVIDIA A100-SXM-64GB,156.34,31904,98
6301,2026-05-18 11:42:47.512130,2026/05/18 11:42:47.554,1,NVIDIA A100-SXM-64GB,143.04,31922,99
6302,2026-05-18 11:42:47.512130,2026/05/18 11:42:47.557,2,NVIDIA A100-SXM-64GB,153.79,31912,98
6303,2026-05-18 11:42:47.512130,2026/05/18 11:42:47.559,3,NVIDIA A100-SXM-64GB,142.88,31846,98
6304,2026-05-18 11:42:52.593322,2026/05/18 11:42:52.633,0,NVIDIA A100-SXM-64GB,155.74,31904,98
6305,2026-05-18 11:42:52.593322,2026/05/18 11:42:52.636,1,NVIDIA A100-SXM-64GB,145.19,31922,100
6306,2026-05-18 11:42:52.593322,2026/05/18 11:42:52.638,2,NVIDIA A100-SXM-64GB,148.90,31912,98
6307,2026-05-18 11:42:52.593322,2026/05/18 11:42:52.641,3,NVIDIA A100-SXM-64GB,145.03,31846,100
6308,2026-05-18 11:42:57.674804,2026/05/18 11:42:57.714,0,NVIDIA A100-SXM-64GB,180.81,31904,100
6309,2026-05-18 11:42:57.674804,2026/05/18 11:42:57.716,1,NVIDIA A100-SXM-64GB,180.81,31922,100
6310,2026-05-18 11:42:57.674804,2026/05/18 11:42:57.719,2,NVIDIA A100-SXM-64GB,159.90,31912,100
6311,2026-05-18 11:42:57.674804,2026/05/18 11:42:57.722,3,NVIDIA A100-SXM-64GB,158.36,31846,100
6312,2026-05-18 11:43:02.755609,2026/05/18 11:43:02.795,0,NVIDIA A100-SXM-64GB,177.74,31904,100
6313,2026-05-18 11:43:02.755609,2026/05/18 11:43:02.798,1,NVIDIA A100-SXM-64GB,136.02,31922,100
6314,2026-05-18 11:43:02.755609,2026/05/18 11:43:02.800,2,NVIDIA A100-SXM-64GB,178.01,31912,100
6315,2026-05-18 11:43:02.755609,2026/05/18 11:43:02.803,3,NVIDIA A100-SXM-64GB,181.55,31846,100
6316,2026-05-18 11:43:07.836833,2026/05/18 11:43:07.876,0,NVIDIA A100-SXM-64GB,152.87,31904,98
6317,2026-05-18 11:43:07.836833,2026/05/18 11:43:07.879,1,NVIDIA A100-SXM-64GB,135.42,31922,100
6318,2026-05-18 11:43:07.836833,2026/05/18 11:43:07.882,2,NVIDIA A100-SXM-64GB,149.78,31912,97
6319,2026-05-18 11:43:07.836833,2026/05/18 11:43:07.886,3,NVIDIA A100-SXM-64GB,143.21,31846,100
6320,2026-05-18 11:43:12.920639,2026/05/18 11:43:12.960,0,NVIDIA A100-SXM-64GB,198.32,31904,100
6321,2026-05-18 11:43:12.920639,2026/05/18 11:43:12.963,1,NVIDIA A100-SXM-64GB,182.01,31922,100
6322,2026-05-18 11:43:12.920639,2026/05/18 11:43:12.967,2,NVIDIA A100-SXM-64GB,199.21,31912,100
6323,2026-05-18 11:43:12.920639,2026/05/18 11:43:12.970,3,NVIDIA A100-SXM-64GB,170.63,31846,100
6324,2026-05-18 11:43:18.003599,2026/05/18 11:43:18.047,0,NVIDIA A100-SXM-64GB,173.28,31904,100
6325,2026-05-18 11:43:18.003599,2026/05/18 11:43:18.055,1,NVIDIA A100-SXM-64GB,185.69,31922,98
6326,2026-05-18 11:43:18.003599,2026/05/18 11:43:18.058,2,NVIDIA A100-SXM-64GB,171.07,31912,58
6327,2026-05-18 11:43:18.003599,2026/05/18 11:43:18.060,3,NVIDIA A100-SXM-64GB,177.67,31846,78
6328,2026-05-18 11:43:23.094731,2026/05/18 11:43:23.135,0,NVIDIA A100-SXM-64GB,144.16,31904,98
6329,2026-05-18 11:43:23.094731,2026/05/18 11:43:23.138,1,NVIDIA A100-SXM-64GB,159.41,31922,98
6330,2026-05-18 11:43:23.094731,2026/05/18 11:43:23.141,2,NVIDIA A100-SXM-64GB,138.17,31912,100
6331,2026-05-18 11:43:23.094731,2026/05/18 11:43:23.143,3,NVIDIA A100-SXM-64GB,143.21,31846,100
6332,2026-05-18 11:43:28.178578,2026/05/18 11:43:28.218,0,NVIDIA A100-SXM-64GB,157.87,31904,98
6333,2026-05-18 11:43:28.178578,2026/05/18 11:43:28.220,1,NVIDIA A100-SXM-64GB,143.83,31922,98
6334,2026-05-18 11:43:28.178578,2026/05/18 11:43:28.223,2,NVIDIA A100-SXM-64GB,152.53,31912,99
6335,2026-05-18 11:43:28.178578,2026/05/18 11:43:28.230,3,NVIDIA A100-SXM-64GB,144.15,31846,98
6336,2026-05-18 11:43:33.264349,2026/05/18 11:43:33.304,0,NVIDIA A100-SXM-64GB,171.32,31904,100
6337,2026-05-18 11:43:33.264349,2026/05/18 11:43:33.306,1,NVIDIA A100-SXM-64GB,191.18,31922,100
6338,2026-05-18 11:43:33.264349,2026/05/18 11:43:33.313,2,NVIDIA A100-SXM-64GB,151.93,31912,100
6339,2026-05-18 11:43:33.264349,2026/05/18 11:43:33.315,3,NVIDIA A100-SXM-64GB,168.33,31846,100
6340,2026-05-18 11:43:38.352519,2026/05/18 11:43:38.392,0,NVIDIA A100-SXM-64GB,176.85,31904,100
6341,2026-05-18 11:43:38.352519,2026/05/18 11:43:38.396,1,NVIDIA A100-SXM-64GB,176.20,31922,100
6342,2026-05-18 11:43:38.352519,2026/05/18 11:43:38.398,2,NVIDIA A100-SXM-64GB,189.42,31912,100
6343,2026-05-18 11:43:38.352519,2026/05/18 11:43:38.401,3,NVIDIA A100-SXM-64GB,175.26,31846,100
6344,2026-05-18 11:43:43.434832,2026/05/18 11:43:43.474,0,NVIDIA A100-SXM-64GB,164.62,31904,100
6345,2026-05-18 11:43:43.434832,2026/05/18 11:43:43.476,1,NVIDIA A100-SXM-64GB,146.57,31922,100
6346,2026-05-18 11:43:43.434832,2026/05/18 11:43:43.479,2,NVIDIA A100-SXM-64GB,164.63,31912,100
6347,2026-05-18 11:43:43.434832,2026/05/18 11:43:43.481,3,NVIDIA A100-SXM-64GB,154.07,31846,100
6348,2026-05-18 11:43:48.515989,2026/05/18 11:43:48.555,0,NVIDIA A100-SXM-64GB,153.32,31904,100
6349,2026-05-18 11:43:48.515989,2026/05/18 11:43:48.558,1,NVIDIA A100-SXM-64GB,139.88,31922,98
6350,2026-05-18 11:43:48.515989,2026/05/18 11:43:48.560,2,NVIDIA A100-SXM-64GB,155.61,31912,98
6351,2026-05-18 11:43:48.515989,2026/05/18 11:43:48.563,3,NVIDIA A100-SXM-64GB,146.29,31846,98
6352,2026-05-18 11:43:53.596863,2026/05/18 11:43:53.636,0,NVIDIA A100-SXM-64GB,187.03,31904,100
6353,2026-05-18 11:43:53.596863,2026/05/18 11:43:53.638,1,NVIDIA A100-SXM-64GB,143.56,31922,99
6354,2026-05-18 11:43:53.596863,2026/05/18 11:43:53.641,2,NVIDIA A100-SXM-64GB,185.13,31912,100
6355,2026-05-18 11:43:53.596863,2026/05/18 11:43:53.643,3,NVIDIA A100-SXM-64GB,170.96,31846,100
6356,2026-05-18 11:43:58.677723,2026/05/18 11:43:58.717,0,NVIDIA A100-SXM-64GB,147.99,31904,100
6357,2026-05-18 11:43:58.677723,2026/05/18 11:43:58.719,1,NVIDIA A100-SXM-64GB,146.12,31922,100
6358,2026-05-18 11:43:58.677723,2026/05/18 11:43:58.722,2,NVIDIA A100-SXM-64GB,147.96,31912,99
6359,2026-05-18 11:43:58.677723,2026/05/18 11:43:58.725,3,NVIDIA A100-SXM-64GB,136.57,31846,98
6360,2026-05-18 11:44:03.759523,2026/05/18 11:44:03.799,0,NVIDIA A100-SXM-64GB,156.67,31904,100
6361,2026-05-18 11:44:03.759523,2026/05/18 11:44:03.802,1,NVIDIA A100-SXM-64GB,143.56,31922,98
6362,2026-05-18 11:44:03.759523,2026/05/18 11:44:03.804,2,NVIDIA A100-SXM-64GB,147.03,31912,98
6363,2026-05-18 11:44:03.759523,2026/05/18 11:44:03.807,3,NVIDIA A100-SXM-64GB,143.82,31846,98
6364,2026-05-18 11:44:08.840899,2026/05/18 11:44:08.880,0,NVIDIA A100-SXM-64GB,158.48,31904,100
6365,2026-05-18 11:44:08.840899,2026/05/18 11:44:08.882,1,NVIDIA A100-SXM-64GB,147.51,31922,100
6366,2026-05-18 11:44:08.840899,2026/05/18 11:44:08.885,2,NVIDIA A100-SXM-64GB,180.58,31912,100
6367,2026-05-18 11:44:08.840899,2026/05/18 11:44:08.887,3,NVIDIA A100-SXM-64GB,145.36,31846,100
6368,2026-05-18 11:44:13.921580,2026/05/18 11:44:13.965,0,NVIDIA A100-SXM-64GB,184.15,31904,100
6369,2026-05-18 11:44:13.921580,2026/05/18 11:44:13.967,1,NVIDIA A100-SXM-64GB,169.78,31922,93
6370,2026-05-18 11:44:13.921580,2026/05/18 11:44:13.970,2,NVIDIA A100-SXM-64GB,194.65,31912,48
6371,2026-05-18 11:44:13.921580,2026/05/18 11:44:13.973,3,NVIDIA A100-SXM-64GB,166.51,31846,66
6372,2026-05-18 11:44:19.015688,2026/05/18 11:44:19.055,0,NVIDIA A100-SXM-64GB,163.69,31904,100
6373,2026-05-18 11:44:19.015688,2026/05/18 11:44:19.057,1,NVIDIA A100-SXM-64GB,145.98,31922,100
6374,2026-05-18 11:44:19.015688,2026/05/18 11:44:19.060,2,NVIDIA A100-SXM-64GB,184.86,31912,100
6375,2026-05-18 11:44:19.015688,2026/05/18 11:44:19.062,3,NVIDIA A100-SXM-64GB,153.01,31846,100
6376,2026-05-18 11:44:24.097383,2026/05/18 11:44:24.137,0,NVIDIA A100-SXM-64GB,156.34,31904,98
6377,2026-05-18 11:44:24.097383,2026/05/18 11:44:24.139,1,NVIDIA A100-SXM-64GB,142.44,31922,100
6378,2026-05-18 11:44:24.097383,2026/05/18 11:44:24.142,2,NVIDIA A100-SXM-64GB,151.32,31912,98
6379,2026-05-18 11:44:24.097383,2026/05/18 11:44:24.144,3,NVIDIA A100-SXM-64GB,142.61,31846,98
6380,2026-05-18 11:44:29.178397,2026/05/18 11:44:29.218,0,NVIDIA A100-SXM-64GB,157.87,31904,100
6381,2026-05-18 11:44:29.178397,2026/05/18 11:44:29.220,1,NVIDIA A100-SXM-64GB,143.23,31922,100
6382,2026-05-18 11:44:29.178397,2026/05/18 11:44:29.223,2,NVIDIA A100-SXM-64GB,154.40,31912,97
6383,2026-05-18 11:44:29.178397,2026/05/18 11:44:29.225,3,NVIDIA A100-SXM-64GB,142.27,31846,99
6384,2026-05-18 11:44:34.262955,2026/05/18 11:44:34.314,0,NVIDIA A100-SXM-64GB,191.58,31904,100
6385,2026-05-18 11:44:34.262955,2026/05/18 11:44:34.316,1,NVIDIA A100-SXM-64GB,138.16,31922,100
6386,2026-05-18 11:44:34.262955,2026/05/18 11:44:34.319,2,NVIDIA A100-SXM-64GB,138.17,31912,100
6387,2026-05-18 11:44:34.262955,2026/05/18 11:44:34.322,3,NVIDIA A100-SXM-64GB,168.66,31846,100
6388,2026-05-18 11:44:39.356488,2026/05/18 11:44:39.396,0,NVIDIA A100-SXM-64GB,155.74,31904,98
6389,2026-05-18 11:44:39.356488,2026/05/18 11:44:39.398,1,NVIDIA A100-SXM-64GB,146.73,31922,100
6390,2026-05-18 11:44:39.356488,2026/05/18 11:44:39.401,2,NVIDIA A100-SXM-64GB,147.03,31912,98
6391,2026-05-18 11:44:39.356488,2026/05/18 11:44:39.404,3,NVIDIA A100-SXM-64GB,144.42,31846,98
6392,2026-05-18 11:44:44.437365,2026/05/18 11:44:44.477,0,NVIDIA A100-SXM-64GB,151.34,31904,98
6393,2026-05-18 11:44:44.437365,2026/05/18 11:44:44.479,1,NVIDIA A100-SXM-64GB,145.19,31922,98
6394,2026-05-18 11:44:44.437365,2026/05/18 11:44:44.483,2,NVIDIA A100-SXM-64GB,154.07,31912,100
6395,2026-05-18 11:44:44.437365,2026/05/18 11:44:44.486,3,NVIDIA A100-SXM-64GB,147.05,31846,100
6396,2026-05-18 11:44:49.519961,2026/05/18 11:44:49.559,0,NVIDIA A100-SXM-64GB,183.88,31904,100
6397,2026-05-18 11:44:49.519961,2026/05/18 11:44:49.564,1,NVIDIA A100-SXM-64GB,172.58,31922,100
6398,2026-05-18 11:44:49.519961,2026/05/18 11:44:49.567,2,NVIDIA A100-SXM-64GB,174.59,31912,100
6399,2026-05-18 11:44:49.519961,2026/05/18 11:44:49.569,3,NVIDIA A100-SXM-64GB,179.21,31846,100
6400,2026-05-18 11:44:54.603708,2026/05/18 11:44:54.643,0,NVIDIA A100-SXM-64GB,189.44,31904,100
6401,2026-05-18 11:44:54.603708,2026/05/18 11:44:54.646,1,NVIDIA A100-SXM-64GB,179.87,31922,100
6402,2026-05-18 11:44:54.603708,2026/05/18 11:44:54.649,2,NVIDIA A100-SXM-64GB,156.55,31912,100
6403,2026-05-18 11:44:54.603708,2026/05/18 11:44:54.652,3,NVIDIA A100-SXM-64GB,173.99,31846,100
6404,2026-05-18 11:44:59.686736,2026/05/18 11:44:59.739,0,NVIDIA A100-SXM-64GB,155.74,31904,98
6405,2026-05-18 11:44:59.686736,2026/05/18 11:44:59.742,1,NVIDIA A100-SXM-64GB,142.30,31922,98
6406,2026-05-18 11:44:59.686736,2026/05/18 11:44:59.746,2,NVIDIA A100-SXM-64GB,154.07,31912,100
6407,2026-05-18 11:44:59.686736,2026/05/18 11:44:59.749,3,NVIDIA A100-SXM-64GB,141.67,31846,100
6408,2026-05-18 11:45:04.782822,2026/05/18 11:45:04.822,0,NVIDIA A100-SXM-64GB,155.90,31904,99
6409,2026-05-18 11:45:04.782822,2026/05/18 11:45:04.825,1,NVIDIA A100-SXM-64GB,141.56,31922,97
6410,2026-05-18 11:45:04.782822,2026/05/18 11:45:04.828,2,NVIDIA A100-SXM-64GB,152.53,31912,100
6411,2026-05-18 11:45:04.782822,2026/05/18 11:45:04.831,3,NVIDIA A100-SXM-64GB,143.48,31846,100
6412,2026-05-18 11:45:09.864767,2026/05/18 11:45:09.904,0,NVIDIA A100-SXM-64GB,171.91,31904,98
6413,2026-05-18 11:45:09.864767,2026/05/18 11:45:09.907,1,NVIDIA A100-SXM-64GB,165.50,31922,100
6414,2026-05-18 11:45:09.864767,2026/05/18 11:45:09.911,2,NVIDIA A100-SXM-64GB,185.13,31912,100
6415,2026-05-18 11:45:09.864767,2026/05/18 11:45:09.914,3,NVIDIA A100-SXM-64GB,169.87,31846,100
6416,2026-05-18 11:45:14.948008,2026/05/18 11:45:14.987,0,NVIDIA A100-SXM-64GB,184.57,31904,100
6417,2026-05-18 11:45:14.948008,2026/05/18 11:45:14.992,1,NVIDIA A100-SXM-64GB,165.50,31922,100
6418,2026-05-18 11:45:14.948008,2026/05/18 11:45:14.995,2,NVIDIA A100-SXM-64GB,171.39,31912,100
6419,2026-05-18 11:45:14.948008,2026/05/18 11:45:14.997,3,NVIDIA A100-SXM-64GB,170.30,31846,100
6420,2026-05-18 11:45:20.033897,2026/05/18 11:45:20.074,0,NVIDIA A100-SXM-64GB,156.34,31904,100
6421,2026-05-18 11:45:20.033897,2026/05/18 11:45:20.077,1,NVIDIA A100-SXM-64GB,147.84,31922,98
6422,2026-05-18 11:45:20.033897,2026/05/18 11:45:20.079,2,NVIDIA A100-SXM-64GB,154.40,31912,100
6423,2026-05-18 11:45:20.033897,2026/05/18 11:45:20.082,3,NVIDIA A100-SXM-64GB,143.48,31846,98
6424,2026-05-18 11:45:25.117632,2026/05/18 11:45:25.157,0,NVIDIA A100-SXM-64GB,189.63,31904,100
6425,2026-05-18 11:45:25.117632,2026/05/18 11:45:25.159,1,NVIDIA A100-SXM-64GB,175.17,31922,100
6426,2026-05-18 11:45:25.117632,2026/05/18 11:45:25.162,2,NVIDIA A100-SXM-64GB,188.40,31912,100
6427,2026-05-18 11:45:25.117632,2026/05/18 11:45:25.165,3,NVIDIA A100-SXM-64GB,173.29,31846,100
6428,2026-05-18 11:45:30.199031,2026/05/18 11:45:30.238,0,NVIDIA A100-SXM-64GB,170.43,31904,100
6429,2026-05-18 11:45:30.199031,2026/05/18 11:45:30.240,1,NVIDIA A100-SXM-64GB,148.11,31922,100
6430,2026-05-18 11:45:30.199031,2026/05/18 11:45:30.243,2,NVIDIA A100-SXM-64GB,152.53,31912,100
6431,2026-05-18 11:45:30.199031,2026/05/18 11:45:30.245,3,NVIDIA A100-SXM-64GB,165.74,31846,100
6432,2026-05-18 11:45:35.279333,2026/05/18 11:45:35.319,0,NVIDIA A100-SXM-64GB,155.46,31904,100
6433,2026-05-18 11:45:35.279333,2026/05/18 11:45:35.321,1,NVIDIA A100-SXM-64GB,146.30,31922,98
6434,2026-05-18 11:45:35.279333,2026/05/18 11:45:35.324,2,NVIDIA A100-SXM-64GB,151.32,31912,98
6435,2026-05-18 11:45:35.279333,2026/05/18 11:45:35.326,3,NVIDIA A100-SXM-64GB,144.42,31846,98
6436,2026-05-18 11:45:40.360939,2026/05/18 11:45:40.400,0,NVIDIA A100-SXM-64GB,157.27,31904,99
6437,2026-05-18 11:45:40.360939,2026/05/18 11:45:40.402,1,NVIDIA A100-SXM-64GB,146.57,31922,97
6438,2026-05-18 11:45:40.360939,2026/05/18 11:45:40.405,2,NVIDIA A100-SXM-64GB,151.49,31912,97
6439,2026-05-18 11:45:40.360939,2026/05/18 11:45:40.407,3,NVIDIA A100-SXM-64GB,145.03,31846,97
6440,2026-05-18 11:45:45.442420,2026/05/18 11:45:45.483,0,NVIDIA A100-SXM-64GB,174.81,31904,100
6441,2026-05-18 11:45:45.442420,2026/05/18 11:45:45.486,1,NVIDIA A100-SXM-64GB,176.53,31922,100
6442,2026-05-18 11:45:45.442420,2026/05/18 11:45:45.488,2,NVIDIA A100-SXM-64GB,181.45,31912,100
6443,2026-05-18 11:45:45.442420,2026/05/18 11:45:45.491,3,NVIDIA A100-SXM-64GB,167.55,31846,100
6444,2026-05-18 11:45:50.524885,2026/05/18 11:45:50.564,0,NVIDIA A100-SXM-64GB,145.19,31904,100
6445,2026-05-18 11:45:50.524885,2026/05/18 11:45:50.566,1,NVIDIA A100-SXM-64GB,178.85,31922,100
6446,2026-05-18 11:45:50.524885,2026/05/18 11:45:50.569,2,NVIDIA A100-SXM-64GB,163.76,31912,100
6447,2026-05-18 11:45:50.524885,2026/05/18 11:45:50.571,3,NVIDIA A100-SXM-64GB,171.13,31846,100
6448,2026-05-18 11:45:55.605116,2026/05/18 11:45:55.644,0,NVIDIA A100-SXM-64GB,155.46,31904,98
6449,2026-05-18 11:45:55.605116,2026/05/18 11:45:55.646,1,NVIDIA A100-SXM-64GB,148.26,31922,100
6450,2026-05-18 11:45:55.605116,2026/05/18 11:45:55.649,2,NVIDIA A100-SXM-64GB,151.65,31912,98
6451,2026-05-18 11:45:55.605116,2026/05/18 11:45:55.652,3,NVIDIA A100-SXM-64GB,146.90,31846,98
6452,2026-05-18 11:46:00.686282,2026/05/18 11:46:00.725,0,NVIDIA A100-SXM-64GB,157.00,31904,98
6453,2026-05-18 11:46:00.686282,2026/05/18 11:46:00.727,1,NVIDIA A100-SXM-64GB,148.87,31922,100
6454,2026-05-18 11:46:00.686282,2026/05/18 11:46:00.730,2,NVIDIA A100-SXM-64GB,150.72,31912,98
6455,2026-05-18 11:46:00.686282,2026/05/18 11:46:00.732,3,NVIDIA A100-SXM-64GB,146.57,31846,99
6456,2026-05-18 11:46:05.766746,2026/05/18 11:46:05.806,0,NVIDIA A100-SXM-64GB,176.53,31904,100
6457,2026-05-18 11:46:05.766746,2026/05/18 11:46:05.809,1,NVIDIA A100-SXM-64GB,161.88,31922,100
6458,2026-05-18 11:46:05.766746,2026/05/18 11:46:05.812,2,NVIDIA A100-SXM-64GB,163.09,31912,100
6459,2026-05-18 11:46:05.766746,2026/05/18 11:46:05.815,3,NVIDIA A100-SXM-64GB,144.42,31846,99
6460,2026-05-18 11:46:10.849221,2026/05/18 11:46:10.888,0,NVIDIA A100-SXM-64GB,173.79,31904,100
6461,2026-05-18 11:46:10.849221,2026/05/18 11:46:10.890,1,NVIDIA A100-SXM-64GB,180.66,31922,100
6462,2026-05-18 11:46:10.849221,2026/05/18 11:46:10.894,2,NVIDIA A100-SXM-64GB,172.78,31912,100
6463,2026-05-18 11:46:10.849221,2026/05/18 11:46:10.897,3,NVIDIA A100-SXM-64GB,180.34,31846,100
6464,2026-05-18 11:46:15.933035,2026/05/18 11:46:15.972,0,NVIDIA A100-SXM-64GB,150.25,31904,100
6465,2026-05-18 11:46:15.933035,2026/05/18 11:46:15.975,1,NVIDIA A100-SXM-64GB,175.59,31922,100
6466,2026-05-18 11:46:15.933035,2026/05/18 11:46:15.977,2,NVIDIA A100-SXM-64GB,158.09,31912,100
6467,2026-05-18 11:46:15.933035,2026/05/18 11:46:15.980,3,NVIDIA A100-SXM-64GB,149.66,31846,100
6468,2026-05-18 11:46:21.014316,2026/05/18 11:46:21.054,0,NVIDIA A100-SXM-64GB,187.50,31904,100
6469,2026-05-18 11:46:21.014316,2026/05/18 11:46:21.056,1,NVIDIA A100-SXM-64GB,186.02,31922,100
6470,2026-05-18 11:46:21.014316,2026/05/18 11:46:21.059,2,NVIDIA A100-SXM-64GB,194.65,31912,100
6471,2026-05-18 11:46:21.014316,2026/05/18 11:46:21.061,3,NVIDIA A100-SXM-64GB,186.87,31846,100
6472,2026-05-18 11:46:26.095567,2026/05/18 11:46:26.135,0,NVIDIA A100-SXM-64GB,182.01,31904,100
6473,2026-05-18 11:46:26.095567,2026/05/18 11:46:26.139,1,NVIDIA A100-SXM-64GB,172.25,31922,100
6474,2026-05-18 11:46:26.095567,2026/05/18 11:46:26.142,2,NVIDIA A100-SXM-64GB,185.46,31912,100
6475,2026-05-18 11:46:26.095567,2026/05/18 11:46:26.148,3,NVIDIA A100-SXM-64GB,167.55,31846,100
6476,2026-05-18 11:46:31.182420,2026/05/18 11:46:31.223,0,NVIDIA A100-SXM-64GB,152.87,31904,98
6477,2026-05-18 11:46:31.182420,2026/05/18 11:46:31.225,1,NVIDIA A100-SXM-64GB,144.58,31922,98
6478,2026-05-18 11:46:31.182420,2026/05/18 11:46:31.228,2,NVIDIA A100-SXM-64GB,150.43,31912,98
6479,2026-05-18 11:46:31.182420,2026/05/18 11:46:31.230,3,NVIDIA A100-SXM-64GB,143.48,31846,98
6480,2026-05-18 11:46:36.265137,2026/05/18 11:46:36.305,0,NVIDIA A100-SXM-64GB,153.00,31904,98
6481,2026-05-18 11:46:36.265137,2026/05/18 11:46:36.307,1,NVIDIA A100-SXM-64GB,144.92,31922,98
6482,2026-05-18 11:46:36.265137,2026/05/18 11:46:36.310,2,NVIDIA A100-SXM-64GB,154.40,31912,100
6483,2026-05-18 11:46:36.265137,2026/05/18 11:46:36.312,3,NVIDIA A100-SXM-64GB,149.05,31846,100
6484,2026-05-18 11:46:41.347897,2026/05/18 11:46:41.399,0,NVIDIA A100-SXM-64GB,155.74,31904,100
6485,2026-05-18 11:46:41.347897,2026/05/18 11:46:41.401,1,NVIDIA A100-SXM-64GB,144.92,31922,100
6486,2026-05-18 11:46:41.347897,2026/05/18 11:46:41.404,2,NVIDIA A100-SXM-64GB,156.82,31912,100
6487,2026-05-18 11:46:41.347897,2026/05/18 11:46:41.407,3,NVIDIA A100-SXM-64GB,155.49,31846,100
6488,2026-05-18 11:46:46.441032,2026/05/18 11:46:46.480,0,NVIDIA A100-SXM-64GB,165.83,31904,100
6489,2026-05-18 11:46:46.441032,2026/05/18 11:46:46.483,1,NVIDIA A100-SXM-64GB,132.67,31922,98
6490,2026-05-18 11:46:46.441032,2026/05/18 11:46:46.485,2,NVIDIA A100-SXM-64GB,143.06,31912,100
6491,2026-05-18 11:46:46.441032,2026/05/18 11:46:46.488,3,NVIDIA A100-SXM-64GB,141.34,31846,100
6492,2026-05-18 11:46:51.522411,2026/05/18 11:46:51.562,0,NVIDIA A100-SXM-64GB,157.27,31904,97
6493,2026-05-18 11:46:51.522411,2026/05/18 11:46:51.564,1,NVIDIA A100-SXM-64GB,140.03,31922,97
6494,2026-05-18 11:46:51.522411,2026/05/18 11:46:51.567,2,NVIDIA A100-SXM-64GB,140.31,31912,97
6495,2026-05-18 11:46:51.522411,2026/05/18 11:46:51.570,3,NVIDIA A100-SXM-64GB,147.18,31846,97
6496,2026-05-18 11:46:56.604128,2026/05/18 11:46:56.643,0,NVIDIA A100-SXM-64GB,183.88,31904,100
6497,2026-05-18 11:46:56.604128,2026/05/18 11:46:56.645,1,NVIDIA A100-SXM-64GB,182.34,31922,100
6498,2026-05-18 11:46:56.604128,2026/05/18 11:46:56.648,2,NVIDIA A100-SXM-64GB,194.92,31912,100
6499,2026-05-18 11:46:56.604128,2026/05/18 11:46:56.651,3,NVIDIA A100-SXM-64GB,174.59,31846,100
6500,2026-05-18 11:47:01.688590,2026/05/18 11:47:01.735,0,NVIDIA A100-SXM-64GB,156.23,31904,84
6501,2026-05-18 11:47:01.688590,2026/05/18 11:47:01.738,1,NVIDIA A100-SXM-64GB,159.91,31922,44
6502,2026-05-18 11:47:01.688590,2026/05/18 11:47:01.740,2,NVIDIA A100-SXM-64GB,151.93,31912,75
6503,2026-05-18 11:47:01.688590,2026/05/18 11:47:01.743,3,NVIDIA A100-SXM-64GB,176.64,31846,80
6504,2026-05-18 11:47:06.777531,2026/05/18 11:47:06.817,0,NVIDIA A100-SXM-64GB,190.30,31904,100
6505,2026-05-18 11:47:06.777531,2026/05/18 11:47:06.819,1,NVIDIA A100-SXM-64GB,181.41,31922,100
6506,2026-05-18 11:47:06.777531,2026/05/18 11:47:06.822,2,NVIDIA A100-SXM-64GB,186.07,31912,100
6507,2026-05-18 11:47:06.777531,2026/05/18 11:47:06.824,3,NVIDIA A100-SXM-64GB,164.19,31846,100
6508,2026-05-18 11:47:11.859578,2026/05/18 11:47:11.899,0,NVIDIA A100-SXM-64GB,178.34,31904,100
6509,2026-05-18 11:47:11.859578,2026/05/18 11:47:11.901,1,NVIDIA A100-SXM-64GB,174.06,31922,100
6510,2026-05-18 11:47:11.859578,2026/05/18 11:47:11.904,2,NVIDIA A100-SXM-64GB,177.07,31912,100
6511,2026-05-18 11:47:11.859578,2026/05/18 11:47:11.906,3,NVIDIA A100-SXM-64GB,166.84,31846,98
6512,2026-05-18 11:47:16.941047,2026/05/18 11:47:16.980,0,NVIDIA A100-SXM-64GB,182.76,31904,100
6513,2026-05-18 11:47:16.941047,2026/05/18 11:47:16.982,1,NVIDIA A100-SXM-64GB,178.66,31922,100
6514,2026-05-18 11:47:16.941047,2026/05/18 11:47:16.985,2,NVIDIA A100-SXM-64GB,151.04,31912,100
6515,2026-05-18 11:47:16.941047,2026/05/18 11:47:16.988,3,NVIDIA A100-SXM-64GB,146.90,31846,100
6516,2026-05-18 11:47:22.025911,2026/05/18 11:47:22.065,0,NVIDIA A100-SXM-64GB,183.22,31904,100
6517,2026-05-18 11:47:22.025911,2026/05/18 11:47:22.067,1,NVIDIA A100-SXM-64GB,186.89,31922,100
6518,2026-05-18 11:47:22.025911,2026/05/18 11:47:22.070,2,NVIDIA A100-SXM-64GB,193.63,31912,100
6519,2026-05-18 11:47:22.025911,2026/05/18 11:47:22.072,3,NVIDIA A100-SXM-64GB,186.87,31846,100
6520,2026-05-18 11:47:27.106524,2026/05/18 11:47:27.146,0,NVIDIA A100-SXM-64GB,179.27,31904,100
6521,2026-05-18 11:47:27.106524,2026/05/18 11:47:27.148,1,NVIDIA A100-SXM-64GB,145.19,31922,100
6522,2026-05-18 11:47:27.106524,2026/05/18 11:47:27.151,2,NVIDIA A100-SXM-64GB,161.78,31912,100
6523,2026-05-18 11:47:27.106524,2026/05/18 11:47:27.154,3,NVIDIA A100-SXM-64GB,170.48,31846,100
6524,2026-05-18 11:47:32.188658,2026/05/18 11:47:32.240,0,NVIDIA A100-SXM-64GB,151.34,31904,98
6525,2026-05-18 11:47:32.188658,2026/05/18 11:47:32.242,1,NVIDIA A100-SXM-64GB,146.12,31922,100
6526,2026-05-18 11:47:32.188658,2026/05/18 11:47:32.245,2,NVIDIA A100-SXM-64GB,151.80,31912,98
6527,2026-05-18 11:47:32.188658,2026/05/18 11:47:32.248,3,NVIDIA A100-SXM-64GB,141.49,31846,98
6528,2026-05-18 11:47:37.285866,2026/05/18 11:47:37.325,0,NVIDIA A100-SXM-64GB,153.00,31904,99
6529,2026-05-18 11:47:37.285866,2026/05/18 11:47:37.329,1,NVIDIA A100-SXM-64GB,147.66,31922,100
6530,2026-05-18 11:47:37.285866,2026/05/18 11:47:37.331,2,NVIDIA A100-SXM-64GB,163.59,31912,100
6531,2026-05-18 11:47:37.285866,2026/05/18 11:47:37.334,3,NVIDIA A100-SXM-64GB,171.42,31846,100
6532,2026-05-18 11:47:42.368307,2026/05/18 11:47:42.408,0,NVIDIA A100-SXM-64GB,154.69,31904,98
6533,2026-05-18 11:47:42.368307,2026/05/18 11:47:42.411,1,NVIDIA A100-SXM-64GB,144.92,31922,100
6534,2026-05-18 11:47:42.368307,2026/05/18 11:47:42.414,2,NVIDIA A100-SXM-64GB,152.08,31912,98
6535,2026-05-18 11:47:42.368307,2026/05/18 11:47:42.419,3,NVIDIA A100-SXM-64GB,140.27,31846,98
6536,2026-05-18 11:47:47.453497,2026/05/18 11:47:47.493,0,NVIDIA A100-SXM-64GB,156.34,31904,98
6537,2026-05-18 11:47:47.453497,2026/05/18 11:47:47.495,1,NVIDIA A100-SXM-64GB,144.31,31922,98
6538,2026-05-18 11:47:47.453497,2026/05/18 11:47:47.498,2,NVIDIA A100-SXM-64GB,152.53,31912,98
6539,2026-05-18 11:47:47.453497,2026/05/18 11:47:47.501,3,NVIDIA A100-SXM-64GB,143.82,31846,98
6540,2026-05-18 11:47:52.535782,2026/05/18 11:47:52.587,0,NVIDIA A100-SXM-64GB,154.69,31904,100
6541,2026-05-18 11:47:52.535782,2026/05/18 11:47:52.589,1,NVIDIA A100-SXM-64GB,176.71,31922,100
6542,2026-05-18 11:47:52.535782,2026/05/18 11:47:52.592,2,NVIDIA A100-SXM-64GB,152.26,31912,100
6543,2026-05-18 11:47:52.535782,2026/05/18 11:47:52.594,3,NVIDIA A100-SXM-64GB,151.80,31846,100
6544,2026-05-18 11:47:57.630022,2026/05/18 11:47:57.671,0,NVIDIA A100-SXM-64GB,175.17,31904,81
6545,2026-05-18 11:47:57.630022,2026/05/18 11:47:57.677,1,NVIDIA A100-SXM-64GB,175.77,31922,100
6546,2026-05-18 11:47:57.630022,2026/05/18 11:47:57.680,2,NVIDIA A100-SXM-64GB,187.80,31912,100
6547,2026-05-18 11:47:57.630022,2026/05/18 11:47:57.684,3,NVIDIA A100-SXM-64GB,179.68,31846,100
6548,2026-05-18 11:48:02.719238,2026/05/18 11:48:02.759,0,NVIDIA A100-SXM-64GB,162.15,31904,100
6549,2026-05-18 11:48:02.719238,2026/05/18 11:48:02.761,1,NVIDIA A100-SXM-64GB,164.46,31922,100
6550,2026-05-18 11:48:02.719238,2026/05/18 11:48:02.764,2,NVIDIA A100-SXM-64GB,154.68,31912,100
6551,2026-05-18 11:48:02.719238,2026/05/18 11:48:02.767,3,NVIDIA A100-SXM-64GB,162.82,31846,100
6552,2026-05-18 11:48:07.804920,2026/05/18 11:48:07.844,0,NVIDIA A100-SXM-64GB,151.62,31904,100
6553,2026-05-18 11:48:07.804920,2026/05/18 11:48:07.849,1,NVIDIA A100-SXM-64GB,140.91,31922,98
6554,2026-05-18 11:48:07.804920,2026/05/18 11:48:07.852,2,NVIDIA A100-SXM-64GB,151.93,31912,98
6555,2026-05-18 11:48:07.804920,2026/05/18 11:48:07.854,3,NVIDIA A100-SXM-64GB,142.27,31846,98
6556,2026-05-18 11:48:12.888722,2026/05/18 11:48:12.940,0,NVIDIA A100-SXM-64GB,191.18,31904,100
6557,2026-05-18 11:48:12.888722,2026/05/18 11:48:12.942,1,NVIDIA A100-SXM-64GB,162.04,31922,100
6558,2026-05-18 11:48:12.888722,2026/05/18 11:48:12.945,2,NVIDIA A100-SXM-64GB,152.08,31912,99
6559,2026-05-18 11:48:12.888722,2026/05/18 11:48:12.947,3,NVIDIA A100-SXM-64GB,148.87,31846,97
6560,2026-05-18 11:48:17.984972,2026/05/18 11:48:18.024,0,NVIDIA A100-SXM-64GB,183.88,31904,100
6561,2026-05-18 11:48:17.984972,2026/05/18 11:48:18.026,1,NVIDIA A100-SXM-64GB,175.50,31922,100
6562,2026-05-18 11:48:17.984972,2026/05/18 11:48:18.029,2,NVIDIA A100-SXM-64GB,197.93,31912,100
6563,2026-05-18 11:48:17.984972,2026/05/18 11:48:18.032,3,NVIDIA A100-SXM-64GB,185.51,31846,100
6564,2026-05-18 11:48:23.067641,2026/05/18 11:48:23.107,0,NVIDIA A100-SXM-64GB,188.15,31904,100
6565,2026-05-18 11:48:23.067641,2026/05/18 11:48:23.109,1,NVIDIA A100-SXM-64GB,160.78,31922,100
6566,2026-05-18 11:48:23.067641,2026/05/18 11:48:23.112,2,NVIDIA A100-SXM-64GB,181.36,31912,100
6567,2026-05-18 11:48:23.067641,2026/05/18 11:48:23.114,3,NVIDIA A100-SXM-64GB,163.43,31846,100
6568,2026-05-18 11:48:28.149225,2026/05/18 11:48:28.189,0,NVIDIA A100-SXM-64GB,159.57,31904,100
6569,2026-05-18 11:48:28.149225,2026/05/18 11:48:28.191,1,NVIDIA A100-SXM-64GB,173.96,31922,100
6570,2026-05-18 11:48:28.149225,2026/05/18 11:48:28.196,2,NVIDIA A100-SXM-64GB,201.89,31912,100
6571,2026-05-18 11:48:28.149225,2026/05/18 11:48:28.199,3,NVIDIA A100-SXM-64GB,149.66,31846,100
6572,2026-05-18 11:48:33.234007,2026/05/18 11:48:33.273,0,NVIDIA A100-SXM-64GB,181.08,31904,100
6573,2026-05-18 11:48:33.234007,2026/05/18 11:48:33.275,1,NVIDIA A100-SXM-64GB,170.89,31922,100
6574,2026-05-18 11:48:33.234007,2026/05/18 11:48:33.278,2,NVIDIA A100-SXM-64GB,180.43,31912,100
6575,2026-05-18 11:48:33.234007,2026/05/18 11:48:33.280,3,NVIDIA A100-SXM-64GB,176.31,31846,100
6576,2026-05-18 11:48:38.315159,2026/05/18 11:48:38.354,0,NVIDIA A100-SXM-64GB,166.00,31904,100
6577,2026-05-18 11:48:38.315159,2026/05/18 11:48:38.356,1,NVIDIA A100-SXM-64GB,147.66,31922,100
6578,2026-05-18 11:48:38.315159,2026/05/18 11:48:38.359,2,NVIDIA A100-SXM-64GB,164.19,31912,100
6579,2026-05-18 11:48:38.315159,2026/05/18 11:48:38.361,3,NVIDIA A100-SXM-64GB,162.21,31846,100
6580,2026-05-18 11:48:43.396514,2026/05/18 11:48:43.436,0,NVIDIA A100-SXM-64GB,153.75,31904,98
6581,2026-05-18 11:48:43.396514,2026/05/18 11:48:43.438,1,NVIDIA A100-SXM-64GB,147.33,31922,98
6582,2026-05-18 11:48:43.396514,2026/05/18 11:48:43.441,2,NVIDIA A100-SXM-64GB,153.34,31912,100
6583,2026-05-18 11:48:43.396514,2026/05/18 11:48:43.443,3,NVIDIA A100-SXM-64GB,147.66,31846,100
6584,2026-05-18 11:48:48.478471,2026/05/18 11:48:48.518,0,NVIDIA A100-SXM-64GB,157.43,31904,100
6585,2026-05-18 11:48:48.478471,2026/05/18 11:48:48.520,1,NVIDIA A100-SXM-64GB,143.04,31922,99
6586,2026-05-18 11:48:48.478471,2026/05/18 11:48:48.523,2,NVIDIA A100-SXM-64GB,152.41,31912,100
6587,2026-05-18 11:48:48.478471,2026/05/18 11:48:48.525,3,NVIDIA A100-SXM-64GB,141.81,31846,100
6588,2026-05-18 11:48:53.560246,2026/05/18 11:48:53.599,0,NVIDIA A100-SXM-64GB,177.13,31904,100
6589,2026-05-18 11:48:53.560246,2026/05/18 11:48:53.601,1,NVIDIA A100-SXM-64GB,185.88,31922,100
6590,2026-05-18 11:48:53.560246,2026/05/18 11:48:53.605,2,NVIDIA A100-SXM-64GB,172.78,31912,100
6591,2026-05-18 11:48:53.560246,2026/05/18 11:48:53.608,3,NVIDIA A100-SXM-64GB,167.11,31846,100
6592,2026-05-18 11:48:58.645584,2026/05/18 11:48:58.685,0,NVIDIA A100-SXM-64GB,168.15,31904,100
6593,2026-05-18 11:48:58.645584,2026/05/18 11:48:58.687,1,NVIDIA A100-SXM-64GB,171.22,31922,100
6594,2026-05-18 11:48:58.645584,2026/05/18 11:48:58.690,2,NVIDIA A100-SXM-64GB,183.79,31912,100
6595,2026-05-18 11:48:58.645584,2026/05/18 11:48:58.696,3,NVIDIA A100-SXM-64GB,164.97,31846,100
6596,2026-05-18 11:49:03.731145,2026/05/18 11:49:03.771,0,NVIDIA A100-SXM-64GB,157.16,31904,98
6597,2026-05-18 11:49:03.731145,2026/05/18 11:49:03.775,1,NVIDIA A100-SXM-64GB,147.05,31922,100
6598,2026-05-18 11:49:03.731145,2026/05/18 11:49:03.777,2,NVIDIA A100-SXM-64GB,154.23,31912,100
6599,2026-05-18 11:49:03.731145,2026/05/18 11:49:03.780,3,NVIDIA A100-SXM-64GB,146.57,31846,100
6600,2026-05-18 11:49:08.815153,2026/05/18 11:49:08.854,0,NVIDIA A100-SXM-64GB,187.69,31904,100
6601,2026-05-18 11:49:08.815153,2026/05/18 11:49:08.859,1,NVIDIA A100-SXM-64GB,175.77,31922,100
6602,2026-05-18 11:49:08.815153,2026/05/18 11:49:08.862,2,NVIDIA A100-SXM-64GB,185.32,31912,100
6603,2026-05-18 11:49:08.815153,2026/05/18 11:49:08.865,3,NVIDIA A100-SXM-64GB,171.74,31846,100
6604,2026-05-18 11:49:13.903083,2026/05/18 11:49:13.942,0,NVIDIA A100-SXM-64GB,170.28,31904,100
6605,2026-05-18 11:49:13.903083,2026/05/18 11:49:13.947,1,NVIDIA A100-SXM-64GB,152.37,31922,100
6606,2026-05-18 11:49:13.903083,2026/05/18 11:49:13.950,2,NVIDIA A100-SXM-64GB,186.26,31912,100
6607,2026-05-18 11:49:13.903083,2026/05/18 11:49:13.953,3,NVIDIA A100-SXM-64GB,151.63,31846,100
6608,2026-05-18 11:49:18.988108,2026/05/18 11:49:19.028,0,NVIDIA A100-SXM-64GB,157.16,31904,98
6609,2026-05-18 11:49:18.988108,2026/05/18 11:49:19.033,1,NVIDIA A100-SXM-64GB,142.77,31922,98
6610,2026-05-18 11:49:18.988108,2026/05/18 11:49:19.036,2,NVIDIA A100-SXM-64GB,150.59,31912,98
6611,2026-05-18 11:49:18.988108,2026/05/18 11:49:19.041,3,NVIDIA A100-SXM-64GB,148.27,31846,98
6612,2026-05-18 11:49:24.076189,2026/05/18 11:49:24.115,0,NVIDIA A100-SXM-64GB,154.08,31904,97
6613,2026-05-18 11:49:24.076189,2026/05/18 11:49:24.117,1,NVIDIA A100-SXM-64GB,147.33,31922,100
6614,2026-05-18 11:49:24.076189,2026/05/18 11:49:24.120,2,NVIDIA A100-SXM-64GB,151.65,31912,100
6615,2026-05-18 11:49:24.076189,2026/05/18 11:49:24.123,3,NVIDIA A100-SXM-64GB,142.00,31846,100
6616,2026-05-18 11:49:29.158236,2026/05/18 11:49:29.197,0,NVIDIA A100-SXM-64GB,198.20,31904,100
6617,2026-05-18 11:49:29.158236,2026/05/18 11:49:29.199,1,NVIDIA A100-SXM-64GB,183.41,31922,100
6618,2026-05-18 11:49:29.158236,2026/05/18 11:49:29.202,2,NVIDIA A100-SXM-64GB,174.92,31912,100
6619,2026-05-18 11:49:29.158236,2026/05/18 11:49:29.204,3,NVIDIA A100-SXM-64GB,173.29,31846,100
6620,2026-05-18 11:49:34.239332,2026/05/18 11:49:34.279,0,NVIDIA A100-SXM-64GB,179.27,31904,100
6621,2026-05-18 11:49:34.239332,2026/05/18 11:49:34.281,1,NVIDIA A100-SXM-64GB,163.58,31922,100
6622,2026-05-18 11:49:34.239332,2026/05/18 11:49:34.284,2,NVIDIA A100-SXM-64GB,166.67,31912,100
6623,2026-05-18 11:49:34.239332,2026/05/18 11:49:34.286,3,NVIDIA A100-SXM-64GB,162.98,31846,100
6624,2026-05-18 11:49:39.321326,2026/05/18 11:49:39.362,0,NVIDIA A100-SXM-64GB,155.02,31904,100
6625,2026-05-18 11:49:39.321326,2026/05/18 11:49:39.364,1,NVIDIA A100-SXM-64GB,149.02,31922,98
6626,2026-05-18 11:49:39.321326,2026/05/18 11:49:39.367,2,NVIDIA A100-SXM-64GB,154.23,31912,98
6627,2026-05-18 11:49:39.321326,2026/05/18 11:49:39.370,3,NVIDIA A100-SXM-64GB,142.14,31846,98
6628,2026-05-18 11:49:44.408491,2026/05/18 11:49:44.448,0,NVIDIA A100-SXM-64GB,190.49,31904,100
6629,2026-05-18 11:49:44.408491,2026/05/18 11:49:44.450,1,NVIDIA A100-SXM-64GB,188.02,31922,100
6630,2026-05-18 11:49:44.408491,2026/05/18 11:49:44.455,2,NVIDIA A100-SXM-64GB,175.86,31912,100
6631,2026-05-18 11:49:44.408491,2026/05/18 11:49:44.461,3,NVIDIA A100-SXM-64GB,182.34,31846,100
6632,2026-05-18 11:49:49.496022,2026/05/18 11:49:49.535,0,NVIDIA A100-SXM-64GB,160.18,31904,100
6633,2026-05-18 11:49:49.496022,2026/05/18 11:49:49.537,1,NVIDIA A100-SXM-64GB,161.61,31922,100
6634,2026-05-18 11:49:49.496022,2026/05/18 11:49:49.540,2,NVIDIA A100-SXM-64GB,150.26,31912,100
6635,2026-05-18 11:49:49.496022,2026/05/18 11:49:49.545,3,NVIDIA A100-SXM-64GB,158.41,31846,100
6636,2026-05-18 11:49:54.580383,2026/05/18 11:49:54.620,0,NVIDIA A100-SXM-64GB,186.89,31904,100
6637,2026-05-18 11:49:54.580383,2026/05/18 11:49:54.625,1,NVIDIA A100-SXM-64GB,181.26,31922,100
6638,2026-05-18 11:49:54.580383,2026/05/18 11:49:54.628,2,NVIDIA A100-SXM-64GB,181.22,31912,100
6639,2026-05-18 11:49:54.580383,2026/05/18 11:49:54.630,3,NVIDIA A100-SXM-64GB,163.76,31846,100
6640,2026-05-18 11:49:59.668728,2026/05/18 11:49:59.708,0,NVIDIA A100-SXM-64GB,233.03,31904,99
6641,2026-05-18 11:49:59.668728,2026/05/18 11:49:59.710,1,NVIDIA A100-SXM-64GB,131.60,31922,100
6642,2026-05-18 11:49:59.668728,2026/05/18 11:49:59.716,2,NVIDIA A100-SXM-64GB,160.40,31912,100
6643,2026-05-18 11:49:59.668728,2026/05/18 11:49:59.719,3,NVIDIA A100-SXM-64GB,204.85,31846,100
6644,2026-05-18 11:50:04.754327,2026/05/18 11:50:04.794,0,NVIDIA A100-SXM-64GB,180.05,31904,100
6645,2026-05-18 11:50:04.754327,2026/05/18 11:50:04.797,1,NVIDIA A100-SXM-64GB,177.04,31922,100
6646,2026-05-18 11:50:04.754327,2026/05/18 11:50:04.799,2,NVIDIA A100-SXM-64GB,179.40,31912,100
6647,2026-05-18 11:50:04.754327,2026/05/18 11:50:04.802,3,NVIDIA A100-SXM-64GB,169.87,31846,100
6648,2026-05-18 11:50:09.837432,2026/05/18 11:50:09.877,0,NVIDIA A100-SXM-64GB,178.85,31904,100
6649,2026-05-18 11:50:09.837432,2026/05/18 11:50:09.881,1,NVIDIA A100-SXM-64GB,173.64,31922,100
6650,2026-05-18 11:50:09.837432,2026/05/18 11:50:09.883,2,NVIDIA A100-SXM-64GB,184.44,31912,100
6651,2026-05-18 11:50:09.837432,2026/05/18 11:50:09.888,3,NVIDIA A100-SXM-64GB,155.93,31846,100
6652,2026-05-18 11:50:14.923964,2026/05/18 11:50:14.963,0,NVIDIA A100-SXM-64GB,156.50,31904,98
6653,2026-05-18 11:50:14.923964,2026/05/18 11:50:14.965,1,NVIDIA A100-SXM-64GB,144.13,31922,98
6654,2026-05-18 11:50:14.923964,2026/05/18 11:50:14.968,2,NVIDIA A100-SXM-64GB,150.59,31912,100
6655,2026-05-18 11:50:14.923964,2026/05/18 11:50:14.971,3,NVIDIA A100-SXM-64GB,143.63,31846,98
6656,2026-05-18 11:50:20.005839,2026/05/18 11:50:20.045,0,NVIDIA A100-SXM-64GB,151.46,31904,100
6657,2026-05-18 11:50:20.005839,2026/05/18 11:50:20.047,1,NVIDIA A100-SXM-64GB,191.18,31922,98
6658,2026-05-18 11:50:20.005839,2026/05/18 11:50:20.050,2,NVIDIA A100-SXM-64GB,149.78,31912,100
6659,2026-05-18 11:50:20.005839,2026/05/18 11:50:20.054,3,NVIDIA A100-SXM-64GB,180.61,31846,100
6660,2026-05-18 11:50:25.090566,2026/05/18 11:50:25.130,0,NVIDIA A100-SXM-64GB,157.27,31904,100
6661,2026-05-18 11:50:25.090566,2026/05/18 11:50:25.132,1,NVIDIA A100-SXM-64GB,179.27,31922,100
6662,2026-05-18 11:50:25.090566,2026/05/18 11:50:25.135,2,NVIDIA A100-SXM-64GB,179.49,31912,100
6663,2026-05-18 11:50:25.090566,2026/05/18 11:50:25.139,3,NVIDIA A100-SXM-64GB,150.59,31846,100
6664,2026-05-18 11:50:30.174667,2026/05/18 11:50:30.214,0,NVIDIA A100-SXM-64GB,156.34,31904,98
6665,2026-05-18 11:50:30.174667,2026/05/18 11:50:30.216,1,NVIDIA A100-SXM-64GB,146.45,31922,98
6666,2026-05-18 11:50:30.174667,2026/05/18 11:50:30.219,2,NVIDIA A100-SXM-64GB,152.86,31912,100
6667,2026-05-18 11:50:30.174667,2026/05/18 11:50:30.221,3,NVIDIA A100-SXM-64GB,143.21,31846,98
6668,2026-05-18 11:50:35.258482,2026/05/18 11:50:35.298,0,NVIDIA A100-SXM-64GB,150.58,31904,97
6669,2026-05-18 11:50:35.258482,2026/05/18 11:50:35.300,1,NVIDIA A100-SXM-64GB,147.05,31922,97
6670,2026-05-18 11:50:35.258482,2026/05/18 11:50:35.303,2,NVIDIA A100-SXM-64GB,152.53,31912,98
6671,2026-05-18 11:50:35.258482,2026/05/18 11:50:35.305,3,NVIDIA A100-SXM-64GB,147.18,31846,97
6672,2026-05-18 11:50:40.340735,2026/05/18 11:50:40.380,0,NVIDIA A100-SXM-64GB,182.20,31904,100
6673,2026-05-18 11:50:40.340735,2026/05/18 11:50:40.382,1,NVIDIA A100-SXM-64GB,182.53,31922,100
6674,2026-05-18 11:50:40.340735,2026/05/18 11:50:40.388,2,NVIDIA A100-SXM-64GB,172.44,31912,100
6675,2026-05-18 11:50:40.340735,2026/05/18 11:50:40.391,3,NVIDIA A100-SXM-64GB,180.61,31846,100
6676,2026-05-18 11:50:45.426195,2026/05/18 11:50:45.465,0,NVIDIA A100-SXM-64GB,115.53,31904,41
6677,2026-05-18 11:50:45.426195,2026/05/18 11:50:45.471,1,NVIDIA A100-SXM-64GB,145.84,31922,23
6678,2026-05-18 11:50:45.426195,2026/05/18 11:50:45.473,2,NVIDIA A100-SXM-64GB,138.31,31912,0
6679,2026-05-18 11:50:45.426195,2026/05/18 11:50:45.477,3,NVIDIA A100-SXM-64GB,142.27,31846,8
6680,2026-05-18 11:50:50.512968,2026/05/18 11:50:50.563,0,NVIDIA A100-SXM-64GB,195.46,31904,100
6681,2026-05-18 11:50:50.512968,2026/05/18 11:50:50.566,1,NVIDIA A100-SXM-64GB,168.74,31922,100
6682,2026-05-18 11:50:50.512968,2026/05/18 11:50:50.572,2,NVIDIA A100-SXM-64GB,187.47,31912,100
6683,2026-05-18 11:50:50.512968,2026/05/18 11:50:50.575,3,NVIDIA A100-SXM-64GB,183.09,31846,100
6684,2026-05-18 11:50:55.610586,2026/05/18 11:50:55.651,0,NVIDIA A100-SXM-64GB,156.07,31904,100
6685,2026-05-18 11:50:55.610586,2026/05/18 11:50:55.655,1,NVIDIA A100-SXM-64GB,139.43,31922,99
6686,2026-05-18 11:50:55.610586,2026/05/18 11:50:55.658,2,NVIDIA A100-SXM-64GB,148.29,31912,98
6687,2026-05-18 11:50:55.610586,2026/05/18 11:50:55.661,3,NVIDIA A100-SXM-64GB,145.96,31846,98
6688,2026-05-18 11:51:00.696347,2026/05/18 11:51:00.736,0,NVIDIA A100-SXM-64GB,178.94,31904,100
6689,2026-05-18 11:51:00.696347,2026/05/18 11:51:00.738,1,NVIDIA A100-SXM-64GB,170.89,31922,100
6690,2026-05-18 11:51:00.696347,2026/05/18 11:51:00.741,2,NVIDIA A100-SXM-64GB,184.44,31912,100
6691,2026-05-18 11:51:00.696347,2026/05/18 11:51:00.743,3,NVIDIA A100-SXM-64GB,147.93,31846,100
6692,2026-05-18 11:51:05.782239,2026/05/18 11:51:05.821,0,NVIDIA A100-SXM-64GB,187.83,31904,100
6693,2026-05-18 11:51:05.782239,2026/05/18 11:51:05.825,1,NVIDIA A100-SXM-64GB,178.52,31922,100
6694,2026-05-18 11:51:05.782239,2026/05/18 11:51:05.828,2,NVIDIA A100-SXM-64GB,175.86,31912,100
6695,2026-05-18 11:51:05.782239,2026/05/18 11:51:05.831,3,NVIDIA A100-SXM-64GB,179.40,31846,100
6696,2026-05-18 11:51:10.865986,2026/05/18 11:51:10.905,0,NVIDIA A100-SXM-64GB,200.66,31904,100
6697,2026-05-18 11:51:10.865986,2026/05/18 11:51:10.907,1,NVIDIA A100-SXM-64GB,145.19,31922,100
6698,2026-05-18 11:51:10.865986,2026/05/18 11:51:10.910,2,NVIDIA A100-SXM-64GB,154.40,31912,100
6699,2026-05-18 11:51:10.865986,2026/05/18 11:51:10.912,3,NVIDIA A100-SXM-64GB,157.65,31846,100
6700,2026-05-18 11:51:15.947753,2026/05/18 11:51:15.987,0,NVIDIA A100-SXM-64GB,186.62,31904,100
6701,2026-05-18 11:51:15.947753,2026/05/18 11:51:15.989,1,NVIDIA A100-SXM-64GB,163.58,31922,100
6702,2026-05-18 11:51:15.947753,2026/05/18 11:51:15.992,2,NVIDIA A100-SXM-64GB,198.20,31912,100
6703,2026-05-18 11:51:15.947753,2026/05/18 11:51:15.994,3,NVIDIA A100-SXM-64GB,163.76,31846,100
6704,2026-05-18 11:51:21.030053,2026/05/18 11:51:21.069,0,NVIDIA A100-SXM-64GB,174.99,31904,100
6705,2026-05-18 11:51:21.030053,2026/05/18 11:51:21.071,1,NVIDIA A100-SXM-64GB,176.85,31922,100
6706,2026-05-18 11:51:21.030053,2026/05/18 11:51:21.074,2,NVIDIA A100-SXM-64GB,178.61,31912,100
6707,2026-05-18 11:51:21.030053,2026/05/18 11:51:21.079,3,NVIDIA A100-SXM-64GB,176.64,31846,100
6708,2026-05-18 11:51:26.114507,2026/05/18 11:51:26.154,0,NVIDIA A100-SXM-64GB,155.90,31904,98
6709,2026-05-18 11:51:26.114507,2026/05/18 11:51:26.157,1,NVIDIA A100-SXM-64GB,147.66,31922,99
6710,2026-05-18 11:51:26.114507,2026/05/18 11:51:26.159,2,NVIDIA A100-SXM-64GB,151.47,31912,98
6711,2026-05-18 11:51:26.114507,2026/05/18 11:51:26.162,3,NVIDIA A100-SXM-64GB,148.87,31846,98
6712,2026-05-18 11:51:31.197087,2026/05/18 11:51:31.236,0,NVIDIA A100-SXM-64GB,155.46,31904,100
6713,2026-05-18 11:51:31.197087,2026/05/18 11:51:31.247,1,NVIDIA A100-SXM-64GB,148.26,31922,100
6714,2026-05-18 11:51:31.197087,2026/05/18 11:51:31.249,2,NVIDIA A100-SXM-64GB,150.72,31912,98
6715,2026-05-18 11:51:31.197087,2026/05/18 11:51:31.252,3,NVIDIA A100-SXM-64GB,147.51,31846,100
6716,2026-05-18 11:51:36.288893,2026/05/18 11:51:36.328,0,NVIDIA A100-SXM-64GB,168.30,31904,100
6717,2026-05-18 11:51:36.288893,2026/05/18 11:51:36.330,1,NVIDIA A100-SXM-64GB,159.91,31922,100
6718,2026-05-18 11:51:36.288893,2026/05/18 11:51:36.333,2,NVIDIA A100-SXM-64GB,170.30,31912,100
6719,2026-05-18 11:51:36.288893,2026/05/18 11:51:36.335,3,NVIDIA A100-SXM-64GB,172.35,31846,100
6720,2026-05-18 11:51:41.371072,2026/05/18 11:51:41.410,0,NVIDIA A100-SXM-64GB,181.08,31904,100
6721,2026-05-18 11:51:41.371072,2026/05/18 11:51:41.412,1,NVIDIA A100-SXM-64GB,180.66,31922,100
6722,2026-05-18 11:51:41.371072,2026/05/18 11:51:41.415,2,NVIDIA A100-SXM-64GB,179.82,31912,100
6723,2026-05-18 11:51:41.371072,2026/05/18 11:51:41.417,3,NVIDIA A100-SXM-64GB,165.57,31846,100
6724,2026-05-18 11:51:46.452758,2026/05/18 11:51:46.492,0,NVIDIA A100-SXM-64GB,177.74,31904,100
6725,2026-05-18 11:51:46.452758,2026/05/18 11:51:46.494,1,NVIDIA A100-SXM-64GB,154.36,31922,100
6726,2026-05-18 11:51:46.452758,2026/05/18 11:51:46.497,2,NVIDIA A100-SXM-64GB,185.74,31912,100
6727,2026-05-18 11:51:46.452758,2026/05/18 11:51:46.499,3,NVIDIA A100-SXM-64GB,149.05,31846,100
6728,2026-05-18 11:51:51.534811,2026/05/18 11:51:51.574,0,NVIDIA A100-SXM-64GB,104.66,31904,100
6729,2026-05-18 11:51:51.534811,2026/05/18 11:51:51.576,1,NVIDIA A100-SXM-64GB,90.96,31922,98
6730,2026-05-18 11:51:51.534811,2026/05/18 11:51:51.579,2,NVIDIA A100-SXM-64GB,98.53,31912,100
6731,2026-05-18 11:51:51.534811,2026/05/18 11:51:51.583,3,NVIDIA A100-SXM-64GB,96.15,31846,98
6732,2026-05-18 11:51:56.618258,2026/05/18 11:51:56.657,0,NVIDIA A100-SXM-64GB,155.74,31904,97
6733,2026-05-18 11:51:56.618258,2026/05/18 11:51:56.659,1,NVIDIA A100-SXM-64GB,146.73,31922,99
6734,2026-05-18 11:51:56.618258,2026/05/18 11:51:56.662,2,NVIDIA A100-SXM-64GB,149.50,31912,97
6735,2026-05-18 11:51:56.618258,2026/05/18 11:51:56.664,3,NVIDIA A100-SXM-64GB,144.15,31846,99
6736,2026-05-18 11:52:01.700304,2026/05/18 11:52:01.739,0,NVIDIA A100-SXM-64GB,192.84,31904,100
6737,2026-05-18 11:52:01.700304,2026/05/18 11:52:01.741,1,NVIDIA A100-SXM-64GB,164.62,31922,100
6738,2026-05-18 11:52:01.700304,2026/05/18 11:52:01.744,2,NVIDIA A100-SXM-64GB,181.64,31912,100
6739,2026-05-18 11:52:01.700304,2026/05/18 11:52:01.749,3,NVIDIA A100-SXM-64GB,177.58,31846,100
6740,2026-05-18 11:52:06.784150,2026/05/18 11:52:06.823,0,NVIDIA A100-SXM-64GB,176.20,31904,100
6741,2026-05-18 11:52:06.784150,2026/05/18 11:52:06.825,1,NVIDIA A100-SXM-64GB,174.06,31922,100
6742,2026-05-18 11:52:06.784150,2026/05/18 11:52:06.828,2,NVIDIA A100-SXM-64GB,153.19,31912,100
6743,2026-05-18 11:52:06.784150,2026/05/18 11:52:06.830,3,NVIDIA A100-SXM-64GB,160.40,31846,100
6744,2026-05-18 11:52:11.868879,2026/05/18 11:52:11.908,0,NVIDIA A100-SXM-64GB,163.58,31904,100
6745,2026-05-18 11:52:11.868879,2026/05/18 11:52:11.910,1,NVIDIA A100-SXM-64GB,172.75,31922,100
6746,2026-05-18 11:52:11.868879,2026/05/18 11:52:11.913,2,NVIDIA A100-SXM-64GB,181.64,31912,100
6747,2026-05-18 11:52:11.868879,2026/05/18 11:52:11.915,3,NVIDIA A100-SXM-64GB,153.50,31846,100
6748,2026-05-18 11:52:16.950903,2026/05/18 11:52:16.990,0,NVIDIA A100-SXM-64GB,172.25,31904,100
6749,2026-05-18 11:52:16.950903,2026/05/18 11:52:16.992,1,NVIDIA A100-SXM-64GB,176.85,31922,100
6750,2026-05-18 11:52:16.950903,2026/05/18 11:52:16.995,2,NVIDIA A100-SXM-64GB,184.72,31912,100
6751,2026-05-18 11:52:16.950903,2026/05/18 11:52:16.997,3,NVIDIA A100-SXM-64GB,186.59,31846,100
6752,2026-05-18 11:52:22.033070,2026/05/18 11:52:22.072,0,NVIDIA A100-SXM-64GB,174.06,31904,100
6753,2026-05-18 11:52:22.033070,2026/05/18 11:52:22.074,1,NVIDIA A100-SXM-64GB,152.54,31922,100
6754,2026-05-18 11:52:22.033070,2026/05/18 11:52:22.077,2,NVIDIA A100-SXM-64GB,163.59,31912,100
6755,2026-05-18 11:52:22.033070,2026/05/18 11:52:22.079,3,NVIDIA A100-SXM-64GB,164.09,31846,100
6756,2026-05-18 11:52:27.115070,2026/05/18 11:52:27.154,0,NVIDIA A100-SXM-64GB,153.00,31904,98
6757,2026-05-18 11:52:27.115070,2026/05/18 11:52:27.159,1,NVIDIA A100-SXM-64GB,142.44,31922,100
6758,2026-05-18 11:52:27.115070,2026/05/18 11:52:27.164,2,NVIDIA A100-SXM-64GB,150.11,31912,100
6759,2026-05-18 11:52:27.115070,2026/05/18 11:52:27.168,3,NVIDIA A100-SXM-64GB,146.57,31846,100
6760,2026-05-18 11:52:32.203872,2026/05/18 11:52:32.243,0,NVIDIA A100-SXM-64GB,178.06,31904,100
6761,2026-05-18 11:52:32.203872,2026/05/18 11:52:32.245,1,NVIDIA A100-SXM-64GB,148.44,31922,100
6762,2026-05-18 11:52:32.203872,2026/05/18 11:52:32.248,2,NVIDIA A100-SXM-64GB,167.98,31912,100
6763,2026-05-18 11:52:32.203872,2026/05/18 11:52:32.250,3,NVIDIA A100-SXM-64GB,146.57,31846,100
6764,2026-05-18 11:52:37.285756,2026/05/18 11:52:37.325,0,NVIDIA A100-SXM-64GB,197.32,31904,100
6765,2026-05-18 11:52:37.285756,2026/05/18 11:52:37.328,1,NVIDIA A100-SXM-64GB,173.03,31922,100
6766,2026-05-18 11:52:37.285756,2026/05/18 11:52:37.334,2,NVIDIA A100-SXM-64GB,178.28,31912,100
6767,2026-05-18 11:52:37.285756,2026/05/18 11:52:37.336,3,NVIDIA A100-SXM-64GB,180.34,31846,100
6768,2026-05-18 11:52:42.371987,2026/05/18 11:52:42.411,0,NVIDIA A100-SXM-64GB,169.51,31904,100
6769,2026-05-18 11:52:42.371987,2026/05/18 11:52:42.415,1,NVIDIA A100-SXM-64GB,178.06,31922,100
6770,2026-05-18 11:52:42.371987,2026/05/18 11:52:42.418,2,NVIDIA A100-SXM-64GB,171.39,31912,100
6771,2026-05-18 11:52:42.371987,2026/05/18 11:52:42.420,3,NVIDIA A100-SXM-64GB,163.76,31846,100
6772,2026-05-18 11:52:47.456378,2026/05/18 11:52:47.496,0,NVIDIA A100-SXM-64GB,174.81,31904,100
6773,2026-05-18 11:52:47.456378,2026/05/18 11:52:47.500,1,NVIDIA A100-SXM-64GB,155.46,31922,100
6774,2026-05-18 11:52:47.456378,2026/05/18 11:52:47.503,2,NVIDIA A100-SXM-64GB,191.90,31912,100
6775,2026-05-18 11:52:47.456378,2026/05/18 11:52:47.505,3,NVIDIA A100-SXM-64GB,148.12,31846,100
6776,2026-05-18 11:52:52.541561,2026/05/18 11:52:52.581,0,NVIDIA A100-SXM-64GB,192.18,31904,100
6777,2026-05-18 11:52:52.541561,2026/05/18 11:52:52.584,1,NVIDIA A100-SXM-64GB,162.76,31922,100
6778,2026-05-18 11:52:52.541561,2026/05/18 11:52:52.586,2,NVIDIA A100-SXM-64GB,183.60,31912,100
6779,2026-05-18 11:52:52.541561,2026/05/18 11:52:52.589,3,NVIDIA A100-SXM-64GB,175.26,31846,100
6780,2026-05-18 11:52:57.623529,2026/05/18 11:52:57.663,0,NVIDIA A100-SXM-64GB,159.14,31904,100
6781,2026-05-18 11:52:57.623529,2026/05/18 11:52:57.666,1,NVIDIA A100-SXM-64GB,165.40,31922,100
6782,2026-05-18 11:52:57.623529,2026/05/18 11:52:57.669,2,NVIDIA A100-SXM-64GB,183.18,31912,100
6783,2026-05-18 11:52:57.623529,2026/05/18 11:52:57.674,3,NVIDIA A100-SXM-64GB,160.40,31846,100
6784,2026-05-18 11:53:02.712554,2026/05/18 11:53:02.752,0,NVIDIA A100-SXM-64GB,104.82,31904,100
6785,2026-05-18 11:53:02.712554,2026/05/18 11:53:02.754,1,NVIDIA A100-SXM-64GB,91.10,31922,100
6786,2026-05-18 11:53:02.712554,2026/05/18 11:53:02.757,2,NVIDIA A100-SXM-64GB,98.10,31912,98
6787,2026-05-18 11:53:02.712554,2026/05/18 11:53:02.759,3,NVIDIA A100-SXM-64GB,96.65,31846,100
6788,2026-05-18 11:53:07.795487,2026/05/18 11:53:07.837,0,NVIDIA A100-SXM-64GB,158.48,31904,97
6789,2026-05-18 11:53:07.795487,2026/05/18 11:53:07.840,1,NVIDIA A100-SXM-64GB,138.76,31922,97
6790,2026-05-18 11:53:07.795487,2026/05/18 11:53:07.843,2,NVIDIA A100-SXM-64GB,147.03,31912,97
6791,2026-05-18 11:53:07.795487,2026/05/18 11:53:07.848,3,NVIDIA A100-SXM-64GB,145.36,31846,97
6792,2026-05-18 11:53:12.883537,2026/05/18 11:53:12.923,0,NVIDIA A100-SXM-64GB,196.79,31904,100
6793,2026-05-18 11:53:12.883537,2026/05/18 11:53:12.925,1,NVIDIA A100-SXM-64GB,178.34,31922,100
6794,2026-05-18 11:53:12.883537,2026/05/18 11:53:12.928,2,NVIDIA A100-SXM-64GB,183.60,31912,100
6795,2026-05-18 11:53:12.883537,2026/05/18 11:53:12.934,3,NVIDIA A100-SXM-64GB,178.01,31846,100
6796,2026-05-18 11:53:17.970397,2026/05/18 11:53:18.022,0,NVIDIA A100-SXM-64GB,180.81,31904,100
6797,2026-05-18 11:53:17.970397,2026/05/18 11:53:18.024,1,NVIDIA A100-SXM-64GB,168.30,31922,100
6798,2026-05-18 11:53:17.970397,2026/05/18 11:53:18.027,2,NVIDIA A100-SXM-64GB,176.74,31912,100
6799,2026-05-18 11:53:17.970397,2026/05/18 11:53:18.029,3,NVIDIA A100-SXM-64GB,174.59,31846,100
6800,2026-05-18 11:53:23.064792,2026/05/18 11:53:23.104,0,NVIDIA A100-SXM-64GB,198.80,31904,100
6801,2026-05-18 11:53:23.064792,2026/05/18 11:53:23.106,1,NVIDIA A100-SXM-64GB,176.10,31922,100
6802,2026-05-18 11:53:23.064792,2026/05/18 11:53:23.109,2,NVIDIA A100-SXM-64GB,157.65,31912,100
6803,2026-05-18 11:53:23.064792,2026/05/18 11:53:23.114,3,NVIDIA A100-SXM-64GB,175.44,31846,100
6804,2026-05-18 11:53:28.153489,2026/05/18 11:53:28.193,0,NVIDIA A100-SXM-64GB,182.61,31904,100
6805,2026-05-18 11:53:28.153489,2026/05/18 11:53:28.197,1,NVIDIA A100-SXM-64GB,181.74,31922,100
6806,2026-05-18 11:53:28.153489,2026/05/18 11:53:28.200,2,NVIDIA A100-SXM-64GB,176.74,31912,100
6807,2026-05-18 11:53:28.153489,2026/05/18 11:53:28.203,3,NVIDIA A100-SXM-64GB,180.95,31846,100
6808,2026-05-18 11:53:33.238929,2026/05/18 11:53:33.279,0,NVIDIA A100-SXM-64GB,165.23,31904,100
6809,2026-05-18 11:53:33.238929,2026/05/18 11:53:33.281,1,NVIDIA A100-SXM-64GB,177.74,31922,100
6810,2026-05-18 11:53:33.238929,2026/05/18 11:53:33.284,2,NVIDIA A100-SXM-64GB,162.99,31912,100
6811,2026-05-18 11:53:33.238929,2026/05/18 11:53:33.286,3,NVIDIA A100-SXM-64GB,171.84,31846,100
6812,2026-05-18 11:53:38.321718,2026/05/18 11:53:38.361,0,NVIDIA A100-SXM-64GB,187.83,31904,100
6813,2026-05-18 11:53:38.321718,2026/05/18 11:53:38.369,1,NVIDIA A100-SXM-64GB,180.81,31922,100
6814,2026-05-18 11:53:38.321718,2026/05/18 11:53:38.371,2,NVIDIA A100-SXM-64GB,169.69,31912,100
6815,2026-05-18 11:53:38.321718,2026/05/18 11:53:38.374,3,NVIDIA A100-SXM-64GB,136.76,31846,100
6816,2026-05-18 11:53:43.409615,2026/05/18 11:53:43.449,0,NVIDIA A100-SXM-64GB,143.56,31904,97
6817,2026-05-18 11:53:43.409615,2026/05/18 11:53:43.451,1,NVIDIA A100-SXM-64GB,140.30,31922,100
6818,2026-05-18 11:53:43.409615,2026/05/18 11:53:43.454,2,NVIDIA A100-SXM-64GB,234.44,31912,100
6819,2026-05-18 11:53:43.409615,2026/05/18 11:53:43.457,3,NVIDIA A100-SXM-64GB,134.95,31846,97
6820,2026-05-18 11:53:48.492172,2026/05/18 11:53:48.531,0,NVIDIA A100-SXM-64GB,187.69,31904,100
6821,2026-05-18 11:53:48.492172,2026/05/18 11:53:48.537,1,NVIDIA A100-SXM-64GB,170.28,31922,100
6822,2026-05-18 11:53:48.492172,2026/05/18 11:53:48.539,2,NVIDIA A100-SXM-64GB,190.22,31912,100
6823,2026-05-18 11:53:48.492172,2026/05/18 11:53:48.543,3,NVIDIA A100-SXM-64GB,181.55,31846,100
6824,2026-05-18 11:53:53.578144,2026/05/18 11:53:53.617,0,NVIDIA A100-SXM-64GB,183.55,31904,100
6825,2026-05-18 11:53:53.578144,2026/05/18 11:53:53.621,1,NVIDIA A100-SXM-64GB,177.46,31922,100
6826,2026-05-18 11:53:53.578144,2026/05/18 11:53:53.623,2,NVIDIA A100-SXM-64GB,164.53,31912,100
6827,2026-05-18 11:53:53.578144,2026/05/18 11:53:53.626,3,NVIDIA A100-SXM-64GB,167.72,31846,100
6828,2026-05-18 11:53:58.662162,2026/05/18 11:53:58.712,0,NVIDIA A100-SXM-64GB,153.92,31904,100
6829,2026-05-18 11:53:58.662162,2026/05/18 11:53:58.715,1,NVIDIA A100-SXM-64GB,147.05,31922,99
6830,2026-05-18 11:53:58.662162,2026/05/18 11:53:58.718,2,NVIDIA A100-SXM-64GB,152.26,31912,100
6831,2026-05-18 11:53:58.662162,2026/05/18 11:53:58.723,3,NVIDIA A100-SXM-64GB,180.01,31846,98
6832,2026-05-18 11:54:03.759087,2026/05/18 11:54:03.798,0,NVIDIA A100-SXM-64GB,176.85,31904,100
6833,2026-05-18 11:54:03.759087,2026/05/18 11:54:03.800,1,NVIDIA A100-SXM-64GB,180.48,31922,100
6834,2026-05-18 11:54:03.759087,2026/05/18 11:54:03.803,2,NVIDIA A100-SXM-64GB,185.46,31912,100
6835,2026-05-18 11:54:03.759087,2026/05/18 11:54:03.805,3,NVIDIA A100-SXM-64GB,184.30,31846,100
6836,2026-05-18 11:54:08.841375,2026/05/18 11:54:08.881,0,NVIDIA A100-SXM-64GB,167.36,31904,100
6837,2026-05-18 11:54:08.841375,2026/05/18 11:54:08.883,1,NVIDIA A100-SXM-64GB,153.60,31922,100
6838,2026-05-18 11:54:08.841375,2026/05/18 11:54:08.886,2,NVIDIA A100-SXM-64GB,168.15,31912,100
6839,2026-05-18 11:54:08.841375,2026/05/18 11:54:08.888,3,NVIDIA A100-SXM-64GB,171.13,31846,100
6840,2026-05-18 11:54:13.923996,2026/05/18 11:54:13.963,0,NVIDIA A100-SXM-64GB,156.50,31904,98
6841,2026-05-18 11:54:13.923996,2026/05/18 11:54:13.968,1,NVIDIA A100-SXM-64GB,90.96,31922,98
6842,2026-05-18 11:54:13.923996,2026/05/18 11:54:13.971,2,NVIDIA A100-SXM-64GB,110.05,31912,98
6843,2026-05-18 11:54:13.923996,2026/05/18 11:54:13.974,3,NVIDIA A100-SXM-64GB,96.75,31846,98
6844,2026-05-18 11:54:19.010707,2026/05/18 11:54:19.050,0,NVIDIA A100-SXM-64GB,144.77,31904,98
6845,2026-05-18 11:54:19.010707,2026/05/18 11:54:19.053,1,NVIDIA A100-SXM-64GB,135.14,31922,100
6846,2026-05-18 11:54:19.010707,2026/05/18 11:54:19.055,2,NVIDIA A100-SXM-64GB,150.72,31912,98
6847,2026-05-18 11:54:19.010707,2026/05/18 11:54:19.058,3,NVIDIA A100-SXM-64GB,181.55,31846,100
6848,2026-05-18 11:54:24.093328,2026/05/18 11:54:24.133,0,NVIDIA A100-SXM-64GB,189.36,31904,100
6849,2026-05-18 11:54:24.093328,2026/05/18 11:54:24.135,1,NVIDIA A100-SXM-64GB,172.58,31922,100
6850,2026-05-18 11:54:24.093328,2026/05/18 11:54:24.138,2,NVIDIA A100-SXM-64GB,175.53,31912,100
6851,2026-05-18 11:54:24.093328,2026/05/18 11:54:24.143,3,NVIDIA A100-SXM-64GB,169.26,31846,100
6852,2026-05-18 11:54:29.179996,2026/05/18 11:54:29.219,0,NVIDIA A100-SXM-64GB,153.60,31904,100
6853,2026-05-18 11:54:29.179996,2026/05/18 11:54:29.221,1,NVIDIA A100-SXM-64GB,142.17,31922,100
6854,2026-05-18 11:54:29.179996,2026/05/18 11:54:29.254,2,NVIDIA A100-SXM-64GB,168.15,31912,100
6855,2026-05-18 11:54:29.179996,2026/05/18 11:54:29.265,3,NVIDIA A100-SXM-64GB,174.77,31846,83
6856,2026-05-18 11:54:34.302056,2026/05/18 11:54:34.341,0,NVIDIA A100-SXM-64GB,154.86,31904,98
6857,2026-05-18 11:54:34.302056,2026/05/18 11:54:34.343,1,NVIDIA A100-SXM-64GB,147.66,31922,99
6858,2026-05-18 11:54:34.302056,2026/05/18 11:54:34.346,2,NVIDIA A100-SXM-64GB,139.99,31912,98
6859,2026-05-18 11:54:34.302056,2026/05/18 11:54:34.348,3,NVIDIA A100-SXM-64GB,145.36,31846,100
6860,2026-05-18 11:54:39.384757,2026/05/18 11:54:39.424,0,NVIDIA A100-SXM-64GB,152.54,31904,98
6861,2026-05-18 11:54:39.384757,2026/05/18 11:54:39.426,1,NVIDIA A100-SXM-64GB,146.88,31922,98
6862,2026-05-18 11:54:39.384757,2026/05/18 11:54:39.429,2,NVIDIA A100-SXM-64GB,149.66,31912,98
6863,2026-05-18 11:54:39.384757,2026/05/18 11:54:39.432,3,NVIDIA A100-SXM-64GB,141.81,31846,98
6864,2026-05-18 11:54:44.467495,2026/05/18 11:54:44.507,0,NVIDIA A100-SXM-64GB,169.17,31904,100
6865,2026-05-18 11:54:44.467495,2026/05/18 11:54:44.510,1,NVIDIA A100-SXM-64GB,150.13,31922,100
6866,2026-05-18 11:54:44.467495,2026/05/18 11:54:44.514,2,NVIDIA A100-SXM-64GB,151.65,31912,100
6867,2026-05-18 11:54:44.467495,2026/05/18 11:54:44.517,3,NVIDIA A100-SXM-64GB,159.46,31846,100
6868,2026-05-18 11:54:49.552752,2026/05/18 11:54:49.592,0,NVIDIA A100-SXM-64GB,195.25,31904,100
6869,2026-05-18 11:54:49.552752,2026/05/18 11:54:49.594,1,NVIDIA A100-SXM-64GB,171.64,31922,100
6870,2026-05-18 11:54:49.552752,2026/05/18 11:54:49.597,2,NVIDIA A100-SXM-64GB,189.42,31912,100
6871,2026-05-18 11:54:49.552752,2026/05/18 11:54:49.599,3,NVIDIA A100-SXM-64GB,189.34,31846,100
6872,2026-05-18 11:54:54.635389,2026/05/18 11:54:54.675,0,NVIDIA A100-SXM-64GB,205.54,31904,98
6873,2026-05-18 11:54:54.635389,2026/05/18 11:54:54.677,1,NVIDIA A100-SXM-64GB,195.17,31922,98
6874,2026-05-18 11:54:54.635389,2026/05/18 11:54:54.680,2,NVIDIA A100-SXM-64GB,234.44,31912,97
6875,2026-05-18 11:54:54.635389,2026/05/18 11:54:54.682,3,NVIDIA A100-SXM-64GB,146.29,31846,100
6876,2026-05-18 11:54:59.720550,2026/05/18 11:54:59.760,0,NVIDIA A100-SXM-64GB,180.81,31904,100
6877,2026-05-18 11:54:59.720550,2026/05/18 11:54:59.762,1,NVIDIA A100-SXM-64GB,191.09,31922,100
6878,2026-05-18 11:54:59.720550,2026/05/18 11:54:59.765,2,NVIDIA A100-SXM-64GB,174.59,31912,100
6879,2026-05-18 11:54:59.720550,2026/05/18 11:54:59.771,3,NVIDIA A100-SXM-64GB,170.38,31846,100
6880,2026-05-18 11:55:04.807652,2026/05/18 11:55:04.859,0,NVIDIA A100-SXM-64GB,171.91,31904,100
6881,2026-05-18 11:55:04.807652,2026/05/18 11:55:04.861,1,NVIDIA A100-SXM-64GB,177.65,31922,100
6882,2026-05-18 11:55:04.807652,2026/05/18 11:55:04.864,2,NVIDIA A100-SXM-64GB,165.40,31912,100
6883,2026-05-18 11:55:04.807652,2026/05/18 11:55:04.866,3,NVIDIA A100-SXM-64GB,176.74,31846,100
6884,2026-05-18 11:55:09.902332,2026/05/18 11:55:09.954,0,NVIDIA A100-SXM-64GB,153.32,31904,100
6885,2026-05-18 11:55:09.902332,2026/05/18 11:55:09.958,1,NVIDIA A100-SXM-64GB,148.26,31922,100
6886,2026-05-18 11:55:09.902332,2026/05/18 11:55:09.961,2,NVIDIA A100-SXM-64GB,152.53,31912,100
6887,2026-05-18 11:55:09.902332,2026/05/18 11:55:09.963,3,NVIDIA A100-SXM-64GB,169.87,31846,100
6888,2026-05-18 11:55:14.999768,2026/05/18 11:55:15.039,0,NVIDIA A100-SXM-64GB,181.59,31904,100
6889,2026-05-18 11:55:14.999768,2026/05/18 11:55:15.041,1,NVIDIA A100-SXM-64GB,179.46,31922,100
6890,2026-05-18 11:55:14.999768,2026/05/18 11:55:15.048,2,NVIDIA A100-SXM-64GB,170.81,31912,100
6891,2026-05-18 11:55:14.999768,2026/05/18 11:55:15.050,3,NVIDIA A100-SXM-64GB,187.99,31846,100
6892,2026-05-18 11:55:20.087380,2026/05/18 11:55:20.127,0,NVIDIA A100-SXM-64GB,160.18,31904,100
6893,2026-05-18 11:55:20.087380,2026/05/18 11:55:20.129,1,NVIDIA A100-SXM-64GB,168.74,31922,100
6894,2026-05-18 11:55:20.087380,2026/05/18 11:55:20.132,2,NVIDIA A100-SXM-64GB,155.34,31912,100
6895,2026-05-18 11:55:20.087380,2026/05/18 11:55:20.134,3,NVIDIA A100-SXM-64GB,171.74,31846,100
6896,2026-05-18 11:55:25.170945,2026/05/18 11:55:25.210,0,NVIDIA A100-SXM-64GB,171.64,31904,100
6897,2026-05-18 11:55:25.170945,2026/05/18 11:55:25.212,1,NVIDIA A100-SXM-64GB,189.36,31922,100
6898,2026-05-18 11:55:25.170945,2026/05/18 11:55:25.215,2,NVIDIA A100-SXM-64GB,175.53,31912,100
6899,2026-05-18 11:55:25.170945,2026/05/18 11:55:25.217,3,NVIDIA A100-SXM-64GB,170.20,31846,100
6900,2026-05-18 11:55:30.253931,2026/05/18 11:55:30.293,0,NVIDIA A100-SXM-64GB,154.86,31904,100
6901,2026-05-18 11:55:30.253931,2026/05/18 11:55:30.295,1,NVIDIA A100-SXM-64GB,148.87,31922,100
6902,2026-05-18 11:55:30.253931,2026/05/18 11:55:30.301,2,NVIDIA A100-SXM-64GB,160.24,31912,100
6903,2026-05-18 11:55:30.253931,2026/05/18 11:55:30.303,3,NVIDIA A100-SXM-64GB,154.23,31846,100
6904,2026-05-18 11:55:35.339153,2026/05/18 11:55:35.378,0,NVIDIA A100-SXM-64GB,158.04,31904,100
6905,2026-05-18 11:55:35.339153,2026/05/18 11:55:35.381,1,NVIDIA A100-SXM-64GB,140.91,31922,100
6906,2026-05-18 11:55:35.339153,2026/05/18 11:55:35.383,2,NVIDIA A100-SXM-64GB,150.43,31912,100
6907,2026-05-18 11:55:35.339153,2026/05/18 11:55:35.386,3,NVIDIA A100-SXM-64GB,144.42,31846,98
6908,2026-05-18 11:55:40.422198,2026/05/18 11:55:40.472,0,NVIDIA A100-SXM-64GB,181.08,31904,100
6909,2026-05-18 11:55:40.422198,2026/05/18 11:55:40.475,1,NVIDIA A100-SXM-64GB,188.02,31922,100
6910,2026-05-18 11:55:40.422198,2026/05/18 11:55:40.478,2,NVIDIA A100-SXM-64GB,181.36,31912,100
6911,2026-05-18 11:55:40.422198,2026/05/18 11:55:40.480,3,NVIDIA A100-SXM-64GB,143.82,31846,99
6912,2026-05-18 11:55:45.515967,2026/05/18 11:55:45.555,0,NVIDIA A100-SXM-64GB,144.92,31904,100
6913,2026-05-18 11:55:45.515967,2026/05/18 11:55:45.557,1,NVIDIA A100-SXM-64GB,136.95,31922,100
6914,2026-05-18 11:55:45.515967,2026/05/18 11:55:45.560,2,NVIDIA A100-SXM-64GB,138.31,31912,100
6915,2026-05-18 11:55:45.515967,2026/05/18 11:55:45.563,3,NVIDIA A100-SXM-64GB,139.52,31846,98
6916,2026-05-18 11:55:50.598762,2026/05/18 11:55:50.638,0,NVIDIA A100-SXM-64GB,153.32,31904,100
6917,2026-05-18 11:55:50.598762,2026/05/18 11:55:50.640,1,NVIDIA A100-SXM-64GB,147.05,31922,98
6918,2026-05-18 11:55:50.598762,2026/05/18 11:55:50.646,2,NVIDIA A100-SXM-64GB,151.93,31912,98
6919,2026-05-18 11:55:50.598762,2026/05/18 11:55:50.648,3,NVIDIA A100-SXM-64GB,147.78,31846,98
6920,2026-05-18 11:55:55.685099,2026/05/18 11:55:55.724,0,NVIDIA A100-SXM-64GB,174.06,31904,100
6921,2026-05-18 11:55:55.685099,2026/05/18 11:55:55.726,1,NVIDIA A100-SXM-64GB,146.45,31922,100
6922,2026-05-18 11:55:55.685099,2026/05/18 11:55:55.729,2,NVIDIA A100-SXM-64GB,173.99,31912,100
6923,2026-05-18 11:55:55.685099,2026/05/18 11:55:55.732,3,NVIDIA A100-SXM-64GB,144.15,31846,100
6924,2026-05-18 11:56:00.767572,2026/05/18 11:56:00.807,0,NVIDIA A100-SXM-64GB,191.50,31904,100
6925,2026-05-18 11:56:00.767572,2026/05/18 11:56:00.809,1,NVIDIA A100-SXM-64GB,163.25,31922,100
6926,2026-05-18 11:56:00.767572,2026/05/18 11:56:00.812,2,NVIDIA A100-SXM-64GB,178.28,31912,100
6927,2026-05-18 11:56:00.767572,2026/05/18 11:56:00.815,3,NVIDIA A100-SXM-64GB,167.72,31846,100
6928,2026-05-18 11:56:05.850507,2026/05/18 11:56:05.902,0,NVIDIA A100-SXM-64GB,177.31,31904,100
6929,2026-05-18 11:56:05.850507,2026/05/18 11:56:05.907,1,NVIDIA A100-SXM-64GB,217.45,31922,100
6930,2026-05-18 11:56:05.850507,2026/05/18 11:56:05.910,2,NVIDIA A100-SXM-64GB,210.47,31912,100
6931,2026-05-18 11:56:05.850507,2026/05/18 11:56:05.912,3,NVIDIA A100-SXM-64GB,158.08,31846,97
6932,2026-05-18 11:56:10.949274,2026/05/18 11:56:10.989,0,NVIDIA A100-SXM-64GB,191.58,31904,100
6933,2026-05-18 11:56:10.949274,2026/05/18 11:56:10.991,1,NVIDIA A100-SXM-64GB,172.85,31922,100
6934,2026-05-18 11:56:10.949274,2026/05/18 11:56:10.994,2,NVIDIA A100-SXM-64GB,191.57,31912,100
6935,2026-05-18 11:56:10.949274,2026/05/18 11:56:10.996,3,NVIDIA A100-SXM-64GB,186.26,31846,100
6936,2026-05-18 11:56:16.032297,2026/05/18 11:56:16.071,0,NVIDIA A100-SXM-64GB,177.74,31904,100
6937,2026-05-18 11:56:16.032297,2026/05/18 11:56:16.073,1,NVIDIA A100-SXM-64GB,165.40,31922,100
6938,2026-05-18 11:56:16.032297,2026/05/18 11:56:16.076,2,NVIDIA A100-SXM-64GB,170.63,31912,100
6939,2026-05-18 11:56:16.032297,2026/05/18 11:56:16.078,3,NVIDIA A100-SXM-64GB,169.26,31846,100
6940,2026-05-18 11:56:21.115303,2026/05/18 11:56:21.155,0,NVIDIA A100-SXM-64GB,177.46,31904,100
6941,2026-05-18 11:56:21.115303,2026/05/18 11:56:21.157,1,NVIDIA A100-SXM-64GB,183.55,31922,100
6942,2026-05-18 11:56:21.115303,2026/05/18 11:56:21.160,2,NVIDIA A100-SXM-64GB,171.57,31912,100
6943,2026-05-18 11:56:21.115303,2026/05/18 11:56:21.163,3,NVIDIA A100-SXM-64GB,182.49,31846,100
6944,2026-05-18 11:56:26.199464,2026/05/18 11:56:26.239,0,NVIDIA A100-SXM-64GB,155.29,31904,98
6945,2026-05-18 11:56:26.199464,2026/05/18 11:56:26.241,1,NVIDIA A100-SXM-64GB,143.04,31922,98
6946,2026-05-18 11:56:26.199464,2026/05/18 11:56:26.244,2,NVIDIA A100-SXM-64GB,151.93,31912,98
6947,2026-05-18 11:56:26.199464,2026/05/18 11:56:26.247,3,NVIDIA A100-SXM-64GB,146.57,31846,98
6948,2026-05-18 11:56:31.283362,2026/05/18 11:56:31.323,0,NVIDIA A100-SXM-64GB,180.48,31904,100
6949,2026-05-18 11:56:31.283362,2026/05/18 11:56:31.325,1,NVIDIA A100-SXM-64GB,159.30,31922,100
6950,2026-05-18 11:56:31.283362,2026/05/18 11:56:31.328,2,NVIDIA A100-SXM-64GB,155.34,31912,100
6951,2026-05-18 11:56:31.283362,2026/05/18 11:56:31.330,3,NVIDIA A100-SXM-64GB,169.59,31846,100
6952,2026-05-18 11:56:36.367251,2026/05/18 11:56:36.406,0,NVIDIA A100-SXM-64GB,179.27,31904,100
6953,2026-05-18 11:56:36.367251,2026/05/18 11:56:36.408,1,NVIDIA A100-SXM-64GB,167.64,31922,100
6954,2026-05-18 11:56:36.367251,2026/05/18 11:56:36.411,2,NVIDIA A100-SXM-64GB,197.07,31912,100
6955,2026-05-18 11:56:36.367251,2026/05/18 11:56:36.413,3,NVIDIA A100-SXM-64GB,163.43,31846,100
6956,2026-05-18 11:56:41.450312,2026/05/18 11:56:41.490,0,NVIDIA A100-SXM-64GB,166.16,31904,100
6957,2026-05-18 11:56:41.450312,2026/05/18 11:56:41.492,1,NVIDIA A100-SXM-64GB,147.05,31922,100
6958,2026-05-18 11:56:41.450312,2026/05/18 11:56:41.495,2,NVIDIA A100-SXM-64GB,174.32,31912,100
6959,2026-05-18 11:56:41.450312,2026/05/18 11:56:41.498,3,NVIDIA A100-SXM-64GB,172.02,31846,100
6960,2026-05-18 11:56:46.534156,2026/05/18 11:56:46.573,0,NVIDIA A100-SXM-64GB,152.06,31904,98
6961,2026-05-18 11:56:46.534156,2026/05/18 11:56:46.578,1,NVIDIA A100-SXM-64GB,143.98,31922,98
6962,2026-05-18 11:56:46.534156,2026/05/18 11:56:46.583,2,NVIDIA A100-SXM-64GB,153.79,31912,98
6963,2026-05-18 11:56:46.534156,2026/05/18 11:56:46.589,3,NVIDIA A100-SXM-64GB,142.00,31846,100
6964,2026-05-18 11:56:51.626817,2026/05/18 11:56:51.666,0,NVIDIA A100-SXM-64GB,153.32,31904,99
6965,2026-05-18 11:56:51.626817,2026/05/18 11:56:51.668,1,NVIDIA A100-SXM-64GB,141.84,31922,97
6966,2026-05-18 11:56:51.626817,2026/05/18 11:56:51.671,2,NVIDIA A100-SXM-64GB,148.90,31912,97
6967,2026-05-18 11:56:51.626817,2026/05/18 11:56:51.674,3,NVIDIA A100-SXM-64GB,142.00,31846,100
6968,2026-05-18 11:56:56.710361,2026/05/18 11:56:56.750,0,NVIDIA A100-SXM-64GB,177.74,31904,100
6969,2026-05-18 11:56:56.710361,2026/05/18 11:56:56.752,1,NVIDIA A100-SXM-64GB,131.46,31922,99
6970,2026-05-18 11:56:56.710361,2026/05/18 11:56:56.755,2,NVIDIA A100-SXM-64GB,138.45,31912,99
6971,2026-05-18 11:56:56.710361,2026/05/18 11:56:56.758,3,NVIDIA A100-SXM-64GB,133.68,31846,100
6972,2026-05-18 11:57:01.794457,2026/05/18 11:57:01.834,0,NVIDIA A100-SXM-64GB,156.34,31904,98
6973,2026-05-18 11:57:01.794457,2026/05/18 11:57:01.836,1,NVIDIA A100-SXM-64GB,146.12,31922,98
6974,2026-05-18 11:57:01.794457,2026/05/18 11:57:01.839,2,NVIDIA A100-SXM-64GB,152.86,31912,98
6975,2026-05-18 11:57:01.794457,2026/05/18 11:57:01.841,3,NVIDIA A100-SXM-64GB,145.36,31846,100
6976,2026-05-18 11:57:06.879344,2026/05/18 11:57:06.919,0,NVIDIA A100-SXM-64GB,176.53,31904,100
6977,2026-05-18 11:57:06.879344,2026/05/18 11:57:06.921,1,NVIDIA A100-SXM-64GB,153.75,31922,100
6978,2026-05-18 11:57:06.879344,2026/05/18 11:57:06.924,2,NVIDIA A100-SXM-64GB,158.09,31912,100
6979,2026-05-18 11:57:06.879344,2026/05/18 11:57:06.926,3,NVIDIA A100-SXM-64GB,151.20,31846,100
6980,2026-05-18 11:57:11.964103,2026/05/18 11:57:12.003,0,NVIDIA A100-SXM-64GB,172.75,31904,100
6981,2026-05-18 11:57:11.964103,2026/05/18 11:57:12.006,1,NVIDIA A100-SXM-64GB,177.92,31922,100
6982,2026-05-18 11:57:11.964103,2026/05/18 11:57:12.011,2,NVIDIA A100-SXM-64GB,192.70,31912,100
6983,2026-05-18 11:57:11.964103,2026/05/18 11:57:12.014,3,NVIDIA A100-SXM-64GB,182.15,31846,100
6984,2026-05-18 11:57:17.050148,2026/05/18 11:57:17.089,0,NVIDIA A100-SXM-64GB,162.76,31904,100
6985,2026-05-18 11:57:17.050148,2026/05/18 11:57:17.091,1,NVIDIA A100-SXM-64GB,162.32,31922,100
6986,2026-05-18 11:57:17.050148,2026/05/18 11:57:17.094,2,NVIDIA A100-SXM-64GB,167.88,31912,100
6987,2026-05-18 11:57:17.050148,2026/05/18 11:57:17.097,3,NVIDIA A100-SXM-64GB,169.87,31846,100
6988,2026-05-18 11:57:22.133845,2026/05/18 11:57:22.173,0,NVIDIA A100-SXM-64GB,157.87,31904,100
6989,2026-05-18 11:57:22.133845,2026/05/18 11:57:22.176,1,NVIDIA A100-SXM-64GB,144.58,31922,98
6990,2026-05-18 11:57:22.133845,2026/05/18 11:57:22.178,2,NVIDIA A100-SXM-64GB,151.32,31912,98
6991,2026-05-18 11:57:22.133845,2026/05/18 11:57:22.181,3,NVIDIA A100-SXM-64GB,147.78,31846,98
6992,2026-05-18 11:57:27.217635,2026/05/18 11:57:27.258,0,NVIDIA A100-SXM-64GB,156.07,31904,100
6993,2026-05-18 11:57:27.217635,2026/05/18 11:57:27.260,1,NVIDIA A100-SXM-64GB,142.77,31922,99
6994,2026-05-18 11:57:27.217635,2026/05/18 11:57:27.263,2,NVIDIA A100-SXM-64GB,151.32,31912,97
6995,2026-05-18 11:57:27.217635,2026/05/18 11:57:27.265,3,NVIDIA A100-SXM-64GB,148.12,31846,97
6996,2026-05-18 11:57:32.305308,2026/05/18 11:57:32.345,0,NVIDIA A100-SXM-64GB,186.29,31904,100
6997,2026-05-18 11:57:32.305308,2026/05/18 11:57:32.349,1,NVIDIA A100-SXM-64GB,188.43,31922,100
6998,2026-05-18 11:57:32.305308,2026/05/18 11:57:32.351,2,NVIDIA A100-SXM-64GB,185.93,31912,100
6999,2026-05-18 11:57:32.305308,2026/05/18 11:57:32.354,3,NVIDIA A100-SXM-64GB,162.54,31846,100
7000,2026-05-18 11:57:37.390293,2026/05/18 11:57:37.442,0,NVIDIA A100-SXM-64GB,151.01,31904,100
7001,2026-05-18 11:57:37.390293,2026/05/18 11:57:37.444,1,NVIDIA A100-SXM-64GB,145.07,31922,100
7002,2026-05-18 11:57:37.390293,2026/05/18 11:57:37.447,2,NVIDIA A100-SXM-64GB,164.09,31912,100
7003,2026-05-18 11:57:37.390293,2026/05/18 11:57:37.454,3,NVIDIA A100-SXM-64GB,145.17,31846,98
7004,2026-05-18 11:57:42.491407,2026/05/18 11:57:42.531,0,NVIDIA A100-SXM-64GB,156.34,31904,100
7005,2026-05-18 11:57:42.491407,2026/05/18 11:57:42.536,1,NVIDIA A100-SXM-64GB,148.26,31922,100
7006,2026-05-18 11:57:42.491407,2026/05/18 11:57:42.539,2,NVIDIA A100-SXM-64GB,169.09,31912,100
7007,2026-05-18 11:57:42.491407,2026/05/18 11:57:42.541,3,NVIDIA A100-SXM-64GB,151.20,31846,100
7008,2026-05-18 11:57:47.578474,2026/05/18 11:57:47.618,0,NVIDIA A100-SXM-64GB,197.99,31904,100
7009,2026-05-18 11:57:47.578474,2026/05/18 11:57:47.620,1,NVIDIA A100-SXM-64GB,189.36,31922,100
7010,2026-05-18 11:57:47.578474,2026/05/18 11:57:47.623,2,NVIDIA A100-SXM-64GB,192.77,31912,100
7011,2026-05-18 11:57:47.578474,2026/05/18 11:57:47.626,3,NVIDIA A100-SXM-64GB,165.91,31846,100
7012,2026-05-18 11:57:52.662213,2026/05/18 11:57:52.701,0,NVIDIA A100-SXM-64GB,176.85,31904,100
7013,2026-05-18 11:57:52.662213,2026/05/18 11:57:52.704,1,NVIDIA A100-SXM-64GB,145.19,31922,100
7014,2026-05-18 11:57:52.662213,2026/05/18 11:57:52.706,2,NVIDIA A100-SXM-64GB,170.78,31912,100
7015,2026-05-18 11:57:52.662213,2026/05/18 11:57:52.712,3,NVIDIA A100-SXM-64GB,153.34,31846,100
7016,2026-05-18 11:57:57.749316,2026/05/18 11:57:57.789,0,NVIDIA A100-SXM-64GB,153.15,31904,98
7017,2026-05-18 11:57:57.749316,2026/05/18 11:57:57.791,1,NVIDIA A100-SXM-64GB,145.52,31922,98
7018,2026-05-18 11:57:57.749316,2026/05/18 11:57:57.794,2,NVIDIA A100-SXM-64GB,148.45,31912,98
7019,2026-05-18 11:57:57.749316,2026/05/18 11:57:57.796,3,NVIDIA A100-SXM-64GB,146.73,31846,98
7020,2026-05-18 11:58:02.833796,2026/05/18 11:58:02.873,0,NVIDIA A100-SXM-64GB,158.81,31904,97
7021,2026-05-18 11:58:02.833796,2026/05/18 11:58:02.875,1,NVIDIA A100-SXM-64GB,144.92,31922,100
7022,2026-05-18 11:58:02.833796,2026/05/18 11:58:02.878,2,NVIDIA A100-SXM-64GB,149.50,31912,100
7023,2026-05-18 11:58:02.833796,2026/05/18 11:58:02.881,3,NVIDIA A100-SXM-64GB,147.18,31846,97
7024,2026-05-18 11:58:07.917517,2026/05/18 11:58:07.968,0,NVIDIA A100-SXM-64GB,203.80,31904,100
7025,2026-05-18 11:58:07.917517,2026/05/18 11:58:07.971,1,NVIDIA A100-SXM-64GB,171.32,31922,100
7026,2026-05-18 11:58:07.917517,2026/05/18 11:58:07.974,2,NVIDIA A100-SXM-64GB,183.18,31912,100
7027,2026-05-18 11:58:07.917517,2026/05/18 11:58:07.976,3,NVIDIA A100-SXM-64GB,170.81,31846,100
7028,2026-05-18 11:58:13.015691,2026/05/18 11:58:13.056,0,NVIDIA A100-SXM-64GB,169.17,31904,100
7029,2026-05-18 11:58:13.015691,2026/05/18 11:58:13.059,1,NVIDIA A100-SXM-64GB,157.43,31922,100
7030,2026-05-18 11:58:13.015691,2026/05/18 11:58:13.062,2,NVIDIA A100-SXM-64GB,184.44,31912,100
7031,2026-05-18 11:58:13.015691,2026/05/18 11:58:13.064,3,NVIDIA A100-SXM-64GB,177.58,31846,100
7032,2026-05-18 11:58:18.101721,2026/05/18 11:58:18.150,0,NVIDIA A100-SXM-64GB,160.34,31904,98
7033,2026-05-18 11:58:18.101721,2026/05/18 11:58:18.153,1,NVIDIA A100-SXM-64GB,145.52,31922,98
7034,2026-05-18 11:58:18.101721,2026/05/18 11:58:18.155,2,NVIDIA A100-SXM-64GB,153.47,31912,98
7035,2026-05-18 11:58:18.101721,2026/05/18 11:58:18.160,3,NVIDIA A100-SXM-64GB,148.12,31846,98
7036,2026-05-18 11:58:23.197529,2026/05/18 11:58:23.237,0,NVIDIA A100-SXM-64GB,198.52,31904,100
7037,2026-05-18 11:58:23.197529,2026/05/18 11:58:23.239,1,NVIDIA A100-SXM-64GB,178.52,31922,100
7038,2026-05-18 11:58:23.197529,2026/05/18 11:58:23.242,2,NVIDIA A100-SXM-64GB,171.57,31912,100
7039,2026-05-18 11:58:23.197529,2026/05/18 11:58:23.244,3,NVIDIA A100-SXM-64GB,175.71,31846,100
7040,2026-05-18 11:58:28.280871,2026/05/18 11:58:28.320,0,NVIDIA A100-SXM-64GB,167.64,31904,100
7041,2026-05-18 11:58:28.280871,2026/05/18 11:58:28.322,1,NVIDIA A100-SXM-64GB,158.64,31922,100
7042,2026-05-18 11:58:28.280871,2026/05/18 11:58:28.325,2,NVIDIA A100-SXM-64GB,169.09,31912,100
7043,2026-05-18 11:58:28.280871,2026/05/18 11:58:28.327,3,NVIDIA A100-SXM-64GB,149.33,31846,100
7044,2026-05-18 11:58:33.367155,2026/05/18 11:58:33.406,0,NVIDIA A100-SXM-64GB,156.50,31904,98
7045,2026-05-18 11:58:33.367155,2026/05/18 11:58:33.410,1,NVIDIA A100-SXM-64GB,145.19,31922,98
7046,2026-05-18 11:58:33.367155,2026/05/18 11:58:33.413,2,NVIDIA A100-SXM-64GB,151.93,31912,98
7047,2026-05-18 11:58:33.367155,2026/05/18 11:58:33.418,3,NVIDIA A100-SXM-64GB,144.42,31846,98
7048,2026-05-18 11:58:38.454878,2026/05/18 11:58:38.494,0,NVIDIA A100-SXM-64GB,156.34,31904,97
7049,2026-05-18 11:58:38.454878,2026/05/18 11:58:38.497,1,NVIDIA A100-SXM-64GB,147.18,31922,97
7050,2026-05-18 11:58:38.454878,2026/05/18 11:58:38.502,2,NVIDIA A100-SXM-64GB,149.78,31912,97
7051,2026-05-18 11:58:38.454878,2026/05/18 11:58:38.504,3,NVIDIA A100-SXM-64GB,143.21,31846,97
7052,2026-05-18 11:58:43.541552,2026/05/18 11:58:43.581,0,NVIDIA A100-SXM-64GB,197.92,31904,100
7053,2026-05-18 11:58:43.541552,2026/05/18 11:58:43.583,1,NVIDIA A100-SXM-64GB,169.78,31922,100
7054,2026-05-18 11:58:43.541552,2026/05/18 11:58:43.586,2,NVIDIA A100-SXM-64GB,185.93,31912,100
7055,2026-05-18 11:58:43.541552,2026/05/18 11:58:43.588,3,NVIDIA A100-SXM-64GB,166.51,31846,100
7056,2026-05-18 11:58:48.627554,2026/05/18 11:58:48.667,0,NVIDIA A100-SXM-64GB,182.80,31904,100
7057,2026-05-18 11:58:48.627554,2026/05/18 11:58:48.669,1,NVIDIA A100-SXM-64GB,135.88,31922,98
7058,2026-05-18 11:58:48.627554,2026/05/18 11:58:48.672,2,NVIDIA A100-SXM-64GB,182.57,31912,100
7059,2026-05-18 11:58:48.627554,2026/05/18 11:58:48.674,3,NVIDIA A100-SXM-64GB,194.11,31846,100
7060,2026-05-18 11:58:53.711706,2026/05/18 11:58:53.751,0,NVIDIA A100-SXM-64GB,176.53,31904,100
7061,2026-05-18 11:58:53.711706,2026/05/18 11:58:53.753,1,NVIDIA A100-SXM-64GB,152.54,31922,100
7062,2026-05-18 11:58:53.711706,2026/05/18 11:58:53.756,2,NVIDIA A100-SXM-64GB,157.49,31912,100
7063,2026-05-18 11:58:53.711706,2026/05/18 11:58:53.758,3,NVIDIA A100-SXM-64GB,173.89,31846,100
7064,2026-05-18 11:58:58.795189,2026/05/18 11:58:58.834,0,NVIDIA A100-SXM-64GB,175.59,31904,100
7065,2026-05-18 11:58:58.795189,2026/05/18 11:58:58.836,1,NVIDIA A100-SXM-64GB,189.63,31922,100
7066,2026-05-18 11:58:58.795189,2026/05/18 11:58:58.839,2,NVIDIA A100-SXM-64GB,194.65,31912,100
7067,2026-05-18 11:58:58.795189,2026/05/18 11:58:58.842,3,NVIDIA A100-SXM-64GB,163.43,31846,100
7068,2026-05-18 11:59:03.878367,2026/05/18 11:59:03.918,0,NVIDIA A100-SXM-64GB,161.28,31904,100
7069,2026-05-18 11:59:03.878367,2026/05/18 11:59:03.920,1,NVIDIA A100-SXM-64GB,144.58,31922,100
7070,2026-05-18 11:59:03.878367,2026/05/18 11:59:03.926,2,NVIDIA A100-SXM-64GB,152.26,31912,100
7071,2026-05-18 11:59:03.878367,2026/05/18 11:59:03.931,3,NVIDIA A100-SXM-64GB,171.13,31846,100
7072,2026-05-18 11:59:08.970468,2026/05/18 11:59:09.010,0,NVIDIA A100-SXM-64GB,184.15,31904,100
7073,2026-05-18 11:59:08.970468,2026/05/18 11:59:09.013,1,NVIDIA A100-SXM-64GB,187.23,31922,100
7074,2026-05-18 11:59:08.970468,2026/05/18 11:59:09.015,2,NVIDIA A100-SXM-64GB,196.99,31912,100
7075,2026-05-18 11:59:08.970468,2026/05/18 11:59:09.020,3,NVIDIA A100-SXM-64GB,187.19,31846,100
7076,2026-05-18 11:59:14.057472,2026/05/18 11:59:14.107,0,NVIDIA A100-SXM-64GB,210.43,31904,98
7077,2026-05-18 11:59:14.057472,2026/05/18 11:59:14.110,1,NVIDIA A100-SXM-64GB,163.58,31922,100
7078,2026-05-18 11:59:14.057472,2026/05/18 11:59:14.114,2,NVIDIA A100-SXM-64GB,226.70,31912,100
7079,2026-05-18 11:59:14.057472,2026/05/18 11:59:14.120,3,NVIDIA A100-SXM-64GB,214.38,31846,98
7080,2026-05-18 11:59:19.157108,2026/05/18 11:59:19.196,0,NVIDIA A100-SXM-64GB,180.81,31904,100
7081,2026-05-18 11:59:19.157108,2026/05/18 11:59:19.198,1,NVIDIA A100-SXM-64GB,189.97,31922,100
7082,2026-05-18 11:59:19.157108,2026/05/18 11:59:19.201,2,NVIDIA A100-SXM-64GB,182.57,31912,100
7083,2026-05-18 11:59:19.157108,2026/05/18 11:59:19.203,3,NVIDIA A100-SXM-64GB,173.29,31846,100
7084,2026-05-18 11:59:24.240500,2026/05/18 11:59:24.280,0,NVIDIA A100-SXM-64GB,180.81,31904,100
7085,2026-05-18 11:59:24.240500,2026/05/18 11:59:24.284,1,NVIDIA A100-SXM-64GB,162.15,31922,100
7086,2026-05-18 11:59:24.240500,2026/05/18 11:59:24.287,2,NVIDIA A100-SXM-64GB,179.49,31912,100
7087,2026-05-18 11:59:24.240500,2026/05/18 11:59:24.289,3,NVIDIA A100-SXM-64GB,159.46,31846,100
7088,2026-05-18 11:59:29.327807,2026/05/18 11:59:29.367,0,NVIDIA A100-SXM-64GB,153.15,31904,98
7089,2026-05-18 11:59:29.327807,2026/05/18 11:59:29.369,1,NVIDIA A100-SXM-64GB,149.80,31922,100
7090,2026-05-18 11:59:29.327807,2026/05/18 11:59:29.372,2,NVIDIA A100-SXM-64GB,155.61,31912,98
7091,2026-05-18 11:59:29.327807,2026/05/18 11:59:29.375,3,NVIDIA A100-SXM-64GB,146.44,31846,98
7092,2026-05-18 11:59:34.412127,2026/05/18 11:59:34.451,0,NVIDIA A100-SXM-64GB,151.01,31904,100
7093,2026-05-18 11:59:34.412127,2026/05/18 11:59:34.453,1,NVIDIA A100-SXM-64GB,144.58,31922,100
7094,2026-05-18 11:59:34.412127,2026/05/18 11:59:34.456,2,NVIDIA A100-SXM-64GB,183.18,31912,100
7095,2026-05-18 11:59:34.412127,2026/05/18 11:59:34.461,3,NVIDIA A100-SXM-64GB,163.43,31846,100
7096,2026-05-18 11:59:39.498171,2026/05/18 11:59:39.538,0,NVIDIA A100-SXM-64GB,169.51,31904,100
7097,2026-05-18 11:59:39.498171,2026/05/18 11:59:39.540,1,NVIDIA A100-SXM-64GB,146.12,31922,100
7098,2026-05-18 11:59:39.498171,2026/05/18 11:59:39.544,2,NVIDIA A100-SXM-64GB,153.79,31912,100
7099,2026-05-18 11:59:39.498171,2026/05/18 11:59:39.546,3,NVIDIA A100-SXM-64GB,158.08,31846,100
7100,2026-05-18 11:59:44.586326,2026/05/18 11:59:44.626,0,NVIDIA A100-SXM-64GB,156.34,31904,98
7101,2026-05-18 11:59:44.586326,2026/05/18 11:59:44.628,1,NVIDIA A100-SXM-64GB,145.84,31922,100
7102,2026-05-18 11:59:44.586326,2026/05/18 11:59:44.631,2,NVIDIA A100-SXM-64GB,152.53,31912,98
7103,2026-05-18 11:59:44.586326,2026/05/18 11:59:44.637,3,NVIDIA A100-SXM-64GB,145.96,31846,98
7104,2026-05-18 11:59:49.673909,2026/05/18 11:59:49.713,0,NVIDIA A100-SXM-64GB,157.87,31904,97
7105,2026-05-18 11:59:49.673909,2026/05/18 11:59:49.718,1,NVIDIA A100-SXM-64GB,146.45,31922,98
7106,2026-05-18 11:59:49.673909,2026/05/18 11:59:49.724,2,NVIDIA A100-SXM-64GB,153.79,31912,97
7107,2026-05-18 11:59:49.673909,2026/05/18 11:59:49.726,3,NVIDIA A100-SXM-64GB,144.75,31846,97
7108,2026-05-18 11:59:54.763885,2026/05/18 11:59:54.803,0,NVIDIA A100-SXM-64GB,178.06,31904,100
7109,2026-05-18 11:59:54.763885,2026/05/18 11:59:54.805,1,NVIDIA A100-SXM-64GB,162.49,31922,100
7110,2026-05-18 11:59:54.763885,2026/05/18 11:59:54.808,2,NVIDIA A100-SXM-64GB,197.07,31912,100
7111,2026-05-18 11:59:54.763885,2026/05/18 11:59:54.812,3,NVIDIA A100-SXM-64GB,173.11,31846,100
7112,2026-05-18 11:59:59.853654,2026/05/18 11:59:59.893,0,NVIDIA A100-SXM-64GB,152.54,31904,100
7113,2026-05-18 11:59:59.853654,2026/05/18 11:59:59.895,1,NVIDIA A100-SXM-64GB,157.43,31922,100
7114,2026-05-18 11:59:59.853654,2026/05/18 11:59:59.898,2,NVIDIA A100-SXM-64GB,190.88,31912,100
7115,2026-05-18 11:59:59.853654,2026/05/18 11:59:59.900,3,NVIDIA A100-SXM-64GB,191.68,31846,100
7116,2026-05-18 12:00:04.937823,2026/05/18 12:00:04.978,0,NVIDIA A100-SXM-64GB,155.46,31904,98
7117,2026-05-18 12:00:04.937823,2026/05/18 12:00:04.981,1,NVIDIA A100-SXM-64GB,147.05,31922,98
7118,2026-05-18 12:00:04.937823,2026/05/18 12:00:04.984,2,NVIDIA A100-SXM-64GB,155.34,31912,98
7119,2026-05-18 12:00:04.937823,2026/05/18 12:00:04.986,3,NVIDIA A100-SXM-64GB,144.15,31846,98
7120,2026-05-18 12:00:10.023828,2026/05/18 12:00:10.063,0,NVIDIA A100-SXM-64GB,155.62,31904,98
7121,2026-05-18 12:00:10.023828,2026/05/18 12:00:10.065,1,NVIDIA A100-SXM-64GB,147.66,31922,100
7122,2026-05-18 12:00:10.023828,2026/05/18 12:00:10.068,2,NVIDIA A100-SXM-64GB,147.35,31912,100
7123,2026-05-18 12:00:10.023828,2026/05/18 12:00:10.070,3,NVIDIA A100-SXM-64GB,147.05,31846,98
7124,2026-05-18 12:00:15.109622,2026/05/18 12:00:15.149,0,NVIDIA A100-SXM-64GB,158.48,31904,100
7125,2026-05-18 12:00:15.109622,2026/05/18 12:00:15.151,1,NVIDIA A100-SXM-64GB,171.82,31922,100
7126,2026-05-18 12:00:15.109622,2026/05/18 12:00:15.154,2,NVIDIA A100-SXM-64GB,173.38,31912,100
7127,2026-05-18 12:00:15.109622,2026/05/18 12:00:15.156,3,NVIDIA A100-SXM-64GB,157.92,31846,100
7128,2026-05-18 12:00:20.193573,2026/05/18 12:00:20.234,0,NVIDIA A100-SXM-64GB,180.21,31904,100
7129,2026-05-18 12:00:20.193573,2026/05/18 12:00:20.236,1,NVIDIA A100-SXM-64GB,178.06,31922,100
7130,2026-05-18 12:00:20.193573,2026/05/18 12:00:20.239,2,NVIDIA A100-SXM-64GB,189.94,31912,100
7131,2026-05-18 12:00:20.193573,2026/05/18 12:00:20.241,3,NVIDIA A100-SXM-64GB,180.61,31846,100
7132,2026-05-18 12:00:25.278511,2026/05/18 12:00:25.318,0,NVIDIA A100-SXM-64GB,204.01,31904,100
7133,2026-05-18 12:00:25.278511,2026/05/18 12:00:25.320,1,NVIDIA A100-SXM-64GB,138.30,31922,100
7134,2026-05-18 12:00:25.278511,2026/05/18 12:00:25.323,2,NVIDIA A100-SXM-64GB,156.71,31912,100
7135,2026-05-18 12:00:25.278511,2026/05/18 12:00:25.325,3,NVIDIA A100-SXM-64GB,173.56,31846,100
7136,2026-05-18 12:00:30.375009,2026/05/18 12:00:30.414,0,NVIDIA A100-SXM-64GB,183.55,31904,100
7137,2026-05-18 12:00:30.375009,2026/05/18 12:00:30.427,1,NVIDIA A100-SXM-64GB,187.23,31922,100
7138,2026-05-18 12:00:30.375009,2026/05/18 12:00:30.429,2,NVIDIA A100-SXM-64GB,189.34,31912,100
7139,2026-05-18 12:00:30.375009,2026/05/18 12:00:30.433,3,NVIDIA A100-SXM-64GB,187.06,31846,100
7140,2026-05-18 12:00:35.469843,2026/05/18 12:00:35.509,0,NVIDIA A100-SXM-64GB,174.06,31904,100
7141,2026-05-18 12:00:35.469843,2026/05/18 12:00:35.511,1,NVIDIA A100-SXM-64GB,177.13,31922,100
7142,2026-05-18 12:00:35.469843,2026/05/18 12:00:35.514,2,NVIDIA A100-SXM-64GB,166.67,31912,100
7143,2026-05-18 12:00:35.469843,2026/05/18 12:00:35.516,3,NVIDIA A100-SXM-64GB,169.87,31846,100
7144,2026-05-18 12:00:40.553414,2026/05/18 12:00:40.593,0,NVIDIA A100-SXM-64GB,151.94,31904,100
7145,2026-05-18 12:00:40.553414,2026/05/18 12:00:40.597,1,NVIDIA A100-SXM-64GB,142.17,31922,98
7146,2026-05-18 12:00:40.553414,2026/05/18 12:00:40.601,2,NVIDIA A100-SXM-64GB,150.11,31912,98
7147,2026-05-18 12:00:40.553414,2026/05/18 12:00:40.603,3,NVIDIA A100-SXM-64GB,147.18,31846,98
7148,2026-05-18 12:00:45.640060,2026/05/18 12:00:45.679,0,NVIDIA A100-SXM-64GB,151.46,31904,100
7149,2026-05-18 12:00:45.640060,2026/05/18 12:00:45.685,1,NVIDIA A100-SXM-64GB,140.03,31922,98
7150,2026-05-18 12:00:45.640060,2026/05/18 12:00:45.688,2,NVIDIA A100-SXM-64GB,153.47,31912,100
7151,2026-05-18 12:00:45.640060,2026/05/18 12:00:45.691,3,NVIDIA A100-SXM-64GB,146.90,31846,100
7152,2026-05-18 12:00:50.727652,2026/05/18 12:00:50.767,0,NVIDIA A100-SXM-64GB,182.95,31904,100
7153,2026-05-18 12:00:50.727652,2026/05/18 12:00:50.769,1,NVIDIA A100-SXM-64GB,146.45,31922,100
7154,2026-05-18 12:00:50.727652,2026/05/18 12:00:50.772,2,NVIDIA A100-SXM-64GB,179.21,31912,100
7155,2026-05-18 12:00:50.727652,2026/05/18 12:00:50.776,3,NVIDIA A100-SXM-64GB,151.47,31846,100
7156,2026-05-18 12:00:55.815403,2026/05/18 12:00:55.855,0,NVIDIA A100-SXM-64GB,152.54,31904,100
7157,2026-05-18 12:00:55.815403,2026/05/18 12:00:55.857,1,NVIDIA A100-SXM-64GB,147.48,31922,98
7158,2026-05-18 12:00:55.815403,2026/05/18 12:00:55.860,2,NVIDIA A100-SXM-64GB,144.60,31912,98
7159,2026-05-18 12:00:55.815403,2026/05/18 12:00:55.862,3,NVIDIA A100-SXM-64GB,133.54,31846,98
7160,2026-05-18 12:01:00.899454,2026/05/18 12:01:00.940,0,NVIDIA A100-SXM-64GB,159.41,31904,100
7161,2026-05-18 12:01:00.899454,2026/05/18 12:01:00.946,1,NVIDIA A100-SXM-64GB,145.84,31922,100
7162,2026-05-18 12:01:00.899454,2026/05/18 12:01:00.950,2,NVIDIA A100-SXM-64GB,189.01,31912,100
7163,2026-05-18 12:01:00.899454,2026/05/18 12:01:00.952,3,NVIDIA A100-SXM-64GB,205.85,31846,100
7164,2026-05-18 12:01:05.989345,2026/05/18 12:01:06.029,0,NVIDIA A100-SXM-64GB,177.74,31904,100
7165,2026-05-18 12:01:05.989345,2026/05/18 12:01:06.031,1,NVIDIA A100-SXM-64GB,165.40,31922,100
7166,2026-05-18 12:01:05.989345,2026/05/18 12:01:06.034,2,NVIDIA A100-SXM-64GB,187.88,31912,100
7167,2026-05-18 12:01:05.989345,2026/05/18 12:01:06.036,3,NVIDIA A100-SXM-64GB,187.19,31846,100
7168,2026-05-18 12:01:11.073137,2026/05/18 12:01:11.112,0,NVIDIA A100-SXM-64GB,183.88,31904,100
7169,2026-05-18 12:01:11.073137,2026/05/18 12:01:11.114,1,NVIDIA A100-SXM-64GB,172.25,31922,100
7170,2026-05-18 12:01:11.073137,2026/05/18 12:01:11.117,2,NVIDIA A100-SXM-64GB,179.03,31912,100
7171,2026-05-18 12:01:11.073137,2026/05/18 12:01:11.122,3,NVIDIA A100-SXM-64GB,176.74,31846,100
7172,2026-05-18 12:01:16.160232,2026/05/18 12:01:16.200,0,NVIDIA A100-SXM-64GB,155.13,31904,99
7173,2026-05-18 12:01:16.160232,2026/05/18 12:01:16.202,1,NVIDIA A100-SXM-64GB,143.04,31922,98
7174,2026-05-18 12:01:16.160232,2026/05/18 12:01:16.205,2,NVIDIA A100-SXM-64GB,152.26,31912,98
7175,2026-05-18 12:01:16.160232,2026/05/18 12:01:16.207,3,NVIDIA A100-SXM-64GB,148.12,31846,98
7176,2026-05-18 12:01:21.244730,2026/05/18 12:01:21.284,0,NVIDIA A100-SXM-64GB,155.74,31904,98
7177,2026-05-18 12:01:21.244730,2026/05/18 12:01:21.287,1,NVIDIA A100-SXM-64GB,145.52,31922,98
7178,2026-05-18 12:01:21.244730,2026/05/18 12:01:21.292,2,NVIDIA A100-SXM-64GB,151.65,31912,98
7179,2026-05-18 12:01:21.244730,2026/05/18 12:01:21.294,3,NVIDIA A100-SXM-64GB,142.27,31846,100
7180,2026-05-18 12:01:26.331663,2026/05/18 12:01:26.371,0,NVIDIA A100-SXM-64GB,174.38,31904,100
7181,2026-05-18 12:01:26.331663,2026/05/18 12:01:26.376,1,NVIDIA A100-SXM-64GB,163.58,31922,100
7182,2026-05-18 12:01:26.331663,2026/05/18 12:01:26.379,2,NVIDIA A100-SXM-64GB,164.53,31912,100
7183,2026-05-18 12:01:26.331663,2026/05/18 12:01:26.381,3,NVIDIA A100-SXM-64GB,151.80,31846,100
7184,2026-05-18 12:01:31.421752,2026/05/18 12:01:31.461,0,NVIDIA A100-SXM-64GB,182.01,31904,100
7185,2026-05-18 12:01:31.421752,2026/05/18 12:01:31.463,1,NVIDIA A100-SXM-64GB,177.46,31922,100
7186,2026-05-18 12:01:31.421752,2026/05/18 12:01:31.466,2,NVIDIA A100-SXM-64GB,171.24,31912,100
7187,2026-05-18 12:01:31.421752,2026/05/18 12:01:31.469,3,NVIDIA A100-SXM-64GB,165.91,31846,100
7188,2026-05-18 12:01:36.506069,2026/05/18 12:01:36.545,0,NVIDIA A100-SXM-64GB,154.36,31904,100
7189,2026-05-18 12:01:36.506069,2026/05/18 12:01:36.548,1,NVIDIA A100-SXM-64GB,143.71,31922,100
7190,2026-05-18 12:01:36.506069,2026/05/18 12:01:36.551,2,NVIDIA A100-SXM-64GB,200.07,31912,100
7191,2026-05-18 12:01:36.506069,2026/05/18 12:01:36.553,3,NVIDIA A100-SXM-64GB,162.38,31846,100
7192,2026-05-18 12:01:41.590855,2026/05/18 12:01:41.630,0,NVIDIA A100-SXM-64GB,172.58,31904,100
7193,2026-05-18 12:01:41.590855,2026/05/18 12:01:41.632,1,NVIDIA A100-SXM-64GB,187.83,31922,100
7194,2026-05-18 12:01:41.590855,2026/05/18 12:01:41.638,2,NVIDIA A100-SXM-64GB,169.42,31912,100
7195,2026-05-18 12:01:41.590855,2026/05/18 12:01:41.641,3,NVIDIA A100-SXM-64GB,165.91,31846,100
7196,2026-05-18 12:01:46.677665,2026/05/18 12:01:46.717,0,NVIDIA A100-SXM-64GB,168.90,31904,100
7197,2026-05-18 12:01:46.677665,2026/05/18 12:01:46.722,1,NVIDIA A100-SXM-64GB,174.99,31922,100
7198,2026-05-18 12:01:46.677665,2026/05/18 12:01:46.725,2,NVIDIA A100-SXM-64GB,164.53,31912,100
7199,2026-05-18 12:01:46.677665,2026/05/18 12:01:46.728,3,NVIDIA A100-SXM-64GB,172.02,31846,100
7200,2026-05-18 12:01:51.764672,2026/05/18 12:01:51.816,0,NVIDIA A100-SXM-64GB,155.74,31904,98
7201,2026-05-18 12:01:51.764672,2026/05/18 12:01:51.818,1,NVIDIA A100-SXM-64GB,147.99,31922,99
7202,2026-05-18 12:01:51.764672,2026/05/18 12:01:51.821,2,NVIDIA A100-SXM-64GB,150.11,31912,98
7203,2026-05-18 12:01:51.764672,2026/05/18 12:01:51.823,3,NVIDIA A100-SXM-64GB,145.96,31846,98
7204,2026-05-18 12:01:56.860577,2026/05/18 12:01:56.900,0,NVIDIA A100-SXM-64GB,185.36,31904,100
7205,2026-05-18 12:01:56.860577,2026/05/18 12:01:56.905,1,NVIDIA A100-SXM-64GB,158.48,31922,98
7206,2026-05-18 12:01:56.860577,2026/05/18 12:01:56.908,2,NVIDIA A100-SXM-64GB,147.63,31912,100
7207,2026-05-18 12:01:56.860577,2026/05/18 12:01:56.910,3,NVIDIA A100-SXM-64GB,193.30,31846,98
7208,2026-05-18 12:02:01.951927,2026/05/18 12:02:01.991,0,NVIDIA A100-SXM-64GB,159.57,31904,100
7209,2026-05-18 12:02:01.951927,2026/05/18 12:02:01.993,1,NVIDIA A100-SXM-64GB,154.36,31922,100
7210,2026-05-18 12:02:01.951927,2026/05/18 12:02:01.996,2,NVIDIA A100-SXM-64GB,180.43,31912,100
7211,2026-05-18 12:02:01.951927,2026/05/18 12:02:01.998,3,NVIDIA A100-SXM-64GB,174.17,31846,100
7212,2026-05-18 12:02:07.036431,2026/05/18 12:02:07.076,0,NVIDIA A100-SXM-64GB,182.34,31904,100
7213,2026-05-18 12:02:07.036431,2026/05/18 12:02:07.078,1,NVIDIA A100-SXM-64GB,187.23,31922,100
7214,2026-05-18 12:02:07.036431,2026/05/18 12:02:07.081,2,NVIDIA A100-SXM-64GB,183.79,31912,100
7215,2026-05-18 12:02:07.036431,2026/05/18 12:02:07.083,3,NVIDIA A100-SXM-64GB,187.19,31846,100
7216,2026-05-18 12:02:12.120627,2026/05/18 12:02:12.160,0,NVIDIA A100-SXM-64GB,174.06,31904,100
7217,2026-05-18 12:02:12.120627,2026/05/18 12:02:12.163,1,NVIDIA A100-SXM-64GB,168.74,31922,100
7218,2026-05-18 12:02:12.120627,2026/05/18 12:02:12.167,2,NVIDIA A100-SXM-64GB,155.61,31912,100
7219,2026-05-18 12:02:12.120627,2026/05/18 12:02:12.170,3,NVIDIA A100-SXM-64GB,172.96,31846,100
7220,2026-05-18 12:02:17.208306,2026/05/18 12:02:17.258,0,NVIDIA A100-SXM-64GB,154.86,31904,100
7221,2026-05-18 12:02:17.208306,2026/05/18 12:02:17.261,1,NVIDIA A100-SXM-64GB,144.31,31922,100
7222,2026-05-18 12:02:17.208306,2026/05/18 12:02:17.264,2,NVIDIA A100-SXM-64GB,180.24,31912,100
7223,2026-05-18 12:02:17.208306,2026/05/18 12:02:17.266,3,NVIDIA A100-SXM-64GB,172.44,31846,100
7224,2026-05-18 12:02:22.303927,2026/05/18 12:02:22.343,0,NVIDIA A100-SXM-64GB,178.34,31904,100
7225,2026-05-18 12:02:22.303927,2026/05/18 12:02:22.345,1,NVIDIA A100-SXM-64GB,177.74,31922,100
7226,2026-05-18 12:02:22.303927,2026/05/18 12:02:22.349,2,NVIDIA A100-SXM-64GB,177.40,31912,100
7227,2026-05-18 12:02:22.303927,2026/05/18 12:02:22.352,3,NVIDIA A100-SXM-64GB,156.10,31846,100
7228,2026-05-18 12:02:27.390147,2026/05/18 12:02:27.429,0,NVIDIA A100-SXM-64GB,156.23,31904,98
7229,2026-05-18 12:02:27.390147,2026/05/18 12:02:27.433,1,NVIDIA A100-SXM-64GB,147.33,31922,98
7230,2026-05-18 12:02:27.390147,2026/05/18 12:02:27.436,2,NVIDIA A100-SXM-64GB,150.87,31912,100
7231,2026-05-18 12:02:27.390147,2026/05/18 12:02:27.438,3,NVIDIA A100-SXM-64GB,146.44,31846,98
7232,2026-05-18 12:02:32.476246,2026/05/18 12:02:32.515,0,NVIDIA A100-SXM-64GB,154.53,31904,98
7233,2026-05-18 12:02:32.476246,2026/05/18 12:02:32.518,1,NVIDIA A100-SXM-64GB,147.05,31922,98
7234,2026-05-18 12:02:32.476246,2026/05/18 12:02:32.520,2,NVIDIA A100-SXM-64GB,152.86,31912,100
7235,2026-05-18 12:02:32.476246,2026/05/18 12:02:32.523,3,NVIDIA A100-SXM-64GB,140.73,31846,98
7236,2026-05-18 12:02:37.560325,2026/05/18 12:02:37.600,0,NVIDIA A100-SXM-64GB,155.46,31904,100
7237,2026-05-18 12:02:37.560325,2026/05/18 12:02:37.602,1,NVIDIA A100-SXM-64GB,168.57,31922,100
7238,2026-05-18 12:02:37.560325,2026/05/18 12:02:37.605,2,NVIDIA A100-SXM-64GB,157.49,31912,100
7239,2026-05-18 12:02:37.560325,2026/05/18 12:02:37.607,3,NVIDIA A100-SXM-64GB,177.07,31846,100
7240,2026-05-18 12:02:42.644608,2026/05/18 12:02:42.684,0,NVIDIA A100-SXM-64GB,172.85,31904,100
7241,2026-05-18 12:02:42.644608,2026/05/18 12:02:42.686,1,NVIDIA A100-SXM-64GB,167.21,31922,100
7242,2026-05-18 12:02:42.644608,2026/05/18 12:02:42.690,2,NVIDIA A100-SXM-64GB,176.46,31912,100
7243,2026-05-18 12:02:42.644608,2026/05/18 12:02:42.693,3,NVIDIA A100-SXM-64GB,180.01,31846,100
7244,2026-05-18 12:02:47.730359,2026/05/18 12:02:47.770,0,NVIDIA A100-SXM-64GB,165.50,31904,100
7245,2026-05-18 12:02:47.730359,2026/05/18 12:02:47.772,1,NVIDIA A100-SXM-64GB,146.12,31922,100
7246,2026-05-18 12:02:47.730359,2026/05/18 12:02:47.775,2,NVIDIA A100-SXM-64GB,209.32,31912,100
7247,2026-05-18 12:02:47.730359,2026/05/18 12:02:47.777,3,NVIDIA A100-SXM-64GB,146.57,31846,100
7248,2026-05-18 12:02:52.814929,2026/05/18 12:02:52.854,0,NVIDIA A100-SXM-64GB,152.87,31904,98
7249,2026-05-18 12:02:52.814929,2026/05/18 12:02:52.856,1,NVIDIA A100-SXM-64GB,131.13,31922,100
7250,2026-05-18 12:02:52.814929,2026/05/18 12:02:52.859,2,NVIDIA A100-SXM-64GB,152.53,31912,98
7251,2026-05-18 12:02:52.814929,2026/05/18 12:02:52.862,3,NVIDIA A100-SXM-64GB,144.15,31846,98
7252,2026-05-18 12:02:57.899589,2026/05/18 12:02:57.939,0,NVIDIA A100-SXM-64GB,152.71,31904,97
7253,2026-05-18 12:02:57.899589,2026/05/18 12:02:57.941,1,NVIDIA A100-SXM-64GB,141.56,31922,98
7254,2026-05-18 12:02:57.899589,2026/05/18 12:02:57.944,2,NVIDIA A100-SXM-64GB,152.86,31912,97
7255,2026-05-18 12:02:57.899589,2026/05/18 12:02:57.946,3,NVIDIA A100-SXM-64GB,143.21,31846,97
7256,2026-05-18 12:03:02.983915,2026/05/18 12:03:03.023,0,NVIDIA A100-SXM-64GB,187.23,31904,100
7257,2026-05-18 12:03:02.983915,2026/05/18 12:03:03.028,1,NVIDIA A100-SXM-64GB,167.97,31922,100
7258,2026-05-18 12:03:02.983915,2026/05/18 12:03:03.031,2,NVIDIA A100-SXM-64GB,189.34,31912,100
7259,2026-05-18 12:03:02.983915,2026/05/18 12:03:03.033,3,NVIDIA A100-SXM-64GB,164.70,31846,100
7260,2026-05-18 12:03:08.070564,2026/05/18 12:03:08.110,0,NVIDIA A100-SXM-64GB,164.89,31904,100
7261,2026-05-18 12:03:08.070564,2026/05/18 12:03:08.113,1,NVIDIA A100-SXM-64GB,175.92,31922,100
7262,2026-05-18 12:03:08.070564,2026/05/18 12:03:08.115,2,NVIDIA A100-SXM-64GB,176.46,31912,100
7263,2026-05-18 12:03:08.070564,2026/05/18 12:03:08.118,3,NVIDIA A100-SXM-64GB,164.36,31846,100
7264,2026-05-18 12:03:13.158532,2026/05/18 12:03:13.200,0,NVIDIA A100-SXM-64GB,166.43,31904,100
7265,2026-05-18 12:03:13.158532,2026/05/18 12:03:13.202,1,NVIDIA A100-SXM-64GB,146.45,31922,100
7266,2026-05-18 12:03:13.158532,2026/05/18 12:03:13.207,2,NVIDIA A100-SXM-64GB,156.82,31912,100
7267,2026-05-18 12:03:13.158532,2026/05/18 12:03:13.210,3,NVIDIA A100-SXM-64GB,150.59,31846,100
7268,2026-05-18 12:03:18.247712,2026/05/18 12:03:18.287,0,NVIDIA A100-SXM-64GB,186.62,31904,100
7269,2026-05-18 12:03:18.247712,2026/05/18 12:03:18.289,1,NVIDIA A100-SXM-64GB,183.74,31922,100
7270,2026-05-18 12:03:18.247712,2026/05/18 12:03:18.292,2,NVIDIA A100-SXM-64GB,170.63,31912,100
7271,2026-05-18 12:03:18.247712,2026/05/18 12:03:18.294,3,NVIDIA A100-SXM-64GB,173.56,31846,100
7272,2026-05-18 12:03:23.331651,2026/05/18 12:03:23.371,0,NVIDIA A100-SXM-64GB,179.87,31904,100
7273,2026-05-18 12:03:23.331651,2026/05/18 12:03:23.373,1,NVIDIA A100-SXM-64GB,155.90,31922,100
7274,2026-05-18 12:03:23.331651,2026/05/18 12:03:23.376,2,NVIDIA A100-SXM-64GB,178.01,31912,100
7275,2026-05-18 12:03:23.331651,2026/05/18 12:03:23.378,3,NVIDIA A100-SXM-64GB,159.79,31846,100
7276,2026-05-18 12:03:28.416923,2026/05/18 12:03:28.467,0,NVIDIA A100-SXM-64GB,154.20,31904,98
7277,2026-05-18 12:03:28.416923,2026/05/18 12:03:28.470,1,NVIDIA A100-SXM-64GB,147.33,31922,100
7278,2026-05-18 12:03:28.416923,2026/05/18 12:03:28.473,2,NVIDIA A100-SXM-64GB,149.78,31912,98
7279,2026-05-18 12:03:28.416923,2026/05/18 12:03:28.475,3,NVIDIA A100-SXM-64GB,179.68,31846,100
7280,2026-05-18 12:03:33.512564,2026/05/18 12:03:33.552,0,NVIDIA A100-SXM-64GB,191.50,31904,100
7281,2026-05-18 12:03:33.512564,2026/05/18 12:03:33.554,1,NVIDIA A100-SXM-64GB,168.90,31922,100
7282,2026-05-18 12:03:33.512564,2026/05/18 12:03:33.557,2,NVIDIA A100-SXM-64GB,178.70,31912,100
7283,2026-05-18 12:03:33.512564,2026/05/18 12:03:33.559,3,NVIDIA A100-SXM-64GB,171.13,31846,100
7284,2026-05-18 12:03:38.596982,2026/05/18 12:03:38.637,0,NVIDIA A100-SXM-64GB,154.20,31904,98
7285,2026-05-18 12:03:38.596982,2026/05/18 12:03:38.639,1,NVIDIA A100-SXM-64GB,144.92,31922,100
7286,2026-05-18 12:03:38.596982,2026/05/18 12:03:38.642,2,NVIDIA A100-SXM-64GB,144.00,31912,98
7287,2026-05-18 12:03:38.596982,2026/05/18 12:03:38.644,3,NVIDIA A100-SXM-64GB,148.45,31846,100
7288,2026-05-18 12:03:43.683587,2026/05/18 12:03:43.723,0,NVIDIA A100-SXM-64GB,93.94,31904,0
7289,2026-05-18 12:03:43.683587,2026/05/18 12:03:43.726,1,NVIDIA A100-SXM-64GB,80.81,31922,1
7290,2026-05-18 12:03:43.683587,2026/05/18 12:03:43.728,2,NVIDIA A100-SXM-64GB,87.78,31912,0
7291,2026-05-18 12:03:43.683587,2026/05/18 12:03:43.734,3,NVIDIA A100-SXM-64GB,86.66,31846,0
7292,2026-05-18 12:03:49.025549,2026/05/18 12:03:49.065,0,NVIDIA A100-SXM-64GB,176.53,31904,100
7293,2026-05-18 12:03:49.025549,2026/05/18 12:03:49.067,1,NVIDIA A100-SXM-64GB,166.00,31922,100
7294,2026-05-18 12:03:49.025549,2026/05/18 12:03:49.070,2,NVIDIA A100-SXM-64GB,181.96,31912,100
7295,2026-05-18 12:03:49.025549,2026/05/18 12:03:49.072,3,NVIDIA A100-SXM-64GB,165.30,31846,100
7296,2026-05-18 12:03:54.121261,2026/05/18 12:03:54.161,0,NVIDIA A100-SXM-64GB,150.58,31904,100
7297,2026-05-18 12:03:54.121261,2026/05/18 12:03:54.164,1,NVIDIA A100-SXM-64GB,132.40,31922,100
7298,2026-05-18 12:03:54.121261,2026/05/18 12:03:54.167,2,NVIDIA A100-SXM-64GB,174.59,31912,99
7299,2026-05-18 12:03:54.121261,2026/05/18 12:03:54.170,3,NVIDIA A100-SXM-64GB,133.41,31846,100
7300,2026-05-18 12:03:59.207480,2026/05/18 12:03:59.247,0,NVIDIA A100-SXM-64GB,151.34,31904,98
7301,2026-05-18 12:03:59.207480,2026/05/18 12:03:59.249,1,NVIDIA A100-SXM-64GB,140.63,31922,98
7302,2026-05-18 12:03:59.207480,2026/05/18 12:03:59.252,2,NVIDIA A100-SXM-64GB,147.96,31912,98
7303,2026-05-18 12:03:59.207480,2026/05/18 12:03:59.255,3,NVIDIA A100-SXM-64GB,145.96,31846,98
7304,2026-05-18 12:04:04.293248,2026/05/18 12:04:04.332,0,NVIDIA A100-SXM-64GB,158.20,31904,100
7305,2026-05-18 12:04:04.293248,2026/05/18 12:04:04.335,1,NVIDIA A100-SXM-64GB,152.22,31922,100
7306,2026-05-18 12:04:04.293248,2026/05/18 12:04:04.337,2,NVIDIA A100-SXM-64GB,175.53,31912,100
7307,2026-05-18 12:04:04.293248,2026/05/18 12:04:04.340,3,NVIDIA A100-SXM-64GB,152.08,31846,100
7308,2026-05-18 12:04:09.377518,2026/05/18 12:04:09.417,0,NVIDIA A100-SXM-64GB,191.50,31904,100
7309,2026-05-18 12:04:09.377518,2026/05/18 12:04:09.420,1,NVIDIA A100-SXM-64GB,180.21,31922,100
7310,2026-05-18 12:04:09.377518,2026/05/18 12:04:09.422,2,NVIDIA A100-SXM-64GB,170.63,31912,100
7311,2026-05-18 12:04:09.377518,2026/05/18 12:04:09.428,3,NVIDIA A100-SXM-64GB,164.09,31846,100
7312,2026-05-18 12:04:14.466953,2026/05/18 12:04:14.512,0,NVIDIA A100-SXM-64GB,214.10,31904,100
7313,2026-05-18 12:04:14.466953,2026/05/18 12:04:14.514,1,NVIDIA A100-SXM-64GB,208.89,31922,100
7314,2026-05-18 12:04:14.466953,2026/05/18 12:04:14.517,2,NVIDIA A100-SXM-64GB,170.30,31912,100
7315,2026-05-18 12:04:14.466953,2026/05/18 12:04:14.519,3,NVIDIA A100-SXM-64GB,220.60,31846,100
7316,2026-05-18 12:04:19.557264,2026/05/18 12:04:19.597,0,NVIDIA A100-SXM-64GB,199.12,31904,100
7317,2026-05-18 12:04:19.557264,2026/05/18 12:04:19.600,1,NVIDIA A100-SXM-64GB,170.61,31922,100
7318,2026-05-18 12:04:19.557264,2026/05/18 12:04:19.602,2,NVIDIA A100-SXM-64GB,197.27,31912,100
7319,2026-05-18 12:04:19.557264,2026/05/18 12:04:19.607,3,NVIDIA A100-SXM-64GB,164.70,31846,100
7320,2026-05-18 12:04:24.648717,2026/05/18 12:04:24.688,0,NVIDIA A100-SXM-64GB,174.38,31904,100
7321,2026-05-18 12:04:24.648717,2026/05/18 12:04:24.691,1,NVIDIA A100-SXM-64GB,165.50,31922,100
7322,2026-05-18 12:04:24.648717,2026/05/18 12:04:24.693,2,NVIDIA A100-SXM-64GB,163.59,31912,100
7323,2026-05-18 12:04:24.648717,2026/05/18 12:04:24.696,3,NVIDIA A100-SXM-64GB,175.44,31846,100
7324,2026-05-18 12:04:29.737957,2026/05/18 12:04:29.777,0,NVIDIA A100-SXM-64GB,157.76,31904,98
7325,2026-05-18 12:04:29.737957,2026/05/18 12:04:29.780,1,NVIDIA A100-SXM-64GB,149.02,31922,98
7326,2026-05-18 12:04:29.737957,2026/05/18 12:04:29.784,2,NVIDIA A100-SXM-64GB,146.90,31912,100
7327,2026-05-18 12:04:29.737957,2026/05/18 12:04:29.787,3,NVIDIA A100-SXM-64GB,146.11,31846,98
7328,2026-05-18 12:04:34.827936,2026/05/18 12:04:34.867,0,NVIDIA A100-SXM-64GB,155.13,31904,100
7329,2026-05-18 12:04:34.827936,2026/05/18 12:04:34.873,1,NVIDIA A100-SXM-64GB,166.33,31922,98
7330,2026-05-18 12:04:34.827936,2026/05/18 12:04:34.875,2,NVIDIA A100-SXM-64GB,146.43,31912,100
7331,2026-05-18 12:04:34.827936,2026/05/18 12:04:34.878,3,NVIDIA A100-SXM-64GB,186.78,31846,98
7332,2026-05-18 12:04:39.916323,2026/05/18 12:04:39.956,0,NVIDIA A100-SXM-64GB,174.38,31904,100
7333,2026-05-18 12:04:39.916323,2026/05/18 12:04:39.958,1,NVIDIA A100-SXM-64GB,151.34,31922,100
7334,2026-05-18 12:04:39.916323,2026/05/18 12:04:39.961,2,NVIDIA A100-SXM-64GB,153.19,31912,100
7335,2026-05-18 12:04:39.916323,2026/05/18 12:04:39.963,3,NVIDIA A100-SXM-64GB,177.25,31846,100
7336,2026-05-18 12:04:45.004290,2026/05/18 12:04:45.045,0,NVIDIA A100-SXM-64GB,151.94,31904,98
7337,2026-05-18 12:04:45.004290,2026/05/18 12:04:45.047,1,NVIDIA A100-SXM-64GB,143.04,31922,98
7338,2026-05-18 12:04:45.004290,2026/05/18 12:04:45.050,2,NVIDIA A100-SXM-64GB,149.18,31912,98
7339,2026-05-18 12:04:45.004290,2026/05/18 12:04:45.053,3,NVIDIA A100-SXM-64GB,148.72,31846,98
7340,2026-05-18 12:04:50.091293,2026/05/18 12:04:50.136,0,NVIDIA A100-SXM-64GB,142.77,31904,100
7341,2026-05-18 12:04:50.091293,2026/05/18 12:04:50.142,1,NVIDIA A100-SXM-64GB,190.16,31922,100
7342,2026-05-18 12:04:50.091293,2026/05/18 12:04:50.148,2,NVIDIA A100-SXM-64GB,137.98,31912,98
7343,2026-05-18 12:04:50.091293,2026/05/18 12:04:50.153,3,NVIDIA A100-SXM-64GB,192.89,31846,100
7344,2026-05-18 12:04:55.191626,2026/05/18 12:04:55.231,0,NVIDIA A100-SXM-64GB,185.69,31904,100
7345,2026-05-18 12:04:55.191626,2026/05/18 12:04:55.233,1,NVIDIA A100-SXM-64GB,183.88,31922,100
7346,2026-05-18 12:04:55.191626,2026/05/18 12:04:55.236,2,NVIDIA A100-SXM-64GB,178.28,31912,100
7347,2026-05-18 12:04:55.191626,2026/05/18 12:04:55.239,3,NVIDIA A100-SXM-64GB,177.85,31846,100
7348,2026-05-18 12:05:00.277461,2026/05/18 12:05:00.317,0,NVIDIA A100-SXM-64GB,159.14,31904,100
7349,2026-05-18 12:05:00.277461,2026/05/18 12:05:00.319,1,NVIDIA A100-SXM-64GB,140.63,31922,100
7350,2026-05-18 12:05:00.277461,2026/05/18 12:05:00.322,2,NVIDIA A100-SXM-64GB,153.47,31912,100
7351,2026-05-18 12:05:00.277461,2026/05/18 12:05:00.325,3,NVIDIA A100-SXM-64GB,141.07,31846,100
7352,2026-05-18 12:05:05.363884,2026/05/18 12:05:05.403,0,NVIDIA A100-SXM-64GB,173.79,31904,100
7353,2026-05-18 12:05:05.363884,2026/05/18 12:05:05.405,1,NVIDIA A100-SXM-64GB,134.21,31922,100
7354,2026-05-18 12:05:05.363884,2026/05/18 12:05:05.409,2,NVIDIA A100-SXM-64GB,176.46,31912,100
7355,2026-05-18 12:05:05.363884,2026/05/18 12:05:05.411,3,NVIDIA A100-SXM-64GB,135.56,31846,100
7356,2026-05-18 12:05:10.449820,2026/05/18 12:05:10.489,0,NVIDIA A100-SXM-64GB,152.39,31904,100
7357,2026-05-18 12:05:10.449820,2026/05/18 12:05:10.491,1,NVIDIA A100-SXM-64GB,139.70,31922,100
7358,2026-05-18 12:05:10.449820,2026/05/18 12:05:10.494,2,NVIDIA A100-SXM-64GB,151.32,31912,98
7359,2026-05-18 12:05:10.449820,2026/05/18 12:05:10.499,3,NVIDIA A100-SXM-64GB,142.61,31846,98
7360,2026-05-18 12:05:15.537454,2026/05/18 12:05:15.577,0,NVIDIA A100-SXM-64GB,174.90,31904,100
7361,2026-05-18 12:05:15.537454,2026/05/18 12:05:15.579,1,NVIDIA A100-SXM-64GB,145.07,31922,100
7362,2026-05-18 12:05:15.537454,2026/05/18 12:05:15.582,2,NVIDIA A100-SXM-64GB,172.35,31912,100
7363,2026-05-18 12:05:15.537454,2026/05/18 12:05:15.584,3,NVIDIA A100-SXM-64GB,151.63,31846,100
7364,2026-05-18 12:05:20.622841,2026/05/18 12:05:20.662,0,NVIDIA A100-SXM-64GB,201.39,31904,100
7365,2026-05-18 12:05:20.622841,2026/05/18 12:05:20.664,1,NVIDIA A100-SXM-64GB,177.13,31922,100
7366,2026-05-18 12:05:20.622841,2026/05/18 12:05:20.667,2,NVIDIA A100-SXM-64GB,184.72,31912,100
7367,2026-05-18 12:05:20.622841,2026/05/18 12:05:20.669,3,NVIDIA A100-SXM-64GB,175.71,31846,100
7368,2026-05-18 12:05:25.708163,2026/05/18 12:05:25.752,0,NVIDIA A100-SXM-64GB,152.22,31904,100
7369,2026-05-18 12:05:25.708163,2026/05/18 12:05:25.758,1,NVIDIA A100-SXM-64GB,217.45,31922,100
7370,2026-05-18 12:05:25.708163,2026/05/18 12:05:25.760,2,NVIDIA A100-SXM-64GB,151.80,31912,100
7371,2026-05-18 12:05:25.708163,2026/05/18 12:05:25.763,3,NVIDIA A100-SXM-64GB,214.16,31846,100
7372,2026-05-18 12:05:30.803249,2026/05/18 12:05:30.842,0,NVIDIA A100-SXM-64GB,198.80,31904,100
7373,2026-05-18 12:05:30.803249,2026/05/18 12:05:30.845,1,NVIDIA A100-SXM-64GB,189.03,31922,100
7374,2026-05-18 12:05:30.803249,2026/05/18 12:05:30.850,2,NVIDIA A100-SXM-64GB,184.44,31912,100
7375,2026-05-18 12:05:30.803249,2026/05/18 12:05:30.853,3,NVIDIA A100-SXM-64GB,176.04,31846,100
7376,2026-05-18 12:05:35.891071,2026/05/18 12:05:35.930,0,NVIDIA A100-SXM-64GB,174.38,31904,100
7377,2026-05-18 12:05:35.891071,2026/05/18 12:05:35.932,1,NVIDIA A100-SXM-64GB,169.35,31922,100
7378,2026-05-18 12:05:35.891071,2026/05/18 12:05:35.935,2,NVIDIA A100-SXM-64GB,171.84,31912,100
7379,2026-05-18 12:05:35.891071,2026/05/18 12:05:35.940,3,NVIDIA A100-SXM-64GB,177.25,31846,100
7380,2026-05-18 12:05:40.977776,2026/05/18 12:05:41.018,0,NVIDIA A100-SXM-64GB,152.54,31904,98
7381,2026-05-18 12:05:40.977776,2026/05/18 12:05:41.023,1,NVIDIA A100-SXM-64GB,144.73,31922,100
7382,2026-05-18 12:05:40.977776,2026/05/18 12:05:41.026,2,NVIDIA A100-SXM-64GB,147.51,31912,98
7383,2026-05-18 12:05:40.977776,2026/05/18 12:05:41.029,3,NVIDIA A100-SXM-64GB,147.93,31846,100
7384,2026-05-18 12:05:46.067077,2026/05/18 12:05:46.107,0,NVIDIA A100-SXM-64GB,153.32,31904,100
7385,2026-05-18 12:05:46.067077,2026/05/18 12:05:46.109,1,NVIDIA A100-SXM-64GB,146.12,31922,98
7386,2026-05-18 12:05:46.067077,2026/05/18 12:05:46.112,2,NVIDIA A100-SXM-64GB,146.75,31912,100
7387,2026-05-18 12:05:46.067077,2026/05/18 12:05:46.114,3,NVIDIA A100-SXM-64GB,146.90,31846,98
7388,2026-05-18 12:05:51.153283,2026/05/18 12:05:51.193,0,NVIDIA A100-SXM-64GB,181.08,31904,100
7389,2026-05-18 12:05:51.153283,2026/05/18 12:05:51.195,1,NVIDIA A100-SXM-64GB,162.65,31922,100
7390,2026-05-18 12:05:51.153283,2026/05/18 12:05:51.198,2,NVIDIA A100-SXM-64GB,159.63,31912,100
7391,2026-05-18 12:05:51.153283,2026/05/18 12:05:51.203,3,NVIDIA A100-SXM-64GB,169.59,31846,100
7392,2026-05-18 12:05:56.244582,2026/05/18 12:05:56.284,0,NVIDIA A100-SXM-64GB,192.38,31904,100
7393,2026-05-18 12:05:56.244582,2026/05/18 12:05:56.287,1,NVIDIA A100-SXM-64GB,163.58,31922,100
7394,2026-05-18 12:05:56.244582,2026/05/18 12:05:56.294,2,NVIDIA A100-SXM-64GB,183.93,31912,100
7395,2026-05-18 12:05:56.244582,2026/05/18 12:05:56.297,3,NVIDIA A100-SXM-64GB,177.25,31846,100
7396,2026-05-18 12:06:01.334473,2026/05/18 12:06:01.385,0,NVIDIA A100-SXM-64GB,209.01,31904,100
7397,2026-05-18 12:06:01.334473,2026/05/18 12:06:01.387,1,NVIDIA A100-SXM-64GB,168.30,31922,100
7398,2026-05-18 12:06:01.334473,2026/05/18 12:06:01.391,2,NVIDIA A100-SXM-64GB,170.03,31912,100
7399,2026-05-18 12:06:01.334473,2026/05/18 12:06:01.394,3,NVIDIA A100-SXM-64GB,192.70,31846,100
7400,2026-05-18 12:06:06.432377,2026/05/18 12:06:06.472,0,NVIDIA A100-SXM-64GB,192.71,31904,100
7401,2026-05-18 12:06:06.432377,2026/05/18 12:06:06.474,1,NVIDIA A100-SXM-64GB,190.49,31922,100
7402,2026-05-18 12:06:06.432377,2026/05/18 12:06:06.478,2,NVIDIA A100-SXM-64GB,178.28,31912,100
7403,2026-05-18 12:06:06.432377,2026/05/18 12:06:06.481,3,NVIDIA A100-SXM-64GB,183.70,31846,100
7404,2026-05-18 12:06:11.522404,2026/05/18 12:06:11.562,0,NVIDIA A100-SXM-64GB,150.85,31904,97
7405,2026-05-18 12:06:11.522404,2026/05/18 12:06:11.565,1,NVIDIA A100-SXM-64GB,142.90,31922,97
7406,2026-05-18 12:06:11.522404,2026/05/18 12:06:11.567,2,NVIDIA A100-SXM-64GB,150.72,31912,100
7407,2026-05-18 12:06:11.522404,2026/05/18 12:06:11.572,3,NVIDIA A100-SXM-64GB,141.67,31846,97
7408,2026-05-18 12:06:16.610056,2026/05/18 12:06:16.649,0,NVIDIA A100-SXM-64GB,171.91,31904,99
7409,2026-05-18 12:06:16.610056,2026/05/18 12:06:16.651,1,NVIDIA A100-SXM-64GB,131.13,31922,98
7410,2026-05-18 12:06:16.610056,2026/05/18 12:06:16.657,2,NVIDIA A100-SXM-64GB,214.21,31912,99
7411,2026-05-18 12:06:16.610056,2026/05/18 12:06:16.660,3,NVIDIA A100-SXM-64GB,136.43,31846,98
7412,2026-05-18 12:06:21.701079,2026/05/18 12:06:21.740,0,NVIDIA A100-SXM-64GB,142.44,31904,98
7413,2026-05-18 12:06:21.701079,2026/05/18 12:06:21.746,1,NVIDIA A100-SXM-64GB,143.71,31922,98
7414,2026-05-18 12:06:21.701079,2026/05/18 12:06:21.748,2,NVIDIA A100-SXM-64GB,146.75,31912,98
7415,2026-05-18 12:06:21.701079,2026/05/18 12:06:21.752,3,NVIDIA A100-SXM-64GB,145.36,31846,98
7416,2026-05-18 12:06:26.790873,2026/05/18 12:06:26.842,0,NVIDIA A100-SXM-64GB,158.64,31904,100
7417,2026-05-18 12:06:26.790873,2026/05/18 12:06:26.844,1,NVIDIA A100-SXM-64GB,173.64,31922,100
7418,2026-05-18 12:06:26.790873,2026/05/18 12:06:26.847,2,NVIDIA A100-SXM-64GB,154.07,31912,100
7419,2026-05-18 12:06:26.790873,2026/05/18 12:06:26.851,3,NVIDIA A100-SXM-64GB,153.95,31846,100
7420,2026-05-18 12:06:31.890677,2026/05/18 12:06:31.930,0,NVIDIA A100-SXM-64GB,197.11,31904,100
7421,2026-05-18 12:06:31.890677,2026/05/18 12:06:31.932,1,NVIDIA A100-SXM-64GB,165.83,31922,100
7422,2026-05-18 12:06:31.890677,2026/05/18 12:06:31.935,2,NVIDIA A100-SXM-64GB,197.72,31912,100
7423,2026-05-18 12:06:31.890677,2026/05/18 12:06:31.937,3,NVIDIA A100-SXM-64GB,186.26,31846,100
7424,2026-05-18 12:06:36.975637,2026/05/18 12:06:37.015,0,NVIDIA A100-SXM-64GB,181.41,31904,98
7425,2026-05-18 12:06:36.975637,2026/05/18 12:06:37.017,1,NVIDIA A100-SXM-64GB,223.04,31922,97
7426,2026-05-18 12:06:36.975637,2026/05/18 12:06:37.020,2,NVIDIA A100-SXM-64GB,137.23,31912,100
7427,2026-05-18 12:06:36.975637,2026/05/18 12:06:37.023,3,NVIDIA A100-SXM-64GB,217.51,31846,97
7428,2026-05-18 12:06:42.061839,2026/05/18 12:06:42.101,0,NVIDIA A100-SXM-64GB,156.34,31904,98
7429,2026-05-18 12:06:42.061839,2026/05/18 12:06:42.103,1,NVIDIA A100-SXM-64GB,143.38,31922,98
7430,2026-05-18 12:06:42.061839,2026/05/18 12:06:42.106,2,NVIDIA A100-SXM-64GB,153.79,31912,98
7431,2026-05-18 12:06:42.061839,2026/05/18 12:06:42.109,3,NVIDIA A100-SXM-64GB,142.00,31846,98
7432,2026-05-18 12:06:47.147091,2026/05/18 12:06:47.186,0,NVIDIA A100-SXM-64GB,156.83,31904,99
7433,2026-05-18 12:06:47.147091,2026/05/18 12:06:47.191,1,NVIDIA A100-SXM-64GB,143.71,31922,99
7434,2026-05-18 12:06:47.147091,2026/05/18 12:06:47.194,2,NVIDIA A100-SXM-64GB,152.41,31912,97
7435,2026-05-18 12:06:47.147091,2026/05/18 12:06:47.197,3,NVIDIA A100-SXM-64GB,145.36,31846,99
7436,2026-05-18 12:06:52.235148,2026/05/18 12:06:52.274,0,NVIDIA A100-SXM-64GB,189.03,31904,100
7437,2026-05-18 12:06:52.235148,2026/05/18 12:06:52.277,1,NVIDIA A100-SXM-64GB,183.22,31922,100
7438,2026-05-18 12:06:52.235148,2026/05/18 12:06:52.280,2,NVIDIA A100-SXM-64GB,142.74,31912,99
7439,2026-05-18 12:06:52.235148,2026/05/18 12:06:52.282,3,NVIDIA A100-SXM-64GB,183.18,31846,100
7440,2026-05-18 12:06:57.323103,2026/05/18 12:06:57.362,0,NVIDIA A100-SXM-64GB,153.32,31904,98
7441,2026-05-18 12:06:57.323103,2026/05/18 12:06:57.364,1,NVIDIA A100-SXM-64GB,143.98,31922,98
7442,2026-05-18 12:06:57.323103,2026/05/18 12:06:57.367,2,NVIDIA A100-SXM-64GB,146.43,31912,98
7443,2026-05-18 12:06:57.323103,2026/05/18 12:06:57.369,3,NVIDIA A100-SXM-64GB,147.78,31846,98
7444,2026-05-18 12:07:02.408383,2026/05/18 12:07:02.448,0,NVIDIA A100-SXM-64GB,159.74,31904,100
7445,2026-05-18 12:07:02.408383,2026/05/18 12:07:02.450,1,NVIDIA A100-SXM-64GB,169.17,31922,100
7446,2026-05-18 12:07:02.408383,2026/05/18 12:07:02.453,2,NVIDIA A100-SXM-64GB,175.53,31912,100
7447,2026-05-18 12:07:02.408383,2026/05/18 12:07:02.456,3,NVIDIA A100-SXM-64GB,167.72,31846,100
7448,2026-05-18 12:07:07.494143,2026/05/18 12:07:07.545,0,NVIDIA A100-SXM-64GB,197.71,31904,100
7449,2026-05-18 12:07:07.494143,2026/05/18 12:07:07.547,1,NVIDIA A100-SXM-64GB,183.88,31922,100
7450,2026-05-18 12:07:07.494143,2026/05/18 12:07:07.550,2,NVIDIA A100-SXM-64GB,170.46,31912,100
7451,2026-05-18 12:07:07.494143,2026/05/18 12:07:07.552,3,NVIDIA A100-SXM-64GB,165.74,31846,100
7452,2026-05-18 12:07:12.591247,2026/05/18 12:07:12.643,0,NVIDIA A100-SXM-64GB,187.83,31904,100
7453,2026-05-18 12:07:12.591247,2026/05/18 12:07:12.650,1,NVIDIA A100-SXM-64GB,140.63,31922,100
7454,2026-05-18 12:07:12.591247,2026/05/18 12:07:12.652,2,NVIDIA A100-SXM-64GB,222.41,31912,98
7455,2026-05-18 12:07:12.591247,2026/05/18 12:07:12.658,3,NVIDIA A100-SXM-64GB,149.66,31846,100
7456,2026-05-18 12:07:17.696160,2026/05/18 12:07:17.736,0,NVIDIA A100-SXM-64GB,175.41,31904,100
7457,2026-05-18 12:07:17.696160,2026/05/18 12:07:17.738,1,NVIDIA A100-SXM-64GB,190.90,31922,100
7458,2026-05-18 12:07:17.696160,2026/05/18 12:07:17.741,2,NVIDIA A100-SXM-64GB,182.71,31912,100
7459,2026-05-18 12:07:17.696160,2026/05/18 12:07:17.743,3,NVIDIA A100-SXM-64GB,170.96,31846,100
7460,2026-05-18 12:07:22.783562,2026/05/18 12:07:22.835,0,NVIDIA A100-SXM-64GB,180.21,31904,100
7461,2026-05-18 12:07:22.783562,2026/05/18 12:07:22.837,1,NVIDIA A100-SXM-64GB,146.12,31922,100
7462,2026-05-18 12:07:22.783562,2026/05/18 12:07:22.840,2,NVIDIA A100-SXM-64GB,149.18,31912,100
7463,2026-05-18 12:07:22.783562,2026/05/18 12:07:22.844,3,NVIDIA A100-SXM-64GB,178.88,31846,100
7464,2026-05-18 12:07:27.882972,2026/05/18 12:07:27.922,0,NVIDIA A100-SXM-64GB,143.83,31904,100
7465,2026-05-18 12:07:27.882972,2026/05/18 12:07:27.925,1,NVIDIA A100-SXM-64GB,140.91,31922,100
7466,2026-05-18 12:07:27.882972,2026/05/18 12:07:27.927,2,NVIDIA A100-SXM-64GB,178.01,31912,100
7467,2026-05-18 12:07:27.882972,2026/05/18 12:07:27.930,3,NVIDIA A100-SXM-64GB,136.16,31846,100
7468,2026-05-18 12:07:32.968247,2026/05/18 12:07:33.007,0,NVIDIA A100-SXM-64GB,154.69,31904,100
7469,2026-05-18 12:07:32.968247,2026/05/18 12:07:33.013,1,NVIDIA A100-SXM-64GB,146.73,31922,100
7470,2026-05-18 12:07:32.968247,2026/05/18 12:07:33.015,2,NVIDIA A100-SXM-64GB,152.08,31912,98
7471,2026-05-18 12:07:32.968247,2026/05/18 12:07:33.021,3,NVIDIA A100-SXM-64GB,144.30,31846,98
7472,2026-05-18 12:07:38.073478,2026/05/18 12:07:38.113,0,NVIDIA A100-SXM-64GB,202.48,31904,100
7473,2026-05-18 12:07:38.073478,2026/05/18 12:07:38.115,1,NVIDIA A100-SXM-64GB,190.49,31922,100
7474,2026-05-18 12:07:38.073478,2026/05/18 12:07:38.118,2,NVIDIA A100-SXM-64GB,162.38,31912,100
7475,2026-05-18 12:07:38.073478,2026/05/18 12:07:38.123,3,NVIDIA A100-SXM-64GB,144.75,31846,100
7476,2026-05-18 12:07:43.162460,2026/05/18 12:07:43.202,0,NVIDIA A100-SXM-64GB,175.50,31904,100
7477,2026-05-18 12:07:43.162460,2026/05/18 12:07:43.204,1,NVIDIA A100-SXM-64GB,161.11,31922,100
7478,2026-05-18 12:07:43.162460,2026/05/18 12:07:43.210,2,NVIDIA A100-SXM-64GB,189.62,31912,100
7479,2026-05-18 12:07:43.162460,2026/05/18 12:07:43.212,3,NVIDIA A100-SXM-64GB,182.76,31846,100
7480,2026-05-18 12:07:48.250774,2026/05/18 12:07:48.290,0,NVIDIA A100-SXM-64GB,188.24,31904,100
7481,2026-05-18 12:07:48.250774,2026/05/18 12:07:48.296,1,NVIDIA A100-SXM-64GB,148.44,31922,100
7482,2026-05-18 12:07:48.250774,2026/05/18 12:07:48.298,2,NVIDIA A100-SXM-64GB,182.11,31912,100
7483,2026-05-18 12:07:48.250774,2026/05/18 12:07:48.303,3,NVIDIA A100-SXM-64GB,150.59,31846,100
7484,2026-05-18 12:07:53.343259,2026/05/18 12:07:53.383,0,NVIDIA A100-SXM-64GB,154.20,31904,100
7485,2026-05-18 12:07:53.343259,2026/05/18 12:07:53.385,1,NVIDIA A100-SXM-64GB,144.31,31922,100
7486,2026-05-18 12:07:53.343259,2026/05/18 12:07:53.389,2,NVIDIA A100-SXM-64GB,148.90,31912,100
7487,2026-05-18 12:07:53.343259,2026/05/18 12:07:53.394,3,NVIDIA A100-SXM-64GB,147.78,31846,100
7488,2026-05-18 12:07:58.432722,2026/05/18 12:07:58.472,0,NVIDIA A100-SXM-64GB,155.62,31904,100
7489,2026-05-18 12:07:58.432722,2026/05/18 12:07:58.475,1,NVIDIA A100-SXM-64GB,144.31,31922,100
7490,2026-05-18 12:07:58.432722,2026/05/18 12:07:58.477,2,NVIDIA A100-SXM-64GB,171.57,31912,100
7491,2026-05-18 12:07:58.432722,2026/05/18 12:07:58.482,3,NVIDIA A100-SXM-64GB,148.45,31846,100
7492,2026-05-18 12:08:03.523132,2026/05/18 12:08:03.562,0,NVIDIA A100-SXM-64GB,153.92,31904,100
7493,2026-05-18 12:08:03.523132,2026/05/18 12:08:03.564,1,NVIDIA A100-SXM-64GB,141.56,31922,100
7494,2026-05-18 12:08:03.523132,2026/05/18 12:08:03.569,2,NVIDIA A100-SXM-64GB,140.59,31912,100
7495,2026-05-18 12:08:03.523132,2026/05/18 12:08:03.572,3,NVIDIA A100-SXM-64GB,144.15,31846,100
7496,2026-05-18 12:08:08.610168,2026/05/18 12:08:08.649,0,NVIDIA A100-SXM-64GB,159.74,31904,98
7497,2026-05-18 12:08:08.610168,2026/05/18 12:08:08.651,1,NVIDIA A100-SXM-64GB,142.44,31922,98
7498,2026-05-18 12:08:08.610168,2026/05/18 12:08:08.654,2,NVIDIA A100-SXM-64GB,145.82,31912,98
7499,2026-05-18 12:08:08.610168,2026/05/18 12:08:08.656,3,NVIDIA A100-SXM-64GB,141.67,31846,98
7500,2026-05-18 12:08:13.695312,2026/05/18 12:08:13.735,0,NVIDIA A100-SXM-64GB,158.20,31904,100
7501,2026-05-18 12:08:13.695312,2026/05/18 12:08:13.737,1,NVIDIA A100-SXM-64GB,170.28,31922,100
7502,2026-05-18 12:08:13.695312,2026/05/18 12:08:13.741,2,NVIDIA A100-SXM-64GB,153.47,31912,100
7503,2026-05-18 12:08:13.695312,2026/05/18 12:08:13.747,3,NVIDIA A100-SXM-64GB,162.21,31846,100
7504,2026-05-18 12:08:18.785497,2026/05/18 12:08:18.825,0,NVIDIA A100-SXM-64GB,181.41,31904,100
7505,2026-05-18 12:08:18.785497,2026/05/18 12:08:18.831,1,NVIDIA A100-SXM-64GB,174.72,31922,100
7506,2026-05-18 12:08:18.785497,2026/05/18 12:08:18.835,2,NVIDIA A100-SXM-64GB,199.53,31912,100
7507,2026-05-18 12:08:18.785497,2026/05/18 12:08:18.838,3,NVIDIA A100-SXM-64GB,181.22,31846,100
7508,2026-05-18 12:08:23.879970,2026/05/18 12:08:23.920,0,NVIDIA A100-SXM-64GB,143.04,31904,100
7509,2026-05-18 12:08:23.879970,2026/05/18 12:08:23.923,1,NVIDIA A100-SXM-64GB,134.67,31922,100
7510,2026-05-18 12:08:23.879970,2026/05/18 12:08:23.925,2,NVIDIA A100-SXM-64GB,237.11,31912,100
7511,2026-05-18 12:08:23.879970,2026/05/18 12:08:23.928,3,NVIDIA A100-SXM-64GB,160.84,31846,100
7512,2026-05-18 12:08:28.967022,2026/05/18 12:08:29.006,0,NVIDIA A100-SXM-64GB,180.48,31904,100
7513,2026-05-18 12:08:28.967022,2026/05/18 12:08:29.008,1,NVIDIA A100-SXM-64GB,186.29,31922,100
7514,2026-05-18 12:08:28.967022,2026/05/18 12:08:29.011,2,NVIDIA A100-SXM-64GB,181.78,31912,100
7515,2026-05-18 12:08:28.967022,2026/05/18 12:08:29.013,3,NVIDIA A100-SXM-64GB,188.73,31846,100
7516,2026-05-18 12:08:34.051762,2026/05/18 12:08:34.092,0,NVIDIA A100-SXM-64GB,155.13,31904,97
7517,2026-05-18 12:08:34.051762,2026/05/18 12:08:34.096,1,NVIDIA A100-SXM-64GB,143.98,31922,97
7518,2026-05-18 12:08:34.051762,2026/05/18 12:08:34.098,2,NVIDIA A100-SXM-64GB,145.82,31912,97
7519,2026-05-18 12:08:34.051762,2026/05/18 12:08:34.101,3,NVIDIA A100-SXM-64GB,145.03,31846,97
7520,2026-05-18 12:08:39.139569,2026/05/18 12:08:39.179,0,NVIDIA A100-SXM-64GB,172.85,31904,100
7521,2026-05-18 12:08:39.139569,2026/05/18 12:08:39.181,1,NVIDIA A100-SXM-64GB,175.59,31922,100
7522,2026-05-18 12:08:39.139569,2026/05/18 12:08:39.184,2,NVIDIA A100-SXM-64GB,179.64,31912,100
7523,2026-05-18 12:08:39.139569,2026/05/18 12:08:39.187,3,NVIDIA A100-SXM-64GB,180.34,31846,100
7524,2026-05-18 12:08:44.226110,2026/05/18 12:08:44.265,0,NVIDIA A100-SXM-64GB,185.69,31904,100
7525,2026-05-18 12:08:44.226110,2026/05/18 12:08:44.268,1,NVIDIA A100-SXM-64GB,165.23,31922,100
7526,2026-05-18 12:08:44.226110,2026/05/18 12:08:44.270,2,NVIDIA A100-SXM-64GB,184.25,31912,100
7527,2026-05-18 12:08:44.226110,2026/05/18 12:08:44.273,3,NVIDIA A100-SXM-64GB,158.85,31846,100
7528,2026-05-18 12:08:49.311847,2026/05/18 12:08:49.351,0,NVIDIA A100-SXM-64GB,170.28,31904,100
7529,2026-05-18 12:08:49.311847,2026/05/18 12:08:49.353,1,NVIDIA A100-SXM-64GB,151.94,31922,100
7530,2026-05-18 12:08:49.311847,2026/05/18 12:08:49.356,2,NVIDIA A100-SXM-64GB,165.57,31912,100
7531,2026-05-18 12:08:49.311847,2026/05/18 12:08:49.360,3,NVIDIA A100-SXM-64GB,143.03,31846,98
7532,2026-05-18 12:08:54.399157,2026/05/18 12:08:54.438,0,NVIDIA A100-SXM-64GB,182.95,31904,100
7533,2026-05-18 12:08:54.399157,2026/05/18 12:08:54.444,1,NVIDIA A100-SXM-64GB,174.38,31922,100
7534,2026-05-18 12:08:54.399157,2026/05/18 12:08:54.450,2,NVIDIA A100-SXM-64GB,184.72,31912,100
7535,2026-05-18 12:08:54.399157,2026/05/18 12:08:54.453,3,NVIDIA A100-SXM-64GB,173.29,31846,100
7536,2026-05-18 12:08:59.491829,2026/05/18 12:08:59.531,0,NVIDIA A100-SXM-64GB,175.59,31904,100
7537,2026-05-18 12:08:59.491829,2026/05/18 12:08:59.534,1,NVIDIA A100-SXM-64GB,152.54,31922,100
7538,2026-05-18 12:08:59.491829,2026/05/18 12:08:59.536,2,NVIDIA A100-SXM-64GB,183.79,31912,100
7539,2026-05-18 12:08:59.491829,2026/05/18 12:08:59.539,3,NVIDIA A100-SXM-64GB,166.18,31846,100
7540,2026-05-18 12:09:04.577495,2026/05/18 12:09:04.617,0,NVIDIA A100-SXM-64GB,157.87,31904,98
7541,2026-05-18 12:09:04.577495,2026/05/18 12:09:04.619,1,NVIDIA A100-SXM-64GB,147.99,31922,98
7542,2026-05-18 12:09:04.577495,2026/05/18 12:09:04.622,2,NVIDIA A100-SXM-64GB,151.32,31912,98
7543,2026-05-18 12:09:04.577495,2026/05/18 12:09:04.625,3,NVIDIA A100-SXM-64GB,143.48,31846,98
7544,2026-05-18 12:09:09.663194,2026/05/18 12:09:09.703,0,NVIDIA A100-SXM-64GB,157.60,31904,99
7545,2026-05-18 12:09:09.663194,2026/05/18 12:09:09.708,1,NVIDIA A100-SXM-64GB,142.17,31922,99
7546,2026-05-18 12:09:09.663194,2026/05/18 12:09:09.714,2,NVIDIA A100-SXM-64GB,182.39,31912,100
7547,2026-05-18 12:09:09.663194,2026/05/18 12:09:09.716,3,NVIDIA A100-SXM-64GB,146.29,31846,97
7548,2026-05-18 12:09:14.756243,2026/05/18 12:09:14.795,0,NVIDIA A100-SXM-64GB,216.52,31904,100
7549,2026-05-18 12:09:14.756243,2026/05/18 12:09:14.797,1,NVIDIA A100-SXM-64GB,177.31,31922,100
7550,2026-05-18 12:09:14.756243,2026/05/18 12:09:14.800,2,NVIDIA A100-SXM-64GB,143.67,31912,98
7551,2026-05-18 12:09:14.756243,2026/05/18 12:09:14.803,3,NVIDIA A100-SXM-64GB,133.82,31846,98
7552,2026-05-18 12:09:19.841876,2026/05/18 12:09:19.882,0,NVIDIA A100-SXM-64GB,155.62,31904,98
7553,2026-05-18 12:09:19.841876,2026/05/18 12:09:19.884,1,NVIDIA A100-SXM-64GB,143.71,31922,98
7554,2026-05-18 12:09:19.841876,2026/05/18 12:09:19.887,2,NVIDIA A100-SXM-64GB,154.07,31912,98
7555,2026-05-18 12:09:19.841876,2026/05/18 12:09:19.890,3,NVIDIA A100-SXM-64GB,145.36,31846,98
7556,2026-05-18 12:09:24.928052,2026/05/18 12:09:24.967,0,NVIDIA A100-SXM-64GB,162.49,31904,100
7557,2026-05-18 12:09:24.928052,2026/05/18 12:09:24.969,1,NVIDIA A100-SXM-64GB,154.36,31922,100
7558,2026-05-18 12:09:24.928052,2026/05/18 12:09:24.972,2,NVIDIA A100-SXM-64GB,160.84,31912,100
7559,2026-05-18 12:09:24.928052,2026/05/18 12:09:24.974,3,NVIDIA A100-SXM-64GB,164.09,31846,100
7560,2026-05-18 12:09:30.014121,2026/05/18 12:09:30.053,0,NVIDIA A100-SXM-64GB,178.06,31904,100
7561,2026-05-18 12:09:30.014121,2026/05/18 12:09:30.056,1,NVIDIA A100-SXM-64GB,177.65,31922,100
7562,2026-05-18 12:09:30.014121,2026/05/18 12:09:30.058,2,NVIDIA A100-SXM-64GB,170.03,31912,100
7563,2026-05-18 12:09:30.014121,2026/05/18 12:09:30.060,3,NVIDIA A100-SXM-64GB,176.04,31846,100
7564,2026-05-18 12:09:35.099684,2026/05/18 12:09:35.139,0,NVIDIA A100-SXM-64GB,184.95,31904,100
7565,2026-05-18 12:09:35.099684,2026/05/18 12:09:35.141,1,NVIDIA A100-SXM-64GB,146.88,31922,100
7566,2026-05-18 12:09:35.099684,2026/05/18 12:09:35.145,2,NVIDIA A100-SXM-64GB,154.55,31912,100
7567,2026-05-18 12:09:35.099684,2026/05/18 12:09:35.148,3,NVIDIA A100-SXM-64GB,163.92,31846,100
7568,2026-05-18 12:09:40.186743,2026/05/18 12:09:40.226,0,NVIDIA A100-SXM-64GB,158.36,31904,100
7569,2026-05-18 12:09:40.186743,2026/05/18 12:09:40.229,1,NVIDIA A100-SXM-64GB,141.56,31922,100
7570,2026-05-18 12:09:40.186743,2026/05/18 12:09:40.231,2,NVIDIA A100-SXM-64GB,153.19,31912,98
7571,2026-05-18 12:09:40.186743,2026/05/18 12:09:40.234,3,NVIDIA A100-SXM-64GB,145.36,31846,98
7572,2026-05-18 12:09:45.273993,2026/05/18 12:09:45.313,0,NVIDIA A100-SXM-64GB,147.05,31904,97
7573,2026-05-18 12:09:45.273993,2026/05/18 12:09:45.315,1,NVIDIA A100-SXM-64GB,133.27,31922,97
7574,2026-05-18 12:09:45.273993,2026/05/18 12:09:45.318,2,NVIDIA A100-SXM-64GB,149.50,31912,100
7575,2026-05-18 12:09:45.273993,2026/05/18 12:09:45.320,3,NVIDIA A100-SXM-64GB,141.67,31846,98
7576,2026-05-18 12:09:50.358600,2026/05/18 12:09:50.398,0,NVIDIA A100-SXM-64GB,193.92,31904,100
7577,2026-05-18 12:09:50.358600,2026/05/18 12:09:50.404,1,NVIDIA A100-SXM-64GB,163.58,31922,100
7578,2026-05-18 12:09:50.358600,2026/05/18 12:09:50.408,2,NVIDIA A100-SXM-64GB,180.15,31912,100
7579,2026-05-18 12:09:50.358600,2026/05/18 12:09:50.411,3,NVIDIA A100-SXM-64GB,186.45,31846,100
7580,2026-05-18 12:09:55.453742,2026/05/18 12:09:55.493,0,NVIDIA A100-SXM-64GB,179.87,31904,100
7581,2026-05-18 12:09:55.453742,2026/05/18 12:09:55.495,1,NVIDIA A100-SXM-64GB,162.93,31922,100
7582,2026-05-18 12:09:55.453742,2026/05/18 12:09:55.498,2,NVIDIA A100-SXM-64GB,169.09,31912,100
7583,2026-05-18 12:09:55.453742,2026/05/18 12:09:55.500,3,NVIDIA A100-SXM-64GB,168.99,31846,100
7584,2026-05-18 12:10:00.539362,2026/05/18 12:10:00.579,0,NVIDIA A100-SXM-64GB,154.69,31904,98
7585,2026-05-18 12:10:00.539362,2026/05/18 12:10:00.582,1,NVIDIA A100-SXM-64GB,149.20,31922,100
7586,2026-05-18 12:10:00.539362,2026/05/18 12:10:00.585,2,NVIDIA A100-SXM-64GB,152.53,31912,100
7587,2026-05-18 12:10:00.539362,2026/05/18 12:10:00.587,3,NVIDIA A100-SXM-64GB,142.75,31846,100
7588,2026-05-18 12:10:05.626772,2026/05/18 12:10:05.666,0,NVIDIA A100-SXM-64GB,191.50,31904,100
7589,2026-05-18 12:10:05.626772,2026/05/18 12:10:05.669,1,NVIDIA A100-SXM-64GB,172.75,31922,100
7590,2026-05-18 12:10:05.626772,2026/05/18 12:10:05.672,2,NVIDIA A100-SXM-64GB,194.52,31912,100
7591,2026-05-18 12:10:05.626772,2026/05/18 12:10:05.675,3,NVIDIA A100-SXM-64GB,182.15,31846,100
7592,2026-05-18 12:10:10.717516,2026/05/18 12:10:10.757,0,NVIDIA A100-SXM-64GB,162.15,31904,100
7593,2026-05-18 12:10:10.717516,2026/05/18 12:10:10.760,1,NVIDIA A100-SXM-64GB,153.48,31922,100
7594,2026-05-18 12:10:10.717516,2026/05/18 12:10:10.762,2,NVIDIA A100-SXM-64GB,151.93,31912,100
7595,2026-05-18 12:10:10.717516,2026/05/18 12:10:10.765,3,NVIDIA A100-SXM-64GB,168.66,31846,100
7596,2026-05-18 12:10:15.804263,2026/05/18 12:10:15.844,0,NVIDIA A100-SXM-64GB,152.71,31904,98
7597,2026-05-18 12:10:15.804263,2026/05/18 12:10:15.846,1,NVIDIA A100-SXM-64GB,148.59,31922,98
7598,2026-05-18 12:10:15.804263,2026/05/18 12:10:15.849,2,NVIDIA A100-SXM-64GB,149.18,31912,98
7599,2026-05-18 12:10:15.804263,2026/05/18 12:10:15.851,3,NVIDIA A100-SXM-64GB,145.96,31846,100
7600,2026-05-18 12:10:20.890861,2026/05/18 12:10:20.930,0,NVIDIA A100-SXM-64GB,153.00,31904,97
7601,2026-05-18 12:10:20.890861,2026/05/18 12:10:20.932,1,NVIDIA A100-SXM-64GB,146.73,31922,100
7602,2026-05-18 12:10:20.890861,2026/05/18 12:10:20.938,2,NVIDIA A100-SXM-64GB,151.04,31912,99
7603,2026-05-18 12:10:20.890861,2026/05/18 12:10:20.942,3,NVIDIA A100-SXM-64GB,146.90,31846,100
7604,2026-05-18 12:10:25.982255,2026/05/18 12:10:26.021,0,NVIDIA A100-SXM-64GB,178.25,31904,100
7605,2026-05-18 12:10:25.982255,2026/05/18 12:10:26.023,1,NVIDIA A100-SXM-64GB,167.54,31922,100
7606,2026-05-18 12:10:25.982255,2026/05/18 12:10:26.026,2,NVIDIA A100-SXM-64GB,192.97,31912,100
7607,2026-05-18 12:10:25.982255,2026/05/18 12:10:26.028,3,NVIDIA A100-SXM-64GB,170.65,31846,100
7608,2026-05-18 12:10:31.067763,2026/05/18 12:10:31.107,0,NVIDIA A100-SXM-64GB,178.94,31904,100
7609,2026-05-18 12:10:31.067763,2026/05/18 12:10:31.110,1,NVIDIA A100-SXM-64GB,155.62,31922,100
7610,2026-05-18 12:10:31.067763,2026/05/18 12:10:31.113,2,NVIDIA A100-SXM-64GB,174.32,31912,100
7611,2026-05-18 12:10:31.067763,2026/05/18 12:10:31.115,3,NVIDIA A100-SXM-64GB,161.28,31846,100
7612,2026-05-18 12:10:36.157351,2026/05/18 12:10:36.209,0,NVIDIA A100-SXM-64GB,174.72,31904,100
7613,2026-05-18 12:10:36.157351,2026/05/18 12:10:36.211,1,NVIDIA A100-SXM-64GB,141.84,31922,98
7614,2026-05-18 12:10:36.157351,2026/05/18 12:10:36.214,2,NVIDIA A100-SXM-64GB,150.43,31912,100
7615,2026-05-18 12:10:36.157351,2026/05/18 12:10:36.216,3,NVIDIA A100-SXM-64GB,174.77,31846,100
7616,2026-05-18 12:10:41.257958,2026/05/18 12:10:41.297,0,NVIDIA A100-SXM-64GB,177.46,31904,100
7617,2026-05-18 12:10:41.257958,2026/05/18 12:10:41.303,1,NVIDIA A100-SXM-64GB,183.22,31922,100
7618,2026-05-18 12:10:41.257958,2026/05/18 12:10:41.305,2,NVIDIA A100-SXM-64GB,178.70,31912,100
7619,2026-05-18 12:10:41.257958,2026/05/18 12:10:41.310,3,NVIDIA A100-SXM-64GB,177.07,31846,100
7620,2026-05-18 12:10:46.349331,2026/05/18 12:10:46.389,0,NVIDIA A100-SXM-64GB,168.74,31904,100
7621,2026-05-18 12:10:46.349331,2026/05/18 12:10:46.391,1,NVIDIA A100-SXM-64GB,158.97,31922,100
7622,2026-05-18 12:10:46.349331,2026/05/18 12:10:46.394,2,NVIDIA A100-SXM-64GB,164.53,31912,100
7623,2026-05-18 12:10:46.349331,2026/05/18 12:10:46.396,3,NVIDIA A100-SXM-64GB,168.50,31846,100
7624,2026-05-18 12:10:51.438903,2026/05/18 12:10:51.478,0,NVIDIA A100-SXM-64GB,156.83,31904,98
7625,2026-05-18 12:10:51.438903,2026/05/18 12:10:51.481,1,NVIDIA A100-SXM-64GB,143.71,31922,98
7626,2026-05-18 12:10:51.438903,2026/05/18 12:10:51.485,2,NVIDIA A100-SXM-64GB,150.11,31912,100
7627,2026-05-18 12:10:51.438903,2026/05/18 12:10:51.488,3,NVIDIA A100-SXM-64GB,142.42,31846,100
7628,2026-05-18 12:10:56.528158,2026/05/18 12:10:56.567,0,NVIDIA A100-SXM-64GB,188.43,31904,98
7629,2026-05-18 12:10:56.528158,2026/05/18 12:10:56.570,1,NVIDIA A100-SXM-64GB,136.34,31922,100
7630,2026-05-18 12:10:56.528158,2026/05/18 12:10:56.573,2,NVIDIA A100-SXM-64GB,141.52,31912,97
7631,2026-05-18 12:10:56.528158,2026/05/18 12:10:56.575,3,NVIDIA A100-SXM-64GB,140.46,31846,97
7632,2026-05-18 12:11:01.614398,2026/05/18 12:11:01.654,0,NVIDIA A100-SXM-64GB,186.02,31904,100
7633,2026-05-18 12:11:01.614398,2026/05/18 12:11:01.659,1,NVIDIA A100-SXM-64GB,182.95,31922,100
7634,2026-05-18 12:11:01.614398,2026/05/18 12:11:01.662,2,NVIDIA A100-SXM-64GB,196.18,31912,100
7635,2026-05-18 12:11:01.614398,2026/05/18 12:11:01.665,3,NVIDIA A100-SXM-64GB,170.48,31846,100
7636,2026-05-18 12:11:06.704254,2026/05/18 12:11:06.743,0,NVIDIA A100-SXM-64GB,170.71,31904,100
7637,2026-05-18 12:11:06.704254,2026/05/18 12:11:06.745,1,NVIDIA A100-SXM-64GB,162.49,31922,100
7638,2026-05-18 12:11:06.704254,2026/05/18 12:11:06.749,2,NVIDIA A100-SXM-64GB,167.28,31912,100
7639,2026-05-18 12:11:06.704254,2026/05/18 12:11:06.751,3,NVIDIA A100-SXM-64GB,168.82,31846,100
7640,2026-05-18 12:11:11.790302,2026/05/18 12:11:11.830,0,NVIDIA A100-SXM-64GB,187.83,31904,100
7641,2026-05-18 12:11:11.790302,2026/05/18 12:11:11.833,1,NVIDIA A100-SXM-64GB,143.38,31922,100
7642,2026-05-18 12:11:11.790302,2026/05/18 12:11:11.835,2,NVIDIA A100-SXM-64GB,147.35,31912,100
7643,2026-05-18 12:11:11.790302,2026/05/18 12:11:11.838,3,NVIDIA A100-SXM-64GB,142.88,31846,100
7644,2026-05-18 12:11:16.877418,2026/05/18 12:11:16.917,0,NVIDIA A100-SXM-64GB,191.91,31904,100
7645,2026-05-18 12:11:16.877418,2026/05/18 12:11:16.919,1,NVIDIA A100-SXM-64GB,169.68,31922,100
7646,2026-05-18 12:11:16.877418,2026/05/18 12:11:16.922,2,NVIDIA A100-SXM-64GB,171.24,31912,100
7647,2026-05-18 12:11:16.877418,2026/05/18 12:11:16.925,3,NVIDIA A100-SXM-64GB,163.76,31846,100
7648,2026-05-18 12:11:21.963623,2026/05/18 12:11:22.003,0,NVIDIA A100-SXM-64GB,170.43,31904,100
7649,2026-05-18 12:11:21.963623,2026/05/18 12:11:22.009,1,NVIDIA A100-SXM-64GB,151.94,31922,100
7650,2026-05-18 12:11:21.963623,2026/05/18 12:11:22.011,2,NVIDIA A100-SXM-64GB,151.93,31912,100
7651,2026-05-18 12:11:21.963623,2026/05/18 12:11:22.014,3,NVIDIA A100-SXM-64GB,167.88,31846,100
7652,2026-05-18 12:11:27.053300,2026/05/18 12:11:27.092,0,NVIDIA A100-SXM-64GB,195.85,31904,98
7653,2026-05-18 12:11:27.053300,2026/05/18 12:11:27.094,1,NVIDIA A100-SXM-64GB,170.89,31922,100
7654,2026-05-18 12:11:27.053300,2026/05/18 12:11:27.097,2,NVIDIA A100-SXM-64GB,168.82,31912,100
7655,2026-05-18 12:11:27.053300,2026/05/18 12:11:27.099,3,NVIDIA A100-SXM-64GB,201.56,31846,100
7656,2026-05-18 12:11:32.140683,2026/05/18 12:11:32.180,0,NVIDIA A100-SXM-64GB,149.65,31904,97
7657,2026-05-18 12:11:32.140683,2026/05/18 12:11:32.182,1,NVIDIA A100-SXM-64GB,218.66,31922,100
7658,2026-05-18 12:11:32.140683,2026/05/18 12:11:32.185,2,NVIDIA A100-SXM-64GB,230.16,31912,97
7659,2026-05-18 12:11:32.140683,2026/05/18 12:11:32.188,3,NVIDIA A100-SXM-64GB,220.26,31846,97
7660,2026-05-18 12:11:37.227271,2026/05/18 12:11:37.267,0,NVIDIA A100-SXM-64GB,186.02,31904,100
7661,2026-05-18 12:11:37.227271,2026/05/18 12:11:37.269,1,NVIDIA A100-SXM-64GB,169.95,31922,100
7662,2026-05-18 12:11:37.227271,2026/05/18 12:11:37.272,2,NVIDIA A100-SXM-64GB,178.28,31912,100
7663,2026-05-18 12:11:37.227271,2026/05/18 12:11:37.275,3,NVIDIA A100-SXM-64GB,171.74,31846,100
7664,2026-05-18 12:11:42.313729,2026/05/18 12:11:42.353,0,NVIDIA A100-SXM-64GB,169.51,31904,100
7665,2026-05-18 12:11:42.313729,2026/05/18 12:11:42.358,1,NVIDIA A100-SXM-64GB,173.18,31922,100
7666,2026-05-18 12:11:42.313729,2026/05/18 12:11:42.361,2,NVIDIA A100-SXM-64GB,184.44,31912,100
7667,2026-05-18 12:11:42.313729,2026/05/18 12:11:42.363,3,NVIDIA A100-SXM-64GB,161.28,31846,100
7668,2026-05-18 12:11:47.403321,2026/05/18 12:11:47.455,0,NVIDIA A100-SXM-64GB,156.67,31904,98
7669,2026-05-18 12:11:47.403321,2026/05/18 12:11:47.457,1,NVIDIA A100-SXM-64GB,194.85,31922,100
7670,2026-05-18 12:11:47.403321,2026/05/18 12:11:47.461,2,NVIDIA A100-SXM-64GB,194.65,31912,98
7671,2026-05-18 12:11:47.403321,2026/05/18 12:11:47.464,3,NVIDIA A100-SXM-64GB,181.96,31846,98
7672,2026-05-18 12:11:52.504981,2026/05/18 12:11:52.544,0,NVIDIA A100-SXM-64GB,181.41,31904,100
7673,2026-05-18 12:11:52.504981,2026/05/18 12:11:52.547,1,NVIDIA A100-SXM-64GB,168.90,31922,100
7674,2026-05-18 12:11:52.504981,2026/05/18 12:11:52.549,2,NVIDIA A100-SXM-64GB,174.32,31912,100
7675,2026-05-18 12:11:52.504981,2026/05/18 12:11:52.552,3,NVIDIA A100-SXM-64GB,176.31,31846,100
7676,2026-05-18 12:11:57.591143,2026/05/18 12:11:57.630,0,NVIDIA A100-SXM-64GB,184.48,31904,100
7677,2026-05-18 12:11:57.591143,2026/05/18 12:11:57.632,1,NVIDIA A100-SXM-64GB,177.65,31922,100
7678,2026-05-18 12:11:57.591143,2026/05/18 12:11:57.635,2,NVIDIA A100-SXM-64GB,179.82,31912,100
7679,2026-05-18 12:11:57.591143,2026/05/18 12:11:57.637,3,NVIDIA A100-SXM-64GB,163.76,31846,100
7680,2026-05-18 12:12:02.677658,2026/05/18 12:12:02.717,0,NVIDIA A100-SXM-64GB,158.81,31904,98
7681,2026-05-18 12:12:02.677658,2026/05/18 12:12:02.721,1,NVIDIA A100-SXM-64GB,146.45,31922,100
7682,2026-05-18 12:12:02.677658,2026/05/18 12:12:02.724,2,NVIDIA A100-SXM-64GB,150.72,31912,98
7683,2026-05-18 12:12:02.677658,2026/05/18 12:12:02.726,3,NVIDIA A100-SXM-64GB,141.67,31846,98
7684,2026-05-18 12:12:07.766435,2026/05/18 12:12:07.806,0,NVIDIA A100-SXM-64GB,150.58,31904,100
7685,2026-05-18 12:12:07.766435,2026/05/18 12:12:07.808,1,NVIDIA A100-SXM-64GB,144.92,31922,97
7686,2026-05-18 12:12:07.766435,2026/05/18 12:12:07.811,2,NVIDIA A100-SXM-64GB,146.75,31912,100
7687,2026-05-18 12:12:07.766435,2026/05/18 12:12:07.813,3,NVIDIA A100-SXM-64GB,139.52,31846,100
7688,2026-05-18 12:12:12.852776,2026/05/18 12:12:12.892,0,NVIDIA A100-SXM-64GB,190.90,31904,100
7689,2026-05-18 12:12:12.852776,2026/05/18 12:12:12.895,1,NVIDIA A100-SXM-64GB,165.40,31922,100
7690,2026-05-18 12:12:12.852776,2026/05/18 12:12:12.901,2,NVIDIA A100-SXM-64GB,194.04,31912,100
7691,2026-05-18 12:12:12.852776,2026/05/18 12:12:12.904,3,NVIDIA A100-SXM-64GB,183.36,31846,100
7692,2026-05-18 12:12:17.944608,2026/05/18 12:12:17.984,0,NVIDIA A100-SXM-64GB,183.22,31904,100
7693,2026-05-18 12:12:17.944608,2026/05/18 12:12:17.986,1,NVIDIA A100-SXM-64GB,180.48,31922,98
7694,2026-05-18 12:12:17.944608,2026/05/18 12:12:17.989,2,NVIDIA A100-SXM-64GB,166.34,31912,100
7695,2026-05-18 12:12:17.944608,2026/05/18 12:12:17.993,3,NVIDIA A100-SXM-64GB,163.43,31846,100
7696,2026-05-18 12:12:23.032348,2026/05/18 12:12:23.072,0,NVIDIA A100-SXM-64GB,150.85,31904,100
7697,2026-05-18 12:12:23.032348,2026/05/18 12:12:23.075,1,NVIDIA A100-SXM-64GB,132.67,31922,98
7698,2026-05-18 12:12:23.032348,2026/05/18 12:12:23.077,2,NVIDIA A100-SXM-64GB,138.77,31912,100
7699,2026-05-18 12:12:23.032348,2026/05/18 12:12:23.080,3,NVIDIA A100-SXM-64GB,131.87,31846,99
7700,2026-05-18 12:12:28.119594,2026/05/18 12:12:28.160,0,NVIDIA A100-SXM-64GB,156.23,31904,98
7701,2026-05-18 12:12:28.119594,2026/05/18 12:12:28.162,1,NVIDIA A100-SXM-64GB,147.05,31922,98
7702,2026-05-18 12:12:28.119594,2026/05/18 12:12:28.165,2,NVIDIA A100-SXM-64GB,152.68,31912,98
7703,2026-05-18 12:12:28.119594,2026/05/18 12:12:28.168,3,NVIDIA A100-SXM-64GB,143.97,31846,98
7704,2026-05-18 12:12:33.207088,2026/05/18 12:12:33.246,0,NVIDIA A100-SXM-64GB,172.85,31904,100
7705,2026-05-18 12:12:33.207088,2026/05/18 12:12:33.250,1,NVIDIA A100-SXM-64GB,179.27,31922,100
7706,2026-05-18 12:12:33.207088,2026/05/18 12:12:33.253,2,NVIDIA A100-SXM-64GB,169.69,31912,100
7707,2026-05-18 12:12:33.207088,2026/05/18 12:12:33.256,3,NVIDIA A100-SXM-64GB,172.02,31846,100
7708,2026-05-18 12:12:38.295361,2026/05/18 12:12:38.335,0,NVIDIA A100-SXM-64GB,194.32,31904,100
7709,2026-05-18 12:12:38.295361,2026/05/18 12:12:38.337,1,NVIDIA A100-SXM-64GB,198.20,31922,100
7710,2026-05-18 12:12:38.295361,2026/05/18 12:12:38.340,2,NVIDIA A100-SXM-64GB,213.94,31912,100
7711,2026-05-18 12:12:38.295361,2026/05/18 12:12:38.343,3,NVIDIA A100-SXM-64GB,200.68,31846,100
7712,2026-05-18 12:12:43.385195,2026/05/18 12:12:43.424,0,NVIDIA A100-SXM-64GB,226.37,31904,100
7713,2026-05-18 12:12:43.385195,2026/05/18 12:12:43.426,1,NVIDIA A100-SXM-64GB,196.99,31922,97
7714,2026-05-18 12:12:43.385195,2026/05/18 12:12:43.432,2,NVIDIA A100-SXM-64GB,192.17,31912,100
7715,2026-05-18 12:12:43.385195,2026/05/18 12:12:43.438,3,NVIDIA A100-SXM-64GB,223.01,31846,98
7716,2026-05-18 12:12:48.477690,2026/05/18 12:12:48.517,0,NVIDIA A100-SXM-64GB,181.59,31904,100
7717,2026-05-18 12:12:48.477690,2026/05/18 12:12:48.522,1,NVIDIA A100-SXM-64GB,161.88,31922,100
7718,2026-05-18 12:12:48.477690,2026/05/18 12:12:48.527,2,NVIDIA A100-SXM-64GB,189.62,31912,100
7719,2026-05-18 12:12:48.477690,2026/05/18 12:12:48.530,3,NVIDIA A100-SXM-64GB,177.76,31846,100
7720,2026-05-18 12:12:53.572065,2026/05/18 12:12:53.623,0,NVIDIA A100-SXM-64GB,188.15,31904,100
7721,2026-05-18 12:12:53.572065,2026/05/18 12:12:53.627,1,NVIDIA A100-SXM-64GB,158.64,31922,100
7722,2026-05-18 12:12:53.572065,2026/05/18 12:12:53.630,2,NVIDIA A100-SXM-64GB,184.72,31912,100
7723,2026-05-18 12:12:53.572065,2026/05/18 12:12:53.633,3,NVIDIA A100-SXM-64GB,176.31,31846,100
7724,2026-05-18 12:12:58.672540,2026/05/18 12:12:58.712,0,NVIDIA A100-SXM-64GB,200.33,31904,100
7725,2026-05-18 12:12:58.672540,2026/05/18 12:12:58.714,1,NVIDIA A100-SXM-64GB,185.55,31922,98
7726,2026-05-18 12:12:58.672540,2026/05/18 12:12:58.717,2,NVIDIA A100-SXM-64GB,199.87,31912,100
7727,2026-05-18 12:12:58.672540,2026/05/18 12:12:58.719,3,NVIDIA A100-SXM-64GB,162.54,31846,100
7728,2026-05-18 12:13:03.759554,2026/05/18 12:13:03.799,0,NVIDIA A100-SXM-64GB,178.34,31904,100
7729,2026-05-18 12:13:03.759554,2026/05/18 12:13:03.801,1,NVIDIA A100-SXM-64GB,164.79,31922,100
7730,2026-05-18 12:13:03.759554,2026/05/18 12:13:03.804,2,NVIDIA A100-SXM-64GB,170.03,31912,100
7731,2026-05-18 12:13:03.759554,2026/05/18 12:13:03.807,3,NVIDIA A100-SXM-64GB,167.72,31846,100
7732,2026-05-18 12:13:08.847844,2026/05/18 12:13:08.887,0,NVIDIA A100-SXM-64GB,175.92,31904,100
7733,2026-05-18 12:13:08.847844,2026/05/18 12:13:08.889,1,NVIDIA A100-SXM-64GB,169.78,31922,100
7734,2026-05-18 12:13:08.847844,2026/05/18 12:13:08.892,2,NVIDIA A100-SXM-64GB,153.79,31912,100
7735,2026-05-18 12:13:08.847844,2026/05/18 12:13:08.894,3,NVIDIA A100-SXM-64GB,177.25,31846,100
7736,2026-05-18 12:13:13.934539,2026/05/18 12:13:13.987,0,NVIDIA A100-SXM-64GB,179.78,31904,100
7737,2026-05-18 12:13:13.934539,2026/05/18 12:13:13.989,1,NVIDIA A100-SXM-64GB,145.34,31922,100
7738,2026-05-18 12:13:13.934539,2026/05/18 12:13:13.993,2,NVIDIA A100-SXM-64GB,178.46,31912,100
7739,2026-05-18 12:13:13.934539,2026/05/18 12:13:13.995,3,NVIDIA A100-SXM-64GB,144.90,31846,100
7740,2026-05-18 12:13:19.035300,2026/05/18 12:13:19.075,0,NVIDIA A100-SXM-64GB,164.62,31904,100
7741,2026-05-18 12:13:19.035300,2026/05/18 12:13:19.077,1,NVIDIA A100-SXM-64GB,156.83,31922,100
7742,2026-05-18 12:13:19.035300,2026/05/18 12:13:19.080,2,NVIDIA A100-SXM-64GB,163.59,31912,100
7743,2026-05-18 12:13:19.035300,2026/05/18 12:13:19.082,3,NVIDIA A100-SXM-64GB,150.59,31846,100
7744,2026-05-18 12:13:24.121771,2026/05/18 12:13:24.173,0,NVIDIA A100-SXM-64GB,182.01,31904,98
7745,2026-05-18 12:13:24.121771,2026/05/18 12:13:24.175,1,NVIDIA A100-SXM-64GB,173.64,31922,100
7746,2026-05-18 12:13:24.121771,2026/05/18 12:13:24.178,2,NVIDIA A100-SXM-64GB,153.79,31912,100
7747,2026-05-18 12:13:24.121771,2026/05/18 12:13:24.180,3,NVIDIA A100-SXM-64GB,170.48,31846,98
7748,2026-05-18 12:13:29.220429,2026/05/18 12:13:29.266,0,NVIDIA A100-SXM-64GB,174.06,31904,100
7749,2026-05-18 12:13:29.220429,2026/05/18 12:13:29.269,1,NVIDIA A100-SXM-64GB,161.72,31922,100
7750,2026-05-18 12:13:29.220429,2026/05/18 12:13:29.271,2,NVIDIA A100-SXM-64GB,173.38,31912,100
7751,2026-05-18 12:13:29.220429,2026/05/18 12:13:29.274,3,NVIDIA A100-SXM-64GB,163.43,31846,100
7752,2026-05-18 12:13:34.313001,2026/05/18 12:13:34.352,0,NVIDIA A100-SXM-64GB,159.41,31904,98
7753,2026-05-18 12:13:34.313001,2026/05/18 12:13:34.359,1,NVIDIA A100-SXM-64GB,147.99,31922,100
7754,2026-05-18 12:13:34.313001,2026/05/18 12:13:34.361,2,NVIDIA A100-SXM-64GB,148.90,31912,98
7755,2026-05-18 12:13:34.313001,2026/05/18 12:13:34.364,3,NVIDIA A100-SXM-64GB,142.00,31846,98
7756,2026-05-18 12:13:39.403140,2026/05/18 12:13:39.442,0,NVIDIA A100-SXM-64GB,158.97,31904,98
7757,2026-05-18 12:13:39.403140,2026/05/18 12:13:39.444,1,NVIDIA A100-SXM-64GB,145.99,31922,100
7758,2026-05-18 12:13:39.403140,2026/05/18 12:13:39.447,2,NVIDIA A100-SXM-64GB,152.41,31912,98
7759,2026-05-18 12:13:39.403140,2026/05/18 12:13:39.449,3,NVIDIA A100-SXM-64GB,143.63,31846,98
7760,2026-05-18 12:13:44.489510,2026/05/18 12:13:44.529,0,NVIDIA A100-SXM-64GB,178.34,31904,100
7761,2026-05-18 12:13:44.489510,2026/05/18 12:13:44.533,1,NVIDIA A100-SXM-64GB,180.05,31922,100
7762,2026-05-18 12:13:44.489510,2026/05/18 12:13:44.536,2,NVIDIA A100-SXM-64GB,179.82,31912,100
7763,2026-05-18 12:13:44.489510,2026/05/18 12:13:44.540,3,NVIDIA A100-SXM-64GB,178.46,31846,100
7764,2026-05-18 12:13:49.580257,2026/05/18 12:13:49.620,0,NVIDIA A100-SXM-64GB,187.50,31904,100
7765,2026-05-18 12:13:49.580257,2026/05/18 12:13:49.623,1,NVIDIA A100-SXM-64GB,205.54,31922,100
7766,2026-05-18 12:13:49.580257,2026/05/18 12:13:49.625,2,NVIDIA A100-SXM-64GB,158.09,31912,98
7767,2026-05-18 12:13:49.580257,2026/05/18 12:13:49.627,3,NVIDIA A100-SXM-64GB,202.49,31846,98
7768,2026-05-18 12:13:54.667638,2026/05/18 12:13:54.707,0,NVIDIA A100-SXM-64GB,154.36,31904,97
7769,2026-05-18 12:13:54.667638,2026/05/18 12:13:54.709,1,NVIDIA A100-SXM-64GB,145.52,31922,100
7770,2026-05-18 12:13:54.667638,2026/05/18 12:13:54.712,2,NVIDIA A100-SXM-64GB,149.78,31912,97
7771,2026-05-18 12:13:54.667638,2026/05/18 12:13:54.715,3,NVIDIA A100-SXM-64GB,147.18,31846,97
7772,2026-05-18 12:13:59.754527,2026/05/18 12:13:59.794,0,NVIDIA A100-SXM-64GB,181.41,31904,100
7773,2026-05-18 12:13:59.754527,2026/05/18 12:13:59.796,1,NVIDIA A100-SXM-64GB,167.54,31922,100
7774,2026-05-18 12:13:59.754527,2026/05/18 12:13:59.803,2,NVIDIA A100-SXM-64GB,189.62,31912,100
7775,2026-05-18 12:13:59.754527,2026/05/18 12:13:59.806,3,NVIDIA A100-SXM-64GB,168.33,31846,100
7776,2026-05-18 12:14:04.845740,2026/05/18 12:14:04.885,0,NVIDIA A100-SXM-64GB,165.67,31904,100
7777,2026-05-18 12:14:04.845740,2026/05/18 12:14:04.888,1,NVIDIA A100-SXM-64GB,159.46,31922,100
7778,2026-05-18 12:14:04.845740,2026/05/18 12:14:04.890,2,NVIDIA A100-SXM-64GB,169.26,31912,100
7779,2026-05-18 12:14:04.845740,2026/05/18 12:14:04.893,3,NVIDIA A100-SXM-64GB,161.77,31846,100
7780,2026-05-18 12:14:09.931642,2026/05/18 12:14:09.972,0,NVIDIA A100-SXM-64GB,157.87,31904,100
7781,2026-05-18 12:14:09.931642,2026/05/18 12:14:09.974,1,NVIDIA A100-SXM-64GB,143.71,31922,99
7782,2026-05-18 12:14:09.931642,2026/05/18 12:14:09.977,2,NVIDIA A100-SXM-64GB,153.19,31912,100
7783,2026-05-18 12:14:09.931642,2026/05/18 12:14:09.980,3,NVIDIA A100-SXM-64GB,146.29,31846,98
7784,2026-05-18 12:14:15.019784,2026/05/18 12:14:15.060,0,NVIDIA A100-SXM-64GB,155.62,31904,98
7785,2026-05-18 12:14:15.019784,2026/05/18 12:14:15.063,1,NVIDIA A100-SXM-64GB,143.38,31922,98
7786,2026-05-18 12:14:15.019784,2026/05/18 12:14:15.068,2,NVIDIA A100-SXM-64GB,148.90,31912,98
7787,2026-05-18 12:14:15.019784,2026/05/18 12:14:15.070,3,NVIDIA A100-SXM-64GB,146.90,31846,98
7788,2026-05-18 12:14:20.110757,2026/05/18 12:14:20.150,0,NVIDIA A100-SXM-64GB,156.07,31904,100
7789,2026-05-18 12:14:20.110757,2026/05/18 12:14:20.153,1,NVIDIA A100-SXM-64GB,147.66,31922,100
7790,2026-05-18 12:14:20.110757,2026/05/18 12:14:20.155,2,NVIDIA A100-SXM-64GB,156.82,31912,100
7791,2026-05-18 12:14:20.110757,2026/05/18 12:14:20.158,3,NVIDIA A100-SXM-64GB,156.38,31846,100
7792,2026-05-18 12:14:25.199282,2026/05/18 12:14:25.239,0,NVIDIA A100-SXM-64GB,197.32,31904,100
7793,2026-05-18 12:14:25.199282,2026/05/18 12:14:25.241,1,NVIDIA A100-SXM-64GB,140.91,31922,100
7794,2026-05-18 12:14:25.199282,2026/05/18 12:14:25.246,2,NVIDIA A100-SXM-64GB,184.72,31912,100
7795,2026-05-18 12:14:25.199282,2026/05/18 12:14:25.249,3,NVIDIA A100-SXM-64GB,142.61,31846,100
7796,2026-05-18 12:14:30.289112,2026/05/18 12:14:30.328,0,NVIDIA A100-SXM-64GB,169.95,31904,100
7797,2026-05-18 12:14:30.289112,2026/05/18 12:14:30.332,1,NVIDIA A100-SXM-64GB,151.16,31922,100
7798,2026-05-18 12:14:30.289112,2026/05/18 12:14:30.335,2,NVIDIA A100-SXM-64GB,154.23,31912,100
7799,2026-05-18 12:14:30.289112,2026/05/18 12:14:30.337,3,NVIDIA A100-SXM-64GB,154.99,31846,100
7800,2026-05-18 12:14:35.380618,2026/05/18 12:14:35.420,0,NVIDIA A100-SXM-64GB,155.62,31904,100
7801,2026-05-18 12:14:35.380618,2026/05/18 12:14:35.423,1,NVIDIA A100-SXM-64GB,162.93,31922,98
7802,2026-05-18 12:14:35.380618,2026/05/18 12:14:35.425,2,NVIDIA A100-SXM-64GB,152.53,31912,100
7803,2026-05-18 12:14:35.380618,2026/05/18 12:14:35.428,3,NVIDIA A100-SXM-64GB,164.36,31846,100
7804,2026-05-18 12:14:40.467715,2026/05/18 12:14:40.507,0,NVIDIA A100-SXM-64GB,171.64,31904,100
7805,2026-05-18 12:14:40.467715,2026/05/18 12:14:40.509,1,NVIDIA A100-SXM-64GB,160.78,31922,100
7806,2026-05-18 12:14:40.467715,2026/05/18 12:14:40.512,2,NVIDIA A100-SXM-64GB,184.72,31912,100
7807,2026-05-18 12:14:40.467715,2026/05/18 12:14:40.515,3,NVIDIA A100-SXM-64GB,165.57,31846,100
7808,2026-05-18 12:14:45.554507,2026/05/18 12:14:45.594,0,NVIDIA A100-SXM-64GB,152.71,31904,99
7809,2026-05-18 12:14:45.554507,2026/05/18 12:14:45.598,1,NVIDIA A100-SXM-64GB,140.03,31922,98
7810,2026-05-18 12:14:45.554507,2026/05/18 12:14:45.601,2,NVIDIA A100-SXM-64GB,152.26,31912,99
7811,2026-05-18 12:14:45.554507,2026/05/18 12:14:45.603,3,NVIDIA A100-SXM-64GB,142.61,31846,100
7812,2026-05-18 12:14:50.644170,2026/05/18 12:14:50.683,0,NVIDIA A100-SXM-64GB,153.60,31904,98
7813,2026-05-18 12:14:50.644170,2026/05/18 12:14:50.686,1,NVIDIA A100-SXM-64GB,142.17,31922,98
7814,2026-05-18 12:14:50.644170,2026/05/18 12:14:50.688,2,NVIDIA A100-SXM-64GB,148.29,31912,98
7815,2026-05-18 12:14:50.644170,2026/05/18 12:14:50.691,3,NVIDIA A100-SXM-64GB,143.82,31846,100
7816,2026-05-18 12:14:55.730190,2026/05/18 12:14:55.781,0,NVIDIA A100-SXM-64GB,158.04,31904,100
7817,2026-05-18 12:14:55.730190,2026/05/18 12:14:55.783,1,NVIDIA A100-SXM-64GB,160.51,31922,100
7818,2026-05-18 12:14:55.730190,2026/05/18 12:14:55.788,2,NVIDIA A100-SXM-64GB,168.15,31912,100
7819,2026-05-18 12:14:55.730190,2026/05/18 12:14:55.790,3,NVIDIA A100-SXM-64GB,145.51,31846,100
7820,2026-05-18 12:15:00.830431,2026/05/18 12:15:00.870,0,NVIDIA A100-SXM-64GB,147.33,31904,100
7821,2026-05-18 12:15:00.830431,2026/05/18 12:15:00.872,1,NVIDIA A100-SXM-64GB,202.41,31922,98
7822,2026-05-18 12:15:00.830431,2026/05/18 12:15:00.875,2,NVIDIA A100-SXM-64GB,154.23,31912,100
7823,2026-05-18 12:15:00.830431,2026/05/18 12:15:00.877,3,NVIDIA A100-SXM-64GB,183.09,31846,100
7824,2026-05-18 12:15:05.917684,2026/05/18 12:15:05.957,0,NVIDIA A100-SXM-64GB,179.87,31904,100
7825,2026-05-18 12:15:05.917684,2026/05/18 12:15:05.960,1,NVIDIA A100-SXM-64GB,143.98,31922,100
7826,2026-05-18 12:15:05.917684,2026/05/18 12:15:05.962,2,NVIDIA A100-SXM-64GB,169.09,31912,100
7827,2026-05-18 12:15:05.917684,2026/05/18 12:15:05.965,3,NVIDIA A100-SXM-64GB,151.80,31846,100
7828,2026-05-18 12:15:11.004541,2026/05/18 12:15:11.044,0,NVIDIA A100-SXM-64GB,151.34,31904,98
7829,2026-05-18 12:15:11.004541,2026/05/18 12:15:11.049,1,NVIDIA A100-SXM-64GB,141.56,31922,98
7830,2026-05-18 12:15:11.004541,2026/05/18 12:15:11.052,2,NVIDIA A100-SXM-64GB,153.19,31912,100
7831,2026-05-18 12:15:11.004541,2026/05/18 12:15:11.054,3,NVIDIA A100-SXM-64GB,145.96,31846,100
7832,2026-05-18 12:15:16.094682,2026/05/18 12:15:16.134,0,NVIDIA A100-SXM-64GB,152.22,31904,100
7833,2026-05-18 12:15:16.094682,2026/05/18 12:15:16.136,1,NVIDIA A100-SXM-64GB,157.16,31922,99
7834,2026-05-18 12:15:16.094682,2026/05/18 12:15:16.139,2,NVIDIA A100-SXM-64GB,153.62,31912,100
7835,2026-05-18 12:15:16.094682,2026/05/18 12:15:16.142,3,NVIDIA A100-SXM-64GB,162.98,31846,100
7836,2026-05-18 12:15:21.184188,2026/05/18 12:15:21.224,0,NVIDIA A100-SXM-64GB,157.00,31904,98
7837,2026-05-18 12:15:21.184188,2026/05/18 12:15:21.227,1,NVIDIA A100-SXM-64GB,145.84,31922,98
7838,2026-05-18 12:15:21.184188,2026/05/18 12:15:21.230,2,NVIDIA A100-SXM-64GB,153.19,31912,99
7839,2026-05-18 12:15:21.184188,2026/05/18 12:15:21.233,3,NVIDIA A100-SXM-64GB,141.34,31846,98
7840,2026-05-18 12:15:26.272558,2026/05/18 12:15:26.312,0,NVIDIA A100-SXM-64GB,154.53,31904,98
7841,2026-05-18 12:15:26.272558,2026/05/18 12:15:26.315,1,NVIDIA A100-SXM-64GB,141.24,31922,98
7842,2026-05-18 12:15:26.272558,2026/05/18 12:15:26.317,2,NVIDIA A100-SXM-64GB,153.79,31912,98
7843,2026-05-18 12:15:26.272558,2026/05/18 12:15:26.320,3,NVIDIA A100-SXM-64GB,143.48,31846,98
7844,2026-05-18 12:15:31.359759,2026/05/18 12:15:31.399,0,NVIDIA A100-SXM-64GB,163.09,31904,100
7845,2026-05-18 12:15:31.359759,2026/05/18 12:15:31.401,1,NVIDIA A100-SXM-64GB,161.72,31922,100
7846,2026-05-18 12:15:31.359759,2026/05/18 12:15:31.404,2,NVIDIA A100-SXM-64GB,161.44,31912,100
7847,2026-05-18 12:15:31.359759,2026/05/18 12:15:31.406,3,NVIDIA A100-SXM-64GB,158.85,31846,100
7848,2026-05-18 12:15:36.450866,2026/05/18 12:15:36.490,0,NVIDIA A100-SXM-64GB,174.06,31904,100
7849,2026-05-18 12:15:36.450866,2026/05/18 12:15:36.492,1,NVIDIA A100-SXM-64GB,153.48,31922,100
7850,2026-05-18 12:15:36.450866,2026/05/18 12:15:36.495,2,NVIDIA A100-SXM-64GB,191.57,31912,100
7851,2026-05-18 12:15:36.450866,2026/05/18 12:15:36.499,3,NVIDIA A100-SXM-64GB,147.18,31846,100
7852,2026-05-18 12:15:41.539405,2026/05/18 12:15:41.579,0,NVIDIA A100-SXM-64GB,168.15,31904,100
7853,2026-05-18 12:15:41.539405,2026/05/18 12:15:41.581,1,NVIDIA A100-SXM-64GB,168.47,31922,100
7854,2026-05-18 12:15:41.539405,2026/05/18 12:15:41.584,2,NVIDIA A100-SXM-64GB,163.26,31912,100
7855,2026-05-18 12:15:41.539405,2026/05/18 12:15:41.587,3,NVIDIA A100-SXM-64GB,161.94,31846,100
7856,2026-05-18 12:15:46.627227,2026/05/18 12:15:46.678,0,NVIDIA A100-SXM-64GB,155.13,31904,100
7857,2026-05-18 12:15:46.627227,2026/05/18 12:15:46.680,1,NVIDIA A100-SXM-64GB,185.36,31922,100
7858,2026-05-18 12:15:46.627227,2026/05/18 12:15:46.683,2,NVIDIA A100-SXM-64GB,152.26,31912,98
7859,2026-05-18 12:15:46.627227,2026/05/18 12:15:46.685,3,NVIDIA A100-SXM-64GB,179.40,31846,98
7860,2026-05-18 12:15:51.725682,2026/05/18 12:15:51.765,0,NVIDIA A100-SXM-64GB,179.27,31904,100
7861,2026-05-18 12:15:51.725682,2026/05/18 12:15:51.768,1,NVIDIA A100-SXM-64GB,183.22,31922,100
7862,2026-05-18 12:15:51.725682,2026/05/18 12:15:51.773,2,NVIDIA A100-SXM-64GB,184.53,31912,100
7863,2026-05-18 12:15:51.725682,2026/05/18 12:15:51.778,3,NVIDIA A100-SXM-64GB,181.96,31846,100
7864,2026-05-18 12:15:56.818379,2026/05/18 12:15:56.858,0,NVIDIA A100-SXM-64GB,150.85,31904,98
7865,2026-05-18 12:15:56.818379,2026/05/18 12:15:56.860,1,NVIDIA A100-SXM-64GB,146.45,31922,100
7866,2026-05-18 12:15:56.818379,2026/05/18 12:15:56.863,2,NVIDIA A100-SXM-64GB,125.56,31912,98
7867,2026-05-18 12:15:56.818379,2026/05/18 12:15:56.865,3,NVIDIA A100-SXM-64GB,147.18,31846,98
7868,2026-05-18 12:16:01.907397,2026/05/18 12:16:01.959,0,NVIDIA A100-SXM-64GB,186.02,31904,100
7869,2026-05-18 12:16:01.907397,2026/05/18 12:16:01.961,1,NVIDIA A100-SXM-64GB,171.04,31922,100
7870,2026-05-18 12:16:01.907397,2026/05/18 12:16:01.964,2,NVIDIA A100-SXM-64GB,182.90,31912,100
7871,2026-05-18 12:16:01.907397,2026/05/18 12:16:01.966,3,NVIDIA A100-SXM-64GB,159.79,31846,100
7872,2026-05-18 12:16:07.006918,2026/05/18 12:16:07.046,0,NVIDIA A100-SXM-64GB,160.02,31904,100
7873,2026-05-18 12:16:07.006918,2026/05/18 12:16:07.048,1,NVIDIA A100-SXM-64GB,179.87,31922,100
7874,2026-05-18 12:16:07.006918,2026/05/18 12:16:07.051,2,NVIDIA A100-SXM-64GB,171.84,31912,100
7875,2026-05-18 12:16:07.006918,2026/05/18 12:16:07.053,3,NVIDIA A100-SXM-64GB,162.21,31846,100
7876,2026-05-18 12:16:12.093773,2026/05/18 12:16:12.133,0,NVIDIA A100-SXM-64GB,190.90,31904,100
7877,2026-05-18 12:16:12.093773,2026/05/18 12:16:12.135,1,NVIDIA A100-SXM-64GB,168.15,31922,100
7878,2026-05-18 12:16:12.093773,2026/05/18 12:16:12.139,2,NVIDIA A100-SXM-64GB,191.48,31912,100
7879,2026-05-18 12:16:12.093773,2026/05/18 12:16:12.142,3,NVIDIA A100-SXM-64GB,178.19,31846,100
7880,2026-05-18 12:16:17.182040,2026/05/18 12:16:17.221,0,NVIDIA A100-SXM-64GB,156.67,31904,100
7881,2026-05-18 12:16:17.182040,2026/05/18 12:16:17.223,1,NVIDIA A100-SXM-64GB,150.41,31922,100
7882,2026-05-18 12:16:17.182040,2026/05/18 12:16:17.226,2,NVIDIA A100-SXM-64GB,168.49,31912,100
7883,2026-05-18 12:16:17.182040,2026/05/18 12:16:17.231,3,NVIDIA A100-SXM-64GB,156.38,31846,100
7884,2026-05-18 12:16:22.277739,2026/05/18 12:16:22.317,0,NVIDIA A100-SXM-64GB,192.10,31904,100
7885,2026-05-18 12:16:22.277739,2026/05/18 12:16:22.319,1,NVIDIA A100-SXM-64GB,142.17,31922,100
7886,2026-05-18 12:16:22.277739,2026/05/18 12:16:22.322,2,NVIDIA A100-SXM-64GB,153.47,31912,100
7887,2026-05-18 12:16:22.277739,2026/05/18 12:16:22.325,3,NVIDIA A100-SXM-64GB,145.36,31846,98
7888,2026-05-18 12:16:27.364688,2026/05/18 12:16:27.404,0,NVIDIA A100-SXM-64GB,188.15,31904,100
7889,2026-05-18 12:16:27.364688,2026/05/18 12:16:27.406,1,NVIDIA A100-SXM-64GB,157.76,31922,100
7890,2026-05-18 12:16:27.364688,2026/05/18 12:16:27.409,2,NVIDIA A100-SXM-64GB,171.24,31912,100
7891,2026-05-18 12:16:27.364688,2026/05/18 12:16:27.411,3,NVIDIA A100-SXM-64GB,169.87,31846,100
7892,2026-05-18 12:16:32.451668,2026/05/18 12:16:32.491,0,NVIDIA A100-SXM-64GB,158.48,31904,100
7893,2026-05-18 12:16:32.451668,2026/05/18 12:16:32.494,1,NVIDIA A100-SXM-64GB,139.09,31922,100
7894,2026-05-18 12:16:32.451668,2026/05/18 12:16:32.498,2,NVIDIA A100-SXM-64GB,150.43,31912,98
7895,2026-05-18 12:16:32.451668,2026/05/18 12:16:32.501,3,NVIDIA A100-SXM-64GB,142.61,31846,98
7896,2026-05-18 12:16:37.540429,2026/05/18 12:16:37.580,0,NVIDIA A100-SXM-64GB,157.43,31904,98
7897,2026-05-18 12:16:37.540429,2026/05/18 12:16:37.582,1,NVIDIA A100-SXM-64GB,143.71,31922,100
7898,2026-05-18 12:16:37.540429,2026/05/18 12:16:37.585,2,NVIDIA A100-SXM-64GB,152.41,31912,98
7899,2026-05-18 12:16:37.540429,2026/05/18 12:16:37.588,3,NVIDIA A100-SXM-64GB,143.97,31846,98
7900,2026-05-18 12:16:42.629493,2026/05/18 12:16:42.669,0,NVIDIA A100-SXM-64GB,186.62,31904,100
7901,2026-05-18 12:16:42.629493,2026/05/18 12:16:42.672,1,NVIDIA A100-SXM-64GB,180.21,31922,100
7902,2026-05-18 12:16:42.629493,2026/05/18 12:16:42.676,2,NVIDIA A100-SXM-64GB,168.49,31912,100
7903,2026-05-18 12:16:42.629493,2026/05/18 12:16:42.679,3,NVIDIA A100-SXM-64GB,167.11,31846,100
7904,2026-05-18 12:16:47.719271,2026/05/18 12:16:47.771,0,NVIDIA A100-SXM-64GB,195.17,31904,100
7905,2026-05-18 12:16:47.719271,2026/05/18 12:16:47.773,1,NVIDIA A100-SXM-64GB,156.83,31922,100
7906,2026-05-18 12:16:47.719271,2026/05/18 12:16:47.777,2,NVIDIA A100-SXM-64GB,139.99,31912,98
7907,2026-05-18 12:16:47.719271,2026/05/18 12:16:47.780,3,NVIDIA A100-SXM-64GB,165.30,31846,98
7908,2026-05-18 12:16:52.820307,2026/05/18 12:16:52.860,0,NVIDIA A100-SXM-64GB,167.04,31904,100
7909,2026-05-18 12:16:52.820307,2026/05/18 12:16:52.867,1,NVIDIA A100-SXM-64GB,169.78,31922,100
7910,2026-05-18 12:16:52.820307,2026/05/18 12:16:52.869,2,NVIDIA A100-SXM-64GB,166.34,31912,100
7911,2026-05-18 12:16:52.820307,2026/05/18 12:16:52.872,3,NVIDIA A100-SXM-64GB,188.73,31846,100
7912,2026-05-18 12:16:57.912404,2026/05/18 12:16:57.964,0,NVIDIA A100-SXM-64GB,149.32,31904,98
7913,2026-05-18 12:16:57.912404,2026/05/18 12:16:57.967,1,NVIDIA A100-SXM-64GB,142.44,31922,98
7914,2026-05-18 12:16:57.912404,2026/05/18 12:16:57.970,2,NVIDIA A100-SXM-64GB,153.79,31912,98
7915,2026-05-18 12:16:57.912404,2026/05/18 12:16:57.972,3,NVIDIA A100-SXM-64GB,147.51,31846,98
7916,2026-05-18 12:17:03.012369,2026/05/18 12:17:03.052,0,NVIDIA A100-SXM-64GB,156.83,31904,97
7917,2026-05-18 12:17:03.012369,2026/05/18 12:17:03.055,1,NVIDIA A100-SXM-64GB,142.44,31922,97
7918,2026-05-18 12:17:03.012369,2026/05/18 12:17:03.059,2,NVIDIA A100-SXM-64GB,152.08,31912,97
7919,2026-05-18 12:17:03.012369,2026/05/18 12:17:03.061,3,NVIDIA A100-SXM-64GB,149.81,31846,97
7920,2026-05-18 12:17:08.102098,2026/05/18 12:17:08.141,0,NVIDIA A100-SXM-64GB,181.41,31904,100
7921,2026-05-18 12:17:08.102098,2026/05/18 12:17:08.144,1,NVIDIA A100-SXM-64GB,191.18,31922,100
7922,2026-05-18 12:17:08.102098,2026/05/18 12:17:08.146,2,NVIDIA A100-SXM-64GB,175.86,31912,100
7923,2026-05-18 12:17:08.102098,2026/05/18 12:17:08.149,3,NVIDIA A100-SXM-64GB,173.56,31846,100
7924,2026-05-18 12:17:13.189811,2026/05/18 12:17:13.241,0,NVIDIA A100-SXM-64GB,174.38,31904,98
7925,2026-05-18 12:17:13.189811,2026/05/18 12:17:13.243,1,NVIDIA A100-SXM-64GB,132.67,31922,98
7926,2026-05-18 12:17:13.189811,2026/05/18 12:17:13.247,2,NVIDIA A100-SXM-64GB,175.53,31912,100
7927,2026-05-18 12:17:13.189811,2026/05/18 12:17:13.249,3,NVIDIA A100-SXM-64GB,138.59,31846,100
7928,2026-05-18 12:17:18.289788,2026/05/18 12:17:18.329,0,NVIDIA A100-SXM-64GB,178.66,31904,100
7929,2026-05-18 12:17:18.289788,2026/05/18 12:17:18.332,1,NVIDIA A100-SXM-64GB,169.68,31922,100
7930,2026-05-18 12:17:18.289788,2026/05/18 12:17:18.334,2,NVIDIA A100-SXM-64GB,166.94,31912,100
7931,2026-05-18 12:17:18.289788,2026/05/18 12:17:18.337,3,NVIDIA A100-SXM-64GB,155.49,31846,100
7932,2026-05-18 12:17:23.376732,2026/05/18 12:17:23.416,0,NVIDIA A100-SXM-64GB,196.38,31904,100
7933,2026-05-18 12:17:23.376732,2026/05/18 12:17:23.418,1,NVIDIA A100-SXM-64GB,187.50,31922,100
7934,2026-05-18 12:17:23.376732,2026/05/18 12:17:23.421,2,NVIDIA A100-SXM-64GB,175.86,31912,100
7935,2026-05-18 12:17:23.376732,2026/05/18 12:17:23.424,3,NVIDIA A100-SXM-64GB,176.92,31846,100
7936,2026-05-18 12:17:28.463788,2026/05/18 12:17:28.503,0,NVIDIA A100-SXM-64GB,159.74,31904,100
7937,2026-05-18 12:17:28.463788,2026/05/18 12:17:28.506,1,NVIDIA A100-SXM-64GB,145.19,31922,100
7938,2026-05-18 12:17:28.463788,2026/05/18 12:17:28.508,2,NVIDIA A100-SXM-64GB,167.28,31912,100
7939,2026-05-18 12:17:28.463788,2026/05/18 12:17:28.513,3,NVIDIA A100-SXM-64GB,175.44,31846,100
7940,2026-05-18 12:17:33.552827,2026/05/18 12:17:33.592,0,NVIDIA A100-SXM-64GB,196.05,31904,100
7941,2026-05-18 12:17:33.552827,2026/05/18 12:17:33.594,1,NVIDIA A100-SXM-64GB,187.50,31922,100
7942,2026-05-18 12:17:33.552827,2026/05/18 12:17:33.597,2,NVIDIA A100-SXM-64GB,147.96,31912,100
7943,2026-05-18 12:17:33.552827,2026/05/18 12:17:33.599,3,NVIDIA A100-SXM-64GB,166.18,31846,100
7944,2026-05-18 12:17:38.639348,2026/05/18 12:17:38.679,0,NVIDIA A100-SXM-64GB,179.60,31904,100
7945,2026-05-18 12:17:38.639348,2026/05/18 12:17:38.681,1,NVIDIA A100-SXM-64GB,176.38,31922,100
7946,2026-05-18 12:17:38.639348,2026/05/18 12:17:38.687,2,NVIDIA A100-SXM-64GB,178.28,31912,100
7947,2026-05-18 12:17:38.639348,2026/05/18 12:17:38.690,3,NVIDIA A100-SXM-64GB,162.54,31846,100
7948,2026-05-18 12:17:43.730534,2026/05/18 12:17:43.773,0,NVIDIA A100-SXM-64GB,152.22,31904,98
7949,2026-05-18 12:17:43.730534,2026/05/18 12:17:43.775,1,NVIDIA A100-SXM-64GB,148.26,31922,98
7950,2026-05-18 12:17:43.730534,2026/05/18 12:17:43.778,2,NVIDIA A100-SXM-64GB,152.26,31912,100
7951,2026-05-18 12:17:43.730534,2026/05/18 12:17:43.780,3,NVIDIA A100-SXM-64GB,146.57,31846,98
7952,2026-05-18 12:17:48.820883,2026/05/18 12:17:48.860,0,NVIDIA A100-SXM-64GB,98.23,31904,98
7953,2026-05-18 12:17:48.820883,2026/05/18 12:17:48.863,1,NVIDIA A100-SXM-64GB,82.62,31922,98
7954,2026-05-18 12:17:48.820883,2026/05/18 12:17:48.867,2,NVIDIA A100-SXM-64GB,88.90,31912,58
7955,2026-05-18 12:17:48.820883,2026/05/18 12:17:48.870,3,NVIDIA A100-SXM-64GB,89.42,31846,69
7956,2026-05-18 12:17:53.913038,2026/05/18 12:17:53.952,0,NVIDIA A100-SXM-64GB,165.57,31904,100
7957,2026-05-18 12:17:53.913038,2026/05/18 12:17:53.955,1,NVIDIA A100-SXM-64GB,157.60,31922,100
7958,2026-05-18 12:17:53.913038,2026/05/18 12:17:53.957,2,NVIDIA A100-SXM-64GB,153.01,31912,100
7959,2026-05-18 12:17:53.913038,2026/05/18 12:17:53.959,3,NVIDIA A100-SXM-64GB,147.66,31846,100
7960,2026-05-18 12:17:59.000070,2026/05/18 12:17:59.039,0,NVIDIA A100-SXM-64GB,176.20,31904,100
7961,2026-05-18 12:17:59.000070,2026/05/18 12:17:59.042,1,NVIDIA A100-SXM-64GB,177.65,31922,100
7962,2026-05-18 12:17:59.000070,2026/05/18 12:17:59.044,2,NVIDIA A100-SXM-64GB,194.52,31912,100
7963,2026-05-18 12:17:59.000070,2026/05/18 12:17:59.047,3,NVIDIA A100-SXM-64GB,184.63,31846,100
7964,2026-05-18 12:18:04.087183,2026/05/18 12:18:04.126,0,NVIDIA A100-SXM-64GB,154.86,31904,100
7965,2026-05-18 12:18:04.087183,2026/05/18 12:18:04.131,1,NVIDIA A100-SXM-64GB,145.84,31922,100
7966,2026-05-18 12:18:04.087183,2026/05/18 12:18:04.134,2,NVIDIA A100-SXM-64GB,177.07,31912,100
7967,2026-05-18 12:18:04.087183,2026/05/18 12:18:04.139,3,NVIDIA A100-SXM-64GB,160.67,31846,100
7968,2026-05-18 12:18:09.179643,2026/05/18 12:18:09.219,0,NVIDIA A100-SXM-64GB,150.41,31904,100
7969,2026-05-18 12:18:09.179643,2026/05/18 12:18:09.221,1,NVIDIA A100-SXM-64GB,148.26,31922,100
7970,2026-05-18 12:18:09.179643,2026/05/18 12:18:09.224,2,NVIDIA A100-SXM-64GB,147.96,31912,98
7971,2026-05-18 12:18:09.179643,2026/05/18 12:18:09.226,3,NVIDIA A100-SXM-64GB,142.00,31846,98
7972,2026-05-18 12:18:14.270156,2026/05/18 12:18:14.309,0,NVIDIA A100-SXM-64GB,154.36,31904,98
7973,2026-05-18 12:18:14.270156,2026/05/18 12:18:14.314,1,NVIDIA A100-SXM-64GB,140.30,31922,100
7974,2026-05-18 12:18:14.270156,2026/05/18 12:18:14.316,2,NVIDIA A100-SXM-64GB,147.35,31912,96
7975,2026-05-18 12:18:14.270156,2026/05/18 12:18:14.320,3,NVIDIA A100-SXM-64GB,145.96,31846,97
7976,2026-05-18 12:18:19.360674,2026/05/18 12:18:19.400,0,NVIDIA A100-SXM-64GB,174.06,31904,100
7977,2026-05-18 12:18:19.360674,2026/05/18 12:18:19.402,1,NVIDIA A100-SXM-64GB,187.42,31922,100
7978,2026-05-18 12:18:19.360674,2026/05/18 12:18:19.405,2,NVIDIA A100-SXM-64GB,179.49,31912,100
7979,2026-05-18 12:18:19.360674,2026/05/18 12:18:19.407,3,NVIDIA A100-SXM-64GB,188.93,31846,100
7980,2026-05-18 12:18:24.450560,2026/05/18 12:18:24.490,0,NVIDIA A100-SXM-64GB,142.44,31904,100
7981,2026-05-18 12:18:24.450560,2026/05/18 12:18:24.493,1,NVIDIA A100-SXM-64GB,132.40,31922,100
7982,2026-05-18 12:18:24.450560,2026/05/18 12:18:24.495,2,NVIDIA A100-SXM-64GB,178.28,31912,100
7983,2026-05-18 12:18:24.450560,2026/05/18 12:18:24.498,3,NVIDIA A100-SXM-64GB,140.60,31846,98
7984,2026-05-18 12:18:29.538744,2026/05/18 12:18:29.578,0,NVIDIA A100-SXM-64GB,166.60,31904,100
7985,2026-05-18 12:18:29.538744,2026/05/18 12:18:29.580,1,NVIDIA A100-SXM-64GB,152.87,31922,100
7986,2026-05-18 12:18:29.538744,2026/05/18 12:18:29.583,2,NVIDIA A100-SXM-64GB,156.82,31912,100
7987,2026-05-18 12:18:29.538744,2026/05/18 12:18:29.585,3,NVIDIA A100-SXM-64GB,160.40,31846,100
7988,2026-05-18 12:18:34.626022,2026/05/18 12:18:34.665,0,NVIDIA A100-SXM-64GB,173.79,31904,100
7989,2026-05-18 12:18:34.626022,2026/05/18 12:18:34.668,1,NVIDIA A100-SXM-64GB,163.58,31922,100
7990,2026-05-18 12:18:34.626022,2026/05/18 12:18:34.670,2,NVIDIA A100-SXM-64GB,175.26,31912,100
7991,2026-05-18 12:18:34.626022,2026/05/18 12:18:34.673,3,NVIDIA A100-SXM-64GB,163.43,31846,100
7992,2026-05-18 12:18:39.713982,2026/05/18 12:18:39.754,0,NVIDIA A100-SXM-64GB,175.17,31904,100
7993,2026-05-18 12:18:39.713982,2026/05/18 12:18:39.759,1,NVIDIA A100-SXM-64GB,164.63,31922,100
7994,2026-05-18 12:18:39.713982,2026/05/18 12:18:39.762,2,NVIDIA A100-SXM-64GB,162.38,31912,100
7995,2026-05-18 12:18:39.713982,2026/05/18 12:18:39.765,3,NVIDIA A100-SXM-64GB,178.46,31846,100
7996,2026-05-18 12:18:44.805729,2026/05/18 12:18:44.850,0,NVIDIA A100-SXM-64GB,95.15,31904,35
7997,2026-05-18 12:18:44.805729,2026/05/18 12:18:44.852,1,NVIDIA A100-SXM-64GB,81.76,31922,40
7998,2026-05-18 12:18:44.805729,2026/05/18 12:18:44.855,2,NVIDIA A100-SXM-64GB,88.71,31912,78
7999,2026-05-18 12:18:44.805729,2026/05/18 12:18:44.858,3,NVIDIA A100-SXM-64GB,87.54,31846,0
8000,2026-05-18 12:18:49.902997,2026/05/18 12:18:49.942,0,NVIDIA A100-SXM-64GB,156.34,31904,97
8001,2026-05-18 12:18:49.902997,2026/05/18 12:18:49.944,1,NVIDIA A100-SXM-64GB,144.92,31922,97
8002,2026-05-18 12:18:49.902997,2026/05/18 12:18:49.947,2,NVIDIA A100-SXM-64GB,151.32,31912,98
8003,2026-05-18 12:18:49.902997,2026/05/18 12:18:49.950,3,NVIDIA A100-SXM-64GB,145.03,31846,97
8004,2026-05-18 12:18:54.994506,2026/05/18 12:18:55.034,0,NVIDIA A100-SXM-64GB,191.50,31904,100
8005,2026-05-18 12:18:54.994506,2026/05/18 12:18:55.039,1,NVIDIA A100-SXM-64GB,176.20,31922,100
8006,2026-05-18 12:18:54.994506,2026/05/18 12:18:55.042,2,NVIDIA A100-SXM-64GB,190.55,31912,100
8007,2026-05-18 12:18:54.994506,2026/05/18 12:18:55.044,3,NVIDIA A100-SXM-64GB,183.97,31846,100
8008,2026-05-18 12:19:00.084506,2026/05/18 12:19:00.124,0,NVIDIA A100-SXM-64GB,165.50,31904,100
8009,2026-05-18 12:19:00.084506,2026/05/18 12:19:00.127,1,NVIDIA A100-SXM-64GB,167.21,31922,100
8010,2026-05-18 12:19:00.084506,2026/05/18 12:19:00.129,2,NVIDIA A100-SXM-64GB,173.71,31912,100
8011,2026-05-18 12:19:00.084506,2026/05/18 12:19:00.132,3,NVIDIA A100-SXM-64GB,137.98,31846,100
8012,2026-05-18 12:19:05.176741,2026/05/18 12:19:05.216,0,NVIDIA A100-SXM-64GB,180.05,31904,100
8013,2026-05-18 12:19:05.176741,2026/05/18 12:19:05.218,1,NVIDIA A100-SXM-64GB,173.96,31922,100
8014,2026-05-18 12:19:05.176741,2026/05/18 12:19:05.222,2,NVIDIA A100-SXM-64GB,171.74,31912,100
8015,2026-05-18 12:19:05.176741,2026/05/18 12:19:05.225,3,NVIDIA A100-SXM-64GB,172.35,31846,100
8016,2026-05-18 12:19:10.265462,2026/05/18 12:19:10.305,0,NVIDIA A100-SXM-64GB,182.61,31904,100
8017,2026-05-18 12:19:10.265462,2026/05/18 12:19:10.307,1,NVIDIA A100-SXM-64GB,183.88,31922,100
8018,2026-05-18 12:19:10.265462,2026/05/18 12:19:10.310,2,NVIDIA A100-SXM-64GB,195.12,31912,100
8019,2026-05-18 12:19:10.265462,2026/05/18 12:19:10.312,3,NVIDIA A100-SXM-64GB,173.29,31846,100
8020,2026-05-18 12:19:15.355165,2026/05/18 12:19:15.406,0,NVIDIA A100-SXM-64GB,168.90,31904,100
8021,2026-05-18 12:19:15.355165,2026/05/18 12:19:15.408,1,NVIDIA A100-SXM-64GB,170.61,31922,100
8022,2026-05-18 12:19:15.355165,2026/05/18 12:19:15.411,2,NVIDIA A100-SXM-64GB,164.19,31912,100
8023,2026-05-18 12:19:15.355165,2026/05/18 12:19:15.413,3,NVIDIA A100-SXM-64GB,162.21,31846,100
8024,2026-05-18 12:19:20.453915,2026/05/18 12:19:20.493,0,NVIDIA A100-SXM-64GB,153.92,31904,98
8025,2026-05-18 12:19:20.453915,2026/05/18 12:19:20.496,1,NVIDIA A100-SXM-64GB,147.66,31922,98
8026,2026-05-18 12:19:20.453915,2026/05/18 12:19:20.498,2,NVIDIA A100-SXM-64GB,153.19,31912,98
8027,2026-05-18 12:19:20.453915,2026/05/18 12:19:20.501,3,NVIDIA A100-SXM-64GB,144.15,31846,98
8028,2026-05-18 12:19:25.541555,2026/05/18 12:19:25.581,0,NVIDIA A100-SXM-64GB,151.94,31904,97
8029,2026-05-18 12:19:25.541555,2026/05/18 12:19:25.583,1,NVIDIA A100-SXM-64GB,146.88,31922,97
8030,2026-05-18 12:19:25.541555,2026/05/18 12:19:25.586,2,NVIDIA A100-SXM-64GB,153.01,31912,100
8031,2026-05-18 12:19:25.541555,2026/05/18 12:19:25.588,3,NVIDIA A100-SXM-64GB,147.05,31846,99
8032,2026-05-18 12:19:30.631353,2026/05/18 12:19:30.671,0,NVIDIA A100-SXM-64GB,189.36,31904,100
8033,2026-05-18 12:19:30.631353,2026/05/18 12:19:30.674,1,NVIDIA A100-SXM-64GB,175.50,31922,100
8034,2026-05-18 12:19:30.631353,2026/05/18 12:19:30.676,2,NVIDIA A100-SXM-64GB,195.12,31912,100
8035,2026-05-18 12:19:30.631353,2026/05/18 12:19:30.679,3,NVIDIA A100-SXM-64GB,176.92,31846,100
8036,2026-05-18 12:19:35.719797,2026/05/18 12:19:35.771,0,NVIDIA A100-SXM-64GB,152.22,31904,98
8037,2026-05-18 12:19:35.719797,2026/05/18 12:19:35.773,1,NVIDIA A100-SXM-64GB,136.68,31922,98
8038,2026-05-18 12:19:35.719797,2026/05/18 12:19:35.776,2,NVIDIA A100-SXM-64GB,151.32,31912,100
8039,2026-05-18 12:19:35.719797,2026/05/18 12:19:35.778,3,NVIDIA A100-SXM-64GB,140.73,31846,100
8040,2026-05-18 12:19:40.819357,2026/05/18 12:19:40.859,0,NVIDIA A100-SXM-64GB,155.62,31904,35
8041,2026-05-18 12:19:40.819357,2026/05/18 12:19:40.861,1,NVIDIA A100-SXM-64GB,139.70,31922,24
8042,2026-05-18 12:19:40.819357,2026/05/18 12:19:40.864,2,NVIDIA A100-SXM-64GB,148.90,31912,2
8043,2026-05-18 12:19:40.819357,2026/05/18 12:19:40.866,3,NVIDIA A100-SXM-64GB,144.42,31846,55
8044,2026-05-18 12:19:45.907249,2026/05/18 12:19:45.947,0,NVIDIA A100-SXM-64GB,175.59,31904,100
8045,2026-05-18 12:19:45.907249,2026/05/18 12:19:45.949,1,NVIDIA A100-SXM-64GB,171.49,31922,100
8046,2026-05-18 12:19:45.907249,2026/05/18 12:19:45.954,2,NVIDIA A100-SXM-64GB,171.24,31912,100
8047,2026-05-18 12:19:45.907249,2026/05/18 12:19:45.956,3,NVIDIA A100-SXM-64GB,142.88,31846,100
8048,2026-05-18 12:19:50.996971,2026/05/18 12:19:51.036,0,NVIDIA A100-SXM-64GB,187.23,31904,100
8049,2026-05-18 12:19:50.996971,2026/05/18 12:19:51.038,1,NVIDIA A100-SXM-64GB,160.18,31922,100
8050,2026-05-18 12:19:50.996971,2026/05/18 12:19:51.042,2,NVIDIA A100-SXM-64GB,159.63,31912,100
8051,2026-05-18 12:19:50.996971,2026/05/18 12:19:51.044,3,NVIDIA A100-SXM-64GB,172.35,31846,100
8052,2026-05-18 12:19:56.085404,2026/05/18 12:19:56.125,0,NVIDIA A100-SXM-64GB,157.87,31904,98
8053,2026-05-18 12:19:56.085404,2026/05/18 12:19:56.128,1,NVIDIA A100-SXM-64GB,147.05,31922,98
8054,2026-05-18 12:19:56.085404,2026/05/18 12:19:56.130,2,NVIDIA A100-SXM-64GB,153.79,31912,98
8055,2026-05-18 12:19:56.085404,2026/05/18 12:19:56.133,3,NVIDIA A100-SXM-64GB,147.51,31846,99
8056,2026-05-18 12:20:01.173660,2026/05/18 12:20:01.213,0,NVIDIA A100-SXM-64GB,153.60,31904,99
8057,2026-05-18 12:20:01.173660,2026/05/18 12:20:01.218,1,NVIDIA A100-SXM-64GB,148.59,31922,97
8058,2026-05-18 12:20:01.173660,2026/05/18 12:20:01.220,2,NVIDIA A100-SXM-64GB,151.04,31912,97
8059,2026-05-18 12:20:01.173660,2026/05/18 12:20:01.223,3,NVIDIA A100-SXM-64GB,145.36,31846,100
8060,2026-05-18 12:20:06.263558,2026/05/18 12:20:06.303,0,NVIDIA A100-SXM-64GB,190.98,31904,100
8061,2026-05-18 12:20:06.263558,2026/05/18 12:20:06.305,1,NVIDIA A100-SXM-64GB,188.15,31922,100
8062,2026-05-18 12:20:06.263558,2026/05/18 12:20:06.308,2,NVIDIA A100-SXM-64GB,167.71,31912,100
8063,2026-05-18 12:20:06.263558,2026/05/18 12:20:06.310,3,NVIDIA A100-SXM-64GB,166.94,31846,100
8064,2026-05-18 12:20:11.351799,2026/05/18 12:20:11.391,0,NVIDIA A100-SXM-64GB,152.71,31904,100
8065,2026-05-18 12:20:11.351799,2026/05/18 12:20:11.394,1,NVIDIA A100-SXM-64GB,197.32,31922,100
8066,2026-05-18 12:20:11.351799,2026/05/18 12:20:11.396,2,NVIDIA A100-SXM-64GB,156.55,31912,100
8067,2026-05-18 12:20:11.351799,2026/05/18 12:20:11.400,3,NVIDIA A100-SXM-64GB,132.80,31846,100
8068,2026-05-18 12:20:16.441136,2026/05/18 12:20:16.480,0,NVIDIA A100-SXM-64GB,184.57,31904,100
8069,2026-05-18 12:20:16.441136,2026/05/18 12:20:16.484,1,NVIDIA A100-SXM-64GB,179.27,31922,100
8070,2026-05-18 12:20:16.441136,2026/05/18 12:20:16.486,2,NVIDIA A100-SXM-64GB,154.24,31912,100
8071,2026-05-18 12:20:16.441136,2026/05/18 12:20:16.489,3,NVIDIA A100-SXM-64GB,147.78,31846,100
8072,2026-05-18 12:20:21.532700,2026/05/18 12:20:21.573,0,NVIDIA A100-SXM-64GB,173.00,31904,100
8073,2026-05-18 12:20:21.532700,2026/05/18 12:20:21.575,1,NVIDIA A100-SXM-64GB,183.03,31922,100
8074,2026-05-18 12:20:21.532700,2026/05/18 12:20:21.578,2,NVIDIA A100-SXM-64GB,198.32,31912,100
8075,2026-05-18 12:20:21.532700,2026/05/18 12:20:21.581,3,NVIDIA A100-SXM-64GB,186.87,31846,100
8076,2026-05-18 12:20:26.622515,2026/05/18 12:20:26.662,0,NVIDIA A100-SXM-64GB,181.22,31904,100
8077,2026-05-18 12:20:26.622515,2026/05/18 12:20:26.667,1,NVIDIA A100-SXM-64GB,169.51,31922,100
8078,2026-05-18 12:20:26.622515,2026/05/18 12:20:26.670,2,NVIDIA A100-SXM-64GB,151.49,31912,100
8079,2026-05-18 12:20:26.622515,2026/05/18 12:20:26.672,3,NVIDIA A100-SXM-64GB,150.43,31846,100
8080,2026-05-18 12:20:31.714015,2026/05/18 12:20:31.754,0,NVIDIA A100-SXM-64GB,157.87,31904,98
8081,2026-05-18 12:20:31.714015,2026/05/18 12:20:31.757,1,NVIDIA A100-SXM-64GB,147.84,31922,100
8082,2026-05-18 12:20:31.714015,2026/05/18 12:20:31.760,2,NVIDIA A100-SXM-64GB,152.70,31912,98
8083,2026-05-18 12:20:31.714015,2026/05/18 12:20:31.764,3,NVIDIA A100-SXM-64GB,147.18,31846,98
8084,2026-05-18 12:20:36.805005,2026/05/18 12:20:36.844,0,NVIDIA A100-SXM-64GB,95.39,31904,48
8085,2026-05-18 12:20:36.805005,2026/05/18 12:20:36.849,1,NVIDIA A100-SXM-64GB,81.60,31922,66
8086,2026-05-18 12:20:36.805005,2026/05/18 12:20:36.853,2,NVIDIA A100-SXM-64GB,89.23,31912,97
8087,2026-05-18 12:20:36.805005,2026/05/18 12:20:36.855,3,NVIDIA A100-SXM-64GB,94.13,31846,40
8088,2026-05-18 12:20:41.896384,2026/05/18 12:20:41.936,0,NVIDIA A100-SXM-64GB,199.26,31904,100
8089,2026-05-18 12:20:41.896384,2026/05/18 12:20:41.939,1,NVIDIA A100-SXM-64GB,167.64,31922,100
8090,2026-05-18 12:20:41.896384,2026/05/18 12:20:41.941,2,NVIDIA A100-SXM-64GB,170.13,31912,100
8091,2026-05-18 12:20:41.896384,2026/05/18 12:20:41.944,3,NVIDIA A100-SXM-64GB,174.32,31846,100
8092,2026-05-18 12:20:46.985080,2026/05/18 12:20:47.024,0,NVIDIA A100-SXM-64GB,182.01,31904,100
8093,2026-05-18 12:20:46.985080,2026/05/18 12:20:47.029,1,NVIDIA A100-SXM-64GB,170.11,31922,100
8094,2026-05-18 12:20:46.985080,2026/05/18 12:20:47.032,2,NVIDIA A100-SXM-64GB,181.78,31912,100
8095,2026-05-18 12:20:46.985080,2026/05/18 12:20:47.034,3,NVIDIA A100-SXM-64GB,171.57,31846,100
8096,2026-05-18 12:20:52.075930,2026/05/18 12:20:52.115,0,NVIDIA A100-SXM-64GB,155.74,31904,98
8097,2026-05-18 12:20:52.075930,2026/05/18 12:20:52.117,1,NVIDIA A100-SXM-64GB,145.37,31922,100
8098,2026-05-18 12:20:52.075930,2026/05/18 12:20:52.120,2,NVIDIA A100-SXM-64GB,146.75,31912,100
8099,2026-05-18 12:20:52.075930,2026/05/18 12:20:52.122,3,NVIDIA A100-SXM-64GB,144.75,31846,98
8100,2026-05-18 12:20:57.163797,2026/05/18 12:20:57.203,0,NVIDIA A100-SXM-64GB,153.32,31904,98
8101,2026-05-18 12:20:57.163797,2026/05/18 12:20:57.207,1,NVIDIA A100-SXM-64GB,177.74,31922,100
8102,2026-05-18 12:20:57.163797,2026/05/18 12:20:57.209,2,NVIDIA A100-SXM-64GB,185.65,31912,100
8103,2026-05-18 12:20:57.163797,2026/05/18 12:20:57.212,3,NVIDIA A100-SXM-64GB,170.20,31846,100
8104,2026-05-18 12:21:02.252245,2026/05/18 12:21:02.292,0,NVIDIA A100-SXM-64GB,173.00,31904,100
8105,2026-05-18 12:21:02.252245,2026/05/18 12:21:02.295,1,NVIDIA A100-SXM-64GB,161.88,31922,100
8106,2026-05-18 12:21:02.252245,2026/05/18 12:21:02.300,2,NVIDIA A100-SXM-64GB,153.79,31912,100
8107,2026-05-18 12:21:02.252245,2026/05/18 12:21:02.302,3,NVIDIA A100-SXM-64GB,148.12,31846,100
8108,2026-05-18 12:21:07.343403,2026/05/18 12:21:07.383,0,NVIDIA A100-SXM-64GB,152.71,31904,98
8109,2026-05-18 12:21:07.343403,2026/05/18 12:21:07.386,1,NVIDIA A100-SXM-64GB,146.90,31922,98
8110,2026-05-18 12:21:07.343403,2026/05/18 12:21:07.388,2,NVIDIA A100-SXM-64GB,153.64,31912,98
8111,2026-05-18 12:21:07.343403,2026/05/18 12:21:07.392,3,NVIDIA A100-SXM-64GB,147.78,31846,98
8112,2026-05-18 12:21:12.432974,2026/05/18 12:21:12.472,0,NVIDIA A100-SXM-64GB,152.71,31904,97
8113,2026-05-18 12:21:12.432974,2026/05/18 12:21:12.475,1,NVIDIA A100-SXM-64GB,146.45,31922,100
8114,2026-05-18 12:21:12.432974,2026/05/18 12:21:12.479,2,NVIDIA A100-SXM-64GB,151.65,31912,97
8115,2026-05-18 12:21:12.432974,2026/05/18 12:21:12.482,3,NVIDIA A100-SXM-64GB,146.90,31846,97
8116,2026-05-18 12:21:17.522914,2026/05/18 12:21:17.574,0,NVIDIA A100-SXM-64GB,190.90,31904,98
8117,2026-05-18 12:21:17.522914,2026/05/18 12:21:17.576,1,NVIDIA A100-SXM-64GB,165.06,31922,100
8118,2026-05-18 12:21:17.522914,2026/05/18 12:21:17.581,2,NVIDIA A100-SXM-64GB,196.66,31912,100
8119,2026-05-18 12:21:17.522914,2026/05/18 12:21:17.584,3,NVIDIA A100-SXM-64GB,186.78,31846,100
8120,2026-05-18 12:21:22.625189,2026/05/18 12:21:22.664,0,NVIDIA A100-SXM-64GB,150.85,31904,98
8121,2026-05-18 12:21:22.625189,2026/05/18 12:21:22.667,1,NVIDIA A100-SXM-64GB,145.19,31922,100
8122,2026-05-18 12:21:22.625189,2026/05/18 12:21:22.669,2,NVIDIA A100-SXM-64GB,148.29,31912,98
8123,2026-05-18 12:21:22.625189,2026/05/18 12:21:22.672,3,NVIDIA A100-SXM-64GB,132.14,31846,98
8124,2026-05-18 12:21:27.713080,2026/05/18 12:21:27.752,0,NVIDIA A100-SXM-64GB,166.16,31904,100
8125,2026-05-18 12:21:27.713080,2026/05/18 12:21:27.755,1,NVIDIA A100-SXM-64GB,151.18,31922,100
8126,2026-05-18 12:21:27.713080,2026/05/18 12:21:27.758,2,NVIDIA A100-SXM-64GB,180.85,31912,100
8127,2026-05-18 12:21:27.713080,2026/05/18 12:21:27.761,3,NVIDIA A100-SXM-64GB,172.44,31846,100
8128,2026-05-18 12:21:32.801660,2026/05/18 12:21:32.841,0,NVIDIA A100-SXM-64GB,196.66,31904,43
8129,2026-05-18 12:21:32.801660,2026/05/18 12:21:32.843,1,NVIDIA A100-SXM-64GB,147.05,31922,100
8130,2026-05-18 12:21:32.801660,2026/05/18 12:21:32.846,2,NVIDIA A100-SXM-64GB,147.03,31912,62
8131,2026-05-18 12:21:32.801660,2026/05/18 12:21:32.855,3,NVIDIA A100-SXM-64GB,162.99,31846,27
8132,2026-05-18 12:21:37.897792,2026/05/18 12:21:37.937,0,NVIDIA A100-SXM-64GB,183.69,31904,100
8133,2026-05-18 12:21:37.897792,2026/05/18 12:21:37.940,1,NVIDIA A100-SXM-64GB,157.76,31922,100
8134,2026-05-18 12:21:37.897792,2026/05/18 12:21:37.942,2,NVIDIA A100-SXM-64GB,185.46,31912,100
8135,2026-05-18 12:21:37.897792,2026/05/18 12:21:37.945,3,NVIDIA A100-SXM-64GB,156.98,31846,100
8136,2026-05-18 12:21:42.988187,2026/05/18 12:21:43.040,0,NVIDIA A100-SXM-64GB,186.62,31904,100
8137,2026-05-18 12:21:42.988187,2026/05/18 12:21:43.046,1,NVIDIA A100-SXM-64GB,181.59,31922,100
8138,2026-05-18 12:21:42.988187,2026/05/18 12:21:43.052,2,NVIDIA A100-SXM-64GB,158.36,31912,100
8139,2026-05-18 12:21:42.988187,2026/05/18 12:21:43.054,3,NVIDIA A100-SXM-64GB,143.82,31846,100
8140,2026-05-18 12:21:48.096491,2026/05/18 12:21:48.137,0,NVIDIA A100-SXM-64GB,150.85,31904,100
8141,2026-05-18 12:21:48.096491,2026/05/18 12:21:48.141,1,NVIDIA A100-SXM-64GB,162.49,31922,100
8142,2026-05-18 12:21:48.096491,2026/05/18 12:21:48.143,2,NVIDIA A100-SXM-64GB,150.43,31912,98
8143,2026-05-18 12:21:48.096491,2026/05/18 12:21:48.148,3,NVIDIA A100-SXM-64GB,141.67,31846,100
8144,2026-05-18 12:21:53.189462,2026/05/18 12:21:53.229,0,NVIDIA A100-SXM-64GB,181.41,31904,100
8145,2026-05-18 12:21:53.189462,2026/05/18 12:21:53.231,1,NVIDIA A100-SXM-64GB,182.61,31922,100
8146,2026-05-18 12:21:53.189462,2026/05/18 12:21:53.234,2,NVIDIA A100-SXM-64GB,193.11,31912,100
8147,2026-05-18 12:21:53.189462,2026/05/18 12:21:53.236,3,NVIDIA A100-SXM-64GB,175.26,31846,100
8148,2026-05-18 12:21:58.277555,2026/05/18 12:21:58.329,0,NVIDIA A100-SXM-64GB,169.51,31904,100
8149,2026-05-18 12:21:58.277555,2026/05/18 12:21:58.331,1,NVIDIA A100-SXM-64GB,167.64,31922,100
8150,2026-05-18 12:21:58.277555,2026/05/18 12:21:58.334,2,NVIDIA A100-SXM-64GB,172.78,31912,100
8151,2026-05-18 12:21:58.277555,2026/05/18 12:21:58.336,3,NVIDIA A100-SXM-64GB,164.70,31846,100
8152,2026-05-18 12:22:03.377283,2026/05/18 12:22:03.416,0,NVIDIA A100-SXM-64GB,154.20,31904,100
8153,2026-05-18 12:22:03.377283,2026/05/18 12:22:03.418,1,NVIDIA A100-SXM-64GB,186.29,31922,98
8154,2026-05-18 12:22:03.377283,2026/05/18 12:22:03.421,2,NVIDIA A100-SXM-64GB,166.01,31912,100
8155,2026-05-18 12:22:03.377283,2026/05/18 12:22:03.427,3,NVIDIA A100-SXM-64GB,159.13,31846,100
8156,2026-05-18 12:22:08.468583,2026/05/18 12:22:08.508,0,NVIDIA A100-SXM-64GB,179.27,31904,100
8157,2026-05-18 12:22:08.468583,2026/05/18 12:22:08.511,1,NVIDIA A100-SXM-64GB,174.38,31922,100
8158,2026-05-18 12:22:08.468583,2026/05/18 12:22:08.515,2,NVIDIA A100-SXM-64GB,190.96,31912,100
8159,2026-05-18 12:22:08.468583,2026/05/18 12:22:08.518,3,NVIDIA A100-SXM-64GB,173.38,31846,100
8160,2026-05-18 12:22:13.559691,2026/05/18 12:22:13.599,0,NVIDIA A100-SXM-64GB,167.21,31904,100
8161,2026-05-18 12:22:13.559691,2026/05/18 12:22:13.602,1,NVIDIA A100-SXM-64GB,146.73,31922,100
8162,2026-05-18 12:22:13.559691,2026/05/18 12:22:13.604,2,NVIDIA A100-SXM-64GB,175.53,31912,100
8163,2026-05-18 12:22:13.559691,2026/05/18 12:22:13.607,3,NVIDIA A100-SXM-64GB,161.94,31846,100
8164,2026-05-18 12:22:18.647875,2026/05/18 12:22:18.687,0,NVIDIA A100-SXM-64GB,156.07,31904,100
8165,2026-05-18 12:22:18.647875,2026/05/18 12:22:18.691,1,NVIDIA A100-SXM-64GB,142.30,31922,98
8166,2026-05-18 12:22:18.647875,2026/05/18 12:22:18.693,2,NVIDIA A100-SXM-64GB,151.32,31912,100
8167,2026-05-18 12:22:18.647875,2026/05/18 12:22:18.696,3,NVIDIA A100-SXM-64GB,147.51,31846,98
8168,2026-05-18 12:22:23.737843,2026/05/18 12:22:23.777,0,NVIDIA A100-SXM-64GB,155.02,31904,100
8169,2026-05-18 12:22:23.737843,2026/05/18 12:22:23.779,1,NVIDIA A100-SXM-64GB,142.17,31922,97
8170,2026-05-18 12:22:23.737843,2026/05/18 12:22:23.782,2,NVIDIA A100-SXM-64GB,151.65,31912,100
8171,2026-05-18 12:22:23.737843,2026/05/18 12:22:23.788,3,NVIDIA A100-SXM-64GB,146.90,31846,99
8172,2026-05-18 12:22:28.829063,2026/05/18 12:22:28.868,0,NVIDIA A100-SXM-64GB,188.24,31904,100
8173,2026-05-18 12:22:28.829063,2026/05/18 12:22:28.873,1,NVIDIA A100-SXM-64GB,174.38,31922,100
8174,2026-05-18 12:22:28.829063,2026/05/18 12:22:28.876,2,NVIDIA A100-SXM-64GB,195.86,31912,100
8175,2026-05-18 12:22:28.829063,2026/05/18 12:22:28.878,3,NVIDIA A100-SXM-64GB,185.93,31846,100
8176,2026-05-18 12:22:33.919498,2026/05/18 12:22:33.959,0,NVIDIA A100-SXM-64GB,174.06,31904,100
8177,2026-05-18 12:22:33.919498,2026/05/18 12:22:33.961,1,NVIDIA A100-SXM-64GB,177.13,31922,100
8178,2026-05-18 12:22:33.919498,2026/05/18 12:22:33.964,2,NVIDIA A100-SXM-64GB,164.80,31912,100
8179,2026-05-18 12:22:33.919498,2026/05/18 12:22:33.967,3,NVIDIA A100-SXM-64GB,165.91,31846,100
8180,2026-05-18 12:22:39.008255,2026/05/18 12:22:39.060,0,NVIDIA A100-SXM-64GB,180.48,31904,100
8181,2026-05-18 12:22:39.008255,2026/05/18 12:22:39.062,1,NVIDIA A100-SXM-64GB,141.24,31922,100
8182,2026-05-18 12:22:39.008255,2026/05/18 12:22:39.066,2,NVIDIA A100-SXM-64GB,147.35,31912,100
8183,2026-05-18 12:22:39.008255,2026/05/18 12:22:39.069,3,NVIDIA A100-SXM-64GB,146.57,31846,100
8184,2026-05-18 12:22:44.110254,2026/05/18 12:22:44.149,0,NVIDIA A100-SXM-64GB,189.36,31904,100
8185,2026-05-18 12:22:44.110254,2026/05/18 12:22:44.151,1,NVIDIA A100-SXM-64GB,175.50,31922,100
8186,2026-05-18 12:22:44.110254,2026/05/18 12:22:44.154,2,NVIDIA A100-SXM-64GB,196.79,31912,100
8187,2026-05-18 12:22:44.110254,2026/05/18 12:22:44.159,3,NVIDIA A100-SXM-64GB,177.85,31846,100
8188,2026-05-18 12:22:49.202992,2026/05/18 12:22:49.242,0,NVIDIA A100-SXM-64GB,170.43,31904,100
8189,2026-05-18 12:22:49.202992,2026/05/18 12:22:49.248,1,NVIDIA A100-SXM-64GB,175.59,31922,100
8190,2026-05-18 12:22:49.202992,2026/05/18 12:22:49.250,2,NVIDIA A100-SXM-64GB,157.32,31912,100
8191,2026-05-18 12:22:49.202992,2026/05/18 12:22:49.253,3,NVIDIA A100-SXM-64GB,147.18,31846,100
8192,2026-05-18 12:22:54.294553,2026/05/18 12:22:54.334,0,NVIDIA A100-SXM-64GB,208.67,31904,100
8193,2026-05-18 12:22:54.294553,2026/05/18 12:22:54.336,1,NVIDIA A100-SXM-64GB,148.59,31922,100
8194,2026-05-18 12:22:54.294553,2026/05/18 12:22:54.339,2,NVIDIA A100-SXM-64GB,145.21,31912,100
8195,2026-05-18 12:22:54.294553,2026/05/18 12:22:54.344,3,NVIDIA A100-SXM-64GB,157.31,31846,100
8196,2026-05-18 12:22:59.385181,2026/05/18 12:22:59.424,0,NVIDIA A100-SXM-64GB,157.00,31904,97
8197,2026-05-18 12:22:59.385181,2026/05/18 12:22:59.426,1,NVIDIA A100-SXM-64GB,147.05,31922,98
8198,2026-05-18 12:22:59.385181,2026/05/18 12:22:59.430,2,NVIDIA A100-SXM-64GB,142.46,31912,97
8199,2026-05-18 12:22:59.385181,2026/05/18 12:22:59.432,3,NVIDIA A100-SXM-64GB,147.51,31846,98
8200,2026-05-18 12:23:04.473610,2026/05/18 12:23:04.513,0,NVIDIA A100-SXM-64GB,187.23,31904,100
8201,2026-05-18 12:23:04.473610,2026/05/18 12:23:04.515,1,NVIDIA A100-SXM-64GB,188.02,31922,100
8202,2026-05-18 12:23:04.473610,2026/05/18 12:23:04.518,2,NVIDIA A100-SXM-64GB,195.45,31912,100
8203,2026-05-18 12:23:04.473610,2026/05/18 12:23:04.521,3,NVIDIA A100-SXM-64GB,177.85,31846,100
8204,2026-05-18 12:23:09.561381,2026/05/18 12:23:09.601,0,NVIDIA A100-SXM-64GB,178.34,31904,100
8205,2026-05-18 12:23:09.561381,2026/05/18 12:23:09.605,1,NVIDIA A100-SXM-64GB,174.38,31922,100
8206,2026-05-18 12:23:09.561381,2026/05/18 12:23:09.607,2,NVIDIA A100-SXM-64GB,180.15,31912,100
8207,2026-05-18 12:23:09.561381,2026/05/18 12:23:09.610,3,NVIDIA A100-SXM-64GB,170.96,31846,100
8208,2026-05-18 12:23:14.651130,2026/05/18 12:23:14.690,0,NVIDIA A100-SXM-64GB,193.31,31904,99
8209,2026-05-18 12:23:14.651130,2026/05/18 12:23:14.693,1,NVIDIA A100-SXM-64GB,157.00,31922,100
8210,2026-05-18 12:23:14.651130,2026/05/18 12:23:14.695,2,NVIDIA A100-SXM-64GB,179.64,31912,100
8211,2026-05-18 12:23:14.651130,2026/05/18 12:23:14.698,3,NVIDIA A100-SXM-64GB,167.72,31846,100
8212,2026-05-18 12:23:19.739121,2026/05/18 12:23:19.779,0,NVIDIA A100-SXM-64GB,190.30,31904,100
8213,2026-05-18 12:23:19.739121,2026/05/18 12:23:19.786,1,NVIDIA A100-SXM-64GB,167.64,31922,100
8214,2026-05-18 12:23:19.739121,2026/05/18 12:23:19.788,2,NVIDIA A100-SXM-64GB,192.17,31912,100
8215,2026-05-18 12:23:19.739121,2026/05/18 12:23:19.791,3,NVIDIA A100-SXM-64GB,165.57,31846,100
8216,2026-05-18 12:23:24.832325,2026/05/18 12:23:24.871,0,NVIDIA A100-SXM-64GB,174.72,31904,100
8217,2026-05-18 12:23:24.832325,2026/05/18 12:23:24.873,1,NVIDIA A100-SXM-64GB,154.20,31922,100
8218,2026-05-18 12:23:24.832325,2026/05/18 12:23:24.876,2,NVIDIA A100-SXM-64GB,175.08,31912,100
8219,2026-05-18 12:23:24.832325,2026/05/18 12:23:24.878,3,NVIDIA A100-SXM-64GB,156.71,31846,100
8220,2026-05-18 12:23:29.919659,2026/05/18 12:23:29.971,0,NVIDIA A100-SXM-64GB,143.98,31904,100
8221,2026-05-18 12:23:29.919659,2026/05/18 12:23:29.973,1,NVIDIA A100-SXM-64GB,131.13,31922,100
8222,2026-05-18 12:23:29.919659,2026/05/18 12:23:29.976,2,NVIDIA A100-SXM-64GB,184.11,31912,100
8223,2026-05-18 12:23:29.919659,2026/05/18 12:23:29.978,3,NVIDIA A100-SXM-64GB,133.82,31846,98
8224,2026-05-18 12:23:35.019492,2026/05/18 12:23:35.059,0,NVIDIA A100-SXM-64GB,149.97,31904,100
8225,2026-05-18 12:23:35.019492,2026/05/18 12:23:35.061,1,NVIDIA A100-SXM-64GB,133.88,31922,97
8226,2026-05-18 12:23:35.019492,2026/05/18 12:23:35.064,2,NVIDIA A100-SXM-64GB,148.57,31912,100
8227,2026-05-18 12:23:35.019492,2026/05/18 12:23:35.068,3,NVIDIA A100-SXM-64GB,134.62,31846,97
8228,2026-05-18 12:23:40.111820,2026/05/18 12:23:40.151,0,NVIDIA A100-SXM-64GB,179.87,31904,100
8229,2026-05-18 12:23:40.111820,2026/05/18 12:23:40.156,1,NVIDIA A100-SXM-64GB,181.41,31922,100
8230,2026-05-18 12:23:40.111820,2026/05/18 12:23:40.158,2,NVIDIA A100-SXM-64GB,181.64,31912,100
8231,2026-05-18 12:23:40.111820,2026/05/18 12:23:40.161,3,NVIDIA A100-SXM-64GB,184.44,31846,100
8232,2026-05-18 12:23:45.202636,2026/05/18 12:23:45.242,0,NVIDIA A100-SXM-64GB,188.43,31904,100
8233,2026-05-18 12:23:45.202636,2026/05/18 12:23:45.244,1,NVIDIA A100-SXM-64GB,159.14,31922,100
8234,2026-05-18 12:23:45.202636,2026/05/18 12:23:45.247,2,NVIDIA A100-SXM-64GB,185.93,31912,100
8235,2026-05-18 12:23:45.202636,2026/05/18 12:23:45.251,3,NVIDIA A100-SXM-64GB,158.52,31846,100
8236,2026-05-18 12:23:50.292903,2026/05/18 12:23:50.332,0,NVIDIA A100-SXM-64GB,187.63,31904,100
8237,2026-05-18 12:23:50.292903,2026/05/18 12:23:50.334,1,NVIDIA A100-SXM-64GB,160.34,31922,100
8238,2026-05-18 12:23:50.292903,2026/05/18 12:23:50.337,2,NVIDIA A100-SXM-64GB,156.82,31912,100
8239,2026-05-18 12:23:50.292903,2026/05/18 12:23:50.340,3,NVIDIA A100-SXM-64GB,146.29,31846,100
8240,2026-05-18 12:23:55.381374,2026/05/18 12:23:55.421,0,NVIDIA A100-SXM-64GB,185.36,31904,100
8241,2026-05-18 12:23:55.381374,2026/05/18 12:23:55.424,1,NVIDIA A100-SXM-64GB,190.49,31922,100
8242,2026-05-18 12:23:55.381374,2026/05/18 12:23:55.426,2,NVIDIA A100-SXM-64GB,193.91,31912,100
8243,2026-05-18 12:23:55.381374,2026/05/18 12:23:55.432,3,NVIDIA A100-SXM-64GB,166.18,31846,100
8244,2026-05-18 12:24:00.474079,2026/05/18 12:24:00.513,0,NVIDIA A100-SXM-64GB,155.13,31904,100
8245,2026-05-18 12:24:00.474079,2026/05/18 12:24:00.518,1,NVIDIA A100-SXM-64GB,167.97,31922,100
8246,2026-05-18 12:24:00.474079,2026/05/18 12:24:00.521,2,NVIDIA A100-SXM-64GB,181.78,31912,100
8247,2026-05-18 12:24:00.474079,2026/05/18 12:24:00.524,3,NVIDIA A100-SXM-64GB,172.96,31846,100
8248,2026-05-18 12:24:05.564695,2026/05/18 12:24:05.604,0,NVIDIA A100-SXM-64GB,144.16,31904,100
8249,2026-05-18 12:24:05.564695,2026/05/18 12:24:05.606,1,NVIDIA A100-SXM-64GB,142.17,31922,98
8250,2026-05-18 12:24:05.564695,2026/05/18 12:24:05.609,2,NVIDIA A100-SXM-64GB,139.38,31912,100
8251,2026-05-18 12:24:05.564695,2026/05/18 12:24:05.611,3,NVIDIA A100-SXM-64GB,148.45,31846,98
8252,2026-05-18 12:24:10.655199,2026/05/18 12:24:10.694,0,NVIDIA A100-SXM-64GB,141.69,31904,97
8253,2026-05-18 12:24:10.655199,2026/05/18 12:24:10.697,1,NVIDIA A100-SXM-64GB,148.72,31922,96
8254,2026-05-18 12:24:10.655199,2026/05/18 12:24:10.700,2,NVIDIA A100-SXM-64GB,152.86,31912,98
8255,2026-05-18 12:24:10.655199,2026/05/18 12:24:10.704,3,NVIDIA A100-SXM-64GB,142.88,31846,97
8256,2026-05-18 12:24:15.745381,2026/05/18 12:24:15.785,0,NVIDIA A100-SXM-64GB,184.15,31904,100
8257,2026-05-18 12:24:15.745381,2026/05/18 12:24:15.788,1,NVIDIA A100-SXM-64GB,173.18,31922,100
8258,2026-05-18 12:24:15.745381,2026/05/18 12:24:15.790,2,NVIDIA A100-SXM-64GB,186.40,31912,100
8259,2026-05-18 12:24:15.745381,2026/05/18 12:24:15.793,3,NVIDIA A100-SXM-64GB,181.03,31846,100
8260,2026-05-18 12:24:20.835434,2026/05/18 12:24:20.875,0,NVIDIA A100-SXM-64GB,182.34,31904,100
8261,2026-05-18 12:24:20.835434,2026/05/18 12:24:20.880,1,NVIDIA A100-SXM-64GB,166.60,31922,59
8262,2026-05-18 12:24:20.835434,2026/05/18 12:24:20.883,2,NVIDIA A100-SXM-64GB,184.53,31912,100
8263,2026-05-18 12:24:20.835434,2026/05/18 12:24:20.890,3,NVIDIA A100-SXM-64GB,168.99,31846,57
8264,2026-05-18 12:24:25.931945,2026/05/18 12:24:25.971,0,NVIDIA A100-SXM-64GB,157.87,31904,98
8265,2026-05-18 12:24:25.931945,2026/05/18 12:24:25.973,1,NVIDIA A100-SXM-64GB,142.30,31922,98
8266,2026-05-18 12:24:25.931945,2026/05/18 12:24:25.980,2,NVIDIA A100-SXM-64GB,147.48,31912,98
8267,2026-05-18 12:24:25.931945,2026/05/18 12:24:25.983,3,NVIDIA A100-SXM-64GB,145.36,31846,98
8268,2026-05-18 12:24:31.024995,2026/05/18 12:24:31.064,0,NVIDIA A100-SXM-64GB,160.62,31904,98
8269,2026-05-18 12:24:31.024995,2026/05/18 12:24:31.066,1,NVIDIA A100-SXM-64GB,142.62,31922,98
8270,2026-05-18 12:24:31.024995,2026/05/18 12:24:31.069,2,NVIDIA A100-SXM-64GB,149.95,31912,98
8271,2026-05-18 12:24:31.024995,2026/05/18 12:24:31.073,3,NVIDIA A100-SXM-64GB,145.36,31846,98
8272,2026-05-18 12:24:36.114260,2026/05/18 12:24:36.154,0,NVIDIA A100-SXM-64GB,158.20,31904,100
8273,2026-05-18 12:24:36.114260,2026/05/18 12:24:36.156,1,NVIDIA A100-SXM-64GB,151.18,31922,100
8274,2026-05-18 12:24:36.114260,2026/05/18 12:24:36.160,2,NVIDIA A100-SXM-64GB,185.46,31912,100
8275,2026-05-18 12:24:36.114260,2026/05/18 12:24:36.163,3,NVIDIA A100-SXM-64GB,147.51,31846,100
8276,2026-05-18 12:24:41.204455,2026/05/18 12:24:41.244,0,NVIDIA A100-SXM-64GB,149.47,31904,98
8277,2026-05-18 12:24:41.204455,2026/05/18 12:24:41.247,1,NVIDIA A100-SXM-64GB,132.67,31922,100
8278,2026-05-18 12:24:41.204455,2026/05/18 12:24:41.249,2,NVIDIA A100-SXM-64GB,149.18,31912,98
8279,2026-05-18 12:24:41.204455,2026/05/18 12:24:41.252,3,NVIDIA A100-SXM-64GB,134.01,31846,100
8280,2026-05-18 12:24:46.294463,2026/05/18 12:24:46.334,0,NVIDIA A100-SXM-64GB,150.58,31904,97
8281,2026-05-18 12:24:46.294463,2026/05/18 12:24:46.336,1,NVIDIA A100-SXM-64GB,141.84,31922,97
8282,2026-05-18 12:24:46.294463,2026/05/18 12:24:46.342,2,NVIDIA A100-SXM-64GB,151.65,31912,97
8283,2026-05-18 12:24:46.294463,2026/05/18 12:24:46.344,3,NVIDIA A100-SXM-64GB,142.27,31846,97
8284,2026-05-18 12:24:51.386574,2026/05/18 12:24:51.426,0,NVIDIA A100-SXM-64GB,180.62,31904,100
8285,2026-05-18 12:24:51.386574,2026/05/18 12:24:51.428,1,NVIDIA A100-SXM-64GB,165.50,31922,100
8286,2026-05-18 12:24:51.386574,2026/05/18 12:24:51.431,2,NVIDIA A100-SXM-64GB,169.52,31912,100
8287,2026-05-18 12:24:51.386574,2026/05/18 12:24:51.434,3,NVIDIA A100-SXM-64GB,174.32,31846,100
8288,2026-05-18 12:24:56.475571,2026/05/18 12:24:56.515,0,NVIDIA A100-SXM-64GB,183.55,31904,100
8289,2026-05-18 12:24:56.475571,2026/05/18 12:24:56.517,1,NVIDIA A100-SXM-64GB,171.91,31922,100
8290,2026-05-18 12:24:56.475571,2026/05/18 12:24:56.520,2,NVIDIA A100-SXM-64GB,173.11,31912,100
8291,2026-05-18 12:24:56.475571,2026/05/18 12:24:56.522,3,NVIDIA A100-SXM-64GB,171.13,31846,100
8292,2026-05-18 12:25:01.563846,2026/05/18 12:25:01.603,0,NVIDIA A100-SXM-64GB,175.92,31904,100
8293,2026-05-18 12:25:01.563846,2026/05/18 12:25:01.608,1,NVIDIA A100-SXM-64GB,166.60,31922,100
8294,2026-05-18 12:25:01.563846,2026/05/18 12:25:01.610,2,NVIDIA A100-SXM-64GB,167.28,31912,100
8295,2026-05-18 12:25:01.563846,2026/05/18 12:25:01.613,3,NVIDIA A100-SXM-64GB,169.26,31846,100
8296,2026-05-18 12:25:06.654540,2026/05/18 12:25:06.694,0,NVIDIA A100-SXM-64GB,198.32,31904,100
8297,2026-05-18 12:25:06.654540,2026/05/18 12:25:06.696,1,NVIDIA A100-SXM-64GB,169.17,31922,100
8298,2026-05-18 12:25:06.654540,2026/05/18 12:25:06.699,2,NVIDIA A100-SXM-64GB,171.67,31912,100
8299,2026-05-18 12:25:06.654540,2026/05/18 12:25:06.702,3,NVIDIA A100-SXM-64GB,172.44,31846,100
8300,2026-05-18 12:25:11.745598,2026/05/18 12:25:11.785,0,NVIDIA A100-SXM-64GB,154.86,31904,100
8301,2026-05-18 12:25:11.745598,2026/05/18 12:25:11.787,1,NVIDIA A100-SXM-64GB,160.02,31922,100
8302,2026-05-18 12:25:11.745598,2026/05/18 12:25:11.790,2,NVIDIA A100-SXM-64GB,159.74,31912,100
8303,2026-05-18 12:25:11.745598,2026/05/18 12:25:11.792,3,NVIDIA A100-SXM-64GB,166.01,31846,100
8304,2026-05-18 12:25:16.834575,2026/05/18 12:25:16.874,0,NVIDIA A100-SXM-64GB,172.85,31904,100
8305,2026-05-18 12:25:16.834575,2026/05/18 12:25:16.879,1,NVIDIA A100-SXM-64GB,189.63,31922,100
8306,2026-05-18 12:25:16.834575,2026/05/18 12:25:16.882,2,NVIDIA A100-SXM-64GB,187.80,31912,100
8307,2026-05-18 12:25:16.834575,2026/05/18 12:25:16.884,3,NVIDIA A100-SXM-64GB,176.64,31846,100
8308,2026-05-18 12:25:21.926655,2026/05/18 12:25:21.966,0,NVIDIA A100-SXM-64GB,206.54,31904,100
8309,2026-05-18 12:25:21.926655,2026/05/18 12:25:21.969,1,NVIDIA A100-SXM-64GB,176.85,31922,100
8310,2026-05-18 12:25:21.926655,2026/05/18 12:25:21.971,2,NVIDIA A100-SXM-64GB,195.86,31912,100
8311,2026-05-18 12:25:21.926655,2026/05/18 12:25:21.974,3,NVIDIA A100-SXM-64GB,170.96,31846,100
8312,2026-05-18 12:25:27.015598,2026/05/18 12:25:27.055,0,NVIDIA A100-SXM-64GB,175.32,31904,100
8313,2026-05-18 12:25:27.015598,2026/05/18 12:25:27.057,1,NVIDIA A100-SXM-64GB,146.45,31922,100
8314,2026-05-18 12:25:27.015598,2026/05/18 12:25:27.060,2,NVIDIA A100-SXM-64GB,191.57,31912,100
8315,2026-05-18 12:25:27.015598,2026/05/18 12:25:27.063,3,NVIDIA A100-SXM-64GB,185.93,31846,100
8316,2026-05-18 12:25:32.105892,2026/05/18 12:25:32.145,0,NVIDIA A100-SXM-64GB,170.11,31904,100
8317,2026-05-18 12:25:32.105892,2026/05/18 12:25:32.147,1,NVIDIA A100-SXM-64GB,160.62,31922,100
8318,2026-05-18 12:25:32.105892,2026/05/18 12:25:32.150,2,NVIDIA A100-SXM-64GB,163.42,31912,100
8319,2026-05-18 12:25:32.105892,2026/05/18 12:25:32.153,3,NVIDIA A100-SXM-64GB,171.84,31846,100
8320,2026-05-18 12:25:37.194528,2026/05/18 12:25:37.234,0,NVIDIA A100-SXM-64GB,151.94,31904,98
8321,2026-05-18 12:25:37.194528,2026/05/18 12:25:37.237,1,NVIDIA A100-SXM-64GB,145.84,31922,99
8322,2026-05-18 12:25:37.194528,2026/05/18 12:25:37.239,2,NVIDIA A100-SXM-64GB,149.18,31912,98
8323,2026-05-18 12:25:37.194528,2026/05/18 12:25:37.242,3,NVIDIA A100-SXM-64GB,148.12,31846,99
8324,2026-05-18 12:25:42.286081,2026/05/18 12:25:42.326,0,NVIDIA A100-SXM-64GB,156.67,31904,100
8325,2026-05-18 12:25:42.286081,2026/05/18 12:25:42.329,1,NVIDIA A100-SXM-64GB,147.33,31922,100
8326,2026-05-18 12:25:42.286081,2026/05/18 12:25:42.331,2,NVIDIA A100-SXM-64GB,153.19,31912,100
8327,2026-05-18 12:25:42.286081,2026/05/18 12:25:42.334,3,NVIDIA A100-SXM-64GB,141.07,31846,100
8328,2026-05-18 12:25:47.375308,2026/05/18 12:25:47.415,0,NVIDIA A100-SXM-64GB,167.97,31904,100
8329,2026-05-18 12:25:47.375308,2026/05/18 12:25:47.417,1,NVIDIA A100-SXM-64GB,148.59,31922,100
8330,2026-05-18 12:25:47.375308,2026/05/18 12:25:47.420,2,NVIDIA A100-SXM-64GB,171.67,31912,100
8331,2026-05-18 12:25:47.375308,2026/05/18 12:25:47.425,3,NVIDIA A100-SXM-64GB,162.54,31846,100
8332,2026-05-18 12:25:52.467602,2026/05/18 12:25:52.507,0,NVIDIA A100-SXM-64GB,151.79,31904,100
8333,2026-05-18 12:25:52.467602,2026/05/18 12:25:52.509,1,NVIDIA A100-SXM-64GB,131.13,31922,100
8334,2026-05-18 12:25:52.467602,2026/05/18 12:25:52.512,2,NVIDIA A100-SXM-64GB,147.03,31912,100
8335,2026-05-18 12:25:52.467602,2026/05/18 12:25:52.515,3,NVIDIA A100-SXM-64GB,133.08,31846,100
8336,2026-05-18 12:25:57.556644,2026/05/18 12:25:57.596,0,NVIDIA A100-SXM-64GB,152.39,31904,97
8337,2026-05-18 12:25:57.556644,2026/05/18 12:25:57.598,1,NVIDIA A100-SXM-64GB,139.28,31922,98
8338,2026-05-18 12:25:57.556644,2026/05/18 12:25:57.601,2,NVIDIA A100-SXM-64GB,146.88,31912,97
8339,2026-05-18 12:25:57.556644,2026/05/18 12:25:57.606,3,NVIDIA A100-SXM-64GB,143.82,31846,98
8340,2026-05-18 12:26:02.647833,2026/05/18 12:26:02.687,0,NVIDIA A100-SXM-64GB,193.04,31904,100
8341,2026-05-18 12:26:02.647833,2026/05/18 12:26:02.691,1,NVIDIA A100-SXM-64GB,165.67,31922,100
8342,2026-05-18 12:26:02.647833,2026/05/18 12:26:02.694,2,NVIDIA A100-SXM-64GB,183.51,31912,100
8343,2026-05-18 12:26:02.647833,2026/05/18 12:26:02.696,3,NVIDIA A100-SXM-64GB,177.85,31846,100
8344,2026-05-18 12:26:07.738321,2026/05/18 12:26:07.778,0,NVIDIA A100-SXM-64GB,175.59,31904,100
8345,2026-05-18 12:26:07.738321,2026/05/18 12:26:07.780,1,NVIDIA A100-SXM-64GB,189.63,31922,100
8346,2026-05-18 12:26:07.738321,2026/05/18 12:26:07.783,2,NVIDIA A100-SXM-64GB,184.53,31912,100
8347,2026-05-18 12:26:07.738321,2026/05/18 12:26:07.788,3,NVIDIA A100-SXM-64GB,156.10,31846,100
8348,2026-05-18 12:26:12.830342,2026/05/18 12:26:12.871,0,NVIDIA A100-SXM-64GB,151.18,31904,98
8349,2026-05-18 12:26:12.830342,2026/05/18 12:26:12.874,1,NVIDIA A100-SXM-64GB,142.77,31922,98
8350,2026-05-18 12:26:12.830342,2026/05/18 12:26:12.878,2,NVIDIA A100-SXM-64GB,150.43,31912,100
8351,2026-05-18 12:26:12.830342,2026/05/18 12:26:12.880,3,NVIDIA A100-SXM-64GB,146.57,31846,98
8352,2026-05-18 12:26:17.922640,2026/05/18 12:26:17.962,0,NVIDIA A100-SXM-64GB,158.81,31904,100
8353,2026-05-18 12:26:17.922640,2026/05/18 12:26:17.966,1,NVIDIA A100-SXM-64GB,144.31,31922,98
8354,2026-05-18 12:26:17.922640,2026/05/18 12:26:17.969,2,NVIDIA A100-SXM-64GB,151.32,31912,100
8355,2026-05-18 12:26:17.922640,2026/05/18 12:26:17.975,3,NVIDIA A100-SXM-64GB,147.18,31846,98
8356,2026-05-18 12:26:23.017119,2026/05/18 12:26:23.057,0,NVIDIA A100-SXM-64GB,177.31,31904,100
8357,2026-05-18 12:26:23.017119,2026/05/18 12:26:23.060,1,NVIDIA A100-SXM-64GB,145.84,31922,100
8358,2026-05-18 12:26:23.017119,2026/05/18 12:26:23.062,2,NVIDIA A100-SXM-64GB,169.42,31912,100
8359,2026-05-18 12:26:23.017119,2026/05/18 12:26:23.065,3,NVIDIA A100-SXM-64GB,166.18,31846,100
8360,2026-05-18 12:26:28.107801,2026/05/18 12:26:28.147,0,NVIDIA A100-SXM-64GB,182.76,31904,100
8361,2026-05-18 12:26:28.107801,2026/05/18 12:26:28.149,1,NVIDIA A100-SXM-64GB,180.48,31922,100
8362,2026-05-18 12:26:28.107801,2026/05/18 12:26:28.152,2,NVIDIA A100-SXM-64GB,188.54,31912,100
8363,2026-05-18 12:26:28.107801,2026/05/18 12:26:28.154,3,NVIDIA A100-SXM-64GB,176.46,31846,100
8364,2026-05-18 12:26:33.196219,2026/05/18 12:26:33.235,0,NVIDIA A100-SXM-64GB,149.32,31904,100
8365,2026-05-18 12:26:33.196219,2026/05/18 12:26:33.238,1,NVIDIA A100-SXM-64GB,159.91,31922,100
8366,2026-05-18 12:26:33.196219,2026/05/18 12:26:33.240,2,NVIDIA A100-SXM-64GB,200.74,31912,100
8367,2026-05-18 12:26:33.196219,2026/05/18 12:26:33.242,3,NVIDIA A100-SXM-64GB,145.36,31846,100
8368,2026-05-18 12:26:38.285611,2026/05/18 12:26:38.325,0,NVIDIA A100-SXM-64GB,194.65,31904,100
8369,2026-05-18 12:26:38.285611,2026/05/18 12:26:38.327,1,NVIDIA A100-SXM-64GB,163.09,31922,100
8370,2026-05-18 12:26:38.285611,2026/05/18 12:26:38.330,2,NVIDIA A100-SXM-64GB,175.95,31912,100
8371,2026-05-18 12:26:38.285611,2026/05/18 12:26:38.333,3,NVIDIA A100-SXM-64GB,162.65,31846,100
8372,2026-05-18 12:26:43.374868,2026/05/18 12:26:43.414,0,NVIDIA A100-SXM-64GB,187.23,31904,100
8373,2026-05-18 12:26:43.374868,2026/05/18 12:26:43.416,1,NVIDIA A100-SXM-64GB,177.74,31922,100
8374,2026-05-18 12:26:43.374868,2026/05/18 12:26:43.419,2,NVIDIA A100-SXM-64GB,174.32,31912,100
8375,2026-05-18 12:26:43.374868,2026/05/18 12:26:43.421,3,NVIDIA A100-SXM-64GB,174.50,31846,100
8376,2026-05-18 12:26:48.466567,2026/05/18 12:26:48.506,0,NVIDIA A100-SXM-64GB,153.75,31904,98
8377,2026-05-18 12:26:48.466567,2026/05/18 12:26:48.508,1,NVIDIA A100-SXM-64GB,141.56,31922,98
8378,2026-05-18 12:26:48.466567,2026/05/18 12:26:48.511,2,NVIDIA A100-SXM-64GB,152.41,31912,98
8379,2026-05-18 12:26:48.466567,2026/05/18 12:26:48.513,3,NVIDIA A100-SXM-64GB,142.42,31846,98
8380,2026-05-18 12:26:53.555018,2026/05/18 12:26:53.594,0,NVIDIA A100-SXM-64GB,158.20,31904,98
8381,2026-05-18 12:26:53.555018,2026/05/18 12:26:53.596,1,NVIDIA A100-SXM-64GB,143.98,31922,98
8382,2026-05-18 12:26:53.555018,2026/05/18 12:26:53.600,2,NVIDIA A100-SXM-64GB,147.35,31912,100
8383,2026-05-18 12:26:53.555018,2026/05/18 12:26:53.602,3,NVIDIA A100-SXM-64GB,145.96,31846,98
8384,2026-05-18 12:26:58.644593,2026/05/18 12:26:58.684,0,NVIDIA A100-SXM-64GB,163.41,31904,100
8385,2026-05-18 12:26:58.644593,2026/05/18 12:26:58.686,1,NVIDIA A100-SXM-64GB,148.87,31922,100
8386,2026-05-18 12:26:58.644593,2026/05/18 12:26:58.689,2,NVIDIA A100-SXM-64GB,180.85,31912,100
8387,2026-05-18 12:26:58.644593,2026/05/18 12:26:58.691,3,NVIDIA A100-SXM-64GB,170.81,31846,100
8388,2026-05-18 12:27:03.733968,2026/05/18 12:27:03.773,0,NVIDIA A100-SXM-64GB,156.07,31904,98
8389,2026-05-18 12:27:03.733968,2026/05/18 12:27:03.777,1,NVIDIA A100-SXM-64GB,131.46,31922,98
8390,2026-05-18 12:27:03.733968,2026/05/18 12:27:03.783,2,NVIDIA A100-SXM-64GB,149.18,31912,100
8391,2026-05-18 12:27:03.733968,2026/05/18 12:27:03.789,3,NVIDIA A100-SXM-64GB,133.41,31846,98
8392,2026-05-18 12:27:08.830774,2026/05/18 12:27:08.870,0,NVIDIA A100-SXM-64GB,166.94,31904,100
8393,2026-05-18 12:27:08.830774,2026/05/18 12:27:08.873,1,NVIDIA A100-SXM-64GB,211.97,31922,100
8394,2026-05-18 12:27:08.830774,2026/05/18 12:27:08.875,2,NVIDIA A100-SXM-64GB,184.72,31912,100
8395,2026-05-18 12:27:08.830774,2026/05/18 12:27:08.878,3,NVIDIA A100-SXM-64GB,166.51,31846,100
8396,2026-05-18 12:27:13.919809,2026/05/18 12:27:13.959,0,NVIDIA A100-SXM-64GB,195.78,31904,100
8397,2026-05-18 12:27:13.919809,2026/05/18 12:27:13.961,1,NVIDIA A100-SXM-64GB,174.24,31922,100
8398,2026-05-18 12:27:13.919809,2026/05/18 12:27:13.965,2,NVIDIA A100-SXM-64GB,175.86,31912,100
8399,2026-05-18 12:27:13.919809,2026/05/18 12:27:13.968,3,NVIDIA A100-SXM-64GB,145.03,31846,100
8400,2026-05-18 12:27:19.011057,2026/05/18 12:27:19.050,0,NVIDIA A100-SXM-64GB,175.59,31904,100
8401,2026-05-18 12:27:19.011057,2026/05/18 12:27:19.052,1,NVIDIA A100-SXM-64GB,163.69,31922,100
8402,2026-05-18 12:27:19.011057,2026/05/18 12:27:19.055,2,NVIDIA A100-SXM-64GB,164.96,31912,100
8403,2026-05-18 12:27:19.011057,2026/05/18 12:27:19.060,3,NVIDIA A100-SXM-64GB,170.03,31846,100
8404,2026-05-18 12:27:24.101356,2026/05/18 12:27:24.141,0,NVIDIA A100-SXM-64GB,156.07,31904,98
8405,2026-05-18 12:27:24.101356,2026/05/18 12:27:24.144,1,NVIDIA A100-SXM-64GB,144.16,31922,98
8406,2026-05-18 12:27:24.101356,2026/05/18 12:27:24.149,2,NVIDIA A100-SXM-64GB,152.53,31912,98
8407,2026-05-18 12:27:24.101356,2026/05/18 12:27:24.154,3,NVIDIA A100-SXM-64GB,141.34,31846,98
8408,2026-05-18 12:27:29.196562,2026/05/18 12:27:29.236,0,NVIDIA A100-SXM-64GB,151.18,31904,98
8409,2026-05-18 12:27:29.196562,2026/05/18 12:27:29.238,1,NVIDIA A100-SXM-64GB,142.62,31922,98
8410,2026-05-18 12:27:29.196562,2026/05/18 12:27:29.241,2,NVIDIA A100-SXM-64GB,150.11,31912,98
8411,2026-05-18 12:27:29.196562,2026/05/18 12:27:29.244,3,NVIDIA A100-SXM-64GB,148.72,31846,98
8412,2026-05-18 12:27:34.286497,2026/05/18 12:27:34.326,0,NVIDIA A100-SXM-64GB,167.04,31904,100
8413,2026-05-18 12:27:34.286497,2026/05/18 12:27:34.329,1,NVIDIA A100-SXM-64GB,146.73,31922,100
8414,2026-05-18 12:27:34.286497,2026/05/18 12:27:34.331,2,NVIDIA A100-SXM-64GB,182.30,31912,100
8415,2026-05-18 12:27:34.286497,2026/05/18 12:27:34.336,3,NVIDIA A100-SXM-64GB,146.90,31846,100
8416,2026-05-18 12:27:39.379087,2026/05/18 12:27:39.418,0,NVIDIA A100-SXM-64GB,183.88,31904,100
8417,2026-05-18 12:27:39.379087,2026/05/18 12:27:39.420,1,NVIDIA A100-SXM-64GB,186.62,31922,100
8418,2026-05-18 12:27:39.379087,2026/05/18 12:27:39.423,2,NVIDIA A100-SXM-64GB,194.32,31912,100
8419,2026-05-18 12:27:39.379087,2026/05/18 12:27:39.426,3,NVIDIA A100-SXM-64GB,163.43,31846,100
8420,2026-05-18 12:27:44.467977,2026/05/18 12:27:44.508,0,NVIDIA A100-SXM-64GB,144.16,31904,100
8421,2026-05-18 12:27:44.467977,2026/05/18 12:27:44.517,1,NVIDIA A100-SXM-64GB,152.06,31922,100
8422,2026-05-18 12:27:44.467977,2026/05/18 12:27:44.520,2,NVIDIA A100-SXM-64GB,220.37,31912,100
8423,2026-05-18 12:27:44.467977,2026/05/18 12:27:44.523,3,NVIDIA A100-SXM-64GB,180.43,31846,100
8424,2026-05-18 12:27:49.565474,2026/05/18 12:27:49.605,0,NVIDIA A100-SXM-64GB,180.29,31904,100
8425,2026-05-18 12:27:49.565474,2026/05/18 12:27:49.607,1,NVIDIA A100-SXM-64GB,186.62,31922,100
8426,2026-05-18 12:27:49.565474,2026/05/18 12:27:49.610,2,NVIDIA A100-SXM-64GB,170.78,31912,100
8427,2026-05-18 12:27:49.565474,2026/05/18 12:27:49.614,3,NVIDIA A100-SXM-64GB,183.18,31846,100
8428,2026-05-18 12:27:54.656180,2026/05/18 12:27:54.695,0,NVIDIA A100-SXM-64GB,178.85,31904,100
8429,2026-05-18 12:27:54.656180,2026/05/18 12:27:54.697,1,NVIDIA A100-SXM-64GB,168.47,31922,100
8430,2026-05-18 12:27:54.656180,2026/05/18 12:27:54.700,2,NVIDIA A100-SXM-64GB,183.51,31912,100
8431,2026-05-18 12:27:54.656180,2026/05/18 12:27:54.702,3,NVIDIA A100-SXM-64GB,171.31,31846,100
8432,2026-05-18 12:27:59.745175,2026/05/18 12:27:59.784,0,NVIDIA A100-SXM-64GB,157.00,31904,98
8433,2026-05-18 12:27:59.745175,2026/05/18 12:27:59.788,1,NVIDIA A100-SXM-64GB,147.51,31922,100
8434,2026-05-18 12:27:59.745175,2026/05/18 12:27:59.793,2,NVIDIA A100-SXM-64GB,154.07,31912,98
8435,2026-05-18 12:27:59.745175,2026/05/18 12:27:59.795,3,NVIDIA A100-SXM-64GB,142.27,31846,100
8436,2026-05-18 12:28:04.839414,2026/05/18 12:28:04.879,0,NVIDIA A100-SXM-64GB,153.32,31904,100
8437,2026-05-18 12:28:04.839414,2026/05/18 12:28:04.882,1,NVIDIA A100-SXM-64GB,173.96,31922,98
8438,2026-05-18 12:28:04.839414,2026/05/18 12:28:04.884,2,NVIDIA A100-SXM-64GB,145.82,31912,100
8439,2026-05-18 12:28:04.839414,2026/05/18 12:28:04.887,3,NVIDIA A100-SXM-64GB,145.96,31846,98
8440,2026-05-18 12:28:09.929473,2026/05/18 12:28:09.969,0,NVIDIA A100-SXM-64GB,174.06,31904,100
8441,2026-05-18 12:28:09.929473,2026/05/18 12:28:09.973,1,NVIDIA A100-SXM-64GB,171.49,31922,100
8442,2026-05-18 12:28:09.929473,2026/05/18 12:28:09.975,2,NVIDIA A100-SXM-64GB,179.03,31912,100
8443,2026-05-18 12:28:09.929473,2026/05/18 12:28:09.978,3,NVIDIA A100-SXM-64GB,157.65,31846,100
8444,2026-05-18 12:28:15.019662,2026/05/18 12:28:15.059,0,NVIDIA A100-SXM-64GB,197.11,31904,100
8445,2026-05-18 12:28:15.019662,2026/05/18 12:28:15.061,1,NVIDIA A100-SXM-64GB,173.46,31922,100
8446,2026-05-18 12:28:15.019662,2026/05/18 12:28:15.065,2,NVIDIA A100-SXM-64GB,175.86,31912,100
8447,2026-05-18 12:28:15.019662,2026/05/18 12:28:15.068,3,NVIDIA A100-SXM-64GB,172.78,31846,100
8448,2026-05-18 12:28:20.110851,2026/05/18 12:28:20.171,0,NVIDIA A100-SXM-64GB,215.04,31904,100
8449,2026-05-18 12:28:20.110851,2026/05/18 12:28:20.177,1,NVIDIA A100-SXM-64GB,195.17,31922,100
8450,2026-05-18 12:28:20.110851,2026/05/18 12:28:20.179,2,NVIDIA A100-SXM-64GB,149.93,31912,100
8451,2026-05-18 12:28:20.110851,2026/05/18 12:28:20.182,3,NVIDIA A100-SXM-64GB,227.91,31846,100
8452,2026-05-18 12:28:25.224684,2026/05/18 12:28:25.264,0,NVIDIA A100-SXM-64GB,178.94,31904,100
8453,2026-05-18 12:28:25.224684,2026/05/18 12:28:25.266,1,NVIDIA A100-SXM-64GB,165.83,31922,100
8454,2026-05-18 12:28:25.224684,2026/05/18 12:28:25.269,2,NVIDIA A100-SXM-64GB,183.32,31912,100
8455,2026-05-18 12:28:25.224684,2026/05/18 12:28:25.271,3,NVIDIA A100-SXM-64GB,162.54,31846,100
8456,2026-05-18 12:28:30.315380,2026/05/18 12:28:30.355,0,NVIDIA A100-SXM-64GB,174.38,31904,100
8457,2026-05-18 12:28:30.315380,2026/05/18 12:28:30.358,1,NVIDIA A100-SXM-64GB,173.79,31922,100
8458,2026-05-18 12:28:30.315380,2026/05/18 12:28:30.360,2,NVIDIA A100-SXM-64GB,171.24,31912,100
8459,2026-05-18 12:28:30.315380,2026/05/18 12:28:30.363,3,NVIDIA A100-SXM-64GB,167.72,31846,100
8460,2026-05-18 12:28:35.404609,2026/05/18 12:28:35.444,0,NVIDIA A100-SXM-64GB,151.79,31904,100
8461,2026-05-18 12:28:35.404609,2026/05/18 12:28:35.447,1,NVIDIA A100-SXM-64GB,148.87,31922,100
8462,2026-05-18 12:28:35.404609,2026/05/18 12:28:35.449,2,NVIDIA A100-SXM-64GB,147.35,31912,98
8463,2026-05-18 12:28:35.404609,2026/05/18 12:28:35.452,3,NVIDIA A100-SXM-64GB,148.12,31846,100
8464,2026-05-18 12:28:40.496028,2026/05/18 12:28:40.535,0,NVIDIA A100-SXM-64GB,186.02,31904,100
8465,2026-05-18 12:28:40.496028,2026/05/18 12:28:40.537,1,NVIDIA A100-SXM-64GB,141.84,31922,100
8466,2026-05-18 12:28:40.496028,2026/05/18 12:28:40.540,2,NVIDIA A100-SXM-64GB,150.72,31912,100
8467,2026-05-18 12:28:40.496028,2026/05/18 12:28:40.543,3,NVIDIA A100-SXM-64GB,177.58,31846,100
8468,2026-05-18 12:28:45.584977,2026/05/18 12:28:45.624,0,NVIDIA A100-SXM-64GB,166.43,31904,100
8469,2026-05-18 12:28:45.584977,2026/05/18 12:28:45.627,1,NVIDIA A100-SXM-64GB,146.73,31922,100
8470,2026-05-18 12:28:45.584977,2026/05/18 12:28:45.629,2,NVIDIA A100-SXM-64GB,153.34,31912,100
8471,2026-05-18 12:28:45.584977,2026/05/18 12:28:45.632,3,NVIDIA A100-SXM-64GB,147.66,31846,100
8472,2026-05-18 12:28:50.676565,2026/05/18 12:28:50.716,0,NVIDIA A100-SXM-64GB,178.66,31904,100
8473,2026-05-18 12:28:50.676565,2026/05/18 12:28:50.719,1,NVIDIA A100-SXM-64GB,167.81,31922,100
8474,2026-05-18 12:28:50.676565,2026/05/18 12:28:50.721,2,NVIDIA A100-SXM-64GB,170.13,31912,100
8475,2026-05-18 12:28:50.676565,2026/05/18 12:28:50.724,3,NVIDIA A100-SXM-64GB,186.59,31846,100
8476,2026-05-18 12:28:55.765712,2026/05/18 12:28:55.805,0,NVIDIA A100-SXM-64GB,176.85,31904,98
8477,2026-05-18 12:28:55.765712,2026/05/18 12:28:55.807,1,NVIDIA A100-SXM-64GB,224.24,31922,98
8478,2026-05-18 12:28:55.765712,2026/05/18 12:28:55.810,2,NVIDIA A100-SXM-64GB,183.32,31912,100
8479,2026-05-18 12:28:55.765712,2026/05/18 12:28:55.813,3,NVIDIA A100-SXM-64GB,180.76,31846,98
8480,2026-05-18 12:29:00.855049,2026/05/18 12:29:00.895,0,NVIDIA A100-SXM-64GB,159.41,31904,98
8481,2026-05-18 12:29:00.855049,2026/05/18 12:29:00.899,1,NVIDIA A100-SXM-64GB,148.72,31922,98
8482,2026-05-18 12:29:00.855049,2026/05/18 12:29:00.902,2,NVIDIA A100-SXM-64GB,152.70,31912,98
8483,2026-05-18 12:29:00.855049,2026/05/18 12:29:00.904,3,NVIDIA A100-SXM-64GB,145.36,31846,98
8484,2026-05-18 12:29:05.946449,2026/05/18 12:29:05.987,0,NVIDIA A100-SXM-64GB,157.76,31904,99
8485,2026-05-18 12:29:05.946449,2026/05/18 12:29:05.989,1,NVIDIA A100-SXM-64GB,143.85,31922,99
8486,2026-05-18 12:29:05.946449,2026/05/18 12:29:05.992,2,NVIDIA A100-SXM-64GB,148.12,31912,100
8487,2026-05-18 12:29:05.946449,2026/05/18 12:29:05.995,3,NVIDIA A100-SXM-64GB,147.66,31846,99
8488,2026-05-18 12:29:11.039713,2026/05/18 12:29:11.079,0,NVIDIA A100-SXM-64GB,143.56,31904,100
8489,2026-05-18 12:29:11.039713,2026/05/18 12:29:11.083,1,NVIDIA A100-SXM-64GB,174.72,31922,100
8490,2026-05-18 12:29:11.039713,2026/05/18 12:29:11.086,2,NVIDIA A100-SXM-64GB,171.24,31912,100
8491,2026-05-18 12:29:11.039713,2026/05/18 12:29:11.089,3,NVIDIA A100-SXM-64GB,132.80,31846,98
8492,2026-05-18 12:29:16.130994,2026/05/18 12:29:16.170,0,NVIDIA A100-SXM-64GB,154.20,31904,98
8493,2026-05-18 12:29:16.130994,2026/05/18 12:29:16.172,1,NVIDIA A100-SXM-64GB,142.02,31922,98
8494,2026-05-18 12:29:16.130994,2026/05/18 12:29:16.175,2,NVIDIA A100-SXM-64GB,150.72,31912,98
8495,2026-05-18 12:29:16.130994,2026/05/18 12:29:16.178,3,NVIDIA A100-SXM-64GB,142.61,31846,98
8496,2026-05-18 12:29:21.219981,2026/05/18 12:29:21.259,0,NVIDIA A100-SXM-64GB,164.89,31904,100
8497,2026-05-18 12:29:21.219981,2026/05/18 12:29:21.261,1,NVIDIA A100-SXM-64GB,149.97,31922,100
8498,2026-05-18 12:29:21.219981,2026/05/18 12:29:21.267,2,NVIDIA A100-SXM-64GB,173.71,31912,100
8499,2026-05-18 12:29:21.219981,2026/05/18 12:29:21.270,3,NVIDIA A100-SXM-64GB,177.67,31846,100
8500,2026-05-18 12:29:26.311830,2026/05/18 12:29:26.351,0,NVIDIA A100-SXM-64GB,182.15,31904,100
8501,2026-05-18 12:29:26.311830,2026/05/18 12:29:26.354,1,NVIDIA A100-SXM-64GB,175.32,31922,100
8502,2026-05-18 12:29:26.311830,2026/05/18 12:29:26.356,2,NVIDIA A100-SXM-64GB,188.54,31912,100
8503,2026-05-18 12:29:26.311830,2026/05/18 12:29:26.361,3,NVIDIA A100-SXM-64GB,182.90,31846,100
8504,2026-05-18 12:29:31.403087,2026/05/18 12:29:31.442,0,NVIDIA A100-SXM-64GB,171.91,31904,100
8505,2026-05-18 12:29:31.403087,2026/05/18 12:29:31.444,1,NVIDIA A100-SXM-64GB,152.54,31922,100
8506,2026-05-18 12:29:31.403087,2026/05/18 12:29:31.451,2,NVIDIA A100-SXM-64GB,146.43,31912,100
8507,2026-05-18 12:29:31.403087,2026/05/18 12:29:31.453,3,NVIDIA A100-SXM-64GB,225.49,31846,97
8508,2026-05-18 12:29:36.495820,2026/05/18 12:29:36.535,0,NVIDIA A100-SXM-64GB,177.28,31904,100
8509,2026-05-18 12:29:36.495820,2026/05/18 12:29:36.537,1,NVIDIA A100-SXM-64GB,175.92,31922,100
8510,2026-05-18 12:29:36.495820,2026/05/18 12:29:36.540,2,NVIDIA A100-SXM-64GB,194.92,31912,100
8511,2026-05-18 12:29:36.495820,2026/05/18 12:29:36.544,3,NVIDIA A100-SXM-64GB,164.53,31846,100
8512,2026-05-18 12:29:41.586392,2026/05/18 12:29:41.626,0,NVIDIA A100-SXM-64GB,173.88,31904,100
8513,2026-05-18 12:29:41.586392,2026/05/18 12:29:41.630,1,NVIDIA A100-SXM-64GB,177.13,31922,100
8514,2026-05-18 12:29:41.586392,2026/05/18 12:29:41.634,2,NVIDIA A100-SXM-64GB,166.50,31912,100
8515,2026-05-18 12:29:41.586392,2026/05/18 12:29:41.636,3,NVIDIA A100-SXM-64GB,176.74,31846,100
8516,2026-05-18 12:29:46.678939,2026/05/18 12:29:46.718,0,NVIDIA A100-SXM-64GB,159.58,31904,98
8517,2026-05-18 12:29:46.678939,2026/05/18 12:29:46.720,1,NVIDIA A100-SXM-64GB,144.28,31922,98
8518,2026-05-18 12:29:46.678939,2026/05/18 12:29:46.723,2,NVIDIA A100-SXM-64GB,149.35,31912,100
8519,2026-05-18 12:29:46.678939,2026/05/18 12:29:46.725,3,NVIDIA A100-SXM-64GB,148.29,31846,98
8520,2026-05-18 12:29:51.768291,2026/05/18 12:29:51.808,0,NVIDIA A100-SXM-64GB,157.87,31904,99
8521,2026-05-18 12:29:51.768291,2026/05/18 12:29:51.814,1,NVIDIA A100-SXM-64GB,168.57,31922,100
8522,2026-05-18 12:29:51.768291,2026/05/18 12:29:51.820,2,NVIDIA A100-SXM-64GB,196.26,31912,100
8523,2026-05-18 12:29:51.768291,2026/05/18 12:29:51.826,3,NVIDIA A100-SXM-64GB,183.51,31846,100
8524,2026-05-18 12:29:56.868990,2026/05/18 12:29:56.908,0,NVIDIA A100-SXM-64GB,164.62,31904,100
8525,2026-05-18 12:29:56.868990,2026/05/18 12:29:56.910,1,NVIDIA A100-SXM-64GB,150.25,31922,100
8526,2026-05-18 12:29:56.868990,2026/05/18 12:29:56.913,2,NVIDIA A100-SXM-64GB,173.81,31912,100
8527,2026-05-18 12:29:56.868990,2026/05/18 12:29:56.915,3,NVIDIA A100-SXM-64GB,157.92,31846,100
8528,2026-05-18 12:30:01.958577,2026/05/18 12:30:01.999,0,NVIDIA A100-SXM-64GB,176.35,31904,100
8529,2026-05-18 12:30:01.958577,2026/05/18 12:30:02.002,1,NVIDIA A100-SXM-64GB,162.92,31922,100
8530,2026-05-18 12:30:01.958577,2026/05/18 12:30:02.004,2,NVIDIA A100-SXM-64GB,193.84,31912,100
8531,2026-05-18 12:30:01.958577,2026/05/18 12:30:02.007,3,NVIDIA A100-SXM-64GB,173.11,31846,100
8532,2026-05-18 12:30:07.049821,2026/05/18 12:30:07.089,0,NVIDIA A100-SXM-64GB,172.67,31904,100
8533,2026-05-18 12:30:07.049821,2026/05/18 12:30:07.091,1,NVIDIA A100-SXM-64GB,137.41,31922,100
8534,2026-05-18 12:30:07.049821,2026/05/18 12:30:07.097,2,NVIDIA A100-SXM-64GB,177.49,31912,98
8535,2026-05-18 12:30:07.049821,2026/05/18 12:30:07.099,3,NVIDIA A100-SXM-64GB,138.77,31846,100
8536,2026-05-18 12:30:12.142667,2026/05/18 12:30:12.182,0,NVIDIA A100-SXM-64GB,185.83,31904,100
8537,2026-05-18 12:30:12.142667,2026/05/18 12:30:12.185,1,NVIDIA A100-SXM-64GB,186.02,31922,100
8538,2026-05-18 12:30:12.142667,2026/05/18 12:30:12.187,2,NVIDIA A100-SXM-64GB,178.43,31912,100
8539,2026-05-18 12:30:12.142667,2026/05/18 12:30:12.190,3,NVIDIA A100-SXM-64GB,182.57,31846,100
8540,2026-05-18 12:30:17.232409,2026/05/18 12:30:17.272,0,NVIDIA A100-SXM-64GB,180.89,31904,100
8541,2026-05-18 12:30:17.232409,2026/05/18 12:30:17.275,1,NVIDIA A100-SXM-64GB,174.72,31922,100
8542,2026-05-18 12:30:17.232409,2026/05/18 12:30:17.279,2,NVIDIA A100-SXM-64GB,179.03,31912,100
8543,2026-05-18 12:30:17.232409,2026/05/18 12:30:17.284,3,NVIDIA A100-SXM-64GB,163.59,31846,100
8544,2026-05-18 12:30:22.327381,2026/05/18 12:30:22.367,0,NVIDIA A100-SXM-64GB,152.54,31904,98
8545,2026-05-18 12:30:22.327381,2026/05/18 12:30:22.370,1,NVIDIA A100-SXM-64GB,145.84,31922,98
8546,2026-05-18 12:30:22.327381,2026/05/18 12:30:22.372,2,NVIDIA A100-SXM-64GB,153.01,31912,100
8547,2026-05-18 12:30:22.327381,2026/05/18 12:30:22.375,3,NVIDIA A100-SXM-64GB,144.30,31846,98
8548,2026-05-18 12:30:27.417587,2026/05/18 12:30:27.457,0,NVIDIA A100-SXM-64GB,195.85,31904,100
8549,2026-05-18 12:30:27.417587,2026/05/18 12:30:27.459,1,NVIDIA A100-SXM-64GB,173.46,31922,100
8550,2026-05-18 12:30:27.417587,2026/05/18 12:30:27.462,2,NVIDIA A100-SXM-64GB,179.31,31912,100
8551,2026-05-18 12:30:27.417587,2026/05/18 12:30:27.464,3,NVIDIA A100-SXM-64GB,162.05,31846,100
8552,2026-05-18 12:30:32.507296,2026/05/18 12:30:32.547,0,NVIDIA A100-SXM-64GB,174.54,31904,100
8553,2026-05-18 12:30:32.507296,2026/05/18 12:30:32.549,1,NVIDIA A100-SXM-64GB,150.58,31922,100
8554,2026-05-18 12:30:32.507296,2026/05/18 12:30:32.552,2,NVIDIA A100-SXM-64GB,158.09,31912,100
8555,2026-05-18 12:30:32.507296,2026/05/18 12:30:32.554,3,NVIDIA A100-SXM-64GB,151.32,31846,100
8556,2026-05-18 12:30:37.600528,2026/05/18 12:30:37.640,0,NVIDIA A100-SXM-64GB,151.46,31904,98
8557,2026-05-18 12:30:37.600528,2026/05/18 12:30:37.642,1,NVIDIA A100-SXM-64GB,145.98,31922,98
8558,2026-05-18 12:30:37.600528,2026/05/18 12:30:37.646,2,NVIDIA A100-SXM-64GB,147.96,31912,98
8559,2026-05-18 12:30:37.600528,2026/05/18 12:30:37.649,3,NVIDIA A100-SXM-64GB,145.96,31846,98
8560,2026-05-18 12:30:42.691405,2026/05/18 12:30:42.731,0,NVIDIA A100-SXM-64GB,157.76,31904,97
8561,2026-05-18 12:30:42.691405,2026/05/18 12:30:42.734,1,NVIDIA A100-SXM-64GB,141.56,31922,97
8562,2026-05-18 12:30:42.691405,2026/05/18 12:30:42.736,2,NVIDIA A100-SXM-64GB,149.78,31912,100
8563,2026-05-18 12:30:42.691405,2026/05/18 12:30:42.739,3,NVIDIA A100-SXM-64GB,148.12,31846,97
8564,2026-05-18 12:30:47.781381,2026/05/18 12:30:47.821,0,NVIDIA A100-SXM-64GB,190.98,31904,100
8565,2026-05-18 12:30:47.781381,2026/05/18 12:30:47.826,1,NVIDIA A100-SXM-64GB,168.30,31922,100
8566,2026-05-18 12:30:47.781381,2026/05/18 12:30:47.832,2,NVIDIA A100-SXM-64GB,197.72,31912,100
8567,2026-05-18 12:30:47.781381,2026/05/18 12:30:47.834,3,NVIDIA A100-SXM-64GB,202.82,31846,100
8568,2026-05-18 12:30:52.879162,2026/05/18 12:30:52.918,0,NVIDIA A100-SXM-64GB,166.43,31904,100
8569,2026-05-18 12:30:52.879162,2026/05/18 12:30:52.921,1,NVIDIA A100-SXM-64GB,168.90,31922,100
8570,2026-05-18 12:30:52.879162,2026/05/18 12:30:52.923,2,NVIDIA A100-SXM-64GB,183.60,31912,100
8571,2026-05-18 12:30:52.879162,2026/05/18 12:30:52.926,3,NVIDIA A100-SXM-64GB,167.55,31846,100
8572,2026-05-18 12:30:57.968723,2026/05/18 12:30:58.008,0,NVIDIA A100-SXM-64GB,154.86,31904,100
8573,2026-05-18 12:30:57.968723,2026/05/18 12:30:58.011,1,NVIDIA A100-SXM-64GB,148.26,31922,100
8574,2026-05-18 12:30:57.968723,2026/05/18 12:30:58.017,2,NVIDIA A100-SXM-64GB,151.65,31912,100
8575,2026-05-18 12:30:57.968723,2026/05/18 12:30:58.019,3,NVIDIA A100-SXM-64GB,142.00,31846,98
8576,2026-05-18 12:31:03.062884,2026/05/18 12:31:03.102,0,NVIDIA A100-SXM-64GB,179.60,31904,100
8577,2026-05-18 12:31:03.062884,2026/05/18 12:31:03.104,1,NVIDIA A100-SXM-64GB,162.76,31922,100
8578,2026-05-18 12:31:03.062884,2026/05/18 12:31:03.107,2,NVIDIA A100-SXM-64GB,182.57,31912,100
8579,2026-05-18 12:31:03.062884,2026/05/18 12:31:03.111,3,NVIDIA A100-SXM-64GB,140.87,31846,100
8580,2026-05-18 12:31:08.154455,2026/05/18 12:31:08.194,0,NVIDIA A100-SXM-64GB,184.15,31904,100
8581,2026-05-18 12:31:08.154455,2026/05/18 12:31:08.198,1,NVIDIA A100-SXM-64GB,169.07,31922,100
8582,2026-05-18 12:31:08.154455,2026/05/18 12:31:08.201,2,NVIDIA A100-SXM-64GB,153.79,31912,100
8583,2026-05-18 12:31:08.154455,2026/05/18 12:31:08.203,3,NVIDIA A100-SXM-64GB,172.62,31846,100
8584,2026-05-18 12:31:13.246498,2026/05/18 12:31:13.298,0,NVIDIA A100-SXM-64GB,210.81,31904,100
8585,2026-05-18 12:31:13.246498,2026/05/18 12:31:13.301,1,NVIDIA A100-SXM-64GB,169.51,31922,100
8586,2026-05-18 12:31:13.246498,2026/05/18 12:31:13.304,2,NVIDIA A100-SXM-64GB,169.69,31912,100
8587,2026-05-18 12:31:13.246498,2026/05/18 12:31:13.306,3,NVIDIA A100-SXM-64GB,150.87,31846,100
8588,2026-05-18 12:31:18.349815,2026/05/18 12:31:18.389,0,NVIDIA A100-SXM-64GB,207.08,31904,98
8589,2026-05-18 12:31:18.349815,2026/05/18 12:31:18.391,1,NVIDIA A100-SXM-64GB,198.20,31922,98
8590,2026-05-18 12:31:18.349815,2026/05/18 12:31:18.394,2,NVIDIA A100-SXM-64GB,150.72,31912,97
8591,2026-05-18 12:31:18.349815,2026/05/18 12:31:18.396,3,NVIDIA A100-SXM-64GB,148.72,31846,100
8592,2026-05-18 12:31:23.442069,2026/05/18 12:31:23.481,0,NVIDIA A100-SXM-64GB,179.87,31904,100
8593,2026-05-18 12:31:23.442069,2026/05/18 12:31:23.484,1,NVIDIA A100-SXM-64GB,169.78,31922,100
8594,2026-05-18 12:31:23.442069,2026/05/18 12:31:23.487,2,NVIDIA A100-SXM-64GB,169.42,31912,100
8595,2026-05-18 12:31:23.442069,2026/05/18 12:31:23.489,3,NVIDIA A100-SXM-64GB,170.48,31846,100
8596,2026-05-18 12:31:28.532164,2026/05/18 12:31:28.571,0,NVIDIA A100-SXM-64GB,165.83,31904,100
8597,2026-05-18 12:31:28.532164,2026/05/18 12:31:28.573,1,NVIDIA A100-SXM-64GB,176.38,31922,100
8598,2026-05-18 12:31:28.532164,2026/05/18 12:31:28.576,2,NVIDIA A100-SXM-64GB,165.40,31912,100
8599,2026-05-18 12:31:28.532164,2026/05/18 12:31:28.578,3,NVIDIA A100-SXM-64GB,171.13,31846,100
8600,2026-05-18 12:31:33.621749,2026/05/18 12:31:33.661,0,NVIDIA A100-SXM-64GB,179.60,31904,100
8601,2026-05-18 12:31:33.621749,2026/05/18 12:31:33.667,1,NVIDIA A100-SXM-64GB,141.24,31922,100
8602,2026-05-18 12:31:33.621749,2026/05/18 12:31:33.669,2,NVIDIA A100-SXM-64GB,151.80,31912,98
8603,2026-05-18 12:31:33.621749,2026/05/18 12:31:33.675,3,NVIDIA A100-SXM-64GB,176.31,31846,100
8604,2026-05-18 12:31:38.718307,2026/05/18 12:31:38.758,0,NVIDIA A100-SXM-64GB,189.97,31904,100
8605,2026-05-18 12:31:38.718307,2026/05/18 12:31:38.760,1,NVIDIA A100-SXM-64GB,179.87,31922,100
8606,2026-05-18 12:31:38.718307,2026/05/18 12:31:38.763,2,NVIDIA A100-SXM-64GB,182.30,31912,100
8607,2026-05-18 12:31:38.718307,2026/05/18 12:31:38.765,3,NVIDIA A100-SXM-64GB,174.92,31846,100
8608,2026-05-18 12:31:43.808808,2026/05/18 12:31:43.848,0,NVIDIA A100-SXM-64GB,160.62,31904,100
8609,2026-05-18 12:31:43.808808,2026/05/18 12:31:43.852,1,NVIDIA A100-SXM-64GB,149.80,31922,100
8610,2026-05-18 12:31:43.808808,2026/05/18 12:31:43.854,2,NVIDIA A100-SXM-64GB,151.93,31912,100
8611,2026-05-18 12:31:43.808808,2026/05/18 12:31:43.857,3,NVIDIA A100-SXM-64GB,160.40,31846,100
8612,2026-05-18 12:31:48.900712,2026/05/18 12:31:48.940,0,NVIDIA A100-SXM-64GB,174.06,31904,100
8613,2026-05-18 12:31:48.900712,2026/05/18 12:31:48.942,1,NVIDIA A100-SXM-64GB,160.94,31922,100
8614,2026-05-18 12:31:48.900712,2026/05/18 12:31:48.945,2,NVIDIA A100-SXM-64GB,213.33,31912,100
8615,2026-05-18 12:31:48.900712,2026/05/18 12:31:48.947,3,NVIDIA A100-SXM-64GB,170.20,31846,100
8616,2026-05-18 12:31:53.990921,2026/05/18 12:31:54.031,0,NVIDIA A100-SXM-64GB,142.77,31904,97
8617,2026-05-18 12:31:53.990921,2026/05/18 12:31:54.034,1,NVIDIA A100-SXM-64GB,152.87,31922,98
8618,2026-05-18 12:31:53.990921,2026/05/18 12:31:54.036,2,NVIDIA A100-SXM-64GB,215.03,31912,100
8619,2026-05-18 12:31:53.990921,2026/05/18 12:31:54.043,3,NVIDIA A100-SXM-64GB,134.43,31846,100
8620,2026-05-18 12:31:59.089876,2026/05/18 12:31:59.129,0,NVIDIA A100-SXM-64GB,191.91,31904,100
8621,2026-05-18 12:31:59.089876,2026/05/18 12:31:59.132,1,NVIDIA A100-SXM-64GB,173.79,31922,100
8622,2026-05-18 12:31:59.089876,2026/05/18 12:31:59.136,2,NVIDIA A100-SXM-64GB,180.58,31912,100
8623,2026-05-18 12:31:59.089876,2026/05/18 12:31:59.141,3,NVIDIA A100-SXM-64GB,166.84,31846,100
8624,2026-05-18 12:32:04.184186,2026/05/18 12:32:04.223,0,NVIDIA A100-SXM-64GB,186.62,31904,100
8625,2026-05-18 12:32:04.184186,2026/05/18 12:32:04.226,1,NVIDIA A100-SXM-64GB,174.06,31922,100
8626,2026-05-18 12:32:04.184186,2026/05/18 12:32:04.228,2,NVIDIA A100-SXM-64GB,174.59,31912,100
8627,2026-05-18 12:32:04.184186,2026/05/18 12:32:04.231,3,NVIDIA A100-SXM-64GB,157.92,31846,100
8628,2026-05-18 12:32:09.276117,2026/05/18 12:32:09.315,0,NVIDIA A100-SXM-64GB,154.53,31904,98
8629,2026-05-18 12:32:09.276117,2026/05/18 12:32:09.317,1,NVIDIA A100-SXM-64GB,158.64,31922,100
8630,2026-05-18 12:32:09.276117,2026/05/18 12:32:09.321,2,NVIDIA A100-SXM-64GB,188.73,31912,98
8631,2026-05-18 12:32:09.276117,2026/05/18 12:32:09.323,3,NVIDIA A100-SXM-64GB,168.05,31846,100
8632,2026-05-18 12:32:14.366931,2026/05/18 12:32:14.406,0,NVIDIA A100-SXM-64GB,186.29,31904,100
8633,2026-05-18 12:32:14.366931,2026/05/18 12:32:14.408,1,NVIDIA A100-SXM-64GB,171.04,31922,100
8634,2026-05-18 12:32:14.366931,2026/05/18 12:32:14.411,2,NVIDIA A100-SXM-64GB,173.11,31912,100
8635,2026-05-18 12:32:14.366931,2026/05/18 12:32:14.414,3,NVIDIA A100-SXM-64GB,168.05,31846,100
8636,2026-05-18 12:32:19.459669,2026/05/18 12:32:19.499,0,NVIDIA A100-SXM-64GB,156.50,31904,100
8637,2026-05-18 12:32:19.459669,2026/05/18 12:32:19.501,1,NVIDIA A100-SXM-64GB,146.60,31922,100
8638,2026-05-18 12:32:19.459669,2026/05/18 12:32:19.504,2,NVIDIA A100-SXM-64GB,157.92,31912,100
8639,2026-05-18 12:32:19.459669,2026/05/18 12:32:19.506,3,NVIDIA A100-SXM-64GB,160.84,31846,100
8640,2026-05-18 12:32:24.553018,2026/05/18 12:32:24.592,0,NVIDIA A100-SXM-64GB,147.84,31904,100
8641,2026-05-18 12:32:24.553018,2026/05/18 12:32:24.595,1,NVIDIA A100-SXM-64GB,177.46,31922,98
8642,2026-05-18 12:32:24.553018,2026/05/18 12:32:24.601,2,NVIDIA A100-SXM-64GB,147.96,31912,100
8643,2026-05-18 12:32:24.553018,2026/05/18 12:32:24.603,3,NVIDIA A100-SXM-64GB,184.44,31846,100
8644,2026-05-18 12:32:29.646551,2026/05/18 12:32:29.686,0,NVIDIA A100-SXM-64GB,144.43,31904,97
8645,2026-05-18 12:32:29.646551,2026/05/18 12:32:29.690,1,NVIDIA A100-SXM-64GB,147.51,31922,97
8646,2026-05-18 12:32:29.646551,2026/05/18 12:32:29.693,2,NVIDIA A100-SXM-64GB,150.11,31912,100
8647,2026-05-18 12:32:29.646551,2026/05/18 12:32:29.695,3,NVIDIA A100-SXM-64GB,142.00,31846,98
8648,2026-05-18 12:32:34.738313,2026/05/18 12:32:34.778,0,NVIDIA A100-SXM-64GB,174.06,31904,100
8649,2026-05-18 12:32:34.738313,2026/05/18 12:32:34.781,1,NVIDIA A100-SXM-64GB,170.43,31922,100
8650,2026-05-18 12:32:34.738313,2026/05/18 12:32:34.783,2,NVIDIA A100-SXM-64GB,188.82,31912,100
8651,2026-05-18 12:32:34.738313,2026/05/18 12:32:34.786,3,NVIDIA A100-SXM-64GB,189.62,31846,100
8652,2026-05-18 12:32:39.829540,2026/05/18 12:32:39.869,0,NVIDIA A100-SXM-64GB,182.15,31904,100
8653,2026-05-18 12:32:39.829540,2026/05/18 12:32:39.874,1,NVIDIA A100-SXM-64GB,171.32,31922,100
8654,2026-05-18 12:32:39.829540,2026/05/18 12:32:39.876,2,NVIDIA A100-SXM-64GB,162.21,31912,100
8655,2026-05-18 12:32:39.829540,2026/05/18 12:32:39.881,3,NVIDIA A100-SXM-64GB,173.71,31846,100
8656,2026-05-18 12:32:44.924002,2026/05/18 12:32:44.963,0,NVIDIA A100-SXM-64GB,153.48,31904,99
8657,2026-05-18 12:32:44.924002,2026/05/18 12:32:44.966,1,NVIDIA A100-SXM-64GB,140.03,31922,98
8658,2026-05-18 12:32:44.924002,2026/05/18 12:32:44.968,2,NVIDIA A100-SXM-64GB,153.79,31912,98
8659,2026-05-18 12:32:44.924002,2026/05/18 12:32:44.971,3,NVIDIA A100-SXM-64GB,146.11,31846,98
8660,2026-05-18 12:32:50.014093,2026/05/18 12:32:50.053,0,NVIDIA A100-SXM-64GB,153.60,31904,100
8661,2026-05-18 12:32:50.014093,2026/05/18 12:32:50.058,1,NVIDIA A100-SXM-64GB,145.98,31922,98
8662,2026-05-18 12:32:50.014093,2026/05/18 12:32:50.062,2,NVIDIA A100-SXM-64GB,147.63,31912,100
8663,2026-05-18 12:32:50.014093,2026/05/18 12:32:50.066,3,NVIDIA A100-SXM-64GB,144.75,31846,98
8664,2026-05-18 12:32:55.109136,2026/05/18 12:32:55.148,0,NVIDIA A100-SXM-64GB,156.67,31904,100
8665,2026-05-18 12:32:55.109136,2026/05/18 12:32:55.150,1,NVIDIA A100-SXM-64GB,177.74,31922,100
8666,2026-05-18 12:32:55.109136,2026/05/18 12:32:55.154,2,NVIDIA A100-SXM-64GB,178.43,31912,100
8667,2026-05-18 12:32:55.109136,2026/05/18 12:32:55.157,3,NVIDIA A100-SXM-64GB,161.60,31846,100
8668,2026-05-18 12:33:00.201737,2026/05/18 12:33:00.241,0,NVIDIA A100-SXM-64GB,200.06,31904,100
8669,2026-05-18 12:33:00.201737,2026/05/18 12:33:00.252,1,NVIDIA A100-SXM-64GB,146.73,31922,100
8670,2026-05-18 12:33:00.201737,2026/05/18 12:33:00.255,2,NVIDIA A100-SXM-64GB,212.89,31912,100
8671,2026-05-18 12:33:00.201737,2026/05/18 12:33:00.257,3,NVIDIA A100-SXM-64GB,142.61,31846,98
8672,2026-05-18 12:33:05.303131,2026/05/18 12:33:05.343,0,NVIDIA A100-SXM-64GB,154.53,31904,98
8673,2026-05-18 12:33:05.303131,2026/05/18 12:33:05.346,1,NVIDIA A100-SXM-64GB,144.58,31922,97
8674,2026-05-18 12:33:05.303131,2026/05/18 12:33:05.348,2,NVIDIA A100-SXM-64GB,147.35,31912,98
8675,2026-05-18 12:33:05.303131,2026/05/18 12:33:05.351,3,NVIDIA A100-SXM-64GB,149.33,31846,97
8676,2026-05-18 12:33:10.394941,2026/05/18 12:33:10.434,0,NVIDIA A100-SXM-64GB,181.08,31904,100
8677,2026-05-18 12:33:10.394941,2026/05/18 12:33:10.437,1,NVIDIA A100-SXM-64GB,177.13,31922,100
8678,2026-05-18 12:33:10.394941,2026/05/18 12:33:10.439,2,NVIDIA A100-SXM-64GB,174.59,31912,100
8679,2026-05-18 12:33:10.394941,2026/05/18 12:33:10.442,3,NVIDIA A100-SXM-64GB,165.57,31846,100
8680,2026-05-18 12:33:15.485084,2026/05/18 12:33:15.524,0,NVIDIA A100-SXM-64GB,167.54,31904,100
8681,2026-05-18 12:33:15.485084,2026/05/18 12:33:15.527,1,NVIDIA A100-SXM-64GB,167.54,31922,100
8682,2026-05-18 12:33:15.485084,2026/05/18 12:33:15.529,2,NVIDIA A100-SXM-64GB,167.55,31912,100
8683,2026-05-18 12:33:15.485084,2026/05/18 12:33:15.532,3,NVIDIA A100-SXM-64GB,172.02,31846,100
8684,2026-05-18 12:33:20.575481,2026/05/18 12:33:20.615,0,NVIDIA A100-SXM-64GB,199.85,31904,100
8685,2026-05-18 12:33:20.575481,2026/05/18 12:33:20.620,1,NVIDIA A100-SXM-64GB,156.34,31922,100
8686,2026-05-18 12:33:20.575481,2026/05/18 12:33:20.625,2,NVIDIA A100-SXM-64GB,170.46,31912,100
8687,2026-05-18 12:33:20.575481,2026/05/18 12:33:20.628,3,NVIDIA A100-SXM-64GB,173.56,31846,100
8688,2026-05-18 12:33:25.673822,2026/05/18 12:33:25.713,0,NVIDIA A100-SXM-64GB,183.03,31904,100
8689,2026-05-18 12:33:25.673822,2026/05/18 12:33:25.716,1,NVIDIA A100-SXM-64GB,182.95,31922,100
8690,2026-05-18 12:33:25.673822,2026/05/18 12:33:25.719,2,NVIDIA A100-SXM-64GB,194.92,31912,100
8691,2026-05-18 12:33:25.673822,2026/05/18 12:33:25.721,3,NVIDIA A100-SXM-64GB,165.91,31846,100
8692,2026-05-18 12:33:30.765476,2026/05/18 12:33:30.812,0,NVIDIA A100-SXM-64GB,172.58,31904,100
8693,2026-05-18 12:33:30.765476,2026/05/18 12:33:30.816,1,NVIDIA A100-SXM-64GB,146.45,31922,100
8694,2026-05-18 12:33:30.765476,2026/05/18 12:33:30.819,2,NVIDIA A100-SXM-64GB,154.07,31912,100
8695,2026-05-18 12:33:30.765476,2026/05/18 12:33:30.821,3,NVIDIA A100-SXM-64GB,165.57,31846,100
8696,2026-05-18 12:33:35.864807,2026/05/18 12:33:35.904,0,NVIDIA A100-SXM-64GB,149.47,31904,98
8697,2026-05-18 12:33:35.864807,2026/05/18 12:33:35.906,1,NVIDIA A100-SXM-64GB,143.71,31922,100
8698,2026-05-18 12:33:35.864807,2026/05/18 12:33:35.909,2,NVIDIA A100-SXM-64GB,151.80,31912,98
8699,2026-05-18 12:33:35.864807,2026/05/18 12:33:35.912,3,NVIDIA A100-SXM-64GB,144.75,31846,98
8700,2026-05-18 12:33:40.956897,2026/05/18 12:33:40.996,0,NVIDIA A100-SXM-64GB,175.32,31904,100
8701,2026-05-18 12:33:40.956897,2026/05/18 12:33:40.998,1,NVIDIA A100-SXM-64GB,145.52,31922,100
8702,2026-05-18 12:33:40.956897,2026/05/18 12:33:41.001,2,NVIDIA A100-SXM-64GB,152.26,31912,100
8703,2026-05-18 12:33:40.956897,2026/05/18 12:33:41.003,3,NVIDIA A100-SXM-64GB,168.49,31846,100
8704,2026-05-18 12:33:46.048360,2026/05/18 12:33:46.088,0,NVIDIA A100-SXM-64GB,176.20,31904,100
8705,2026-05-18 12:33:46.048360,2026/05/18 12:33:46.090,1,NVIDIA A100-SXM-64GB,176.20,31922,100
8706,2026-05-18 12:33:46.048360,2026/05/18 12:33:46.093,2,NVIDIA A100-SXM-64GB,184.53,31912,100
8707,2026-05-18 12:33:46.048360,2026/05/18 12:33:46.096,3,NVIDIA A100-SXM-64GB,189.01,31846,100
8708,2026-05-18 12:33:51.141511,2026/05/18 12:33:51.181,0,NVIDIA A100-SXM-64GB,171.32,31904,100
8709,2026-05-18 12:33:51.141511,2026/05/18 12:33:51.185,1,NVIDIA A100-SXM-64GB,177.13,31922,100
8710,2026-05-18 12:33:51.141511,2026/05/18 12:33:51.187,2,NVIDIA A100-SXM-64GB,171.07,31912,100
8711,2026-05-18 12:33:51.141511,2026/05/18 12:33:51.190,3,NVIDIA A100-SXM-64GB,178.28,31846,100
8712,2026-05-18 12:33:56.236803,2026/05/18 12:33:56.276,0,NVIDIA A100-SXM-64GB,151.18,31904,98
8713,2026-05-18 12:33:56.236803,2026/05/18 12:33:56.279,1,NVIDIA A100-SXM-64GB,145.04,31922,98
8714,2026-05-18 12:33:56.236803,2026/05/18 12:33:56.281,2,NVIDIA A100-SXM-64GB,148.29,31912,98
8715,2026-05-18 12:33:56.236803,2026/05/18 12:33:56.284,3,NVIDIA A100-SXM-64GB,142.88,31846,98
8716,2026-05-18 12:34:01.326975,2026/05/18 12:34:01.366,0,NVIDIA A100-SXM-64GB,154.69,31904,98
8717,2026-05-18 12:34:01.326975,2026/05/18 12:34:01.368,1,NVIDIA A100-SXM-64GB,149.80,31922,100
8718,2026-05-18 12:34:01.326975,2026/05/18 12:34:01.371,2,NVIDIA A100-SXM-64GB,152.26,31912,98
8719,2026-05-18 12:34:01.326975,2026/05/18 12:34:01.374,3,NVIDIA A100-SXM-64GB,146.57,31846,98
8720,2026-05-18 12:34:06.417042,2026/05/18 12:34:06.456,0,NVIDIA A100-SXM-64GB,168.30,31904,100
8721,2026-05-18 12:34:06.417042,2026/05/18 12:34:06.461,1,NVIDIA A100-SXM-64GB,161.55,31922,100
8722,2026-05-18 12:34:06.417042,2026/05/18 12:34:06.463,2,NVIDIA A100-SXM-64GB,158.36,31912,100
8723,2026-05-18 12:34:06.417042,2026/05/18 12:34:06.466,3,NVIDIA A100-SXM-64GB,179.49,31846,100
8724,2026-05-18 12:34:11.513221,2026/05/18 12:34:11.552,0,NVIDIA A100-SXM-64GB,153.60,31904,98
8725,2026-05-18 12:34:11.513221,2026/05/18 12:34:11.555,1,NVIDIA A100-SXM-64GB,145.04,31922,100
8726,2026-05-18 12:34:11.513221,2026/05/18 12:34:11.559,2,NVIDIA A100-SXM-64GB,151.32,31912,98
8727,2026-05-18 12:34:11.513221,2026/05/18 12:34:11.561,3,NVIDIA A100-SXM-64GB,144.75,31846,98
8728,2026-05-18 12:34:16.604947,2026/05/18 12:34:16.644,0,NVIDIA A100-SXM-64GB,157.60,31904,97
8729,2026-05-18 12:34:16.604947,2026/05/18 12:34:16.648,1,NVIDIA A100-SXM-64GB,144.92,31922,99
8730,2026-05-18 12:34:16.604947,2026/05/18 12:34:16.650,2,NVIDIA A100-SXM-64GB,147.96,31912,97
8731,2026-05-18 12:34:16.604947,2026/05/18 12:34:16.653,3,NVIDIA A100-SXM-64GB,142.00,31846,97
8732,2026-05-18 12:34:21.696448,2026/05/18 12:34:21.736,0,NVIDIA A100-SXM-64GB,187.96,31904,100
8733,2026-05-18 12:34:21.696448,2026/05/18 12:34:21.738,1,NVIDIA A100-SXM-64GB,184.15,31922,100
8734,2026-05-18 12:34:21.696448,2026/05/18 12:34:21.741,2,NVIDIA A100-SXM-64GB,198.60,31912,100
8735,2026-05-18 12:34:21.696448,2026/05/18 12:34:21.743,3,NVIDIA A100-SXM-64GB,162.05,31846,100
8736,2026-05-18 12:34:26.787560,2026/05/18 12:34:26.827,0,NVIDIA A100-SXM-64GB,180.21,31904,98
8737,2026-05-18 12:34:26.787560,2026/05/18 12:34:26.832,1,NVIDIA A100-SXM-64GB,177.31,31922,100
8738,2026-05-18 12:34:26.787560,2026/05/18 12:34:26.834,2,NVIDIA A100-SXM-64GB,164.19,31912,98
8739,2026-05-18 12:34:26.787560,2026/05/18 12:34:26.837,3,NVIDIA A100-SXM-64GB,160.06,31846,98
8740,2026-05-18 12:34:31.880191,2026/05/18 12:34:31.919,0,NVIDIA A100-SXM-64GB,171.04,31904,100
8741,2026-05-18 12:34:31.880191,2026/05/18 12:34:31.921,1,NVIDIA A100-SXM-64GB,146.45,31922,100
8742,2026-05-18 12:34:31.880191,2026/05/18 12:34:31.924,2,NVIDIA A100-SXM-64GB,185.05,31912,100
8743,2026-05-18 12:34:31.880191,2026/05/18 12:34:31.931,3,NVIDIA A100-SXM-64GB,152.68,31846,100
8744,2026-05-18 12:34:36.978459,2026/05/18 12:34:37.018,0,NVIDIA A100-SXM-64GB,153.32,31904,100
8745,2026-05-18 12:34:36.978459,2026/05/18 12:34:37.021,1,NVIDIA A100-SXM-64GB,145.19,31922,100
8746,2026-05-18 12:34:36.978459,2026/05/18 12:34:37.023,2,NVIDIA A100-SXM-64GB,192.50,31912,98
8747,2026-05-18 12:34:36.978459,2026/05/18 12:34:37.027,3,NVIDIA A100-SXM-64GB,146.57,31846,100
8748,2026-05-18 12:34:42.071636,2026/05/18 12:34:42.111,0,NVIDIA A100-SXM-64GB,171.91,31904,100
8749,2026-05-18 12:34:42.071636,2026/05/18 12:34:42.116,1,NVIDIA A100-SXM-64GB,169.17,31922,100
8750,2026-05-18 12:34:42.071636,2026/05/18 12:34:42.122,2,NVIDIA A100-SXM-64GB,155.34,31912,100
8751,2026-05-18 12:34:42.071636,2026/05/18 12:34:42.125,3,NVIDIA A100-SXM-64GB,177.07,31846,100
8752,2026-05-18 12:34:47.169390,2026/05/18 12:34:47.209,0,NVIDIA A100-SXM-64GB,178.94,31904,100
8753,2026-05-18 12:34:47.169390,2026/05/18 12:34:47.213,1,NVIDIA A100-SXM-64GB,185.36,31922,100
8754,2026-05-18 12:34:47.169390,2026/05/18 12:34:47.217,2,NVIDIA A100-SXM-64GB,194.92,31912,100
8755,2026-05-18 12:34:47.169390,2026/05/18 12:34:47.220,3,NVIDIA A100-SXM-64GB,168.05,31846,100
8756,2026-05-18 12:34:52.264486,2026/05/18 12:34:52.318,0,NVIDIA A100-SXM-64GB,140.63,31904,100
8757,2026-05-18 12:34:52.264486,2026/05/18 12:34:52.320,1,NVIDIA A100-SXM-64GB,126.70,31922,97
8758,2026-05-18 12:34:52.264486,2026/05/18 12:34:52.324,2,NVIDIA A100-SXM-64GB,137.70,31912,100
8759,2026-05-18 12:34:52.264486,2026/05/18 12:34:52.327,3,NVIDIA A100-SXM-64GB,131.06,31846,100
8760,2026-05-18 12:34:57.371613,2026/05/18 12:34:57.411,0,NVIDIA A100-SXM-64GB,176.35,31904,100
8761,2026-05-18 12:34:57.371613,2026/05/18 12:34:57.413,1,NVIDIA A100-SXM-64GB,182.61,31922,100
8762,2026-05-18 12:34:57.371613,2026/05/18 12:34:57.416,2,NVIDIA A100-SXM-64GB,195.57,31912,100
8763,2026-05-18 12:34:57.371613,2026/05/18 12:34:57.418,3,NVIDIA A100-SXM-64GB,168.82,31846,100
8764,2026-05-18 12:35:02.463415,2026/05/18 12:35:02.503,0,NVIDIA A100-SXM-64GB,170.71,31904,100
8765,2026-05-18 12:35:02.463415,2026/05/18 12:35:02.505,1,NVIDIA A100-SXM-64GB,158.81,31922,100
8766,2026-05-18 12:35:02.463415,2026/05/18 12:35:02.508,2,NVIDIA A100-SXM-64GB,183.93,31912,100
8767,2026-05-18 12:35:02.463415,2026/05/18 12:35:02.510,3,NVIDIA A100-SXM-64GB,171.24,31846,100
8768,2026-05-18 12:35:07.553720,2026/05/18 12:35:07.593,0,NVIDIA A100-SXM-64GB,160.02,31904,100
8769,2026-05-18 12:35:07.553720,2026/05/18 12:35:07.596,1,NVIDIA A100-SXM-64GB,149.04,31922,98
8770,2026-05-18 12:35:07.553720,2026/05/18 12:35:07.598,2,NVIDIA A100-SXM-64GB,149.18,31912,100
8771,2026-05-18 12:35:07.553720,2026/05/18 12:35:07.601,3,NVIDIA A100-SXM-64GB,144.75,31846,100
8772,2026-05-18 12:35:12.646322,2026/05/18 12:35:12.686,0,NVIDIA A100-SXM-64GB,191.18,31904,100
8773,2026-05-18 12:35:12.646322,2026/05/18 12:35:12.688,1,NVIDIA A100-SXM-64GB,180.39,31922,100
8774,2026-05-18 12:35:12.646322,2026/05/18 12:35:12.693,2,NVIDIA A100-SXM-64GB,146.14,31912,100
8775,2026-05-18 12:35:12.646322,2026/05/18 12:35:12.696,3,NVIDIA A100-SXM-64GB,190.88,31846,100
8776,2026-05-18 12:35:17.739631,2026/05/18 12:35:17.779,0,NVIDIA A100-SXM-64GB,189.17,31904,100
8777,2026-05-18 12:35:17.739631,2026/05/18 12:35:17.782,1,NVIDIA A100-SXM-64GB,150.58,31922,100
8778,2026-05-18 12:35:17.739631,2026/05/18 12:35:17.784,2,NVIDIA A100-SXM-64GB,185.74,31912,100
8779,2026-05-18 12:35:17.739631,2026/05/18 12:35:17.787,3,NVIDIA A100-SXM-64GB,171.57,31846,100
8780,2026-05-18 12:35:22.831971,2026/05/18 12:35:22.871,0,NVIDIA A100-SXM-64GB,151.79,31904,100
8781,2026-05-18 12:35:22.831971,2026/05/18 12:35:22.873,1,NVIDIA A100-SXM-64GB,143.04,31922,98
8782,2026-05-18 12:35:22.831971,2026/05/18 12:35:22.876,2,NVIDIA A100-SXM-64GB,153.47,31912,98
8783,2026-05-18 12:35:22.831971,2026/05/18 12:35:22.879,3,NVIDIA A100-SXM-64GB,142.00,31846,98
8784,2026-05-18 12:35:27.923630,2026/05/18 12:35:27.963,0,NVIDIA A100-SXM-64GB,157.60,31904,100
8785,2026-05-18 12:35:27.923630,2026/05/18 12:35:27.967,1,NVIDIA A100-SXM-64GB,145.52,31922,97
8786,2026-05-18 12:35:27.923630,2026/05/18 12:35:27.970,2,NVIDIA A100-SXM-64GB,153.47,31912,99
8787,2026-05-18 12:35:27.923630,2026/05/18 12:35:27.972,3,NVIDIA A100-SXM-64GB,144.15,31846,99
8788,2026-05-18 12:35:33.016868,2026/05/18 12:35:33.056,0,NVIDIA A100-SXM-64GB,198.92,31904,100
8789,2026-05-18 12:35:33.016868,2026/05/18 12:35:33.058,1,NVIDIA A100-SXM-64GB,168.30,31922,100
8790,2026-05-18 12:35:33.016868,2026/05/18 12:35:33.061,2,NVIDIA A100-SXM-64GB,180.85,31912,100
8791,2026-05-18 12:35:33.016868,2026/05/18 12:35:33.068,3,NVIDIA A100-SXM-64GB,173.99,31846,100
8792,2026-05-18 12:35:38.113207,2026/05/18 12:35:38.152,0,NVIDIA A100-SXM-64GB,167.64,31904,100
8793,2026-05-18 12:35:38.113207,2026/05/18 12:35:38.154,1,NVIDIA A100-SXM-64GB,179.78,31922,100
8794,2026-05-18 12:35:38.113207,2026/05/18 12:35:38.157,2,NVIDIA A100-SXM-64GB,182.30,31912,100
8795,2026-05-18 12:35:38.113207,2026/05/18 12:35:38.159,3,NVIDIA A100-SXM-64GB,160.67,31846,100
8796,2026-05-18 12:35:43.204561,2026/05/18 12:35:43.244,0,NVIDIA A100-SXM-64GB,157.60,31904,100
8797,2026-05-18 12:35:43.204561,2026/05/18 12:35:43.246,1,NVIDIA A100-SXM-64GB,148.87,31922,98
8798,2026-05-18 12:35:43.204561,2026/05/18 12:35:43.251,2,NVIDIA A100-SXM-64GB,151.93,31912,100
8799,2026-05-18 12:35:43.204561,2026/05/18 12:35:43.253,3,NVIDIA A100-SXM-64GB,149.93,31846,100
8800,2026-05-18 12:35:48.297333,2026/05/18 12:35:48.337,0,NVIDIA A100-SXM-64GB,190.37,31904,100
8801,2026-05-18 12:35:48.297333,2026/05/18 12:35:48.340,1,NVIDIA A100-SXM-64GB,177.46,31922,100
8802,2026-05-18 12:35:48.297333,2026/05/18 12:35:48.342,2,NVIDIA A100-SXM-64GB,176.89,31912,100
8803,2026-05-18 12:35:48.297333,2026/05/18 12:35:48.344,3,NVIDIA A100-SXM-64GB,184.11,31846,100
8804,2026-05-18 12:35:53.389634,2026/05/18 12:35:53.429,0,NVIDIA A100-SXM-64GB,168.57,31904,100
8805,2026-05-18 12:35:53.389634,2026/05/18 12:35:53.431,1,NVIDIA A100-SXM-64GB,155.46,31922,100
8806,2026-05-18 12:35:53.389634,2026/05/18 12:35:53.436,2,NVIDIA A100-SXM-64GB,165.40,31912,100
8807,2026-05-18 12:35:53.389634,2026/05/18 12:35:53.438,3,NVIDIA A100-SXM-64GB,157.76,31846,100
8808,2026-05-18 12:35:58.483834,2026/05/18 12:35:58.524,0,NVIDIA A100-SXM-64GB,195.25,31904,100
8809,2026-05-18 12:35:58.483834,2026/05/18 12:35:58.526,1,NVIDIA A100-SXM-64GB,187.50,31922,100
8810,2026-05-18 12:35:58.483834,2026/05/18 12:35:58.529,2,NVIDIA A100-SXM-64GB,170.78,31912,98
8811,2026-05-18 12:35:58.483834,2026/05/18 12:35:58.531,3,NVIDIA A100-SXM-64GB,170.03,31846,98
8812,2026-05-18 12:36:03.576567,2026/05/18 12:36:03.616,0,NVIDIA A100-SXM-64GB,240.98,31904,96
8813,2026-05-18 12:36:03.576567,2026/05/18 12:36:03.623,1,NVIDIA A100-SXM-64GB,143.38,31922,100
8814,2026-05-18 12:36:03.576567,2026/05/18 12:36:03.626,2,NVIDIA A100-SXM-64GB,147.51,31912,97
8815,2026-05-18 12:36:03.576567,2026/05/18 12:36:03.629,3,NVIDIA A100-SXM-64GB,146.73,31846,97
8816,2026-05-18 12:36:08.672823,2026/05/18 12:36:08.712,0,NVIDIA A100-SXM-64GB,198.80,31904,100
8817,2026-05-18 12:36:08.672823,2026/05/18 12:36:08.714,1,NVIDIA A100-SXM-64GB,185.69,31922,100
8818,2026-05-18 12:36:08.672823,2026/05/18 12:36:08.717,2,NVIDIA A100-SXM-64GB,182.90,31912,100
8819,2026-05-18 12:36:08.672823,2026/05/18 12:36:08.719,3,NVIDIA A100-SXM-64GB,170.03,31846,100
8820,2026-05-18 12:36:13.763602,2026/05/18 12:36:13.803,0,NVIDIA A100-SXM-64GB,176.85,31904,100
8821,2026-05-18 12:36:13.763602,2026/05/18 12:36:13.808,1,NVIDIA A100-SXM-64GB,170.71,31922,100
8822,2026-05-18 12:36:13.763602,2026/05/18 12:36:13.810,2,NVIDIA A100-SXM-64GB,174.32,31912,100
8823,2026-05-18 12:36:13.763602,2026/05/18 12:36:13.816,3,NVIDIA A100-SXM-64GB,164.53,31846,100
8824,2026-05-18 12:36:18.860246,2026/05/18 12:36:18.900,0,NVIDIA A100-SXM-64GB,152.06,31904,100
8825,2026-05-18 12:36:18.860246,2026/05/18 12:36:18.903,1,NVIDIA A100-SXM-64GB,140.30,31922,100
8826,2026-05-18 12:36:18.860246,2026/05/18 12:36:18.908,2,NVIDIA A100-SXM-64GB,139.38,31912,98
8827,2026-05-18 12:36:18.860246,2026/05/18 12:36:18.910,3,NVIDIA A100-SXM-64GB,134.01,31846,98
8828,2026-05-18 12:36:23.954058,2026/05/18 12:36:23.993,0,NVIDIA A100-SXM-64GB,157.00,31904,98
8829,2026-05-18 12:36:23.954058,2026/05/18 12:36:23.999,1,NVIDIA A100-SXM-64GB,145.98,31922,98
8830,2026-05-18 12:36:23.954058,2026/05/18 12:36:24.001,2,NVIDIA A100-SXM-64GB,154.40,31912,98
8831,2026-05-18 12:36:23.954058,2026/05/18 12:36:24.004,3,NVIDIA A100-SXM-64GB,146.29,31846,98
8832,2026-05-18 12:36:29.047583,2026/05/18 12:36:29.087,0,NVIDIA A100-SXM-64GB,181.08,31904,100
8833,2026-05-18 12:36:29.047583,2026/05/18 12:36:29.090,1,NVIDIA A100-SXM-64GB,151.01,31922,100
8834,2026-05-18 12:36:29.047583,2026/05/18 12:36:29.092,2,NVIDIA A100-SXM-64GB,167.88,31912,100
8835,2026-05-18 12:36:29.047583,2026/05/18 12:36:29.095,3,NVIDIA A100-SXM-64GB,169.87,31846,100
8836,2026-05-18 12:36:34.141157,2026/05/18 12:36:34.181,0,NVIDIA A100-SXM-64GB,187.83,31904,100
8837,2026-05-18 12:36:34.141157,2026/05/18 12:36:34.184,1,NVIDIA A100-SXM-64GB,164.89,31922,100
8838,2026-05-18 12:36:34.141157,2026/05/18 12:36:34.188,2,NVIDIA A100-SXM-64GB,185.13,31912,100
8839,2026-05-18 12:36:34.141157,2026/05/18 12:36:34.191,3,NVIDIA A100-SXM-64GB,178.01,31846,100
8840,2026-05-18 12:36:39.235133,2026/05/18 12:36:39.274,0,NVIDIA A100-SXM-64GB,190.10,31904,100
8841,2026-05-18 12:36:39.235133,2026/05/18 12:36:39.276,1,NVIDIA A100-SXM-64GB,166.43,31922,100
8842,2026-05-18 12:36:39.235133,2026/05/18 12:36:39.279,2,NVIDIA A100-SXM-64GB,152.86,31912,100
8843,2026-05-18 12:36:39.235133,2026/05/18 12:36:39.285,3,NVIDIA A100-SXM-64GB,153.95,31846,100
8844,2026-05-18 12:36:44.330122,2026/05/18 12:36:44.369,0,NVIDIA A100-SXM-64GB,175.32,31904,100
8845,2026-05-18 12:36:44.330122,2026/05/18 12:36:44.372,1,NVIDIA A100-SXM-64GB,142.02,31922,100
8846,2026-05-18 12:36:44.330122,2026/05/18 12:36:44.374,2,NVIDIA A100-SXM-64GB,150.72,31912,100
8847,2026-05-18 12:36:44.330122,2026/05/18 12:36:44.377,3,NVIDIA A100-SXM-64GB,143.21,31846,100
8848,2026-05-18 12:36:49.422767,2026/05/18 12:36:49.462,0,NVIDIA A100-SXM-64GB,182.76,31904,100
8849,2026-05-18 12:36:49.422767,2026/05/18 12:36:49.465,1,NVIDIA A100-SXM-64GB,189.03,31922,100
8850,2026-05-18 12:36:49.422767,2026/05/18 12:36:49.467,2,NVIDIA A100-SXM-64GB,173.21,31912,100
8851,2026-05-18 12:36:49.422767,2026/05/18 12:36:49.470,3,NVIDIA A100-SXM-64GB,156.98,31846,100
8852,2026-05-18 12:36:54.513372,2026/05/18 12:36:54.553,0,NVIDIA A100-SXM-64GB,154.86,31904,98
8853,2026-05-18 12:36:54.513372,2026/05/18 12:36:54.555,1,NVIDIA A100-SXM-64GB,147.33,31922,98
8854,2026-05-18 12:36:54.513372,2026/05/18 12:36:54.558,2,NVIDIA A100-SXM-64GB,147.96,31912,98
8855,2026-05-18 12:36:54.513372,2026/05/18 12:36:54.565,3,NVIDIA A100-SXM-64GB,145.36,31846,98
8856,2026-05-18 12:36:59.610886,2026/05/18 12:36:59.650,0,NVIDIA A100-SXM-64GB,187.96,31904,98
8857,2026-05-18 12:36:59.610886,2026/05/18 12:36:59.655,1,NVIDIA A100-SXM-64GB,141.84,31922,100
8858,2026-05-18 12:36:59.610886,2026/05/18 12:36:59.657,2,NVIDIA A100-SXM-64GB,157.49,31912,100
8859,2026-05-18 12:36:59.610886,2026/05/18 12:36:59.660,3,NVIDIA A100-SXM-64GB,158.25,31846,100
8860,2026-05-18 12:37:04.706268,2026/05/18 12:37:04.746,0,NVIDIA A100-SXM-64GB,156.34,31904,98
8861,2026-05-18 12:37:04.706268,2026/05/18 12:37:04.749,1,NVIDIA A100-SXM-64GB,141.42,31922,100
8862,2026-05-18 12:37:04.706268,2026/05/18 12:37:04.753,2,NVIDIA A100-SXM-64GB,152.53,31912,98
8863,2026-05-18 12:37:04.706268,2026/05/18 12:37:04.755,3,NVIDIA A100-SXM-64GB,142.00,31846,98
8864,2026-05-18 12:37:09.800774,2026/05/18 12:37:09.840,0,NVIDIA A100-SXM-64GB,157.87,31904,100
8865,2026-05-18 12:37:09.800774,2026/05/18 12:37:09.842,1,NVIDIA A100-SXM-64GB,172.85,31922,100
8866,2026-05-18 12:37:09.800774,2026/05/18 12:37:09.847,2,NVIDIA A100-SXM-64GB,197.99,31912,98
8867,2026-05-18 12:37:09.800774,2026/05/18 12:37:09.854,3,NVIDIA A100-SXM-64GB,167.28,31846,100
8868,2026-05-18 12:37:14.905750,2026/05/18 12:37:14.945,0,NVIDIA A100-SXM-64GB,161.88,31904,100
8869,2026-05-18 12:37:14.905750,2026/05/18 12:37:14.948,1,NVIDIA A100-SXM-64GB,163.58,31922,100
8870,2026-05-18 12:37:14.905750,2026/05/18 12:37:14.950,2,NVIDIA A100-SXM-64GB,182.90,31912,100
8871,2026-05-18 12:37:14.905750,2026/05/18 12:37:14.955,3,NVIDIA A100-SXM-64GB,159.13,31846,100
8872,2026-05-18 12:37:20.000812,2026/05/18 12:37:20.040,0,NVIDIA A100-SXM-64GB,155.46,31904,98
8873,2026-05-18 12:37:20.000812,2026/05/18 12:37:20.042,1,NVIDIA A100-SXM-64GB,142.02,31922,98
8874,2026-05-18 12:37:20.000812,2026/05/18 12:37:20.045,2,NVIDIA A100-SXM-64GB,151.93,31912,98
8875,2026-05-18 12:37:20.000812,2026/05/18 12:37:20.047,3,NVIDIA A100-SXM-64GB,146.29,31846,98
8876,2026-05-18 12:37:25.092669,2026/05/18 12:37:25.132,0,NVIDIA A100-SXM-64GB,219.47,31904,100
8877,2026-05-18 12:37:25.092669,2026/05/18 12:37:25.134,1,NVIDIA A100-SXM-64GB,153.32,31922,99
8878,2026-05-18 12:37:25.092669,2026/05/18 12:37:25.139,2,NVIDIA A100-SXM-64GB,147.20,31912,100
8879,2026-05-18 12:37:25.092669,2026/05/18 12:37:25.143,3,NVIDIA A100-SXM-64GB,163.59,31846,100
8880,2026-05-18 12:37:30.188544,2026/05/18 12:37:30.229,0,NVIDIA A100-SXM-64GB,158.81,31904,98
8881,2026-05-18 12:37:30.188544,2026/05/18 12:37:30.231,1,NVIDIA A100-SXM-64GB,142.17,31922,98
8882,2026-05-18 12:37:30.188544,2026/05/18 12:37:30.234,2,NVIDIA A100-SXM-64GB,154.40,31912,100
8883,2026-05-18 12:37:30.188544,2026/05/18 12:37:30.237,3,NVIDIA A100-SXM-64GB,142.88,31846,100
8884,2026-05-18 12:37:35.283806,2026/05/18 12:37:35.323,0,NVIDIA A100-SXM-64GB,158.48,31904,100
8885,2026-05-18 12:37:35.283806,2026/05/18 12:37:35.326,1,NVIDIA A100-SXM-64GB,140.76,31922,97
8886,2026-05-18 12:37:35.283806,2026/05/18 12:37:35.328,2,NVIDIA A100-SXM-64GB,146.43,31912,100
8887,2026-05-18 12:37:35.283806,2026/05/18 12:37:35.331,3,NVIDIA A100-SXM-64GB,145.21,31846,100
8888,2026-05-18 12:37:40.375742,2026/05/18 12:37:40.415,0,NVIDIA A100-SXM-64GB,197.32,31904,98
8889,2026-05-18 12:37:40.375742,2026/05/18 12:37:40.418,1,NVIDIA A100-SXM-64GB,184.76,31922,98
8890,2026-05-18 12:37:40.375742,2026/05/18 12:37:40.422,2,NVIDIA A100-SXM-64GB,192.17,31912,100
8891,2026-05-18 12:37:40.375742,2026/05/18 12:37:40.425,3,NVIDIA A100-SXM-64GB,167.45,31846,100
8892,2026-05-18 12:37:45.469339,2026/05/18 12:37:45.509,0,NVIDIA A100-SXM-64GB,152.06,31904,98
8893,2026-05-18 12:37:45.469339,2026/05/18 12:37:45.512,1,NVIDIA A100-SXM-64GB,143.38,31922,98
8894,2026-05-18 12:37:45.469339,2026/05/18 12:37:45.514,2,NVIDIA A100-SXM-64GB,151.32,31912,100
8895,2026-05-18 12:37:45.469339,2026/05/18 12:37:45.517,3,NVIDIA A100-SXM-64GB,146.57,31846,100
8896,2026-05-18 12:37:50.561379,2026/05/18 12:37:50.601,0,NVIDIA A100-SXM-64GB,158.48,31904,100
8897,2026-05-18 12:37:50.561379,2026/05/18 12:37:50.605,1,NVIDIA A100-SXM-64GB,173.46,31922,100
8898,2026-05-18 12:37:50.561379,2026/05/18 12:37:50.608,2,NVIDIA A100-SXM-64GB,170.13,31912,100
8899,2026-05-18 12:37:50.561379,2026/05/18 12:37:50.610,3,NVIDIA A100-SXM-64GB,162.82,31846,100
8900,2026-05-18 12:37:55.655687,2026/05/18 12:37:55.695,0,NVIDIA A100-SXM-64GB,178.34,31904,100
8901,2026-05-18 12:37:55.655687,2026/05/18 12:37:55.697,1,NVIDIA A100-SXM-64GB,178.06,31922,100
8902,2026-05-18 12:37:55.655687,2026/05/18 12:37:55.702,2,NVIDIA A100-SXM-64GB,181.18,31912,100
8903,2026-05-18 12:37:55.655687,2026/05/18 12:37:55.704,3,NVIDIA A100-SXM-64GB,163.43,31846,100
8904,2026-05-18 12:38:00.748787,2026/05/18 12:38:00.788,0,NVIDIA A100-SXM-64GB,188.43,31904,100
8905,2026-05-18 12:38:00.748787,2026/05/18 12:38:00.795,1,NVIDIA A100-SXM-64GB,152.22,31922,100
8906,2026-05-18 12:38:00.748787,2026/05/18 12:38:00.797,2,NVIDIA A100-SXM-64GB,151.93,31912,100
8907,2026-05-18 12:38:00.748787,2026/05/18 12:38:00.800,3,NVIDIA A100-SXM-64GB,172.17,31846,100
8908,2026-05-18 12:38:05.844475,2026/05/18 12:38:05.884,0,NVIDIA A100-SXM-64GB,220.52,31904,100
8909,2026-05-18 12:38:05.844475,2026/05/18 12:38:05.886,1,NVIDIA A100-SXM-64GB,139.09,31922,100
8910,2026-05-18 12:38:05.844475,2026/05/18 12:38:05.889,2,NVIDIA A100-SXM-64GB,143.34,31912,98
8911,2026-05-18 12:38:05.844475,2026/05/18 12:38:05.892,3,NVIDIA A100-SXM-64GB,164.97,31846,98
8912,2026-05-18 12:38:10.936422,2026/05/18 12:38:10.976,0,NVIDIA A100-SXM-64GB,152.71,31904,100
8913,2026-05-18 12:38:10.936422,2026/05/18 12:38:10.979,1,NVIDIA A100-SXM-64GB,137.14,31922,100
8914,2026-05-18 12:38:10.936422,2026/05/18 12:38:10.981,2,NVIDIA A100-SXM-64GB,139.99,31912,97
8915,2026-05-18 12:38:10.936422,2026/05/18 12:38:10.984,3,NVIDIA A100-SXM-64GB,143.21,31846,97
8916,2026-05-18 12:38:16.029021,2026/05/18 12:38:16.074,0,NVIDIA A100-SXM-64GB,197.11,31904,100
8917,2026-05-18 12:38:16.029021,2026/05/18 12:38:16.080,1,NVIDIA A100-SXM-64GB,188.76,31922,100
8918,2026-05-18 12:38:16.029021,2026/05/18 12:38:16.082,2,NVIDIA A100-SXM-64GB,188.54,31912,100
8919,2026-05-18 12:38:16.029021,2026/05/18 12:38:16.085,3,NVIDIA A100-SXM-64GB,180.76,31846,100
8920,2026-05-18 12:38:21.130361,2026/05/18 12:38:21.170,0,NVIDIA A100-SXM-64GB,154.53,31904,97
8921,2026-05-18 12:38:21.130361,2026/05/18 12:38:21.172,1,NVIDIA A100-SXM-64GB,141.84,31922,97
8922,2026-05-18 12:38:21.130361,2026/05/18 12:38:21.175,2,NVIDIA A100-SXM-64GB,152.26,31912,97
8923,2026-05-18 12:38:21.130361,2026/05/18 12:38:21.178,3,NVIDIA A100-SXM-64GB,147.51,31846,97
8924,2026-05-18 12:38:26.223283,2026/05/18 12:38:26.263,0,NVIDIA A100-SXM-64GB,104.22,31904,100
8925,2026-05-18 12:38:26.223283,2026/05/18 12:38:26.265,1,NVIDIA A100-SXM-64GB,90.50,31922,100
8926,2026-05-18 12:38:26.223283,2026/05/18 12:38:26.270,2,NVIDIA A100-SXM-64GB,97.82,31912,100
8927,2026-05-18 12:38:26.223283,2026/05/18 12:38:26.278,3,NVIDIA A100-SXM-64GB,87.36,31846,25
8928,2026-05-18 12:38:31.324937,2026/05/18 12:38:31.364,0,NVIDIA A100-SXM-64GB,155.29,31904,97
8929,2026-05-18 12:38:31.324937,2026/05/18 12:38:31.366,1,NVIDIA A100-SXM-64GB,141.24,31922,97
8930,2026-05-18 12:38:31.324937,2026/05/18 12:38:31.369,2,NVIDIA A100-SXM-64GB,164.80,31912,100
8931,2026-05-18 12:38:31.324937,2026/05/18 12:38:31.372,3,NVIDIA A100-SXM-64GB,142.00,31846,100
8932,2026-05-18 12:38:36.417645,2026/05/18 12:38:36.457,0,NVIDIA A100-SXM-64GB,172.67,31904,99
8933,2026-05-18 12:38:36.417645,2026/05/18 12:38:36.459,1,NVIDIA A100-SXM-64GB,183.55,31922,99
8934,2026-05-18 12:38:36.417645,2026/05/18 12:38:36.462,2,NVIDIA A100-SXM-64GB,160.24,31912,100
8935,2026-05-18 12:38:36.417645,2026/05/18 12:38:36.469,3,NVIDIA A100-SXM-64GB,142.00,31846,100
8936,2026-05-18 12:38:41.515969,2026/05/18 12:38:41.556,0,NVIDIA A100-SXM-64GB,155.13,31904,98
8937,2026-05-18 12:38:41.515969,2026/05/18 12:38:41.561,1,NVIDIA A100-SXM-64GB,140.76,31922,98
8938,2026-05-18 12:38:41.515969,2026/05/18 12:38:41.564,2,NVIDIA A100-SXM-64GB,154.40,31912,100
8939,2026-05-18 12:38:41.515969,2026/05/18 12:38:41.570,3,NVIDIA A100-SXM-64GB,146.90,31846,98
8940,2026-05-18 12:38:46.615830,2026/05/18 12:38:46.655,0,NVIDIA A100-SXM-64GB,158.48,31904,100
8941,2026-05-18 12:38:46.615830,2026/05/18 12:38:46.657,1,NVIDIA A100-SXM-64GB,172.75,31922,100
8942,2026-05-18 12:38:46.615830,2026/05/18 12:38:46.660,2,NVIDIA A100-SXM-64GB,154.07,31912,100
8943,2026-05-18 12:38:46.615830,2026/05/18 12:38:46.662,3,NVIDIA A100-SXM-64GB,156.71,31846,100
8944,2026-05-18 12:38:51.708018,2026/05/18 12:38:51.748,0,NVIDIA A100-SXM-64GB,159.14,31904,100
8945,2026-05-18 12:38:51.708018,2026/05/18 12:38:51.750,1,NVIDIA A100-SXM-64GB,144.77,31922,100
8946,2026-05-18 12:38:51.708018,2026/05/18 12:38:51.756,2,NVIDIA A100-SXM-64GB,148.57,31912,98
8947,2026-05-18 12:38:51.708018,2026/05/18 12:38:51.758,3,NVIDIA A100-SXM-64GB,144.42,31846,98
8948,2026-05-18 12:38:56.805984,2026/05/18 12:38:56.845,0,NVIDIA A100-SXM-64GB,158.20,31904,100
8949,2026-05-18 12:38:56.805984,2026/05/18 12:38:56.847,1,NVIDIA A100-SXM-64GB,151.34,31922,100
8950,2026-05-18 12:38:56.805984,2026/05/18 12:38:56.850,2,NVIDIA A100-SXM-64GB,167.28,31912,100
8951,2026-05-18 12:38:56.805984,2026/05/18 12:38:56.856,3,NVIDIA A100-SXM-64GB,148.12,31846,100
8952,2026-05-18 12:39:01.905381,2026/05/18 12:39:01.945,0,NVIDIA A100-SXM-64GB,163.41,31904,100
8953,2026-05-18 12:39:01.905381,2026/05/18 12:39:01.948,1,NVIDIA A100-SXM-64GB,139.70,31922,100
8954,2026-05-18 12:39:01.905381,2026/05/18 12:39:01.950,2,NVIDIA A100-SXM-64GB,139.38,31912,98
8955,2026-05-18 12:39:01.905381,2026/05/18 12:39:01.953,3,NVIDIA A100-SXM-64GB,187.19,31846,98
8956,2026-05-18 12:39:06.999368,2026/05/18 12:39:07.051,0,NVIDIA A100-SXM-64GB,157.87,31904,97
8957,2026-05-18 12:39:06.999368,2026/05/18 12:39:07.053,1,NVIDIA A100-SXM-64GB,149.04,31922,97
8958,2026-05-18 12:39:06.999368,2026/05/18 12:39:07.056,2,NVIDIA A100-SXM-64GB,152.37,31912,97
8959,2026-05-18 12:39:06.999368,2026/05/18 12:39:07.058,3,NVIDIA A100-SXM-64GB,146.14,31846,97
8960,2026-05-18 12:39:12.108489,2026/05/18 12:39:12.148,0,NVIDIA A100-SXM-64GB,103.95,31904,14
8961,2026-05-18 12:39:12.108489,2026/05/18 12:39:12.150,1,NVIDIA A100-SXM-64GB,103.34,31922,100
8962,2026-05-18 12:39:12.108489,2026/05/18 12:39:12.156,2,NVIDIA A100-SXM-64GB,162.38,31912,17
8963,2026-05-18 12:39:12.108489,2026/05/18 12:39:12.158,3,NVIDIA A100-SXM-64GB,179.82,31846,100
8964,2026-05-18 12:39:17.209381,2026/05/18 12:39:17.249,0,NVIDIA A100-SXM-64GB,106.37,31904,97
8965,2026-05-18 12:39:17.209381,2026/05/18 12:39:17.251,1,NVIDIA A100-SXM-64GB,83.22,31922,97
8966,2026-05-18 12:39:17.209381,2026/05/18 12:39:17.256,2,NVIDIA A100-SXM-64GB,98.43,31912,100
8967,2026-05-18 12:39:17.209381,2026/05/18 12:39:17.262,3,NVIDIA A100-SXM-64GB,113.58,31846,99
8968,2026-05-18 12:39:22.309132,2026/05/18 12:39:22.348,0,NVIDIA A100-SXM-64GB,181.41,31904,100
8969,2026-05-18 12:39:22.309132,2026/05/18 12:39:22.351,1,NVIDIA A100-SXM-64GB,187.42,31922,100
8970,2026-05-18 12:39:22.309132,2026/05/18 12:39:22.354,2,NVIDIA A100-SXM-64GB,177.40,31912,100
8971,2026-05-18 12:39:22.309132,2026/05/18 12:39:22.356,3,NVIDIA A100-SXM-64GB,184.63,31846,100
8972,2026-05-18 12:39:27.402573,2026/05/18 12:39:27.442,0,NVIDIA A100-SXM-64GB,175.32,31904,100
8973,2026-05-18 12:39:27.402573,2026/05/18 12:39:27.444,1,NVIDIA A100-SXM-64GB,176.20,31922,100
8974,2026-05-18 12:39:27.402573,2026/05/18 12:39:27.447,2,NVIDIA A100-SXM-64GB,184.86,31912,100
8975,2026-05-18 12:39:27.402573,2026/05/18 12:39:27.450,3,NVIDIA A100-SXM-64GB,158.09,31846,100
8976,2026-05-18 12:39:32.498517,2026/05/18 12:39:32.539,0,NVIDIA A100-SXM-64GB,156.34,31904,98
8977,2026-05-18 12:39:32.498517,2026/05/18 12:39:32.541,1,NVIDIA A100-SXM-64GB,143.04,31922,98
8978,2026-05-18 12:39:32.498517,2026/05/18 12:39:32.544,2,NVIDIA A100-SXM-64GB,158.09,31912,100
8979,2026-05-18 12:39:32.498517,2026/05/18 12:39:32.547,3,NVIDIA A100-SXM-64GB,140.13,31846,98
8980,2026-05-18 12:39:37.592937,2026/05/18 12:39:37.632,0,NVIDIA A100-SXM-64GB,167.80,31904,100
8981,2026-05-18 12:39:37.592937,2026/05/18 12:39:37.635,1,NVIDIA A100-SXM-64GB,171.91,31922,100
8982,2026-05-18 12:39:37.592937,2026/05/18 12:39:37.637,2,NVIDIA A100-SXM-64GB,168.15,31912,100
8983,2026-05-18 12:39:37.592937,2026/05/18 12:39:37.640,3,NVIDIA A100-SXM-64GB,170.96,31846,100
8984,2026-05-18 12:39:42.685676,2026/05/18 12:39:42.725,0,NVIDIA A100-SXM-64GB,153.00,31904,100
8985,2026-05-18 12:39:42.685676,2026/05/18 12:39:42.728,1,NVIDIA A100-SXM-64GB,144.43,31922,98
8986,2026-05-18 12:39:42.685676,2026/05/18 12:39:42.731,2,NVIDIA A100-SXM-64GB,147.03,31912,98
8987,2026-05-18 12:39:42.685676,2026/05/18 12:39:42.737,3,NVIDIA A100-SXM-64GB,147.78,31846,98
8988,2026-05-18 12:39:47.782779,2026/05/18 12:39:47.823,0,NVIDIA A100-SXM-64GB,157.76,31904,100
8989,2026-05-18 12:39:47.782779,2026/05/18 12:39:47.825,1,NVIDIA A100-SXM-64GB,145.19,31922,100
8990,2026-05-18 12:39:47.782779,2026/05/18 12:39:47.828,2,NVIDIA A100-SXM-64GB,151.04,31912,98
8991,2026-05-18 12:39:47.782779,2026/05/18 12:39:47.831,3,NVIDIA A100-SXM-64GB,145.03,31846,100
8992,2026-05-18 12:39:52.878011,2026/05/18 12:39:52.917,0,NVIDIA A100-SXM-64GB,159.41,31904,100
8993,2026-05-18 12:39:52.878011,2026/05/18 12:39:52.919,1,NVIDIA A100-SXM-64GB,162.76,31922,100
8994,2026-05-18 12:39:52.878011,2026/05/18 12:39:52.922,2,NVIDIA A100-SXM-64GB,158.69,31912,100
8995,2026-05-18 12:39:52.878011,2026/05/18 12:39:52.924,3,NVIDIA A100-SXM-64GB,178.01,31846,100
8996,2026-05-18 12:39:57.970120,2026/05/18 12:39:58.009,0,NVIDIA A100-SXM-64GB,160.62,31904,100
8997,2026-05-18 12:39:57.970120,2026/05/18 12:39:58.014,1,NVIDIA A100-SXM-64GB,148.26,31922,98
8998,2026-05-18 12:39:57.970120,2026/05/18 12:39:58.017,2,NVIDIA A100-SXM-64GB,191.90,31912,100
8999,2026-05-18 12:39:57.970120,2026/05/18 12:39:58.020,3,NVIDIA A100-SXM-64GB,186.26,31846,100
9000,2026-05-18 12:40:03.067478,2026/05/18 12:40:03.107,0,NVIDIA A100-SXM-64GB,172.58,31904,100
9001,2026-05-18 12:40:03.067478,2026/05/18 12:40:03.109,1,NVIDIA A100-SXM-64GB,159.41,31922,100
9002,2026-05-18 12:40:03.067478,2026/05/18 12:40:03.112,2,NVIDIA A100-SXM-64GB,179.49,31912,100
9003,2026-05-18 12:40:03.067478,2026/05/18 12:40:03.117,3,NVIDIA A100-SXM-64GB,156.98,31846,100
9004,2026-05-18 12:40:08.165331,2026/05/18 12:40:08.205,0,NVIDIA A100-SXM-64GB,154.20,31904,98
9005,2026-05-18 12:40:08.165331,2026/05/18 12:40:08.207,1,NVIDIA A100-SXM-64GB,143.98,31922,98
9006,2026-05-18 12:40:08.165331,2026/05/18 12:40:08.210,2,NVIDIA A100-SXM-64GB,149.50,31912,98
9007,2026-05-18 12:40:08.165331,2026/05/18 12:40:08.216,3,NVIDIA A100-SXM-64GB,147.51,31846,98
9008,2026-05-18 12:40:13.266166,2026/05/18 12:40:13.305,0,NVIDIA A100-SXM-64GB,157.43,31904,97
9009,2026-05-18 12:40:13.266166,2026/05/18 12:40:13.307,1,NVIDIA A100-SXM-64GB,146.60,31922,97
9010,2026-05-18 12:40:13.266166,2026/05/18 12:40:13.310,2,NVIDIA A100-SXM-64GB,149.93,31912,100
9011,2026-05-18 12:40:13.266166,2026/05/18 12:40:13.312,3,NVIDIA A100-SXM-64GB,141.49,31846,99
9012,2026-05-18 12:40:18.358356,2026/05/18 12:40:18.398,0,NVIDIA A100-SXM-64GB,148.72,31904,100
9013,2026-05-18 12:40:18.358356,2026/05/18 12:40:18.400,1,NVIDIA A100-SXM-64GB,132.06,31922,98
9014,2026-05-18 12:40:18.358356,2026/05/18 12:40:18.403,2,NVIDIA A100-SXM-64GB,205.97,31912,100
9015,2026-05-18 12:40:18.358356,2026/05/18 12:40:18.406,3,NVIDIA A100-SXM-64GB,174.17,31846,100
9016,2026-05-18 12:40:23.452474,2026/05/18 12:40:23.492,0,NVIDIA A100-SXM-64GB,157.60,31904,97
9017,2026-05-18 12:40:23.452474,2026/05/18 12:40:23.495,1,NVIDIA A100-SXM-64GB,144.58,31922,97
9018,2026-05-18 12:40:23.452474,2026/05/18 12:40:23.497,2,NVIDIA A100-SXM-64GB,148.29,31912,97
9019,2026-05-18 12:40:23.452474,2026/05/18 12:40:23.500,3,NVIDIA A100-SXM-64GB,146.57,31846,97
9020,2026-05-18 12:40:28.546699,2026/05/18 12:40:28.586,0,NVIDIA A100-SXM-64GB,198.59,31904,100
9021,2026-05-18 12:40:28.546699,2026/05/18 12:40:28.588,1,NVIDIA A100-SXM-64GB,181.41,31922,100
9022,2026-05-18 12:40:28.546699,2026/05/18 12:40:28.591,2,NVIDIA A100-SXM-64GB,196.99,31912,100
9023,2026-05-18 12:40:28.546699,2026/05/18 12:40:28.594,3,NVIDIA A100-SXM-64GB,177.58,31846,100
9024,2026-05-18 12:40:33.640865,2026/05/18 12:40:33.680,0,NVIDIA A100-SXM-64GB,178.34,31904,100
9025,2026-05-18 12:40:33.640865,2026/05/18 12:40:33.683,1,NVIDIA A100-SXM-64GB,157.87,31922,100
9026,2026-05-18 12:40:33.640865,2026/05/18 12:40:33.686,2,NVIDIA A100-SXM-64GB,182.39,31912,100
9027,2026-05-18 12:40:33.640865,2026/05/18 12:40:33.692,3,NVIDIA A100-SXM-64GB,170.81,31846,100
9028,2026-05-18 12:40:38.738082,2026/05/18 12:40:38.777,0,NVIDIA A100-SXM-64GB,174.72,31904,100
9029,2026-05-18 12:40:38.738082,2026/05/18 12:40:38.779,1,NVIDIA A100-SXM-64GB,167.97,31922,100
9030,2026-05-18 12:40:38.738082,2026/05/18 12:40:38.782,2,NVIDIA A100-SXM-64GB,195.12,31912,100
9031,2026-05-18 12:40:38.738082,2026/05/18 12:40:38.784,3,NVIDIA A100-SXM-64GB,170.48,31846,100
9032,2026-05-18 12:40:43.830552,2026/05/18 12:40:43.870,0,NVIDIA A100-SXM-64GB,182.01,31904,100
9033,2026-05-18 12:40:43.830552,2026/05/18 12:40:43.872,1,NVIDIA A100-SXM-64GB,170.28,31922,100
9034,2026-05-18 12:40:43.830552,2026/05/18 12:40:43.877,2,NVIDIA A100-SXM-64GB,183.51,31912,100
9035,2026-05-18 12:40:43.830552,2026/05/18 12:40:43.879,3,NVIDIA A100-SXM-64GB,176.04,31846,100
9036,2026-05-18 12:40:48.925720,2026/05/18 12:40:48.965,0,NVIDIA A100-SXM-64GB,152.71,31904,98
9037,2026-05-18 12:40:48.925720,2026/05/18 12:40:48.968,1,NVIDIA A100-SXM-64GB,141.56,31922,98
9038,2026-05-18 12:40:48.925720,2026/05/18 12:40:48.970,2,NVIDIA A100-SXM-64GB,151.93,31912,100
9039,2026-05-18 12:40:48.925720,2026/05/18 12:40:48.974,3,NVIDIA A100-SXM-64GB,145.36,31846,100
9040,2026-05-18 12:40:54.020062,2026/05/18 12:40:54.059,0,NVIDIA A100-SXM-64GB,178.34,31904,100
9041,2026-05-18 12:40:54.020062,2026/05/18 12:40:54.061,1,NVIDIA A100-SXM-64GB,178.66,31922,100
9042,2026-05-18 12:40:54.020062,2026/05/18 12:40:54.064,2,NVIDIA A100-SXM-64GB,179.64,31912,100
9043,2026-05-18 12:40:54.020062,2026/05/18 12:40:54.069,3,NVIDIA A100-SXM-64GB,170.20,31846,100
9044,2026-05-18 12:40:59.115531,2026/05/18 12:40:59.155,0,NVIDIA A100-SXM-64GB,164.19,31904,100
9045,2026-05-18 12:40:59.115531,2026/05/18 12:40:59.158,1,NVIDIA A100-SXM-64GB,173.96,31922,100
9046,2026-05-18 12:40:59.115531,2026/05/18 12:40:59.160,2,NVIDIA A100-SXM-64GB,179.49,31912,100
9047,2026-05-18 12:40:59.115531,2026/05/18 12:40:59.163,3,NVIDIA A100-SXM-64GB,156.10,31846,100
9048,2026-05-18 12:41:04.208566,2026/05/18 12:41:04.248,0,NVIDIA A100-SXM-64GB,193.72,31904,100
9049,2026-05-18 12:41:04.208566,2026/05/18 12:41:04.251,1,NVIDIA A100-SXM-64GB,178.06,31922,100
9050,2026-05-18 12:41:04.208566,2026/05/18 12:41:04.253,2,NVIDIA A100-SXM-64GB,172.60,31912,100
9051,2026-05-18 12:41:04.208566,2026/05/18 12:41:04.255,3,NVIDIA A100-SXM-64GB,164.80,31846,100
9052,2026-05-18 12:41:09.305166,2026/05/18 12:41:09.344,0,NVIDIA A100-SXM-64GB,176.85,31904,100
9053,2026-05-18 12:41:09.305166,2026/05/18 12:41:09.347,1,NVIDIA A100-SXM-64GB,180.48,31922,100
9054,2026-05-18 12:41:09.305166,2026/05/18 12:41:09.349,2,NVIDIA A100-SXM-64GB,162.05,31912,100
9055,2026-05-18 12:41:09.305166,2026/05/18 12:41:09.355,3,NVIDIA A100-SXM-64GB,178.46,31846,100
9056,2026-05-18 12:41:14.405175,2026/05/18 12:41:14.444,0,NVIDIA A100-SXM-64GB,156.34,31904,100
9057,2026-05-18 12:41:14.405175,2026/05/18 12:41:14.448,1,NVIDIA A100-SXM-64GB,143.98,31922,98
9058,2026-05-18 12:41:14.405175,2026/05/18 12:41:14.450,2,NVIDIA A100-SXM-64GB,154.68,31912,98
9059,2026-05-18 12:41:14.405175,2026/05/18 12:41:14.453,3,NVIDIA A100-SXM-64GB,191.16,31846,100
9060,2026-05-18 12:41:19.499183,2026/05/18 12:41:19.538,0,NVIDIA A100-SXM-64GB,167.80,31904,100
9061,2026-05-18 12:41:19.499183,2026/05/18 12:41:19.541,1,NVIDIA A100-SXM-64GB,168.57,31922,100
9062,2026-05-18 12:41:19.499183,2026/05/18 12:41:19.543,2,NVIDIA A100-SXM-64GB,185.46,31912,100
9063,2026-05-18 12:41:19.499183,2026/05/18 12:41:19.549,3,NVIDIA A100-SXM-64GB,178.61,31846,100
9064,2026-05-18 12:41:24.595403,2026/05/18 12:41:24.635,0,NVIDIA A100-SXM-64GB,156.67,31904,98
9065,2026-05-18 12:41:24.595403,2026/05/18 12:41:24.638,1,NVIDIA A100-SXM-64GB,141.69,31922,98
9066,2026-05-18 12:41:24.595403,2026/05/18 12:41:24.641,2,NVIDIA A100-SXM-64GB,147.96,31912,100
9067,2026-05-18 12:41:24.595403,2026/05/18 12:41:24.644,3,NVIDIA A100-SXM-64GB,143.06,31846,98
9068,2026-05-18 12:41:29.689609,2026/05/18 12:41:29.731,0,NVIDIA A100-SXM-64GB,156.67,31904,97
9069,2026-05-18 12:41:29.689609,2026/05/18 12:41:29.736,1,NVIDIA A100-SXM-64GB,144.43,31922,100
9070,2026-05-18 12:41:29.689609,2026/05/18 12:41:29.741,2,NVIDIA A100-SXM-64GB,152.26,31912,100
9071,2026-05-18 12:41:29.689609,2026/05/18 12:41:29.744,3,NVIDIA A100-SXM-64GB,142.27,31846,97
9072,2026-05-18 12:41:34.791814,2026/05/18 12:41:34.843,0,NVIDIA A100-SXM-64GB,200.33,31904,100
9073,2026-05-18 12:41:34.791814,2026/05/18 12:41:34.845,1,NVIDIA A100-SXM-64GB,181.93,31922,100
9074,2026-05-18 12:41:34.791814,2026/05/18 12:41:34.848,2,NVIDIA A100-SXM-64GB,183.18,31912,100
9075,2026-05-18 12:41:34.791814,2026/05/18 12:41:34.851,3,NVIDIA A100-SXM-64GB,166.51,31846,100
9076,2026-05-18 12:41:39.897562,2026/05/18 12:41:39.937,0,NVIDIA A100-SXM-64GB,158.20,31904,100
9077,2026-05-18 12:41:39.897562,2026/05/18 12:41:39.941,1,NVIDIA A100-SXM-64GB,197.99,31922,100
9078,2026-05-18 12:41:39.897562,2026/05/18 12:41:39.944,2,NVIDIA A100-SXM-64GB,154.52,31912,99
9079,2026-05-18 12:41:39.897562,2026/05/18 12:41:39.946,3,NVIDIA A100-SXM-64GB,142.13,31846,100
9080,2026-05-18 12:41:44.992754,2026/05/18 12:41:45.040,0,NVIDIA A100-SXM-64GB,149.04,31904,100
9081,2026-05-18 12:41:44.992754,2026/05/18 12:41:45.043,1,NVIDIA A100-SXM-64GB,148.11,31922,98
9082,2026-05-18 12:41:44.992754,2026/05/18 12:41:45.045,2,NVIDIA A100-SXM-64GB,150.11,31912,98
9083,2026-05-18 12:41:44.992754,2026/05/18 12:41:45.048,3,NVIDIA A100-SXM-64GB,138.91,31846,100
9084,2026-05-18 12:41:50.094641,2026/05/18 12:41:50.134,0,NVIDIA A100-SXM-64GB,156.34,31904,100
9085,2026-05-18 12:41:50.094641,2026/05/18 12:41:50.136,1,NVIDIA A100-SXM-64GB,142.02,31922,98
9086,2026-05-18 12:41:50.094641,2026/05/18 12:41:50.139,2,NVIDIA A100-SXM-64GB,154.68,31912,98
9087,2026-05-18 12:41:50.094641,2026/05/18 12:41:50.142,3,NVIDIA A100-SXM-64GB,145.03,31846,99
9088,2026-05-18 12:41:55.188484,2026/05/18 12:41:55.228,0,NVIDIA A100-SXM-64GB,159.85,31904,100
9089,2026-05-18 12:41:55.188484,2026/05/18 12:41:55.232,1,NVIDIA A100-SXM-64GB,163.09,31922,100
9090,2026-05-18 12:41:55.188484,2026/05/18 12:41:55.235,2,NVIDIA A100-SXM-64GB,160.95,31912,100
9091,2026-05-18 12:41:55.188484,2026/05/18 12:41:55.240,3,NVIDIA A100-SXM-64GB,171.24,31846,100
9092,2026-05-18 12:42:00.286424,2026/05/18 12:42:00.326,0,NVIDIA A100-SXM-64GB,153.60,31904,100
9093,2026-05-18 12:42:00.286424,2026/05/18 12:42:00.328,1,NVIDIA A100-SXM-64GB,131.46,31922,100
9094,2026-05-18 12:42:00.286424,2026/05/18 12:42:00.331,2,NVIDIA A100-SXM-64GB,150.43,31912,100
9095,2026-05-18 12:42:00.286424,2026/05/18 12:42:00.334,3,NVIDIA A100-SXM-64GB,141.34,31846,100
9096,2026-05-18 12:42:05.380520,2026/05/18 12:42:05.420,0,NVIDIA A100-SXM-64GB,157.27,31904,100
9097,2026-05-18 12:42:05.380520,2026/05/18 12:42:05.422,1,NVIDIA A100-SXM-64GB,177.46,31922,100
9098,2026-05-18 12:42:05.380520,2026/05/18 12:42:05.425,2,NVIDIA A100-SXM-64GB,158.09,31912,100
9099,2026-05-18 12:42:05.380520,2026/05/18 12:42:05.427,3,NVIDIA A100-SXM-64GB,157.15,31846,100
9100,2026-05-18 12:42:10.474608,2026/05/18 12:42:10.514,0,NVIDIA A100-SXM-64GB,186.89,31904,100
9101,2026-05-18 12:42:10.474608,2026/05/18 12:42:10.518,1,NVIDIA A100-SXM-64GB,171.91,31922,100
9102,2026-05-18 12:42:10.474608,2026/05/18 12:42:10.520,2,NVIDIA A100-SXM-64GB,146.43,31912,100
9103,2026-05-18 12:42:10.474608,2026/05/18 12:42:10.523,3,NVIDIA A100-SXM-64GB,185.32,31846,100
9104,2026-05-18 12:42:15.570287,2026/05/18 12:42:15.610,0,NVIDIA A100-SXM-64GB,184.76,31904,100
9105,2026-05-18 12:42:15.570287,2026/05/18 12:42:15.612,1,NVIDIA A100-SXM-64GB,179.60,31922,100
9106,2026-05-18 12:42:15.570287,2026/05/18 12:42:15.615,2,NVIDIA A100-SXM-64GB,183.18,31912,100
9107,2026-05-18 12:42:15.570287,2026/05/18 12:42:15.618,3,NVIDIA A100-SXM-64GB,145.96,31846,100
9108,2026-05-18 12:42:20.666670,2026/05/18 12:42:20.706,0,NVIDIA A100-SXM-64GB,199.53,31904,100
9109,2026-05-18 12:42:20.666670,2026/05/18 12:42:20.709,1,NVIDIA A100-SXM-64GB,183.22,31922,100
9110,2026-05-18 12:42:20.666670,2026/05/18 12:42:20.712,2,NVIDIA A100-SXM-64GB,194.92,31912,100
9111,2026-05-18 12:42:20.666670,2026/05/18 12:42:20.718,3,NVIDIA A100-SXM-64GB,163.26,31846,100
9112,2026-05-18 12:42:25.765541,2026/05/18 12:42:25.805,0,NVIDIA A100-SXM-64GB,182.34,31904,100
9113,2026-05-18 12:42:25.765541,2026/05/18 12:42:25.807,1,NVIDIA A100-SXM-64GB,149.80,31922,100
9114,2026-05-18 12:42:25.765541,2026/05/18 12:42:25.812,2,NVIDIA A100-SXM-64GB,178.70,31912,100
9115,2026-05-18 12:42:25.765541,2026/05/18 12:42:25.814,3,NVIDIA A100-SXM-64GB,164.09,31846,100
9116,2026-05-18 12:42:30.861126,2026/05/18 12:42:30.900,0,NVIDIA A100-SXM-64GB,156.07,31904,100
9117,2026-05-18 12:42:30.861126,2026/05/18 12:42:30.902,1,NVIDIA A100-SXM-64GB,144.31,31922,100
9118,2026-05-18 12:42:30.861126,2026/05/18 12:42:30.905,2,NVIDIA A100-SXM-64GB,146.43,31912,98
9119,2026-05-18 12:42:30.861126,2026/05/18 12:42:30.907,3,NVIDIA A100-SXM-64GB,144.42,31846,100
9120,2026-05-18 12:42:35.955175,2026/05/18 12:42:35.994,0,NVIDIA A100-SXM-64GB,152.22,31904,100
9121,2026-05-18 12:42:35.955175,2026/05/18 12:42:35.998,1,NVIDIA A100-SXM-64GB,183.55,31922,100
9122,2026-05-18 12:42:35.955175,2026/05/18 12:42:36.000,2,NVIDIA A100-SXM-64GB,148.90,31912,99
9123,2026-05-18 12:42:35.955175,2026/05/18 12:42:36.003,3,NVIDIA A100-SXM-64GB,178.28,31846,100
9124,2026-05-18 12:42:41.049707,2026/05/18 12:42:41.089,0,NVIDIA A100-SXM-64GB,172.85,31904,100
9125,2026-05-18 12:42:41.049707,2026/05/18 12:42:41.092,1,NVIDIA A100-SXM-64GB,165.50,31922,100
9126,2026-05-18 12:42:41.049707,2026/05/18 12:42:41.095,2,NVIDIA A100-SXM-64GB,169.25,31912,100
9127,2026-05-18 12:42:41.049707,2026/05/18 12:42:41.097,3,NVIDIA A100-SXM-64GB,188.40,31846,80
9128,2026-05-18 12:42:46.144147,2026/05/18 12:42:46.183,0,NVIDIA A100-SXM-64GB,186.48,31904,100
9129,2026-05-18 12:42:46.144147,2026/05/18 12:42:46.187,1,NVIDIA A100-SXM-64GB,174.24,31922,100
9130,2026-05-18 12:42:46.144147,2026/05/18 12:42:46.190,2,NVIDIA A100-SXM-64GB,171.74,31912,100
9131,2026-05-18 12:42:46.144147,2026/05/18 12:42:46.192,3,NVIDIA A100-SXM-64GB,157.81,31846,100
9132,2026-05-18 12:42:51.238977,2026/05/18 12:42:51.278,0,NVIDIA A100-SXM-64GB,158.81,31904,98
9133,2026-05-18 12:42:51.238977,2026/05/18 12:42:51.282,1,NVIDIA A100-SXM-64GB,146.73,31922,98
9134,2026-05-18 12:42:51.238977,2026/05/18 12:42:51.285,2,NVIDIA A100-SXM-64GB,151.32,31912,98
9135,2026-05-18 12:42:51.238977,2026/05/18 12:42:51.287,3,NVIDIA A100-SXM-64GB,141.34,31846,98
9136,2026-05-18 12:42:56.334231,2026/05/18 12:42:56.373,0,NVIDIA A100-SXM-64GB,165.50,31904,100
9137,2026-05-18 12:42:56.334231,2026/05/18 12:42:56.375,1,NVIDIA A100-SXM-64GB,141.84,31922,98
9138,2026-05-18 12:42:56.334231,2026/05/18 12:42:56.380,2,NVIDIA A100-SXM-64GB,151.65,31912,100
9139,2026-05-18 12:42:56.334231,2026/05/18 12:42:56.386,3,NVIDIA A100-SXM-64GB,145.36,31846,98
9140,2026-05-18 12:43:01.432005,2026/05/18 12:43:01.471,0,NVIDIA A100-SXM-64GB,152.06,31904,100
9141,2026-05-18 12:43:01.432005,2026/05/18 12:43:01.474,1,NVIDIA A100-SXM-64GB,145.98,31922,100
9142,2026-05-18 12:43:01.432005,2026/05/18 12:43:01.476,2,NVIDIA A100-SXM-64GB,148.29,31912,100
9143,2026-05-18 12:43:01.432005,2026/05/18 12:43:01.494,3,NVIDIA A100-SXM-64GB,142.61,31846,100
9144,2026-05-18 12:43:06.541476,2026/05/18 12:43:06.581,0,NVIDIA A100-SXM-64GB,154.20,31904,98
9145,2026-05-18 12:43:06.541476,2026/05/18 12:43:06.583,1,NVIDIA A100-SXM-64GB,142.30,31922,98
9146,2026-05-18 12:43:06.541476,2026/05/18 12:43:06.586,2,NVIDIA A100-SXM-64GB,147.96,31912,98
9147,2026-05-18 12:43:06.541476,2026/05/18 12:43:06.589,3,NVIDIA A100-SXM-64GB,147.18,31846,98
9148,2026-05-18 12:43:11.635368,2026/05/18 12:43:11.675,0,NVIDIA A100-SXM-64GB,165.50,31904,100
9149,2026-05-18 12:43:11.635368,2026/05/18 12:43:11.680,1,NVIDIA A100-SXM-64GB,149.20,31922,100
9150,2026-05-18 12:43:11.635368,2026/05/18 12:43:11.686,2,NVIDIA A100-SXM-64GB,158.09,31912,100
9151,2026-05-18 12:43:11.635368,2026/05/18 12:43:11.688,3,NVIDIA A100-SXM-64GB,155.17,31846,100
9152,2026-05-18 12:43:16.736839,2026/05/18 12:43:16.776,0,NVIDIA A100-SXM-64GB,185.83,31904,100
9153,2026-05-18 12:43:16.736839,2026/05/18 12:43:16.781,1,NVIDIA A100-SXM-64GB,176.20,31922,100
9154,2026-05-18 12:43:16.736839,2026/05/18 12:43:16.788,2,NVIDIA A100-SXM-64GB,189.15,31912,100
9155,2026-05-18 12:43:16.736839,2026/05/18 12:43:16.791,3,NVIDIA A100-SXM-64GB,163.59,31846,100
9156,2026-05-18 12:43:21.839118,2026/05/18 12:43:21.878,0,NVIDIA A100-SXM-64GB,178.66,31904,100
9157,2026-05-18 12:43:21.839118,2026/05/18 12:43:21.883,1,NVIDIA A100-SXM-64GB,158.48,31922,100
9158,2026-05-18 12:43:21.839118,2026/05/18 12:43:21.888,2,NVIDIA A100-SXM-64GB,164.80,31912,100
9159,2026-05-18 12:43:21.839118,2026/05/18 12:43:21.891,3,NVIDIA A100-SXM-64GB,176.46,31846,100
9160,2026-05-18 12:43:26.937842,2026/05/18 12:43:26.977,0,NVIDIA A100-SXM-64GB,195.58,31904,100
9161,2026-05-18 12:43:26.937842,2026/05/18 12:43:26.979,1,NVIDIA A100-SXM-64GB,184.76,31922,100
9162,2026-05-18 12:43:26.937842,2026/05/18 12:43:26.982,2,NVIDIA A100-SXM-64GB,196.18,31912,100
9163,2026-05-18 12:43:26.937842,2026/05/18 12:43:26.985,3,NVIDIA A100-SXM-64GB,183.51,31846,100
9164,2026-05-18 12:43:32.033060,2026/05/18 12:43:32.083,0,NVIDIA A100-SXM-64GB,212.67,31904,100
9165,2026-05-18 12:43:32.033060,2026/05/18 12:43:32.088,1,NVIDIA A100-SXM-64GB,209.61,31922,98
9166,2026-05-18 12:43:32.033060,2026/05/18 12:43:32.091,2,NVIDIA A100-SXM-64GB,231.46,31912,98
9167,2026-05-18 12:43:32.033060,2026/05/18 12:43:32.093,3,NVIDIA A100-SXM-64GB,190.22,31846,98
9168,2026-05-18 12:43:37.139521,2026/05/18 12:43:37.179,0,NVIDIA A100-SXM-64GB,192.10,31904,100
9169,2026-05-18 12:43:37.139521,2026/05/18 12:43:37.182,1,NVIDIA A100-SXM-64GB,161.55,31922,100
9170,2026-05-18 12:43:37.139521,2026/05/18 12:43:37.184,2,NVIDIA A100-SXM-64GB,172.78,31912,100
9171,2026-05-18 12:43:37.139521,2026/05/18 12:43:37.191,3,NVIDIA A100-SXM-64GB,187.19,31846,100
9172,2026-05-18 12:43:42.239164,2026/05/18 12:43:42.279,0,NVIDIA A100-SXM-64GB,151.46,31904,98
9173,2026-05-18 12:43:42.239164,2026/05/18 12:43:42.281,1,NVIDIA A100-SXM-64GB,146.45,31922,100
9174,2026-05-18 12:43:42.239164,2026/05/18 12:43:42.285,2,NVIDIA A100-SXM-64GB,153.47,31912,49
9175,2026-05-18 12:43:42.239164,2026/05/18 12:43:42.287,3,NVIDIA A100-SXM-64GB,142.27,31846,100
9176,2026-05-18 12:43:47.334317,2026/05/18 12:43:47.374,0,NVIDIA A100-SXM-64GB,196.46,31904,100
9177,2026-05-18 12:43:47.334317,2026/05/18 12:43:47.377,1,NVIDIA A100-SXM-64GB,172.25,31922,100
9178,2026-05-18 12:43:47.334317,2026/05/18 12:43:47.380,2,NVIDIA A100-SXM-64GB,172.93,31912,100
9179,2026-05-18 12:43:47.334317,2026/05/18 12:43:47.382,3,NVIDIA A100-SXM-64GB,172.78,31846,100
9180,2026-05-18 12:43:52.428677,2026/05/18 12:43:52.468,0,NVIDIA A100-SXM-64GB,180.29,31904,100
9181,2026-05-18 12:43:52.428677,2026/05/18 12:43:52.471,1,NVIDIA A100-SXM-64GB,160.94,31922,100
9182,2026-05-18 12:43:52.428677,2026/05/18 12:43:52.474,2,NVIDIA A100-SXM-64GB,168.65,31912,100
9183,2026-05-18 12:43:52.428677,2026/05/18 12:43:52.478,3,NVIDIA A100-SXM-64GB,167.55,31846,100
9184,2026-05-18 12:43:57.528574,2026/05/18 12:43:57.580,0,NVIDIA A100-SXM-64GB,163.85,31904,100
9185,2026-05-18 12:43:57.528574,2026/05/18 12:43:57.582,1,NVIDIA A100-SXM-64GB,145.37,31922,100
9186,2026-05-18 12:43:57.528574,2026/05/18 12:43:57.585,2,NVIDIA A100-SXM-64GB,167.71,31912,100
9187,2026-05-18 12:43:57.528574,2026/05/18 12:43:57.587,3,NVIDIA A100-SXM-64GB,147.35,31846,100
9188,2026-05-18 12:44:02.634229,2026/05/18 12:44:02.674,0,NVIDIA A100-SXM-64GB,104.82,31904,59
9189,2026-05-18 12:44:02.634229,2026/05/18 12:44:02.676,1,NVIDIA A100-SXM-64GB,82.01,31922,100
9190,2026-05-18 12:44:02.634229,2026/05/18 12:44:02.679,2,NVIDIA A100-SXM-64GB,98.10,31912,10
9191,2026-05-18 12:44:02.634229,2026/05/18 12:44:02.683,3,NVIDIA A100-SXM-64GB,96.38,31846,100
9192,2026-05-18 12:44:07.730914,2026/05/18 12:44:07.770,0,NVIDIA A100-SXM-64GB,155.74,31904,98
9193,2026-05-18 12:44:07.730914,2026/05/18 12:44:07.773,1,NVIDIA A100-SXM-64GB,141.69,31922,100
9194,2026-05-18 12:44:07.730914,2026/05/18 12:44:07.775,2,NVIDIA A100-SXM-64GB,148.29,31912,100
9195,2026-05-18 12:44:07.730914,2026/05/18 12:44:07.777,3,NVIDIA A100-SXM-64GB,146.57,31846,100
9196,2026-05-18 12:44:12.825197,2026/05/18 12:44:12.864,0,NVIDIA A100-SXM-64GB,154.20,31904,98
9197,2026-05-18 12:44:12.825197,2026/05/18 12:44:12.866,1,NVIDIA A100-SXM-64GB,143.23,31922,100
9198,2026-05-18 12:44:12.825197,2026/05/18 12:44:12.869,2,NVIDIA A100-SXM-64GB,146.43,31912,100
9199,2026-05-18 12:44:12.825197,2026/05/18 12:44:12.871,3,NVIDIA A100-SXM-64GB,148.72,31846,100
9200,2026-05-18 12:44:17.918838,2026/05/18 12:44:17.958,0,NVIDIA A100-SXM-64GB,178.94,31904,100
9201,2026-05-18 12:44:17.918838,2026/05/18 12:44:17.961,1,NVIDIA A100-SXM-64GB,150.25,31922,100
9202,2026-05-18 12:44:17.918838,2026/05/18 12:44:17.963,2,NVIDIA A100-SXM-64GB,163.92,31912,100
9203,2026-05-18 12:44:17.918838,2026/05/18 12:44:17.968,3,NVIDIA A100-SXM-64GB,169.26,31846,100
9204,2026-05-18 12:44:23.014908,2026/05/18 12:44:23.054,0,NVIDIA A100-SXM-64GB,185.50,31904,100
9205,2026-05-18 12:44:23.014908,2026/05/18 12:44:23.056,1,NVIDIA A100-SXM-64GB,170.43,31922,100
9206,2026-05-18 12:44:23.014908,2026/05/18 12:44:23.059,2,NVIDIA A100-SXM-64GB,182.11,31912,100
9207,2026-05-18 12:44:23.014908,2026/05/18 12:44:23.062,3,NVIDIA A100-SXM-64GB,165.40,31846,100
9208,2026-05-18 12:44:28.109539,2026/05/18 12:44:28.149,0,NVIDIA A100-SXM-64GB,165.83,31904,100
9209,2026-05-18 12:44:28.109539,2026/05/18 12:44:28.152,1,NVIDIA A100-SXM-64GB,149.32,31922,100
9210,2026-05-18 12:44:28.109539,2026/05/18 12:44:28.154,2,NVIDIA A100-SXM-64GB,161.88,31912,100
9211,2026-05-18 12:44:28.109539,2026/05/18 12:44:28.157,3,NVIDIA A100-SXM-64GB,167.88,31846,100
9212,2026-05-18 12:44:33.204320,2026/05/18 12:44:33.244,0,NVIDIA A100-SXM-64GB,171.14,31904,98
9213,2026-05-18 12:44:33.204320,2026/05/18 12:44:33.247,1,NVIDIA A100-SXM-64GB,178.06,31922,100
9214,2026-05-18 12:44:33.204320,2026/05/18 12:44:33.249,2,NVIDIA A100-SXM-64GB,187.61,31912,100
9215,2026-05-18 12:44:33.204320,2026/05/18 12:44:33.253,3,NVIDIA A100-SXM-64GB,178.01,31846,100
9216,2026-05-18 12:44:38.300504,2026/05/18 12:44:38.341,0,NVIDIA A100-SXM-64GB,158.32,31904,97
9217,2026-05-18 12:44:38.300504,2026/05/18 12:44:38.347,1,NVIDIA A100-SXM-64GB,147.84,31922,99
9218,2026-05-18 12:44:38.300504,2026/05/18 12:44:38.350,2,NVIDIA A100-SXM-64GB,153.31,31912,98
9219,2026-05-18 12:44:38.300504,2026/05/18 12:44:38.354,3,NVIDIA A100-SXM-64GB,142.74,31846,98
9220,2026-05-18 12:44:43.401897,2026/05/18 12:44:43.441,0,NVIDIA A100-SXM-64GB,199.26,31904,100
9221,2026-05-18 12:44:43.401897,2026/05/18 12:44:43.448,1,NVIDIA A100-SXM-64GB,185.08,31922,100
9222,2026-05-18 12:44:43.401897,2026/05/18 12:44:43.450,2,NVIDIA A100-SXM-64GB,185.46,31912,100
9223,2026-05-18 12:44:43.401897,2026/05/18 12:44:43.454,3,NVIDIA A100-SXM-64GB,169.69,31846,100
9224,2026-05-18 12:44:48.501559,2026/05/18 12:44:48.541,0,NVIDIA A100-SXM-64GB,155.74,31904,97
9225,2026-05-18 12:44:48.501559,2026/05/18 12:44:48.547,1,NVIDIA A100-SXM-64GB,139.28,31922,97
9226,2026-05-18 12:44:48.501559,2026/05/18 12:44:48.552,2,NVIDIA A100-SXM-64GB,151.65,31912,97
9227,2026-05-18 12:44:48.501559,2026/05/18 12:44:48.555,3,NVIDIA A100-SXM-64GB,145.36,31846,97
9228,2026-05-18 12:44:53.601284,2026/05/18 12:44:53.642,0,NVIDIA A100-SXM-64GB,173.18,31904,100
9229,2026-05-18 12:44:53.601284,2026/05/18 12:44:53.644,1,NVIDIA A100-SXM-64GB,186.89,31922,100
9230,2026-05-18 12:44:53.601284,2026/05/18 12:44:53.647,2,NVIDIA A100-SXM-64GB,184.86,31912,100
9231,2026-05-18 12:44:53.601284,2026/05/18 12:44:53.650,3,NVIDIA A100-SXM-64GB,181.36,31846,100
9232,2026-05-18 12:44:58.697383,2026/05/18 12:44:58.737,0,NVIDIA A100-SXM-64GB,154.37,31904,100
9233,2026-05-18 12:44:58.697383,2026/05/18 12:44:58.739,1,NVIDIA A100-SXM-64GB,139.55,31922,98
9234,2026-05-18 12:44:58.697383,2026/05/18 12:44:58.742,2,NVIDIA A100-SXM-64GB,146.14,31912,98
9235,2026-05-18 12:44:58.697383,2026/05/18 12:44:58.744,3,NVIDIA A100-SXM-64GB,156.22,31846,98
9236,2026-05-18 12:45:03.791937,2026/05/18 12:45:03.831,0,NVIDIA A100-SXM-64GB,156.07,31904,98
9237,2026-05-18 12:45:03.791937,2026/05/18 12:45:03.833,1,NVIDIA A100-SXM-64GB,142.02,31922,100
9238,2026-05-18 12:45:03.791937,2026/05/18 12:45:03.838,2,NVIDIA A100-SXM-64GB,152.53,31912,100
9239,2026-05-18 12:45:03.791937,2026/05/18 12:45:03.844,3,NVIDIA A100-SXM-64GB,147.78,31846,100
9240,2026-05-18 12:45:08.890612,2026/05/18 12:45:08.930,0,NVIDIA A100-SXM-64GB,184.48,31904,100
9241,2026-05-18 12:45:08.890612,2026/05/18 12:45:08.936,1,NVIDIA A100-SXM-64GB,166.76,31922,100
9242,2026-05-18 12:45:08.890612,2026/05/18 12:45:08.938,2,NVIDIA A100-SXM-64GB,170.63,31912,100
9243,2026-05-18 12:45:08.890612,2026/05/18 12:45:08.941,3,NVIDIA A100-SXM-64GB,176.31,31846,100
9244,2026-05-18 12:45:13.988742,2026/05/18 12:45:14.028,0,NVIDIA A100-SXM-64GB,163.25,31904,100
9245,2026-05-18 12:45:13.988742,2026/05/18 12:45:14.030,1,NVIDIA A100-SXM-64GB,181.08,31922,100
9246,2026-05-18 12:45:13.988742,2026/05/18 12:45:14.033,2,NVIDIA A100-SXM-64GB,165.57,31912,100
9247,2026-05-18 12:45:13.988742,2026/05/18 12:45:14.036,3,NVIDIA A100-SXM-64GB,180.76,31846,100
9248,2026-05-18 12:45:19.082270,2026/05/18 12:45:19.122,0,NVIDIA A100-SXM-64GB,185.69,31904,100
9249,2026-05-18 12:45:19.082270,2026/05/18 12:45:19.134,1,NVIDIA A100-SXM-64GB,170.11,31922,100
9250,2026-05-18 12:45:19.082270,2026/05/18 12:45:19.137,2,NVIDIA A100-SXM-64GB,194.92,31912,100
9251,2026-05-18 12:45:19.082270,2026/05/18 12:45:19.139,3,NVIDIA A100-SXM-64GB,163.92,31846,100
9252,2026-05-18 12:45:24.191398,2026/05/18 12:45:24.231,0,NVIDIA A100-SXM-64GB,183.69,31904,100
9253,2026-05-18 12:45:24.191398,2026/05/18 12:45:24.234,1,NVIDIA A100-SXM-64GB,146.57,31922,100
9254,2026-05-18 12:45:24.191398,2026/05/18 12:45:24.236,2,NVIDIA A100-SXM-64GB,185.74,31912,100
9255,2026-05-18 12:45:24.191398,2026/05/18 12:45:24.239,3,NVIDIA A100-SXM-64GB,152.86,31846,100
9256,2026-05-18 12:45:29.286731,2026/05/18 12:45:29.326,0,NVIDIA A100-SXM-64GB,186.70,31904,100
9257,2026-05-18 12:45:29.286731,2026/05/18 12:45:29.328,1,NVIDIA A100-SXM-64GB,177.46,31922,100
9258,2026-05-18 12:45:29.286731,2026/05/18 12:45:29.333,2,NVIDIA A100-SXM-64GB,170.46,31912,100
9259,2026-05-18 12:45:29.286731,2026/05/18 12:45:29.336,3,NVIDIA A100-SXM-64GB,182.90,31846,100
9260,2026-05-18 12:45:34.382679,2026/05/18 12:45:34.422,0,NVIDIA A100-SXM-64GB,179.87,31904,100
9261,2026-05-18 12:45:34.382679,2026/05/18 12:45:34.424,1,NVIDIA A100-SXM-64GB,156.50,31922,100
9262,2026-05-18 12:45:34.382679,2026/05/18 12:45:34.427,2,NVIDIA A100-SXM-64GB,156.55,31912,100
9263,2026-05-18 12:45:34.382679,2026/05/18 12:45:34.429,3,NVIDIA A100-SXM-64GB,148.45,31846,100
9264,2026-05-18 12:45:39.476428,2026/05/18 12:45:39.516,0,NVIDIA A100-SXM-64GB,157.00,31904,98
9265,2026-05-18 12:45:39.476428,2026/05/18 12:45:39.519,1,NVIDIA A100-SXM-64GB,143.71,31922,98
9266,2026-05-18 12:45:39.476428,2026/05/18 12:45:39.522,2,NVIDIA A100-SXM-64GB,148.57,31912,98
9267,2026-05-18 12:45:39.476428,2026/05/18 12:45:39.526,3,NVIDIA A100-SXM-64GB,141.85,31846,98
9268,2026-05-18 12:45:44.576078,2026/05/18 12:45:44.615,0,NVIDIA A100-SXM-64GB,154.20,31904,100
9269,2026-05-18 12:45:44.576078,2026/05/18 12:45:44.620,1,NVIDIA A100-SXM-64GB,140.76,31922,99
9270,2026-05-18 12:45:44.576078,2026/05/18 12:45:44.623,2,NVIDIA A100-SXM-64GB,153.31,31912,99
9271,2026-05-18 12:45:44.576078,2026/05/18 12:45:44.628,3,NVIDIA A100-SXM-64GB,147.78,31846,97
9272,2026-05-18 12:45:49.677558,2026/05/18 12:45:49.729,0,NVIDIA A100-SXM-64GB,156.34,31904,100
9273,2026-05-18 12:45:49.677558,2026/05/18 12:45:49.731,1,NVIDIA A100-SXM-64GB,141.69,31922,98
9274,2026-05-18 12:45:49.677558,2026/05/18 12:45:49.734,2,NVIDIA A100-SXM-64GB,152.86,31912,98
9275,2026-05-18 12:45:49.677558,2026/05/18 12:45:49.736,3,NVIDIA A100-SXM-64GB,145.64,31846,100
9276,2026-05-18 12:45:54.783442,2026/05/18 12:45:54.823,0,NVIDIA A100-SXM-64GB,180.62,31904,100
9277,2026-05-18 12:45:54.783442,2026/05/18 12:45:54.825,1,NVIDIA A100-SXM-64GB,166.76,31922,100
9278,2026-05-18 12:45:54.783442,2026/05/18 12:45:54.828,2,NVIDIA A100-SXM-64GB,184.53,31912,100
9279,2026-05-18 12:45:54.783442,2026/05/18 12:45:54.831,3,NVIDIA A100-SXM-64GB,165.13,31846,100
9280,2026-05-18 12:45:59.878595,2026/05/18 12:45:59.918,0,NVIDIA A100-SXM-64GB,195.46,31904,100
9281,2026-05-18 12:45:59.878595,2026/05/18 12:45:59.921,1,NVIDIA A100-SXM-64GB,186.02,31922,100
9282,2026-05-18 12:45:59.878595,2026/05/18 12:45:59.923,2,NVIDIA A100-SXM-64GB,194.85,31912,100
9283,2026-05-18 12:45:59.878595,2026/05/18 12:45:59.926,3,NVIDIA A100-SXM-64GB,164.70,31846,100
9284,2026-05-18 12:46:04.974612,2026/05/18 12:46:05.014,0,NVIDIA A100-SXM-64GB,149.32,31904,100
9285,2026-05-18 12:46:04.974612,2026/05/18 12:46:05.016,1,NVIDIA A100-SXM-64GB,133.27,31922,100
9286,2026-05-18 12:46:04.974612,2026/05/18 12:46:05.019,2,NVIDIA A100-SXM-64GB,139.05,31912,100
9287,2026-05-18 12:46:04.974612,2026/05/18 12:46:05.022,3,NVIDIA A100-SXM-64GB,171.24,31846,100
9288,2026-05-18 12:46:10.069308,2026/05/18 12:46:10.121,0,NVIDIA A100-SXM-64GB,172.07,31904,100
9289,2026-05-18 12:46:10.069308,2026/05/18 12:46:10.123,1,NVIDIA A100-SXM-64GB,183.96,31922,98
9290,2026-05-18 12:46:10.069308,2026/05/18 12:46:10.126,2,NVIDIA A100-SXM-64GB,185.46,31912,99
9291,2026-05-18 12:46:10.069308,2026/05/18 12:46:10.130,3,NVIDIA A100-SXM-64GB,138.17,31846,100
9292,2026-05-18 12:46:15.178006,2026/05/18 12:46:15.217,0,NVIDIA A100-SXM-64GB,155.58,31904,100
9293,2026-05-18 12:46:15.178006,2026/05/18 12:46:15.219,1,NVIDIA A100-SXM-64GB,147.51,31922,98
9294,2026-05-18 12:46:15.178006,2026/05/18 12:46:15.222,2,NVIDIA A100-SXM-64GB,153.79,31912,98
9295,2026-05-18 12:46:15.178006,2026/05/18 12:46:15.225,3,NVIDIA A100-SXM-64GB,145.03,31846,98
9296,2026-05-18 12:46:20.272143,2026/05/18 12:46:20.311,0,NVIDIA A100-SXM-64GB,167.04,31904,100
9297,2026-05-18 12:46:20.272143,2026/05/18 12:46:20.321,1,NVIDIA A100-SXM-64GB,169.35,31922,100
9298,2026-05-18 12:46:20.272143,2026/05/18 12:46:20.324,2,NVIDIA A100-SXM-64GB,176.13,31912,100
9299,2026-05-18 12:46:20.272143,2026/05/18 12:46:20.326,3,NVIDIA A100-SXM-64GB,158.85,31846,100
9300,2026-05-18 12:46:25.374522,2026/05/18 12:46:25.414,0,NVIDIA A100-SXM-64GB,174.99,31904,100
9301,2026-05-18 12:46:25.374522,2026/05/18 12:46:25.416,1,NVIDIA A100-SXM-64GB,177.46,31922,100
9302,2026-05-18 12:46:25.374522,2026/05/18 12:46:25.425,2,NVIDIA A100-SXM-64GB,183.79,31912,100
9303,2026-05-18 12:46:25.374522,2026/05/18 12:46:25.430,3,NVIDIA A100-SXM-64GB,182.90,31846,100
9304,2026-05-18 12:46:30.478771,2026/05/18 12:46:30.520,0,NVIDIA A100-SXM-64GB,168.30,31904,100
9305,2026-05-18 12:46:30.478771,2026/05/18 12:46:30.523,1,NVIDIA A100-SXM-64GB,157.87,31922,100
9306,2026-05-18 12:46:30.478771,2026/05/18 12:46:30.525,2,NVIDIA A100-SXM-64GB,174.74,31912,100
9307,2026-05-18 12:46:30.478771,2026/05/18 12:46:30.529,3,NVIDIA A100-SXM-64GB,179.21,31846,100
9308,2026-05-18 12:46:35.577870,2026/05/18 12:46:35.617,0,NVIDIA A100-SXM-64GB,197.32,31904,98
9309,2026-05-18 12:46:35.577870,2026/05/18 12:46:35.619,1,NVIDIA A100-SXM-64GB,147.33,31922,100
9310,2026-05-18 12:46:35.577870,2026/05/18 12:46:35.624,2,NVIDIA A100-SXM-64GB,152.86,31912,100
9311,2026-05-18 12:46:35.577870,2026/05/18 12:46:35.628,3,NVIDIA A100-SXM-64GB,133.41,31846,100
9312,2026-05-18 12:46:40.675077,2026/05/18 12:46:40.714,0,NVIDIA A100-SXM-64GB,156.67,31904,97
9313,2026-05-18 12:46:40.675077,2026/05/18 12:46:40.716,1,NVIDIA A100-SXM-64GB,143.38,31922,98
9314,2026-05-18 12:46:40.675077,2026/05/18 12:46:40.719,2,NVIDIA A100-SXM-64GB,150.72,31912,98
9315,2026-05-18 12:46:40.675077,2026/05/18 12:46:40.721,3,NVIDIA A100-SXM-64GB,142.88,31846,97
9316,2026-05-18 12:46:45.769099,2026/05/18 12:46:45.810,0,NVIDIA A100-SXM-64GB,183.03,31904,100
9317,2026-05-18 12:46:45.769099,2026/05/18 12:46:45.814,1,NVIDIA A100-SXM-64GB,178.94,31922,100
9318,2026-05-18 12:46:45.769099,2026/05/18 12:46:45.817,2,NVIDIA A100-SXM-64GB,182.39,31912,100
9319,2026-05-18 12:46:45.769099,2026/05/18 12:46:45.819,3,NVIDIA A100-SXM-64GB,173.99,31846,100
9320,2026-05-18 12:46:50.866292,2026/05/18 12:46:50.906,0,NVIDIA A100-SXM-64GB,228.24,31904,100
9321,2026-05-18 12:46:50.866292,2026/05/18 12:46:50.908,1,NVIDIA A100-SXM-64GB,163.58,31922,100
9322,2026-05-18 12:46:50.866292,2026/05/18 12:46:50.911,2,NVIDIA A100-SXM-64GB,186.59,31912,100
9323,2026-05-18 12:46:50.866292,2026/05/18 12:46:50.916,3,NVIDIA A100-SXM-64GB,142.27,31846,100
9324,2026-05-18 12:46:55.965974,2026/05/18 12:46:56.005,0,NVIDIA A100-SXM-64GB,156.67,31904,100
9325,2026-05-18 12:46:55.965974,2026/05/18 12:46:56.008,1,NVIDIA A100-SXM-64GB,149.20,31922,98
9326,2026-05-18 12:46:55.965974,2026/05/18 12:46:56.011,2,NVIDIA A100-SXM-64GB,146.43,31912,98
9327,2026-05-18 12:46:55.965974,2026/05/18 12:46:56.014,3,NVIDIA A100-SXM-64GB,146.29,31846,100
9328,2026-05-18 12:47:01.062496,2026/05/18 12:47:01.102,0,NVIDIA A100-SXM-64GB,152.39,31904,100
9329,2026-05-18 12:47:01.062496,2026/05/18 12:47:01.104,1,NVIDIA A100-SXM-64GB,176.20,31922,99
9330,2026-05-18 12:47:01.062496,2026/05/18 12:47:01.107,2,NVIDIA A100-SXM-64GB,190.96,31912,99
9331,2026-05-18 12:47:01.062496,2026/05/18 12:47:01.110,3,NVIDIA A100-SXM-64GB,162.54,31846,100
9332,2026-05-18 12:47:06.156868,2026/05/18 12:47:06.196,0,NVIDIA A100-SXM-64GB,157.27,31904,100
9333,2026-05-18 12:47:06.156868,2026/05/18 12:47:06.200,1,NVIDIA A100-SXM-64GB,142.17,31922,98
9334,2026-05-18 12:47:06.156868,2026/05/18 12:47:06.204,2,NVIDIA A100-SXM-64GB,156.22,31912,98
9335,2026-05-18 12:47:06.156868,2026/05/18 12:47:06.207,3,NVIDIA A100-SXM-64GB,132.80,31846,100
9336,2026-05-18 12:47:11.254630,2026/05/18 12:47:11.294,0,NVIDIA A100-SXM-64GB,186.02,31904,100
9337,2026-05-18 12:47:11.254630,2026/05/18 12:47:11.296,1,NVIDIA A100-SXM-64GB,156.83,31922,100
9338,2026-05-18 12:47:11.254630,2026/05/18 12:47:11.299,2,NVIDIA A100-SXM-64GB,172.78,31912,100
9339,2026-05-18 12:47:11.254630,2026/05/18 12:47:11.301,3,NVIDIA A100-SXM-64GB,168.99,31846,100
9340,2026-05-18 12:47:16.350036,2026/05/18 12:47:16.402,0,NVIDIA A100-SXM-64GB,157.27,31904,98
9341,2026-05-18 12:47:16.350036,2026/05/18 12:47:16.404,1,NVIDIA A100-SXM-64GB,142.90,31922,98
9342,2026-05-18 12:47:16.350036,2026/05/18 12:47:16.410,2,NVIDIA A100-SXM-64GB,153.31,31912,98
9343,2026-05-18 12:47:16.350036,2026/05/18 12:47:16.412,3,NVIDIA A100-SXM-64GB,147.96,31846,98
9344,2026-05-18 12:47:21.460652,2026/05/18 12:47:21.501,0,NVIDIA A100-SXM-64GB,154.53,31904,98
9345,2026-05-18 12:47:21.460652,2026/05/18 12:47:21.503,1,NVIDIA A100-SXM-64GB,139.88,31922,100
9346,2026-05-18 12:47:21.460652,2026/05/18 12:47:21.506,2,NVIDIA A100-SXM-64GB,148.57,31912,100
9347,2026-05-18 12:47:21.460652,2026/05/18 12:47:21.508,3,NVIDIA A100-SXM-64GB,141.07,31846,100
9348,2026-05-18 12:47:26.556737,2026/05/18 12:47:26.596,0,NVIDIA A100-SXM-64GB,171.91,31904,100
9349,2026-05-18 12:47:26.556737,2026/05/18 12:47:26.598,1,NVIDIA A100-SXM-64GB,165.06,31922,100
9350,2026-05-18 12:47:26.556737,2026/05/18 12:47:26.601,2,NVIDIA A100-SXM-64GB,163.59,31912,100
9351,2026-05-18 12:47:26.556737,2026/05/18 12:47:26.603,3,NVIDIA A100-SXM-64GB,152.41,31846,100
9352,2026-05-18 12:47:31.654716,2026/05/18 12:47:31.694,0,NVIDIA A100-SXM-64GB,152.39,31904,100
9353,2026-05-18 12:47:31.654716,2026/05/18 12:47:31.700,1,NVIDIA A100-SXM-64GB,179.27,31922,100
9354,2026-05-18 12:47:31.654716,2026/05/18 12:47:31.702,2,NVIDIA A100-SXM-64GB,197.72,31912,100
9355,2026-05-18 12:47:31.654716,2026/05/18 12:47:31.705,3,NVIDIA A100-SXM-64GB,188.40,31846,100
9356,2026-05-18 12:47:36.755236,2026/05/18 12:47:36.795,0,NVIDIA A100-SXM-64GB,177.74,31904,100
9357,2026-05-18 12:47:36.755236,2026/05/18 12:47:36.797,1,NVIDIA A100-SXM-64GB,161.28,31922,100
9358,2026-05-18 12:47:36.755236,2026/05/18 12:47:36.802,2,NVIDIA A100-SXM-64GB,153.79,31912,100
9359,2026-05-18 12:47:36.755236,2026/05/18 12:47:36.805,3,NVIDIA A100-SXM-64GB,165.57,31846,100
9360,2026-05-18 12:47:41.855245,2026/05/18 12:47:41.894,0,NVIDIA A100-SXM-64GB,154.86,31904,98
9361,2026-05-18 12:47:41.855245,2026/05/18 12:47:41.901,1,NVIDIA A100-SXM-64GB,141.09,31922,98
9362,2026-05-18 12:47:41.855245,2026/05/18 12:47:41.909,2,NVIDIA A100-SXM-64GB,148.90,31912,98
9363,2026-05-18 12:47:41.855245,2026/05/18 12:47:41.912,3,NVIDIA A100-SXM-64GB,142.27,31846,98
9364,2026-05-18 12:47:46.959291,2026/05/18 12:47:46.998,0,NVIDIA A100-SXM-64GB,151.46,31904,100
9365,2026-05-18 12:47:46.959291,2026/05/18 12:47:47.000,1,NVIDIA A100-SXM-64GB,140.76,31922,99
9366,2026-05-18 12:47:46.959291,2026/05/18 12:47:47.003,2,NVIDIA A100-SXM-64GB,148.57,31912,99
9367,2026-05-18 12:47:46.959291,2026/05/18 12:47:47.005,3,NVIDIA A100-SXM-64GB,141.67,31846,100
9368,2026-05-18 12:47:52.055743,2026/05/18 12:47:52.095,0,NVIDIA A100-SXM-64GB,153.00,31904,98
9369,2026-05-18 12:47:52.055743,2026/05/18 12:47:52.097,1,NVIDIA A100-SXM-64GB,142.17,31922,100
9370,2026-05-18 12:47:52.055743,2026/05/18 12:47:52.100,2,NVIDIA A100-SXM-64GB,147.35,31912,100
9371,2026-05-18 12:47:52.055743,2026/05/18 12:47:52.102,3,NVIDIA A100-SXM-64GB,145.03,31846,98
9372,2026-05-18 12:47:57.153211,2026/05/18 12:47:57.192,0,NVIDIA A100-SXM-64GB,157.44,31904,97
9373,2026-05-18 12:47:57.153211,2026/05/18 12:47:57.194,1,NVIDIA A100-SXM-64GB,141.09,31922,97
9374,2026-05-18 12:47:57.153211,2026/05/18 12:47:57.197,2,NVIDIA A100-SXM-64GB,152.10,31912,97
9375,2026-05-18 12:47:57.153211,2026/05/18 12:47:57.200,3,NVIDIA A100-SXM-64GB,145.03,31846,97
9376,2026-05-18 12:48:02.247406,2026/05/18 12:48:02.287,0,NVIDIA A100-SXM-64GB,189.44,31904,100
9377,2026-05-18 12:48:02.247406,2026/05/18 12:48:02.289,1,NVIDIA A100-SXM-64GB,177.13,31922,100
9378,2026-05-18 12:48:02.247406,2026/05/18 12:48:02.293,2,NVIDIA A100-SXM-64GB,194.32,31912,100
9379,2026-05-18 12:48:02.247406,2026/05/18 12:48:02.296,3,NVIDIA A100-SXM-64GB,180.43,31846,100
9380,2026-05-18 12:48:07.342317,2026/05/18 12:48:07.382,0,NVIDIA A100-SXM-64GB,177.88,31904,100
9381,2026-05-18 12:48:07.342317,2026/05/18 12:48:07.388,1,NVIDIA A100-SXM-64GB,167.04,31922,100
9382,2026-05-18 12:48:07.342317,2026/05/18 12:48:07.390,2,NVIDIA A100-SXM-64GB,179.03,31912,100
9383,2026-05-18 12:48:07.342317,2026/05/18 12:48:07.393,3,NVIDIA A100-SXM-64GB,162.38,31846,100
9384,2026-05-18 12:48:12.439739,2026/05/18 12:48:12.479,0,NVIDIA A100-SXM-64GB,182.34,31904,100
9385,2026-05-18 12:48:12.439739,2026/05/18 12:48:12.481,1,NVIDIA A100-SXM-64GB,167.36,31922,100
9386,2026-05-18 12:48:12.439739,2026/05/18 12:48:12.484,2,NVIDIA A100-SXM-64GB,175.95,31912,100
9387,2026-05-18 12:48:12.439739,2026/05/18 12:48:12.487,3,NVIDIA A100-SXM-64GB,165.13,31846,100
9388,2026-05-18 12:48:17.537978,2026/05/18 12:48:17.577,0,NVIDIA A100-SXM-64GB,168.57,31904,100
9389,2026-05-18 12:48:17.537978,2026/05/18 12:48:17.582,1,NVIDIA A100-SXM-64GB,158.64,31922,100
9390,2026-05-18 12:48:17.537978,2026/05/18 12:48:17.585,2,NVIDIA A100-SXM-64GB,164.19,31912,100
9391,2026-05-18 12:48:17.537978,2026/05/18 12:48:17.590,3,NVIDIA A100-SXM-64GB,159.46,31846,100
9392,2026-05-18 12:48:22.639538,2026/05/18 12:48:22.679,0,NVIDIA A100-SXM-64GB,153.00,31904,100
9393,2026-05-18 12:48:22.639538,2026/05/18 12:48:22.683,1,NVIDIA A100-SXM-64GB,167.64,31922,100
9394,2026-05-18 12:48:22.639538,2026/05/18 12:48:22.688,2,NVIDIA A100-SXM-64GB,146.88,31912,100
9395,2026-05-18 12:48:22.639538,2026/05/18 12:48:22.690,3,NVIDIA A100-SXM-64GB,144.60,31846,100
9396,2026-05-18 12:48:27.738701,2026/05/18 12:48:27.778,0,NVIDIA A100-SXM-64GB,173.79,31904,100
9397,2026-05-18 12:48:27.738701,2026/05/18 12:48:27.781,1,NVIDIA A100-SXM-64GB,169.51,31922,100
9398,2026-05-18 12:48:27.738701,2026/05/18 12:48:27.783,2,NVIDIA A100-SXM-64GB,175.95,31912,100
9399,2026-05-18 12:48:27.738701,2026/05/18 12:48:27.786,3,NVIDIA A100-SXM-64GB,177.40,31846,100
9400,2026-05-18 12:48:32.833577,2026/05/18 12:48:32.873,0,NVIDIA A100-SXM-64GB,158.81,31904,100
9401,2026-05-18 12:48:32.833577,2026/05/18 12:48:32.875,1,NVIDIA A100-SXM-64GB,177.74,31922,100
9402,2026-05-18 12:48:32.833577,2026/05/18 12:48:32.878,2,NVIDIA A100-SXM-64GB,162.82,31912,100
9403,2026-05-18 12:48:32.833577,2026/05/18 12:48:32.881,3,NVIDIA A100-SXM-64GB,145.49,31846,100
9404,2026-05-18 12:48:37.928179,2026/05/18 12:48:37.967,0,NVIDIA A100-SXM-64GB,187.96,31904,100
9405,2026-05-18 12:48:37.928179,2026/05/18 12:48:37.970,1,NVIDIA A100-SXM-64GB,188.24,31922,100
9406,2026-05-18 12:48:37.928179,2026/05/18 12:48:37.972,2,NVIDIA A100-SXM-64GB,194.65,31912,100
9407,2026-05-18 12:48:37.928179,2026/05/18 12:48:37.975,3,NVIDIA A100-SXM-64GB,168.15,31846,100
9408,2026-05-18 12:48:43.022630,2026/05/18 12:48:43.062,0,NVIDIA A100-SXM-64GB,188.43,31904,100
9409,2026-05-18 12:48:43.022630,2026/05/18 12:48:43.066,1,NVIDIA A100-SXM-64GB,145.52,31922,100
9410,2026-05-18 12:48:43.022630,2026/05/18 12:48:43.069,2,NVIDIA A100-SXM-64GB,175.86,31912,100
9411,2026-05-18 12:48:43.022630,2026/05/18 12:48:43.073,3,NVIDIA A100-SXM-64GB,177.58,31846,100
9412,2026-05-18 12:48:48.122761,2026/05/18 12:48:48.162,0,NVIDIA A100-SXM-64GB,104.22,31904,100
9413,2026-05-18 12:48:48.122761,2026/05/18 12:48:48.165,1,NVIDIA A100-SXM-64GB,81.60,31922,79
9414,2026-05-18 12:48:48.122761,2026/05/18 12:48:48.167,2,NVIDIA A100-SXM-64GB,97.82,31912,100
9415,2026-05-18 12:48:48.122761,2026/05/18 12:48:48.201,3,NVIDIA A100-SXM-64GB,95.95,31846,100
9416,2026-05-18 12:48:53.248382,2026/05/18 12:48:53.301,0,NVIDIA A100-SXM-64GB,171.14,31904,100
9417,2026-05-18 12:48:53.248382,2026/05/18 12:48:53.303,1,NVIDIA A100-SXM-64GB,141.42,31922,100
9418,2026-05-18 12:48:53.248382,2026/05/18 12:48:53.306,2,NVIDIA A100-SXM-64GB,151.16,31912,100
9419,2026-05-18 12:48:53.248382,2026/05/18 12:48:53.308,3,NVIDIA A100-SXM-64GB,222.51,31846,97
9420,2026-05-18 12:48:58.359179,2026/05/18 12:48:58.398,0,NVIDIA A100-SXM-64GB,155.13,31904,100
9421,2026-05-18 12:48:58.359179,2026/05/18 12:48:58.400,1,NVIDIA A100-SXM-64GB,141.09,31922,98
9422,2026-05-18 12:48:58.359179,2026/05/18 12:48:58.405,2,NVIDIA A100-SXM-64GB,150.72,31912,98
9423,2026-05-18 12:48:58.359179,2026/05/18 12:48:58.407,3,NVIDIA A100-SXM-64GB,143.34,31846,100
9424,2026-05-18 12:49:03.458441,2026/05/18 12:49:03.499,0,NVIDIA A100-SXM-64GB,196.46,31904,100
9425,2026-05-18 12:49:03.458441,2026/05/18 12:49:03.502,1,NVIDIA A100-SXM-64GB,182.95,31922,100
9426,2026-05-18 12:49:03.458441,2026/05/18 12:49:03.505,2,NVIDIA A100-SXM-64GB,178.70,31912,100
9427,2026-05-18 12:49:03.458441,2026/05/18 12:49:03.508,3,NVIDIA A100-SXM-64GB,149.33,31846,100
9428,2026-05-18 12:49:08.555944,2026/05/18 12:49:08.595,0,NVIDIA A100-SXM-64GB,158.20,31904,100
9429,2026-05-18 12:49:08.555944,2026/05/18 12:49:08.598,1,NVIDIA A100-SXM-64GB,134.53,31922,98
9430,2026-05-18 12:49:08.555944,2026/05/18 12:49:08.600,2,NVIDIA A100-SXM-64GB,150.43,31912,98
9431,2026-05-18 12:49:08.555944,2026/05/18 12:49:08.604,3,NVIDIA A100-SXM-64GB,144.42,31846,100
9432,2026-05-18 12:49:13.651810,2026/05/18 12:49:13.691,0,NVIDIA A100-SXM-64GB,186.10,31904,100
9433,2026-05-18 12:49:13.651810,2026/05/18 12:49:13.697,1,NVIDIA A100-SXM-64GB,157.00,31922,100
9434,2026-05-18 12:49:13.651810,2026/05/18 12:49:13.699,2,NVIDIA A100-SXM-64GB,171.39,31912,100
9435,2026-05-18 12:49:13.651810,2026/05/18 12:49:13.702,3,NVIDIA A100-SXM-64GB,176.13,31846,100
9436,2026-05-18 12:49:18.750100,2026/05/18 12:49:18.790,0,NVIDIA A100-SXM-64GB,191.31,31904,100
9437,2026-05-18 12:49:18.750100,2026/05/18 12:49:18.792,1,NVIDIA A100-SXM-64GB,187.50,31922,100
9438,2026-05-18 12:49:18.750100,2026/05/18 12:49:18.795,2,NVIDIA A100-SXM-64GB,146.75,31912,100
9439,2026-05-18 12:49:18.750100,2026/05/18 12:49:18.797,3,NVIDIA A100-SXM-64GB,183.18,31846,100
9440,2026-05-18 12:49:23.846610,2026/05/18 12:49:23.886,0,NVIDIA A100-SXM-64GB,144.16,31904,100
9441,2026-05-18 12:49:23.846610,2026/05/18 12:49:23.889,1,NVIDIA A100-SXM-64GB,145.98,31922,98
9442,2026-05-18 12:49:23.846610,2026/05/18 12:49:23.891,2,NVIDIA A100-SXM-64GB,146.88,31912,98
9443,2026-05-18 12:49:23.846610,2026/05/18 12:49:23.894,3,NVIDIA A100-SXM-64GB,142.13,31846,100
9444,2026-05-18 12:49:28.942058,2026/05/18 12:49:28.981,0,NVIDIA A100-SXM-64GB,166.87,31904,100
9445,2026-05-18 12:49:28.942058,2026/05/18 12:49:28.983,1,NVIDIA A100-SXM-64GB,157.60,31922,100
9446,2026-05-18 12:49:28.942058,2026/05/18 12:49:28.986,2,NVIDIA A100-SXM-64GB,173.81,31912,100
9447,2026-05-18 12:49:28.942058,2026/05/18 12:49:28.989,3,NVIDIA A100-SXM-64GB,161.44,31846,100
9448,2026-05-18 12:49:34.036193,2026/05/18 12:49:34.076,0,NVIDIA A100-SXM-64GB,190.30,31904,100
9449,2026-05-18 12:49:34.036193,2026/05/18 12:49:34.079,1,NVIDIA A100-SXM-64GB,170.28,31922,100
9450,2026-05-18 12:49:34.036193,2026/05/18 12:49:34.081,2,NVIDIA A100-SXM-64GB,180.76,31912,100
9451,2026-05-18 12:49:34.036193,2026/05/18 12:49:34.087,3,NVIDIA A100-SXM-64GB,177.25,31846,100
9452,2026-05-18 12:49:39.136371,2026/05/18 12:49:39.176,0,NVIDIA A100-SXM-64GB,174.81,31904,100
9453,2026-05-18 12:49:39.136371,2026/05/18 12:49:39.178,1,NVIDIA A100-SXM-64GB,169.00,31922,100
9454,2026-05-18 12:49:39.136371,2026/05/18 12:49:39.181,2,NVIDIA A100-SXM-64GB,178.10,31912,100
9455,2026-05-18 12:49:39.136371,2026/05/18 12:49:39.183,3,NVIDIA A100-SXM-64GB,157.76,31846,100
9456,2026-05-18 12:49:44.230571,2026/05/18 12:49:44.282,0,NVIDIA A100-SXM-64GB,142.30,31904,100
9457,2026-05-18 12:49:44.230571,2026/05/18 12:49:44.285,1,NVIDIA A100-SXM-64GB,168.90,31922,100
9458,2026-05-18 12:49:44.230571,2026/05/18 12:49:44.287,2,NVIDIA A100-SXM-64GB,171.07,31912,100
9459,2026-05-18 12:49:44.230571,2026/05/18 12:49:44.290,3,NVIDIA A100-SXM-64GB,208.72,31846,98
9460,2026-05-18 12:49:49.337300,2026/05/18 12:49:49.389,0,NVIDIA A100-SXM-64GB,166.43,31904,100
9461,2026-05-18 12:49:49.337300,2026/05/18 12:49:49.392,1,NVIDIA A100-SXM-64GB,178.66,31922,100
9462,2026-05-18 12:49:49.337300,2026/05/18 12:49:49.397,2,NVIDIA A100-SXM-64GB,185.74,31912,100
9463,2026-05-18 12:49:49.337300,2026/05/18 12:49:49.399,3,NVIDIA A100-SXM-64GB,148.45,31846,100
9464,2026-05-18 12:49:54.446604,2026/05/18 12:49:54.486,0,NVIDIA A100-SXM-64GB,152.71,31904,0
9465,2026-05-18 12:49:54.446604,2026/05/18 12:49:54.489,1,NVIDIA A100-SXM-64GB,144.16,31922,98
9466,2026-05-18 12:49:54.446604,2026/05/18 12:49:54.491,2,NVIDIA A100-SXM-64GB,148.74,31912,41
9467,2026-05-18 12:49:54.446604,2026/05/18 12:49:54.494,3,NVIDIA A100-SXM-64GB,103.66,31846,100
9468,2026-05-18 12:49:59.542736,2026/05/18 12:49:59.594,0,NVIDIA A100-SXM-64GB,199.12,31904,100
9469,2026-05-18 12:49:59.542736,2026/05/18 12:49:59.596,1,NVIDIA A100-SXM-64GB,144.58,31922,100
9470,2026-05-18 12:49:59.542736,2026/05/18 12:49:59.602,2,NVIDIA A100-SXM-64GB,159.30,31912,100
9471,2026-05-18 12:49:59.542736,2026/05/18 12:49:59.604,3,NVIDIA A100-SXM-64GB,128.30,31846,98
9472,2026-05-18 12:50:04.654467,2026/05/18 12:50:04.694,0,NVIDIA A100-SXM-64GB,177.88,31904,100
9473,2026-05-18 12:50:04.654467,2026/05/18 12:50:04.696,1,NVIDIA A100-SXM-64GB,174.06,31922,100
9474,2026-05-18 12:50:04.654467,2026/05/18 12:50:04.699,2,NVIDIA A100-SXM-64GB,180.85,31912,100
9475,2026-05-18 12:50:04.654467,2026/05/18 12:50:04.702,3,NVIDIA A100-SXM-64GB,182.57,31846,100
9476,2026-05-18 12:50:09.749529,2026/05/18 12:50:09.789,0,NVIDIA A100-SXM-64GB,189.77,31904,100
9477,2026-05-18 12:50:09.749529,2026/05/18 12:50:09.791,1,NVIDIA A100-SXM-64GB,163.41,31922,100
9478,2026-05-18 12:50:09.749529,2026/05/18 12:50:09.794,2,NVIDIA A100-SXM-64GB,179.03,31912,100
9479,2026-05-18 12:50:09.749529,2026/05/18 12:50:09.798,3,NVIDIA A100-SXM-64GB,161.44,31846,100
9480,2026-05-18 12:50:14.846803,2026/05/18 12:50:14.898,0,NVIDIA A100-SXM-64GB,95.39,31904,49
9481,2026-05-18 12:50:14.846803,2026/05/18 12:50:14.900,1,NVIDIA A100-SXM-64GB,90.77,31922,100
9482,2026-05-18 12:50:14.846803,2026/05/18 12:50:14.917,2,NVIDIA A100-SXM-64GB,88.81,31912,1
9483,2026-05-18 12:50:14.846803,2026/05/18 12:50:14.919,3,NVIDIA A100-SXM-64GB,96.05,31846,100
9484,2026-05-18 12:50:19.967930,2026/05/18 12:50:20.007,0,NVIDIA A100-SXM-64GB,186.43,31904,100
9485,2026-05-18 12:50:19.967930,2026/05/18 12:50:20.010,1,NVIDIA A100-SXM-64GB,174.06,31922,100
9486,2026-05-18 12:50:19.967930,2026/05/18 12:50:20.014,2,NVIDIA A100-SXM-64GB,163.42,31912,100
9487,2026-05-18 12:50:19.967930,2026/05/18 12:50:20.016,3,NVIDIA A100-SXM-64GB,163.92,31846,100
9488,2026-05-18 12:50:25.064156,2026/05/18 12:50:25.103,0,NVIDIA A100-SXM-64GB,153.60,31904,98
9489,2026-05-18 12:50:25.064156,2026/05/18 12:50:25.105,1,NVIDIA A100-SXM-64GB,149.04,31922,98
9490,2026-05-18 12:50:25.064156,2026/05/18 12:50:25.108,2,NVIDIA A100-SXM-64GB,148.90,31912,98
9491,2026-05-18 12:50:25.064156,2026/05/18 12:50:25.111,3,NVIDIA A100-SXM-64GB,143.21,31846,98
9492,2026-05-18 12:50:30.158965,2026/05/18 12:50:30.198,0,NVIDIA A100-SXM-64GB,153.32,31904,98
9493,2026-05-18 12:50:30.158965,2026/05/18 12:50:30.200,1,NVIDIA A100-SXM-64GB,143.83,31922,100
9494,2026-05-18 12:50:30.158965,2026/05/18 12:50:30.203,2,NVIDIA A100-SXM-64GB,150.43,31912,100
9495,2026-05-18 12:50:30.158965,2026/05/18 12:50:30.205,3,NVIDIA A100-SXM-64GB,147.51,31846,100
9496,2026-05-18 12:50:35.253752,2026/05/18 12:50:35.293,0,NVIDIA A100-SXM-64GB,166.43,31904,100
9497,2026-05-18 12:50:35.253752,2026/05/18 12:50:35.297,1,NVIDIA A100-SXM-64GB,156.07,31922,100
9498,2026-05-18 12:50:35.253752,2026/05/18 12:50:35.300,2,NVIDIA A100-SXM-64GB,165.13,31912,100
9499,2026-05-18 12:50:35.253752,2026/05/18 12:50:35.302,3,NVIDIA A100-SXM-64GB,171.84,31846,100
9500,2026-05-18 12:50:40.353713,2026/05/18 12:50:40.393,0,NVIDIA A100-SXM-64GB,185.50,31904,100
9501,2026-05-18 12:50:40.353713,2026/05/18 12:50:40.398,1,NVIDIA A100-SXM-64GB,182.61,31922,100
9502,2026-05-18 12:50:40.353713,2026/05/18 12:50:40.401,2,NVIDIA A100-SXM-64GB,195.25,31912,100
9503,2026-05-18 12:50:40.353713,2026/05/18 12:50:40.404,3,NVIDIA A100-SXM-64GB,166.01,31846,100
9504,2026-05-18 12:50:45.452408,2026/05/18 12:50:45.504,0,NVIDIA A100-SXM-64GB,157.27,31904,100
9505,2026-05-18 12:50:45.452408,2026/05/18 12:50:45.506,1,NVIDIA A100-SXM-64GB,153.60,31922,100
9506,2026-05-18 12:50:45.452408,2026/05/18 12:50:45.509,2,NVIDIA A100-SXM-64GB,184.53,31912,100
9507,2026-05-18 12:50:45.452408,2026/05/18 12:50:45.511,3,NVIDIA A100-SXM-64GB,179.21,31846,100
9508,2026-05-18 12:50:50.559018,2026/05/18 12:50:50.598,0,NVIDIA A100-SXM-64GB,179.87,31904,100
9509,2026-05-18 12:50:50.559018,2026/05/18 12:50:50.600,1,NVIDIA A100-SXM-64GB,183.88,31922,100
9510,2026-05-18 12:50:50.559018,2026/05/18 12:50:50.603,2,NVIDIA A100-SXM-64GB,191.90,31912,100
9511,2026-05-18 12:50:50.559018,2026/05/18 12:50:50.605,3,NVIDIA A100-SXM-64GB,186.26,31846,100
9512,2026-05-18 12:50:55.653545,2026/05/18 12:50:55.693,0,NVIDIA A100-SXM-64GB,142.30,31904,97
9513,2026-05-18 12:50:55.653545,2026/05/18 12:50:55.696,1,NVIDIA A100-SXM-64GB,143.04,31922,98
9514,2026-05-18 12:50:55.653545,2026/05/18 12:50:55.698,2,NVIDIA A100-SXM-64GB,150.11,31912,98
9515,2026-05-18 12:50:55.653545,2026/05/18 12:50:55.701,3,NVIDIA A100-SXM-64GB,137.37,31846,98
9516,2026-05-18 12:51:00.749127,2026/05/18 12:51:00.789,0,NVIDIA A100-SXM-64GB,161.88,31904,98
9517,2026-05-18 12:51:00.749127,2026/05/18 12:51:00.795,1,NVIDIA A100-SXM-64GB,133.00,31922,100
9518,2026-05-18 12:51:00.749127,2026/05/18 12:51:00.799,2,NVIDIA A100-SXM-64GB,139.38,31912,100
9519,2026-05-18 12:51:00.749127,2026/05/18 12:51:00.802,3,NVIDIA A100-SXM-64GB,142.61,31846,100
9520,2026-05-18 12:51:05.849435,2026/05/18 12:51:05.889,0,NVIDIA A100-SXM-64GB,154.36,31904,97
9521,2026-05-18 12:51:05.849435,2026/05/18 12:51:05.891,1,NVIDIA A100-SXM-64GB,147.99,31922,97
9522,2026-05-18 12:51:05.849435,2026/05/18 12:51:05.894,2,NVIDIA A100-SXM-64GB,153.95,31912,97
9523,2026-05-18 12:51:05.849435,2026/05/18 12:51:05.896,3,NVIDIA A100-SXM-64GB,146.73,31846,97
9524,2026-05-18 12:51:10.947347,2026/05/18 12:51:10.987,0,NVIDIA A100-SXM-64GB,186.02,31904,100
9525,2026-05-18 12:51:10.947347,2026/05/18 12:51:10.989,1,NVIDIA A100-SXM-64GB,187.50,31922,100
9526,2026-05-18 12:51:10.947347,2026/05/18 12:51:10.992,2,NVIDIA A100-SXM-64GB,185.65,31912,100
9527,2026-05-18 12:51:10.947347,2026/05/18 12:51:10.995,3,NVIDIA A100-SXM-64GB,183.79,31846,100
9528,2026-05-18 12:51:16.044391,2026/05/18 12:51:16.096,0,NVIDIA A100-SXM-64GB,188.43,31904,100
9529,2026-05-18 12:51:16.044391,2026/05/18 12:51:16.098,1,NVIDIA A100-SXM-64GB,165.40,31922,100
9530,2026-05-18 12:51:16.044391,2026/05/18 12:51:16.101,2,NVIDIA A100-SXM-64GB,171.57,31912,100
9531,2026-05-18 12:51:16.044391,2026/05/18 12:51:16.103,3,NVIDIA A100-SXM-64GB,166.51,31846,100
9532,2026-05-18 12:51:21.151910,2026/05/18 12:51:21.203,0,NVIDIA A100-SXM-64GB,182.20,31904,100
9533,2026-05-18 12:51:21.151910,2026/05/18 12:51:21.205,1,NVIDIA A100-SXM-64GB,136.82,31922,99
9534,2026-05-18 12:51:21.151910,2026/05/18 12:51:21.208,2,NVIDIA A100-SXM-64GB,143.48,31912,99
9535,2026-05-18 12:51:21.151910,2026/05/18 12:51:21.210,3,NVIDIA A100-SXM-64GB,162.11,31846,98
9536,2026-05-18 12:51:26.257880,2026/05/18 12:51:26.297,0,NVIDIA A100-SXM-64GB,159.74,31904,100
9537,2026-05-18 12:51:26.257880,2026/05/18 12:51:26.304,1,NVIDIA A100-SXM-64GB,139.70,31922,98
9538,2026-05-18 12:51:26.257880,2026/05/18 12:51:26.306,2,NVIDIA A100-SXM-64GB,150.72,31912,98
9539,2026-05-18 12:51:26.257880,2026/05/18 12:51:26.311,3,NVIDIA A100-SXM-64GB,146.57,31846,98
9540,2026-05-18 12:51:31.359229,2026/05/18 12:51:31.398,0,NVIDIA A100-SXM-64GB,177.46,31904,100
9541,2026-05-18 12:51:31.359229,2026/05/18 12:51:31.404,1,NVIDIA A100-SXM-64GB,167.81,31922,100
9542,2026-05-18 12:51:31.359229,2026/05/18 12:51:31.407,2,NVIDIA A100-SXM-64GB,173.11,31912,100
9543,2026-05-18 12:51:31.359229,2026/05/18 12:51:31.410,3,NVIDIA A100-SXM-64GB,164.70,31846,100
9544,2026-05-18 12:51:36.457606,2026/05/18 12:51:36.497,0,NVIDIA A100-SXM-64GB,187.83,31904,100
9545,2026-05-18 12:51:36.457606,2026/05/18 12:51:36.500,1,NVIDIA A100-SXM-64GB,170.71,31922,100
9546,2026-05-18 12:51:36.457606,2026/05/18 12:51:36.502,2,NVIDIA A100-SXM-64GB,172.44,31912,100
9547,2026-05-18 12:51:36.457606,2026/05/18 12:51:36.505,3,NVIDIA A100-SXM-64GB,175.10,31846,100
9548,2026-05-18 12:51:41.553111,2026/05/18 12:51:41.592,0,NVIDIA A100-SXM-64GB,155.74,31904,98
9549,2026-05-18 12:51:41.553111,2026/05/18 12:51:41.595,1,NVIDIA A100-SXM-64GB,147.05,31922,100
9550,2026-05-18 12:51:41.553111,2026/05/18 12:51:41.597,2,NVIDIA A100-SXM-64GB,152.53,31912,100
9551,2026-05-18 12:51:41.553111,2026/05/18 12:51:41.600,3,NVIDIA A100-SXM-64GB,147.51,31846,98
9552,2026-05-18 12:51:46.648375,2026/05/18 12:51:46.688,0,NVIDIA A100-SXM-64GB,179.13,31904,100
9553,2026-05-18 12:51:46.648375,2026/05/18 12:51:46.690,1,NVIDIA A100-SXM-64GB,178.52,31922,100
9554,2026-05-18 12:51:46.648375,2026/05/18 12:51:46.693,2,NVIDIA A100-SXM-64GB,189.62,31912,100
9555,2026-05-18 12:51:46.648375,2026/05/18 12:51:46.698,3,NVIDIA A100-SXM-64GB,176.22,31846,100
9556,2026-05-18 12:51:51.747726,2026/05/18 12:51:51.787,0,NVIDIA A100-SXM-64GB,154.86,31904,100
9557,2026-05-18 12:51:51.747726,2026/05/18 12:51:51.789,1,NVIDIA A100-SXM-64GB,160.34,31922,100
9558,2026-05-18 12:51:51.747726,2026/05/18 12:51:51.792,2,NVIDIA A100-SXM-64GB,177.83,31912,100
9559,2026-05-18 12:51:51.747726,2026/05/18 12:51:51.798,3,NVIDIA A100-SXM-64GB,161.28,31846,100
9560,2026-05-18 12:51:56.848001,2026/05/18 12:51:56.888,0,NVIDIA A100-SXM-64GB,155.46,31904,98
9561,2026-05-18 12:51:56.848001,2026/05/18 12:51:56.892,1,NVIDIA A100-SXM-64GB,142.44,31922,98
9562,2026-05-18 12:51:56.848001,2026/05/18 12:51:56.895,2,NVIDIA A100-SXM-64GB,150.72,31912,98
9563,2026-05-18 12:51:56.848001,2026/05/18 12:51:56.897,3,NVIDIA A100-SXM-64GB,148.45,31846,98
9564,2026-05-18 12:52:01.948896,2026/05/18 12:52:01.988,0,NVIDIA A100-SXM-64GB,159.14,31904,100
9565,2026-05-18 12:52:01.948896,2026/05/18 12:52:01.990,1,NVIDIA A100-SXM-64GB,163.41,31922,100
9566,2026-05-18 12:52:01.948896,2026/05/18 12:52:01.993,2,NVIDIA A100-SXM-64GB,162.38,31912,100
9567,2026-05-18 12:52:01.948896,2026/05/18 12:52:01.996,3,NVIDIA A100-SXM-64GB,179.07,31846,100
9568,2026-05-18 12:52:07.045159,2026/05/18 12:52:07.085,0,NVIDIA A100-SXM-64GB,158.20,31904,100
9569,2026-05-18 12:52:07.045159,2026/05/18 12:52:07.087,1,NVIDIA A100-SXM-64GB,141.42,31922,98
9570,2026-05-18 12:52:07.045159,2026/05/18 12:52:07.090,2,NVIDIA A100-SXM-64GB,150.43,31912,98
9571,2026-05-18 12:52:07.045159,2026/05/18 12:52:07.093,3,NVIDIA A100-SXM-64GB,140.46,31846,98
9572,2026-05-18 12:52:12.141030,2026/05/18 12:52:12.180,0,NVIDIA A100-SXM-64GB,187.96,31904,100
9573,2026-05-18 12:52:12.141030,2026/05/18 12:52:12.182,1,NVIDIA A100-SXM-64GB,175.92,31922,100
9574,2026-05-18 12:52:12.141030,2026/05/18 12:52:12.186,2,NVIDIA A100-SXM-64GB,149.50,31912,97
9575,2026-05-18 12:52:12.141030,2026/05/18 12:52:12.189,3,NVIDIA A100-SXM-64GB,143.48,31846,100
9576,2026-05-18 12:52:17.238039,2026/05/18 12:52:17.277,0,NVIDIA A100-SXM-64GB,146.90,31904,100
9577,2026-05-18 12:52:17.238039,2026/05/18 12:52:17.283,1,NVIDIA A100-SXM-64GB,138.62,31922,98
9578,2026-05-18 12:52:17.238039,2026/05/18 12:52:17.285,2,NVIDIA A100-SXM-64GB,142.92,31912,98
9579,2026-05-18 12:52:17.238039,2026/05/18 12:52:17.288,3,NVIDIA A100-SXM-64GB,142.13,31846,98
9580,2026-05-18 12:52:22.336137,2026/05/18 12:52:22.375,0,NVIDIA A100-SXM-64GB,176.67,31904,100
9581,2026-05-18 12:52:22.336137,2026/05/18 12:52:22.377,1,NVIDIA A100-SXM-64GB,156.07,31922,100
9582,2026-05-18 12:52:22.336137,2026/05/18 12:52:22.380,2,NVIDIA A100-SXM-64GB,186.67,31912,100
9583,2026-05-18 12:52:22.336137,2026/05/18 12:52:22.382,3,NVIDIA A100-SXM-64GB,174.92,31846,100
9584,2026-05-18 12:52:27.433795,2026/05/18 12:52:27.473,0,NVIDIA A100-SXM-64GB,157.60,31904,98
9585,2026-05-18 12:52:27.433795,2026/05/18 12:52:27.476,1,NVIDIA A100-SXM-64GB,148.72,31922,99
9586,2026-05-18 12:52:27.433795,2026/05/18 12:52:27.478,2,NVIDIA A100-SXM-64GB,152.26,31912,99
9587,2026-05-18 12:52:27.433795,2026/05/18 12:52:27.481,3,NVIDIA A100-SXM-64GB,146.75,31846,98
9588,2026-05-18 12:52:32.530046,2026/05/18 12:52:32.569,0,NVIDIA A100-SXM-64GB,156.34,31904,98
9589,2026-05-18 12:52:32.530046,2026/05/18 12:52:32.571,1,NVIDIA A100-SXM-64GB,146.57,31922,100
9590,2026-05-18 12:52:32.530046,2026/05/18 12:52:32.574,2,NVIDIA A100-SXM-64GB,150.11,31912,100
9591,2026-05-18 12:52:32.530046,2026/05/18 12:52:32.576,3,NVIDIA A100-SXM-64GB,140.73,31846,100
9592,2026-05-18 12:52:37.628074,2026/05/18 12:52:37.667,0,NVIDIA A100-SXM-64GB,171.64,31904,100
9593,2026-05-18 12:52:37.628074,2026/05/18 12:52:37.669,1,NVIDIA A100-SXM-64GB,153.48,31922,100
9594,2026-05-18 12:52:37.628074,2026/05/18 12:52:37.672,2,NVIDIA A100-SXM-64GB,163.92,31912,100
9595,2026-05-18 12:52:37.628074,2026/05/18 12:52:37.677,3,NVIDIA A100-SXM-64GB,147.18,31846,100
9596,2026-05-18 12:52:42.727466,2026/05/18 12:52:42.767,0,NVIDIA A100-SXM-64GB,154.53,31904,98
9597,2026-05-18 12:52:42.727466,2026/05/18 12:52:42.770,1,NVIDIA A100-SXM-64GB,147.84,31922,98
9598,2026-05-18 12:52:42.727466,2026/05/18 12:52:42.773,2,NVIDIA A100-SXM-64GB,154.85,31912,98
9599,2026-05-18 12:52:42.727466,2026/05/18 12:52:42.775,3,NVIDIA A100-SXM-64GB,146.29,31846,100
9600,2026-05-18 12:52:47.823614,2026/05/18 12:52:47.863,0,NVIDIA A100-SXM-64GB,159.41,31904,100
9601,2026-05-18 12:52:47.823614,2026/05/18 12:52:47.866,1,NVIDIA A100-SXM-64GB,168.57,31922,100
9602,2026-05-18 12:52:47.823614,2026/05/18 12:52:47.868,2,NVIDIA A100-SXM-64GB,173.21,31912,100
9603,2026-05-18 12:52:47.823614,2026/05/18 12:52:47.871,3,NVIDIA A100-SXM-64GB,165.40,31846,100
9604,2026-05-18 12:52:52.919360,2026/05/18 12:52:52.971,0,NVIDIA A100-SXM-64GB,191.58,31904,100
9605,2026-05-18 12:52:52.919360,2026/05/18 12:52:52.975,1,NVIDIA A100-SXM-64GB,173.00,31922,100
9606,2026-05-18 12:52:52.919360,2026/05/18 12:52:52.980,2,NVIDIA A100-SXM-64GB,190.69,31912,100
9607,2026-05-18 12:52:52.919360,2026/05/18 12:52:52.983,3,NVIDIA A100-SXM-64GB,169.69,31846,100
9608,2026-05-18 12:52:58.031001,2026/05/18 12:52:58.070,0,NVIDIA A100-SXM-64GB,190.37,31904,100
9609,2026-05-18 12:52:58.031001,2026/05/18 12:52:58.075,1,NVIDIA A100-SXM-64GB,169.61,31922,100
9610,2026-05-18 12:52:58.031001,2026/05/18 12:52:58.080,2,NVIDIA A100-SXM-64GB,159.74,31912,100
9611,2026-05-18 12:52:58.031001,2026/05/18 12:52:58.083,3,NVIDIA A100-SXM-64GB,159.30,31846,100
9612,2026-05-18 12:53:03.131557,2026/05/18 12:53:03.171,0,NVIDIA A100-SXM-64GB,196.05,31904,100
9613,2026-05-18 12:53:03.131557,2026/05/18 12:53:03.174,1,NVIDIA A100-SXM-64GB,165.50,31922,100
9614,2026-05-18 12:53:03.131557,2026/05/18 12:53:03.176,2,NVIDIA A100-SXM-64GB,193.43,31912,100
9615,2026-05-18 12:53:03.131557,2026/05/18 12:53:03.183,3,NVIDIA A100-SXM-64GB,182.76,31846,100
9616,2026-05-18 12:53:08.231048,2026/05/18 12:53:08.278,0,NVIDIA A100-SXM-64GB,174.38,31904,100
9617,2026-05-18 12:53:08.231048,2026/05/18 12:53:08.280,1,NVIDIA A100-SXM-64GB,130.52,31922,100
9618,2026-05-18 12:53:08.231048,2026/05/18 12:53:08.283,2,NVIDIA A100-SXM-64GB,135.42,31912,100
9619,2026-05-18 12:53:08.231048,2026/05/18 12:53:08.285,3,NVIDIA A100-SXM-64GB,185.65,31846,100
9620,2026-05-18 12:53:13.335423,2026/05/18 12:53:13.375,0,NVIDIA A100-SXM-64GB,192.18,31904,100
9621,2026-05-18 12:53:13.335423,2026/05/18 12:53:13.377,1,NVIDIA A100-SXM-64GB,178.06,31922,100
9622,2026-05-18 12:53:13.335423,2026/05/18 12:53:13.380,2,NVIDIA A100-SXM-64GB,175.95,31912,100
9623,2026-05-18 12:53:13.335423,2026/05/18 12:53:13.382,3,NVIDIA A100-SXM-64GB,167.72,31846,100
9624,2026-05-18 12:53:18.430471,2026/05/18 12:53:18.482,0,NVIDIA A100-SXM-64GB,175.32,31904,100
9625,2026-05-18 12:53:18.430471,2026/05/18 12:53:18.484,1,NVIDIA A100-SXM-64GB,176.53,31922,100
9626,2026-05-18 12:53:18.430471,2026/05/18 12:53:18.487,2,NVIDIA A100-SXM-64GB,163.26,31912,100
9627,2026-05-18 12:53:18.430471,2026/05/18 12:53:18.489,3,NVIDIA A100-SXM-64GB,159.46,31846,100
9628,2026-05-18 12:53:23.539042,2026/05/18 12:53:23.578,0,NVIDIA A100-SXM-64GB,185.50,31904,100
9629,2026-05-18 12:53:23.539042,2026/05/18 12:53:23.581,1,NVIDIA A100-SXM-64GB,174.99,31922,100
9630,2026-05-18 12:53:23.539042,2026/05/18 12:53:23.583,2,NVIDIA A100-SXM-64GB,195.25,31912,100
9631,2026-05-18 12:53:23.539042,2026/05/18 12:53:23.587,3,NVIDIA A100-SXM-64GB,186.26,31846,100
9632,2026-05-18 12:53:28.635936,2026/05/18 12:53:28.675,0,NVIDIA A100-SXM-64GB,169.51,31904,100
9633,2026-05-18 12:53:28.635936,2026/05/18 12:53:28.680,1,NVIDIA A100-SXM-64GB,156.50,31922,100
9634,2026-05-18 12:53:28.635936,2026/05/18 12:53:28.682,2,NVIDIA A100-SXM-64GB,182.90,31912,100
9635,2026-05-18 12:53:28.635936,2026/05/18 12:53:28.686,3,NVIDIA A100-SXM-64GB,170.81,31846,100
9636,2026-05-18 12:53:33.735346,2026/05/18 12:53:33.775,0,NVIDIA A100-SXM-64GB,104.22,31904,100
9637,2026-05-18 12:53:33.735346,2026/05/18 12:53:33.779,1,NVIDIA A100-SXM-64GB,137.55,31922,54
9638,2026-05-18 12:53:33.735346,2026/05/18 12:53:33.794,2,NVIDIA A100-SXM-64GB,111.21,31912,100
9639,2026-05-18 12:53:33.735346,2026/05/18 12:53:33.797,3,NVIDIA A100-SXM-64GB,97.50,31846,100
9640,2026-05-18 12:53:38.866011,2026/05/18 12:53:38.905,0,NVIDIA A100-SXM-64GB,157.27,31904,98
9641,2026-05-18 12:53:38.866011,2026/05/18 12:53:38.907,1,NVIDIA A100-SXM-64GB,142.77,31922,100
9642,2026-05-18 12:53:38.866011,2026/05/18 12:53:38.910,2,NVIDIA A100-SXM-64GB,146.75,31912,100
9643,2026-05-18 12:53:38.866011,2026/05/18 12:53:38.912,3,NVIDIA A100-SXM-64GB,148.12,31846,98
9644,2026-05-18 12:53:43.960416,2026/05/18 12:53:44.000,0,NVIDIA A100-SXM-64GB,157.87,31904,100
9645,2026-05-18 12:53:43.960416,2026/05/18 12:53:44.003,1,NVIDIA A100-SXM-64GB,147.84,31922,100
9646,2026-05-18 12:53:43.960416,2026/05/18 12:53:44.005,2,NVIDIA A100-SXM-64GB,151.32,31912,99
9647,2026-05-18 12:53:43.960416,2026/05/18 12:53:44.008,3,NVIDIA A100-SXM-64GB,149.05,31846,98
9648,2026-05-18 12:53:49.055974,2026/05/18 12:53:49.095,0,NVIDIA A100-SXM-64GB,186.10,31904,100
9649,2026-05-18 12:53:49.055974,2026/05/18 12:53:49.100,1,NVIDIA A100-SXM-64GB,182.61,31922,100
9650,2026-05-18 12:53:49.055974,2026/05/18 12:53:49.103,2,NVIDIA A100-SXM-64GB,182.39,31912,100
9651,2026-05-18 12:53:49.055974,2026/05/18 12:53:49.106,3,NVIDIA A100-SXM-64GB,177.07,31846,100
9652,2026-05-18 12:53:54.156538,2026/05/18 12:53:54.196,0,NVIDIA A100-SXM-64GB,167.64,31904,100
9653,2026-05-18 12:53:54.156538,2026/05/18 12:53:54.201,1,NVIDIA A100-SXM-64GB,164.19,31922,100
9654,2026-05-18 12:53:54.156538,2026/05/18 12:53:54.204,2,NVIDIA A100-SXM-64GB,179.03,31912,100
9655,2026-05-18 12:53:54.156538,2026/05/18 12:53:54.208,3,NVIDIA A100-SXM-64GB,153.95,31846,100
9656,2026-05-18 12:53:59.256484,2026/05/18 12:53:59.297,0,NVIDIA A100-SXM-64GB,156.51,31904,98
9657,2026-05-18 12:53:59.256484,2026/05/18 12:53:59.302,1,NVIDIA A100-SXM-64GB,142.90,31922,98
9658,2026-05-18 12:53:59.256484,2026/05/18 12:53:59.305,2,NVIDIA A100-SXM-64GB,147.48,31912,98
9659,2026-05-18 12:53:59.256484,2026/05/18 12:53:59.307,3,NVIDIA A100-SXM-64GB,143.67,31846,98
9660,2026-05-18 12:54:04.357348,2026/05/18 12:54:04.397,0,NVIDIA A100-SXM-64GB,156.51,31904,100
9661,2026-05-18 12:54:04.357348,2026/05/18 12:54:04.399,1,NVIDIA A100-SXM-64GB,169.00,31922,100
9662,2026-05-18 12:54:04.357348,2026/05/18 12:54:04.402,2,NVIDIA A100-SXM-64GB,167.71,31912,100
9663,2026-05-18 12:54:04.357348,2026/05/18 12:54:04.404,3,NVIDIA A100-SXM-64GB,157.76,31846,100
9664,2026-05-18 12:54:09.453772,2026/05/18 12:54:09.493,0,NVIDIA A100-SXM-64GB,156.51,31904,98
9665,2026-05-18 12:54:09.453772,2026/05/18 12:54:09.496,1,NVIDIA A100-SXM-64GB,140.49,31922,100
9666,2026-05-18 12:54:09.453772,2026/05/18 12:54:09.499,2,NVIDIA A100-SXM-64GB,137.69,31912,100
9667,2026-05-18 12:54:09.453772,2026/05/18 12:54:09.502,3,NVIDIA A100-SXM-64GB,133.87,31846,98
9668,2026-05-18 12:54:14.550131,2026/05/18 12:54:14.589,0,NVIDIA A100-SXM-64GB,154.86,31904,96
9669,2026-05-18 12:54:14.550131,2026/05/18 12:54:14.592,1,NVIDIA A100-SXM-64GB,139.55,31922,98
9670,2026-05-18 12:54:14.550131,2026/05/18 12:54:14.594,2,NVIDIA A100-SXM-64GB,148.14,31912,96
9671,2026-05-18 12:54:14.550131,2026/05/18 12:54:14.597,3,NVIDIA A100-SXM-64GB,148.90,31846,97
9672,2026-05-18 12:54:19.647093,2026/05/18 12:54:19.686,0,NVIDIA A100-SXM-64GB,182.43,31904,100
9673,2026-05-18 12:54:19.647093,2026/05/18 12:54:19.689,1,NVIDIA A100-SXM-64GB,177.13,31922,100
9674,2026-05-18 12:54:19.647093,2026/05/18 12:54:19.693,2,NVIDIA A100-SXM-64GB,170.78,31912,100
9675,2026-05-18 12:54:19.647093,2026/05/18 12:54:19.696,3,NVIDIA A100-SXM-64GB,163.26,31846,100
9676,2026-05-18 12:54:24.745079,2026/05/18 12:54:24.785,0,NVIDIA A100-SXM-64GB,156.34,31904,100
9677,2026-05-18 12:54:24.745079,2026/05/18 12:54:24.788,1,NVIDIA A100-SXM-64GB,138.62,31922,100
9678,2026-05-18 12:54:24.745079,2026/05/18 12:54:24.792,2,NVIDIA A100-SXM-64GB,151.32,31912,100
9679,2026-05-18 12:54:24.745079,2026/05/18 12:54:24.795,3,NVIDIA A100-SXM-64GB,147.51,31846,78
9680,2026-05-18 12:54:29.843497,2026/05/18 12:54:29.896,0,NVIDIA A100-SXM-64GB,158.20,31904,100
9681,2026-05-18 12:54:29.843497,2026/05/18 12:54:29.898,1,NVIDIA A100-SXM-64GB,171.91,31922,100
9682,2026-05-18 12:54:29.843497,2026/05/18 12:54:29.905,2,NVIDIA A100-SXM-64GB,140.92,31912,99
9683,2026-05-18 12:54:29.843497,2026/05/18 12:54:29.910,3,NVIDIA A100-SXM-64GB,139.52,31846,100
9684,2026-05-18 12:54:34.958329,2026/05/18 12:54:34.998,0,NVIDIA A100-SXM-64GB,178.76,31904,100
9685,2026-05-18 12:54:34.958329,2026/05/18 12:54:35.001,1,NVIDIA A100-SXM-64GB,171.04,31922,100
9686,2026-05-18 12:54:34.958329,2026/05/18 12:54:35.003,2,NVIDIA A100-SXM-64GB,172.27,31912,100
9687,2026-05-18 12:54:34.958329,2026/05/18 12:54:35.009,3,NVIDIA A100-SXM-64GB,157.15,31846,100
9688,2026-05-18 12:54:40.058252,2026/05/18 12:54:40.097,0,NVIDIA A100-SXM-64GB,189.03,31904,100
9689,2026-05-18 12:54:40.058252,2026/05/18 12:54:40.099,1,NVIDIA A100-SXM-64GB,141.56,31922,100
9690,2026-05-18 12:54:40.058252,2026/05/18 12:54:40.102,2,NVIDIA A100-SXM-64GB,172.44,31912,100
9691,2026-05-18 12:54:40.058252,2026/05/18 12:54:40.107,3,NVIDIA A100-SXM-64GB,170.81,31846,100
9692,2026-05-18 12:54:45.155989,2026/05/18 12:54:45.207,0,NVIDIA A100-SXM-64GB,103.84,31904,98
9693,2026-05-18 12:54:45.155989,2026/05/18 12:54:45.209,1,NVIDIA A100-SXM-64GB,90.77,31922,98
9694,2026-05-18 12:54:45.155989,2026/05/18 12:54:45.214,2,NVIDIA A100-SXM-64GB,97.72,31912,100
9695,2026-05-18 12:54:45.155989,2026/05/18 12:54:45.228,3,NVIDIA A100-SXM-64GB,87.36,31846,64
9696,2026-05-18 12:54:50.278640,2026/05/18 12:54:50.318,0,NVIDIA A100-SXM-64GB,185.83,31904,100
9697,2026-05-18 12:54:50.278640,2026/05/18 12:54:50.320,1,NVIDIA A100-SXM-64GB,160.62,31922,100
9698,2026-05-18 12:54:50.278640,2026/05/18 12:54:50.324,2,NVIDIA A100-SXM-64GB,160.95,31912,100
9699,2026-05-18 12:54:50.278640,2026/05/18 12:54:50.327,3,NVIDIA A100-SXM-64GB,177.67,31846,100
9700,2026-05-18 12:54:55.376130,2026/05/18 12:54:55.415,0,NVIDIA A100-SXM-64GB,194.32,31904,100
9701,2026-05-18 12:54:55.376130,2026/05/18 12:54:55.417,1,NVIDIA A100-SXM-64GB,163.09,31922,100
9702,2026-05-18 12:54:55.376130,2026/05/18 12:54:55.420,2,NVIDIA A100-SXM-64GB,175.68,31912,100
9703,2026-05-18 12:54:55.376130,2026/05/18 12:54:55.422,3,NVIDIA A100-SXM-64GB,186.26,31846,100
9704,2026-05-18 12:55:00.472488,2026/05/18 12:55:00.512,0,NVIDIA A100-SXM-64GB,189.77,31904,100
9705,2026-05-18 12:55:00.472488,2026/05/18 12:55:00.514,1,NVIDIA A100-SXM-64GB,195.78,31922,100
9706,2026-05-18 12:55:00.472488,2026/05/18 12:55:00.517,2,NVIDIA A100-SXM-64GB,182.71,31912,100
9707,2026-05-18 12:55:00.472488,2026/05/18 12:55:00.519,3,NVIDIA A100-SXM-64GB,132.47,31846,100
9708,2026-05-18 12:55:05.572109,2026/05/18 12:55:05.611,0,NVIDIA A100-SXM-64GB,104.82,31904,98
9709,2026-05-18 12:55:05.572109,2026/05/18 12:55:05.613,1,NVIDIA A100-SXM-64GB,97.02,31922,98
9710,2026-05-18 12:55:05.572109,2026/05/18 12:55:05.616,2,NVIDIA A100-SXM-64GB,98.43,31912,98
9711,2026-05-18 12:55:05.572109,2026/05/18 12:55:05.619,3,NVIDIA A100-SXM-64GB,87.78,31846,98
9712,2026-05-18 12:55:10.670755,2026/05/18 12:55:10.710,0,NVIDIA A100-SXM-64GB,145.37,31904,97
9713,2026-05-18 12:55:10.670755,2026/05/18 12:55:10.715,1,NVIDIA A100-SXM-64GB,231.85,31922,98
9714,2026-05-18 12:55:10.670755,2026/05/18 12:55:10.717,2,NVIDIA A100-SXM-64GB,138.77,31912,100
9715,2026-05-18 12:55:10.670755,2026/05/18 12:55:10.722,3,NVIDIA A100-SXM-64GB,142.27,31846,97
9716,2026-05-18 12:55:15.770706,2026/05/18 12:55:15.810,0,NVIDIA A100-SXM-64GB,151.18,31904,100
9717,2026-05-18 12:55:15.770706,2026/05/18 12:55:15.812,1,NVIDIA A100-SXM-64GB,177.13,31922,100
9718,2026-05-18 12:55:15.770706,2026/05/18 12:55:15.841,2,NVIDIA A100-SXM-64GB,153.47,31912,100
9719,2026-05-18 12:55:15.770706,2026/05/18 12:55:15.851,3,NVIDIA A100-SXM-64GB,170.96,31846,100
9720,2026-05-18 12:55:20.900872,2026/05/18 12:55:20.940,0,NVIDIA A100-SXM-64GB,173.46,31904,100
9721,2026-05-18 12:55:20.900872,2026/05/18 12:55:20.946,1,NVIDIA A100-SXM-64GB,163.69,31922,100
9722,2026-05-18 12:55:20.900872,2026/05/18 12:55:20.949,2,NVIDIA A100-SXM-64GB,175.95,31912,100
9723,2026-05-18 12:55:20.900872,2026/05/18 12:55:20.952,3,NVIDIA A100-SXM-64GB,169.69,31846,100
9724,2026-05-18 12:55:26.000701,2026/05/18 12:55:26.040,0,NVIDIA A100-SXM-64GB,183.96,31904,100
9725,2026-05-18 12:55:26.000701,2026/05/18 12:55:26.042,1,NVIDIA A100-SXM-64GB,174.06,31922,100
9726,2026-05-18 12:55:26.000701,2026/05/18 12:55:26.045,2,NVIDIA A100-SXM-64GB,167.88,31912,100
9727,2026-05-18 12:55:26.000701,2026/05/18 12:55:26.047,3,NVIDIA A100-SXM-64GB,170.30,31846,100
9728,2026-05-18 12:55:31.095617,2026/05/18 12:55:31.136,0,NVIDIA A100-SXM-64GB,152.39,31904,100
9729,2026-05-18 12:55:31.095617,2026/05/18 12:55:31.138,1,NVIDIA A100-SXM-64GB,146.45,31922,99
9730,2026-05-18 12:55:31.095617,2026/05/18 12:55:31.141,2,NVIDIA A100-SXM-64GB,149.78,31912,97
9731,2026-05-18 12:55:31.095617,2026/05/18 12:55:31.144,3,NVIDIA A100-SXM-64GB,147.18,31846,99
9732,2026-05-18 12:55:36.192212,2026/05/18 12:55:36.232,0,NVIDIA A100-SXM-64GB,144.16,31904,100
9733,2026-05-18 12:55:36.192212,2026/05/18 12:55:36.234,1,NVIDIA A100-SXM-64GB,178.34,31922,100
9734,2026-05-18 12:55:36.192212,2026/05/18 12:55:36.237,2,NVIDIA A100-SXM-64GB,139.38,31912,99
9735,2026-05-18 12:55:36.192212,2026/05/18 12:55:36.240,3,NVIDIA A100-SXM-64GB,177.40,31846,100
9736,2026-05-18 12:55:41.288743,2026/05/18 12:55:41.329,0,NVIDIA A100-SXM-64GB,153.32,31904,100
9737,2026-05-18 12:55:41.288743,2026/05/18 12:55:41.331,1,NVIDIA A100-SXM-64GB,145.70,31922,98
9738,2026-05-18 12:55:41.288743,2026/05/18 12:55:41.334,2,NVIDIA A100-SXM-64GB,149.78,31912,98
9739,2026-05-18 12:55:41.288743,2026/05/18 12:55:41.337,3,NVIDIA A100-SXM-64GB,144.28,31846,98
9740,2026-05-18 12:55:46.386564,2026/05/18 12:55:46.426,0,NVIDIA A100-SXM-64GB,182.95,31904,100
9741,2026-05-18 12:55:46.386564,2026/05/18 12:55:46.428,1,NVIDIA A100-SXM-64GB,143.38,31922,100
9742,2026-05-18 12:55:46.386564,2026/05/18 12:55:46.431,2,NVIDIA A100-SXM-64GB,200.35,31912,67
9743,2026-05-18 12:55:46.386564,2026/05/18 12:55:46.433,3,NVIDIA A100-SXM-64GB,143.82,31846,100
9744,2026-05-18 12:55:51.482688,2026/05/18 12:55:51.522,0,NVIDIA A100-SXM-64GB,150.58,31904,98
9745,2026-05-18 12:55:51.482688,2026/05/18 12:55:51.524,1,NVIDIA A100-SXM-64GB,140.76,31922,98
9746,2026-05-18 12:55:51.482688,2026/05/18 12:55:51.530,2,NVIDIA A100-SXM-64GB,153.47,31912,100
9747,2026-05-18 12:55:51.482688,2026/05/18 12:55:51.532,3,NVIDIA A100-SXM-64GB,147.18,31846,98
9748,2026-05-18 12:55:56.581167,2026/05/18 12:55:56.620,0,NVIDIA A100-SXM-64GB,184.48,31904,100
9749,2026-05-18 12:55:56.581167,2026/05/18 12:55:56.625,1,NVIDIA A100-SXM-64GB,157.16,31922,100
9750,2026-05-18 12:55:56.581167,2026/05/18 12:55:56.627,2,NVIDIA A100-SXM-64GB,167.72,31912,100
9751,2026-05-18 12:55:56.581167,2026/05/18 12:55:56.630,3,NVIDIA A100-SXM-64GB,176.64,31846,100
9752,2026-05-18 12:56:01.678789,2026/05/18 12:56:01.718,0,NVIDIA A100-SXM-64GB,197.99,31904,98
9753,2026-05-18 12:56:01.678789,2026/05/18 12:56:01.721,1,NVIDIA A100-SXM-64GB,131.13,31922,98
9754,2026-05-18 12:56:01.678789,2026/05/18 12:56:01.723,2,NVIDIA A100-SXM-64GB,150.43,31912,100
9755,2026-05-18 12:56:01.678789,2026/05/18 12:56:01.727,3,NVIDIA A100-SXM-64GB,137.10,31846,98
9756,2026-05-18 12:56:06.775664,2026/05/18 12:56:06.815,0,NVIDIA A100-SXM-64GB,109.71,31904,97
9757,2026-05-18 12:56:06.775664,2026/05/18 12:56:06.818,1,NVIDIA A100-SXM-64GB,133.27,31922,97
9758,2026-05-18 12:56:06.775664,2026/05/18 12:56:06.820,2,NVIDIA A100-SXM-64GB,114.56,31912,60
9759,2026-05-18 12:56:06.775664,2026/05/18 12:56:06.822,3,NVIDIA A100-SXM-64GB,96.38,31846,97
9760,2026-05-18 12:56:11.872410,2026/05/18 12:56:11.925,0,NVIDIA A100-SXM-64GB,157.27,31904,98
9761,2026-05-18 12:56:11.872410,2026/05/18 12:56:11.927,1,NVIDIA A100-SXM-64GB,141.09,31922,100
9762,2026-05-18 12:56:11.872410,2026/05/18 12:56:11.930,2,NVIDIA A100-SXM-64GB,154.52,31912,98
9763,2026-05-18 12:56:11.872410,2026/05/18 12:56:11.933,3,NVIDIA A100-SXM-64GB,144.60,31846,98
9764,2026-05-18 12:56:16.982243,2026/05/18 12:56:17.021,0,NVIDIA A100-SXM-64GB,153.92,31904,100
9765,2026-05-18 12:56:16.982243,2026/05/18 12:56:17.023,1,NVIDIA A100-SXM-64GB,141.42,31922,99
9766,2026-05-18 12:56:16.982243,2026/05/18 12:56:17.026,2,NVIDIA A100-SXM-64GB,151.49,31912,97
9767,2026-05-18 12:56:16.982243,2026/05/18 12:56:17.028,3,NVIDIA A100-SXM-64GB,148.29,31846,99
9768,2026-05-18 12:56:22.076978,2026/05/18 12:56:22.128,0,NVIDIA A100-SXM-64GB,190.37,31904,100
9769,2026-05-18 12:56:22.076978,2026/05/18 12:56:22.130,1,NVIDIA A100-SXM-64GB,170.71,31922,100
9770,2026-05-18 12:56:22.076978,2026/05/18 12:56:22.133,2,NVIDIA A100-SXM-64GB,183.93,31912,100
9771,2026-05-18 12:56:22.076978,2026/05/18 12:56:22.136,3,NVIDIA A100-SXM-64GB,159.30,31846,100
9772,2026-05-18 12:56:27.188003,2026/05/18 12:56:27.239,0,NVIDIA A100-SXM-64GB,174.06,31904,100
9773,2026-05-18 12:56:27.188003,2026/05/18 12:56:27.241,1,NVIDIA A100-SXM-64GB,177.13,31922,100
9774,2026-05-18 12:56:27.188003,2026/05/18 12:56:27.244,2,NVIDIA A100-SXM-64GB,181.45,31912,100
9775,2026-05-18 12:56:27.188003,2026/05/18 12:56:27.246,3,NVIDIA A100-SXM-64GB,176.74,31846,100
9776,2026-05-18 12:56:32.294160,2026/05/18 12:56:32.333,0,NVIDIA A100-SXM-64GB,193.64,31904,100
9777,2026-05-18 12:56:32.294160,2026/05/18 12:56:32.336,1,NVIDIA A100-SXM-64GB,182.53,31922,100
9778,2026-05-18 12:56:32.294160,2026/05/18 12:56:32.338,2,NVIDIA A100-SXM-64GB,197.60,31912,100
9779,2026-05-18 12:56:32.294160,2026/05/18 12:56:32.341,3,NVIDIA A100-SXM-64GB,176.92,31846,100
9780,2026-05-18 12:56:37.389262,2026/05/18 12:56:37.428,0,NVIDIA A100-SXM-64GB,183.96,31904,100
9781,2026-05-18 12:56:37.389262,2026/05/18 12:56:37.430,1,NVIDIA A100-SXM-64GB,177.46,31922,100
9782,2026-05-18 12:56:37.389262,2026/05/18 12:56:37.433,2,NVIDIA A100-SXM-64GB,184.25,31912,100
9783,2026-05-18 12:56:37.389262,2026/05/18 12:56:37.436,3,NVIDIA A100-SXM-64GB,176.13,31846,100
9784,2026-05-18 12:56:42.485859,2026/05/18 12:56:42.525,0,NVIDIA A100-SXM-64GB,159.41,31904,98
9785,2026-05-18 12:56:42.485859,2026/05/18 12:56:42.531,1,NVIDIA A100-SXM-64GB,148.44,31922,98
9786,2026-05-18 12:56:42.485859,2026/05/18 12:56:42.533,2,NVIDIA A100-SXM-64GB,154.68,31912,100
9787,2026-05-18 12:56:42.485859,2026/05/18 12:56:42.536,3,NVIDIA A100-SXM-64GB,142.27,31846,98
9788,2026-05-18 12:56:47.584119,2026/05/18 12:56:47.623,0,NVIDIA A100-SXM-64GB,157.87,31904,98
9789,2026-05-18 12:56:47.584119,2026/05/18 12:56:47.625,1,NVIDIA A100-SXM-64GB,147.18,31922,100
9790,2026-05-18 12:56:47.584119,2026/05/18 12:56:47.631,2,NVIDIA A100-SXM-64GB,153.47,31912,100
9791,2026-05-18 12:56:47.584119,2026/05/18 12:56:47.635,3,NVIDIA A100-SXM-64GB,167.28,31846,100
9792,2026-05-18 12:56:52.684032,2026/05/18 12:56:52.735,0,NVIDIA A100-SXM-64GB,167.46,31904,100
9793,2026-05-18 12:56:52.684032,2026/05/18 12:56:52.738,1,NVIDIA A100-SXM-64GB,180.81,31922,100
9794,2026-05-18 12:56:52.684032,2026/05/18 12:56:52.740,2,NVIDIA A100-SXM-64GB,167.11,31912,100
9795,2026-05-18 12:56:52.684032,2026/05/18 12:56:52.744,3,NVIDIA A100-SXM-64GB,148.12,31846,100
9796,2026-05-18 12:56:57.792883,2026/05/18 12:56:57.832,0,NVIDIA A100-SXM-64GB,198.52,31904,100
9797,2026-05-18 12:56:57.792883,2026/05/18 12:56:57.837,1,NVIDIA A100-SXM-64GB,183.88,31922,100
9798,2026-05-18 12:56:57.792883,2026/05/18 12:56:57.840,2,NVIDIA A100-SXM-64GB,190.02,31912,100
9799,2026-05-18 12:56:57.792883,2026/05/18 12:56:57.845,3,NVIDIA A100-SXM-64GB,180.15,31846,100
9800,2026-05-18 12:57:02.894052,2026/05/18 12:57:02.933,0,NVIDIA A100-SXM-64GB,173.00,31904,100
9801,2026-05-18 12:57:02.894052,2026/05/18 12:57:02.939,1,NVIDIA A100-SXM-64GB,178.06,31922,100
9802,2026-05-18 12:57:02.894052,2026/05/18 12:57:02.942,2,NVIDIA A100-SXM-64GB,158.53,31912,100
9803,2026-05-18 12:57:02.894052,2026/05/18 12:57:02.946,3,NVIDIA A100-SXM-64GB,148.90,31846,100
9804,2026-05-18 12:57:07.995407,2026/05/18 12:57:08.035,0,NVIDIA A100-SXM-64GB,154.86,31904,100
9805,2026-05-18 12:57:07.995407,2026/05/18 12:57:08.040,1,NVIDIA A100-SXM-64GB,147.84,31922,100
9806,2026-05-18 12:57:07.995407,2026/05/18 12:57:08.042,2,NVIDIA A100-SXM-64GB,152.26,31912,98
9807,2026-05-18 12:57:07.995407,2026/05/18 12:57:08.046,3,NVIDIA A100-SXM-64GB,148.12,31846,98
9808,2026-05-18 12:57:13.095442,2026/05/18 12:57:13.135,0,NVIDIA A100-SXM-64GB,182.34,31904,100
9809,2026-05-18 12:57:13.095442,2026/05/18 12:57:13.138,1,NVIDIA A100-SXM-64GB,178.94,31922,100
9810,2026-05-18 12:57:13.095442,2026/05/18 12:57:13.141,2,NVIDIA A100-SXM-64GB,160.35,31912,100
9811,2026-05-18 12:57:13.095442,2026/05/18 12:57:13.144,3,NVIDIA A100-SXM-64GB,157.65,31846,100
9812,2026-05-18 12:57:18.195486,2026/05/18 12:57:18.235,0,NVIDIA A100-SXM-64GB,175.74,31904,100
9813,2026-05-18 12:57:18.195486,2026/05/18 12:57:18.237,1,NVIDIA A100-SXM-64GB,163.69,31922,100
9814,2026-05-18 12:57:18.195486,2026/05/18 12:57:18.240,2,NVIDIA A100-SXM-64GB,188.54,31912,100
9815,2026-05-18 12:57:18.195486,2026/05/18 12:57:18.243,3,NVIDIA A100-SXM-64GB,150.26,31846,100
9816,2026-05-18 12:57:23.295202,2026/05/18 12:57:23.334,0,NVIDIA A100-SXM-64GB,152.06,31904,100
9817,2026-05-18 12:57:23.295202,2026/05/18 12:57:23.336,1,NVIDIA A100-SXM-64GB,142.17,31922,100
9818,2026-05-18 12:57:23.295202,2026/05/18 12:57:23.339,2,NVIDIA A100-SXM-64GB,150.43,31912,97
9819,2026-05-18 12:57:23.295202,2026/05/18 12:57:23.341,3,NVIDIA A100-SXM-64GB,142.00,31846,97
9820,2026-05-18 12:57:28.389861,2026/05/18 12:57:28.429,0,NVIDIA A100-SXM-64GB,179.69,31904,100
9821,2026-05-18 12:57:28.389861,2026/05/18 12:57:28.432,1,NVIDIA A100-SXM-64GB,188.24,31922,100
9822,2026-05-18 12:57:28.389861,2026/05/18 12:57:28.434,2,NVIDIA A100-SXM-64GB,173.53,31912,100
9823,2026-05-18 12:57:28.389861,2026/05/18 12:57:28.437,3,NVIDIA A100-SXM-64GB,200.07,31846,100
9824,2026-05-18 12:57:33.486048,2026/05/18 12:57:33.525,0,NVIDIA A100-SXM-64GB,151.79,31904,100
9825,2026-05-18 12:57:33.486048,2026/05/18 12:57:33.528,1,NVIDIA A100-SXM-64GB,145.98,31922,99
9826,2026-05-18 12:57:33.486048,2026/05/18 12:57:33.530,2,NVIDIA A100-SXM-64GB,149.35,31912,100
9827,2026-05-18 12:57:33.486048,2026/05/18 12:57:33.533,3,NVIDIA A100-SXM-64GB,142.13,31846,97
9828,2026-05-18 12:57:38.583821,2026/05/18 12:57:38.635,0,NVIDIA A100-SXM-64GB,155.58,31904,100
9829,2026-05-18 12:57:38.583821,2026/05/18 12:57:38.640,1,NVIDIA A100-SXM-64GB,132.26,31922,98
9830,2026-05-18 12:57:38.583821,2026/05/18 12:57:38.643,2,NVIDIA A100-SXM-64GB,151.16,31912,99
9831,2026-05-18 12:57:38.583821,2026/05/18 12:57:38.645,3,NVIDIA A100-SXM-64GB,145.21,31846,98
9832,2026-05-18 12:57:43.696184,2026/05/18 12:57:43.735,0,NVIDIA A100-SXM-64GB,187.63,31904,100
9833,2026-05-18 12:57:43.696184,2026/05/18 12:57:43.737,1,NVIDIA A100-SXM-64GB,173.46,31922,100
9834,2026-05-18 12:57:43.696184,2026/05/18 12:57:43.740,2,NVIDIA A100-SXM-64GB,181.03,31912,100
9835,2026-05-18 12:57:43.696184,2026/05/18 12:57:43.742,3,NVIDIA A100-SXM-64GB,162.99,31846,100
9836,2026-05-18 12:57:48.792380,2026/05/18 12:57:48.832,0,NVIDIA A100-SXM-64GB,162.59,31904,100
9837,2026-05-18 12:57:48.792380,2026/05/18 12:57:48.834,1,NVIDIA A100-SXM-64GB,158.48,31922,100
9838,2026-05-18 12:57:48.792380,2026/05/18 12:57:48.837,2,NVIDIA A100-SXM-64GB,177.22,31912,100
9839,2026-05-18 12:57:48.792380,2026/05/18 12:57:48.842,3,NVIDIA A100-SXM-64GB,147.03,31846,100
9840,2026-05-18 12:57:53.892477,2026/05/18 12:57:53.932,0,NVIDIA A100-SXM-64GB,153.00,31904,100
9841,2026-05-18 12:57:53.892477,2026/05/18 12:57:53.935,1,NVIDIA A100-SXM-64GB,142.30,31922,100
9842,2026-05-18 12:57:53.892477,2026/05/18 12:57:53.937,2,NVIDIA A100-SXM-64GB,175.08,31912,98
9843,2026-05-18 12:57:53.892477,2026/05/18 12:57:53.940,3,NVIDIA A100-SXM-64GB,145.82,31846,98
9844,2026-05-18 12:57:58.989401,2026/05/18 12:57:59.029,0,NVIDIA A100-SXM-64GB,169.33,31904,100
9845,2026-05-18 12:57:58.989401,2026/05/18 12:57:59.033,1,NVIDIA A100-SXM-64GB,158.81,31922,100
9846,2026-05-18 12:57:58.989401,2026/05/18 12:57:59.035,2,NVIDIA A100-SXM-64GB,175.68,31912,100
9847,2026-05-18 12:57:58.989401,2026/05/18 12:57:59.038,3,NVIDIA A100-SXM-64GB,153.19,31846,100
9848,2026-05-18 12:58:04.086759,2026/05/18 12:58:04.126,0,NVIDIA A100-SXM-64GB,197.39,31904,100
9849,2026-05-18 12:58:04.086759,2026/05/18 12:58:04.130,1,NVIDIA A100-SXM-64GB,180.89,31922,100
9850,2026-05-18 12:58:04.086759,2026/05/18 12:58:04.132,2,NVIDIA A100-SXM-64GB,176.89,31912,100
9851,2026-05-18 12:58:04.086759,2026/05/18 12:58:04.135,3,NVIDIA A100-SXM-64GB,172.78,31846,100
9852,2026-05-18 12:58:09.185203,2026/05/18 12:58:09.231,0,NVIDIA A100-SXM-64GB,174.72,31904,100
9853,2026-05-18 12:58:09.185203,2026/05/18 12:58:09.233,1,NVIDIA A100-SXM-64GB,186.62,31922,100
9854,2026-05-18 12:58:09.185203,2026/05/18 12:58:09.236,2,NVIDIA A100-SXM-64GB,204.16,31912,98
9855,2026-05-18 12:58:09.185203,2026/05/18 12:58:09.239,3,NVIDIA A100-SXM-64GB,194.24,31846,99
9856,2026-05-18 12:58:14.288142,2026/05/18 12:58:14.328,0,NVIDIA A100-SXM-64GB,191.58,31904,100
9857,2026-05-18 12:58:14.288142,2026/05/18 12:58:14.330,1,NVIDIA A100-SXM-64GB,181.22,31922,100
9858,2026-05-18 12:58:14.288142,2026/05/18 12:58:14.336,2,NVIDIA A100-SXM-64GB,218.60,31912,100
9859,2026-05-18 12:58:14.288142,2026/05/18 12:58:14.338,3,NVIDIA A100-SXM-64GB,162.65,31846,100
9860,2026-05-18 12:58:19.388728,2026/05/18 12:58:19.428,0,NVIDIA A100-SXM-64GB,150.70,31904,97
9861,2026-05-18 12:58:19.388728,2026/05/18 12:58:19.433,1,NVIDIA A100-SXM-64GB,143.23,31922,97
9862,2026-05-18 12:58:19.388728,2026/05/18 12:58:19.439,2,NVIDIA A100-SXM-64GB,197.39,31912,100
9863,2026-05-18 12:58:19.388728,2026/05/18 12:58:19.444,3,NVIDIA A100-SXM-64GB,143.06,31846,100
9864,2026-05-18 12:58:24.493418,2026/05/18 12:58:24.533,0,NVIDIA A100-SXM-64GB,153.76,31904,100
9865,2026-05-18 12:58:24.493418,2026/05/18 12:58:24.535,1,NVIDIA A100-SXM-64GB,144.16,31922,100
9866,2026-05-18 12:58:24.493418,2026/05/18 12:58:24.538,2,NVIDIA A100-SXM-64GB,149.35,31912,98
9867,2026-05-18 12:58:24.493418,2026/05/18 12:58:24.541,3,NVIDIA A100-SXM-64GB,146.14,31846,100
9868,2026-05-18 12:58:29.589920,2026/05/18 12:58:29.629,0,NVIDIA A100-SXM-64GB,176.02,31904,100
9869,2026-05-18 12:58:29.589920,2026/05/18 12:58:29.632,1,NVIDIA A100-SXM-64GB,169.17,31922,100
9870,2026-05-18 12:58:29.589920,2026/05/18 12:58:29.634,2,NVIDIA A100-SXM-64GB,182.11,31912,100
9871,2026-05-18 12:58:29.589920,2026/05/18 12:58:29.638,3,NVIDIA A100-SXM-64GB,161.78,31846,100
9872,2026-05-18 12:58:34.686677,2026/05/18 12:58:34.726,0,NVIDIA A100-SXM-64GB,181.55,31904,100
9873,2026-05-18 12:58:34.686677,2026/05/18 12:58:34.728,1,NVIDIA A100-SXM-64GB,190.70,31922,100
9874,2026-05-18 12:58:34.686677,2026/05/18 12:58:34.733,2,NVIDIA A100-SXM-64GB,170.78,31912,100
9875,2026-05-18 12:58:34.686677,2026/05/18 12:58:34.739,3,NVIDIA A100-SXM-64GB,162.99,31846,100
9876,2026-05-18 12:58:39.789932,2026/05/18 12:58:39.829,0,NVIDIA A100-SXM-64GB,173.88,31904,100
9877,2026-05-18 12:58:39.789932,2026/05/18 12:58:39.831,1,NVIDIA A100-SXM-64GB,176.53,31922,100
9878,2026-05-18 12:58:39.789932,2026/05/18 12:58:39.834,2,NVIDIA A100-SXM-64GB,183.60,31912,100
9879,2026-05-18 12:58:39.789932,2026/05/18 12:58:39.836,3,NVIDIA A100-SXM-64GB,158.69,31846,100
9880,2026-05-18 12:58:44.890100,2026/05/18 12:58:44.930,0,NVIDIA A100-SXM-64GB,155.30,31904,98
9881,2026-05-18 12:58:44.890100,2026/05/18 12:58:44.934,1,NVIDIA A100-SXM-64GB,142.30,31922,98
9882,2026-05-18 12:58:44.890100,2026/05/18 12:58:44.937,2,NVIDIA A100-SXM-64GB,150.28,31912,100
9883,2026-05-18 12:58:44.890100,2026/05/18 12:58:44.943,3,NVIDIA A100-SXM-64GB,141.85,31846,100
9884,2026-05-18 12:58:49.992696,2026/05/18 12:58:50.032,0,NVIDIA A100-SXM-64GB,198.92,31904,100
9885,2026-05-18 12:58:49.992696,2026/05/18 12:58:50.034,1,NVIDIA A100-SXM-64GB,144.31,31922,100
9886,2026-05-18 12:58:49.992696,2026/05/18 12:58:50.037,2,NVIDIA A100-SXM-64GB,184.44,31912,100
9887,2026-05-18 12:58:49.992696,2026/05/18 12:58:50.039,3,NVIDIA A100-SXM-64GB,145.03,31846,100
9888,2026-05-18 12:58:55.088855,2026/05/18 12:58:55.128,0,NVIDIA A100-SXM-64GB,154.70,31904,98
9889,2026-05-18 12:58:55.088855,2026/05/18 12:58:55.131,1,NVIDIA A100-SXM-64GB,142.30,31922,98
9890,2026-05-18 12:58:55.088855,2026/05/18 12:58:55.134,2,NVIDIA A100-SXM-64GB,150.56,31912,99
9891,2026-05-18 12:58:55.088855,2026/05/18 12:58:55.136,3,NVIDIA A100-SXM-64GB,146.75,31846,100
9892,2026-05-18 12:59:00.188791,2026/05/18 12:59:00.228,0,NVIDIA A100-SXM-64GB,151.02,31904,98
9893,2026-05-18 12:59:00.188791,2026/05/18 12:59:00.233,1,NVIDIA A100-SXM-64GB,147.51,31922,98
9894,2026-05-18 12:59:00.188791,2026/05/18 12:59:00.235,2,NVIDIA A100-SXM-64GB,151.77,31912,100
9895,2026-05-18 12:59:00.188791,2026/05/18 12:59:00.238,3,NVIDIA A100-SXM-64GB,147.03,31846,100
9896,2026-05-18 12:59:05.289119,2026/05/18 12:59:05.328,0,NVIDIA A100-SXM-64GB,178.15,31904,100
9897,2026-05-18 12:59:05.289119,2026/05/18 12:59:05.330,1,NVIDIA A100-SXM-64GB,180.21,31922,100
9898,2026-05-18 12:59:05.289119,2026/05/18 12:59:05.337,2,NVIDIA A100-SXM-64GB,156.39,31912,100
9899,2026-05-18 12:59:05.289119,2026/05/18 12:59:05.339,3,NVIDIA A100-SXM-64GB,168.49,31846,100
9900,2026-05-18 12:59:10.388063,2026/05/18 12:59:10.427,0,NVIDIA A100-SXM-64GB,214.49,31904,98
9901,2026-05-18 12:59:10.388063,2026/05/18 12:59:10.429,1,NVIDIA A100-SXM-64GB,146.73,31922,98
9902,2026-05-18 12:59:10.388063,2026/05/18 12:59:10.438,2,NVIDIA A100-SXM-64GB,143.34,31912,100
9903,2026-05-18 12:59:10.388063,2026/05/18 12:59:10.441,3,NVIDIA A100-SXM-64GB,146.90,31846,100
9904,2026-05-18 12:59:15.489859,2026/05/18 12:59:15.529,0,NVIDIA A100-SXM-64GB,161.71,31904,100
9905,2026-05-18 12:59:15.489859,2026/05/18 12:59:15.534,1,NVIDIA A100-SXM-64GB,157.27,31922,100
9906,2026-05-18 12:59:15.489859,2026/05/18 12:59:15.537,2,NVIDIA A100-SXM-64GB,170.13,31912,100
9907,2026-05-18 12:59:15.489859,2026/05/18 12:59:15.540,3,NVIDIA A100-SXM-64GB,146.75,31846,100
9908,2026-05-18 12:59:20.587793,2026/05/18 12:59:20.627,0,NVIDIA A100-SXM-64GB,182.76,31904,100
9909,2026-05-18 12:59:20.587793,2026/05/18 12:59:20.629,1,NVIDIA A100-SXM-64GB,178.76,31922,100
9910,2026-05-18 12:59:20.587793,2026/05/18 12:59:20.632,2,NVIDIA A100-SXM-64GB,177.22,31912,100
9911,2026-05-18 12:59:20.587793,2026/05/18 12:59:20.634,3,NVIDIA A100-SXM-64GB,183.32,31846,100
9912,2026-05-18 12:59:25.682685,2026/05/18 12:59:25.722,0,NVIDIA A100-SXM-64GB,140.76,31904,98
9913,2026-05-18 12:59:25.682685,2026/05/18 12:59:25.724,1,NVIDIA A100-SXM-64GB,132.53,31922,98
9914,2026-05-18 12:59:25.682685,2026/05/18 12:59:25.729,2,NVIDIA A100-SXM-64GB,228.38,31912,100
9915,2026-05-18 12:59:25.682685,2026/05/18 12:59:25.731,3,NVIDIA A100-SXM-64GB,139.71,31846,100
9916,2026-05-18 12:59:30.779905,2026/05/18 12:59:30.819,0,NVIDIA A100-SXM-64GB,177.55,31904,100
9917,2026-05-18 12:59:30.779905,2026/05/18 12:59:30.823,1,NVIDIA A100-SXM-64GB,186.89,31922,100
9918,2026-05-18 12:59:30.779905,2026/05/18 12:59:30.825,2,NVIDIA A100-SXM-64GB,183.32,31912,100
9919,2026-05-18 12:59:30.779905,2026/05/18 12:59:30.828,3,NVIDIA A100-SXM-64GB,186.26,31846,100
9920,2026-05-18 12:59:35.875744,2026/05/18 12:59:35.915,0,NVIDIA A100-SXM-64GB,149.32,31904,98
9921,2026-05-18 12:59:35.875744,2026/05/18 12:59:35.917,1,NVIDIA A100-SXM-64GB,133.60,31922,98
9922,2026-05-18 12:59:35.875744,2026/05/18 12:59:35.920,2,NVIDIA A100-SXM-64GB,148.29,31912,97
9923,2026-05-18 12:59:35.875744,2026/05/18 12:59:35.923,3,NVIDIA A100-SXM-64GB,141.67,31846,97
9924,2026-05-18 12:59:40.970823,2026/05/18 12:59:41.017,0,NVIDIA A100-SXM-64GB,174.21,31904,100
9925,2026-05-18 12:59:40.970823,2026/05/18 12:59:41.019,1,NVIDIA A100-SXM-64GB,165.23,31922,100
9926,2026-05-18 12:59:40.970823,2026/05/18 12:59:41.021,2,NVIDIA A100-SXM-64GB,185.74,31912,100
9927,2026-05-18 12:59:40.970823,2026/05/18 12:59:41.024,3,NVIDIA A100-SXM-64GB,173.71,31846,100
9928,2026-05-18 12:59:46.071784,2026/05/18 12:59:46.111,0,NVIDIA A100-SXM-64GB,188.84,31904,100
9929,2026-05-18 12:59:46.071784,2026/05/18 12:59:46.115,1,NVIDIA A100-SXM-64GB,176.95,31922,100
9930,2026-05-18 12:59:46.071784,2026/05/18 12:59:46.121,2,NVIDIA A100-SXM-64GB,166.77,31912,100
9931,2026-05-18 12:59:46.071784,2026/05/18 12:59:46.123,3,NVIDIA A100-SXM-64GB,157.15,31846,100
9932,2026-05-18 12:59:51.171961,2026/05/18 12:59:51.211,0,NVIDIA A100-SXM-64GB,191.31,31904,100
9933,2026-05-18 12:59:51.171961,2026/05/18 12:59:51.213,1,NVIDIA A100-SXM-64GB,151.18,31922,100
9934,2026-05-18 12:59:51.171961,2026/05/18 12:59:51.216,2,NVIDIA A100-SXM-64GB,179.97,31912,100
9935,2026-05-18 12:59:51.171961,2026/05/18 12:59:51.218,3,NVIDIA A100-SXM-64GB,166.67,31846,100
9936,2026-05-18 12:59:56.268099,2026/05/18 12:59:56.307,0,NVIDIA A100-SXM-64GB,143.23,31904,100
9937,2026-05-18 12:59:56.268099,2026/05/18 12:59:56.312,1,NVIDIA A100-SXM-64GB,137.89,31922,100
9938,2026-05-18 12:59:56.268099,2026/05/18 12:59:56.314,2,NVIDIA A100-SXM-64GB,194.92,31912,98
9939,2026-05-18 12:59:56.268099,2026/05/18 12:59:56.317,3,NVIDIA A100-SXM-64GB,144.15,31846,100
9940,2026-05-18 13:00:01.368193,2026/05/18 13:00:01.407,0,NVIDIA A100-SXM-64GB,170.54,31904,100
9941,2026-05-18 13:00:01.368193,2026/05/18 13:00:01.409,1,NVIDIA A100-SXM-64GB,167.19,31922,100
9942,2026-05-18 13:00:01.368193,2026/05/18 13:00:01.412,2,NVIDIA A100-SXM-64GB,151.32,31912,100
9943,2026-05-18 13:00:01.368193,2026/05/18 13:00:01.414,3,NVIDIA A100-SXM-64GB,161.60,31846,100
9944,2026-05-18 13:00:06.462815,2026/05/18 13:00:06.502,0,NVIDIA A100-SXM-64GB,178.66,31904,100
9945,2026-05-18 13:00:06.462815,2026/05/18 13:00:06.505,1,NVIDIA A100-SXM-64GB,171.91,31922,100
9946,2026-05-18 13:00:06.462815,2026/05/18 13:00:06.507,2,NVIDIA A100-SXM-64GB,181.18,31912,100
9947,2026-05-18 13:00:06.462815,2026/05/18 13:00:06.510,3,NVIDIA A100-SXM-64GB,172.78,31846,100
9948,2026-05-18 13:00:11.557924,2026/05/18 13:00:11.597,0,NVIDIA A100-SXM-64GB,165.99,31904,100
9949,2026-05-18 13:00:11.557924,2026/05/18 13:00:11.599,1,NVIDIA A100-SXM-64GB,147.51,31922,100
9950,2026-05-18 13:00:11.557924,2026/05/18 13:00:11.602,2,NVIDIA A100-SXM-64GB,157.93,31912,100
9951,2026-05-18 13:00:11.557924,2026/05/18 13:00:11.604,3,NVIDIA A100-SXM-64GB,147.18,31846,100
9952,2026-05-18 13:00:16.652739,2026/05/18 13:00:16.704,0,NVIDIA A100-SXM-64GB,151.18,31904,100
9953,2026-05-18 13:00:16.652739,2026/05/18 13:00:16.707,1,NVIDIA A100-SXM-64GB,146.30,31922,100
9954,2026-05-18 13:00:16.652739,2026/05/18 13:00:16.722,2,NVIDIA A100-SXM-64GB,150.11,31912,100
9955,2026-05-18 13:00:16.652739,2026/05/18 13:00:16.725,3,NVIDIA A100-SXM-64GB,145.36,31846,26
9956,2026-05-18 13:00:21.772652,2026/05/18 13:00:21.824,0,NVIDIA A100-SXM-64GB,181.22,31904,100
9957,2026-05-18 13:00:21.772652,2026/05/18 13:00:21.827,1,NVIDIA A100-SXM-64GB,153.92,31922,100
9958,2026-05-18 13:00:21.772652,2026/05/18 13:00:21.829,2,NVIDIA A100-SXM-64GB,153.64,31912,100
9959,2026-05-18 13:00:21.772652,2026/05/18 13:00:21.832,3,NVIDIA A100-SXM-64GB,150.11,31846,100
9960,2026-05-18 13:00:26.880424,2026/05/18 13:00:26.921,0,NVIDIA A100-SXM-64GB,159.41,31904,100
9961,2026-05-18 13:00:26.880424,2026/05/18 13:00:26.924,1,NVIDIA A100-SXM-64GB,137.41,31922,100
9962,2026-05-18 13:00:26.880424,2026/05/18 13:00:26.930,2,NVIDIA A100-SXM-64GB,146.14,31912,98
9963,2026-05-18 13:00:26.880424,2026/05/18 13:00:26.933,3,NVIDIA A100-SXM-64GB,143.06,31846,98
9964,2026-05-18 13:00:31.982437,2026/05/18 13:00:32.022,0,NVIDIA A100-SXM-64GB,150.25,31904,99
9965,2026-05-18 13:00:31.982437,2026/05/18 13:00:32.025,1,NVIDIA A100-SXM-64GB,146.90,31922,99
9966,2026-05-18 13:00:31.982437,2026/05/18 13:00:32.027,2,NVIDIA A100-SXM-64GB,151.93,31912,97
9967,2026-05-18 13:00:31.982437,2026/05/18 13:00:32.032,3,NVIDIA A100-SXM-64GB,141.85,31846,97
9968,2026-05-18 13:00:37.080694,2026/05/18 13:00:37.120,0,NVIDIA A100-SXM-64GB,156.07,31904,100
9969,2026-05-18 13:00:37.080694,2026/05/18 13:00:37.122,1,NVIDIA A100-SXM-64GB,142.30,31922,100
9970,2026-05-18 13:00:37.080694,2026/05/18 13:00:37.156,2,NVIDIA A100-SXM-64GB,148.57,31912,100
9971,2026-05-18 13:00:37.080694,2026/05/18 13:00:37.160,3,NVIDIA A100-SXM-64GB,145.64,31846,63
9972,2026-05-18 13:00:42.211453,2026/05/18 13:00:42.251,0,NVIDIA A100-SXM-64GB,160.02,31904,97
9973,2026-05-18 13:00:42.211453,2026/05/18 13:00:42.253,1,NVIDIA A100-SXM-64GB,147.18,31922,97
9974,2026-05-18 13:00:42.211453,2026/05/18 13:00:42.258,2,NVIDIA A100-SXM-64GB,153.31,31912,100
9975,2026-05-18 13:00:42.211453,2026/05/18 13:00:42.261,3,NVIDIA A100-SXM-64GB,142.00,31846,99
9976,2026-05-18 13:00:47.310866,2026/05/18 13:00:47.350,0,NVIDIA A100-SXM-64GB,213.88,31904,98
9977,2026-05-18 13:00:47.310866,2026/05/18 13:00:47.353,1,NVIDIA A100-SXM-64GB,153.32,31922,98
9978,2026-05-18 13:00:47.310866,2026/05/18 13:00:47.355,2,NVIDIA A100-SXM-64GB,138.90,31912,100
9979,2026-05-18 13:00:47.310866,2026/05/18 13:00:47.358,3,NVIDIA A100-SXM-64GB,144.42,31846,100
9980,2026-05-18 13:00:52.406330,2026/05/18 13:00:52.446,0,NVIDIA A100-SXM-64GB,158.48,31904,98
9981,2026-05-18 13:00:52.406330,2026/05/18 13:00:52.448,1,NVIDIA A100-SXM-64GB,145.19,31922,98
9982,2026-05-18 13:00:52.406330,2026/05/18 13:00:52.451,2,NVIDIA A100-SXM-64GB,153.47,31912,98
9983,2026-05-18 13:00:52.406330,2026/05/18 13:00:52.456,3,NVIDIA A100-SXM-64GB,141.67,31846,98
9984,2026-05-18 13:00:57.504367,2026/05/18 13:00:57.556,0,NVIDIA A100-SXM-64GB,114.00,31904,100
9985,2026-05-18 13:00:57.504367,2026/05/18 13:00:57.558,1,NVIDIA A100-SXM-64GB,139.09,31922,100
9986,2026-05-18 13:00:57.504367,2026/05/18 13:00:57.561,2,NVIDIA A100-SXM-64GB,147.03,31912,100
9987,2026-05-18 13:00:57.504367,2026/05/18 13:00:57.564,3,NVIDIA A100-SXM-64GB,144.15,31846,0
9988,2026-05-18 13:01:02.612786,2026/05/18 13:01:02.652,0,NVIDIA A100-SXM-64GB,158.48,31904,100
9989,2026-05-18 13:01:02.612786,2026/05/18 13:01:02.655,1,NVIDIA A100-SXM-64GB,144.77,31922,100
9990,2026-05-18 13:01:02.612786,2026/05/18 13:01:02.657,2,NVIDIA A100-SXM-64GB,153.31,31912,98
9991,2026-05-18 13:01:02.612786,2026/05/18 13:01:02.660,3,NVIDIA A100-SXM-64GB,145.96,31846,98
9992,2026-05-18 13:01:07.708351,2026/05/18 13:01:07.748,0,NVIDIA A100-SXM-64GB,165.83,31904,100
9993,2026-05-18 13:01:07.708351,2026/05/18 13:01:07.750,1,NVIDIA A100-SXM-64GB,156.34,31922,100
9994,2026-05-18 13:01:07.708351,2026/05/18 13:01:07.753,2,NVIDIA A100-SXM-64GB,173.81,31912,100
9995,2026-05-18 13:01:07.708351,2026/05/18 13:01:07.756,3,NVIDIA A100-SXM-64GB,166.34,31846,100
9996,2026-05-18 13:01:12.804405,2026/05/18 13:01:12.844,0,NVIDIA A100-SXM-64GB,198.92,31904,100
9997,2026-05-18 13:01:12.804405,2026/05/18 13:01:12.846,1,NVIDIA A100-SXM-64GB,187.50,31922,100
9998,2026-05-18 13:01:12.804405,2026/05/18 13:01:12.852,2,NVIDIA A100-SXM-64GB,189.42,31912,100
9999,2026-05-18 13:01:12.804405,2026/05/18 13:01:12.855,3,NVIDIA A100-SXM-64GB,170.30,31846,100
10000,2026-05-18 13:01:17.903362,2026/05/18 13:01:17.943,0,NVIDIA A100-SXM-64GB,174.99,31904,100
10001,2026-05-18 13:01:17.903362,2026/05/18 13:01:17.947,1,NVIDIA A100-SXM-64GB,145.84,31922,100
10002,2026-05-18 13:01:17.903362,2026/05/18 13:01:17.953,2,NVIDIA A100-SXM-64GB,154.07,31912,100
10003,2026-05-18 13:01:17.903362,2026/05/18 13:01:17.955,3,NVIDIA A100-SXM-64GB,165.91,31846,100
10004,2026-05-18 13:01:23.003714,2026/05/18 13:01:23.043,0,NVIDIA A100-SXM-64GB,175.14,31904,100
10005,2026-05-18 13:01:23.003714,2026/05/18 13:01:23.045,1,NVIDIA A100-SXM-64GB,183.69,31922,100
10006,2026-05-18 13:01:23.003714,2026/05/18 13:01:23.048,2,NVIDIA A100-SXM-64GB,183.93,31912,100
10007,2026-05-18 13:01:23.003714,2026/05/18 13:01:23.050,3,NVIDIA A100-SXM-64GB,173.11,31846,100
10008,2026-05-18 13:01:28.099354,2026/05/18 13:01:28.139,0,NVIDIA A100-SXM-64GB,160.02,31904,100
10009,2026-05-18 13:01:28.099354,2026/05/18 13:01:28.144,1,NVIDIA A100-SXM-64GB,166.76,31922,100
10010,2026-05-18 13:01:28.099354,2026/05/18 13:01:28.146,2,NVIDIA A100-SXM-64GB,182.11,31912,100
10011,2026-05-18 13:01:28.099354,2026/05/18 13:01:28.149,3,NVIDIA A100-SXM-64GB,146.90,31846,100
10012,2026-05-18 13:01:33.197969,2026/05/18 13:01:33.237,0,NVIDIA A100-SXM-64GB,157.87,31904,98
10013,2026-05-18 13:01:33.197969,2026/05/18 13:01:33.241,1,NVIDIA A100-SXM-64GB,143.98,31922,98
10014,2026-05-18 13:01:33.197969,2026/05/18 13:01:33.244,2,NVIDIA A100-SXM-64GB,149.18,31912,100
10015,2026-05-18 13:01:33.197969,2026/05/18 13:01:33.246,3,NVIDIA A100-SXM-64GB,144.15,31846,98
10016,2026-05-18 13:01:38.294313,2026/05/18 13:01:38.334,0,NVIDIA A100-SXM-64GB,94.78,31904,10
10017,2026-05-18 13:01:38.294313,2026/05/18 13:01:38.336,1,NVIDIA A100-SXM-64GB,125.18,31922,100
10018,2026-05-18 13:01:38.294313,2026/05/18 13:01:38.339,2,NVIDIA A100-SXM-64GB,88.53,31912,2
10019,2026-05-18 13:01:38.294313,2026/05/18 13:01:38.341,3,NVIDIA A100-SXM-64GB,142.74,31846,99
10020,2026-05-18 13:01:43.392474,2026/05/18 13:01:43.432,0,NVIDIA A100-SXM-64GB,174.72,31904,100
10021,2026-05-18 13:01:43.392474,2026/05/18 13:01:43.434,1,NVIDIA A100-SXM-64GB,145.52,31922,100
10022,2026-05-18 13:01:43.392474,2026/05/18 13:01:43.439,2,NVIDIA A100-SXM-64GB,192.70,31912,100
10023,2026-05-18 13:01:43.392474,2026/05/18 13:01:43.441,3,NVIDIA A100-SXM-64GB,148.45,31846,100
10024,2026-05-18 13:01:48.493716,2026/05/18 13:01:48.533,0,NVIDIA A100-SXM-64GB,171.91,31904,100
10025,2026-05-18 13:01:48.493716,2026/05/18 13:01:48.535,1,NVIDIA A100-SXM-64GB,163.69,31922,100
10026,2026-05-18 13:01:48.493716,2026/05/18 13:01:48.541,2,NVIDIA A100-SXM-64GB,185.46,31912,100
10027,2026-05-18 13:01:48.493716,2026/05/18 13:01:48.543,3,NVIDIA A100-SXM-64GB,158.36,31846,100
10028,2026-05-18 13:01:53.592362,2026/05/18 13:01:53.632,0,NVIDIA A100-SXM-64GB,158.48,31904,98
10029,2026-05-18 13:01:53.592362,2026/05/18 13:01:53.634,1,NVIDIA A100-SXM-64GB,147.51,31922,99
10030,2026-05-18 13:01:53.592362,2026/05/18 13:01:53.637,2,NVIDIA A100-SXM-64GB,152.86,31912,98
10031,2026-05-18 13:01:53.592362,2026/05/18 13:01:53.640,3,NVIDIA A100-SXM-64GB,146.75,31846,98
10032,2026-05-18 13:01:58.690278,2026/05/18 13:01:58.734,0,NVIDIA A100-SXM-64GB,95.39,31904,24
10033,2026-05-18 13:01:58.690278,2026/05/18 13:01:58.737,1,NVIDIA A100-SXM-64GB,90.59,31922,100
10034,2026-05-18 13:01:58.690278,2026/05/18 13:01:58.754,2,NVIDIA A100-SXM-64GB,91.66,31912,41
10035,2026-05-18 13:01:58.690278,2026/05/18 13:01:58.757,3,NVIDIA A100-SXM-64GB,95.78,31846,100
10036,2026-05-18 13:02:03.805006,2026/05/18 13:02:03.844,0,NVIDIA A100-SXM-64GB,159.74,31904,98
10037,2026-05-18 13:02:03.805006,2026/05/18 13:02:03.847,1,NVIDIA A100-SXM-64GB,147.18,31922,98
10038,2026-05-18 13:02:03.805006,2026/05/18 13:02:03.849,2,NVIDIA A100-SXM-64GB,147.63,31912,98
10039,2026-05-18 13:02:03.805006,2026/05/18 13:02:03.852,3,NVIDIA A100-SXM-64GB,147.18,31846,100
10040,2026-05-18 13:02:08.899942,2026/05/18 13:02:08.940,0,NVIDIA A100-SXM-64GB,154.08,31904,98
10041,2026-05-18 13:02:08.899942,2026/05/18 13:02:08.942,1,NVIDIA A100-SXM-64GB,146.45,31922,98
10042,2026-05-18 13:02:08.899942,2026/05/18 13:02:08.945,2,NVIDIA A100-SXM-64GB,147.96,31912,98
10043,2026-05-18 13:02:08.899942,2026/05/18 13:02:08.947,3,NVIDIA A100-SXM-64GB,145.64,31846,98
10044,2026-05-18 13:02:13.995833,2026/05/18 13:02:14.035,0,NVIDIA A100-SXM-64GB,164.62,31904,100
10045,2026-05-18 13:02:13.995833,2026/05/18 13:02:14.037,1,NVIDIA A100-SXM-64GB,151.34,31922,100
10046,2026-05-18 13:02:13.995833,2026/05/18 13:02:14.043,2,NVIDIA A100-SXM-64GB,164.53,31912,100
10047,2026-05-18 13:02:13.995833,2026/05/18 13:02:14.045,3,NVIDIA A100-SXM-64GB,146.57,31846,100
10048,2026-05-18 13:02:19.094145,2026/05/18 13:02:19.145,0,NVIDIA A100-SXM-64GB,181.41,31904,100
10049,2026-05-18 13:02:19.094145,2026/05/18 13:02:19.148,1,NVIDIA A100-SXM-64GB,179.87,31922,100
10050,2026-05-18 13:02:19.094145,2026/05/18 13:02:19.150,2,NVIDIA A100-SXM-64GB,197.39,31912,100
10051,2026-05-18 13:02:19.094145,2026/05/18 13:02:19.153,3,NVIDIA A100-SXM-64GB,173.38,31846,100
10052,2026-05-18 13:02:24.202813,2026/05/18 13:02:24.242,0,NVIDIA A100-SXM-64GB,161.88,31904,100
10053,2026-05-18 13:02:24.202813,2026/05/18 13:02:24.244,1,NVIDIA A100-SXM-64GB,170.43,31922,100
10054,2026-05-18 13:02:24.202813,2026/05/18 13:02:24.247,2,NVIDIA A100-SXM-64GB,179.31,31912,100
10055,2026-05-18 13:02:24.202813,2026/05/18 13:02:24.249,3,NVIDIA A100-SXM-64GB,172.44,31846,100
10056,2026-05-18 13:02:29.297919,2026/05/18 13:02:29.337,0,NVIDIA A100-SXM-64GB,148.11,31904,98
10057,2026-05-18 13:02:29.297919,2026/05/18 13:02:29.340,1,NVIDIA A100-SXM-64GB,139.28,31922,98
10058,2026-05-18 13:02:29.297919,2026/05/18 13:02:29.343,2,NVIDIA A100-SXM-64GB,158.09,31912,98
10059,2026-05-18 13:02:29.297919,2026/05/18 13:02:29.346,3,NVIDIA A100-SXM-64GB,143.21,31846,98
10060,2026-05-18 13:02:34.394706,2026/05/18 13:02:34.434,0,NVIDIA A100-SXM-64GB,171.32,31904,100
10061,2026-05-18 13:02:34.394706,2026/05/18 13:02:34.436,1,NVIDIA A100-SXM-64GB,162.32,31922,100
10062,2026-05-18 13:02:34.394706,2026/05/18 13:02:34.439,2,NVIDIA A100-SXM-64GB,198.53,31912,100
10063,2026-05-18 13:02:34.394706,2026/05/18 13:02:34.442,3,NVIDIA A100-SXM-64GB,178.79,31846,100
10064,2026-05-18 13:02:39.492973,2026/05/18 13:02:39.532,0,NVIDIA A100-SXM-64GB,177.13,31904,100
10065,2026-05-18 13:02:39.492973,2026/05/18 13:02:39.535,1,NVIDIA A100-SXM-64GB,162.32,31922,100
10066,2026-05-18 13:02:39.492973,2026/05/18 13:02:39.538,2,NVIDIA A100-SXM-64GB,198.32,31912,100
10067,2026-05-18 13:02:39.492973,2026/05/18 13:02:39.541,3,NVIDIA A100-SXM-64GB,187.80,31846,100
10068,2026-05-18 13:02:44.589592,2026/05/18 13:02:44.641,0,NVIDIA A100-SXM-64GB,236.46,31904,97
10069,2026-05-18 13:02:44.589592,2026/05/18 13:02:44.643,1,NVIDIA A100-SXM-64GB,132.53,31922,100
10070,2026-05-18 13:02:44.589592,2026/05/18 13:02:44.646,2,NVIDIA A100-SXM-64GB,234.44,31912,98
10071,2026-05-18 13:02:44.589592,2026/05/18 13:02:44.648,3,NVIDIA A100-SXM-64GB,134.29,31846,100
10072,2026-05-18 13:02:49.697566,2026/05/18 13:02:49.737,0,NVIDIA A100-SXM-64GB,188.57,31904,100
10073,2026-05-18 13:02:49.697566,2026/05/18 13:02:49.739,1,NVIDIA A100-SXM-64GB,177.13,31922,100
10074,2026-05-18 13:02:49.697566,2026/05/18 13:02:49.742,2,NVIDIA A100-SXM-64GB,167.98,31912,100
10075,2026-05-18 13:02:49.697566,2026/05/18 13:02:49.745,3,NVIDIA A100-SXM-64GB,162.99,31846,100
10076,2026-05-18 13:02:54.793274,2026/05/18 13:02:54.832,0,NVIDIA A100-SXM-64GB,187.63,31904,100
10077,2026-05-18 13:02:54.793274,2026/05/18 13:02:54.837,1,NVIDIA A100-SXM-64GB,178.76,31922,100
10078,2026-05-18 13:02:54.793274,2026/05/18 13:02:54.840,2,NVIDIA A100-SXM-64GB,167.11,31912,100
10079,2026-05-18 13:02:54.793274,2026/05/18 13:02:54.843,3,NVIDIA A100-SXM-64GB,168.82,31846,100
10080,2026-05-18 13:02:59.891684,2026/05/18 13:02:59.931,0,NVIDIA A100-SXM-64GB,210.81,31904,100
10081,2026-05-18 13:02:59.891684,2026/05/18 13:02:59.933,1,NVIDIA A100-SXM-64GB,148.26,31922,98
10082,2026-05-18 13:02:59.891684,2026/05/18 13:02:59.936,2,NVIDIA A100-SXM-64GB,150.28,31912,100
10083,2026-05-18 13:02:59.891684,2026/05/18 13:02:59.939,3,NVIDIA A100-SXM-64GB,143.82,31846,98
10084,2026-05-18 13:03:04.990714,2026/05/18 13:03:05.030,0,NVIDIA A100-SXM-64GB,173.46,31904,100
10085,2026-05-18 13:03:04.990714,2026/05/18 13:03:05.033,1,NVIDIA A100-SXM-64GB,175.59,31922,100
10086,2026-05-18 13:03:04.990714,2026/05/18 13:03:05.035,2,NVIDIA A100-SXM-64GB,169.69,31912,100
10087,2026-05-18 13:03:04.990714,2026/05/18 13:03:05.037,3,NVIDIA A100-SXM-64GB,168.15,31846,100
10088,2026-05-18 13:03:10.089931,2026/05/18 13:03:10.129,0,NVIDIA A100-SXM-64GB,159.24,31904,98
10089,2026-05-18 13:03:10.089931,2026/05/18 13:03:10.131,1,NVIDIA A100-SXM-64GB,140.15,31922,98
10090,2026-05-18 13:03:10.089931,2026/05/18 13:03:10.134,2,NVIDIA A100-SXM-64GB,152.70,31912,98
10091,2026-05-18 13:03:10.089931,2026/05/18 13:03:10.137,3,NVIDIA A100-SXM-64GB,141.20,31846,98
10092,2026-05-18 13:03:15.185474,2026/05/18 13:03:15.225,0,NVIDIA A100-SXM-64GB,152.84,31904,98
10093,2026-05-18 13:03:15.185474,2026/05/18 13:03:15.231,1,NVIDIA A100-SXM-64GB,142.62,31922,98
10094,2026-05-18 13:03:15.185474,2026/05/18 13:03:15.233,2,NVIDIA A100-SXM-64GB,185.13,31912,100
10095,2026-05-18 13:03:15.185474,2026/05/18 13:03:15.236,3,NVIDIA A100-SXM-64GB,144.28,31846,98
10096,2026-05-18 13:03:20.285472,2026/05/18 13:03:20.325,0,NVIDIA A100-SXM-64GB,156.84,31904,100
10097,2026-05-18 13:03:20.285472,2026/05/18 13:03:20.330,1,NVIDIA A100-SXM-64GB,150.85,31922,100
10098,2026-05-18 13:03:20.285472,2026/05/18 13:03:20.334,2,NVIDIA A100-SXM-64GB,153.03,31912,100
10099,2026-05-18 13:03:20.285472,2026/05/18 13:03:20.336,3,NVIDIA A100-SXM-64GB,159.90,31846,100
10100,2026-05-18 13:03:25.385789,2026/05/18 13:03:25.425,0,NVIDIA A100-SXM-64GB,191.91,31904,100
10101,2026-05-18 13:03:25.385789,2026/05/18 13:03:25.431,1,NVIDIA A100-SXM-64GB,180.48,31922,100
10102,2026-05-18 13:03:25.385789,2026/05/18 13:03:25.434,2,NVIDIA A100-SXM-64GB,194.32,31912,100
10103,2026-05-18 13:03:25.385789,2026/05/18 13:03:25.436,3,NVIDIA A100-SXM-64GB,182.57,31846,100
10104,2026-05-18 13:03:30.484554,2026/05/18 13:03:30.536,0,NVIDIA A100-SXM-64GB,171.91,31904,100
10105,2026-05-18 13:03:30.484554,2026/05/18 13:03:30.538,1,NVIDIA A100-SXM-64GB,153.32,31922,100
10106,2026-05-18 13:03:30.484554,2026/05/18 13:03:30.542,2,NVIDIA A100-SXM-64GB,167.28,31912,100
10107,2026-05-18 13:03:30.484554,2026/05/18 13:03:30.544,3,NVIDIA A100-SXM-64GB,145.36,31846,100
10108,2026-05-18 13:03:35.593083,2026/05/18 13:03:35.633,0,NVIDIA A100-SXM-64GB,154.04,31904,100
10109,2026-05-18 13:03:35.593083,2026/05/18 13:03:35.636,1,NVIDIA A100-SXM-64GB,141.42,31922,98
10110,2026-05-18 13:03:35.593083,2026/05/18 13:03:35.638,2,NVIDIA A100-SXM-64GB,153.03,31912,100
10111,2026-05-18 13:03:35.593083,2026/05/18 13:03:35.641,3,NVIDIA A100-SXM-64GB,149.18,31846,100
10112,2026-05-18 13:03:40.690466,2026/05/18 13:03:40.730,0,NVIDIA A100-SXM-64GB,200.45,31904,100
10113,2026-05-18 13:03:40.690466,2026/05/18 13:03:40.735,1,NVIDIA A100-SXM-64GB,145.04,31922,100
10114,2026-05-18 13:03:40.690466,2026/05/18 13:03:40.738,2,NVIDIA A100-SXM-64GB,151.32,31912,100
10115,2026-05-18 13:03:40.690466,2026/05/18 13:03:40.740,3,NVIDIA A100-SXM-64GB,147.96,31846,100
10116,2026-05-18 13:03:45.794943,2026/05/18 13:03:45.834,0,NVIDIA A100-SXM-64GB,104.22,31904,98
10117,2026-05-18 13:03:45.794943,2026/05/18 13:03:45.836,1,NVIDIA A100-SXM-64GB,90.77,31922,100
10118,2026-05-18 13:03:45.794943,2026/05/18 13:03:45.862,2,NVIDIA A100-SXM-64GB,97.72,31912,98
10119,2026-05-18 13:03:45.794943,2026/05/18 13:03:45.882,3,NVIDIA A100-SXM-64GB,96.05,31846,100
10120,2026-05-18 13:03:50.933942,2026/05/18 13:03:50.973,0,NVIDIA A100-SXM-64GB,160.34,31904,99
10121,2026-05-18 13:03:50.933942,2026/05/18 13:03:50.975,1,NVIDIA A100-SXM-64GB,148.44,31922,97
10122,2026-05-18 13:03:50.933942,2026/05/18 13:03:50.978,2,NVIDIA A100-SXM-64GB,152.10,31912,99
10123,2026-05-18 13:03:50.933942,2026/05/18 13:03:50.980,3,NVIDIA A100-SXM-64GB,142.88,31846,100
10124,2026-05-18 13:03:56.030101,2026/05/18 13:03:56.082,0,NVIDIA A100-SXM-64GB,184.48,31904,100
10125,2026-05-18 13:03:56.030101,2026/05/18 13:03:56.084,1,NVIDIA A100-SXM-64GB,162.49,31922,100
10126,2026-05-18 13:03:56.030101,2026/05/18 13:03:56.087,2,NVIDIA A100-SXM-64GB,194.32,31912,100
10127,2026-05-18 13:03:56.030101,2026/05/18 13:03:56.089,3,NVIDIA A100-SXM-64GB,162.82,31846,100
10128,2026-05-18 13:04:01.138520,2026/05/18 13:04:01.180,0,NVIDIA A100-SXM-64GB,149.97,31904,100
10129,2026-05-18 13:04:01.138520,2026/05/18 13:04:01.183,1,NVIDIA A100-SXM-64GB,140.63,31922,100
10130,2026-05-18 13:04:01.138520,2026/05/18 13:04:01.188,2,NVIDIA A100-SXM-64GB,140.92,31912,98
10131,2026-05-18 13:04:01.138520,2026/05/18 13:04:01.190,3,NVIDIA A100-SXM-64GB,133.08,31846,100
10132,2026-05-18 13:04:06.239217,2026/05/18 13:04:06.278,0,NVIDIA A100-SXM-64GB,187.31,31904,100
10133,2026-05-18 13:04:06.239217,2026/05/18 13:04:06.281,1,NVIDIA A100-SXM-64GB,167.97,31922,100
10134,2026-05-18 13:04:06.239217,2026/05/18 13:04:06.284,2,NVIDIA A100-SXM-64GB,196.18,31912,100
10135,2026-05-18 13:04:06.239217,2026/05/18 13:04:06.286,3,NVIDIA A100-SXM-64GB,163.26,31846,100
10136,2026-05-18 13:04:11.335050,2026/05/18 13:04:11.386,0,NVIDIA A100-SXM-64GB,182.01,31904,100
10137,2026-05-18 13:04:11.335050,2026/05/18 13:04:11.388,1,NVIDIA A100-SXM-64GB,164.29,31922,100
10138,2026-05-18 13:04:11.335050,2026/05/18 13:04:11.391,2,NVIDIA A100-SXM-64GB,199.87,31912,100
10139,2026-05-18 13:04:11.335050,2026/05/18 13:04:11.393,3,NVIDIA A100-SXM-64GB,164.97,31846,100
10140,2026-05-18 13:04:16.443191,2026/05/18 13:04:16.482,0,NVIDIA A100-SXM-64GB,163.41,31904,100
10141,2026-05-18 13:04:16.443191,2026/05/18 13:04:16.485,1,NVIDIA A100-SXM-64GB,169.95,31922,100
10142,2026-05-18 13:04:16.443191,2026/05/18 13:04:16.491,2,NVIDIA A100-SXM-64GB,177.07,31912,100
10143,2026-05-18 13:04:16.443191,2026/05/18 13:04:16.493,3,NVIDIA A100-SXM-64GB,158.85,31846,100
10144,2026-05-18 13:04:21.542303,2026/05/18 13:04:21.582,0,NVIDIA A100-SXM-64GB,197.39,31904,100
10145,2026-05-18 13:04:21.542303,2026/05/18 13:04:21.584,1,NVIDIA A100-SXM-64GB,164.89,31922,100
10146,2026-05-18 13:04:21.542303,2026/05/18 13:04:21.587,2,NVIDIA A100-SXM-64GB,185.74,31912,100
10147,2026-05-18 13:04:21.542303,2026/05/18 13:04:21.590,3,NVIDIA A100-SXM-64GB,188.40,31846,100
10148,2026-05-18 13:04:26.638740,2026/05/18 13:04:26.678,0,NVIDIA A100-SXM-64GB,174.06,31904,100
10149,2026-05-18 13:04:26.638740,2026/05/18 13:04:26.680,1,NVIDIA A100-SXM-64GB,179.87,31922,100
10150,2026-05-18 13:04:26.638740,2026/05/18 13:04:26.686,2,NVIDIA A100-SXM-64GB,177.07,31912,100
10151,2026-05-18 13:04:26.638740,2026/05/18 13:04:26.692,3,NVIDIA A100-SXM-64GB,145.36,31846,100
10152,2026-05-18 13:04:31.740846,2026/05/18 13:04:31.780,0,NVIDIA A100-SXM-64GB,197.59,31904,100
10153,2026-05-18 13:04:31.740846,2026/05/18 13:04:31.782,1,NVIDIA A100-SXM-64GB,176.20,31922,100
10154,2026-05-18 13:04:31.740846,2026/05/18 13:04:31.788,2,NVIDIA A100-SXM-64GB,179.82,31912,100
10155,2026-05-18 13:04:31.740846,2026/05/18 13:04:31.790,3,NVIDIA A100-SXM-64GB,185.93,31846,100
10156,2026-05-18 13:04:36.840168,2026/05/18 13:04:36.897,0,NVIDIA A100-SXM-64GB,215.70,31904,98
10157,2026-05-18 13:04:36.840168,2026/05/18 13:04:36.900,1,NVIDIA A100-SXM-64GB,186.62,31922,100
10158,2026-05-18 13:04:36.840168,2026/05/18 13:04:36.903,2,NVIDIA A100-SXM-64GB,232.30,31912,98
10159,2026-05-18 13:04:36.840168,2026/05/18 13:04:36.905,3,NVIDIA A100-SXM-64GB,217.18,31846,98
10160,2026-05-18 13:04:41.954221,2026/05/18 13:04:41.993,0,NVIDIA A100-SXM-64GB,177.13,31904,100
10161,2026-05-18 13:04:41.954221,2026/05/18 13:04:41.997,1,NVIDIA A100-SXM-64GB,186.29,31922,100
10162,2026-05-18 13:04:41.954221,2026/05/18 13:04:42.000,2,NVIDIA A100-SXM-64GB,191.57,31912,100
10163,2026-05-18 13:04:41.954221,2026/05/18 13:04:42.002,3,NVIDIA A100-SXM-64GB,183.51,31846,100
10164,2026-05-18 13:04:47.051425,2026/05/18 13:04:47.091,0,NVIDIA A100-SXM-64GB,148.72,31904,100
10165,2026-05-18 13:04:47.051425,2026/05/18 13:04:47.093,1,NVIDIA A100-SXM-64GB,138.76,31922,97
10166,2026-05-18 13:04:47.051425,2026/05/18 13:04:47.096,2,NVIDIA A100-SXM-64GB,146.75,31912,100
10167,2026-05-18 13:04:47.051425,2026/05/18 13:04:47.099,3,NVIDIA A100-SXM-64GB,144.15,31846,100
10168,2026-05-18 13:04:52.150163,2026/05/18 13:04:52.190,0,NVIDIA A100-SXM-64GB,181.08,31904,100
10169,2026-05-18 13:04:52.150163,2026/05/18 13:04:52.193,1,NVIDIA A100-SXM-64GB,167.97,31922,100
10170,2026-05-18 13:04:52.150163,2026/05/18 13:04:52.196,2,NVIDIA A100-SXM-64GB,175.86,31912,100
10171,2026-05-18 13:04:52.150163,2026/05/18 13:04:52.198,3,NVIDIA A100-SXM-64GB,181.03,31846,100
10172,2026-05-18 13:04:57.247627,2026/05/18 13:04:57.287,0,NVIDIA A100-SXM-64GB,179.60,31904,100
10173,2026-05-18 13:04:57.247627,2026/05/18 13:04:57.289,1,NVIDIA A100-SXM-64GB,167.64,31922,100
10174,2026-05-18 13:04:57.247627,2026/05/18 13:04:57.292,2,NVIDIA A100-SXM-64GB,175.26,31912,100
10175,2026-05-18 13:04:57.247627,2026/05/18 13:04:57.297,3,NVIDIA A100-SXM-64GB,161.00,31846,100
10176,2026-05-18 13:05:02.345804,2026/05/18 13:05:02.385,0,NVIDIA A100-SXM-64GB,190.57,31904,100
10177,2026-05-18 13:05:02.345804,2026/05/18 13:05:02.387,1,NVIDIA A100-SXM-64GB,187.23,31922,100
10178,2026-05-18 13:05:02.345804,2026/05/18 13:05:02.392,2,NVIDIA A100-SXM-64GB,175.95,31912,100
10179,2026-05-18 13:05:02.345804,2026/05/18 13:05:02.395,3,NVIDIA A100-SXM-64GB,173.38,31846,100
10180,2026-05-18 13:05:07.444060,2026/05/18 13:05:07.483,0,NVIDIA A100-SXM-64GB,152.39,31904,97
10181,2026-05-18 13:05:07.444060,2026/05/18 13:05:07.485,1,NVIDIA A100-SXM-64GB,147.05,31922,100
10182,2026-05-18 13:05:07.444060,2026/05/18 13:05:07.488,2,NVIDIA A100-SXM-64GB,149.78,31912,97
10183,2026-05-18 13:05:07.444060,2026/05/18 13:05:07.491,3,NVIDIA A100-SXM-64GB,141.07,31846,97
10184,2026-05-18 13:05:12.540285,2026/05/18 13:05:12.580,0,NVIDIA A100-SXM-64GB,149.47,31904,99
10185,2026-05-18 13:05:12.540285,2026/05/18 13:05:12.584,1,NVIDIA A100-SXM-64GB,133.00,31922,100
10186,2026-05-18 13:05:12.540285,2026/05/18 13:05:12.587,2,NVIDIA A100-SXM-64GB,138.45,31912,99
10187,2026-05-18 13:05:12.540285,2026/05/18 13:05:12.589,3,NVIDIA A100-SXM-64GB,140.13,31846,98
10188,2026-05-18 13:05:17.639002,2026/05/18 13:05:17.678,0,NVIDIA A100-SXM-64GB,148.44,31904,98
10189,2026-05-18 13:05:17.639002,2026/05/18 13:05:17.680,1,NVIDIA A100-SXM-64GB,143.98,31922,100
10190,2026-05-18 13:05:17.639002,2026/05/18 13:05:17.683,2,NVIDIA A100-SXM-64GB,153.47,31912,98
10191,2026-05-18 13:05:17.639002,2026/05/18 13:05:17.688,3,NVIDIA A100-SXM-64GB,146.90,31846,98
10192,2026-05-18 13:05:22.737802,2026/05/18 13:05:22.782,0,NVIDIA A100-SXM-64GB,165.50,31904,100
10193,2026-05-18 13:05:22.737802,2026/05/18 13:05:22.789,1,NVIDIA A100-SXM-64GB,174.72,31922,100
10194,2026-05-18 13:05:22.737802,2026/05/18 13:05:22.792,2,NVIDIA A100-SXM-64GB,169.09,31912,100
10195,2026-05-18 13:05:22.737802,2026/05/18 13:05:22.794,3,NVIDIA A100-SXM-64GB,175.10,31846,100
10196,2026-05-18 13:05:27.843593,2026/05/18 13:05:27.883,0,NVIDIA A100-SXM-64GB,152.06,31904,100
10197,2026-05-18 13:05:27.843593,2026/05/18 13:05:27.885,1,NVIDIA A100-SXM-64GB,147.99,31922,98
10198,2026-05-18 13:05:27.843593,2026/05/18 13:05:27.888,2,NVIDIA A100-SXM-64GB,149.50,31912,100
10199,2026-05-18 13:05:27.843593,2026/05/18 13:05:27.890,3,NVIDIA A100-SXM-64GB,146.90,31846,100
10200,2026-05-18 13:05:32.939610,2026/05/18 13:05:32.979,0,NVIDIA A100-SXM-64GB,175.59,31904,100
10201,2026-05-18 13:05:32.939610,2026/05/18 13:05:32.983,1,NVIDIA A100-SXM-64GB,145.19,31922,100
10202,2026-05-18 13:05:32.939610,2026/05/18 13:05:32.985,2,NVIDIA A100-SXM-64GB,179.31,31912,100
10203,2026-05-18 13:05:32.939610,2026/05/18 13:05:32.988,3,NVIDIA A100-SXM-64GB,167.11,31846,100
10204,2026-05-18 13:05:38.037672,2026/05/18 13:05:38.077,0,NVIDIA A100-SXM-64GB,153.32,31904,100
10205,2026-05-18 13:05:38.037672,2026/05/18 13:05:38.080,1,NVIDIA A100-SXM-64GB,144.31,31922,98
10206,2026-05-18 13:05:38.037672,2026/05/18 13:05:38.082,2,NVIDIA A100-SXM-64GB,150.43,31912,100
10207,2026-05-18 13:05:38.037672,2026/05/18 13:05:38.085,3,NVIDIA A100-SXM-64GB,135.83,31846,100
10208,2026-05-18 13:05:43.134036,2026/05/18 13:05:43.173,0,NVIDIA A100-SXM-64GB,153.00,31904,98
10209,2026-05-18 13:05:43.134036,2026/05/18 13:05:43.176,1,NVIDIA A100-SXM-64GB,143.38,31922,97
10210,2026-05-18 13:05:43.134036,2026/05/18 13:05:43.179,2,NVIDIA A100-SXM-64GB,149.18,31912,100
10211,2026-05-18 13:05:43.134036,2026/05/18 13:05:43.182,3,NVIDIA A100-SXM-64GB,145.03,31846,97
10212,2026-05-18 13:05:48.231247,2026/05/18 13:05:48.270,0,NVIDIA A100-SXM-64GB,159.41,31904,98
10213,2026-05-18 13:05:48.231247,2026/05/18 13:05:48.274,1,NVIDIA A100-SXM-64GB,146.12,31922,98
10214,2026-05-18 13:05:48.231247,2026/05/18 13:05:48.277,2,NVIDIA A100-SXM-64GB,151.04,31912,98
10215,2026-05-18 13:05:48.231247,2026/05/18 13:05:48.279,3,NVIDIA A100-SXM-64GB,141.67,31846,98
10216,2026-05-18 13:05:53.328872,2026/05/18 13:05:53.368,0,NVIDIA A100-SXM-64GB,157.27,31904,97
10217,2026-05-18 13:05:53.328872,2026/05/18 13:05:53.371,1,NVIDIA A100-SXM-64GB,147.99,31922,97
10218,2026-05-18 13:05:53.328872,2026/05/18 13:05:53.373,2,NVIDIA A100-SXM-64GB,148.29,31912,97
10219,2026-05-18 13:05:53.328872,2026/05/18 13:05:53.376,3,NVIDIA A100-SXM-64GB,146.90,31846,97
10220,2026-05-18 13:05:59.369159,2026/05/18 13:05:59.408,0,NVIDIA A100-SXM-64GB,168.13,31904,100
10221,2026-05-18 13:05:59.369159,2026/05/18 13:05:59.411,1,NVIDIA A100-SXM-64GB,145.98,31922,100
10222,2026-05-18 13:05:59.369159,2026/05/18 13:05:59.415,2,NVIDIA A100-SXM-64GB,157.93,31912,100
10223,2026-05-18 13:05:59.369159,2026/05/18 13:05:59.418,3,NVIDIA A100-SXM-64GB,168.49,31846,100
10224,2026-05-18 13:06:04.468246,2026/05/18 13:06:04.508,0,NVIDIA A100-SXM-64GB,153.32,31904,100
10225,2026-05-18 13:06:04.468246,2026/05/18 13:06:04.511,1,NVIDIA A100-SXM-64GB,142.90,31922,98
10226,2026-05-18 13:06:04.468246,2026/05/18 13:06:04.513,2,NVIDIA A100-SXM-64GB,149.02,31912,100
10227,2026-05-18 13:06:04.468246,2026/05/18 13:06:04.516,3,NVIDIA A100-SXM-64GB,142.61,31846,100
10228,2026-05-18 13:06:09.564954,2026/05/18 13:06:09.604,0,NVIDIA A100-SXM-64GB,167.46,31904,100
10229,2026-05-18 13:06:09.564954,2026/05/18 13:06:09.606,1,NVIDIA A100-SXM-64GB,157.00,31922,100
10230,2026-05-18 13:06:09.564954,2026/05/18 13:06:09.609,2,NVIDIA A100-SXM-64GB,177.22,31912,100
10231,2026-05-18 13:06:09.564954,2026/05/18 13:06:09.611,3,NVIDIA A100-SXM-64GB,150.72,31846,100
10232,2026-05-18 13:06:14.660218,2026/05/18 13:06:14.699,0,NVIDIA A100-SXM-64GB,198.92,31904,100
10233,2026-05-18 13:06:14.660218,2026/05/18 13:06:14.701,1,NVIDIA A100-SXM-64GB,173.18,31922,100
10234,2026-05-18 13:06:14.660218,2026/05/18 13:06:14.704,2,NVIDIA A100-SXM-64GB,184.25,31912,100
10235,2026-05-18 13:06:14.660218,2026/05/18 13:06:14.706,3,NVIDIA A100-SXM-64GB,176.74,31846,100
10236,2026-05-18 13:06:19.755397,2026/05/18 13:06:19.807,0,NVIDIA A100-SXM-64GB,147.02,31904,100
10237,2026-05-18 13:06:19.755397,2026/05/18 13:06:19.812,1,NVIDIA A100-SXM-64GB,129.46,31922,97
10238,2026-05-18 13:06:19.755397,2026/05/18 13:06:19.815,2,NVIDIA A100-SXM-64GB,139.23,31912,100
10239,2026-05-18 13:06:19.755397,2026/05/18 13:06:19.817,3,NVIDIA A100-SXM-64GB,217.90,31846,100
10240,2026-05-18 13:06:24.866585,2026/05/18 13:06:24.906,0,NVIDIA A100-SXM-64GB,187.96,31904,100
10241,2026-05-18 13:06:24.866585,2026/05/18 13:06:24.909,1,NVIDIA A100-SXM-64GB,176.95,31922,100
10242,2026-05-18 13:06:24.866585,2026/05/18 13:06:24.913,2,NVIDIA A100-SXM-64GB,173.21,31912,100
10243,2026-05-18 13:06:24.866585,2026/05/18 13:06:24.916,3,NVIDIA A100-SXM-64GB,182.99,31846,100
10244,2026-05-18 13:06:29.967630,2026/05/18 13:06:30.007,0,NVIDIA A100-SXM-64GB,153.32,31904,97
10245,2026-05-18 13:06:29.967630,2026/05/18 13:06:30.010,1,NVIDIA A100-SXM-64GB,143.23,31922,97
10246,2026-05-18 13:06:29.967630,2026/05/18 13:06:30.013,2,NVIDIA A100-SXM-64GB,149.95,31912,97
10247,2026-05-18 13:06:29.967630,2026/05/18 13:06:30.017,3,NVIDIA A100-SXM-64GB,141.67,31846,97
10248,2026-05-18 13:06:35.066662,2026/05/18 13:06:35.106,0,NVIDIA A100-SXM-64GB,187.63,31904,100
10249,2026-05-18 13:06:35.066662,2026/05/18 13:06:35.109,1,NVIDIA A100-SXM-64GB,176.67,31922,100
10250,2026-05-18 13:06:35.066662,2026/05/18 13:06:35.111,2,NVIDIA A100-SXM-64GB,178.43,31912,100
10251,2026-05-18 13:06:35.066662,2026/05/18 13:06:35.114,3,NVIDIA A100-SXM-64GB,162.48,31846,100
10252,2026-05-18 13:06:40.162910,2026/05/18 13:06:40.202,0,NVIDIA A100-SXM-64GB,183.69,31904,100
10253,2026-05-18 13:06:40.162910,2026/05/18 13:06:40.208,1,NVIDIA A100-SXM-64GB,161.88,31922,100
10254,2026-05-18 13:06:40.162910,2026/05/18 13:06:40.210,2,NVIDIA A100-SXM-64GB,166.50,31912,100
10255,2026-05-18 13:06:40.162910,2026/05/18 13:06:40.213,3,NVIDIA A100-SXM-64GB,179.21,31846,100
10256,2026-05-18 13:06:45.262723,2026/05/18 13:06:45.302,0,NVIDIA A100-SXM-64GB,173.88,31904,100
10257,2026-05-18 13:06:45.262723,2026/05/18 13:06:45.307,1,NVIDIA A100-SXM-64GB,167.04,31922,100
10258,2026-05-18 13:06:45.262723,2026/05/18 13:06:45.309,2,NVIDIA A100-SXM-64GB,156.39,31912,100
10259,2026-05-18 13:06:45.262723,2026/05/18 13:06:45.312,3,NVIDIA A100-SXM-64GB,178.61,31846,100
10260,2026-05-18 13:06:50.361606,2026/05/18 13:06:50.401,0,NVIDIA A100-SXM-64GB,145.04,31904,98
10261,2026-05-18 13:06:50.361606,2026/05/18 13:06:50.404,1,NVIDIA A100-SXM-64GB,131.93,31922,100
10262,2026-05-18 13:06:50.361606,2026/05/18 13:06:50.406,2,NVIDIA A100-SXM-64GB,136.96,31912,98
10263,2026-05-18 13:06:50.361606,2026/05/18 13:06:50.409,3,NVIDIA A100-SXM-64GB,144.15,31846,100
10264,2026-05-18 13:06:55.458061,2026/05/18 13:06:55.497,0,NVIDIA A100-SXM-64GB,151.63,31904,98
10265,2026-05-18 13:06:55.458061,2026/05/18 13:06:55.500,1,NVIDIA A100-SXM-64GB,146.90,31922,100
10266,2026-05-18 13:06:55.458061,2026/05/18 13:06:55.503,2,NVIDIA A100-SXM-64GB,148.41,31912,98
10267,2026-05-18 13:06:55.458061,2026/05/18 13:06:55.507,3,NVIDIA A100-SXM-64GB,148.57,31846,100
10268,2026-05-18 13:07:00.557683,2026/05/18 13:07:00.597,0,NVIDIA A100-SXM-64GB,183.03,31904,100
10269,2026-05-18 13:07:00.557683,2026/05/18 13:07:00.600,1,NVIDIA A100-SXM-64GB,187.31,31922,100
10270,2026-05-18 13:07:00.557683,2026/05/18 13:07:00.603,2,NVIDIA A100-SXM-64GB,178.10,31912,100
10271,2026-05-18 13:07:00.557683,2026/05/18 13:07:00.606,3,NVIDIA A100-SXM-64GB,168.15,31846,100
10272,2026-05-18 13:07:05.655133,2026/05/18 13:07:05.694,0,NVIDIA A100-SXM-64GB,161.55,31904,100
10273,2026-05-18 13:07:05.655133,2026/05/18 13:07:05.697,1,NVIDIA A100-SXM-64GB,145.04,31922,100
10274,2026-05-18 13:07:05.655133,2026/05/18 13:07:05.699,2,NVIDIA A100-SXM-64GB,160.07,31912,100
10275,2026-05-18 13:07:05.655133,2026/05/18 13:07:05.702,3,NVIDIA A100-SXM-64GB,153.79,31846,100
10276,2026-05-18 13:07:10.755312,2026/05/18 13:07:10.795,0,NVIDIA A100-SXM-64GB,194.05,31904,100
10277,2026-05-18 13:07:10.755312,2026/05/18 13:07:10.800,1,NVIDIA A100-SXM-64GB,163.09,31922,100
10278,2026-05-18 13:07:10.755312,2026/05/18 13:07:10.803,2,NVIDIA A100-SXM-64GB,194.04,31912,100
10279,2026-05-18 13:07:10.755312,2026/05/18 13:07:10.805,3,NVIDIA A100-SXM-64GB,182.57,31846,100
10280,2026-05-18 13:07:15.855101,2026/05/18 13:07:15.894,0,NVIDIA A100-SXM-64GB,156.67,31904,100
10281,2026-05-18 13:07:15.855101,2026/05/18 13:07:15.897,1,NVIDIA A100-SXM-64GB,148.44,31922,100
10282,2026-05-18 13:07:15.855101,2026/05/18 13:07:15.902,2,NVIDIA A100-SXM-64GB,171.39,31912,100
10283,2026-05-18 13:07:15.855101,2026/05/18 13:07:15.904,3,NVIDIA A100-SXM-64GB,153.79,31846,100
10284,2026-05-18 13:07:20.953814,2026/05/18 13:07:20.993,0,NVIDIA A100-SXM-64GB,156.67,31904,100
10285,2026-05-18 13:07:20.953814,2026/05/18 13:07:20.996,1,NVIDIA A100-SXM-64GB,145.52,31922,100
10286,2026-05-18 13:07:20.953814,2026/05/18 13:07:20.998,2,NVIDIA A100-SXM-64GB,151.32,31912,100
10287,2026-05-18 13:07:20.953814,2026/05/18 13:07:21.001,3,NVIDIA A100-SXM-64GB,142.00,31846,100
10288,2026-05-18 13:07:26.052484,2026/05/18 13:07:26.092,0,NVIDIA A100-SXM-64GB,158.48,31904,97
10289,2026-05-18 13:07:26.052484,2026/05/18 13:07:26.094,1,NVIDIA A100-SXM-64GB,146.57,31922,97
10290,2026-05-18 13:07:26.052484,2026/05/18 13:07:26.097,2,NVIDIA A100-SXM-64GB,148.57,31912,97
10291,2026-05-18 13:07:26.052484,2026/05/18 13:07:26.100,3,NVIDIA A100-SXM-64GB,144.42,31846,97
10292,2026-05-18 13:07:31.151264,2026/05/18 13:07:31.190,0,NVIDIA A100-SXM-64GB,160.02,31904,100
10293,2026-05-18 13:07:31.151264,2026/05/18 13:07:31.192,1,NVIDIA A100-SXM-64GB,139.09,31922,100
10294,2026-05-18 13:07:31.151264,2026/05/18 13:07:31.195,2,NVIDIA A100-SXM-64GB,152.26,31912,100
10295,2026-05-18 13:07:31.151264,2026/05/18 13:07:31.197,3,NVIDIA A100-SXM-64GB,145.36,31846,55
10296,2026-05-18 13:07:36.248782,2026/05/18 13:07:36.288,0,NVIDIA A100-SXM-64GB,157.27,31904,97
10297,2026-05-18 13:07:36.248782,2026/05/18 13:07:36.293,1,NVIDIA A100-SXM-64GB,143.71,31922,99
10298,2026-05-18 13:07:36.248782,2026/05/18 13:07:36.296,2,NVIDIA A100-SXM-64GB,149.18,31912,100
10299,2026-05-18 13:07:36.248782,2026/05/18 13:07:36.298,3,NVIDIA A100-SXM-64GB,146.29,31846,99
10300,2026-05-18 13:07:41.351470,2026/05/18 13:07:41.403,0,NVIDIA A100-SXM-64GB,201.06,31904,100
10301,2026-05-18 13:07:41.351470,2026/05/18 13:07:41.405,1,NVIDIA A100-SXM-64GB,140.91,31922,100
10302,2026-05-18 13:07:41.351470,2026/05/18 13:07:41.408,2,NVIDIA A100-SXM-64GB,162.99,31912,100
10303,2026-05-18 13:07:41.351470,2026/05/18 13:07:41.410,3,NVIDIA A100-SXM-64GB,167.45,31846,100
10304,2026-05-18 13:07:46.459802,2026/05/18 13:07:46.499,0,NVIDIA A100-SXM-64GB,144.43,31904,98
10305,2026-05-18 13:07:46.459802,2026/05/18 13:07:46.502,1,NVIDIA A100-SXM-64GB,141.09,31922,98
10306,2026-05-18 13:07:46.459802,2026/05/18 13:07:46.504,2,NVIDIA A100-SXM-64GB,144.88,31912,98
10307,2026-05-18 13:07:46.459802,2026/05/18 13:07:46.507,3,NVIDIA A100-SXM-64GB,143.67,31846,98
10308,2026-05-18 13:07:51.557619,2026/05/18 13:07:51.597,0,NVIDIA A100-SXM-64GB,129.59,31904,100
10309,2026-05-18 13:07:51.557619,2026/05/18 13:07:51.599,1,NVIDIA A100-SXM-64GB,94.88,31922,98
10310,2026-05-18 13:07:51.557619,2026/05/18 13:07:51.604,2,NVIDIA A100-SXM-64GB,110.05,31912,100
10311,2026-05-18 13:07:51.557619,2026/05/18 13:07:51.607,3,NVIDIA A100-SXM-64GB,104.65,31846,98
10312,2026-05-18 13:07:56.657781,2026/05/18 13:07:56.697,0,NVIDIA A100-SXM-64GB,179.27,31904,100
10313,2026-05-18 13:07:56.657781,2026/05/18 13:07:56.701,1,NVIDIA A100-SXM-64GB,157.00,31922,100
10314,2026-05-18 13:07:56.657781,2026/05/18 13:07:56.704,2,NVIDIA A100-SXM-64GB,153.19,31912,100
10315,2026-05-18 13:07:56.657781,2026/05/18 13:07:56.707,3,NVIDIA A100-SXM-64GB,161.94,31846,100
10316,2026-05-18 13:08:01.757049,2026/05/18 13:08:01.808,0,NVIDIA A100-SXM-64GB,167.46,31904,100
10317,2026-05-18 13:08:01.757049,2026/05/18 13:08:01.811,1,NVIDIA A100-SXM-64GB,178.94,31922,100
10318,2026-05-18 13:08:01.757049,2026/05/18 13:08:01.815,2,NVIDIA A100-SXM-64GB,183.60,31912,100
10319,2026-05-18 13:08:01.757049,2026/05/18 13:08:01.818,3,NVIDIA A100-SXM-64GB,150.11,31846,100
10320,2026-05-18 13:08:06.867246,2026/05/18 13:08:06.906,0,NVIDIA A100-SXM-64GB,172.67,31904,100
10321,2026-05-18 13:08:06.867246,2026/05/18 13:08:06.908,1,NVIDIA A100-SXM-64GB,165.50,31922,100
10322,2026-05-18 13:08:06.867246,2026/05/18 13:08:06.914,2,NVIDIA A100-SXM-64GB,175.95,31912,100
10323,2026-05-18 13:08:06.867246,2026/05/18 13:08:06.917,3,NVIDIA A100-SXM-64GB,184.11,31846,100
10324,2026-05-18 13:08:11.966107,2026/05/18 13:08:12.006,0,NVIDIA A100-SXM-64GB,82.53,31904,0
10325,2026-05-18 13:08:11.966107,2026/05/18 13:08:12.009,1,NVIDIA A100-SXM-64GB,72.16,31922,0
10326,2026-05-18 13:08:11.966107,2026/05/18 13:08:12.013,2,NVIDIA A100-SXM-64GB,77.89,31912,0
10327,2026-05-18 13:08:11.966107,2026/05/18 13:08:12.016,3,NVIDIA A100-SXM-64GB,77.03,31846,0
10328,2026-05-18 13:08:17.075119,2026/05/18 13:08:17.114,0,NVIDIA A100-SXM-64GB,81.93,31904,0
10329,2026-05-18 13:08:17.075119,2026/05/18 13:08:17.117,1,NVIDIA A100-SXM-64GB,72.16,31922,0
10330,2026-05-18 13:08:17.075119,2026/05/18 13:08:17.119,2,NVIDIA A100-SXM-64GB,77.81,31912,0
10331,2026-05-18 13:08:17.075119,2026/05/18 13:08:17.121,3,NVIDIA A100-SXM-64GB,76.68,31846,0
