,script_timestamp,nvidia_timestamp,gpu_index,gpu_name,power_draw_watts,memory_used_MiB,utilization_percent
0,2026-05-18 17:46:06.290779,2026/05/18 17:46:06.327,0,NVIDIA A100-SXM-64GB,60.78,0,0
1,2026-05-18 17:46:06.290779,2026/05/18 17:46:06.332,1,NVIDIA A100-SXM-64GB,62.32,0,0
2,2026-05-18 17:46:06.290779,2026/05/18 17:46:06.335,2,NVIDIA A100-SXM-64GB,61.64,0,0
3,2026-05-18 17:46:06.290779,2026/05/18 17:46:06.337,3,NVIDIA A100-SXM-64GB,62.49,0,0
4,2026-05-18 17:46:11.360810,2026/05/18 17:46:11.418,0,NVIDIA A100-SXM-64GB,60.84,0,0
5,2026-05-18 17:46:11.360810,2026/05/18 17:46:11.421,1,NVIDIA A100-SXM-64GB,62.66,0,0
6,2026-05-18 17:46:11.360810,2026/05/18 17:46:11.424,2,NVIDIA A100-SXM-64GB,61.64,0,0
7,2026-05-18 17:46:11.360810,2026/05/18 17:46:11.428,3,NVIDIA A100-SXM-64GB,62.43,0,0
8,2026-05-18 17:46:16.450001,2026/05/18 17:46:16.519,0,NVIDIA A100-SXM-64GB,60.84,0,0
9,2026-05-18 17:46:16.450001,2026/05/18 17:46:16.522,1,NVIDIA A100-SXM-64GB,62.32,0,0
10,2026-05-18 17:46:16.450001,2026/05/18 17:46:16.525,2,NVIDIA A100-SXM-64GB,61.64,0,0
11,2026-05-18 17:46:16.450001,2026/05/18 17:46:16.527,3,NVIDIA A100-SXM-64GB,62.49,0,0
12,2026-05-18 17:46:21.546719,2026/05/18 17:46:21.655,0,NVIDIA A100-SXM-64GB,60.78,0,0
13,2026-05-18 17:46:21.546719,2026/05/18 17:46:21.664,1,NVIDIA A100-SXM-64GB,62.32,0,0
14,2026-05-18 17:46:21.546719,2026/05/18 17:46:21.690,2,NVIDIA A100-SXM-64GB,61.64,0,0
15,2026-05-18 17:46:21.546719,2026/05/18 17:46:21.708,3,NVIDIA A100-SXM-64GB,62.71,0,0
16,2026-05-18 17:46:26.757139,2026/05/18 17:46:26.868,0,NVIDIA A100-SXM-64GB,60.84,0,0
17,2026-05-18 17:46:26.757139,2026/05/18 17:46:26.887,1,NVIDIA A100-SXM-64GB,62.32,0,0
18,2026-05-18 17:46:26.757139,2026/05/18 17:46:26.895,2,NVIDIA A100-SXM-64GB,61.64,0,0
19,2026-05-18 17:46:26.757139,2026/05/18 17:46:26.911,3,NVIDIA A100-SXM-64GB,62.77,0,0
20,2026-05-18 17:46:31.948709,2026/05/18 17:46:32.058,0,NVIDIA A100-SXM-64GB,60.78,0,0
21,2026-05-18 17:46:31.948709,2026/05/18 17:46:32.067,1,NVIDIA A100-SXM-64GB,62.32,0,0
22,2026-05-18 17:46:31.948709,2026/05/18 17:46:32.086,2,NVIDIA A100-SXM-64GB,61.64,0,0
23,2026-05-18 17:46:31.948709,2026/05/18 17:46:32.094,3,NVIDIA A100-SXM-64GB,62.49,0,0
24,2026-05-18 17:46:37.144582,2026/05/18 17:46:37.251,0,NVIDIA A100-SXM-64GB,60.78,0,0
25,2026-05-18 17:46:37.144582,2026/05/18 17:46:37.257,1,NVIDIA A100-SXM-64GB,62.32,0,0
26,2026-05-18 17:46:37.144582,2026/05/18 17:46:37.263,2,NVIDIA A100-SXM-64GB,61.64,0,0
27,2026-05-18 17:46:37.144582,2026/05/18 17:46:37.277,3,NVIDIA A100-SXM-64GB,62.77,0,0
28,2026-05-18 17:46:42.340048,2026/05/18 17:46:42.446,0,NVIDIA A100-SXM-64GB,60.78,0,0
29,2026-05-18 17:46:42.340048,2026/05/18 17:46:42.457,1,NVIDIA A100-SXM-64GB,62.32,0,0
30,2026-05-18 17:46:42.340048,2026/05/18 17:46:42.467,2,NVIDIA A100-SXM-64GB,61.64,0,0
31,2026-05-18 17:46:42.340048,2026/05/18 17:46:42.471,3,NVIDIA A100-SXM-64GB,62.71,0,0
32,2026-05-18 17:46:47.549774,2026/05/18 17:46:47.661,0,NVIDIA A100-SXM-64GB,60.78,0,0
33,2026-05-18 17:46:47.549774,2026/05/18 17:46:47.668,1,NVIDIA A100-SXM-64GB,62.32,0,0
34,2026-05-18 17:46:47.549774,2026/05/18 17:46:47.681,2,NVIDIA A100-SXM-64GB,61.64,0,0
35,2026-05-18 17:46:47.549774,2026/05/18 17:46:47.702,3,NVIDIA A100-SXM-64GB,62.43,0,0
36,2026-05-18 17:46:52.741208,2026/05/18 17:46:52.854,0,NVIDIA A100-SXM-64GB,60.78,0,0
37,2026-05-18 17:46:52.741208,2026/05/18 17:46:52.858,1,NVIDIA A100-SXM-64GB,62.32,0,0
38,2026-05-18 17:46:52.741208,2026/05/18 17:46:52.875,2,NVIDIA A100-SXM-64GB,61.64,0,0
39,2026-05-18 17:46:52.741208,2026/05/18 17:46:52.889,3,NVIDIA A100-SXM-64GB,62.71,0,0
40,2026-05-18 17:46:57.931589,2026/05/18 17:46:58.045,0,NVIDIA A100-SXM-64GB,60.78,0,0
41,2026-05-18 17:46:57.931589,2026/05/18 17:46:58.048,1,NVIDIA A100-SXM-64GB,62.32,0,0
42,2026-05-18 17:46:57.931589,2026/05/18 17:46:58.069,2,NVIDIA A100-SXM-64GB,61.64,0,0
43,2026-05-18 17:46:57.931589,2026/05/18 17:46:58.083,3,NVIDIA A100-SXM-64GB,62.71,0,0
44,2026-05-18 17:47:03.134356,2026/05/18 17:47:03.251,0,NVIDIA A100-SXM-64GB,60.78,0,0
45,2026-05-18 17:47:03.134356,2026/05/18 17:47:03.260,1,NVIDIA A100-SXM-64GB,62.66,0,0
46,2026-05-18 17:47:03.134356,2026/05/18 17:47:03.273,2,NVIDIA A100-SXM-64GB,61.64,0,0
47,2026-05-18 17:47:03.134356,2026/05/18 17:47:03.286,3,NVIDIA A100-SXM-64GB,62.77,0,0
48,2026-05-18 17:47:08.347094,2026/05/18 17:47:08.456,0,NVIDIA A100-SXM-64GB,60.78,0,0
49,2026-05-18 17:47:08.347094,2026/05/18 17:47:08.462,1,NVIDIA A100-SXM-64GB,62.59,0,0
50,2026-05-18 17:47:08.347094,2026/05/18 17:47:08.478,2,NVIDIA A100-SXM-64GB,61.64,0,0
51,2026-05-18 17:47:08.347094,2026/05/18 17:47:08.491,3,NVIDIA A100-SXM-64GB,62.71,0,0
52,2026-05-18 17:47:13.543189,2026/05/18 17:47:13.652,0,NVIDIA A100-SXM-64GB,60.78,4,0
53,2026-05-18 17:47:13.543189,2026/05/18 17:47:13.661,1,NVIDIA A100-SXM-64GB,62.32,4,0
54,2026-05-18 17:47:13.543189,2026/05/18 17:47:13.680,2,NVIDIA A100-SXM-64GB,61.64,4,0
55,2026-05-18 17:47:13.543189,2026/05/18 17:47:13.685,3,NVIDIA A100-SXM-64GB,62.43,4,0
56,2026-05-18 17:47:18.743526,2026/05/18 17:47:18.855,0,NVIDIA A100-SXM-64GB,60.78,4,0
57,2026-05-18 17:47:18.743526,2026/05/18 17:47:18.862,1,NVIDIA A100-SXM-64GB,62.66,4,0
58,2026-05-18 17:47:18.743526,2026/05/18 17:47:18.883,2,NVIDIA A100-SXM-64GB,61.64,4,0
59,2026-05-18 17:47:18.743526,2026/05/18 17:47:18.892,3,NVIDIA A100-SXM-64GB,62.71,4,0
60,2026-05-18 17:47:23.940405,2026/05/18 17:47:24.058,0,NVIDIA A100-SXM-64GB,60.78,4,0
61,2026-05-18 17:47:23.940405,2026/05/18 17:47:24.067,1,NVIDIA A100-SXM-64GB,62.32,4,0
62,2026-05-18 17:47:23.940405,2026/05/18 17:47:24.075,2,NVIDIA A100-SXM-64GB,61.64,4,0
63,2026-05-18 17:47:23.940405,2026/05/18 17:47:24.098,3,NVIDIA A100-SXM-64GB,62.43,4,0
64,2026-05-18 17:47:29.132861,2026/05/18 17:47:29.241,0,NVIDIA A100-SXM-64GB,60.78,4,0
65,2026-05-18 17:47:29.132861,2026/05/18 17:47:29.254,1,NVIDIA A100-SXM-64GB,76.11,480,0
66,2026-05-18 17:47:29.132861,2026/05/18 17:47:29.274,2,NVIDIA A100-SXM-64GB,75.13,480,0
67,2026-05-18 17:47:29.132861,2026/05/18 17:47:29.298,3,NVIDIA A100-SXM-64GB,75.97,480,0
68,2026-05-18 17:47:34.331224,2026/05/18 17:47:34.429,0,NVIDIA A100-SXM-64GB,60.78,4,0
69,2026-05-18 17:47:34.331224,2026/05/18 17:47:34.433,1,NVIDIA A100-SXM-64GB,76.11,480,0
70,2026-05-18 17:47:34.331224,2026/05/18 17:47:34.465,2,NVIDIA A100-SXM-64GB,75.33,480,0
71,2026-05-18 17:47:34.331224,2026/05/18 17:47:34.474,3,NVIDIA A100-SXM-64GB,75.97,480,0
72,2026-05-18 17:47:39.546184,2026/05/18 17:47:39.656,0,NVIDIA A100-SXM-64GB,60.78,4,0
73,2026-05-18 17:47:39.546184,2026/05/18 17:47:39.659,1,NVIDIA A100-SXM-64GB,76.03,480,0
74,2026-05-18 17:47:39.546184,2026/05/18 17:47:39.675,2,NVIDIA A100-SXM-64GB,74.72,480,0
75,2026-05-18 17:47:39.546184,2026/05/18 17:47:39.712,3,NVIDIA A100-SXM-64GB,76.24,480,0
76,2026-05-18 17:47:44.753465,2026/05/18 17:47:44.875,0,NVIDIA A100-SXM-64GB,74.49,1332,0
77,2026-05-18 17:47:44.753465,2026/05/18 17:47:44.878,1,NVIDIA A100-SXM-64GB,76.03,1332,0
78,2026-05-18 17:47:44.753465,2026/05/18 17:47:44.893,2,NVIDIA A100-SXM-64GB,75.06,1332,0
79,2026-05-18 17:47:44.753465,2026/05/18 17:47:44.910,3,NVIDIA A100-SXM-64GB,76.24,1332,0
80,2026-05-18 17:47:49.948467,2026/05/18 17:47:50.051,0,NVIDIA A100-SXM-64GB,83.65,2444,2
81,2026-05-18 17:47:49.948467,2026/05/18 17:47:50.054,1,NVIDIA A100-SXM-64GB,76.36,2452,2
82,2026-05-18 17:47:49.948467,2026/05/18 17:47:50.075,2,NVIDIA A100-SXM-64GB,83.91,2472,2
83,2026-05-18 17:47:49.948467,2026/05/18 17:47:50.083,3,NVIDIA A100-SXM-64GB,84.87,2424,2
84,2026-05-18 17:47:55.159017,2026/05/18 17:47:55.265,0,NVIDIA A100-SXM-64GB,83.38,2504,2
85,2026-05-18 17:47:55.159017,2026/05/18 17:47:55.274,1,NVIDIA A100-SXM-64GB,76.36,2512,2
86,2026-05-18 17:47:55.159017,2026/05/18 17:47:55.285,2,NVIDIA A100-SXM-64GB,83.91,2532,2
87,2026-05-18 17:47:55.159017,2026/05/18 17:47:55.303,3,NVIDIA A100-SXM-64GB,85.47,2484,2
88,2026-05-18 17:48:00.346380,2026/05/18 17:48:00.453,0,NVIDIA A100-SXM-64GB,83.38,2624,2
89,2026-05-18 17:48:00.346380,2026/05/18 17:48:00.467,1,NVIDIA A100-SXM-64GB,76.96,2632,2
90,2026-05-18 17:48:00.346380,2026/05/18 17:48:00.475,2,NVIDIA A100-SXM-64GB,84.24,2652,5
91,2026-05-18 17:48:00.346380,2026/05/18 17:48:00.485,3,NVIDIA A100-SXM-64GB,85.80,2604,2
92,2026-05-18 17:48:05.525238,2026/05/18 17:48:05.629,0,NVIDIA A100-SXM-64GB,83.38,2704,2
93,2026-05-18 17:48:05.525238,2026/05/18 17:48:05.637,1,NVIDIA A100-SXM-64GB,76.36,2712,2
94,2026-05-18 17:48:05.525238,2026/05/18 17:48:05.662,2,NVIDIA A100-SXM-64GB,84.33,2732,2
95,2026-05-18 17:48:05.525238,2026/05/18 17:48:05.677,3,NVIDIA A100-SXM-64GB,85.80,2684,2
96,2026-05-18 17:48:10.719623,2026/05/18 17:48:10.825,0,NVIDIA A100-SXM-64GB,83.38,2764,2
97,2026-05-18 17:48:10.719623,2026/05/18 17:48:10.828,1,NVIDIA A100-SXM-64GB,76.36,2772,2
98,2026-05-18 17:48:10.719623,2026/05/18 17:48:10.845,2,NVIDIA A100-SXM-64GB,75.41,2792,2
99,2026-05-18 17:48:10.719623,2026/05/18 17:48:10.860,3,NVIDIA A100-SXM-64GB,85.80,2744,2
100,2026-05-18 17:48:15.907624,2026/05/18 17:48:16.007,0,NVIDIA A100-SXM-64GB,83.65,2844,2
101,2026-05-18 17:48:15.907624,2026/05/18 17:48:16.010,1,NVIDIA A100-SXM-64GB,86.72,2852,2
102,2026-05-18 17:48:15.907624,2026/05/18 17:48:16.021,2,NVIDIA A100-SXM-64GB,75.33,2872,2
103,2026-05-18 17:48:15.907624,2026/05/18 17:48:16.032,3,NVIDIA A100-SXM-64GB,85.80,2824,2
104,2026-05-18 17:48:21.093286,2026/05/18 17:48:21.181,0,NVIDIA A100-SXM-64GB,74.49,2924,7
105,2026-05-18 17:48:21.093286,2026/05/18 17:48:21.190,1,NVIDIA A100-SXM-64GB,99.23,2932,78
106,2026-05-18 17:48:21.093286,2026/05/18 17:48:21.207,2,NVIDIA A100-SXM-64GB,84.85,2952,100
107,2026-05-18 17:48:21.093286,2026/05/18 17:48:21.220,3,NVIDIA A100-SXM-64GB,85.80,2904,100
108,2026-05-18 17:48:26.261621,2026/05/18 17:48:26.364,0,NVIDIA A100-SXM-64GB,83.65,3004,2
109,2026-05-18 17:48:26.261621,2026/05/18 17:48:26.390,1,NVIDIA A100-SXM-64GB,86.72,3012,2
110,2026-05-18 17:48:26.261621,2026/05/18 17:48:26.413,2,NVIDIA A100-SXM-64GB,84.52,3032,2
111,2026-05-18 17:48:26.261621,2026/05/18 17:48:26.415,3,NVIDIA A100-SXM-64GB,76.57,2984,2
112,2026-05-18 17:48:31.462185,2026/05/18 17:48:31.568,0,NVIDIA A100-SXM-64GB,83.65,3084,2
113,2026-05-18 17:48:31.462185,2026/05/18 17:48:31.578,1,NVIDIA A100-SXM-64GB,79.38,3092,2
114,2026-05-18 17:48:31.462185,2026/05/18 17:48:31.587,2,NVIDIA A100-SXM-64GB,75.33,3112,2
115,2026-05-18 17:48:31.462185,2026/05/18 17:48:31.606,3,NVIDIA A100-SXM-64GB,84.59,3064,2
116,2026-05-18 17:48:36.642166,2026/05/18 17:48:36.743,0,NVIDIA A100-SXM-64GB,83.65,3184,2
117,2026-05-18 17:48:36.642166,2026/05/18 17:48:36.752,1,NVIDIA A100-SXM-64GB,76.03,3192,2
118,2026-05-18 17:48:36.642166,2026/05/18 17:48:36.777,2,NVIDIA A100-SXM-64GB,84.52,3212,2
119,2026-05-18 17:48:36.642166,2026/05/18 17:48:36.813,3,NVIDIA A100-SXM-64GB,84.87,3164,2
120,2026-05-18 17:48:41.883354,2026/05/18 17:48:41.995,0,NVIDIA A100-SXM-64GB,74.49,4224,2
121,2026-05-18 17:48:41.883354,2026/05/18 17:48:42.004,1,NVIDIA A100-SXM-64GB,76.03,3232,2
122,2026-05-18 17:48:41.883354,2026/05/18 17:48:42.022,2,NVIDIA A100-SXM-64GB,75.33,4252,2
123,2026-05-18 17:48:41.883354,2026/05/18 17:48:42.031,3,NVIDIA A100-SXM-64GB,76.24,4204,2
124,2026-05-18 17:48:47.077607,2026/05/18 17:48:47.256,0,NVIDIA A100-SXM-64GB,74.42,4224,0
125,2026-05-18 17:48:47.077607,2026/05/18 17:48:47.259,1,NVIDIA A100-SXM-64GB,94.95,7232,100
126,2026-05-18 17:48:47.077607,2026/05/18 17:48:47.261,2,NVIDIA A100-SXM-64GB,92.83,7252,100
127,2026-05-18 17:48:47.077607,2026/05/18 17:48:47.315,3,NVIDIA A100-SXM-64GB,93.49,7204,100
128,2026-05-18 17:48:52.407287,2026/05/18 17:48:52.511,0,NVIDIA A100-SXM-64GB,83.65,10224,0
129,2026-05-18 17:48:52.407287,2026/05/18 17:48:52.514,1,NVIDIA A100-SXM-64GB,86.40,10232,0
130,2026-05-18 17:48:52.407287,2026/05/18 17:48:52.539,2,NVIDIA A100-SXM-64GB,83.91,10232,0
131,2026-05-18 17:48:52.407287,2026/05/18 17:48:52.557,3,NVIDIA A100-SXM-64GB,84.87,10184,0
132,2026-05-18 17:48:57.604224,2026/05/18 17:48:57.775,0,NVIDIA A100-SXM-64GB,101.37,11060,100
133,2026-05-18 17:48:57.604224,2026/05/18 17:48:57.795,1,NVIDIA A100-SXM-64GB,89.80,11096,54
134,2026-05-18 17:48:57.604224,2026/05/18 17:48:57.798,2,NVIDIA A100-SXM-64GB,100.15,11068,74
135,2026-05-18 17:48:57.604224,2026/05/18 17:48:57.847,3,NVIDIA A100-SXM-64GB,95.88,11020,100
136,2026-05-18 17:49:02.919104,2026/05/18 17:49:03.107,0,NVIDIA A100-SXM-64GB,102.91,21068,89
137,2026-05-18 17:49:02.919104,2026/05/18 17:49:03.128,1,NVIDIA A100-SXM-64GB,89.14,21118,37
138,2026-05-18 17:49:02.919104,2026/05/18 17:49:03.154,2,NVIDIA A100-SXM-64GB,90.68,21076,52
139,2026-05-18 17:49:02.919104,2026/05/18 17:49:03.188,3,NVIDIA A100-SXM-64GB,98.64,21028,81
140,2026-05-18 17:49:08.241023,2026/05/18 17:49:08.425,0,NVIDIA A100-SXM-64GB,95.89,26388,85
141,2026-05-18 17:49:08.241023,2026/05/18 17:49:08.428,1,NVIDIA A100-SXM-64GB,105.38,26438,100
142,2026-05-18 17:49:08.241023,2026/05/18 17:49:08.434,2,NVIDIA A100-SXM-64GB,87.27,26436,35
143,2026-05-18 17:49:08.241023,2026/05/18 17:49:08.493,3,NVIDIA A100-SXM-64GB,107.63,26768,100
144,2026-05-18 17:49:13.536208,2026/05/18 17:49:13.684,0,NVIDIA A100-SXM-64GB,104.01,27988,90
145,2026-05-18 17:49:13.536208,2026/05/18 17:49:13.721,1,NVIDIA A100-SXM-64GB,100.17,28038,86
146,2026-05-18 17:49:13.536208,2026/05/18 17:49:13.739,2,NVIDIA A100-SXM-64GB,106.31,28036,86
147,2026-05-18 17:49:13.536208,2026/05/18 17:49:13.744,3,NVIDIA A100-SXM-64GB,109.06,27948,90
148,2026-05-18 17:49:18.835471,2026/05/18 17:49:19.003,0,NVIDIA A100-SXM-64GB,108.39,27988,100
149,2026-05-18 17:49:18.835471,2026/05/18 17:49:19.007,1,NVIDIA A100-SXM-64GB,113.28,28038,70
150,2026-05-18 17:49:18.835471,2026/05/18 17:49:19.080,2,NVIDIA A100-SXM-64GB,101.08,28036,35
151,2026-05-18 17:49:18.835471,2026/05/18 17:49:19.085,3,NVIDIA A100-SXM-64GB,108.29,27948,59
152,2026-05-18 17:49:24.126267,2026/05/18 17:49:24.295,0,NVIDIA A100-SXM-64GB,101.70,28328,87
153,2026-05-18 17:49:24.126267,2026/05/18 17:49:24.307,1,NVIDIA A100-SXM-64GB,141.88,28378,100
154,2026-05-18 17:49:24.126267,2026/05/18 17:49:24.362,2,NVIDIA A100-SXM-64GB,90.35,28336,55
155,2026-05-18 17:49:24.126267,2026/05/18 17:49:24.365,3,NVIDIA A100-SXM-64GB,87.02,28288,60
156,2026-05-18 17:49:29.421936,2026/05/18 17:49:29.524,0,NVIDIA A100-SXM-64GB,88.87,30898,38
157,2026-05-18 17:49:29.421936,2026/05/18 17:49:29.527,1,NVIDIA A100-SXM-64GB,87.33,30148,29
158,2026-05-18 17:49:29.421936,2026/05/18 17:49:29.538,2,NVIDIA A100-SXM-64GB,94.37,30966,48
159,2026-05-18 17:49:29.421936,2026/05/18 17:49:29.550,3,NVIDIA A100-SXM-64GB,87.63,30838,32
160,2026-05-18 17:49:34.599986,2026/05/18 17:49:34.775,0,NVIDIA A100-SXM-64GB,107.19,30898,95
161,2026-05-18 17:49:34.599986,2026/05/18 17:49:34.805,1,NVIDIA A100-SXM-64GB,104.44,30908,93
162,2026-05-18 17:49:34.599986,2026/05/18 17:49:34.811,2,NVIDIA A100-SXM-64GB,107.52,30966,98
163,2026-05-18 17:49:34.599986,2026/05/18 17:49:34.855,3,NVIDIA A100-SXM-64GB,95.03,30838,76
164,2026-05-18 17:49:39.946760,2026/05/18 17:49:40.143,0,NVIDIA A100-SXM-64GB,104.01,31068,73
165,2026-05-18 17:49:39.946760,2026/05/18 17:49:40.147,1,NVIDIA A100-SXM-64GB,109.93,31068,100
166,2026-05-18 17:49:39.946760,2026/05/18 17:49:40.152,2,NVIDIA A100-SXM-64GB,106.59,31086,83
167,2026-05-18 17:49:39.946760,2026/05/18 17:49:40.205,3,NVIDIA A100-SXM-64GB,101.16,30998,95
168,2026-05-18 17:49:45.280057,2026/05/18 17:49:45.447,0,NVIDIA A100-SXM-64GB,105.98,31080,79
169,2026-05-18 17:49:45.280057,2026/05/18 17:49:45.450,1,NVIDIA A100-SXM-64GB,103.84,31428,75
170,2026-05-18 17:49:45.280057,2026/05/18 17:49:45.492,2,NVIDIA A100-SXM-64GB,102.90,31866,94
171,2026-05-18 17:49:45.280057,2026/05/18 17:49:45.495,3,NVIDIA A100-SXM-64GB,123.04,31358,77
172,2026-05-18 17:49:50.583338,2026/05/18 17:49:50.751,0,NVIDIA A100-SXM-64GB,93.42,31080,53
173,2026-05-18 17:49:50.583338,2026/05/18 17:49:50.754,1,NVIDIA A100-SXM-64GB,109.93,31428,93
174,2026-05-18 17:49:50.583338,2026/05/18 17:49:50.773,2,NVIDIA A100-SXM-64GB,129.58,31866,89
175,2026-05-18 17:49:50.583338,2026/05/18 17:49:50.798,3,NVIDIA A100-SXM-64GB,99.01,31358,84
176,2026-05-18 17:49:55.868959,2026/05/18 17:49:56.029,0,NVIDIA A100-SXM-64GB,102.31,31440,95
177,2026-05-18 17:49:55.868959,2026/05/18 17:49:56.064,1,NVIDIA A100-SXM-64GB,127.05,31428,100
178,2026-05-18 17:49:55.868959,2026/05/18 17:49:56.067,2,NVIDIA A100-SXM-64GB,111.81,31866,93
179,2026-05-18 17:49:55.868959,2026/05/18 17:49:56.079,3,NVIDIA A100-SXM-64GB,90.11,31358,72
180,2026-05-18 17:50:01.170690,2026/05/18 17:50:01.341,0,NVIDIA A100-SXM-64GB,108.39,31440,81
181,2026-05-18 17:50:01.170690,2026/05/18 17:50:01.374,1,NVIDIA A100-SXM-64GB,105.98,31848,100
182,2026-05-18 17:50:01.170690,2026/05/18 17:50:01.420,2,NVIDIA A100-SXM-64GB,95.07,31866,100
183,2026-05-18 17:50:01.170690,2026/05/18 17:50:01.426,3,NVIDIA A100-SXM-64GB,108.29,31372,59
184,2026-05-18 17:50:06.524204,2026/05/18 17:50:06.698,0,NVIDIA A100-SXM-64GB,94.95,31440,77
185,2026-05-18 17:50:06.524204,2026/05/18 17:50:06.701,1,NVIDIA A100-SXM-64GB,103.84,31848,69
186,2026-05-18 17:50:06.524204,2026/05/18 17:50:06.718,2,NVIDIA A100-SXM-64GB,109.67,31866,72
187,2026-05-18 17:50:06.524204,2026/05/18 17:50:06.728,3,NVIDIA A100-SXM-64GB,95.36,31398,61
188,2026-05-18 17:50:11.838967,2026/05/18 17:50:11.976,0,NVIDIA A100-SXM-64GB,105.05,31440,71
189,2026-05-18 17:50:11.838967,2026/05/18 17:50:11.986,1,NVIDIA A100-SXM-64GB,109.93,31848,81
190,2026-05-18 17:50:11.838967,2026/05/18 17:50:12.028,2,NVIDIA A100-SXM-64GB,108.13,31866,87
191,2026-05-18 17:50:11.838967,2026/05/18 17:50:12.059,3,NVIDIA A100-SXM-64GB,97.18,31398,92
192,2026-05-18 17:50:17.178143,2026/05/18 17:50:17.343,0,NVIDIA A100-SXM-64GB,100.44,31440,100
193,2026-05-18 17:50:17.178143,2026/05/18 17:50:17.346,1,NVIDIA A100-SXM-64GB,102.91,31848,51
194,2026-05-18 17:50:17.178143,2026/05/18 17:50:17.392,2,NVIDIA A100-SXM-64GB,107.85,31866,93
195,2026-05-18 17:50:17.178143,2026/05/18 17:50:17.395,3,NVIDIA A100-SXM-64GB,95.36,31398,100
196,2026-05-18 17:50:22.475073,2026/05/18 17:50:22.642,0,NVIDIA A100-SXM-64GB,99.74,31840,71
197,2026-05-18 17:50:22.475073,2026/05/18 17:50:22.682,1,NVIDIA A100-SXM-64GB,108.39,31848,96
198,2026-05-18 17:50:22.475073,2026/05/18 17:50:22.685,2,NVIDIA A100-SXM-64GB,108.46,31866,56
199,2026-05-18 17:50:22.475073,2026/05/18 17:50:22.698,3,NVIDIA A100-SXM-64GB,104.59,31398,100
200,2026-05-18 17:50:27.771941,2026/05/18 17:50:27.938,0,NVIDIA A100-SXM-64GB,111.46,31840,100
201,2026-05-18 17:50:27.771941,2026/05/18 17:50:27.943,1,NVIDIA A100-SXM-64GB,151.18,31848,100
202,2026-05-18 17:50:27.771941,2026/05/18 17:50:27.955,2,NVIDIA A100-SXM-64GB,113.96,31866,73
203,2026-05-18 17:50:27.771941,2026/05/18 17:50:28.001,3,NVIDIA A100-SXM-64GB,106.74,31398,71
204,2026-05-18 17:50:33.078589,2026/05/18 17:50:33.250,0,NVIDIA A100-SXM-64GB,99.23,31840,95
205,2026-05-18 17:50:33.078589,2026/05/18 17:50:33.253,1,NVIDIA A100-SXM-64GB,113.28,31848,47
206,2026-05-18 17:50:33.078589,2026/05/18 17:50:33.272,2,NVIDIA A100-SXM-64GB,107.52,31866,90
207,2026-05-18 17:50:33.078589,2026/05/18 17:50:33.302,3,NVIDIA A100-SXM-64GB,105.47,31398,41
208,2026-05-18 17:50:38.406665,2026/05/18 17:50:38.576,0,NVIDIA A100-SXM-64GB,110.86,31840,100
209,2026-05-18 17:50:38.406665,2026/05/18 17:50:38.598,1,NVIDIA A100-SXM-64GB,107.19,31848,100
210,2026-05-18 17:50:38.406665,2026/05/18 17:50:38.608,2,NVIDIA A100-SXM-64GB,97.72,31866,75
211,2026-05-18 17:50:38.406665,2026/05/18 17:50:38.645,3,NVIDIA A100-SXM-64GB,108.29,31398,41
212,2026-05-18 17:50:43.689021,2026/05/18 17:50:43.859,0,NVIDIA A100-SXM-64GB,103.84,31840,100
213,2026-05-18 17:50:43.689021,2026/05/18 17:50:43.922,1,NVIDIA A100-SXM-64GB,107.51,31848,46
214,2026-05-18 17:50:43.689021,2026/05/18 17:50:43.928,2,NVIDIA A100-SXM-64GB,99.26,31866,70
215,2026-05-18 17:50:43.689021,2026/05/18 17:50:43.976,3,NVIDIA A100-SXM-64GB,100.89,31400,46
216,2026-05-18 17:50:49.058586,2026/05/18 17:50:49.206,0,NVIDIA A100-SXM-64GB,105.65,31840,100
217,2026-05-18 17:50:49.058586,2026/05/18 17:50:49.219,1,NVIDIA A100-SXM-64GB,154.86,31848,82
218,2026-05-18 17:50:49.058586,2026/05/18 17:50:49.257,2,NVIDIA A100-SXM-64GB,108.73,31866,94
219,2026-05-18 17:50:49.058586,2026/05/18 17:50:49.289,3,NVIDIA A100-SXM-64GB,108.57,31400,90
220,2026-05-18 17:50:54.375065,2026/05/18 17:50:54.546,0,NVIDIA A100-SXM-64GB,96.49,31840,100
221,2026-05-18 17:50:54.375065,2026/05/18 17:50:54.549,1,NVIDIA A100-SXM-64GB,113.00,31848,100
222,2026-05-18 17:50:54.375065,2026/05/18 17:50:54.601,2,NVIDIA A100-SXM-64GB,95.34,31866,100
223,2026-05-18 17:50:54.375065,2026/05/18 17:50:54.640,3,NVIDIA A100-SXM-64GB,108.57,31400,66
224,2026-05-18 17:50:59.718235,2026/05/18 17:50:59.882,0,NVIDIA A100-SXM-64GB,85.80,31840,81
225,2026-05-18 17:50:59.718235,2026/05/18 17:50:59.931,1,NVIDIA A100-SXM-64GB,105.98,31848,91
226,2026-05-18 17:50:59.718235,2026/05/18 17:50:59.986,2,NVIDIA A100-SXM-64GB,104.44,31866,66
227,2026-05-18 17:50:59.718235,2026/05/18 17:50:59.994,3,NVIDIA A100-SXM-64GB,108.90,31400,91
228,2026-05-18 17:51:05.079618,2026/05/18 17:51:05.248,0,NVIDIA A100-SXM-64GB,93.75,31840,100
229,2026-05-18 17:51:05.079618,2026/05/18 17:51:05.251,1,NVIDIA A100-SXM-64GB,91.28,31848,29
230,2026-05-18 17:51:05.079618,2026/05/18 17:51:05.304,2,NVIDIA A100-SXM-64GB,106.59,31866,78
231,2026-05-18 17:51:05.079618,2026/05/18 17:51:05.307,3,NVIDIA A100-SXM-64GB,106.14,31400,66
232,2026-05-18 17:51:10.371779,2026/05/18 17:51:10.539,0,NVIDIA A100-SXM-64GB,95.89,31840,100
233,2026-05-18 17:51:10.371779,2026/05/18 17:51:10.542,1,NVIDIA A100-SXM-64GB,105.65,31848,100
234,2026-05-18 17:51:10.371779,2026/05/18 17:51:10.579,2,NVIDIA A100-SXM-64GB,109.45,31868,67
235,2026-05-18 17:51:10.371779,2026/05/18 17:51:10.582,3,NVIDIA A100-SXM-64GB,105.19,31400,94
236,2026-05-18 17:51:15.643072,2026/05/18 17:51:15.813,0,NVIDIA A100-SXM-64GB,120.96,31840,100
237,2026-05-18 17:51:15.643072,2026/05/18 17:51:15.816,1,NVIDIA A100-SXM-64GB,106.86,31848,100
238,2026-05-18 17:51:15.643072,2026/05/18 17:51:15.819,2,NVIDIA A100-SXM-64GB,103.84,31868,100
239,2026-05-18 17:51:15.643072,2026/05/18 17:51:15.877,3,NVIDIA A100-SXM-64GB,108.90,31400,100
240,2026-05-18 17:51:20.915977,2026/05/18 17:51:21.083,0,NVIDIA A100-SXM-64GB,111.14,31840,49
241,2026-05-18 17:51:20.915977,2026/05/18 17:51:21.085,1,NVIDIA A100-SXM-64GB,114.82,31848,96
242,2026-05-18 17:51:20.915977,2026/05/18 17:51:21.088,2,NVIDIA A100-SXM-64GB,109.06,31868,100
243,2026-05-18 17:51:20.915977,2026/05/18 17:51:21.133,3,NVIDIA A100-SXM-64GB,111.94,31820,81
244,2026-05-18 17:51:26.222635,2026/05/18 17:51:26.386,0,NVIDIA A100-SXM-64GB,107.19,31840,100
245,2026-05-18 17:51:26.222635,2026/05/18 17:51:26.389,1,NVIDIA A100-SXM-64GB,111.14,31848,100
246,2026-05-18 17:51:26.222635,2026/05/18 17:51:26.399,2,NVIDIA A100-SXM-64GB,109.34,31868,100
247,2026-05-18 17:51:26.222635,2026/05/18 17:51:26.465,3,NVIDIA A100-SXM-64GB,110.39,31820,100
248,2026-05-18 17:51:31.534075,2026/05/18 17:51:31.694,0,NVIDIA A100-SXM-64GB,97.70,31840,75
249,2026-05-18 17:51:31.534075,2026/05/18 17:51:31.697,1,NVIDIA A100-SXM-64GB,111.25,31868,100
250,2026-05-18 17:51:31.534075,2026/05/18 17:51:31.707,2,NVIDIA A100-SXM-64GB,106.70,31868,46
251,2026-05-18 17:51:31.534075,2026/05/18 17:51:31.770,3,NVIDIA A100-SXM-64GB,99.44,31820,100
252,2026-05-18 17:51:36.852558,2026/05/18 17:51:37.006,0,NVIDIA A100-SXM-64GB,109.00,31840,100
253,2026-05-18 17:51:36.852558,2026/05/18 17:51:37.009,1,NVIDIA A100-SXM-64GB,120.30,31868,100
254,2026-05-18 17:51:36.852558,2026/05/18 17:51:37.057,2,NVIDIA A100-SXM-64GB,115.17,31868,100
255,2026-05-18 17:51:36.852558,2026/05/18 17:51:37.060,3,NVIDIA A100-SXM-64GB,120.89,31820,100
256,2026-05-18 17:51:42.123889,2026/05/18 17:51:42.289,0,NVIDIA A100-SXM-64GB,109.00,31840,100
257,2026-05-18 17:51:42.123889,2026/05/18 17:51:42.293,1,NVIDIA A100-SXM-64GB,113.61,31868,80
258,2026-05-18 17:51:42.123889,2026/05/18 17:51:42.298,2,NVIDIA A100-SXM-64GB,112.75,31888,51
259,2026-05-18 17:51:42.123889,2026/05/18 17:51:42.354,3,NVIDIA A100-SXM-64GB,111.05,31820,100
260,2026-05-18 17:51:47.396300,2026/05/18 17:51:47.560,0,NVIDIA A100-SXM-64GB,106.26,31840,100
261,2026-05-18 17:51:47.396300,2026/05/18 17:51:47.563,1,NVIDIA A100-SXM-64GB,123.97,31868,100
262,2026-05-18 17:51:47.396300,2026/05/18 17:51:47.604,2,NVIDIA A100-SXM-64GB,116.38,31888,100
263,2026-05-18 17:51:47.396300,2026/05/18 17:51:47.607,3,NVIDIA A100-SXM-64GB,116.57,31820,100
264,2026-05-18 17:51:52.738304,2026/05/18 17:51:52.910,0,NVIDIA A100-SXM-64GB,146.75,31840,100
265,2026-05-18 17:51:52.738304,2026/05/18 17:51:52.913,1,NVIDIA A100-SXM-64GB,112.07,31868,100
266,2026-05-18 17:51:52.738304,2026/05/18 17:51:52.922,2,NVIDIA A100-SXM-64GB,109.34,31888,100
267,2026-05-18 17:51:52.738304,2026/05/18 17:51:52.972,3,NVIDIA A100-SXM-64GB,108.57,31820,100
268,2026-05-18 17:51:58.058621,2026/05/18 17:51:58.244,0,NVIDIA A100-SXM-64GB,118.70,31840,100
269,2026-05-18 17:51:58.058621,2026/05/18 17:51:58.247,1,NVIDIA A100-SXM-64GB,93.75,31868,83
270,2026-05-18 17:51:58.058621,2026/05/18 17:51:58.257,2,NVIDIA A100-SXM-64GB,99.26,31888,88
271,2026-05-18 17:51:58.058621,2026/05/18 17:51:58.333,3,NVIDIA A100-SXM-64GB,98.12,31820,79
272,2026-05-18 17:52:03.419857,2026/05/18 17:52:03.594,0,NVIDIA A100-SXM-64GB,110.42,31840,82
273,2026-05-18 17:52:03.419857,2026/05/18 17:52:03.597,1,NVIDIA A100-SXM-64GB,115.74,31868,87
274,2026-05-18 17:52:03.419857,2026/05/18 17:52:03.600,2,NVIDIA A100-SXM-64GB,113.35,31888,49
275,2026-05-18 17:52:03.419857,2026/05/18 17:52:03.654,3,NVIDIA A100-SXM-64GB,108.90,31820,100
276,2026-05-18 17:52:08.723850,2026/05/18 17:52:08.880,0,NVIDIA A100-SXM-64GB,107.79,31840,100
277,2026-05-18 17:52:08.723850,2026/05/18 17:52:08.883,1,NVIDIA A100-SXM-64GB,108.72,31868,100
278,2026-05-18 17:52:08.723850,2026/05/18 17:52:08.893,2,NVIDIA A100-SXM-64GB,105.04,31888,100
279,2026-05-18 17:52:08.723850,2026/05/18 17:52:08.951,3,NVIDIA A100-SXM-64GB,104.59,31820,100
280,2026-05-18 17:52:14.010322,2026/05/18 17:52:14.177,0,NVIDIA A100-SXM-64GB,99.84,31840,100
281,2026-05-18 17:52:14.010322,2026/05/18 17:52:14.180,1,NVIDIA A100-SXM-64GB,107.79,31868,100
282,2026-05-18 17:52:14.010322,2026/05/18 17:52:14.213,2,NVIDIA A100-SXM-64GB,103.55,31888,100
283,2026-05-18 17:52:14.010322,2026/05/18 17:52:14.215,3,NVIDIA A100-SXM-64GB,108.29,31820,100
284,2026-05-18 17:52:19.277332,2026/05/18 17:52:19.448,0,NVIDIA A100-SXM-64GB,100.77,31840,100
285,2026-05-18 17:52:19.277332,2026/05/18 17:52:19.514,1,NVIDIA A100-SXM-64GB,110.26,31868,100
286,2026-05-18 17:52:19.277332,2026/05/18 17:52:19.517,2,NVIDIA A100-SXM-64GB,123.15,31888,100
287,2026-05-18 17:52:19.277332,2026/05/18 17:52:19.533,3,NVIDIA A100-SXM-64GB,109.79,31820,100
288,2026-05-18 17:52:24.596179,2026/05/18 17:52:24.714,0,NVIDIA A100-SXM-64GB,186.24,31840,100
289,2026-05-18 17:52:24.596179,2026/05/18 17:52:24.717,1,NVIDIA A100-SXM-64GB,91.61,31868,81
290,2026-05-18 17:52:24.596179,2026/05/18 17:52:24.761,2,NVIDIA A100-SXM-64GB,109.34,31888,83
291,2026-05-18 17:52:24.596179,2026/05/18 17:52:24.812,3,NVIDIA A100-SXM-64GB,96.85,31820,74
292,2026-05-18 17:52:29.915284,2026/05/18 17:52:30.083,0,NVIDIA A100-SXM-64GB,75.43,31840,0
293,2026-05-18 17:52:29.915284,2026/05/18 17:52:30.086,1,NVIDIA A100-SXM-64GB,104.44,31868,100
294,2026-05-18 17:52:29.915284,2026/05/18 17:52:30.089,2,NVIDIA A100-SXM-64GB,101.52,31888,100
295,2026-05-18 17:52:29.915284,2026/05/18 17:52:30.147,3,NVIDIA A100-SXM-64GB,105.81,31820,100
296,2026-05-18 17:52:35.190471,2026/05/18 17:52:35.352,0,NVIDIA A100-SXM-64GB,101.10,31840,100
297,2026-05-18 17:52:35.190471,2026/05/18 17:52:35.355,1,NVIDIA A100-SXM-64GB,106.97,31868,100
298,2026-05-18 17:52:35.190471,2026/05/18 17:52:35.363,2,NVIDIA A100-SXM-64GB,103.94,31888,100
299,2026-05-18 17:52:35.190471,2026/05/18 17:52:35.428,3,NVIDIA A100-SXM-64GB,125.80,31820,100
300,2026-05-18 17:52:40.504617,2026/05/18 17:52:40.651,0,NVIDIA A100-SXM-64GB,113.16,31840,100
301,2026-05-18 17:52:40.504617,2026/05/18 17:52:40.654,1,NVIDIA A100-SXM-64GB,105.38,31868,76
302,2026-05-18 17:52:40.504617,2026/05/18 17:52:40.662,2,NVIDIA A100-SXM-64GB,97.72,31888,75
303,2026-05-18 17:52:40.504617,2026/05/18 17:52:40.743,3,NVIDIA A100-SXM-64GB,89.78,31820,69
304,2026-05-18 17:52:45.793226,2026/05/18 17:52:45.944,0,NVIDIA A100-SXM-64GB,105.38,31840,100
305,2026-05-18 17:52:45.793226,2026/05/18 17:52:45.977,1,NVIDIA A100-SXM-64GB,103.84,31868,100
306,2026-05-18 17:52:45.793226,2026/05/18 17:52:45.979,2,NVIDIA A100-SXM-64GB,99.87,31888,100
307,2026-05-18 17:52:45.793226,2026/05/18 17:52:46.029,3,NVIDIA A100-SXM-64GB,107.96,31820,100
308,2026-05-18 17:52:51.069940,2026/05/18 17:52:51.235,0,NVIDIA A100-SXM-64GB,107.68,31840,100
309,2026-05-18 17:52:51.069940,2026/05/18 17:52:51.238,1,NVIDIA A100-SXM-64GB,125.18,31868,100
310,2026-05-18 17:52:51.069940,2026/05/18 17:52:51.285,2,NVIDIA A100-SXM-64GB,112.42,31888,100
311,2026-05-18 17:52:51.069940,2026/05/18 17:52:51.288,3,NVIDIA A100-SXM-64GB,105.81,31840,100
312,2026-05-18 17:52:56.342090,2026/05/18 17:52:56.499,0,NVIDIA A100-SXM-64GB,109.82,31840,100
313,2026-05-18 17:52:56.342090,2026/05/18 17:52:56.502,1,NVIDIA A100-SXM-64GB,111.14,31868,100
314,2026-05-18 17:52:56.342090,2026/05/18 17:52:56.508,2,NVIDIA A100-SXM-64GB,111.21,31908,100
315,2026-05-18 17:52:56.342090,2026/05/18 17:52:56.561,3,NVIDIA A100-SXM-64GB,128.43,31840,100
316,2026-05-18 17:53:01.629494,2026/05/18 17:53:01.781,0,NVIDIA A100-SXM-64GB,110.14,31840,100
317,2026-05-18 17:53:01.629494,2026/05/18 17:53:01.784,1,NVIDIA A100-SXM-64GB,121.84,31868,100
318,2026-05-18 17:53:01.629494,2026/05/18 17:53:01.794,2,NVIDIA A100-SXM-64GB,111.21,31908,100
319,2026-05-18 17:53:01.629494,2026/05/18 17:53:01.858,3,NVIDIA A100-SXM-64GB,111.94,31840,100
320,2026-05-18 17:53:06.924135,2026/05/18 17:53:07.084,0,NVIDIA A100-SXM-64GB,105.65,31840,100
321,2026-05-18 17:53:06.924135,2026/05/18 17:53:07.111,1,NVIDIA A100-SXM-64GB,101.70,31868,100
322,2026-05-18 17:53:06.924135,2026/05/18 17:53:07.173,2,NVIDIA A100-SXM-64GB,106.59,31908,100
323,2026-05-18 17:53:06.924135,2026/05/18 17:53:07.178,3,NVIDIA A100-SXM-64GB,119.83,31840,100
324,2026-05-18 17:53:12.260488,2026/05/18 17:53:12.419,0,NVIDIA A100-SXM-64GB,103.41,31840,100
325,2026-05-18 17:53:12.260488,2026/05/18 17:53:12.459,1,NVIDIA A100-SXM-64GB,149.16,31868,100
326,2026-05-18 17:53:12.260488,2026/05/18 17:53:12.462,2,NVIDIA A100-SXM-64GB,127.58,31908,100
327,2026-05-18 17:53:12.260488,2026/05/18 17:53:12.510,3,NVIDIA A100-SXM-64GB,103.87,31880,100
328,2026-05-18 17:53:17.558942,2026/05/18 17:53:17.716,0,NVIDIA A100-SXM-64GB,101.87,31840,100
329,2026-05-18 17:53:17.558942,2026/05/18 17:53:17.719,1,NVIDIA A100-SXM-64GB,108.39,31868,100
330,2026-05-18 17:53:17.558942,2026/05/18 17:53:17.722,2,NVIDIA A100-SXM-64GB,106.59,31908,100
331,2026-05-18 17:53:17.558942,2026/05/18 17:53:17.777,3,NVIDIA A100-SXM-64GB,105.81,31880,100
332,2026-05-18 17:53:22.814028,2026/05/18 17:53:22.971,0,NVIDIA A100-SXM-64GB,103.84,31860,100
333,2026-05-18 17:53:22.814028,2026/05/18 17:53:22.973,1,NVIDIA A100-SXM-64GB,118.16,31868,100
334,2026-05-18 17:53:22.814028,2026/05/18 17:53:22.976,2,NVIDIA A100-SXM-64GB,109.45,31908,100
335,2026-05-18 17:53:22.814028,2026/05/18 17:53:23.038,3,NVIDIA A100-SXM-64GB,95.64,31880,100
336,2026-05-18 17:53:28.073587,2026/05/18 17:53:28.231,0,NVIDIA A100-SXM-64GB,105.54,31860,100
337,2026-05-18 17:53:28.073587,2026/05/18 17:53:28.234,1,NVIDIA A100-SXM-64GB,110.14,31868,100
338,2026-05-18 17:53:28.073587,2026/05/18 17:53:28.237,2,NVIDIA A100-SXM-64GB,108.73,31908,100
339,2026-05-18 17:53:28.073587,2026/05/18 17:53:28.290,3,NVIDIA A100-SXM-64GB,124.13,31880,100
340,2026-05-18 17:53:33.338489,2026/05/18 17:53:33.497,0,NVIDIA A100-SXM-64GB,102.48,31860,100
341,2026-05-18 17:53:33.338489,2026/05/18 17:53:33.500,1,NVIDIA A100-SXM-64GB,129.05,31868,100
342,2026-05-18 17:53:33.338489,2026/05/18 17:53:33.539,2,NVIDIA A100-SXM-64GB,143.85,31908,100
343,2026-05-18 17:53:33.338489,2026/05/18 17:53:33.542,3,NVIDIA A100-SXM-64GB,106.30,31880,100
344,2026-05-18 17:53:38.606511,2026/05/18 17:53:38.759,0,NVIDIA A100-SXM-64GB,105.65,31860,100
345,2026-05-18 17:53:38.606511,2026/05/18 17:53:38.762,1,NVIDIA A100-SXM-64GB,105.38,31868,100
346,2026-05-18 17:53:38.606511,2026/05/18 17:53:38.809,2,NVIDIA A100-SXM-64GB,113.02,31908,100
347,2026-05-18 17:53:38.606511,2026/05/18 17:53:38.812,3,NVIDIA A100-SXM-64GB,119.95,31880,100
348,2026-05-18 17:53:43.888955,2026/05/18 17:53:44.045,0,NVIDIA A100-SXM-64GB,104.72,31860,100
349,2026-05-18 17:53:43.888955,2026/05/18 17:53:44.048,1,NVIDIA A100-SXM-64GB,108.39,31868,97
350,2026-05-18 17:53:43.888955,2026/05/18 17:53:44.106,2,NVIDIA A100-SXM-64GB,113.02,31908,100
351,2026-05-18 17:53:43.888955,2026/05/18 17:53:44.109,3,NVIDIA A100-SXM-64GB,108.57,31880,82
352,2026-05-18 17:53:49.165444,2026/05/18 17:53:49.328,0,NVIDIA A100-SXM-64GB,140.62,31860,100
353,2026-05-18 17:53:49.165444,2026/05/18 17:53:49.362,1,NVIDIA A100-SXM-64GB,103.52,31868,100
354,2026-05-18 17:53:49.165444,2026/05/18 17:53:49.365,2,NVIDIA A100-SXM-64GB,105.04,31908,100
355,2026-05-18 17:53:49.165444,2026/05/18 17:53:49.377,3,NVIDIA A100-SXM-64GB,107.52,31880,100
356,2026-05-18 17:53:54.450459,2026/05/18 17:53:54.616,0,NVIDIA A100-SXM-64GB,124.18,31860,100
357,2026-05-18 17:53:54.450459,2026/05/18 17:53:54.619,1,NVIDIA A100-SXM-64GB,104.44,31868,100
358,2026-05-18 17:53:54.450459,2026/05/18 17:53:54.622,2,NVIDIA A100-SXM-64GB,101.41,31908,100
359,2026-05-18 17:53:54.450459,2026/05/18 17:53:54.675,3,NVIDIA A100-SXM-64GB,106.91,31880,100
360,2026-05-18 17:53:59.717817,2026/05/18 17:53:59.864,0,NVIDIA A100-SXM-64GB,112.28,31860,100
361,2026-05-18 17:53:59.717817,2026/05/18 17:53:59.906,1,NVIDIA A100-SXM-64GB,112.07,31868,100
362,2026-05-18 17:53:59.717817,2026/05/18 17:53:59.909,2,NVIDIA A100-SXM-64GB,107.85,31908,100
363,2026-05-18 17:53:59.717817,2026/05/18 17:53:59.931,3,NVIDIA A100-SXM-64GB,121.97,31880,100
364,2026-05-18 17:54:05.004676,2026/05/18 17:54:05.177,0,NVIDIA A100-SXM-64GB,102.31,31860,100
365,2026-05-18 17:54:05.004676,2026/05/18 17:54:05.180,1,NVIDIA A100-SXM-64GB,103.84,31868,100
366,2026-05-18 17:54:05.004676,2026/05/18 17:54:05.277,2,NVIDIA A100-SXM-64GB,133.27,31908,100
367,2026-05-18 17:54:05.004676,2026/05/18 17:54:05.303,3,NVIDIA A100-SXM-64GB,104.26,31880,100
368,2026-05-18 17:54:10.361597,2026/05/18 17:54:10.529,0,NVIDIA A100-SXM-64GB,97.32,31860,100
369,2026-05-18 17:54:10.361597,2026/05/18 17:54:10.569,1,NVIDIA A100-SXM-64GB,104.12,31868,100
370,2026-05-18 17:54:10.361597,2026/05/18 17:54:10.572,2,NVIDIA A100-SXM-64GB,99.87,31908,100
371,2026-05-18 17:54:10.361597,2026/05/18 17:54:10.620,3,NVIDIA A100-SXM-64GB,101.16,31880,100
372,2026-05-18 17:54:15.654272,2026/05/18 17:54:15.817,0,NVIDIA A100-SXM-64GB,105.87,31860,100
373,2026-05-18 17:54:15.654272,2026/05/18 17:54:15.820,1,NVIDIA A100-SXM-64GB,111.46,31868,100
374,2026-05-18 17:54:15.654272,2026/05/18 17:54:15.862,2,NVIDIA A100-SXM-64GB,109.06,31908,100
375,2026-05-18 17:54:15.654272,2026/05/18 17:54:15.900,3,NVIDIA A100-SXM-64GB,98.40,31880,100
376,2026-05-18 17:54:20.933540,2026/05/18 17:54:21.104,0,NVIDIA A100-SXM-64GB,110.75,31860,100
377,2026-05-18 17:54:20.933540,2026/05/18 17:54:21.145,1,NVIDIA A100-SXM-64GB,112.40,31868,100
378,2026-05-18 17:54:20.933540,2026/05/18 17:54:21.148,2,NVIDIA A100-SXM-64GB,109.06,31908,100
379,2026-05-18 17:54:20.933540,2026/05/18 17:54:21.164,3,NVIDIA A100-SXM-64GB,111.22,31880,100
380,2026-05-18 17:54:26.239373,2026/05/18 17:54:26.407,0,NVIDIA A100-SXM-64GB,102.58,31860,100
381,2026-05-18 17:54:26.239373,2026/05/18 17:54:26.410,1,NVIDIA A100-SXM-64GB,109.00,31868,100
382,2026-05-18 17:54:26.239373,2026/05/18 17:54:26.418,2,NVIDIA A100-SXM-64GB,106.59,31908,100
383,2026-05-18 17:54:26.239373,2026/05/18 17:54:26.470,3,NVIDIA A100-SXM-64GB,125.07,31880,100
384,2026-05-18 17:54:31.530716,2026/05/18 17:54:31.694,0,NVIDIA A100-SXM-64GB,143.68,31860,100
385,2026-05-18 17:54:31.530716,2026/05/18 17:54:31.697,1,NVIDIA A100-SXM-64GB,105.38,31868,100
386,2026-05-18 17:54:31.530716,2026/05/18 17:54:31.776,2,NVIDIA A100-SXM-64GB,116.10,31908,100
387,2026-05-18 17:54:31.530716,2026/05/18 17:54:31.779,3,NVIDIA A100-SXM-64GB,110.11,31880,100
388,2026-05-18 17:54:36.855517,2026/05/18 17:54:37.018,0,NVIDIA A100-SXM-64GB,94.68,31860,95
389,2026-05-18 17:54:36.855517,2026/05/18 17:54:37.059,1,NVIDIA A100-SXM-64GB,113.28,31868,100
390,2026-05-18 17:54:36.855517,2026/05/18 17:54:37.081,2,NVIDIA A100-SXM-64GB,98.00,31908,76
391,2026-05-18 17:54:36.855517,2026/05/18 17:54:37.132,3,NVIDIA A100-SXM-64GB,92.87,31880,66
392,2026-05-18 17:54:42.178581,2026/05/18 17:54:42.341,0,NVIDIA A100-SXM-64GB,153.17,31860,100
393,2026-05-18 17:54:42.178581,2026/05/18 17:54:42.373,1,NVIDIA A100-SXM-64GB,94.18,31868,62
394,2026-05-18 17:54:42.178581,2026/05/18 17:54:42.376,2,NVIDIA A100-SXM-64GB,103.84,31908,76
395,2026-05-18 17:54:42.178581,2026/05/18 17:54:42.453,3,NVIDIA A100-SXM-64GB,103.65,31880,80
396,2026-05-18 17:54:47.529643,2026/05/18 17:54:47.701,0,NVIDIA A100-SXM-64GB,100.17,31860,27
397,2026-05-18 17:54:47.529643,2026/05/18 17:54:47.704,1,NVIDIA A100-SXM-64GB,135.00,31868,100
398,2026-05-18 17:54:47.529643,2026/05/18 17:54:47.773,2,NVIDIA A100-SXM-64GB,99.64,31908,100
399,2026-05-18 17:54:47.529643,2026/05/18 17:54:47.776,3,NVIDIA A100-SXM-64GB,87.72,31880,57
400,2026-05-18 17:54:52.834431,2026/05/18 17:54:53.004,0,NVIDIA A100-SXM-64GB,104.94,31860,100
401,2026-05-18 17:54:52.834431,2026/05/18 17:54:53.007,1,NVIDIA A100-SXM-64GB,110.26,31868,86
402,2026-05-18 17:54:52.834431,2026/05/18 17:54:53.010,2,NVIDIA A100-SXM-64GB,105.38,31908,64
403,2026-05-18 17:54:52.834431,2026/05/18 17:54:53.074,3,NVIDIA A100-SXM-64GB,101.50,31880,79
404,2026-05-18 17:54:58.170391,2026/05/18 17:54:58.353,0,NVIDIA A100-SXM-64GB,101.37,31860,77
405,2026-05-18 17:54:58.170391,2026/05/18 17:54:58.356,1,NVIDIA A100-SXM-64GB,105.49,31868,58
406,2026-05-18 17:54:58.170391,2026/05/18 17:54:58.365,2,NVIDIA A100-SXM-64GB,95.68,31908,85
407,2026-05-18 17:54:58.170391,2026/05/18 17:54:58.397,3,NVIDIA A100-SXM-64GB,112.55,31880,49
408,2026-05-18 17:55:03.458838,2026/05/18 17:55:03.641,0,NVIDIA A100-SXM-64GB,102.58,31860,96
409,2026-05-18 17:55:03.458838,2026/05/18 17:55:03.644,1,NVIDIA A100-SXM-64GB,109.33,31868,92
410,2026-05-18 17:55:03.458838,2026/05/18 17:55:03.668,2,NVIDIA A100-SXM-64GB,107.85,31908,94
411,2026-05-18 17:55:03.458838,2026/05/18 17:55:03.713,3,NVIDIA A100-SXM-64GB,103.98,31880,87
412,2026-05-18 17:55:08.797932,2026/05/18 17:55:08.954,0,NVIDIA A100-SXM-64GB,97.00,31860,99
413,2026-05-18 17:55:08.797932,2026/05/18 17:55:09.006,1,NVIDIA A100-SXM-64GB,87.93,31868,23
414,2026-05-18 17:55:08.797932,2026/05/18 17:55:09.009,2,NVIDIA A100-SXM-64GB,94.37,31908,88
415,2026-05-18 17:55:08.797932,2026/05/18 17:55:09.026,3,NVIDIA A100-SXM-64GB,90.11,31880,52
416,2026-05-18 17:55:14.120408,2026/05/18 17:55:14.294,0,NVIDIA A100-SXM-64GB,106.86,31860,100
417,2026-05-18 17:55:14.120408,2026/05/18 17:55:14.297,1,NVIDIA A100-SXM-64GB,92.21,31868,48
418,2026-05-18 17:55:14.120408,2026/05/18 17:55:14.334,2,NVIDIA A100-SXM-64GB,105.98,31908,24
419,2026-05-18 17:55:14.120408,2026/05/18 17:55:14.337,3,NVIDIA A100-SXM-64GB,104.15,31880,44
420,2026-05-18 17:55:19.389501,2026/05/18 17:55:19.589,0,NVIDIA A100-SXM-64GB,95.46,31860,75
421,2026-05-18 17:55:19.389501,2026/05/18 17:55:19.592,1,NVIDIA A100-SXM-64GB,111.14,31868,72
422,2026-05-18 17:55:19.389501,2026/05/18 17:55:19.597,2,NVIDIA A100-SXM-64GB,98.93,31908,100
423,2026-05-18 17:55:19.389501,2026/05/18 17:55:19.657,3,NVIDIA A100-SXM-64GB,95.36,31880,90
424,2026-05-18 17:55:24.703028,2026/05/18 17:55:24.892,0,NVIDIA A100-SXM-64GB,104.61,31860,95
425,2026-05-18 17:55:24.703028,2026/05/18 17:55:24.899,1,NVIDIA A100-SXM-64GB,110.54,31868,77
426,2026-05-18 17:55:24.703028,2026/05/18 17:55:24.991,2,NVIDIA A100-SXM-64GB,102.90,31908,50
427,2026-05-18 17:55:24.703028,2026/05/18 17:55:24.998,3,NVIDIA A100-SXM-64GB,103.32,31880,80
428,2026-05-18 17:55:30.062353,2026/05/18 17:55:30.239,0,NVIDIA A100-SXM-64GB,100.67,31860,100
429,2026-05-18 17:55:30.062353,2026/05/18 17:55:30.251,1,NVIDIA A100-SXM-64GB,109.00,31868,100
430,2026-05-18 17:55:30.062353,2026/05/18 17:55:30.266,2,NVIDIA A100-SXM-64GB,100.47,31908,79
431,2026-05-18 17:55:30.062353,2026/05/18 17:55:30.329,3,NVIDIA A100-SXM-64GB,96.75,31880,81
432,2026-05-18 17:55:35.386870,2026/05/18 17:55:35.539,0,NVIDIA A100-SXM-64GB,96.39,31860,83
433,2026-05-18 17:55:35.386870,2026/05/18 17:55:35.545,1,NVIDIA A100-SXM-64GB,101.97,31868,56
434,2026-05-18 17:55:35.386870,2026/05/18 17:55:35.601,2,NVIDIA A100-SXM-64GB,91.28,31908,36
435,2026-05-18 17:55:35.386870,2026/05/18 17:55:35.656,3,NVIDIA A100-SXM-64GB,108.46,31880,76
436,2026-05-18 17:55:40.715414,2026/05/18 17:55:40.854,0,NVIDIA A100-SXM-64GB,104.94,31860,77
437,2026-05-18 17:55:40.715414,2026/05/18 17:55:40.911,1,NVIDIA A100-SXM-64GB,96.16,31868,86
438,2026-05-18 17:55:40.715414,2026/05/18 17:55:40.945,2,NVIDIA A100-SXM-64GB,96.18,31908,80
439,2026-05-18 17:55:40.715414,2026/05/18 17:55:40.948,3,NVIDIA A100-SXM-64GB,95.03,31880,73
440,2026-05-18 17:55:46.028373,2026/05/18 17:55:46.228,0,NVIDIA A100-SXM-64GB,111.35,31860,80
441,2026-05-18 17:55:46.028373,2026/05/18 17:55:46.264,1,NVIDIA A100-SXM-64GB,98.03,31868,85
442,2026-05-18 17:55:46.028373,2026/05/18 17:55:46.304,2,NVIDIA A100-SXM-64GB,100.15,31908,84
443,2026-05-18 17:55:46.028373,2026/05/18 17:55:46.307,3,NVIDIA A100-SXM-64GB,99.67,31880,60
444,2026-05-18 17:55:51.375524,2026/05/18 17:55:51.570,0,NVIDIA A100-SXM-64GB,97.42,31860,72
445,2026-05-18 17:55:51.375524,2026/05/18 17:55:51.616,1,NVIDIA A100-SXM-64GB,105.05,31868,89
446,2026-05-18 17:55:51.375524,2026/05/18 17:55:51.619,2,NVIDIA A100-SXM-64GB,109.67,31908,97
447,2026-05-18 17:55:51.375524,2026/05/18 17:55:51.654,3,NVIDIA A100-SXM-64GB,99.94,31880,88
448,2026-05-18 17:55:56.703777,2026/05/18 17:55:56.876,0,NVIDIA A100-SXM-64GB,97.70,31860,79
449,2026-05-18 17:55:56.703777,2026/05/18 17:55:56.879,1,NVIDIA A100-SXM-64GB,105.05,31868,90
450,2026-05-18 17:55:56.703777,2026/05/18 17:55:56.920,2,NVIDIA A100-SXM-64GB,86.15,31908,24
451,2026-05-18 17:55:56.703777,2026/05/18 17:55:56.925,3,NVIDIA A100-SXM-64GB,110.39,31880,94
452,2026-05-18 17:56:02.000051,2026/05/18 17:56:02.175,0,NVIDIA A100-SXM-64GB,74.49,31860,0
453,2026-05-18 17:56:02.000051,2026/05/18 17:56:02.178,1,NVIDIA A100-SXM-64GB,95.56,31868,100
454,2026-05-18 17:56:02.000051,2026/05/18 17:56:02.229,2,NVIDIA A100-SXM-64GB,93.71,31908,100
455,2026-05-18 17:56:02.000051,2026/05/18 17:56:02.233,3,NVIDIA A100-SXM-64GB,94.09,31880,100
456,2026-05-18 17:56:07.298972,2026/05/18 17:56:07.465,0,NVIDIA A100-SXM-64GB,109.22,31860,86
457,2026-05-18 17:56:07.298972,2026/05/18 17:56:07.470,1,NVIDIA A100-SXM-64GB,88.87,31868,50
458,2026-05-18 17:56:07.298972,2026/05/18 17:56:07.498,2,NVIDIA A100-SXM-64GB,109.94,31908,58
459,2026-05-18 17:56:07.298972,2026/05/18 17:56:07.517,3,NVIDIA A100-SXM-64GB,105.70,31880,91
460,2026-05-18 17:56:12.617468,2026/05/18 17:56:12.737,0,NVIDIA A100-SXM-64GB,92.82,31860,100
461,2026-05-18 17:56:12.617468,2026/05/18 17:56:12.752,1,NVIDIA A100-SXM-64GB,86.81,31868,0
462,2026-05-18 17:56:12.617468,2026/05/18 17:56:12.769,2,NVIDIA A100-SXM-64GB,84.52,31908,0
463,2026-05-18 17:56:12.617468,2026/05/18 17:56:12.789,3,NVIDIA A100-SXM-64GB,85.20,31880,0
464,2026-05-18 17:56:17.852372,2026/05/18 17:56:18.040,0,NVIDIA A100-SXM-64GB,103.52,31860,57
465,2026-05-18 17:56:17.852372,2026/05/18 17:56:18.050,1,NVIDIA A100-SXM-64GB,114.66,31868,57
466,2026-05-18 17:56:17.852372,2026/05/18 17:56:18.114,2,NVIDIA A100-SXM-64GB,105.15,31908,47
467,2026-05-18 17:56:17.852372,2026/05/18 17:56:18.121,3,NVIDIA A100-SXM-64GB,94.09,31880,70
468,2026-05-18 17:56:23.200167,2026/05/18 17:56:23.432,0,NVIDIA A100-SXM-64GB,111.02,31860,100
469,2026-05-18 17:56:23.200167,2026/05/18 17:56:23.435,1,NVIDIA A100-SXM-64GB,112.67,31868,34
470,2026-05-18 17:56:23.200167,2026/05/18 17:56:23.437,2,NVIDIA A100-SXM-64GB,109.94,31908,81
471,2026-05-18 17:56:23.200167,2026/05/18 17:56:23.467,3,NVIDIA A100-SXM-64GB,111.66,31880,79
472,2026-05-18 17:56:28.563441,2026/05/18 17:56:28.735,0,NVIDIA A100-SXM-64GB,98.03,31860,76
473,2026-05-18 17:56:28.563441,2026/05/18 17:56:28.738,1,NVIDIA A100-SXM-64GB,102.91,31868,88
474,2026-05-18 17:56:28.563441,2026/05/18 17:56:28.768,2,NVIDIA A100-SXM-64GB,94.03,31908,98
475,2026-05-18 17:56:28.563441,2026/05/18 17:56:28.787,3,NVIDIA A100-SXM-64GB,110.11,31880,54
476,2026-05-18 17:56:33.828030,2026/05/18 17:56:33.999,0,NVIDIA A100-SXM-64GB,106.59,31860,81
477,2026-05-18 17:56:33.828030,2026/05/18 17:56:34.025,1,NVIDIA A100-SXM-64GB,115.14,31868,95
478,2026-05-18 17:56:33.828030,2026/05/18 17:56:34.028,2,NVIDIA A100-SXM-64GB,106.31,31908,77
479,2026-05-18 17:56:33.828030,2026/05/18 17:56:34.075,3,NVIDIA A100-SXM-64GB,110.11,31880,85
480,2026-05-18 17:56:39.184608,2026/05/18 17:56:39.338,0,NVIDIA A100-SXM-64GB,85.52,31860,66
481,2026-05-18 17:56:39.184608,2026/05/18 17:56:39.353,1,NVIDIA A100-SXM-64GB,108.12,31868,60
482,2026-05-18 17:56:39.184608,2026/05/18 17:56:39.370,2,NVIDIA A100-SXM-64GB,85.54,31908,82
483,2026-05-18 17:56:39.184608,2026/05/18 17:56:39.389,3,NVIDIA A100-SXM-64GB,108.57,31880,71
484,2026-05-18 17:56:44.465084,2026/05/18 17:56:44.634,0,NVIDIA A100-SXM-64GB,108.89,31860,86
485,2026-05-18 17:56:44.465084,2026/05/18 17:56:44.654,1,NVIDIA A100-SXM-64GB,111.75,31868,90
486,2026-05-18 17:56:44.465084,2026/05/18 17:56:44.664,2,NVIDIA A100-SXM-64GB,109.06,31908,89
487,2026-05-18 17:56:44.465084,2026/05/18 17:56:44.707,3,NVIDIA A100-SXM-64GB,97.79,31880,74
488,2026-05-18 17:56:49.778828,2026/05/18 17:56:50.174,0,NVIDIA A100-SXM-64GB,107.40,31860,24
489,2026-05-18 17:56:49.778828,2026/05/18 17:56:50.201,1,NVIDIA A100-SXM-64GB,87.33,31868,0
490,2026-05-18 17:56:49.778828,2026/05/18 17:56:50.204,2,NVIDIA A100-SXM-64GB,106.59,31908,49
491,2026-05-18 17:56:49.778828,2026/05/18 17:56:50.258,3,NVIDIA A100-SXM-64GB,110.94,31880,73
492,2026-05-18 17:56:55.296922,2026/05/18 17:56:55.473,0,NVIDIA A100-SXM-64GB,99.23,31860,98
493,2026-05-18 17:56:55.296922,2026/05/18 17:56:55.476,1,NVIDIA A100-SXM-64GB,96.82,31868,90
494,2026-05-18 17:56:55.296922,2026/05/18 17:56:55.525,2,NVIDIA A100-SXM-64GB,105.70,31908,62
495,2026-05-18 17:56:55.296922,2026/05/18 17:56:55.539,3,NVIDIA A100-SXM-64GB,115.64,31880,29
496,2026-05-18 17:57:00.620437,2026/05/18 17:57:00.795,0,NVIDIA A100-SXM-64GB,98.30,31860,100
497,2026-05-18 17:57:00.620437,2026/05/18 17:57:00.798,1,NVIDIA A100-SXM-64GB,109.93,31868,34
498,2026-05-18 17:57:00.620437,2026/05/18 17:57:00.856,2,NVIDIA A100-SXM-64GB,100.15,31908,87
499,2026-05-18 17:57:00.620437,2026/05/18 17:57:00.861,3,NVIDIA A100-SXM-64GB,105.70,31880,100
500,2026-05-18 17:57:05.960484,2026/05/18 17:57:06.104,0,NVIDIA A100-SXM-64GB,95.79,31860,79
501,2026-05-18 17:57:05.960484,2026/05/18 17:57:06.149,1,NVIDIA A100-SXM-64GB,104.72,31868,88
502,2026-05-18 17:57:05.960484,2026/05/18 17:57:06.152,2,NVIDIA A100-SXM-64GB,105.38,31908,83
503,2026-05-18 17:57:05.960484,2026/05/18 17:57:06.166,3,NVIDIA A100-SXM-64GB,98.40,31880,66
504,2026-05-18 17:57:11.242182,2026/05/18 17:57:11.358,0,NVIDIA A100-SXM-64GB,105.54,31860,74
505,2026-05-18 17:57:11.242182,2026/05/18 17:57:11.416,1,NVIDIA A100-SXM-64GB,93.15,31868,58
506,2026-05-18 17:57:11.242182,2026/05/18 17:57:11.419,2,NVIDIA A100-SXM-64GB,105.70,31908,77
507,2026-05-18 17:57:11.242182,2026/05/18 17:57:11.452,3,NVIDIA A100-SXM-64GB,106.91,31880,81
508,2026-05-18 17:57:16.502360,2026/05/18 17:57:16.667,0,NVIDIA A100-SXM-64GB,108.28,31860,93
509,2026-05-18 17:57:16.502360,2026/05/18 17:57:16.672,1,NVIDIA A100-SXM-64GB,90.08,31868,72
510,2026-05-18 17:57:16.502360,2026/05/18 17:57:16.725,2,NVIDIA A100-SXM-64GB,108.73,31908,68
511,2026-05-18 17:57:16.502360,2026/05/18 17:57:16.762,3,NVIDIA A100-SXM-64GB,98.30,31880,87
512,2026-05-18 17:57:21.878345,2026/05/18 17:57:22.048,0,NVIDIA A100-SXM-64GB,108.89,31860,93
513,2026-05-18 17:57:21.878345,2026/05/18 17:57:22.051,1,NVIDIA A100-SXM-64GB,88.26,31868,51
514,2026-05-18 17:57:21.878345,2026/05/18 17:57:22.102,2,NVIDIA A100-SXM-64GB,94.03,31908,93
515,2026-05-18 17:57:21.878345,2026/05/18 17:57:22.153,3,NVIDIA A100-SXM-64GB,110.94,31880,79
516,2026-05-18 17:57:27.205395,2026/05/18 17:57:27.375,0,NVIDIA A100-SXM-64GB,107.79,31860,100
517,2026-05-18 17:57:27.205395,2026/05/18 17:57:27.378,1,NVIDIA A100-SXM-64GB,94.95,31868,75
518,2026-05-18 17:57:27.205395,2026/05/18 17:57:27.435,2,NVIDIA A100-SXM-64GB,101.08,31908,47
519,2026-05-18 17:57:27.205395,2026/05/18 17:57:27.439,3,NVIDIA A100-SXM-64GB,95.36,31880,74
520,2026-05-18 17:57:32.538065,2026/05/18 17:57:32.676,0,NVIDIA A100-SXM-64GB,99.13,31860,100
521,2026-05-18 17:57:32.538065,2026/05/18 17:57:32.712,1,NVIDIA A100-SXM-64GB,101.10,31868,63
522,2026-05-18 17:57:32.538065,2026/05/18 17:57:32.744,2,NVIDIA A100-SXM-64GB,106.59,31908,59
523,2026-05-18 17:57:32.538065,2026/05/18 17:57:32.747,3,NVIDIA A100-SXM-64GB,102.94,31880,90
524,2026-05-18 17:57:37.806946,2026/05/18 17:57:37.995,0,NVIDIA A100-SXM-64GB,104.44,31860,59
525,2026-05-18 17:57:37.806946,2026/05/18 17:57:38.003,1,NVIDIA A100-SXM-64GB,100.44,31868,88
526,2026-05-18 17:57:37.806946,2026/05/18 17:57:38.021,2,NVIDIA A100-SXM-64GB,109.06,31908,70
527,2026-05-18 17:57:37.806946,2026/05/18 17:57:38.032,3,NVIDIA A100-SXM-64GB,98.12,31880,23
528,2026-05-18 17:57:43.147726,2026/05/18 17:57:43.303,0,NVIDIA A100-SXM-64GB,96.06,31860,83
529,2026-05-18 17:57:43.147726,2026/05/18 17:57:43.321,1,NVIDIA A100-SXM-64GB,102.91,31868,56
530,2026-05-18 17:57:43.147726,2026/05/18 17:57:43.364,2,NVIDIA A100-SXM-64GB,105.04,31908,81
531,2026-05-18 17:57:43.147726,2026/05/18 17:57:43.372,3,NVIDIA A100-SXM-64GB,105.36,31880,88
532,2026-05-18 17:57:48.452376,2026/05/18 17:57:48.629,0,NVIDIA A100-SXM-64GB,93.65,31860,99
533,2026-05-18 17:57:48.452376,2026/05/18 17:57:48.632,1,NVIDIA A100-SXM-64GB,113.28,31868,94
534,2026-05-18 17:57:48.452376,2026/05/18 17:57:48.653,2,NVIDIA A100-SXM-64GB,104.77,31908,100
535,2026-05-18 17:57:48.452376,2026/05/18 17:57:48.676,3,NVIDIA A100-SXM-64GB,107.85,31880,92
536,2026-05-18 17:57:53.773560,2026/05/18 17:57:53.955,0,NVIDIA A100-SXM-64GB,106.75,31860,99
537,2026-05-18 17:57:53.773560,2026/05/18 17:57:53.969,1,NVIDIA A100-SXM-64GB,99.84,31868,100
538,2026-05-18 17:57:53.773560,2026/05/18 17:57:54.089,2,NVIDIA A100-SXM-64GB,87.93,31908,33
539,2026-05-18 17:57:53.773560,2026/05/18 17:57:54.092,3,NVIDIA A100-SXM-64GB,96.58,31880,85
540,2026-05-18 17:57:59.223979,2026/05/18 17:57:59.450,0,NVIDIA A100-SXM-64GB,151.30,31860,93
541,2026-05-18 17:57:59.223979,2026/05/18 17:57:59.459,1,NVIDIA A100-SXM-64GB,107.79,31868,58
542,2026-05-18 17:57:59.223979,2026/05/18 17:57:59.496,2,NVIDIA A100-SXM-64GB,99.26,31908,68
543,2026-05-18 17:57:59.223979,2026/05/18 17:57:59.500,3,NVIDIA A100-SXM-64GB,105.70,31880,86
544,2026-05-18 17:58:04.580096,2026/05/18 17:58:04.732,0,NVIDIA A100-SXM-64GB,95.19,31860,83
545,2026-05-18 17:58:04.580096,2026/05/18 17:58:04.760,1,NVIDIA A100-SXM-64GB,102.31,31868,75
546,2026-05-18 17:58:04.580096,2026/05/18 17:58:04.783,2,NVIDIA A100-SXM-64GB,100.75,31908,84
547,2026-05-18 17:58:04.580096,2026/05/18 17:58:04.797,3,NVIDIA A100-SXM-64GB,102.71,31880,65
548,2026-05-18 17:58:09.908805,2026/05/18 17:58:10.084,0,NVIDIA A100-SXM-64GB,98.63,31860,88
549,2026-05-18 17:58:09.908805,2026/05/18 17:58:10.087,1,NVIDIA A100-SXM-64GB,110.26,31868,84
550,2026-05-18 17:58:09.908805,2026/05/18 17:58:10.111,2,NVIDIA A100-SXM-64GB,106.59,31908,99
551,2026-05-18 17:58:09.908805,2026/05/18 17:58:10.157,3,NVIDIA A100-SXM-64GB,107.35,31880,84
552,2026-05-18 17:58:15.210551,2026/05/18 17:58:15.363,0,NVIDIA A100-SXM-64GB,111.96,31860,92
553,2026-05-18 17:58:15.210551,2026/05/18 17:58:15.368,1,NVIDIA A100-SXM-64GB,108.12,31868,57
554,2026-05-18 17:58:15.210551,2026/05/18 17:58:15.427,2,NVIDIA A100-SXM-64GB,100.75,31908,74
555,2026-05-18 17:58:15.210551,2026/05/18 17:58:15.463,3,NVIDIA A100-SXM-64GB,97.52,31880,92
556,2026-05-18 17:58:20.518446,2026/05/18 17:58:20.739,0,NVIDIA A100-SXM-64GB,96.06,31860,100
557,2026-05-18 17:58:20.518446,2026/05/18 17:58:20.742,1,NVIDIA A100-SXM-64GB,95.29,31868,57
558,2026-05-18 17:58:20.518446,2026/05/18 17:58:20.791,2,NVIDIA A100-SXM-64GB,101.91,31908,82
559,2026-05-18 17:58:20.518446,2026/05/18 17:58:20.794,3,NVIDIA A100-SXM-64GB,108.79,31880,33
560,2026-05-18 17:58:25.899756,2026/05/18 17:58:26.059,0,NVIDIA A100-SXM-64GB,104.34,31860,93
561,2026-05-18 17:58:25.899756,2026/05/18 17:58:26.092,1,NVIDIA A100-SXM-64GB,107.08,31868,92
562,2026-05-18 17:58:25.899756,2026/05/18 17:58:26.123,2,NVIDIA A100-SXM-64GB,105.70,31908,64
563,2026-05-18 17:58:25.899756,2026/05/18 17:58:26.126,3,NVIDIA A100-SXM-64GB,103.87,31880,42
564,2026-05-18 17:58:31.217018,2026/05/18 17:58:31.428,0,NVIDIA A100-SXM-64GB,122.97,31860,89
565,2026-05-18 17:58:31.217018,2026/05/18 17:58:31.460,1,NVIDIA A100-SXM-64GB,104.72,31868,73
566,2026-05-18 17:58:31.217018,2026/05/18 17:58:31.504,2,NVIDIA A100-SXM-64GB,96.79,31908,86
567,2026-05-18 17:58:31.217018,2026/05/18 17:58:31.507,3,NVIDIA A100-SXM-64GB,89.18,31880,61
568,2026-05-18 17:58:36.596710,2026/05/18 17:58:36.757,0,NVIDIA A100-SXM-64GB,105.27,31860,100
569,2026-05-18 17:58:36.596710,2026/05/18 17:58:36.760,1,NVIDIA A100-SXM-64GB,97.32,31868,94
570,2026-05-18 17:58:36.596710,2026/05/18 17:58:36.801,2,NVIDIA A100-SXM-64GB,96.79,31908,93
571,2026-05-18 17:58:36.596710,2026/05/18 17:58:36.806,3,NVIDIA A100-SXM-64GB,88.80,31880,68
572,2026-05-18 17:58:41.871837,2026/05/18 17:58:42.056,0,NVIDIA A100-SXM-64GB,100.34,31860,100
573,2026-05-18 17:58:41.871837,2026/05/18 17:58:42.059,1,NVIDIA A100-SXM-64GB,115.02,31868,75
574,2026-05-18 17:58:41.871837,2026/05/18 17:58:42.147,2,NVIDIA A100-SXM-64GB,86.66,31908,31
575,2026-05-18 17:58:41.871837,2026/05/18 17:58:42.152,3,NVIDIA A100-SXM-64GB,95.26,31880,49
576,2026-05-18 17:58:47.244577,2026/05/18 17:58:47.417,0,NVIDIA A100-SXM-64GB,103.13,31860,100
577,2026-05-18 17:58:47.244577,2026/05/18 17:58:47.428,1,NVIDIA A100-SXM-64GB,108.12,31868,64
578,2026-05-18 17:58:47.244577,2026/05/18 17:58:47.438,2,NVIDIA A100-SXM-64GB,106.31,31908,74
579,2026-05-18 17:58:47.244577,2026/05/18 17:58:47.493,3,NVIDIA A100-SXM-64GB,97.42,31880,87
580,2026-05-18 17:58:52.531111,2026/05/18 17:58:52.794,0,NVIDIA A100-SXM-64GB,110.42,31860,30
581,2026-05-18 17:58:52.531111,2026/05/18 17:58:52.797,1,NVIDIA A100-SXM-64GB,115.30,31868,100
582,2026-05-18 17:58:52.531111,2026/05/18 17:58:52.847,2,NVIDIA A100-SXM-64GB,111.09,31908,75
583,2026-05-18 17:58:52.531111,2026/05/18 17:58:52.850,3,NVIDIA A100-SXM-64GB,113.70,31880,100
584,2026-05-18 17:58:57.925257,2026/05/18 17:58:58.065,0,NVIDIA A100-SXM-64GB,95.19,31860,71
585,2026-05-18 17:58:57.925257,2026/05/18 17:58:58.113,1,NVIDIA A100-SXM-64GB,96.16,31868,100
586,2026-05-18 17:58:57.925257,2026/05/18 17:58:58.125,2,NVIDIA A100-SXM-64GB,92.22,31908,23
587,2026-05-18 17:58:57.925257,2026/05/18 17:58:58.141,3,NVIDIA A100-SXM-64GB,97.08,31880,82
588,2026-05-18 17:59:03.246766,2026/05/18 17:59:03.411,0,NVIDIA A100-SXM-64GB,116.83,31860,100
589,2026-05-18 17:59:03.246766,2026/05/18 17:59:03.428,1,NVIDIA A100-SXM-64GB,109.33,31868,53
590,2026-05-18 17:59:03.246766,2026/05/18 17:59:03.431,2,NVIDIA A100-SXM-64GB,106.59,31908,69
591,2026-05-18 17:59:03.246766,2026/05/18 17:59:03.490,3,NVIDIA A100-SXM-64GB,107.85,31880,81
592,2026-05-18 17:59:08.531294,2026/05/18 17:59:08.710,0,NVIDIA A100-SXM-64GB,95.46,31860,100
593,2026-05-18 17:59:08.531294,2026/05/18 17:59:08.713,1,NVIDIA A100-SXM-64GB,111.35,31868,83
594,2026-05-18 17:59:08.531294,2026/05/18 17:59:08.723,2,NVIDIA A100-SXM-64GB,103.84,31908,60
595,2026-05-18 17:59:08.531294,2026/05/18 17:59:08.775,3,NVIDIA A100-SXM-64GB,107.52,31880,36
596,2026-05-18 17:59:13.818895,2026/05/18 17:59:14.009,0,NVIDIA A100-SXM-64GB,100.34,31860,87
597,2026-05-18 17:59:13.818895,2026/05/18 17:59:14.020,1,NVIDIA A100-SXM-64GB,98.03,31868,100
598,2026-05-18 17:59:13.818895,2026/05/18 17:59:14.056,2,NVIDIA A100-SXM-64GB,96.18,31908,61
599,2026-05-18 17:59:13.818895,2026/05/18 17:59:14.088,3,NVIDIA A100-SXM-64GB,90.45,31880,34
600,2026-05-18 17:59:19.137866,2026/05/18 17:59:19.324,0,NVIDIA A100-SXM-64GB,97.60,31860,95
601,2026-05-18 17:59:19.137866,2026/05/18 17:59:19.352,1,NVIDIA A100-SXM-64GB,113.16,31868,69
602,2026-05-18 17:59:19.137866,2026/05/18 17:59:19.407,2,NVIDIA A100-SXM-64GB,100.98,31908,98
603,2026-05-18 17:59:19.137866,2026/05/18 17:59:19.448,3,NVIDIA A100-SXM-64GB,105.36,31880,77
604,2026-05-18 17:59:24.487324,2026/05/18 17:59:24.669,0,NVIDIA A100-SXM-64GB,93.65,31860,96
605,2026-05-18 17:59:24.487324,2026/05/18 17:59:24.671,1,NVIDIA A100-SXM-64GB,93.75,31868,19
606,2026-05-18 17:59:24.487324,2026/05/18 17:59:24.707,2,NVIDIA A100-SXM-64GB,95.48,31908,45
607,2026-05-18 17:59:24.487324,2026/05/18 17:59:24.710,3,NVIDIA A100-SXM-64GB,95.97,31880,83
608,2026-05-18 17:59:29.808903,2026/05/18 17:59:29.997,0,NVIDIA A100-SXM-64GB,107.68,31860,95
609,2026-05-18 17:59:29.808903,2026/05/18 17:59:30.000,1,NVIDIA A100-SXM-64GB,106.26,31868,70
610,2026-05-18 17:59:29.808903,2026/05/18 17:59:30.008,2,NVIDIA A100-SXM-64GB,90.35,31908,69
611,2026-05-18 17:59:29.808903,2026/05/18 17:59:30.082,3,NVIDIA A100-SXM-64GB,105.36,31880,55
612,2026-05-18 17:59:35.140593,2026/05/18 17:59:35.306,0,NVIDIA A100-SXM-64GB,107.08,31860,100
613,2026-05-18 17:59:35.140593,2026/05/18 17:59:35.326,1,NVIDIA A100-SXM-64GB,96.49,31868,60
614,2026-05-18 17:59:35.140593,2026/05/18 17:59:35.330,2,NVIDIA A100-SXM-64GB,87.27,31908,60
615,2026-05-18 17:59:35.140593,2026/05/18 17:59:35.394,3,NVIDIA A100-SXM-64GB,99.24,31880,62
616,2026-05-18 17:59:40.434085,2026/05/18 17:59:40.613,0,NVIDIA A100-SXM-64GB,102.48,31860,100
617,2026-05-18 17:59:40.434085,2026/05/18 17:59:40.616,1,NVIDIA A100-SXM-64GB,112.28,31868,89
618,2026-05-18 17:59:40.434085,2026/05/18 17:59:40.621,2,NVIDIA A100-SXM-64GB,108.46,31908,58
619,2026-05-18 17:59:40.434085,2026/05/18 17:59:40.668,3,NVIDIA A100-SXM-64GB,92.18,31880,98
620,2026-05-18 17:59:45.753443,2026/05/18 17:59:45.927,0,NVIDIA A100-SXM-64GB,113.76,31860,89
621,2026-05-18 17:59:45.753443,2026/05/18 17:59:45.970,1,NVIDIA A100-SXM-64GB,96.49,31868,65
622,2026-05-18 17:59:45.753443,2026/05/18 17:59:46.021,2,NVIDIA A100-SXM-64GB,97.39,31908,75
623,2026-05-18 17:59:45.753443,2026/05/18 17:59:46.025,3,NVIDIA A100-SXM-64GB,108.29,31880,78
624,2026-05-18 17:59:51.100091,2026/05/18 17:59:51.267,0,NVIDIA A100-SXM-64GB,94.58,31860,100
625,2026-05-18 17:59:51.100091,2026/05/18 17:59:51.272,1,NVIDIA A100-SXM-64GB,105.05,31868,80
626,2026-05-18 17:59:51.100091,2026/05/18 17:59:51.333,2,NVIDIA A100-SXM-64GB,106.92,31908,23
627,2026-05-18 17:59:51.100091,2026/05/18 17:59:51.336,3,NVIDIA A100-SXM-64GB,104.59,31880,48
628,2026-05-18 17:59:56.423973,2026/05/18 17:59:56.600,0,NVIDIA A100-SXM-64GB,106.48,31860,96
629,2026-05-18 17:59:56.423973,2026/05/18 17:59:56.623,1,NVIDIA A100-SXM-64GB,98.30,31868,72
630,2026-05-18 17:59:56.423973,2026/05/18 17:59:56.649,2,NVIDIA A100-SXM-64GB,106.31,31908,51
631,2026-05-18 17:59:56.423973,2026/05/18 17:59:56.691,3,NVIDIA A100-SXM-64GB,98.64,31880,65
632,2026-05-18 18:00:01.751876,2026/05/18 18:00:01.899,0,NVIDIA A100-SXM-64GB,98.63,31860,83
633,2026-05-18 18:00:01.751876,2026/05/18 18:00:01.958,1,NVIDIA A100-SXM-64GB,116.68,31868,97
634,2026-05-18 18:00:01.751876,2026/05/18 18:00:02.005,2,NVIDIA A100-SXM-64GB,84.85,31908,27
635,2026-05-18 18:00:01.751876,2026/05/18 18:00:02.008,3,NVIDIA A100-SXM-64GB,104.86,31880,28
636,2026-05-18 18:00:07.080063,2026/05/18 18:00:07.252,0,NVIDIA A100-SXM-64GB,108.89,31860,100
637,2026-05-18 18:00:07.080063,2026/05/18 18:00:07.255,1,NVIDIA A100-SXM-64GB,89.80,31868,74
638,2026-05-18 18:00:07.080063,2026/05/18 18:00:07.304,2,NVIDIA A100-SXM-64GB,95.86,31908,100
639,2026-05-18 18:00:07.080063,2026/05/18 18:00:07.356,3,NVIDIA A100-SXM-64GB,88.47,31880,66
640,2026-05-18 18:00:12.432680,2026/05/18 18:00:12.597,0,NVIDIA A100-SXM-64GB,152.84,31860,83
641,2026-05-18 18:00:12.432680,2026/05/18 18:00:12.624,1,NVIDIA A100-SXM-64GB,102.91,31868,89
642,2026-05-18 18:00:12.432680,2026/05/18 18:00:12.695,2,NVIDIA A100-SXM-64GB,85.78,31908,73
643,2026-05-18 18:00:12.432680,2026/05/18 18:00:12.730,3,NVIDIA A100-SXM-64GB,95.03,31880,69
644,2026-05-18 18:00:17.800640,2026/05/18 18:00:17.974,0,NVIDIA A100-SXM-64GB,74.49,31860,0
645,2026-05-18 18:00:17.800640,2026/05/18 18:00:18.027,1,NVIDIA A100-SXM-64GB,95.89,31868,100
646,2026-05-18 18:00:17.800640,2026/05/18 18:00:18.030,2,NVIDIA A100-SXM-64GB,93.71,31908,100
647,2026-05-18 18:00:17.800640,2026/05/18 18:00:18.067,3,NVIDIA A100-SXM-64GB,94.09,31880,100
648,2026-05-18 18:00:23.141806,2026/05/18 18:00:23.322,0,NVIDIA A100-SXM-64GB,93.65,31860,59
649,2026-05-18 18:00:23.141806,2026/05/18 18:00:23.326,1,NVIDIA A100-SXM-64GB,109.60,31868,71
650,2026-05-18 18:00:23.141806,2026/05/18 18:00:23.345,2,NVIDIA A100-SXM-64GB,103.55,31908,41
651,2026-05-18 18:00:23.141806,2026/05/18 18:00:23.385,3,NVIDIA A100-SXM-64GB,113.70,31880,79
652,2026-05-18 18:00:28.478926,2026/05/18 18:00:28.731,0,NVIDIA A100-SXM-64GB,93.32,31860,57
653,2026-05-18 18:00:28.478926,2026/05/18 18:00:28.734,1,NVIDIA A100-SXM-64GB,87.66,31868,16
654,2026-05-18 18:00:28.478926,2026/05/18 18:00:28.740,2,NVIDIA A100-SXM-64GB,108.73,31908,93
655,2026-05-18 18:00:28.478926,2026/05/18 18:00:28.794,3,NVIDIA A100-SXM-64GB,96.15,31880,89
656,2026-05-18 18:00:33.867491,2026/05/18 18:00:34.046,0,NVIDIA A100-SXM-64GB,93.05,31860,100
657,2026-05-18 18:00:33.867491,2026/05/18 18:00:34.049,1,NVIDIA A100-SXM-64GB,76.36,31868,0
658,2026-05-18 18:00:33.867491,2026/05/18 18:00:34.089,2,NVIDIA A100-SXM-64GB,93.71,31908,100
659,2026-05-18 18:00:33.867491,2026/05/18 18:00:34.138,3,NVIDIA A100-SXM-64GB,94.09,31880,100
660,2026-05-18 18:00:39.184396,2026/05/18 18:00:39.359,0,NVIDIA A100-SXM-64GB,149.16,31860,97
661,2026-05-18 18:00:39.184396,2026/05/18 18:00:39.369,1,NVIDIA A100-SXM-64GB,107.79,31868,46
662,2026-05-18 18:00:39.184396,2026/05/18 18:00:39.396,2,NVIDIA A100-SXM-64GB,86.39,31908,25
663,2026-05-18 18:00:39.184396,2026/05/18 18:00:39.399,3,NVIDIA A100-SXM-64GB,101.50,31880,63
664,2026-05-18 18:00:44.496653,2026/05/18 18:00:44.676,0,NVIDIA A100-SXM-64GB,101.87,31860,93
665,2026-05-18 18:00:44.496653,2026/05/18 18:00:44.681,1,NVIDIA A100-SXM-64GB,109.33,31868,100
666,2026-05-18 18:00:44.496653,2026/05/18 18:00:44.712,2,NVIDIA A100-SXM-64GB,100.75,31908,64
667,2026-05-18 18:00:44.496653,2026/05/18 18:00:44.757,3,NVIDIA A100-SXM-64GB,99.24,31880,78
668,2026-05-18 18:00:49.815346,2026/05/18 18:00:49.984,0,NVIDIA A100-SXM-64GB,93.75,31860,93
669,2026-05-18 18:00:49.815346,2026/05/18 18:00:49.993,1,NVIDIA A100-SXM-64GB,107.40,31868,61
670,2026-05-18 18:00:49.815346,2026/05/18 18:00:50.037,2,NVIDIA A100-SXM-64GB,89.42,31908,37
671,2026-05-18 18:00:49.815346,2026/05/18 18:00:50.040,3,NVIDIA A100-SXM-64GB,99.67,31880,62
672,2026-05-18 18:00:55.117542,2026/05/18 18:00:55.296,0,NVIDIA A100-SXM-64GB,107.08,31860,76
673,2026-05-18 18:00:55.117542,2026/05/18 18:00:55.299,1,NVIDIA A100-SXM-64GB,101.10,31868,100
674,2026-05-18 18:00:55.117542,2026/05/18 18:00:55.371,2,NVIDIA A100-SXM-64GB,104.93,31908,93
675,2026-05-18 18:00:55.117542,2026/05/18 18:00:55.374,3,NVIDIA A100-SXM-64GB,106.03,31880,40
676,2026-05-18 18:01:00.482292,2026/05/18 18:01:00.691,0,NVIDIA A100-SXM-64GB,98.03,31860,77
677,2026-05-18 18:01:00.482292,2026/05/18 18:01:00.733,1,NVIDIA A100-SXM-64GB,101.87,31868,91
678,2026-05-18 18:01:00.482292,2026/05/18 18:01:00.763,2,NVIDIA A100-SXM-64GB,105.70,31908,86
679,2026-05-18 18:01:00.482292,2026/05/18 18:01:00.766,3,NVIDIA A100-SXM-64GB,104.59,31880,83
680,2026-05-18 18:01:05.855395,2026/05/18 18:01:06.058,0,NVIDIA A100-SXM-64GB,94.68,31860,100
681,2026-05-18 18:01:05.855395,2026/05/18 18:01:06.061,1,NVIDIA A100-SXM-64GB,102.58,31868,56
682,2026-05-18 18:01:05.855395,2026/05/18 18:01:06.139,2,NVIDIA A100-SXM-64GB,89.14,31908,36
683,2026-05-18 18:01:05.855395,2026/05/18 18:01:06.142,3,NVIDIA A100-SXM-64GB,108.79,31880,72
684,2026-05-18 18:01:11.245442,2026/05/18 18:01:11.409,0,NVIDIA A100-SXM-64GB,107.68,31860,90
685,2026-05-18 18:01:11.245442,2026/05/18 18:01:11.439,1,NVIDIA A100-SXM-64GB,98.96,31868,92
686,2026-05-18 18:01:11.245442,2026/05/18 18:01:11.451,2,NVIDIA A100-SXM-64GB,113.02,31908,58
687,2026-05-18 18:01:11.245442,2026/05/18 18:01:11.497,3,NVIDIA A100-SXM-64GB,99.34,31880,48
688,2026-05-18 18:01:16.569471,2026/05/18 18:01:16.788,0,NVIDIA A100-SXM-64GB,94.26,31860,100
689,2026-05-18 18:01:16.569471,2026/05/18 18:01:16.836,1,NVIDIA A100-SXM-64GB,109.22,31868,24
690,2026-05-18 18:01:16.569471,2026/05/18 18:01:16.839,2,NVIDIA A100-SXM-64GB,101.41,31908,68
691,2026-05-18 18:01:16.569471,2026/05/18 18:01:16.887,3,NVIDIA A100-SXM-64GB,103.54,31880,53
692,2026-05-18 18:01:21.951739,2026/05/18 18:01:22.140,0,NVIDIA A100-SXM-64GB,106.48,31860,91
693,2026-05-18 18:01:21.951739,2026/05/18 18:01:22.143,1,NVIDIA A100-SXM-64GB,107.51,31868,92
694,2026-05-18 18:01:21.951739,2026/05/18 18:01:22.192,2,NVIDIA A100-SXM-64GB,108.13,31908,74
695,2026-05-18 18:01:21.951739,2026/05/18 18:01:22.207,3,NVIDIA A100-SXM-64GB,104.59,31880,84
696,2026-05-18 18:01:27.313339,2026/05/18 18:01:27.479,0,NVIDIA A100-SXM-64GB,97.32,31860,89
697,2026-05-18 18:01:27.313339,2026/05/18 18:01:27.488,1,NVIDIA A100-SXM-64GB,101.70,31868,49
698,2026-05-18 18:01:27.313339,2026/05/18 18:01:27.499,2,NVIDIA A100-SXM-64GB,100.75,31908,85
699,2026-05-18 18:01:27.313339,2026/05/18 18:01:27.594,3,NVIDIA A100-SXM-64GB,94.76,31880,36
700,2026-05-18 18:01:32.639327,2026/05/18 18:01:32.812,0,NVIDIA A100-SXM-64GB,93.98,31860,66
701,2026-05-18 18:01:32.639327,2026/05/18 18:01:32.852,1,NVIDIA A100-SXM-64GB,102.58,31868,89
702,2026-05-18 18:01:32.639327,2026/05/18 18:01:32.866,2,NVIDIA A100-SXM-64GB,106.31,31908,100
703,2026-05-18 18:01:32.639327,2026/05/18 18:01:32.898,3,NVIDIA A100-SXM-64GB,106.30,31880,53
704,2026-05-18 18:01:37.968370,2026/05/18 18:01:38.138,0,NVIDIA A100-SXM-64GB,106.48,31860,63
705,2026-05-18 18:01:37.968370,2026/05/18 18:01:38.140,1,NVIDIA A100-SXM-64GB,104.12,31868,100
706,2026-05-18 18:01:37.968370,2026/05/18 18:01:38.214,2,NVIDIA A100-SXM-64GB,107.19,31908,100
707,2026-05-18 18:01:37.968370,2026/05/18 18:01:38.245,3,NVIDIA A100-SXM-64GB,106.63,31880,68
708,2026-05-18 18:01:43.338629,2026/05/18 18:01:43.489,0,NVIDIA A100-SXM-64GB,109.49,31860,86
709,2026-05-18 18:01:43.338629,2026/05/18 18:01:43.523,1,NVIDIA A100-SXM-64GB,141.54,31868,100
710,2026-05-18 18:01:43.338629,2026/05/18 18:01:43.569,2,NVIDIA A100-SXM-64GB,97.72,31908,90
711,2026-05-18 18:01:43.338629,2026/05/18 18:01:43.599,3,NVIDIA A100-SXM-64GB,89.78,31880,82
712,2026-05-18 18:01:48.669797,2026/05/18 18:01:48.856,0,NVIDIA A100-SXM-64GB,102.31,31860,100
713,2026-05-18 18:01:48.669797,2026/05/18 18:01:48.859,1,NVIDIA A100-SXM-64GB,98.30,31868,65
714,2026-05-18 18:01:48.669797,2026/05/18 18:01:48.900,2,NVIDIA A100-SXM-64GB,106.31,31908,74
715,2026-05-18 18:01:48.669797,2026/05/18 18:01:48.937,3,NVIDIA A100-SXM-64GB,99.01,31880,49
716,2026-05-18 18:01:54.011332,2026/05/18 18:01:54.208,0,NVIDIA A100-SXM-64GB,98.63,31860,83
717,2026-05-18 18:01:54.011332,2026/05/18 18:01:54.282,1,NVIDIA A100-SXM-64GB,87.00,31868,62
718,2026-05-18 18:01:54.011332,2026/05/18 18:01:54.284,2,NVIDIA A100-SXM-64GB,91.56,31908,75
719,2026-05-18 18:01:54.011332,2026/05/18 18:01:54.325,3,NVIDIA A100-SXM-64GB,87.02,31880,49
720,2026-05-18 18:01:59.397600,2026/05/18 18:01:59.597,0,NVIDIA A100-SXM-64GB,101.60,31860,100
721,2026-05-18 18:01:59.397600,2026/05/18 18:01:59.628,1,NVIDIA A100-SXM-64GB,102.58,31868,99
722,2026-05-18 18:01:59.397600,2026/05/18 18:01:59.634,2,NVIDIA A100-SXM-64GB,96.79,31908,43
723,2026-05-18 18:01:59.397600,2026/05/18 18:01:59.691,3,NVIDIA A100-SXM-64GB,95.97,31880,70
724,2026-05-18 18:02:04.745396,2026/05/18 18:02:04.946,0,NVIDIA A100-SXM-64GB,103.52,31860,93
725,2026-05-18 18:02:04.745396,2026/05/18 18:02:04.958,1,NVIDIA A100-SXM-64GB,111.46,31868,84
726,2026-05-18 18:02:04.745396,2026/05/18 18:02:05.003,2,NVIDIA A100-SXM-64GB,103.84,31908,87
727,2026-05-18 18:02:04.745396,2026/05/18 18:02:05.012,3,NVIDIA A100-SXM-64GB,102.71,31880,81
728,2026-05-18 18:02:10.090093,2026/05/18 18:02:10.221,0,NVIDIA A100-SXM-64GB,102.48,31860,79
729,2026-05-18 18:02:10.090093,2026/05/18 18:02:10.270,1,NVIDIA A100-SXM-64GB,106.59,31868,100
730,2026-05-18 18:02:10.090093,2026/05/18 18:02:10.302,2,NVIDIA A100-SXM-64GB,105.98,31908,91
731,2026-05-18 18:02:10.090093,2026/05/18 18:02:10.335,3,NVIDIA A100-SXM-64GB,98.40,31880,63
732,2026-05-18 18:02:15.400433,2026/05/18 18:02:15.578,0,NVIDIA A100-SXM-64GB,103.74,31860,100
733,2026-05-18 18:02:15.400433,2026/05/18 18:02:15.581,1,NVIDIA A100-SXM-64GB,97.20,31868,73
734,2026-05-18 18:02:15.400433,2026/05/18 18:02:15.629,2,NVIDIA A100-SXM-64GB,85.45,31908,39
735,2026-05-18 18:02:15.400433,2026/05/18 18:02:15.633,3,NVIDIA A100-SXM-64GB,107.52,31880,69
736,2026-05-18 18:02:20.735248,2026/05/18 18:02:20.886,0,NVIDIA A100-SXM-64GB,109.49,31860,100
737,2026-05-18 18:02:20.735248,2026/05/18 18:02:20.889,1,NVIDIA A100-SXM-64GB,99.57,31868,66
738,2026-05-18 18:02:20.735248,2026/05/18 18:02:20.951,2,NVIDIA A100-SXM-64GB,95.58,31908,49
739,2026-05-18 18:02:20.735248,2026/05/18 18:02:20.954,3,NVIDIA A100-SXM-64GB,97.79,31880,65
740,2026-05-18 18:02:26.055369,2026/05/18 18:02:26.235,0,NVIDIA A100-SXM-64GB,93.05,31860,100
741,2026-05-18 18:02:26.055369,2026/05/18 18:02:26.238,1,NVIDIA A100-SXM-64GB,98.30,31868,97
742,2026-05-18 18:02:26.055369,2026/05/18 18:02:26.242,2,NVIDIA A100-SXM-64GB,86.06,31908,30
743,2026-05-18 18:02:26.055369,2026/05/18 18:02:26.298,3,NVIDIA A100-SXM-64GB,103.87,31880,84
744,2026-05-18 18:02:31.378247,2026/05/18 18:02:31.549,0,NVIDIA A100-SXM-64GB,106.48,31860,63
745,2026-05-18 18:02:31.378247,2026/05/18 18:02:31.623,1,NVIDIA A100-SXM-64GB,99.84,31868,99
746,2026-05-18 18:02:31.378247,2026/05/18 18:02:31.626,2,NVIDIA A100-SXM-64GB,99.87,31908,97
747,2026-05-18 18:02:31.378247,2026/05/18 18:02:31.662,3,NVIDIA A100-SXM-64GB,109.06,31880,70
748,2026-05-18 18:02:36.726295,2026/05/18 18:02:36.866,0,NVIDIA A100-SXM-64GB,97.10,31860,82
749,2026-05-18 18:02:36.726295,2026/05/18 18:02:36.882,1,NVIDIA A100-SXM-64GB,102.58,31868,95
750,2026-05-18 18:02:36.726295,2026/05/18 18:02:36.948,2,NVIDIA A100-SXM-64GB,93.71,31908,65
751,2026-05-18 18:02:36.726295,2026/05/18 18:02:36.951,3,NVIDIA A100-SXM-64GB,93.49,31880,75
752,2026-05-18 18:02:42.025599,2026/05/18 18:02:42.217,0,NVIDIA A100-SXM-64GB,94.35,31860,100
753,2026-05-18 18:02:42.025599,2026/05/18 18:02:42.221,1,NVIDIA A100-SXM-64GB,95.29,31868,98
754,2026-05-18 18:02:42.025599,2026/05/18 18:02:42.262,2,NVIDIA A100-SXM-64GB,105.98,31908,100
755,2026-05-18 18:02:42.025599,2026/05/18 18:02:42.265,3,NVIDIA A100-SXM-64GB,86.41,31880,29
756,2026-05-18 18:02:47.341369,2026/05/18 18:02:47.496,0,NVIDIA A100-SXM-64GB,153.17,31860,100
757,2026-05-18 18:02:47.341369,2026/05/18 18:02:47.500,1,NVIDIA A100-SXM-64GB,105.65,31868,83
758,2026-05-18 18:02:47.341369,2026/05/18 18:02:47.548,2,NVIDIA A100-SXM-64GB,100.75,31908,58
759,2026-05-18 18:02:47.341369,2026/05/18 18:02:47.551,3,NVIDIA A100-SXM-64GB,108.79,31880,95
760,2026-05-18 18:02:52.627812,2026/05/18 18:02:52.806,0,NVIDIA A100-SXM-64GB,94.08,31860,100
761,2026-05-18 18:02:52.627812,2026/05/18 18:02:52.867,1,NVIDIA A100-SXM-64GB,97.80,31868,43
762,2026-05-18 18:02:52.627812,2026/05/18 18:02:52.894,2,NVIDIA A100-SXM-64GB,112.42,31908,25
763,2026-05-18 18:02:52.627812,2026/05/18 18:02:52.897,3,NVIDIA A100-SXM-64GB,154.10,31880,100
764,2026-05-18 18:02:58.006430,2026/05/18 18:02:58.182,0,NVIDIA A100-SXM-64GB,105.87,31860,99
765,2026-05-18 18:02:58.006430,2026/05/18 18:02:58.221,1,NVIDIA A100-SXM-64GB,104.44,31868,100
766,2026-05-18 18:02:58.006430,2026/05/18 18:02:58.230,2,NVIDIA A100-SXM-64GB,106.31,31908,88
767,2026-05-18 18:02:58.006430,2026/05/18 18:02:58.246,3,NVIDIA A100-SXM-64GB,104.15,31880,51
768,2026-05-18 18:03:03.353985,2026/05/18 18:03:03.508,0,NVIDIA A100-SXM-64GB,94.95,31860,100
769,2026-05-18 18:03:03.353985,2026/05/18 18:03:03.561,1,NVIDIA A100-SXM-64GB,96.49,31868,61
770,2026-05-18 18:03:03.353985,2026/05/18 18:03:03.564,2,NVIDIA A100-SXM-64GB,107.19,31908,19
771,2026-05-18 18:03:03.353985,2026/05/18 18:03:03.609,3,NVIDIA A100-SXM-64GB,94.09,31880,74
772,2026-05-18 18:03:08.686351,2026/05/18 18:03:08.868,0,NVIDIA A100-SXM-64GB,104.94,31860,60
773,2026-05-18 18:03:08.686351,2026/05/18 18:03:08.917,1,NVIDIA A100-SXM-64GB,105.65,31868,99
774,2026-05-18 18:03:08.686351,2026/05/18 18:03:08.962,2,NVIDIA A100-SXM-64GB,105.04,31908,98
775,2026-05-18 18:03:08.686351,2026/05/18 18:03:08.966,3,NVIDIA A100-SXM-64GB,103.04,31880,84
776,2026-05-18 18:03:14.057599,2026/05/18 18:03:14.198,0,NVIDIA A100-SXM-64GB,95.29,31860,100
777,2026-05-18 18:03:14.057599,2026/05/18 18:03:14.244,1,NVIDIA A100-SXM-64GB,87.75,31868,78
778,2026-05-18 18:03:14.057599,2026/05/18 18:03:14.247,2,NVIDIA A100-SXM-64GB,106.59,31908,30
779,2026-05-18 18:03:14.057599,2026/05/18 18:03:14.257,3,NVIDIA A100-SXM-64GB,100.89,31880,100
780,2026-05-18 18:03:19.389671,2026/05/18 18:03:19.572,0,NVIDIA A100-SXM-64GB,102.48,31860,89
781,2026-05-18 18:03:19.389671,2026/05/18 18:03:19.613,1,NVIDIA A100-SXM-64GB,101.70,31868,95
782,2026-05-18 18:03:19.389671,2026/05/18 18:03:19.617,2,NVIDIA A100-SXM-64GB,85.12,31908,54
783,2026-05-18 18:03:19.389671,2026/05/18 18:03:19.657,3,NVIDIA A100-SXM-64GB,96.75,31880,74
784,2026-05-18 18:03:24.702848,2026/05/18 18:03:24.890,0,NVIDIA A100-SXM-64GB,104.01,31860,100
785,2026-05-18 18:03:24.702848,2026/05/18 18:03:24.894,1,NVIDIA A100-SXM-64GB,100.77,31868,91
786,2026-05-18 18:03:24.702848,2026/05/18 18:03:24.904,2,NVIDIA A100-SXM-64GB,94.64,31908,70
787,2026-05-18 18:03:24.702848,2026/05/18 18:03:24.966,3,NVIDIA A100-SXM-64GB,89.09,31880,61
788,2026-05-18 18:03:30.043286,2026/05/18 18:03:30.203,0,NVIDIA A100-SXM-64GB,94.95,31860,86
789,2026-05-18 18:03:30.043286,2026/05/18 18:03:30.236,1,NVIDIA A100-SXM-64GB,108.39,31868,60
790,2026-05-18 18:03:30.043286,2026/05/18 18:03:30.272,2,NVIDIA A100-SXM-64GB,111.21,31908,50
791,2026-05-18 18:03:30.043286,2026/05/18 18:03:30.275,3,NVIDIA A100-SXM-64GB,110.11,31880,100
792,2026-05-18 18:03:35.382824,2026/05/18 18:03:35.553,0,NVIDIA A100-SXM-64GB,105.87,31860,91
793,2026-05-18 18:03:35.382824,2026/05/18 18:03:35.567,1,NVIDIA A100-SXM-64GB,107.79,31868,90
794,2026-05-18 18:03:35.382824,2026/05/18 18:03:35.594,2,NVIDIA A100-SXM-64GB,99.16,31908,49
795,2026-05-18 18:03:35.382824,2026/05/18 18:03:35.625,3,NVIDIA A100-SXM-64GB,107.52,31880,74
796,2026-05-18 18:03:40.748683,2026/05/18 18:03:40.956,0,NVIDIA A100-SXM-64GB,107.08,31860,88
797,2026-05-18 18:03:40.748683,2026/05/18 18:03:41.001,1,NVIDIA A100-SXM-64GB,106.48,31868,90
798,2026-05-18 18:03:40.748683,2026/05/18 18:03:41.007,2,NVIDIA A100-SXM-64GB,102.01,31908,85
799,2026-05-18 18:03:40.748683,2026/05/18 18:03:41.019,3,NVIDIA A100-SXM-64GB,101.06,31880,91
800,2026-05-18 18:03:46.097783,2026/05/18 18:03:46.271,0,NVIDIA A100-SXM-64GB,93.32,31860,98
801,2026-05-18 18:03:46.097783,2026/05/18 18:03:46.287,1,NVIDIA A100-SXM-64GB,109.33,31868,100
802,2026-05-18 18:03:46.097783,2026/05/18 18:03:46.306,2,NVIDIA A100-SXM-64GB,107.85,31908,45
803,2026-05-18 18:03:46.097783,2026/05/18 18:03:46.321,3,NVIDIA A100-SXM-64GB,109.39,31880,59
804,2026-05-18 18:03:51.426284,2026/05/18 18:03:51.605,0,NVIDIA A100-SXM-64GB,100.06,31860,100
805,2026-05-18 18:03:51.426284,2026/05/18 18:03:51.612,1,NVIDIA A100-SXM-64GB,107.19,31868,92
806,2026-05-18 18:03:51.426284,2026/05/18 18:03:51.628,2,NVIDIA A100-SXM-64GB,105.98,31908,100
807,2026-05-18 18:03:51.426284,2026/05/18 18:03:51.672,3,NVIDIA A100-SXM-64GB,106.74,31880,95
808,2026-05-18 18:03:56.761409,2026/05/18 18:03:56.946,0,NVIDIA A100-SXM-64GB,89.71,31860,41
809,2026-05-18 18:03:56.761409,2026/05/18 18:03:56.949,1,NVIDIA A100-SXM-64GB,107.51,31868,70
810,2026-05-18 18:03:56.761409,2026/05/18 18:03:56.973,2,NVIDIA A100-SXM-64GB,109.23,31908,38
811,2026-05-18 18:03:56.761409,2026/05/18 18:03:56.991,3,NVIDIA A100-SXM-64GB,106.91,31880,89
812,2026-05-18 18:04:02.060357,2026/05/18 18:04:02.241,0,NVIDIA A100-SXM-64GB,98.53,31860,39
813,2026-05-18 18:04:02.060357,2026/05/18 18:04:02.272,1,NVIDIA A100-SXM-64GB,109.00,31868,100
814,2026-05-18 18:04:02.060357,2026/05/18 18:04:02.275,2,NVIDIA A100-SXM-64GB,101.31,31908,84
815,2026-05-18 18:04:02.060357,2026/05/18 18:04:02.292,3,NVIDIA A100-SXM-64GB,112.76,31880,60
816,2026-05-18 18:04:07.388642,2026/05/18 18:04:07.633,0,NVIDIA A100-SXM-64GB,109.82,31860,100
817,2026-05-18 18:04:07.388642,2026/05/18 18:04:07.636,1,NVIDIA A100-SXM-64GB,110.26,31868,93
818,2026-05-18 18:04:07.388642,2026/05/18 18:04:07.674,2,NVIDIA A100-SXM-64GB,109.67,31908,100
819,2026-05-18 18:04:07.388642,2026/05/18 18:04:07.687,3,NVIDIA A100-SXM-64GB,109.06,31880,90
820,2026-05-18 18:04:12.737411,2026/05/18 18:04:12.925,0,NVIDIA A100-SXM-64GB,94.26,31860,99
821,2026-05-18 18:04:12.737411,2026/05/18 18:04:12.928,1,NVIDIA A100-SXM-64GB,95.29,31868,51
822,2026-05-18 18:04:12.737411,2026/05/18 18:04:12.966,2,NVIDIA A100-SXM-64GB,109.83,31908,78
823,2026-05-18 18:04:12.737411,2026/05/18 18:04:12.981,3,NVIDIA A100-SXM-64GB,108.18,31880,33
824,2026-05-18 18:04:18.049077,2026/05/18 18:04:18.229,0,NVIDIA A100-SXM-64GB,93.32,31860,84
825,2026-05-18 18:04:18.049077,2026/05/18 18:04:18.232,1,NVIDIA A100-SXM-64GB,108.61,31868,99
826,2026-05-18 18:04:18.049077,2026/05/18 18:04:18.237,2,NVIDIA A100-SXM-64GB,105.87,31908,100
827,2026-05-18 18:04:18.049077,2026/05/18 18:04:18.330,3,NVIDIA A100-SXM-64GB,109.06,31880,71
828,2026-05-18 18:04:23.404874,2026/05/18 18:04:23.547,0,NVIDIA A100-SXM-64GB,111.96,31860,68
829,2026-05-18 18:04:23.404874,2026/05/18 18:04:23.606,1,NVIDIA A100-SXM-64GB,103.13,31868,99
830,2026-05-18 18:04:23.404874,2026/05/18 18:04:23.638,2,NVIDIA A100-SXM-64GB,94.03,31908,94
831,2026-05-18 18:04:23.404874,2026/05/18 18:04:23.672,3,NVIDIA A100-SXM-64GB,85.39,31880,20
832,2026-05-18 18:04:28.753715,2026/05/18 18:04:28.972,0,NVIDIA A100-SXM-64GB,105.54,31860,75
833,2026-05-18 18:04:28.753715,2026/05/18 18:04:28.975,1,NVIDIA A100-SXM-64GB,108.28,31868,97
834,2026-05-18 18:04:28.753715,2026/05/18 18:04:28.982,2,NVIDIA A100-SXM-64GB,110.48,31908,100
835,2026-05-18 18:04:28.753715,2026/05/18 18:04:29.022,3,NVIDIA A100-SXM-64GB,90.63,31880,44
836,2026-05-18 18:04:34.129397,2026/05/18 18:04:34.312,0,NVIDIA A100-SXM-64GB,106.75,31860,99
837,2026-05-18 18:04:34.129397,2026/05/18 18:04:34.342,1,NVIDIA A100-SXM-64GB,108.72,31868,96
838,2026-05-18 18:04:34.129397,2026/05/18 18:04:34.350,2,NVIDIA A100-SXM-64GB,104.44,31908,83
839,2026-05-18 18:04:34.129397,2026/05/18 18:04:34.386,3,NVIDIA A100-SXM-64GB,107.24,31880,78
840,2026-05-18 18:04:39.491665,2026/05/18 18:04:39.676,0,NVIDIA A100-SXM-64GB,112.28,31860,77
841,2026-05-18 18:04:39.491665,2026/05/18 18:04:39.730,1,NVIDIA A100-SXM-64GB,101.27,31868,88
842,2026-05-18 18:04:39.491665,2026/05/18 18:04:39.773,2,NVIDIA A100-SXM-64GB,106.81,31908,69
843,2026-05-18 18:04:39.491665,2026/05/18 18:04:39.776,3,NVIDIA A100-SXM-64GB,109.06,31880,78
844,2026-05-18 18:04:44.864146,2026/05/18 18:04:45.033,0,NVIDIA A100-SXM-64GB,101.76,31860,87
845,2026-05-18 18:04:44.864146,2026/05/18 18:04:45.042,1,NVIDIA A100-SXM-64GB,108.01,31868,91
846,2026-05-18 18:04:44.864146,2026/05/18 18:04:45.065,2,NVIDIA A100-SXM-64GB,106.20,31908,79
847,2026-05-18 18:04:44.864146,2026/05/18 18:04:45.123,3,NVIDIA A100-SXM-64GB,101.39,31880,65
848,2026-05-18 18:04:50.182091,2026/05/18 18:04:50.367,0,NVIDIA A100-SXM-64GB,74.42,31860,0
849,2026-05-18 18:04:50.182091,2026/05/18 18:04:50.370,1,NVIDIA A100-SXM-64GB,95.89,31868,100
850,2026-05-18 18:04:50.182091,2026/05/18 18:04:50.373,2,NVIDIA A100-SXM-64GB,93.71,31908,100
851,2026-05-18 18:04:50.182091,2026/05/18 18:04:50.422,3,NVIDIA A100-SXM-64GB,94.32,31880,100
852,2026-05-18 18:04:55.469539,2026/05/18 18:04:55.635,0,NVIDIA A100-SXM-64GB,101.87,31860,49
853,2026-05-18 18:04:55.469539,2026/05/18 18:04:55.638,1,NVIDIA A100-SXM-64GB,109.60,31868,87
854,2026-05-18 18:04:55.469539,2026/05/18 18:04:55.661,2,NVIDIA A100-SXM-64GB,119.19,31908,80
855,2026-05-18 18:04:55.469539,2026/05/18 18:04:55.674,3,NVIDIA A100-SXM-64GB,98.02,31880,75
856,2026-05-18 18:05:00.816607,2026/05/18 18:05:00.994,0,NVIDIA A100-SXM-64GB,93.05,31860,100
857,2026-05-18 18:05:00.816607,2026/05/18 18:05:00.997,1,NVIDIA A100-SXM-64GB,87.00,31868,0
858,2026-05-18 18:05:00.816607,2026/05/18 18:05:01.000,2,NVIDIA A100-SXM-64GB,94.03,31908,100
859,2026-05-18 18:05:00.816607,2026/05/18 18:05:01.061,3,NVIDIA A100-SXM-64GB,94.42,31880,100
860,2026-05-18 18:05:06.113765,2026/05/18 18:05:06.285,0,NVIDIA A100-SXM-64GB,112.56,31860,100
861,2026-05-18 18:05:06.113765,2026/05/18 18:05:06.288,1,NVIDIA A100-SXM-64GB,100.44,31868,97
862,2026-05-18 18:05:06.113765,2026/05/18 18:05:06.299,2,NVIDIA A100-SXM-64GB,95.86,31908,54
863,2026-05-18 18:05:06.113765,2026/05/18 18:05:06.368,3,NVIDIA A100-SXM-64GB,109.39,31880,71
864,2026-05-18 18:05:11.477762,2026/05/18 18:05:11.655,0,NVIDIA A100-SXM-64GB,108.01,31860,100
865,2026-05-18 18:05:11.477762,2026/05/18 18:05:11.703,1,NVIDIA A100-SXM-64GB,107.19,31868,100
866,2026-05-18 18:05:11.477762,2026/05/18 18:05:11.706,2,NVIDIA A100-SXM-64GB,103.84,31908,61
867,2026-05-18 18:05:11.477762,2026/05/18 18:05:11.768,3,NVIDIA A100-SXM-64GB,90.11,31880,39
868,2026-05-18 18:05:16.848698,2026/05/18 18:05:17.037,0,NVIDIA A100-SXM-64GB,97.00,31860,100
869,2026-05-18 18:05:16.848698,2026/05/18 18:05:17.091,1,NVIDIA A100-SXM-64GB,103.24,31868,55
870,2026-05-18 18:05:16.848698,2026/05/18 18:05:17.128,2,NVIDIA A100-SXM-64GB,102.90,31908,54
871,2026-05-18 18:05:16.848698,2026/05/18 18:05:17.131,3,NVIDIA A100-SXM-64GB,112.15,31880,66
872,2026-05-18 18:05:22.248571,2026/05/18 18:05:22.456,0,NVIDIA A100-SXM-64GB,103.41,31860,100
873,2026-05-18 18:05:22.248571,2026/05/18 18:05:22.463,1,NVIDIA A100-SXM-64GB,113.28,31868,80
874,2026-05-18 18:05:22.248571,2026/05/18 18:05:22.494,2,NVIDIA A100-SXM-64GB,107.19,31908,89
875,2026-05-18 18:05:22.248571,2026/05/18 18:05:22.531,3,NVIDIA A100-SXM-64GB,99.67,31880,97
876,2026-05-18 18:05:27.589365,2026/05/18 18:05:27.761,0,NVIDIA A100-SXM-64GB,103.52,31860,91
877,2026-05-18 18:05:27.589365,2026/05/18 18:05:27.791,1,NVIDIA A100-SXM-64GB,107.79,31868,70
878,2026-05-18 18:05:27.589365,2026/05/18 18:05:27.794,2,NVIDIA A100-SXM-64GB,105.98,31908,68
879,2026-05-18 18:05:27.589365,2026/05/18 18:05:27.837,3,NVIDIA A100-SXM-64GB,108.18,31880,79
880,2026-05-18 18:05:32.924001,2026/05/18 18:05:33.095,0,NVIDIA A100-SXM-64GB,108.89,31860,87
881,2026-05-18 18:05:32.924001,2026/05/18 18:05:33.117,1,NVIDIA A100-SXM-64GB,104.72,31868,94
882,2026-05-18 18:05:32.924001,2026/05/18 18:05:33.167,2,NVIDIA A100-SXM-64GB,107.52,31908,86
883,2026-05-18 18:05:32.924001,2026/05/18 18:05:33.170,3,NVIDIA A100-SXM-64GB,105.47,31880,85
884,2026-05-18 18:05:38.254921,2026/05/18 18:05:38.392,0,NVIDIA A100-SXM-64GB,110.14,31860,87
885,2026-05-18 18:05:38.254921,2026/05/18 18:05:38.473,1,NVIDIA A100-SXM-64GB,103.84,31868,63
886,2026-05-18 18:05:38.254921,2026/05/18 18:05:38.492,2,NVIDIA A100-SXM-64GB,101.69,31908,45
887,2026-05-18 18:05:38.254921,2026/05/18 18:05:38.510,3,NVIDIA A100-SXM-64GB,106.03,31880,61
888,2026-05-18 18:05:43.577365,2026/05/18 18:05:43.763,0,NVIDIA A100-SXM-64GB,105.54,31860,26
889,2026-05-18 18:05:43.577365,2026/05/18 18:05:43.770,1,NVIDIA A100-SXM-64GB,91.94,31868,65
890,2026-05-18 18:05:43.577365,2026/05/18 18:05:43.789,2,NVIDIA A100-SXM-64GB,98.00,31908,98
891,2026-05-18 18:05:43.577365,2026/05/18 18:05:43.804,3,NVIDIA A100-SXM-64GB,106.63,31880,83
892,2026-05-18 18:05:48.946793,2026/05/18 18:05:49.124,0,NVIDIA A100-SXM-64GB,109.33,31860,100
893,2026-05-18 18:05:48.946793,2026/05/18 18:05:49.127,1,NVIDIA A100-SXM-64GB,97.42,31868,38
894,2026-05-18 18:05:48.946793,2026/05/18 18:05:49.172,2,NVIDIA A100-SXM-64GB,104.77,31908,91
895,2026-05-18 18:05:48.946793,2026/05/18 18:05:49.209,3,NVIDIA A100-SXM-64GB,104.86,31880,62
896,2026-05-18 18:05:54.293257,2026/05/18 18:05:54.482,0,NVIDIA A100-SXM-64GB,103.84,31860,100
897,2026-05-18 18:05:54.293257,2026/05/18 18:05:54.485,1,NVIDIA A100-SXM-64GB,128.58,31868,100
898,2026-05-18 18:05:54.293257,2026/05/18 18:05:54.520,2,NVIDIA A100-SXM-64GB,111.81,31908,67
899,2026-05-18 18:05:54.293257,2026/05/18 18:05:54.523,3,NVIDIA A100-SXM-64GB,87.02,31880,33
900,2026-05-18 18:05:59.643050,2026/05/18 18:05:59.795,0,NVIDIA A100-SXM-64GB,99.13,31860,100
901,2026-05-18 18:05:59.643050,2026/05/18 18:05:59.802,1,NVIDIA A100-SXM-64GB,102.80,31868,76
902,2026-05-18 18:05:59.643050,2026/05/18 18:05:59.839,2,NVIDIA A100-SXM-64GB,109.34,31908,83
903,2026-05-18 18:05:59.643050,2026/05/18 18:05:59.843,3,NVIDIA A100-SXM-64GB,106.03,31880,99
904,2026-05-18 18:06:04.969260,2026/05/18 18:06:05.197,0,NVIDIA A100-SXM-64GB,107.08,31860,99
905,2026-05-18 18:06:04.969260,2026/05/18 18:06:05.201,1,NVIDIA A100-SXM-64GB,105.54,31868,65
906,2026-05-18 18:06:04.969260,2026/05/18 18:06:05.219,2,NVIDIA A100-SXM-64GB,107.74,31908,56
907,2026-05-18 18:06:04.969260,2026/05/18 18:06:05.253,3,NVIDIA A100-SXM-64GB,106.03,31880,54
908,2026-05-18 18:06:10.329316,2026/05/18 18:06:10.445,0,NVIDIA A100-SXM-64GB,106.59,31860,82
909,2026-05-18 18:06:10.329316,2026/05/18 18:06:10.502,1,NVIDIA A100-SXM-64GB,98.30,31868,88
910,2026-05-18 18:06:10.329316,2026/05/18 18:06:10.504,2,NVIDIA A100-SXM-64GB,98.33,31908,88
911,2026-05-18 18:06:10.329316,2026/05/18 18:06:10.564,3,NVIDIA A100-SXM-64GB,110.00,31880,75
912,2026-05-18 18:06:15.674900,2026/05/18 18:06:15.851,0,NVIDIA A100-SXM-64GB,104.01,31860,54
913,2026-05-18 18:06:15.674900,2026/05/18 18:06:15.889,1,NVIDIA A100-SXM-64GB,106.59,31868,95
914,2026-05-18 18:06:15.674900,2026/05/18 18:06:15.902,2,NVIDIA A100-SXM-64GB,105.98,31908,99
915,2026-05-18 18:06:15.674900,2026/05/18 18:06:15.970,3,NVIDIA A100-SXM-64GB,101.39,31880,98
916,2026-05-18 18:06:21.033999,2026/05/18 18:06:21.219,0,NVIDIA A100-SXM-64GB,106.48,31860,95
917,2026-05-18 18:06:21.033999,2026/05/18 18:06:21.222,1,NVIDIA A100-SXM-64GB,98.03,31868,75
918,2026-05-18 18:06:21.033999,2026/05/18 18:06:21.242,2,NVIDIA A100-SXM-64GB,106.31,31908,74
919,2026-05-18 18:06:21.033999,2026/05/18 18:06:21.257,3,NVIDIA A100-SXM-64GB,106.30,31880,50
920,2026-05-18 18:06:26.372511,2026/05/18 18:06:26.562,0,NVIDIA A100-SXM-64GB,102.20,31860,87
921,2026-05-18 18:06:26.372511,2026/05/18 18:06:26.565,1,NVIDIA A100-SXM-64GB,101.87,31868,100
922,2026-05-18 18:06:26.372511,2026/05/18 18:06:26.568,2,NVIDIA A100-SXM-64GB,105.04,31908,100
923,2026-05-18 18:06:26.372511,2026/05/18 18:06:26.590,3,NVIDIA A100-SXM-64GB,102.94,31880,54
924,2026-05-18 18:06:31.709302,2026/05/18 18:06:31.878,0,NVIDIA A100-SXM-64GB,112.28,31860,87
925,2026-05-18 18:06:31.709302,2026/05/18 18:06:31.884,1,NVIDIA A100-SXM-64GB,111.75,31868,100
926,2026-05-18 18:06:31.709302,2026/05/18 18:06:31.914,2,NVIDIA A100-SXM-64GB,89.14,31908,88
927,2026-05-18 18:06:31.709302,2026/05/18 18:06:31.958,3,NVIDIA A100-SXM-64GB,98.40,31880,49
928,2026-05-18 18:06:37.041101,2026/05/18 18:06:37.226,0,NVIDIA A100-SXM-64GB,100.44,31860,74
929,2026-05-18 18:06:37.041101,2026/05/18 18:06:37.273,1,NVIDIA A100-SXM-64GB,97.70,31868,100
930,2026-05-18 18:06:37.041101,2026/05/18 18:06:37.311,2,NVIDIA A100-SXM-64GB,103.23,31908,25
931,2026-05-18 18:06:37.041101,2026/05/18 18:06:37.319,3,NVIDIA A100-SXM-64GB,88.29,31880,52
932,2026-05-18 18:06:42.406023,2026/05/18 18:06:42.592,0,NVIDIA A100-SXM-64GB,107.79,31860,85
933,2026-05-18 18:06:42.406023,2026/05/18 18:06:42.599,1,NVIDIA A100-SXM-64GB,97.42,31868,89
934,2026-05-18 18:06:42.406023,2026/05/18 18:06:42.650,2,NVIDIA A100-SXM-64GB,107.85,31908,92
935,2026-05-18 18:06:42.406023,2026/05/18 18:06:42.693,3,NVIDIA A100-SXM-64GB,107.02,31880,87
936,2026-05-18 18:06:47.790009,2026/05/18 18:06:47.948,0,NVIDIA A100-SXM-64GB,98.30,31860,67
937,2026-05-18 18:06:47.790009,2026/05/18 18:06:47.957,1,NVIDIA A100-SXM-64GB,99.23,31868,90
938,2026-05-18 18:06:47.790009,2026/05/18 18:06:48.003,2,NVIDIA A100-SXM-64GB,98.61,31908,17
939,2026-05-18 18:06:47.790009,2026/05/18 18:06:48.058,3,NVIDIA A100-SXM-64GB,87.02,31880,51
940,2026-05-18 18:06:53.127361,2026/05/18 18:06:53.288,0,NVIDIA A100-SXM-64GB,101.60,31860,100
941,2026-05-18 18:06:53.127361,2026/05/18 18:06:53.291,1,NVIDIA A100-SXM-64GB,98.30,31868,69
942,2026-05-18 18:06:53.127361,2026/05/18 18:06:53.331,2,NVIDIA A100-SXM-64GB,107.08,31908,69
943,2026-05-18 18:06:53.127361,2026/05/18 18:06:53.334,3,NVIDIA A100-SXM-64GB,109.39,31880,78
944,2026-05-18 18:06:58.488337,2026/05/18 18:06:58.618,0,NVIDIA A100-SXM-64GB,87.66,31860,46
945,2026-05-18 18:06:58.488337,2026/05/18 18:06:58.685,1,NVIDIA A100-SXM-64GB,96.49,31868,83
946,2026-05-18 18:06:58.488337,2026/05/18 18:06:58.688,2,NVIDIA A100-SXM-64GB,98.61,31908,81
947,2026-05-18 18:06:58.488337,2026/05/18 18:06:58.745,3,NVIDIA A100-SXM-64GB,104.26,31880,70
948,2026-05-18 18:07:03.803249,2026/05/18 18:07:04.007,0,NVIDIA A100-SXM-64GB,111.75,31860,82
949,2026-05-18 18:07:03.803249,2026/05/18 18:07:04.013,1,NVIDIA A100-SXM-64GB,112.67,31868,59
950,2026-05-18 18:07:03.803249,2026/05/18 18:07:04.068,2,NVIDIA A100-SXM-64GB,115.77,31908,92
951,2026-05-18 18:07:03.803249,2026/05/18 18:07:04.090,3,NVIDIA A100-SXM-64GB,109.17,31880,57
952,2026-05-18 18:07:09.183514,2026/05/18 18:07:09.359,0,NVIDIA A100-SXM-64GB,101.10,31860,91
953,2026-05-18 18:07:09.183514,2026/05/18 18:07:09.399,1,NVIDIA A100-SXM-64GB,102.31,31868,76
954,2026-05-18 18:07:09.183514,2026/05/18 18:07:09.446,2,NVIDIA A100-SXM-64GB,107.52,31908,86
955,2026-05-18 18:07:09.183514,2026/05/18 18:07:09.448,3,NVIDIA A100-SXM-64GB,108.57,31880,89
956,2026-05-18 18:07:14.568401,2026/05/18 18:07:14.730,0,NVIDIA A100-SXM-64GB,101.97,31860,88
957,2026-05-18 18:07:14.568401,2026/05/18 18:07:14.742,1,NVIDIA A100-SXM-64GB,100.44,31868,90
958,2026-05-18 18:07:14.568401,2026/05/18 18:07:14.790,2,NVIDIA A100-SXM-64GB,102.29,31908,80
959,2026-05-18 18:07:14.568401,2026/05/18 18:07:14.814,3,NVIDIA A100-SXM-64GB,113.81,31880,83
960,2026-05-18 18:07:19.926330,2026/05/18 18:07:20.112,0,NVIDIA A100-SXM-64GB,100.17,31860,59
961,2026-05-18 18:07:19.926330,2026/05/18 18:07:20.115,1,NVIDIA A100-SXM-64GB,99.06,31868,93
962,2026-05-18 18:07:19.926330,2026/05/18 18:07:20.141,2,NVIDIA A100-SXM-64GB,108.46,31908,90
963,2026-05-18 18:07:19.926330,2026/05/18 18:07:20.184,3,NVIDIA A100-SXM-64GB,109.50,31880,100
964,2026-05-18 18:07:25.275531,2026/05/18 18:07:25.419,0,NVIDIA A100-SXM-64GB,91.00,31860,65
965,2026-05-18 18:07:25.275531,2026/05/18 18:07:25.422,1,NVIDIA A100-SXM-64GB,94.68,31868,82
966,2026-05-18 18:07:25.275531,2026/05/18 18:07:25.537,2,NVIDIA A100-SXM-64GB,99.54,31908,36
967,2026-05-18 18:07:25.275531,2026/05/18 18:07:25.561,3,NVIDIA A100-SXM-64GB,100.28,31880,39
968,2026-05-18 18:07:30.625485,2026/05/18 18:07:30.830,0,NVIDIA A100-SXM-64GB,98.30,31860,63
969,2026-05-18 18:07:30.625485,2026/05/18 18:07:30.870,1,NVIDIA A100-SXM-64GB,110.26,31868,78
970,2026-05-18 18:07:30.625485,2026/05/18 18:07:30.873,2,NVIDIA A100-SXM-64GB,89.42,31908,90
971,2026-05-18 18:07:30.625485,2026/05/18 18:07:30.925,3,NVIDIA A100-SXM-64GB,105.70,31880,88
972,2026-05-18 18:07:35.973658,2026/05/18 18:07:36.145,0,NVIDIA A100-SXM-64GB,100.17,31860,100
973,2026-05-18 18:07:35.973658,2026/05/18 18:07:36.186,1,NVIDIA A100-SXM-64GB,102.41,31868,64
974,2026-05-18 18:07:35.973658,2026/05/18 18:07:36.189,2,NVIDIA A100-SXM-64GB,98.93,31908,56
975,2026-05-18 18:07:35.973658,2026/05/18 18:07:36.230,3,NVIDIA A100-SXM-64GB,106.14,31880,79
976,2026-05-18 18:07:41.331411,2026/05/18 18:07:41.511,0,NVIDIA A100-SXM-64GB,94.26,31860,91
977,2026-05-18 18:07:41.331411,2026/05/18 18:07:41.514,1,NVIDIA A100-SXM-64GB,99.84,31868,87
978,2026-05-18 18:07:41.331411,2026/05/18 18:07:41.523,2,NVIDIA A100-SXM-64GB,104.77,31908,94
979,2026-05-18 18:07:41.331411,2026/05/18 18:07:41.568,3,NVIDIA A100-SXM-64GB,108.46,31880,74
980,2026-05-18 18:07:46.669299,2026/05/18 18:07:46.853,0,NVIDIA A100-SXM-64GB,106.59,31860,73
981,2026-05-18 18:07:46.669299,2026/05/18 18:07:46.856,1,NVIDIA A100-SXM-64GB,109.11,31868,100
982,2026-05-18 18:07:46.669299,2026/05/18 18:07:46.900,2,NVIDIA A100-SXM-64GB,106.92,31908,100
983,2026-05-18 18:07:46.669299,2026/05/18 18:07:46.903,3,NVIDIA A100-SXM-64GB,102.43,31880,62
984,2026-05-18 18:07:51.998061,2026/05/18 18:07:52.155,0,NVIDIA A100-SXM-64GB,174.54,31860,100
985,2026-05-18 18:07:51.998061,2026/05/18 18:07:52.190,1,NVIDIA A100-SXM-64GB,100.44,31868,83
986,2026-05-18 18:07:51.998061,2026/05/18 18:07:52.217,2,NVIDIA A100-SXM-64GB,105.38,31908,88
987,2026-05-18 18:07:51.998061,2026/05/18 18:07:52.269,3,NVIDIA A100-SXM-64GB,85.47,31880,100
988,2026-05-18 18:07:57.379379,2026/05/18 18:07:57.572,0,NVIDIA A100-SXM-64GB,100.06,31860,81
989,2026-05-18 18:07:57.379379,2026/05/18 18:07:57.623,1,NVIDIA A100-SXM-64GB,123.70,31868,76
990,2026-05-18 18:07:57.379379,2026/05/18 18:07:57.688,2,NVIDIA A100-SXM-64GB,108.46,31908,55
991,2026-05-18 18:07:57.379379,2026/05/18 18:07:57.691,3,NVIDIA A100-SXM-64GB,95.36,31880,86
992,2026-05-18 18:08:02.755383,2026/05/18 18:08:02.924,0,NVIDIA A100-SXM-64GB,101.97,31860,88
993,2026-05-18 18:08:02.755383,2026/05/18 18:08:02.927,1,NVIDIA A100-SXM-64GB,105.38,31868,56
994,2026-05-18 18:08:02.755383,2026/05/18 18:08:02.972,2,NVIDIA A100-SXM-64GB,101.69,31908,100
995,2026-05-18 18:08:02.755383,2026/05/18 18:08:02.991,3,NVIDIA A100-SXM-64GB,99.01,31880,65
996,2026-05-18 18:08:08.079633,2026/05/18 18:08:08.212,0,NVIDIA A100-SXM-64GB,92.45,31860,87
997,2026-05-18 18:08:08.079633,2026/05/18 18:08:08.257,1,NVIDIA A100-SXM-64GB,98.30,31868,32
998,2026-05-18 18:08:08.079633,2026/05/18 18:08:08.284,2,NVIDIA A100-SXM-64GB,106.31,31908,70
999,2026-05-18 18:08:08.079633,2026/05/18 18:08:08.292,3,NVIDIA A100-SXM-64GB,103.65,31880,74
1000,2026-05-18 18:08:13.360847,2026/05/18 18:08:13.539,0,NVIDIA A100-SXM-64GB,98.63,31860,100
1001,2026-05-18 18:08:13.360847,2026/05/18 18:08:13.542,1,NVIDIA A100-SXM-64GB,101.48,31868,82
1002,2026-05-18 18:08:13.360847,2026/05/18 18:08:13.584,2,NVIDIA A100-SXM-64GB,85.78,31908,64
1003,2026-05-18 18:08:13.360847,2026/05/18 18:08:13.587,3,NVIDIA A100-SXM-64GB,96.58,31880,68
1004,2026-05-18 18:08:18.684489,2026/05/18 18:08:18.814,0,NVIDIA A100-SXM-64GB,96.06,31860,82
1005,2026-05-18 18:08:18.684489,2026/05/18 18:08:18.829,1,NVIDIA A100-SXM-64GB,90.68,31868,100
1006,2026-05-18 18:08:18.684489,2026/05/18 18:08:18.844,2,NVIDIA A100-SXM-64GB,181.18,31908,70
1007,2026-05-18 18:08:18.684489,2026/05/18 18:08:18.855,3,NVIDIA A100-SXM-64GB,96.85,31880,100
1008,2026-05-18 18:08:23.997738,2026/05/18 18:08:24.148,0,NVIDIA A100-SXM-64GB,105.05,31860,100
1009,2026-05-18 18:08:23.997738,2026/05/18 18:08:24.170,1,NVIDIA A100-SXM-64GB,99.84,31868,69
1010,2026-05-18 18:08:23.997738,2026/05/18 18:08:24.211,2,NVIDIA A100-SXM-64GB,86.48,31908,57
1011,2026-05-18 18:08:23.997738,2026/05/18 18:08:24.219,3,NVIDIA A100-SXM-64GB,107.96,31880,51
1012,2026-05-18 18:08:29.311520,2026/05/18 18:08:29.507,0,NVIDIA A100-SXM-64GB,116.35,31860,88
1013,2026-05-18 18:08:29.311520,2026/05/18 18:08:29.510,1,NVIDIA A100-SXM-64GB,111.75,31868,89
1014,2026-05-18 18:08:29.311520,2026/05/18 18:08:29.513,2,NVIDIA A100-SXM-64GB,102.01,31908,94
1015,2026-05-18 18:08:29.311520,2026/05/18 18:08:29.554,3,NVIDIA A100-SXM-64GB,99.01,31880,71
1016,2026-05-18 18:08:34.638703,2026/05/18 18:08:34.817,0,NVIDIA A100-SXM-64GB,98.86,31860,76
1017,2026-05-18 18:08:34.638703,2026/05/18 18:08:34.820,1,NVIDIA A100-SXM-64GB,102.91,31868,80
1018,2026-05-18 18:08:34.638703,2026/05/18 18:08:34.855,2,NVIDIA A100-SXM-64GB,86.99,31908,81
1019,2026-05-18 18:08:34.638703,2026/05/18 18:08:34.941,3,NVIDIA A100-SXM-64GB,97.08,31880,90
1020,2026-05-18 18:08:40.029431,2026/05/18 18:08:40.205,0,NVIDIA A100-SXM-64GB,103.41,31860,86
1021,2026-05-18 18:08:40.029431,2026/05/18 18:08:40.238,1,NVIDIA A100-SXM-64GB,96.82,31868,74
1022,2026-05-18 18:08:40.029431,2026/05/18 18:08:40.250,2,NVIDIA A100-SXM-64GB,101.69,31908,47
1023,2026-05-18 18:08:40.029431,2026/05/18 18:08:40.269,3,NVIDIA A100-SXM-64GB,106.41,31880,48
1024,2026-05-18 18:08:45.368815,2026/05/18 18:08:45.542,0,NVIDIA A100-SXM-64GB,110.86,31860,76
1025,2026-05-18 18:08:45.368815,2026/05/18 18:08:45.545,1,NVIDIA A100-SXM-64GB,111.75,31868,100
1026,2026-05-18 18:08:45.368815,2026/05/18 18:08:45.548,2,NVIDIA A100-SXM-64GB,119.79,31908,100
1027,2026-05-18 18:08:45.368815,2026/05/18 18:08:45.609,3,NVIDIA A100-SXM-64GB,87.96,31880,66
1028,2026-05-18 18:08:50.680102,2026/05/18 18:08:50.882,0,NVIDIA A100-SXM-64GB,104.44,31860,80
1029,2026-05-18 18:08:50.680102,2026/05/18 18:08:50.922,1,NVIDIA A100-SXM-64GB,164.02,31868,100
1030,2026-05-18 18:08:50.680102,2026/05/18 18:08:50.959,2,NVIDIA A100-SXM-64GB,100.75,31908,100
1031,2026-05-18 18:08:50.680102,2026/05/18 18:08:50.962,3,NVIDIA A100-SXM-64GB,87.72,31880,44
1032,2026-05-18 18:08:56.063867,2026/05/18 18:08:56.245,0,NVIDIA A100-SXM-64GB,108.39,31860,75
1033,2026-05-18 18:08:56.063867,2026/05/18 18:08:56.251,1,NVIDIA A100-SXM-64GB,111.75,31888,93
1034,2026-05-18 18:08:56.063867,2026/05/18 18:08:56.253,2,NVIDIA A100-SXM-64GB,108.46,31908,99
1035,2026-05-18 18:08:56.063867,2026/05/18 18:08:56.317,3,NVIDIA A100-SXM-64GB,101.83,31880,76
1036,2026-05-18 18:09:01.401590,2026/05/18 18:09:01.558,0,NVIDIA A100-SXM-64GB,94.68,31860,98
1037,2026-05-18 18:09:01.401590,2026/05/18 18:09:01.616,1,NVIDIA A100-SXM-64GB,125.51,31888,76
1038,2026-05-18 18:09:01.401590,2026/05/18 18:09:01.626,2,NVIDIA A100-SXM-64GB,106.59,31908,61
1039,2026-05-18 18:09:01.401590,2026/05/18 18:09:01.646,3,NVIDIA A100-SXM-64GB,85.80,31880,34
1040,2026-05-18 18:09:06.730383,2026/05/18 18:09:06.941,0,NVIDIA A100-SXM-64GB,111.02,31860,73
1041,2026-05-18 18:09:06.730383,2026/05/18 18:09:06.944,1,NVIDIA A100-SXM-64GB,131.60,31888,100
1042,2026-05-18 18:09:06.730383,2026/05/18 18:09:06.975,2,NVIDIA A100-SXM-64GB,130.52,31908,99
1043,2026-05-18 18:09:06.730383,2026/05/18 18:09:06.979,3,NVIDIA A100-SXM-64GB,107.52,31880,30
1044,2026-05-18 18:09:12.075359,2026/05/18 18:09:12.257,0,NVIDIA A100-SXM-64GB,93.65,31860,82
1045,2026-05-18 18:09:12.075359,2026/05/18 18:09:12.285,1,NVIDIA A100-SXM-64GB,101.10,31888,86
1046,2026-05-18 18:09:12.075359,2026/05/18 18:09:12.345,2,NVIDIA A100-SXM-64GB,100.15,31908,93
1047,2026-05-18 18:09:12.075359,2026/05/18 18:09:12.384,3,NVIDIA A100-SXM-64GB,87.02,31880,68
1048,2026-05-18 18:09:17.445087,2026/05/18 18:09:17.630,0,NVIDIA A100-SXM-64GB,108.61,31860,100
1049,2026-05-18 18:09:17.445087,2026/05/18 18:09:17.636,1,NVIDIA A100-SXM-64GB,89.14,31888,35
1050,2026-05-18 18:09:17.445087,2026/05/18 18:09:17.686,2,NVIDIA A100-SXM-64GB,98.93,31908,68
1051,2026-05-18 18:09:17.445087,2026/05/18 18:09:17.689,3,NVIDIA A100-SXM-64GB,90.72,31880,59
1052,2026-05-18 18:09:22.784103,2026/05/18 18:09:22.961,0,NVIDIA A100-SXM-64GB,101.10,31860,100
1053,2026-05-18 18:09:22.784103,2026/05/18 18:09:22.993,1,NVIDIA A100-SXM-64GB,107.51,31888,82
1054,2026-05-18 18:09:22.784103,2026/05/18 18:09:22.995,2,NVIDIA A100-SXM-64GB,105.98,31908,79
1055,2026-05-18 18:09:22.784103,2026/05/18 18:09:23.029,3,NVIDIA A100-SXM-64GB,103.32,31880,76
1056,2026-05-18 18:09:28.154522,2026/05/18 18:09:28.337,0,NVIDIA A100-SXM-64GB,93.15,31860,100
1057,2026-05-18 18:09:28.154522,2026/05/18 18:09:28.340,1,NVIDIA A100-SXM-64GB,95.99,31888,100
1058,2026-05-18 18:09:28.154522,2026/05/18 18:09:28.401,2,NVIDIA A100-SXM-64GB,93.80,31908,100
1059,2026-05-18 18:09:28.154522,2026/05/18 18:09:28.404,3,NVIDIA A100-SXM-64GB,94.09,31880,100
1060,2026-05-18 18:09:33.499666,2026/05/18 18:09:33.676,0,NVIDIA A100-SXM-64GB,106.48,31860,100
1061,2026-05-18 18:09:33.499666,2026/05/18 18:09:33.679,1,NVIDIA A100-SXM-64GB,109.22,31888,82
1062,2026-05-18 18:09:33.499666,2026/05/18 18:09:33.727,2,NVIDIA A100-SXM-64GB,107.19,31908,40
1063,2026-05-18 18:09:33.499666,2026/05/18 18:09:33.730,3,NVIDIA A100-SXM-64GB,117.40,31880,64
1064,2026-05-18 18:09:38.874641,2026/05/18 18:09:39.040,0,NVIDIA A100-SXM-64GB,74.49,31860,0
1065,2026-05-18 18:09:38.874641,2026/05/18 18:09:39.043,1,NVIDIA A100-SXM-64GB,76.36,31888,0
1066,2026-05-18 18:09:38.874641,2026/05/18 18:09:39.088,2,NVIDIA A100-SXM-64GB,93.71,31908,100
1067,2026-05-18 18:09:38.874641,2026/05/18 18:09:39.091,3,NVIDIA A100-SXM-64GB,94.09,31880,100
1068,2026-05-18 18:09:44.188321,2026/05/18 18:09:44.361,0,NVIDIA A100-SXM-64GB,109.22,31860,69
1069,2026-05-18 18:09:44.188321,2026/05/18 18:09:44.364,1,NVIDIA A100-SXM-64GB,112.07,31888,45
1070,2026-05-18 18:09:44.188321,2026/05/18 18:09:44.410,2,NVIDIA A100-SXM-64GB,107.52,31908,100
1071,2026-05-18 18:09:44.188321,2026/05/18 18:09:44.413,3,NVIDIA A100-SXM-64GB,98.64,31880,100
1072,2026-05-18 18:09:49.532417,2026/05/18 18:09:49.699,0,NVIDIA A100-SXM-64GB,93.15,31860,100
1073,2026-05-18 18:09:49.532417,2026/05/18 18:09:49.702,1,NVIDIA A100-SXM-64GB,95.89,31888,100
1074,2026-05-18 18:09:49.532417,2026/05/18 18:09:49.705,2,NVIDIA A100-SXM-64GB,75.33,31908,0
1075,2026-05-18 18:09:49.532417,2026/05/18 18:09:49.750,3,NVIDIA A100-SXM-64GB,76.24,31880,0
1076,2026-05-18 18:09:54.813894,2026/05/18 18:09:54.998,0,NVIDIA A100-SXM-64GB,93.42,31860,100
1077,2026-05-18 18:09:54.813894,2026/05/18 18:09:55.001,1,NVIDIA A100-SXM-64GB,96.16,31888,100
1078,2026-05-18 18:09:54.813894,2026/05/18 18:09:55.012,2,NVIDIA A100-SXM-64GB,77.20,31908,27
1079,2026-05-18 18:09:54.813894,2026/05/18 18:09:55.025,3,NVIDIA A100-SXM-64GB,98.74,31880,48
1080,2026-05-18 18:10:00.166334,2026/05/18 18:10:00.345,0,NVIDIA A100-SXM-64GB,93.15,31860,100
1081,2026-05-18 18:10:00.166334,2026/05/18 18:10:00.378,1,NVIDIA A100-SXM-64GB,95.89,31888,100
1082,2026-05-18 18:10:00.166334,2026/05/18 18:10:00.381,2,NVIDIA A100-SXM-64GB,93.71,31908,100
1083,2026-05-18 18:10:00.166334,2026/05/18 18:10:00.397,3,NVIDIA A100-SXM-64GB,94.09,31880,100
1084,2026-05-18 18:10:05.501094,2026/05/18 18:10:05.700,0,NVIDIA A100-SXM-64GB,105.38,31860,82
1085,2026-05-18 18:10:05.501094,2026/05/18 18:10:05.732,1,NVIDIA A100-SXM-64GB,109.33,31888,61
1086,2026-05-18 18:10:05.501094,2026/05/18 18:10:05.780,2,NVIDIA A100-SXM-64GB,95.86,31908,76
1087,2026-05-18 18:10:05.501094,2026/05/18 18:10:05.808,3,NVIDIA A100-SXM-64GB,87.96,31880,61
1088,2026-05-18 18:10:10.887592,2026/05/18 18:10:11.045,0,NVIDIA A100-SXM-64GB,105.54,31860,100
1089,2026-05-18 18:10:10.887592,2026/05/18 18:10:11.049,1,NVIDIA A100-SXM-64GB,108.39,31888,80
1090,2026-05-18 18:10:10.887592,2026/05/18 18:10:11.074,2,NVIDIA A100-SXM-64GB,104.44,31908,83
1091,2026-05-18 18:10:10.887592,2026/05/18 18:10:11.124,3,NVIDIA A100-SXM-64GB,103.21,31880,80
1092,2026-05-18 18:10:16.185412,2026/05/18 18:10:16.365,0,NVIDIA A100-SXM-64GB,104.61,31860,75
1093,2026-05-18 18:10:16.185412,2026/05/18 18:10:16.371,1,NVIDIA A100-SXM-64GB,109.33,31888,90
1094,2026-05-18 18:10:16.185412,2026/05/18 18:10:16.406,2,NVIDIA A100-SXM-64GB,101.08,31908,76
1095,2026-05-18 18:10:16.185412,2026/05/18 18:10:16.445,3,NVIDIA A100-SXM-64GB,109.06,31880,31
1096,2026-05-18 18:10:21.558260,2026/05/18 18:10:21.750,0,NVIDIA A100-SXM-64GB,107.40,31860,53
1097,2026-05-18 18:10:21.558260,2026/05/18 18:10:21.778,1,NVIDIA A100-SXM-64GB,109.60,31888,85
1098,2026-05-18 18:10:21.558260,2026/05/18 18:10:21.788,2,NVIDIA A100-SXM-64GB,97.39,31908,100
1099,2026-05-18 18:10:21.558260,2026/05/18 18:10:21.819,3,NVIDIA A100-SXM-64GB,89.42,31880,42
1100,2026-05-18 18:10:26.914510,2026/05/18 18:10:27.040,0,NVIDIA A100-SXM-64GB,92.55,31860,74
1101,2026-05-18 18:10:26.914510,2026/05/18 18:10:27.043,1,NVIDIA A100-SXM-64GB,114.09,31888,74
1102,2026-05-18 18:10:26.914510,2026/05/18 18:10:27.049,2,NVIDIA A100-SXM-64GB,94.64,31908,100
1103,2026-05-18 18:10:26.914510,2026/05/18 18:10:27.112,3,NVIDIA A100-SXM-64GB,96.25,31880,59
1104,2026-05-18 18:10:32.219615,2026/05/18 18:10:32.408,0,NVIDIA A100-SXM-64GB,94.68,31860,100
1105,2026-05-18 18:10:32.219615,2026/05/18 18:10:32.411,1,NVIDIA A100-SXM-64GB,89.14,31888,20
1106,2026-05-18 18:10:32.219615,2026/05/18 18:10:32.456,2,NVIDIA A100-SXM-64GB,105.70,31908,89
1107,2026-05-18 18:10:32.219615,2026/05/18 18:10:32.504,3,NVIDIA A100-SXM-64GB,124.73,31880,55
1108,2026-05-18 18:10:37.606671,2026/05/18 18:10:37.760,0,NVIDIA A100-SXM-64GB,103.74,31860,71
1109,2026-05-18 18:10:37.606671,2026/05/18 18:10:37.814,1,NVIDIA A100-SXM-64GB,109.33,31888,100
1110,2026-05-18 18:10:37.606671,2026/05/18 18:10:37.817,2,NVIDIA A100-SXM-64GB,103.23,31908,86
1111,2026-05-18 18:10:37.606671,2026/05/18 18:10:37.870,3,NVIDIA A100-SXM-64GB,104.76,31880,87
1112,2026-05-18 18:10:42.954514,2026/05/18 18:10:43.093,0,NVIDIA A100-SXM-64GB,98.96,31860,90
1113,2026-05-18 18:10:42.954514,2026/05/18 18:10:43.116,1,NVIDIA A100-SXM-64GB,107.19,31888,85
1114,2026-05-18 18:10:42.954514,2026/05/18 18:10:43.133,2,NVIDIA A100-SXM-64GB,108.46,31908,78
1115,2026-05-18 18:10:42.954514,2026/05/18 18:10:43.169,3,NVIDIA A100-SXM-64GB,107.85,31880,89
1116,2026-05-18 18:10:48.294394,2026/05/18 18:10:48.456,0,NVIDIA A100-SXM-64GB,106.48,31860,97
1117,2026-05-18 18:10:48.294394,2026/05/18 18:10:48.482,1,NVIDIA A100-SXM-64GB,104.12,31888,75
1118,2026-05-18 18:10:48.294394,2026/05/18 18:10:48.541,2,NVIDIA A100-SXM-64GB,107.19,31908,59
1119,2026-05-18 18:10:48.294394,2026/05/18 18:10:48.556,3,NVIDIA A100-SXM-64GB,103.04,31880,65
1120,2026-05-18 18:10:53.670550,2026/05/18 18:10:53.866,0,NVIDIA A100-SXM-64GB,106.26,31860,91
1121,2026-05-18 18:10:53.670550,2026/05/18 18:10:53.869,1,NVIDIA A100-SXM-64GB,107.51,31888,91
1122,2026-05-18 18:10:53.670550,2026/05/18 18:10:53.882,2,NVIDIA A100-SXM-64GB,109.67,31908,88
1123,2026-05-18 18:10:53.670550,2026/05/18 18:10:53.946,3,NVIDIA A100-SXM-64GB,105.47,31880,68
1124,2026-05-18 18:10:59.013382,2026/05/18 18:10:59.178,0,NVIDIA A100-SXM-64GB,95.19,31860,77
1125,2026-05-18 18:10:59.013382,2026/05/18 18:10:59.181,1,NVIDIA A100-SXM-64GB,97.10,31888,84
1126,2026-05-18 18:10:59.013382,2026/05/18 18:10:59.261,2,NVIDIA A100-SXM-64GB,111.09,31908,100
1127,2026-05-18 18:10:59.013382,2026/05/18 18:10:59.263,3,NVIDIA A100-SXM-64GB,107.52,31880,40
1128,2026-05-18 18:11:04.350020,2026/05/18 18:11:04.520,0,NVIDIA A100-SXM-64GB,104.34,31860,100
1129,2026-05-18 18:11:04.350020,2026/05/18 18:11:04.545,1,NVIDIA A100-SXM-64GB,108.12,31888,72
1130,2026-05-18 18:11:04.350020,2026/05/18 18:11:04.547,2,NVIDIA A100-SXM-64GB,88.53,31908,65
1131,2026-05-18 18:11:04.350020,2026/05/18 18:11:04.614,3,NVIDIA A100-SXM-64GB,101.39,31880,89
1132,2026-05-18 18:11:09.691647,2026/05/18 18:11:09.863,0,NVIDIA A100-SXM-64GB,100.77,31860,79
1133,2026-05-18 18:11:09.691647,2026/05/18 18:11:09.901,1,NVIDIA A100-SXM-64GB,108.51,31888,29
1134,2026-05-18 18:11:09.691647,2026/05/18 18:11:09.951,2,NVIDIA A100-SXM-64GB,94.64,31908,78
1135,2026-05-18 18:11:09.691647,2026/05/18 18:11:09.971,3,NVIDIA A100-SXM-64GB,95.03,31880,83
1136,2026-05-18 18:11:15.077550,2026/05/18 18:11:15.254,0,NVIDIA A100-SXM-64GB,99.74,31860,98
1137,2026-05-18 18:11:15.077550,2026/05/18 18:11:15.267,1,NVIDIA A100-SXM-64GB,102.91,31888,75
1138,2026-05-18 18:11:15.077550,2026/05/18 18:11:15.270,2,NVIDIA A100-SXM-64GB,107.74,31908,65
1139,2026-05-18 18:11:15.077550,2026/05/18 18:11:15.345,3,NVIDIA A100-SXM-64GB,126.29,31880,85
1140,2026-05-18 18:11:20.436499,2026/05/18 18:11:20.620,0,NVIDIA A100-SXM-64GB,106.48,31860,100
1141,2026-05-18 18:11:20.436499,2026/05/18 18:11:20.623,1,NVIDIA A100-SXM-64GB,106.59,31888,83
1142,2026-05-18 18:11:20.436499,2026/05/18 18:11:20.688,2,NVIDIA A100-SXM-64GB,87.60,31908,67
1143,2026-05-18 18:11:20.436499,2026/05/18 18:11:20.691,3,NVIDIA A100-SXM-64GB,103.54,31880,99
1144,2026-05-18 18:11:25.896185,2026/05/18 18:11:26.076,0,NVIDIA A100-SXM-64GB,106.75,31860,100
1145,2026-05-18 18:11:25.896185,2026/05/18 18:11:26.079,1,NVIDIA A100-SXM-64GB,109.82,31888,42
1146,2026-05-18 18:11:25.896185,2026/05/18 18:11:26.089,2,NVIDIA A100-SXM-64GB,98.33,31908,56
1147,2026-05-18 18:11:25.896185,2026/05/18 18:11:26.136,3,NVIDIA A100-SXM-64GB,107.85,31880,48
1148,2026-05-18 18:11:31.294084,2026/05/18 18:11:31.481,0,NVIDIA A100-SXM-64GB,103.74,31860,64
1149,2026-05-18 18:11:31.294084,2026/05/18 18:11:31.484,1,NVIDIA A100-SXM-64GB,108.89,31888,91
1150,2026-05-18 18:11:31.294084,2026/05/18 18:11:31.525,2,NVIDIA A100-SXM-64GB,107.85,31908,100
1151,2026-05-18 18:11:31.294084,2026/05/18 18:11:31.552,3,NVIDIA A100-SXM-64GB,104.15,31880,44
1152,2026-05-18 18:11:36.622479,2026/05/18 18:11:36.802,0,NVIDIA A100-SXM-64GB,106.75,31860,58
1153,2026-05-18 18:11:36.622479,2026/05/18 18:11:36.838,1,NVIDIA A100-SXM-64GB,106.15,31888,100
1154,2026-05-18 18:11:36.622479,2026/05/18 18:11:36.841,2,NVIDIA A100-SXM-64GB,97.39,31908,100
1155,2026-05-18 18:11:36.622479,2026/05/18 18:11:36.885,3,NVIDIA A100-SXM-64GB,110.28,31880,58
1156,2026-05-18 18:11:41.970550,2026/05/18 18:11:42.113,0,NVIDIA A100-SXM-64GB,97.60,31860,65
1157,2026-05-18 18:11:41.970550,2026/05/18 18:11:42.157,1,NVIDIA A100-SXM-64GB,105.98,31888,42
1158,2026-05-18 18:11:41.970550,2026/05/18 18:11:42.160,2,NVIDIA A100-SXM-64GB,99.26,31908,75
1159,2026-05-18 18:11:41.970550,2026/05/18 18:11:42.196,3,NVIDIA A100-SXM-64GB,108.79,31880,77
1160,2026-05-18 18:11:47.327070,2026/05/18 18:11:47.486,0,NVIDIA A100-SXM-64GB,102.91,31860,81
1161,2026-05-18 18:11:47.327070,2026/05/18 18:11:47.554,1,NVIDIA A100-SXM-64GB,113.88,31888,84
1162,2026-05-18 18:11:47.327070,2026/05/18 18:11:47.565,2,NVIDIA A100-SXM-64GB,106.59,31908,44
1163,2026-05-18 18:11:47.327070,2026/05/18 18:11:47.645,3,NVIDIA A100-SXM-64GB,102.33,31880,79
1164,2026-05-18 18:11:52.707369,2026/05/18 18:11:52.855,0,NVIDIA A100-SXM-64GB,106.75,31860,93
1165,2026-05-18 18:11:52.707369,2026/05/18 18:11:52.879,1,NVIDIA A100-SXM-64GB,123.70,31888,100
1166,2026-05-18 18:11:52.707369,2026/05/18 18:11:52.901,2,NVIDIA A100-SXM-64GB,98.00,31908,95
1167,2026-05-18 18:11:52.707369,2026/05/18 18:11:52.956,3,NVIDIA A100-SXM-64GB,105.09,31880,33
1168,2026-05-18 18:11:58.029517,2026/05/18 18:11:58.212,0,NVIDIA A100-SXM-64GB,106.48,31860,83
1169,2026-05-18 18:11:58.029517,2026/05/18 18:11:58.230,1,NVIDIA A100-SXM-64GB,109.60,31888,95
1170,2026-05-18 18:11:58.029517,2026/05/18 18:11:58.254,2,NVIDIA A100-SXM-64GB,108.62,31908,100
1171,2026-05-18 18:11:58.029517,2026/05/18 18:11:58.257,3,NVIDIA A100-SXM-64GB,105.36,31880,94
1172,2026-05-18 18:12:03.375551,2026/05/18 18:12:03.563,0,NVIDIA A100-SXM-64GB,101.00,31860,100
1173,2026-05-18 18:12:03.375551,2026/05/18 18:12:03.592,1,NVIDIA A100-SXM-64GB,106.86,31888,50
1174,2026-05-18 18:12:03.375551,2026/05/18 18:12:03.639,2,NVIDIA A100-SXM-64GB,92.83,31908,76
1175,2026-05-18 18:12:03.375551,2026/05/18 18:12:03.716,3,NVIDIA A100-SXM-64GB,108.29,31880,92
1176,2026-05-18 18:12:08.811383,2026/05/18 18:12:08.975,0,NVIDIA A100-SXM-64GB,86.72,31860,69
1177,2026-05-18 18:12:08.811383,2026/05/18 18:12:09.016,1,NVIDIA A100-SXM-64GB,100.44,31888,100
1178,2026-05-18 18:12:08.811383,2026/05/18 18:12:09.022,2,NVIDIA A100-SXM-64GB,102.01,31908,100
1179,2026-05-18 18:12:08.811383,2026/05/18 18:12:09.071,3,NVIDIA A100-SXM-64GB,108.90,31880,71
1180,2026-05-18 18:12:14.168576,2026/05/18 18:12:14.343,0,NVIDIA A100-SXM-64GB,111.96,31860,93
1181,2026-05-18 18:12:14.168576,2026/05/18 18:12:14.346,1,NVIDIA A100-SXM-64GB,111.46,31888,91
1182,2026-05-18 18:12:14.168576,2026/05/18 18:12:14.361,2,NVIDIA A100-SXM-64GB,106.92,31908,94
1183,2026-05-18 18:12:14.168576,2026/05/18 18:12:14.391,3,NVIDIA A100-SXM-64GB,107.52,31880,91
1184,2026-05-18 18:12:19.509261,2026/05/18 18:12:19.666,0,NVIDIA A100-SXM-64GB,114.70,31860,76
1185,2026-05-18 18:12:19.509261,2026/05/18 18:12:19.719,1,NVIDIA A100-SXM-64GB,89.80,31888,52
1186,2026-05-18 18:12:19.509261,2026/05/18 18:12:19.725,2,NVIDIA A100-SXM-64GB,93.71,31908,89
1187,2026-05-18 18:12:19.509261,2026/05/18 18:12:19.772,3,NVIDIA A100-SXM-64GB,105.36,31880,38
1188,2026-05-18 18:12:24.856345,2026/05/18 18:12:25.033,0,NVIDIA A100-SXM-64GB,103.13,31860,83
1189,2026-05-18 18:12:24.856345,2026/05/18 18:12:25.043,1,NVIDIA A100-SXM-64GB,106.86,31888,92
1190,2026-05-18 18:12:24.856345,2026/05/18 18:12:25.074,2,NVIDIA A100-SXM-64GB,114.78,31908,88
1191,2026-05-18 18:12:24.856345,2026/05/18 18:12:25.090,3,NVIDIA A100-SXM-64GB,98.30,31880,73
1192,2026-05-18 18:12:30.196900,2026/05/18 18:12:30.354,0,NVIDIA A100-SXM-64GB,97.60,31860,62
1193,2026-05-18 18:12:30.196900,2026/05/18 18:12:30.367,1,NVIDIA A100-SXM-64GB,99.46,31888,83
1194,2026-05-18 18:12:30.196900,2026/05/18 18:12:30.412,2,NVIDIA A100-SXM-64GB,98.23,31908,69
1195,2026-05-18 18:12:30.196900,2026/05/18 18:12:30.423,3,NVIDIA A100-SXM-64GB,98.02,31880,63
1196,2026-05-18 18:12:35.550157,2026/05/18 18:12:35.738,0,NVIDIA A100-SXM-64GB,125.05,31860,87
1197,2026-05-18 18:12:35.550157,2026/05/18 18:12:35.741,1,NVIDIA A100-SXM-64GB,112.40,31888,82
1198,2026-05-18 18:12:35.550157,2026/05/18 18:12:35.767,2,NVIDIA A100-SXM-64GB,114.89,31908,89
1199,2026-05-18 18:12:35.550157,2026/05/18 18:12:35.789,3,NVIDIA A100-SXM-64GB,105.81,31880,28
1200,2026-05-18 18:12:40.936405,2026/05/18 18:12:41.126,0,NVIDIA A100-SXM-64GB,109.33,31860,66
1201,2026-05-18 18:12:40.936405,2026/05/18 18:12:41.161,1,NVIDIA A100-SXM-64GB,111.75,31888,100
1202,2026-05-18 18:12:40.936405,2026/05/18 18:12:41.163,2,NVIDIA A100-SXM-64GB,106.31,31908,85
1203,2026-05-18 18:12:40.936405,2026/05/18 18:12:41.180,3,NVIDIA A100-SXM-64GB,105.09,31880,48
1204,2026-05-18 18:12:46.325008,2026/05/18 18:12:46.512,0,NVIDIA A100-SXM-64GB,108.01,31860,73
1205,2026-05-18 18:12:46.325008,2026/05/18 18:12:46.515,1,NVIDIA A100-SXM-64GB,109.93,31888,88
1206,2026-05-18 18:12:46.325008,2026/05/18 18:12:46.561,2,NVIDIA A100-SXM-64GB,106.31,31908,36
1207,2026-05-18 18:12:46.325008,2026/05/18 18:12:46.586,3,NVIDIA A100-SXM-64GB,109.06,31880,61
1208,2026-05-18 18:12:51.695642,2026/05/18 18:12:51.884,0,NVIDIA A100-SXM-64GB,106.75,31860,100
1209,2026-05-18 18:12:51.695642,2026/05/18 18:12:51.887,1,NVIDIA A100-SXM-64GB,123.70,31888,62
1210,2026-05-18 18:12:51.695642,2026/05/18 18:12:51.939,2,NVIDIA A100-SXM-64GB,112.75,31908,69
1211,2026-05-18 18:12:51.695642,2026/05/18 18:12:51.942,3,NVIDIA A100-SXM-64GB,94.76,31880,100
1212,2026-05-18 18:12:57.073696,2026/05/18 18:12:57.216,0,NVIDIA A100-SXM-64GB,100.34,31860,97
1213,2026-05-18 18:12:57.073696,2026/05/18 18:12:57.219,1,NVIDIA A100-SXM-64GB,99.57,31888,80
1214,2026-05-18 18:12:57.073696,2026/05/18 18:12:57.280,2,NVIDIA A100-SXM-64GB,94.64,31908,77
1215,2026-05-18 18:12:57.073696,2026/05/18 18:12:57.283,3,NVIDIA A100-SXM-64GB,89.51,31880,59
1216,2026-05-18 18:13:02.394886,2026/05/18 18:13:02.595,0,NVIDIA A100-SXM-64GB,106.86,31860,93
1217,2026-05-18 18:13:02.394886,2026/05/18 18:13:02.621,1,NVIDIA A100-SXM-64GB,89.80,31888,19
1218,2026-05-18 18:13:02.394886,2026/05/18 18:13:02.677,2,NVIDIA A100-SXM-64GB,97.12,31908,48
1219,2026-05-18 18:13:02.394886,2026/05/18 18:13:02.680,3,NVIDIA A100-SXM-64GB,107.85,31880,100
1220,2026-05-18 18:13:07.804343,2026/05/18 18:13:08.016,0,NVIDIA A100-SXM-64GB,105.87,31860,73
1221,2026-05-18 18:13:07.804343,2026/05/18 18:13:08.045,1,NVIDIA A100-SXM-64GB,100.17,31888,68
1222,2026-05-18 18:13:07.804343,2026/05/18 18:13:08.089,2,NVIDIA A100-SXM-64GB,109.06,31908,79
1223,2026-05-18 18:13:07.804343,2026/05/18 18:13:08.093,3,NVIDIA A100-SXM-64GB,100.45,31880,73
1224,2026-05-18 18:13:13.210727,2026/05/18 18:13:13.436,0,NVIDIA A100-SXM-64GB,98.03,31860,81
1225,2026-05-18 18:13:13.210727,2026/05/18 18:13:13.474,1,NVIDIA A100-SXM-64GB,104.12,31888,94
1226,2026-05-18 18:13:13.210727,2026/05/18 18:13:13.493,2,NVIDIA A100-SXM-64GB,88.53,31908,39
1227,2026-05-18 18:13:13.210727,2026/05/18 18:13:13.511,3,NVIDIA A100-SXM-64GB,108.46,31880,86
1228,2026-05-18 18:13:18.623519,2026/05/18 18:13:18.779,0,NVIDIA A100-SXM-64GB,103.24,31860,100
1229,2026-05-18 18:13:18.623519,2026/05/18 18:13:18.782,1,NVIDIA A100-SXM-64GB,112.40,31888,62
1230,2026-05-18 18:13:18.623519,2026/05/18 18:13:18.854,2,NVIDIA A100-SXM-64GB,90.35,31908,61
1231,2026-05-18 18:13:18.623519,2026/05/18 18:13:18.857,3,NVIDIA A100-SXM-64GB,101.83,31880,77
1232,2026-05-18 18:13:23.993543,2026/05/18 18:13:24.134,0,NVIDIA A100-SXM-64GB,92.12,31860,100
1233,2026-05-18 18:13:23.993543,2026/05/18 18:13:24.144,1,NVIDIA A100-SXM-64GB,114.70,31888,94
1234,2026-05-18 18:13:23.993543,2026/05/18 18:13:24.166,2,NVIDIA A100-SXM-64GB,86.99,31908,98
1235,2026-05-18 18:13:23.993543,2026/05/18 18:13:24.174,3,NVIDIA A100-SXM-64GB,91.05,31880,78
1236,2026-05-18 18:13:29.380000,2026/05/18 18:13:29.608,0,NVIDIA A100-SXM-64GB,92.45,31860,66
1237,2026-05-18 18:13:29.380000,2026/05/18 18:13:29.636,1,NVIDIA A100-SXM-64GB,98.63,31888,69
1238,2026-05-18 18:13:29.380000,2026/05/18 18:13:29.639,2,NVIDIA A100-SXM-64GB,106.20,31908,75
1239,2026-05-18 18:13:29.380000,2026/05/18 18:13:29.669,3,NVIDIA A100-SXM-64GB,86.66,31880,15
1240,2026-05-18 18:13:34.809349,2026/05/18 18:13:34.996,0,NVIDIA A100-SXM-64GB,105.27,31860,95
1241,2026-05-18 18:13:34.809349,2026/05/18 18:13:35.039,1,NVIDIA A100-SXM-64GB,100.17,31888,88
1242,2026-05-18 18:13:34.809349,2026/05/18 18:13:35.091,2,NVIDIA A100-SXM-64GB,100.15,31908,42
1243,2026-05-18 18:13:34.809349,2026/05/18 18:13:35.104,3,NVIDIA A100-SXM-64GB,88.80,31880,97
1244,2026-05-18 18:13:40.199658,2026/05/18 18:13:40.383,0,NVIDIA A100-SXM-64GB,104.01,31860,92
1245,2026-05-18 18:13:40.199658,2026/05/18 18:13:40.409,1,NVIDIA A100-SXM-64GB,110.54,31888,91
1246,2026-05-18 18:13:40.199658,2026/05/18 18:13:40.441,2,NVIDIA A100-SXM-64GB,87.93,31908,89
1247,2026-05-18 18:13:40.199658,2026/05/18 18:13:40.491,3,NVIDIA A100-SXM-64GB,87.96,31880,48
1248,2026-05-18 18:13:45.600274,2026/05/18 18:13:45.770,0,NVIDIA A100-SXM-64GB,93.15,31860,100
1249,2026-05-18 18:13:45.600274,2026/05/18 18:13:45.774,1,NVIDIA A100-SXM-64GB,95.89,31888,100
1250,2026-05-18 18:13:45.600274,2026/05/18 18:13:45.776,2,NVIDIA A100-SXM-64GB,93.71,31908,100
1251,2026-05-18 18:13:45.600274,2026/05/18 18:13:45.836,3,NVIDIA A100-SXM-64GB,94.09,31880,100
1252,2026-05-18 18:13:50.940658,2026/05/18 18:13:51.129,0,NVIDIA A100-SXM-64GB,91.84,31860,0
1253,2026-05-18 18:13:50.940658,2026/05/18 18:13:51.132,1,NVIDIA A100-SXM-64GB,83.65,31888,1
1254,2026-05-18 18:13:50.940658,2026/05/18 18:13:51.180,2,NVIDIA A100-SXM-64GB,107.19,31908,100
1255,2026-05-18 18:13:50.940658,2026/05/18 18:13:51.191,3,NVIDIA A100-SXM-64GB,95.54,31880,100
1256,2026-05-18 18:13:56.359501,2026/05/18 18:13:56.554,0,NVIDIA A100-SXM-64GB,105.27,31860,92
1257,2026-05-18 18:13:56.359501,2026/05/18 18:13:56.596,1,NVIDIA A100-SXM-64GB,96.82,31888,91
1258,2026-05-18 18:13:56.359501,2026/05/18 18:13:56.640,2,NVIDIA A100-SXM-64GB,102.62,31908,85
1259,2026-05-18 18:13:56.359501,2026/05/18 18:13:56.660,3,NVIDIA A100-SXM-64GB,97.18,31880,86
1260,2026-05-18 18:14:01.796505,2026/05/18 18:14:01.968,0,NVIDIA A100-SXM-64GB,92.82,31860,100
1261,2026-05-18 18:14:01.796505,2026/05/18 18:14:01.971,1,NVIDIA A100-SXM-64GB,95.89,31888,100
1262,2026-05-18 18:14:01.796505,2026/05/18 18:14:02.013,2,NVIDIA A100-SXM-64GB,75.66,31908,0
1263,2026-05-18 18:14:01.796505,2026/05/18 18:14:02.016,3,NVIDIA A100-SXM-64GB,76.17,31880,0
1264,2026-05-18 18:14:07.129245,2026/05/18 18:14:07.308,0,NVIDIA A100-SXM-64GB,112.56,31860,100
1265,2026-05-18 18:14:07.129245,2026/05/18 18:14:07.311,1,NVIDIA A100-SXM-64GB,109.82,31888,80
1266,2026-05-18 18:14:07.129245,2026/05/18 18:14:07.317,2,NVIDIA A100-SXM-64GB,104.66,31908,70
1267,2026-05-18 18:14:07.129245,2026/05/18 18:14:07.361,3,NVIDIA A100-SXM-64GB,88.47,31880,75
1268,2026-05-18 18:14:12.494111,2026/05/18 18:14:12.635,0,NVIDIA A100-SXM-64GB,105.27,31860,86
1269,2026-05-18 18:14:12.494111,2026/05/18 18:14:12.680,1,NVIDIA A100-SXM-64GB,103.24,31888,90
1270,2026-05-18 18:14:12.494111,2026/05/18 18:14:12.683,2,NVIDIA A100-SXM-64GB,107.85,31908,72
1271,2026-05-18 18:14:12.494111,2026/05/18 18:14:12.740,3,NVIDIA A100-SXM-64GB,109.06,31880,82
1272,2026-05-18 18:14:17.848990,2026/05/18 18:14:18.040,0,NVIDIA A100-SXM-64GB,93.05,31860,100
1273,2026-05-18 18:14:17.848990,2026/05/18 18:14:18.043,1,NVIDIA A100-SXM-64GB,95.79,31888,100
1274,2026-05-18 18:14:17.848990,2026/05/18 18:14:18.046,2,NVIDIA A100-SXM-64GB,93.71,31908,100
1275,2026-05-18 18:14:17.848990,2026/05/18 18:14:18.099,3,NVIDIA A100-SXM-64GB,93.99,31880,100
1276,2026-05-18 18:14:23.215712,2026/05/18 18:14:23.404,0,NVIDIA A100-SXM-64GB,98.20,31860,81
1277,2026-05-18 18:14:23.215712,2026/05/18 18:14:23.414,1,NVIDIA A100-SXM-64GB,127.52,31888,74
1278,2026-05-18 18:14:23.215712,2026/05/18 18:14:23.473,2,NVIDIA A100-SXM-64GB,105.38,31908,94
1279,2026-05-18 18:14:23.215712,2026/05/18 18:14:23.511,3,NVIDIA A100-SXM-64GB,90.02,31880,73
1280,2026-05-18 18:14:28.580360,2026/05/18 18:14:28.734,0,NVIDIA A100-SXM-64GB,117.92,31860,66
1281,2026-05-18 18:14:28.580360,2026/05/18 18:14:28.742,1,NVIDIA A100-SXM-64GB,110.54,31888,100
1282,2026-05-18 18:14:28.580360,2026/05/18 18:14:28.775,2,NVIDIA A100-SXM-64GB,123.35,31908,94
1283,2026-05-18 18:14:28.580360,2026/05/18 18:14:28.796,3,NVIDIA A100-SXM-64GB,109.06,31880,59
1284,2026-05-18 18:14:33.922962,2026/05/18 18:14:34.107,0,NVIDIA A100-SXM-64GB,102.48,31860,84
1285,2026-05-18 18:14:33.922962,2026/05/18 18:14:34.146,1,NVIDIA A100-SXM-64GB,95.46,31888,35
1286,2026-05-18 18:14:33.922962,2026/05/18 18:14:34.150,2,NVIDIA A100-SXM-64GB,108.73,31908,63
1287,2026-05-18 18:14:33.922962,2026/05/18 18:14:34.196,3,NVIDIA A100-SXM-64GB,100.78,31880,91
1288,2026-05-18 18:14:39.285030,2026/05/18 18:14:39.440,0,NVIDIA A100-SXM-64GB,109.82,31860,100
1289,2026-05-18 18:14:39.285030,2026/05/18 18:14:39.485,1,NVIDIA A100-SXM-64GB,87.66,31888,70
1290,2026-05-18 18:14:39.285030,2026/05/18 18:14:39.527,2,NVIDIA A100-SXM-64GB,86.39,31908,69
1291,2026-05-18 18:14:39.285030,2026/05/18 18:14:39.530,3,NVIDIA A100-SXM-64GB,94.93,31880,86
1292,2026-05-18 18:14:44.666902,2026/05/18 18:14:44.844,0,NVIDIA A100-SXM-64GB,107.68,31860,100
1293,2026-05-18 18:14:44.666902,2026/05/18 18:14:44.895,1,NVIDIA A100-SXM-64GB,109.60,31888,93
1294,2026-05-18 18:14:44.666902,2026/05/18 18:14:44.898,2,NVIDIA A100-SXM-64GB,98.93,31908,63
1295,2026-05-18 18:14:44.666902,2026/05/18 18:14:44.955,3,NVIDIA A100-SXM-64GB,93.39,31880,72
1296,2026-05-18 18:14:50.087086,2026/05/18 18:14:50.245,0,NVIDIA A100-SXM-64GB,107.08,31860,100
1297,2026-05-18 18:14:50.087086,2026/05/18 18:14:50.248,1,NVIDIA A100-SXM-64GB,96.06,31888,96
1298,2026-05-18 18:14:50.087086,2026/05/18 18:14:50.315,2,NVIDIA A100-SXM-64GB,89.42,31908,87
1299,2026-05-18 18:14:50.087086,2026/05/18 18:14:50.318,3,NVIDIA A100-SXM-64GB,91.56,31880,39
1300,2026-05-18 18:14:55.435992,2026/05/18 18:14:55.583,0,NVIDIA A100-SXM-64GB,121.71,31860,100
1301,2026-05-18 18:14:55.435992,2026/05/18 18:14:55.643,1,NVIDIA A100-SXM-64GB,96.39,31888,46
1302,2026-05-18 18:14:55.435992,2026/05/18 18:14:55.646,2,NVIDIA A100-SXM-64GB,93.61,31908,59
1303,2026-05-18 18:14:55.435992,2026/05/18 18:14:55.693,3,NVIDIA A100-SXM-64GB,86.04,31880,69
1304,2026-05-18 18:15:00.759278,2026/05/18 18:15:00.948,0,NVIDIA A100-SXM-64GB,101.87,31860,100
1305,2026-05-18 18:15:00.759278,2026/05/18 18:15:00.951,1,NVIDIA A100-SXM-64GB,111.96,31888,80
1306,2026-05-18 18:15:00.759278,2026/05/18 18:15:01.002,2,NVIDIA A100-SXM-64GB,100.98,31908,72
1307,2026-05-18 18:15:00.759278,2026/05/18 18:15:01.008,3,NVIDIA A100-SXM-64GB,108.95,31880,34
1308,2026-05-18 18:15:06.177079,2026/05/18 18:15:06.329,0,NVIDIA A100-SXM-64GB,85.43,31860,76
1309,2026-05-18 18:15:06.177079,2026/05/18 18:15:06.353,1,NVIDIA A100-SXM-64GB,95.19,31888,74
1310,2026-05-18 18:15:06.177079,2026/05/18 18:15:06.356,2,NVIDIA A100-SXM-64GB,85.12,31908,48
1311,2026-05-18 18:15:06.177079,2026/05/18 18:15:06.409,3,NVIDIA A100-SXM-64GB,122.92,31880,67
1312,2026-05-18 18:15:11.539473,2026/05/18 18:15:11.733,0,NVIDIA A100-SXM-64GB,108.78,31860,100
1313,2026-05-18 18:15:11.539473,2026/05/18 18:15:11.759,1,NVIDIA A100-SXM-64GB,101.60,31888,43
1314,2026-05-18 18:15:11.539473,2026/05/18 18:15:11.762,2,NVIDIA A100-SXM-64GB,106.20,31908,66
1315,2026-05-18 18:15:11.539473,2026/05/18 18:15:11.805,3,NVIDIA A100-SXM-64GB,110.94,31880,100
1316,2026-05-18 18:15:16.967712,2026/05/18 18:15:17.153,0,NVIDIA A100-SXM-64GB,106.97,31860,100
1317,2026-05-18 18:15:16.967712,2026/05/18 18:15:17.156,1,NVIDIA A100-SXM-64GB,94.26,31888,58
1318,2026-05-18 18:15:16.967712,2026/05/18 18:15:17.158,2,NVIDIA A100-SXM-64GB,109.55,31908,76
1319,2026-05-18 18:15:16.967712,2026/05/18 18:15:17.177,3,NVIDIA A100-SXM-64GB,88.20,31880,44
1320,2026-05-18 18:15:22.332282,2026/05/18 18:15:22.454,0,NVIDIA A100-SXM-64GB,74.42,31860,0
1321,2026-05-18 18:15:22.332282,2026/05/18 18:15:22.459,1,NVIDIA A100-SXM-64GB,76.36,31888,0
1322,2026-05-18 18:15:22.332282,2026/05/18 18:15:22.487,2,NVIDIA A100-SXM-64GB,75.66,31908,0
1323,2026-05-18 18:15:22.332282,2026/05/18 18:15:22.500,3,NVIDIA A100-SXM-64GB,76.17,31880,0
1324,2026-05-18 18:15:27.585264,2026/05/18 18:15:27.702,0,NVIDIA A100-SXM-64GB,74.42,31860,0
1325,2026-05-18 18:15:27.585264,2026/05/18 18:15:27.710,1,NVIDIA A100-SXM-64GB,76.28,31888,0
1326,2026-05-18 18:15:27.585264,2026/05/18 18:15:27.719,2,NVIDIA A100-SXM-64GB,75.33,31908,0
1327,2026-05-18 18:15:27.585264,2026/05/18 18:15:27.736,3,NVIDIA A100-SXM-64GB,76.50,31880,0
1328,2026-05-18 18:15:32.826668,2026/05/18 18:15:32.942,0,NVIDIA A100-SXM-64GB,74.49,31860,0
1329,2026-05-18 18:15:32.826668,2026/05/18 18:15:32.945,1,NVIDIA A100-SXM-64GB,76.36,31888,0
1330,2026-05-18 18:15:32.826668,2026/05/18 18:15:32.963,2,NVIDIA A100-SXM-64GB,75.33,31908,0
1331,2026-05-18 18:15:32.826668,2026/05/18 18:15:32.976,3,NVIDIA A100-SXM-64GB,76.24,31880,0
1332,2026-05-18 18:15:38.057350,2026/05/18 18:15:38.171,0,NVIDIA A100-SXM-64GB,74.75,31860,0
1333,2026-05-18 18:15:38.057350,2026/05/18 18:15:38.193,1,NVIDIA A100-SXM-64GB,76.36,31888,0
1334,2026-05-18 18:15:38.057350,2026/05/18 18:15:38.212,2,NVIDIA A100-SXM-64GB,75.06,31908,0
1335,2026-05-18 18:15:38.057350,2026/05/18 18:15:38.221,3,NVIDIA A100-SXM-64GB,76.50,31880,0
