,script_timestamp,nvidia_timestamp,gpu_index,gpu_name,power_draw_watts,memory_used_MiB,utilization_percent
0,2026-05-30 12:11:49.891427,2026/05/30 12:11:49.931,0,NVIDIA A100-SXM-64GB,62.72,0,0
1,2026-05-30 12:11:49.891427,2026/05/30 12:11:49.934,1,NVIDIA A100-SXM-64GB,62.04,0,0
2,2026-05-30 12:11:49.891427,2026/05/30 12:11:49.937,2,NVIDIA A100-SXM-64GB,63.85,0,0
3,2026-05-30 12:11:49.891427,2026/05/30 12:11:49.939,3,NVIDIA A100-SXM-64GB,60.28,0,0
4,2026-05-30 12:11:54.988556,2026/05/30 12:11:55.028,0,NVIDIA A100-SXM-64GB,62.66,0,0
5,2026-05-30 12:11:54.988556,2026/05/30 12:11:55.031,1,NVIDIA A100-SXM-64GB,61.97,0,0
6,2026-05-30 12:11:54.988556,2026/05/30 12:11:55.034,2,NVIDIA A100-SXM-64GB,63.85,0,0
7,2026-05-30 12:11:54.988556,2026/05/30 12:11:55.036,3,NVIDIA A100-SXM-64GB,60.22,0,0
8,2026-05-30 12:12:00.044660,2026/05/30 12:12:00.097,0,NVIDIA A100-SXM-64GB,62.66,0,0
9,2026-05-30 12:12:00.044660,2026/05/30 12:12:00.101,1,NVIDIA A100-SXM-64GB,61.97,0,0
10,2026-05-30 12:12:00.044660,2026/05/30 12:12:00.103,2,NVIDIA A100-SXM-64GB,63.85,0,0
11,2026-05-30 12:12:00.044660,2026/05/30 12:12:00.106,3,NVIDIA A100-SXM-64GB,60.22,0,0
12,2026-05-30 12:12:05.114151,2026/05/30 12:12:05.165,0,NVIDIA A100-SXM-64GB,62.66,0,0
13,2026-05-30 12:12:05.114151,2026/05/30 12:12:05.167,1,NVIDIA A100-SXM-64GB,61.97,0,0
14,2026-05-30 12:12:05.114151,2026/05/30 12:12:05.170,2,NVIDIA A100-SXM-64GB,63.78,0,0
15,2026-05-30 12:12:05.114151,2026/05/30 12:12:05.173,3,NVIDIA A100-SXM-64GB,60.22,0,0
16,2026-05-30 12:12:10.181357,2026/05/30 12:12:10.220,0,NVIDIA A100-SXM-64GB,62.66,0,0
17,2026-05-30 12:12:10.181357,2026/05/30 12:12:10.223,1,NVIDIA A100-SXM-64GB,61.97,0,0
18,2026-05-30 12:12:10.181357,2026/05/30 12:12:10.225,2,NVIDIA A100-SXM-64GB,63.78,0,0
19,2026-05-30 12:12:10.181357,2026/05/30 12:12:10.228,3,NVIDIA A100-SXM-64GB,60.49,0,0
20,2026-05-30 12:12:15.239312,2026/05/30 12:12:15.278,0,NVIDIA A100-SXM-64GB,62.32,0,0
21,2026-05-30 12:12:15.239312,2026/05/30 12:12:15.281,1,NVIDIA A100-SXM-64GB,61.97,0,0
22,2026-05-30 12:12:15.239312,2026/05/30 12:12:15.285,2,NVIDIA A100-SXM-64GB,63.78,0,0
23,2026-05-30 12:12:15.239312,2026/05/30 12:12:15.288,3,NVIDIA A100-SXM-64GB,60.49,0,0
24,2026-05-30 12:12:20.298234,2026/05/30 12:12:20.338,0,NVIDIA A100-SXM-64GB,62.66,0,0
25,2026-05-30 12:12:20.298234,2026/05/30 12:12:20.341,1,NVIDIA A100-SXM-64GB,61.97,0,0
26,2026-05-30 12:12:20.298234,2026/05/30 12:12:20.343,2,NVIDIA A100-SXM-64GB,63.78,0,0
27,2026-05-30 12:12:20.298234,2026/05/30 12:12:20.346,3,NVIDIA A100-SXM-64GB,60.49,0,0
28,2026-05-30 12:12:25.358195,2026/05/30 12:12:25.398,0,NVIDIA A100-SXM-64GB,62.66,0,0
29,2026-05-30 12:12:25.358195,2026/05/30 12:12:25.401,1,NVIDIA A100-SXM-64GB,61.97,0,0
30,2026-05-30 12:12:25.358195,2026/05/30 12:12:25.404,2,NVIDIA A100-SXM-64GB,63.78,0,0
31,2026-05-30 12:12:25.358195,2026/05/30 12:12:25.407,3,NVIDIA A100-SXM-64GB,60.49,0,0
32,2026-05-30 12:12:30.415730,2026/05/30 12:12:30.456,0,NVIDIA A100-SXM-64GB,62.39,0,0
33,2026-05-30 12:12:30.415730,2026/05/30 12:12:30.461,1,NVIDIA A100-SXM-64GB,61.91,0,0
34,2026-05-30 12:12:30.415730,2026/05/30 12:12:30.464,2,NVIDIA A100-SXM-64GB,63.78,0,0
35,2026-05-30 12:12:30.415730,2026/05/30 12:12:30.469,3,NVIDIA A100-SXM-64GB,60.16,0,0
36,2026-05-30 12:12:35.477753,2026/05/30 12:12:35.518,0,NVIDIA A100-SXM-64GB,62.66,0,0
37,2026-05-30 12:12:35.477753,2026/05/30 12:12:35.521,1,NVIDIA A100-SXM-64GB,61.97,0,0
38,2026-05-30 12:12:35.477753,2026/05/30 12:12:35.524,2,NVIDIA A100-SXM-64GB,63.78,0,0
39,2026-05-30 12:12:35.477753,2026/05/30 12:12:35.530,3,NVIDIA A100-SXM-64GB,60.22,0,0
40,2026-05-30 12:12:40.537896,2026/05/30 12:12:40.578,0,NVIDIA A100-SXM-64GB,62.66,0,0
41,2026-05-30 12:12:40.537896,2026/05/30 12:12:40.581,1,NVIDIA A100-SXM-64GB,61.91,0,0
42,2026-05-30 12:12:40.537896,2026/05/30 12:12:40.586,2,NVIDIA A100-SXM-64GB,63.78,0,0
43,2026-05-30 12:12:40.537896,2026/05/30 12:12:40.591,3,NVIDIA A100-SXM-64GB,60.22,0,0
44,2026-05-30 12:12:45.599174,2026/05/30 12:12:45.638,0,NVIDIA A100-SXM-64GB,62.39,0,0
45,2026-05-30 12:12:45.599174,2026/05/30 12:12:45.642,1,NVIDIA A100-SXM-64GB,61.97,0,0
46,2026-05-30 12:12:45.599174,2026/05/30 12:12:45.647,2,NVIDIA A100-SXM-64GB,63.85,0,0
47,2026-05-30 12:12:45.599174,2026/05/30 12:12:45.653,3,NVIDIA A100-SXM-64GB,60.22,0,0
48,2026-05-30 12:12:50.661173,2026/05/30 12:12:50.701,0,NVIDIA A100-SXM-64GB,62.72,0,0
49,2026-05-30 12:12:50.661173,2026/05/30 12:12:50.704,1,NVIDIA A100-SXM-64GB,62.04,0,0
50,2026-05-30 12:12:50.661173,2026/05/30 12:12:50.709,2,NVIDIA A100-SXM-64GB,63.85,0,0
51,2026-05-30 12:12:50.661173,2026/05/30 12:12:50.714,3,NVIDIA A100-SXM-64GB,60.28,0,0
52,2026-05-30 12:12:55.722700,2026/05/30 12:12:55.762,0,NVIDIA A100-SXM-64GB,62.39,0,0
53,2026-05-30 12:12:55.722700,2026/05/30 12:12:55.765,1,NVIDIA A100-SXM-64GB,62.04,0,0
54,2026-05-30 12:12:55.722700,2026/05/30 12:12:55.770,2,NVIDIA A100-SXM-64GB,63.91,0,0
55,2026-05-30 12:12:55.722700,2026/05/30 12:12:55.773,3,NVIDIA A100-SXM-64GB,60.28,0,0
56,2026-05-30 12:13:00.780684,2026/05/30 12:13:00.820,0,NVIDIA A100-SXM-64GB,62.45,0,0
57,2026-05-30 12:13:00.780684,2026/05/30 12:13:00.823,1,NVIDIA A100-SXM-64GB,62.04,0,0
58,2026-05-30 12:13:00.780684,2026/05/30 12:13:00.825,2,NVIDIA A100-SXM-64GB,64.19,0,0
59,2026-05-30 12:13:00.780684,2026/05/30 12:13:00.832,3,NVIDIA A100-SXM-64GB,60.28,0,0
60,2026-05-30 12:13:05.840539,2026/05/30 12:13:05.880,0,NVIDIA A100-SXM-64GB,62.39,0,0
61,2026-05-30 12:13:05.840539,2026/05/30 12:13:05.883,1,NVIDIA A100-SXM-64GB,61.97,0,0
62,2026-05-30 12:13:05.840539,2026/05/30 12:13:05.885,2,NVIDIA A100-SXM-64GB,63.85,0,0
63,2026-05-30 12:13:05.840539,2026/05/30 12:13:05.892,3,NVIDIA A100-SXM-64GB,60.22,0,0
64,2026-05-30 12:13:10.900191,2026/05/30 12:13:10.940,0,NVIDIA A100-SXM-64GB,62.39,0,0
65,2026-05-30 12:13:10.900191,2026/05/30 12:13:10.943,1,NVIDIA A100-SXM-64GB,61.97,0,0
66,2026-05-30 12:13:10.900191,2026/05/30 12:13:10.945,2,NVIDIA A100-SXM-64GB,63.85,0,0
67,2026-05-30 12:13:10.900191,2026/05/30 12:13:10.948,3,NVIDIA A100-SXM-64GB,60.22,0,0
68,2026-05-30 12:13:15.956193,2026/05/30 12:13:15.996,0,NVIDIA A100-SXM-64GB,62.39,4,0
69,2026-05-30 12:13:15.956193,2026/05/30 12:13:16.000,1,NVIDIA A100-SXM-64GB,61.97,4,0
70,2026-05-30 12:13:15.956193,2026/05/30 12:13:16.003,2,NVIDIA A100-SXM-64GB,63.85,4,0
71,2026-05-30 12:13:15.956193,2026/05/30 12:13:16.006,3,NVIDIA A100-SXM-64GB,60.22,4,0
72,2026-05-30 12:13:21.014982,2026/05/30 12:13:21.054,0,NVIDIA A100-SXM-64GB,62.39,4,0
73,2026-05-30 12:13:21.014982,2026/05/30 12:13:21.057,1,NVIDIA A100-SXM-64GB,61.97,4,0
74,2026-05-30 12:13:21.014982,2026/05/30 12:13:21.060,2,NVIDIA A100-SXM-64GB,63.85,4,0
75,2026-05-30 12:13:21.014982,2026/05/30 12:13:21.062,3,NVIDIA A100-SXM-64GB,60.22,4,0
76,2026-05-30 12:13:26.070729,2026/05/30 12:13:26.110,0,NVIDIA A100-SXM-64GB,62.72,4,0
77,2026-05-30 12:13:26.070729,2026/05/30 12:13:26.113,1,NVIDIA A100-SXM-64GB,61.70,4,0
78,2026-05-30 12:13:26.070729,2026/05/30 12:13:26.116,2,NVIDIA A100-SXM-64GB,63.78,4,0
79,2026-05-30 12:13:26.070729,2026/05/30 12:13:26.118,3,NVIDIA A100-SXM-64GB,60.28,4,0
80,2026-05-30 12:13:31.126663,2026/05/30 12:13:31.154,0,NVIDIA A100-SXM-64GB,62.59,4,0
81,2026-05-30 12:13:31.126663,2026/05/30 12:13:31.160,1,NVIDIA A100-SXM-64GB,75.74,480,0
82,2026-05-30 12:13:31.126663,2026/05/30 12:13:31.163,2,NVIDIA A100-SXM-64GB,77.55,480,0
83,2026-05-30 12:13:31.126663,2026/05/30 12:13:31.165,3,NVIDIA A100-SXM-64GB,73.33,480,0
84,2026-05-30 12:13:36.173131,2026/05/30 12:13:36.213,0,NVIDIA A100-SXM-64GB,62.32,4,0
85,2026-05-30 12:13:36.173131,2026/05/30 12:13:36.215,1,NVIDIA A100-SXM-64GB,75.81,480,0
86,2026-05-30 12:13:36.173131,2026/05/30 12:13:36.218,2,NVIDIA A100-SXM-64GB,77.55,480,0
87,2026-05-30 12:13:36.173131,2026/05/30 12:13:36.221,3,NVIDIA A100-SXM-64GB,73.33,480,0
88,2026-05-30 12:13:41.228841,2026/05/30 12:13:41.268,0,NVIDIA A100-SXM-64GB,62.66,4,0
89,2026-05-30 12:13:41.228841,2026/05/30 12:13:41.271,1,NVIDIA A100-SXM-64GB,75.74,480,0
90,2026-05-30 12:13:41.228841,2026/05/30 12:13:41.274,2,NVIDIA A100-SXM-64GB,77.55,480,0
91,2026-05-30 12:13:41.228841,2026/05/30 12:13:41.277,3,NVIDIA A100-SXM-64GB,73.06,482,0
92,2026-05-30 12:13:46.306789,2026/05/30 12:13:46.334,0,NVIDIA A100-SXM-64GB,79.79,2004,12
93,2026-05-30 12:13:46.306789,2026/05/30 12:13:46.337,1,NVIDIA A100-SXM-64GB,77.89,2022,17
94,2026-05-30 12:13:46.306789,2026/05/30 12:13:46.339,2,NVIDIA A100-SXM-64GB,77.89,2012,1
95,2026-05-30 12:13:46.306789,2026/05/30 12:13:46.342,3,NVIDIA A100-SXM-64GB,73.33,1984,17
96,2026-05-30 12:13:51.352146,2026/05/30 12:13:51.391,0,NVIDIA A100-SXM-64GB,76.44,3724,0
97,2026-05-30 12:13:51.352146,2026/05/30 12:13:51.394,1,NVIDIA A100-SXM-64GB,76.01,3742,1
98,2026-05-30 12:13:51.352146,2026/05/30 12:13:51.396,2,NVIDIA A100-SXM-64GB,77.89,3732,0
99,2026-05-30 12:13:51.352146,2026/05/30 12:13:51.400,3,NVIDIA A100-SXM-64GB,73.33,3704,0
100,2026-05-30 12:13:56.411545,2026/05/30 12:13:56.451,0,NVIDIA A100-SXM-64GB,77.04,7164,1
101,2026-05-30 12:13:56.411545,2026/05/30 12:13:56.453,1,NVIDIA A100-SXM-64GB,76.09,7182,0
102,2026-05-30 12:13:56.411545,2026/05/30 12:13:56.456,2,NVIDIA A100-SXM-64GB,77.89,7172,0
103,2026-05-30 12:13:56.411545,2026/05/30 12:13:56.460,3,NVIDIA A100-SXM-64GB,73.33,7144,1
104,2026-05-30 12:14:01.471279,2026/05/30 12:14:01.510,0,NVIDIA A100-SXM-64GB,77.04,9864,1
105,2026-05-30 12:14:01.471279,2026/05/30 12:14:01.512,1,NVIDIA A100-SXM-64GB,75.41,9882,1
106,2026-05-30 12:14:01.471279,2026/05/30 12:14:01.515,2,NVIDIA A100-SXM-64GB,77.89,9872,1
107,2026-05-30 12:14:01.471279,2026/05/30 12:14:01.519,3,NVIDIA A100-SXM-64GB,73.13,9844,1
108,2026-05-30 12:14:06.531646,2026/05/30 12:14:06.571,0,NVIDIA A100-SXM-64GB,76.44,12424,1
109,2026-05-30 12:14:06.531646,2026/05/30 12:14:06.573,1,NVIDIA A100-SXM-64GB,75.81,12442,1
110,2026-05-30 12:14:06.531646,2026/05/30 12:14:06.576,2,NVIDIA A100-SXM-64GB,77.89,12432,1
111,2026-05-30 12:14:06.531646,2026/05/30 12:14:06.578,3,NVIDIA A100-SXM-64GB,73.33,12404,1
112,2026-05-30 12:14:11.586994,2026/05/30 12:14:11.626,0,NVIDIA A100-SXM-64GB,76.71,14964,1
113,2026-05-30 12:14:11.586994,2026/05/30 12:14:11.631,1,NVIDIA A100-SXM-64GB,75.21,14982,2
114,2026-05-30 12:14:11.586994,2026/05/30 12:14:11.634,2,NVIDIA A100-SXM-64GB,77.89,14972,1
115,2026-05-30 12:14:11.586994,2026/05/30 12:14:11.636,3,NVIDIA A100-SXM-64GB,73.33,14944,1
116,2026-05-30 12:14:16.644467,2026/05/30 12:14:16.683,0,NVIDIA A100-SXM-64GB,76.44,17744,0
117,2026-05-30 12:14:16.644467,2026/05/30 12:14:16.686,1,NVIDIA A100-SXM-64GB,75.81,17762,1
118,2026-05-30 12:14:16.644467,2026/05/30 12:14:16.688,2,NVIDIA A100-SXM-64GB,77.55,17752,1
119,2026-05-30 12:14:16.644467,2026/05/30 12:14:16.691,3,NVIDIA A100-SXM-64GB,73.41,17724,1
120,2026-05-30 12:14:21.699713,2026/05/30 12:14:21.753,0,NVIDIA A100-SXM-64GB,76.44,21184,7
121,2026-05-30 12:14:21.699713,2026/05/30 12:14:21.756,1,NVIDIA A100-SXM-64GB,75.74,21202,1
122,2026-05-30 12:14:21.699713,2026/05/30 12:14:21.758,2,NVIDIA A100-SXM-64GB,77.55,21192,1
123,2026-05-30 12:14:21.699713,2026/05/30 12:14:21.763,3,NVIDIA A100-SXM-64GB,109.56,21164,2
124,2026-05-30 12:14:26.771461,2026/05/30 12:14:26.810,0,NVIDIA A100-SXM-64GB,76.71,23744,1
125,2026-05-30 12:14:26.771461,2026/05/30 12:14:26.812,1,NVIDIA A100-SXM-64GB,75.81,23762,0
126,2026-05-30 12:14:26.771461,2026/05/30 12:14:26.815,2,NVIDIA A100-SXM-64GB,77.63,23772,1
127,2026-05-30 12:14:26.771461,2026/05/30 12:14:26.819,3,NVIDIA A100-SXM-64GB,73.41,23744,1
128,2026-05-30 12:14:31.828796,2026/05/30 12:14:31.868,0,NVIDIA A100-SXM-64GB,76.79,26424,1
129,2026-05-30 12:14:31.828796,2026/05/30 12:14:31.870,1,NVIDIA A100-SXM-64GB,75.81,26442,1
130,2026-05-30 12:14:31.828796,2026/05/30 12:14:31.873,2,NVIDIA A100-SXM-64GB,77.63,26432,1
131,2026-05-30 12:14:31.828796,2026/05/30 12:14:31.875,3,NVIDIA A100-SXM-64GB,73.41,26404,1
132,2026-05-30 12:14:36.883846,2026/05/30 12:14:36.923,0,NVIDIA A100-SXM-64GB,77.12,29204,1
133,2026-05-30 12:14:36.883846,2026/05/30 12:14:36.927,1,NVIDIA A100-SXM-64GB,75.49,29222,2
134,2026-05-30 12:14:36.883846,2026/05/30 12:14:36.930,2,NVIDIA A100-SXM-64GB,77.63,29212,2
135,2026-05-30 12:14:36.883846,2026/05/30 12:14:36.932,3,NVIDIA A100-SXM-64GB,73.74,29184,2
136,2026-05-30 12:14:41.940854,2026/05/30 12:14:41.992,0,NVIDIA A100-SXM-64GB,76.79,31744,1
137,2026-05-30 12:14:41.940854,2026/05/30 12:14:41.995,1,NVIDIA A100-SXM-64GB,76.09,31762,2
138,2026-05-30 12:14:41.940854,2026/05/30 12:14:41.998,2,NVIDIA A100-SXM-64GB,77.63,31752,1
139,2026-05-30 12:14:41.940854,2026/05/30 12:14:42.000,3,NVIDIA A100-SXM-64GB,73.74,31724,1
140,2026-05-30 12:14:47.011343,2026/05/30 12:14:47.051,0,NVIDIA A100-SXM-64GB,77.04,34304,0
141,2026-05-30 12:14:47.011343,2026/05/30 12:14:47.054,1,NVIDIA A100-SXM-64GB,76.09,34322,0
142,2026-05-30 12:14:47.011343,2026/05/30 12:14:47.056,2,NVIDIA A100-SXM-64GB,77.89,34312,0
143,2026-05-30 12:14:47.011343,2026/05/30 12:14:47.059,3,NVIDIA A100-SXM-64GB,73.41,34284,0
144,2026-05-30 12:14:52.070600,2026/05/30 12:14:52.110,0,NVIDIA A100-SXM-64GB,76.71,36844,1
145,2026-05-30 12:14:52.070600,2026/05/30 12:14:52.112,1,NVIDIA A100-SXM-64GB,76.09,36862,1
146,2026-05-30 12:14:52.070600,2026/05/30 12:14:52.115,2,NVIDIA A100-SXM-64GB,77.89,36852,1
147,2026-05-30 12:14:52.070600,2026/05/30 12:14:52.119,3,NVIDIA A100-SXM-64GB,73.41,36824,1
148,2026-05-30 12:14:57.127610,2026/05/30 12:14:57.168,0,NVIDIA A100-SXM-64GB,77.12,40284,5
149,2026-05-30 12:14:57.127610,2026/05/30 12:14:57.170,1,NVIDIA A100-SXM-64GB,76.09,40302,1
150,2026-05-30 12:14:57.127610,2026/05/30 12:14:57.173,2,NVIDIA A100-SXM-64GB,77.97,40292,5
151,2026-05-30 12:14:57.127610,2026/05/30 12:14:57.177,3,NVIDIA A100-SXM-64GB,73.41,40264,19
152,2026-05-30 12:15:02.186698,2026/05/30 12:15:02.227,0,NVIDIA A100-SXM-64GB,77.04,42524,1
153,2026-05-30 12:15:02.186698,2026/05/30 12:15:02.229,1,NVIDIA A100-SXM-64GB,75.81,42542,1
154,2026-05-30 12:15:02.186698,2026/05/30 12:15:02.232,2,NVIDIA A100-SXM-64GB,77.89,42532,1
155,2026-05-30 12:15:02.186698,2026/05/30 12:15:02.237,3,NVIDIA A100-SXM-64GB,73.74,42504,1
156,2026-05-30 12:15:07.246459,2026/05/30 12:15:07.286,0,NVIDIA A100-SXM-64GB,76.79,43524,0
157,2026-05-30 12:15:07.246459,2026/05/30 12:15:07.288,1,NVIDIA A100-SXM-64GB,75.81,43542,2
158,2026-05-30 12:15:07.246459,2026/05/30 12:15:07.294,2,NVIDIA A100-SXM-64GB,77.97,43532,1
159,2026-05-30 12:15:07.246459,2026/05/30 12:15:07.296,3,NVIDIA A100-SXM-64GB,73.41,43504,1
160,2026-05-30 12:15:12.305025,2026/05/30 12:15:12.344,0,NVIDIA A100-SXM-64GB,77.04,54744,0
161,2026-05-30 12:15:12.305025,2026/05/30 12:15:12.346,1,NVIDIA A100-SXM-64GB,75.49,54762,0
162,2026-05-30 12:15:12.305025,2026/05/30 12:15:12.351,2,NVIDIA A100-SXM-64GB,77.89,54752,0
163,2026-05-30 12:15:12.305025,2026/05/30 12:15:12.353,3,NVIDIA A100-SXM-64GB,73.41,54724,0
164,2026-05-30 12:15:17.362057,2026/05/30 12:15:17.401,0,NVIDIA A100-SXM-64GB,76.79,55182,0
165,2026-05-30 12:15:17.362057,2026/05/30 12:15:17.403,1,NVIDIA A100-SXM-64GB,75.81,55200,0
166,2026-05-30 12:15:17.362057,2026/05/30 12:15:17.409,2,NVIDIA A100-SXM-64GB,77.89,55190,0
167,2026-05-30 12:15:17.362057,2026/05/30 12:15:17.412,3,NVIDIA A100-SXM-64GB,73.41,55162,0
168,2026-05-30 12:15:22.420592,2026/05/30 12:15:22.465,0,NVIDIA A100-SXM-64GB,134.21,31724,100
169,2026-05-30 12:15:22.420592,2026/05/30 12:15:22.467,1,NVIDIA A100-SXM-64GB,138.31,31742,100
170,2026-05-30 12:15:22.420592,2026/05/30 12:15:22.470,2,NVIDIA A100-SXM-64GB,138.91,31732,100
171,2026-05-30 12:15:22.420592,2026/05/30 12:15:22.472,3,NVIDIA A100-SXM-64GB,124.33,31706,100
172,2026-05-30 12:15:27.481285,2026/05/30 12:15:27.536,0,NVIDIA A100-SXM-64GB,165.50,46224,100
173,2026-05-30 12:15:27.481285,2026/05/30 12:15:27.539,1,NVIDIA A100-SXM-64GB,169.09,46282,100
174,2026-05-30 12:15:27.481285,2026/05/30 12:15:27.542,2,NVIDIA A100-SXM-64GB,170.30,46172,100
175,2026-05-30 12:15:27.481285,2026/05/30 12:15:27.545,3,NVIDIA A100-SXM-64GB,149.48,46746,100
176,2026-05-30 12:15:32.560156,2026/05/30 12:15:32.608,0,NVIDIA A100-SXM-64GB,138.95,48104,98
177,2026-05-30 12:15:32.560156,2026/05/30 12:15:32.610,1,NVIDIA A100-SXM-64GB,140.73,48122,98
178,2026-05-30 12:15:32.560156,2026/05/30 12:15:32.613,2,NVIDIA A100-SXM-64GB,143.34,48112,100
179,2026-05-30 12:15:32.560156,2026/05/30 12:15:32.616,3,NVIDIA A100-SXM-64GB,141.49,48086,100
180,2026-05-30 12:15:37.625524,2026/05/30 12:15:37.666,0,NVIDIA A100-SXM-64GB,150.13,48104,100
181,2026-05-30 12:15:37.625524,2026/05/30 12:15:37.669,1,NVIDIA A100-SXM-64GB,145.36,48122,100
182,2026-05-30 12:15:37.625524,2026/05/30 12:15:37.673,2,NVIDIA A100-SXM-64GB,167.28,48112,100
183,2026-05-30 12:15:37.625524,2026/05/30 12:15:37.675,3,NVIDIA A100-SXM-64GB,164.36,48086,100
184,2026-05-30 12:15:42.684332,2026/05/30 12:15:42.728,0,NVIDIA A100-SXM-64GB,145.70,48104,100
185,2026-05-30 12:15:42.684332,2026/05/30 12:15:42.730,1,NVIDIA A100-SXM-64GB,148.72,48122,98
186,2026-05-30 12:15:42.684332,2026/05/30 12:15:42.733,2,NVIDIA A100-SXM-64GB,150.43,48112,98
187,2026-05-30 12:15:42.684332,2026/05/30 12:15:42.735,3,NVIDIA A100-SXM-64GB,133.68,48086,98
188,2026-05-30 12:15:47.744086,2026/05/30 12:15:47.788,0,NVIDIA A100-SXM-64GB,178.48,48104,100
189,2026-05-30 12:15:47.744086,2026/05/30 12:15:47.791,1,NVIDIA A100-SXM-64GB,166.34,48122,100
190,2026-05-30 12:15:47.744086,2026/05/30 12:15:47.793,2,NVIDIA A100-SXM-64GB,174.14,48112,100
191,2026-05-30 12:15:47.744086,2026/05/30 12:15:47.796,3,NVIDIA A100-SXM-64GB,135.97,48086,100
192,2026-05-30 12:15:52.804386,2026/05/30 12:15:52.850,0,NVIDIA A100-SXM-64GB,143.09,48104,98
193,2026-05-30 12:15:52.804386,2026/05/30 12:15:52.852,1,NVIDIA A100-SXM-64GB,147.96,48122,98
194,2026-05-30 12:15:52.804386,2026/05/30 12:15:52.855,2,NVIDIA A100-SXM-64GB,149.62,48112,98
195,2026-05-30 12:15:52.804386,2026/05/30 12:15:52.857,3,NVIDIA A100-SXM-64GB,140.46,48086,98
196,2026-05-30 12:15:57.866172,2026/05/30 12:15:57.910,0,NVIDIA A100-SXM-64GB,162.59,48104,100
197,2026-05-30 12:15:57.866172,2026/05/30 12:15:57.913,1,NVIDIA A100-SXM-64GB,180.15,48122,100
198,2026-05-30 12:15:57.866172,2026/05/30 12:15:57.915,2,NVIDIA A100-SXM-64GB,163.92,48112,100
199,2026-05-30 12:15:57.866172,2026/05/30 12:15:57.918,3,NVIDIA A100-SXM-64GB,163.15,48086,100
200,2026-05-30 12:16:02.927597,2026/05/30 12:16:02.982,0,NVIDIA A100-SXM-64GB,142.75,48104,98
201,2026-05-30 12:16:02.927597,2026/05/30 12:16:02.985,1,NVIDIA A100-SXM-64GB,148.29,48122,98
202,2026-05-30 12:16:02.927597,2026/05/30 12:16:02.987,2,NVIDIA A100-SXM-64GB,144.73,48112,98
203,2026-05-30 12:16:02.927597,2026/05/30 12:16:02.990,3,NVIDIA A100-SXM-64GB,136.76,48086,100
204,2026-05-30 12:16:08.010081,2026/05/30 12:16:08.059,0,NVIDIA A100-SXM-64GB,160.18,48104,100
205,2026-05-30 12:16:08.010081,2026/05/30 12:16:08.062,1,NVIDIA A100-SXM-64GB,162.65,48122,100
206,2026-05-30 12:16:08.010081,2026/05/30 12:16:08.064,2,NVIDIA A100-SXM-64GB,179.03,48112,100
207,2026-05-30 12:16:08.010081,2026/05/30 12:16:08.066,3,NVIDIA A100-SXM-64GB,177.07,48086,100
208,2026-05-30 12:16:13.076460,2026/05/30 12:16:13.125,0,NVIDIA A100-SXM-64GB,145.22,48104,100
209,2026-05-30 12:16:13.076460,2026/05/30 12:16:13.127,1,NVIDIA A100-SXM-64GB,139.99,48122,98
210,2026-05-30 12:16:13.076460,2026/05/30 12:16:13.131,2,NVIDIA A100-SXM-64GB,147.03,48112,100
211,2026-05-30 12:16:13.076460,2026/05/30 12:16:13.134,3,NVIDIA A100-SXM-64GB,141.20,48086,100
212,2026-05-30 12:16:18.155527,2026/05/30 12:16:18.203,0,NVIDIA A100-SXM-64GB,166.26,48104,100
213,2026-05-30 12:16:18.155527,2026/05/30 12:16:18.205,1,NVIDIA A100-SXM-64GB,161.44,48122,100
214,2026-05-30 12:16:18.155527,2026/05/30 12:16:18.208,2,NVIDIA A100-SXM-64GB,178.70,48112,100
215,2026-05-30 12:16:18.155527,2026/05/30 12:16:18.210,3,NVIDIA A100-SXM-64GB,158.97,48086,100
216,2026-05-30 12:16:23.220199,2026/05/30 12:16:23.280,0,NVIDIA A100-SXM-64GB,191.31,48104,100
217,2026-05-30 12:16:23.220199,2026/05/30 12:16:23.283,1,NVIDIA A100-SXM-64GB,177.49,48122,100
218,2026-05-30 12:16:23.220199,2026/05/30 12:16:23.285,2,NVIDIA A100-SXM-64GB,165.84,48112,100
219,2026-05-30 12:16:23.220199,2026/05/30 12:16:23.288,3,NVIDIA A100-SXM-64GB,175.53,48086,100
220,2026-05-30 12:16:28.309926,2026/05/30 12:16:28.364,0,NVIDIA A100-SXM-64GB,197.99,48104,100
221,2026-05-30 12:16:28.309926,2026/05/30 12:16:28.367,1,NVIDIA A100-SXM-64GB,164.80,48122,100
222,2026-05-30 12:16:28.309926,2026/05/30 12:16:28.369,2,NVIDIA A100-SXM-64GB,173.53,48112,100
223,2026-05-30 12:16:28.309926,2026/05/30 12:16:28.372,3,NVIDIA A100-SXM-64GB,146.57,48086,100
224,2026-05-30 12:16:33.391959,2026/05/30 12:16:33.435,0,NVIDIA A100-SXM-64GB,143.09,48104,100
225,2026-05-30 12:16:33.391959,2026/05/30 12:16:33.437,1,NVIDIA A100-SXM-64GB,147.35,48122,100
226,2026-05-30 12:16:33.391959,2026/05/30 12:16:33.442,2,NVIDIA A100-SXM-64GB,147.20,48112,100
227,2026-05-30 12:16:33.391959,2026/05/30 12:16:33.444,3,NVIDIA A100-SXM-64GB,139.19,48086,100
228,2026-05-30 12:16:38.457724,2026/05/30 12:16:38.502,0,NVIDIA A100-SXM-64GB,139.74,48104,100
229,2026-05-30 12:16:38.457724,2026/05/30 12:16:38.506,1,NVIDIA A100-SXM-64GB,217.90,48122,97
230,2026-05-30 12:16:38.457724,2026/05/30 12:16:38.508,2,NVIDIA A100-SXM-64GB,213.00,48112,100
231,2026-05-30 12:16:38.457724,2026/05/30 12:16:38.511,3,NVIDIA A100-SXM-64GB,129.38,48086,100
232,2026-05-30 12:16:43.520009,2026/05/30 12:16:43.564,0,NVIDIA A100-SXM-64GB,137.00,48104,98
233,2026-05-30 12:16:43.520009,2026/05/30 12:16:43.566,1,NVIDIA A100-SXM-64GB,152.10,48122,98
234,2026-05-30 12:16:43.520009,2026/05/30 12:16:43.569,2,NVIDIA A100-SXM-64GB,138.90,48112,98
235,2026-05-30 12:16:43.520009,2026/05/30 12:16:43.571,3,NVIDIA A100-SXM-64GB,141.52,48086,98
236,2026-05-30 12:16:48.580394,2026/05/30 12:16:48.624,0,NVIDIA A100-SXM-64GB,153.92,48104,100
237,2026-05-30 12:16:48.580394,2026/05/30 12:16:48.626,1,NVIDIA A100-SXM-64GB,131.54,48122,99
238,2026-05-30 12:16:48.580394,2026/05/30 12:16:48.632,2,NVIDIA A100-SXM-64GB,143.67,48112,97
239,2026-05-30 12:16:48.580394,2026/05/30 12:16:48.634,3,NVIDIA A100-SXM-64GB,207.99,48086,97
240,2026-05-30 12:16:53.643115,2026/05/30 12:16:53.691,0,NVIDIA A100-SXM-64GB,149.32,48104,100
241,2026-05-30 12:16:53.643115,2026/05/30 12:16:53.694,1,NVIDIA A100-SXM-64GB,153.47,48122,98
242,2026-05-30 12:16:53.643115,2026/05/30 12:16:53.696,2,NVIDIA A100-SXM-64GB,141.20,48112,100
243,2026-05-30 12:16:53.643115,2026/05/30 12:16:53.699,3,NVIDIA A100-SXM-64GB,146.57,48086,100
244,2026-05-30 12:16:58.718805,2026/05/30 12:16:58.762,0,NVIDIA A100-SXM-64GB,197.11,48104,97
245,2026-05-30 12:16:58.718805,2026/05/30 12:16:58.772,1,NVIDIA A100-SXM-64GB,156.82,48122,100
246,2026-05-30 12:16:58.718805,2026/05/30 12:16:58.774,2,NVIDIA A100-SXM-64GB,125.29,48112,97
247,2026-05-30 12:16:58.718805,2026/05/30 12:16:58.777,3,NVIDIA A100-SXM-64GB,132.47,48086,97
248,2026-05-30 12:17:03.788238,2026/05/30 12:17:03.832,0,NVIDIA A100-SXM-64GB,142.90,48104,98
249,2026-05-30 12:17:03.788238,2026/05/30 12:17:03.834,1,NVIDIA A100-SXM-64GB,152.68,48122,98
250,2026-05-30 12:17:03.788238,2026/05/30 12:17:03.837,2,NVIDIA A100-SXM-64GB,139.71,48112,98
251,2026-05-30 12:17:03.788238,2026/05/30 12:17:03.839,3,NVIDIA A100-SXM-64GB,138.91,48086,98
252,2026-05-30 12:17:08.848610,2026/05/30 12:17:08.907,0,NVIDIA A100-SXM-64GB,176.20,48104,100
253,2026-05-30 12:17:08.848610,2026/05/30 12:17:08.910,1,NVIDIA A100-SXM-64GB,164.53,48122,98
254,2026-05-30 12:17:08.848610,2026/05/30 12:17:08.913,2,NVIDIA A100-SXM-64GB,167.55,48112,100
255,2026-05-30 12:17:08.848610,2026/05/30 12:17:08.916,3,NVIDIA A100-SXM-64GB,204.85,48086,100
256,2026-05-30 12:17:13.926063,2026/05/30 12:17:13.969,0,NVIDIA A100-SXM-64GB,149.32,48104,98
257,2026-05-30 12:17:13.926063,2026/05/30 12:17:13.971,1,NVIDIA A100-SXM-64GB,151.04,48122,98
258,2026-05-30 12:17:13.926063,2026/05/30 12:17:13.975,2,NVIDIA A100-SXM-64GB,149.78,48112,98
259,2026-05-30 12:17:13.926063,2026/05/30 12:17:13.977,3,NVIDIA A100-SXM-64GB,141.07,48086,98
260,2026-05-30 12:17:18.986330,2026/05/30 12:17:19.030,0,NVIDIA A100-SXM-64GB,141.42,48104,100
261,2026-05-30 12:17:18.986330,2026/05/30 12:17:19.032,1,NVIDIA A100-SXM-64GB,165.13,48122,100
262,2026-05-30 12:17:18.986330,2026/05/30 12:17:19.036,2,NVIDIA A100-SXM-64GB,173.21,48112,100
263,2026-05-30 12:17:18.986330,2026/05/30 12:17:19.038,3,NVIDIA A100-SXM-64GB,164.70,48086,100
264,2026-05-30 12:17:24.047840,2026/05/30 12:17:24.092,0,NVIDIA A100-SXM-64GB,135.88,48104,100
265,2026-05-30 12:17:24.047840,2026/05/30 12:17:24.094,1,NVIDIA A100-SXM-64GB,187.47,48122,100
266,2026-05-30 12:17:24.047840,2026/05/30 12:17:24.097,2,NVIDIA A100-SXM-64GB,136.02,48112,98
267,2026-05-30 12:17:24.047840,2026/05/30 12:17:24.099,3,NVIDIA A100-SXM-64GB,207.93,48086,98
268,2026-05-30 12:17:29.108330,2026/05/30 12:17:29.162,0,NVIDIA A100-SXM-64GB,180.21,48104,100
269,2026-05-30 12:17:29.108330,2026/05/30 12:17:29.164,1,NVIDIA A100-SXM-64GB,149.78,48122,100
270,2026-05-30 12:17:29.108330,2026/05/30 12:17:29.167,2,NVIDIA A100-SXM-64GB,154.40,48112,100
271,2026-05-30 12:17:29.108330,2026/05/30 12:17:29.169,3,NVIDIA A100-SXM-64GB,130.32,48086,100
272,2026-05-30 12:17:34.178839,2026/05/30 12:17:34.223,0,NVIDIA A100-SXM-64GB,145.54,48104,98
273,2026-05-30 12:17:34.178839,2026/05/30 12:17:34.225,1,NVIDIA A100-SXM-64GB,142.74,48122,98
274,2026-05-30 12:17:34.178839,2026/05/30 12:17:34.228,2,NVIDIA A100-SXM-64GB,147.48,48112,98
275,2026-05-30 12:17:34.178839,2026/05/30 12:17:34.230,3,NVIDIA A100-SXM-64GB,133.68,48086,98
276,2026-05-30 12:17:39.239886,2026/05/30 12:17:39.296,0,NVIDIA A100-SXM-64GB,143.83,48104,93
277,2026-05-30 12:17:39.239886,2026/05/30 12:17:39.298,1,NVIDIA A100-SXM-64GB,137.98,48122,100
278,2026-05-30 12:17:39.239886,2026/05/30 12:17:39.301,2,NVIDIA A100-SXM-64GB,135.42,48112,97
279,2026-05-30 12:17:39.239886,2026/05/30 12:17:39.303,3,NVIDIA A100-SXM-64GB,125.09,48086,95
280,2026-05-30 12:17:44.317469,2026/05/30 12:17:44.361,0,NVIDIA A100-SXM-64GB,148.44,48104,100
281,2026-05-30 12:17:44.317469,2026/05/30 12:17:44.363,1,NVIDIA A100-SXM-64GB,152.26,48122,98
282,2026-05-30 12:17:44.317469,2026/05/30 12:17:44.366,2,NVIDIA A100-SXM-64GB,150.11,48112,100
283,2026-05-30 12:17:44.317469,2026/05/30 12:17:44.368,3,NVIDIA A100-SXM-64GB,140.13,48086,100
284,2026-05-30 12:17:49.378494,2026/05/30 12:17:49.423,0,NVIDIA A100-SXM-64GB,134.81,48104,100
285,2026-05-30 12:17:49.378494,2026/05/30 12:17:49.426,1,NVIDIA A100-SXM-64GB,193.91,48142,97
286,2026-05-30 12:17:49.378494,2026/05/30 12:17:49.428,2,NVIDIA A100-SXM-64GB,135.42,48112,100
287,2026-05-30 12:17:49.378494,2026/05/30 12:17:49.431,3,NVIDIA A100-SXM-64GB,133.54,48086,100
288,2026-05-30 12:17:54.440915,2026/05/30 12:17:54.485,0,NVIDIA A100-SXM-64GB,146.30,48104,98
289,2026-05-30 12:17:54.440915,2026/05/30 12:17:54.487,1,NVIDIA A100-SXM-64GB,152.86,48142,100
290,2026-05-30 12:17:54.440915,2026/05/30 12:17:54.490,2,NVIDIA A100-SXM-64GB,147.96,48112,98
291,2026-05-30 12:17:54.440915,2026/05/30 12:17:54.493,3,NVIDIA A100-SXM-64GB,134.62,48086,98
292,2026-05-30 12:17:59.502597,2026/05/30 12:17:59.547,0,NVIDIA A100-SXM-64GB,141.69,48104,97
293,2026-05-30 12:17:59.502597,2026/05/30 12:17:59.549,1,NVIDIA A100-SXM-64GB,152.53,48142,97
294,2026-05-30 12:17:59.502597,2026/05/30 12:17:59.552,2,NVIDIA A100-SXM-64GB,132.94,48112,100
295,2026-05-30 12:17:59.502597,2026/05/30 12:17:59.554,3,NVIDIA A100-SXM-64GB,142.27,48086,97
296,2026-05-30 12:18:04.564729,2026/05/30 12:18:04.613,0,NVIDIA A100-SXM-64GB,183.22,48104,100
297,2026-05-30 12:18:04.564729,2026/05/30 12:18:04.615,1,NVIDIA A100-SXM-64GB,187.80,48142,100
298,2026-05-30 12:18:04.564729,2026/05/30 12:18:04.618,2,NVIDIA A100-SXM-64GB,185.93,48112,100
299,2026-05-30 12:18:04.564729,2026/05/30 12:18:04.624,3,NVIDIA A100-SXM-64GB,161.00,48086,100
300,2026-05-30 12:18:09.636200,2026/05/30 12:18:09.683,0,NVIDIA A100-SXM-64GB,128.99,48104,100
301,2026-05-30 12:18:09.636200,2026/05/30 12:18:09.686,1,NVIDIA A100-SXM-64GB,165.57,48142,100
302,2026-05-30 12:18:09.636200,2026/05/30 12:18:09.689,2,NVIDIA A100-SXM-64GB,133.41,48112,100
303,2026-05-30 12:18:09.636200,2026/05/30 12:18:09.692,3,NVIDIA A100-SXM-64GB,166.84,48086,100
304,2026-05-30 12:18:14.714499,2026/05/30 12:18:14.758,0,NVIDIA A100-SXM-64GB,173.46,48104,100
305,2026-05-30 12:18:14.714499,2026/05/30 12:18:14.760,1,NVIDIA A100-SXM-64GB,185.32,48142,100
306,2026-05-30 12:18:14.714499,2026/05/30 12:18:14.763,2,NVIDIA A100-SXM-64GB,150.72,48112,100
307,2026-05-30 12:18:14.714499,2026/05/30 12:18:14.765,3,NVIDIA A100-SXM-64GB,159.13,48086,100
308,2026-05-30 12:18:19.775146,2026/05/30 12:18:19.819,0,NVIDIA A100-SXM-64GB,144.31,48104,97
309,2026-05-30 12:18:19.775146,2026/05/30 12:18:19.821,1,NVIDIA A100-SXM-64GB,147.51,48142,98
310,2026-05-30 12:18:19.775146,2026/05/30 12:18:19.824,2,NVIDIA A100-SXM-64GB,149.18,48112,97
311,2026-05-30 12:18:19.775146,2026/05/30 12:18:19.826,3,NVIDIA A100-SXM-64GB,143.36,48086,97
312,2026-05-30 12:18:24.835671,2026/05/30 12:18:24.884,0,NVIDIA A100-SXM-64GB,184.15,48104,100
313,2026-05-30 12:18:24.835671,2026/05/30 12:18:24.887,1,NVIDIA A100-SXM-64GB,149.66,48142,100
314,2026-05-30 12:18:24.835671,2026/05/30 12:18:24.889,2,NVIDIA A100-SXM-64GB,197.60,48112,100
315,2026-05-30 12:18:24.835671,2026/05/30 12:18:24.892,3,NVIDIA A100-SXM-64GB,141.49,48086,100
316,2026-05-30 12:18:29.914242,2026/05/30 12:18:29.958,0,NVIDIA A100-SXM-64GB,143.23,48104,97
317,2026-05-30 12:18:29.914242,2026/05/30 12:18:29.960,1,NVIDIA A100-SXM-64GB,149.18,48142,99
318,2026-05-30 12:18:29.914242,2026/05/30 12:18:29.963,2,NVIDIA A100-SXM-64GB,136.29,48112,97
319,2026-05-30 12:18:29.914242,2026/05/30 12:18:29.967,3,NVIDIA A100-SXM-64GB,129.71,48086,97
320,2026-05-30 12:18:34.976531,2026/05/30 12:18:35.019,0,NVIDIA A100-SXM-64GB,136.81,48104,98
321,2026-05-30 12:18:34.976531,2026/05/30 12:18:35.024,1,NVIDIA A100-SXM-64GB,148.90,48142,100
322,2026-05-30 12:18:34.976531,2026/05/30 12:18:35.026,2,NVIDIA A100-SXM-64GB,129.11,48112,100
323,2026-05-30 12:18:34.976531,2026/05/30 12:18:35.029,3,NVIDIA A100-SXM-64GB,139.19,48086,98
324,2026-05-30 12:18:40.038075,2026/05/30 12:18:40.082,0,NVIDIA A100-SXM-64GB,133.27,48104,97
325,2026-05-30 12:18:40.038075,2026/05/30 12:18:40.084,1,NVIDIA A100-SXM-64GB,144.42,48142,97
326,2026-05-30 12:18:40.038075,2026/05/30 12:18:40.087,2,NVIDIA A100-SXM-64GB,132.94,48112,97
327,2026-05-30 12:18:40.038075,2026/05/30 12:18:40.089,3,NVIDIA A100-SXM-64GB,137.24,48086,97
328,2026-05-30 12:18:45.098514,2026/05/30 12:18:45.158,0,NVIDIA A100-SXM-64GB,143.71,48104,100
329,2026-05-30 12:18:45.098514,2026/05/30 12:18:45.163,1,NVIDIA A100-SXM-64GB,183.97,48142,100
330,2026-05-30 12:18:45.098514,2026/05/30 12:18:45.166,2,NVIDIA A100-SXM-64GB,142.88,48112,100
331,2026-05-30 12:18:45.098514,2026/05/30 12:18:45.168,3,NVIDIA A100-SXM-64GB,165.57,48086,100
332,2026-05-30 12:18:50.190785,2026/05/30 12:18:50.236,0,NVIDIA A100-SXM-64GB,143.23,48104,97
333,2026-05-30 12:18:50.190785,2026/05/30 12:18:50.238,1,NVIDIA A100-SXM-64GB,145.03,48142,99
334,2026-05-30 12:18:50.190785,2026/05/30 12:18:50.241,2,NVIDIA A100-SXM-64GB,146.14,48112,97
335,2026-05-30 12:18:50.190785,2026/05/30 12:18:50.243,3,NVIDIA A100-SXM-64GB,138.73,48086,97
336,2026-05-30 12:18:55.252652,2026/05/30 12:18:55.297,0,NVIDIA A100-SXM-64GB,149.32,48104,98
337,2026-05-30 12:18:55.252652,2026/05/30 12:18:55.302,1,NVIDIA A100-SXM-64GB,149.33,48142,98
338,2026-05-30 12:18:55.252652,2026/05/30 12:18:55.305,2,NVIDIA A100-SXM-64GB,149.18,48112,98
339,2026-05-30 12:18:55.252652,2026/05/30 12:18:55.308,3,NVIDIA A100-SXM-64GB,143.03,48086,98
340,2026-05-30 12:19:00.316971,2026/05/30 12:19:00.375,0,NVIDIA A100-SXM-64GB,135.28,48104,100
341,2026-05-30 12:19:00.316971,2026/05/30 12:19:00.377,1,NVIDIA A100-SXM-64GB,134.81,48142,97
342,2026-05-30 12:19:00.316971,2026/05/30 12:19:00.380,2,NVIDIA A100-SXM-64GB,129.85,48112,100
343,2026-05-30 12:19:00.316971,2026/05/30 12:19:00.382,3,NVIDIA A100-SXM-64GB,125.69,48086,100
344,2026-05-30 12:19:05.392027,2026/05/30 12:19:05.440,0,NVIDIA A100-SXM-64GB,129.79,48104,100
345,2026-05-30 12:19:05.392027,2026/05/30 12:19:05.446,1,NVIDIA A100-SXM-64GB,135.08,48142,98
346,2026-05-30 12:19:05.392027,2026/05/30 12:19:05.448,2,NVIDIA A100-SXM-64GB,131.60,48112,98
347,2026-05-30 12:19:05.392027,2026/05/30 12:19:05.451,3,NVIDIA A100-SXM-64GB,128.17,48086,100
348,2026-05-30 12:19:10.473281,2026/05/30 12:19:10.517,0,NVIDIA A100-SXM-64GB,150.43,48104,100
349,2026-05-30 12:19:10.473281,2026/05/30 12:19:10.519,1,NVIDIA A100-SXM-64GB,171.24,48142,100
350,2026-05-30 12:19:10.473281,2026/05/30 12:19:10.522,2,NVIDIA A100-SXM-64GB,162.21,48112,100
351,2026-05-30 12:19:10.473281,2026/05/30 12:19:10.524,3,NVIDIA A100-SXM-64GB,168.49,48086,100
352,2026-05-30 12:19:15.533606,2026/05/30 12:19:15.578,0,NVIDIA A100-SXM-64GB,169.33,48104,100
353,2026-05-30 12:19:15.533606,2026/05/30 12:19:15.580,1,NVIDIA A100-SXM-64GB,182.90,48142,100
354,2026-05-30 12:19:15.533606,2026/05/30 12:19:15.583,2,NVIDIA A100-SXM-64GB,172.27,48112,100
355,2026-05-30 12:19:15.533606,2026/05/30 12:19:15.586,3,NVIDIA A100-SXM-64GB,183.79,48086,100
356,2026-05-30 12:19:20.595708,2026/05/30 12:19:20.644,0,NVIDIA A100-SXM-64GB,140.15,48104,100
357,2026-05-30 12:19:20.595708,2026/05/30 12:19:20.646,1,NVIDIA A100-SXM-64GB,157.76,48142,100
358,2026-05-30 12:19:20.595708,2026/05/30 12:19:20.649,2,NVIDIA A100-SXM-64GB,153.31,48112,100
359,2026-05-30 12:19:20.595708,2026/05/30 12:19:20.652,3,NVIDIA A100-SXM-64GB,143.21,48086,100
360,2026-05-30 12:19:25.672091,2026/05/30 12:19:25.715,0,NVIDIA A100-SXM-64GB,185.50,48104,100
361,2026-05-30 12:19:25.672091,2026/05/30 12:19:25.717,1,NVIDIA A100-SXM-64GB,177.07,48142,100
362,2026-05-30 12:19:25.672091,2026/05/30 12:19:25.720,2,NVIDIA A100-SXM-64GB,183.60,48112,100
363,2026-05-30 12:19:25.672091,2026/05/30 12:19:25.722,3,NVIDIA A100-SXM-64GB,186.87,48086,100
364,2026-05-30 12:19:30.735731,2026/05/30 12:19:30.779,0,NVIDIA A100-SXM-64GB,158.04,48104,100
365,2026-05-30 12:19:30.735731,2026/05/30 12:19:30.781,1,NVIDIA A100-SXM-64GB,169.87,48142,100
366,2026-05-30 12:19:30.735731,2026/05/30 12:19:30.787,2,NVIDIA A100-SXM-64GB,175.53,48112,100
367,2026-05-30 12:19:30.735731,2026/05/30 12:19:30.790,3,NVIDIA A100-SXM-64GB,166.35,48086,100
368,2026-05-30 12:19:35.799503,2026/05/30 12:19:35.848,0,NVIDIA A100-SXM-64GB,182.95,48104,100
369,2026-05-30 12:19:35.799503,2026/05/30 12:19:35.851,1,NVIDIA A100-SXM-64GB,186.87,48142,100
370,2026-05-30 12:19:35.799503,2026/05/30 12:19:35.853,2,NVIDIA A100-SXM-64GB,166.01,48112,100
371,2026-05-30 12:19:35.799503,2026/05/30 12:19:35.856,3,NVIDIA A100-SXM-64GB,161.00,48086,100
372,2026-05-30 12:19:40.879247,2026/05/30 12:19:40.936,0,NVIDIA A100-SXM-64GB,171.91,48104,100
373,2026-05-30 12:19:40.879247,2026/05/30 12:19:40.938,1,NVIDIA A100-SXM-64GB,185.05,48142,100
374,2026-05-30 12:19:40.879247,2026/05/30 12:19:40.941,2,NVIDIA A100-SXM-64GB,147.96,48112,100
375,2026-05-30 12:19:40.879247,2026/05/30 12:19:40.944,3,NVIDIA A100-SXM-64GB,150.59,48086,100
376,2026-05-30 12:19:45.969639,2026/05/30 12:19:46.013,0,NVIDIA A100-SXM-64GB,182.95,48104,100
377,2026-05-30 12:19:45.969639,2026/05/30 12:19:46.015,1,NVIDIA A100-SXM-64GB,196.06,48142,100
378,2026-05-30 12:19:45.969639,2026/05/30 12:19:46.018,2,NVIDIA A100-SXM-64GB,171.57,48112,100
379,2026-05-30 12:19:45.969639,2026/05/30 12:19:46.022,3,NVIDIA A100-SXM-64GB,177.85,48086,100
380,2026-05-30 12:19:51.032012,2026/05/30 12:19:51.076,0,NVIDIA A100-SXM-64GB,148.11,48104,100
381,2026-05-30 12:19:51.032012,2026/05/30 12:19:51.078,1,NVIDIA A100-SXM-64GB,150.11,48142,100
382,2026-05-30 12:19:51.032012,2026/05/30 12:19:51.081,2,NVIDIA A100-SXM-64GB,174.59,48112,100
383,2026-05-30 12:19:51.032012,2026/05/30 12:19:51.084,3,NVIDIA A100-SXM-64GB,175.10,48086,100
384,2026-05-30 12:19:56.093414,2026/05/30 12:19:56.141,0,NVIDIA A100-SXM-64GB,173.18,48104,100
385,2026-05-30 12:19:56.093414,2026/05/30 12:19:56.144,1,NVIDIA A100-SXM-64GB,170.03,48142,100
386,2026-05-30 12:19:56.093414,2026/05/30 12:19:56.146,2,NVIDIA A100-SXM-64GB,212.67,48112,100
387,2026-05-30 12:19:56.093414,2026/05/30 12:19:56.149,3,NVIDIA A100-SXM-64GB,202.82,48086,100
388,2026-05-30 12:20:01.162188,2026/05/30 12:20:01.206,0,NVIDIA A100-SXM-64GB,170.54,48104,100
389,2026-05-30 12:20:01.162188,2026/05/30 12:20:01.209,1,NVIDIA A100-SXM-64GB,165.74,48142,100
390,2026-05-30 12:20:01.162188,2026/05/30 12:20:01.211,2,NVIDIA A100-SXM-64GB,147.20,48112,100
391,2026-05-30 12:20:01.162188,2026/05/30 12:20:01.214,3,NVIDIA A100-SXM-64GB,158.09,48086,100
392,2026-05-30 12:20:06.234528,2026/05/30 12:20:06.282,0,NVIDIA A100-SXM-64GB,165.33,48104,100
393,2026-05-30 12:20:06.234528,2026/05/30 12:20:06.285,1,NVIDIA A100-SXM-64GB,195.25,48142,98
394,2026-05-30 12:20:06.234528,2026/05/30 12:20:06.287,2,NVIDIA A100-SXM-64GB,182.39,48112,100
395,2026-05-30 12:20:06.234528,2026/05/30 12:20:06.289,3,NVIDIA A100-SXM-64GB,181.03,48086,100
396,2026-05-30 12:20:11.315495,2026/05/30 12:20:11.358,0,NVIDIA A100-SXM-64GB,143.56,48104,100
397,2026-05-30 12:20:11.315495,2026/05/30 12:20:11.361,1,NVIDIA A100-SXM-64GB,178.70,48142,100
398,2026-05-30 12:20:11.315495,2026/05/30 12:20:11.365,2,NVIDIA A100-SXM-64GB,164.96,48112,100
399,2026-05-30 12:20:11.315495,2026/05/30 12:20:11.367,3,NVIDIA A100-SXM-64GB,150.11,48086,100
400,2026-05-30 12:20:16.377434,2026/05/30 12:20:16.432,0,NVIDIA A100-SXM-64GB,177.55,48104,100
401,2026-05-30 12:20:16.377434,2026/05/30 12:20:16.435,1,NVIDIA A100-SXM-64GB,178.88,48142,100
402,2026-05-30 12:20:16.377434,2026/05/30 12:20:16.437,2,NVIDIA A100-SXM-64GB,180.85,48112,100
403,2026-05-30 12:20:16.377434,2026/05/30 12:20:16.442,3,NVIDIA A100-SXM-64GB,176.04,48086,100
404,2026-05-30 12:20:21.464615,2026/05/30 12:20:21.515,0,NVIDIA A100-SXM-64GB,157.87,48104,100
405,2026-05-30 12:20:21.464615,2026/05/30 12:20:21.518,1,NVIDIA A100-SXM-64GB,164.19,48142,100
406,2026-05-30 12:20:21.464615,2026/05/30 12:20:21.520,2,NVIDIA A100-SXM-64GB,166.01,48112,100
407,2026-05-30 12:20:21.464615,2026/05/30 12:20:21.523,3,NVIDIA A100-SXM-64GB,156.98,48086,100
408,2026-05-30 12:20:26.543508,2026/05/30 12:20:26.596,0,NVIDIA A100-SXM-64GB,173.18,48104,100
409,2026-05-30 12:20:26.543508,2026/05/30 12:20:26.598,1,NVIDIA A100-SXM-64GB,158.69,48142,100
410,2026-05-30 12:20:26.543508,2026/05/30 12:20:26.601,2,NVIDIA A100-SXM-64GB,169.69,48112,100
411,2026-05-30 12:20:26.543508,2026/05/30 12:20:26.603,3,NVIDIA A100-SXM-64GB,163.43,48086,100
412,2026-05-30 12:20:31.613130,2026/05/30 12:20:31.656,0,NVIDIA A100-SXM-64GB,165.50,48104,100
413,2026-05-30 12:20:31.613130,2026/05/30 12:20:31.659,1,NVIDIA A100-SXM-64GB,164.36,48142,100
414,2026-05-30 12:20:31.613130,2026/05/30 12:20:31.663,2,NVIDIA A100-SXM-64GB,152.26,48112,100
415,2026-05-30 12:20:31.613130,2026/05/30 12:20:31.666,3,NVIDIA A100-SXM-64GB,144.42,48086,100
416,2026-05-30 12:20:36.675600,2026/05/30 12:20:36.720,0,NVIDIA A100-SXM-64GB,167.64,48104,100
417,2026-05-30 12:20:36.675600,2026/05/30 12:20:36.722,1,NVIDIA A100-SXM-64GB,166.94,48142,100
418,2026-05-30 12:20:36.675600,2026/05/30 12:20:36.725,2,NVIDIA A100-SXM-64GB,173.11,48112,100
419,2026-05-30 12:20:36.675600,2026/05/30 12:20:36.727,3,NVIDIA A100-SXM-64GB,179.68,48086,100
420,2026-05-30 12:20:41.738845,2026/05/30 12:20:41.783,0,NVIDIA A100-SXM-64GB,155.13,48104,100
421,2026-05-30 12:20:41.738845,2026/05/30 12:20:41.785,1,NVIDIA A100-SXM-64GB,157.92,48142,100
422,2026-05-30 12:20:41.738845,2026/05/30 12:20:41.788,2,NVIDIA A100-SXM-64GB,153.47,48112,100
423,2026-05-30 12:20:41.738845,2026/05/30 12:20:41.790,3,NVIDIA A100-SXM-64GB,161.60,48086,100
424,2026-05-30 12:20:46.800657,2026/05/30 12:20:46.857,0,NVIDIA A100-SXM-64GB,145.04,48104,98
425,2026-05-30 12:20:46.800657,2026/05/30 12:20:46.860,1,NVIDIA A100-SXM-64GB,153.79,48142,98
426,2026-05-30 12:20:46.800657,2026/05/30 12:20:46.863,2,NVIDIA A100-SXM-64GB,141.52,48112,98
427,2026-05-30 12:20:46.800657,2026/05/30 12:20:46.865,3,NVIDIA A100-SXM-64GB,136.43,48086,98
428,2026-05-30 12:20:51.886673,2026/05/30 12:20:51.944,0,NVIDIA A100-SXM-64GB,131.33,48104,98
429,2026-05-30 12:20:51.886673,2026/05/30 12:20:51.946,1,NVIDIA A100-SXM-64GB,212.01,48142,100
430,2026-05-30 12:20:51.886673,2026/05/30 12:20:51.949,2,NVIDIA A100-SXM-64GB,130.79,48112,100
431,2026-05-30 12:20:51.886673,2026/05/30 12:20:51.952,3,NVIDIA A100-SXM-64GB,125.42,48086,98
432,2026-05-30 12:20:56.963935,2026/05/30 12:20:57.022,0,NVIDIA A100-SXM-64GB,147.51,48104,100
433,2026-05-30 12:20:56.963935,2026/05/30 12:20:57.025,1,NVIDIA A100-SXM-64GB,179.82,48142,100
434,2026-05-30 12:20:56.963935,2026/05/30 12:20:57.029,2,NVIDIA A100-SXM-64GB,145.82,48112,98
435,2026-05-30 12:20:56.963935,2026/05/30 12:20:57.031,3,NVIDIA A100-SXM-64GB,147.18,48086,100
436,2026-05-30 12:21:02.045046,2026/05/30 12:21:02.088,0,NVIDIA A100-SXM-64GB,144.43,48104,93
437,2026-05-30 12:21:02.045046,2026/05/30 12:21:02.090,1,NVIDIA A100-SXM-64GB,151.65,48142,95
438,2026-05-30 12:21:02.045046,2026/05/30 12:21:02.093,2,NVIDIA A100-SXM-64GB,150.28,48112,97
439,2026-05-30 12:21:02.045046,2026/05/30 12:21:02.096,3,NVIDIA A100-SXM-64GB,140.13,48086,97
440,2026-05-30 12:21:07.105454,2026/05/30 12:21:07.149,0,NVIDIA A100-SXM-64GB,177.55,48104,100
441,2026-05-30 12:21:07.105454,2026/05/30 12:21:07.151,1,NVIDIA A100-SXM-64GB,181.64,48142,100
442,2026-05-30 12:21:07.105454,2026/05/30 12:21:07.154,2,NVIDIA A100-SXM-64GB,175.35,48112,100
443,2026-05-30 12:21:07.105454,2026/05/30 12:21:07.156,3,NVIDIA A100-SXM-64GB,172.44,48086,100
444,2026-05-30 12:21:12.166285,2026/05/30 12:21:12.210,0,NVIDIA A100-SXM-64GB,144.43,48104,97
445,2026-05-30 12:21:12.166285,2026/05/30 12:21:12.213,1,NVIDIA A100-SXM-64GB,151.93,48142,100
446,2026-05-30 12:21:12.166285,2026/05/30 12:21:12.215,2,NVIDIA A100-SXM-64GB,142.59,48112,99
447,2026-05-30 12:21:12.166285,2026/05/30 12:21:12.220,3,NVIDIA A100-SXM-64GB,135.56,48086,97
448,2026-05-30 12:21:17.230183,2026/05/30 12:21:17.277,0,NVIDIA A100-SXM-64GB,171.14,48104,100
449,2026-05-30 12:21:17.230183,2026/05/30 12:21:17.281,1,NVIDIA A100-SXM-64GB,167.88,48142,100
450,2026-05-30 12:21:17.230183,2026/05/30 12:21:17.284,2,NVIDIA A100-SXM-64GB,156.06,48112,100
451,2026-05-30 12:21:17.230183,2026/05/30 12:21:17.286,3,NVIDIA A100-SXM-64GB,179.21,48086,100
452,2026-05-30 12:21:22.301203,2026/05/30 12:21:22.344,0,NVIDIA A100-SXM-64GB,150.25,48104,99
453,2026-05-30 12:21:22.301203,2026/05/30 12:21:22.346,1,NVIDIA A100-SXM-64GB,141.20,48142,99
454,2026-05-30 12:21:22.301203,2026/05/30 12:21:22.349,2,NVIDIA A100-SXM-64GB,145.82,48112,97
455,2026-05-30 12:21:22.301203,2026/05/30 12:21:22.351,3,NVIDIA A100-SXM-64GB,141.67,48086,99
456,2026-05-30 12:21:27.361277,2026/05/30 12:21:27.407,0,NVIDIA A100-SXM-64GB,183.22,48104,100
457,2026-05-30 12:21:27.361277,2026/05/30 12:21:27.409,1,NVIDIA A100-SXM-64GB,192.56,48142,100
458,2026-05-30 12:21:27.361277,2026/05/30 12:21:27.412,2,NVIDIA A100-SXM-64GB,165.40,48112,100
459,2026-05-30 12:21:27.361277,2026/05/30 12:21:27.414,3,NVIDIA A100-SXM-64GB,166.84,48086,100
460,2026-05-30 12:21:32.424584,2026/05/30 12:21:32.468,0,NVIDIA A100-SXM-64GB,135.00,48104,97
461,2026-05-30 12:21:32.424584,2026/05/30 12:21:32.472,1,NVIDIA A100-SXM-64GB,151.04,48142,97
462,2026-05-30 12:21:32.424584,2026/05/30 12:21:32.474,2,NVIDIA A100-SXM-64GB,133.87,48112,97
463,2026-05-30 12:21:32.424584,2026/05/30 12:21:32.477,3,NVIDIA A100-SXM-64GB,138.59,48086,97
464,2026-05-30 12:21:37.486471,2026/05/30 12:21:37.535,0,NVIDIA A100-SXM-64GB,177.28,48104,100
465,2026-05-30 12:21:37.486471,2026/05/30 12:21:37.538,1,NVIDIA A100-SXM-64GB,153.47,48142,100
466,2026-05-30 12:21:37.486471,2026/05/30 12:21:37.540,2,NVIDIA A100-SXM-64GB,117.65,48112,100
467,2026-05-30 12:21:37.486471,2026/05/30 12:21:37.543,3,NVIDIA A100-SXM-64GB,112.20,48086,100
468,2026-05-30 12:21:42.561742,2026/05/30 12:21:42.606,0,NVIDIA A100-SXM-64GB,147.51,48104,97
469,2026-05-30 12:21:42.561742,2026/05/30 12:21:42.608,1,NVIDIA A100-SXM-64GB,143.67,48142,97
470,2026-05-30 12:21:42.561742,2026/05/30 12:21:42.611,2,NVIDIA A100-SXM-64GB,146.75,48112,98
471,2026-05-30 12:21:42.561742,2026/05/30 12:21:42.614,3,NVIDIA A100-SXM-64GB,141.34,48086,98
472,2026-05-30 12:21:47.623614,2026/05/30 12:21:47.682,0,NVIDIA A100-SXM-64GB,146.90,48104,98
473,2026-05-30 12:21:47.623614,2026/05/30 12:21:47.688,1,NVIDIA A100-SXM-64GB,183.51,48142,98
474,2026-05-30 12:21:47.623614,2026/05/30 12:21:47.692,2,NVIDIA A100-SXM-64GB,184.25,48112,100
475,2026-05-30 12:21:47.623614,2026/05/30 12:21:47.707,3,NVIDIA A100-SXM-64GB,164.97,48086,100
476,2026-05-30 12:21:52.720683,2026/05/30 12:21:52.765,0,NVIDIA A100-SXM-64GB,145.04,48104,97
477,2026-05-30 12:21:52.720683,2026/05/30 12:21:52.769,1,NVIDIA A100-SXM-64GB,145.82,48142,97
478,2026-05-30 12:21:52.720683,2026/05/30 12:21:52.773,2,NVIDIA A100-SXM-64GB,145.49,48112,97
479,2026-05-30 12:21:52.720683,2026/05/30 12:21:52.775,3,NVIDIA A100-SXM-64GB,144.75,48086,97
480,2026-05-30 12:21:57.785798,2026/05/30 12:21:57.833,0,NVIDIA A100-SXM-64GB,181.74,48104,100
481,2026-05-30 12:21:57.785798,2026/05/30 12:21:57.836,1,NVIDIA A100-SXM-64GB,190.88,48142,100
482,2026-05-30 12:21:57.785798,2026/05/30 12:21:57.838,2,NVIDIA A100-SXM-64GB,145.21,48112,100
483,2026-05-30 12:21:57.785798,2026/05/30 12:21:57.844,3,NVIDIA A100-SXM-64GB,174.50,48086,100
484,2026-05-30 12:22:02.862264,2026/05/30 12:22:02.906,0,NVIDIA A100-SXM-64GB,181.22,48104,100
485,2026-05-30 12:22:02.862264,2026/05/30 12:22:02.908,1,NVIDIA A100-SXM-64GB,152.86,48142,100
486,2026-05-30 12:22:02.862264,2026/05/30 12:22:02.911,2,NVIDIA A100-SXM-64GB,142.74,48112,99
487,2026-05-30 12:22:02.862264,2026/05/30 12:22:02.914,3,NVIDIA A100-SXM-64GB,138.91,48086,100
488,2026-05-30 12:22:07.923738,2026/05/30 12:22:07.971,0,NVIDIA A100-SXM-64GB,164.13,48104,100
489,2026-05-30 12:22:07.923738,2026/05/30 12:22:07.974,1,NVIDIA A100-SXM-64GB,182.39,48142,100
490,2026-05-30 12:22:07.923738,2026/05/30 12:22:07.977,2,NVIDIA A100-SXM-64GB,165.23,48112,100
491,2026-05-30 12:22:07.923738,2026/05/30 12:22:07.983,3,NVIDIA A100-SXM-64GB,164.53,48086,100
492,2026-05-30 12:22:13.005767,2026/05/30 12:22:13.050,0,NVIDIA A100-SXM-64GB,150.25,48104,97
493,2026-05-30 12:22:13.005767,2026/05/30 12:22:13.052,1,NVIDIA A100-SXM-64GB,153.47,48142,97
494,2026-05-30 12:22:13.005767,2026/05/30 12:22:13.056,2,NVIDIA A100-SXM-64GB,132.94,48112,100
495,2026-05-30 12:22:13.005767,2026/05/30 12:22:13.059,3,NVIDIA A100-SXM-64GB,139.85,48086,97
496,2026-05-30 12:22:18.068974,2026/05/30 12:22:18.117,0,NVIDIA A100-SXM-64GB,182.43,48104,100
497,2026-05-30 12:22:18.068974,2026/05/30 12:22:18.122,1,NVIDIA A100-SXM-64GB,169.69,48142,100
498,2026-05-30 12:22:18.068974,2026/05/30 12:22:18.125,2,NVIDIA A100-SXM-64GB,192.77,48112,100
499,2026-05-30 12:22:18.068974,2026/05/30 12:22:18.128,3,NVIDIA A100-SXM-64GB,180.43,48086,100
500,2026-05-30 12:22:23.139351,2026/05/30 12:22:23.187,0,NVIDIA A100-SXM-64GB,177.55,48104,100
501,2026-05-30 12:22:23.139351,2026/05/30 12:22:23.190,1,NVIDIA A100-SXM-64GB,184.44,48142,100
502,2026-05-30 12:22:23.139351,2026/05/30 12:22:23.192,2,NVIDIA A100-SXM-64GB,160.35,48112,100
503,2026-05-30 12:22:23.139351,2026/05/30 12:22:23.195,3,NVIDIA A100-SXM-64GB,161.60,48086,100
504,2026-05-30 12:22:28.207957,2026/05/30 12:22:28.251,0,NVIDIA A100-SXM-64GB,168.90,48104,100
505,2026-05-30 12:22:28.207957,2026/05/30 12:22:28.254,1,NVIDIA A100-SXM-64GB,164.19,48142,100
506,2026-05-30 12:22:28.207957,2026/05/30 12:22:28.256,2,NVIDIA A100-SXM-64GB,166.50,48112,100
507,2026-05-30 12:22:28.207957,2026/05/30 12:22:28.261,3,NVIDIA A100-SXM-64GB,164.36,48086,100
508,2026-05-30 12:22:33.271494,2026/05/30 12:22:33.320,0,NVIDIA A100-SXM-64GB,180.29,48104,100
509,2026-05-30 12:22:33.271494,2026/05/30 12:22:33.323,1,NVIDIA A100-SXM-64GB,170.96,48142,100
510,2026-05-30 12:22:33.271494,2026/05/30 12:22:33.328,2,NVIDIA A100-SXM-64GB,180.58,48112,100
511,2026-05-30 12:22:33.271494,2026/05/30 12:22:33.331,3,NVIDIA A100-SXM-64GB,176.13,48086,100
512,2026-05-30 12:22:38.340935,2026/05/30 12:22:38.382,0,NVIDIA A100-SXM-64GB,142.90,48104,100
513,2026-05-30 12:22:38.340935,2026/05/30 12:22:38.384,1,NVIDIA A100-SXM-64GB,156.38,48142,100
514,2026-05-30 12:22:38.340935,2026/05/30 12:22:38.387,2,NVIDIA A100-SXM-64GB,171.57,48112,100
515,2026-05-30 12:22:38.340935,2026/05/30 12:22:38.389,3,NVIDIA A100-SXM-64GB,159.79,48086,100
516,2026-05-30 12:22:43.410104,2026/05/30 12:22:43.454,0,NVIDIA A100-SXM-64GB,146.30,48104,100
517,2026-05-30 12:22:43.410104,2026/05/30 12:22:43.458,1,NVIDIA A100-SXM-64GB,153.62,48142,100
518,2026-05-30 12:22:43.410104,2026/05/30 12:22:43.461,2,NVIDIA A100-SXM-64GB,163.59,48112,100
519,2026-05-30 12:22:43.410104,2026/05/30 12:22:43.463,3,NVIDIA A100-SXM-64GB,160.67,48086,100
520,2026-05-30 12:22:48.474148,2026/05/30 12:22:48.522,0,NVIDIA A100-SXM-64GB,170.71,48104,100
521,2026-05-30 12:22:48.474148,2026/05/30 12:22:48.524,1,NVIDIA A100-SXM-64GB,196.06,48142,100
522,2026-05-30 12:22:48.474148,2026/05/30 12:22:48.527,2,NVIDIA A100-SXM-64GB,170.30,48112,100
523,2026-05-30 12:22:48.474148,2026/05/30 12:22:48.529,3,NVIDIA A100-SXM-64GB,174.77,48086,100
524,2026-05-30 12:22:53.549748,2026/05/30 12:22:53.597,0,NVIDIA A100-SXM-64GB,161.88,48104,100
525,2026-05-30 12:22:53.549748,2026/05/30 12:22:53.600,1,NVIDIA A100-SXM-64GB,166.34,48142,100
526,2026-05-30 12:22:53.549748,2026/05/30 12:22:53.603,2,NVIDIA A100-SXM-64GB,164.53,48112,100
527,2026-05-30 12:22:53.549748,2026/05/30 12:22:53.606,3,NVIDIA A100-SXM-64GB,156.10,48086,100
528,2026-05-30 12:22:58.628153,2026/05/30 12:22:58.672,0,NVIDIA A100-SXM-64GB,178.94,48104,100
529,2026-05-30 12:22:58.628153,2026/05/30 12:22:58.674,1,NVIDIA A100-SXM-64GB,180.15,48142,100
530,2026-05-30 12:22:58.628153,2026/05/30 12:22:58.678,2,NVIDIA A100-SXM-64GB,186.67,48112,100
531,2026-05-30 12:22:58.628153,2026/05/30 12:22:58.684,3,NVIDIA A100-SXM-64GB,177.85,48086,100
532,2026-05-30 12:23:03.694216,2026/05/30 12:23:03.741,0,NVIDIA A100-SXM-64GB,164.62,48104,100
533,2026-05-30 12:23:03.694216,2026/05/30 12:23:03.743,1,NVIDIA A100-SXM-64GB,173.11,48142,100
534,2026-05-30 12:23:03.694216,2026/05/30 12:23:03.746,2,NVIDIA A100-SXM-64GB,179.97,48112,100
535,2026-05-30 12:23:03.694216,2026/05/30 12:23:03.748,3,NVIDIA A100-SXM-64GB,169.69,48086,100
536,2026-05-30 12:23:08.758898,2026/05/30 12:23:08.807,0,NVIDIA A100-SXM-64GB,187.96,48104,100
537,2026-05-30 12:23:08.758898,2026/05/30 12:23:08.812,1,NVIDIA A100-SXM-64GB,167.55,48142,100
538,2026-05-30 12:23:08.758898,2026/05/30 12:23:08.815,2,NVIDIA A100-SXM-64GB,174.74,48112,100
539,2026-05-30 12:23:08.758898,2026/05/30 12:23:08.817,3,NVIDIA A100-SXM-64GB,161.00,48086,100
540,2026-05-30 12:23:13.834842,2026/05/30 12:23:13.879,0,NVIDIA A100-SXM-64GB,146.57,48104,99
541,2026-05-30 12:23:13.834842,2026/05/30 12:23:13.881,1,NVIDIA A100-SXM-64GB,150.87,48142,100
542,2026-05-30 12:23:13.834842,2026/05/30 12:23:13.884,2,NVIDIA A100-SXM-64GB,150.11,48112,97
543,2026-05-30 12:23:13.834842,2026/05/30 12:23:13.887,3,NVIDIA A100-SXM-64GB,142.27,48086,99
544,2026-05-30 12:23:18.897336,2026/05/30 12:23:18.940,0,NVIDIA A100-SXM-64GB,187.96,48104,100
545,2026-05-30 12:23:18.897336,2026/05/30 12:23:18.943,1,NVIDIA A100-SXM-64GB,177.40,48142,100
546,2026-05-30 12:23:18.897336,2026/05/30 12:23:18.945,2,NVIDIA A100-SXM-64GB,165.74,48112,100
547,2026-05-30 12:23:18.897336,2026/05/30 12:23:18.948,3,NVIDIA A100-SXM-64GB,168.33,48086,100
548,2026-05-30 12:23:23.959340,2026/05/30 12:23:24.004,0,NVIDIA A100-SXM-64GB,164.79,48104,100
549,2026-05-30 12:23:23.959340,2026/05/30 12:23:24.006,1,NVIDIA A100-SXM-64GB,165.30,48142,100
550,2026-05-30 12:23:23.959340,2026/05/30 12:23:24.009,2,NVIDIA A100-SXM-64GB,160.84,48112,100
551,2026-05-30 12:23:23.959340,2026/05/30 12:23:24.011,3,NVIDIA A100-SXM-64GB,146.73,48086,100
552,2026-05-30 12:23:29.021875,2026/05/30 12:23:29.072,0,NVIDIA A100-SXM-64GB,143.23,48104,98
553,2026-05-30 12:23:29.021875,2026/05/30 12:23:29.079,1,NVIDIA A100-SXM-64GB,161.11,48142,98
554,2026-05-30 12:23:29.021875,2026/05/30 12:23:29.089,2,NVIDIA A100-SXM-64GB,164.02,48112,100
555,2026-05-30 12:23:29.021875,2026/05/30 12:23:29.092,3,NVIDIA A100-SXM-64GB,160.84,48086,100
556,2026-05-30 12:23:34.102530,2026/05/30 12:23:34.146,0,NVIDIA A100-SXM-64GB,169.93,48104,100
557,2026-05-30 12:23:34.102530,2026/05/30 12:23:34.148,1,NVIDIA A100-SXM-64GB,183.60,48142,100
558,2026-05-30 12:23:34.102530,2026/05/30 12:23:34.151,2,NVIDIA A100-SXM-64GB,179.64,48112,100
559,2026-05-30 12:23:34.102530,2026/05/30 12:23:34.154,3,NVIDIA A100-SXM-64GB,162.99,48086,100
560,2026-05-30 12:23:39.163795,2026/05/30 12:23:39.208,0,NVIDIA A100-SXM-64GB,147.18,48104,98
561,2026-05-30 12:23:39.163795,2026/05/30 12:23:39.210,1,NVIDIA A100-SXM-64GB,151.93,48142,98
562,2026-05-30 12:23:39.163795,2026/05/30 12:23:39.213,2,NVIDIA A100-SXM-64GB,146.14,48112,98
563,2026-05-30 12:23:39.163795,2026/05/30 12:23:39.215,3,NVIDIA A100-SXM-64GB,139.52,48086,98
564,2026-05-30 12:23:44.225790,2026/05/30 12:23:44.273,0,NVIDIA A100-SXM-64GB,149.65,48104,98
565,2026-05-30 12:23:44.225790,2026/05/30 12:23:44.276,1,NVIDIA A100-SXM-64GB,151.47,48142,98
566,2026-05-30 12:23:44.225790,2026/05/30 12:23:44.279,2,NVIDIA A100-SXM-64GB,151.65,48112,98
567,2026-05-30 12:23:44.225790,2026/05/30 12:23:44.282,3,NVIDIA A100-SXM-64GB,138.73,48086,98
568,2026-05-30 12:23:49.306453,2026/05/30 12:23:49.355,0,NVIDIA A100-SXM-64GB,163.41,48104,100
569,2026-05-30 12:23:49.306453,2026/05/30 12:23:49.360,1,NVIDIA A100-SXM-64GB,164.80,48142,100
570,2026-05-30 12:23:49.306453,2026/05/30 12:23:49.362,2,NVIDIA A100-SXM-64GB,157.76,48112,100
571,2026-05-30 12:23:49.306453,2026/05/30 12:23:49.365,3,NVIDIA A100-SXM-64GB,174.77,48086,100
572,2026-05-30 12:23:54.375290,2026/05/30 12:23:54.423,0,NVIDIA A100-SXM-64GB,190.90,48104,100
573,2026-05-30 12:23:54.375290,2026/05/30 12:23:54.426,1,NVIDIA A100-SXM-64GB,179.82,48142,100
574,2026-05-30 12:23:54.375290,2026/05/30 12:23:54.429,2,NVIDIA A100-SXM-64GB,180.85,48112,100
575,2026-05-30 12:23:54.375290,2026/05/30 12:23:54.432,3,NVIDIA A100-SXM-64GB,187.47,48086,100
576,2026-05-30 12:23:59.454613,2026/05/30 12:23:59.502,0,NVIDIA A100-SXM-64GB,161.28,48104,100
577,2026-05-30 12:23:59.454613,2026/05/30 12:23:59.505,1,NVIDIA A100-SXM-64GB,158.52,48142,100
578,2026-05-30 12:23:59.454613,2026/05/30 12:23:59.510,2,NVIDIA A100-SXM-64GB,151.32,48112,100
579,2026-05-30 12:23:59.454613,2026/05/30 12:23:59.512,3,NVIDIA A100-SXM-64GB,159.01,48086,100
580,2026-05-30 12:24:04.522852,2026/05/30 12:24:04.568,0,NVIDIA A100-SXM-64GB,138.62,48104,23
581,2026-05-30 12:24:04.522852,2026/05/30 12:24:04.570,1,NVIDIA A100-SXM-64GB,139.85,48142,35
582,2026-05-30 12:24:04.522852,2026/05/30 12:24:04.573,2,NVIDIA A100-SXM-64GB,109.17,48112,0
583,2026-05-30 12:24:04.522852,2026/05/30 12:24:04.575,3,NVIDIA A100-SXM-64GB,83.57,48086,0
584,2026-05-30 12:24:09.585926,2026/05/30 12:24:09.635,0,NVIDIA A100-SXM-64GB,179.60,48104,100
585,2026-05-30 12:24:09.585926,2026/05/30 12:24:09.638,1,NVIDIA A100-SXM-64GB,166.94,48142,100
586,2026-05-30 12:24:09.585926,2026/05/30 12:24:09.640,2,NVIDIA A100-SXM-64GB,165.40,48112,100
587,2026-05-30 12:24:09.585926,2026/05/30 12:24:09.643,3,NVIDIA A100-SXM-64GB,162.82,48086,100
588,2026-05-30 12:24:14.665108,2026/05/30 12:24:14.720,0,NVIDIA A100-SXM-64GB,181.22,48104,100
589,2026-05-30 12:24:14.665108,2026/05/30 12:24:14.724,1,NVIDIA A100-SXM-64GB,192.97,48142,100
590,2026-05-30 12:24:14.665108,2026/05/30 12:24:14.727,2,NVIDIA A100-SXM-64GB,189.75,48112,100
591,2026-05-30 12:24:14.665108,2026/05/30 12:24:14.729,3,NVIDIA A100-SXM-64GB,173.29,48086,100
592,2026-05-30 12:24:19.748176,2026/05/30 12:24:19.792,0,NVIDIA A100-SXM-64GB,141.09,48104,100
593,2026-05-30 12:24:19.748176,2026/05/30 12:24:19.794,1,NVIDIA A100-SXM-64GB,160.51,48142,100
594,2026-05-30 12:24:19.748176,2026/05/30 12:24:19.797,2,NVIDIA A100-SXM-64GB,171.57,48112,100
595,2026-05-30 12:24:19.748176,2026/05/30 12:24:19.799,3,NVIDIA A100-SXM-64GB,146.57,48086,100
596,2026-05-30 12:24:24.812801,2026/05/30 12:24:24.861,0,NVIDIA A100-SXM-64GB,168.73,48104,100
597,2026-05-30 12:24:24.812801,2026/05/30 12:24:24.864,1,NVIDIA A100-SXM-64GB,179.49,48142,100
598,2026-05-30 12:24:24.812801,2026/05/30 12:24:24.866,2,NVIDIA A100-SXM-64GB,165.84,48112,100
599,2026-05-30 12:24:24.812801,2026/05/30 12:24:24.869,3,NVIDIA A100-SXM-64GB,161.60,48086,100
600,2026-05-30 12:24:29.890241,2026/05/30 12:24:29.934,0,NVIDIA A100-SXM-64GB,160.62,48104,100
601,2026-05-30 12:24:29.890241,2026/05/30 12:24:29.936,1,NVIDIA A100-SXM-64GB,166.67,48142,100
602,2026-05-30 12:24:29.890241,2026/05/30 12:24:29.939,2,NVIDIA A100-SXM-64GB,178.61,48112,100
603,2026-05-30 12:24:29.890241,2026/05/30 12:24:29.941,3,NVIDIA A100-SXM-64GB,155.77,48086,100
604,2026-05-30 12:24:34.951874,2026/05/30 12:24:34.996,0,NVIDIA A100-SXM-64GB,184.48,48104,100
605,2026-05-30 12:24:34.951874,2026/05/30 12:24:34.998,1,NVIDIA A100-SXM-64GB,168.49,48142,100
606,2026-05-30 12:24:34.951874,2026/05/30 12:24:35.001,2,NVIDIA A100-SXM-64GB,178.01,48112,100
607,2026-05-30 12:24:34.951874,2026/05/30 12:24:35.003,3,NVIDIA A100-SXM-64GB,185.84,48086,100
608,2026-05-30 12:24:40.013961,2026/05/30 12:24:40.057,0,NVIDIA A100-SXM-64GB,136.54,48104,100
609,2026-05-30 12:24:40.013961,2026/05/30 12:24:40.059,1,NVIDIA A100-SXM-64GB,154.68,48142,100
610,2026-05-30 12:24:40.013961,2026/05/30 12:24:40.065,2,NVIDIA A100-SXM-64GB,167.88,48112,100
611,2026-05-30 12:24:40.013961,2026/05/30 12:24:40.069,3,NVIDIA A100-SXM-64GB,134.29,48086,100
612,2026-05-30 12:24:45.080026,2026/05/30 12:24:45.128,0,NVIDIA A100-SXM-64GB,170.26,48104,100
613,2026-05-30 12:24:45.080026,2026/05/30 12:24:45.132,1,NVIDIA A100-SXM-64GB,190.36,48142,100
614,2026-05-30 12:24:45.080026,2026/05/30 12:24:45.135,2,NVIDIA A100-SXM-64GB,191.29,48112,100
615,2026-05-30 12:24:45.080026,2026/05/30 12:24:45.137,3,NVIDIA A100-SXM-64GB,160.51,48086,100
616,2026-05-30 12:24:50.181447,2026/05/30 12:24:50.230,0,NVIDIA A100-SXM-64GB,168.73,48104,100
617,2026-05-30 12:24:50.181447,2026/05/30 12:24:50.233,1,NVIDIA A100-SXM-64GB,167.55,48142,100
618,2026-05-30 12:24:50.181447,2026/05/30 12:24:50.236,2,NVIDIA A100-SXM-64GB,166.77,48112,100
619,2026-05-30 12:24:50.181447,2026/05/30 12:24:50.238,3,NVIDIA A100-SXM-64GB,177.67,48086,100
620,2026-05-30 12:24:55.265529,2026/05/30 12:24:55.314,0,NVIDIA A100-SXM-64GB,168.90,48104,100
621,2026-05-30 12:24:55.265529,2026/05/30 12:24:55.317,1,NVIDIA A100-SXM-64GB,180.15,48142,100
622,2026-05-30 12:24:55.265529,2026/05/30 12:24:55.322,2,NVIDIA A100-SXM-64GB,179.64,48112,100
623,2026-05-30 12:24:55.265529,2026/05/30 12:24:55.325,3,NVIDIA A100-SXM-64GB,163.15,48086,100
624,2026-05-30 12:25:00.351361,2026/05/30 12:25:00.395,0,NVIDIA A100-SXM-64GB,156.07,48104,100
625,2026-05-30 12:25:00.351361,2026/05/30 12:25:00.398,1,NVIDIA A100-SXM-64GB,158.97,48142,100
626,2026-05-30 12:25:00.351361,2026/05/30 12:25:00.400,2,NVIDIA A100-SXM-64GB,161.11,48112,100
627,2026-05-30 12:25:00.351361,2026/05/30 12:25:00.403,3,NVIDIA A100-SXM-64GB,160.06,48086,100
628,2026-05-30 12:25:05.413230,2026/05/30 12:25:05.473,0,NVIDIA A100-SXM-64GB,163.09,48104,100
629,2026-05-30 12:25:05.413230,2026/05/30 12:25:05.476,1,NVIDIA A100-SXM-64GB,189.34,48142,100
630,2026-05-30 12:25:05.413230,2026/05/30 12:25:05.478,2,NVIDIA A100-SXM-64GB,146.14,48112,100
631,2026-05-30 12:25:05.413230,2026/05/30 12:25:05.481,3,NVIDIA A100-SXM-64GB,174.50,48086,100
632,2026-05-30 12:25:10.500230,2026/05/30 12:25:10.545,0,NVIDIA A100-SXM-64GB,155.74,48104,100
633,2026-05-30 12:25:10.500230,2026/05/30 12:25:10.547,1,NVIDIA A100-SXM-64GB,158.25,48142,100
634,2026-05-30 12:25:10.500230,2026/05/30 12:25:10.550,2,NVIDIA A100-SXM-64GB,172.44,48112,100
635,2026-05-30 12:25:10.500230,2026/05/30 12:25:10.552,3,NVIDIA A100-SXM-64GB,144.30,48086,100
636,2026-05-30 12:25:15.563183,2026/05/30 12:25:15.614,0,NVIDIA A100-SXM-64GB,135.00,48104,98
637,2026-05-30 12:25:15.563183,2026/05/30 12:25:15.617,1,NVIDIA A100-SXM-64GB,147.35,48142,98
638,2026-05-30 12:25:15.563183,2026/05/30 12:25:15.619,2,NVIDIA A100-SXM-64GB,145.82,48112,98
639,2026-05-30 12:25:15.563183,2026/05/30 12:25:15.622,3,NVIDIA A100-SXM-64GB,127.84,48086,98
640,2026-05-30 12:25:20.644262,2026/05/30 12:25:20.693,0,NVIDIA A100-SXM-64GB,144.43,48104,98
641,2026-05-30 12:25:20.644262,2026/05/30 12:25:20.696,1,NVIDIA A100-SXM-64GB,154.23,48142,99
642,2026-05-30 12:25:20.644262,2026/05/30 12:25:20.698,2,NVIDIA A100-SXM-64GB,137.23,48112,100
643,2026-05-30 12:25:20.644262,2026/05/30 12:25:20.701,3,NVIDIA A100-SXM-64GB,141.81,48086,100
644,2026-05-30 12:25:25.712186,2026/05/30 12:25:25.759,0,NVIDIA A100-SXM-64GB,147.66,48104,100
645,2026-05-30 12:25:25.712186,2026/05/30 12:25:25.762,1,NVIDIA A100-SXM-64GB,147.18,48142,98
646,2026-05-30 12:25:25.712186,2026/05/30 12:25:25.764,2,NVIDIA A100-SXM-64GB,147.51,48112,98
647,2026-05-30 12:25:25.712186,2026/05/30 12:25:25.767,3,NVIDIA A100-SXM-64GB,140.00,48086,98
648,2026-05-30 12:25:30.787277,2026/05/30 12:25:30.831,0,NVIDIA A100-SXM-64GB,151.01,48104,100
649,2026-05-30 12:25:30.787277,2026/05/30 12:25:30.834,1,NVIDIA A100-SXM-64GB,144.75,48142,98
650,2026-05-30 12:25:30.787277,2026/05/30 12:25:30.836,2,NVIDIA A100-SXM-64GB,151.04,48112,98
651,2026-05-30 12:25:30.787277,2026/05/30 12:25:30.838,3,NVIDIA A100-SXM-64GB,144.30,48086,98
652,2026-05-30 12:25:35.852023,2026/05/30 12:25:35.900,0,NVIDIA A100-SXM-64GB,133.27,48104,98
653,2026-05-30 12:25:35.852023,2026/05/30 12:25:35.902,1,NVIDIA A100-SXM-64GB,138.31,48142,98
654,2026-05-30 12:25:35.852023,2026/05/30 12:25:35.905,2,NVIDIA A100-SXM-64GB,171.24,48112,100
655,2026-05-30 12:25:35.852023,2026/05/30 12:25:35.908,3,NVIDIA A100-SXM-64GB,125.55,48086,100
656,2026-05-30 12:25:40.918436,2026/05/30 12:25:40.964,0,NVIDIA A100-SXM-64GB,142.30,48104,98
657,2026-05-30 12:25:40.918436,2026/05/30 12:25:40.969,1,NVIDIA A100-SXM-64GB,147.35,48142,100
658,2026-05-30 12:25:40.918436,2026/05/30 12:25:40.971,2,NVIDIA A100-SXM-64GB,131.73,48112,98
659,2026-05-30 12:25:40.918436,2026/05/30 12:25:40.973,3,NVIDIA A100-SXM-64GB,138.31,48086,98
660,2026-05-30 12:25:45.984441,2026/05/30 12:25:46.040,0,NVIDIA A100-SXM-64GB,155.46,48104,100
661,2026-05-30 12:25:45.984441,2026/05/30 12:25:46.042,1,NVIDIA A100-SXM-64GB,195.12,48142,98
662,2026-05-30 12:25:45.984441,2026/05/30 12:25:46.045,2,NVIDIA A100-SXM-64GB,134.81,48112,98
663,2026-05-30 12:25:45.984441,2026/05/30 12:25:46.048,3,NVIDIA A100-SXM-64GB,144.90,48086,98
664,2026-05-30 12:25:51.058047,2026/05/30 12:25:51.103,0,NVIDIA A100-SXM-64GB,143.23,48104,98
665,2026-05-30 12:25:51.058047,2026/05/30 12:25:51.105,1,NVIDIA A100-SXM-64GB,148.90,48142,100
666,2026-05-30 12:25:51.058047,2026/05/30 12:25:51.108,2,NVIDIA A100-SXM-64GB,150.11,48112,100
667,2026-05-30 12:25:51.058047,2026/05/30 12:25:51.110,3,NVIDIA A100-SXM-64GB,136.76,48086,100
668,2026-05-30 12:25:56.120987,2026/05/30 12:25:56.180,0,NVIDIA A100-SXM-64GB,140.76,48104,100
669,2026-05-30 12:25:56.120987,2026/05/30 12:25:56.183,1,NVIDIA A100-SXM-64GB,138.77,48142,100
670,2026-05-30 12:25:56.120987,2026/05/30 12:25:56.185,2,NVIDIA A100-SXM-64GB,150.11,48112,98
671,2026-05-30 12:25:56.120987,2026/05/30 12:25:56.188,3,NVIDIA A100-SXM-64GB,138.91,48086,98
672,2026-05-30 12:26:01.210533,2026/05/30 12:26:01.251,0,NVIDIA A100-SXM-64GB,88.35,48104,85
673,2026-05-30 12:26:01.210533,2026/05/30 12:26:01.254,1,NVIDIA A100-SXM-64GB,87.69,48142,63
674,2026-05-30 12:26:01.210533,2026/05/30 12:26:01.256,2,NVIDIA A100-SXM-64GB,88.53,48112,35
675,2026-05-30 12:26:01.210533,2026/05/30 12:26:01.259,3,NVIDIA A100-SXM-64GB,83.14,48086,35
676,2026-05-30 12:26:06.269728,2026/05/30 12:26:06.314,0,NVIDIA A100-SXM-64GB,165.50,48104,100
677,2026-05-30 12:26:06.269728,2026/05/30 12:26:06.316,1,NVIDIA A100-SXM-64GB,181.64,48142,100
678,2026-05-30 12:26:06.269728,2026/05/30 12:26:06.319,2,NVIDIA A100-SXM-64GB,164.63,48112,100
679,2026-05-30 12:26:06.269728,2026/05/30 12:26:06.324,3,NVIDIA A100-SXM-64GB,160.40,48086,100
680,2026-05-30 12:26:11.334537,2026/05/30 12:26:11.378,0,NVIDIA A100-SXM-64GB,150.58,48104,100
681,2026-05-30 12:26:11.334537,2026/05/30 12:26:11.380,1,NVIDIA A100-SXM-64GB,164.80,48142,100
682,2026-05-30 12:26:11.334537,2026/05/30 12:26:11.383,2,NVIDIA A100-SXM-64GB,186.67,48112,100
683,2026-05-30 12:26:11.334537,2026/05/30 12:26:11.386,3,NVIDIA A100-SXM-64GB,176.04,48086,100
684,2026-05-30 12:26:16.396667,2026/05/30 12:26:16.444,0,NVIDIA A100-SXM-64GB,179.87,48104,100
685,2026-05-30 12:26:16.396667,2026/05/30 12:26:16.447,1,NVIDIA A100-SXM-64GB,162.99,48142,100
686,2026-05-30 12:26:16.396667,2026/05/30 12:26:16.449,2,NVIDIA A100-SXM-64GB,168.82,48112,100
687,2026-05-30 12:26:16.396667,2026/05/30 12:26:16.452,3,NVIDIA A100-SXM-64GB,155.17,48086,100
688,2026-05-30 12:26:21.476773,2026/05/30 12:26:21.536,0,NVIDIA A100-SXM-64GB,188.57,48104,100
689,2026-05-30 12:26:21.476773,2026/05/30 12:26:21.541,1,NVIDIA A100-SXM-64GB,178.61,48142,100
690,2026-05-30 12:26:21.476773,2026/05/30 12:26:21.544,2,NVIDIA A100-SXM-64GB,168.92,48112,100
691,2026-05-30 12:26:21.476773,2026/05/30 12:26:21.546,3,NVIDIA A100-SXM-64GB,163.15,48086,100
692,2026-05-30 12:26:26.570002,2026/05/30 12:26:26.617,0,NVIDIA A100-SXM-64GB,160.94,48104,100
693,2026-05-30 12:26:26.570002,2026/05/30 12:26:26.620,1,NVIDIA A100-SXM-64GB,170.63,48142,100
694,2026-05-30 12:26:26.570002,2026/05/30 12:26:26.622,2,NVIDIA A100-SXM-64GB,168.15,48112,100
695,2026-05-30 12:26:26.570002,2026/05/30 12:26:26.626,3,NVIDIA A100-SXM-64GB,158.52,48086,100
696,2026-05-30 12:26:31.649988,2026/05/30 12:26:31.697,0,NVIDIA A100-SXM-64GB,169.17,48104,100
697,2026-05-30 12:26:31.649988,2026/05/30 12:26:31.700,1,NVIDIA A100-SXM-64GB,183.79,48142,100
698,2026-05-30 12:26:31.649988,2026/05/30 12:26:31.703,2,NVIDIA A100-SXM-64GB,188.73,48112,100
699,2026-05-30 12:26:31.649988,2026/05/30 12:26:31.708,3,NVIDIA A100-SXM-64GB,186.78,48086,100
700,2026-05-30 12:26:36.743773,2026/05/30 12:26:36.794,0,NVIDIA A100-SXM-64GB,169.17,48104,100
701,2026-05-30 12:26:36.743773,2026/05/30 12:26:36.796,1,NVIDIA A100-SXM-64GB,158.36,48142,100
702,2026-05-30 12:26:36.743773,2026/05/30 12:26:36.799,2,NVIDIA A100-SXM-64GB,165.40,48112,100
703,2026-05-30 12:26:36.743773,2026/05/30 12:26:36.802,3,NVIDIA A100-SXM-64GB,166.84,48086,100
704,2026-05-30 12:26:41.824061,2026/05/30 12:26:41.868,0,NVIDIA A100-SXM-64GB,176.53,48104,100
705,2026-05-30 12:26:41.824061,2026/05/30 12:26:41.870,1,NVIDIA A100-SXM-64GB,182.30,48142,100
706,2026-05-30 12:26:41.824061,2026/05/30 12:26:41.873,2,NVIDIA A100-SXM-64GB,181.64,48112,100
707,2026-05-30 12:26:41.824061,2026/05/30 12:26:41.875,3,NVIDIA A100-SXM-64GB,161.94,48086,100
708,2026-05-30 12:26:46.887043,2026/05/30 12:26:46.934,0,NVIDIA A100-SXM-64GB,171.91,48104,100
709,2026-05-30 12:26:46.887043,2026/05/30 12:26:46.936,1,NVIDIA A100-SXM-64GB,180.15,48142,100
710,2026-05-30 12:26:46.887043,2026/05/30 12:26:46.941,2,NVIDIA A100-SXM-64GB,181.36,48112,100
711,2026-05-30 12:26:46.887043,2026/05/30 12:26:46.944,3,NVIDIA A100-SXM-64GB,171.13,48086,100
712,2026-05-30 12:26:51.967798,2026/05/30 12:26:52.015,0,NVIDIA A100-SXM-64GB,149.04,48104,100
713,2026-05-30 12:26:51.967798,2026/05/30 12:26:52.021,1,NVIDIA A100-SXM-64GB,152.08,48142,98
714,2026-05-30 12:26:51.967798,2026/05/30 12:26:52.023,2,NVIDIA A100-SXM-64GB,144.28,48112,98
715,2026-05-30 12:26:51.967798,2026/05/30 12:26:52.029,3,NVIDIA A100-SXM-64GB,140.27,48086,98
716,2026-05-30 12:26:57.052758,2026/05/30 12:26:57.100,0,NVIDIA A100-SXM-64GB,142.77,48104,98
717,2026-05-30 12:26:57.052758,2026/05/30 12:26:57.107,1,NVIDIA A100-SXM-64GB,138.91,48142,100
718,2026-05-30 12:26:57.052758,2026/05/30 12:26:57.132,2,NVIDIA A100-SXM-64GB,134.62,48112,100
719,2026-05-30 12:26:57.052758,2026/05/30 12:26:57.135,3,NVIDIA A100-SXM-64GB,144.90,48086,100
720,2026-05-30 12:27:02.158708,2026/05/30 12:27:02.211,0,NVIDIA A100-SXM-64GB,144.58,48104,98
721,2026-05-30 12:27:02.158708,2026/05/30 12:27:02.214,1,NVIDIA A100-SXM-64GB,147.18,48142,98
722,2026-05-30 12:27:02.158708,2026/05/30 12:27:02.218,2,NVIDIA A100-SXM-64GB,151.80,48112,98
723,2026-05-30 12:27:02.158708,2026/05/30 12:27:02.220,3,NVIDIA A100-SXM-64GB,131.39,48086,98
724,2026-05-30 12:27:07.244529,2026/05/30 12:27:07.286,0,NVIDIA A100-SXM-64GB,159.41,48104,100
725,2026-05-30 12:27:07.244529,2026/05/30 12:27:07.295,1,NVIDIA A100-SXM-64GB,190.14,48142,98
726,2026-05-30 12:27:07.244529,2026/05/30 12:27:07.298,2,NVIDIA A100-SXM-64GB,159.90,48112,98
727,2026-05-30 12:27:07.244529,2026/05/30 12:27:07.313,3,NVIDIA A100-SXM-64GB,139.66,48086,98
728,2026-05-30 12:27:12.324528,2026/05/30 12:27:12.376,0,NVIDIA A100-SXM-64GB,174.99,48104,98
729,2026-05-30 12:27:12.324528,2026/05/30 12:27:12.379,1,NVIDIA A100-SXM-64GB,180.01,48142,100
730,2026-05-30 12:27:12.324528,2026/05/30 12:27:12.381,2,NVIDIA A100-SXM-64GB,161.44,48112,100
731,2026-05-30 12:27:12.324528,2026/05/30 12:27:12.387,3,NVIDIA A100-SXM-64GB,145.51,48086,100
732,2026-05-30 12:27:17.413024,2026/05/30 12:27:17.457,0,NVIDIA A100-SXM-64GB,146.73,48104,98
733,2026-05-30 12:27:17.413024,2026/05/30 12:27:17.459,1,NVIDIA A100-SXM-64GB,151.80,48142,98
734,2026-05-30 12:27:17.413024,2026/05/30 12:27:17.462,2,NVIDIA A100-SXM-64GB,145.36,48112,98
735,2026-05-30 12:27:17.413024,2026/05/30 12:27:17.464,3,NVIDIA A100-SXM-64GB,135.70,48086,98
736,2026-05-30 12:27:22.475524,2026/05/30 12:27:22.523,0,NVIDIA A100-SXM-64GB,171.32,48104,100
737,2026-05-30 12:27:22.475524,2026/05/30 12:27:22.526,1,NVIDIA A100-SXM-64GB,150.87,48142,100
738,2026-05-30 12:27:22.475524,2026/05/30 12:27:22.530,2,NVIDIA A100-SXM-64GB,166.51,48112,100
739,2026-05-30 12:27:22.475524,2026/05/30 12:27:22.533,3,NVIDIA A100-SXM-64GB,151.02,48086,100
740,2026-05-30 12:27:27.557041,2026/05/30 12:27:27.610,0,NVIDIA A100-SXM-64GB,174.90,48104,100
741,2026-05-30 12:27:27.557041,2026/05/30 12:27:27.613,1,NVIDIA A100-SXM-64GB,169.87,48142,100
742,2026-05-30 12:27:27.557041,2026/05/30 12:27:27.615,2,NVIDIA A100-SXM-64GB,177.07,48112,100
743,2026-05-30 12:27:27.557041,2026/05/30 12:27:27.618,3,NVIDIA A100-SXM-64GB,177.25,48086,100
744,2026-05-30 12:27:32.642753,2026/05/30 12:27:32.687,0,NVIDIA A100-SXM-64GB,147.84,48104,100
745,2026-05-30 12:27:32.642753,2026/05/30 12:27:32.693,1,NVIDIA A100-SXM-64GB,178.79,48142,100
746,2026-05-30 12:27:32.642753,2026/05/30 12:27:32.696,2,NVIDIA A100-SXM-64GB,164.80,48112,100
747,2026-05-30 12:27:32.642753,2026/05/30 12:27:32.699,3,NVIDIA A100-SXM-64GB,147.93,48086,100
748,2026-05-30 12:27:37.709630,2026/05/30 12:27:37.760,0,NVIDIA A100-SXM-64GB,188.15,48104,100
749,2026-05-30 12:27:37.709630,2026/05/30 12:27:37.763,1,NVIDIA A100-SXM-64GB,178.19,48142,100
750,2026-05-30 12:27:37.709630,2026/05/30 12:27:37.765,2,NVIDIA A100-SXM-64GB,185.93,48112,100
751,2026-05-30 12:27:37.709630,2026/05/30 12:27:37.770,3,NVIDIA A100-SXM-64GB,174.50,48086,100
752,2026-05-30 12:27:42.795171,2026/05/30 12:27:42.839,0,NVIDIA A100-SXM-64GB,149.32,48104,100
753,2026-05-30 12:27:42.795171,2026/05/30 12:27:42.841,1,NVIDIA A100-SXM-64GB,154.23,48142,100
754,2026-05-30 12:27:42.795171,2026/05/30 12:27:42.844,2,NVIDIA A100-SXM-64GB,153.47,48112,100
755,2026-05-30 12:27:42.795171,2026/05/30 12:27:42.848,3,NVIDIA A100-SXM-64GB,165.57,48086,100
756,2026-05-30 12:27:47.861295,2026/05/30 12:27:47.905,0,NVIDIA A100-SXM-64GB,185.08,48104,100
757,2026-05-30 12:27:47.861295,2026/05/30 12:27:47.907,1,NVIDIA A100-SXM-64GB,179.49,48142,100
758,2026-05-30 12:27:47.861295,2026/05/30 12:27:47.910,2,NVIDIA A100-SXM-64GB,161.78,48112,100
759,2026-05-30 12:27:47.861295,2026/05/30 12:27:47.913,3,NVIDIA A100-SXM-64GB,165.57,48086,100
760,2026-05-30 12:27:52.923922,2026/05/30 12:27:52.972,0,NVIDIA A100-SXM-64GB,168.30,48104,100
761,2026-05-30 12:27:52.923922,2026/05/30 12:27:52.975,1,NVIDIA A100-SXM-64GB,166.01,48142,100
762,2026-05-30 12:27:52.923922,2026/05/30 12:27:52.979,2,NVIDIA A100-SXM-64GB,180.15,48112,100
763,2026-05-30 12:27:52.923922,2026/05/30 12:27:52.982,3,NVIDIA A100-SXM-64GB,148.45,48086,100
764,2026-05-30 12:27:58.005955,2026/05/30 12:27:58.051,0,NVIDIA A100-SXM-64GB,88.44,48104,9
765,2026-05-30 12:27:58.005955,2026/05/30 12:27:58.053,1,NVIDIA A100-SXM-64GB,131.54,48142,15
766,2026-05-30 12:27:58.005955,2026/05/30 12:27:58.056,2,NVIDIA A100-SXM-64GB,107.30,48112,20
767,2026-05-30 12:27:58.005955,2026/05/30 12:27:58.058,3,NVIDIA A100-SXM-64GB,136.57,48086,12
768,2026-05-30 12:28:03.069805,2026/05/30 12:28:03.129,0,NVIDIA A100-SXM-64GB,150.74,48104,100
769,2026-05-30 12:28:03.069805,2026/05/30 12:28:03.134,1,NVIDIA A100-SXM-64GB,196.66,48142,100
770,2026-05-30 12:28:03.069805,2026/05/30 12:28:03.137,2,NVIDIA A100-SXM-64GB,164.80,48112,100
771,2026-05-30 12:28:03.069805,2026/05/30 12:28:03.139,3,NVIDIA A100-SXM-64GB,180.61,48086,100
772,2026-05-30 12:28:08.167004,2026/05/30 12:28:08.215,0,NVIDIA A100-SXM-64GB,144.31,48104,98
773,2026-05-30 12:28:08.167004,2026/05/30 12:28:08.219,1,NVIDIA A100-SXM-64GB,147.78,48142,98
774,2026-05-30 12:28:08.167004,2026/05/30 12:28:08.222,2,NVIDIA A100-SXM-64GB,147.51,48112,98
775,2026-05-30 12:28:08.167004,2026/05/30 12:28:08.226,3,NVIDIA A100-SXM-64GB,139.33,48086,98
776,2026-05-30 12:28:13.249724,2026/05/30 12:28:13.305,0,NVIDIA A100-SXM-64GB,159.14,48104,100
777,2026-05-30 12:28:13.249724,2026/05/30 12:28:13.309,1,NVIDIA A100-SXM-64GB,168.33,48142,100
778,2026-05-30 12:28:13.249724,2026/05/30 12:28:13.311,2,NVIDIA A100-SXM-64GB,154.07,48112,100
779,2026-05-30 12:28:13.249724,2026/05/30 12:28:13.314,3,NVIDIA A100-SXM-64GB,174.17,48086,100
780,2026-05-30 12:28:18.338125,2026/05/30 12:28:18.382,0,NVIDIA A100-SXM-64GB,147.96,48104,98
781,2026-05-30 12:28:18.338125,2026/05/30 12:28:18.384,1,NVIDIA A100-SXM-64GB,140.31,48142,98
782,2026-05-30 12:28:18.338125,2026/05/30 12:28:18.387,2,NVIDIA A100-SXM-64GB,140.31,48112,98
783,2026-05-30 12:28:18.338125,2026/05/30 12:28:18.389,3,NVIDIA A100-SXM-64GB,142.00,48086,98
784,2026-05-30 12:28:23.400514,2026/05/30 12:28:23.448,0,NVIDIA A100-SXM-64GB,147.96,48104,98
785,2026-05-30 12:28:23.400514,2026/05/30 12:28:23.451,1,NVIDIA A100-SXM-64GB,149.50,48142,100
786,2026-05-30 12:28:23.400514,2026/05/30 12:28:23.453,2,NVIDIA A100-SXM-64GB,150.89,48112,100
787,2026-05-30 12:28:23.400514,2026/05/30 12:28:23.456,3,NVIDIA A100-SXM-64GB,144.60,48086,100
788,2026-05-30 12:28:28.478343,2026/05/30 12:28:28.535,0,NVIDIA A100-SXM-64GB,138.21,48104,100
789,2026-05-30 12:28:28.478343,2026/05/30 12:28:28.537,1,NVIDIA A100-SXM-64GB,164.02,48142,100
790,2026-05-30 12:28:28.478343,2026/05/30 12:28:28.541,2,NVIDIA A100-SXM-64GB,136.29,48112,100
791,2026-05-30 12:28:28.478343,2026/05/30 12:28:28.543,3,NVIDIA A100-SXM-64GB,165.13,48086,100
792,2026-05-30 12:28:33.557302,2026/05/30 12:28:33.605,0,NVIDIA A100-SXM-64GB,146.30,48104,100
793,2026-05-30 12:28:33.557302,2026/05/30 12:28:33.607,1,NVIDIA A100-SXM-64GB,155.94,48142,98
794,2026-05-30 12:28:33.557302,2026/05/30 12:28:33.610,2,NVIDIA A100-SXM-64GB,144.46,48112,98
795,2026-05-30 12:28:33.557302,2026/05/30 12:28:33.612,3,NVIDIA A100-SXM-64GB,142.00,48086,98
796,2026-05-30 12:28:38.628980,2026/05/30 12:28:38.676,0,NVIDIA A100-SXM-64GB,137.27,48104,98
797,2026-05-30 12:28:38.628980,2026/05/30 12:28:38.680,1,NVIDIA A100-SXM-64GB,151.04,48142,100
798,2026-05-30 12:28:38.628980,2026/05/30 12:28:38.685,2,NVIDIA A100-SXM-64GB,135.55,48112,100
799,2026-05-30 12:28:38.628980,2026/05/30 12:28:38.702,3,NVIDIA A100-SXM-64GB,139.19,48086,100
800,2026-05-30 12:28:43.790941,2026/05/30 12:28:43.839,0,NVIDIA A100-SXM-64GB,151.02,48104,100
801,2026-05-30 12:28:43.790941,2026/05/30 12:28:43.844,1,NVIDIA A100-SXM-64GB,151.32,48142,100
802,2026-05-30 12:28:43.790941,2026/05/30 12:28:43.847,2,NVIDIA A100-SXM-64GB,173.81,48112,100
803,2026-05-30 12:28:43.790941,2026/05/30 12:28:43.850,3,NVIDIA A100-SXM-64GB,173.56,48086,100
804,2026-05-30 12:28:48.874825,2026/05/30 12:28:48.922,0,NVIDIA A100-SXM-64GB,146.30,48104,100
805,2026-05-30 12:28:48.874825,2026/05/30 12:28:48.926,1,NVIDIA A100-SXM-64GB,141.20,48142,98
806,2026-05-30 12:28:48.874825,2026/05/30 12:28:48.929,2,NVIDIA A100-SXM-64GB,150.56,48112,98
807,2026-05-30 12:28:48.874825,2026/05/30 12:28:48.932,3,NVIDIA A100-SXM-64GB,137.10,48086,98
808,2026-05-30 12:28:53.956623,2026/05/30 12:28:54.014,0,NVIDIA A100-SXM-64GB,145.82,48104,100
809,2026-05-30 12:28:53.956623,2026/05/30 12:28:54.017,1,NVIDIA A100-SXM-64GB,139.71,48142,100
810,2026-05-30 12:28:53.956623,2026/05/30 12:28:54.019,2,NVIDIA A100-SXM-64GB,138.63,48112,100
811,2026-05-30 12:28:53.956623,2026/05/30 12:28:54.022,3,NVIDIA A100-SXM-64GB,135.56,48086,100
812,2026-05-30 12:28:59.046328,2026/05/30 12:28:59.093,0,NVIDIA A100-SXM-64GB,176.35,48104,100
813,2026-05-30 12:28:59.046328,2026/05/30 12:28:59.096,1,NVIDIA A100-SXM-64GB,153.79,48142,100
814,2026-05-30 12:28:59.046328,2026/05/30 12:28:59.100,2,NVIDIA A100-SXM-64GB,163.09,48112,100
815,2026-05-30 12:28:59.046328,2026/05/30 12:28:59.103,3,NVIDIA A100-SXM-64GB,167.88,48086,100
816,2026-05-30 12:29:04.126902,2026/05/30 12:29:04.182,0,NVIDIA A100-SXM-64GB,167.80,48104,100
817,2026-05-30 12:29:04.126902,2026/05/30 12:29:04.187,1,NVIDIA A100-SXM-64GB,192.50,48142,100
818,2026-05-30 12:29:04.126902,2026/05/30 12:29:04.191,2,NVIDIA A100-SXM-64GB,191.90,48112,100
819,2026-05-30 12:29:04.126902,2026/05/30 12:29:04.193,3,NVIDIA A100-SXM-64GB,172.44,48086,100
820,2026-05-30 12:29:09.204685,2026/05/30 12:29:09.252,0,NVIDIA A100-SXM-64GB,163.52,48104,100
821,2026-05-30 12:29:09.204685,2026/05/30 12:29:09.255,1,NVIDIA A100-SXM-64GB,157.76,48142,100
822,2026-05-30 12:29:09.204685,2026/05/30 12:29:09.258,2,NVIDIA A100-SXM-64GB,171.99,48112,100
823,2026-05-30 12:29:09.204685,2026/05/30 12:29:09.260,3,NVIDIA A100-SXM-64GB,165.74,48086,100
824,2026-05-30 12:29:14.276417,2026/05/30 12:29:14.324,0,NVIDIA A100-SXM-64GB,190.98,48104,100
825,2026-05-30 12:29:14.276417,2026/05/30 12:29:14.327,1,NVIDIA A100-SXM-64GB,169.52,48142,100
826,2026-05-30 12:29:14.276417,2026/05/30 12:29:14.332,2,NVIDIA A100-SXM-64GB,188.21,48112,100
827,2026-05-30 12:29:14.276417,2026/05/30 12:29:14.335,3,NVIDIA A100-SXM-64GB,167.88,48086,100
828,2026-05-30 12:29:19.359221,2026/05/30 12:29:19.406,0,NVIDIA A100-SXM-64GB,167.80,48104,100
829,2026-05-30 12:29:19.359221,2026/05/30 12:29:19.412,1,NVIDIA A100-SXM-64GB,183.79,48142,100
830,2026-05-30 12:29:19.359221,2026/05/30 12:29:19.415,2,NVIDIA A100-SXM-64GB,173.81,48112,100
831,2026-05-30 12:29:19.359221,2026/05/30 12:29:19.417,3,NVIDIA A100-SXM-64GB,158.97,48086,100
832,2026-05-30 12:29:24.442147,2026/05/30 12:29:24.494,0,NVIDIA A100-SXM-64GB,156.84,48104,100
833,2026-05-30 12:29:24.442147,2026/05/30 12:29:24.497,1,NVIDIA A100-SXM-64GB,142.46,48142,100
834,2026-05-30 12:29:24.442147,2026/05/30 12:29:24.499,2,NVIDIA A100-SXM-64GB,164.36,48112,100
835,2026-05-30 12:29:24.442147,2026/05/30 12:29:24.502,3,NVIDIA A100-SXM-64GB,166.01,48086,100
836,2026-05-30 12:29:29.515293,2026/05/30 12:29:29.564,0,NVIDIA A100-SXM-64GB,171.47,48104,100
837,2026-05-30 12:29:29.515293,2026/05/30 12:29:29.567,1,NVIDIA A100-SXM-64GB,179.64,48142,100
838,2026-05-30 12:29:29.515293,2026/05/30 12:29:29.569,2,NVIDIA A100-SXM-64GB,183.60,48112,100
839,2026-05-30 12:29:29.515293,2026/05/30 12:29:29.572,3,NVIDIA A100-SXM-64GB,176.46,48086,100
840,2026-05-30 12:29:34.583685,2026/05/30 12:29:34.632,0,NVIDIA A100-SXM-64GB,161.39,48104,100
841,2026-05-30 12:29:34.583685,2026/05/30 12:29:34.635,1,NVIDIA A100-SXM-64GB,188.21,48142,100
842,2026-05-30 12:29:34.583685,2026/05/30 12:29:34.638,2,NVIDIA A100-SXM-64GB,166.17,48112,100
843,2026-05-30 12:29:34.583685,2026/05/30 12:29:34.640,3,NVIDIA A100-SXM-64GB,173.71,48086,100
844,2026-05-30 12:29:39.651613,2026/05/30 12:29:39.704,0,NVIDIA A100-SXM-64GB,178.48,48104,99
845,2026-05-30 12:29:39.651613,2026/05/30 12:29:39.707,1,NVIDIA A100-SXM-64GB,173.99,48142,100
846,2026-05-30 12:29:39.651613,2026/05/30 12:29:39.709,2,NVIDIA A100-SXM-64GB,170.78,48112,100
847,2026-05-30 12:29:39.651613,2026/05/30 12:29:39.712,3,NVIDIA A100-SXM-64GB,128.30,48086,100
848,2026-05-30 12:29:44.735441,2026/05/30 12:29:44.783,0,NVIDIA A100-SXM-64GB,167.36,48104,100
849,2026-05-30 12:29:44.735441,2026/05/30 12:29:44.786,1,NVIDIA A100-SXM-64GB,166.34,48142,100
850,2026-05-30 12:29:44.735441,2026/05/30 12:29:44.788,2,NVIDIA A100-SXM-64GB,175.95,48112,100
851,2026-05-30 12:29:44.735441,2026/05/30 12:29:44.791,3,NVIDIA A100-SXM-64GB,174.17,48086,100
852,2026-05-30 12:29:49.813527,2026/05/30 12:29:49.857,0,NVIDIA A100-SXM-64GB,141.69,48104,100
853,2026-05-30 12:29:49.813527,2026/05/30 12:29:49.859,1,NVIDIA A100-SXM-64GB,152.68,48142,97
854,2026-05-30 12:29:49.813527,2026/05/30 12:29:49.864,2,NVIDIA A100-SXM-64GB,140.31,48112,100
855,2026-05-30 12:29:49.813527,2026/05/30 12:29:49.870,3,NVIDIA A100-SXM-64GB,143.82,48086,100
856,2026-05-30 12:29:54.884941,2026/05/30 12:29:54.932,0,NVIDIA A100-SXM-64GB,188.15,48104,99
857,2026-05-30 12:29:54.884941,2026/05/30 12:29:54.935,1,NVIDIA A100-SXM-64GB,180.43,48142,100
858,2026-05-30 12:29:54.884941,2026/05/30 12:29:54.938,2,NVIDIA A100-SXM-64GB,166.34,48112,100
859,2026-05-30 12:29:54.884941,2026/05/30 12:29:54.941,3,NVIDIA A100-SXM-64GB,180.01,48086,100
860,2026-05-30 12:29:59.964022,2026/05/30 12:30:00.008,0,NVIDIA A100-SXM-64GB,151.79,48104,100
861,2026-05-30 12:29:59.964022,2026/05/30 12:30:00.010,1,NVIDIA A100-SXM-64GB,140.73,48142,97
862,2026-05-30 12:29:59.964022,2026/05/30 12:30:00.013,2,NVIDIA A100-SXM-64GB,158.69,48112,97
863,2026-05-30 12:29:59.964022,2026/05/30 12:30:00.015,3,NVIDIA A100-SXM-64GB,139.85,48086,97
864,2026-05-30 12:30:05.026690,2026/05/30 12:30:05.074,0,NVIDIA A100-SXM-64GB,149.32,48104,98
865,2026-05-30 12:30:05.026690,2026/05/30 12:30:05.078,1,NVIDIA A100-SXM-64GB,149.33,48142,100
866,2026-05-30 12:30:05.026690,2026/05/30 12:30:05.080,2,NVIDIA A100-SXM-64GB,146.43,48112,98
867,2026-05-30 12:30:05.026690,2026/05/30 12:30:05.083,3,NVIDIA A100-SXM-64GB,137.37,48086,98
868,2026-05-30 12:30:10.104124,2026/05/30 12:30:10.149,0,NVIDIA A100-SXM-64GB,149.65,48104,97
869,2026-05-30 12:30:10.104124,2026/05/30 12:30:10.151,1,NVIDIA A100-SXM-64GB,137.37,48142,97
870,2026-05-30 12:30:10.104124,2026/05/30 12:30:10.154,2,NVIDIA A100-SXM-64GB,147.96,48112,98
871,2026-05-30 12:30:10.104124,2026/05/30 12:30:10.156,3,NVIDIA A100-SXM-64GB,135.36,48086,98
872,2026-05-30 12:30:15.168007,2026/05/30 12:30:15.223,0,NVIDIA A100-SXM-64GB,148.44,48104,98
873,2026-05-30 12:30:15.168007,2026/05/30 12:30:15.226,1,NVIDIA A100-SXM-64GB,148.57,48142,98
874,2026-05-30 12:30:15.168007,2026/05/30 12:30:15.228,2,NVIDIA A100-SXM-64GB,147.20,48112,100
875,2026-05-30 12:30:15.168007,2026/05/30 12:30:15.231,3,NVIDIA A100-SXM-64GB,142.00,48086,100
876,2026-05-30 12:30:20.242523,2026/05/30 12:30:20.286,0,NVIDIA A100-SXM-64GB,133.13,48104,98
877,2026-05-30 12:30:20.242523,2026/05/30 12:30:20.289,1,NVIDIA A100-SXM-64GB,145.49,48142,100
878,2026-05-30 12:30:20.242523,2026/05/30 12:30:20.291,2,NVIDIA A100-SXM-64GB,139.38,48112,97
879,2026-05-30 12:30:20.242523,2026/05/30 12:30:20.294,3,NVIDIA A100-SXM-64GB,233.14,48086,97
880,2026-05-30 12:30:25.305776,2026/05/30 12:30:25.350,0,NVIDIA A100-SXM-64GB,142.90,48104,98
881,2026-05-30 12:30:25.305776,2026/05/30 12:30:25.352,1,NVIDIA A100-SXM-64GB,147.63,48142,98
882,2026-05-30 12:30:25.305776,2026/05/30 12:30:25.355,2,NVIDIA A100-SXM-64GB,140.31,48112,100
883,2026-05-30 12:30:25.305776,2026/05/30 12:30:25.357,3,NVIDIA A100-SXM-64GB,139.85,48086,100
884,2026-05-30 12:30:30.370899,2026/05/30 12:30:30.415,0,NVIDIA A100-SXM-64GB,142.15,48104,98
885,2026-05-30 12:30:30.370899,2026/05/30 12:30:30.417,1,NVIDIA A100-SXM-64GB,141.52,48142,100
886,2026-05-30 12:30:30.370899,2026/05/30 12:30:30.420,2,NVIDIA A100-SXM-64GB,140.17,48112,97
887,2026-05-30 12:30:30.370899,2026/05/30 12:30:30.422,3,NVIDIA A100-SXM-64GB,137.37,48086,97
888,2026-05-30 12:30:35.434455,2026/05/30 12:30:35.487,0,NVIDIA A100-SXM-64GB,146.30,48104,98
889,2026-05-30 12:30:35.434455,2026/05/30 12:30:35.489,1,NVIDIA A100-SXM-64GB,148.57,48142,100
890,2026-05-30 12:30:35.434455,2026/05/30 12:30:35.495,2,NVIDIA A100-SXM-64GB,172.60,48112,100
891,2026-05-30 12:30:35.434455,2026/05/30 12:30:35.497,3,NVIDIA A100-SXM-64GB,145.03,48086,100
892,2026-05-30 12:30:40.513148,2026/05/30 12:30:40.557,0,NVIDIA A100-SXM-64GB,145.37,48104,97
893,2026-05-30 12:30:40.513148,2026/05/30 12:30:40.559,1,NVIDIA A100-SXM-64GB,138.77,48142,99
894,2026-05-30 12:30:40.513148,2026/05/30 12:30:40.562,2,NVIDIA A100-SXM-64GB,148.57,48112,97
895,2026-05-30 12:30:40.513148,2026/05/30 12:30:40.564,3,NVIDIA A100-SXM-64GB,146.57,48086,97
896,2026-05-30 12:30:45.575932,2026/05/30 12:30:45.624,0,NVIDIA A100-SXM-64GB,188.84,48104,100
897,2026-05-30 12:30:45.575932,2026/05/30 12:30:45.629,1,NVIDIA A100-SXM-64GB,176.46,48142,100
898,2026-05-30 12:30:45.575932,2026/05/30 12:30:45.632,2,NVIDIA A100-SXM-64GB,160.07,48112,100
899,2026-05-30 12:30:45.575932,2026/05/30 12:30:45.634,3,NVIDIA A100-SXM-64GB,161.60,48086,100
900,2026-05-30 12:30:50.645955,2026/05/30 12:30:50.694,0,NVIDIA A100-SXM-64GB,137.41,48104,100
901,2026-05-30 12:30:50.645955,2026/05/30 12:30:50.697,1,NVIDIA A100-SXM-64GB,148.45,48142,100
902,2026-05-30 12:30:50.645955,2026/05/30 12:30:50.701,2,NVIDIA A100-SXM-64GB,150.43,48112,100
903,2026-05-30 12:30:50.645955,2026/05/30 12:30:50.704,3,NVIDIA A100-SXM-64GB,164.97,48086,99
904,2026-05-30 12:30:55.728738,2026/05/30 12:30:55.772,0,NVIDIA A100-SXM-64GB,140.15,48104,100
905,2026-05-30 12:30:55.728738,2026/05/30 12:30:55.774,1,NVIDIA A100-SXM-64GB,141.85,48142,98
906,2026-05-30 12:30:55.728738,2026/05/30 12:30:55.777,2,NVIDIA A100-SXM-64GB,144.28,48112,100
907,2026-05-30 12:30:55.728738,2026/05/30 12:30:55.779,3,NVIDIA A100-SXM-64GB,144.42,48086,100
908,2026-05-30 12:31:00.790954,2026/05/30 12:31:00.835,0,NVIDIA A100-SXM-64GB,144.16,48104,97
909,2026-05-30 12:31:00.790954,2026/05/30 12:31:00.837,1,NVIDIA A100-SXM-64GB,151.65,48142,97
910,2026-05-30 12:31:00.790954,2026/05/30 12:31:00.840,2,NVIDIA A100-SXM-64GB,147.35,48112,97
911,2026-05-30 12:31:00.790954,2026/05/30 12:31:00.842,3,NVIDIA A100-SXM-64GB,141.34,48086,97
912,2026-05-30 12:31:05.853814,2026/05/30 12:31:05.902,0,NVIDIA A100-SXM-64GB,171.47,48104,100
913,2026-05-30 12:31:05.853814,2026/05/30 12:31:05.907,1,NVIDIA A100-SXM-64GB,195.25,48142,100
914,2026-05-30 12:31:05.853814,2026/05/30 12:31:05.910,2,NVIDIA A100-SXM-64GB,187.00,48112,100
915,2026-05-30 12:31:05.853814,2026/05/30 12:31:05.912,3,NVIDIA A100-SXM-64GB,167.45,48086,100
916,2026-05-30 12:31:10.936528,2026/05/30 12:31:10.980,0,NVIDIA A100-SXM-64GB,146.90,48104,97
917,2026-05-30 12:31:10.936528,2026/05/30 12:31:10.982,1,NVIDIA A100-SXM-64GB,149.33,48142,100
918,2026-05-30 12:31:10.936528,2026/05/30 12:31:10.986,2,NVIDIA A100-SXM-64GB,139.71,48112,98
919,2026-05-30 12:31:10.936528,2026/05/30 12:31:10.991,3,NVIDIA A100-SXM-64GB,140.13,48086,98
920,2026-05-30 12:31:16.002476,2026/05/30 12:31:16.056,0,NVIDIA A100-SXM-64GB,168.13,48104,100
921,2026-05-30 12:31:16.002476,2026/05/30 12:31:16.059,1,NVIDIA A100-SXM-64GB,186.87,48142,100
922,2026-05-30 12:31:16.002476,2026/05/30 12:31:16.061,2,NVIDIA A100-SXM-64GB,186.07,48112,100
923,2026-05-30 12:31:16.002476,2026/05/30 12:31:16.064,3,NVIDIA A100-SXM-64GB,171.74,48086,100
924,2026-05-30 12:31:21.082528,2026/05/30 12:31:21.126,0,NVIDIA A100-SXM-64GB,145.04,48104,100
925,2026-05-30 12:31:21.082528,2026/05/30 12:31:21.131,1,NVIDIA A100-SXM-64GB,152.26,48142,99
926,2026-05-30 12:31:21.082528,2026/05/30 12:31:21.134,2,NVIDIA A100-SXM-64GB,149.02,48112,97
927,2026-05-30 12:31:21.082528,2026/05/30 12:31:21.136,3,NVIDIA A100-SXM-64GB,127.97,48086,97
928,2026-05-30 12:31:26.147761,2026/05/30 12:31:26.206,0,NVIDIA A100-SXM-64GB,143.83,48104,100
929,2026-05-30 12:31:26.147761,2026/05/30 12:31:26.212,1,NVIDIA A100-SXM-64GB,148.57,48142,100
930,2026-05-30 12:31:26.147761,2026/05/30 12:31:26.214,2,NVIDIA A100-SXM-64GB,150.56,48112,100
931,2026-05-30 12:31:26.147761,2026/05/30 12:31:26.217,3,NVIDIA A100-SXM-64GB,142.27,48086,100
932,2026-05-30 12:31:31.236508,2026/05/30 12:31:31.295,0,NVIDIA A100-SXM-64GB,144.77,48124,97
933,2026-05-30 12:31:31.236508,2026/05/30 12:31:31.298,1,NVIDIA A100-SXM-64GB,150.43,48142,98
934,2026-05-30 12:31:31.236508,2026/05/30 12:31:31.300,2,NVIDIA A100-SXM-64GB,150.11,48112,97
935,2026-05-30 12:31:31.236508,2026/05/30 12:31:31.303,3,NVIDIA A100-SXM-64GB,139.52,48086,97
936,2026-05-30 12:31:36.316591,2026/05/30 12:31:36.361,0,NVIDIA A100-SXM-64GB,168.40,48124,100
937,2026-05-30 12:31:36.316591,2026/05/30 12:31:36.364,1,NVIDIA A100-SXM-64GB,186.26,48142,100
938,2026-05-30 12:31:36.316591,2026/05/30 12:31:36.366,2,NVIDIA A100-SXM-64GB,177.07,48112,100
939,2026-05-30 12:31:36.316591,2026/05/30 12:31:36.369,3,NVIDIA A100-SXM-64GB,167.72,48086,100
940,2026-05-30 12:31:41.384658,2026/05/30 12:31:41.428,0,NVIDIA A100-SXM-64GB,144.43,48124,97
941,2026-05-30 12:31:41.384658,2026/05/30 12:31:41.430,1,NVIDIA A100-SXM-64GB,149.66,48142,100
942,2026-05-30 12:31:41.384658,2026/05/30 12:31:41.433,2,NVIDIA A100-SXM-64GB,149.78,48112,97
943,2026-05-30 12:31:41.384658,2026/05/30 12:31:41.435,3,NVIDIA A100-SXM-64GB,144.42,48086,97
944,2026-05-30 12:31:46.447209,2026/05/30 12:31:46.495,0,NVIDIA A100-SXM-64GB,167.36,48124,100
945,2026-05-30 12:31:46.447209,2026/05/30 12:31:46.498,1,NVIDIA A100-SXM-64GB,181.64,48142,100
946,2026-05-30 12:31:46.447209,2026/05/30 12:31:46.502,2,NVIDIA A100-SXM-64GB,165.13,48112,100
947,2026-05-30 12:31:46.447209,2026/05/30 12:31:46.508,3,NVIDIA A100-SXM-64GB,183.09,48086,100
948,2026-05-30 12:31:51.519806,2026/05/30 12:31:51.564,0,NVIDIA A100-SXM-64GB,149.97,48124,100
949,2026-05-30 12:31:51.519806,2026/05/30 12:31:51.566,1,NVIDIA A100-SXM-64GB,153.19,48142,100
950,2026-05-30 12:31:51.519806,2026/05/30 12:31:51.569,2,NVIDIA A100-SXM-64GB,168.32,48112,100
951,2026-05-30 12:31:51.519806,2026/05/30 12:31:51.574,3,NVIDIA A100-SXM-64GB,134.95,48086,100
952,2026-05-30 12:31:56.586076,2026/05/30 12:31:56.633,0,NVIDIA A100-SXM-64GB,163.69,48124,100
953,2026-05-30 12:31:56.586076,2026/05/30 12:31:56.640,1,NVIDIA A100-SXM-64GB,175.86,48142,100
954,2026-05-30 12:31:56.586076,2026/05/30 12:31:56.645,2,NVIDIA A100-SXM-64GB,179.03,48112,100
955,2026-05-30 12:31:56.586076,2026/05/30 12:31:56.663,3,NVIDIA A100-SXM-64GB,173.89,48086,100
956,2026-05-30 12:32:01.675585,2026/05/30 12:32:01.719,0,NVIDIA A100-SXM-64GB,150.10,48124,99
957,2026-05-30 12:32:01.675585,2026/05/30 12:32:01.724,1,NVIDIA A100-SXM-64GB,154.68,48142,97
958,2026-05-30 12:32:01.675585,2026/05/30 12:32:01.727,2,NVIDIA A100-SXM-64GB,144.73,48112,100
959,2026-05-30 12:32:01.675585,2026/05/30 12:32:01.731,3,NVIDIA A100-SXM-64GB,136.16,48086,100
960,2026-05-30 12:32:06.743673,2026/05/30 12:32:06.791,0,NVIDIA A100-SXM-64GB,158.65,48124,100
961,2026-05-30 12:32:06.743673,2026/05/30 12:32:06.794,1,NVIDIA A100-SXM-64GB,163.26,48142,100
962,2026-05-30 12:32:06.743673,2026/05/30 12:32:06.796,2,NVIDIA A100-SXM-64GB,187.61,48112,100
963,2026-05-30 12:32:06.743673,2026/05/30 12:32:06.799,3,NVIDIA A100-SXM-64GB,156.38,48086,100
964,2026-05-30 12:32:11.811032,2026/05/30 12:32:11.870,0,NVIDIA A100-SXM-64GB,162.59,48124,100
965,2026-05-30 12:32:11.811032,2026/05/30 12:32:11.873,1,NVIDIA A100-SXM-64GB,167.88,48142,100
966,2026-05-30 12:32:11.811032,2026/05/30 12:32:11.876,2,NVIDIA A100-SXM-64GB,167.38,48112,100
967,2026-05-30 12:32:11.811032,2026/05/30 12:32:11.879,3,NVIDIA A100-SXM-64GB,162.05,48086,100
968,2026-05-30 12:32:16.902893,2026/05/30 12:32:16.949,0,NVIDIA A100-SXM-64GB,164.02,48124,100
969,2026-05-30 12:32:16.902893,2026/05/30 12:32:16.953,1,NVIDIA A100-SXM-64GB,168.82,48142,100
970,2026-05-30 12:32:16.902893,2026/05/30 12:32:16.958,2,NVIDIA A100-SXM-64GB,171.24,48112,100
971,2026-05-30 12:32:16.902893,2026/05/30 12:32:16.961,3,NVIDIA A100-SXM-64GB,140.73,48086,100
972,2026-05-30 12:32:21.972529,2026/05/30 12:32:22.020,0,NVIDIA A100-SXM-64GB,175.14,48124,100
973,2026-05-30 12:32:21.972529,2026/05/30 12:32:22.023,1,NVIDIA A100-SXM-64GB,176.56,48142,100
974,2026-05-30 12:32:21.972529,2026/05/30 12:32:22.026,2,NVIDIA A100-SXM-64GB,161.27,48112,100
975,2026-05-30 12:32:21.972529,2026/05/30 12:32:22.029,3,NVIDIA A100-SXM-64GB,174.32,48086,100
976,2026-05-30 12:32:27.053841,2026/05/30 12:32:27.098,0,NVIDIA A100-SXM-64GB,177.28,48124,100
977,2026-05-30 12:32:27.053841,2026/05/30 12:32:27.100,1,NVIDIA A100-SXM-64GB,167.28,48142,100
978,2026-05-30 12:32:27.053841,2026/05/30 12:32:27.103,2,NVIDIA A100-SXM-64GB,184.53,48112,100
979,2026-05-30 12:32:27.053841,2026/05/30 12:32:27.109,3,NVIDIA A100-SXM-64GB,124.48,48086,100
980,2026-05-30 12:32:32.120614,2026/05/30 12:32:32.179,0,NVIDIA A100-SXM-64GB,161.99,48124,100
981,2026-05-30 12:32:32.120614,2026/05/30 12:32:32.182,1,NVIDIA A100-SXM-64GB,176.89,48142,100
982,2026-05-30 12:32:32.120614,2026/05/30 12:32:32.184,2,NVIDIA A100-SXM-64GB,180.24,48112,100
983,2026-05-30 12:32:32.120614,2026/05/30 12:32:32.189,3,NVIDIA A100-SXM-64GB,164.97,48086,100
984,2026-05-30 12:32:37.201488,2026/05/30 12:32:37.249,0,NVIDIA A100-SXM-64GB,147.02,48124,100
985,2026-05-30 12:32:37.201488,2026/05/30 12:32:37.274,1,NVIDIA A100-SXM-64GB,141.52,48142,98
986,2026-05-30 12:32:37.201488,2026/05/30 12:32:37.277,2,NVIDIA A100-SXM-64GB,144.28,48112,100
987,2026-05-30 12:32:37.201488,2026/05/30 12:32:37.279,3,NVIDIA A100-SXM-64GB,130.32,48086,100
988,2026-05-30 12:32:42.291604,2026/05/30 12:32:42.339,0,NVIDIA A100-SXM-64GB,176.35,48124,100
989,2026-05-30 12:32:42.291604,2026/05/30 12:32:42.342,1,NVIDIA A100-SXM-64GB,168.15,48142,100
990,2026-05-30 12:32:42.291604,2026/05/30 12:32:42.346,2,NVIDIA A100-SXM-64GB,161.27,48112,100
991,2026-05-30 12:32:42.291604,2026/05/30 12:32:42.349,3,NVIDIA A100-SXM-64GB,174.59,48086,100
992,2026-05-30 12:32:47.361592,2026/05/30 12:32:47.414,0,NVIDIA A100-SXM-64GB,171.74,48124,100
993,2026-05-30 12:32:47.361592,2026/05/30 12:32:47.418,1,NVIDIA A100-SXM-64GB,185.13,48142,100
994,2026-05-30 12:32:47.361592,2026/05/30 12:32:47.422,2,NVIDIA A100-SXM-64GB,164.36,48112,100
995,2026-05-30 12:32:47.361592,2026/05/30 12:32:47.424,3,NVIDIA A100-SXM-64GB,180.15,48086,100
996,2026-05-30 12:32:52.438412,2026/05/30 12:32:52.483,0,NVIDIA A100-SXM-64GB,141.42,48124,100
997,2026-05-30 12:32:52.438412,2026/05/30 12:32:52.486,1,NVIDIA A100-SXM-64GB,143.67,48142,97
998,2026-05-30 12:32:52.438412,2026/05/30 12:32:52.489,2,NVIDIA A100-SXM-64GB,144.88,48112,100
999,2026-05-30 12:32:52.438412,2026/05/30 12:32:52.492,3,NVIDIA A100-SXM-64GB,145.64,48086,100
1000,2026-05-30 12:32:57.509954,2026/05/30 12:32:57.557,0,NVIDIA A100-SXM-64GB,161.55,48124,100
1001,2026-05-30 12:32:57.509954,2026/05/30 12:32:57.560,1,NVIDIA A100-SXM-64GB,177.40,48142,100
1002,2026-05-30 12:32:57.509954,2026/05/30 12:32:57.562,2,NVIDIA A100-SXM-64GB,183.51,48112,100
1003,2026-05-30 12:32:57.509954,2026/05/30 12:32:57.565,3,NVIDIA A100-SXM-64GB,174.17,48086,100
1004,2026-05-30 12:33:02.601207,2026/05/30 12:33:02.645,0,NVIDIA A100-SXM-64GB,161.28,48124,100
1005,2026-05-30 12:33:02.601207,2026/05/30 12:33:02.647,1,NVIDIA A100-SXM-64GB,174.92,48142,100
1006,2026-05-30 12:33:02.601207,2026/05/30 12:33:02.651,2,NVIDIA A100-SXM-64GB,163.59,48112,100
1007,2026-05-30 12:33:02.601207,2026/05/30 12:33:02.653,3,NVIDIA A100-SXM-64GB,165.30,48106,100
1008,2026-05-30 12:33:07.665460,2026/05/30 12:33:07.714,0,NVIDIA A100-SXM-64GB,148.72,48124,98
1009,2026-05-30 12:33:07.665460,2026/05/30 12:33:07.716,1,NVIDIA A100-SXM-64GB,151.80,48142,98
1010,2026-05-30 12:33:07.665460,2026/05/30 12:33:07.719,2,NVIDIA A100-SXM-64GB,145.49,48112,100
1011,2026-05-30 12:33:07.665460,2026/05/30 12:33:07.721,3,NVIDIA A100-SXM-64GB,145.03,48106,100
1012,2026-05-30 12:33:12.750882,2026/05/30 12:33:12.798,0,NVIDIA A100-SXM-64GB,147.51,48124,98
1013,2026-05-30 12:33:12.750882,2026/05/30 12:33:12.803,1,NVIDIA A100-SXM-64GB,152.26,48142,98
1014,2026-05-30 12:33:12.750882,2026/05/30 12:33:12.806,2,NVIDIA A100-SXM-64GB,152.86,48112,98
1015,2026-05-30 12:33:12.750882,2026/05/30 12:33:12.824,3,NVIDIA A100-SXM-64GB,142.27,48106,98
1016,2026-05-30 12:33:17.839533,2026/05/30 12:33:17.887,0,NVIDIA A100-SXM-64GB,170.11,48124,100
1017,2026-05-30 12:33:17.839533,2026/05/30 12:33:17.890,1,NVIDIA A100-SXM-64GB,162.65,48142,100
1018,2026-05-30 12:33:17.839533,2026/05/30 12:33:17.892,2,NVIDIA A100-SXM-64GB,158.36,48112,100
1019,2026-05-30 12:33:17.839533,2026/05/30 12:33:17.895,3,NVIDIA A100-SXM-64GB,143.03,48106,100
1020,2026-05-30 12:33:22.907858,2026/05/30 12:33:22.955,0,NVIDIA A100-SXM-64GB,181.41,48124,100
1021,2026-05-30 12:33:22.907858,2026/05/30 12:33:22.958,1,NVIDIA A100-SXM-64GB,186.26,48142,100
1022,2026-05-30 12:33:22.907858,2026/05/30 12:33:22.961,2,NVIDIA A100-SXM-64GB,181.36,48112,100
1023,2026-05-30 12:33:22.907858,2026/05/30 12:33:22.963,3,NVIDIA A100-SXM-64GB,161.60,48106,100
1024,2026-05-30 12:33:27.987189,2026/05/30 12:33:28.035,0,NVIDIA A100-SXM-64GB,160.02,48124,100
1025,2026-05-30 12:33:27.987189,2026/05/30 12:33:28.037,1,NVIDIA A100-SXM-64GB,181.36,48142,100
1026,2026-05-30 12:33:27.987189,2026/05/30 12:33:28.043,2,NVIDIA A100-SXM-64GB,150.11,48112,100
1027,2026-05-30 12:33:27.987189,2026/05/30 12:33:28.046,3,NVIDIA A100-SXM-64GB,169.26,48106,100
1028,2026-05-30 12:33:33.072664,2026/05/30 12:33:33.117,0,NVIDIA A100-SXM-64GB,163.41,48124,100
1029,2026-05-30 12:33:33.072664,2026/05/30 12:33:33.119,1,NVIDIA A100-SXM-64GB,159.30,48142,100
1030,2026-05-30 12:33:33.072664,2026/05/30 12:33:33.125,2,NVIDIA A100-SXM-64GB,181.18,48112,100
1031,2026-05-30 12:33:33.072664,2026/05/30 12:33:33.128,3,NVIDIA A100-SXM-64GB,148.72,48106,100
1032,2026-05-30 12:33:38.143663,2026/05/30 12:33:38.188,0,NVIDIA A100-SXM-64GB,156.34,48124,100
1033,2026-05-30 12:33:38.143663,2026/05/30 12:33:38.191,1,NVIDIA A100-SXM-64GB,157.65,48142,100
1034,2026-05-30 12:33:38.143663,2026/05/30 12:33:38.194,2,NVIDIA A100-SXM-64GB,150.11,48112,100
1035,2026-05-30 12:33:38.143663,2026/05/30 12:33:38.196,3,NVIDIA A100-SXM-64GB,162.21,48106,100
1036,2026-05-30 12:33:43.208967,2026/05/30 12:33:43.253,0,NVIDIA A100-SXM-64GB,144.16,48124,98
1037,2026-05-30 12:33:43.208967,2026/05/30 12:33:43.255,1,NVIDIA A100-SXM-64GB,154.55,48142,98
1038,2026-05-30 12:33:43.208967,2026/05/30 12:33:43.260,2,NVIDIA A100-SXM-64GB,144.60,48112,98
1039,2026-05-30 12:33:43.208967,2026/05/30 12:33:43.262,3,NVIDIA A100-SXM-64GB,142.14,48106,98
1040,2026-05-30 12:33:48.274812,2026/05/30 12:33:48.318,0,NVIDIA A100-SXM-64GB,180.21,48124,100
1041,2026-05-30 12:33:48.274812,2026/05/30 12:33:48.321,1,NVIDIA A100-SXM-64GB,176.46,48142,100
1042,2026-05-30 12:33:48.274812,2026/05/30 12:33:48.325,2,NVIDIA A100-SXM-64GB,151.32,48112,100
1043,2026-05-30 12:33:48.274812,2026/05/30 12:33:48.328,3,NVIDIA A100-SXM-64GB,143.97,48106,100
1044,2026-05-30 12:33:53.365813,2026/05/30 12:33:53.413,0,NVIDIA A100-SXM-64GB,136.02,48124,100
1045,2026-05-30 12:33:53.365813,2026/05/30 12:33:53.419,1,NVIDIA A100-SXM-64GB,152.08,48142,100
1046,2026-05-30 12:33:53.365813,2026/05/30 12:33:53.421,2,NVIDIA A100-SXM-64GB,149.78,48112,100
1047,2026-05-30 12:33:53.365813,2026/05/30 12:33:53.424,3,NVIDIA A100-SXM-64GB,136.90,48106,100
1048,2026-05-30 12:33:58.448957,2026/05/30 12:33:58.498,0,NVIDIA A100-SXM-64GB,166.16,48124,100
1049,2026-05-30 12:33:58.448957,2026/05/30 12:33:58.503,1,NVIDIA A100-SXM-64GB,179.21,48142,100
1050,2026-05-30 12:33:58.448957,2026/05/30 12:33:58.506,2,NVIDIA A100-SXM-64GB,162.99,48112,100
1051,2026-05-30 12:33:58.448957,2026/05/30 12:33:58.508,3,NVIDIA A100-SXM-64GB,156.38,48106,100
1052,2026-05-30 12:34:03.533999,2026/05/30 12:34:03.581,0,NVIDIA A100-SXM-64GB,189.17,48124,100
1053,2026-05-30 12:34:03.533999,2026/05/30 12:34:03.584,1,NVIDIA A100-SXM-64GB,174.59,48142,100
1054,2026-05-30 12:34:03.533999,2026/05/30 12:34:03.586,2,NVIDIA A100-SXM-64GB,186.26,48112,100
1055,2026-05-30 12:34:03.533999,2026/05/30 12:34:03.588,3,NVIDIA A100-SXM-64GB,178.79,48106,100
1056,2026-05-30 12:34:08.617330,2026/05/30 12:34:08.665,0,NVIDIA A100-SXM-64GB,180.02,48124,100
1057,2026-05-30 12:34:08.617330,2026/05/30 12:34:08.668,1,NVIDIA A100-SXM-64GB,161.44,48142,100
1058,2026-05-30 12:34:08.617330,2026/05/30 12:34:08.670,2,NVIDIA A100-SXM-64GB,150.43,48112,100
1059,2026-05-30 12:34:08.617330,2026/05/30 12:34:08.673,3,NVIDIA A100-SXM-64GB,165.91,48106,100
1060,2026-05-30 12:34:13.696066,2026/05/30 12:34:13.743,0,NVIDIA A100-SXM-64GB,174.54,48124,100
1061,2026-05-30 12:34:13.696066,2026/05/30 12:34:13.746,1,NVIDIA A100-SXM-64GB,169.42,48142,100
1062,2026-05-30 12:34:13.696066,2026/05/30 12:34:13.750,2,NVIDIA A100-SXM-64GB,179.03,48112,100
1063,2026-05-30 12:34:13.696066,2026/05/30 12:34:13.758,3,NVIDIA A100-SXM-64GB,180.01,48106,100
1064,2026-05-30 12:34:18.770959,2026/05/30 12:34:18.824,0,NVIDIA A100-SXM-64GB,148.72,48124,100
1065,2026-05-30 12:34:18.770959,2026/05/30 12:34:18.827,1,NVIDIA A100-SXM-64GB,164.19,48142,100
1066,2026-05-30 12:34:18.770959,2026/05/30 12:34:18.829,2,NVIDIA A100-SXM-64GB,159.63,48112,100
1067,2026-05-30 12:34:18.770959,2026/05/30 12:34:18.835,3,NVIDIA A100-SXM-64GB,143.48,48106,100
1068,2026-05-30 12:34:23.860118,2026/05/30 12:34:23.908,0,NVIDIA A100-SXM-64GB,172.07,48124,100
1069,2026-05-30 12:34:23.860118,2026/05/30 12:34:23.911,1,NVIDIA A100-SXM-64GB,189.75,48142,100
1070,2026-05-30 12:34:23.860118,2026/05/30 12:34:23.913,2,NVIDIA A100-SXM-64GB,170.13,48112,100
1071,2026-05-30 12:34:23.860118,2026/05/30 12:34:23.916,3,NVIDIA A100-SXM-64GB,169.09,48106,100
1072,2026-05-30 12:34:28.928236,2026/05/30 12:34:28.972,0,NVIDIA A100-SXM-64GB,149.04,48124,100
1073,2026-05-30 12:34:28.928236,2026/05/30 12:34:28.974,1,NVIDIA A100-SXM-64GB,173.21,48142,100
1074,2026-05-30 12:34:28.928236,2026/05/30 12:34:28.977,2,NVIDIA A100-SXM-64GB,158.53,48112,100
1075,2026-05-30 12:34:28.928236,2026/05/30 12:34:28.979,3,NVIDIA A100-SXM-64GB,142.00,48106,100
1076,2026-05-30 12:34:33.991527,2026/05/30 12:34:34.035,0,NVIDIA A100-SXM-64GB,164.62,48124,100
1077,2026-05-30 12:34:33.991527,2026/05/30 12:34:34.037,1,NVIDIA A100-SXM-64GB,179.49,48142,100
1078,2026-05-30 12:34:33.991527,2026/05/30 12:34:34.043,2,NVIDIA A100-SXM-64GB,181.78,48112,100
1079,2026-05-30 12:34:33.991527,2026/05/30 12:34:34.046,3,NVIDIA A100-SXM-64GB,164.97,48106,100
1080,2026-05-30 12:34:39.059780,2026/05/30 12:34:39.103,0,NVIDIA A100-SXM-64GB,170.87,48124,100
1081,2026-05-30 12:34:39.059780,2026/05/30 12:34:39.109,1,NVIDIA A100-SXM-64GB,152.53,48142,100
1082,2026-05-30 12:34:39.059780,2026/05/30 12:34:39.111,2,NVIDIA A100-SXM-64GB,164.63,48112,100
1083,2026-05-30 12:34:39.059780,2026/05/30 12:34:39.113,3,NVIDIA A100-SXM-64GB,147.18,48106,100
1084,2026-05-30 12:34:44.127099,2026/05/30 12:34:44.170,0,NVIDIA A100-SXM-64GB,156.51,48124,100
1085,2026-05-30 12:34:44.127099,2026/05/30 12:34:44.172,1,NVIDIA A100-SXM-64GB,171.57,48142,100
1086,2026-05-30 12:34:44.127099,2026/05/30 12:34:44.175,2,NVIDIA A100-SXM-64GB,185.46,48112,100
1087,2026-05-30 12:34:44.127099,2026/05/30 12:34:44.177,3,NVIDIA A100-SXM-64GB,164.19,48106,100
1088,2026-05-30 12:34:49.190205,2026/05/30 12:34:49.237,0,NVIDIA A100-SXM-64GB,150.85,48124,100
1089,2026-05-30 12:34:49.190205,2026/05/30 12:34:49.240,1,NVIDIA A100-SXM-64GB,153.79,48142,100
1090,2026-05-30 12:34:49.190205,2026/05/30 12:34:49.244,2,NVIDIA A100-SXM-64GB,150.89,48112,100
1091,2026-05-30 12:34:49.190205,2026/05/30 12:34:49.247,3,NVIDIA A100-SXM-64GB,156.71,48106,100
1092,2026-05-30 12:34:54.272213,2026/05/30 12:34:54.341,0,NVIDIA A100-SXM-64GB,180.02,48124,100
1093,2026-05-30 12:34:54.272213,2026/05/30 12:34:54.345,1,NVIDIA A100-SXM-64GB,142.46,48142,100
1094,2026-05-30 12:34:54.272213,2026/05/30 12:34:54.348,2,NVIDIA A100-SXM-64GB,150.43,48112,100
1095,2026-05-30 12:34:54.272213,2026/05/30 12:34:54.350,3,NVIDIA A100-SXM-64GB,177.40,48106,100
1096,2026-05-30 12:34:59.389305,2026/05/30 12:34:59.437,0,NVIDIA A100-SXM-64GB,166.76,48124,100
1097,2026-05-30 12:34:59.389305,2026/05/30 12:34:59.441,1,NVIDIA A100-SXM-64GB,170.63,48142,100
1098,2026-05-30 12:34:59.389305,2026/05/30 12:34:59.445,2,NVIDIA A100-SXM-64GB,178.43,48112,100
1099,2026-05-30 12:34:59.389305,2026/05/30 12:34:59.448,3,NVIDIA A100-SXM-64GB,149.93,48106,100
1100,2026-05-30 12:35:04.473205,2026/05/30 12:35:04.520,0,NVIDIA A100-SXM-64GB,193.72,48124,100
1101,2026-05-30 12:35:04.473205,2026/05/30 12:35:04.523,1,NVIDIA A100-SXM-64GB,193.30,48142,100
1102,2026-05-30 12:35:04.473205,2026/05/30 12:35:04.527,2,NVIDIA A100-SXM-64GB,185.13,48112,100
1103,2026-05-30 12:35:04.473205,2026/05/30 12:35:04.529,3,NVIDIA A100-SXM-64GB,170.48,48106,100
1104,2026-05-30 12:35:09.558507,2026/05/30 12:35:09.607,0,NVIDIA A100-SXM-64GB,153.00,48124,100
1105,2026-05-30 12:35:09.558507,2026/05/30 12:35:09.610,1,NVIDIA A100-SXM-64GB,152.26,48142,100
1106,2026-05-30 12:35:09.558507,2026/05/30 12:35:09.612,2,NVIDIA A100-SXM-64GB,162.48,48112,100
1107,2026-05-30 12:35:09.558507,2026/05/30 12:35:09.618,3,NVIDIA A100-SXM-64GB,150.87,48106,100
1108,2026-05-30 12:35:14.643477,2026/05/30 12:35:14.686,0,NVIDIA A100-SXM-64GB,142.90,48124,98
1109,2026-05-30 12:35:14.643477,2026/05/30 12:35:14.688,1,NVIDIA A100-SXM-64GB,152.68,48142,98
1110,2026-05-30 12:35:14.643477,2026/05/30 12:35:14.691,2,NVIDIA A100-SXM-64GB,148.29,48112,100
1111,2026-05-30 12:35:14.643477,2026/05/30 12:35:14.694,3,NVIDIA A100-SXM-64GB,133.21,48106,100
1112,2026-05-30 12:35:19.706770,2026/05/30 12:35:19.754,0,NVIDIA A100-SXM-64GB,155.13,48124,100
1113,2026-05-30 12:35:19.706770,2026/05/30 12:35:19.757,1,NVIDIA A100-SXM-64GB,156.38,48142,100
1114,2026-05-30 12:35:19.706770,2026/05/30 12:35:19.759,2,NVIDIA A100-SXM-64GB,174.92,48112,100
1115,2026-05-30 12:35:19.706770,2026/05/30 12:35:19.761,3,NVIDIA A100-SXM-64GB,161.17,48106,100
1116,2026-05-30 12:35:24.784297,2026/05/30 12:35:24.828,0,NVIDIA A100-SXM-64GB,151.46,48124,98
1117,2026-05-30 12:35:24.784297,2026/05/30 12:35:24.830,1,NVIDIA A100-SXM-64GB,146.29,48142,98
1118,2026-05-30 12:35:24.784297,2026/05/30 12:35:24.834,2,NVIDIA A100-SXM-64GB,143.67,48112,98
1119,2026-05-30 12:35:24.784297,2026/05/30 12:35:24.837,3,NVIDIA A100-SXM-64GB,141.49,48106,98
1120,2026-05-30 12:35:29.849435,2026/05/30 12:35:29.898,0,NVIDIA A100-SXM-64GB,160.62,48124,100
1121,2026-05-30 12:35:29.849435,2026/05/30 12:35:29.901,1,NVIDIA A100-SXM-64GB,158.85,48142,100
1122,2026-05-30 12:35:29.849435,2026/05/30 12:35:29.903,2,NVIDIA A100-SXM-64GB,170.63,48112,100
1123,2026-05-30 12:35:29.849435,2026/05/30 12:35:29.906,3,NVIDIA A100-SXM-64GB,179.07,48106,100
1124,2026-05-30 12:35:34.933240,2026/05/30 12:35:34.980,0,NVIDIA A100-SXM-64GB,152.06,48124,98
1125,2026-05-30 12:35:34.933240,2026/05/30 12:35:34.983,1,NVIDIA A100-SXM-64GB,153.34,48142,98
1126,2026-05-30 12:35:34.933240,2026/05/30 12:35:34.985,2,NVIDIA A100-SXM-64GB,149.78,48112,98
1127,2026-05-30 12:35:34.933240,2026/05/30 12:35:34.988,3,NVIDIA A100-SXM-64GB,144.90,48106,98
1128,2026-05-30 12:35:40.028611,2026/05/30 12:35:40.077,0,NVIDIA A100-SXM-64GB,157.27,48124,100
1129,2026-05-30 12:35:40.028611,2026/05/30 12:35:40.079,1,NVIDIA A100-SXM-64GB,162.99,48142,100
1130,2026-05-30 12:35:40.028611,2026/05/30 12:35:40.082,2,NVIDIA A100-SXM-64GB,163.26,48112,100
1131,2026-05-30 12:35:40.028611,2026/05/30 12:35:40.084,3,NVIDIA A100-SXM-64GB,157.92,48106,100
1132,2026-05-30 12:35:45.097216,2026/05/30 12:35:45.136,0,NVIDIA A100-SXM-64GB,88.35,48124,4
1133,2026-05-30 12:35:45.097216,2026/05/30 12:35:45.139,1,NVIDIA A100-SXM-64GB,87.45,48142,4
1134,2026-05-30 12:35:45.097216,2026/05/30 12:35:45.141,2,NVIDIA A100-SXM-64GB,88.90,48112,10
1135,2026-05-30 12:35:45.097216,2026/05/30 12:35:45.144,3,NVIDIA A100-SXM-64GB,83.90,48106,10
1136,2026-05-30 12:35:50.156585,2026/05/30 12:35:50.202,0,NVIDIA A100-SXM-64GB,145.37,48124,98
1137,2026-05-30 12:35:50.156585,2026/05/30 12:35:50.204,1,NVIDIA A100-SXM-64GB,153.47,48142,98
1138,2026-05-30 12:35:50.156585,2026/05/30 12:35:50.207,2,NVIDIA A100-SXM-64GB,142.46,48112,98
1139,2026-05-30 12:35:50.156585,2026/05/30 12:35:50.210,3,NVIDIA A100-SXM-64GB,141.67,48106,98
1140,2026-05-30 12:35:55.224358,2026/05/30 12:35:55.279,0,NVIDIA A100-SXM-64GB,181.55,48124,100
1141,2026-05-30 12:35:55.224358,2026/05/30 12:35:55.281,1,NVIDIA A100-SXM-64GB,176.74,48142,100
1142,2026-05-30 12:35:55.224358,2026/05/30 12:35:55.285,2,NVIDIA A100-SXM-64GB,160.95,48112,100
1143,2026-05-30 12:35:55.224358,2026/05/30 12:35:55.288,3,NVIDIA A100-SXM-64GB,136.16,48106,100
1144,2026-05-30 12:36:00.311592,2026/05/30 12:36:00.369,0,NVIDIA A100-SXM-64GB,136.81,48124,100
1145,2026-05-30 12:36:00.311592,2026/05/30 12:36:00.374,1,NVIDIA A100-SXM-64GB,207.39,48142,100
1146,2026-05-30 12:36:00.311592,2026/05/30 12:36:00.376,2,NVIDIA A100-SXM-64GB,135.08,48112,100
1147,2026-05-30 12:36:00.311592,2026/05/30 12:36:00.379,3,NVIDIA A100-SXM-64GB,166.18,48106,100
1148,2026-05-30 12:36:05.391335,2026/05/30 12:36:05.439,0,NVIDIA A100-SXM-64GB,168.40,48124,100
1149,2026-05-30 12:36:05.391335,2026/05/30 12:36:05.442,1,NVIDIA A100-SXM-64GB,175.86,48142,100
1150,2026-05-30 12:36:05.391335,2026/05/30 12:36:05.444,2,NVIDIA A100-SXM-64GB,162.21,48112,100
1151,2026-05-30 12:36:05.391335,2026/05/30 12:36:05.447,3,NVIDIA A100-SXM-64GB,166.18,48106,100
1152,2026-05-30 12:36:10.475504,2026/05/30 12:36:10.532,0,NVIDIA A100-SXM-64GB,177.55,48124,98
1153,2026-05-30 12:36:10.475504,2026/05/30 12:36:10.534,1,NVIDIA A100-SXM-64GB,163.26,48142,98
1154,2026-05-30 12:36:10.475504,2026/05/30 12:36:10.537,2,NVIDIA A100-SXM-64GB,174.14,48112,98
1155,2026-05-30 12:36:10.475504,2026/05/30 12:36:10.540,3,NVIDIA A100-SXM-64GB,142.88,48106,98
1156,2026-05-30 12:36:15.552409,2026/05/30 12:36:15.601,0,NVIDIA A100-SXM-64GB,174.54,48124,100
1157,2026-05-30 12:36:15.552409,2026/05/30 12:36:15.604,1,NVIDIA A100-SXM-64GB,173.38,48142,100
1158,2026-05-30 12:36:15.552409,2026/05/30 12:36:15.606,2,NVIDIA A100-SXM-64GB,164.63,48112,100
1159,2026-05-30 12:36:15.552409,2026/05/30 12:36:15.609,3,NVIDIA A100-SXM-64GB,155.17,48106,100
1160,2026-05-30 12:36:20.632489,2026/05/30 12:36:20.676,0,NVIDIA A100-SXM-64GB,141.09,48124,98
1161,2026-05-30 12:36:20.632489,2026/05/30 12:36:20.681,1,NVIDIA A100-SXM-64GB,143.34,48142,98
1162,2026-05-30 12:36:20.632489,2026/05/30 12:36:20.683,2,NVIDIA A100-SXM-64GB,145.49,48112,98
1163,2026-05-30 12:36:20.632489,2026/05/30 12:36:20.686,3,NVIDIA A100-SXM-64GB,137.37,48106,98
1164,2026-05-30 12:36:25.698988,2026/05/30 12:36:25.746,0,NVIDIA A100-SXM-64GB,168.73,48124,100
1165,2026-05-30 12:36:25.698988,2026/05/30 12:36:25.749,1,NVIDIA A100-SXM-64GB,167.55,48142,100
1166,2026-05-30 12:36:25.698988,2026/05/30 12:36:25.751,2,NVIDIA A100-SXM-64GB,171.39,48112,100
1167,2026-05-30 12:36:25.698988,2026/05/30 12:36:25.754,3,NVIDIA A100-SXM-64GB,155.01,48106,100
1168,2026-05-30 12:36:30.776633,2026/05/30 12:36:30.821,0,NVIDIA A100-SXM-64GB,135.14,48124,100
1169,2026-05-30 12:36:30.776633,2026/05/30 12:36:30.824,1,NVIDIA A100-SXM-64GB,214.59,48142,100
1170,2026-05-30 12:36:30.776633,2026/05/30 12:36:30.826,2,NVIDIA A100-SXM-64GB,135.69,48112,100
1171,2026-05-30 12:36:30.776633,2026/05/30 12:36:30.829,3,NVIDIA A100-SXM-64GB,188.08,48106,100
1172,2026-05-30 12:36:35.841484,2026/05/30 12:36:35.894,0,NVIDIA A100-SXM-64GB,177.28,48124,100
1173,2026-05-30 12:36:35.841484,2026/05/30 12:36:35.896,1,NVIDIA A100-SXM-64GB,164.19,48142,100
1174,2026-05-30 12:36:35.841484,2026/05/30 12:36:35.900,2,NVIDIA A100-SXM-64GB,181.45,48112,98
1175,2026-05-30 12:36:35.841484,2026/05/30 12:36:35.906,3,NVIDIA A100-SXM-64GB,148.72,48106,98
1176,2026-05-30 12:36:40.925415,2026/05/30 12:36:40.969,0,NVIDIA A100-SXM-64GB,145.04,48124,98
1177,2026-05-30 12:36:40.925415,2026/05/30 12:36:40.971,1,NVIDIA A100-SXM-64GB,150.26,48142,100
1178,2026-05-30 12:36:40.925415,2026/05/30 12:36:40.974,2,NVIDIA A100-SXM-64GB,149.50,48112,98
1179,2026-05-30 12:36:40.925415,2026/05/30 12:36:40.977,3,NVIDIA A100-SXM-64GB,139.85,48106,98
1180,2026-05-30 12:36:45.989431,2026/05/30 12:36:46.037,0,NVIDIA A100-SXM-64GB,176.67,48124,100
1181,2026-05-30 12:36:45.989431,2026/05/30 12:36:46.040,1,NVIDIA A100-SXM-64GB,172.44,48142,100
1182,2026-05-30 12:36:45.989431,2026/05/30 12:36:46.043,2,NVIDIA A100-SXM-64GB,172.60,48112,100
1183,2026-05-30 12:36:45.989431,2026/05/30 12:36:46.048,3,NVIDIA A100-SXM-64GB,156.98,48106,100
1184,2026-05-30 12:36:51.073530,2026/05/30 12:36:51.121,0,NVIDIA A100-SXM-64GB,135.60,48124,98
1185,2026-05-30 12:36:51.073530,2026/05/30 12:36:51.124,1,NVIDIA A100-SXM-64GB,154.68,48142,98
1186,2026-05-30 12:36:51.073530,2026/05/30 12:36:51.126,2,NVIDIA A100-SXM-64GB,137.84,48112,98
1187,2026-05-30 12:36:51.073530,2026/05/30 12:36:51.129,3,NVIDIA A100-SXM-64GB,138.59,48106,100
1188,2026-05-30 12:36:56.149028,2026/05/30 12:36:56.197,0,NVIDIA A100-SXM-64GB,158.48,48124,100
1189,2026-05-30 12:36:56.149028,2026/05/30 12:36:56.203,1,NVIDIA A100-SXM-64GB,166.01,48142,100
1190,2026-05-30 12:36:56.149028,2026/05/30 12:36:56.207,2,NVIDIA A100-SXM-64GB,173.81,48112,100
1191,2026-05-30 12:36:56.149028,2026/05/30 12:36:56.210,3,NVIDIA A100-SXM-64GB,172.62,48106,100
1192,2026-05-30 12:37:01.223308,2026/05/30 12:37:01.267,0,NVIDIA A100-SXM-64GB,189.44,48124,100
1193,2026-05-30 12:37:01.223308,2026/05/30 12:37:01.269,1,NVIDIA A100-SXM-64GB,182.57,48142,100
1194,2026-05-30 12:37:01.223308,2026/05/30 12:37:01.272,2,NVIDIA A100-SXM-64GB,163.92,48112,100
1195,2026-05-30 12:37:01.223308,2026/05/30 12:37:01.275,3,NVIDIA A100-SXM-64GB,179.68,48106,100
1196,2026-05-30 12:37:06.287652,2026/05/30 12:37:06.335,0,NVIDIA A100-SXM-64GB,162.76,48124,100
1197,2026-05-30 12:37:06.287652,2026/05/30 12:37:06.338,1,NVIDIA A100-SXM-64GB,167.28,48142,100
1198,2026-05-30 12:37:06.287652,2026/05/30 12:37:06.345,2,NVIDIA A100-SXM-64GB,179.21,48112,100
1199,2026-05-30 12:37:06.287652,2026/05/30 12:37:06.348,3,NVIDIA A100-SXM-64GB,176.31,48106,100
1200,2026-05-30 12:37:11.376817,2026/05/30 12:37:11.424,0,NVIDIA A100-SXM-64GB,175.59,48124,100
1201,2026-05-30 12:37:11.376817,2026/05/30 12:37:11.427,1,NVIDIA A100-SXM-64GB,171.24,48142,100
1202,2026-05-30 12:37:11.376817,2026/05/30 12:37:11.429,2,NVIDIA A100-SXM-64GB,168.82,48112,100
1203,2026-05-30 12:37:11.376817,2026/05/30 12:37:11.433,3,NVIDIA A100-SXM-64GB,161.94,48106,100
1204,2026-05-30 12:37:16.459028,2026/05/30 12:37:16.506,0,NVIDIA A100-SXM-64GB,164.13,48124,100
1205,2026-05-30 12:37:16.459028,2026/05/30 12:37:16.512,1,NVIDIA A100-SXM-64GB,147.96,48142,100
1206,2026-05-30 12:37:16.459028,2026/05/30 12:37:16.516,2,NVIDIA A100-SXM-64GB,164.63,48112,100
1207,2026-05-30 12:37:16.459028,2026/05/30 12:37:16.527,3,NVIDIA A100-SXM-64GB,159.13,48106,100
1208,2026-05-30 12:37:21.540173,2026/05/30 12:37:21.587,0,NVIDIA A100-SXM-64GB,189.77,48124,100
1209,2026-05-30 12:37:21.540173,2026/05/30 12:37:21.592,1,NVIDIA A100-SXM-64GB,170.03,48142,100
1210,2026-05-30 12:37:21.540173,2026/05/30 12:37:21.594,2,NVIDIA A100-SXM-64GB,177.67,48112,100
1211,2026-05-30 12:37:21.540173,2026/05/30 12:37:21.597,3,NVIDIA A100-SXM-64GB,161.28,48106,100
1212,2026-05-30 12:37:26.622868,2026/05/30 12:37:26.670,0,NVIDIA A100-SXM-64GB,162.32,48124,100
1213,2026-05-30 12:37:26.622868,2026/05/30 12:37:26.673,1,NVIDIA A100-SXM-64GB,180.15,48142,100
1214,2026-05-30 12:37:26.622868,2026/05/30 12:37:26.675,2,NVIDIA A100-SXM-64GB,179.31,48112,100
1215,2026-05-30 12:37:26.622868,2026/05/30 12:37:26.677,3,NVIDIA A100-SXM-64GB,158.85,48106,100
1216,2026-05-30 12:37:31.702336,2026/05/30 12:37:31.745,0,NVIDIA A100-SXM-64GB,185.83,48124,100
1217,2026-05-30 12:37:31.702336,2026/05/30 12:37:31.750,1,NVIDIA A100-SXM-64GB,181.03,48142,100
1218,2026-05-30 12:37:31.702336,2026/05/30 12:37:31.753,2,NVIDIA A100-SXM-64GB,182.11,48112,100
1219,2026-05-30 12:37:31.702336,2026/05/30 12:37:31.755,3,NVIDIA A100-SXM-64GB,173.29,48106,100
1220,2026-05-30 12:37:36.768536,2026/05/30 12:37:36.816,0,NVIDIA A100-SXM-64GB,161.88,48124,100
1221,2026-05-30 12:37:36.768536,2026/05/30 12:37:36.819,1,NVIDIA A100-SXM-64GB,181.36,48142,100
1222,2026-05-30 12:37:36.768536,2026/05/30 12:37:36.821,2,NVIDIA A100-SXM-64GB,171.57,48112,100
1223,2026-05-30 12:37:36.768536,2026/05/30 12:37:36.824,3,NVIDIA A100-SXM-64GB,171.74,48106,100
1224,2026-05-30 12:37:41.847803,2026/05/30 12:37:41.896,0,NVIDIA A100-SXM-64GB,153.92,48124,100
1225,2026-05-30 12:37:41.847803,2026/05/30 12:37:41.899,1,NVIDIA A100-SXM-64GB,193.63,48142,100
1226,2026-05-30 12:37:41.847803,2026/05/30 12:37:41.901,2,NVIDIA A100-SXM-64GB,170.63,48112,100
1227,2026-05-30 12:37:41.847803,2026/05/30 12:37:41.904,3,NVIDIA A100-SXM-64GB,150.87,48106,100
1228,2026-05-30 12:37:46.927637,2026/05/30 12:37:46.976,0,NVIDIA A100-SXM-64GB,165.50,48124,100
1229,2026-05-30 12:37:46.927637,2026/05/30 12:37:46.979,1,NVIDIA A100-SXM-64GB,215.48,48142,100
1230,2026-05-30 12:37:46.927637,2026/05/30 12:37:46.981,2,NVIDIA A100-SXM-64GB,149.50,48112,100
1231,2026-05-30 12:37:46.927637,2026/05/30 12:37:46.984,3,NVIDIA A100-SXM-64GB,151.20,48106,100
1232,2026-05-30 12:37:52.007454,2026/05/30 12:37:52.056,0,NVIDIA A100-SXM-64GB,141.42,48124,100
1233,2026-05-30 12:37:52.007454,2026/05/30 12:37:52.058,1,NVIDIA A100-SXM-64GB,216.08,48142,100
1234,2026-05-30 12:37:52.007454,2026/05/30 12:37:52.061,2,NVIDIA A100-SXM-64GB,138.77,48112,100
1235,2026-05-30 12:37:52.007454,2026/05/30 12:37:52.064,3,NVIDIA A100-SXM-64GB,167.45,48106,98
1236,2026-05-30 12:37:57.076708,2026/05/30 12:37:57.121,0,NVIDIA A100-SXM-64GB,154.70,48124,100
1237,2026-05-30 12:37:57.076708,2026/05/30 12:37:57.124,1,NVIDIA A100-SXM-64GB,172.27,48142,100
1238,2026-05-30 12:37:57.076708,2026/05/30 12:37:57.134,2,NVIDIA A100-SXM-64GB,148.14,48112,100
1239,2026-05-30 12:37:57.076708,2026/05/30 12:37:57.139,3,NVIDIA A100-SXM-64GB,154.40,48106,100
1240,2026-05-30 12:38:02.161000,2026/05/30 12:38:02.208,0,NVIDIA A100-SXM-64GB,186.43,48124,100
1241,2026-05-30 12:38:02.161000,2026/05/30 12:38:02.211,1,NVIDIA A100-SXM-64GB,175.26,48142,100
1242,2026-05-30 12:38:02.161000,2026/05/30 12:38:02.213,2,NVIDIA A100-SXM-64GB,180.24,48112,100
1243,2026-05-30 12:38:02.161000,2026/05/30 12:38:02.217,3,NVIDIA A100-SXM-64GB,170.30,48106,100
1244,2026-05-30 12:38:07.270268,2026/05/30 12:38:07.314,0,NVIDIA A100-SXM-64GB,177.28,48124,100
1245,2026-05-30 12:38:07.270268,2026/05/30 12:38:07.316,1,NVIDIA A100-SXM-64GB,141.52,48142,100
1246,2026-05-30 12:38:07.270268,2026/05/30 12:38:07.320,2,NVIDIA A100-SXM-64GB,167.98,48112,100
1247,2026-05-30 12:38:07.270268,2026/05/30 12:38:07.323,3,NVIDIA A100-SXM-64GB,140.46,48106,100
1248,2026-05-30 12:38:12.335982,2026/05/30 12:38:12.383,0,NVIDIA A100-SXM-64GB,180.29,48124,100
1249,2026-05-30 12:38:12.335982,2026/05/30 12:38:12.386,1,NVIDIA A100-SXM-64GB,181.36,48142,100
1250,2026-05-30 12:38:12.335982,2026/05/30 12:38:12.389,2,NVIDIA A100-SXM-64GB,183.93,48112,100
1251,2026-05-30 12:38:12.335982,2026/05/30 12:38:12.392,3,NVIDIA A100-SXM-64GB,169.42,48106,100
1252,2026-05-30 12:38:17.416021,2026/05/30 12:38:17.464,0,NVIDIA A100-SXM-64GB,176.02,48124,100
1253,2026-05-30 12:38:17.416021,2026/05/30 12:38:17.467,1,NVIDIA A100-SXM-64GB,167.55,48142,100
1254,2026-05-30 12:38:17.416021,2026/05/30 12:38:17.469,2,NVIDIA A100-SXM-64GB,142.92,48112,100
1255,2026-05-30 12:38:17.416021,2026/05/30 12:38:17.471,3,NVIDIA A100-SXM-64GB,174.17,48106,100
1256,2026-05-30 12:38:22.494904,2026/05/30 12:38:22.542,0,NVIDIA A100-SXM-64GB,187.03,48124,100
1257,2026-05-30 12:38:22.494904,2026/05/30 12:38:22.546,1,NVIDIA A100-SXM-64GB,186.59,48142,100
1258,2026-05-30 12:38:22.494904,2026/05/30 12:38:22.549,2,NVIDIA A100-SXM-64GB,177.49,48112,100
1259,2026-05-30 12:38:22.494904,2026/05/30 12:38:22.551,3,NVIDIA A100-SXM-64GB,188.40,48106,100
1260,2026-05-30 12:38:27.579960,2026/05/30 12:38:27.624,0,NVIDIA A100-SXM-64GB,135.60,48124,100
1261,2026-05-30 12:38:27.579960,2026/05/30 12:38:27.626,1,NVIDIA A100-SXM-64GB,176.13,48142,100
1262,2026-05-30 12:38:27.579960,2026/05/30 12:38:27.629,2,NVIDIA A100-SXM-64GB,144.88,48112,100
1263,2026-05-30 12:38:27.579960,2026/05/30 12:38:27.631,3,NVIDIA A100-SXM-64GB,142.88,48106,100
1264,2026-05-30 12:38:32.646589,2026/05/30 12:38:32.705,0,NVIDIA A100-SXM-64GB,175.32,48124,100
1265,2026-05-30 12:38:32.646589,2026/05/30 12:38:32.708,1,NVIDIA A100-SXM-64GB,187.19,48142,100
1266,2026-05-30 12:38:32.646589,2026/05/30 12:38:32.711,2,NVIDIA A100-SXM-64GB,178.61,48112,100
1267,2026-05-30 12:38:32.646589,2026/05/30 12:38:32.713,3,NVIDIA A100-SXM-64GB,175.10,48106,100
1268,2026-05-30 12:38:37.730128,2026/05/30 12:38:37.777,0,NVIDIA A100-SXM-64GB,162.15,48124,100
1269,2026-05-30 12:38:37.730128,2026/05/30 12:38:37.782,1,NVIDIA A100-SXM-64GB,155.34,48142,100
1270,2026-05-30 12:38:37.730128,2026/05/30 12:38:37.787,2,NVIDIA A100-SXM-64GB,159.30,48112,100
1271,2026-05-30 12:38:37.730128,2026/05/30 12:38:37.790,3,NVIDIA A100-SXM-64GB,167.45,48106,100
1272,2026-05-30 12:38:42.815613,2026/05/30 12:38:42.863,0,NVIDIA A100-SXM-64GB,177.46,48124,100
1273,2026-05-30 12:38:42.815613,2026/05/30 12:38:42.867,1,NVIDIA A100-SXM-64GB,183.79,48142,100
1274,2026-05-30 12:38:42.815613,2026/05/30 12:38:42.870,2,NVIDIA A100-SXM-64GB,179.31,48112,100
1275,2026-05-30 12:38:42.815613,2026/05/30 12:38:42.872,3,NVIDIA A100-SXM-64GB,187.19,48106,100
1276,2026-05-30 12:38:47.897892,2026/05/30 12:38:47.946,0,NVIDIA A100-SXM-64GB,175.32,48124,100
1277,2026-05-30 12:38:47.897892,2026/05/30 12:38:47.948,1,NVIDIA A100-SXM-64GB,149.93,48142,100
1278,2026-05-30 12:38:47.897892,2026/05/30 12:38:47.951,2,NVIDIA A100-SXM-64GB,173.11,48112,100
1279,2026-05-30 12:38:47.897892,2026/05/30 12:38:47.953,3,NVIDIA A100-SXM-64GB,166.18,48106,100
1280,2026-05-30 12:38:52.977992,2026/05/30 12:38:53.025,0,NVIDIA A100-SXM-64GB,167.19,48124,100
1281,2026-05-30 12:38:52.977992,2026/05/30 12:38:53.029,1,NVIDIA A100-SXM-64GB,170.78,48142,100
1282,2026-05-30 12:38:52.977992,2026/05/30 12:38:53.032,2,NVIDIA A100-SXM-64GB,192.30,48112,100
1283,2026-05-30 12:38:52.977992,2026/05/30 12:38:53.034,3,NVIDIA A100-SXM-64GB,182.30,48106,100
1284,2026-05-30 12:38:58.051831,2026/05/30 12:38:58.100,0,NVIDIA A100-SXM-64GB,148.44,48124,100
1285,2026-05-30 12:38:58.051831,2026/05/30 12:38:58.103,1,NVIDIA A100-SXM-64GB,156.82,48142,100
1286,2026-05-30 12:38:58.051831,2026/05/30 12:38:58.107,2,NVIDIA A100-SXM-64GB,160.84,48112,100
1287,2026-05-30 12:38:58.051831,2026/05/30 12:38:58.109,3,NVIDIA A100-SXM-64GB,146.90,48106,100
1288,2026-05-30 12:39:03.134961,2026/05/30 12:39:03.183,0,NVIDIA A100-SXM-64GB,167.46,48124,100
1289,2026-05-30 12:39:03.134961,2026/05/30 12:39:03.186,1,NVIDIA A100-SXM-64GB,179.21,48142,100
1290,2026-05-30 12:39:03.134961,2026/05/30 12:39:03.188,2,NVIDIA A100-SXM-64GB,190.96,48112,100
1291,2026-05-30 12:39:03.134961,2026/05/30 12:39:03.191,3,NVIDIA A100-SXM-64GB,135.22,48106,100
1292,2026-05-30 12:39:08.213734,2026/05/30 12:39:08.259,0,NVIDIA A100-SXM-64GB,175.74,48124,100
1293,2026-05-30 12:39:08.213734,2026/05/30 12:39:08.261,1,NVIDIA A100-SXM-64GB,175.26,48142,100
1294,2026-05-30 12:39:08.213734,2026/05/30 12:39:08.264,2,NVIDIA A100-SXM-64GB,159.46,48112,100
1295,2026-05-30 12:39:08.213734,2026/05/30 12:39:08.266,3,NVIDIA A100-SXM-64GB,148.12,48106,100
1296,2026-05-30 12:39:13.280172,2026/05/30 12:39:13.327,0,NVIDIA A100-SXM-64GB,166.87,48124,100
1297,2026-05-30 12:39:13.280172,2026/05/30 12:39:13.330,1,NVIDIA A100-SXM-64GB,175.35,48142,100
1298,2026-05-30 12:39:13.280172,2026/05/30 12:39:13.352,2,NVIDIA A100-SXM-64GB,170.13,48112,100
1299,2026-05-30 12:39:13.280172,2026/05/30 12:39:13.355,3,NVIDIA A100-SXM-64GB,166.94,48106,100
1300,2026-05-30 12:39:18.368994,2026/05/30 12:39:18.413,0,NVIDIA A100-SXM-64GB,160.78,48124,100
1301,2026-05-30 12:39:18.368994,2026/05/30 12:39:18.418,1,NVIDIA A100-SXM-64GB,153.19,48142,100
1302,2026-05-30 12:39:18.368994,2026/05/30 12:39:18.421,2,NVIDIA A100-SXM-64GB,146.88,48112,100
1303,2026-05-30 12:39:18.368994,2026/05/30 12:39:18.423,3,NVIDIA A100-SXM-64GB,140.73,48106,100
1304,2026-05-30 12:39:23.436843,2026/05/30 12:39:23.484,0,NVIDIA A100-SXM-64GB,184.57,48124,100
1305,2026-05-30 12:39:23.436843,2026/05/30 12:39:23.487,1,NVIDIA A100-SXM-64GB,192.77,48142,100
1306,2026-05-30 12:39:23.436843,2026/05/30 12:39:23.489,2,NVIDIA A100-SXM-64GB,175.08,48112,100
1307,2026-05-30 12:39:23.436843,2026/05/30 12:39:23.492,3,NVIDIA A100-SXM-64GB,172.78,48106,100
1308,2026-05-30 12:39:28.517212,2026/05/30 12:39:28.561,0,NVIDIA A100-SXM-64GB,154.04,48124,100
1309,2026-05-30 12:39:28.517212,2026/05/30 12:39:28.567,1,NVIDIA A100-SXM-64GB,153.64,48142,100
1310,2026-05-30 12:39:28.517212,2026/05/30 12:39:28.569,2,NVIDIA A100-SXM-64GB,141.98,48112,100
1311,2026-05-30 12:39:28.517212,2026/05/30 12:39:28.572,3,NVIDIA A100-SXM-64GB,160.84,48106,100
1312,2026-05-30 12:39:33.584649,2026/05/30 12:39:33.629,0,NVIDIA A100-SXM-64GB,204.40,48124,100
1313,2026-05-30 12:39:33.584649,2026/05/30 12:39:33.632,1,NVIDIA A100-SXM-64GB,191.90,48142,100
1314,2026-05-30 12:39:33.584649,2026/05/30 12:39:33.635,2,NVIDIA A100-SXM-64GB,167.38,48112,100
1315,2026-05-30 12:39:33.584649,2026/05/30 12:39:33.637,3,NVIDIA A100-SXM-64GB,190.55,48106,100
1316,2026-05-30 12:39:38.650614,2026/05/30 12:39:38.699,0,NVIDIA A100-SXM-64GB,172.07,48124,100
1317,2026-05-30 12:39:38.650614,2026/05/30 12:39:38.701,1,NVIDIA A100-SXM-64GB,152.53,48142,100
1318,2026-05-30 12:39:38.650614,2026/05/30 12:39:38.704,2,NVIDIA A100-SXM-64GB,178.10,48112,100
1319,2026-05-30 12:39:38.650614,2026/05/30 12:39:38.707,3,NVIDIA A100-SXM-64GB,158.25,48106,100
1320,2026-05-30 12:39:43.733187,2026/05/30 12:39:43.780,0,NVIDIA A100-SXM-64GB,169.33,48124,100
1321,2026-05-30 12:39:43.733187,2026/05/30 12:39:43.783,1,NVIDIA A100-SXM-64GB,184.11,48142,100
1322,2026-05-30 12:39:43.733187,2026/05/30 12:39:43.785,2,NVIDIA A100-SXM-64GB,190.69,48112,100
1323,2026-05-30 12:39:43.733187,2026/05/30 12:39:43.788,3,NVIDIA A100-SXM-64GB,188.40,48106,100
1324,2026-05-30 12:39:48.801105,2026/05/30 12:39:48.846,0,NVIDIA A100-SXM-64GB,177.28,48124,100
1325,2026-05-30 12:39:48.801105,2026/05/30 12:39:48.848,1,NVIDIA A100-SXM-64GB,153.19,48142,100
1326,2026-05-30 12:39:48.801105,2026/05/30 12:39:48.851,2,NVIDIA A100-SXM-64GB,176.13,48112,100
1327,2026-05-30 12:39:48.801105,2026/05/30 12:39:48.853,3,NVIDIA A100-SXM-64GB,137.10,48106,100
1328,2026-05-30 12:39:53.866711,2026/05/30 12:39:53.924,0,NVIDIA A100-SXM-64GB,185.69,48124,100
1329,2026-05-30 12:39:53.866711,2026/05/30 12:39:53.926,1,NVIDIA A100-SXM-64GB,185.32,48142,100
1330,2026-05-30 12:39:53.866711,2026/05/30 12:39:53.929,2,NVIDIA A100-SXM-64GB,170.30,48112,100
1331,2026-05-30 12:39:53.866711,2026/05/30 12:39:53.931,3,NVIDIA A100-SXM-64GB,193.17,48106,100
1332,2026-05-30 12:39:58.944804,2026/05/30 12:39:58.989,0,NVIDIA A100-SXM-64GB,147.51,48124,100
1333,2026-05-30 12:39:58.944804,2026/05/30 12:39:58.991,1,NVIDIA A100-SXM-64GB,181.03,48142,100
1334,2026-05-30 12:39:58.944804,2026/05/30 12:39:58.994,2,NVIDIA A100-SXM-64GB,151.65,48112,100
1335,2026-05-30 12:39:58.944804,2026/05/30 12:39:58.997,3,NVIDIA A100-SXM-64GB,145.96,48106,100
1336,2026-05-30 12:40:04.010172,2026/05/30 12:40:04.058,0,NVIDIA A100-SXM-64GB,154.53,48124,100
1337,2026-05-30 12:40:04.010172,2026/05/30 12:40:04.062,1,NVIDIA A100-SXM-64GB,175.10,48142,100
1338,2026-05-30 12:40:04.010172,2026/05/30 12:40:04.064,2,NVIDIA A100-SXM-64GB,176.74,48112,100
1339,2026-05-30 12:40:04.010172,2026/05/30 12:40:04.066,3,NVIDIA A100-SXM-64GB,168.05,48106,100
1340,2026-05-30 12:40:09.082758,2026/05/30 12:40:09.130,0,NVIDIA A100-SXM-64GB,158.48,48124,100
1341,2026-05-30 12:40:09.082758,2026/05/30 12:40:09.132,1,NVIDIA A100-SXM-64GB,179.49,48142,100
1342,2026-05-30 12:40:09.082758,2026/05/30 12:40:09.135,2,NVIDIA A100-SXM-64GB,167.98,48112,100
1343,2026-05-30 12:40:09.082758,2026/05/30 12:40:09.140,3,NVIDIA A100-SXM-64GB,165.91,48106,100
1344,2026-05-30 12:40:14.166287,2026/05/30 12:40:14.214,0,NVIDIA A100-SXM-64GB,142.62,48124,100
1345,2026-05-30 12:40:14.166287,2026/05/30 12:40:14.217,1,NVIDIA A100-SXM-64GB,167.88,48142,100
1346,2026-05-30 12:40:14.166287,2026/05/30 12:40:14.222,2,NVIDIA A100-SXM-64GB,177.49,48112,100
1347,2026-05-30 12:40:14.166287,2026/05/30 12:40:14.225,3,NVIDIA A100-SXM-64GB,139.85,48106,100
1348,2026-05-30 12:40:19.252206,2026/05/30 12:40:19.299,0,NVIDIA A100-SXM-64GB,153.92,48124,100
1349,2026-05-30 12:40:19.252206,2026/05/30 12:40:19.302,1,NVIDIA A100-SXM-64GB,163.26,48142,100
1350,2026-05-30 12:40:19.252206,2026/05/30 12:40:19.305,2,NVIDIA A100-SXM-64GB,161.44,48112,100
1351,2026-05-30 12:40:19.252206,2026/05/30 12:40:19.307,3,NVIDIA A100-SXM-64GB,156.10,48106,100
1352,2026-05-30 12:40:24.336289,2026/05/30 12:40:24.380,0,NVIDIA A100-SXM-64GB,149.97,48124,98
1353,2026-05-30 12:40:24.336289,2026/05/30 12:40:24.382,1,NVIDIA A100-SXM-64GB,153.19,48142,100
1354,2026-05-30 12:40:24.336289,2026/05/30 12:40:24.385,2,NVIDIA A100-SXM-64GB,126.23,48112,98
1355,2026-05-30 12:40:24.336289,2026/05/30 12:40:24.389,3,NVIDIA A100-SXM-64GB,139.85,48106,100
1356,2026-05-30 12:40:29.417193,2026/05/30 12:40:29.465,0,NVIDIA A100-SXM-64GB,159.41,48124,100
1357,2026-05-30 12:40:29.417193,2026/05/30 12:40:29.468,1,NVIDIA A100-SXM-64GB,149.78,48142,100
1358,2026-05-30 12:40:29.417193,2026/05/30 12:40:29.470,2,NVIDIA A100-SXM-64GB,164.63,48112,100
1359,2026-05-30 12:40:29.417193,2026/05/30 12:40:29.473,3,NVIDIA A100-SXM-64GB,165.91,48106,100
1360,2026-05-30 12:40:34.488156,2026/05/30 12:40:34.535,0,NVIDIA A100-SXM-64GB,144.43,48124,99
1361,2026-05-30 12:40:34.488156,2026/05/30 12:40:34.538,1,NVIDIA A100-SXM-64GB,151.93,48142,98
1362,2026-05-30 12:40:34.488156,2026/05/30 12:40:34.544,2,NVIDIA A100-SXM-64GB,147.03,48112,98
1363,2026-05-30 12:40:34.488156,2026/05/30 12:40:34.546,3,NVIDIA A100-SXM-64GB,138.59,48106,98
1364,2026-05-30 12:40:39.569096,2026/05/30 12:40:39.617,0,NVIDIA A100-SXM-64GB,148.44,48124,98
1365,2026-05-30 12:40:39.569096,2026/05/30 12:40:39.619,1,NVIDIA A100-SXM-64GB,153.95,48142,98
1366,2026-05-30 12:40:39.569096,2026/05/30 12:40:39.622,2,NVIDIA A100-SXM-64GB,146.14,48112,98
1367,2026-05-30 12:40:39.569096,2026/05/30 12:40:39.625,3,NVIDIA A100-SXM-64GB,143.21,48106,98
1368,2026-05-30 12:40:44.649374,2026/05/30 12:40:44.701,0,NVIDIA A100-SXM-64GB,148.72,48124,98
1369,2026-05-30 12:40:44.649374,2026/05/30 12:40:44.704,1,NVIDIA A100-SXM-64GB,153.95,48142,98
1370,2026-05-30 12:40:44.649374,2026/05/30 12:40:44.710,2,NVIDIA A100-SXM-64GB,143.67,48112,100
1371,2026-05-30 12:40:44.649374,2026/05/30 12:40:44.713,3,NVIDIA A100-SXM-64GB,144.15,48106,100
1372,2026-05-30 12:40:49.739112,2026/05/30 12:40:49.787,0,NVIDIA A100-SXM-64GB,146.30,48124,98
1373,2026-05-30 12:40:49.739112,2026/05/30 12:40:49.790,1,NVIDIA A100-SXM-64GB,151.32,48142,98
1374,2026-05-30 12:40:49.739112,2026/05/30 12:40:49.792,2,NVIDIA A100-SXM-64GB,149.18,48112,98
1375,2026-05-30 12:40:49.739112,2026/05/30 12:40:49.795,3,NVIDIA A100-SXM-64GB,139.19,48106,100
1376,2026-05-30 12:40:54.819591,2026/05/30 12:40:54.867,0,NVIDIA A100-SXM-64GB,149.65,48124,100
1377,2026-05-30 12:40:54.819591,2026/05/30 12:40:54.870,1,NVIDIA A100-SXM-64GB,154.40,48142,100
1378,2026-05-30 12:40:54.819591,2026/05/30 12:40:54.874,2,NVIDIA A100-SXM-64GB,142.74,48112,98
1379,2026-05-30 12:40:54.819591,2026/05/30 12:40:54.892,3,NVIDIA A100-SXM-64GB,139.52,48106,98
1380,2026-05-30 12:40:59.909330,2026/05/30 12:40:59.956,0,NVIDIA A100-SXM-64GB,147.36,48124,100
1381,2026-05-30 12:40:59.909330,2026/05/30 12:40:59.959,1,NVIDIA A100-SXM-64GB,147.96,48142,98
1382,2026-05-30 12:40:59.909330,2026/05/30 12:40:59.961,2,NVIDIA A100-SXM-64GB,151.16,48112,98
1383,2026-05-30 12:40:59.909330,2026/05/30 12:40:59.964,3,NVIDIA A100-SXM-64GB,142.13,48106,98
1384,2026-05-30 12:41:04.977843,2026/05/30 12:41:05.026,0,NVIDIA A100-SXM-64GB,175.92,48124,98
1385,2026-05-30 12:41:04.977843,2026/05/30 12:41:05.029,1,NVIDIA A100-SXM-64GB,147.63,48142,98
1386,2026-05-30 12:41:04.977843,2026/05/30 12:41:05.032,2,NVIDIA A100-SXM-64GB,135.69,48112,100
1387,2026-05-30 12:41:04.977843,2026/05/30 12:41:05.034,3,NVIDIA A100-SXM-64GB,143.21,48106,100
1388,2026-05-30 12:41:10.076297,2026/05/30 12:41:10.120,0,NVIDIA A100-SXM-64GB,142.90,48124,98
1389,2026-05-30 12:41:10.076297,2026/05/30 12:41:10.122,1,NVIDIA A100-SXM-64GB,150.72,48142,100
1390,2026-05-30 12:41:10.076297,2026/05/30 12:41:10.125,2,NVIDIA A100-SXM-64GB,149.18,48112,98
1391,2026-05-30 12:41:10.076297,2026/05/30 12:41:10.127,3,NVIDIA A100-SXM-64GB,143.48,48106,100
1392,2026-05-30 12:41:15.140849,2026/05/30 12:41:15.188,0,NVIDIA A100-SXM-64GB,143.23,48124,98
1393,2026-05-30 12:41:15.140849,2026/05/30 12:41:15.191,1,NVIDIA A100-SXM-64GB,148.29,48142,98
1394,2026-05-30 12:41:15.140849,2026/05/30 12:41:15.193,2,NVIDIA A100-SXM-64GB,149.18,48112,98
1395,2026-05-30 12:41:15.140849,2026/05/30 12:41:15.199,3,NVIDIA A100-SXM-64GB,145.96,48106,98
1396,2026-05-30 12:41:20.227726,2026/05/30 12:41:20.284,0,NVIDIA A100-SXM-64GB,181.41,48124,100
1397,2026-05-30 12:41:20.227726,2026/05/30 12:41:20.287,1,NVIDIA A100-SXM-64GB,185.65,48142,100
1398,2026-05-30 12:41:20.227726,2026/05/30 12:41:20.290,2,NVIDIA A100-SXM-64GB,181.45,48112,100
1399,2026-05-30 12:41:20.227726,2026/05/30 12:41:20.292,3,NVIDIA A100-SXM-64GB,142.00,48106,100
1400,2026-05-30 12:41:25.317294,2026/05/30 12:41:25.370,0,NVIDIA A100-SXM-64GB,140.49,48124,98
1401,2026-05-30 12:41:25.317294,2026/05/30 12:41:25.373,1,NVIDIA A100-SXM-64GB,149.18,48142,100
1402,2026-05-30 12:41:25.317294,2026/05/30 12:41:25.376,2,NVIDIA A100-SXM-64GB,138.77,48112,98
1403,2026-05-30 12:41:25.317294,2026/05/30 12:41:25.379,3,NVIDIA A100-SXM-64GB,136.76,48106,98
1404,2026-05-30 12:41:30.405459,2026/05/30 12:41:30.455,0,NVIDIA A100-SXM-64GB,182.15,48124,100
1405,2026-05-30 12:41:30.405459,2026/05/30 12:41:30.458,1,NVIDIA A100-SXM-64GB,165.40,48142,100
1406,2026-05-30 12:41:30.405459,2026/05/30 12:41:30.461,2,NVIDIA A100-SXM-64GB,151.32,48112,100
1407,2026-05-30 12:41:30.405459,2026/05/30 12:41:30.463,3,NVIDIA A100-SXM-64GB,179.40,48106,98
1408,2026-05-30 12:41:35.488459,2026/05/30 12:41:35.541,0,NVIDIA A100-SXM-64GB,144.77,48124,98
1409,2026-05-30 12:41:35.488459,2026/05/30 12:41:35.544,1,NVIDIA A100-SXM-64GB,152.53,48142,100
1410,2026-05-30 12:41:35.488459,2026/05/30 12:41:35.546,2,NVIDIA A100-SXM-64GB,145.82,48112,100
1411,2026-05-30 12:41:35.488459,2026/05/30 12:41:35.549,3,NVIDIA A100-SXM-64GB,143.82,48106,100
1412,2026-05-30 12:41:40.575520,2026/05/30 12:41:40.624,0,NVIDIA A100-SXM-64GB,145.22,48124,98
1413,2026-05-30 12:41:40.575520,2026/05/30 12:41:40.627,1,NVIDIA A100-SXM-64GB,168.32,48142,100
1414,2026-05-30 12:41:40.575520,2026/05/30 12:41:40.631,2,NVIDIA A100-SXM-64GB,149.35,48112,100
1415,2026-05-30 12:41:40.575520,2026/05/30 12:41:40.642,3,NVIDIA A100-SXM-64GB,143.48,48106,100
1416,2026-05-30 12:41:45.656311,2026/05/30 12:41:45.700,0,NVIDIA A100-SXM-64GB,147.51,48124,100
1417,2026-05-30 12:41:45.656311,2026/05/30 12:41:45.702,1,NVIDIA A100-SXM-64GB,147.96,48142,98
1418,2026-05-30 12:41:45.656311,2026/05/30 12:41:45.705,2,NVIDIA A100-SXM-64GB,141.52,48112,98
1419,2026-05-30 12:41:45.656311,2026/05/30 12:41:45.707,3,NVIDIA A100-SXM-64GB,136.76,48106,98
1420,2026-05-30 12:41:50.723867,2026/05/30 12:41:50.771,0,NVIDIA A100-SXM-64GB,157.44,48124,100
1421,2026-05-30 12:41:50.723867,2026/05/30 12:41:50.775,1,NVIDIA A100-SXM-64GB,164.19,48142,100
1422,2026-05-30 12:41:50.723867,2026/05/30 12:41:50.778,2,NVIDIA A100-SXM-64GB,148.90,48112,100
1423,2026-05-30 12:41:50.723867,2026/05/30 12:41:50.780,3,NVIDIA A100-SXM-64GB,190.88,48106,100
1424,2026-05-30 12:41:55.806778,2026/05/30 12:41:55.859,0,NVIDIA A100-SXM-64GB,147.36,48124,98
1425,2026-05-30 12:41:55.806778,2026/05/30 12:41:55.862,1,NVIDIA A100-SXM-64GB,155.01,48142,100
1426,2026-05-30 12:41:55.806778,2026/05/30 12:41:55.864,2,NVIDIA A100-SXM-64GB,146.88,48112,98
1427,2026-05-30 12:41:55.806778,2026/05/30 12:41:55.867,3,NVIDIA A100-SXM-64GB,145.82,48106,100
1428,2026-05-30 12:42:00.895528,2026/05/30 12:42:00.944,0,NVIDIA A100-SXM-64GB,159.24,48124,100
1429,2026-05-30 12:42:00.895528,2026/05/30 12:42:00.947,1,NVIDIA A100-SXM-64GB,163.59,48142,100
1430,2026-05-30 12:42:00.895528,2026/05/30 12:42:00.949,2,NVIDIA A100-SXM-64GB,147.81,48112,100
1431,2026-05-30 12:42:00.895528,2026/05/30 12:42:00.952,3,NVIDIA A100-SXM-64GB,158.97,48106,100
1432,2026-05-30 12:42:05.965920,2026/05/30 12:42:06.013,0,NVIDIA A100-SXM-64GB,176.67,48124,100
1433,2026-05-30 12:42:05.965920,2026/05/30 12:42:06.016,1,NVIDIA A100-SXM-64GB,178.10,48142,100
1434,2026-05-30 12:42:05.965920,2026/05/30 12:42:06.021,2,NVIDIA A100-SXM-64GB,188.21,48112,100
1435,2026-05-30 12:42:05.965920,2026/05/30 12:42:06.024,3,NVIDIA A100-SXM-64GB,184.63,48106,100
1436,2026-05-30 12:42:11.049070,2026/05/30 12:42:11.097,0,NVIDIA A100-SXM-64GB,174.21,48124,100
1437,2026-05-30 12:42:11.049070,2026/05/30 12:42:11.099,1,NVIDIA A100-SXM-64GB,183.51,48142,100
1438,2026-05-30 12:42:11.049070,2026/05/30 12:42:11.103,2,NVIDIA A100-SXM-64GB,161.88,48112,100
1439,2026-05-30 12:42:11.049070,2026/05/30 12:42:11.105,3,NVIDIA A100-SXM-64GB,154.23,48106,100
1440,2026-05-30 12:42:16.130502,2026/05/30 12:42:16.179,0,NVIDIA A100-SXM-64GB,166.16,48124,100
1441,2026-05-30 12:42:16.130502,2026/05/30 12:42:16.182,1,NVIDIA A100-SXM-64GB,170.96,48142,100
1442,2026-05-30 12:42:16.130502,2026/05/30 12:42:16.185,2,NVIDIA A100-SXM-64GB,172.27,48112,100
1443,2026-05-30 12:42:16.130502,2026/05/30 12:42:16.187,3,NVIDIA A100-SXM-64GB,184.44,48106,100
1444,2026-05-30 12:42:21.212593,2026/05/30 12:42:21.261,0,NVIDIA A100-SXM-64GB,209.28,48124,100
1445,2026-05-30 12:42:21.212593,2026/05/30 12:42:21.263,1,NVIDIA A100-SXM-64GB,148.29,48142,100
1446,2026-05-30 12:42:21.212593,2026/05/30 12:42:21.266,2,NVIDIA A100-SXM-64GB,182.11,48112,100
1447,2026-05-30 12:42:21.212593,2026/05/30 12:42:21.268,3,NVIDIA A100-SXM-64GB,191.77,48106,100
1448,2026-05-30 12:42:26.287791,2026/05/30 12:42:26.332,0,NVIDIA A100-SXM-64GB,145.70,48124,98
1449,2026-05-30 12:42:26.287791,2026/05/30 12:42:26.338,1,NVIDIA A100-SXM-64GB,145.21,48142,98
1450,2026-05-30 12:42:26.287791,2026/05/30 12:42:26.341,2,NVIDIA A100-SXM-64GB,140.92,48112,98
1451,2026-05-30 12:42:26.287791,2026/05/30 12:42:26.344,3,NVIDIA A100-SXM-64GB,144.00,48106,98
1452,2026-05-30 12:42:31.357934,2026/05/30 12:42:31.402,0,NVIDIA A100-SXM-64GB,134.07,48124,100
1453,2026-05-30 12:42:31.357934,2026/05/30 12:42:31.404,1,NVIDIA A100-SXM-64GB,202.49,48142,100
1454,2026-05-30 12:42:31.357934,2026/05/30 12:42:31.409,2,NVIDIA A100-SXM-64GB,228.01,48112,98
1455,2026-05-30 12:42:31.357934,2026/05/30 12:42:31.412,3,NVIDIA A100-SXM-64GB,126.03,48106,98
1456,2026-05-30 12:42:36.425628,2026/05/30 12:42:36.478,0,NVIDIA A100-SXM-64GB,147.51,48124,98
1457,2026-05-30 12:42:36.425628,2026/05/30 12:42:36.481,1,NVIDIA A100-SXM-64GB,134.29,48142,100
1458,2026-05-30 12:42:36.425628,2026/05/30 12:42:36.483,2,NVIDIA A100-SXM-64GB,189.42,48112,100
1459,2026-05-30 12:42:36.425628,2026/05/30 12:42:36.486,3,NVIDIA A100-SXM-64GB,150.59,48106,100
1460,2026-05-30 12:42:41.499793,2026/05/30 12:42:41.544,0,NVIDIA A100-SXM-64GB,154.86,48124,100
1461,2026-05-30 12:42:41.499793,2026/05/30 12:42:41.546,1,NVIDIA A100-SXM-64GB,153.95,48142,100
1462,2026-05-30 12:42:41.499793,2026/05/30 12:42:41.549,2,NVIDIA A100-SXM-64GB,156.22,48112,100
1463,2026-05-30 12:42:41.499793,2026/05/30 12:42:41.552,3,NVIDIA A100-SXM-64GB,164.97,48106,100
1464,2026-05-30 12:42:46.565587,2026/05/30 12:42:46.613,0,NVIDIA A100-SXM-64GB,141.56,48124,98
1465,2026-05-30 12:42:46.565587,2026/05/30 12:42:46.616,1,NVIDIA A100-SXM-64GB,147.18,48142,100
1466,2026-05-30 12:42:46.565587,2026/05/30 12:42:46.618,2,NVIDIA A100-SXM-64GB,149.78,48112,98
1467,2026-05-30 12:42:46.565587,2026/05/30 12:42:46.621,3,NVIDIA A100-SXM-64GB,147.05,48106,100
1468,2026-05-30 12:42:51.644671,2026/05/30 12:42:51.690,0,NVIDIA A100-SXM-64GB,232.52,48124,100
1469,2026-05-30 12:42:51.644671,2026/05/30 12:42:51.692,1,NVIDIA A100-SXM-64GB,141.34,48142,97
1470,2026-05-30 12:42:51.644671,2026/05/30 12:42:51.695,2,NVIDIA A100-SXM-64GB,151.65,48112,100
1471,2026-05-30 12:42:51.644671,2026/05/30 12:42:51.699,3,NVIDIA A100-SXM-64GB,208.54,48106,97
1472,2026-05-30 12:42:56.717323,2026/05/30 12:42:56.767,0,NVIDIA A100-SXM-64GB,146.90,48124,98
1473,2026-05-30 12:42:56.717323,2026/05/30 12:42:56.770,1,NVIDIA A100-SXM-64GB,152.68,48142,100
1474,2026-05-30 12:42:56.717323,2026/05/30 12:42:56.772,2,NVIDIA A100-SXM-64GB,144.00,48112,100
1475,2026-05-30 12:42:56.717323,2026/05/30 12:42:56.775,3,NVIDIA A100-SXM-64GB,146.73,48106,98
1476,2026-05-30 12:43:01.798755,2026/05/30 12:43:01.843,0,NVIDIA A100-SXM-64GB,164.62,48124,100
1477,2026-05-30 12:43:01.798755,2026/05/30 12:43:01.849,1,NVIDIA A100-SXM-64GB,129.38,48142,96
1478,2026-05-30 12:43:01.798755,2026/05/30 12:43:01.851,2,NVIDIA A100-SXM-64GB,134.81,48112,97
1479,2026-05-30 12:43:01.798755,2026/05/30 12:43:01.854,3,NVIDIA A100-SXM-64GB,132.47,48106,97
1480,2026-05-30 12:43:06.867956,2026/05/30 12:43:06.916,0,NVIDIA A100-SXM-64GB,124.10,48124,100
1481,2026-05-30 12:43:06.867956,2026/05/30 12:43:06.919,1,NVIDIA A100-SXM-64GB,154.07,48142,100
1482,2026-05-30 12:43:06.867956,2026/05/30 12:43:06.923,2,NVIDIA A100-SXM-64GB,182.90,48112,100
1483,2026-05-30 12:43:06.867956,2026/05/30 12:43:06.927,3,NVIDIA A100-SXM-64GB,117.55,48106,100
1484,2026-05-30 12:43:11.961979,2026/05/30 12:43:12.006,0,NVIDIA A100-SXM-64GB,148.72,48124,99
1485,2026-05-30 12:43:11.961979,2026/05/30 12:43:12.008,1,NVIDIA A100-SXM-64GB,147.96,48142,97
1486,2026-05-30 12:43:11.961979,2026/05/30 12:43:12.011,2,NVIDIA A100-SXM-64GB,147.63,48112,97
1487,2026-05-30 12:43:11.961979,2026/05/30 12:43:12.014,3,NVIDIA A100-SXM-64GB,137.37,48106,97
1488,2026-05-30 12:43:17.027521,2026/05/30 12:43:17.076,0,NVIDIA A100-SXM-64GB,180.81,48124,100
1489,2026-05-30 12:43:17.027521,2026/05/30 12:43:17.079,1,NVIDIA A100-SXM-64GB,181.64,48142,100
1490,2026-05-30 12:43:17.027521,2026/05/30 12:43:17.081,2,NVIDIA A100-SXM-64GB,185.46,48112,100
1491,2026-05-30 12:43:17.027521,2026/05/30 12:43:17.084,3,NVIDIA A100-SXM-64GB,173.29,48106,100
1492,2026-05-30 12:43:22.109810,2026/05/30 12:43:22.153,0,NVIDIA A100-SXM-64GB,149.04,48124,99
1493,2026-05-30 12:43:22.109810,2026/05/30 12:43:22.156,1,NVIDIA A100-SXM-64GB,147.35,48142,100
1494,2026-05-30 12:43:22.109810,2026/05/30 12:43:22.158,2,NVIDIA A100-SXM-64GB,138.03,48112,100
1495,2026-05-30 12:43:22.109810,2026/05/30 12:43:22.161,3,NVIDIA A100-SXM-64GB,141.34,48106,100
1496,2026-05-30 12:43:27.191019,2026/05/30 12:43:27.238,0,NVIDIA A100-SXM-64GB,189.77,48124,100
1497,2026-05-30 12:43:27.191019,2026/05/30 12:43:27.241,1,NVIDIA A100-SXM-64GB,186.40,48142,100
1498,2026-05-30 12:43:27.191019,2026/05/30 12:43:27.243,2,NVIDIA A100-SXM-64GB,168.65,48112,100
1499,2026-05-30 12:43:27.191019,2026/05/30 12:43:27.246,3,NVIDIA A100-SXM-64GB,180.15,48106,100
1500,2026-05-30 12:43:32.270911,2026/05/30 12:43:32.311,0,NVIDIA A100-SXM-64GB,129.46,48124,100
1501,2026-05-30 12:43:32.270911,2026/05/30 12:43:32.313,1,NVIDIA A100-SXM-64GB,152.53,48142,100
1502,2026-05-30 12:43:32.270911,2026/05/30 12:43:32.316,2,NVIDIA A100-SXM-64GB,165.57,48112,100
1503,2026-05-30 12:43:32.270911,2026/05/30 12:43:32.318,3,NVIDIA A100-SXM-64GB,109.78,48106,100
1504,2026-05-30 12:43:37.344050,2026/05/30 12:43:37.400,0,NVIDIA A100-SXM-64GB,146.75,48124,100
1505,2026-05-30 12:43:37.344050,2026/05/30 12:43:37.402,1,NVIDIA A100-SXM-64GB,143.06,48142,98
1506,2026-05-30 12:43:37.344050,2026/05/30 12:43:37.405,2,NVIDIA A100-SXM-64GB,143.85,48112,98
1507,2026-05-30 12:43:37.344050,2026/05/30 12:43:37.408,3,NVIDIA A100-SXM-64GB,142.27,48106,98
1508,2026-05-30 12:43:42.443906,2026/05/30 12:43:42.488,0,NVIDIA A100-SXM-64GB,135.28,48124,100
1509,2026-05-30 12:43:42.443906,2026/05/30 12:43:42.490,1,NVIDIA A100-SXM-64GB,183.79,48142,100
1510,2026-05-30 12:43:42.443906,2026/05/30 12:43:42.493,2,NVIDIA A100-SXM-64GB,140.59,48112,97
1511,2026-05-30 12:43:42.443906,2026/05/30 12:43:42.498,3,NVIDIA A100-SXM-64GB,139.85,48106,97
1512,2026-05-30 12:43:47.512339,2026/05/30 12:43:47.559,0,NVIDIA A100-SXM-64GB,149.04,48124,98
1513,2026-05-30 12:43:47.512339,2026/05/30 12:43:47.562,1,NVIDIA A100-SXM-64GB,147.18,48142,100
1514,2026-05-30 12:43:47.512339,2026/05/30 12:43:47.585,2,NVIDIA A100-SXM-64GB,150.72,48112,100
1515,2026-05-30 12:43:47.512339,2026/05/30 12:43:47.588,3,NVIDIA A100-SXM-64GB,145.36,48106,100
1516,2026-05-30 12:43:52.601962,2026/05/30 12:43:52.645,0,NVIDIA A100-SXM-64GB,141.69,48124,100
1517,2026-05-30 12:43:52.601962,2026/05/30 12:43:52.647,1,NVIDIA A100-SXM-64GB,182.57,48142,100
1518,2026-05-30 12:43:52.601962,2026/05/30 12:43:52.650,2,NVIDIA A100-SXM-64GB,154.85,48112,100
1519,2026-05-30 12:43:52.601962,2026/05/30 12:43:52.652,3,NVIDIA A100-SXM-64GB,174.92,48106,100
1520,2026-05-30 12:43:57.666531,2026/05/30 12:43:57.719,0,NVIDIA A100-SXM-64GB,142.02,48124,98
1521,2026-05-30 12:43:57.666531,2026/05/30 12:43:57.721,1,NVIDIA A100-SXM-64GB,217.62,48142,100
1522,2026-05-30 12:43:57.666531,2026/05/30 12:43:57.724,2,NVIDIA A100-SXM-64GB,132.94,48112,100
1523,2026-05-30 12:43:57.666531,2026/05/30 12:43:57.726,3,NVIDIA A100-SXM-64GB,186.59,48106,100
1524,2026-05-30 12:44:02.741015,2026/05/30 12:44:02.785,0,NVIDIA A100-SXM-64GB,143.68,48124,100
1525,2026-05-30 12:44:02.741015,2026/05/30 12:44:02.787,1,NVIDIA A100-SXM-64GB,140.92,48142,100
1526,2026-05-30 12:44:02.741015,2026/05/30 12:44:02.790,2,NVIDIA A100-SXM-64GB,144.73,48112,100
1527,2026-05-30 12:44:02.741015,2026/05/30 12:44:02.793,3,NVIDIA A100-SXM-64GB,132.00,48106,100
1528,2026-05-30 12:44:07.829879,2026/05/30 12:44:07.883,0,NVIDIA A100-SXM-64GB,135.46,48124,100
1529,2026-05-30 12:44:07.829879,2026/05/30 12:44:07.886,1,NVIDIA A100-SXM-64GB,140.92,48142,100
1530,2026-05-30 12:44:07.829879,2026/05/30 12:44:07.888,2,NVIDIA A100-SXM-64GB,148.74,48112,98
1531,2026-05-30 12:44:07.829879,2026/05/30 12:44:07.891,3,NVIDIA A100-SXM-64GB,134.95,48106,98
1532,2026-05-30 12:44:12.915822,2026/05/30 12:44:12.970,0,NVIDIA A100-SXM-64GB,158.97,48124,100
1533,2026-05-30 12:44:12.915822,2026/05/30 12:44:12.972,1,NVIDIA A100-SXM-64GB,153.03,48142,100
1534,2026-05-30 12:44:12.915822,2026/05/30 12:44:12.975,2,NVIDIA A100-SXM-64GB,152.70,48112,100
1535,2026-05-30 12:44:12.915822,2026/05/30 12:44:12.980,3,NVIDIA A100-SXM-64GB,178.61,48106,100
1536,2026-05-30 12:44:18.007979,2026/05/30 12:44:18.055,0,NVIDIA A100-SXM-64GB,148.29,48124,98
1537,2026-05-30 12:44:18.007979,2026/05/30 12:44:18.058,1,NVIDIA A100-SXM-64GB,151.77,48142,98
1538,2026-05-30 12:44:18.007979,2026/05/30 12:44:18.063,2,NVIDIA A100-SXM-64GB,147.20,48112,98
1539,2026-05-30 12:44:18.007979,2026/05/30 12:44:18.078,3,NVIDIA A100-SXM-64GB,146.29,48106,98
1540,2026-05-30 12:44:23.104633,2026/05/30 12:44:23.164,0,NVIDIA A100-SXM-64GB,202.27,48124,100
1541,2026-05-30 12:44:23.104633,2026/05/30 12:44:23.168,1,NVIDIA A100-SXM-64GB,226.47,48142,100
1542,2026-05-30 12:44:23.104633,2026/05/30 12:44:23.171,2,NVIDIA A100-SXM-64GB,155.78,48112,100
1543,2026-05-30 12:44:23.104633,2026/05/30 12:44:23.173,3,NVIDIA A100-SXM-64GB,207.72,48106,97
1544,2026-05-30 12:44:28.189194,2026/05/30 12:44:28.236,0,NVIDIA A100-SXM-64GB,148.29,48124,100
1545,2026-05-30 12:44:28.189194,2026/05/30 12:44:28.239,1,NVIDIA A100-SXM-64GB,148.57,48142,100
1546,2026-05-30 12:44:28.189194,2026/05/30 12:44:28.242,2,NVIDIA A100-SXM-64GB,145.34,48112,98
1547,2026-05-30 12:44:28.189194,2026/05/30 12:44:28.244,3,NVIDIA A100-SXM-64GB,136.62,48106,98
1548,2026-05-30 12:44:33.270945,2026/05/30 12:44:33.315,0,NVIDIA A100-SXM-64GB,155.30,48124,100
1549,2026-05-30 12:44:33.270945,2026/05/30 12:44:33.319,1,NVIDIA A100-SXM-64GB,152.53,48142,100
1550,2026-05-30 12:44:33.270945,2026/05/30 12:44:33.321,2,NVIDIA A100-SXM-64GB,156.06,48112,100
1551,2026-05-30 12:44:33.270945,2026/05/30 12:44:33.324,3,NVIDIA A100-SXM-64GB,150.26,48106,100
1552,2026-05-30 12:44:38.338354,2026/05/30 12:44:38.382,0,NVIDIA A100-SXM-64GB,166.16,48124,100
1553,2026-05-30 12:44:38.338354,2026/05/30 12:44:38.384,1,NVIDIA A100-SXM-64GB,166.94,48142,100
1554,2026-05-30 12:44:38.338354,2026/05/30 12:44:38.388,2,NVIDIA A100-SXM-64GB,179.03,48112,100
1555,2026-05-30 12:44:38.338354,2026/05/30 12:44:38.391,3,NVIDIA A100-SXM-64GB,159.79,48106,100
1556,2026-05-30 12:44:43.405123,2026/05/30 12:44:43.449,0,NVIDIA A100-SXM-64GB,157.00,48124,100
1557,2026-05-30 12:44:43.405123,2026/05/30 12:44:43.451,1,NVIDIA A100-SXM-64GB,139.71,48142,100
1558,2026-05-30 12:44:43.405123,2026/05/30 12:44:43.454,2,NVIDIA A100-SXM-64GB,170.78,48112,100
1559,2026-05-30 12:44:43.405123,2026/05/30 12:44:43.458,3,NVIDIA A100-SXM-64GB,143.21,48106,100
1560,2026-05-30 12:44:48.472746,2026/05/30 12:44:48.520,0,NVIDIA A100-SXM-64GB,173.00,48124,100
1561,2026-05-30 12:44:48.472746,2026/05/30 12:44:48.522,1,NVIDIA A100-SXM-64GB,170.03,48142,100
1562,2026-05-30 12:44:48.472746,2026/05/30 12:44:48.525,2,NVIDIA A100-SXM-64GB,190.02,48112,100
1563,2026-05-30 12:44:48.472746,2026/05/30 12:44:48.528,3,NVIDIA A100-SXM-64GB,173.38,48106,100
1564,2026-05-30 12:44:53.542296,2026/05/30 12:44:53.596,0,NVIDIA A100-SXM-64GB,154.97,48124,100
1565,2026-05-30 12:44:53.542296,2026/05/30 12:44:53.601,1,NVIDIA A100-SXM-64GB,175.08,48142,100
1566,2026-05-30 12:44:53.542296,2026/05/30 12:44:53.604,2,NVIDIA A100-SXM-64GB,169.52,48112,100
1567,2026-05-30 12:44:53.542296,2026/05/30 12:44:53.606,3,NVIDIA A100-SXM-64GB,165.13,48106,100
1568,2026-05-30 12:44:58.636116,2026/05/30 12:44:58.683,0,NVIDIA A100-SXM-64GB,177.88,48124,100
1569,2026-05-30 12:44:58.636116,2026/05/30 12:44:58.686,1,NVIDIA A100-SXM-64GB,186.07,48142,100
1570,2026-05-30 12:44:58.636116,2026/05/30 12:44:58.688,2,NVIDIA A100-SXM-64GB,176.89,48112,100
1571,2026-05-30 12:44:58.636116,2026/05/30 12:44:58.694,3,NVIDIA A100-SXM-64GB,171.57,48106,100
1572,2026-05-30 12:45:03.718077,2026/05/30 12:45:03.766,0,NVIDIA A100-SXM-64GB,174.81,48124,100
1573,2026-05-30 12:45:03.718077,2026/05/30 12:45:03.769,1,NVIDIA A100-SXM-64GB,173.38,48142,100
1574,2026-05-30 12:45:03.718077,2026/05/30 12:45:03.771,2,NVIDIA A100-SXM-64GB,152.26,48112,100
1575,2026-05-30 12:45:03.718077,2026/05/30 12:45:03.774,3,NVIDIA A100-SXM-64GB,151.65,48106,100
1576,2026-05-30 12:45:08.802139,2026/05/30 12:45:08.841,0,NVIDIA A100-SXM-64GB,126.11,48124,100
1577,2026-05-30 12:45:08.802139,2026/05/30 12:45:08.844,1,NVIDIA A100-SXM-64GB,154.68,48142,100
1578,2026-05-30 12:45:08.802139,2026/05/30 12:45:08.849,2,NVIDIA A100-SXM-64GB,178.70,48112,100
1579,2026-05-30 12:45:08.802139,2026/05/30 12:45:08.852,3,NVIDIA A100-SXM-64GB,139.19,48106,100
1580,2026-05-30 12:45:13.883317,2026/05/30 12:45:13.931,0,NVIDIA A100-SXM-64GB,161.39,48124,100
1581,2026-05-30 12:45:13.883317,2026/05/30 12:45:13.934,1,NVIDIA A100-SXM-64GB,153.47,48142,100
1582,2026-05-30 12:45:13.883317,2026/05/30 12:45:13.936,2,NVIDIA A100-SXM-64GB,146.27,48112,100
1583,2026-05-30 12:45:13.883317,2026/05/30 12:45:13.939,3,NVIDIA A100-SXM-64GB,145.64,48106,100
1584,2026-05-30 12:45:18.973254,2026/05/30 12:45:19.020,0,NVIDIA A100-SXM-64GB,169.00,48124,100
1585,2026-05-30 12:45:18.973254,2026/05/30 12:45:19.023,1,NVIDIA A100-SXM-64GB,193.11,48142,100
1586,2026-05-30 12:45:18.973254,2026/05/30 12:45:19.029,2,NVIDIA A100-SXM-64GB,166.17,48112,100
1587,2026-05-30 12:45:18.973254,2026/05/30 12:45:19.047,3,NVIDIA A100-SXM-64GB,179.82,48106,100
1588,2026-05-30 12:45:24.061795,2026/05/30 12:45:24.109,0,NVIDIA A100-SXM-64GB,181.22,48124,100
1589,2026-05-30 12:45:24.061795,2026/05/30 12:45:24.112,1,NVIDIA A100-SXM-64GB,181.45,48142,100
1590,2026-05-30 12:45:24.061795,2026/05/30 12:45:24.114,2,NVIDIA A100-SXM-64GB,158.97,48112,100
1591,2026-05-30 12:45:24.061795,2026/05/30 12:45:24.117,3,NVIDIA A100-SXM-64GB,162.05,48106,100
1592,2026-05-30 12:45:29.142037,2026/05/30 12:45:29.186,0,NVIDIA A100-SXM-64GB,166.26,48124,100
1593,2026-05-30 12:45:29.142037,2026/05/30 12:45:29.188,1,NVIDIA A100-SXM-64GB,191.90,48142,100
1594,2026-05-30 12:45:29.142037,2026/05/30 12:45:29.191,2,NVIDIA A100-SXM-64GB,166.77,48112,100
1595,2026-05-30 12:45:29.142037,2026/05/30 12:45:29.193,3,NVIDIA A100-SXM-64GB,168.82,48106,100
1596,2026-05-30 12:45:34.207884,2026/05/30 12:45:34.252,0,NVIDIA A100-SXM-64GB,144.28,48124,100
1597,2026-05-30 12:45:34.207884,2026/05/30 12:45:34.254,1,NVIDIA A100-SXM-64GB,168.49,48142,100
1598,2026-05-30 12:45:34.207884,2026/05/30 12:45:34.257,2,NVIDIA A100-SXM-64GB,174.41,48112,100
1599,2026-05-30 12:45:34.207884,2026/05/30 12:45:34.259,3,NVIDIA A100-SXM-64GB,144.42,48106,100
1600,2026-05-30 12:45:39.273746,2026/05/30 12:45:39.322,0,NVIDIA A100-SXM-64GB,169.93,48124,100
1601,2026-05-30 12:45:39.273746,2026/05/30 12:45:39.325,1,NVIDIA A100-SXM-64GB,193.71,48142,100
1602,2026-05-30 12:45:39.273746,2026/05/30 12:45:39.327,2,NVIDIA A100-SXM-64GB,188.82,48112,100
1603,2026-05-30 12:45:39.273746,2026/05/30 12:45:39.330,3,NVIDIA A100-SXM-64GB,173.89,48106,100
1604,2026-05-30 12:45:44.358355,2026/05/30 12:45:44.406,0,NVIDIA A100-SXM-64GB,149.16,48124,100
1605,2026-05-30 12:45:44.358355,2026/05/30 12:45:44.409,1,NVIDIA A100-SXM-64GB,184.25,48142,100
1606,2026-05-30 12:45:44.358355,2026/05/30 12:45:44.414,2,NVIDIA A100-SXM-64GB,174.41,48112,100
1607,2026-05-30 12:45:44.358355,2026/05/30 12:45:44.416,3,NVIDIA A100-SXM-64GB,153.62,48106,100
1608,2026-05-30 12:45:49.443222,2026/05/30 12:45:49.490,0,NVIDIA A100-SXM-64GB,176.02,48124,100
1609,2026-05-30 12:45:49.443222,2026/05/30 12:45:49.493,1,NVIDIA A100-SXM-64GB,178.28,48142,100
1610,2026-05-30 12:45:49.443222,2026/05/30 12:45:49.499,2,NVIDIA A100-SXM-64GB,167.38,48112,100
1611,2026-05-30 12:45:49.443222,2026/05/30 12:45:49.502,3,NVIDIA A100-SXM-64GB,177.67,48106,100
1612,2026-05-30 12:45:54.531209,2026/05/30 12:45:54.575,0,NVIDIA A100-SXM-64GB,155.58,48124,100
1613,2026-05-30 12:45:54.531209,2026/05/30 12:45:54.577,1,NVIDIA A100-SXM-64GB,180.15,48142,100
1614,2026-05-30 12:45:54.531209,2026/05/30 12:45:54.582,2,NVIDIA A100-SXM-64GB,169.35,48112,100
1615,2026-05-30 12:45:54.531209,2026/05/30 12:45:54.585,3,NVIDIA A100-SXM-64GB,144.75,48106,100
1616,2026-05-30 12:45:59.599983,2026/05/30 12:45:59.648,0,NVIDIA A100-SXM-64GB,144.77,48124,98
1617,2026-05-30 12:45:59.599983,2026/05/30 12:45:59.651,1,NVIDIA A100-SXM-64GB,150.56,48142,98
1618,2026-05-30 12:45:59.599983,2026/05/30 12:45:59.653,2,NVIDIA A100-SXM-64GB,145.34,48112,98
1619,2026-05-30 12:45:59.599983,2026/05/30 12:45:59.656,3,NVIDIA A100-SXM-64GB,142.00,48106,98
1620,2026-05-30 12:46:04.674132,2026/05/30 12:46:04.721,0,NVIDIA A100-SXM-64GB,151.30,48124,100
1621,2026-05-30 12:46:04.674132,2026/05/30 12:46:04.724,1,NVIDIA A100-SXM-64GB,161.11,48142,100
1622,2026-05-30 12:46:04.674132,2026/05/30 12:46:04.729,2,NVIDIA A100-SXM-64GB,157.93,48112,100
1623,2026-05-30 12:46:04.674132,2026/05/30 12:46:04.731,3,NVIDIA A100-SXM-64GB,134.95,48106,100
1624,2026-05-30 12:46:09.757229,2026/05/30 12:46:09.805,0,NVIDIA A100-SXM-64GB,147.18,48124,100
1625,2026-05-30 12:46:09.757229,2026/05/30 12:46:09.808,1,NVIDIA A100-SXM-64GB,196.79,48142,100
1626,2026-05-30 12:46:09.757229,2026/05/30 12:46:09.814,2,NVIDIA A100-SXM-64GB,143.85,48112,98
1627,2026-05-30 12:46:09.757229,2026/05/30 12:46:09.816,3,NVIDIA A100-SXM-64GB,127.57,48106,98
1628,2026-05-30 12:46:14.837423,2026/05/30 12:46:14.894,0,NVIDIA A100-SXM-64GB,173.88,48124,100
1629,2026-05-30 12:46:14.837423,2026/05/30 12:46:14.896,1,NVIDIA A100-SXM-64GB,156.22,48142,100
1630,2026-05-30 12:46:14.837423,2026/05/30 12:46:14.899,2,NVIDIA A100-SXM-64GB,151.16,48112,100
1631,2026-05-30 12:46:14.837423,2026/05/30 12:46:14.902,3,NVIDIA A100-SXM-64GB,142.00,48106,100
1632,2026-05-30 12:46:19.916284,2026/05/30 12:46:19.957,0,NVIDIA A100-SXM-64GB,187.96,48124,100
1633,2026-05-30 12:46:19.916284,2026/05/30 12:46:19.959,1,NVIDIA A100-SXM-64GB,154.68,48142,98
1634,2026-05-30 12:46:19.916284,2026/05/30 12:46:19.962,2,NVIDIA A100-SXM-64GB,199.33,48112,100
1635,2026-05-30 12:46:19.916284,2026/05/30 12:46:19.964,3,NVIDIA A100-SXM-64GB,135.42,48106,100
1636,2026-05-30 12:46:24.979327,2026/05/30 12:46:25.023,0,NVIDIA A100-SXM-64GB,143.41,48124,100
1637,2026-05-30 12:46:24.979327,2026/05/30 12:46:25.025,1,NVIDIA A100-SXM-64GB,178.10,48142,100
1638,2026-05-30 12:46:24.979327,2026/05/30 12:46:25.028,2,NVIDIA A100-SXM-64GB,144.73,48112,100
1639,2026-05-30 12:46:24.979327,2026/05/30 12:46:25.032,3,NVIDIA A100-SXM-64GB,143.34,48106,100
1640,2026-05-30 12:46:30.046722,2026/05/30 12:46:30.094,0,NVIDIA A100-SXM-64GB,150.58,48124,98
1641,2026-05-30 12:46:30.046722,2026/05/30 12:46:30.098,1,NVIDIA A100-SXM-64GB,147.35,48142,98
1642,2026-05-30 12:46:30.046722,2026/05/30 12:46:30.101,2,NVIDIA A100-SXM-64GB,149.18,48112,100
1643,2026-05-30 12:46:30.046722,2026/05/30 12:46:30.103,3,NVIDIA A100-SXM-64GB,140.73,48106,100
1644,2026-05-30 12:46:35.123598,2026/05/30 12:46:35.185,0,NVIDIA A100-SXM-64GB,148.11,48124,100
1645,2026-05-30 12:46:35.123598,2026/05/30 12:46:35.188,1,NVIDIA A100-SXM-64GB,147.35,48142,100
1646,2026-05-30 12:46:35.123598,2026/05/30 12:46:35.190,2,NVIDIA A100-SXM-64GB,135.69,48112,100
1647,2026-05-30 12:46:35.123598,2026/05/30 12:46:35.193,3,NVIDIA A100-SXM-64GB,141.67,48106,100
1648,2026-05-30 12:46:40.218428,2026/05/30 12:46:40.261,0,NVIDIA A100-SXM-64GB,146.30,48124,100
1649,2026-05-30 12:46:40.218428,2026/05/30 12:46:40.264,1,NVIDIA A100-SXM-64GB,139.38,48142,100
1650,2026-05-30 12:46:40.218428,2026/05/30 12:46:40.266,2,NVIDIA A100-SXM-64GB,145.82,48112,98
1651,2026-05-30 12:46:40.218428,2026/05/30 12:46:40.269,3,NVIDIA A100-SXM-64GB,124.21,48106,98
1652,2026-05-30 12:46:45.283617,2026/05/30 12:46:45.331,0,NVIDIA A100-SXM-64GB,144.77,48124,98
1653,2026-05-30 12:46:45.283617,2026/05/30 12:46:45.334,1,NVIDIA A100-SXM-64GB,153.34,48142,100
1654,2026-05-30 12:46:45.283617,2026/05/30 12:46:45.338,2,NVIDIA A100-SXM-64GB,149.78,48112,98
1655,2026-05-30 12:46:45.283617,2026/05/30 12:46:45.340,3,NVIDIA A100-SXM-64GB,137.98,48106,98
1656,2026-05-30 12:46:50.370585,2026/05/30 12:46:50.429,0,NVIDIA A100-SXM-64GB,134.67,48124,98
1657,2026-05-30 12:46:50.370585,2026/05/30 12:46:50.431,1,NVIDIA A100-SXM-64GB,134.95,48142,100
1658,2026-05-30 12:46:50.370585,2026/05/30 12:46:50.434,2,NVIDIA A100-SXM-64GB,147.35,48112,100
1659,2026-05-30 12:46:50.370585,2026/05/30 12:46:50.436,3,NVIDIA A100-SXM-64GB,149.93,48106,100
1660,2026-05-30 12:46:55.450913,2026/05/30 12:46:55.504,0,NVIDIA A100-SXM-64GB,136.34,48124,100
1661,2026-05-30 12:46:55.450913,2026/05/30 12:46:55.507,1,NVIDIA A100-SXM-64GB,137.98,48142,98
1662,2026-05-30 12:46:55.450913,2026/05/30 12:46:55.509,2,NVIDIA A100-SXM-64GB,139.05,48112,100
1663,2026-05-30 12:46:55.450913,2026/05/30 12:46:55.511,3,NVIDIA A100-SXM-64GB,125.55,48106,100
1664,2026-05-30 12:47:00.539361,2026/05/30 12:47:00.578,0,NVIDIA A100-SXM-64GB,172.58,48124,100
1665,2026-05-30 12:47:00.539361,2026/05/30 12:47:00.581,1,NVIDIA A100-SXM-64GB,174.59,48142,100
1666,2026-05-30 12:47:00.539361,2026/05/30 12:47:00.583,2,NVIDIA A100-SXM-64GB,169.09,48112,100
1667,2026-05-30 12:47:00.539361,2026/05/30 12:47:00.589,3,NVIDIA A100-SXM-64GB,146.29,48106,100
1668,2026-05-30 12:47:05.603790,2026/05/30 12:47:05.652,0,NVIDIA A100-SXM-64GB,130.39,48124,100
1669,2026-05-30 12:47:05.603790,2026/05/30 12:47:05.654,1,NVIDIA A100-SXM-64GB,136.96,48142,100
1670,2026-05-30 12:47:05.603790,2026/05/30 12:47:05.657,2,NVIDIA A100-SXM-64GB,135.69,48132,99
1671,2026-05-30 12:47:05.603790,2026/05/30 12:47:05.659,3,NVIDIA A100-SXM-64GB,169.59,48106,99
1672,2026-05-30 12:47:10.677151,2026/05/30 12:47:10.724,0,NVIDIA A100-SXM-64GB,179.09,48124,100
1673,2026-05-30 12:47:10.677151,2026/05/30 12:47:10.729,1,NVIDIA A100-SXM-64GB,168.32,48142,100
1674,2026-05-30 12:47:10.677151,2026/05/30 12:47:10.733,2,NVIDIA A100-SXM-64GB,164.36,48132,100
1675,2026-05-30 12:47:10.677151,2026/05/30 12:47:10.735,3,NVIDIA A100-SXM-64GB,165.13,48106,100
1676,2026-05-30 12:47:15.763510,2026/05/30 12:47:15.820,0,NVIDIA A100-SXM-64GB,152.06,48124,100
1677,2026-05-30 12:47:15.763510,2026/05/30 12:47:15.823,1,NVIDIA A100-SXM-64GB,190.36,48142,100
1678,2026-05-30 12:47:15.763510,2026/05/30 12:47:15.825,2,NVIDIA A100-SXM-64GB,168.92,48132,100
1679,2026-05-30 12:47:15.763510,2026/05/30 12:47:15.831,3,NVIDIA A100-SXM-64GB,156.82,48106,100
1680,2026-05-30 12:47:20.864985,2026/05/30 12:47:20.908,0,NVIDIA A100-SXM-64GB,158.04,48124,100
1681,2026-05-30 12:47:20.864985,2026/05/30 12:47:20.913,1,NVIDIA A100-SXM-64GB,162.38,48142,100
1682,2026-05-30 12:47:20.864985,2026/05/30 12:47:20.918,2,NVIDIA A100-SXM-64GB,181.03,48132,100
1683,2026-05-30 12:47:20.864985,2026/05/30 12:47:20.920,3,NVIDIA A100-SXM-64GB,145.03,48106,100
1684,2026-05-30 12:47:25.935245,2026/05/30 12:47:25.982,0,NVIDIA A100-SXM-64GB,177.55,48124,100
1685,2026-05-30 12:47:25.935245,2026/05/30 12:47:25.984,1,NVIDIA A100-SXM-64GB,200.47,48142,100
1686,2026-05-30 12:47:25.935245,2026/05/30 12:47:25.987,2,NVIDIA A100-SXM-64GB,130.66,48132,98
1687,2026-05-30 12:47:25.935245,2026/05/30 12:47:25.989,3,NVIDIA A100-SXM-64GB,178.61,48106,100
1688,2026-05-30 12:47:31.004650,2026/05/30 12:47:31.053,0,NVIDIA A100-SXM-64GB,138.21,48124,99
1689,2026-05-30 12:47:31.004650,2026/05/30 12:47:31.056,1,NVIDIA A100-SXM-64GB,144.73,48142,97
1690,2026-05-30 12:47:31.004650,2026/05/30 12:47:31.061,2,NVIDIA A100-SXM-64GB,144.13,48132,100
1691,2026-05-30 12:47:31.004650,2026/05/30 12:47:31.064,3,NVIDIA A100-SXM-64GB,141.85,48106,100
1692,2026-05-30 12:47:36.094121,2026/05/30 12:47:36.137,0,NVIDIA A100-SXM-64GB,121.23,48124,100
1693,2026-05-30 12:47:36.094121,2026/05/30 12:47:36.140,1,NVIDIA A100-SXM-64GB,139.05,48142,100
1694,2026-05-30 12:47:36.094121,2026/05/30 12:47:36.142,2,NVIDIA A100-SXM-64GB,97.12,48132,100
1695,2026-05-30 12:47:36.094121,2026/05/30 12:47:36.145,3,NVIDIA A100-SXM-64GB,138.91,48106,100
1696,2026-05-30 12:47:41.159422,2026/05/30 12:47:41.235,0,NVIDIA A100-SXM-64GB,192.51,48124,100
1697,2026-05-30 12:47:41.159422,2026/05/30 12:47:41.238,1,NVIDIA A100-SXM-64GB,234.44,48142,100
1698,2026-05-30 12:47:41.159422,2026/05/30 12:47:41.243,2,NVIDIA A100-SXM-64GB,132.94,48132,100
1699,2026-05-30 12:47:41.159422,2026/05/30 12:47:41.245,3,NVIDIA A100-SXM-64GB,184.44,48106,98
1700,2026-05-30 12:47:46.261816,2026/05/30 12:47:46.309,0,NVIDIA A100-SXM-64GB,143.56,48124,98
1701,2026-05-30 12:47:46.261816,2026/05/30 12:47:46.312,1,NVIDIA A100-SXM-64GB,149.78,48142,98
1702,2026-05-30 12:47:46.261816,2026/05/30 12:47:46.314,2,NVIDIA A100-SXM-64GB,144.28,48132,98
1703,2026-05-30 12:47:46.261816,2026/05/30 12:47:46.317,3,NVIDIA A100-SXM-64GB,136.43,48106,98
1704,2026-05-30 12:47:51.347703,2026/05/30 12:47:51.396,0,NVIDIA A100-SXM-64GB,145.98,48124,100
1705,2026-05-30 12:47:51.347703,2026/05/30 12:47:51.398,1,NVIDIA A100-SXM-64GB,177.67,48142,100
1706,2026-05-30 12:47:51.347703,2026/05/30 12:47:51.403,2,NVIDIA A100-SXM-64GB,178.88,48132,100
1707,2026-05-30 12:47:51.347703,2026/05/30 12:47:51.405,3,NVIDIA A100-SXM-64GB,143.36,48106,100
1708,2026-05-30 12:47:56.425763,2026/05/30 12:47:56.478,0,NVIDIA A100-SXM-64GB,147.51,48124,100
1709,2026-05-30 12:47:56.425763,2026/05/30 12:47:56.481,1,NVIDIA A100-SXM-64GB,146.57,48142,100
1710,2026-05-30 12:47:56.425763,2026/05/30 12:47:56.483,2,NVIDIA A100-SXM-64GB,167.71,48132,100
1711,2026-05-30 12:47:56.425763,2026/05/30 12:47:56.486,3,NVIDIA A100-SXM-64GB,153.17,48106,100
1712,2026-05-30 12:48:01.501125,2026/05/30 12:48:01.545,0,NVIDIA A100-SXM-64GB,169.17,48124,100
1713,2026-05-30 12:48:01.501125,2026/05/30 12:48:01.547,1,NVIDIA A100-SXM-64GB,170.03,48142,100
1714,2026-05-30 12:48:01.501125,2026/05/30 12:48:01.550,2,NVIDIA A100-SXM-64GB,139.99,48132,100
1715,2026-05-30 12:48:01.501125,2026/05/30 12:48:01.554,3,NVIDIA A100-SXM-64GB,146.57,48106,100
1716,2026-05-30 12:48:06.570883,2026/05/30 12:48:06.618,0,NVIDIA A100-SXM-64GB,184.48,48124,100
1717,2026-05-30 12:48:06.570883,2026/05/30 12:48:06.621,1,NVIDIA A100-SXM-64GB,189.01,48142,100
1718,2026-05-30 12:48:06.570883,2026/05/30 12:48:06.629,2,NVIDIA A100-SXM-64GB,171.99,48132,100
1719,2026-05-30 12:48:06.570883,2026/05/30 12:48:06.632,3,NVIDIA A100-SXM-64GB,184.11,48106,100
1720,2026-05-30 12:48:11.663662,2026/05/30 12:48:11.712,0,NVIDIA A100-SXM-64GB,160.02,48124,100
1721,2026-05-30 12:48:11.663662,2026/05/30 12:48:11.714,1,NVIDIA A100-SXM-64GB,161.94,48142,100
1722,2026-05-30 12:48:11.663662,2026/05/30 12:48:11.717,2,NVIDIA A100-SXM-64GB,157.76,48132,100
1723,2026-05-30 12:48:11.663662,2026/05/30 12:48:11.723,3,NVIDIA A100-SXM-64GB,152.24,48106,100
1724,2026-05-30 12:48:16.752715,2026/05/30 12:48:16.804,0,NVIDIA A100-SXM-64GB,131.60,48124,100
1725,2026-05-30 12:48:16.752715,2026/05/30 12:48:16.807,1,NVIDIA A100-SXM-64GB,166.94,48142,100
1726,2026-05-30 12:48:16.752715,2026/05/30 12:48:16.810,2,NVIDIA A100-SXM-64GB,144.28,48132,100
1727,2026-05-30 12:48:16.752715,2026/05/30 12:48:16.812,3,NVIDIA A100-SXM-64GB,118.16,48106,100
1728,2026-05-30 12:48:21.830804,2026/05/30 12:48:21.880,0,NVIDIA A100-SXM-64GB,143.83,48124,100
1729,2026-05-30 12:48:21.830804,2026/05/30 12:48:21.883,1,NVIDIA A100-SXM-64GB,134.81,48142,100
1730,2026-05-30 12:48:21.830804,2026/05/30 12:48:21.885,2,NVIDIA A100-SXM-64GB,149.18,48132,100
1731,2026-05-30 12:48:21.830804,2026/05/30 12:48:21.888,3,NVIDIA A100-SXM-64GB,157.92,48106,100
1732,2026-05-30 12:48:26.926598,2026/05/30 12:48:26.986,0,NVIDIA A100-SXM-64GB,142.62,48124,98
1733,2026-05-30 12:48:26.926598,2026/05/30 12:48:26.989,1,NVIDIA A100-SXM-64GB,135.42,48142,98
1734,2026-05-30 12:48:26.926598,2026/05/30 12:48:26.992,2,NVIDIA A100-SXM-64GB,129.25,48132,100
1735,2026-05-30 12:48:26.926598,2026/05/30 12:48:26.994,3,NVIDIA A100-SXM-64GB,132.47,48106,98
1736,2026-05-30 12:48:32.010526,2026/05/30 12:48:32.054,0,NVIDIA A100-SXM-64GB,129.18,48124,100
1737,2026-05-30 12:48:32.010526,2026/05/30 12:48:32.056,1,NVIDIA A100-SXM-64GB,140.73,48142,100
1738,2026-05-30 12:48:32.010526,2026/05/30 12:48:32.060,2,NVIDIA A100-SXM-64GB,160.84,48132,100
1739,2026-05-30 12:48:32.010526,2026/05/30 12:48:32.063,3,NVIDIA A100-SXM-64GB,153.62,48106,100
1740,2026-05-30 12:48:37.084663,2026/05/30 12:48:37.129,0,NVIDIA A100-SXM-64GB,127.98,48124,98
1741,2026-05-30 12:48:37.084663,2026/05/30 12:48:37.133,1,NVIDIA A100-SXM-64GB,121.45,48142,100
1742,2026-05-30 12:48:37.084663,2026/05/30 12:48:37.135,2,NVIDIA A100-SXM-64GB,147.03,48132,98
1743,2026-05-30 12:48:37.084663,2026/05/30 12:48:37.138,3,NVIDIA A100-SXM-64GB,132.14,48106,98
1744,2026-05-30 12:48:42.152806,2026/05/30 12:48:42.204,0,NVIDIA A100-SXM-64GB,136.67,48124,100
1745,2026-05-30 12:48:42.152806,2026/05/30 12:48:42.206,1,NVIDIA A100-SXM-64GB,134.81,48142,100
1746,2026-05-30 12:48:42.152806,2026/05/30 12:48:42.209,2,NVIDIA A100-SXM-64GB,172.75,48132,100
1747,2026-05-30 12:48:42.152806,2026/05/30 12:48:42.212,3,NVIDIA A100-SXM-64GB,129.58,48106,100
1748,2026-05-30 12:48:47.226500,2026/05/30 12:48:47.269,0,NVIDIA A100-SXM-64GB,146.15,48124,98
1749,2026-05-30 12:48:47.226500,2026/05/30 12:48:47.273,1,NVIDIA A100-SXM-64GB,139.05,48142,98
1750,2026-05-30 12:48:47.226500,2026/05/30 12:48:47.275,2,NVIDIA A100-SXM-64GB,149.95,48132,100
1751,2026-05-30 12:48:47.226500,2026/05/30 12:48:47.278,3,NVIDIA A100-SXM-64GB,140.31,48106,98
1752,2026-05-30 12:48:52.292910,2026/05/30 12:48:52.359,0,NVIDIA A100-SXM-64GB,155.30,48124,100
1753,2026-05-30 12:48:52.292910,2026/05/30 12:48:52.363,1,NVIDIA A100-SXM-64GB,203.49,48142,100
1754,2026-05-30 12:48:52.292910,2026/05/30 12:48:52.365,2,NVIDIA A100-SXM-64GB,182.20,48132,100
1755,2026-05-30 12:48:52.292910,2026/05/30 12:48:52.371,3,NVIDIA A100-SXM-64GB,186.26,48106,98
1756,2026-05-30 12:48:57.390622,2026/05/30 12:48:57.435,0,NVIDIA A100-SXM-64GB,136.67,48124,98
1757,2026-05-30 12:48:57.390622,2026/05/30 12:48:57.437,1,NVIDIA A100-SXM-64GB,145.82,48142,98
1758,2026-05-30 12:48:57.390622,2026/05/30 12:48:57.440,2,NVIDIA A100-SXM-64GB,146.60,48132,100
1759,2026-05-30 12:48:57.390622,2026/05/30 12:48:57.442,3,NVIDIA A100-SXM-64GB,134.01,48106,100
1760,2026-05-30 12:49:02.458031,2026/05/30 12:49:02.501,0,NVIDIA A100-SXM-64GB,134.53,48124,97
1761,2026-05-30 12:49:02.458031,2026/05/30 12:49:02.503,1,NVIDIA A100-SXM-64GB,141.52,48142,98
1762,2026-05-30 12:49:02.458031,2026/05/30 12:49:02.506,2,NVIDIA A100-SXM-64GB,145.99,48132,97
1763,2026-05-30 12:49:02.458031,2026/05/30 12:49:02.508,3,NVIDIA A100-SXM-64GB,129.85,48106,97
1764,2026-05-30 12:49:07.532616,2026/05/30 12:49:07.580,0,NVIDIA A100-SXM-64GB,150.85,48124,98
1765,2026-05-30 12:49:07.532616,2026/05/30 12:49:07.583,1,NVIDIA A100-SXM-64GB,151.32,48142,98
1766,2026-05-30 12:49:07.532616,2026/05/30 12:49:07.586,2,NVIDIA A100-SXM-64GB,139.99,48132,98
1767,2026-05-30 12:49:07.532616,2026/05/30 12:49:07.588,3,NVIDIA A100-SXM-64GB,139.19,48106,98
1768,2026-05-30 12:49:12.617104,2026/05/30 12:49:12.661,0,NVIDIA A100-SXM-64GB,138.62,48124,100
1769,2026-05-30 12:49:12.617104,2026/05/30 12:49:12.663,1,NVIDIA A100-SXM-64GB,129.99,48142,100
1770,2026-05-30 12:49:12.617104,2026/05/30 12:49:12.667,2,NVIDIA A100-SXM-64GB,134.81,48132,98
1771,2026-05-30 12:49:12.617104,2026/05/30 12:49:12.670,3,NVIDIA A100-SXM-64GB,131.87,48106,98
1772,2026-05-30 12:49:17.684916,2026/05/30 12:49:17.732,0,NVIDIA A100-SXM-64GB,149.65,48124,100
1773,2026-05-30 12:49:17.684916,2026/05/30 12:49:17.734,1,NVIDIA A100-SXM-64GB,146.29,48142,100
1774,2026-05-30 12:49:17.684916,2026/05/30 12:49:17.737,2,NVIDIA A100-SXM-64GB,145.21,48132,98
1775,2026-05-30 12:49:17.684916,2026/05/30 12:49:17.739,3,NVIDIA A100-SXM-64GB,136.76,48106,98
1776,2026-05-30 12:49:22.764617,2026/05/30 12:49:22.819,0,NVIDIA A100-SXM-64GB,142.30,48124,97
1777,2026-05-30 12:49:22.764617,2026/05/30 12:49:22.821,1,NVIDIA A100-SXM-64GB,158.52,48142,97
1778,2026-05-30 12:49:22.764617,2026/05/30 12:49:22.824,2,NVIDIA A100-SXM-64GB,137.23,48132,97
1779,2026-05-30 12:49:22.764617,2026/05/30 12:49:22.826,3,NVIDIA A100-SXM-64GB,135.83,48106,97
1780,2026-05-30 12:49:27.841078,2026/05/30 12:49:27.894,0,NVIDIA A100-SXM-64GB,185.08,48124,100
1781,2026-05-30 12:49:27.841078,2026/05/30 12:49:27.896,1,NVIDIA A100-SXM-64GB,140.13,48142,100
1782,2026-05-30 12:49:27.841078,2026/05/30 12:49:27.899,2,NVIDIA A100-SXM-64GB,176.13,48132,98
1783,2026-05-30 12:49:27.841078,2026/05/30 12:49:27.901,3,NVIDIA A100-SXM-64GB,162.21,48106,100
1784,2026-05-30 12:49:32.916696,2026/05/30 12:49:32.961,0,NVIDIA A100-SXM-64GB,146.30,48124,100
1785,2026-05-30 12:49:32.916696,2026/05/30 12:49:32.963,1,NVIDIA A100-SXM-64GB,163.26,48142,100
1786,2026-05-30 12:49:32.916696,2026/05/30 12:49:32.968,2,NVIDIA A100-SXM-64GB,162.65,48132,100
1787,2026-05-30 12:49:32.916696,2026/05/30 12:49:32.970,3,NVIDIA A100-SXM-64GB,141.34,48106,100
1788,2026-05-30 12:49:37.985297,2026/05/30 12:49:38.029,0,NVIDIA A100-SXM-64GB,177.88,48124,100
1789,2026-05-30 12:49:37.985297,2026/05/30 12:49:38.033,1,NVIDIA A100-SXM-64GB,172.78,48142,100
1790,2026-05-30 12:49:37.985297,2026/05/30 12:49:38.036,2,NVIDIA A100-SXM-64GB,160.95,48132,100
1791,2026-05-30 12:49:37.985297,2026/05/30 12:49:38.038,3,NVIDIA A100-SXM-64GB,177.67,48106,100
1792,2026-05-30 12:49:43.053393,2026/05/30 12:49:43.103,0,NVIDIA A100-SXM-64GB,157.11,48124,100
1793,2026-05-30 12:49:43.053393,2026/05/30 12:49:43.105,1,NVIDIA A100-SXM-64GB,158.36,48142,100
1794,2026-05-30 12:49:43.053393,2026/05/30 12:49:43.111,2,NVIDIA A100-SXM-64GB,181.45,48132,100
1795,2026-05-30 12:49:43.053393,2026/05/30 12:49:43.113,3,NVIDIA A100-SXM-64GB,156.82,48106,100
1796,2026-05-30 12:49:48.149934,2026/05/30 12:49:48.198,0,NVIDIA A100-SXM-64GB,183.96,48124,100
1797,2026-05-30 12:49:48.149934,2026/05/30 12:49:48.201,1,NVIDIA A100-SXM-64GB,177.22,48142,100
1798,2026-05-30 12:49:48.149934,2026/05/30 12:49:48.203,2,NVIDIA A100-SXM-64GB,158.97,48132,100
1799,2026-05-30 12:49:48.149934,2026/05/30 12:49:48.206,3,NVIDIA A100-SXM-64GB,162.21,48106,100
1800,2026-05-30 12:49:53.230938,2026/05/30 12:49:53.274,0,NVIDIA A100-SXM-64GB,130.12,48124,100
1801,2026-05-30 12:49:53.230938,2026/05/30 12:49:53.276,1,NVIDIA A100-SXM-64GB,150.26,48142,100
1802,2026-05-30 12:49:53.230938,2026/05/30 12:49:53.279,2,NVIDIA A100-SXM-64GB,139.71,48132,100
1803,2026-05-30 12:49:53.230938,2026/05/30 12:49:53.282,3,NVIDIA A100-SXM-64GB,125.22,48106,100
1804,2026-05-30 12:49:58.306615,2026/05/30 12:49:58.351,0,NVIDIA A100-SXM-64GB,166.76,48124,100
1805,2026-05-30 12:49:58.306615,2026/05/30 12:49:58.353,1,NVIDIA A100-SXM-64GB,160.24,48142,100
1806,2026-05-30 12:49:58.306615,2026/05/30 12:49:58.356,2,NVIDIA A100-SXM-64GB,155.01,48132,100
1807,2026-05-30 12:49:58.306615,2026/05/30 12:49:58.363,3,NVIDIA A100-SXM-64GB,169.59,48106,100
1808,2026-05-30 12:50:03.387610,2026/05/30 12:50:03.436,0,NVIDIA A100-SXM-64GB,130.72,48124,100
1809,2026-05-30 12:50:03.387610,2026/05/30 12:50:03.439,1,NVIDIA A100-SXM-64GB,163.26,48142,100
1810,2026-05-30 12:50:03.387610,2026/05/30 12:50:03.441,2,NVIDIA A100-SXM-64GB,149.95,48132,100
1811,2026-05-30 12:50:03.387610,2026/05/30 12:50:03.444,3,NVIDIA A100-SXM-64GB,144.75,48106,100
1812,2026-05-30 12:50:08.471326,2026/05/30 12:50:08.519,0,NVIDIA A100-SXM-64GB,171.74,48124,100
1813,2026-05-30 12:50:08.471326,2026/05/30 12:50:08.522,1,NVIDIA A100-SXM-64GB,194.65,48142,100
1814,2026-05-30 12:50:08.471326,2026/05/30 12:50:08.524,2,NVIDIA A100-SXM-64GB,186.48,48132,100
1815,2026-05-30 12:50:08.471326,2026/05/30 12:50:08.527,3,NVIDIA A100-SXM-64GB,171.24,48106,100
1816,2026-05-30 12:50:13.549958,2026/05/30 12:50:13.594,0,NVIDIA A100-SXM-64GB,152.84,48124,100
1817,2026-05-30 12:50:13.549958,2026/05/30 12:50:13.597,1,NVIDIA A100-SXM-64GB,165.57,48142,100
1818,2026-05-30 12:50:13.549958,2026/05/30 12:50:13.601,2,NVIDIA A100-SXM-64GB,123.02,48132,100
1819,2026-05-30 12:50:13.549958,2026/05/30 12:50:13.603,3,NVIDIA A100-SXM-64GB,143.06,48106,100
1820,2026-05-30 12:50:18.618602,2026/05/30 12:50:18.671,0,NVIDIA A100-SXM-64GB,170.87,48124,100
1821,2026-05-30 12:50:18.618602,2026/05/30 12:50:18.675,1,NVIDIA A100-SXM-64GB,190.96,48142,100
1822,2026-05-30 12:50:18.618602,2026/05/30 12:50:18.677,2,NVIDIA A100-SXM-64GB,175.08,48132,100
1823,2026-05-30 12:50:18.618602,2026/05/30 12:50:18.680,3,NVIDIA A100-SXM-64GB,164.53,48106,100
1824,2026-05-30 12:50:23.715619,2026/05/30 12:50:23.760,0,NVIDIA A100-SXM-64GB,178.48,48124,100
1825,2026-05-30 12:50:23.715619,2026/05/30 12:50:23.762,1,NVIDIA A100-SXM-64GB,165.74,48142,100
1826,2026-05-30 12:50:23.715619,2026/05/30 12:50:23.766,2,NVIDIA A100-SXM-64GB,136.82,48132,100
1827,2026-05-30 12:50:23.715619,2026/05/30 12:50:23.768,3,NVIDIA A100-SXM-64GB,166.01,48106,100
1828,2026-05-30 12:50:28.793620,2026/05/30 12:50:28.838,0,NVIDIA A100-SXM-64GB,134.26,48124,98
1829,2026-05-30 12:50:28.793620,2026/05/30 12:50:28.841,1,NVIDIA A100-SXM-64GB,152.10,48142,98
1830,2026-05-30 12:50:28.793620,2026/05/30 12:50:28.843,2,NVIDIA A100-SXM-64GB,149.95,48132,98
1831,2026-05-30 12:50:28.793620,2026/05/30 12:50:28.846,3,NVIDIA A100-SXM-64GB,132.80,48106,98
1832,2026-05-30 12:50:33.861050,2026/05/30 12:50:33.921,0,NVIDIA A100-SXM-64GB,165.33,48124,100
1833,2026-05-30 12:50:33.861050,2026/05/30 12:50:33.925,1,NVIDIA A100-SXM-64GB,179.03,48142,100
1834,2026-05-30 12:50:33.861050,2026/05/30 12:50:33.928,2,NVIDIA A100-SXM-64GB,172.27,48132,100
1835,2026-05-30 12:50:33.861050,2026/05/30 12:50:33.930,3,NVIDIA A100-SXM-64GB,184.44,48106,100
1836,2026-05-30 12:50:38.957102,2026/05/30 12:50:39.001,0,NVIDIA A100-SXM-64GB,150.70,48124,100
1837,2026-05-30 12:50:38.957102,2026/05/30 12:50:39.005,1,NVIDIA A100-SXM-64GB,149.50,48142,100
1838,2026-05-30 12:50:38.957102,2026/05/30 12:50:39.008,2,NVIDIA A100-SXM-64GB,146.27,48132,100
1839,2026-05-30 12:50:38.957102,2026/05/30 12:50:39.010,3,NVIDIA A100-SXM-64GB,134.01,48106,100
1840,2026-05-30 12:50:44.025989,2026/05/30 12:50:44.074,0,NVIDIA A100-SXM-64GB,153.17,48124,100
1841,2026-05-30 12:50:44.025989,2026/05/30 12:50:44.076,1,NVIDIA A100-SXM-64GB,185.74,48142,100
1842,2026-05-30 12:50:44.025989,2026/05/30 12:50:44.079,2,NVIDIA A100-SXM-64GB,179.03,48132,100
1843,2026-05-30 12:50:44.025989,2026/05/30 12:50:44.082,3,NVIDIA A100-SXM-64GB,149.33,48106,100
1844,2026-05-30 12:50:49.097326,2026/05/30 12:50:49.144,0,NVIDIA A100-SXM-64GB,147.84,48124,100
1845,2026-05-30 12:50:49.097326,2026/05/30 12:50:49.147,1,NVIDIA A100-SXM-64GB,179.21,48142,100
1846,2026-05-30 12:50:49.097326,2026/05/30 12:50:49.149,2,NVIDIA A100-SXM-64GB,179.03,48132,100
1847,2026-05-30 12:50:49.097326,2026/05/30 12:50:49.152,3,NVIDIA A100-SXM-64GB,140.13,48106,100
1848,2026-05-30 12:50:54.181143,2026/05/30 12:50:54.225,0,NVIDIA A100-SXM-64GB,170.71,48124,100
1849,2026-05-30 12:50:54.181143,2026/05/30 12:50:54.227,1,NVIDIA A100-SXM-64GB,158.69,48142,100
1850,2026-05-30 12:50:54.181143,2026/05/30 12:50:54.230,2,NVIDIA A100-SXM-64GB,154.68,48132,100
1851,2026-05-30 12:50:54.181143,2026/05/30 12:50:54.232,3,NVIDIA A100-SXM-64GB,134.29,48106,100
1852,2026-05-30 12:50:59.257610,2026/05/30 12:50:59.311,0,NVIDIA A100-SXM-64GB,165.99,48124,100
1853,2026-05-30 12:50:59.257610,2026/05/30 12:50:59.314,1,NVIDIA A100-SXM-64GB,183.79,48142,100
1854,2026-05-30 12:50:59.257610,2026/05/30 12:50:59.320,2,NVIDIA A100-SXM-64GB,185.13,48132,100
1855,2026-05-30 12:50:59.257610,2026/05/30 12:50:59.334,3,NVIDIA A100-SXM-64GB,178.01,48106,100
1856,2026-05-30 12:51:04.349490,2026/05/30 12:51:04.398,0,NVIDIA A100-SXM-64GB,161.88,48124,100
1857,2026-05-30 12:51:04.349490,2026/05/30 12:51:04.404,1,NVIDIA A100-SXM-64GB,152.53,48142,100
1858,2026-05-30 12:51:04.349490,2026/05/30 12:51:04.409,2,NVIDIA A100-SXM-64GB,158.81,48132,100
1859,2026-05-30 12:51:04.349490,2026/05/30 12:51:04.419,3,NVIDIA A100-SXM-64GB,169.26,48106,100
1860,2026-05-30 12:51:09.447107,2026/05/30 12:51:09.494,0,NVIDIA A100-SXM-64GB,166.87,48124,100
1861,2026-05-30 12:51:09.447107,2026/05/30 12:51:09.497,1,NVIDIA A100-SXM-64GB,173.11,48142,100
1862,2026-05-30 12:51:09.447107,2026/05/30 12:51:09.499,2,NVIDIA A100-SXM-64GB,187.00,48132,100
1863,2026-05-30 12:51:09.447107,2026/05/30 12:51:09.506,3,NVIDIA A100-SXM-64GB,179.82,48106,100
1864,2026-05-30 12:51:14.534379,2026/05/30 12:51:14.577,0,NVIDIA A100-SXM-64GB,175.32,48124,100
1865,2026-05-30 12:51:14.534379,2026/05/30 12:51:14.579,1,NVIDIA A100-SXM-64GB,170.30,48142,100
1866,2026-05-30 12:51:14.534379,2026/05/30 12:51:14.582,2,NVIDIA A100-SXM-64GB,167.55,48132,100
1867,2026-05-30 12:51:14.534379,2026/05/30 12:51:14.585,3,NVIDIA A100-SXM-64GB,168.05,48106,100
1868,2026-05-30 12:51:19.602655,2026/05/30 12:51:19.650,0,NVIDIA A100-SXM-64GB,143.56,48124,100
1869,2026-05-30 12:51:19.602655,2026/05/30 12:51:19.653,1,NVIDIA A100-SXM-64GB,143.48,48142,100
1870,2026-05-30 12:51:19.602655,2026/05/30 12:51:19.655,2,NVIDIA A100-SXM-64GB,141.85,48132,100
1871,2026-05-30 12:51:19.602655,2026/05/30 12:51:19.658,3,NVIDIA A100-SXM-64GB,134.15,48106,100
1872,2026-05-30 12:51:24.684130,2026/05/30 12:51:24.731,0,NVIDIA A100-SXM-64GB,149.47,48124,100
1873,2026-05-30 12:51:24.684130,2026/05/30 12:51:24.734,1,NVIDIA A100-SXM-64GB,152.08,48142,100
1874,2026-05-30 12:51:24.684130,2026/05/30 12:51:24.736,2,NVIDIA A100-SXM-64GB,155.01,48132,100
1875,2026-05-30 12:51:24.684130,2026/05/30 12:51:24.739,3,NVIDIA A100-SXM-64GB,156.87,48106,100
1876,2026-05-30 12:51:29.774607,2026/05/30 12:51:29.823,0,NVIDIA A100-SXM-64GB,165.23,48124,100
1877,2026-05-30 12:51:29.774607,2026/05/30 12:51:29.827,1,NVIDIA A100-SXM-64GB,168.05,48142,100
1878,2026-05-30 12:51:29.774607,2026/05/30 12:51:29.832,2,NVIDIA A100-SXM-64GB,179.21,48132,100
1879,2026-05-30 12:51:29.774607,2026/05/30 12:51:29.835,3,NVIDIA A100-SXM-64GB,176.92,48106,100
1880,2026-05-30 12:51:34.874614,2026/05/30 12:51:34.922,0,NVIDIA A100-SXM-64GB,175.59,48124,100
1881,2026-05-30 12:51:34.874614,2026/05/30 12:51:34.928,1,NVIDIA A100-SXM-64GB,162.05,48142,100
1882,2026-05-30 12:51:34.874614,2026/05/30 12:51:34.930,2,NVIDIA A100-SXM-64GB,170.03,48132,100
1883,2026-05-30 12:51:34.874614,2026/05/30 12:51:34.933,3,NVIDIA A100-SXM-64GB,145.64,48106,100
1884,2026-05-30 12:51:39.961371,2026/05/30 12:51:40.007,0,NVIDIA A100-SXM-64GB,140.91,48124,100
1885,2026-05-30 12:51:39.961371,2026/05/30 12:51:40.012,1,NVIDIA A100-SXM-64GB,138.59,48142,100
1886,2026-05-30 12:51:39.961371,2026/05/30 12:51:40.014,2,NVIDIA A100-SXM-64GB,144.15,48132,100
1887,2026-05-30 12:51:39.961371,2026/05/30 12:51:40.017,3,NVIDIA A100-SXM-64GB,131.67,48106,100
1888,2026-05-30 12:51:45.042645,2026/05/30 12:51:45.085,0,NVIDIA A100-SXM-64GB,135.14,48124,98
1889,2026-05-30 12:51:45.042645,2026/05/30 12:51:45.088,1,NVIDIA A100-SXM-64GB,154.23,48142,100
1890,2026-05-30 12:51:45.042645,2026/05/30 12:51:45.093,2,NVIDIA A100-SXM-64GB,177.40,48132,97
1891,2026-05-30 12:51:45.042645,2026/05/30 12:51:45.096,3,NVIDIA A100-SXM-64GB,130.79,48106,98
1892,2026-05-30 12:51:50.111148,2026/05/30 12:51:50.166,0,NVIDIA A100-SXM-64GB,186.02,48124,100
1893,2026-05-30 12:51:50.111148,2026/05/30 12:51:50.169,1,NVIDIA A100-SXM-64GB,189.34,48142,100
1894,2026-05-30 12:51:50.111148,2026/05/30 12:51:50.174,2,NVIDIA A100-SXM-64GB,186.87,48132,100
1895,2026-05-30 12:51:50.111148,2026/05/30 12:51:50.176,3,NVIDIA A100-SXM-64GB,185.51,48106,100
1896,2026-05-30 12:51:55.202635,2026/05/30 12:51:55.250,0,NVIDIA A100-SXM-64GB,147.18,48124,99
1897,2026-05-30 12:51:55.202635,2026/05/30 12:51:55.252,1,NVIDIA A100-SXM-64GB,153.34,48142,100
1898,2026-05-30 12:51:55.202635,2026/05/30 12:51:55.257,2,NVIDIA A100-SXM-64GB,132.80,48132,100
1899,2026-05-30 12:51:55.202635,2026/05/30 12:51:55.260,3,NVIDIA A100-SXM-64GB,144.90,48106,99
1900,2026-05-30 12:52:00.307613,2026/05/30 12:52:00.359,0,NVIDIA A100-SXM-64GB,193.04,48124,100
1901,2026-05-30 12:52:00.307613,2026/05/30 12:52:00.362,1,NVIDIA A100-SXM-64GB,180.61,48142,100
1902,2026-05-30 12:52:00.307613,2026/05/30 12:52:00.364,2,NVIDIA A100-SXM-64GB,180.43,48132,100
1903,2026-05-30 12:52:00.307613,2026/05/30 12:52:00.367,3,NVIDIA A100-SXM-64GB,162.54,48106,100
1904,2026-05-30 12:52:05.397435,2026/05/30 12:52:05.445,0,NVIDIA A100-SXM-64GB,171.32,48124,100
1905,2026-05-30 12:52:05.397435,2026/05/30 12:52:05.448,1,NVIDIA A100-SXM-64GB,170.03,48142,100
1906,2026-05-30 12:52:05.397435,2026/05/30 12:52:05.451,2,NVIDIA A100-SXM-64GB,148.90,48132,100
1907,2026-05-30 12:52:05.397435,2026/05/30 12:52:05.454,3,NVIDIA A100-SXM-64GB,152.68,48106,100
1908,2026-05-30 12:52:10.476793,2026/05/30 12:52:10.530,0,NVIDIA A100-SXM-64GB,156.34,48124,100
1909,2026-05-30 12:52:10.476793,2026/05/30 12:52:10.533,1,NVIDIA A100-SXM-64GB,156.82,48142,100
1910,2026-05-30 12:52:10.476793,2026/05/30 12:52:10.535,2,NVIDIA A100-SXM-64GB,149.02,48132,100
1911,2026-05-30 12:52:10.476793,2026/05/30 12:52:10.538,3,NVIDIA A100-SXM-64GB,141.34,48106,100
1912,2026-05-30 12:52:15.553750,2026/05/30 12:52:15.601,0,NVIDIA A100-SXM-64GB,160.18,48124,100
1913,2026-05-30 12:52:15.553750,2026/05/30 12:52:15.604,1,NVIDIA A100-SXM-64GB,146.14,48142,100
1914,2026-05-30 12:52:15.553750,2026/05/30 12:52:15.606,2,NVIDIA A100-SXM-64GB,153.91,48132,100
1915,2026-05-30 12:52:15.553750,2026/05/30 12:52:15.613,3,NVIDIA A100-SXM-64GB,155.49,48106,100
1916,2026-05-30 12:52:20.642457,2026/05/30 12:52:20.690,0,NVIDIA A100-SXM-64GB,169.93,48124,100
1917,2026-05-30 12:52:20.642457,2026/05/30 12:52:20.693,1,NVIDIA A100-SXM-64GB,166.94,48142,100
1918,2026-05-30 12:52:20.642457,2026/05/30 12:52:20.695,2,NVIDIA A100-SXM-64GB,160.67,48132,100
1919,2026-05-30 12:52:20.642457,2026/05/30 12:52:20.698,3,NVIDIA A100-SXM-64GB,172.78,48106,100
1920,2026-05-30 12:52:25.713622,2026/05/30 12:52:25.762,0,NVIDIA A100-SXM-64GB,173.88,48124,100
1921,2026-05-30 12:52:25.713622,2026/05/30 12:52:25.764,1,NVIDIA A100-SXM-64GB,180.58,48142,100
1922,2026-05-30 12:52:25.713622,2026/05/30 12:52:25.768,2,NVIDIA A100-SXM-64GB,173.81,48132,100
1923,2026-05-30 12:52:25.713622,2026/05/30 12:52:25.771,3,NVIDIA A100-SXM-64GB,160.51,48106,100
1924,2026-05-30 12:52:30.798308,2026/05/30 12:52:30.850,0,NVIDIA A100-SXM-64GB,167.80,48124,100
1925,2026-05-30 12:52:30.798308,2026/05/30 12:52:30.852,1,NVIDIA A100-SXM-64GB,192.97,48142,100
1926,2026-05-30 12:52:30.798308,2026/05/30 12:52:30.855,2,NVIDIA A100-SXM-64GB,155.18,48132,100
1927,2026-05-30 12:52:30.798308,2026/05/30 12:52:30.858,3,NVIDIA A100-SXM-64GB,179.07,48106,100
1928,2026-05-30 12:52:35.873650,2026/05/30 12:52:35.935,0,NVIDIA A100-SXM-64GB,116.68,48124,100
1929,2026-05-30 12:52:35.873650,2026/05/30 12:52:35.940,1,NVIDIA A100-SXM-64GB,124.21,48142,100
1930,2026-05-30 12:52:35.873650,2026/05/30 12:52:35.942,2,NVIDIA A100-SXM-64GB,147.03,48132,100
1931,2026-05-30 12:52:35.873650,2026/05/30 12:52:35.945,3,NVIDIA A100-SXM-64GB,118.76,48106,100
1932,2026-05-30 12:52:40.970622,2026/05/30 12:52:41.018,0,NVIDIA A100-SXM-64GB,177.46,48124,100
1933,2026-05-30 12:52:40.970622,2026/05/30 12:52:41.021,1,NVIDIA A100-SXM-64GB,168.49,48142,100
1934,2026-05-30 12:52:40.970622,2026/05/30 12:52:41.024,2,NVIDIA A100-SXM-64GB,141.20,48132,100
1935,2026-05-30 12:52:40.970622,2026/05/30 12:52:41.026,3,NVIDIA A100-SXM-64GB,158.25,48106,100
1936,2026-05-30 12:52:46.051615,2026/05/30 12:52:46.096,0,NVIDIA A100-SXM-64GB,132.86,48124,97
1937,2026-05-30 12:52:46.051615,2026/05/30 12:52:46.098,1,NVIDIA A100-SXM-64GB,138.31,48142,99
1938,2026-05-30 12:52:46.051615,2026/05/30 12:52:46.101,2,NVIDIA A100-SXM-64GB,120.40,48132,99
1939,2026-05-30 12:52:46.051615,2026/05/30 12:52:46.104,3,NVIDIA A100-SXM-64GB,124.61,48106,97
1940,2026-05-30 12:52:51.129620,2026/05/30 12:52:51.177,0,NVIDIA A100-SXM-64GB,188.24,48124,100
1941,2026-05-30 12:52:51.129620,2026/05/30 12:52:51.180,1,NVIDIA A100-SXM-64GB,174.32,48142,100
1942,2026-05-30 12:52:51.129620,2026/05/30 12:52:51.182,2,NVIDIA A100-SXM-64GB,178.01,48132,100
1943,2026-05-30 12:52:51.129620,2026/05/30 12:52:51.186,3,NVIDIA A100-SXM-64GB,183.36,48106,100
1944,2026-05-30 12:52:56.224615,2026/05/30 12:52:56.273,0,NVIDIA A100-SXM-64GB,166.26,48124,100
1945,2026-05-30 12:52:56.224615,2026/05/30 12:52:56.276,1,NVIDIA A100-SXM-64GB,176.28,48142,100
1946,2026-05-30 12:52:56.224615,2026/05/30 12:52:56.278,2,NVIDIA A100-SXM-64GB,174.74,48132,100
1947,2026-05-30 12:52:56.224615,2026/05/30 12:52:56.281,3,NVIDIA A100-SXM-64GB,159.63,48106,100
1948,2026-05-30 12:53:01.307760,2026/05/30 12:53:01.355,0,NVIDIA A100-SXM-64GB,164.29,48124,100
1949,2026-05-30 12:53:01.307760,2026/05/30 12:53:01.358,1,NVIDIA A100-SXM-64GB,176.74,48142,100
1950,2026-05-30 12:53:01.307760,2026/05/30 12:53:01.360,2,NVIDIA A100-SXM-64GB,178.43,48132,100
1951,2026-05-30 12:53:01.307760,2026/05/30 12:53:01.363,3,NVIDIA A100-SXM-64GB,175.71,48106,100
1952,2026-05-30 12:53:06.391528,2026/05/30 12:53:06.439,0,NVIDIA A100-SXM-64GB,167.36,48124,100
1953,2026-05-30 12:53:06.391528,2026/05/30 12:53:06.444,1,NVIDIA A100-SXM-64GB,181.36,48142,100
1954,2026-05-30 12:53:06.391528,2026/05/30 12:53:06.446,2,NVIDIA A100-SXM-64GB,167.28,48132,100
1955,2026-05-30 12:53:06.391528,2026/05/30 12:53:06.449,3,NVIDIA A100-SXM-64GB,154.55,48106,100
1956,2026-05-30 12:53:11.478507,2026/05/30 12:53:11.521,0,NVIDIA A100-SXM-64GB,174.99,48124,100
1957,2026-05-30 12:53:11.478507,2026/05/30 12:53:11.523,1,NVIDIA A100-SXM-64GB,180.76,48142,100
1958,2026-05-30 12:53:11.478507,2026/05/30 12:53:11.526,2,NVIDIA A100-SXM-64GB,172.44,48132,100
1959,2026-05-30 12:53:11.478507,2026/05/30 12:53:11.528,3,NVIDIA A100-SXM-64GB,156.98,48106,100
1960,2026-05-30 12:53:16.544847,2026/05/30 12:53:16.592,0,NVIDIA A100-SXM-64GB,174.38,48124,100
1961,2026-05-30 12:53:16.544847,2026/05/30 12:53:16.595,1,NVIDIA A100-SXM-64GB,175.53,48142,100
1962,2026-05-30 12:53:16.544847,2026/05/30 12:53:16.597,2,NVIDIA A100-SXM-64GB,179.49,48132,100
1963,2026-05-30 12:53:16.544847,2026/05/30 12:53:16.600,3,NVIDIA A100-SXM-64GB,164.36,48106,100
1964,2026-05-30 12:53:21.625587,2026/05/30 12:53:21.691,0,NVIDIA A100-SXM-64GB,128.26,48124,100
1965,2026-05-30 12:53:21.625587,2026/05/30 12:53:21.694,1,NVIDIA A100-SXM-64GB,116.50,48142,100
1966,2026-05-30 12:53:21.625587,2026/05/30 12:53:21.696,2,NVIDIA A100-SXM-64GB,144.60,48132,100
1967,2026-05-30 12:53:21.625587,2026/05/30 12:53:21.699,3,NVIDIA A100-SXM-64GB,120.64,48106,100
1968,2026-05-30 12:53:26.738608,2026/05/30 12:53:26.792,0,NVIDIA A100-SXM-64GB,232.52,48124,100
1969,2026-05-30 12:53:26.738608,2026/05/30 12:53:26.794,1,NVIDIA A100-SXM-64GB,182.57,48142,98
1970,2026-05-30 12:53:26.738608,2026/05/30 12:53:26.797,2,NVIDIA A100-SXM-64GB,129.58,48132,100
1971,2026-05-30 12:53:26.738608,2026/05/30 12:53:26.799,3,NVIDIA A100-SXM-64GB,114.68,48106,100
1972,2026-05-30 12:53:31.816109,2026/05/30 12:53:31.859,0,NVIDIA A100-SXM-64GB,121.84,48124,100
1973,2026-05-30 12:53:31.816109,2026/05/30 12:53:31.863,1,NVIDIA A100-SXM-64GB,123.60,48142,100
1974,2026-05-30 12:53:31.816109,2026/05/30 12:53:31.866,2,NVIDIA A100-SXM-64GB,142.59,48132,98
1975,2026-05-30 12:53:31.816109,2026/05/30 12:53:31.868,3,NVIDIA A100-SXM-64GB,122.94,48106,100
1976,2026-05-30 12:53:36.904608,2026/05/30 12:53:36.948,0,NVIDIA A100-SXM-64GB,231.85,48124,97
1977,2026-05-30 12:53:36.904608,2026/05/30 12:53:36.951,1,NVIDIA A100-SXM-64GB,178.88,48142,100
1978,2026-05-30 12:53:36.904608,2026/05/30 12:53:36.956,2,NVIDIA A100-SXM-64GB,122.06,48132,97
1979,2026-05-30 12:53:36.904608,2026/05/30 12:53:36.959,3,NVIDIA A100-SXM-64GB,226.70,48106,97
1980,2026-05-30 12:53:41.975400,2026/05/30 12:53:42.019,0,NVIDIA A100-SXM-64GB,121.08,48124,98
1981,2026-05-30 12:53:41.975400,2026/05/30 12:53:42.023,1,NVIDIA A100-SXM-64GB,138.45,48142,100
1982,2026-05-30 12:53:41.975400,2026/05/30 12:53:42.025,2,NVIDIA A100-SXM-64GB,134.48,48132,100
1983,2026-05-30 12:53:41.975400,2026/05/30 12:53:42.027,3,NVIDIA A100-SXM-64GB,117.28,48106,98
1984,2026-05-30 12:53:47.053610,2026/05/30 12:53:47.098,0,NVIDIA A100-SXM-64GB,158.97,48124,100
1985,2026-05-30 12:53:47.053610,2026/05/30 12:53:47.103,1,NVIDIA A100-SXM-64GB,140.59,48142,98
1986,2026-05-30 12:53:47.053610,2026/05/30 12:53:47.105,2,NVIDIA A100-SXM-64GB,120.40,48132,98
1987,2026-05-30 12:53:47.053610,2026/05/30 12:53:47.108,3,NVIDIA A100-SXM-64GB,159.30,48106,100
1988,2026-05-30 12:53:52.124041,2026/05/30 12:53:52.165,0,NVIDIA A100-SXM-64GB,170.54,48124,100
1989,2026-05-30 12:53:52.124041,2026/05/30 12:53:52.167,1,NVIDIA A100-SXM-64GB,175.53,48142,100
1990,2026-05-30 12:53:52.124041,2026/05/30 12:53:52.170,2,NVIDIA A100-SXM-64GB,195.57,48132,100
1991,2026-05-30 12:53:52.124041,2026/05/30 12:53:52.176,3,NVIDIA A100-SXM-64GB,171.13,48106,100
1992,2026-05-30 12:53:57.204992,2026/05/30 12:53:57.249,0,NVIDIA A100-SXM-64GB,130.12,48124,100
1993,2026-05-30 12:53:57.204992,2026/05/30 12:53:57.251,1,NVIDIA A100-SXM-64GB,171.84,48142,100
1994,2026-05-30 12:53:57.204992,2026/05/30 12:53:57.254,2,NVIDIA A100-SXM-64GB,156.06,48132,100
1995,2026-05-30 12:53:57.204992,2026/05/30 12:53:57.256,3,NVIDIA A100-SXM-64GB,126.36,48106,100
1996,2026-05-30 12:54:02.272913,2026/05/30 12:54:02.320,0,NVIDIA A100-SXM-64GB,137.14,48124,98
1997,2026-05-30 12:54:02.272913,2026/05/30 12:54:02.326,1,NVIDIA A100-SXM-64GB,144.60,48142,100
1998,2026-05-30 12:54:02.272913,2026/05/30 12:54:02.328,2,NVIDIA A100-SXM-64GB,137.09,48132,98
1999,2026-05-30 12:54:02.272913,2026/05/30 12:54:02.331,3,NVIDIA A100-SXM-64GB,133.41,48106,98
2000,2026-05-30 12:54:07.369613,2026/05/30 12:54:07.427,0,NVIDIA A100-SXM-64GB,210.81,48124,100
2001,2026-05-30 12:54:07.369613,2026/05/30 12:54:07.429,1,NVIDIA A100-SXM-64GB,166.34,48142,100
2002,2026-05-30 12:54:07.369613,2026/05/30 12:54:07.432,2,NVIDIA A100-SXM-64GB,169.69,48132,100
2003,2026-05-30 12:54:07.369613,2026/05/30 12:54:07.435,3,NVIDIA A100-SXM-64GB,185.93,48106,100
2004,2026-05-30 12:54:12.451440,2026/05/30 12:54:12.512,0,NVIDIA A100-SXM-64GB,138.95,48124,100
2005,2026-05-30 12:54:12.451440,2026/05/30 12:54:12.515,1,NVIDIA A100-SXM-64GB,126.50,48142,98
2006,2026-05-30 12:54:12.451440,2026/05/30 12:54:12.518,2,NVIDIA A100-SXM-64GB,128.98,48132,100
2007,2026-05-30 12:54:12.451440,2026/05/30 12:54:12.520,3,NVIDIA A100-SXM-64GB,142.27,48106,100
2008,2026-05-30 12:54:17.536044,2026/05/30 12:54:17.606,0,NVIDIA A100-SXM-64GB,131.93,48124,100
2009,2026-05-30 12:54:17.536044,2026/05/30 12:54:17.608,1,NVIDIA A100-SXM-64GB,203.10,48142,100
2010,2026-05-30 12:54:17.536044,2026/05/30 12:54:17.625,2,NVIDIA A100-SXM-64GB,201.68,48132,100
2011,2026-05-30 12:54:17.536044,2026/05/30 12:54:17.628,3,NVIDIA A100-SXM-64GB,133.68,48106,98
2012,2026-05-30 12:54:22.644247,2026/05/30 12:54:22.697,0,NVIDIA A100-SXM-64GB,167.46,48124,100
2013,2026-05-30 12:54:22.644247,2026/05/30 12:54:22.700,1,NVIDIA A100-SXM-64GB,178.70,48142,100
2014,2026-05-30 12:54:22.644247,2026/05/30 12:54:22.704,2,NVIDIA A100-SXM-64GB,203.95,48132,100
2015,2026-05-30 12:54:22.644247,2026/05/30 12:54:22.707,3,NVIDIA A100-SXM-64GB,175.86,48106,100
2016,2026-05-30 12:54:27.724779,2026/05/30 12:54:27.769,0,NVIDIA A100-SXM-64GB,132.86,48124,100
2017,2026-05-30 12:54:27.724779,2026/05/30 12:54:27.772,1,NVIDIA A100-SXM-64GB,179.31,48142,100
2018,2026-05-30 12:54:27.724779,2026/05/30 12:54:27.774,2,NVIDIA A100-SXM-64GB,163.75,48132,100
2019,2026-05-30 12:54:27.724779,2026/05/30 12:54:27.776,3,NVIDIA A100-SXM-64GB,131.87,48106,100
2020,2026-05-30 12:54:32.802617,2026/05/30 12:54:32.851,0,NVIDIA A100-SXM-64GB,137.75,48124,100
2021,2026-05-30 12:54:32.802617,2026/05/30 12:54:32.854,1,NVIDIA A100-SXM-64GB,137.84,48142,98
2022,2026-05-30 12:54:32.802617,2026/05/30 12:54:32.856,2,NVIDIA A100-SXM-64GB,147.81,48132,98
2023,2026-05-30 12:54:32.802617,2026/05/30 12:54:32.863,3,NVIDIA A100-SXM-64GB,128.17,48106,100
2024,2026-05-30 12:54:37.899037,2026/05/30 12:54:37.947,0,NVIDIA A100-SXM-64GB,131.33,48124,100
2025,2026-05-30 12:54:37.899037,2026/05/30 12:54:37.950,1,NVIDIA A100-SXM-64GB,197.60,48142,100
2026,2026-05-30 12:54:37.899037,2026/05/30 12:54:37.952,2,NVIDIA A100-SXM-64GB,229.92,48132,100
2027,2026-05-30 12:54:37.899037,2026/05/30 12:54:37.955,3,NVIDIA A100-SXM-64GB,131.26,48106,100
2028,2026-05-30 12:54:42.970895,2026/05/30 12:54:43.032,0,NVIDIA A100-SXM-64GB,127.32,48124,100
2029,2026-05-30 12:54:42.970895,2026/05/30 12:54:43.035,1,NVIDIA A100-SXM-64GB,138.17,48142,98
2030,2026-05-30 12:54:42.970895,2026/05/30 12:54:43.037,2,NVIDIA A100-SXM-64GB,144.73,48132,100
2031,2026-05-30 12:54:42.970895,2026/05/30 12:54:43.041,3,NVIDIA A100-SXM-64GB,127.84,48106,100
2032,2026-05-30 12:54:48.063527,2026/05/30 12:54:48.109,0,NVIDIA A100-SXM-64GB,135.28,48124,97
2033,2026-05-30 12:54:48.063527,2026/05/30 12:54:48.111,1,NVIDIA A100-SXM-64GB,131.40,48142,100
2034,2026-05-30 12:54:48.063527,2026/05/30 12:54:48.114,2,NVIDIA A100-SXM-64GB,129.25,48132,97
2035,2026-05-30 12:54:48.063527,2026/05/30 12:54:48.116,3,NVIDIA A100-SXM-64GB,137.37,48106,97
2036,2026-05-30 12:54:53.132398,2026/05/30 12:54:53.180,0,NVIDIA A100-SXM-64GB,180.02,48124,100
2037,2026-05-30 12:54:53.132398,2026/05/30 12:54:53.186,1,NVIDIA A100-SXM-64GB,163.26,48142,100
2038,2026-05-30 12:54:53.132398,2026/05/30 12:54:53.210,2,NVIDIA A100-SXM-64GB,173.21,48132,100
2039,2026-05-30 12:54:53.132398,2026/05/30 12:54:53.213,3,NVIDIA A100-SXM-64GB,170.96,48106,100
2040,2026-05-30 12:54:58.239937,2026/05/30 12:54:58.292,0,NVIDIA A100-SXM-64GB,144.16,48124,100
2041,2026-05-30 12:54:58.239937,2026/05/30 12:54:58.295,1,NVIDIA A100-SXM-64GB,133.41,48142,100
2042,2026-05-30 12:54:58.239937,2026/05/30 12:54:58.298,2,NVIDIA A100-SXM-64GB,127.44,48132,100
2043,2026-05-30 12:54:58.239937,2026/05/30 12:54:58.300,3,NVIDIA A100-SXM-64GB,166.51,48106,100
2044,2026-05-30 12:55:03.333612,2026/05/30 12:55:03.378,0,NVIDIA A100-SXM-64GB,119.69,48124,100
2045,2026-05-30 12:55:03.333612,2026/05/30 12:55:03.380,1,NVIDIA A100-SXM-64GB,127.44,48142,100
2046,2026-05-30 12:55:03.333612,2026/05/30 12:55:03.384,2,NVIDIA A100-SXM-64GB,126.23,48132,100
2047,2026-05-30 12:55:03.333612,2026/05/30 12:55:03.387,3,NVIDIA A100-SXM-64GB,108.35,48106,100
2048,2026-05-30 12:55:08.413613,2026/05/30 12:55:08.457,0,NVIDIA A100-SXM-64GB,136.67,48124,97
2049,2026-05-30 12:55:08.413613,2026/05/30 12:55:08.459,1,NVIDIA A100-SXM-64GB,139.99,48142,97
2050,2026-05-30 12:55:08.413613,2026/05/30 12:55:08.462,2,NVIDIA A100-SXM-64GB,133.74,48132,99
2051,2026-05-30 12:55:08.413613,2026/05/30 12:55:08.464,3,NVIDIA A100-SXM-64GB,139.99,48106,97
2052,2026-05-30 12:55:13.490615,2026/05/30 12:55:13.539,0,NVIDIA A100-SXM-64GB,146.15,48124,98
2053,2026-05-30 12:55:13.490615,2026/05/30 12:55:13.542,1,NVIDIA A100-SXM-64GB,116.10,48142,100
2054,2026-05-30 12:55:13.490615,2026/05/30 12:55:13.544,2,NVIDIA A100-SXM-64GB,121.60,48132,100
2055,2026-05-30 12:55:13.490615,2026/05/30 12:55:13.546,3,NVIDIA A100-SXM-64GB,141.34,48106,99
2056,2026-05-30 12:55:18.565837,2026/05/30 12:55:18.625,0,NVIDIA A100-SXM-64GB,135.88,48124,100
2057,2026-05-30 12:55:18.565837,2026/05/30 12:55:18.630,1,NVIDIA A100-SXM-64GB,203.49,48142,100
2058,2026-05-30 12:55:18.565837,2026/05/30 12:55:18.633,2,NVIDIA A100-SXM-64GB,207.90,48132,100
2059,2026-05-30 12:55:18.565837,2026/05/30 12:55:18.635,3,NVIDIA A100-SXM-64GB,166.01,48106,100
2060,2026-05-30 12:55:23.661748,2026/05/30 12:55:23.706,0,NVIDIA A100-SXM-64GB,135.46,48124,98
2061,2026-05-30 12:55:23.661748,2026/05/30 12:55:23.710,1,NVIDIA A100-SXM-64GB,147.35,48142,98
2062,2026-05-30 12:55:23.661748,2026/05/30 12:55:23.713,2,NVIDIA A100-SXM-64GB,142.59,48132,98
2063,2026-05-30 12:55:23.661748,2026/05/30 12:55:23.716,3,NVIDIA A100-SXM-64GB,138.45,48106,98
2064,2026-05-30 12:55:28.731996,2026/05/30 12:55:28.776,0,NVIDIA A100-SXM-64GB,138.02,48124,95
2065,2026-05-30 12:55:28.731996,2026/05/30 12:55:28.778,1,NVIDIA A100-SXM-64GB,206.24,48142,100
2066,2026-05-30 12:55:28.731996,2026/05/30 12:55:28.784,2,NVIDIA A100-SXM-64GB,127.71,48132,97
2067,2026-05-30 12:55:28.731996,2026/05/30 12:55:28.786,3,NVIDIA A100-SXM-64GB,166.34,48106,97
2068,2026-05-30 12:55:33.803440,2026/05/30 12:55:33.847,0,NVIDIA A100-SXM-64GB,141.27,48124,100
2069,2026-05-30 12:55:33.803440,2026/05/30 12:55:33.849,1,NVIDIA A100-SXM-64GB,132.67,48142,98
2070,2026-05-30 12:55:33.803440,2026/05/30 12:55:33.856,2,NVIDIA A100-SXM-64GB,138.30,48132,100
2071,2026-05-30 12:55:33.803440,2026/05/30 12:55:33.858,3,NVIDIA A100-SXM-64GB,136.62,48106,100
2072,2026-05-30 12:55:38.874488,2026/05/30 12:55:38.939,0,NVIDIA A100-SXM-64GB,136.20,48124,100
2073,2026-05-30 12:55:38.874488,2026/05/30 12:55:38.942,1,NVIDIA A100-SXM-64GB,167.55,48142,98
2074,2026-05-30 12:55:38.874488,2026/05/30 12:55:38.944,2,NVIDIA A100-SXM-64GB,204.43,48132,100
2075,2026-05-30 12:55:38.874488,2026/05/30 12:55:38.947,3,NVIDIA A100-SXM-64GB,129.11,48106,100
2076,2026-05-30 12:55:43.963627,2026/05/30 12:55:44.008,0,NVIDIA A100-SXM-64GB,127.32,48124,98
2077,2026-05-30 12:55:43.963627,2026/05/30 12:55:44.010,1,NVIDIA A100-SXM-64GB,149.18,48142,98
2078,2026-05-30 12:55:43.963627,2026/05/30 12:55:44.016,2,NVIDIA A100-SXM-64GB,140.78,48132,98
2079,2026-05-30 12:55:43.963627,2026/05/30 12:55:44.018,3,NVIDIA A100-SXM-64GB,132.14,48106,98
2080,2026-05-30 12:55:49.034882,2026/05/30 12:55:49.087,0,NVIDIA A100-SXM-64GB,197.71,48124,100
2081,2026-05-30 12:55:49.034882,2026/05/30 12:55:49.091,1,NVIDIA A100-SXM-64GB,179.49,48142,100
2082,2026-05-30 12:55:49.034882,2026/05/30 12:55:49.096,2,NVIDIA A100-SXM-64GB,146.75,48132,100
2083,2026-05-30 12:55:49.034882,2026/05/30 12:55:49.099,3,NVIDIA A100-SXM-64GB,188.60,48106,100
2084,2026-05-30 12:55:54.127955,2026/05/30 12:55:54.172,0,NVIDIA A100-SXM-64GB,134.07,48124,98
2085,2026-05-30 12:55:54.127955,2026/05/30 12:55:54.174,1,NVIDIA A100-SXM-64GB,137.23,48142,98
2086,2026-05-30 12:55:54.127955,2026/05/30 12:55:54.177,2,NVIDIA A100-SXM-64GB,144.00,48132,98
2087,2026-05-30 12:55:54.127955,2026/05/30 12:55:54.180,3,NVIDIA A100-SXM-64GB,129.99,48106,98
2088,2026-05-30 12:55:59.206610,2026/05/30 12:55:59.263,0,NVIDIA A100-SXM-64GB,132.67,48124,100
2089,2026-05-30 12:55:59.206610,2026/05/30 12:55:59.265,1,NVIDIA A100-SXM-64GB,155.49,48142,100
2090,2026-05-30 12:55:59.206610,2026/05/30 12:55:59.268,2,NVIDIA A100-SXM-64GB,200.35,48132,100
2091,2026-05-30 12:55:59.206610,2026/05/30 12:55:59.270,3,NVIDIA A100-SXM-64GB,137.51,48106,100
2092,2026-05-30 12:56:04.297260,2026/05/30 12:56:04.341,0,NVIDIA A100-SXM-64GB,130.39,48124,99
2093,2026-05-30 12:56:04.297260,2026/05/30 12:56:04.343,1,NVIDIA A100-SXM-64GB,143.48,48142,98
2094,2026-05-30 12:56:04.297260,2026/05/30 12:56:04.346,2,NVIDIA A100-SXM-64GB,141.52,48132,98
2095,2026-05-30 12:56:04.297260,2026/05/30 12:56:04.348,3,NVIDIA A100-SXM-64GB,119.70,48106,99
2096,2026-05-30 12:56:09.385536,2026/05/30 12:56:09.444,0,NVIDIA A100-SXM-64GB,154.53,48124,100
2097,2026-05-30 12:56:09.385536,2026/05/30 12:56:09.446,1,NVIDIA A100-SXM-64GB,199.41,48142,100
2098,2026-05-30 12:56:09.385536,2026/05/30 12:56:09.450,2,NVIDIA A100-SXM-64GB,176.74,48132,100
2099,2026-05-30 12:56:09.385536,2026/05/30 12:56:09.455,3,NVIDIA A100-SXM-64GB,191.35,48106,100
2100,2026-05-30 12:56:14.480000,2026/05/30 12:56:14.519,0,NVIDIA A100-SXM-64GB,105.16,48124,90
2101,2026-05-30 12:56:14.480000,2026/05/30 12:56:14.522,1,NVIDIA A100-SXM-64GB,152.08,48142,98
2102,2026-05-30 12:56:14.480000,2026/05/30 12:56:14.524,2,NVIDIA A100-SXM-64GB,89.83,48132,80
2103,2026-05-30 12:56:14.480000,2026/05/30 12:56:14.527,3,NVIDIA A100-SXM-64GB,143.63,48106,94
2104,2026-05-30 12:56:19.544381,2026/05/30 12:56:19.588,0,NVIDIA A100-SXM-64GB,156.34,48124,100
2105,2026-05-30 12:56:19.544381,2026/05/30 12:56:19.590,1,NVIDIA A100-SXM-64GB,172.78,48142,100
2106,2026-05-30 12:56:19.544381,2026/05/30 12:56:19.593,2,NVIDIA A100-SXM-64GB,145.49,48132,100
2107,2026-05-30 12:56:19.544381,2026/05/30 12:56:19.595,3,NVIDIA A100-SXM-64GB,148.45,48106,100
2108,2026-05-30 12:56:24.625615,2026/05/30 12:56:24.674,0,NVIDIA A100-SXM-64GB,169.17,48124,100
2109,2026-05-30 12:56:24.625615,2026/05/30 12:56:24.679,1,NVIDIA A100-SXM-64GB,193.91,48142,100
2110,2026-05-30 12:56:24.625615,2026/05/30 12:56:24.681,2,NVIDIA A100-SXM-64GB,166.77,48132,100
2111,2026-05-30 12:56:24.625615,2026/05/30 12:56:24.684,3,NVIDIA A100-SXM-64GB,161.28,48106,100
2112,2026-05-30 12:56:29.720642,2026/05/30 12:56:29.769,0,NVIDIA A100-SXM-64GB,148.44,48124,100
2113,2026-05-30 12:56:29.720642,2026/05/30 12:56:29.771,1,NVIDIA A100-SXM-64GB,144.75,48142,100
2114,2026-05-30 12:56:29.720642,2026/05/30 12:56:29.774,2,NVIDIA A100-SXM-64GB,141.20,48132,100
2115,2026-05-30 12:56:29.720642,2026/05/30 12:56:29.777,3,NVIDIA A100-SXM-64GB,153.95,48106,100
2116,2026-05-30 12:56:34.807617,2026/05/30 12:56:34.859,0,NVIDIA A100-SXM-64GB,173.79,48124,100
2117,2026-05-30 12:56:34.807617,2026/05/30 12:56:34.862,1,NVIDIA A100-SXM-64GB,157.49,48142,100
2118,2026-05-30 12:56:34.807617,2026/05/30 12:56:34.864,2,NVIDIA A100-SXM-64GB,186.67,48132,100
2119,2026-05-30 12:56:34.807617,2026/05/30 12:56:34.867,3,NVIDIA A100-SXM-64GB,156.38,48106,100
2120,2026-05-30 12:56:39.904611,2026/05/30 12:56:39.949,0,NVIDIA A100-SXM-64GB,154.37,48124,100
2121,2026-05-30 12:56:39.904611,2026/05/30 12:56:39.951,1,NVIDIA A100-SXM-64GB,148.57,48142,100
2122,2026-05-30 12:56:39.904611,2026/05/30 12:56:39.954,2,NVIDIA A100-SXM-64GB,148.57,48132,100
2123,2026-05-30 12:56:39.904611,2026/05/30 12:56:39.958,3,NVIDIA A100-SXM-64GB,125.42,48106,100
2124,2026-05-30 12:56:44.976967,2026/05/30 12:56:45.029,0,NVIDIA A100-SXM-64GB,167.80,48124,100
2125,2026-05-30 12:56:44.976967,2026/05/30 12:56:45.032,1,NVIDIA A100-SXM-64GB,187.27,48142,99
2126,2026-05-30 12:56:44.976967,2026/05/30 12:56:45.034,2,NVIDIA A100-SXM-64GB,179.64,48132,100
2127,2026-05-30 12:56:44.976967,2026/05/30 12:56:45.037,3,NVIDIA A100-SXM-64GB,161.00,48106,100
2128,2026-05-30 12:56:50.060412,2026/05/30 12:56:50.109,0,NVIDIA A100-SXM-64GB,143.83,48124,100
2129,2026-05-30 12:56:50.060412,2026/05/30 12:56:50.111,1,NVIDIA A100-SXM-64GB,132.33,48142,100
2130,2026-05-30 12:56:50.060412,2026/05/30 12:56:50.114,2,NVIDIA A100-SXM-64GB,123.48,48132,100
2131,2026-05-30 12:56:50.060412,2026/05/30 12:56:50.116,3,NVIDIA A100-SXM-64GB,128.78,48106,100
2132,2026-05-30 12:56:55.144507,2026/05/30 12:56:55.192,0,NVIDIA A100-SXM-64GB,172.40,48124,100
2133,2026-05-30 12:56:55.144507,2026/05/30 12:56:55.194,1,NVIDIA A100-SXM-64GB,169.69,48142,100
2134,2026-05-30 12:56:55.144507,2026/05/30 12:56:55.197,2,NVIDIA A100-SXM-64GB,191.90,48132,100
2135,2026-05-30 12:56:55.144507,2026/05/30 12:56:55.199,3,NVIDIA A100-SXM-64GB,160.06,48106,100
2136,2026-05-30 12:57:00.225293,2026/05/30 12:57:00.273,0,NVIDIA A100-SXM-64GB,152.71,48124,100
2137,2026-05-30 12:57:00.225293,2026/05/30 12:57:00.276,1,NVIDIA A100-SXM-64GB,147.35,48142,100
2138,2026-05-30 12:57:00.225293,2026/05/30 12:57:00.278,2,NVIDIA A100-SXM-64GB,169.85,48132,100
2139,2026-05-30 12:57:00.225293,2026/05/30 12:57:00.281,3,NVIDIA A100-SXM-64GB,158.85,48106,100
2140,2026-05-30 12:57:05.319613,2026/05/30 12:57:05.364,0,NVIDIA A100-SXM-64GB,186.43,48124,100
2141,2026-05-30 12:57:05.319613,2026/05/30 12:57:05.366,1,NVIDIA A100-SXM-64GB,164.19,48142,100
2142,2026-05-30 12:57:05.319613,2026/05/30 12:57:05.369,2,NVIDIA A100-SXM-64GB,152.70,48132,100
2143,2026-05-30 12:57:05.319613,2026/05/30 12:57:05.372,3,NVIDIA A100-SXM-64GB,161.00,48106,100
2144,2026-05-30 12:57:10.389222,2026/05/30 12:57:10.444,0,NVIDIA A100-SXM-64GB,173.28,48124,100
2145,2026-05-30 12:57:10.389222,2026/05/30 12:57:10.447,1,NVIDIA A100-SXM-64GB,175.26,48142,100
2146,2026-05-30 12:57:10.389222,2026/05/30 12:57:10.451,2,NVIDIA A100-SXM-64GB,176.28,48132,100
2147,2026-05-30 12:57:10.389222,2026/05/30 12:57:10.454,3,NVIDIA A100-SXM-64GB,158.25,48106,100
2148,2026-05-30 12:57:15.471598,2026/05/30 12:57:15.521,0,NVIDIA A100-SXM-64GB,136.81,48124,98
2149,2026-05-30 12:57:15.471598,2026/05/30 12:57:15.524,1,NVIDIA A100-SXM-64GB,149.66,48142,100
2150,2026-05-30 12:57:15.471598,2026/05/30 12:57:15.526,2,NVIDIA A100-SXM-64GB,134.48,48132,98
2151,2026-05-30 12:57:15.471598,2026/05/30 12:57:15.529,3,NVIDIA A100-SXM-64GB,123.60,48106,100
2152,2026-05-30 12:57:20.547479,2026/05/30 12:57:20.602,0,NVIDIA A100-SXM-64GB,153.00,48124,100
2153,2026-05-30 12:57:20.547479,2026/05/30 12:57:20.605,1,NVIDIA A100-SXM-64GB,180.76,48142,100
2154,2026-05-30 12:57:20.547479,2026/05/30 12:57:20.607,2,NVIDIA A100-SXM-64GB,174.41,48132,100
2155,2026-05-30 12:57:20.547479,2026/05/30 12:57:20.613,3,NVIDIA A100-SXM-64GB,151.47,48106,100
2156,2026-05-30 12:57:25.632431,2026/05/30 12:57:25.680,0,NVIDIA A100-SXM-64GB,164.02,48124,100
2157,2026-05-30 12:57:25.632431,2026/05/30 12:57:25.683,1,NVIDIA A100-SXM-64GB,108.24,48142,100
2158,2026-05-30 12:57:25.632431,2026/05/30 12:57:25.685,2,NVIDIA A100-SXM-64GB,174.92,48132,100
2159,2026-05-30 12:57:25.632431,2026/05/30 12:57:25.688,3,NVIDIA A100-SXM-64GB,131.26,48106,100
2160,2026-05-30 12:57:30.707035,2026/05/30 12:57:30.754,0,NVIDIA A100-SXM-64GB,163.41,48124,100
2161,2026-05-30 12:57:30.707035,2026/05/30 12:57:30.758,1,NVIDIA A100-SXM-64GB,157.15,48142,100
2162,2026-05-30 12:57:30.707035,2026/05/30 12:57:30.763,2,NVIDIA A100-SXM-64GB,149.78,48132,100
2163,2026-05-30 12:57:30.707035,2026/05/30 12:57:30.766,3,NVIDIA A100-SXM-64GB,170.48,48106,100
2164,2026-05-30 12:57:35.804291,2026/05/30 12:57:35.852,0,NVIDIA A100-SXM-64GB,191.31,48124,100
2165,2026-05-30 12:57:35.804291,2026/05/30 12:57:35.855,1,NVIDIA A100-SXM-64GB,148.29,48142,100
2166,2026-05-30 12:57:35.804291,2026/05/30 12:57:35.857,2,NVIDIA A100-SXM-64GB,167.71,48132,100
2167,2026-05-30 12:57:35.804291,2026/05/30 12:57:35.860,3,NVIDIA A100-SXM-64GB,142.27,48106,98
2168,2026-05-30 12:57:40.887724,2026/05/30 12:57:40.936,0,NVIDIA A100-SXM-64GB,178.34,48124,100
2169,2026-05-30 12:57:40.887724,2026/05/30 12:57:40.938,1,NVIDIA A100-SXM-64GB,159.63,48142,100
2170,2026-05-30 12:57:40.887724,2026/05/30 12:57:40.943,2,NVIDIA A100-SXM-64GB,149.18,48132,100
2171,2026-05-30 12:57:40.887724,2026/05/30 12:57:40.945,3,NVIDIA A100-SXM-64GB,147.18,48106,100
2172,2026-05-30 12:57:45.984607,2026/05/30 12:57:46.033,0,NVIDIA A100-SXM-64GB,182.01,48124,100
2173,2026-05-30 12:57:45.984607,2026/05/30 12:57:46.036,1,NVIDIA A100-SXM-64GB,187.47,48142,100
2174,2026-05-30 12:57:45.984607,2026/05/30 12:57:46.038,2,NVIDIA A100-SXM-64GB,179.03,48132,100
2175,2026-05-30 12:57:45.984607,2026/05/30 12:57:46.041,3,NVIDIA A100-SXM-64GB,136.76,48106,100
2176,2026-05-30 12:57:51.068106,2026/05/30 12:57:51.115,0,NVIDIA A100-SXM-64GB,170.43,48124,100
2177,2026-05-30 12:57:51.068106,2026/05/30 12:57:51.117,1,NVIDIA A100-SXM-64GB,169.69,48142,100
2178,2026-05-30 12:57:51.068106,2026/05/30 12:57:51.120,2,NVIDIA A100-SXM-64GB,142.46,48132,100
2179,2026-05-30 12:57:51.068106,2026/05/30 12:57:51.123,3,NVIDIA A100-SXM-64GB,131.67,48106,100
2180,2026-05-30 12:57:56.150258,2026/05/30 12:57:56.194,0,NVIDIA A100-SXM-64GB,154.20,48124,100
2181,2026-05-30 12:57:56.150258,2026/05/30 12:57:56.196,1,NVIDIA A100-SXM-64GB,180.43,48142,100
2182,2026-05-30 12:57:56.150258,2026/05/30 12:57:56.199,2,NVIDIA A100-SXM-64GB,162.99,48132,100
2183,2026-05-30 12:57:56.150258,2026/05/30 12:57:56.201,3,NVIDIA A100-SXM-64GB,173.89,48106,100
2184,2026-05-30 12:58:01.228610,2026/05/30 12:58:01.273,0,NVIDIA A100-SXM-64GB,151.01,48124,100
2185,2026-05-30 12:58:01.228610,2026/05/30 12:58:01.275,1,NVIDIA A100-SXM-64GB,153.62,48142,100
2186,2026-05-30 12:58:01.228610,2026/05/30 12:58:01.278,2,NVIDIA A100-SXM-64GB,171.24,48132,100
2187,2026-05-30 12:58:01.228610,2026/05/30 12:58:01.280,3,NVIDIA A100-SXM-64GB,149.20,48106,100
2188,2026-05-30 12:58:06.296952,2026/05/30 12:58:06.345,0,NVIDIA A100-SXM-64GB,171.32,48124,98
2189,2026-05-30 12:58:06.296952,2026/05/30 12:58:06.347,1,NVIDIA A100-SXM-64GB,133.08,48142,100
2190,2026-05-30 12:58:06.296952,2026/05/30 12:58:06.350,2,NVIDIA A100-SXM-64GB,178.61,48132,98
2191,2026-05-30 12:58:06.296952,2026/05/30 12:58:06.352,3,NVIDIA A100-SXM-64GB,149.33,48106,98
2192,2026-05-30 12:58:11.378609,2026/05/30 12:58:11.424,0,NVIDIA A100-SXM-64GB,150.74,48124,100
2193,2026-05-30 12:58:11.378609,2026/05/30 12:58:11.427,1,NVIDIA A100-SXM-64GB,168.99,48142,100
2194,2026-05-30 12:58:11.378609,2026/05/30 12:58:11.429,2,NVIDIA A100-SXM-64GB,210.47,48132,100
2195,2026-05-30 12:58:11.378609,2026/05/30 12:58:11.432,3,NVIDIA A100-SXM-64GB,174.07,48106,100
2196,2026-05-30 12:58:16.463809,2026/05/30 12:58:16.508,0,NVIDIA A100-SXM-64GB,202.20,48124,100
2197,2026-05-30 12:58:16.463809,2026/05/30 12:58:16.510,1,NVIDIA A100-SXM-64GB,173.89,48142,100
2198,2026-05-30 12:58:16.463809,2026/05/30 12:58:16.513,2,NVIDIA A100-SXM-64GB,155.01,48132,100
2199,2026-05-30 12:58:16.463809,2026/05/30 12:58:16.519,3,NVIDIA A100-SXM-64GB,130.46,48106,100
2200,2026-05-30 12:58:21.535532,2026/05/30 12:58:21.583,0,NVIDIA A100-SXM-64GB,153.48,48124,100
2201,2026-05-30 12:58:21.535532,2026/05/30 12:58:21.585,1,NVIDIA A100-SXM-64GB,172.02,48142,100
2202,2026-05-30 12:58:21.535532,2026/05/30 12:58:21.588,2,NVIDIA A100-SXM-64GB,137.70,48132,100
2203,2026-05-30 12:58:21.535532,2026/05/30 12:58:21.590,3,NVIDIA A100-SXM-64GB,144.30,48106,100
2204,2026-05-30 12:58:26.610528,2026/05/30 12:58:26.661,0,NVIDIA A100-SXM-64GB,149.20,48124,98
2205,2026-05-30 12:58:26.610528,2026/05/30 12:58:26.664,1,NVIDIA A100-SXM-64GB,153.01,48142,98
2206,2026-05-30 12:58:26.610528,2026/05/30 12:58:26.666,2,NVIDIA A100-SXM-64GB,148.90,48132,98
2207,2026-05-30 12:58:26.610528,2026/05/30 12:58:26.669,3,NVIDIA A100-SXM-64GB,144.90,48106,98
2208,2026-05-30 12:58:31.696378,2026/05/30 12:58:31.740,0,NVIDIA A100-SXM-64GB,182.95,48124,97
2209,2026-05-30 12:58:31.696378,2026/05/30 12:58:31.742,1,NVIDIA A100-SXM-64GB,129.99,48142,98
2210,2026-05-30 12:58:31.696378,2026/05/30 12:58:31.749,2,NVIDIA A100-SXM-64GB,198.53,48132,97
2211,2026-05-30 12:58:31.696378,2026/05/30 12:58:31.751,3,NVIDIA A100-SXM-64GB,210.36,48106,98
2212,2026-05-30 12:58:36.770008,2026/05/30 12:58:36.823,0,NVIDIA A100-SXM-64GB,147.18,48124,100
2213,2026-05-30 12:58:36.770008,2026/05/30 12:58:36.826,1,NVIDIA A100-SXM-64GB,152.26,48142,100
2214,2026-05-30 12:58:36.770008,2026/05/30 12:58:36.830,2,NVIDIA A100-SXM-64GB,151.32,48132,100
2215,2026-05-30 12:58:36.770008,2026/05/30 12:58:36.832,3,NVIDIA A100-SXM-64GB,140.46,48106,100
2216,2026-05-30 12:58:41.857305,2026/05/30 12:58:41.901,0,NVIDIA A100-SXM-64GB,206.27,48124,99
2217,2026-05-30 12:58:41.857305,2026/05/30 12:58:41.903,1,NVIDIA A100-SXM-64GB,186.26,48142,100
2218,2026-05-30 12:58:41.857305,2026/05/30 12:58:41.906,2,NVIDIA A100-SXM-64GB,220.37,48132,100
2219,2026-05-30 12:58:41.857305,2026/05/30 12:58:41.908,3,NVIDIA A100-SXM-64GB,185.65,48106,100
2220,2026-05-30 12:58:46.926928,2026/05/30 12:58:46.971,0,NVIDIA A100-SXM-64GB,120.75,48124,98
2221,2026-05-30 12:58:46.926928,2026/05/30 12:58:46.973,1,NVIDIA A100-SXM-64GB,96.98,48142,98
2222,2026-05-30 12:58:46.926928,2026/05/30 12:58:46.976,2,NVIDIA A100-SXM-64GB,109.78,48132,98
2223,2026-05-30 12:58:46.926928,2026/05/30 12:58:46.979,3,NVIDIA A100-SXM-64GB,96.38,48106,98
2224,2026-05-30 12:58:51.995671,2026/05/30 12:58:52.044,0,NVIDIA A100-SXM-64GB,159.74,48124,100
2225,2026-05-30 12:58:51.995671,2026/05/30 12:58:52.046,1,NVIDIA A100-SXM-64GB,163.15,48142,100
2226,2026-05-30 12:58:51.995671,2026/05/30 12:58:52.049,2,NVIDIA A100-SXM-64GB,195.12,48132,100
2227,2026-05-30 12:58:51.995671,2026/05/30 12:58:52.051,3,NVIDIA A100-SXM-64GB,185.24,48106,100
2228,2026-05-30 12:58:57.078464,2026/05/30 12:58:57.129,0,NVIDIA A100-SXM-64GB,150.58,48124,98
2229,2026-05-30 12:58:57.078464,2026/05/30 12:58:57.132,1,NVIDIA A100-SXM-64GB,154.68,48142,98
2230,2026-05-30 12:58:57.078464,2026/05/30 12:58:57.135,2,NVIDIA A100-SXM-64GB,147.96,48132,100
2231,2026-05-30 12:58:57.078464,2026/05/30 12:58:57.137,3,NVIDIA A100-SXM-64GB,144.15,48106,98
2232,2026-05-30 12:59:02.154296,2026/05/30 12:59:02.211,0,NVIDIA A100-SXM-64GB,222.06,48124,98
2233,2026-05-30 12:59:02.154296,2026/05/30 12:59:02.214,1,NVIDIA A100-SXM-64GB,211.68,48142,100
2234,2026-05-30 12:59:02.154296,2026/05/30 12:59:02.216,2,NVIDIA A100-SXM-64GB,220.37,48132,100
2235,2026-05-30 12:59:02.154296,2026/05/30 12:59:02.221,3,NVIDIA A100-SXM-64GB,182.49,48106,100
2236,2026-05-30 12:59:07.242133,2026/05/30 12:59:07.286,0,NVIDIA A100-SXM-64GB,142.90,48124,98
2237,2026-05-30 12:59:07.242133,2026/05/30 12:59:07.288,1,NVIDIA A100-SXM-64GB,147.63,48142,98
2238,2026-05-30 12:59:07.242133,2026/05/30 12:59:07.291,2,NVIDIA A100-SXM-64GB,146.14,48132,98
2239,2026-05-30 12:59:07.242133,2026/05/30 12:59:07.293,3,NVIDIA A100-SXM-64GB,139.06,48106,100
2240,2026-05-30 12:59:12.312911,2026/05/30 12:59:12.357,0,NVIDIA A100-SXM-64GB,180.62,48124,100
2241,2026-05-30 12:59:12.312911,2026/05/30 12:59:12.359,1,NVIDIA A100-SXM-64GB,154.40,48142,100
2242,2026-05-30 12:59:12.312911,2026/05/30 12:59:12.364,2,NVIDIA A100-SXM-64GB,160.95,48132,100
2243,2026-05-30 12:59:12.312911,2026/05/30 12:59:12.367,3,NVIDIA A100-SXM-64GB,170.96,48106,100
2244,2026-05-30 12:59:17.384000,2026/05/30 12:59:17.435,0,NVIDIA A100-SXM-64GB,170.87,48124,100
2245,2026-05-30 12:59:17.384000,2026/05/30 12:59:17.438,1,NVIDIA A100-SXM-64GB,191.29,48142,100
2246,2026-05-30 12:59:17.384000,2026/05/30 12:59:17.444,2,NVIDIA A100-SXM-64GB,183.93,48132,100
2247,2026-05-30 12:59:17.384000,2026/05/30 12:59:17.447,3,NVIDIA A100-SXM-64GB,172.44,48106,100
2248,2026-05-30 12:59:22.477135,2026/05/30 12:59:22.528,0,NVIDIA A100-SXM-64GB,177.28,48124,100
2249,2026-05-30 12:59:22.477135,2026/05/30 12:59:22.531,1,NVIDIA A100-SXM-64GB,173.99,48142,100
2250,2026-05-30 12:59:22.477135,2026/05/30 12:59:22.533,2,NVIDIA A100-SXM-64GB,157.93,48132,100
2251,2026-05-30 12:59:22.477135,2026/05/30 12:59:22.535,3,NVIDIA A100-SXM-64GB,176.74,48106,100
2252,2026-05-30 12:59:27.562528,2026/05/30 12:59:27.610,0,NVIDIA A100-SXM-64GB,183.96,48124,100
2253,2026-05-30 12:59:27.562528,2026/05/30 12:59:27.613,1,NVIDIA A100-SXM-64GB,170.13,48142,100
2254,2026-05-30 12:59:27.562528,2026/05/30 12:59:27.615,2,NVIDIA A100-SXM-64GB,165.57,48132,100
2255,2026-05-30 12:59:27.562528,2026/05/30 12:59:27.617,3,NVIDIA A100-SXM-64GB,124.48,48106,100
2256,2026-05-30 12:59:32.644395,2026/05/30 12:59:32.688,0,NVIDIA A100-SXM-64GB,170.87,48124,100
2257,2026-05-30 12:59:32.644395,2026/05/30 12:59:32.693,1,NVIDIA A100-SXM-64GB,163.59,48142,100
2258,2026-05-30 12:59:32.644395,2026/05/30 12:59:32.699,2,NVIDIA A100-SXM-64GB,156.66,48132,100
2259,2026-05-30 12:59:32.644395,2026/05/30 12:59:32.701,3,NVIDIA A100-SXM-64GB,158.36,48106,100
2260,2026-05-30 12:59:37.718998,2026/05/30 12:59:37.766,0,NVIDIA A100-SXM-64GB,166.59,48124,100
2261,2026-05-30 12:59:37.718998,2026/05/30 12:59:37.772,1,NVIDIA A100-SXM-64GB,185.93,48142,100
2262,2026-05-30 12:59:37.718998,2026/05/30 12:59:37.776,2,NVIDIA A100-SXM-64GB,183.32,48132,100
2263,2026-05-30 12:59:37.718998,2026/05/30 12:59:37.778,3,NVIDIA A100-SXM-64GB,185.05,48106,100
2264,2026-05-30 12:59:42.808243,2026/05/30 12:59:42.852,0,NVIDIA A100-SXM-64GB,143.56,48124,100
2265,2026-05-30 12:59:42.808243,2026/05/30 12:59:42.854,1,NVIDIA A100-SXM-64GB,171.57,48142,100
2266,2026-05-30 12:59:42.808243,2026/05/30 12:59:42.857,2,NVIDIA A100-SXM-64GB,159.46,48132,100
2267,2026-05-30 12:59:42.808243,2026/05/30 12:59:42.859,3,NVIDIA A100-SXM-64GB,151.20,48106,100
2268,2026-05-30 12:59:47.876386,2026/05/30 12:59:47.919,0,NVIDIA A100-SXM-64GB,176.02,48124,100
2269,2026-05-30 12:59:47.876386,2026/05/30 12:59:47.921,1,NVIDIA A100-SXM-64GB,184.72,48142,100
2270,2026-05-30 12:59:47.876386,2026/05/30 12:59:47.924,2,NVIDIA A100-SXM-64GB,179.31,48132,100
2271,2026-05-30 12:59:47.876386,2026/05/30 12:59:47.926,3,NVIDIA A100-SXM-64GB,153.34,48106,100
2272,2026-05-30 12:59:52.948731,2026/05/30 12:59:52.996,0,NVIDIA A100-SXM-64GB,143.56,48124,100
2273,2026-05-30 12:59:52.948731,2026/05/30 12:59:52.999,1,NVIDIA A100-SXM-64GB,170.03,48142,100
2274,2026-05-30 12:59:52.948731,2026/05/30 12:59:53.003,2,NVIDIA A100-SXM-64GB,164.02,48132,100
2275,2026-05-30 12:59:52.948731,2026/05/30 12:59:53.005,3,NVIDIA A100-SXM-64GB,151.47,48106,100
2276,2026-05-30 12:59:58.046611,2026/05/30 12:59:58.094,0,NVIDIA A100-SXM-64GB,139.55,48124,100
2277,2026-05-30 12:59:58.046611,2026/05/30 12:59:58.097,1,NVIDIA A100-SXM-64GB,145.82,48142,99
2278,2026-05-30 12:59:58.046611,2026/05/30 12:59:58.102,2,NVIDIA A100-SXM-64GB,144.00,48132,100
2279,2026-05-30 12:59:58.046611,2026/05/30 12:59:58.105,3,NVIDIA A100-SXM-64GB,137.70,48106,98
2280,2026-05-30 13:00:03.140070,2026/05/30 13:00:03.199,0,NVIDIA A100-SXM-64GB,146.30,48124,100
2281,2026-05-30 13:00:03.140070,2026/05/30 13:00:03.202,1,NVIDIA A100-SXM-64GB,132.14,48142,100
2282,2026-05-30 13:00:03.140070,2026/05/30 13:00:03.206,2,NVIDIA A100-SXM-64GB,124.08,48132,100
2283,2026-05-30 13:00:03.140070,2026/05/30 13:00:03.208,3,NVIDIA A100-SXM-64GB,119.43,48106,100
2284,2026-05-30 13:00:08.237989,2026/05/30 13:00:08.291,0,NVIDIA A100-SXM-64GB,141.69,48124,98
2285,2026-05-30 13:00:08.237989,2026/05/30 13:00:08.293,1,NVIDIA A100-SXM-64GB,143.34,48142,98
2286,2026-05-30 13:00:08.237989,2026/05/30 13:00:08.296,2,NVIDIA A100-SXM-64GB,132.94,48132,98
2287,2026-05-30 13:00:08.237989,2026/05/30 13:00:08.298,3,NVIDIA A100-SXM-64GB,132.80,48106,98
2288,2026-05-30 13:00:13.326186,2026/05/30 13:00:13.370,0,NVIDIA A100-SXM-64GB,123.97,48124,98
2289,2026-05-30 13:00:13.326186,2026/05/30 13:00:13.374,1,NVIDIA A100-SXM-64GB,134.81,48142,98
2290,2026-05-30 13:00:13.326186,2026/05/30 13:00:13.376,2,NVIDIA A100-SXM-64GB,138.17,48132,98
2291,2026-05-30 13:00:13.326186,2026/05/30 13:00:13.378,3,NVIDIA A100-SXM-64GB,134.62,48106,98
2292,2026-05-30 13:00:18.406614,2026/05/30 13:00:18.455,0,NVIDIA A100-SXM-64GB,160.78,48124,100
2293,2026-05-30 13:00:18.406614,2026/05/30 13:00:18.458,1,NVIDIA A100-SXM-64GB,191.29,48142,100
2294,2026-05-30 13:00:18.406614,2026/05/30 13:00:18.460,2,NVIDIA A100-SXM-64GB,164.36,48132,100
2295,2026-05-30 13:00:18.406614,2026/05/30 13:00:18.463,3,NVIDIA A100-SXM-64GB,161.11,48106,100
2296,2026-05-30 13:00:23.490731,2026/05/30 13:00:23.535,0,NVIDIA A100-SXM-64GB,139.74,48124,98
2297,2026-05-30 13:00:23.490731,2026/05/30 13:00:23.537,1,NVIDIA A100-SXM-64GB,144.88,48142,98
2298,2026-05-30 13:00:23.490731,2026/05/30 13:00:23.540,2,NVIDIA A100-SXM-64GB,145.07,48132,98
2299,2026-05-30 13:00:23.490731,2026/05/30 13:00:23.543,3,NVIDIA A100-SXM-64GB,140.46,48106,100
2300,2026-05-30 13:00:28.560496,2026/05/30 13:00:28.608,0,NVIDIA A100-SXM-64GB,129.79,48124,100
2301,2026-05-30 13:00:28.560496,2026/05/30 13:00:28.610,1,NVIDIA A100-SXM-64GB,123.88,48142,98
2302,2026-05-30 13:00:28.560496,2026/05/30 13:00:28.613,2,NVIDIA A100-SXM-64GB,121.33,48132,100
2303,2026-05-30 13:00:28.560496,2026/05/30 13:00:28.615,3,NVIDIA A100-SXM-64GB,117.77,48106,98
2304,2026-05-30 13:00:33.634093,2026/05/30 13:00:33.679,0,NVIDIA A100-SXM-64GB,151.02,48124,98
2305,2026-05-30 13:00:33.634093,2026/05/30 13:00:33.681,1,NVIDIA A100-SXM-64GB,150.72,48142,98
2306,2026-05-30 13:00:33.634093,2026/05/30 13:00:33.684,2,NVIDIA A100-SXM-64GB,147.48,48132,98
2307,2026-05-30 13:00:33.634093,2026/05/30 13:00:33.687,3,NVIDIA A100-SXM-64GB,140.46,48106,98
2308,2026-05-30 13:00:38.715618,2026/05/30 13:00:38.768,0,NVIDIA A100-SXM-64GB,141.42,48124,100
2309,2026-05-30 13:00:38.715618,2026/05/30 13:00:38.770,1,NVIDIA A100-SXM-64GB,137.56,48142,100
2310,2026-05-30 13:00:38.715618,2026/05/30 13:00:38.774,2,NVIDIA A100-SXM-64GB,137.23,48132,100
2311,2026-05-30 13:00:38.715618,2026/05/30 13:00:38.777,3,NVIDIA A100-SXM-64GB,128.78,48106,100
2312,2026-05-30 13:00:43.795009,2026/05/30 13:00:43.838,0,NVIDIA A100-SXM-64GB,138.02,48124,98
2313,2026-05-30 13:00:43.795009,2026/05/30 13:00:43.840,1,NVIDIA A100-SXM-64GB,148.90,48142,98
2314,2026-05-30 13:00:43.795009,2026/05/30 13:00:43.843,2,NVIDIA A100-SXM-64GB,144.60,48132,98
2315,2026-05-30 13:00:43.795009,2026/05/30 13:00:43.846,3,NVIDIA A100-SXM-64GB,135.56,48106,98
2316,2026-05-30 13:00:48.864159,2026/05/30 13:00:48.912,0,NVIDIA A100-SXM-64GB,136.54,48124,98
2317,2026-05-30 13:00:48.864159,2026/05/30 13:00:48.915,1,NVIDIA A100-SXM-64GB,149.50,48142,100
2318,2026-05-30 13:00:48.864159,2026/05/30 13:00:48.918,2,NVIDIA A100-SXM-64GB,141.20,48132,100
2319,2026-05-30 13:00:48.864159,2026/05/30 13:00:48.920,3,NVIDIA A100-SXM-64GB,136.90,48106,98
2320,2026-05-30 13:00:53.969606,2026/05/30 13:00:54.017,0,NVIDIA A100-SXM-64GB,130.12,48124,100
2321,2026-05-30 13:00:53.969606,2026/05/30 13:00:54.023,1,NVIDIA A100-SXM-64GB,168.15,48142,100
2322,2026-05-30 13:00:53.969606,2026/05/30 13:00:54.025,2,NVIDIA A100-SXM-64GB,150.11,48132,100
2323,2026-05-30 13:00:53.969606,2026/05/30 13:00:54.044,3,NVIDIA A100-SXM-64GB,128.50,48106,100
2324,2026-05-30 13:00:59.061772,2026/05/30 13:00:59.110,0,NVIDIA A100-SXM-64GB,170.71,48124,100
2325,2026-05-30 13:00:59.061772,2026/05/30 13:00:59.113,1,NVIDIA A100-SXM-64GB,146.43,48142,100
2326,2026-05-30 13:00:59.061772,2026/05/30 13:00:59.116,2,NVIDIA A100-SXM-64GB,177.22,48132,100
2327,2026-05-30 13:00:59.061772,2026/05/30 13:00:59.119,3,NVIDIA A100-SXM-64GB,171.42,48106,100
2328,2026-05-30 13:01:04.148211,2026/05/30 13:01:04.196,0,NVIDIA A100-SXM-64GB,169.51,48124,100
2329,2026-05-30 13:01:04.148211,2026/05/30 13:01:04.201,1,NVIDIA A100-SXM-64GB,182.57,48142,100
2330,2026-05-30 13:01:04.148211,2026/05/30 13:01:04.203,2,NVIDIA A100-SXM-64GB,162.99,48132,100
2331,2026-05-30 13:01:04.148211,2026/05/30 13:01:04.206,3,NVIDIA A100-SXM-64GB,147.33,48106,100
2332,2026-05-30 13:01:09.236475,2026/05/30 13:01:09.292,0,NVIDIA A100-SXM-64GB,165.83,48124,100
2333,2026-05-30 13:01:09.236475,2026/05/30 13:01:09.295,1,NVIDIA A100-SXM-64GB,187.47,48142,100
2334,2026-05-30 13:01:09.236475,2026/05/30 13:01:09.299,2,NVIDIA A100-SXM-64GB,169.69,48132,100
2335,2026-05-30 13:01:09.236475,2026/05/30 13:01:09.301,3,NVIDIA A100-SXM-64GB,168.99,48106,100
2336,2026-05-30 13:01:14.325391,2026/05/30 13:01:14.380,0,NVIDIA A100-SXM-64GB,175.59,48124,100
2337,2026-05-30 13:01:14.325391,2026/05/30 13:01:14.383,1,NVIDIA A100-SXM-64GB,133.27,48142,100
2338,2026-05-30 13:01:14.325391,2026/05/30 13:01:14.385,2,NVIDIA A100-SXM-64GB,132.00,48132,100
2339,2026-05-30 13:01:14.325391,2026/05/30 13:01:14.391,3,NVIDIA A100-SXM-64GB,134.62,48106,100
2340,2026-05-30 13:01:19.421120,2026/05/30 13:01:19.474,0,NVIDIA A100-SXM-64GB,137.41,48124,100
2341,2026-05-30 13:01:19.421120,2026/05/30 13:01:19.476,1,NVIDIA A100-SXM-64GB,165.13,48142,100
2342,2026-05-30 13:01:19.421120,2026/05/30 13:01:19.479,2,NVIDIA A100-SXM-64GB,155.34,48132,100
2343,2026-05-30 13:01:19.421120,2026/05/30 13:01:19.481,3,NVIDIA A100-SXM-64GB,168.33,48106,100
2344,2026-05-30 13:01:24.499058,2026/05/30 13:01:24.546,0,NVIDIA A100-SXM-64GB,161.88,48124,100
2345,2026-05-30 13:01:24.499058,2026/05/30 13:01:24.549,1,NVIDIA A100-SXM-64GB,126.63,48142,100
2346,2026-05-30 13:01:24.499058,2026/05/30 13:01:24.551,2,NVIDIA A100-SXM-64GB,145.21,48132,100
2347,2026-05-30 13:01:24.499058,2026/05/30 13:01:24.553,3,NVIDIA A100-SXM-64GB,134.95,48106,100
2348,2026-05-30 13:01:29.582233,2026/05/30 13:01:29.640,0,NVIDIA A100-SXM-64GB,198.32,48124,100
2349,2026-05-30 13:01:29.582233,2026/05/30 13:01:29.644,1,NVIDIA A100-SXM-64GB,178.61,48142,100
2350,2026-05-30 13:01:29.582233,2026/05/30 13:01:29.649,2,NVIDIA A100-SXM-64GB,190.69,48132,100
2351,2026-05-30 13:01:29.582233,2026/05/30 13:01:29.651,3,NVIDIA A100-SXM-64GB,173.89,48106,100
2352,2026-05-30 13:01:34.669018,2026/05/30 13:01:34.717,0,NVIDIA A100-SXM-64GB,158.81,48124,100
2353,2026-05-30 13:01:34.669018,2026/05/30 13:01:34.720,1,NVIDIA A100-SXM-64GB,207.99,48142,100
2354,2026-05-30 13:01:34.669018,2026/05/30 13:01:34.722,2,NVIDIA A100-SXM-64GB,153.47,48132,100
2355,2026-05-30 13:01:34.669018,2026/05/30 13:01:34.725,3,NVIDIA A100-SXM-64GB,144.30,48106,100
2356,2026-05-30 13:01:39.753176,2026/05/30 13:01:39.796,0,NVIDIA A100-SXM-64GB,150.85,48124,98
2357,2026-05-30 13:01:39.753176,2026/05/30 13:01:39.798,1,NVIDIA A100-SXM-64GB,151.47,48142,98
2358,2026-05-30 13:01:39.753176,2026/05/30 13:01:39.801,2,NVIDIA A100-SXM-64GB,151.04,48132,98
2359,2026-05-30 13:01:39.753176,2026/05/30 13:01:39.803,3,NVIDIA A100-SXM-64GB,141.81,48106,98
2360,2026-05-30 13:01:44.820884,2026/05/30 13:01:44.864,0,NVIDIA A100-SXM-64GB,121.96,48124,97
2361,2026-05-30 13:01:44.820884,2026/05/30 13:01:44.866,1,NVIDIA A100-SXM-64GB,139.52,48142,97
2362,2026-05-30 13:01:44.820884,2026/05/30 13:01:44.869,2,NVIDIA A100-SXM-64GB,126.36,48132,97
2363,2026-05-30 13:01:44.820884,2026/05/30 13:01:44.872,3,NVIDIA A100-SXM-64GB,116.62,48106,98
2364,2026-05-30 13:01:49.897403,2026/05/30 13:01:49.951,0,NVIDIA A100-SXM-64GB,127.65,48124,100
2365,2026-05-30 13:01:49.897403,2026/05/30 13:01:49.956,1,NVIDIA A100-SXM-64GB,135.56,48142,100
2366,2026-05-30 13:01:49.897403,2026/05/30 13:01:49.958,2,NVIDIA A100-SXM-64GB,126.50,48132,100
2367,2026-05-30 13:01:49.897403,2026/05/30 13:01:49.961,3,NVIDIA A100-SXM-64GB,120.03,48106,100
2368,2026-05-30 13:01:54.991133,2026/05/30 13:01:55.035,0,NVIDIA A100-SXM-64GB,150.10,48124,97
2369,2026-05-30 13:01:54.991133,2026/05/30 13:01:55.037,1,NVIDIA A100-SXM-64GB,140.59,48142,97
2370,2026-05-30 13:01:54.991133,2026/05/30 13:01:55.040,2,NVIDIA A100-SXM-64GB,137.84,48132,97
2371,2026-05-30 13:01:54.991133,2026/05/30 13:01:55.042,3,NVIDIA A100-SXM-64GB,131.87,48106,100
2372,2026-05-30 13:02:00.059944,2026/05/30 13:02:00.107,0,NVIDIA A100-SXM-64GB,161.39,48124,100
2373,2026-05-30 13:02:00.059944,2026/05/30 13:02:00.110,1,NVIDIA A100-SXM-64GB,165.74,48142,100
2374,2026-05-30 13:02:00.059944,2026/05/30 13:02:00.112,2,NVIDIA A100-SXM-64GB,167.38,48132,100
2375,2026-05-30 13:02:00.059944,2026/05/30 13:02:00.115,3,NVIDIA A100-SXM-64GB,160.67,48106,100
2376,2026-05-30 13:02:05.143496,2026/05/30 13:02:05.187,0,NVIDIA A100-SXM-64GB,88.02,48124,0
2377,2026-05-30 13:02:05.143496,2026/05/30 13:02:05.189,1,NVIDIA A100-SXM-64GB,87.45,48142,0
2378,2026-05-30 13:02:05.143496,2026/05/30 13:02:05.192,2,NVIDIA A100-SXM-64GB,88.62,48132,0
2379,2026-05-30 13:02:05.143496,2026/05/30 13:02:05.194,3,NVIDIA A100-SXM-64GB,83.48,48106,28
2380,2026-05-30 13:02:10.211966,2026/05/30 13:02:10.260,0,NVIDIA A100-SXM-64GB,176.20,48124,100
2381,2026-05-30 13:02:10.211966,2026/05/30 13:02:10.263,1,NVIDIA A100-SXM-64GB,176.13,48142,100
2382,2026-05-30 13:02:10.211966,2026/05/30 13:02:10.265,2,NVIDIA A100-SXM-64GB,180.24,48132,100
2383,2026-05-30 13:02:10.211966,2026/05/30 13:02:10.268,3,NVIDIA A100-SXM-64GB,173.56,48106,100
2384,2026-05-30 13:02:15.307464,2026/05/30 13:02:15.356,0,NVIDIA A100-SXM-64GB,142.30,48124,99
2385,2026-05-30 13:02:15.307464,2026/05/30 13:02:15.359,1,NVIDIA A100-SXM-64GB,122.34,48142,99
2386,2026-05-30 13:02:15.307464,2026/05/30 13:02:15.362,2,NVIDIA A100-SXM-64GB,135.08,48132,95
2387,2026-05-30 13:02:15.307464,2026/05/30 13:02:15.364,3,NVIDIA A100-SXM-64GB,135.56,48106,100
2388,2026-05-30 13:02:20.384430,2026/05/30 13:02:20.432,0,NVIDIA A100-SXM-64GB,188.15,48124,100
2389,2026-05-30 13:02:20.384430,2026/05/30 13:02:20.435,1,NVIDIA A100-SXM-64GB,173.29,48142,100
2390,2026-05-30 13:02:20.384430,2026/05/30 13:02:20.437,2,NVIDIA A100-SXM-64GB,188.73,48132,100
2391,2026-05-30 13:02:20.384430,2026/05/30 13:02:20.440,3,NVIDIA A100-SXM-64GB,166.51,48106,100
2392,2026-05-30 13:02:25.479619,2026/05/30 13:02:25.537,0,NVIDIA A100-SXM-64GB,144.16,48124,100
2393,2026-05-30 13:02:25.479619,2026/05/30 13:02:25.540,1,NVIDIA A100-SXM-64GB,142.61,48142,100
2394,2026-05-30 13:02:25.479619,2026/05/30 13:02:25.542,2,NVIDIA A100-SXM-64GB,147.35,48132,100
2395,2026-05-30 13:02:25.479619,2026/05/30 13:02:25.546,3,NVIDIA A100-SXM-64GB,139.33,48106,100
2396,2026-05-30 13:02:30.589619,2026/05/30 13:02:30.649,0,NVIDIA A100-SXM-64GB,171.32,48124,100
2397,2026-05-30 13:02:30.589619,2026/05/30 13:02:30.651,1,NVIDIA A100-SXM-64GB,165.30,48142,100
2398,2026-05-30 13:02:30.589619,2026/05/30 13:02:30.655,2,NVIDIA A100-SXM-64GB,184.44,48132,100
2399,2026-05-30 13:02:30.589619,2026/05/30 13:02:30.657,3,NVIDIA A100-SXM-64GB,185.84,48106,100
2400,2026-05-30 13:02:35.694611,2026/05/30 13:02:35.738,0,NVIDIA A100-SXM-64GB,143.56,48124,97
2401,2026-05-30 13:02:35.694611,2026/05/30 13:02:35.740,1,NVIDIA A100-SXM-64GB,121.73,48142,97
2402,2026-05-30 13:02:35.694611,2026/05/30 13:02:35.743,2,NVIDIA A100-SXM-64GB,129.85,48132,97
2403,2026-05-30 13:02:35.694611,2026/05/30 13:02:35.745,3,NVIDIA A100-SXM-64GB,131.39,48106,100
2404,2026-05-30 13:02:40.763247,2026/05/30 13:02:40.811,0,NVIDIA A100-SXM-64GB,179.60,48124,100
2405,2026-05-30 13:02:40.763247,2026/05/30 13:02:40.816,1,NVIDIA A100-SXM-64GB,147.35,48142,100
2406,2026-05-30 13:02:40.763247,2026/05/30 13:02:40.819,2,NVIDIA A100-SXM-64GB,113.02,48132,100
2407,2026-05-30 13:02:40.763247,2026/05/30 13:02:40.821,3,NVIDIA A100-SXM-64GB,150.26,48106,100
2408,2026-05-30 13:02:45.850608,2026/05/30 13:02:45.895,0,NVIDIA A100-SXM-64GB,144.77,48124,97
2409,2026-05-30 13:02:45.850608,2026/05/30 13:02:45.897,1,NVIDIA A100-SXM-64GB,129.25,48142,97
2410,2026-05-30 13:02:45.850608,2026/05/30 13:02:45.901,2,NVIDIA A100-SXM-64GB,140.92,48132,97
2411,2026-05-30 13:02:45.850608,2026/05/30 13:02:45.904,3,NVIDIA A100-SXM-64GB,139.19,48106,97
2412,2026-05-30 13:02:50.922886,2026/05/30 13:02:50.967,0,NVIDIA A100-SXM-64GB,146.30,48124,100
2413,2026-05-30 13:02:50.922886,2026/05/30 13:02:50.969,1,NVIDIA A100-SXM-64GB,141.20,48142,100
2414,2026-05-30 13:02:50.922886,2026/05/30 13:02:50.972,2,NVIDIA A100-SXM-64GB,133.27,48132,98
2415,2026-05-30 13:02:50.922886,2026/05/30 13:02:50.974,3,NVIDIA A100-SXM-64GB,127.84,48106,98
2416,2026-05-30 13:02:56.003615,2026/05/30 13:02:56.057,0,NVIDIA A100-SXM-64GB,215.70,48124,100
2417,2026-05-30 13:02:56.003615,2026/05/30 13:02:56.061,1,NVIDIA A100-SXM-64GB,134.15,48142,100
2418,2026-05-30 13:02:56.003615,2026/05/30 13:02:56.063,2,NVIDIA A100-SXM-64GB,210.04,48132,100
2419,2026-05-30 13:02:56.003615,2026/05/30 13:02:56.066,3,NVIDIA A100-SXM-64GB,201.28,48106,97
2420,2026-05-30 13:03:01.083975,2026/05/30 13:03:01.131,0,NVIDIA A100-SXM-64GB,149.65,48124,98
2421,2026-05-30 13:03:01.083975,2026/05/30 13:03:01.134,1,NVIDIA A100-SXM-64GB,118.97,48142,98
2422,2026-05-30 13:03:01.083975,2026/05/30 13:03:01.137,2,NVIDIA A100-SXM-64GB,141.20,48132,98
2423,2026-05-30 13:03:01.083975,2026/05/30 13:03:01.139,3,NVIDIA A100-SXM-64GB,135.83,48106,99
2424,2026-05-30 13:03:06.176594,2026/05/30 13:03:06.221,0,NVIDIA A100-SXM-64GB,146.57,48124,100
2425,2026-05-30 13:03:06.176594,2026/05/30 13:03:06.224,1,NVIDIA A100-SXM-64GB,165.40,48142,100
2426,2026-05-30 13:03:06.176594,2026/05/30 13:03:06.226,2,NVIDIA A100-SXM-64GB,162.65,48132,100
2427,2026-05-30 13:03:06.176594,2026/05/30 13:03:06.228,3,NVIDIA A100-SXM-64GB,126.96,48106,100
2428,2026-05-30 13:03:11.257612,2026/05/30 13:03:11.302,0,NVIDIA A100-SXM-64GB,159.14,48124,100
2429,2026-05-30 13:03:11.257612,2026/05/30 13:03:11.304,1,NVIDIA A100-SXM-64GB,173.11,48142,100
2430,2026-05-30 13:03:11.257612,2026/05/30 13:03:11.307,2,NVIDIA A100-SXM-64GB,173.38,48132,100
2431,2026-05-30 13:03:11.257612,2026/05/30 13:03:11.309,3,NVIDIA A100-SXM-64GB,179.68,48106,100
2432,2026-05-30 13:03:16.338610,2026/05/30 13:03:16.383,0,NVIDIA A100-SXM-64GB,175.92,48124,100
2433,2026-05-30 13:03:16.338610,2026/05/30 13:03:16.385,1,NVIDIA A100-SXM-64GB,152.53,48142,100
2434,2026-05-30 13:03:16.338610,2026/05/30 13:03:16.388,2,NVIDIA A100-SXM-64GB,144.88,48132,100
2435,2026-05-30 13:03:16.338610,2026/05/30 13:03:16.390,3,NVIDIA A100-SXM-64GB,153.95,48106,100
2436,2026-05-30 13:03:21.408257,2026/05/30 13:03:21.452,0,NVIDIA A100-SXM-64GB,185.50,48124,100
2437,2026-05-30 13:03:21.408257,2026/05/30 13:03:21.454,1,NVIDIA A100-SXM-64GB,162.05,48142,100
2438,2026-05-30 13:03:21.408257,2026/05/30 13:03:21.460,2,NVIDIA A100-SXM-64GB,182.90,48132,100
2439,2026-05-30 13:03:21.408257,2026/05/30 13:03:21.463,3,NVIDIA A100-SXM-64GB,161.28,48106,100
2440,2026-05-30 13:03:26.492615,2026/05/30 13:03:26.541,0,NVIDIA A100-SXM-64GB,157.60,48124,100
2441,2026-05-30 13:03:26.492615,2026/05/30 13:03:26.544,1,NVIDIA A100-SXM-64GB,145.82,48142,100
2442,2026-05-30 13:03:26.492615,2026/05/30 13:03:26.546,2,NVIDIA A100-SXM-64GB,154.52,48132,100
2443,2026-05-30 13:03:26.492615,2026/05/30 13:03:26.550,3,NVIDIA A100-SXM-64GB,138.31,48106,100
2444,2026-05-30 13:03:31.590520,2026/05/30 13:03:31.635,0,NVIDIA A100-SXM-64GB,185.17,48124,100
2445,2026-05-30 13:03:31.590520,2026/05/30 13:03:31.637,1,NVIDIA A100-SXM-64GB,154.52,48142,100
2446,2026-05-30 13:03:31.590520,2026/05/30 13:03:31.640,2,NVIDIA A100-SXM-64GB,186.48,48132,100
2447,2026-05-30 13:03:31.590520,2026/05/30 13:03:31.642,3,NVIDIA A100-SXM-64GB,184.11,48106,100
2448,2026-05-30 13:03:36.660505,2026/05/30 13:03:36.709,0,NVIDIA A100-SXM-64GB,169.00,48124,100
2449,2026-05-30 13:03:36.660505,2026/05/30 13:03:36.712,1,NVIDIA A100-SXM-64GB,124.35,48142,100
2450,2026-05-30 13:03:36.660505,2026/05/30 13:03:36.714,2,NVIDIA A100-SXM-64GB,144.73,48132,100
2451,2026-05-30 13:03:36.660505,2026/05/30 13:03:36.717,3,NVIDIA A100-SXM-64GB,145.82,48106,100
2452,2026-05-30 13:03:41.745989,2026/05/30 13:03:41.793,0,NVIDIA A100-SXM-64GB,159.24,48124,100
2453,2026-05-30 13:03:41.745989,2026/05/30 13:03:41.796,1,NVIDIA A100-SXM-64GB,185.46,48142,100
2454,2026-05-30 13:03:41.745989,2026/05/30 13:03:41.798,2,NVIDIA A100-SXM-64GB,172.27,48132,100
2455,2026-05-30 13:03:41.745989,2026/05/30 13:03:41.801,3,NVIDIA A100-SXM-64GB,158.69,48106,100
2456,2026-05-30 13:03:46.820690,2026/05/30 13:03:46.869,0,NVIDIA A100-SXM-64GB,171.14,48124,100
2457,2026-05-30 13:03:46.820690,2026/05/30 13:03:46.872,1,NVIDIA A100-SXM-64GB,135.42,48142,100
2458,2026-05-30 13:03:46.820690,2026/05/30 13:03:46.874,2,NVIDIA A100-SXM-64GB,155.78,48132,100
2459,2026-05-30 13:03:46.820690,2026/05/30 13:03:46.878,3,NVIDIA A100-SXM-64GB,147.96,48106,100
2460,2026-05-30 13:03:51.909125,2026/05/30 13:03:51.967,0,NVIDIA A100-SXM-64GB,131.46,48124,100
2461,2026-05-30 13:03:51.909125,2026/05/30 13:03:51.969,1,NVIDIA A100-SXM-64GB,145.99,48142,98
2462,2026-05-30 13:03:51.909125,2026/05/30 13:03:51.972,2,NVIDIA A100-SXM-64GB,149.35,48132,100
2463,2026-05-30 13:03:51.909125,2026/05/30 13:03:51.975,3,NVIDIA A100-SXM-64GB,121.12,48106,100
2464,2026-05-30 13:03:57.003781,2026/05/30 13:03:57.051,0,NVIDIA A100-SXM-64GB,153.76,48124,100
2465,2026-05-30 13:03:57.003781,2026/05/30 13:03:57.054,1,NVIDIA A100-SXM-64GB,183.79,48142,100
2466,2026-05-30 13:03:57.003781,2026/05/30 13:03:57.056,2,NVIDIA A100-SXM-64GB,162.48,48132,100
2467,2026-05-30 13:03:57.003781,2026/05/30 13:03:57.059,3,NVIDIA A100-SXM-64GB,134.01,48106,100
2468,2026-05-30 13:04:02.093377,2026/05/30 13:04:02.141,0,NVIDIA A100-SXM-64GB,176.76,48124,100
2469,2026-05-30 13:04:02.093377,2026/05/30 13:04:02.144,1,NVIDIA A100-SXM-64GB,173.53,48142,100
2470,2026-05-30 13:04:02.093377,2026/05/30 13:04:02.148,2,NVIDIA A100-SXM-64GB,174.90,48132,100
2471,2026-05-30 13:04:02.093377,2026/05/30 13:04:02.151,3,NVIDIA A100-SXM-64GB,175.86,48106,100
2472,2026-05-30 13:04:07.181982,2026/05/30 13:04:07.232,0,NVIDIA A100-SXM-64GB,142.15,48124,100
2473,2026-05-30 13:04:07.181982,2026/05/30 13:04:07.236,1,NVIDIA A100-SXM-64GB,164.02,48142,100
2474,2026-05-30 13:04:07.181982,2026/05/30 13:04:07.239,2,NVIDIA A100-SXM-64GB,159.13,48132,100
2475,2026-05-30 13:04:07.181982,2026/05/30 13:04:07.241,3,NVIDIA A100-SXM-64GB,139.05,48106,100
2476,2026-05-30 13:04:12.271658,2026/05/30 13:04:12.323,0,NVIDIA A100-SXM-64GB,147.02,48124,98
2477,2026-05-30 13:04:12.271658,2026/05/30 13:04:12.326,1,NVIDIA A100-SXM-64GB,135.42,48142,98
2478,2026-05-30 13:04:12.271658,2026/05/30 13:04:12.331,2,NVIDIA A100-SXM-64GB,134.48,48132,100
2479,2026-05-30 13:04:12.271658,2026/05/30 13:04:12.334,3,NVIDIA A100-SXM-64GB,157.15,48106,100
2480,2026-05-30 13:04:17.364873,2026/05/30 13:04:17.409,0,NVIDIA A100-SXM-64GB,180.62,48124,100
2481,2026-05-30 13:04:17.364873,2026/05/30 13:04:17.415,1,NVIDIA A100-SXM-64GB,174.41,48142,100
2482,2026-05-30 13:04:17.364873,2026/05/30 13:04:17.417,2,NVIDIA A100-SXM-64GB,176.28,48132,100
2483,2026-05-30 13:04:17.364873,2026/05/30 13:04:17.419,3,NVIDIA A100-SXM-64GB,152.53,48106,100
2484,2026-05-30 13:04:22.437528,2026/05/30 13:04:22.486,0,NVIDIA A100-SXM-64GB,167.04,48124,100
2485,2026-05-30 13:04:22.437528,2026/05/30 13:04:22.489,1,NVIDIA A100-SXM-64GB,192.97,48142,100
2486,2026-05-30 13:04:22.437528,2026/05/30 13:04:22.494,2,NVIDIA A100-SXM-64GB,165.13,48132,100
2487,2026-05-30 13:04:22.437528,2026/05/30 13:04:22.497,3,NVIDIA A100-SXM-64GB,169.87,48106,100
2488,2026-05-30 13:04:27.527897,2026/05/30 13:04:27.572,0,NVIDIA A100-SXM-64GB,154.20,48124,100
2489,2026-05-30 13:04:27.527897,2026/05/30 13:04:27.574,1,NVIDIA A100-SXM-64GB,156.82,48142,100
2490,2026-05-30 13:04:27.527897,2026/05/30 13:04:27.577,2,NVIDIA A100-SXM-64GB,160.35,48132,100
2491,2026-05-30 13:04:27.527897,2026/05/30 13:04:27.579,3,NVIDIA A100-SXM-64GB,176.74,48106,100
2492,2026-05-30 13:04:32.609612,2026/05/30 13:04:32.654,0,NVIDIA A100-SXM-64GB,173.61,48124,100
2493,2026-05-30 13:04:32.609612,2026/05/30 13:04:32.656,1,NVIDIA A100-SXM-64GB,174.92,48142,100
2494,2026-05-30 13:04:32.609612,2026/05/30 13:04:32.659,2,NVIDIA A100-SXM-64GB,182.71,48132,100
2495,2026-05-30 13:04:32.609612,2026/05/30 13:04:32.662,3,NVIDIA A100-SXM-64GB,134.62,48106,100
2496,2026-05-30 13:04:37.679833,2026/05/30 13:04:37.724,0,NVIDIA A100-SXM-64GB,134.87,48124,100
2497,2026-05-30 13:04:37.679833,2026/05/30 13:04:37.726,1,NVIDIA A100-SXM-64GB,177.83,48142,100
2498,2026-05-30 13:04:37.679833,2026/05/30 13:04:37.729,2,NVIDIA A100-SXM-64GB,145.34,48132,100
2499,2026-05-30 13:04:37.679833,2026/05/30 13:04:37.732,3,NVIDIA A100-SXM-64GB,120.52,48106,100
2500,2026-05-30 13:04:42.764612,2026/05/30 13:04:42.812,0,NVIDIA A100-SXM-64GB,134.67,48124,98
2501,2026-05-30 13:04:42.764612,2026/05/30 13:04:42.815,1,NVIDIA A100-SXM-64GB,140.59,48142,98
2502,2026-05-30 13:04:42.764612,2026/05/30 13:04:42.821,2,NVIDIA A100-SXM-64GB,134.34,48132,98
2503,2026-05-30 13:04:42.764612,2026/05/30 13:04:42.823,3,NVIDIA A100-SXM-64GB,141.34,48106,98
2504,2026-05-30 13:04:47.859854,2026/05/30 13:04:47.915,0,NVIDIA A100-SXM-64GB,186.70,48124,100
2505,2026-05-30 13:04:47.859854,2026/05/30 13:04:47.918,1,NVIDIA A100-SXM-64GB,134.48,48142,100
2506,2026-05-30 13:04:47.859854,2026/05/30 13:04:47.922,2,NVIDIA A100-SXM-64GB,134.95,48132,100
2507,2026-05-30 13:04:47.859854,2026/05/30 13:04:47.924,3,NVIDIA A100-SXM-64GB,223.12,48106,97
2508,2026-05-30 13:04:52.942859,2026/05/30 13:04:52.999,0,NVIDIA A100-SXM-64GB,194.65,48124,100
2509,2026-05-30 13:04:52.942859,2026/05/30 13:04:53.001,1,NVIDIA A100-SXM-64GB,147.35,48142,100
2510,2026-05-30 13:04:52.942859,2026/05/30 13:04:53.004,2,NVIDIA A100-SXM-64GB,130.39,48132,98
2511,2026-05-30 13:04:52.942859,2026/05/30 13:04:53.009,3,NVIDIA A100-SXM-64GB,139.19,48106,98
2512,2026-05-30 13:04:58.027429,2026/05/30 13:04:58.071,0,NVIDIA A100-SXM-64GB,144.16,48124,100
2513,2026-05-30 13:04:58.027429,2026/05/30 13:04:58.076,1,NVIDIA A100-SXM-64GB,170.03,48142,100
2514,2026-05-30 13:04:58.027429,2026/05/30 13:04:58.078,2,NVIDIA A100-SXM-64GB,128.65,48132,100
2515,2026-05-30 13:04:58.027429,2026/05/30 13:04:58.081,3,NVIDIA A100-SXM-64GB,143.82,48106,100
2516,2026-05-30 13:05:03.137597,2026/05/30 13:05:03.187,0,NVIDIA A100-SXM-64GB,183.22,48124,100
2517,2026-05-30 13:05:03.137597,2026/05/30 13:05:03.190,1,NVIDIA A100-SXM-64GB,167.55,48142,100
2518,2026-05-30 13:05:03.137597,2026/05/30 13:05:03.192,2,NVIDIA A100-SXM-64GB,177.49,48132,100
2519,2026-05-30 13:05:03.137597,2026/05/30 13:05:03.195,3,NVIDIA A100-SXM-64GB,131.67,48106,100
2520,2026-05-30 13:05:08.222621,2026/05/30 13:05:08.270,0,NVIDIA A100-SXM-64GB,146.90,48124,100
2521,2026-05-30 13:05:08.222621,2026/05/30 13:05:08.273,1,NVIDIA A100-SXM-64GB,155.94,48142,100
2522,2026-05-30 13:05:08.222621,2026/05/30 13:05:08.277,2,NVIDIA A100-SXM-64GB,152.86,48132,100
2523,2026-05-30 13:05:08.222621,2026/05/30 13:05:08.280,3,NVIDIA A100-SXM-64GB,145.64,48106,100
2524,2026-05-30 13:05:13.313011,2026/05/30 13:05:13.357,0,NVIDIA A100-SXM-64GB,138.02,48124,98
2525,2026-05-30 13:05:13.313011,2026/05/30 13:05:13.361,1,NVIDIA A100-SXM-64GB,139.38,48142,98
2526,2026-05-30 13:05:13.313011,2026/05/30 13:05:13.363,2,NVIDIA A100-SXM-64GB,139.99,48132,100
2527,2026-05-30 13:05:13.313011,2026/05/30 13:05:13.365,3,NVIDIA A100-SXM-64GB,139.85,48106,100
2528,2026-05-30 13:05:18.395620,2026/05/30 13:05:18.447,0,NVIDIA A100-SXM-64GB,153.32,48124,100
2529,2026-05-30 13:05:18.395620,2026/05/30 13:05:18.452,1,NVIDIA A100-SXM-64GB,149.33,48142,100
2530,2026-05-30 13:05:18.395620,2026/05/30 13:05:18.455,2,NVIDIA A100-SXM-64GB,194.52,48132,100
2531,2026-05-30 13:05:18.395620,2026/05/30 13:05:18.458,3,NVIDIA A100-SXM-64GB,128.30,48106,100
2532,2026-05-30 13:05:23.495001,2026/05/30 13:05:23.543,0,NVIDIA A100-SXM-64GB,146.30,48124,98
2533,2026-05-30 13:05:23.495001,2026/05/30 13:05:23.546,1,NVIDIA A100-SXM-64GB,151.04,48142,100
2534,2026-05-30 13:05:23.495001,2026/05/30 13:05:23.551,2,NVIDIA A100-SXM-64GB,130.79,48132,98
2535,2026-05-30 13:05:23.495001,2026/05/30 13:05:23.554,3,NVIDIA A100-SXM-64GB,137.98,48106,98
2536,2026-05-30 13:05:28.572862,2026/05/30 13:05:28.626,0,NVIDIA A100-SXM-64GB,125.84,48124,100
2537,2026-05-30 13:05:28.572862,2026/05/30 13:05:28.629,1,NVIDIA A100-SXM-64GB,124.08,48142,100
2538,2026-05-30 13:05:28.572862,2026/05/30 13:05:28.631,2,NVIDIA A100-SXM-64GB,143.06,48132,98
2539,2026-05-30 13:05:28.572862,2026/05/30 13:05:28.635,3,NVIDIA A100-SXM-64GB,125.69,48106,100
2540,2026-05-30 13:05:33.670850,2026/05/30 13:05:33.718,0,NVIDIA A100-SXM-64GB,140.49,48124,98
2541,2026-05-30 13:05:33.670850,2026/05/30 13:05:33.723,1,NVIDIA A100-SXM-64GB,151.32,48142,98
2542,2026-05-30 13:05:33.670850,2026/05/30 13:05:33.726,2,NVIDIA A100-SXM-64GB,139.99,48132,100
2543,2026-05-30 13:05:33.670850,2026/05/30 13:05:33.737,3,NVIDIA A100-SXM-64GB,132.00,48106,98
2544,2026-05-30 13:05:38.758718,2026/05/30 13:05:38.807,0,NVIDIA A100-SXM-64GB,175.74,48124,100
2545,2026-05-30 13:05:38.758718,2026/05/30 13:05:38.810,1,NVIDIA A100-SXM-64GB,153.19,48142,100
2546,2026-05-30 13:05:38.758718,2026/05/30 13:05:38.815,2,NVIDIA A100-SXM-64GB,190.76,48132,100
2547,2026-05-30 13:05:38.758718,2026/05/30 13:05:38.827,3,NVIDIA A100-SXM-64GB,167.28,48106,100
2548,2026-05-30 13:05:43.854610,2026/05/30 13:05:43.903,0,NVIDIA A100-SXM-64GB,144.62,48124,98
2549,2026-05-30 13:05:43.854610,2026/05/30 13:05:43.906,1,NVIDIA A100-SXM-64GB,150.43,48142,100
2550,2026-05-30 13:05:43.854610,2026/05/30 13:05:43.908,2,NVIDIA A100-SXM-64GB,138.90,48132,98
2551,2026-05-30 13:05:43.854610,2026/05/30 13:05:43.911,3,NVIDIA A100-SXM-64GB,144.42,48106,98
2552,2026-05-30 13:05:48.939824,2026/05/30 13:05:48.993,0,NVIDIA A100-SXM-64GB,139.28,48124,98
2553,2026-05-30 13:05:48.939824,2026/05/30 13:05:48.996,1,NVIDIA A100-SXM-64GB,146.14,48142,100
2554,2026-05-30 13:05:48.939824,2026/05/30 13:05:48.999,2,NVIDIA A100-SXM-64GB,124.22,48132,98
2555,2026-05-30 13:05:48.939824,2026/05/30 13:05:49.014,3,NVIDIA A100-SXM-64GB,141.67,48106,100
2556,2026-05-30 13:05:54.033210,2026/05/30 13:05:54.085,0,NVIDIA A100-SXM-64GB,142.90,48124,98
2557,2026-05-30 13:05:54.033210,2026/05/30 13:05:54.087,1,NVIDIA A100-SXM-64GB,139.99,48142,98
2558,2026-05-30 13:05:54.033210,2026/05/30 13:05:54.092,2,NVIDIA A100-SXM-64GB,144.28,48132,98
2559,2026-05-30 13:05:54.033210,2026/05/30 13:05:54.096,3,NVIDIA A100-SXM-64GB,133.68,48106,98
2560,2026-05-30 13:05:59.114319,2026/05/30 13:05:59.157,0,NVIDIA A100-SXM-64GB,144.16,48124,98
2561,2026-05-30 13:05:59.114319,2026/05/30 13:05:59.162,1,NVIDIA A100-SXM-64GB,147.63,48142,98
2562,2026-05-30 13:05:59.114319,2026/05/30 13:05:59.164,2,NVIDIA A100-SXM-64GB,144.00,48132,98
2563,2026-05-30 13:05:59.114319,2026/05/30 13:05:59.167,3,NVIDIA A100-SXM-64GB,141.67,48106,98
2564,2026-05-30 13:06:04.185731,2026/05/30 13:06:04.233,0,NVIDIA A100-SXM-64GB,144.77,48124,100
2565,2026-05-30 13:06:04.185731,2026/05/30 13:06:04.236,1,NVIDIA A100-SXM-64GB,134.48,48142,100
2566,2026-05-30 13:06:04.185731,2026/05/30 13:06:04.242,2,NVIDIA A100-SXM-64GB,167.11,48132,100
2567,2026-05-30 13:06:04.185731,2026/05/30 13:06:04.245,3,NVIDIA A100-SXM-64GB,123.06,48106,100
2568,2026-05-30 13:06:09.274619,2026/05/30 13:06:09.318,0,NVIDIA A100-SXM-64GB,184.15,48124,100
2569,2026-05-30 13:06:09.274619,2026/05/30 13:06:09.320,1,NVIDIA A100-SXM-64GB,169.09,48142,100
2570,2026-05-30 13:06:09.274619,2026/05/30 13:06:09.326,2,NVIDIA A100-SXM-64GB,164.53,48132,100
2571,2026-05-30 13:06:09.274619,2026/05/30 13:06:09.328,3,NVIDIA A100-SXM-64GB,155.17,48106,100
2572,2026-05-30 13:06:14.357615,2026/05/30 13:06:14.406,0,NVIDIA A100-SXM-64GB,159.85,48124,100
2573,2026-05-30 13:06:14.357615,2026/05/30 13:06:14.411,1,NVIDIA A100-SXM-64GB,160.84,48142,100
2574,2026-05-30 13:06:14.357615,2026/05/30 13:06:14.414,2,NVIDIA A100-SXM-64GB,156.82,48132,100
2575,2026-05-30 13:06:14.357615,2026/05/30 13:06:14.417,3,NVIDIA A100-SXM-64GB,157.92,48106,100
2576,2026-05-30 13:06:19.437604,2026/05/30 13:06:19.497,0,NVIDIA A100-SXM-64GB,175.32,48124,100
2577,2026-05-30 13:06:19.437604,2026/05/30 13:06:19.499,1,NVIDIA A100-SXM-64GB,181.36,48142,100
2578,2026-05-30 13:06:19.437604,2026/05/30 13:06:19.503,2,NVIDIA A100-SXM-64GB,171.67,48132,100
2579,2026-05-30 13:06:19.437604,2026/05/30 13:06:19.505,3,NVIDIA A100-SXM-64GB,171.13,48106,100
2580,2026-05-30 13:06:24.524714,2026/05/30 13:06:24.569,0,NVIDIA A100-SXM-64GB,145.37,48124,100
2581,2026-05-30 13:06:24.524714,2026/05/30 13:06:24.574,1,NVIDIA A100-SXM-64GB,147.18,48142,97
2582,2026-05-30 13:06:24.524714,2026/05/30 13:06:24.580,2,NVIDIA A100-SXM-64GB,119.19,48132,99
2583,2026-05-30 13:06:24.524714,2026/05/30 13:06:24.584,3,NVIDIA A100-SXM-64GB,140.13,48106,97
2584,2026-05-30 13:06:29.615612,2026/05/30 13:06:29.664,0,NVIDIA A100-SXM-64GB,179.27,48124,100
2585,2026-05-30 13:06:29.615612,2026/05/30 13:06:29.667,1,NVIDIA A100-SXM-64GB,178.01,48142,100
2586,2026-05-30 13:06:29.615612,2026/05/30 13:06:29.670,2,NVIDIA A100-SXM-64GB,168.82,48132,100
2587,2026-05-30 13:06:29.615612,2026/05/30 13:06:29.672,3,NVIDIA A100-SXM-64GB,165.30,48106,100
2588,2026-05-30 13:06:34.704619,2026/05/30 13:06:34.759,0,NVIDIA A100-SXM-64GB,138.21,48124,100
2589,2026-05-30 13:06:34.704619,2026/05/30 13:06:34.761,1,NVIDIA A100-SXM-64GB,146.14,48142,100
2590,2026-05-30 13:06:34.704619,2026/05/30 13:06:34.764,2,NVIDIA A100-SXM-64GB,158.20,48132,100
2591,2026-05-30 13:06:34.704619,2026/05/30 13:06:34.766,3,NVIDIA A100-SXM-64GB,131.73,48106,100
2592,2026-05-30 13:06:39.799614,2026/05/30 13:06:39.859,0,NVIDIA A100-SXM-64GB,168.13,48124,100
2593,2026-05-30 13:06:39.799614,2026/05/30 13:06:39.862,1,NVIDIA A100-SXM-64GB,166.34,48142,100
2594,2026-05-30 13:06:39.799614,2026/05/30 13:06:39.866,2,NVIDIA A100-SXM-64GB,181.78,48132,100
2595,2026-05-30 13:06:39.799614,2026/05/30 13:06:39.869,3,NVIDIA A100-SXM-64GB,174.32,48106,100
2596,2026-05-30 13:06:44.900029,2026/05/30 13:06:44.944,0,NVIDIA A100-SXM-64GB,131.13,48124,100
2597,2026-05-30 13:06:44.900029,2026/05/30 13:06:44.946,1,NVIDIA A100-SXM-64GB,147.35,48142,99
2598,2026-05-30 13:06:44.900029,2026/05/30 13:06:44.949,2,NVIDIA A100-SXM-64GB,186.67,48132,100
2599,2026-05-30 13:06:44.900029,2026/05/30 13:06:44.951,3,NVIDIA A100-SXM-64GB,126.49,48106,100
2600,2026-05-30 13:06:49.969886,2026/05/30 13:06:50.017,0,NVIDIA A100-SXM-64GB,168.57,48124,100
2601,2026-05-30 13:06:49.969886,2026/05/30 13:06:50.020,1,NVIDIA A100-SXM-64GB,194.52,48142,100
2602,2026-05-30 13:06:49.969886,2026/05/30 13:06:50.022,2,NVIDIA A100-SXM-64GB,176.74,48132,100
2603,2026-05-30 13:06:49.969886,2026/05/30 13:06:50.025,3,NVIDIA A100-SXM-64GB,168.33,48106,100
2604,2026-05-30 13:06:55.067611,2026/05/30 13:06:55.111,0,NVIDIA A100-SXM-64GB,131.93,48124,99
2605,2026-05-30 13:06:55.067611,2026/05/30 13:06:55.116,1,NVIDIA A100-SXM-64GB,151.65,48142,100
2606,2026-05-30 13:06:55.067611,2026/05/30 13:06:55.119,2,NVIDIA A100-SXM-64GB,142.46,48132,100
2607,2026-05-30 13:06:55.067611,2026/05/30 13:06:55.121,3,NVIDIA A100-SXM-64GB,126.16,48106,100
2608,2026-05-30 13:07:00.139814,2026/05/30 13:07:00.192,0,NVIDIA A100-SXM-64GB,174.38,48124,100
2609,2026-05-30 13:07:00.139814,2026/05/30 13:07:00.197,1,NVIDIA A100-SXM-64GB,136.76,48142,100
2610,2026-05-30 13:07:00.139814,2026/05/30 13:07:00.199,2,NVIDIA A100-SXM-64GB,142.46,48132,100
2611,2026-05-30 13:07:00.139814,2026/05/30 13:07:00.202,3,NVIDIA A100-SXM-64GB,187.66,48106,100
2612,2026-05-30 13:07:05.245614,2026/05/30 13:07:05.290,0,NVIDIA A100-SXM-64GB,144.43,48124,98
2613,2026-05-30 13:07:05.245614,2026/05/30 13:07:05.292,1,NVIDIA A100-SXM-64GB,144.28,48142,97
2614,2026-05-30 13:07:05.245614,2026/05/30 13:07:05.295,2,NVIDIA A100-SXM-64GB,116.38,48132,97
2615,2026-05-30 13:07:05.245614,2026/05/30 13:07:05.297,3,NVIDIA A100-SXM-64GB,140.13,48106,97
2616,2026-05-30 13:07:10.317105,2026/05/30 13:07:10.364,0,NVIDIA A100-SXM-64GB,176.53,48124,100
2617,2026-05-30 13:07:10.317105,2026/05/30 13:07:10.368,1,NVIDIA A100-SXM-64GB,170.30,48142,100
2618,2026-05-30 13:07:10.317105,2026/05/30 13:07:10.370,2,NVIDIA A100-SXM-64GB,171.84,48132,100
2619,2026-05-30 13:07:10.317105,2026/05/30 13:07:10.373,3,NVIDIA A100-SXM-64GB,177.85,48106,100
2620,2026-05-30 13:07:15.404206,2026/05/30 13:07:15.447,0,NVIDIA A100-SXM-64GB,151.18,48124,97
2621,2026-05-30 13:07:15.404206,2026/05/30 13:07:15.449,1,NVIDIA A100-SXM-64GB,144.15,48142,100
2622,2026-05-30 13:07:15.404206,2026/05/30 13:07:15.455,2,NVIDIA A100-SXM-64GB,149.18,48132,100
2623,2026-05-30 13:07:15.404206,2026/05/30 13:07:15.460,3,NVIDIA A100-SXM-64GB,142.42,48106,100
2624,2026-05-30 13:07:20.478908,2026/05/30 13:07:20.526,0,NVIDIA A100-SXM-64GB,191.31,48124,100
2625,2026-05-30 13:07:20.478908,2026/05/30 13:07:20.528,1,NVIDIA A100-SXM-64GB,194.92,48142,100
2626,2026-05-30 13:07:20.478908,2026/05/30 13:07:20.531,2,NVIDIA A100-SXM-64GB,164.02,48132,100
2627,2026-05-30 13:07:20.478908,2026/05/30 13:07:20.533,3,NVIDIA A100-SXM-64GB,186.26,48106,100
2628,2026-05-30 13:07:25.563620,2026/05/30 13:07:25.614,0,NVIDIA A100-SXM-64GB,168.73,48124,100
2629,2026-05-30 13:07:25.563620,2026/05/30 13:07:25.617,1,NVIDIA A100-SXM-64GB,142.13,48142,100
2630,2026-05-30 13:07:25.563620,2026/05/30 13:07:25.619,2,NVIDIA A100-SXM-64GB,143.06,48132,100
2631,2026-05-30 13:07:25.563620,2026/05/30 13:07:25.622,3,NVIDIA A100-SXM-64GB,137.70,48106,100
2632,2026-05-30 13:07:30.663609,2026/05/30 13:07:30.712,0,NVIDIA A100-SXM-64GB,172.67,48124,100
2633,2026-05-30 13:07:30.663609,2026/05/30 13:07:30.715,1,NVIDIA A100-SXM-64GB,169.09,48142,100
2634,2026-05-30 13:07:30.663609,2026/05/30 13:07:30.718,2,NVIDIA A100-SXM-64GB,168.32,48132,100
2635,2026-05-30 13:07:30.663609,2026/05/30 13:07:30.720,3,NVIDIA A100-SXM-64GB,163.15,48106,100
2636,2026-05-30 13:07:35.742951,2026/05/30 13:07:35.790,0,NVIDIA A100-SXM-64GB,158.97,48124,100
2637,2026-05-30 13:07:35.742951,2026/05/30 13:07:35.793,1,NVIDIA A100-SXM-64GB,175.08,48142,100
2638,2026-05-30 13:07:35.742951,2026/05/30 13:07:35.795,2,NVIDIA A100-SXM-64GB,175.08,48132,100
2639,2026-05-30 13:07:35.742951,2026/05/30 13:07:35.800,3,NVIDIA A100-SXM-64GB,158.97,48106,100
2640,2026-05-30 13:07:40.830443,2026/05/30 13:07:40.878,0,NVIDIA A100-SXM-64GB,165.06,48124,100
2641,2026-05-30 13:07:40.830443,2026/05/30 13:07:40.880,1,NVIDIA A100-SXM-64GB,143.67,48142,100
2642,2026-05-30 13:07:40.830443,2026/05/30 13:07:40.883,2,NVIDIA A100-SXM-64GB,137.23,48132,98
2643,2026-05-30 13:07:40.830443,2026/05/30 13:07:40.885,3,NVIDIA A100-SXM-64GB,160.84,48106,100
2644,2026-05-30 13:07:45.904036,2026/05/30 13:07:45.951,0,NVIDIA A100-SXM-64GB,166.59,48124,100
2645,2026-05-30 13:07:45.904036,2026/05/30 13:07:45.956,1,NVIDIA A100-SXM-64GB,174.41,48142,100
2646,2026-05-30 13:07:45.904036,2026/05/30 13:07:45.958,2,NVIDIA A100-SXM-64GB,175.77,48132,100
2647,2026-05-30 13:07:45.904036,2026/05/30 13:07:45.965,3,NVIDIA A100-SXM-64GB,171.84,48106,100
2648,2026-05-30 13:07:50.996596,2026/05/30 13:07:51.044,0,NVIDIA A100-SXM-64GB,147.96,48124,98
2649,2026-05-30 13:07:50.996596,2026/05/30 13:07:51.047,1,NVIDIA A100-SXM-64GB,143.67,48142,100
2650,2026-05-30 13:07:50.996596,2026/05/30 13:07:51.049,2,NVIDIA A100-SXM-64GB,143.85,48132,100
2651,2026-05-30 13:07:50.996596,2026/05/30 13:07:51.052,3,NVIDIA A100-SXM-64GB,129.11,48106,100
2652,2026-05-30 13:07:56.093613,2026/05/30 13:07:56.138,0,NVIDIA A100-SXM-64GB,164.13,48124,100
2653,2026-05-30 13:07:56.093613,2026/05/30 13:07:56.140,1,NVIDIA A100-SXM-64GB,170.03,48142,100
2654,2026-05-30 13:07:56.093613,2026/05/30 13:07:56.143,2,NVIDIA A100-SXM-64GB,171.99,48132,100
2655,2026-05-30 13:07:56.093613,2026/05/30 13:07:56.145,3,NVIDIA A100-SXM-64GB,154.07,48106,100
2656,2026-05-30 13:08:01.177148,2026/05/30 13:08:01.220,0,NVIDIA A100-SXM-64GB,175.14,48124,100
2657,2026-05-30 13:08:01.177148,2026/05/30 13:08:01.222,1,NVIDIA A100-SXM-64GB,150.43,48142,100
2658,2026-05-30 13:08:01.177148,2026/05/30 13:08:01.225,2,NVIDIA A100-SXM-64GB,164.96,48132,100
2659,2026-05-30 13:08:01.177148,2026/05/30 13:08:01.228,3,NVIDIA A100-SXM-64GB,162.99,48106,100
2660,2026-05-30 13:08:06.250680,2026/05/30 13:08:06.299,0,NVIDIA A100-SXM-64GB,178.15,48124,100
2661,2026-05-30 13:08:06.250680,2026/05/30 13:08:06.302,1,NVIDIA A100-SXM-64GB,163.92,48142,100
2662,2026-05-30 13:08:06.250680,2026/05/30 13:08:06.304,2,NVIDIA A100-SXM-64GB,177.83,48132,100
2663,2026-05-30 13:08:06.250680,2026/05/30 13:08:06.307,3,NVIDIA A100-SXM-64GB,160.51,48106,100
2664,2026-05-30 13:08:11.338655,2026/05/30 13:08:11.380,0,NVIDIA A100-SXM-64GB,178.15,48124,100
2665,2026-05-30 13:08:11.338655,2026/05/30 13:08:11.382,1,NVIDIA A100-SXM-64GB,185.05,48142,100
2666,2026-05-30 13:08:11.338655,2026/05/30 13:08:11.388,2,NVIDIA A100-SXM-64GB,172.93,48132,100
2667,2026-05-30 13:08:11.338655,2026/05/30 13:08:11.390,3,NVIDIA A100-SXM-64GB,185.32,48106,100
2668,2026-05-30 13:08:16.409343,2026/05/30 13:08:16.456,0,NVIDIA A100-SXM-64GB,165.99,48124,100
2669,2026-05-30 13:08:16.409343,2026/05/30 13:08:16.462,1,NVIDIA A100-SXM-64GB,178.70,48142,100
2670,2026-05-30 13:08:16.409343,2026/05/30 13:08:16.466,2,NVIDIA A100-SXM-64GB,180.39,48132,100
2671,2026-05-30 13:08:16.409343,2026/05/30 13:08:16.469,3,NVIDIA A100-SXM-64GB,155.01,48106,100
2672,2026-05-30 13:08:21.512615,2026/05/30 13:08:21.560,0,NVIDIA A100-SXM-64GB,140.76,48124,100
2673,2026-05-30 13:08:21.512615,2026/05/30 13:08:21.564,1,NVIDIA A100-SXM-64GB,163.59,48142,98
2674,2026-05-30 13:08:21.512615,2026/05/30 13:08:21.589,2,NVIDIA A100-SXM-64GB,149.02,48132,98
2675,2026-05-30 13:08:21.512615,2026/05/30 13:08:21.592,3,NVIDIA A100-SXM-64GB,131.87,48106,98
2676,2026-05-30 13:08:26.632615,2026/05/30 13:08:26.689,0,NVIDIA A100-SXM-64GB,144.62,48124,100
2677,2026-05-30 13:08:26.632615,2026/05/30 13:08:26.692,1,NVIDIA A100-SXM-64GB,179.31,48142,100
2678,2026-05-30 13:08:26.632615,2026/05/30 13:08:26.694,2,NVIDIA A100-SXM-64GB,158.53,48132,100
2679,2026-05-30 13:08:26.632615,2026/05/30 13:08:26.697,3,NVIDIA A100-SXM-64GB,164.80,48106,100
2680,2026-05-30 13:08:31.732130,2026/05/30 13:08:31.790,0,NVIDIA A100-SXM-64GB,134.67,48124,98
2681,2026-05-30 13:08:31.732130,2026/05/30 13:08:31.792,1,NVIDIA A100-SXM-64GB,129.99,48142,100
2682,2026-05-30 13:08:31.732130,2026/05/30 13:08:31.795,2,NVIDIA A100-SXM-64GB,146.43,48132,100
2683,2026-05-30 13:08:31.732130,2026/05/30 13:08:31.797,3,NVIDIA A100-SXM-64GB,129.99,48106,98
2684,2026-05-30 13:08:36.828615,2026/05/30 13:08:36.873,0,NVIDIA A100-SXM-64GB,124.58,48124,100
2685,2026-05-30 13:08:36.828615,2026/05/30 13:08:36.877,1,NVIDIA A100-SXM-64GB,160.51,48142,100
2686,2026-05-30 13:08:36.828615,2026/05/30 13:08:36.879,2,NVIDIA A100-SXM-64GB,171.84,48132,100
2687,2026-05-30 13:08:36.828615,2026/05/30 13:08:36.882,3,NVIDIA A100-SXM-64GB,163.15,48106,100
2688,2026-05-30 13:08:41.901022,2026/05/30 13:08:41.942,0,NVIDIA A100-SXM-64GB,137.14,48124,100
2689,2026-05-30 13:08:41.901022,2026/05/30 13:08:41.944,1,NVIDIA A100-SXM-64GB,178.88,48142,98
2690,2026-05-30 13:08:41.901022,2026/05/30 13:08:41.948,2,NVIDIA A100-SXM-64GB,138.77,48132,98
2691,2026-05-30 13:08:41.901022,2026/05/30 13:08:41.951,3,NVIDIA A100-SXM-64GB,119.70,48106,100
2692,2026-05-30 13:08:46.971161,2026/05/30 13:08:47.024,0,NVIDIA A100-SXM-64GB,145.04,48124,100
2693,2026-05-30 13:08:46.971161,2026/05/30 13:08:47.026,1,NVIDIA A100-SXM-64GB,181.36,48142,100
2694,2026-05-30 13:08:46.971161,2026/05/30 13:08:47.030,2,NVIDIA A100-SXM-64GB,159.30,48132,100
2695,2026-05-30 13:08:46.971161,2026/05/30 13:08:47.032,3,NVIDIA A100-SXM-64GB,168.99,48106,100
2696,2026-05-30 13:08:52.072613,2026/05/30 13:08:52.117,0,NVIDIA A100-SXM-64GB,187.63,48124,100
2697,2026-05-30 13:08:52.072613,2026/05/30 13:08:52.120,1,NVIDIA A100-SXM-64GB,187.00,48142,99
2698,2026-05-30 13:08:52.072613,2026/05/30 13:08:52.123,2,NVIDIA A100-SXM-64GB,148.41,48132,100
2699,2026-05-30 13:08:52.072613,2026/05/30 13:08:52.125,3,NVIDIA A100-SXM-64GB,176.13,48106,100
2700,2026-05-30 13:08:57.156610,2026/05/30 13:08:57.200,0,NVIDIA A100-SXM-64GB,143.23,48124,97
2701,2026-05-30 13:08:57.156610,2026/05/30 13:08:57.202,1,NVIDIA A100-SXM-64GB,115.01,48142,97
2702,2026-05-30 13:08:57.156610,2026/05/30 13:08:57.205,2,NVIDIA A100-SXM-64GB,141.52,48132,97
2703,2026-05-30 13:08:57.156610,2026/05/30 13:08:57.207,3,NVIDIA A100-SXM-64GB,113.25,48106,100
2704,2026-05-30 13:09:02.226066,2026/05/30 13:09:02.277,0,NVIDIA A100-SXM-64GB,185.36,48124,100
2705,2026-05-30 13:09:02.226066,2026/05/30 13:09:02.282,1,NVIDIA A100-SXM-64GB,178.01,48142,100
2706,2026-05-30 13:09:02.226066,2026/05/30 13:09:02.285,2,NVIDIA A100-SXM-64GB,133.54,48132,100
2707,2026-05-30 13:09:02.226066,2026/05/30 13:09:02.291,3,NVIDIA A100-SXM-64GB,179.68,48106,100
2708,2026-05-30 13:09:07.310611,2026/05/30 13:09:07.359,0,NVIDIA A100-SXM-64GB,146.90,48124,99
2709,2026-05-30 13:09:07.310611,2026/05/30 13:09:07.365,1,NVIDIA A100-SXM-64GB,130.93,48142,100
2710,2026-05-30 13:09:07.310611,2026/05/30 13:09:07.367,2,NVIDIA A100-SXM-64GB,144.60,48132,100
2711,2026-05-30 13:09:07.310611,2026/05/30 13:09:07.371,3,NVIDIA A100-SXM-64GB,123.06,48106,100
2712,2026-05-30 13:09:12.401615,2026/05/30 13:09:12.450,0,NVIDIA A100-SXM-64GB,148.72,48124,100
2713,2026-05-30 13:09:12.401615,2026/05/30 13:09:12.453,1,NVIDIA A100-SXM-64GB,189.94,48142,100
2714,2026-05-30 13:09:12.401615,2026/05/30 13:09:12.456,2,NVIDIA A100-SXM-64GB,167.88,48132,100
2715,2026-05-30 13:09:12.401615,2026/05/30 13:09:12.459,3,NVIDIA A100-SXM-64GB,180.01,48106,100
2716,2026-05-30 13:09:17.505607,2026/05/30 13:09:17.549,0,NVIDIA A100-SXM-64GB,143.23,48124,100
2717,2026-05-30 13:09:17.505607,2026/05/30 13:09:17.551,1,NVIDIA A100-SXM-64GB,140.73,48142,100
2718,2026-05-30 13:09:17.505607,2026/05/30 13:09:17.554,2,NVIDIA A100-SXM-64GB,143.06,48132,100
2719,2026-05-30 13:09:17.505607,2026/05/30 13:09:17.556,3,NVIDIA A100-SXM-64GB,135.83,48106,100
2720,2026-05-30 13:09:22.575667,2026/05/30 13:09:22.623,0,NVIDIA A100-SXM-64GB,167.36,48124,100
2721,2026-05-30 13:09:22.575667,2026/05/30 13:09:22.628,1,NVIDIA A100-SXM-64GB,172.62,48142,100
2722,2026-05-30 13:09:22.575667,2026/05/30 13:09:22.630,2,NVIDIA A100-SXM-64GB,165.13,48132,100
2723,2026-05-30 13:09:22.575667,2026/05/30 13:09:22.635,3,NVIDIA A100-SXM-64GB,174.50,48106,100
2724,2026-05-30 13:09:27.665620,2026/05/30 13:09:27.710,0,NVIDIA A100-SXM-64GB,147.05,48124,97
2725,2026-05-30 13:09:27.665620,2026/05/30 13:09:27.712,1,NVIDIA A100-SXM-64GB,126.63,48142,100
2726,2026-05-30 13:09:27.665620,2026/05/30 13:09:27.715,2,NVIDIA A100-SXM-64GB,149.18,48132,100
2727,2026-05-30 13:09:27.665620,2026/05/30 13:09:27.718,3,NVIDIA A100-SXM-64GB,116.62,48106,100
2728,2026-05-30 13:09:32.738803,2026/05/30 13:09:32.786,0,NVIDIA A100-SXM-64GB,173.46,48124,100
2729,2026-05-30 13:09:32.738803,2026/05/30 13:09:32.790,1,NVIDIA A100-SXM-64GB,168.49,48142,100
2730,2026-05-30 13:09:32.738803,2026/05/30 13:09:32.793,2,NVIDIA A100-SXM-64GB,167.88,48132,100
2731,2026-05-30 13:09:32.738803,2026/05/30 13:09:32.795,3,NVIDIA A100-SXM-64GB,151.96,48106,100
2732,2026-05-30 13:09:37.839610,2026/05/30 13:09:37.884,0,NVIDIA A100-SXM-64GB,138.02,48124,100
2733,2026-05-30 13:09:37.839610,2026/05/30 13:09:37.886,1,NVIDIA A100-SXM-64GB,149.33,48142,99
2734,2026-05-30 13:09:37.839610,2026/05/30 13:09:37.889,2,NVIDIA A100-SXM-64GB,128.17,48132,98
2735,2026-05-30 13:09:37.839610,2026/05/30 13:09:37.892,3,NVIDIA A100-SXM-64GB,135.70,48106,100
2736,2026-05-30 13:09:42.911056,2026/05/30 13:09:42.959,0,NVIDIA A100-SXM-64GB,177.74,48124,100
2737,2026-05-30 13:09:42.911056,2026/05/30 13:09:42.962,1,NVIDIA A100-SXM-64GB,160.06,48142,100
2738,2026-05-30 13:09:42.911056,2026/05/30 13:09:42.964,2,NVIDIA A100-SXM-64GB,165.13,48132,100
2739,2026-05-30 13:09:42.911056,2026/05/30 13:09:42.967,3,NVIDIA A100-SXM-64GB,161.60,48106,100
2740,2026-05-30 13:09:48.009620,2026/05/30 13:09:48.054,0,NVIDIA A100-SXM-64GB,132.53,48124,100
2741,2026-05-30 13:09:48.009620,2026/05/30 13:09:48.058,1,NVIDIA A100-SXM-64GB,144.60,48142,100
2742,2026-05-30 13:09:48.009620,2026/05/30 13:09:48.061,2,NVIDIA A100-SXM-64GB,124.08,48132,100
2743,2026-05-30 13:09:48.009620,2026/05/30 13:09:48.065,3,NVIDIA A100-SXM-64GB,163.32,48106,100
2744,2026-05-30 13:09:53.084120,2026/05/30 13:09:53.127,0,NVIDIA A100-SXM-64GB,173.61,48124,100
2745,2026-05-30 13:09:53.084120,2026/05/30 13:09:53.130,1,NVIDIA A100-SXM-64GB,170.63,48142,100
2746,2026-05-30 13:09:53.084120,2026/05/30 13:09:53.132,2,NVIDIA A100-SXM-64GB,150.72,48132,100
2747,2026-05-30 13:09:53.084120,2026/05/30 13:09:53.135,3,NVIDIA A100-SXM-64GB,159.79,48106,100
2748,2026-05-30 13:09:58.154219,2026/05/30 13:09:58.198,0,NVIDIA A100-SXM-64GB,143.23,48124,100
2749,2026-05-30 13:09:58.154219,2026/05/30 13:09:58.200,1,NVIDIA A100-SXM-64GB,120.40,48142,97
2750,2026-05-30 13:09:58.154219,2026/05/30 13:09:58.203,2,NVIDIA A100-SXM-64GB,139.05,48132,97
2751,2026-05-30 13:09:58.154219,2026/05/30 13:09:58.205,3,NVIDIA A100-SXM-64GB,138.91,48106,97
2752,2026-05-30 13:10:03.224106,2026/05/30 13:10:03.272,0,NVIDIA A100-SXM-64GB,124.58,48124,100
2753,2026-05-30 13:10:03.224106,2026/05/30 13:10:03.278,1,NVIDIA A100-SXM-64GB,141.85,48142,98
2754,2026-05-30 13:10:03.224106,2026/05/30 13:10:03.280,2,NVIDIA A100-SXM-64GB,143.67,48132,98
2755,2026-05-30 13:10:03.224106,2026/05/30 13:10:03.283,3,NVIDIA A100-SXM-64GB,137.70,48106,100
2756,2026-05-30 13:10:08.311178,2026/05/30 13:10:08.359,0,NVIDIA A100-SXM-64GB,136.54,48124,99
2757,2026-05-30 13:10:08.311178,2026/05/30 13:10:08.362,1,NVIDIA A100-SXM-64GB,150.43,48142,97
2758,2026-05-30 13:10:08.311178,2026/05/30 13:10:08.364,2,NVIDIA A100-SXM-64GB,120.67,48132,100
2759,2026-05-30 13:10:08.311178,2026/05/30 13:10:08.370,3,NVIDIA A100-SXM-64GB,107.63,48106,100
2760,2026-05-30 13:10:13.411845,2026/05/30 13:10:13.459,0,NVIDIA A100-SXM-64GB,166.76,48124,100
2761,2026-05-30 13:10:13.411845,2026/05/30 13:10:13.462,1,NVIDIA A100-SXM-64GB,174.59,48142,100
2762,2026-05-30 13:10:13.411845,2026/05/30 13:10:13.464,2,NVIDIA A100-SXM-64GB,174.74,48132,100
2763,2026-05-30 13:10:13.411845,2026/05/30 13:10:13.469,3,NVIDIA A100-SXM-64GB,184.11,48106,100
2764,2026-05-30 13:10:18.501617,2026/05/30 13:10:18.553,0,NVIDIA A100-SXM-64GB,169.51,48124,100
2765,2026-05-30 13:10:18.501617,2026/05/30 13:10:18.558,1,NVIDIA A100-SXM-64GB,173.71,48142,100
2766,2026-05-30 13:10:18.501617,2026/05/30 13:10:18.561,2,NVIDIA A100-SXM-64GB,139.38,48132,100
2767,2026-05-30 13:10:18.501617,2026/05/30 13:10:18.563,3,NVIDIA A100-SXM-64GB,117.89,48106,100
2768,2026-05-30 13:10:23.615620,2026/05/30 13:10:23.679,0,NVIDIA A100-SXM-64GB,165.23,48124,100
2769,2026-05-30 13:10:23.615620,2026/05/30 13:10:23.682,1,NVIDIA A100-SXM-64GB,165.40,48142,100
2770,2026-05-30 13:10:23.615620,2026/05/30 13:10:23.685,2,NVIDIA A100-SXM-64GB,169.52,48132,98
2771,2026-05-30 13:10:23.615620,2026/05/30 13:10:23.688,3,NVIDIA A100-SXM-64GB,183.79,48106,100
2772,2026-05-30 13:10:28.707044,2026/05/30 13:10:28.750,0,NVIDIA A100-SXM-64GB,169.61,48124,100
2773,2026-05-30 13:10:28.707044,2026/05/30 13:10:28.753,1,NVIDIA A100-SXM-64GB,184.53,48142,100
2774,2026-05-30 13:10:28.707044,2026/05/30 13:10:28.755,2,NVIDIA A100-SXM-64GB,169.68,48132,100
2775,2026-05-30 13:10:28.707044,2026/05/30 13:10:28.757,3,NVIDIA A100-SXM-64GB,152.86,48106,100
2776,2026-05-30 13:10:33.785941,2026/05/30 13:10:33.839,0,NVIDIA A100-SXM-64GB,146.43,48124,98
2777,2026-05-30 13:10:33.785941,2026/05/30 13:10:33.846,1,NVIDIA A100-SXM-64GB,173.81,48142,100
2778,2026-05-30 13:10:33.785941,2026/05/30 13:10:33.850,2,NVIDIA A100-SXM-64GB,143.85,48132,100
2779,2026-05-30 13:10:33.785941,2026/05/30 13:10:33.855,3,NVIDIA A100-SXM-64GB,140.92,48106,99
2780,2026-05-30 13:10:38.889018,2026/05/30 13:10:38.933,0,NVIDIA A100-SXM-64GB,120.03,48124,100
2781,2026-05-30 13:10:38.889018,2026/05/30 13:10:38.936,1,NVIDIA A100-SXM-64GB,125.29,48142,98
2782,2026-05-30 13:10:38.889018,2026/05/30 13:10:38.938,2,NVIDIA A100-SXM-64GB,141.71,48132,98
2783,2026-05-30 13:10:38.889018,2026/05/30 13:10:38.940,3,NVIDIA A100-SXM-64GB,142.27,48106,100
2784,2026-05-30 13:10:43.972610,2026/05/30 13:10:44.017,0,NVIDIA A100-SXM-64GB,164.73,48124,100
2785,2026-05-30 13:10:43.972610,2026/05/30 13:10:44.020,1,NVIDIA A100-SXM-64GB,168.82,48142,100
2786,2026-05-30 13:10:43.972610,2026/05/30 13:10:44.023,2,NVIDIA A100-SXM-64GB,121.00,48132,100
2787,2026-05-30 13:10:43.972610,2026/05/30 13:10:44.026,3,NVIDIA A100-SXM-64GB,133.68,48106,100
2788,2026-05-30 13:10:49.045143,2026/05/30 13:10:49.092,0,NVIDIA A100-SXM-64GB,148.57,48124,100
2789,2026-05-30 13:10:49.045143,2026/05/30 13:10:49.095,1,NVIDIA A100-SXM-64GB,183.32,48142,100
2790,2026-05-30 13:10:49.045143,2026/05/30 13:10:49.099,2,NVIDIA A100-SXM-64GB,175.95,48132,100
2791,2026-05-30 13:10:49.045143,2026/05/30 13:10:49.102,3,NVIDIA A100-SXM-64GB,172.78,48106,100
2792,2026-05-30 13:10:54.136622,2026/05/30 13:10:54.184,0,NVIDIA A100-SXM-64GB,148.57,48124,100
2793,2026-05-30 13:10:54.136622,2026/05/30 13:10:54.187,1,NVIDIA A100-SXM-64GB,174.14,48142,100
2794,2026-05-30 13:10:54.136622,2026/05/30 13:10:54.190,2,NVIDIA A100-SXM-64GB,155.62,48132,100
2795,2026-05-30 13:10:54.136622,2026/05/30 13:10:54.192,3,NVIDIA A100-SXM-64GB,147.63,48106,100
2796,2026-05-30 13:10:59.222756,2026/05/30 13:10:59.267,0,NVIDIA A100-SXM-64GB,144.62,48124,98
2797,2026-05-30 13:10:59.222756,2026/05/30 13:10:59.269,1,NVIDIA A100-SXM-64GB,150.72,48142,98
2798,2026-05-30 13:10:59.222756,2026/05/30 13:10:59.272,2,NVIDIA A100-SXM-64GB,150.56,48132,98
2799,2026-05-30 13:10:59.222756,2026/05/30 13:10:59.274,3,NVIDIA A100-SXM-64GB,143.06,48106,98
2800,2026-05-30 13:11:04.293759,2026/05/30 13:11:04.342,0,NVIDIA A100-SXM-64GB,162.59,48124,100
2801,2026-05-30 13:11:04.293759,2026/05/30 13:11:04.345,1,NVIDIA A100-SXM-64GB,150.43,48142,100
2802,2026-05-30 13:11:04.293759,2026/05/30 13:11:04.348,2,NVIDIA A100-SXM-64GB,138.77,48132,100
2803,2026-05-30 13:11:04.293759,2026/05/30 13:11:04.350,3,NVIDIA A100-SXM-64GB,153.34,48106,100
2804,2026-05-30 13:11:09.379829,2026/05/30 13:11:09.428,0,NVIDIA A100-SXM-64GB,170.26,48124,100
2805,2026-05-30 13:11:09.379829,2026/05/30 13:11:09.434,1,NVIDIA A100-SXM-64GB,149.50,48142,100
2806,2026-05-30 13:11:09.379829,2026/05/30 13:11:09.436,2,NVIDIA A100-SXM-64GB,188.82,48132,100
2807,2026-05-30 13:11:09.379829,2026/05/30 13:11:09.442,3,NVIDIA A100-SXM-64GB,180.15,48106,100
2808,2026-05-30 13:11:14.474074,2026/05/30 13:11:14.522,0,NVIDIA A100-SXM-64GB,177.88,48124,100
2809,2026-05-30 13:11:14.474074,2026/05/30 13:11:14.525,1,NVIDIA A100-SXM-64GB,159.30,48142,100
2810,2026-05-30 13:11:14.474074,2026/05/30 13:11:14.527,2,NVIDIA A100-SXM-64GB,158.20,48132,100
2811,2026-05-30 13:11:14.474074,2026/05/30 13:11:14.530,3,NVIDIA A100-SXM-64GB,171.84,48106,100
2812,2026-05-30 13:11:19.566770,2026/05/30 13:11:19.611,0,NVIDIA A100-SXM-64GB,146.57,48124,100
2813,2026-05-30 13:11:19.566770,2026/05/30 13:11:19.615,1,NVIDIA A100-SXM-64GB,150.11,48142,98
2814,2026-05-30 13:11:19.566770,2026/05/30 13:11:19.618,2,NVIDIA A100-SXM-64GB,150.28,48132,98
2815,2026-05-30 13:11:19.566770,2026/05/30 13:11:19.622,3,NVIDIA A100-SXM-64GB,141.67,48106,98
2816,2026-05-30 13:11:24.657618,2026/05/30 13:11:24.714,0,NVIDIA A100-SXM-64GB,172.07,48124,100
2817,2026-05-30 13:11:24.657618,2026/05/30 13:11:24.717,1,NVIDIA A100-SXM-64GB,160.84,48142,100
2818,2026-05-30 13:11:24.657618,2026/05/30 13:11:24.719,2,NVIDIA A100-SXM-64GB,164.02,48132,100
2819,2026-05-30 13:11:24.657618,2026/05/30 13:11:24.724,3,NVIDIA A100-SXM-64GB,176.46,48106,100
2820,2026-05-30 13:11:29.771608,2026/05/30 13:11:29.820,0,NVIDIA A100-SXM-64GB,129.46,48124,98
2821,2026-05-30 13:11:29.771608,2026/05/30 13:11:29.823,1,NVIDIA A100-SXM-64GB,123.28,48142,100
2822,2026-05-30 13:11:29.771608,2026/05/30 13:11:29.825,2,NVIDIA A100-SXM-64GB,146.43,48132,100
2823,2026-05-30 13:11:29.771608,2026/05/30 13:11:29.828,3,NVIDIA A100-SXM-64GB,141.07,48106,98
2824,2026-05-30 13:11:34.857842,2026/05/30 13:11:34.911,0,NVIDIA A100-SXM-64GB,181.08,48124,100
2825,2026-05-30 13:11:34.857842,2026/05/30 13:11:34.914,1,NVIDIA A100-SXM-64GB,157.49,48142,100
2826,2026-05-30 13:11:34.857842,2026/05/30 13:11:34.916,2,NVIDIA A100-SXM-64GB,158.97,48132,100
2827,2026-05-30 13:11:34.857842,2026/05/30 13:11:34.919,3,NVIDIA A100-SXM-64GB,171.74,48106,100
2828,2026-05-30 13:11:39.959610,2026/05/30 13:11:40.004,0,NVIDIA A100-SXM-64GB,127.98,48124,100
2829,2026-05-30 13:11:39.959610,2026/05/30 13:11:40.006,1,NVIDIA A100-SXM-64GB,138.17,48142,100
2830,2026-05-30 13:11:39.959610,2026/05/30 13:11:40.012,2,NVIDIA A100-SXM-64GB,129.45,48132,100
2831,2026-05-30 13:11:39.959610,2026/05/30 13:11:40.014,3,NVIDIA A100-SXM-64GB,127.23,48106,100
2832,2026-05-30 13:11:45.046611,2026/05/30 13:11:45.095,0,NVIDIA A100-SXM-64GB,179.41,48124,100
2833,2026-05-30 13:11:45.046611,2026/05/30 13:11:45.099,1,NVIDIA A100-SXM-64GB,180.15,48142,100
2834,2026-05-30 13:11:45.046611,2026/05/30 13:11:45.101,2,NVIDIA A100-SXM-64GB,184.53,48132,100
2835,2026-05-30 13:11:45.046611,2026/05/30 13:11:45.105,3,NVIDIA A100-SXM-64GB,151.20,48106,100
2836,2026-05-30 13:11:50.129710,2026/05/30 13:11:50.173,0,NVIDIA A100-SXM-64GB,122.44,48124,98
2837,2026-05-30 13:11:50.129710,2026/05/30 13:11:50.175,1,NVIDIA A100-SXM-64GB,121.00,48142,98
2838,2026-05-30 13:11:50.129710,2026/05/30 13:11:50.178,2,NVIDIA A100-SXM-64GB,148.74,48132,98
2839,2026-05-30 13:11:50.129710,2026/05/30 13:11:50.180,3,NVIDIA A100-SXM-64GB,116.22,48106,98
2840,2026-05-30 13:11:55.215615,2026/05/30 13:11:55.260,0,NVIDIA A100-SXM-64GB,132.73,48124,100
2841,2026-05-30 13:11:55.215615,2026/05/30 13:11:55.262,1,NVIDIA A100-SXM-64GB,142.59,48142,98
2842,2026-05-30 13:11:55.215615,2026/05/30 13:11:55.265,2,NVIDIA A100-SXM-64GB,142.59,48132,98
2843,2026-05-30 13:11:55.215615,2026/05/30 13:11:55.267,3,NVIDIA A100-SXM-64GB,134.48,48106,100
2844,2026-05-30 13:12:00.299615,2026/05/30 13:12:00.343,0,NVIDIA A100-SXM-64GB,169.61,48124,100
2845,2026-05-30 13:12:00.299615,2026/05/30 13:12:00.347,1,NVIDIA A100-SXM-64GB,167.88,48142,100
2846,2026-05-30 13:12:00.299615,2026/05/30 13:12:00.352,2,NVIDIA A100-SXM-64GB,169.52,48132,100
2847,2026-05-30 13:12:00.299615,2026/05/30 13:12:00.365,3,NVIDIA A100-SXM-64GB,123.88,48106,100
2848,2026-05-30 13:12:05.385387,2026/05/30 13:12:05.433,0,NVIDIA A100-SXM-64GB,166.26,48124,100
2849,2026-05-30 13:12:05.385387,2026/05/30 13:12:05.436,1,NVIDIA A100-SXM-64GB,192.50,48142,100
2850,2026-05-30 13:12:05.385387,2026/05/30 13:12:05.438,2,NVIDIA A100-SXM-64GB,190.76,48132,100
2851,2026-05-30 13:12:05.385387,2026/05/30 13:12:05.441,3,NVIDIA A100-SXM-64GB,171.84,48106,100
2852,2026-05-30 13:12:10.467790,2026/05/30 13:12:10.516,0,NVIDIA A100-SXM-64GB,167.46,48124,100
2853,2026-05-30 13:12:10.467790,2026/05/30 13:12:10.519,1,NVIDIA A100-SXM-64GB,182.71,48142,100
2854,2026-05-30 13:12:10.467790,2026/05/30 13:12:10.521,2,NVIDIA A100-SXM-64GB,169.85,48132,100
2855,2026-05-30 13:12:10.467790,2026/05/30 13:12:10.524,3,NVIDIA A100-SXM-64GB,159.30,48106,100
2856,2026-05-30 13:12:15.559622,2026/05/30 13:12:15.608,0,NVIDIA A100-SXM-64GB,173.88,48124,100
2857,2026-05-30 13:12:15.559622,2026/05/30 13:12:15.611,1,NVIDIA A100-SXM-64GB,161.44,48142,100
2858,2026-05-30 13:12:15.559622,2026/05/30 13:12:15.616,2,NVIDIA A100-SXM-64GB,162.48,48132,100
2859,2026-05-30 13:12:15.559622,2026/05/30 13:12:15.619,3,NVIDIA A100-SXM-64GB,166.94,48106,100
2860,2026-05-30 13:12:20.648724,2026/05/30 13:12:20.693,0,NVIDIA A100-SXM-64GB,162.32,48124,100
2861,2026-05-30 13:12:20.648724,2026/05/30 13:12:20.696,1,NVIDIA A100-SXM-64GB,184.86,48142,100
2862,2026-05-30 13:12:20.648724,2026/05/30 13:12:20.698,2,NVIDIA A100-SXM-64GB,163.09,48132,100
2863,2026-05-30 13:12:20.648724,2026/05/30 13:12:20.701,3,NVIDIA A100-SXM-64GB,154.07,48106,100
2864,2026-05-30 13:12:25.732613,2026/05/30 13:12:25.776,0,NVIDIA A100-SXM-64GB,129.66,48124,100
2865,2026-05-30 13:12:25.732613,2026/05/30 13:12:25.778,1,NVIDIA A100-SXM-64GB,161.27,48142,100
2866,2026-05-30 13:12:25.732613,2026/05/30 13:12:25.781,2,NVIDIA A100-SXM-64GB,166.17,48132,100
2867,2026-05-30 13:12:25.732613,2026/05/30 13:12:25.783,3,NVIDIA A100-SXM-64GB,159.90,48106,100
2868,2026-05-30 13:12:30.803104,2026/05/30 13:12:30.847,0,NVIDIA A100-SXM-64GB,142.90,48124,99
2869,2026-05-30 13:12:30.803104,2026/05/30 13:12:30.849,1,NVIDIA A100-SXM-64GB,147.03,48142,99
2870,2026-05-30 13:12:30.803104,2026/05/30 13:12:30.852,2,NVIDIA A100-SXM-64GB,136.02,48132,100
2871,2026-05-30 13:12:30.803104,2026/05/30 13:12:30.855,3,NVIDIA A100-SXM-64GB,133.41,48106,100
2872,2026-05-30 13:12:35.886610,2026/05/30 13:12:35.934,0,NVIDIA A100-SXM-64GB,191.58,48124,100
2873,2026-05-30 13:12:35.886610,2026/05/30 13:12:35.937,1,NVIDIA A100-SXM-64GB,194.92,48142,100
2874,2026-05-30 13:12:35.886610,2026/05/30 13:12:35.942,2,NVIDIA A100-SXM-64GB,160.95,48132,100
2875,2026-05-30 13:12:35.886610,2026/05/30 13:12:35.948,3,NVIDIA A100-SXM-64GB,168.82,48106,100
2876,2026-05-30 13:12:40.967655,2026/05/30 13:12:41.022,0,NVIDIA A100-SXM-64GB,141.27,48124,100
2877,2026-05-30 13:12:40.967655,2026/05/30 13:12:41.025,1,NVIDIA A100-SXM-64GB,137.23,48142,100
2878,2026-05-30 13:12:40.967655,2026/05/30 13:12:41.027,2,NVIDIA A100-SXM-64GB,126.23,48132,99
2879,2026-05-30 13:12:40.967655,2026/05/30 13:12:41.030,3,NVIDIA A100-SXM-64GB,139.52,48106,100
2880,2026-05-30 13:12:46.049380,2026/05/30 13:12:46.097,0,NVIDIA A100-SXM-64GB,146.43,48124,100
2881,2026-05-30 13:12:46.049380,2026/05/30 13:12:46.100,1,NVIDIA A100-SXM-64GB,175.68,48142,100
2882,2026-05-30 13:12:46.049380,2026/05/30 13:12:46.102,2,NVIDIA A100-SXM-64GB,179.64,48132,100
2883,2026-05-30 13:12:46.049380,2026/05/30 13:12:46.106,3,NVIDIA A100-SXM-64GB,185.32,48106,100
2884,2026-05-30 13:12:51.142112,2026/05/30 13:12:51.197,0,NVIDIA A100-SXM-64GB,135.00,48124,100
2885,2026-05-30 13:12:51.142112,2026/05/30 13:12:51.199,1,NVIDIA A100-SXM-64GB,128.04,48142,100
2886,2026-05-30 13:12:51.142112,2026/05/30 13:12:51.202,2,NVIDIA A100-SXM-64GB,134.95,48132,98
2887,2026-05-30 13:12:51.142112,2026/05/30 13:12:51.206,3,NVIDIA A100-SXM-64GB,130.65,48106,100
2888,2026-05-30 13:12:56.228528,2026/05/30 13:12:56.276,0,NVIDIA A100-SXM-64GB,144.62,48124,98
2889,2026-05-30 13:12:56.228528,2026/05/30 13:12:56.279,1,NVIDIA A100-SXM-64GB,148.90,48142,98
2890,2026-05-30 13:12:56.228528,2026/05/30 13:12:56.281,2,NVIDIA A100-SXM-64GB,148.29,48132,98
2891,2026-05-30 13:12:56.228528,2026/05/30 13:12:56.285,3,NVIDIA A100-SXM-64GB,132.80,48106,98
2892,2026-05-30 13:13:01.316230,2026/05/30 13:13:01.355,0,NVIDIA A100-SXM-64GB,189.17,48124,100
2893,2026-05-30 13:13:01.316230,2026/05/30 13:13:01.371,1,NVIDIA A100-SXM-64GB,236.86,48142,98
2894,2026-05-30 13:13:01.316230,2026/05/30 13:13:01.376,2,NVIDIA A100-SXM-64GB,206.96,48132,100
2895,2026-05-30 13:13:01.316230,2026/05/30 13:13:01.381,3,NVIDIA A100-SXM-64GB,137.10,48106,96
2896,2026-05-30 13:13:06.404696,2026/05/30 13:13:06.452,0,NVIDIA A100-SXM-64GB,149.65,48124,98
2897,2026-05-30 13:13:06.404696,2026/05/30 13:13:06.455,1,NVIDIA A100-SXM-64GB,145.49,48142,98
2898,2026-05-30 13:13:06.404696,2026/05/30 13:13:06.457,2,NVIDIA A100-SXM-64GB,145.49,48132,98
2899,2026-05-30 13:13:06.404696,2026/05/30 13:13:06.460,3,NVIDIA A100-SXM-64GB,132.14,48106,98
2900,2026-05-30 13:13:11.491616,2026/05/30 13:13:11.535,0,NVIDIA A100-SXM-64GB,123.97,48124,97
2901,2026-05-30 13:13:11.491616,2026/05/30 13:13:11.540,1,NVIDIA A100-SXM-64GB,135.42,48142,97
2902,2026-05-30 13:13:11.491616,2026/05/30 13:13:11.543,2,NVIDIA A100-SXM-64GB,130.52,48132,97
2903,2026-05-30 13:13:11.491616,2026/05/30 13:13:11.547,3,NVIDIA A100-SXM-64GB,132.14,48106,97
2904,2026-05-30 13:13:16.567270,2026/05/30 13:13:16.611,0,NVIDIA A100-SXM-64GB,150.25,48124,100
2905,2026-05-30 13:13:16.567270,2026/05/30 13:13:16.613,1,NVIDIA A100-SXM-64GB,151.93,48142,100
2906,2026-05-30 13:13:16.567270,2026/05/30 13:13:16.616,2,NVIDIA A100-SXM-64GB,151.49,48132,100
2907,2026-05-30 13:13:16.567270,2026/05/30 13:13:16.618,3,NVIDIA A100-SXM-64GB,138.59,48106,100
2908,2026-05-30 13:13:21.659600,2026/05/30 13:13:21.704,0,NVIDIA A100-SXM-64GB,126.44,48124,97
2909,2026-05-30 13:13:21.659600,2026/05/30 13:13:21.706,1,NVIDIA A100-SXM-64GB,140.92,48142,98
2910,2026-05-30 13:13:21.659600,2026/05/30 13:13:21.712,2,NVIDIA A100-SXM-64GB,119.79,48132,97
2911,2026-05-30 13:13:21.659600,2026/05/30 13:13:21.715,3,NVIDIA A100-SXM-64GB,121.45,48106,97
2912,2026-05-30 13:13:26.747634,2026/05/30 13:13:26.796,0,NVIDIA A100-SXM-64GB,187.96,48124,100
2913,2026-05-30 13:13:26.747634,2026/05/30 13:13:26.800,1,NVIDIA A100-SXM-64GB,184.11,48142,100
2914,2026-05-30 13:13:26.747634,2026/05/30 13:13:26.803,2,NVIDIA A100-SXM-64GB,172.93,48132,100
2915,2026-05-30 13:13:26.747634,2026/05/30 13:13:26.808,3,NVIDIA A100-SXM-64GB,141.34,48106,100
2916,2026-05-30 13:13:31.838452,2026/05/30 13:13:31.882,0,NVIDIA A100-SXM-64GB,133.93,48124,100
2917,2026-05-30 13:13:31.838452,2026/05/30 13:13:31.884,1,NVIDIA A100-SXM-64GB,134.02,48142,100
2918,2026-05-30 13:13:31.838452,2026/05/30 13:13:31.888,2,NVIDIA A100-SXM-64GB,127.58,48132,100
2919,2026-05-30 13:13:31.838452,2026/05/30 13:13:31.891,3,NVIDIA A100-SXM-64GB,125.69,48106,100
2920,2026-05-30 13:13:36.910426,2026/05/30 13:13:36.959,0,NVIDIA A100-SXM-64GB,193.44,48124,100
2921,2026-05-30 13:13:36.910426,2026/05/30 13:13:36.963,1,NVIDIA A100-SXM-64GB,178.28,48142,100
2922,2026-05-30 13:13:36.910426,2026/05/30 13:13:36.966,2,NVIDIA A100-SXM-64GB,171.67,48132,100
2923,2026-05-30 13:13:36.910426,2026/05/30 13:13:36.968,3,NVIDIA A100-SXM-64GB,175.53,48106,100
2924,2026-05-30 13:13:42.001454,2026/05/30 13:13:42.058,0,NVIDIA A100-SXM-64GB,161.71,48124,100
2925,2026-05-30 13:13:42.001454,2026/05/30 13:13:42.061,1,NVIDIA A100-SXM-64GB,189.15,48142,100
2926,2026-05-30 13:13:42.001454,2026/05/30 13:13:42.063,2,NVIDIA A100-SXM-64GB,176.89,48132,100
2927,2026-05-30 13:13:42.001454,2026/05/30 13:13:42.070,3,NVIDIA A100-SXM-64GB,162.05,48106,100
2928,2026-05-30 13:13:47.109619,2026/05/30 13:13:47.163,0,NVIDIA A100-SXM-64GB,173.00,48124,100
2929,2026-05-30 13:13:47.109619,2026/05/30 13:13:47.166,1,NVIDIA A100-SXM-64GB,185.74,48142,100
2930,2026-05-30 13:13:47.109619,2026/05/30 13:13:47.168,2,NVIDIA A100-SXM-64GB,183.93,48132,100
2931,2026-05-30 13:13:47.109619,2026/05/30 13:13:47.171,3,NVIDIA A100-SXM-64GB,158.97,48106,100
2932,2026-05-30 13:13:52.212496,2026/05/30 13:13:52.255,0,NVIDIA A100-SXM-64GB,141.27,48124,98
2933,2026-05-30 13:13:52.212496,2026/05/30 13:13:52.257,1,NVIDIA A100-SXM-64GB,128.65,48142,98
2934,2026-05-30 13:13:52.212496,2026/05/30 13:13:52.260,2,NVIDIA A100-SXM-64GB,138.63,48132,97
2935,2026-05-30 13:13:52.212496,2026/05/30 13:13:52.262,3,NVIDIA A100-SXM-64GB,143.67,48106,98
2936,2026-05-30 13:13:57.282151,2026/05/30 13:13:57.326,0,NVIDIA A100-SXM-64GB,146.15,48124,98
2937,2026-05-30 13:13:57.282151,2026/05/30 13:13:57.328,1,NVIDIA A100-SXM-64GB,153.19,48142,98
2938,2026-05-30 13:13:57.282151,2026/05/30 13:13:57.331,2,NVIDIA A100-SXM-64GB,151.16,48132,100
2939,2026-05-30 13:13:57.282151,2026/05/30 13:13:57.333,3,NVIDIA A100-SXM-64GB,141.07,48106,98
2940,2026-05-30 13:14:02.353400,2026/05/30 13:14:02.393,0,NVIDIA A100-SXM-64GB,134.40,48124,100
2941,2026-05-30 13:14:02.353400,2026/05/30 13:14:02.397,1,NVIDIA A100-SXM-64GB,195.25,48142,100
2942,2026-05-30 13:14:02.353400,2026/05/30 13:14:02.399,2,NVIDIA A100-SXM-64GB,135.55,48132,98
2943,2026-05-30 13:14:02.353400,2026/05/30 13:14:02.401,3,NVIDIA A100-SXM-64GB,133.68,48106,100
2944,2026-05-30 13:14:07.424183,2026/05/30 13:14:07.468,0,NVIDIA A100-SXM-64GB,143.56,48124,98
2945,2026-05-30 13:14:07.424183,2026/05/30 13:14:07.472,1,NVIDIA A100-SXM-64GB,161.11,48142,100
2946,2026-05-30 13:14:07.424183,2026/05/30 13:14:07.479,2,NVIDIA A100-SXM-64GB,149.02,48132,100
2947,2026-05-30 13:14:07.424183,2026/05/30 13:14:07.481,3,NVIDIA A100-SXM-64GB,146.29,48106,100
2948,2026-05-30 13:14:12.509022,2026/05/30 13:14:12.556,0,NVIDIA A100-SXM-64GB,192.18,48124,97
2949,2026-05-30 13:14:12.509022,2026/05/30 13:14:12.558,1,NVIDIA A100-SXM-64GB,162.65,48142,97
2950,2026-05-30 13:14:12.509022,2026/05/30 13:14:12.561,2,NVIDIA A100-SXM-64GB,161.27,48132,100
2951,2026-05-30 13:14:12.509022,2026/05/30 13:14:12.566,3,NVIDIA A100-SXM-64GB,122.34,48106,97
2952,2026-05-30 13:14:17.585665,2026/05/30 13:14:17.630,0,NVIDIA A100-SXM-64GB,138.16,48124,98
2953,2026-05-30 13:14:17.585665,2026/05/30 13:14:17.634,1,NVIDIA A100-SXM-64GB,148.72,48142,98
2954,2026-05-30 13:14:17.585665,2026/05/30 13:14:17.639,2,NVIDIA A100-SXM-64GB,146.14,48132,100
2955,2026-05-30 13:14:17.585665,2026/05/30 13:14:17.642,3,NVIDIA A100-SXM-64GB,140.87,48106,98
2956,2026-05-30 13:14:22.666066,2026/05/30 13:14:22.723,0,NVIDIA A100-SXM-64GB,142.62,48124,100
2957,2026-05-30 13:14:22.666066,2026/05/30 13:14:22.726,1,NVIDIA A100-SXM-64GB,218.23,48142,100
2958,2026-05-30 13:14:22.666066,2026/05/30 13:14:22.728,2,NVIDIA A100-SXM-64GB,150.11,48132,100
2959,2026-05-30 13:14:22.666066,2026/05/30 13:14:22.731,3,NVIDIA A100-SXM-64GB,175.10,48106,100
2960,2026-05-30 13:14:27.756355,2026/05/30 13:14:27.799,0,NVIDIA A100-SXM-64GB,141.09,48124,98
2961,2026-05-30 13:14:27.756355,2026/05/30 13:14:27.801,1,NVIDIA A100-SXM-64GB,147.03,48142,98
2962,2026-05-30 13:14:27.756355,2026/05/30 13:14:27.806,2,NVIDIA A100-SXM-64GB,135.69,48132,98
2963,2026-05-30 13:14:27.756355,2026/05/30 13:14:27.811,3,NVIDIA A100-SXM-64GB,132.47,48106,98
2964,2026-05-30 13:14:32.830797,2026/05/30 13:14:32.879,0,NVIDIA A100-SXM-64GB,155.13,48124,100
2965,2026-05-30 13:14:32.830797,2026/05/30 13:14:32.881,1,NVIDIA A100-SXM-64GB,168.82,48142,100
2966,2026-05-30 13:14:32.830797,2026/05/30 13:14:32.888,2,NVIDIA A100-SXM-64GB,173.53,48132,100
2967,2026-05-30 13:14:32.830797,2026/05/30 13:14:32.891,3,NVIDIA A100-SXM-64GB,134.01,48106,100
2968,2026-05-30 13:14:37.933625,2026/05/30 13:14:37.981,0,NVIDIA A100-SXM-64GB,144.43,48124,98
2969,2026-05-30 13:14:37.933625,2026/05/30 13:14:37.984,1,NVIDIA A100-SXM-64GB,152.53,48142,98
2970,2026-05-30 13:14:37.933625,2026/05/30 13:14:37.990,2,NVIDIA A100-SXM-64GB,145.21,48132,98
2971,2026-05-30 13:14:37.933625,2026/05/30 13:14:37.992,3,NVIDIA A100-SXM-64GB,144.15,48106,98
2972,2026-05-30 13:14:43.024483,2026/05/30 13:14:43.089,0,NVIDIA A100-SXM-64GB,164.13,48124,100
2973,2026-05-30 13:14:43.024483,2026/05/30 13:14:43.094,1,NVIDIA A100-SXM-64GB,204.16,48142,100
2974,2026-05-30 13:14:43.024483,2026/05/30 13:14:43.097,2,NVIDIA A100-SXM-64GB,178.85,48132,100
2975,2026-05-30 13:14:43.024483,2026/05/30 13:14:43.099,3,NVIDIA A100-SXM-64GB,145.36,48106,100
2976,2026-05-30 13:14:48.129630,2026/05/30 13:14:48.177,0,NVIDIA A100-SXM-64GB,175.14,48124,100
2977,2026-05-30 13:14:48.129630,2026/05/30 13:14:48.180,1,NVIDIA A100-SXM-64GB,180.85,48142,100
2978,2026-05-30 13:14:48.129630,2026/05/30 13:14:48.183,2,NVIDIA A100-SXM-64GB,170.89,48132,100
2979,2026-05-30 13:14:48.129630,2026/05/30 13:14:48.188,3,NVIDIA A100-SXM-64GB,166.01,48106,100
2980,2026-05-30 13:14:53.210066,2026/05/30 13:14:53.254,0,NVIDIA A100-SXM-64GB,170.26,48124,100
2981,2026-05-30 13:14:53.210066,2026/05/30 13:14:53.256,1,NVIDIA A100-SXM-64GB,147.63,48142,100
2982,2026-05-30 13:14:53.210066,2026/05/30 13:14:53.259,2,NVIDIA A100-SXM-64GB,164.02,48132,100
2983,2026-05-30 13:14:53.210066,2026/05/30 13:14:53.261,3,NVIDIA A100-SXM-64GB,146.75,48106,100
2984,2026-05-30 13:14:58.281218,2026/05/30 13:14:58.325,0,NVIDIA A100-SXM-64GB,186.70,48124,100
2985,2026-05-30 13:14:58.281218,2026/05/30 13:14:58.327,1,NVIDIA A100-SXM-64GB,175.08,48142,100
2986,2026-05-30 13:14:58.281218,2026/05/30 13:14:58.330,2,NVIDIA A100-SXM-64GB,180.85,48132,100
2987,2026-05-30 13:14:58.281218,2026/05/30 13:14:58.332,3,NVIDIA A100-SXM-64GB,144.88,48106,100
2988,2026-05-30 13:15:03.352372,2026/05/30 13:15:03.400,0,NVIDIA A100-SXM-64GB,152.56,48124,100
2989,2026-05-30 13:15:03.352372,2026/05/30 13:15:03.403,1,NVIDIA A100-SXM-64GB,157.32,48142,100
2990,2026-05-30 13:15:03.352372,2026/05/30 13:15:03.405,2,NVIDIA A100-SXM-64GB,169.85,48132,100
2991,2026-05-30 13:15:03.352372,2026/05/30 13:15:03.408,3,NVIDIA A100-SXM-64GB,148.90,48106,100
2992,2026-05-30 13:15:08.442805,2026/05/30 13:15:08.500,0,NVIDIA A100-SXM-64GB,173.61,48124,100
2993,2026-05-30 13:15:08.442805,2026/05/30 13:15:08.505,1,NVIDIA A100-SXM-64GB,172.27,48142,100
2994,2026-05-30 13:15:08.442805,2026/05/30 13:15:08.507,2,NVIDIA A100-SXM-64GB,178.43,48132,100
2995,2026-05-30 13:15:08.442805,2026/05/30 13:15:08.509,3,NVIDIA A100-SXM-64GB,173.99,48106,100
2996,2026-05-30 13:15:13.548615,2026/05/30 13:15:13.596,0,NVIDIA A100-SXM-64GB,150.43,48124,100
2997,2026-05-30 13:15:13.548615,2026/05/30 13:15:13.599,1,NVIDIA A100-SXM-64GB,184.53,48142,100
2998,2026-05-30 13:15:13.548615,2026/05/30 13:15:13.601,2,NVIDIA A100-SXM-64GB,169.25,48132,100
2999,2026-05-30 13:15:13.548615,2026/05/30 13:15:13.604,3,NVIDIA A100-SXM-64GB,145.36,48106,100
3000,2026-05-30 13:15:18.647609,2026/05/30 13:15:18.712,0,NVIDIA A100-SXM-64GB,169.00,48124,100
3001,2026-05-30 13:15:18.647609,2026/05/30 13:15:18.714,1,NVIDIA A100-SXM-64GB,182.11,48142,100
3002,2026-05-30 13:15:18.647609,2026/05/30 13:15:18.718,2,NVIDIA A100-SXM-64GB,190.49,48132,100
3003,2026-05-30 13:15:18.647609,2026/05/30 13:15:18.720,3,NVIDIA A100-SXM-64GB,164.80,48106,100
3004,2026-05-30 13:15:23.740656,2026/05/30 13:15:23.784,0,NVIDIA A100-SXM-64GB,153.76,48124,100
3005,2026-05-30 13:15:23.740656,2026/05/30 13:15:23.786,1,NVIDIA A100-SXM-64GB,172.60,48142,100
3006,2026-05-30 13:15:23.740656,2026/05/30 13:15:23.789,2,NVIDIA A100-SXM-64GB,157.93,48132,100
3007,2026-05-30 13:15:23.740656,2026/05/30 13:15:23.792,3,NVIDIA A100-SXM-64GB,162.38,48106,100
3008,2026-05-30 13:15:28.813200,2026/05/30 13:15:28.861,0,NVIDIA A100-SXM-64GB,166.87,48124,100
3009,2026-05-30 13:15:28.813200,2026/05/30 13:15:28.864,1,NVIDIA A100-SXM-64GB,190.02,48142,100
3010,2026-05-30 13:15:28.813200,2026/05/30 13:15:28.866,2,NVIDIA A100-SXM-64GB,183.60,48132,100
3011,2026-05-30 13:15:28.813200,2026/05/30 13:15:28.873,3,NVIDIA A100-SXM-64GB,166.94,48106,100
3012,2026-05-30 13:15:33.918609,2026/05/30 13:15:33.962,0,NVIDIA A100-SXM-64GB,158.65,48124,100
3013,2026-05-30 13:15:33.918609,2026/05/30 13:15:33.964,1,NVIDIA A100-SXM-64GB,177.07,48142,100
3014,2026-05-30 13:15:33.918609,2026/05/30 13:15:33.967,2,NVIDIA A100-SXM-64GB,153.64,48132,100
3015,2026-05-30 13:15:33.918609,2026/05/30 13:15:33.970,3,NVIDIA A100-SXM-64GB,170.63,48106,100
3016,2026-05-30 13:15:38.992517,2026/05/30 13:15:39.418,0,NVIDIA A100-SXM-64GB,137.00,48124,98
3017,2026-05-30 13:15:38.992517,2026/05/30 13:15:39.421,1,NVIDIA A100-SXM-64GB,181.45,48142,98
3018,2026-05-30 13:15:38.992517,2026/05/30 13:15:39.423,2,NVIDIA A100-SXM-64GB,154.85,48132,100
3019,2026-05-30 13:15:38.992517,2026/05/30 13:15:39.426,3,NVIDIA A100-SXM-64GB,131.26,48106,98
3020,2026-05-30 13:15:44.446077,2026/05/30 13:15:44.494,0,NVIDIA A100-SXM-64GB,149.82,48124,100
3021,2026-05-30 13:15:44.446077,2026/05/30 13:15:44.500,1,NVIDIA A100-SXM-64GB,149.50,48142,100
3022,2026-05-30 13:15:44.446077,2026/05/30 13:15:44.503,2,NVIDIA A100-SXM-64GB,138.03,48132,100
3023,2026-05-30 13:15:44.446077,2026/05/30 13:15:44.505,3,NVIDIA A100-SXM-64GB,144.60,48106,100
3024,2026-05-30 13:15:49.543621,2026/05/30 13:15:49.588,0,NVIDIA A100-SXM-64GB,183.69,48124,100
3025,2026-05-30 13:15:49.543621,2026/05/30 13:15:49.590,1,NVIDIA A100-SXM-64GB,182.11,48142,100
3026,2026-05-30 13:15:49.543621,2026/05/30 13:15:49.593,2,NVIDIA A100-SXM-64GB,168.32,48132,100
3027,2026-05-30 13:15:49.543621,2026/05/30 13:15:49.598,3,NVIDIA A100-SXM-64GB,185.65,48106,100
3028,2026-05-30 13:15:54.620965,2026/05/30 13:15:54.665,0,NVIDIA A100-SXM-64GB,161.11,48124,100
3029,2026-05-30 13:15:54.620965,2026/05/30 13:15:54.667,1,NVIDIA A100-SXM-64GB,143.85,48142,100
3030,2026-05-30 13:15:54.620965,2026/05/30 13:15:54.670,2,NVIDIA A100-SXM-64GB,140.44,48132,100
3031,2026-05-30 13:15:54.620965,2026/05/30 13:15:54.672,3,NVIDIA A100-SXM-64GB,138.77,48106,100
3032,2026-05-30 13:15:59.704612,2026/05/30 13:15:59.749,0,NVIDIA A100-SXM-64GB,171.14,48124,100
3033,2026-05-30 13:15:59.704612,2026/05/30 13:15:59.751,1,NVIDIA A100-SXM-64GB,177.07,48142,100
3034,2026-05-30 13:15:59.704612,2026/05/30 13:15:59.754,2,NVIDIA A100-SXM-64GB,172.60,48132,100
3035,2026-05-30 13:15:59.704612,2026/05/30 13:15:59.759,3,NVIDIA A100-SXM-64GB,177.07,48106,100
3036,2026-05-30 13:16:04.782487,2026/05/30 13:16:04.841,0,NVIDIA A100-SXM-64GB,151.79,48124,100
3037,2026-05-30 13:16:04.782487,2026/05/30 13:16:04.844,1,NVIDIA A100-SXM-64GB,179.49,48142,100
3038,2026-05-30 13:16:04.782487,2026/05/30 13:16:04.847,2,NVIDIA A100-SXM-64GB,171.67,48132,100
3039,2026-05-30 13:16:04.782487,2026/05/30 13:16:04.849,3,NVIDIA A100-SXM-64GB,164.97,48106,100
3040,2026-05-30 13:16:09.891619,2026/05/30 13:16:09.945,0,NVIDIA A100-SXM-64GB,190.98,48124,100
3041,2026-05-30 13:16:09.891619,2026/05/30 13:16:09.948,1,NVIDIA A100-SXM-64GB,183.79,48142,100
3042,2026-05-30 13:16:09.891619,2026/05/30 13:16:09.950,2,NVIDIA A100-SXM-64GB,189.75,48132,100
3043,2026-05-30 13:16:09.891619,2026/05/30 13:16:09.953,3,NVIDIA A100-SXM-64GB,177.40,48106,100
3044,2026-05-30 13:16:14.977622,2026/05/30 13:16:15.025,0,NVIDIA A100-SXM-64GB,177.55,48124,100
3045,2026-05-30 13:16:14.977622,2026/05/30 13:16:15.028,1,NVIDIA A100-SXM-64GB,141.34,48142,100
3046,2026-05-30 13:16:14.977622,2026/05/30 13:16:15.032,2,NVIDIA A100-SXM-64GB,144.88,48132,100
3047,2026-05-30 13:16:14.977622,2026/05/30 13:16:15.037,3,NVIDIA A100-SXM-64GB,140.73,48106,100
3048,2026-05-30 13:16:20.082610,2026/05/30 13:16:20.131,0,NVIDIA A100-SXM-64GB,165.99,48124,100
3049,2026-05-30 13:16:20.082610,2026/05/30 13:16:20.134,1,NVIDIA A100-SXM-64GB,170.30,48142,100
3050,2026-05-30 13:16:20.082610,2026/05/30 13:16:20.140,2,NVIDIA A100-SXM-64GB,177.49,48132,100
3051,2026-05-30 13:16:20.082610,2026/05/30 13:16:20.142,3,NVIDIA A100-SXM-64GB,163.26,48106,100
3052,2026-05-30 13:16:25.163942,2026/05/30 13:16:25.224,0,NVIDIA A100-SXM-64GB,154.86,48124,100
3053,2026-05-30 13:16:25.163942,2026/05/30 13:16:25.227,1,NVIDIA A100-SXM-64GB,184.53,48142,100
3054,2026-05-30 13:16:25.163942,2026/05/30 13:16:25.229,2,NVIDIA A100-SXM-64GB,179.97,48132,100
3055,2026-05-30 13:16:25.163942,2026/05/30 13:16:25.232,3,NVIDIA A100-SXM-64GB,143.21,48106,100
3056,2026-05-30 13:16:30.262938,2026/05/30 13:16:30.311,0,NVIDIA A100-SXM-64GB,178.76,48124,100
3057,2026-05-30 13:16:30.262938,2026/05/30 13:16:30.314,1,NVIDIA A100-SXM-64GB,195.57,48142,100
3058,2026-05-30 13:16:30.262938,2026/05/30 13:16:30.316,2,NVIDIA A100-SXM-64GB,183.14,48132,100
3059,2026-05-30 13:16:30.262938,2026/05/30 13:16:30.319,3,NVIDIA A100-SXM-64GB,158.36,48106,100
3060,2026-05-30 13:16:35.349877,2026/05/30 13:16:35.401,0,NVIDIA A100-SXM-64GB,152.56,48124,100
3061,2026-05-30 13:16:35.349877,2026/05/30 13:16:35.404,1,NVIDIA A100-SXM-64GB,175.68,48142,100
3062,2026-05-30 13:16:35.349877,2026/05/30 13:16:35.407,2,NVIDIA A100-SXM-64GB,161.88,48132,100
3063,2026-05-30 13:16:35.349877,2026/05/30 13:16:35.410,3,NVIDIA A100-SXM-64GB,152.26,48106,100
3064,2026-05-30 13:16:40.443046,2026/05/30 13:16:40.491,0,NVIDIA A100-SXM-64GB,179.41,48124,100
3065,2026-05-30 13:16:40.443046,2026/05/30 13:16:40.496,1,NVIDIA A100-SXM-64GB,181.78,48142,100
3066,2026-05-30 13:16:40.443046,2026/05/30 13:16:40.498,2,NVIDIA A100-SXM-64GB,176.28,48132,100
3067,2026-05-30 13:16:40.443046,2026/05/30 13:16:40.503,3,NVIDIA A100-SXM-64GB,173.11,48106,100
3068,2026-05-30 13:16:45.537529,2026/05/30 13:16:45.581,0,NVIDIA A100-SXM-64GB,152.56,48124,100
3069,2026-05-30 13:16:45.537529,2026/05/30 13:16:45.583,1,NVIDIA A100-SXM-64GB,159.30,48142,100
3070,2026-05-30 13:16:45.537529,2026/05/30 13:16:45.586,2,NVIDIA A100-SXM-64GB,160.35,48132,100
3071,2026-05-30 13:16:45.537529,2026/05/30 13:16:45.589,3,NVIDIA A100-SXM-64GB,143.34,48106,100
3072,2026-05-30 13:16:50.619765,2026/05/30 13:16:50.667,0,NVIDIA A100-SXM-64GB,187.31,48124,100
3073,2026-05-30 13:16:50.619765,2026/05/30 13:16:50.670,1,NVIDIA A100-SXM-64GB,172.93,48142,100
3074,2026-05-30 13:16:50.619765,2026/05/30 13:16:50.672,2,NVIDIA A100-SXM-64GB,175.95,48132,100
3075,2026-05-30 13:16:50.619765,2026/05/30 13:16:50.675,3,NVIDIA A100-SXM-64GB,166.94,48106,100
3076,2026-05-30 13:16:55.713138,2026/05/30 13:16:55.760,0,NVIDIA A100-SXM-64GB,156.07,48124,100
3077,2026-05-30 13:16:55.713138,2026/05/30 13:16:55.763,1,NVIDIA A100-SXM-64GB,173.38,48142,100
3078,2026-05-30 13:16:55.713138,2026/05/30 13:16:55.765,2,NVIDIA A100-SXM-64GB,147.96,48132,100
3079,2026-05-30 13:16:55.713138,2026/05/30 13:16:55.768,3,NVIDIA A100-SXM-64GB,150.87,48106,100
3080,2026-05-30 13:17:00.793065,2026/05/30 13:17:00.837,0,NVIDIA A100-SXM-64GB,177.55,48124,100
3081,2026-05-30 13:17:00.793065,2026/05/30 13:17:00.839,1,NVIDIA A100-SXM-64GB,183.60,48142,100
3082,2026-05-30 13:17:00.793065,2026/05/30 13:17:00.842,2,NVIDIA A100-SXM-64GB,176.56,48132,100
3083,2026-05-30 13:17:00.793065,2026/05/30 13:17:00.845,3,NVIDIA A100-SXM-64GB,179.49,48106,100
3084,2026-05-30 13:17:05.877611,2026/05/30 13:17:05.933,0,NVIDIA A100-SXM-64GB,158.32,48124,100
3085,2026-05-30 13:17:05.877611,2026/05/30 13:17:05.936,1,NVIDIA A100-SXM-64GB,168.49,48142,100
3086,2026-05-30 13:17:05.877611,2026/05/30 13:17:05.939,2,NVIDIA A100-SXM-64GB,149.35,48132,100
3087,2026-05-30 13:17:05.877611,2026/05/30 13:17:05.941,3,NVIDIA A100-SXM-64GB,154.07,48106,100
3088,2026-05-30 13:17:10.980613,2026/05/30 13:17:11.025,0,NVIDIA A100-SXM-64GB,167.97,48124,100
3089,2026-05-30 13:17:10.980613,2026/05/30 13:17:11.028,1,NVIDIA A100-SXM-64GB,175.26,48142,100
3090,2026-05-30 13:17:10.980613,2026/05/30 13:17:11.030,2,NVIDIA A100-SXM-64GB,174.41,48132,100
3091,2026-05-30 13:17:10.980613,2026/05/30 13:17:11.034,3,NVIDIA A100-SXM-64GB,162.05,48106,100
3092,2026-05-30 13:17:16.065990,2026/05/30 13:17:16.110,0,NVIDIA A100-SXM-64GB,147.36,48124,100
3093,2026-05-30 13:17:16.065990,2026/05/30 13:17:16.113,1,NVIDIA A100-SXM-64GB,150.28,48142,100
3094,2026-05-30 13:17:16.065990,2026/05/30 13:17:16.115,2,NVIDIA A100-SXM-64GB,174.74,48132,100
3095,2026-05-30 13:17:16.065990,2026/05/30 13:17:16.121,3,NVIDIA A100-SXM-64GB,146.43,48106,100
3096,2026-05-30 13:17:21.157616,2026/05/30 13:17:21.205,0,NVIDIA A100-SXM-64GB,178.76,48124,100
3097,2026-05-30 13:17:21.157616,2026/05/30 13:17:21.208,1,NVIDIA A100-SXM-64GB,185.05,48142,100
3098,2026-05-30 13:17:21.157616,2026/05/30 13:17:21.210,2,NVIDIA A100-SXM-64GB,169.25,48132,100
3099,2026-05-30 13:17:21.157616,2026/05/30 13:17:21.213,3,NVIDIA A100-SXM-64GB,179.49,48106,100
3100,2026-05-30 13:17:26.244169,2026/05/30 13:17:26.292,0,NVIDIA A100-SXM-64GB,148.89,48124,100
3101,2026-05-30 13:17:26.244169,2026/05/30 13:17:26.295,1,NVIDIA A100-SXM-64GB,155.34,48142,100
3102,2026-05-30 13:17:26.244169,2026/05/30 13:17:26.319,2,NVIDIA A100-SXM-64GB,149.78,48132,100
3103,2026-05-30 13:17:26.244169,2026/05/30 13:17:26.322,3,NVIDIA A100-SXM-64GB,153.95,48106,100
3104,2026-05-30 13:17:31.355887,2026/05/30 13:17:31.403,0,NVIDIA A100-SXM-64GB,174.38,48124,100
3105,2026-05-30 13:17:31.355887,2026/05/30 13:17:31.406,1,NVIDIA A100-SXM-64GB,181.36,48142,100
3106,2026-05-30 13:17:31.355887,2026/05/30 13:17:31.408,2,NVIDIA A100-SXM-64GB,182.99,48132,100
3107,2026-05-30 13:17:31.355887,2026/05/30 13:17:31.411,3,NVIDIA A100-SXM-64GB,177.58,48106,100
3108,2026-05-30 13:17:36.444531,2026/05/30 13:17:36.492,0,NVIDIA A100-SXM-64GB,158.20,48124,100
3109,2026-05-30 13:17:36.444531,2026/05/30 13:17:36.495,1,NVIDIA A100-SXM-64GB,149.50,48142,100
3110,2026-05-30 13:17:36.444531,2026/05/30 13:17:36.497,2,NVIDIA A100-SXM-64GB,174.41,48132,100
3111,2026-05-30 13:17:36.444531,2026/05/30 13:17:36.502,3,NVIDIA A100-SXM-64GB,144.15,48106,100
3112,2026-05-30 13:17:41.548612,2026/05/30 13:17:41.597,0,NVIDIA A100-SXM-64GB,182.34,48124,100
3113,2026-05-30 13:17:41.548612,2026/05/30 13:17:41.600,1,NVIDIA A100-SXM-64GB,193.91,48142,100
3114,2026-05-30 13:17:41.548612,2026/05/30 13:17:41.605,2,NVIDIA A100-SXM-64GB,171.84,48132,100
3115,2026-05-30 13:17:41.548612,2026/05/30 13:17:41.607,3,NVIDIA A100-SXM-64GB,161.28,48106,100
3116,2026-05-30 13:17:46.640641,2026/05/30 13:17:46.688,0,NVIDIA A100-SXM-64GB,197.59,48124,100
3117,2026-05-30 13:17:46.640641,2026/05/30 13:17:46.693,1,NVIDIA A100-SXM-64GB,199.14,48142,100
3118,2026-05-30 13:17:46.640641,2026/05/30 13:17:46.696,2,NVIDIA A100-SXM-64GB,148.29,48132,100
3119,2026-05-30 13:17:46.640641,2026/05/30 13:17:46.698,3,NVIDIA A100-SXM-64GB,153.62,48106,98
3120,2026-05-30 13:17:51.740328,2026/05/30 13:17:51.787,0,NVIDIA A100-SXM-64GB,144.16,48124,100
3121,2026-05-30 13:17:51.740328,2026/05/30 13:17:51.790,1,NVIDIA A100-SXM-64GB,138.91,48142,98
3122,2026-05-30 13:17:51.740328,2026/05/30 13:17:51.792,2,NVIDIA A100-SXM-64GB,140.92,48132,98
3123,2026-05-30 13:17:51.740328,2026/05/30 13:17:51.795,3,NVIDIA A100-SXM-64GB,138.59,48106,98
3124,2026-05-30 13:17:56.821529,2026/05/30 13:17:56.865,0,NVIDIA A100-SXM-64GB,138.80,48124,100
3125,2026-05-30 13:17:56.821529,2026/05/30 13:17:56.868,1,NVIDIA A100-SXM-64GB,144.13,48142,100
3126,2026-05-30 13:17:56.821529,2026/05/30 13:17:56.870,2,NVIDIA A100-SXM-64GB,147.48,48132,100
3127,2026-05-30 13:17:56.821529,2026/05/30 13:17:56.873,3,NVIDIA A100-SXM-64GB,160.24,48106,100
3128,2026-05-30 13:18:01.905616,2026/05/30 13:18:01.954,0,NVIDIA A100-SXM-64GB,135.14,48124,98
3129,2026-05-30 13:18:01.905616,2026/05/30 13:18:01.957,1,NVIDIA A100-SXM-64GB,135.08,48142,98
3130,2026-05-30 13:18:01.905616,2026/05/30 13:18:01.960,2,NVIDIA A100-SXM-64GB,147.81,48132,98
3131,2026-05-30 13:18:01.905616,2026/05/30 13:18:01.965,3,NVIDIA A100-SXM-64GB,142.74,48106,100
3132,2026-05-30 13:18:07.012613,2026/05/30 13:18:07.072,0,NVIDIA A100-SXM-64GB,147.02,48124,98
3133,2026-05-30 13:18:07.012613,2026/05/30 13:18:07.078,1,NVIDIA A100-SXM-64GB,144.60,48142,100
3134,2026-05-30 13:18:07.012613,2026/05/30 13:18:07.081,2,NVIDIA A100-SXM-64GB,153.64,48132,100
3135,2026-05-30 13:18:07.012613,2026/05/30 13:18:07.098,3,NVIDIA A100-SXM-64GB,130.32,48106,100
3136,2026-05-30 13:18:12.119032,2026/05/30 13:18:12.179,0,NVIDIA A100-SXM-64GB,139.14,48124,100
3137,2026-05-30 13:18:12.119032,2026/05/30 13:18:12.181,1,NVIDIA A100-SXM-64GB,180.85,48142,100
3138,2026-05-30 13:18:12.119032,2026/05/30 13:18:12.184,2,NVIDIA A100-SXM-64GB,172.43,48132,98
3139,2026-05-30 13:18:12.119032,2026/05/30 13:18:12.190,3,NVIDIA A100-SXM-64GB,154.07,48106,100
3140,2026-05-30 13:18:17.213658,2026/05/30 13:18:17.262,0,NVIDIA A100-SXM-64GB,141.54,48124,98
3141,2026-05-30 13:18:17.213658,2026/05/30 13:18:17.265,1,NVIDIA A100-SXM-64GB,147.63,48142,98
3142,2026-05-30 13:18:17.213658,2026/05/30 13:18:17.267,2,NVIDIA A100-SXM-64GB,149.62,48132,98
3143,2026-05-30 13:18:17.213658,2026/05/30 13:18:17.270,3,NVIDIA A100-SXM-64GB,138.91,48106,98
3144,2026-05-30 13:18:22.315389,2026/05/30 13:18:22.388,0,NVIDIA A100-SXM-64GB,178.48,48124,100
3145,2026-05-30 13:18:22.315389,2026/05/30 13:18:22.390,1,NVIDIA A100-SXM-64GB,137.23,48142,100
3146,2026-05-30 13:18:22.315389,2026/05/30 13:18:22.393,2,NVIDIA A100-SXM-64GB,160.07,48132,100
3147,2026-05-30 13:18:22.315389,2026/05/30 13:18:22.395,3,NVIDIA A100-SXM-64GB,182.57,48106,98
3148,2026-05-30 13:18:27.418015,2026/05/30 13:18:27.463,0,NVIDIA A100-SXM-64GB,150.10,48124,98
3149,2026-05-30 13:18:27.418015,2026/05/30 13:18:27.465,1,NVIDIA A100-SXM-64GB,151.04,48142,98
3150,2026-05-30 13:18:27.418015,2026/05/30 13:18:27.468,2,NVIDIA A100-SXM-64GB,151.16,48132,98
3151,2026-05-30 13:18:27.418015,2026/05/30 13:18:27.470,3,NVIDIA A100-SXM-64GB,145.03,48106,100
3152,2026-05-30 13:18:32.497494,2026/05/30 13:18:32.549,0,NVIDIA A100-SXM-64GB,145.82,48124,98
3153,2026-05-30 13:18:32.497494,2026/05/30 13:18:32.552,1,NVIDIA A100-SXM-64GB,148.29,48142,100
3154,2026-05-30 13:18:32.497494,2026/05/30 13:18:32.554,2,NVIDIA A100-SXM-64GB,139.84,48132,98
3155,2026-05-30 13:18:32.497494,2026/05/30 13:18:32.557,3,NVIDIA A100-SXM-64GB,137.10,48106,98
3156,2026-05-30 13:18:37.599432,2026/05/30 13:18:37.643,0,NVIDIA A100-SXM-64GB,150.43,48124,100
3157,2026-05-30 13:18:37.599432,2026/05/30 13:18:37.649,1,NVIDIA A100-SXM-64GB,149.50,48142,100
3158,2026-05-30 13:18:37.599432,2026/05/30 13:18:37.651,2,NVIDIA A100-SXM-64GB,150.56,48132,100
3159,2026-05-30 13:18:37.599432,2026/05/30 13:18:37.654,3,NVIDIA A100-SXM-64GB,146.29,48106,98
3160,2026-05-30 13:18:42.688285,2026/05/30 13:18:42.756,0,NVIDIA A100-SXM-64GB,159.24,48124,100
3161,2026-05-30 13:18:42.688285,2026/05/30 13:18:42.759,1,NVIDIA A100-SXM-64GB,137.56,48142,100
3162,2026-05-30 13:18:42.688285,2026/05/30 13:18:42.763,2,NVIDIA A100-SXM-64GB,134.95,48132,100
3163,2026-05-30 13:18:42.688285,2026/05/30 13:18:42.770,3,NVIDIA A100-SXM-64GB,129.71,48106,98
3164,2026-05-30 13:18:47.803126,2026/05/30 13:18:47.850,0,NVIDIA A100-SXM-64GB,188.84,48124,100
3165,2026-05-30 13:18:47.803126,2026/05/30 13:18:47.853,1,NVIDIA A100-SXM-64GB,181.96,48142,100
3166,2026-05-30 13:18:47.803126,2026/05/30 13:18:47.855,2,NVIDIA A100-SXM-64GB,186.07,48132,100
3167,2026-05-30 13:18:47.803126,2026/05/30 13:18:47.858,3,NVIDIA A100-SXM-64GB,182.30,48106,100
3168,2026-05-30 13:18:52.901611,2026/05/30 13:18:52.949,0,NVIDIA A100-SXM-64GB,148.72,48124,100
3169,2026-05-30 13:18:52.901611,2026/05/30 13:18:52.955,1,NVIDIA A100-SXM-64GB,154.40,48142,99
3170,2026-05-30 13:18:52.901611,2026/05/30 13:18:52.957,2,NVIDIA A100-SXM-64GB,171.99,48132,100
3171,2026-05-30 13:18:52.901611,2026/05/30 13:18:52.960,3,NVIDIA A100-SXM-64GB,121.45,48106,100
3172,2026-05-30 13:18:58.006613,2026/05/30 13:18:58.051,0,NVIDIA A100-SXM-64GB,188.84,48124,100
3173,2026-05-30 13:18:58.006613,2026/05/30 13:18:58.056,1,NVIDIA A100-SXM-64GB,174.59,48142,100
3174,2026-05-30 13:18:58.006613,2026/05/30 13:18:58.058,2,NVIDIA A100-SXM-64GB,181.18,48132,100
3175,2026-05-30 13:18:58.006613,2026/05/30 13:18:58.061,3,NVIDIA A100-SXM-64GB,144.15,48106,100
3176,2026-05-30 13:19:03.092354,2026/05/30 13:19:03.141,0,NVIDIA A100-SXM-64GB,165.50,48124,100
3177,2026-05-30 13:19:03.092354,2026/05/30 13:19:03.144,1,NVIDIA A100-SXM-64GB,170.20,48142,100
3178,2026-05-30 13:19:03.092354,2026/05/30 13:19:03.146,2,NVIDIA A100-SXM-64GB,165.74,48132,100
3179,2026-05-30 13:19:03.092354,2026/05/30 13:19:03.149,3,NVIDIA A100-SXM-64GB,158.25,48106,100
3180,2026-05-30 13:19:08.183365,2026/05/30 13:19:08.234,0,NVIDIA A100-SXM-64GB,173.88,48124,100
3181,2026-05-30 13:19:08.183365,2026/05/30 13:19:08.239,1,NVIDIA A100-SXM-64GB,173.71,48142,100
3182,2026-05-30 13:19:08.183365,2026/05/30 13:19:08.242,2,NVIDIA A100-SXM-64GB,166.94,48132,100
3183,2026-05-30 13:19:08.183365,2026/05/30 13:19:08.245,3,NVIDIA A100-SXM-64GB,201.28,48106,100
3184,2026-05-30 13:19:13.274158,2026/05/30 13:19:13.318,0,NVIDIA A100-SXM-64GB,165.06,48124,100
3185,2026-05-30 13:19:13.274158,2026/05/30 13:19:13.320,1,NVIDIA A100-SXM-64GB,175.95,48142,100
3186,2026-05-30 13:19:13.274158,2026/05/30 13:19:13.325,2,NVIDIA A100-SXM-64GB,167.71,48132,100
3187,2026-05-30 13:19:13.274158,2026/05/30 13:19:13.331,3,NVIDIA A100-SXM-64GB,159.63,48106,100
3188,2026-05-30 13:19:18.354248,2026/05/30 13:19:18.404,0,NVIDIA A100-SXM-64GB,167.46,48124,100
3189,2026-05-30 13:19:18.354248,2026/05/30 13:19:18.406,1,NVIDIA A100-SXM-64GB,172.27,48142,100
3190,2026-05-30 13:19:18.354248,2026/05/30 13:19:18.409,2,NVIDIA A100-SXM-64GB,141.05,48132,100
3191,2026-05-30 13:19:18.354248,2026/05/30 13:19:18.411,3,NVIDIA A100-SXM-64GB,142.61,48106,98
3192,2026-05-30 13:19:23.432994,2026/05/30 13:19:23.480,0,NVIDIA A100-SXM-64GB,165.33,48124,100
3193,2026-05-30 13:19:23.432994,2026/05/30 13:19:23.483,1,NVIDIA A100-SXM-64GB,164.80,48142,100
3194,2026-05-30 13:19:23.432994,2026/05/30 13:19:23.485,2,NVIDIA A100-SXM-64GB,170.78,48132,100
3195,2026-05-30 13:19:23.432994,2026/05/30 13:19:23.490,3,NVIDIA A100-SXM-64GB,167.28,48106,100
3196,2026-05-30 13:19:28.538614,2026/05/30 13:19:28.594,0,NVIDIA A100-SXM-64GB,143.23,48124,98
3197,2026-05-30 13:19:28.538614,2026/05/30 13:19:28.597,1,NVIDIA A100-SXM-64GB,150.11,48142,98
3198,2026-05-30 13:19:28.538614,2026/05/30 13:19:28.600,2,NVIDIA A100-SXM-64GB,146.60,48132,98
3199,2026-05-30 13:19:28.538614,2026/05/30 13:19:28.602,3,NVIDIA A100-SXM-64GB,135.83,48106,98
3200,2026-05-30 13:19:33.646610,2026/05/30 13:19:33.699,0,NVIDIA A100-SXM-64GB,134.67,48124,100
3201,2026-05-30 13:19:33.646610,2026/05/30 13:19:33.701,1,NVIDIA A100-SXM-64GB,172.60,48142,98
3202,2026-05-30 13:19:33.646610,2026/05/30 13:19:33.704,2,NVIDIA A100-SXM-64GB,178.70,48132,100
3203,2026-05-30 13:19:33.646610,2026/05/30 13:19:33.706,3,NVIDIA A100-SXM-64GB,158.97,48106,100
3204,2026-05-30 13:19:38.727122,2026/05/30 13:19:38.771,0,NVIDIA A100-SXM-64GB,150.25,48124,98
3205,2026-05-30 13:19:38.727122,2026/05/30 13:19:38.774,1,NVIDIA A100-SXM-64GB,153.19,48142,98
3206,2026-05-30 13:19:38.727122,2026/05/30 13:19:38.776,2,NVIDIA A100-SXM-64GB,139.99,48132,98
3207,2026-05-30 13:19:38.727122,2026/05/30 13:19:38.779,3,NVIDIA A100-SXM-64GB,128.17,48106,100
3208,2026-05-30 13:19:43.812612,2026/05/30 13:19:43.860,0,NVIDIA A100-SXM-64GB,142.30,48124,100
3209,2026-05-30 13:19:43.812612,2026/05/30 13:19:43.863,1,NVIDIA A100-SXM-64GB,165.13,48142,100
3210,2026-05-30 13:19:43.812612,2026/05/30 13:19:43.865,2,NVIDIA A100-SXM-64GB,169.25,48132,100
3211,2026-05-30 13:19:43.812612,2026/05/30 13:19:43.868,3,NVIDIA A100-SXM-64GB,178.01,48106,100
3212,2026-05-30 13:19:48.918002,2026/05/30 13:19:48.957,0,NVIDIA A100-SXM-64GB,141.42,48124,98
3213,2026-05-30 13:19:48.918002,2026/05/30 13:19:48.960,1,NVIDIA A100-SXM-64GB,137.23,48142,100
3214,2026-05-30 13:19:48.918002,2026/05/30 13:19:48.964,2,NVIDIA A100-SXM-64GB,136.02,48132,98
3215,2026-05-30 13:19:48.918002,2026/05/30 13:19:48.966,3,NVIDIA A100-SXM-64GB,132.80,48106,100
3216,2026-05-30 13:19:53.987399,2026/05/30 13:19:54.031,0,NVIDIA A100-SXM-64GB,164.45,48124,100
3217,2026-05-30 13:19:53.987399,2026/05/30 13:19:54.033,1,NVIDIA A100-SXM-64GB,177.40,48142,100
3218,2026-05-30 13:19:53.987399,2026/05/30 13:19:54.036,2,NVIDIA A100-SXM-64GB,179.97,48132,100
3219,2026-05-30 13:19:53.987399,2026/05/30 13:19:54.038,3,NVIDIA A100-SXM-64GB,176.13,48106,100
3220,2026-05-30 13:19:59.067330,2026/05/30 13:19:59.123,0,NVIDIA A100-SXM-64GB,143.23,48124,100
3221,2026-05-30 13:19:59.067330,2026/05/30 13:19:59.125,1,NVIDIA A100-SXM-64GB,172.44,48142,98
3222,2026-05-30 13:19:59.067330,2026/05/30 13:19:59.128,2,NVIDIA A100-SXM-64GB,136.62,48132,100
3223,2026-05-30 13:19:59.067330,2026/05/30 13:19:59.134,3,NVIDIA A100-SXM-64GB,132.80,48106,98
3224,2026-05-30 13:20:04.154387,2026/05/30 13:20:04.203,0,NVIDIA A100-SXM-64GB,176.95,48124,100
3225,2026-05-30 13:20:04.154387,2026/05/30 13:20:04.206,1,NVIDIA A100-SXM-64GB,183.32,48142,100
3226,2026-05-30 13:20:04.154387,2026/05/30 13:20:04.221,2,NVIDIA A100-SXM-64GB,170.46,48132,100
3227,2026-05-30 13:20:04.154387,2026/05/30 13:20:04.223,3,NVIDIA A100-SXM-64GB,169.26,48106,100
3228,2026-05-30 13:20:09.244664,2026/05/30 13:20:09.296,0,NVIDIA A100-SXM-64GB,146.15,48124,100
3229,2026-05-30 13:20:09.244664,2026/05/30 13:20:09.300,1,NVIDIA A100-SXM-64GB,151.65,48142,98
3230,2026-05-30 13:20:09.244664,2026/05/30 13:20:09.306,2,NVIDIA A100-SXM-64GB,143.53,48132,100
3231,2026-05-30 13:20:09.244664,2026/05/30 13:20:09.308,3,NVIDIA A100-SXM-64GB,141.67,48106,98
3232,2026-05-30 13:20:14.352619,2026/05/30 13:20:14.402,0,NVIDIA A100-SXM-64GB,143.41,48124,98
3233,2026-05-30 13:20:14.352619,2026/05/30 13:20:14.405,1,NVIDIA A100-SXM-64GB,141.85,48142,100
3234,2026-05-30 13:20:14.352619,2026/05/30 13:20:14.409,2,NVIDIA A100-SXM-64GB,145.99,48132,98
3235,2026-05-30 13:20:14.352619,2026/05/30 13:20:14.413,3,NVIDIA A100-SXM-64GB,144.28,48106,98
3236,2026-05-30 13:20:19.460617,2026/05/30 13:20:19.505,0,NVIDIA A100-SXM-64GB,165.99,48124,100
3237,2026-05-30 13:20:19.460617,2026/05/30 13:20:19.508,1,NVIDIA A100-SXM-64GB,148.41,48142,100
3238,2026-05-30 13:20:19.460617,2026/05/30 13:20:19.510,2,NVIDIA A100-SXM-64GB,155.78,48132,100
3239,2026-05-30 13:20:19.460617,2026/05/30 13:20:19.513,3,NVIDIA A100-SXM-64GB,176.74,48106,100
3240,2026-05-30 13:20:24.546600,2026/05/30 13:20:24.598,0,NVIDIA A100-SXM-64GB,187.31,48124,100
3241,2026-05-30 13:20:24.546600,2026/05/30 13:20:24.601,1,NVIDIA A100-SXM-64GB,190.36,48142,100
3242,2026-05-30 13:20:24.546600,2026/05/30 13:20:24.603,2,NVIDIA A100-SXM-64GB,166.77,48132,100
3243,2026-05-30 13:20:24.546600,2026/05/30 13:20:24.606,3,NVIDIA A100-SXM-64GB,187.47,48106,100
3244,2026-05-30 13:20:29.637618,2026/05/30 13:20:29.690,0,NVIDIA A100-SXM-64GB,160.02,48124,100
3245,2026-05-30 13:20:29.637618,2026/05/30 13:20:29.693,1,NVIDIA A100-SXM-64GB,173.71,48142,100
3246,2026-05-30 13:20:29.637618,2026/05/30 13:20:29.695,2,NVIDIA A100-SXM-64GB,166.17,48132,100
3247,2026-05-30 13:20:29.637618,2026/05/30 13:20:29.698,3,NVIDIA A100-SXM-64GB,157.92,48106,100
3248,2026-05-30 13:20:34.729726,2026/05/30 13:20:34.774,0,NVIDIA A100-SXM-64GB,183.96,48124,100
3249,2026-05-30 13:20:34.729726,2026/05/30 13:20:34.778,1,NVIDIA A100-SXM-64GB,183.32,48142,100
3250,2026-05-30 13:20:34.729726,2026/05/30 13:20:34.781,2,NVIDIA A100-SXM-64GB,170.46,48132,100
3251,2026-05-30 13:20:34.729726,2026/05/30 13:20:34.783,3,NVIDIA A100-SXM-64GB,158.69,48106,100
3252,2026-05-30 13:20:39.817074,2026/05/30 13:20:39.864,0,NVIDIA A100-SXM-64GB,153.17,48124,100
3253,2026-05-30 13:20:39.817074,2026/05/30 13:20:39.868,1,NVIDIA A100-SXM-64GB,163.92,48142,100
3254,2026-05-30 13:20:39.817074,2026/05/30 13:20:39.870,2,NVIDIA A100-SXM-64GB,167.38,48132,100
3255,2026-05-30 13:20:39.817074,2026/05/30 13:20:39.874,3,NVIDIA A100-SXM-64GB,151.80,48106,100
3256,2026-05-30 13:20:44.921055,2026/05/30 13:20:44.968,0,NVIDIA A100-SXM-64GB,170.87,48124,100
3257,2026-05-30 13:20:44.921055,2026/05/30 13:20:44.971,1,NVIDIA A100-SXM-64GB,184.44,48142,100
3258,2026-05-30 13:20:44.921055,2026/05/30 13:20:44.977,2,NVIDIA A100-SXM-64GB,191.29,48132,100
3259,2026-05-30 13:20:44.921055,2026/05/30 13:20:44.979,3,NVIDIA A100-SXM-64GB,178.01,48106,100
3260,2026-05-30 13:20:50.020610,2026/05/30 13:20:50.071,0,NVIDIA A100-SXM-64GB,155.13,48124,100
3261,2026-05-30 13:20:50.020610,2026/05/30 13:20:50.074,1,NVIDIA A100-SXM-64GB,167.28,48142,100
3262,2026-05-30 13:20:50.020610,2026/05/30 13:20:50.076,2,NVIDIA A100-SXM-64GB,150.72,48132,100
3263,2026-05-30 13:20:50.020610,2026/05/30 13:20:50.079,3,NVIDIA A100-SXM-64GB,170.38,48106,100
3264,2026-05-30 13:20:55.110704,2026/05/30 13:20:55.158,0,NVIDIA A100-SXM-64GB,169.17,48124,100
3265,2026-05-30 13:20:55.110704,2026/05/30 13:20:55.161,1,NVIDIA A100-SXM-64GB,172.78,48142,100
3266,2026-05-30 13:20:55.110704,2026/05/30 13:20:55.163,2,NVIDIA A100-SXM-64GB,170.03,48132,100
3267,2026-05-30 13:20:55.110704,2026/05/30 13:20:55.166,3,NVIDIA A100-SXM-64GB,163.43,48106,100
3268,2026-05-30 13:21:00.203612,2026/05/30 13:21:00.251,0,NVIDIA A100-SXM-64GB,175.32,48124,100
3269,2026-05-30 13:21:00.203612,2026/05/30 13:21:00.257,1,NVIDIA A100-SXM-64GB,154.68,48142,100
3270,2026-05-30 13:21:00.203612,2026/05/30 13:21:00.260,2,NVIDIA A100-SXM-64GB,168.82,48132,100
3271,2026-05-30 13:21:00.203612,2026/05/30 13:21:00.262,3,NVIDIA A100-SXM-64GB,168.66,48106,100
3272,2026-05-30 13:21:05.297926,2026/05/30 13:21:05.349,0,NVIDIA A100-SXM-64GB,167.97,48124,100
3273,2026-05-30 13:21:05.297926,2026/05/30 13:21:05.352,1,NVIDIA A100-SXM-64GB,182.30,48142,100
3274,2026-05-30 13:21:05.297926,2026/05/30 13:21:05.367,2,NVIDIA A100-SXM-64GB,152.86,48132,100
3275,2026-05-30 13:21:05.297926,2026/05/30 13:21:05.370,3,NVIDIA A100-SXM-64GB,169.59,48106,100
3276,2026-05-30 13:21:10.391155,2026/05/30 13:21:10.435,0,NVIDIA A100-SXM-64GB,154.37,48124,100
3277,2026-05-30 13:21:10.391155,2026/05/30 13:21:10.437,1,NVIDIA A100-SXM-64GB,174.92,48142,100
3278,2026-05-30 13:21:10.391155,2026/05/30 13:21:10.440,2,NVIDIA A100-SXM-64GB,168.92,48132,100
3279,2026-05-30 13:21:10.391155,2026/05/30 13:21:10.443,3,NVIDIA A100-SXM-64GB,150.26,48106,100
3280,2026-05-30 13:21:15.464528,2026/05/30 13:21:15.518,0,NVIDIA A100-SXM-64GB,180.02,48124,100
3281,2026-05-30 13:21:15.464528,2026/05/30 13:21:15.521,1,NVIDIA A100-SXM-64GB,178.43,48142,100
3282,2026-05-30 13:21:15.464528,2026/05/30 13:21:15.524,2,NVIDIA A100-SXM-64GB,180.05,48132,100
3283,2026-05-30 13:21:15.464528,2026/05/30 13:21:15.527,3,NVIDIA A100-SXM-64GB,188.08,48106,100
3284,2026-05-30 13:21:20.555056,2026/05/30 13:21:20.598,0,NVIDIA A100-SXM-64GB,148.57,48124,100
3285,2026-05-30 13:21:20.555056,2026/05/30 13:21:20.600,1,NVIDIA A100-SXM-64GB,168.92,48142,100
3286,2026-05-30 13:21:20.555056,2026/05/30 13:21:20.603,2,NVIDIA A100-SXM-64GB,172.75,48132,100
3287,2026-05-30 13:21:20.555056,2026/05/30 13:21:20.605,3,NVIDIA A100-SXM-64GB,152.26,48106,100
3288,2026-05-30 13:21:25.626736,2026/05/30 13:21:25.672,0,NVIDIA A100-SXM-64GB,142.15,48124,100
3289,2026-05-30 13:21:25.626736,2026/05/30 13:21:25.677,1,NVIDIA A100-SXM-64GB,146.75,48142,100
3290,2026-05-30 13:21:25.626736,2026/05/30 13:21:25.679,2,NVIDIA A100-SXM-64GB,133.13,48132,100
3291,2026-05-30 13:21:25.626736,2026/05/30 13:21:25.685,3,NVIDIA A100-SXM-64GB,129.71,48106,100
3292,2026-05-30 13:21:30.732182,2026/05/30 13:21:30.780,0,NVIDIA A100-SXM-64GB,162.59,48124,100
3293,2026-05-30 13:21:30.732182,2026/05/30 13:21:30.783,1,NVIDIA A100-SXM-64GB,143.06,48142,100
3294,2026-05-30 13:21:30.732182,2026/05/30 13:21:30.786,2,NVIDIA A100-SXM-64GB,156.66,48132,100
3295,2026-05-30 13:21:30.732182,2026/05/30 13:21:30.788,3,NVIDIA A100-SXM-64GB,162.05,48106,100
3296,2026-05-30 13:21:35.821131,2026/05/30 13:21:35.869,0,NVIDIA A100-SXM-64GB,142.02,48124,98
3297,2026-05-30 13:21:35.821131,2026/05/30 13:21:35.872,1,NVIDIA A100-SXM-64GB,139.99,48142,98
3298,2026-05-30 13:21:35.821131,2026/05/30 13:21:35.877,2,NVIDIA A100-SXM-64GB,136.82,48132,98
3299,2026-05-30 13:21:35.821131,2026/05/30 13:21:35.879,3,NVIDIA A100-SXM-64GB,137.10,48106,98
3300,2026-05-30 13:21:40.927198,2026/05/30 13:21:40.983,0,NVIDIA A100-SXM-64GB,139.88,48124,98
3301,2026-05-30 13:21:40.927198,2026/05/30 13:21:40.986,1,NVIDIA A100-SXM-64GB,145.21,48142,98
3302,2026-05-30 13:21:40.927198,2026/05/30 13:21:40.988,2,NVIDIA A100-SXM-64GB,138.77,48132,98
3303,2026-05-30 13:21:40.927198,2026/05/30 13:21:40.991,3,NVIDIA A100-SXM-64GB,131.26,48106,98
3304,2026-05-30 13:21:46.022731,2026/05/30 13:21:46.070,0,NVIDIA A100-SXM-64GB,159.58,48124,100
3305,2026-05-30 13:21:46.022731,2026/05/30 13:21:46.073,1,NVIDIA A100-SXM-64GB,173.53,48142,100
3306,2026-05-30 13:21:46.022731,2026/05/30 13:21:46.075,2,NVIDIA A100-SXM-64GB,162.21,48132,100
3307,2026-05-30 13:21:46.022731,2026/05/30 13:21:46.077,3,NVIDIA A100-SXM-64GB,164.70,48106,100
3308,2026-05-30 13:21:51.102970,2026/05/30 13:21:51.151,0,NVIDIA A100-SXM-64GB,142.90,48124,98
3309,2026-05-30 13:21:51.102970,2026/05/30 13:21:51.154,1,NVIDIA A100-SXM-64GB,150.43,48142,100
3310,2026-05-30 13:21:51.102970,2026/05/30 13:21:51.157,2,NVIDIA A100-SXM-64GB,144.60,48132,98
3311,2026-05-30 13:21:51.102970,2026/05/30 13:21:51.159,3,NVIDIA A100-SXM-64GB,144.15,48106,98
3312,2026-05-30 13:21:56.194035,2026/05/30 13:21:56.251,0,NVIDIA A100-SXM-64GB,166.26,48124,100
3313,2026-05-30 13:21:56.194035,2026/05/30 13:21:56.253,1,NVIDIA A100-SXM-64GB,170.30,48142,98
3314,2026-05-30 13:21:56.194035,2026/05/30 13:21:56.256,2,NVIDIA A100-SXM-64GB,155.61,48132,100
3315,2026-05-30 13:21:56.194035,2026/05/30 13:21:56.258,3,NVIDIA A100-SXM-64GB,196.38,48106,100
3316,2026-05-30 13:22:01.281528,2026/05/30 13:22:01.330,0,NVIDIA A100-SXM-64GB,145.98,48124,100
3317,2026-05-30 13:22:01.281528,2026/05/30 13:22:01.333,1,NVIDIA A100-SXM-64GB,144.00,48142,98
3318,2026-05-30 13:22:01.281528,2026/05/30 13:22:01.338,2,NVIDIA A100-SXM-64GB,141.52,48132,100
3319,2026-05-30 13:22:01.281528,2026/05/30 13:22:01.340,3,NVIDIA A100-SXM-64GB,143.82,48106,98
3320,2026-05-30 13:22:06.374747,2026/05/30 13:22:06.422,0,NVIDIA A100-SXM-64GB,134.40,48124,98
3321,2026-05-30 13:22:06.374747,2026/05/30 13:22:06.427,1,NVIDIA A100-SXM-64GB,167.55,48142,100
3322,2026-05-30 13:22:06.374747,2026/05/30 13:22:06.429,2,NVIDIA A100-SXM-64GB,135.42,48132,100
3323,2026-05-30 13:22:06.374747,2026/05/30 13:22:06.432,3,NVIDIA A100-SXM-64GB,133.41,48106,100
3324,2026-05-30 13:22:11.453364,2026/05/30 13:22:11.502,0,NVIDIA A100-SXM-64GB,145.98,48124,100
3325,2026-05-30 13:22:11.453364,2026/05/30 13:22:11.507,1,NVIDIA A100-SXM-64GB,139.19,48142,98
3326,2026-05-30 13:22:11.453364,2026/05/30 13:22:11.509,2,NVIDIA A100-SXM-64GB,149.78,48132,98
3327,2026-05-30 13:22:11.453364,2026/05/30 13:22:11.511,3,NVIDIA A100-SXM-64GB,142.61,48106,100
3328,2026-05-30 13:22:16.532911,2026/05/30 13:22:16.576,0,NVIDIA A100-SXM-64GB,136.54,48124,99
3329,2026-05-30 13:22:16.532911,2026/05/30 13:22:16.578,1,NVIDIA A100-SXM-64GB,148.29,48142,98
3330,2026-05-30 13:22:16.532911,2026/05/30 13:22:16.582,2,NVIDIA A100-SXM-64GB,141.20,48132,100
3331,2026-05-30 13:22:16.532911,2026/05/30 13:22:16.584,3,NVIDIA A100-SXM-64GB,143.21,48106,98
3332,2026-05-30 13:22:21.605526,2026/05/30 13:22:21.649,0,NVIDIA A100-SXM-64GB,147.69,48124,98
3333,2026-05-30 13:22:21.605526,2026/05/30 13:22:21.651,1,NVIDIA A100-SXM-64GB,151.32,48142,100
3334,2026-05-30 13:22:21.605526,2026/05/30 13:22:21.654,2,NVIDIA A100-SXM-64GB,150.56,48132,98
3335,2026-05-30 13:22:21.605526,2026/05/30 13:22:21.657,3,NVIDIA A100-SXM-64GB,139.99,48106,100
3336,2026-05-30 13:22:26.680897,2026/05/30 13:22:26.724,0,NVIDIA A100-SXM-64GB,149.82,48124,98
3337,2026-05-30 13:22:26.680897,2026/05/30 13:22:26.726,1,NVIDIA A100-SXM-64GB,148.57,48142,98
3338,2026-05-30 13:22:26.680897,2026/05/30 13:22:26.729,2,NVIDIA A100-SXM-64GB,152.10,48132,98
3339,2026-05-30 13:22:26.680897,2026/05/30 13:22:26.731,3,NVIDIA A100-SXM-64GB,139.19,48106,98
3340,2026-05-30 13:22:31.772625,2026/05/30 13:22:31.821,0,NVIDIA A100-SXM-64GB,145.37,48124,98
3341,2026-05-30 13:22:31.772625,2026/05/30 13:22:31.826,1,NVIDIA A100-SXM-64GB,147.35,48142,98
3342,2026-05-30 13:22:31.772625,2026/05/30 13:22:31.829,2,NVIDIA A100-SXM-64GB,146.27,48132,98
3343,2026-05-30 13:22:31.772625,2026/05/30 13:22:31.832,3,NVIDIA A100-SXM-64GB,144.15,48106,98
3344,2026-05-30 13:22:36.884609,2026/05/30 13:22:36.929,0,NVIDIA A100-SXM-64GB,155.30,48124,100
3345,2026-05-30 13:22:36.884609,2026/05/30 13:22:36.932,1,NVIDIA A100-SXM-64GB,163.75,48142,100
3346,2026-05-30 13:22:36.884609,2026/05/30 13:22:36.934,2,NVIDIA A100-SXM-64GB,170.78,48132,100
3347,2026-05-30 13:22:36.884609,2026/05/30 13:22:36.937,3,NVIDIA A100-SXM-64GB,154.07,48106,100
3348,2026-05-30 13:22:41.962253,2026/05/30 13:22:42.006,0,NVIDIA A100-SXM-64GB,183.03,48124,100
3349,2026-05-30 13:22:41.962253,2026/05/30 13:22:42.009,1,NVIDIA A100-SXM-64GB,171.67,48142,100
3350,2026-05-30 13:22:41.962253,2026/05/30 13:22:42.012,2,NVIDIA A100-SXM-64GB,170.78,48132,100
3351,2026-05-30 13:22:41.962253,2026/05/30 13:22:42.016,3,NVIDIA A100-SXM-64GB,161.11,48106,100
3352,2026-05-30 13:22:47.037691,2026/05/30 13:22:47.086,0,NVIDIA A100-SXM-64GB,170.54,48124,100
3353,2026-05-30 13:22:47.037691,2026/05/30 13:22:47.090,1,NVIDIA A100-SXM-64GB,163.75,48142,100
3354,2026-05-30 13:22:47.037691,2026/05/30 13:22:47.093,2,NVIDIA A100-SXM-64GB,173.53,48132,100
3355,2026-05-30 13:22:47.037691,2026/05/30 13:22:47.095,3,NVIDIA A100-SXM-64GB,155.01,48106,100
3356,2026-05-30 13:22:52.132397,2026/05/30 13:22:52.176,0,NVIDIA A100-SXM-64GB,168.40,48124,100
3357,2026-05-30 13:22:52.132397,2026/05/30 13:22:52.178,1,NVIDIA A100-SXM-64GB,194.52,48142,100
3358,2026-05-30 13:22:52.132397,2026/05/30 13:22:52.184,2,NVIDIA A100-SXM-64GB,160.35,48132,100
3359,2026-05-30 13:22:52.132397,2026/05/30 13:22:52.186,3,NVIDIA A100-SXM-64GB,185.65,48106,100
3360,2026-05-30 13:22:57.211500,2026/05/30 13:22:57.254,0,NVIDIA A100-SXM-64GB,174.21,48124,100
3361,2026-05-30 13:22:57.211500,2026/05/30 13:22:57.256,1,NVIDIA A100-SXM-64GB,182.30,48142,100
3362,2026-05-30 13:22:57.211500,2026/05/30 13:22:57.259,2,NVIDIA A100-SXM-64GB,182.11,48132,100
3363,2026-05-30 13:22:57.211500,2026/05/30 13:22:57.261,3,NVIDIA A100-SXM-64GB,157.31,48106,100
3364,2026-05-30 13:23:02.282918,2026/05/30 13:23:02.331,0,NVIDIA A100-SXM-64GB,143.71,48124,100
3365,2026-05-30 13:23:02.282918,2026/05/30 13:23:02.336,1,NVIDIA A100-SXM-64GB,150.59,48142,98
3366,2026-05-30 13:23:02.282918,2026/05/30 13:23:02.339,2,NVIDIA A100-SXM-64GB,148.90,48132,100
3367,2026-05-30 13:23:02.282918,2026/05/30 13:23:02.341,3,NVIDIA A100-SXM-64GB,146.29,48106,98
3368,2026-05-30 13:23:07.375097,2026/05/30 13:23:07.422,0,NVIDIA A100-SXM-64GB,178.06,48124,98
3369,2026-05-30 13:23:07.375097,2026/05/30 13:23:07.424,1,NVIDIA A100-SXM-64GB,134.62,48142,100
3370,2026-05-30 13:23:07.375097,2026/05/30 13:23:07.427,2,NVIDIA A100-SXM-64GB,151.32,48132,98
3371,2026-05-30 13:23:07.375097,2026/05/30 13:23:07.432,3,NVIDIA A100-SXM-64GB,137.70,48106,100
3372,2026-05-30 13:23:12.496529,2026/05/30 13:23:12.545,0,NVIDIA A100-SXM-64GB,195.17,48124,100
3373,2026-05-30 13:23:12.496529,2026/05/30 13:23:12.548,1,NVIDIA A100-SXM-64GB,148.72,48142,100
3374,2026-05-30 13:23:12.496529,2026/05/30 13:23:12.550,2,NVIDIA A100-SXM-64GB,146.75,48132,100
3375,2026-05-30 13:23:12.496529,2026/05/30 13:23:12.553,3,NVIDIA A100-SXM-64GB,140.87,48106,100
3376,2026-05-30 13:23:17.601403,2026/05/30 13:23:17.645,0,NVIDIA A100-SXM-64GB,142.90,48124,98
3377,2026-05-30 13:23:17.601403,2026/05/30 13:23:17.647,1,NVIDIA A100-SXM-64GB,148.29,48142,100
3378,2026-05-30 13:23:17.601403,2026/05/30 13:23:17.650,2,NVIDIA A100-SXM-64GB,141.52,48132,98
3379,2026-05-30 13:23:17.601403,2026/05/30 13:23:17.654,3,NVIDIA A100-SXM-64GB,139.85,48106,100
3380,2026-05-30 13:23:22.687613,2026/05/30 13:23:22.736,0,NVIDIA A100-SXM-64GB,175.14,48124,100
3381,2026-05-30 13:23:22.687613,2026/05/30 13:23:22.739,1,NVIDIA A100-SXM-64GB,178.01,48142,100
3382,2026-05-30 13:23:22.687613,2026/05/30 13:23:22.744,2,NVIDIA A100-SXM-64GB,147.96,48132,100
3383,2026-05-30 13:23:22.687613,2026/05/30 13:23:22.747,3,NVIDIA A100-SXM-64GB,172.35,48106,100
3384,2026-05-30 13:23:27.784688,2026/05/30 13:23:27.833,0,NVIDIA A100-SXM-64GB,185.50,48124,100
3385,2026-05-30 13:23:27.784688,2026/05/30 13:23:27.836,1,NVIDIA A100-SXM-64GB,183.79,48142,100
3386,2026-05-30 13:23:27.784688,2026/05/30 13:23:27.838,2,NVIDIA A100-SXM-64GB,169.25,48132,100
3387,2026-05-30 13:23:27.784688,2026/05/30 13:23:27.841,3,NVIDIA A100-SXM-64GB,166.94,48106,100
3388,2026-05-30 13:23:32.868620,2026/05/30 13:23:32.913,0,NVIDIA A100-SXM-64GB,181.22,48124,100
3389,2026-05-30 13:23:32.868620,2026/05/30 13:23:32.915,1,NVIDIA A100-SXM-64GB,175.08,48142,100
3390,2026-05-30 13:23:32.868620,2026/05/30 13:23:32.918,2,NVIDIA A100-SXM-64GB,151.16,48132,100
3391,2026-05-30 13:23:32.868620,2026/05/30 13:23:32.920,3,NVIDIA A100-SXM-64GB,147.63,48106,100
3392,2026-05-30 13:23:37.942678,2026/05/30 13:23:38.003,0,NVIDIA A100-SXM-64GB,188.05,48124,100
3393,2026-05-30 13:23:37.942678,2026/05/30 13:23:38.009,1,NVIDIA A100-SXM-64GB,187.61,48142,100
3394,2026-05-30 13:23:37.942678,2026/05/30 13:23:38.011,2,NVIDIA A100-SXM-64GB,176.56,48132,100
3395,2026-05-30 13:23:37.942678,2026/05/30 13:23:38.029,3,NVIDIA A100-SXM-64GB,168.49,48106,100
3396,2026-05-30 13:23:43.067823,2026/05/30 13:23:43.116,0,NVIDIA A100-SXM-64GB,157.71,48124,100
3397,2026-05-30 13:23:43.067823,2026/05/30 13:23:43.119,1,NVIDIA A100-SXM-64GB,174.74,48142,100
3398,2026-05-30 13:23:43.067823,2026/05/30 13:23:43.122,2,NVIDIA A100-SXM-64GB,168.65,48132,100
3399,2026-05-30 13:23:43.067823,2026/05/30 13:23:43.124,3,NVIDIA A100-SXM-64GB,163.92,48106,100
3400,2026-05-30 13:23:48.165663,2026/05/30 13:23:48.213,0,NVIDIA A100-SXM-64GB,172.07,48124,100
3401,2026-05-30 13:23:48.165663,2026/05/30 13:23:48.216,1,NVIDIA A100-SXM-64GB,154.40,48142,100
3402,2026-05-30 13:23:48.165663,2026/05/30 13:23:48.218,2,NVIDIA A100-SXM-64GB,173.81,48132,100
3403,2026-05-30 13:23:48.165663,2026/05/30 13:23:48.221,3,NVIDIA A100-SXM-64GB,142.13,48106,100
3404,2026-05-30 13:23:53.265453,2026/05/30 13:23:53.314,0,NVIDIA A100-SXM-64GB,177.74,48124,100
3405,2026-05-30 13:23:53.265453,2026/05/30 13:23:53.317,1,NVIDIA A100-SXM-64GB,147.96,48142,100
3406,2026-05-30 13:23:53.265453,2026/05/30 13:23:53.319,2,NVIDIA A100-SXM-64GB,144.00,48132,100
3407,2026-05-30 13:23:53.265453,2026/05/30 13:23:53.322,3,NVIDIA A100-SXM-64GB,144.15,48106,100
3408,2026-05-30 13:23:58.354293,2026/05/30 13:23:58.401,0,NVIDIA A100-SXM-64GB,176.35,48124,100
3409,2026-05-30 13:23:58.354293,2026/05/30 13:23:58.404,1,NVIDIA A100-SXM-64GB,184.44,48142,100
3410,2026-05-30 13:23:58.354293,2026/05/30 13:23:58.407,2,NVIDIA A100-SXM-64GB,181.45,48132,100
3411,2026-05-30 13:23:58.354293,2026/05/30 13:23:58.409,3,NVIDIA A100-SXM-64GB,165.40,48106,100
3412,2026-05-30 13:24:03.442321,2026/05/30 13:24:03.489,0,NVIDIA A100-SXM-64GB,174.72,48124,100
3413,2026-05-30 13:24:03.442321,2026/05/30 13:24:03.492,1,NVIDIA A100-SXM-64GB,172.78,48142,100
3414,2026-05-30 13:24:03.442321,2026/05/30 13:24:03.496,2,NVIDIA A100-SXM-64GB,177.83,48132,100
3415,2026-05-30 13:24:03.442321,2026/05/30 13:24:03.498,3,NVIDIA A100-SXM-64GB,153.95,48106,100
3416,2026-05-30 13:24:08.532412,2026/05/30 13:24:08.581,0,NVIDIA A100-SXM-64GB,168.73,48124,100
3417,2026-05-30 13:24:08.532412,2026/05/30 13:24:08.584,1,NVIDIA A100-SXM-64GB,194.32,48142,100
3418,2026-05-30 13:24:08.532412,2026/05/30 13:24:08.586,2,NVIDIA A100-SXM-64GB,183.93,48132,100
3419,2026-05-30 13:24:08.532412,2026/05/30 13:24:08.589,3,NVIDIA A100-SXM-64GB,181.64,48106,100
3420,2026-05-30 13:24:13.623941,2026/05/30 13:24:13.668,0,NVIDIA A100-SXM-64GB,154.70,48124,100
3421,2026-05-30 13:24:13.623941,2026/05/30 13:24:13.670,1,NVIDIA A100-SXM-64GB,180.24,48142,100
3422,2026-05-30 13:24:13.623941,2026/05/30 13:24:13.673,2,NVIDIA A100-SXM-64GB,175.68,48132,100
3423,2026-05-30 13:24:13.623941,2026/05/30 13:24:13.678,3,NVIDIA A100-SXM-64GB,153.47,48106,100
3424,2026-05-30 13:24:18.700334,2026/05/30 13:24:18.747,0,NVIDIA A100-SXM-64GB,187.44,48124,100
3425,2026-05-30 13:24:18.700334,2026/05/30 13:24:18.749,1,NVIDIA A100-SXM-64GB,190.69,48142,100
3426,2026-05-30 13:24:18.700334,2026/05/30 13:24:18.752,2,NVIDIA A100-SXM-64GB,179.31,48132,100
3427,2026-05-30 13:24:18.700334,2026/05/30 13:24:18.755,3,NVIDIA A100-SXM-64GB,183.60,48106,100
3428,2026-05-30 13:24:23.791614,2026/05/30 13:24:23.836,0,NVIDIA A100-SXM-64GB,161.11,48124,100
3429,2026-05-30 13:24:23.791614,2026/05/30 13:24:23.841,1,NVIDIA A100-SXM-64GB,145.82,48142,100
3430,2026-05-30 13:24:23.791614,2026/05/30 13:24:23.843,2,NVIDIA A100-SXM-64GB,136.29,48132,100
3431,2026-05-30 13:24:23.791614,2026/05/30 13:24:23.846,3,NVIDIA A100-SXM-64GB,166.67,48106,100
3432,2026-05-30 13:24:28.882311,2026/05/30 13:24:28.930,0,NVIDIA A100-SXM-64GB,168.40,48124,100
3433,2026-05-30 13:24:28.882311,2026/05/30 13:24:28.933,1,NVIDIA A100-SXM-64GB,167.55,48142,100
3434,2026-05-30 13:24:28.882311,2026/05/30 13:24:28.935,2,NVIDIA A100-SXM-64GB,189.15,48132,100
3435,2026-05-30 13:24:28.882311,2026/05/30 13:24:28.938,3,NVIDIA A100-SXM-64GB,157.65,48106,100
3436,2026-05-30 13:24:33.984796,2026/05/30 13:24:34.029,0,NVIDIA A100-SXM-64GB,148.89,48124,100
3437,2026-05-30 13:24:33.984796,2026/05/30 13:24:34.032,1,NVIDIA A100-SXM-64GB,162.48,48142,100
3438,2026-05-30 13:24:33.984796,2026/05/30 13:24:34.034,2,NVIDIA A100-SXM-64GB,162.21,48132,100
3439,2026-05-30 13:24:33.984796,2026/05/30 13:24:34.037,3,NVIDIA A100-SXM-64GB,149.78,48106,100
3440,2026-05-30 13:24:39.071720,2026/05/30 13:24:39.119,0,NVIDIA A100-SXM-64GB,180.89,48124,100
3441,2026-05-30 13:24:39.071720,2026/05/30 13:24:39.123,1,NVIDIA A100-SXM-64GB,189.42,48142,100
3442,2026-05-30 13:24:39.071720,2026/05/30 13:24:39.126,2,NVIDIA A100-SXM-64GB,171.07,48132,100
3443,2026-05-30 13:24:39.071720,2026/05/30 13:24:39.128,3,NVIDIA A100-SXM-64GB,170.96,48106,100
3444,2026-05-30 13:24:44.178633,2026/05/30 13:24:44.227,0,NVIDIA A100-SXM-64GB,147.84,48124,100
3445,2026-05-30 13:24:44.178633,2026/05/30 13:24:44.229,1,NVIDIA A100-SXM-64GB,154.40,48142,100
3446,2026-05-30 13:24:44.178633,2026/05/30 13:24:44.232,2,NVIDIA A100-SXM-64GB,145.49,48132,100
3447,2026-05-30 13:24:44.178633,2026/05/30 13:24:44.234,3,NVIDIA A100-SXM-64GB,173.38,48106,100
3448,2026-05-30 13:24:49.256276,2026/05/30 13:24:49.304,0,NVIDIA A100-SXM-64GB,195.25,48124,100
3449,2026-05-30 13:24:49.256276,2026/05/30 13:24:49.307,1,NVIDIA A100-SXM-64GB,147.35,48142,100
3450,2026-05-30 13:24:49.256276,2026/05/30 13:24:49.309,2,NVIDIA A100-SXM-64GB,144.13,48132,100
3451,2026-05-30 13:24:49.256276,2026/05/30 13:24:49.312,3,NVIDIA A100-SXM-64GB,173.99,48106,100
3452,2026-05-30 13:24:54.360227,2026/05/30 13:24:54.416,0,NVIDIA A100-SXM-64GB,182.43,48124,100
3453,2026-05-30 13:24:54.360227,2026/05/30 13:24:54.418,1,NVIDIA A100-SXM-64GB,176.56,48142,100
3454,2026-05-30 13:24:54.360227,2026/05/30 13:24:54.424,2,NVIDIA A100-SXM-64GB,174.14,48132,100
3455,2026-05-30 13:24:54.360227,2026/05/30 13:24:54.427,3,NVIDIA A100-SXM-64GB,160.24,48106,100
3456,2026-05-30 13:24:59.474742,2026/05/30 13:24:59.519,0,NVIDIA A100-SXM-64GB,145.22,48124,100
3457,2026-05-30 13:24:59.474742,2026/05/30 13:24:59.521,1,NVIDIA A100-SXM-64GB,139.38,48142,100
3458,2026-05-30 13:24:59.474742,2026/05/30 13:24:59.524,2,NVIDIA A100-SXM-64GB,135.88,48132,100
3459,2026-05-30 13:24:59.474742,2026/05/30 13:24:59.527,3,NVIDIA A100-SXM-64GB,144.00,48106,98
3460,2026-05-30 13:25:04.564600,2026/05/30 13:25:04.612,0,NVIDIA A100-SXM-64GB,141.09,48124,100
3461,2026-05-30 13:25:04.564600,2026/05/30 13:25:04.614,1,NVIDIA A100-SXM-64GB,163.59,48142,100
3462,2026-05-30 13:25:04.564600,2026/05/30 13:25:04.617,2,NVIDIA A100-SXM-64GB,148.14,48132,100
3463,2026-05-30 13:25:04.564600,2026/05/30 13:25:04.621,3,NVIDIA A100-SXM-64GB,150.59,48106,100
3464,2026-05-30 13:25:09.674800,2026/05/30 13:25:09.718,0,NVIDIA A100-SXM-64GB,166.16,48124,98
3465,2026-05-30 13:25:09.674800,2026/05/30 13:25:09.720,1,NVIDIA A100-SXM-64GB,147.63,48142,100
3466,2026-05-30 13:25:09.674800,2026/05/30 13:25:09.723,2,NVIDIA A100-SXM-64GB,141.98,48132,100
3467,2026-05-30 13:25:09.674800,2026/05/30 13:25:09.725,3,NVIDIA A100-SXM-64GB,138.31,48106,100
3468,2026-05-30 13:25:14.747611,2026/05/30 13:25:14.798,0,NVIDIA A100-SXM-64GB,155.13,48124,100
3469,2026-05-30 13:25:14.747611,2026/05/30 13:25:14.800,1,NVIDIA A100-SXM-64GB,168.82,48142,100
3470,2026-05-30 13:25:14.747611,2026/05/30 13:25:14.803,2,NVIDIA A100-SXM-64GB,160.24,48132,100
3471,2026-05-30 13:25:14.747611,2026/05/30 13:25:14.805,3,NVIDIA A100-SXM-64GB,141.81,48106,100
3472,2026-05-30 13:25:19.833156,2026/05/30 13:25:19.887,0,NVIDIA A100-SXM-64GB,147.84,48124,100
3473,2026-05-30 13:25:19.833156,2026/05/30 13:25:19.889,1,NVIDIA A100-SXM-64GB,112.20,48142,100
3474,2026-05-30 13:25:19.833156,2026/05/30 13:25:19.892,2,NVIDIA A100-SXM-64GB,125.42,48132,100
3475,2026-05-30 13:25:19.833156,2026/05/30 13:25:19.895,3,NVIDIA A100-SXM-64GB,138.12,48106,100
3476,2026-05-30 13:25:24.931928,2026/05/30 13:25:24.987,0,NVIDIA A100-SXM-64GB,166.43,48124,100
3477,2026-05-30 13:25:24.931928,2026/05/30 13:25:24.989,1,NVIDIA A100-SXM-64GB,163.92,48142,100
3478,2026-05-30 13:25:24.931928,2026/05/30 13:25:24.992,2,NVIDIA A100-SXM-64GB,154.07,48132,100
3479,2026-05-30 13:25:24.931928,2026/05/30 13:25:24.994,3,NVIDIA A100-SXM-64GB,141.49,48106,100
3480,2026-05-30 13:25:30.030014,2026/05/30 13:25:30.075,0,NVIDIA A100-SXM-64GB,144.77,48124,98
3481,2026-05-30 13:25:30.030014,2026/05/30 13:25:30.080,1,NVIDIA A100-SXM-64GB,133.08,48142,100
3482,2026-05-30 13:25:30.030014,2026/05/30 13:25:30.083,2,NVIDIA A100-SXM-64GB,148.29,48132,100
3483,2026-05-30 13:25:30.030014,2026/05/30 13:25:30.085,3,NVIDIA A100-SXM-64GB,140.73,48106,100
3484,2026-05-30 13:25:35.107351,2026/05/30 13:25:35.151,0,NVIDIA A100-SXM-64GB,140.76,48124,98
3485,2026-05-30 13:25:35.107351,2026/05/30 13:25:35.153,1,NVIDIA A100-SXM-64GB,136.62,48142,100
3486,2026-05-30 13:25:35.107351,2026/05/30 13:25:35.156,2,NVIDIA A100-SXM-64GB,147.20,48132,100
3487,2026-05-30 13:25:35.107351,2026/05/30 13:25:35.162,3,NVIDIA A100-SXM-64GB,113.46,48106,98
3488,2026-05-30 13:25:40.183445,2026/05/30 13:25:40.231,0,NVIDIA A100-SXM-64GB,137.41,48124,98
3489,2026-05-30 13:25:40.183445,2026/05/30 13:25:40.234,1,NVIDIA A100-SXM-64GB,159.90,48142,98
3490,2026-05-30 13:25:40.183445,2026/05/30 13:25:40.236,2,NVIDIA A100-SXM-64GB,147.03,48132,98
3491,2026-05-30 13:25:40.183445,2026/05/30 13:25:40.239,3,NVIDIA A100-SXM-64GB,126.63,48106,100
3492,2026-05-30 13:25:45.271688,2026/05/30 13:25:45.316,0,NVIDIA A100-SXM-64GB,142.75,48124,98
3493,2026-05-30 13:25:45.271688,2026/05/30 13:25:45.322,1,NVIDIA A100-SXM-64GB,149.50,48142,98
3494,2026-05-30 13:25:45.271688,2026/05/30 13:25:45.327,2,NVIDIA A100-SXM-64GB,149.02,48132,98
3495,2026-05-30 13:25:45.271688,2026/05/30 13:25:45.330,3,NVIDIA A100-SXM-64GB,119.91,48106,100
3496,2026-05-30 13:25:50.354677,2026/05/30 13:25:50.402,0,NVIDIA A100-SXM-64GB,146.43,48124,98
3497,2026-05-30 13:25:50.354677,2026/05/30 13:25:50.405,1,NVIDIA A100-SXM-64GB,144.13,48142,100
3498,2026-05-30 13:25:50.354677,2026/05/30 13:25:50.408,2,NVIDIA A100-SXM-64GB,145.07,48132,100
3499,2026-05-30 13:25:50.354677,2026/05/30 13:25:50.411,3,NVIDIA A100-SXM-64GB,138.45,48106,98
3500,2026-05-30 13:25:55.444511,2026/05/30 13:25:55.493,0,NVIDIA A100-SXM-64GB,181.22,48124,100
3501,2026-05-30 13:25:55.444511,2026/05/30 13:25:55.496,1,NVIDIA A100-SXM-64GB,175.68,48142,100
3502,2026-05-30 13:25:55.444511,2026/05/30 13:25:55.498,2,NVIDIA A100-SXM-64GB,188.63,48132,100
3503,2026-05-30 13:25:55.444511,2026/05/30 13:25:55.501,3,NVIDIA A100-SXM-64GB,144.28,48106,100
3504,2026-05-30 13:26:00.548606,2026/05/30 13:26:00.596,0,NVIDIA A100-SXM-64GB,147.96,48124,100
3505,2026-05-30 13:26:00.548606,2026/05/30 13:26:00.603,1,NVIDIA A100-SXM-64GB,168.65,48142,100
3506,2026-05-30 13:26:00.548606,2026/05/30 13:26:00.605,2,NVIDIA A100-SXM-64GB,135.88,48132,100
3507,2026-05-30 13:26:00.548606,2026/05/30 13:26:00.608,3,NVIDIA A100-SXM-64GB,138.59,48106,100
3508,2026-05-30 13:26:05.630161,2026/05/30 13:26:05.677,0,NVIDIA A100-SXM-64GB,182.43,48124,100
3509,2026-05-30 13:26:05.630161,2026/05/30 13:26:05.682,1,NVIDIA A100-SXM-64GB,162.82,48142,100
3510,2026-05-30 13:26:05.630161,2026/05/30 13:26:05.685,2,NVIDIA A100-SXM-64GB,175.68,48132,100
3511,2026-05-30 13:26:05.630161,2026/05/30 13:26:05.687,3,NVIDIA A100-SXM-64GB,166.67,48106,100
3512,2026-05-30 13:26:10.743605,2026/05/30 13:26:10.792,0,NVIDIA A100-SXM-64GB,172.07,48124,100
3513,2026-05-30 13:26:10.743605,2026/05/30 13:26:10.795,1,NVIDIA A100-SXM-64GB,179.03,48142,100
3514,2026-05-30 13:26:10.743605,2026/05/30 13:26:10.797,2,NVIDIA A100-SXM-64GB,179.13,48132,100
3515,2026-05-30 13:26:10.743605,2026/05/30 13:26:10.801,3,NVIDIA A100-SXM-64GB,171.24,48106,100
3516,2026-05-30 13:26:15.823528,2026/05/30 13:26:15.874,0,NVIDIA A100-SXM-64GB,165.66,48124,100
3517,2026-05-30 13:26:15.823528,2026/05/30 13:26:15.877,1,NVIDIA A100-SXM-64GB,181.78,48142,100
3518,2026-05-30 13:26:15.823528,2026/05/30 13:26:15.880,2,NVIDIA A100-SXM-64GB,159.46,48132,100
3519,2026-05-30 13:26:15.823528,2026/05/30 13:26:15.882,3,NVIDIA A100-SXM-64GB,157.15,48106,100
3520,2026-05-30 13:26:20.915859,2026/05/30 13:26:20.971,0,NVIDIA A100-SXM-64GB,174.21,48124,100
3521,2026-05-30 13:26:20.915859,2026/05/30 13:26:20.975,1,NVIDIA A100-SXM-64GB,194.65,48142,100
3522,2026-05-30 13:26:20.915859,2026/05/30 13:26:20.978,2,NVIDIA A100-SXM-64GB,172.27,48132,100
3523,2026-05-30 13:26:20.915859,2026/05/30 13:26:20.981,3,NVIDIA A100-SXM-64GB,169.42,48106,100
3524,2026-05-30 13:26:26.015737,2026/05/30 13:26:26.059,0,NVIDIA A100-SXM-64GB,150.70,48124,100
3525,2026-05-30 13:26:26.015737,2026/05/30 13:26:26.061,1,NVIDIA A100-SXM-64GB,159.74,48142,100
3526,2026-05-30 13:26:26.015737,2026/05/30 13:26:26.064,2,NVIDIA A100-SXM-64GB,160.35,48132,100
3527,2026-05-30 13:26:26.015737,2026/05/30 13:26:26.066,3,NVIDIA A100-SXM-64GB,162.65,48106,100
3528,2026-05-30 13:26:31.088510,2026/05/30 13:26:31.137,0,NVIDIA A100-SXM-64GB,186.84,48124,86
3529,2026-05-30 13:26:31.088510,2026/05/30 13:26:31.140,1,NVIDIA A100-SXM-64GB,193.11,48142,66
3530,2026-05-30 13:26:31.088510,2026/05/30 13:26:31.143,2,NVIDIA A100-SXM-64GB,183.32,48132,100
3531,2026-05-30 13:26:31.088510,2026/05/30 13:26:31.145,3,NVIDIA A100-SXM-64GB,184.11,48106,100
3532,2026-05-30 13:26:36.179169,2026/05/30 13:26:36.223,0,NVIDIA A100-SXM-64GB,161.71,48124,100
3533,2026-05-30 13:26:36.179169,2026/05/30 13:26:36.225,1,NVIDIA A100-SXM-64GB,180.85,48142,100
3534,2026-05-30 13:26:36.179169,2026/05/30 13:26:36.228,2,NVIDIA A100-SXM-64GB,149.02,48132,100
3535,2026-05-30 13:26:36.179169,2026/05/30 13:26:36.230,3,NVIDIA A100-SXM-64GB,147.78,48106,100
3536,2026-05-30 13:26:41.264919,2026/05/30 13:26:41.312,0,NVIDIA A100-SXM-64GB,185.50,48124,100
3537,2026-05-30 13:26:41.264919,2026/05/30 13:26:41.315,1,NVIDIA A100-SXM-64GB,180.24,48142,100
3538,2026-05-30 13:26:41.264919,2026/05/30 13:26:41.320,2,NVIDIA A100-SXM-64GB,183.41,48132,100
3539,2026-05-30 13:26:41.264919,2026/05/30 13:26:41.322,3,NVIDIA A100-SXM-64GB,177.67,48106,100
3540,2026-05-30 13:26:46.358315,2026/05/30 13:26:46.405,0,NVIDIA A100-SXM-64GB,154.70,48124,100
3541,2026-05-30 13:26:46.358315,2026/05/30 13:26:46.410,1,NVIDIA A100-SXM-64GB,181.45,48142,100
3542,2026-05-30 13:26:46.358315,2026/05/30 13:26:46.413,2,NVIDIA A100-SXM-64GB,149.35,48132,100
3543,2026-05-30 13:26:46.358315,2026/05/30 13:26:46.415,3,NVIDIA A100-SXM-64GB,168.49,48106,100
3544,2026-05-30 13:26:51.443618,2026/05/30 13:26:51.502,0,NVIDIA A100-SXM-64GB,135.14,48124,100
3545,2026-05-30 13:26:51.443618,2026/05/30 13:26:51.505,1,NVIDIA A100-SXM-64GB,135.69,48142,98
3546,2026-05-30 13:26:51.443618,2026/05/30 13:26:51.507,2,NVIDIA A100-SXM-64GB,148.74,48132,98
3547,2026-05-30 13:26:51.443618,2026/05/30 13:26:51.510,3,NVIDIA A100-SXM-64GB,141.34,48106,98
3548,2026-05-30 13:26:56.556140,2026/05/30 13:26:56.615,0,NVIDIA A100-SXM-64GB,158.04,48124,100
3549,2026-05-30 13:26:56.556140,2026/05/30 13:26:56.617,1,NVIDIA A100-SXM-64GB,190.36,48142,100
3550,2026-05-30 13:26:56.556140,2026/05/30 13:26:56.620,2,NVIDIA A100-SXM-64GB,134.95,48132,100
3551,2026-05-30 13:26:56.556140,2026/05/30 13:26:56.622,3,NVIDIA A100-SXM-64GB,157.15,48106,98
3552,2026-05-30 13:27:01.659842,2026/05/30 13:27:01.716,0,NVIDIA A100-SXM-64GB,147.51,48124,98
3553,2026-05-30 13:27:01.659842,2026/05/30 13:27:01.719,1,NVIDIA A100-SXM-64GB,147.96,48142,98
3554,2026-05-30 13:27:01.659842,2026/05/30 13:27:01.721,2,NVIDIA A100-SXM-64GB,147.81,48132,98
3555,2026-05-30 13:27:01.659842,2026/05/30 13:27:01.724,3,NVIDIA A100-SXM-64GB,144.75,48106,98
3556,2026-05-30 13:27:06.760078,2026/05/30 13:27:06.799,0,NVIDIA A100-SXM-64GB,156.51,48124,100
3557,2026-05-30 13:27:06.760078,2026/05/30 13:27:06.801,1,NVIDIA A100-SXM-64GB,145.82,48142,100
3558,2026-05-30 13:27:06.760078,2026/05/30 13:27:06.806,2,NVIDIA A100-SXM-64GB,133.41,48132,97
3559,2026-05-30 13:27:06.760078,2026/05/30 13:27:06.809,3,NVIDIA A100-SXM-64GB,119.91,48106,98
3560,2026-05-30 13:27:11.831502,2026/05/30 13:27:11.886,0,NVIDIA A100-SXM-64GB,148.11,48124,100
3561,2026-05-30 13:27:11.831502,2026/05/30 13:27:11.888,1,NVIDIA A100-SXM-64GB,154.40,48142,100
3562,2026-05-30 13:27:11.831502,2026/05/30 13:27:11.891,2,NVIDIA A100-SXM-64GB,146.14,48132,100
3563,2026-05-30 13:27:11.831502,2026/05/30 13:27:11.894,3,NVIDIA A100-SXM-64GB,138.91,48106,98
3564,2026-05-30 13:27:16.938617,2026/05/30 13:27:16.983,0,NVIDIA A100-SXM-64GB,145.70,48124,97
3565,2026-05-30 13:27:16.938617,2026/05/30 13:27:16.985,1,NVIDIA A100-SXM-64GB,146.75,48142,97
3566,2026-05-30 13:27:16.938617,2026/05/30 13:27:16.990,2,NVIDIA A100-SXM-64GB,140.92,48132,97
3567,2026-05-30 13:27:16.938617,2026/05/30 13:27:16.992,3,NVIDIA A100-SXM-64GB,133.68,48106,97
3568,2026-05-30 13:27:22.014355,2026/05/30 13:27:22.079,0,NVIDIA A100-SXM-64GB,172.58,48124,100
3569,2026-05-30 13:27:22.014355,2026/05/30 13:27:22.082,1,NVIDIA A100-SXM-64GB,178.01,48142,100
3570,2026-05-30 13:27:22.014355,2026/05/30 13:27:22.084,2,NVIDIA A100-SXM-64GB,175.86,48132,100
3571,2026-05-30 13:27:22.014355,2026/05/30 13:27:22.087,3,NVIDIA A100-SXM-64GB,137.51,48106,100
3572,2026-05-30 13:27:27.120006,2026/05/30 13:27:27.164,0,NVIDIA A100-SXM-64GB,221.83,48124,100
3573,2026-05-30 13:27:27.120006,2026/05/30 13:27:27.166,1,NVIDIA A100-SXM-64GB,170.30,48142,100
3574,2026-05-30 13:27:27.120006,2026/05/30 13:27:27.169,2,NVIDIA A100-SXM-64GB,128.98,48132,97
3575,2026-05-30 13:27:27.120006,2026/05/30 13:27:27.171,3,NVIDIA A100-SXM-64GB,131.54,48106,98
3576,2026-05-30 13:27:32.193698,2026/05/30 13:27:32.241,0,NVIDIA A100-SXM-64GB,169.33,48124,100
3577,2026-05-30 13:27:32.193698,2026/05/30 13:27:32.244,1,NVIDIA A100-SXM-64GB,181.64,48142,100
3578,2026-05-30 13:27:32.193698,2026/05/30 13:27:32.248,2,NVIDIA A100-SXM-64GB,172.93,48132,100
3579,2026-05-30 13:27:32.193698,2026/05/30 13:27:32.250,3,NVIDIA A100-SXM-64GB,168.15,48106,100
3580,2026-05-30 13:27:37.283934,2026/05/30 13:27:37.332,0,NVIDIA A100-SXM-64GB,147.84,48124,100
3581,2026-05-30 13:27:37.283934,2026/05/30 13:27:37.335,1,NVIDIA A100-SXM-64GB,156.55,48142,100
3582,2026-05-30 13:27:37.283934,2026/05/30 13:27:37.337,2,NVIDIA A100-SXM-64GB,180.58,48132,100
3583,2026-05-30 13:27:37.283934,2026/05/30 13:27:37.340,3,NVIDIA A100-SXM-64GB,152.08,48106,100
3584,2026-05-30 13:27:42.381332,2026/05/30 13:27:42.425,0,NVIDIA A100-SXM-64GB,138.35,48124,100
3585,2026-05-30 13:27:42.381332,2026/05/30 13:27:42.427,1,NVIDIA A100-SXM-64GB,169.69,48142,100
3586,2026-05-30 13:27:42.381332,2026/05/30 13:27:42.431,2,NVIDIA A100-SXM-64GB,190.69,48132,100
3587,2026-05-30 13:27:42.381332,2026/05/30 13:27:42.433,3,NVIDIA A100-SXM-64GB,179.21,48106,100
3588,2026-05-30 13:27:47.470610,2026/05/30 13:27:47.519,0,NVIDIA A100-SXM-64GB,149.32,48124,100
3589,2026-05-30 13:27:47.470610,2026/05/30 13:27:47.522,1,NVIDIA A100-SXM-64GB,181.03,48142,100
3590,2026-05-30 13:27:47.470610,2026/05/30 13:27:47.525,2,NVIDIA A100-SXM-64GB,135.08,48132,100
3591,2026-05-30 13:27:47.470610,2026/05/30 13:27:47.530,3,NVIDIA A100-SXM-64GB,150.87,48106,100
3592,2026-05-30 13:27:52.565032,2026/05/30 13:27:52.625,0,NVIDIA A100-SXM-64GB,180.02,48124,100
3593,2026-05-30 13:27:52.565032,2026/05/30 13:27:52.628,1,NVIDIA A100-SXM-64GB,177.49,48142,100
3594,2026-05-30 13:27:52.565032,2026/05/30 13:27:52.631,2,NVIDIA A100-SXM-64GB,177.22,48132,100
3595,2026-05-30 13:27:52.565032,2026/05/30 13:27:52.635,3,NVIDIA A100-SXM-64GB,173.99,48106,100
3596,2026-05-30 13:27:57.669031,2026/05/30 13:27:57.717,0,NVIDIA A100-SXM-64GB,130.39,48124,100
3597,2026-05-30 13:27:57.669031,2026/05/30 13:27:57.723,1,NVIDIA A100-SXM-64GB,182.90,48142,100
3598,2026-05-30 13:27:57.669031,2026/05/30 13:27:57.726,2,NVIDIA A100-SXM-64GB,171.67,48132,100
3599,2026-05-30 13:27:57.669031,2026/05/30 13:27:57.728,3,NVIDIA A100-SXM-64GB,147.18,48106,100
3600,2026-05-30 13:28:02.763204,2026/05/30 13:28:02.802,0,NVIDIA A100-SXM-64GB,160.34,48124,100
3601,2026-05-30 13:28:02.763204,2026/05/30 13:28:02.804,1,NVIDIA A100-SXM-64GB,182.57,48142,100
3602,2026-05-30 13:28:02.763204,2026/05/30 13:28:02.807,2,NVIDIA A100-SXM-64GB,138.45,48132,98
3603,2026-05-30 13:28:02.763204,2026/05/30 13:28:02.814,3,NVIDIA A100-SXM-64GB,149.33,48106,100
3604,2026-05-30 13:28:07.836196,2026/05/30 13:28:07.884,0,NVIDIA A100-SXM-64GB,159.14,48124,100
3605,2026-05-30 13:28:07.836196,2026/05/30 13:28:07.887,1,NVIDIA A100-SXM-64GB,185.05,48142,100
3606,2026-05-30 13:28:07.836196,2026/05/30 13:28:07.890,2,NVIDIA A100-SXM-64GB,163.26,48132,100
3607,2026-05-30 13:28:07.836196,2026/05/30 13:28:07.892,3,NVIDIA A100-SXM-64GB,153.34,48106,100
3608,2026-05-30 13:28:12.926241,2026/05/30 13:28:12.974,0,NVIDIA A100-SXM-64GB,144.43,48124,98
3609,2026-05-30 13:28:12.926241,2026/05/30 13:28:12.976,1,NVIDIA A100-SXM-64GB,147.78,48142,98
3610,2026-05-30 13:28:12.926241,2026/05/30 13:28:12.979,2,NVIDIA A100-SXM-64GB,141.20,48132,98
3611,2026-05-30 13:28:12.926241,2026/05/30 13:28:12.981,3,NVIDIA A100-SXM-64GB,141.07,48106,100
3612,2026-05-30 13:28:18.003676,2026/05/30 13:28:18.052,0,NVIDIA A100-SXM-64GB,147.18,48124,100
3613,2026-05-30 13:28:18.003676,2026/05/30 13:28:18.055,1,NVIDIA A100-SXM-64GB,168.15,48142,100
3614,2026-05-30 13:28:18.003676,2026/05/30 13:28:18.057,2,NVIDIA A100-SXM-64GB,213.94,48132,100
3615,2026-05-30 13:28:18.003676,2026/05/30 13:28:18.060,3,NVIDIA A100-SXM-64GB,195.32,48106,98
3616,2026-05-30 13:28:23.095975,2026/05/30 13:28:23.143,0,NVIDIA A100-SXM-64GB,145.37,48124,98
3617,2026-05-30 13:28:23.095975,2026/05/30 13:28:23.146,1,NVIDIA A100-SXM-64GB,141.07,48142,98
3618,2026-05-30 13:28:23.095975,2026/05/30 13:28:23.150,2,NVIDIA A100-SXM-64GB,140.31,48132,98
3619,2026-05-30 13:28:23.095975,2026/05/30 13:28:23.152,3,NVIDIA A100-SXM-64GB,127.70,48106,98
3620,2026-05-30 13:28:28.175862,2026/05/30 13:28:28.224,0,NVIDIA A100-SXM-64GB,165.23,48124,100
3621,2026-05-30 13:28:28.175862,2026/05/30 13:28:28.226,1,NVIDIA A100-SXM-64GB,186.59,48142,100
3622,2026-05-30 13:28:28.175862,2026/05/30 13:28:28.229,2,NVIDIA A100-SXM-64GB,157.93,48132,100
3623,2026-05-30 13:28:28.175862,2026/05/30 13:28:28.232,3,NVIDIA A100-SXM-64GB,171.42,48106,100
3624,2026-05-30 13:28:33.275045,2026/05/30 13:28:33.322,0,NVIDIA A100-SXM-64GB,135.00,48124,98
3625,2026-05-30 13:28:33.275045,2026/05/30 13:28:33.326,1,NVIDIA A100-SXM-64GB,175.86,48142,98
3626,2026-05-30 13:28:33.275045,2026/05/30 13:28:33.328,2,NVIDIA A100-SXM-64GB,201.07,48132,100
3627,2026-05-30 13:28:33.275045,2026/05/30 13:28:33.331,3,NVIDIA A100-SXM-64GB,138.59,48106,100
3628,2026-05-30 13:28:38.379158,2026/05/30 13:28:38.435,0,NVIDIA A100-SXM-64GB,181.83,48124,100
3629,2026-05-30 13:28:38.379158,2026/05/30 13:28:38.437,1,NVIDIA A100-SXM-64GB,136.16,48142,100
3630,2026-05-30 13:28:38.379158,2026/05/30 13:28:38.440,2,NVIDIA A100-SXM-64GB,135.42,48132,100
3631,2026-05-30 13:28:38.379158,2026/05/30 13:28:38.442,3,NVIDIA A100-SXM-64GB,132.80,48106,98
3632,2026-05-30 13:28:43.464526,2026/05/30 13:28:43.513,0,NVIDIA A100-SXM-64GB,148.44,48124,98
3633,2026-05-30 13:28:43.464526,2026/05/30 13:28:43.516,1,NVIDIA A100-SXM-64GB,137.70,48142,98
3634,2026-05-30 13:28:43.464526,2026/05/30 13:28:43.518,2,NVIDIA A100-SXM-64GB,146.43,48132,98
3635,2026-05-30 13:28:43.464526,2026/05/30 13:28:43.521,3,NVIDIA A100-SXM-64GB,140.87,48106,98
3636,2026-05-30 13:28:48.554229,2026/05/30 13:28:48.599,0,NVIDIA A100-SXM-64GB,142.90,48124,100
3637,2026-05-30 13:28:48.554229,2026/05/30 13:28:48.602,1,NVIDIA A100-SXM-64GB,214.21,48142,100
3638,2026-05-30 13:28:48.554229,2026/05/30 13:28:48.604,2,NVIDIA A100-SXM-64GB,194.32,48132,98
3639,2026-05-30 13:28:48.554229,2026/05/30 13:28:48.610,3,NVIDIA A100-SXM-64GB,167.72,48106,100
3640,2026-05-30 13:28:53.632661,2026/05/30 13:28:53.681,0,NVIDIA A100-SXM-64GB,148.44,48124,100
3641,2026-05-30 13:28:53.632661,2026/05/30 13:28:53.684,1,NVIDIA A100-SXM-64GB,154.68,48142,100
3642,2026-05-30 13:28:53.632661,2026/05/30 13:28:53.686,2,NVIDIA A100-SXM-64GB,151.32,48132,98
3643,2026-05-30 13:28:53.632661,2026/05/30 13:28:53.690,3,NVIDIA A100-SXM-64GB,137.10,48106,98
3644,2026-05-30 13:28:58.725145,2026/05/30 13:28:58.769,0,NVIDIA A100-SXM-64GB,143.68,48124,97
3645,2026-05-30 13:28:58.725145,2026/05/30 13:28:58.771,1,NVIDIA A100-SXM-64GB,146.43,48142,97
3646,2026-05-30 13:28:58.725145,2026/05/30 13:28:58.774,2,NVIDIA A100-SXM-64GB,140.92,48132,97
3647,2026-05-30 13:28:58.725145,2026/05/30 13:28:58.776,3,NVIDIA A100-SXM-64GB,141.34,48106,99
3648,2026-05-30 13:29:03.798738,2026/05/30 13:29:03.847,0,NVIDIA A100-SXM-64GB,188.24,48124,100
3649,2026-05-30 13:29:03.798738,2026/05/30 13:29:03.850,1,NVIDIA A100-SXM-64GB,186.87,48142,100
3650,2026-05-30 13:29:03.798738,2026/05/30 13:29:03.852,2,NVIDIA A100-SXM-64GB,179.49,48132,100
3651,2026-05-30 13:29:03.798738,2026/05/30 13:29:03.854,3,NVIDIA A100-SXM-64GB,176.04,48106,100
3652,2026-05-30 13:29:08.877416,2026/05/30 13:29:08.926,0,NVIDIA A100-SXM-64GB,169.93,48124,100
3653,2026-05-30 13:29:08.877416,2026/05/30 13:29:08.929,1,NVIDIA A100-SXM-64GB,178.28,48142,100
3654,2026-05-30 13:29:08.877416,2026/05/30 13:29:08.931,2,NVIDIA A100-SXM-64GB,164.02,48132,100
3655,2026-05-30 13:29:08.877416,2026/05/30 13:29:08.934,3,NVIDIA A100-SXM-64GB,166.01,48106,100
3656,2026-05-30 13:29:13.967279,2026/05/30 13:29:14.014,0,NVIDIA A100-SXM-64GB,177.55,48124,100
3657,2026-05-30 13:29:13.967279,2026/05/30 13:29:14.017,1,NVIDIA A100-SXM-64GB,184.53,48142,100
3658,2026-05-30 13:29:13.967279,2026/05/30 13:29:14.019,2,NVIDIA A100-SXM-64GB,182.11,48132,100
3659,2026-05-30 13:29:13.967279,2026/05/30 13:29:14.022,3,NVIDIA A100-SXM-64GB,179.82,48106,100
3660,2026-05-30 13:29:19.059757,2026/05/30 13:29:19.104,0,NVIDIA A100-SXM-64GB,176.02,48124,100
3661,2026-05-30 13:29:19.059757,2026/05/30 13:29:19.106,1,NVIDIA A100-SXM-64GB,168.15,48142,100
3662,2026-05-30 13:29:19.059757,2026/05/30 13:29:19.109,2,NVIDIA A100-SXM-64GB,153.19,48132,100
3663,2026-05-30 13:29:19.059757,2026/05/30 13:29:19.114,3,NVIDIA A100-SXM-64GB,172.44,48106,100
3664,2026-05-30 13:29:24.150304,2026/05/30 13:29:24.194,0,NVIDIA A100-SXM-64GB,139.28,48124,98
3665,2026-05-30 13:29:24.150304,2026/05/30 13:29:24.196,1,NVIDIA A100-SXM-64GB,148.29,48142,98
3666,2026-05-30 13:29:24.150304,2026/05/30 13:29:24.199,2,NVIDIA A100-SXM-64GB,145.21,48132,98
3667,2026-05-30 13:29:24.150304,2026/05/30 13:29:24.201,3,NVIDIA A100-SXM-64GB,142.61,48106,98
3668,2026-05-30 13:29:29.236880,2026/05/30 13:29:29.294,0,NVIDIA A100-SXM-64GB,181.22,48124,100
3669,2026-05-30 13:29:29.236880,2026/05/30 13:29:29.297,1,NVIDIA A100-SXM-64GB,162.65,48142,100
3670,2026-05-30 13:29:29.236880,2026/05/30 13:29:29.299,2,NVIDIA A100-SXM-64GB,163.42,48132,100
3671,2026-05-30 13:29:29.236880,2026/05/30 13:29:29.302,3,NVIDIA A100-SXM-64GB,173.29,48106,100
3672,2026-05-30 13:29:34.348640,2026/05/30 13:29:34.397,0,NVIDIA A100-SXM-64GB,148.11,48124,98
3673,2026-05-30 13:29:34.348640,2026/05/30 13:29:34.400,1,NVIDIA A100-SXM-64GB,152.86,48142,98
3674,2026-05-30 13:29:34.348640,2026/05/30 13:29:34.402,2,NVIDIA A100-SXM-64GB,148.29,48132,98
3675,2026-05-30 13:29:34.348640,2026/05/30 13:29:34.405,3,NVIDIA A100-SXM-64GB,139.85,48106,98
3676,2026-05-30 13:29:39.439162,2026/05/30 13:29:39.486,0,NVIDIA A100-SXM-64GB,143.56,48124,98
3677,2026-05-30 13:29:39.439162,2026/05/30 13:29:39.489,1,NVIDIA A100-SXM-64GB,145.96,48142,98
3678,2026-05-30 13:29:39.439162,2026/05/30 13:29:39.494,2,NVIDIA A100-SXM-64GB,147.35,48132,100
3679,2026-05-30 13:29:39.439162,2026/05/30 13:29:39.497,3,NVIDIA A100-SXM-64GB,142.42,48106,98
3680,2026-05-30 13:29:44.532717,2026/05/30 13:29:44.592,0,NVIDIA A100-SXM-64GB,147.84,48124,100
3681,2026-05-30 13:29:44.532717,2026/05/30 13:29:44.597,1,NVIDIA A100-SXM-64GB,187.47,48142,100
3682,2026-05-30 13:29:44.532717,2026/05/30 13:29:44.602,2,NVIDIA A100-SXM-64GB,166.94,48132,100
3683,2026-05-30 13:29:44.532717,2026/05/30 13:29:44.615,3,NVIDIA A100-SXM-64GB,175.10,48106,100
3684,2026-05-30 13:29:49.637628,2026/05/30 13:29:49.686,0,NVIDIA A100-SXM-64GB,179.69,48124,100
3685,2026-05-30 13:29:49.637628,2026/05/30 13:29:49.689,1,NVIDIA A100-SXM-64GB,170.96,48142,100
3686,2026-05-30 13:29:49.637628,2026/05/30 13:29:49.691,2,NVIDIA A100-SXM-64GB,184.25,48132,100
3687,2026-05-30 13:29:49.637628,2026/05/30 13:29:49.694,3,NVIDIA A100-SXM-64GB,173.89,48106,100
3688,2026-05-30 13:29:54.731000,2026/05/30 13:29:54.783,0,NVIDIA A100-SXM-64GB,153.32,48124,100
3689,2026-05-30 13:29:54.731000,2026/05/30 13:29:54.786,1,NVIDIA A100-SXM-64GB,148.57,48142,100
3690,2026-05-30 13:29:54.731000,2026/05/30 13:29:54.792,2,NVIDIA A100-SXM-64GB,175.08,48132,100
3691,2026-05-30 13:29:54.731000,2026/05/30 13:29:54.795,3,NVIDIA A100-SXM-64GB,143.48,48106,100
3692,2026-05-30 13:29:59.830642,2026/05/30 13:29:59.879,0,NVIDIA A100-SXM-64GB,180.62,48124,100
3693,2026-05-30 13:29:59.830642,2026/05/30 13:29:59.885,1,NVIDIA A100-SXM-64GB,167.98,48142,100
3694,2026-05-30 13:29:59.830642,2026/05/30 13:29:59.889,2,NVIDIA A100-SXM-64GB,185.46,48132,100
3695,2026-05-30 13:29:59.830642,2026/05/30 13:29:59.891,3,NVIDIA A100-SXM-64GB,172.44,48106,100
3696,2026-05-30 13:30:04.940530,2026/05/30 13:30:04.989,0,NVIDIA A100-SXM-64GB,150.70,48124,100
3697,2026-05-30 13:30:04.940530,2026/05/30 13:30:04.991,1,NVIDIA A100-SXM-64GB,155.61,48142,100
3698,2026-05-30 13:30:04.940530,2026/05/30 13:30:04.994,2,NVIDIA A100-SXM-64GB,176.89,48132,100
3699,2026-05-30 13:30:04.940530,2026/05/30 13:30:04.997,3,NVIDIA A100-SXM-64GB,150.72,48106,100
3700,2026-05-30 13:30:10.030416,2026/05/30 13:30:10.083,0,NVIDIA A100-SXM-64GB,170.87,48124,100
3701,2026-05-30 13:30:10.030416,2026/05/30 13:30:10.087,1,NVIDIA A100-SXM-64GB,181.18,48142,100
3702,2026-05-30 13:30:10.030416,2026/05/30 13:30:10.089,2,NVIDIA A100-SXM-64GB,190.16,48132,100
3703,2026-05-30 13:30:10.030416,2026/05/30 13:30:10.095,3,NVIDIA A100-SXM-64GB,173.99,48106,100
3704,2026-05-30 13:30:15.146726,2026/05/30 13:30:15.191,0,NVIDIA A100-SXM-64GB,166.87,48124,100
3705,2026-05-30 13:30:15.146726,2026/05/30 13:30:15.193,1,NVIDIA A100-SXM-64GB,168.49,48142,100
3706,2026-05-30 13:30:15.146726,2026/05/30 13:30:15.196,2,NVIDIA A100-SXM-64GB,173.81,48132,100
3707,2026-05-30 13:30:15.146726,2026/05/30 13:30:15.199,3,NVIDIA A100-SXM-64GB,133.68,48106,100
3708,2026-05-30 13:30:20.236168,2026/05/30 13:30:20.284,0,NVIDIA A100-SXM-64GB,180.02,48124,100
3709,2026-05-30 13:30:20.236168,2026/05/30 13:30:20.289,1,NVIDIA A100-SXM-64GB,170.13,48142,100
3710,2026-05-30 13:30:20.236168,2026/05/30 13:30:20.292,2,NVIDIA A100-SXM-64GB,166.77,48132,100
3711,2026-05-30 13:30:20.236168,2026/05/30 13:30:20.295,3,NVIDIA A100-SXM-64GB,157.15,48106,100
3712,2026-05-30 13:30:25.339617,2026/05/30 13:30:25.388,0,NVIDIA A100-SXM-64GB,167.80,48124,100
3713,2026-05-30 13:30:25.339617,2026/05/30 13:30:25.391,1,NVIDIA A100-SXM-64GB,171.24,48142,100
3714,2026-05-30 13:30:25.339617,2026/05/30 13:30:25.393,2,NVIDIA A100-SXM-64GB,158.20,48132,100
3715,2026-05-30 13:30:25.339617,2026/05/30 13:30:25.396,3,NVIDIA A100-SXM-64GB,152.68,48106,100
3716,2026-05-30 13:30:30.441531,2026/05/30 13:30:30.490,0,NVIDIA A100-SXM-64GB,165.99,48124,100
3717,2026-05-30 13:30:30.441531,2026/05/30 13:30:30.493,1,NVIDIA A100-SXM-64GB,174.41,48142,100
3718,2026-05-30 13:30:30.441531,2026/05/30 13:30:30.496,2,NVIDIA A100-SXM-64GB,167.98,48132,100
3719,2026-05-30 13:30:30.441531,2026/05/30 13:30:30.498,3,NVIDIA A100-SXM-64GB,165.40,48106,100
3720,2026-05-30 13:30:35.535998,2026/05/30 13:30:35.580,0,NVIDIA A100-SXM-64GB,150.70,48124,100
3721,2026-05-30 13:30:35.535998,2026/05/30 13:30:35.582,1,NVIDIA A100-SXM-64GB,175.95,48142,100
3722,2026-05-30 13:30:35.535998,2026/05/30 13:30:35.585,2,NVIDIA A100-SXM-64GB,140.78,48132,100
3723,2026-05-30 13:30:35.535998,2026/05/30 13:30:35.587,3,NVIDIA A100-SXM-64GB,139.85,48106,100
3724,2026-05-30 13:30:40.623126,2026/05/30 13:30:40.670,0,NVIDIA A100-SXM-64GB,173.88,48124,100
3725,2026-05-30 13:30:40.623126,2026/05/30 13:30:40.672,1,NVIDIA A100-SXM-64GB,174.41,48142,100
3726,2026-05-30 13:30:40.623126,2026/05/30 13:30:40.677,2,NVIDIA A100-SXM-64GB,175.77,48132,100
3727,2026-05-30 13:30:40.623126,2026/05/30 13:30:40.680,3,NVIDIA A100-SXM-64GB,170.30,48106,100
3728,2026-05-30 13:30:45.715659,2026/05/30 13:30:45.765,0,NVIDIA A100-SXM-64GB,161.28,48124,100
3729,2026-05-30 13:30:45.715659,2026/05/30 13:30:45.768,1,NVIDIA A100-SXM-64GB,151.93,48142,100
3730,2026-05-30 13:30:45.715659,2026/05/30 13:30:45.770,2,NVIDIA A100-SXM-64GB,163.75,48132,100
3731,2026-05-30 13:30:45.715659,2026/05/30 13:30:45.773,3,NVIDIA A100-SXM-64GB,161.94,48106,100
3732,2026-05-30 13:30:50.812003,2026/05/30 13:30:50.856,0,NVIDIA A100-SXM-64GB,183.96,48124,100
3733,2026-05-30 13:30:50.812003,2026/05/30 13:30:50.858,1,NVIDIA A100-SXM-64GB,190.02,48142,100
3734,2026-05-30 13:30:50.812003,2026/05/30 13:30:50.861,2,NVIDIA A100-SXM-64GB,173.53,48132,100
3735,2026-05-30 13:30:50.812003,2026/05/30 13:30:50.863,3,NVIDIA A100-SXM-64GB,169.09,48106,100
3736,2026-05-30 13:30:55.899091,2026/05/30 13:30:55.943,0,NVIDIA A100-SXM-64GB,159.58,48124,100
3737,2026-05-30 13:30:55.899091,2026/05/30 13:30:55.945,1,NVIDIA A100-SXM-64GB,185.74,48142,100
3738,2026-05-30 13:30:55.899091,2026/05/30 13:30:55.948,2,NVIDIA A100-SXM-64GB,162.48,48132,100
3739,2026-05-30 13:30:55.899091,2026/05/30 13:30:55.952,3,NVIDIA A100-SXM-64GB,139.05,48106,100
3740,2026-05-30 13:31:00.987963,2026/05/30 13:31:01.038,0,NVIDIA A100-SXM-64GB,183.69,48124,100
3741,2026-05-30 13:31:00.987963,2026/05/30 13:31:01.044,1,NVIDIA A100-SXM-64GB,171.84,48142,100
3742,2026-05-30 13:31:00.987963,2026/05/30 13:31:01.047,2,NVIDIA A100-SXM-64GB,180.85,48132,100
3743,2026-05-30 13:31:00.987963,2026/05/30 13:31:01.053,3,NVIDIA A100-SXM-64GB,162.05,48106,100
3744,2026-05-30 13:31:06.075989,2026/05/30 13:31:06.119,0,NVIDIA A100-SXM-64GB,154.70,48124,100
3745,2026-05-30 13:31:06.075989,2026/05/30 13:31:06.121,1,NVIDIA A100-SXM-64GB,178.01,48142,100
3746,2026-05-30 13:31:06.075989,2026/05/30 13:31:06.124,2,NVIDIA A100-SXM-64GB,141.98,48132,100
3747,2026-05-30 13:31:06.075989,2026/05/30 13:31:06.126,3,NVIDIA A100-SXM-64GB,142.27,48106,100
3748,2026-05-30 13:31:11.162081,2026/05/30 13:31:11.206,0,NVIDIA A100-SXM-64GB,187.44,48124,100
3749,2026-05-30 13:31:11.162081,2026/05/30 13:31:11.208,1,NVIDIA A100-SXM-64GB,172.78,48142,100
3750,2026-05-30 13:31:11.162081,2026/05/30 13:31:11.211,2,NVIDIA A100-SXM-64GB,184.67,48132,100
3751,2026-05-30 13:31:11.162081,2026/05/30 13:31:11.216,3,NVIDIA A100-SXM-64GB,170.96,48106,100
3752,2026-05-30 13:31:16.241075,2026/05/30 13:31:16.284,0,NVIDIA A100-SXM-64GB,145.37,48124,100
3753,2026-05-30 13:31:16.241075,2026/05/30 13:31:16.289,1,NVIDIA A100-SXM-64GB,172.17,48142,100
3754,2026-05-30 13:31:16.241075,2026/05/30 13:31:16.291,2,NVIDIA A100-SXM-64GB,138.77,48132,100
3755,2026-05-30 13:31:16.241075,2026/05/30 13:31:16.297,3,NVIDIA A100-SXM-64GB,142.27,48106,100
3756,2026-05-30 13:31:21.328416,2026/05/30 13:31:21.376,0,NVIDIA A100-SXM-64GB,168.40,48124,100
3757,2026-05-30 13:31:21.328416,2026/05/30 13:31:21.379,1,NVIDIA A100-SXM-64GB,190.02,48142,100
3758,2026-05-30 13:31:21.328416,2026/05/30 13:31:21.382,2,NVIDIA A100-SXM-64GB,191.09,48132,100
3759,2026-05-30 13:31:21.328416,2026/05/30 13:31:21.385,3,NVIDIA A100-SXM-64GB,175.53,48106,100
3760,2026-05-30 13:31:26.419917,2026/05/30 13:31:26.464,0,NVIDIA A100-SXM-64GB,159.14,48124,100
3761,2026-05-30 13:31:26.419917,2026/05/30 13:31:26.466,1,NVIDIA A100-SXM-64GB,187.80,48142,100
3762,2026-05-30 13:31:26.419917,2026/05/30 13:31:26.469,2,NVIDIA A100-SXM-64GB,146.14,48132,100
3763,2026-05-30 13:31:26.419917,2026/05/30 13:31:26.474,3,NVIDIA A100-SXM-64GB,143.82,48106,100
3764,2026-05-30 13:31:31.510810,2026/05/30 13:31:31.558,0,NVIDIA A100-SXM-64GB,175.74,48124,100
3765,2026-05-30 13:31:31.510810,2026/05/30 13:31:31.561,1,NVIDIA A100-SXM-64GB,176.74,48142,100
3766,2026-05-30 13:31:31.510810,2026/05/30 13:31:31.565,2,NVIDIA A100-SXM-64GB,183.93,48132,100
3767,2026-05-30 13:31:31.510810,2026/05/30 13:31:31.568,3,NVIDIA A100-SXM-64GB,178.61,48106,100
3768,2026-05-30 13:31:36.607527,2026/05/30 13:31:36.655,0,NVIDIA A100-SXM-64GB,142.62,48124,100
3769,2026-05-30 13:31:36.607527,2026/05/30 13:31:36.658,1,NVIDIA A100-SXM-64GB,155.34,48142,100
3770,2026-05-30 13:31:36.607527,2026/05/30 13:31:36.660,2,NVIDIA A100-SXM-64GB,140.31,48132,100
3771,2026-05-30 13:31:36.607527,2026/05/30 13:31:36.663,3,NVIDIA A100-SXM-64GB,137.98,48106,100
3772,2026-05-30 13:31:41.697043,2026/05/30 13:31:41.744,0,NVIDIA A100-SXM-64GB,176.35,48124,100
3773,2026-05-30 13:31:41.697043,2026/05/30 13:31:41.747,1,NVIDIA A100-SXM-64GB,178.88,48142,100
3774,2026-05-30 13:31:41.697043,2026/05/30 13:31:41.749,2,NVIDIA A100-SXM-64GB,190.02,48132,100
3775,2026-05-30 13:31:41.697043,2026/05/30 13:31:41.752,3,NVIDIA A100-SXM-64GB,162.21,48106,100
3776,2026-05-30 13:31:46.785958,2026/05/30 13:31:46.830,0,NVIDIA A100-SXM-64GB,145.04,48124,100
3777,2026-05-30 13:31:46.785958,2026/05/30 13:31:46.836,1,NVIDIA A100-SXM-64GB,165.13,48142,100
3778,2026-05-30 13:31:46.785958,2026/05/30 13:31:46.838,2,NVIDIA A100-SXM-64GB,157.60,48132,100
3779,2026-05-30 13:31:46.785958,2026/05/30 13:31:46.841,3,NVIDIA A100-SXM-64GB,142.61,48106,100
3780,2026-05-30 13:31:51.863979,2026/05/30 13:31:51.913,0,NVIDIA A100-SXM-64GB,166.87,48124,100
3781,2026-05-30 13:31:51.863979,2026/05/30 13:31:51.917,1,NVIDIA A100-SXM-64GB,166.50,48142,100
3782,2026-05-30 13:31:51.863979,2026/05/30 13:31:51.919,2,NVIDIA A100-SXM-64GB,163.42,48132,100
3783,2026-05-30 13:31:51.863979,2026/05/30 13:31:51.922,3,NVIDIA A100-SXM-64GB,171.57,48106,100
3784,2026-05-30 13:31:56.961900,2026/05/30 13:31:57.010,0,NVIDIA A100-SXM-64GB,158.97,48124,100
3785,2026-05-30 13:31:56.961900,2026/05/30 13:31:57.013,1,NVIDIA A100-SXM-64GB,171.24,48142,100
3786,2026-05-30 13:31:56.961900,2026/05/30 13:31:57.015,2,NVIDIA A100-SXM-64GB,159.13,48132,100
3787,2026-05-30 13:31:56.961900,2026/05/30 13:31:57.018,3,NVIDIA A100-SXM-64GB,165.74,48106,100
3788,2026-05-30 13:32:02.068273,2026/05/30 13:32:02.115,0,NVIDIA A100-SXM-64GB,180.29,48124,100
3789,2026-05-30 13:32:02.068273,2026/05/30 13:32:02.117,1,NVIDIA A100-SXM-64GB,169.42,48142,100
3790,2026-05-30 13:32:02.068273,2026/05/30 13:32:02.123,2,NVIDIA A100-SXM-64GB,184.25,48132,100
3791,2026-05-30 13:32:02.068273,2026/05/30 13:32:02.127,3,NVIDIA A100-SXM-64GB,163.59,48106,100
3792,2026-05-30 13:32:07.163434,2026/05/30 13:32:07.224,0,NVIDIA A100-SXM-64GB,175.74,48124,100
3793,2026-05-30 13:32:07.163434,2026/05/30 13:32:07.227,1,NVIDIA A100-SXM-64GB,184.86,48142,100
3794,2026-05-30 13:32:07.163434,2026/05/30 13:32:07.230,2,NVIDIA A100-SXM-64GB,148.14,48132,100
3795,2026-05-30 13:32:07.163434,2026/05/30 13:32:07.232,3,NVIDIA A100-SXM-64GB,157.49,48106,100
3796,2026-05-30 13:32:12.280976,2026/05/30 13:32:12.329,0,NVIDIA A100-SXM-64GB,172.67,48124,100
3797,2026-05-30 13:32:12.280976,2026/05/30 13:32:12.332,1,NVIDIA A100-SXM-64GB,194.32,48142,100
3798,2026-05-30 13:32:12.280976,2026/05/30 13:32:12.334,2,NVIDIA A100-SXM-64GB,182.71,48132,100
3799,2026-05-30 13:32:12.280976,2026/05/30 13:32:12.340,3,NVIDIA A100-SXM-64GB,172.44,48106,100
3800,2026-05-30 13:32:17.376094,2026/05/30 13:32:17.424,0,NVIDIA A100-SXM-64GB,149.97,48124,100
3801,2026-05-30 13:32:17.376094,2026/05/30 13:32:17.426,1,NVIDIA A100-SXM-64GB,165.13,48142,100
3802,2026-05-30 13:32:17.376094,2026/05/30 13:32:17.432,2,NVIDIA A100-SXM-64GB,165.13,48132,100
3803,2026-05-30 13:32:17.376094,2026/05/30 13:32:17.435,3,NVIDIA A100-SXM-64GB,158.25,48106,100
3804,2026-05-30 13:32:22.485041,2026/05/30 13:32:22.532,0,NVIDIA A100-SXM-64GB,173.79,48124,100
3805,2026-05-30 13:32:22.485041,2026/05/30 13:32:22.535,1,NVIDIA A100-SXM-64GB,169.42,48142,100
3806,2026-05-30 13:32:22.485041,2026/05/30 13:32:22.537,2,NVIDIA A100-SXM-64GB,182.11,48132,100
3807,2026-05-30 13:32:22.485041,2026/05/30 13:32:22.540,3,NVIDIA A100-SXM-64GB,162.21,48106,100
3808,2026-05-30 13:32:27.585613,2026/05/30 13:32:27.629,0,NVIDIA A100-SXM-64GB,170.43,48124,100
3809,2026-05-30 13:32:27.585613,2026/05/30 13:32:27.635,1,NVIDIA A100-SXM-64GB,175.53,48142,100
3810,2026-05-30 13:32:27.585613,2026/05/30 13:32:27.637,2,NVIDIA A100-SXM-64GB,143.06,48132,100
3811,2026-05-30 13:32:27.585613,2026/05/30 13:32:27.640,3,NVIDIA A100-SXM-64GB,157.31,48106,100
3812,2026-05-30 13:32:32.678284,2026/05/30 13:32:32.722,0,NVIDIA A100-SXM-64GB,167.36,48124,100
3813,2026-05-30 13:32:32.678284,2026/05/30 13:32:32.726,1,NVIDIA A100-SXM-64GB,184.72,48142,100
3814,2026-05-30 13:32:32.678284,2026/05/30 13:32:32.728,2,NVIDIA A100-SXM-64GB,174.41,48132,100
3815,2026-05-30 13:32:32.678284,2026/05/30 13:32:32.731,3,NVIDIA A100-SXM-64GB,168.99,48106,100
3816,2026-05-30 13:32:37.771617,2026/05/30 13:32:37.830,0,NVIDIA A100-SXM-64GB,165.83,48124,100
3817,2026-05-30 13:32:37.771617,2026/05/30 13:32:37.835,1,NVIDIA A100-SXM-64GB,170.30,48142,100
3818,2026-05-30 13:32:37.771617,2026/05/30 13:32:37.837,2,NVIDIA A100-SXM-64GB,178.01,48132,100
3819,2026-05-30 13:32:37.771617,2026/05/30 13:32:37.840,3,NVIDIA A100-SXM-64GB,144.75,48106,100
3820,2026-05-30 13:32:42.901106,2026/05/30 13:32:42.950,0,NVIDIA A100-SXM-64GB,147.18,48124,100
3821,2026-05-30 13:32:42.901106,2026/05/30 13:32:42.955,1,NVIDIA A100-SXM-64GB,151.65,48142,98
3822,2026-05-30 13:32:42.901106,2026/05/30 13:32:42.957,2,NVIDIA A100-SXM-64GB,149.62,48132,98
3823,2026-05-30 13:32:42.901106,2026/05/30 13:32:42.960,3,NVIDIA A100-SXM-64GB,145.64,48106,100
3824,2026-05-30 13:32:47.996012,2026/05/30 13:32:48.040,0,NVIDIA A100-SXM-64GB,233.72,48124,100
3825,2026-05-30 13:32:47.996012,2026/05/30 13:32:48.042,1,NVIDIA A100-SXM-64GB,200.68,48142,100
3826,2026-05-30 13:32:47.996012,2026/05/30 13:32:48.045,2,NVIDIA A100-SXM-64GB,235.04,48132,100
3827,2026-05-30 13:32:47.996012,2026/05/30 13:32:48.047,3,NVIDIA A100-SXM-64GB,208.20,48106,100
3828,2026-05-30 13:32:53.070713,2026/05/30 13:32:53.129,0,NVIDIA A100-SXM-64GB,139.28,48124,100
3829,2026-05-30 13:32:53.070713,2026/05/30 13:32:53.132,1,NVIDIA A100-SXM-64GB,140.46,48142,98
3830,2026-05-30 13:32:53.070713,2026/05/30 13:32:53.134,2,NVIDIA A100-SXM-64GB,140.92,48132,98
3831,2026-05-30 13:32:53.070713,2026/05/30 13:32:53.137,3,NVIDIA A100-SXM-64GB,132.47,48106,100
3832,2026-05-30 13:32:58.174619,2026/05/30 13:32:58.219,0,NVIDIA A100-SXM-64GB,146.75,48124,99
3833,2026-05-30 13:32:58.174619,2026/05/30 13:32:58.221,1,NVIDIA A100-SXM-64GB,150.11,48142,100
3834,2026-05-30 13:32:58.174619,2026/05/30 13:32:58.224,2,NVIDIA A100-SXM-64GB,149.95,48132,100
3835,2026-05-30 13:32:58.174619,2026/05/30 13:32:58.226,3,NVIDIA A100-SXM-64GB,142.00,48106,99
3836,2026-05-30 13:33:03.263223,2026/05/30 13:33:03.310,0,NVIDIA A100-SXM-64GB,154.97,48124,100
3837,2026-05-30 13:33:03.263223,2026/05/30 13:33:03.312,1,NVIDIA A100-SXM-64GB,163.75,48142,100
3838,2026-05-30 13:33:03.263223,2026/05/30 13:33:03.315,2,NVIDIA A100-SXM-64GB,164.96,48132,100
3839,2026-05-30 13:33:03.263223,2026/05/30 13:33:03.317,3,NVIDIA A100-SXM-64GB,169.09,48106,100
3840,2026-05-30 13:33:08.341082,2026/05/30 13:33:08.398,0,NVIDIA A100-SXM-64GB,149.04,48124,100
3841,2026-05-30 13:33:08.341082,2026/05/30 13:33:08.400,1,NVIDIA A100-SXM-64GB,148.12,48142,100
3842,2026-05-30 13:33:08.341082,2026/05/30 13:33:08.403,2,NVIDIA A100-SXM-64GB,148.29,48132,100
3843,2026-05-30 13:33:08.341082,2026/05/30 13:33:08.406,3,NVIDIA A100-SXM-64GB,138.91,48106,100
3844,2026-05-30 13:33:13.453496,2026/05/30 13:33:13.501,0,NVIDIA A100-SXM-64GB,171.32,48124,100
3845,2026-05-30 13:33:13.453496,2026/05/30 13:33:13.504,1,NVIDIA A100-SXM-64GB,176.74,48142,100
3846,2026-05-30 13:33:13.453496,2026/05/30 13:33:13.506,2,NVIDIA A100-SXM-64GB,174.74,48132,100
3847,2026-05-30 13:33:13.453496,2026/05/30 13:33:13.509,3,NVIDIA A100-SXM-64GB,185.32,48106,100
3848,2026-05-30 13:33:18.548227,2026/05/30 13:33:18.598,0,NVIDIA A100-SXM-64GB,88.35,48124,21
3849,2026-05-30 13:33:18.548227,2026/05/30 13:33:18.601,1,NVIDIA A100-SXM-64GB,87.69,48142,0
3850,2026-05-30 13:33:18.548227,2026/05/30 13:33:18.603,2,NVIDIA A100-SXM-64GB,88.62,48132,0
3851,2026-05-30 13:33:18.548227,2026/05/30 13:33:18.605,3,NVIDIA A100-SXM-64GB,124.33,48106,30
3852,2026-05-30 13:33:23.629528,2026/05/30 13:33:23.672,0,NVIDIA A100-SXM-64GB,174.06,48124,100
3853,2026-05-30 13:33:23.629528,2026/05/30 13:33:23.675,1,NVIDIA A100-SXM-64GB,181.03,48142,100
3854,2026-05-30 13:33:23.629528,2026/05/30 13:33:23.679,2,NVIDIA A100-SXM-64GB,165.13,48132,100
3855,2026-05-30 13:33:23.629528,2026/05/30 13:33:23.682,3,NVIDIA A100-SXM-64GB,132.47,48106,98
3856,2026-05-30 13:33:28.730342,2026/05/30 13:33:28.774,0,NVIDIA A100-SXM-64GB,144.28,48124,100
3857,2026-05-30 13:33:28.730342,2026/05/30 13:33:28.777,1,NVIDIA A100-SXM-64GB,136.02,48142,98
3858,2026-05-30 13:33:28.730342,2026/05/30 13:33:28.781,2,NVIDIA A100-SXM-64GB,142.32,48132,97
3859,2026-05-30 13:33:28.730342,2026/05/30 13:33:28.783,3,NVIDIA A100-SXM-64GB,142.00,48106,97
3860,2026-05-30 13:33:33.821130,2026/05/30 13:33:33.880,0,NVIDIA A100-SXM-64GB,186.70,48124,100
3861,2026-05-30 13:33:33.821130,2026/05/30 13:33:33.883,1,NVIDIA A100-SXM-64GB,177.49,48142,100
3862,2026-05-30 13:33:33.821130,2026/05/30 13:33:33.886,2,NVIDIA A100-SXM-64GB,187.27,48132,100
3863,2026-05-30 13:33:33.821130,2026/05/30 13:33:33.888,3,NVIDIA A100-SXM-64GB,191.77,48106,100
3864,2026-05-30 13:33:38.936619,2026/05/30 13:33:38.996,0,NVIDIA A100-SXM-64GB,229.49,48124,100
3865,2026-05-30 13:33:38.936619,2026/05/30 13:33:38.998,1,NVIDIA A100-SXM-64GB,225.26,48142,100
3866,2026-05-30 13:33:38.936619,2026/05/30 13:33:39.003,2,NVIDIA A100-SXM-64GB,229.59,48132,100
3867,2026-05-30 13:33:38.936619,2026/05/30 13:33:39.006,3,NVIDIA A100-SXM-64GB,151.32,48106,100
3868,2026-05-30 13:33:44.029351,2026/05/30 13:33:44.073,0,NVIDIA A100-SXM-64GB,149.49,48124,98
3869,2026-05-30 13:33:44.029351,2026/05/30 13:33:44.075,1,NVIDIA A100-SXM-64GB,155.61,48142,98
3870,2026-05-30 13:33:44.029351,2026/05/30 13:33:44.078,2,NVIDIA A100-SXM-64GB,147.20,48132,98
3871,2026-05-30 13:33:44.029351,2026/05/30 13:33:44.080,3,NVIDIA A100-SXM-64GB,137.70,48106,100
3872,2026-05-30 13:33:49.103965,2026/05/30 13:33:49.159,0,NVIDIA A100-SXM-64GB,134.40,48124,97
3873,2026-05-30 13:33:49.103965,2026/05/30 13:33:49.161,1,NVIDIA A100-SXM-64GB,138.77,48142,100
3874,2026-05-30 13:33:49.103965,2026/05/30 13:33:49.164,2,NVIDIA A100-SXM-64GB,131.73,48132,100
3875,2026-05-30 13:33:49.103965,2026/05/30 13:33:49.167,3,NVIDIA A100-SXM-64GB,141.34,48106,97
3876,2026-05-30 13:33:54.190528,2026/05/30 13:33:54.234,0,NVIDIA A100-SXM-64GB,143.68,48124,100
3877,2026-05-30 13:33:54.190528,2026/05/30 13:33:54.236,1,NVIDIA A100-SXM-64GB,148.29,48142,100
3878,2026-05-30 13:33:54.190528,2026/05/30 13:33:54.239,2,NVIDIA A100-SXM-64GB,149.02,48132,98
3879,2026-05-30 13:33:54.190528,2026/05/30 13:33:54.242,3,NVIDIA A100-SXM-64GB,143.67,48106,100
3880,2026-05-30 13:33:59.265323,2026/05/30 13:33:59.321,0,NVIDIA A100-SXM-64GB,173.28,48124,100
3881,2026-05-30 13:33:59.265323,2026/05/30 13:33:59.323,1,NVIDIA A100-SXM-64GB,135.42,48142,98
3882,2026-05-30 13:33:59.265323,2026/05/30 13:33:59.327,2,NVIDIA A100-SXM-64GB,131.12,48132,97
3883,2026-05-30 13:33:59.265323,2026/05/30 13:33:59.329,3,NVIDIA A100-SXM-64GB,131.54,48106,100
3884,2026-05-30 13:34:04.354914,2026/05/30 13:34:04.399,0,NVIDIA A100-SXM-64GB,137.61,48124,98
3885,2026-05-30 13:34:04.354914,2026/05/30 13:34:04.401,1,NVIDIA A100-SXM-64GB,148.90,48142,98
3886,2026-05-30 13:34:04.354914,2026/05/30 13:34:04.406,2,NVIDIA A100-SXM-64GB,141.71,48132,98
3887,2026-05-30 13:34:04.354914,2026/05/30 13:34:04.409,3,NVIDIA A100-SXM-64GB,141.52,48106,98
3888,2026-05-30 13:34:09.450614,2026/05/30 13:34:09.495,0,NVIDIA A100-SXM-64GB,221.87,48124,97
3889,2026-05-30 13:34:09.450614,2026/05/30 13:34:09.498,1,NVIDIA A100-SXM-64GB,211.79,48142,100
3890,2026-05-30 13:34:09.450614,2026/05/30 13:34:09.501,2,NVIDIA A100-SXM-64GB,205.16,48132,100
3891,2026-05-30 13:34:09.450614,2026/05/30 13:34:09.506,3,NVIDIA A100-SXM-64GB,135.83,48106,97
3892,2026-05-30 13:34:14.529923,2026/05/30 13:34:14.575,0,NVIDIA A100-SXM-64GB,141.88,48124,98
3893,2026-05-30 13:34:14.529923,2026/05/30 13:34:14.578,1,NVIDIA A100-SXM-64GB,142.13,48142,100
3894,2026-05-30 13:34:14.529923,2026/05/30 13:34:14.580,2,NVIDIA A100-SXM-64GB,144.46,48132,98
3895,2026-05-30 13:34:14.529923,2026/05/30 13:34:14.583,3,NVIDIA A100-SXM-64GB,143.34,48106,98
3896,2026-05-30 13:34:19.606981,2026/05/30 13:34:19.651,0,NVIDIA A100-SXM-64GB,153.32,48124,100
3897,2026-05-30 13:34:19.606981,2026/05/30 13:34:19.653,1,NVIDIA A100-SXM-64GB,166.34,48142,100
3898,2026-05-30 13:34:19.606981,2026/05/30 13:34:19.659,2,NVIDIA A100-SXM-64GB,155.45,48132,100
3899,2026-05-30 13:34:19.606981,2026/05/30 13:34:19.661,3,NVIDIA A100-SXM-64GB,138.59,48106,100
3900,2026-05-30 13:34:24.685504,2026/05/30 13:34:24.738,0,NVIDIA A100-SXM-64GB,173.00,48124,100
3901,2026-05-30 13:34:24.685504,2026/05/30 13:34:24.743,1,NVIDIA A100-SXM-64GB,132.00,48142,100
3902,2026-05-30 13:34:24.685504,2026/05/30 13:34:24.745,2,NVIDIA A100-SXM-64GB,131.60,48132,100
3903,2026-05-30 13:34:24.685504,2026/05/30 13:34:24.748,3,NVIDIA A100-SXM-64GB,145.96,48106,100
3904,2026-05-30 13:34:29.774375,2026/05/30 13:34:29.830,0,NVIDIA A100-SXM-64GB,171.47,48124,100
3905,2026-05-30 13:34:29.774375,2026/05/30 13:34:29.833,1,NVIDIA A100-SXM-64GB,158.69,48142,100
3906,2026-05-30 13:34:29.774375,2026/05/30 13:34:29.836,2,NVIDIA A100-SXM-64GB,161.27,48132,100
3907,2026-05-30 13:34:29.774375,2026/05/30 13:34:29.838,3,NVIDIA A100-SXM-64GB,167.11,48106,100
3908,2026-05-30 13:34:34.878614,2026/05/30 13:34:34.922,0,NVIDIA A100-SXM-64GB,183.36,48124,98
3909,2026-05-30 13:34:34.878614,2026/05/30 13:34:34.926,1,NVIDIA A100-SXM-64GB,130.19,48142,100
3910,2026-05-30 13:34:34.878614,2026/05/30 13:34:34.929,2,NVIDIA A100-SXM-64GB,134.67,48132,100
3911,2026-05-30 13:34:34.878614,2026/05/30 13:34:34.932,3,NVIDIA A100-SXM-64GB,153.47,48106,100
3912,2026-05-30 13:34:39.962833,2026/05/30 13:34:40.007,0,NVIDIA A100-SXM-64GB,163.25,48124,100
3913,2026-05-30 13:34:39.962833,2026/05/30 13:34:40.009,1,NVIDIA A100-SXM-64GB,153.31,48142,100
3914,2026-05-30 13:34:39.962833,2026/05/30 13:34:40.012,2,NVIDIA A100-SXM-64GB,137.09,48132,100
3915,2026-05-30 13:34:39.962833,2026/05/30 13:34:40.014,3,NVIDIA A100-SXM-64GB,146.29,48106,100
3916,2026-05-30 13:34:45.038843,2026/05/30 13:34:45.087,0,NVIDIA A100-SXM-64GB,173.28,48124,100
3917,2026-05-30 13:34:45.038843,2026/05/30 13:34:45.090,1,NVIDIA A100-SXM-64GB,182.99,48142,100
3918,2026-05-30 13:34:45.038843,2026/05/30 13:34:45.092,2,NVIDIA A100-SXM-64GB,157.93,48132,100
3919,2026-05-30 13:34:45.038843,2026/05/30 13:34:45.095,3,NVIDIA A100-SXM-64GB,167.28,48106,100
3920,2026-05-30 13:34:50.118384,2026/05/30 13:34:50.162,0,NVIDIA A100-SXM-64GB,151.30,48124,100
3921,2026-05-30 13:34:50.118384,2026/05/30 13:34:50.166,1,NVIDIA A100-SXM-64GB,167.55,48142,100
3922,2026-05-30 13:34:50.118384,2026/05/30 13:34:50.168,2,NVIDIA A100-SXM-64GB,172.93,48132,100
3923,2026-05-30 13:34:50.118384,2026/05/30 13:34:50.172,3,NVIDIA A100-SXM-64GB,141.85,48106,100
3924,2026-05-30 13:34:55.220617,2026/05/30 13:34:55.267,0,NVIDIA A100-SXM-64GB,166.26,48124,100
3925,2026-05-30 13:34:55.220617,2026/05/30 13:34:55.269,1,NVIDIA A100-SXM-64GB,187.88,48142,100
3926,2026-05-30 13:34:55.220617,2026/05/30 13:34:55.272,2,NVIDIA A100-SXM-64GB,162.21,48132,100
3927,2026-05-30 13:34:55.220617,2026/05/30 13:34:55.274,3,NVIDIA A100-SXM-64GB,170.63,48106,100
3928,2026-05-30 13:35:00.298348,2026/05/30 13:35:00.347,0,NVIDIA A100-SXM-64GB,152.39,48124,100
3929,2026-05-30 13:35:00.298348,2026/05/30 13:35:00.350,1,NVIDIA A100-SXM-64GB,166.01,48142,100
3930,2026-05-30 13:35:00.298348,2026/05/30 13:35:00.352,2,NVIDIA A100-SXM-64GB,180.85,48132,100
3931,2026-05-30 13:35:00.298348,2026/05/30 13:35:00.355,3,NVIDIA A100-SXM-64GB,145.03,48106,100
3932,2026-05-30 13:35:05.391074,2026/05/30 13:35:05.438,0,NVIDIA A100-SXM-64GB,177.88,48124,100
3933,2026-05-30 13:35:05.391074,2026/05/30 13:35:05.441,1,NVIDIA A100-SXM-64GB,178.61,48142,100
3934,2026-05-30 13:35:05.391074,2026/05/30 13:35:05.445,2,NVIDIA A100-SXM-64GB,188.54,48132,100
3935,2026-05-30 13:35:05.391074,2026/05/30 13:35:05.448,3,NVIDIA A100-SXM-64GB,164.70,48106,100
3936,2026-05-30 13:35:10.490938,2026/05/30 13:35:10.535,0,NVIDIA A100-SXM-64GB,152.06,48124,100
3937,2026-05-30 13:35:10.490938,2026/05/30 13:35:10.537,1,NVIDIA A100-SXM-64GB,159.90,48142,100
3938,2026-05-30 13:35:10.490938,2026/05/30 13:35:10.540,2,NVIDIA A100-SXM-64GB,180.24,48132,100
3939,2026-05-30 13:35:10.490938,2026/05/30 13:35:10.542,3,NVIDIA A100-SXM-64GB,146.57,48106,100
3940,2026-05-30 13:35:15.579439,2026/05/30 13:35:15.632,0,NVIDIA A100-SXM-64GB,147.18,48124,98
3941,2026-05-30 13:35:15.579439,2026/05/30 13:35:15.634,1,NVIDIA A100-SXM-64GB,146.14,48142,100
3942,2026-05-30 13:35:15.579439,2026/05/30 13:35:15.637,2,NVIDIA A100-SXM-64GB,132.94,48132,100
3943,2026-05-30 13:35:15.579439,2026/05/30 13:35:15.640,3,NVIDIA A100-SXM-64GB,136.76,48106,100
3944,2026-05-30 13:35:20.664955,2026/05/30 13:35:20.708,0,NVIDIA A100-SXM-64GB,159.41,48124,100
3945,2026-05-30 13:35:20.664955,2026/05/30 13:35:20.714,1,NVIDIA A100-SXM-64GB,164.53,48142,100
3946,2026-05-30 13:35:20.664955,2026/05/30 13:35:20.716,2,NVIDIA A100-SXM-64GB,157.49,48132,100
3947,2026-05-30 13:35:20.664955,2026/05/30 13:35:20.719,3,NVIDIA A100-SXM-64GB,159.79,48106,100
3948,2026-05-30 13:35:25.756051,2026/05/30 13:35:25.804,0,NVIDIA A100-SXM-64GB,190.78,48124,100
3949,2026-05-30 13:35:25.756051,2026/05/30 13:35:25.806,1,NVIDIA A100-SXM-64GB,192.50,48142,100
3950,2026-05-30 13:35:25.756051,2026/05/30 13:35:25.809,2,NVIDIA A100-SXM-64GB,163.75,48132,100
3951,2026-05-30 13:35:25.756051,2026/05/30 13:35:25.811,3,NVIDIA A100-SXM-64GB,144.28,48106,100
3952,2026-05-30 13:35:30.836889,2026/05/30 13:35:30.899,0,NVIDIA A100-SXM-64GB,163.52,48124,100
3953,2026-05-30 13:35:30.836889,2026/05/30 13:35:30.901,1,NVIDIA A100-SXM-64GB,165.40,48142,100
3954,2026-05-30 13:35:30.836889,2026/05/30 13:35:30.916,2,NVIDIA A100-SXM-64GB,175.68,48132,100
3955,2026-05-30 13:35:30.836889,2026/05/30 13:35:30.919,3,NVIDIA A100-SXM-64GB,142.88,48106,100
3956,2026-05-30 13:35:35.963622,2026/05/30 13:35:36.012,0,NVIDIA A100-SXM-64GB,139.55,48124,98
3957,2026-05-30 13:35:35.963622,2026/05/30 13:35:36.017,1,NVIDIA A100-SXM-64GB,142.13,48142,98
3958,2026-05-30 13:35:35.963622,2026/05/30 13:35:36.022,2,NVIDIA A100-SXM-64GB,147.81,48132,98
3959,2026-05-30 13:35:35.963622,2026/05/30 13:35:36.024,3,NVIDIA A100-SXM-64GB,143.21,48106,98
3960,2026-05-30 13:35:41.049218,2026/05/30 13:35:41.092,0,NVIDIA A100-SXM-64GB,134.07,48124,100
3961,2026-05-30 13:35:41.049218,2026/05/30 13:35:41.098,1,NVIDIA A100-SXM-64GB,157.76,48142,98
3962,2026-05-30 13:35:41.049218,2026/05/30 13:35:41.102,2,NVIDIA A100-SXM-64GB,139.38,48132,98
3963,2026-05-30 13:35:41.049218,2026/05/30 13:35:41.106,3,NVIDIA A100-SXM-64GB,154.55,48106,100
3964,2026-05-30 13:35:46.133511,2026/05/30 13:35:46.176,0,NVIDIA A100-SXM-64GB,146.90,48124,98
3965,2026-05-30 13:35:46.133511,2026/05/30 13:35:46.180,1,NVIDIA A100-SXM-64GB,147.18,48142,98
3966,2026-05-30 13:35:46.133511,2026/05/30 13:35:46.182,2,NVIDIA A100-SXM-64GB,142.74,48132,98
3967,2026-05-30 13:35:46.133511,2026/05/30 13:35:46.185,3,NVIDIA A100-SXM-64GB,144.42,48106,98
3968,2026-05-30 13:35:51.209305,2026/05/30 13:35:51.254,0,NVIDIA A100-SXM-64GB,143.56,48124,100
3969,2026-05-30 13:35:51.209305,2026/05/30 13:35:51.259,1,NVIDIA A100-SXM-64GB,147.18,48142,97
3970,2026-05-30 13:35:51.209305,2026/05/30 13:35:51.263,2,NVIDIA A100-SXM-64GB,142.13,48132,97
3971,2026-05-30 13:35:51.209305,2026/05/30 13:35:51.265,3,NVIDIA A100-SXM-64GB,119.31,48106,97
3972,2026-05-30 13:35:56.302626,2026/05/30 13:35:56.350,0,NVIDIA A100-SXM-64GB,184.76,48124,100
3973,2026-05-30 13:35:56.302626,2026/05/30 13:35:56.353,1,NVIDIA A100-SXM-64GB,182.90,48142,100
3974,2026-05-30 13:35:56.302626,2026/05/30 13:35:56.355,2,NVIDIA A100-SXM-64GB,173.71,48132,100
3975,2026-05-30 13:35:56.302626,2026/05/30 13:35:56.358,3,NVIDIA A100-SXM-64GB,187.66,48106,100
3976,2026-05-30 13:36:01.382699,2026/05/30 13:36:01.430,0,NVIDIA A100-SXM-64GB,149.04,48124,100
3977,2026-05-30 13:36:01.382699,2026/05/30 13:36:01.433,1,NVIDIA A100-SXM-64GB,149.18,48142,100
3978,2026-05-30 13:36:01.382699,2026/05/30 13:36:01.436,2,NVIDIA A100-SXM-64GB,149.50,48132,100
3979,2026-05-30 13:36:01.382699,2026/05/30 13:36:01.438,3,NVIDIA A100-SXM-64GB,146.11,48106,100
3980,2026-05-30 13:36:06.475310,2026/05/30 13:36:06.535,0,NVIDIA A100-SXM-64GB,154.20,48124,100
3981,2026-05-30 13:36:06.475310,2026/05/30 13:36:06.540,1,NVIDIA A100-SXM-64GB,183.51,48142,100
3982,2026-05-30 13:36:06.475310,2026/05/30 13:36:06.543,2,NVIDIA A100-SXM-64GB,180.43,48132,100
3983,2026-05-30 13:36:06.475310,2026/05/30 13:36:06.545,3,NVIDIA A100-SXM-64GB,166.51,48106,100
3984,2026-05-30 13:36:11.595045,2026/05/30 13:36:11.639,0,NVIDIA A100-SXM-64GB,147.18,48124,96
3985,2026-05-30 13:36:11.595045,2026/05/30 13:36:11.641,1,NVIDIA A100-SXM-64GB,149.78,48142,96
3986,2026-05-30 13:36:11.595045,2026/05/30 13:36:11.644,2,NVIDIA A100-SXM-64GB,126.50,48132,98
3987,2026-05-30 13:36:11.595045,2026/05/30 13:36:11.646,3,NVIDIA A100-SXM-64GB,132.80,48106,97
3988,2026-05-30 13:36:16.682618,2026/05/30 13:36:16.727,0,NVIDIA A100-SXM-64GB,129.99,48124,98
3989,2026-05-30 13:36:16.682618,2026/05/30 13:36:16.729,1,NVIDIA A100-SXM-64GB,140.92,48142,98
3990,2026-05-30 13:36:16.682618,2026/05/30 13:36:16.732,2,NVIDIA A100-SXM-64GB,135.88,48132,98
3991,2026-05-30 13:36:16.682618,2026/05/30 13:36:16.736,3,NVIDIA A100-SXM-64GB,134.29,48106,100
3992,2026-05-30 13:36:21.760688,2026/05/30 13:36:21.809,0,NVIDIA A100-SXM-64GB,149.32,48124,100
3993,2026-05-30 13:36:21.760688,2026/05/30 13:36:21.812,1,NVIDIA A100-SXM-64GB,170.96,48142,100
3994,2026-05-30 13:36:21.760688,2026/05/30 13:36:21.814,2,NVIDIA A100-SXM-64GB,156.82,48132,100
3995,2026-05-30 13:36:21.760688,2026/05/30 13:36:21.817,3,NVIDIA A100-SXM-64GB,160.06,48106,100
3996,2026-05-30 13:36:26.854159,2026/05/30 13:36:26.897,0,NVIDIA A100-SXM-64GB,147.18,48124,100
3997,2026-05-30 13:36:26.854159,2026/05/30 13:36:26.900,1,NVIDIA A100-SXM-64GB,189.15,48142,100
3998,2026-05-30 13:36:26.854159,2026/05/30 13:36:26.905,2,NVIDIA A100-SXM-64GB,183.32,48132,100
3999,2026-05-30 13:36:26.854159,2026/05/30 13:36:26.907,3,NVIDIA A100-SXM-64GB,156.82,48106,98
4000,2026-05-30 13:36:31.933201,2026/05/30 13:36:31.981,0,NVIDIA A100-SXM-64GB,150.25,48124,100
4001,2026-05-30 13:36:31.933201,2026/05/30 13:36:31.984,1,NVIDIA A100-SXM-64GB,154.07,48142,100
4002,2026-05-30 13:36:31.933201,2026/05/30 13:36:31.986,2,NVIDIA A100-SXM-64GB,174.14,48132,100
4003,2026-05-30 13:36:31.933201,2026/05/30 13:36:31.989,3,NVIDIA A100-SXM-64GB,172.44,48106,100
4004,2026-05-30 13:36:37.025068,2026/05/30 13:36:37.065,0,NVIDIA A100-SXM-64GB,183.36,48124,100
4005,2026-05-30 13:36:37.025068,2026/05/30 13:36:37.067,1,NVIDIA A100-SXM-64GB,172.78,48142,100
4006,2026-05-30 13:36:37.025068,2026/05/30 13:36:37.070,2,NVIDIA A100-SXM-64GB,204.76,48132,98
4007,2026-05-30 13:36:37.025068,2026/05/30 13:36:37.075,3,NVIDIA A100-SXM-64GB,159.13,48106,100
4008,2026-05-30 13:36:42.099928,2026/05/30 13:36:42.144,0,NVIDIA A100-SXM-64GB,169.33,48124,100
4009,2026-05-30 13:36:42.099928,2026/05/30 13:36:42.146,1,NVIDIA A100-SXM-64GB,141.85,48142,100
4010,2026-05-30 13:36:42.099928,2026/05/30 13:36:42.149,2,NVIDIA A100-SXM-64GB,158.53,48132,100
4011,2026-05-30 13:36:42.099928,2026/05/30 13:36:42.151,3,NVIDIA A100-SXM-64GB,154.40,48106,100
4012,2026-05-30 13:36:47.176532,2026/05/30 13:36:47.220,0,NVIDIA A100-SXM-64GB,167.80,48124,100
4013,2026-05-30 13:36:47.176532,2026/05/30 13:36:47.222,1,NVIDIA A100-SXM-64GB,169.09,48142,100
4014,2026-05-30 13:36:47.176532,2026/05/30 13:36:47.225,2,NVIDIA A100-SXM-64GB,174.14,48132,100
4015,2026-05-30 13:36:47.176532,2026/05/30 13:36:47.227,3,NVIDIA A100-SXM-64GB,178.61,48106,100
4016,2026-05-30 13:36:52.263899,2026/05/30 13:36:52.308,0,NVIDIA A100-SXM-64GB,143.09,48124,100
4017,2026-05-30 13:36:52.263899,2026/05/30 13:36:52.313,1,NVIDIA A100-SXM-64GB,163.42,48142,100
4018,2026-05-30 13:36:52.263899,2026/05/30 13:36:52.316,2,NVIDIA A100-SXM-64GB,162.65,48132,100
4019,2026-05-30 13:36:52.263899,2026/05/30 13:36:52.318,3,NVIDIA A100-SXM-64GB,173.99,48106,100
4020,2026-05-30 13:36:57.355527,2026/05/30 13:36:57.400,0,NVIDIA A100-SXM-64GB,168.40,48124,100
4021,2026-05-30 13:36:57.355527,2026/05/30 13:36:57.403,1,NVIDIA A100-SXM-64GB,192.50,48142,100
4022,2026-05-30 13:36:57.355527,2026/05/30 13:36:57.405,2,NVIDIA A100-SXM-64GB,184.06,48132,100
4023,2026-05-30 13:36:57.355527,2026/05/30 13:36:57.408,3,NVIDIA A100-SXM-64GB,179.21,48106,100
4024,2026-05-30 13:37:02.442240,2026/05/30 13:37:02.500,0,NVIDIA A100-SXM-64GB,146.75,48124,100
4025,2026-05-30 13:37:02.442240,2026/05/30 13:37:02.503,1,NVIDIA A100-SXM-64GB,178.61,48142,100
4026,2026-05-30 13:37:02.442240,2026/05/30 13:37:02.508,2,NVIDIA A100-SXM-64GB,155.18,48132,100
4027,2026-05-30 13:37:02.442240,2026/05/30 13:37:02.510,3,NVIDIA A100-SXM-64GB,138.45,48106,100
4028,2026-05-30 13:37:07.535224,2026/05/30 13:37:07.583,0,NVIDIA A100-SXM-64GB,167.19,48124,100
4029,2026-05-30 13:37:07.535224,2026/05/30 13:37:07.585,1,NVIDIA A100-SXM-64GB,130.52,48142,98
4030,2026-05-30 13:37:07.535224,2026/05/30 13:37:07.589,2,NVIDIA A100-SXM-64GB,136.16,48132,100
4031,2026-05-30 13:37:07.535224,2026/05/30 13:37:07.592,3,NVIDIA A100-SXM-64GB,126.03,48106,100
4032,2026-05-30 13:37:12.616663,2026/05/30 13:37:12.669,0,NVIDIA A100-SXM-64GB,171.14,48124,100
4033,2026-05-30 13:37:12.616663,2026/05/30 13:37:12.672,1,NVIDIA A100-SXM-64GB,162.38,48142,100
4034,2026-05-30 13:37:12.616663,2026/05/30 13:37:12.674,2,NVIDIA A100-SXM-64GB,147.63,48132,100
4035,2026-05-30 13:37:12.616663,2026/05/30 13:37:12.680,3,NVIDIA A100-SXM-64GB,151.80,48106,100
4036,2026-05-30 13:37:17.720804,2026/05/30 13:37:17.764,0,NVIDIA A100-SXM-64GB,184.57,48124,100
4037,2026-05-30 13:37:17.720804,2026/05/30 13:37:17.767,1,NVIDIA A100-SXM-64GB,195.45,48142,100
4038,2026-05-30 13:37:17.720804,2026/05/30 13:37:17.771,2,NVIDIA A100-SXM-64GB,172.78,48132,100
4039,2026-05-30 13:37:17.720804,2026/05/30 13:37:17.773,3,NVIDIA A100-SXM-64GB,163.76,48106,100
4040,2026-05-30 13:37:22.800528,2026/05/30 13:37:22.849,0,NVIDIA A100-SXM-64GB,151.79,48124,100
4041,2026-05-30 13:37:22.800528,2026/05/30 13:37:22.853,1,NVIDIA A100-SXM-64GB,160.51,48142,100
4042,2026-05-30 13:37:22.800528,2026/05/30 13:37:22.855,2,NVIDIA A100-SXM-64GB,147.03,48132,99
4043,2026-05-30 13:37:22.800528,2026/05/30 13:37:22.859,3,NVIDIA A100-SXM-64GB,163.76,48106,100
4044,2026-05-30 13:37:27.883305,2026/05/30 13:37:27.930,0,NVIDIA A100-SXM-64GB,144.77,48124,100
4045,2026-05-30 13:37:27.883305,2026/05/30 13:37:27.935,1,NVIDIA A100-SXM-64GB,187.47,48142,100
4046,2026-05-30 13:37:27.883305,2026/05/30 13:37:27.937,2,NVIDIA A100-SXM-64GB,185.46,48132,100
4047,2026-05-30 13:37:27.883305,2026/05/30 13:37:27.940,3,NVIDIA A100-SXM-64GB,173.56,48106,100
4048,2026-05-30 13:37:32.977863,2026/05/30 13:37:33.021,0,NVIDIA A100-SXM-64GB,168.13,48124,100
4049,2026-05-30 13:37:32.977863,2026/05/30 13:37:33.023,1,NVIDIA A100-SXM-64GB,151.32,48142,100
4050,2026-05-30 13:37:32.977863,2026/05/30 13:37:33.026,2,NVIDIA A100-SXM-64GB,150.89,48132,100
4051,2026-05-30 13:37:32.977863,2026/05/30 13:37:33.028,3,NVIDIA A100-SXM-64GB,159.13,48106,100
4052,2026-05-30 13:37:38.053821,2026/05/30 13:37:38.098,0,NVIDIA A100-SXM-64GB,167.04,48124,100
4053,2026-05-30 13:37:38.053821,2026/05/30 13:37:38.101,1,NVIDIA A100-SXM-64GB,168.82,48142,100
4054,2026-05-30 13:37:38.053821,2026/05/30 13:37:38.105,2,NVIDIA A100-SXM-64GB,168.65,48132,100
4055,2026-05-30 13:37:38.053821,2026/05/30 13:37:38.109,3,NVIDIA A100-SXM-64GB,159.79,48106,100
4056,2026-05-30 13:37:43.135054,2026/05/30 13:37:43.183,0,NVIDIA A100-SXM-64GB,130.87,48124,100
4057,2026-05-30 13:37:43.135054,2026/05/30 13:37:43.186,1,NVIDIA A100-SXM-64GB,168.65,48142,100
4058,2026-05-30 13:37:43.135054,2026/05/30 13:37:43.190,2,NVIDIA A100-SXM-64GB,145.99,48132,100
4059,2026-05-30 13:37:43.135054,2026/05/30 13:37:43.192,3,NVIDIA A100-SXM-64GB,145.64,48106,100
4060,2026-05-30 13:37:48.241611,2026/05/30 13:37:48.290,0,NVIDIA A100-SXM-64GB,148.11,48124,100
4061,2026-05-30 13:37:48.241611,2026/05/30 13:37:48.293,1,NVIDIA A100-SXM-64GB,174.74,48142,100
4062,2026-05-30 13:37:48.241611,2026/05/30 13:37:48.295,2,NVIDIA A100-SXM-64GB,170.78,48132,100
4063,2026-05-30 13:37:48.241611,2026/05/30 13:37:48.301,3,NVIDIA A100-SXM-64GB,176.13,48106,100
4064,2026-05-30 13:37:53.339379,2026/05/30 13:37:53.388,0,NVIDIA A100-SXM-64GB,159.24,48124,100
4065,2026-05-30 13:37:53.339379,2026/05/30 13:37:53.390,1,NVIDIA A100-SXM-64GB,125.29,48142,100
4066,2026-05-30 13:37:53.339379,2026/05/30 13:37:53.395,2,NVIDIA A100-SXM-64GB,125.29,48132,100
4067,2026-05-30 13:37:53.339379,2026/05/30 13:37:53.398,3,NVIDIA A100-SXM-64GB,115.29,48106,100
4068,2026-05-30 13:37:58.435787,2026/05/30 13:37:58.479,0,NVIDIA A100-SXM-64GB,144.28,48124,100
4069,2026-05-30 13:37:58.435787,2026/05/30 13:37:58.481,1,NVIDIA A100-SXM-64GB,176.28,48142,100
4070,2026-05-30 13:37:58.435787,2026/05/30 13:37:58.484,2,NVIDIA A100-SXM-64GB,159.13,48132,100
4071,2026-05-30 13:37:58.435787,2026/05/30 13:37:58.486,3,NVIDIA A100-SXM-64GB,171.84,48106,100
4072,2026-05-30 13:38:03.520530,2026/05/30 13:38:03.569,0,NVIDIA A100-SXM-64GB,172.40,48124,100
4073,2026-05-30 13:38:03.520530,2026/05/30 13:38:03.572,1,NVIDIA A100-SXM-64GB,127.10,48142,100
4074,2026-05-30 13:38:03.520530,2026/05/30 13:38:03.574,2,NVIDIA A100-SXM-64GB,118.52,48132,100
4075,2026-05-30 13:38:03.520530,2026/05/30 13:38:03.577,3,NVIDIA A100-SXM-64GB,120.79,48106,100
4076,2026-05-30 13:38:08.623484,2026/05/30 13:38:08.671,0,NVIDIA A100-SXM-64GB,173.28,48124,100
4077,2026-05-30 13:38:08.623484,2026/05/30 13:38:08.678,1,NVIDIA A100-SXM-64GB,167.88,48142,100
4078,2026-05-30 13:38:08.623484,2026/05/30 13:38:08.682,2,NVIDIA A100-SXM-64GB,170.78,48132,100
4079,2026-05-30 13:38:08.623484,2026/05/30 13:38:08.685,3,NVIDIA A100-SXM-64GB,159.79,48106,100
4080,2026-05-30 13:38:13.714099,2026/05/30 13:38:13.762,0,NVIDIA A100-SXM-64GB,160.34,48124,100
4081,2026-05-30 13:38:13.714099,2026/05/30 13:38:13.765,1,NVIDIA A100-SXM-64GB,145.21,48142,100
4082,2026-05-30 13:38:13.714099,2026/05/30 13:38:13.767,2,NVIDIA A100-SXM-64GB,141.98,48132,100
4083,2026-05-30 13:38:13.714099,2026/05/30 13:38:13.770,3,NVIDIA A100-SXM-64GB,171.13,48106,100
4084,2026-05-30 13:38:18.824080,2026/05/30 13:38:18.871,0,NVIDIA A100-SXM-64GB,190.37,48124,100
4085,2026-05-30 13:38:18.824080,2026/05/30 13:38:18.874,1,NVIDIA A100-SXM-64GB,194.04,48142,100
4086,2026-05-30 13:38:18.824080,2026/05/30 13:38:18.877,2,NVIDIA A100-SXM-64GB,176.89,48132,100
4087,2026-05-30 13:38:18.824080,2026/05/30 13:38:18.879,3,NVIDIA A100-SXM-64GB,161.00,48106,100
4088,2026-05-30 13:38:23.927612,2026/05/30 13:38:23.979,0,NVIDIA A100-SXM-64GB,179.41,48124,100
4089,2026-05-30 13:38:23.927612,2026/05/30 13:38:23.982,1,NVIDIA A100-SXM-64GB,179.21,48142,100
4090,2026-05-30 13:38:23.927612,2026/05/30 13:38:23.986,2,NVIDIA A100-SXM-64GB,168.92,48132,100
4091,2026-05-30 13:38:23.927612,2026/05/30 13:38:23.988,3,NVIDIA A100-SXM-64GB,149.93,48106,100
4092,2026-05-30 13:38:29.045323,2026/05/30 13:38:29.089,0,NVIDIA A100-SXM-64GB,141.42,48124,98
4093,2026-05-30 13:38:29.045323,2026/05/30 13:38:29.091,1,NVIDIA A100-SXM-64GB,140.59,48142,98
4094,2026-05-30 13:38:29.045323,2026/05/30 13:38:29.094,2,NVIDIA A100-SXM-64GB,143.34,48132,100
4095,2026-05-30 13:38:29.045323,2026/05/30 13:38:29.098,3,NVIDIA A100-SXM-64GB,126.63,48106,98
4096,2026-05-30 13:38:34.138050,2026/05/30 13:38:34.197,0,NVIDIA A100-SXM-64GB,134.53,48124,100
4097,2026-05-30 13:38:34.138050,2026/05/30 13:38:34.200,1,NVIDIA A100-SXM-64GB,189.15,48142,100
4098,2026-05-30 13:38:34.138050,2026/05/30 13:38:34.203,2,NVIDIA A100-SXM-64GB,192.17,48132,100
4099,2026-05-30 13:38:34.138050,2026/05/30 13:38:34.205,3,NVIDIA A100-SXM-64GB,155.17,48106,100
4100,2026-05-30 13:38:39.236831,2026/05/30 13:38:39.285,0,NVIDIA A100-SXM-64GB,134.40,48124,100
4101,2026-05-30 13:38:39.236831,2026/05/30 13:38:39.287,1,NVIDIA A100-SXM-64GB,146.75,48142,98
4102,2026-05-30 13:38:39.236831,2026/05/30 13:38:39.290,2,NVIDIA A100-SXM-64GB,140.78,48132,98
4103,2026-05-30 13:38:39.236831,2026/05/30 13:38:39.292,3,NVIDIA A100-SXM-64GB,140.46,48106,100
4104,2026-05-30 13:38:44.317954,2026/05/30 13:38:44.376,0,NVIDIA A100-SXM-64GB,214.82,48124,97
4105,2026-05-30 13:38:44.317954,2026/05/30 13:38:44.379,1,NVIDIA A100-SXM-64GB,158.09,48142,100
4106,2026-05-30 13:38:44.317954,2026/05/30 13:38:44.384,2,NVIDIA A100-SXM-64GB,137.56,48132,100
4107,2026-05-30 13:38:44.317954,2026/05/30 13:38:44.392,3,NVIDIA A100-SXM-64GB,128.17,48106,98
4108,2026-05-30 13:38:49.419038,2026/05/30 13:38:49.463,0,NVIDIA A100-SXM-64GB,146.73,48124,100
4109,2026-05-30 13:38:49.419038,2026/05/30 13:38:49.468,1,NVIDIA A100-SXM-64GB,151.20,48142,100
4110,2026-05-30 13:38:49.419038,2026/05/30 13:38:49.471,2,NVIDIA A100-SXM-64GB,141.52,48132,100
4111,2026-05-30 13:38:49.419038,2026/05/30 13:38:49.474,3,NVIDIA A100-SXM-64GB,135.36,48106,100
4112,2026-05-30 13:38:54.499829,2026/05/30 13:38:54.544,0,NVIDIA A100-SXM-64GB,140.30,48124,97
4113,2026-05-30 13:38:54.499829,2026/05/30 13:38:54.547,1,NVIDIA A100-SXM-64GB,145.03,48142,97
4114,2026-05-30 13:38:54.499829,2026/05/30 13:38:54.550,2,NVIDIA A100-SXM-64GB,146.75,48132,99
4115,2026-05-30 13:38:54.499829,2026/05/30 13:38:54.552,3,NVIDIA A100-SXM-64GB,143.63,48106,97
4116,2026-05-30 13:38:59.592874,2026/05/30 13:38:59.642,0,NVIDIA A100-SXM-64GB,190.90,48124,100
4117,2026-05-30 13:38:59.592874,2026/05/30 13:38:59.645,1,NVIDIA A100-SXM-64GB,167.55,48142,100
4118,2026-05-30 13:38:59.592874,2026/05/30 13:38:59.650,2,NVIDIA A100-SXM-64GB,165.74,48132,100
4119,2026-05-30 13:38:59.592874,2026/05/30 13:38:59.652,3,NVIDIA A100-SXM-64GB,183.36,48106,100
4120,2026-05-30 13:39:04.681505,2026/05/30 13:39:04.739,0,NVIDIA A100-SXM-64GB,113.88,48124,100
4121,2026-05-30 13:39:04.681505,2026/05/30 13:39:04.742,1,NVIDIA A100-SXM-64GB,127.44,48142,100
4122,2026-05-30 13:39:04.681505,2026/05/30 13:39:04.744,2,NVIDIA A100-SXM-64GB,130.39,48132,100
4123,2026-05-30 13:39:04.681505,2026/05/30 13:39:04.748,3,NVIDIA A100-SXM-64GB,124.48,48106,100
4124,2026-05-30 13:39:09.796619,2026/05/30 13:39:09.864,0,NVIDIA A100-SXM-64GB,165.66,48124,100
4125,2026-05-30 13:39:09.796619,2026/05/30 13:39:09.868,1,NVIDIA A100-SXM-64GB,176.28,48142,84
4126,2026-05-30 13:39:09.796619,2026/05/30 13:39:09.871,2,NVIDIA A100-SXM-64GB,178.52,48132,100
4127,2026-05-30 13:39:09.796619,2026/05/30 13:39:09.873,3,NVIDIA A100-SXM-64GB,171.24,48106,100
4128,2026-05-30 13:39:14.905524,2026/05/30 13:39:14.954,0,NVIDIA A100-SXM-64GB,146.43,48124,97
4129,2026-05-30 13:39:14.905524,2026/05/30 13:39:14.957,1,NVIDIA A100-SXM-64GB,148.41,48142,100
4130,2026-05-30 13:39:14.905524,2026/05/30 13:39:14.959,2,NVIDIA A100-SXM-64GB,150.43,48132,99
4131,2026-05-30 13:39:14.905524,2026/05/30 13:39:14.962,3,NVIDIA A100-SXM-64GB,139.52,48106,97
4132,2026-05-30 13:39:19.998233,2026/05/30 13:39:20.045,0,NVIDIA A100-SXM-64GB,165.66,48124,100
4133,2026-05-30 13:39:19.998233,2026/05/30 13:39:20.049,1,NVIDIA A100-SXM-64GB,171.99,48142,100
4134,2026-05-30 13:39:19.998233,2026/05/30 13:39:20.051,2,NVIDIA A100-SXM-64GB,186.48,48132,100
4135,2026-05-30 13:39:19.998233,2026/05/30 13:39:20.054,3,NVIDIA A100-SXM-64GB,172.78,48106,100
4136,2026-05-30 13:39:25.087658,2026/05/30 13:39:25.139,0,NVIDIA A100-SXM-64GB,142.48,48124,100
4137,2026-05-30 13:39:25.087658,2026/05/30 13:39:25.141,1,NVIDIA A100-SXM-64GB,152.26,48142,100
4138,2026-05-30 13:39:25.087658,2026/05/30 13:39:25.144,2,NVIDIA A100-SXM-64GB,135.28,48132,100
4139,2026-05-30 13:39:25.087658,2026/05/30 13:39:25.146,3,NVIDIA A100-SXM-64GB,131.54,48106,100
4140,2026-05-30 13:39:30.174213,2026/05/30 13:39:30.218,0,NVIDIA A100-SXM-64GB,158.97,48124,100
4141,2026-05-30 13:39:30.174213,2026/05/30 13:39:30.220,1,NVIDIA A100-SXM-64GB,148.90,48142,100
4142,2026-05-30 13:39:30.174213,2026/05/30 13:39:30.223,2,NVIDIA A100-SXM-64GB,170.46,48132,100
4143,2026-05-30 13:39:30.174213,2026/05/30 13:39:30.225,3,NVIDIA A100-SXM-64GB,168.15,48106,100
4144,2026-05-30 13:39:35.261586,2026/05/30 13:39:35.306,0,NVIDIA A100-SXM-64GB,143.09,48124,100
4145,2026-05-30 13:39:35.261586,2026/05/30 13:39:35.309,1,NVIDIA A100-SXM-64GB,146.14,48142,100
4146,2026-05-30 13:39:35.261586,2026/05/30 13:39:35.312,2,NVIDIA A100-SXM-64GB,141.20,48132,100
4147,2026-05-30 13:39:35.261586,2026/05/30 13:39:35.314,3,NVIDIA A100-SXM-64GB,142.88,48106,100
4148,2026-05-30 13:39:40.340379,2026/05/30 13:39:40.388,0,NVIDIA A100-SXM-64GB,183.17,48124,100
4149,2026-05-30 13:39:40.340379,2026/05/30 13:39:40.391,1,NVIDIA A100-SXM-64GB,184.53,48142,100
4150,2026-05-30 13:39:40.340379,2026/05/30 13:39:40.394,2,NVIDIA A100-SXM-64GB,181.93,48132,100
4151,2026-05-30 13:39:40.340379,2026/05/30 13:39:40.396,3,NVIDIA A100-SXM-64GB,181.36,48106,100
4152,2026-05-30 13:39:45.431403,2026/05/30 13:39:45.487,0,NVIDIA A100-SXM-64GB,143.09,48124,100
4153,2026-05-30 13:39:45.431403,2026/05/30 13:39:45.492,1,NVIDIA A100-SXM-64GB,151.65,48142,100
4154,2026-05-30 13:39:45.431403,2026/05/30 13:39:45.495,2,NVIDIA A100-SXM-64GB,134.95,48132,100
4155,2026-05-30 13:39:45.431403,2026/05/30 13:39:45.500,3,NVIDIA A100-SXM-64GB,136.96,48106,100
4156,2026-05-30 13:39:50.540290,2026/05/30 13:39:50.588,0,NVIDIA A100-SXM-64GB,149.97,48124,100
4157,2026-05-30 13:39:50.540290,2026/05/30 13:39:50.591,1,NVIDIA A100-SXM-64GB,146.75,48142,100
4158,2026-05-30 13:39:50.540290,2026/05/30 13:39:50.596,2,NVIDIA A100-SXM-64GB,141.85,48132,100
4159,2026-05-30 13:39:50.540290,2026/05/30 13:39:50.611,3,NVIDIA A100-SXM-64GB,133.08,48106,100
4160,2026-05-30 13:39:55.648729,2026/05/30 13:39:55.693,0,NVIDIA A100-SXM-64GB,143.68,48124,97
4161,2026-05-30 13:39:55.648729,2026/05/30 13:39:55.696,1,NVIDIA A100-SXM-64GB,148.14,48142,99
4162,2026-05-30 13:39:55.648729,2026/05/30 13:39:55.702,2,NVIDIA A100-SXM-64GB,144.73,48132,97
4163,2026-05-30 13:39:55.648729,2026/05/30 13:39:55.704,3,NVIDIA A100-SXM-64GB,136.29,48106,99
4164,2026-05-30 13:40:00.730302,2026/05/30 13:40:00.778,0,NVIDIA A100-SXM-64GB,184.89,48124,100
4165,2026-05-30 13:40:00.730302,2026/05/30 13:40:00.781,1,NVIDIA A100-SXM-64GB,190.36,48142,100
4166,2026-05-30 13:40:00.730302,2026/05/30 13:40:00.784,2,NVIDIA A100-SXM-64GB,144.46,48132,100
4167,2026-05-30 13:40:00.730302,2026/05/30 13:40:00.786,3,NVIDIA A100-SXM-64GB,145.49,48106,100
4168,2026-05-30 13:40:05.831615,2026/05/30 13:40:05.883,0,NVIDIA A100-SXM-64GB,147.36,48124,100
4169,2026-05-30 13:40:05.831615,2026/05/30 13:40:05.886,1,NVIDIA A100-SXM-64GB,147.35,48142,99
4170,2026-05-30 13:40:05.831615,2026/05/30 13:40:05.888,2,NVIDIA A100-SXM-64GB,151.16,48132,100
4171,2026-05-30 13:40:05.831615,2026/05/30 13:40:05.891,3,NVIDIA A100-SXM-64GB,142.61,48106,99
4172,2026-05-30 13:40:10.927527,2026/05/30 13:40:10.971,0,NVIDIA A100-SXM-64GB,144.43,48124,98
4173,2026-05-30 13:40:10.927527,2026/05/30 13:40:10.973,1,NVIDIA A100-SXM-64GB,151.93,48142,98
4174,2026-05-30 13:40:10.927527,2026/05/30 13:40:10.976,2,NVIDIA A100-SXM-64GB,140.31,48132,98
4175,2026-05-30 13:40:10.927527,2026/05/30 13:40:10.978,3,NVIDIA A100-SXM-64GB,127.84,48106,98
4176,2026-05-30 13:40:16.016380,2026/05/30 13:40:16.060,0,NVIDIA A100-SXM-64GB,144.16,48124,100
4177,2026-05-30 13:40:16.016380,2026/05/30 13:40:16.063,1,NVIDIA A100-SXM-64GB,147.51,48142,97
4178,2026-05-30 13:40:16.016380,2026/05/30 13:40:16.069,2,NVIDIA A100-SXM-64GB,143.06,48132,98
4179,2026-05-30 13:40:16.016380,2026/05/30 13:40:16.071,3,NVIDIA A100-SXM-64GB,139.85,48106,97
4180,2026-05-30 13:40:21.097365,2026/05/30 13:40:21.146,0,NVIDIA A100-SXM-64GB,113.88,48124,100
4181,2026-05-30 13:40:21.097365,2026/05/30 13:40:21.149,1,NVIDIA A100-SXM-64GB,127.57,48142,100
4182,2026-05-30 13:40:21.097365,2026/05/30 13:40:21.151,2,NVIDIA A100-SXM-64GB,172.60,48132,100
4183,2026-05-30 13:40:21.097365,2026/05/30 13:40:21.154,3,NVIDIA A100-SXM-64GB,163.15,48106,100
4184,2026-05-30 13:40:26.193999,2026/05/30 13:40:26.238,0,NVIDIA A100-SXM-64GB,143.38,48124,97
4185,2026-05-30 13:40:26.193999,2026/05/30 13:40:26.241,1,NVIDIA A100-SXM-64GB,148.72,48142,97
4186,2026-05-30 13:40:26.193999,2026/05/30 13:40:26.244,2,NVIDIA A100-SXM-64GB,144.88,48132,97
4187,2026-05-30 13:40:26.193999,2026/05/30 13:40:26.246,3,NVIDIA A100-SXM-64GB,141.21,48106,97
4188,2026-05-30 13:40:31.276174,2026/05/30 13:40:31.320,0,NVIDIA A100-SXM-64GB,142.75,48124,96
4189,2026-05-30 13:40:31.276174,2026/05/30 13:40:31.322,1,NVIDIA A100-SXM-64GB,142.92,48142,98
4190,2026-05-30 13:40:31.276174,2026/05/30 13:40:31.325,2,NVIDIA A100-SXM-64GB,146.60,48132,98
4191,2026-05-30 13:40:31.276174,2026/05/30 13:40:31.327,3,NVIDIA A100-SXM-64GB,142.13,48106,98
4192,2026-05-30 13:40:36.356205,2026/05/30 13:40:36.416,0,NVIDIA A100-SXM-64GB,223.97,48124,98
4193,2026-05-30 13:40:36.356205,2026/05/30 13:40:36.418,1,NVIDIA A100-SXM-64GB,200.14,48142,98
4194,2026-05-30 13:40:36.356205,2026/05/30 13:40:36.421,2,NVIDIA A100-SXM-64GB,146.14,48132,100
4195,2026-05-30 13:40:36.356205,2026/05/30 13:40:36.425,3,NVIDIA A100-SXM-64GB,128.17,48106,98
4196,2026-05-30 13:40:41.449803,2026/05/30 13:40:41.494,0,NVIDIA A100-SXM-64GB,141.88,48124,98
4197,2026-05-30 13:40:41.449803,2026/05/30 13:40:41.496,1,NVIDIA A100-SXM-64GB,137.42,48142,98
4198,2026-05-30 13:40:41.449803,2026/05/30 13:40:41.499,2,NVIDIA A100-SXM-64GB,141.05,48132,100
4199,2026-05-30 13:40:41.449803,2026/05/30 13:40:41.503,3,NVIDIA A100-SXM-64GB,137.23,48106,98
4200,2026-05-30 13:40:46.550613,2026/05/30 13:40:46.599,0,NVIDIA A100-SXM-64GB,137.61,48124,100
4201,2026-05-30 13:40:46.550613,2026/05/30 13:40:46.604,1,NVIDIA A100-SXM-64GB,134.67,48142,100
4202,2026-05-30 13:40:46.550613,2026/05/30 13:40:46.607,2,NVIDIA A100-SXM-64GB,156.06,48132,100
4203,2026-05-30 13:40:46.550613,2026/05/30 13:40:46.609,3,NVIDIA A100-SXM-64GB,194.32,48106,100
4204,2026-05-30 13:40:51.648365,2026/05/30 13:40:51.696,0,NVIDIA A100-SXM-64GB,148.57,48124,100
4205,2026-05-30 13:40:51.648365,2026/05/30 13:40:51.699,1,NVIDIA A100-SXM-64GB,153.31,48142,100
4206,2026-05-30 13:40:51.648365,2026/05/30 13:40:51.701,2,NVIDIA A100-SXM-64GB,149.95,48132,99
4207,2026-05-30 13:40:51.648365,2026/05/30 13:40:51.704,3,NVIDIA A100-SXM-64GB,143.06,48106,100
4208,2026-05-30 13:40:56.742120,2026/05/30 13:40:56.799,0,NVIDIA A100-SXM-64GB,135.14,48124,98
4209,2026-05-30 13:40:56.742120,2026/05/30 13:40:56.802,1,NVIDIA A100-SXM-64GB,203.22,48142,100
4210,2026-05-30 13:40:56.742120,2026/05/30 13:40:56.806,2,NVIDIA A100-SXM-64GB,178.70,48132,98
4211,2026-05-30 13:40:56.742120,2026/05/30 13:40:56.809,3,NVIDIA A100-SXM-64GB,176.13,48106,100
4212,2026-05-30 13:41:01.836393,2026/05/30 13:41:01.885,0,NVIDIA A100-SXM-64GB,137.00,48124,98
4213,2026-05-30 13:41:01.836393,2026/05/30 13:41:01.888,1,NVIDIA A100-SXM-64GB,131.40,48142,98
4214,2026-05-30 13:41:01.836393,2026/05/30 13:41:01.891,2,NVIDIA A100-SXM-64GB,134.34,48132,98
4215,2026-05-30 13:41:01.836393,2026/05/30 13:41:01.894,3,NVIDIA A100-SXM-64GB,131.12,48106,98
4216,2026-05-30 13:41:06.931058,2026/05/30 13:41:06.975,0,NVIDIA A100-SXM-64GB,156.84,48124,100
4217,2026-05-30 13:41:06.931058,2026/05/30 13:41:06.977,1,NVIDIA A100-SXM-64GB,177.22,48142,100
4218,2026-05-30 13:41:06.931058,2026/05/30 13:41:06.980,2,NVIDIA A100-SXM-64GB,178.10,48132,100
4219,2026-05-30 13:41:06.931058,2026/05/30 13:41:06.982,3,NVIDIA A100-SXM-64GB,171.57,48106,100
4220,2026-05-30 13:41:12.008950,2026/05/30 13:41:12.057,0,NVIDIA A100-SXM-64GB,174.21,48124,100
4221,2026-05-30 13:41:12.008950,2026/05/30 13:41:12.060,1,NVIDIA A100-SXM-64GB,193.43,48142,100
4222,2026-05-30 13:41:12.008950,2026/05/30 13:41:12.062,2,NVIDIA A100-SXM-64GB,172.60,48132,100
4223,2026-05-30 13:41:12.008950,2026/05/30 13:41:12.065,3,NVIDIA A100-SXM-64GB,182.30,48106,100
4224,2026-05-30 13:41:17.102502,2026/05/30 13:41:17.151,0,NVIDIA A100-SXM-64GB,168.13,48124,100
4225,2026-05-30 13:41:17.102502,2026/05/30 13:41:17.156,1,NVIDIA A100-SXM-64GB,173.99,48142,100
4226,2026-05-30 13:41:17.102502,2026/05/30 13:41:17.159,2,NVIDIA A100-SXM-64GB,170.46,48132,100
4227,2026-05-30 13:41:17.102502,2026/05/30 13:41:17.176,3,NVIDIA A100-SXM-64GB,170.03,48106,100
4228,2026-05-30 13:41:22.214189,2026/05/30 13:41:22.258,0,NVIDIA A100-SXM-64GB,163.85,48124,98
4229,2026-05-30 13:41:22.214189,2026/05/30 13:41:22.260,1,NVIDIA A100-SXM-64GB,141.52,48142,100
4230,2026-05-30 13:41:22.214189,2026/05/30 13:41:22.263,2,NVIDIA A100-SXM-64GB,136.82,48132,98
4231,2026-05-30 13:41:22.214189,2026/05/30 13:41:22.265,3,NVIDIA A100-SXM-64GB,134.81,48106,100
4232,2026-05-30 13:41:27.291950,2026/05/30 13:41:27.339,0,NVIDIA A100-SXM-64GB,189.44,48124,100
4233,2026-05-30 13:41:27.291950,2026/05/30 13:41:27.341,1,NVIDIA A100-SXM-64GB,151.04,48142,100
4234,2026-05-30 13:41:27.291950,2026/05/30 13:41:27.344,2,NVIDIA A100-SXM-64GB,137.69,48132,100
4235,2026-05-30 13:41:27.291950,2026/05/30 13:41:27.346,3,NVIDIA A100-SXM-64GB,151.47,48106,100
4236,2026-05-30 13:41:32.379599,2026/05/30 13:41:32.429,0,NVIDIA A100-SXM-64GB,144.16,48124,98
4237,2026-05-30 13:41:32.379599,2026/05/30 13:41:32.432,1,NVIDIA A100-SXM-64GB,147.96,48142,100
4238,2026-05-30 13:41:32.379599,2026/05/30 13:41:32.434,2,NVIDIA A100-SXM-64GB,149.95,48132,98
4239,2026-05-30 13:41:32.379599,2026/05/30 13:41:32.437,3,NVIDIA A100-SXM-64GB,139.19,48106,100
4240,2026-05-30 13:41:37.486461,2026/05/30 13:41:37.530,0,NVIDIA A100-SXM-64GB,141.88,48124,97
4241,2026-05-30 13:41:37.486461,2026/05/30 13:41:37.532,1,NVIDIA A100-SXM-64GB,147.03,48142,97
4242,2026-05-30 13:41:37.486461,2026/05/30 13:41:37.535,2,NVIDIA A100-SXM-64GB,141.05,48132,97
4243,2026-05-30 13:41:37.486461,2026/05/30 13:41:37.538,3,NVIDIA A100-SXM-64GB,128.17,48106,97
4244,2026-05-30 13:41:42.575471,2026/05/30 13:41:42.624,0,NVIDIA A100-SXM-64GB,191.31,48124,100
4245,2026-05-30 13:41:42.575471,2026/05/30 13:41:42.627,1,NVIDIA A100-SXM-64GB,176.46,48142,100
4246,2026-05-30 13:41:42.575471,2026/05/30 13:41:42.629,2,NVIDIA A100-SXM-64GB,190.02,48132,100
4247,2026-05-30 13:41:42.575471,2026/05/30 13:41:42.632,3,NVIDIA A100-SXM-64GB,174.50,48106,100
4248,2026-05-30 13:41:47.680794,2026/05/30 13:41:47.725,0,NVIDIA A100-SXM-64GB,149.04,48124,100
4249,2026-05-30 13:41:47.680794,2026/05/30 13:41:47.728,1,NVIDIA A100-SXM-64GB,150.72,48142,99
4250,2026-05-30 13:41:47.680794,2026/05/30 13:41:47.730,2,NVIDIA A100-SXM-64GB,144.00,48132,100
4251,2026-05-30 13:41:47.680794,2026/05/30 13:41:47.733,3,NVIDIA A100-SXM-64GB,169.69,48106,100
4252,2026-05-30 13:41:52.770224,2026/05/30 13:41:52.823,0,NVIDIA A100-SXM-64GB,177.88,48124,100
4253,2026-05-30 13:41:52.770224,2026/05/30 13:41:52.826,1,NVIDIA A100-SXM-64GB,169.25,48142,100
4254,2026-05-30 13:41:52.770224,2026/05/30 13:41:52.828,2,NVIDIA A100-SXM-64GB,181.45,48132,100
4255,2026-05-30 13:41:52.770224,2026/05/30 13:41:52.831,3,NVIDIA A100-SXM-64GB,175.53,48106,100
4256,2026-05-30 13:41:57.878596,2026/05/30 13:41:57.923,0,NVIDIA A100-SXM-64GB,164.89,48124,100
4257,2026-05-30 13:41:57.878596,2026/05/30 13:41:57.925,1,NVIDIA A100-SXM-64GB,181.96,48142,100
4258,2026-05-30 13:41:57.878596,2026/05/30 13:41:57.928,2,NVIDIA A100-SXM-64GB,176.89,48132,100
4259,2026-05-30 13:41:57.878596,2026/05/30 13:41:57.930,3,NVIDIA A100-SXM-64GB,158.85,48106,100
4260,2026-05-30 13:42:02.968534,2026/05/30 13:42:03.012,0,NVIDIA A100-SXM-64GB,138.62,48124,98
4261,2026-05-30 13:42:02.968534,2026/05/30 13:42:03.014,1,NVIDIA A100-SXM-64GB,127.84,48142,99
4262,2026-05-30 13:42:02.968534,2026/05/30 13:42:03.017,2,NVIDIA A100-SXM-64GB,146.75,48132,98
4263,2026-05-30 13:42:02.968534,2026/05/30 13:42:03.022,3,NVIDIA A100-SXM-64GB,129.99,48106,100
4264,2026-05-30 13:42:08.048528,2026/05/30 13:42:08.097,0,NVIDIA A100-SXM-64GB,165.99,48124,100
4265,2026-05-30 13:42:08.048528,2026/05/30 13:42:08.100,1,NVIDIA A100-SXM-64GB,163.09,48142,100
4266,2026-05-30 13:42:08.048528,2026/05/30 13:42:08.102,2,NVIDIA A100-SXM-64GB,161.27,48132,100
4267,2026-05-30 13:42:08.048528,2026/05/30 13:42:08.105,3,NVIDIA A100-SXM-64GB,156.22,48106,100
4268,2026-05-30 13:42:13.131504,2026/05/30 13:42:13.176,0,NVIDIA A100-SXM-64GB,157.71,48124,100
4269,2026-05-30 13:42:13.131504,2026/05/30 13:42:13.178,1,NVIDIA A100-SXM-64GB,162.99,48142,100
4270,2026-05-30 13:42:13.131504,2026/05/30 13:42:13.181,2,NVIDIA A100-SXM-64GB,146.88,48132,100
4271,2026-05-30 13:42:13.131504,2026/05/30 13:42:13.183,3,NVIDIA A100-SXM-64GB,177.40,48106,100
4272,2026-05-30 13:42:18.223258,2026/05/30 13:42:18.270,0,NVIDIA A100-SXM-64GB,167.19,48124,100
4273,2026-05-30 13:42:18.223258,2026/05/30 13:42:18.273,1,NVIDIA A100-SXM-64GB,173.99,48142,100
4274,2026-05-30 13:42:18.223258,2026/05/30 13:42:18.275,2,NVIDIA A100-SXM-64GB,175.35,48132,100
4275,2026-05-30 13:42:18.223258,2026/05/30 13:42:18.278,3,NVIDIA A100-SXM-64GB,170.63,48106,100
4276,2026-05-30 13:42:23.315491,2026/05/30 13:42:23.364,0,NVIDIA A100-SXM-64GB,164.13,48124,100
4277,2026-05-30 13:42:23.315491,2026/05/30 13:42:23.367,1,NVIDIA A100-SXM-64GB,118.85,48142,100
4278,2026-05-30 13:42:23.315491,2026/05/30 13:42:23.369,2,NVIDIA A100-SXM-64GB,190.16,48132,100
4279,2026-05-30 13:42:23.315491,2026/05/30 13:42:23.372,3,NVIDIA A100-SXM-64GB,139.85,48106,100
4280,2026-05-30 13:42:28.420703,2026/05/30 13:42:28.465,0,NVIDIA A100-SXM-64GB,145.37,48124,99
4281,2026-05-30 13:42:28.420703,2026/05/30 13:42:28.467,1,NVIDIA A100-SXM-64GB,151.93,48142,100
4282,2026-05-30 13:42:28.420703,2026/05/30 13:42:28.470,2,NVIDIA A100-SXM-64GB,142.74,48132,100
4283,2026-05-30 13:42:28.420703,2026/05/30 13:42:28.472,3,NVIDIA A100-SXM-64GB,141.34,48106,100
4284,2026-05-30 13:42:33.496929,2026/05/30 13:42:33.554,0,NVIDIA A100-SXM-64GB,176.85,48124,100
4285,2026-05-30 13:42:33.496929,2026/05/30 13:42:33.557,1,NVIDIA A100-SXM-64GB,185.32,48142,100
4286,2026-05-30 13:42:33.496929,2026/05/30 13:42:33.563,2,NVIDIA A100-SXM-64GB,190.36,48132,100
4287,2026-05-30 13:42:33.496929,2026/05/30 13:42:33.565,3,NVIDIA A100-SXM-64GB,157.31,48106,100
4288,2026-05-30 13:42:38.594115,2026/05/30 13:42:38.641,0,NVIDIA A100-SXM-64GB,148.57,48124,100
4289,2026-05-30 13:42:38.594115,2026/05/30 13:42:38.644,1,NVIDIA A100-SXM-64GB,147.63,48142,100
4290,2026-05-30 13:42:38.594115,2026/05/30 13:42:38.646,2,NVIDIA A100-SXM-64GB,147.48,48132,100
4291,2026-05-30 13:42:38.594115,2026/05/30 13:42:38.649,3,NVIDIA A100-SXM-64GB,144.75,48106,99
4292,2026-05-30 13:42:43.683974,2026/05/30 13:42:43.731,0,NVIDIA A100-SXM-64GB,175.74,48124,100
4293,2026-05-30 13:42:43.683974,2026/05/30 13:42:43.734,1,NVIDIA A100-SXM-64GB,173.71,48142,100
4294,2026-05-30 13:42:43.683974,2026/05/30 13:42:43.736,2,NVIDIA A100-SXM-64GB,185.13,48132,100
4295,2026-05-30 13:42:43.683974,2026/05/30 13:42:43.739,3,NVIDIA A100-SXM-64GB,166.34,48106,100
4296,2026-05-30 13:42:48.801612,2026/05/30 13:42:48.846,0,NVIDIA A100-SXM-64GB,129.18,48124,100
4297,2026-05-30 13:42:48.801612,2026/05/30 13:42:48.851,1,NVIDIA A100-SXM-64GB,137.56,48142,100
4298,2026-05-30 13:42:48.801612,2026/05/30 13:42:48.854,2,NVIDIA A100-SXM-64GB,139.05,48132,100
4299,2026-05-30 13:42:48.801612,2026/05/30 13:42:48.856,3,NVIDIA A100-SXM-64GB,135.22,48106,100
4300,2026-05-30 13:42:53.883393,2026/05/30 13:42:53.931,0,NVIDIA A100-SXM-64GB,189.77,48124,100
4301,2026-05-30 13:42:53.883393,2026/05/30 13:42:53.934,1,NVIDIA A100-SXM-64GB,193.11,48142,100
4302,2026-05-30 13:42:53.883393,2026/05/30 13:42:53.936,2,NVIDIA A100-SXM-64GB,175.35,48132,100
4303,2026-05-30 13:42:53.883393,2026/05/30 13:42:53.939,3,NVIDIA A100-SXM-64GB,166.67,48106,100
4304,2026-05-30 13:42:58.989234,2026/05/30 13:42:59.037,0,NVIDIA A100-SXM-64GB,125.39,48124,97
4305,2026-05-30 13:42:58.989234,2026/05/30 13:42:59.040,1,NVIDIA A100-SXM-64GB,123.48,48142,99
4306,2026-05-30 13:42:58.989234,2026/05/30 13:42:59.042,2,NVIDIA A100-SXM-64GB,147.48,48132,95
4307,2026-05-30 13:42:58.989234,2026/05/30 13:42:59.045,3,NVIDIA A100-SXM-64GB,124.21,48106,97
4308,2026-05-30 13:43:04.092980,2026/05/30 13:43:04.138,0,NVIDIA A100-SXM-64GB,128.26,48124,31
4309,2026-05-30 13:43:04.092980,2026/05/30 13:43:04.140,1,NVIDIA A100-SXM-64GB,147.03,48142,35
4310,2026-05-30 13:43:04.092980,2026/05/30 13:43:04.143,2,NVIDIA A100-SXM-64GB,116.71,48132,36
4311,2026-05-30 13:43:04.092980,2026/05/30 13:43:04.146,3,NVIDIA A100-SXM-64GB,137.70,48106,25
4312,2026-05-30 13:43:09.173265,2026/05/30 13:43:09.217,0,NVIDIA A100-SXM-64GB,129.99,48124,97
4313,2026-05-30 13:43:09.173265,2026/05/30 13:43:09.221,1,NVIDIA A100-SXM-64GB,198.93,48142,97
4314,2026-05-30 13:43:09.173265,2026/05/30 13:43:09.224,2,NVIDIA A100-SXM-64GB,128.85,48132,97
4315,2026-05-30 13:43:09.173265,2026/05/30 13:43:09.226,3,NVIDIA A100-SXM-64GB,231.09,48106,98
4316,2026-05-30 13:43:14.253431,2026/05/30 13:43:14.297,0,NVIDIA A100-SXM-64GB,143.41,48124,100
4317,2026-05-30 13:43:14.253431,2026/05/30 13:43:14.299,1,NVIDIA A100-SXM-64GB,141.85,48142,100
4318,2026-05-30 13:43:14.253431,2026/05/30 13:43:14.302,2,NVIDIA A100-SXM-64GB,145.49,48132,100
4319,2026-05-30 13:43:14.253431,2026/05/30 13:43:14.306,3,NVIDIA A100-SXM-64GB,139.38,48106,100
4320,2026-05-30 13:43:19.331511,2026/05/30 13:43:19.387,0,NVIDIA A100-SXM-64GB,164.45,48124,98
4321,2026-05-30 13:43:19.331511,2026/05/30 13:43:19.389,1,NVIDIA A100-SXM-64GB,140.92,48142,98
4322,2026-05-30 13:43:19.331511,2026/05/30 13:43:19.392,2,NVIDIA A100-SXM-64GB,144.13,48132,100
4323,2026-05-30 13:43:19.331511,2026/05/30 13:43:19.395,3,NVIDIA A100-SXM-64GB,131.54,48106,100
4324,2026-05-30 13:43:24.421970,2026/05/30 13:43:24.466,0,NVIDIA A100-SXM-64GB,116.35,48124,98
4325,2026-05-30 13:43:24.421970,2026/05/30 13:43:24.468,1,NVIDIA A100-SXM-64GB,135.42,48142,98
4326,2026-05-30 13:43:24.421970,2026/05/30 13:43:24.471,2,NVIDIA A100-SXM-64GB,130.52,48132,98
4327,2026-05-30 13:43:24.421970,2026/05/30 13:43:24.473,3,NVIDIA A100-SXM-64GB,130.12,48106,100
4328,2026-05-30 13:43:29.514135,2026/05/30 13:43:29.558,0,NVIDIA A100-SXM-64GB,129.32,48124,100
4329,2026-05-30 13:43:29.514135,2026/05/30 13:43:29.560,1,NVIDIA A100-SXM-64GB,137.98,48142,97
4330,2026-05-30 13:43:29.514135,2026/05/30 13:43:29.563,2,NVIDIA A100-SXM-64GB,137.23,48132,97
4331,2026-05-30 13:43:29.514135,2026/05/30 13:43:29.565,3,NVIDIA A100-SXM-64GB,132.60,48106,97
4332,2026-05-30 13:43:34.603424,2026/05/30 13:43:34.647,0,NVIDIA A100-SXM-64GB,112.51,48124,98
4333,2026-05-30 13:43:34.603424,2026/05/30 13:43:34.649,1,NVIDIA A100-SXM-64GB,99.04,48142,98
4334,2026-05-30 13:43:34.603424,2026/05/30 13:43:34.654,2,NVIDIA A100-SXM-64GB,137.84,48132,98
4335,2026-05-30 13:43:34.603424,2026/05/30 13:43:34.657,3,NVIDIA A100-SXM-64GB,95.78,48106,98
4336,2026-05-30 13:43:39.684171,2026/05/30 13:43:39.727,0,NVIDIA A100-SXM-64GB,152.39,48124,100
4337,2026-05-30 13:43:39.684171,2026/05/30 13:43:39.729,1,NVIDIA A100-SXM-64GB,161.94,48142,100
4338,2026-05-30 13:43:39.684171,2026/05/30 13:43:39.734,2,NVIDIA A100-SXM-64GB,130.19,48132,100
4339,2026-05-30 13:43:39.684171,2026/05/30 13:43:39.736,3,NVIDIA A100-SXM-64GB,146.57,48106,100
4340,2026-05-30 13:43:44.763650,2026/05/30 13:43:44.819,0,NVIDIA A100-SXM-64GB,159.74,48124,100
4341,2026-05-30 13:43:44.763650,2026/05/30 13:43:44.821,1,NVIDIA A100-SXM-64GB,156.22,48142,100
4342,2026-05-30 13:43:44.763650,2026/05/30 13:43:44.824,2,NVIDIA A100-SXM-64GB,199.87,48132,100
4343,2026-05-30 13:43:44.763650,2026/05/30 13:43:44.827,3,NVIDIA A100-SXM-64GB,168.33,48106,98
4344,2026-05-30 13:43:49.852015,2026/05/30 13:43:49.900,0,NVIDIA A100-SXM-64GB,152.71,48124,100
4345,2026-05-30 13:43:49.852015,2026/05/30 13:43:49.903,1,NVIDIA A100-SXM-64GB,118.97,48142,100
4346,2026-05-30 13:43:49.852015,2026/05/30 13:43:49.905,2,NVIDIA A100-SXM-64GB,149.78,48132,100
4347,2026-05-30 13:43:49.852015,2026/05/30 13:43:49.907,3,NVIDIA A100-SXM-64GB,109.28,48106,100
4348,2026-05-30 13:43:54.939085,2026/05/30 13:43:54.994,0,NVIDIA A100-SXM-64GB,119.42,48124,98
4349,2026-05-30 13:43:54.939085,2026/05/30 13:43:54.996,1,NVIDIA A100-SXM-64GB,210.25,48142,98
4350,2026-05-30 13:43:54.939085,2026/05/30 13:43:54.999,2,NVIDIA A100-SXM-64GB,117.92,48132,98
4351,2026-05-30 13:43:54.939085,2026/05/30 13:43:55.003,3,NVIDIA A100-SXM-64GB,201.56,48106,100
4352,2026-05-30 13:44:00.034530,2026/05/30 13:44:00.083,0,NVIDIA A100-SXM-64GB,154.53,48124,100
4353,2026-05-30 13:44:00.034530,2026/05/30 13:44:00.088,1,NVIDIA A100-SXM-64GB,140.31,48142,100
4354,2026-05-30 13:44:00.034530,2026/05/30 13:44:00.091,2,NVIDIA A100-SXM-64GB,173.81,48132,100
4355,2026-05-30 13:44:00.034530,2026/05/30 13:44:00.106,3,NVIDIA A100-SXM-64GB,124.48,48106,100
4356,2026-05-30 13:44:05.145909,2026/05/30 13:44:05.193,0,NVIDIA A100-SXM-64GB,132.06,48124,100
4357,2026-05-30 13:44:05.145909,2026/05/30 13:44:05.196,1,NVIDIA A100-SXM-64GB,178.88,48142,100
4358,2026-05-30 13:44:05.145909,2026/05/30 13:44:05.198,2,NVIDIA A100-SXM-64GB,154.07,48132,100
4359,2026-05-30 13:44:05.145909,2026/05/30 13:44:05.202,3,NVIDIA A100-SXM-64GB,159.79,48106,100
4360,2026-05-30 13:44:10.229743,2026/05/30 13:44:10.278,0,NVIDIA A100-SXM-64GB,143.23,48124,100
4361,2026-05-30 13:44:10.229743,2026/05/30 13:44:10.280,1,NVIDIA A100-SXM-64GB,132.47,48142,100
4362,2026-05-30 13:44:10.229743,2026/05/30 13:44:10.285,2,NVIDIA A100-SXM-64GB,164.80,48132,100
4363,2026-05-30 13:44:10.229743,2026/05/30 13:44:10.288,3,NVIDIA A100-SXM-64GB,124.94,48106,100
4364,2026-05-30 13:44:15.343612,2026/05/30 13:44:15.387,0,NVIDIA A100-SXM-64GB,155.91,48124,100
4365,2026-05-30 13:44:15.343612,2026/05/30 13:44:15.389,1,NVIDIA A100-SXM-64GB,172.17,48142,100
4366,2026-05-30 13:44:15.343612,2026/05/30 13:44:15.392,2,NVIDIA A100-SXM-64GB,185.88,48132,100
4367,2026-05-30 13:44:15.343612,2026/05/30 13:44:15.394,3,NVIDIA A100-SXM-64GB,164.19,48106,100
4368,2026-05-30 13:44:20.432531,2026/05/30 13:44:20.476,0,NVIDIA A100-SXM-64GB,174.21,48124,100
4369,2026-05-30 13:44:20.432531,2026/05/30 13:44:20.482,1,NVIDIA A100-SXM-64GB,157.49,48142,100
4370,2026-05-30 13:44:20.432531,2026/05/30 13:44:20.484,2,NVIDIA A100-SXM-64GB,149.50,48132,100
4371,2026-05-30 13:44:20.432531,2026/05/30 13:44:20.487,3,NVIDIA A100-SXM-64GB,168.66,48106,100
4372,2026-05-30 13:44:25.514910,2026/05/30 13:44:25.568,0,NVIDIA A100-SXM-64GB,158.32,48124,100
4373,2026-05-30 13:44:25.514910,2026/05/30 13:44:25.571,1,NVIDIA A100-SXM-64GB,213.00,48142,100
4374,2026-05-30 13:44:25.514910,2026/05/30 13:44:25.574,2,NVIDIA A100-SXM-64GB,156.66,48132,100
4375,2026-05-30 13:44:25.514910,2026/05/30 13:44:25.576,3,NVIDIA A100-SXM-64GB,150.72,48106,100
4376,2026-05-30 13:44:30.605418,2026/05/30 13:44:30.666,0,NVIDIA A100-SXM-64GB,138.62,48124,100
4377,2026-05-30 13:44:30.605418,2026/05/30 13:44:30.669,1,NVIDIA A100-SXM-64GB,121.00,48142,100
4378,2026-05-30 13:44:30.605418,2026/05/30 13:44:30.671,2,NVIDIA A100-SXM-64GB,170.46,48132,100
4379,2026-05-30 13:44:30.605418,2026/05/30 13:44:30.674,3,NVIDIA A100-SXM-64GB,137.37,48106,100
4380,2026-05-30 13:44:35.707027,2026/05/30 13:44:35.750,0,NVIDIA A100-SXM-64GB,127.65,48124,98
4381,2026-05-30 13:44:35.707027,2026/05/30 13:44:35.752,1,NVIDIA A100-SXM-64GB,141.52,48142,98
4382,2026-05-30 13:44:35.707027,2026/05/30 13:44:35.755,2,NVIDIA A100-SXM-64GB,140.44,48132,98
4383,2026-05-30 13:44:35.707027,2026/05/30 13:44:35.758,3,NVIDIA A100-SXM-64GB,117.16,48106,98
4384,2026-05-30 13:44:40.785502,2026/05/30 13:44:40.829,0,NVIDIA A100-SXM-64GB,131.79,48124,95
4385,2026-05-30 13:44:40.785502,2026/05/30 13:44:40.831,1,NVIDIA A100-SXM-64GB,128.65,48142,96
4386,2026-05-30 13:44:40.785502,2026/05/30 13:44:40.834,2,NVIDIA A100-SXM-64GB,143.53,48132,97
4387,2026-05-30 13:44:40.785502,2026/05/30 13:44:40.837,3,NVIDIA A100-SXM-64GB,133.68,48106,98
4388,2026-05-30 13:44:45.875220,2026/05/30 13:44:45.926,0,NVIDIA A100-SXM-64GB,170.96,48124,100
4389,2026-05-30 13:44:45.875220,2026/05/30 13:44:45.929,1,NVIDIA A100-SXM-64GB,189.56,48142,100
4390,2026-05-30 13:44:45.875220,2026/05/30 13:44:45.931,2,NVIDIA A100-SXM-64GB,174.24,48132,100
4391,2026-05-30 13:44:45.875220,2026/05/30 13:44:45.934,3,NVIDIA A100-SXM-64GB,166.17,48106,100
4392,2026-05-30 13:44:50.991612,2026/05/30 13:44:51.036,0,NVIDIA A100-SXM-64GB,135.88,48124,97
4393,2026-05-30 13:44:50.991612,2026/05/30 13:44:51.038,1,NVIDIA A100-SXM-64GB,141.71,48142,97
4394,2026-05-30 13:44:50.991612,2026/05/30 13:44:51.041,2,NVIDIA A100-SXM-64GB,135.55,48132,97
4395,2026-05-30 13:44:50.991612,2026/05/30 13:44:51.043,3,NVIDIA A100-SXM-64GB,133.27,48106,97
4396,2026-05-30 13:44:56.081767,2026/05/30 13:44:56.130,0,NVIDIA A100-SXM-64GB,185.17,48124,100
4397,2026-05-30 13:44:56.081767,2026/05/30 13:44:56.133,1,NVIDIA A100-SXM-64GB,179.64,48142,100
4398,2026-05-30 13:44:56.081767,2026/05/30 13:44:56.135,2,NVIDIA A100-SXM-64GB,184.67,48132,100
4399,2026-05-30 13:44:56.081767,2026/05/30 13:44:56.138,3,NVIDIA A100-SXM-64GB,169.09,48106,100
4400,2026-05-30 13:45:01.173643,2026/05/30 13:45:01.214,0,NVIDIA A100-SXM-64GB,88.02,48124,73
4401,2026-05-30 13:45:01.173643,2026/05/30 13:45:01.217,1,NVIDIA A100-SXM-64GB,87.36,48142,73
4402,2026-05-30 13:45:01.173643,2026/05/30 13:45:01.219,2,NVIDIA A100-SXM-64GB,88.20,48132,85
4403,2026-05-30 13:45:01.173643,2026/05/30 13:45:01.222,3,NVIDIA A100-SXM-64GB,83.81,48106,1
4404,2026-05-30 13:45:06.263208,2026/05/30 13:45:06.316,0,NVIDIA A100-SXM-64GB,171.91,48124,100
4405,2026-05-30 13:45:06.263208,2026/05/30 13:45:06.319,1,NVIDIA A100-SXM-64GB,187.80,48142,100
4406,2026-05-30 13:45:06.263208,2026/05/30 13:45:06.321,2,NVIDIA A100-SXM-64GB,188.21,48132,100
4407,2026-05-30 13:45:06.263208,2026/05/30 13:45:06.324,3,NVIDIA A100-SXM-64GB,172.35,48106,100
4408,2026-05-30 13:45:11.367959,2026/05/30 13:45:11.421,0,NVIDIA A100-SXM-64GB,151.79,48124,100
4409,2026-05-30 13:45:11.367959,2026/05/30 13:45:11.427,1,NVIDIA A100-SXM-64GB,184.11,48142,100
4410,2026-05-30 13:45:11.367959,2026/05/30 13:45:11.430,2,NVIDIA A100-SXM-64GB,137.56,48132,100
4411,2026-05-30 13:45:11.367959,2026/05/30 13:45:11.432,3,NVIDIA A100-SXM-64GB,172.35,48106,100
4412,2026-05-30 13:45:16.472885,2026/05/30 13:45:16.521,0,NVIDIA A100-SXM-64GB,157.60,48124,100
4413,2026-05-30 13:45:16.472885,2026/05/30 13:45:16.526,1,NVIDIA A100-SXM-64GB,194.85,48142,100
4414,2026-05-30 13:45:16.472885,2026/05/30 13:45:16.529,2,NVIDIA A100-SXM-64GB,156.55,48132,100
4415,2026-05-30 13:45:16.472885,2026/05/30 13:45:16.531,3,NVIDIA A100-SXM-64GB,186.45,48106,100
4416,2026-05-30 13:45:21.576532,2026/05/30 13:45:21.625,0,NVIDIA A100-SXM-64GB,169.51,48124,100
4417,2026-05-30 13:45:21.576532,2026/05/30 13:45:21.629,1,NVIDIA A100-SXM-64GB,175.26,48142,100
4418,2026-05-30 13:45:21.576532,2026/05/30 13:45:21.631,2,NVIDIA A100-SXM-64GB,164.80,48132,100
4419,2026-05-30 13:45:21.576532,2026/05/30 13:45:21.634,3,NVIDIA A100-SXM-64GB,161.00,48106,100
4420,2026-05-30 13:45:26.681618,2026/05/30 13:45:26.726,0,NVIDIA A100-SXM-64GB,149.32,48124,100
4421,2026-05-30 13:45:26.681618,2026/05/30 13:45:26.729,1,NVIDIA A100-SXM-64GB,174.50,48142,100
4422,2026-05-30 13:45:26.681618,2026/05/30 13:45:26.731,2,NVIDIA A100-SXM-64GB,123.60,48132,100
4423,2026-05-30 13:45:26.681618,2026/05/30 13:45:26.734,3,NVIDIA A100-SXM-64GB,135.70,48106,100
4424,2026-05-30 13:45:31.759678,2026/05/30 13:45:31.808,0,NVIDIA A100-SXM-64GB,172.85,48124,100
4425,2026-05-30 13:45:31.759678,2026/05/30 13:45:31.810,1,NVIDIA A100-SXM-64GB,131.26,48142,100
4426,2026-05-30 13:45:31.759678,2026/05/30 13:45:31.816,2,NVIDIA A100-SXM-64GB,157.49,48132,100
4427,2026-05-30 13:45:31.759678,2026/05/30 13:45:31.832,3,NVIDIA A100-SXM-64GB,135.09,48106,100
4428,2026-05-30 13:45:36.859953,2026/05/30 13:45:36.918,0,NVIDIA A100-SXM-64GB,126.11,48124,100
4429,2026-05-30 13:45:36.859953,2026/05/30 13:45:36.920,1,NVIDIA A100-SXM-64GB,177.67,48142,100
4430,2026-05-30 13:45:36.859953,2026/05/30 13:45:36.923,2,NVIDIA A100-SXM-64GB,135.42,48132,98
4431,2026-05-30 13:45:36.859953,2026/05/30 13:45:36.925,3,NVIDIA A100-SXM-64GB,115.13,48106,98
4432,2026-05-30 13:45:41.953402,2026/05/30 13:45:42.001,0,NVIDIA A100-SXM-64GB,158.20,48124,100
4433,2026-05-30 13:45:41.953402,2026/05/30 13:45:42.004,1,NVIDIA A100-SXM-64GB,110.71,48142,100
4434,2026-05-30 13:45:41.953402,2026/05/30 13:45:42.006,2,NVIDIA A100-SXM-64GB,162.48,48132,100
4435,2026-05-30 13:45:41.953402,2026/05/30 13:45:42.009,3,NVIDIA A100-SXM-64GB,139.19,48106,100
4436,2026-05-30 13:45:47.061311,2026/05/30 13:45:47.112,0,NVIDIA A100-SXM-64GB,149.97,48124,100
4437,2026-05-30 13:45:47.061311,2026/05/30 13:45:47.114,1,NVIDIA A100-SXM-64GB,158.97,48142,100
4438,2026-05-30 13:45:47.061311,2026/05/30 13:45:47.120,2,NVIDIA A100-SXM-64GB,161.78,48132,100
4439,2026-05-30 13:45:47.061311,2026/05/30 13:45:47.123,3,NVIDIA A100-SXM-64GB,176.92,48106,100
4440,2026-05-30 13:45:52.148277,2026/05/30 13:45:52.196,0,NVIDIA A100-SXM-64GB,176.67,48124,100
4441,2026-05-30 13:45:52.148277,2026/05/30 13:45:52.199,1,NVIDIA A100-SXM-64GB,124.08,48142,100
4442,2026-05-30 13:45:52.148277,2026/05/30 13:45:52.201,2,NVIDIA A100-SXM-64GB,162.82,48132,100
4443,2026-05-30 13:45:52.148277,2026/05/30 13:45:52.204,3,NVIDIA A100-SXM-64GB,144.28,48106,100
4444,2026-05-30 13:45:57.234599,2026/05/30 13:45:57.278,0,NVIDIA A100-SXM-64GB,121.10,48124,100
4445,2026-05-30 13:45:57.234599,2026/05/30 13:45:57.282,1,NVIDIA A100-SXM-64GB,131.40,48142,100
4446,2026-05-30 13:45:57.234599,2026/05/30 13:45:57.284,2,NVIDIA A100-SXM-64GB,113.51,48132,98
4447,2026-05-30 13:45:57.234599,2026/05/30 13:45:57.288,3,NVIDIA A100-SXM-64GB,119.46,48106,98
4448,2026-05-30 13:46:02.316468,2026/05/30 13:46:02.365,0,NVIDIA A100-SXM-64GB,172.49,48124,100
4449,2026-05-30 13:46:02.316468,2026/05/30 13:46:02.368,1,NVIDIA A100-SXM-64GB,165.57,48142,100
4450,2026-05-30 13:46:02.316468,2026/05/30 13:46:02.371,2,NVIDIA A100-SXM-64GB,162.04,48132,100
4451,2026-05-30 13:46:02.316468,2026/05/30 13:46:02.373,3,NVIDIA A100-SXM-64GB,162.65,48106,100
4452,2026-05-30 13:46:07.423589,2026/05/30 13:46:07.471,0,NVIDIA A100-SXM-64GB,137.00,48124,100
4453,2026-05-30 13:46:07.423589,2026/05/30 13:46:07.474,1,NVIDIA A100-SXM-64GB,153.79,48142,100
4454,2026-05-30 13:46:07.423589,2026/05/30 13:46:07.479,2,NVIDIA A100-SXM-64GB,179.13,48132,100
4455,2026-05-30 13:46:07.423589,2026/05/30 13:46:07.481,3,NVIDIA A100-SXM-64GB,177.67,48106,100
4456,2026-05-30 13:46:12.529813,2026/05/30 13:46:12.574,0,NVIDIA A100-SXM-64GB,139.88,48124,97
4457,2026-05-30 13:46:12.529813,2026/05/30 13:46:12.576,1,NVIDIA A100-SXM-64GB,115.50,48142,99
4458,2026-05-30 13:46:12.529813,2026/05/30 13:46:12.579,2,NVIDIA A100-SXM-64GB,134.81,48132,100
4459,2026-05-30 13:46:12.529813,2026/05/30 13:46:12.582,3,NVIDIA A100-SXM-64GB,133.68,48106,100
4460,2026-05-30 13:46:17.613038,2026/05/30 13:46:17.660,0,NVIDIA A100-SXM-64GB,180.62,48124,100
4461,2026-05-30 13:46:17.613038,2026/05/30 13:46:17.663,1,NVIDIA A100-SXM-64GB,181.36,48142,100
4462,2026-05-30 13:46:17.613038,2026/05/30 13:46:17.665,2,NVIDIA A100-SXM-64GB,187.88,48132,100
4463,2026-05-30 13:46:17.613038,2026/05/30 13:46:17.667,3,NVIDIA A100-SXM-64GB,137.98,48106,100
4464,2026-05-30 13:46:22.696529,2026/05/30 13:46:22.740,0,NVIDIA A100-SXM-64GB,138.48,48124,100
4465,2026-05-30 13:46:22.696529,2026/05/30 13:46:22.745,1,NVIDIA A100-SXM-64GB,115.17,48142,100
4466,2026-05-30 13:46:22.696529,2026/05/30 13:46:22.748,2,NVIDIA A100-SXM-64GB,121.48,48132,98
4467,2026-05-30 13:46:22.696529,2026/05/30 13:46:22.750,3,NVIDIA A100-SXM-64GB,127.84,48106,97
4468,2026-05-30 13:46:27.789164,2026/05/30 13:46:27.837,0,NVIDIA A100-SXM-64GB,137.88,48124,100
4469,2026-05-30 13:46:27.789164,2026/05/30 13:46:27.840,1,NVIDIA A100-SXM-64GB,175.95,48142,100
4470,2026-05-30 13:46:27.789164,2026/05/30 13:46:27.842,2,NVIDIA A100-SXM-64GB,181.59,48132,100
4471,2026-05-30 13:46:27.789164,2026/05/30 13:46:27.845,3,NVIDIA A100-SXM-64GB,143.06,48106,100
4472,2026-05-30 13:46:32.886460,2026/05/30 13:46:32.930,0,NVIDIA A100-SXM-64GB,130.72,48124,97
4473,2026-05-30 13:46:32.886460,2026/05/30 13:46:32.932,1,NVIDIA A100-SXM-64GB,150.43,48142,97
4474,2026-05-30 13:46:32.886460,2026/05/30 13:46:32.935,2,NVIDIA A100-SXM-64GB,141.71,48132,100
4475,2026-05-30 13:46:32.886460,2026/05/30 13:46:32.937,3,NVIDIA A100-SXM-64GB,127.84,48106,100
4476,2026-05-30 13:46:37.965449,2026/05/30 13:46:38.014,0,NVIDIA A100-SXM-64GB,159.85,48124,100
4477,2026-05-30 13:46:37.965449,2026/05/30 13:46:38.017,1,NVIDIA A100-SXM-64GB,171.39,48142,100
4478,2026-05-30 13:46:37.965449,2026/05/30 13:46:38.019,2,NVIDIA A100-SXM-64GB,175.68,48132,100
4479,2026-05-30 13:46:37.965449,2026/05/30 13:46:38.022,3,NVIDIA A100-SXM-64GB,170.30,48106,100
4480,2026-05-30 13:46:43.071465,2026/05/30 13:46:43.115,0,NVIDIA A100-SXM-64GB,131.60,48124,100
4481,2026-05-30 13:46:43.071465,2026/05/30 13:46:43.117,1,NVIDIA A100-SXM-64GB,139.38,48142,100
4482,2026-05-30 13:46:43.071465,2026/05/30 13:46:43.120,2,NVIDIA A100-SXM-64GB,143.85,48132,99
4483,2026-05-30 13:46:43.071465,2026/05/30 13:46:43.122,3,NVIDIA A100-SXM-64GB,126.96,48106,98
4484,2026-05-30 13:46:48.152281,2026/05/30 13:46:48.200,0,NVIDIA A100-SXM-64GB,169.33,48124,100
4485,2026-05-30 13:46:48.152281,2026/05/30 13:46:48.203,1,NVIDIA A100-SXM-64GB,175.53,48142,100
4486,2026-05-30 13:46:48.152281,2026/05/30 13:46:48.205,2,NVIDIA A100-SXM-64GB,170.13,48132,100
4487,2026-05-30 13:46:48.152281,2026/05/30 13:46:48.210,3,NVIDIA A100-SXM-64GB,187.19,48106,100
4488,2026-05-30 13:46:53.251036,2026/05/30 13:46:53.295,0,NVIDIA A100-SXM-64GB,116.02,48124,99
4489,2026-05-30 13:46:53.251036,2026/05/30 13:46:53.297,1,NVIDIA A100-SXM-64GB,128.04,48142,100
4490,2026-05-30 13:46:53.251036,2026/05/30 13:46:53.300,2,NVIDIA A100-SXM-64GB,116.10,48132,100
4491,2026-05-30 13:46:53.251036,2026/05/30 13:46:53.302,3,NVIDIA A100-SXM-64GB,121.73,48106,100
4492,2026-05-30 13:46:58.341796,2026/05/30 13:46:58.386,0,NVIDIA A100-SXM-64GB,135.88,48124,41
4493,2026-05-30 13:46:58.341796,2026/05/30 13:46:58.388,1,NVIDIA A100-SXM-64GB,135.69,48142,15
4494,2026-05-30 13:46:58.341796,2026/05/30 13:46:58.391,2,NVIDIA A100-SXM-64GB,110.88,48132,21
4495,2026-05-30 13:46:58.341796,2026/05/30 13:46:58.393,3,NVIDIA A100-SXM-64GB,126.36,48106,14
4496,2026-05-30 13:47:03.432755,2026/05/30 13:47:03.486,0,NVIDIA A100-SXM-64GB,139.55,48124,97
4497,2026-05-30 13:47:03.432755,2026/05/30 13:47:03.488,1,NVIDIA A100-SXM-64GB,130.93,48142,97
4498,2026-05-30 13:47:03.432755,2026/05/30 13:47:03.491,2,NVIDIA A100-SXM-64GB,131.73,48132,98
4499,2026-05-30 13:47:03.432755,2026/05/30 13:47:03.493,3,NVIDIA A100-SXM-64GB,110.82,48106,100
4500,2026-05-30 13:47:08.522113,2026/05/30 13:47:08.564,0,NVIDIA A100-SXM-64GB,148.44,48124,98
4501,2026-05-30 13:47:08.522113,2026/05/30 13:47:08.567,1,NVIDIA A100-SXM-64GB,151.32,48142,98
4502,2026-05-30 13:47:08.522113,2026/05/30 13:47:08.571,2,NVIDIA A100-SXM-64GB,146.75,48132,98
4503,2026-05-30 13:47:08.522113,2026/05/30 13:47:08.573,3,NVIDIA A100-SXM-64GB,141.34,48106,98
4504,2026-05-30 13:47:13.604676,2026/05/30 13:47:13.649,0,NVIDIA A100-SXM-64GB,133.60,48124,98
4505,2026-05-30 13:47:13.604676,2026/05/30 13:47:13.651,1,NVIDIA A100-SXM-64GB,136.96,48142,97
4506,2026-05-30 13:47:13.604676,2026/05/30 13:47:13.654,2,NVIDIA A100-SXM-64GB,125.16,48132,97
4507,2026-05-30 13:47:13.604676,2026/05/30 13:47:13.656,3,NVIDIA A100-SXM-64GB,123.28,48106,97
4508,2026-05-30 13:47:18.697857,2026/05/30 13:47:18.755,0,NVIDIA A100-SXM-64GB,136.40,48124,100
4509,2026-05-30 13:47:18.697857,2026/05/30 13:47:18.758,1,NVIDIA A100-SXM-64GB,136.96,48142,100
4510,2026-05-30 13:47:18.697857,2026/05/30 13:47:18.760,2,NVIDIA A100-SXM-64GB,130.52,48132,100
4511,2026-05-30 13:47:18.697857,2026/05/30 13:47:18.763,3,NVIDIA A100-SXM-64GB,134.29,48106,100
4512,2026-05-30 13:47:23.801749,2026/05/30 13:47:23.850,0,NVIDIA A100-SXM-64GB,124.91,48124,97
4513,2026-05-30 13:47:23.801749,2026/05/30 13:47:23.856,1,NVIDIA A100-SXM-64GB,130.52,48142,99
4514,2026-05-30 13:47:23.801749,2026/05/30 13:47:23.858,2,NVIDIA A100-SXM-64GB,141.52,48132,97
4515,2026-05-30 13:47:23.801749,2026/05/30 13:47:23.861,3,NVIDIA A100-SXM-64GB,137.10,48106,97
4516,2026-05-30 13:47:28.913705,2026/05/30 13:47:28.958,0,NVIDIA A100-SXM-64GB,176.95,48124,100
4517,2026-05-30 13:47:28.913705,2026/05/30 13:47:28.960,1,NVIDIA A100-SXM-64GB,168.32,48142,100
4518,2026-05-30 13:47:28.913705,2026/05/30 13:47:28.963,2,NVIDIA A100-SXM-64GB,175.35,48132,100
4519,2026-05-30 13:47:28.913705,2026/05/30 13:47:28.965,3,NVIDIA A100-SXM-64GB,164.19,48106,100
4520,2026-05-30 13:47:34.003614,2026/05/30 13:47:34.051,0,NVIDIA A100-SXM-64GB,166.26,48124,100
4521,2026-05-30 13:47:34.003614,2026/05/30 13:47:34.057,1,NVIDIA A100-SXM-64GB,167.71,48142,100
4522,2026-05-30 13:47:34.003614,2026/05/30 13:47:34.060,2,NVIDIA A100-SXM-64GB,164.36,48132,100
4523,2026-05-30 13:47:34.003614,2026/05/30 13:47:34.063,3,NVIDIA A100-SXM-64GB,110.71,48106,100
4524,2026-05-30 13:47:39.114480,2026/05/30 13:47:39.163,0,NVIDIA A100-SXM-64GB,133.60,48124,100
4525,2026-05-30 13:47:39.114480,2026/05/30 13:47:39.166,1,NVIDIA A100-SXM-64GB,128.85,48142,98
4526,2026-05-30 13:47:39.114480,2026/05/30 13:47:39.170,2,NVIDIA A100-SXM-64GB,162.82,48132,100
4527,2026-05-30 13:47:39.114480,2026/05/30 13:47:39.172,3,NVIDIA A100-SXM-64GB,128.98,48106,100
4528,2026-05-30 13:47:44.201338,2026/05/30 13:47:44.256,0,NVIDIA A100-SXM-64GB,173.28,48124,100
4529,2026-05-30 13:47:44.201338,2026/05/30 13:47:44.258,1,NVIDIA A100-SXM-64GB,180.24,48142,100
4530,2026-05-30 13:47:44.201338,2026/05/30 13:47:44.261,2,NVIDIA A100-SXM-64GB,183.32,48132,98
4531,2026-05-30 13:47:44.201338,2026/05/30 13:47:44.263,3,NVIDIA A100-SXM-64GB,165.40,48106,98
4532,2026-05-30 13:47:49.289201,2026/05/30 13:47:49.342,0,NVIDIA A100-SXM-64GB,116.68,48124,98
4533,2026-05-30 13:47:49.289201,2026/05/30 13:47:49.345,1,NVIDIA A100-SXM-64GB,157.49,48142,100
4534,2026-05-30 13:47:49.289201,2026/05/30 13:47:49.349,2,NVIDIA A100-SXM-64GB,144.73,48132,100
4535,2026-05-30 13:47:49.289201,2026/05/30 13:47:49.351,3,NVIDIA A100-SXM-64GB,118.97,48106,100
4536,2026-05-30 13:47:54.406820,2026/05/30 13:47:54.451,0,NVIDIA A100-SXM-64GB,143.23,48124,100
4537,2026-05-30 13:47:54.406820,2026/05/30 13:47:54.453,1,NVIDIA A100-SXM-64GB,147.35,48142,98
4538,2026-05-30 13:47:54.406820,2026/05/30 13:47:54.456,2,NVIDIA A100-SXM-64GB,118.25,48132,98
4539,2026-05-30 13:47:54.406820,2026/05/30 13:47:54.459,3,NVIDIA A100-SXM-64GB,132.14,48106,98
4540,2026-05-30 13:47:59.498016,2026/05/30 13:47:59.549,0,NVIDIA A100-SXM-64GB,117.56,48124,98
4541,2026-05-30 13:47:59.498016,2026/05/30 13:47:59.552,1,NVIDIA A100-SXM-64GB,126.50,48142,100
4542,2026-05-30 13:47:59.498016,2026/05/30 13:47:59.554,2,NVIDIA A100-SXM-64GB,147.63,48132,98
4543,2026-05-30 13:47:59.498016,2026/05/30 13:47:59.557,3,NVIDIA A100-SXM-64GB,130.32,48106,98
4544,2026-05-30 13:48:04.600006,2026/05/30 13:48:04.649,0,NVIDIA A100-SXM-64GB,132.86,48124,98
4545,2026-05-30 13:48:04.600006,2026/05/30 13:48:04.651,1,NVIDIA A100-SXM-64GB,128.65,48142,98
4546,2026-05-30 13:48:04.600006,2026/05/30 13:48:04.654,2,NVIDIA A100-SXM-64GB,128.98,48132,98
4547,2026-05-30 13:48:04.600006,2026/05/30 13:48:04.656,3,NVIDIA A100-SXM-64GB,145.03,48106,99
4548,2026-05-30 13:48:09.705938,2026/05/30 13:48:09.750,0,NVIDIA A100-SXM-64GB,139.88,48124,100
4549,2026-05-30 13:48:09.705938,2026/05/30 13:48:09.753,1,NVIDIA A100-SXM-64GB,126.63,48142,100
4550,2026-05-30 13:48:09.705938,2026/05/30 13:48:09.755,2,NVIDIA A100-SXM-64GB,134.81,48132,100
4551,2026-05-30 13:48:09.705938,2026/05/30 13:48:09.758,3,NVIDIA A100-SXM-64GB,143.48,48106,100
4552,2026-05-30 13:48:14.797097,2026/05/30 13:48:14.862,0,NVIDIA A100-SXM-64GB,140.49,48124,100
4553,2026-05-30 13:48:14.797097,2026/05/30 13:48:14.865,1,NVIDIA A100-SXM-64GB,180.85,48142,100
4554,2026-05-30 13:48:14.797097,2026/05/30 13:48:14.867,2,NVIDIA A100-SXM-64GB,170.13,48132,100
4555,2026-05-30 13:48:14.797097,2026/05/30 13:48:14.873,3,NVIDIA A100-SXM-64GB,167.11,48106,100
4556,2026-05-30 13:48:19.936616,2026/05/30 13:48:19.985,0,NVIDIA A100-SXM-64GB,164.62,48124,100
4557,2026-05-30 13:48:19.936616,2026/05/30 13:48:19.989,1,NVIDIA A100-SXM-64GB,165.40,48142,100
4558,2026-05-30 13:48:19.936616,2026/05/30 13:48:19.995,2,NVIDIA A100-SXM-64GB,133.87,48132,100
4559,2026-05-30 13:48:19.936616,2026/05/30 13:48:19.997,3,NVIDIA A100-SXM-64GB,159.46,48106,100
4560,2026-05-30 13:48:25.049914,2026/05/30 13:48:25.097,0,NVIDIA A100-SXM-64GB,159.14,48124,100
4561,2026-05-30 13:48:25.049914,2026/05/30 13:48:25.100,1,NVIDIA A100-SXM-64GB,170.63,48142,100
4562,2026-05-30 13:48:25.049914,2026/05/30 13:48:25.104,2,NVIDIA A100-SXM-64GB,138.17,48132,100
4563,2026-05-30 13:48:25.049914,2026/05/30 13:48:25.110,3,NVIDIA A100-SXM-64GB,145.96,48106,100
4564,2026-05-30 13:48:30.151992,2026/05/30 13:48:30.199,0,NVIDIA A100-SXM-64GB,112.79,48124,100
4565,2026-05-30 13:48:30.151992,2026/05/30 13:48:30.202,1,NVIDIA A100-SXM-64GB,158.09,48142,100
4566,2026-05-30 13:48:30.151992,2026/05/30 13:48:30.204,2,NVIDIA A100-SXM-64GB,159.90,48132,100
4567,2026-05-30 13:48:30.151992,2026/05/30 13:48:30.210,3,NVIDIA A100-SXM-64GB,143.48,48106,100
4568,2026-05-30 13:48:35.252149,2026/05/30 13:48:35.299,0,NVIDIA A100-SXM-64GB,171.74,48124,100
4569,2026-05-30 13:48:35.252149,2026/05/30 13:48:35.302,1,NVIDIA A100-SXM-64GB,193.11,48142,100
4570,2026-05-30 13:48:35.252149,2026/05/30 13:48:35.304,2,NVIDIA A100-SXM-64GB,131.12,48132,100
4571,2026-05-30 13:48:35.252149,2026/05/30 13:48:35.308,3,NVIDIA A100-SXM-64GB,164.36,48106,100
4572,2026-05-30 13:48:40.351737,2026/05/30 13:48:40.399,0,NVIDIA A100-SXM-64GB,161.55,48124,100
4573,2026-05-30 13:48:40.351737,2026/05/30 13:48:40.402,1,NVIDIA A100-SXM-64GB,169.59,48142,100
4574,2026-05-30 13:48:40.351737,2026/05/30 13:48:40.407,2,NVIDIA A100-SXM-64GB,159.90,48132,100
4575,2026-05-30 13:48:40.351737,2026/05/30 13:48:40.410,3,NVIDIA A100-SXM-64GB,176.04,48106,100
4576,2026-05-30 13:48:45.451955,2026/05/30 13:48:45.500,0,NVIDIA A100-SXM-64GB,176.95,48124,100
4577,2026-05-30 13:48:45.451955,2026/05/30 13:48:45.503,1,NVIDIA A100-SXM-64GB,189.34,48142,100
4578,2026-05-30 13:48:45.451955,2026/05/30 13:48:45.505,2,NVIDIA A100-SXM-64GB,185.13,48132,100
4579,2026-05-30 13:48:45.451955,2026/05/30 13:48:45.511,3,NVIDIA A100-SXM-64GB,167.88,48106,100
4580,2026-05-30 13:48:50.577610,2026/05/30 13:48:50.638,0,NVIDIA A100-SXM-64GB,168.40,48124,100
4581,2026-05-30 13:48:50.577610,2026/05/30 13:48:50.641,1,NVIDIA A100-SXM-64GB,169.69,48142,100
4582,2026-05-30 13:48:50.577610,2026/05/30 13:48:50.643,2,NVIDIA A100-SXM-64GB,173.38,48132,100
4583,2026-05-30 13:48:50.577610,2026/05/30 13:48:50.646,3,NVIDIA A100-SXM-64GB,156.38,48106,100
4584,2026-05-30 13:48:55.690198,2026/05/30 13:48:55.733,0,NVIDIA A100-SXM-64GB,135.60,48124,100
4585,2026-05-30 13:48:55.690198,2026/05/30 13:48:55.737,1,NVIDIA A100-SXM-64GB,140.59,48142,98
4586,2026-05-30 13:48:55.690198,2026/05/30 13:48:55.743,2,NVIDIA A100-SXM-64GB,136.96,48132,100
4587,2026-05-30 13:48:55.690198,2026/05/30 13:48:55.745,3,NVIDIA A100-SXM-64GB,126.63,48106,100
4588,2026-05-30 13:49:00.783613,2026/05/30 13:49:00.828,0,NVIDIA A100-SXM-64GB,165.23,48124,100
4589,2026-05-30 13:49:00.783613,2026/05/30 13:49:00.830,1,NVIDIA A100-SXM-64GB,146.75,48142,100
4590,2026-05-30 13:49:00.783613,2026/05/30 13:49:00.833,2,NVIDIA A100-SXM-64GB,133.13,48132,100
4591,2026-05-30 13:49:00.783613,2026/05/30 13:49:00.835,3,NVIDIA A100-SXM-64GB,134.01,48106,100
4592,2026-05-30 13:49:05.875531,2026/05/30 13:49:05.923,0,NVIDIA A100-SXM-64GB,154.04,48124,100
4593,2026-05-30 13:49:05.875531,2026/05/30 13:49:05.925,1,NVIDIA A100-SXM-64GB,187.61,48142,100
4594,2026-05-30 13:49:05.875531,2026/05/30 13:49:05.928,2,NVIDIA A100-SXM-64GB,178.10,48132,100
4595,2026-05-30 13:49:05.875531,2026/05/30 13:49:05.933,3,NVIDIA A100-SXM-64GB,177.40,48106,100
4596,2026-05-30 13:49:10.960531,2026/05/30 13:49:11.008,0,NVIDIA A100-SXM-64GB,162.59,48124,100
4597,2026-05-30 13:49:10.960531,2026/05/30 13:49:11.011,1,NVIDIA A100-SXM-64GB,164.19,48142,100
4598,2026-05-30 13:49:10.960531,2026/05/30 13:49:11.013,2,NVIDIA A100-SXM-64GB,150.28,48132,100
4599,2026-05-30 13:49:10.960531,2026/05/30 13:49:11.016,3,NVIDIA A100-SXM-64GB,163.92,48106,100
4600,2026-05-30 13:49:16.075615,2026/05/30 13:49:16.120,0,NVIDIA A100-SXM-64GB,190.98,48124,100
4601,2026-05-30 13:49:16.075615,2026/05/30 13:49:16.122,1,NVIDIA A100-SXM-64GB,193.91,48142,100
4602,2026-05-30 13:49:16.075615,2026/05/30 13:49:16.129,2,NVIDIA A100-SXM-64GB,166.77,48132,100
4603,2026-05-30 13:49:16.075615,2026/05/30 13:49:16.134,3,NVIDIA A100-SXM-64GB,165.91,48106,100
4604,2026-05-30 13:49:21.174144,2026/05/30 13:49:21.228,0,NVIDIA A100-SXM-64GB,149.97,48124,100
4605,2026-05-30 13:49:21.174144,2026/05/30 13:49:21.234,1,NVIDIA A100-SXM-64GB,152.08,48142,100
4606,2026-05-30 13:49:21.174144,2026/05/30 13:49:21.237,2,NVIDIA A100-SXM-64GB,180.43,48132,100
4607,2026-05-30 13:49:21.174144,2026/05/30 13:49:21.239,3,NVIDIA A100-SXM-64GB,149.66,48106,100
4608,2026-05-30 13:49:26.281481,2026/05/30 13:49:26.330,0,NVIDIA A100-SXM-64GB,171.91,48124,100
4609,2026-05-30 13:49:26.281481,2026/05/30 13:49:26.336,1,NVIDIA A100-SXM-64GB,129.71,48142,100
4610,2026-05-30 13:49:26.281481,2026/05/30 13:49:26.338,2,NVIDIA A100-SXM-64GB,129.71,48132,100
4611,2026-05-30 13:49:26.281481,2026/05/30 13:49:26.341,3,NVIDIA A100-SXM-64GB,124.94,48106,100
4612,2026-05-30 13:49:31.384149,2026/05/30 13:49:31.428,0,NVIDIA A100-SXM-64GB,111.86,48124,100
4613,2026-05-30 13:49:31.384149,2026/05/30 13:49:31.430,1,NVIDIA A100-SXM-64GB,177.67,48142,100
4614,2026-05-30 13:49:31.384149,2026/05/30 13:49:31.436,2,NVIDIA A100-SXM-64GB,166.01,48132,100
4615,2026-05-30 13:49:31.384149,2026/05/30 13:49:31.438,3,NVIDIA A100-SXM-64GB,130.79,48106,100
4616,2026-05-30 13:49:36.477759,2026/05/30 13:49:36.526,0,NVIDIA A100-SXM-64GB,194.97,48124,100
4617,2026-05-30 13:49:36.477759,2026/05/30 13:49:36.530,1,NVIDIA A100-SXM-64GB,195.45,48142,100
4618,2026-05-30 13:49:36.477759,2026/05/30 13:49:36.533,2,NVIDIA A100-SXM-64GB,184.53,48132,100
4619,2026-05-30 13:49:36.477759,2026/05/30 13:49:36.535,3,NVIDIA A100-SXM-64GB,160.67,48106,100
4620,2026-05-30 13:49:41.563418,2026/05/30 13:49:41.611,0,NVIDIA A100-SXM-64GB,156.07,48124,100
4621,2026-05-30 13:49:41.563418,2026/05/30 13:49:41.614,1,NVIDIA A100-SXM-64GB,184.44,48142,100
4622,2026-05-30 13:49:41.563418,2026/05/30 13:49:41.619,2,NVIDIA A100-SXM-64GB,173.81,48132,100
4623,2026-05-30 13:49:41.563418,2026/05/30 13:49:41.621,3,NVIDIA A100-SXM-64GB,144.75,48106,100
4624,2026-05-30 13:49:46.653529,2026/05/30 13:49:46.698,0,NVIDIA A100-SXM-64GB,178.76,48124,100
4625,2026-05-30 13:49:46.653529,2026/05/30 13:49:46.700,1,NVIDIA A100-SXM-64GB,169.09,48142,100
4626,2026-05-30 13:49:46.653529,2026/05/30 13:49:46.703,2,NVIDIA A100-SXM-64GB,169.09,48132,100
4627,2026-05-30 13:49:46.653529,2026/05/30 13:49:46.706,3,NVIDIA A100-SXM-64GB,156.38,48106,100
4628,2026-05-30 13:49:51.732155,2026/05/30 13:49:51.776,0,NVIDIA A100-SXM-64GB,145.04,48124,100
4629,2026-05-30 13:49:51.732155,2026/05/30 13:49:51.779,1,NVIDIA A100-SXM-64GB,179.82,48142,100
4630,2026-05-30 13:49:51.732155,2026/05/30 13:49:51.784,2,NVIDIA A100-SXM-64GB,147.20,48132,100
4631,2026-05-30 13:49:51.732155,2026/05/30 13:49:51.786,3,NVIDIA A100-SXM-64GB,172.44,48106,100
4632,2026-05-30 13:49:56.816407,2026/05/30 13:49:56.859,0,NVIDIA A100-SXM-64GB,146.43,48124,98
4633,2026-05-30 13:49:56.816407,2026/05/30 13:49:56.864,1,NVIDIA A100-SXM-64GB,139.19,48142,98
4634,2026-05-30 13:49:56.816407,2026/05/30 13:49:56.867,2,NVIDIA A100-SXM-64GB,118.52,48132,98
4635,2026-05-30 13:49:56.816407,2026/05/30 13:49:56.869,3,NVIDIA A100-SXM-64GB,124.48,48106,98
4636,2026-05-30 13:50:01.896035,2026/05/30 13:50:01.962,0,NVIDIA A100-SXM-64GB,151.30,48124,100
4637,2026-05-30 13:50:01.896035,2026/05/30 13:50:01.967,1,NVIDIA A100-SXM-64GB,146.75,48142,100
4638,2026-05-30 13:50:01.896035,2026/05/30 13:50:01.969,2,NVIDIA A100-SXM-64GB,144.46,48132,100
4639,2026-05-30 13:50:01.896035,2026/05/30 13:50:01.973,3,NVIDIA A100-SXM-64GB,138.31,48106,100
4640,2026-05-30 13:50:07.025621,2026/05/30 13:50:07.087,0,NVIDIA A100-SXM-64GB,120.30,48124,100
4641,2026-05-30 13:50:07.025621,2026/05/30 13:50:07.089,1,NVIDIA A100-SXM-64GB,151.04,48142,98
4642,2026-05-30 13:50:07.025621,2026/05/30 13:50:07.092,2,NVIDIA A100-SXM-64GB,150.89,48132,98
4643,2026-05-30 13:50:07.025621,2026/05/30 13:50:07.094,3,NVIDIA A100-SXM-64GB,137.84,48106,100
4644,2026-05-30 13:50:12.134441,2026/05/30 13:50:12.193,0,NVIDIA A100-SXM-64GB,169.33,48124,100
4645,2026-05-30 13:50:12.134441,2026/05/30 13:50:12.195,1,NVIDIA A100-SXM-64GB,153.47,48142,100
4646,2026-05-30 13:50:12.134441,2026/05/30 13:50:12.198,2,NVIDIA A100-SXM-64GB,159.46,48132,100
4647,2026-05-30 13:50:12.134441,2026/05/30 13:50:12.201,3,NVIDIA A100-SXM-64GB,143.48,48106,100
4648,2026-05-30 13:50:17.251303,2026/05/30 13:50:17.312,0,NVIDIA A100-SXM-64GB,123.70,48124,100
4649,2026-05-30 13:50:17.251303,2026/05/30 13:50:17.315,1,NVIDIA A100-SXM-64GB,151.04,48142,100
4650,2026-05-30 13:50:17.251303,2026/05/30 13:50:17.318,2,NVIDIA A100-SXM-64GB,182.80,48132,100
4651,2026-05-30 13:50:17.251303,2026/05/30 13:50:17.321,3,NVIDIA A100-SXM-64GB,187.80,48106,100
4652,2026-05-30 13:50:22.359219,2026/05/30 13:50:22.402,0,NVIDIA A100-SXM-64GB,129.18,48124,100
4653,2026-05-30 13:50:22.359219,2026/05/30 13:50:22.404,1,NVIDIA A100-SXM-64GB,140.31,48142,100
4654,2026-05-30 13:50:22.359219,2026/05/30 13:50:22.408,2,NVIDIA A100-SXM-64GB,153.31,48132,100
4655,2026-05-30 13:50:22.359219,2026/05/30 13:50:22.411,3,NVIDIA A100-SXM-64GB,162.65,48106,100
4656,2026-05-30 13:50:27.450933,2026/05/30 13:50:27.509,0,NVIDIA A100-SXM-64GB,181.83,48124,100
4657,2026-05-30 13:50:27.450933,2026/05/30 13:50:27.512,1,NVIDIA A100-SXM-64GB,130.52,48142,100
4658,2026-05-30 13:50:27.450933,2026/05/30 13:50:27.514,2,NVIDIA A100-SXM-64GB,142.59,48132,100
4659,2026-05-30 13:50:27.450933,2026/05/30 13:50:27.518,3,NVIDIA A100-SXM-64GB,131.26,48106,100
4660,2026-05-30 13:50:32.548237,2026/05/30 13:50:32.595,0,NVIDIA A100-SXM-64GB,149.32,48124,100
4661,2026-05-30 13:50:32.548237,2026/05/30 13:50:32.598,1,NVIDIA A100-SXM-64GB,155.34,48142,100
4662,2026-05-30 13:50:32.548237,2026/05/30 13:50:32.600,2,NVIDIA A100-SXM-64GB,160.35,48132,100
4663,2026-05-30 13:50:32.548237,2026/05/30 13:50:32.603,3,NVIDIA A100-SXM-64GB,141.67,48106,100
4664,2026-05-30 13:50:37.644610,2026/05/30 13:50:37.692,0,NVIDIA A100-SXM-64GB,177.10,48124,100
4665,2026-05-30 13:50:37.644610,2026/05/30 13:50:37.695,1,NVIDIA A100-SXM-64GB,134.48,48142,100
4666,2026-05-30 13:50:37.644610,2026/05/30 13:50:37.698,2,NVIDIA A100-SXM-64GB,166.77,48132,100
4667,2026-05-30 13:50:37.644610,2026/05/30 13:50:37.700,3,NVIDIA A100-SXM-64GB,133.87,48106,100
4668,2026-05-30 13:50:42.750499,2026/05/30 13:50:42.798,0,NVIDIA A100-SXM-64GB,141.42,48124,100
4669,2026-05-30 13:50:42.750499,2026/05/30 13:50:42.801,1,NVIDIA A100-SXM-64GB,147.96,48142,100
4670,2026-05-30 13:50:42.750499,2026/05/30 13:50:42.803,2,NVIDIA A100-SXM-64GB,141.85,48132,100
4671,2026-05-30 13:50:42.750499,2026/05/30 13:50:42.805,3,NVIDIA A100-SXM-64GB,160.67,48106,100
4672,2026-05-30 13:50:47.842439,2026/05/30 13:50:47.891,0,NVIDIA A100-SXM-64GB,132.53,48124,98
4673,2026-05-30 13:50:47.842439,2026/05/30 13:50:47.893,1,NVIDIA A100-SXM-64GB,116.10,48142,98
4674,2026-05-30 13:50:47.842439,2026/05/30 13:50:47.896,2,NVIDIA A100-SXM-64GB,147.81,48132,98
4675,2026-05-30 13:50:47.842439,2026/05/30 13:50:47.898,3,NVIDIA A100-SXM-64GB,137.70,48106,98
4676,2026-05-30 13:50:52.928528,2026/05/30 13:50:52.972,0,NVIDIA A100-SXM-64GB,179.41,48124,100
4677,2026-05-30 13:50:52.928528,2026/05/30 13:50:52.975,1,NVIDIA A100-SXM-64GB,169.42,48142,100
4678,2026-05-30 13:50:52.928528,2026/05/30 13:50:52.977,2,NVIDIA A100-SXM-64GB,164.36,48132,100
4679,2026-05-30 13:50:52.928528,2026/05/30 13:50:52.980,3,NVIDIA A100-SXM-64GB,126.03,48106,100
4680,2026-05-30 13:50:58.012506,2026/05/30 13:50:58.063,0,NVIDIA A100-SXM-64GB,169.33,48124,100
4681,2026-05-30 13:50:58.012506,2026/05/30 13:50:58.066,1,NVIDIA A100-SXM-64GB,178.28,48142,100
4682,2026-05-30 13:50:58.012506,2026/05/30 13:50:58.068,2,NVIDIA A100-SXM-64GB,150.56,48132,100
4683,2026-05-30 13:50:58.012506,2026/05/30 13:50:58.071,3,NVIDIA A100-SXM-64GB,150.26,48106,100
4684,2026-05-30 13:51:03.105717,2026/05/30 13:51:03.150,0,NVIDIA A100-SXM-64GB,139.74,48124,100
4685,2026-05-30 13:51:03.105717,2026/05/30 13:51:03.152,1,NVIDIA A100-SXM-64GB,164.96,48142,100
4686,2026-05-30 13:51:03.105717,2026/05/30 13:51:03.155,2,NVIDIA A100-SXM-64GB,138.90,48132,100
4687,2026-05-30 13:51:03.105717,2026/05/30 13:51:03.157,3,NVIDIA A100-SXM-64GB,132.80,48106,100
4688,2026-05-30 13:51:08.199906,2026/05/30 13:51:08.243,0,NVIDIA A100-SXM-64GB,180.62,48124,100
4689,2026-05-30 13:51:08.199906,2026/05/30 13:51:08.247,1,NVIDIA A100-SXM-64GB,177.49,48142,100
4690,2026-05-30 13:51:08.199906,2026/05/30 13:51:08.252,2,NVIDIA A100-SXM-64GB,175.35,48132,100
4691,2026-05-30 13:51:08.199906,2026/05/30 13:51:08.257,3,NVIDIA A100-SXM-64GB,161.11,48106,100
4692,2026-05-30 13:51:13.292922,2026/05/30 13:51:13.337,0,NVIDIA A100-SXM-64GB,157.00,48124,100
4693,2026-05-30 13:51:13.292922,2026/05/30 13:51:13.339,1,NVIDIA A100-SXM-64GB,153.79,48142,100
4694,2026-05-30 13:51:13.292922,2026/05/30 13:51:13.342,2,NVIDIA A100-SXM-64GB,157.60,48132,100
4695,2026-05-30 13:51:13.292922,2026/05/30 13:51:13.344,3,NVIDIA A100-SXM-64GB,129.38,48106,100
4696,2026-05-30 13:51:18.375527,2026/05/30 13:51:18.424,0,NVIDIA A100-SXM-64GB,136.67,48124,100
4697,2026-05-30 13:51:18.375527,2026/05/30 13:51:18.427,1,NVIDIA A100-SXM-64GB,151.04,48142,100
4698,2026-05-30 13:51:18.375527,2026/05/30 13:51:18.429,2,NVIDIA A100-SXM-64GB,177.83,48132,100
4699,2026-05-30 13:51:18.375527,2026/05/30 13:51:18.432,3,NVIDIA A100-SXM-64GB,169.69,48106,100
4700,2026-05-30 13:51:23.458355,2026/05/30 13:51:23.514,0,NVIDIA A100-SXM-64GB,165.66,48124,100
4701,2026-05-30 13:51:23.458355,2026/05/30 13:51:23.516,1,NVIDIA A100-SXM-64GB,153.19,48142,100
4702,2026-05-30 13:51:23.458355,2026/05/30 13:51:23.519,2,NVIDIA A100-SXM-64GB,175.68,48132,100
4703,2026-05-30 13:51:23.458355,2026/05/30 13:51:23.521,3,NVIDIA A100-SXM-64GB,145.03,48106,100
4704,2026-05-30 13:51:28.560077,2026/05/30 13:51:28.607,0,NVIDIA A100-SXM-64GB,148.44,48124,98
4705,2026-05-30 13:51:28.560077,2026/05/30 13:51:28.610,1,NVIDIA A100-SXM-64GB,148.57,48142,98
4706,2026-05-30 13:51:28.560077,2026/05/30 13:51:28.614,2,NVIDIA A100-SXM-64GB,144.73,48132,98
4707,2026-05-30 13:51:28.560077,2026/05/30 13:51:28.617,3,NVIDIA A100-SXM-64GB,142.88,48106,98
4708,2026-05-30 13:51:33.661797,2026/05/30 13:51:33.710,0,NVIDIA A100-SXM-64GB,173.88,48124,100
4709,2026-05-30 13:51:33.661797,2026/05/30 13:51:33.713,1,NVIDIA A100-SXM-64GB,153.47,48142,100
4710,2026-05-30 13:51:33.661797,2026/05/30 13:51:33.728,2,NVIDIA A100-SXM-64GB,145.21,48132,100
4711,2026-05-30 13:51:33.661797,2026/05/30 13:51:33.731,3,NVIDIA A100-SXM-64GB,130.65,48106,100
4712,2026-05-30 13:51:38.757615,2026/05/30 13:51:38.806,0,NVIDIA A100-SXM-64GB,136.20,48124,98
4713,2026-05-30 13:51:38.757615,2026/05/30 13:51:38.809,1,NVIDIA A100-SXM-64GB,151.04,48142,98
4714,2026-05-30 13:51:38.757615,2026/05/30 13:51:38.811,2,NVIDIA A100-SXM-64GB,151.16,48132,98
4715,2026-05-30 13:51:38.757615,2026/05/30 13:51:38.813,3,NVIDIA A100-SXM-64GB,145.36,48106,98
4716,2026-05-30 13:51:43.853675,2026/05/30 13:51:43.897,0,NVIDIA A100-SXM-64GB,199.26,48124,100
4717,2026-05-30 13:51:43.853675,2026/05/30 13:51:43.899,1,NVIDIA A100-SXM-64GB,179.49,48142,97
4718,2026-05-30 13:51:43.853675,2026/05/30 13:51:43.902,2,NVIDIA A100-SXM-64GB,156.66,48132,97
4719,2026-05-30 13:51:43.853675,2026/05/30 13:51:43.904,3,NVIDIA A100-SXM-64GB,135.56,48106,97
4720,2026-05-30 13:51:48.935183,2026/05/30 13:51:48.979,0,NVIDIA A100-SXM-64GB,139.14,48124,100
4721,2026-05-30 13:51:48.935183,2026/05/30 13:51:48.981,1,NVIDIA A100-SXM-64GB,141.20,48142,98
4722,2026-05-30 13:51:48.935183,2026/05/30 13:51:48.984,2,NVIDIA A100-SXM-64GB,139.84,48132,98
4723,2026-05-30 13:51:48.935183,2026/05/30 13:51:48.986,3,NVIDIA A100-SXM-64GB,140.46,48106,99
4724,2026-05-30 13:51:54.026066,2026/05/30 13:51:54.070,0,NVIDIA A100-SXM-64GB,143.09,48124,100
4725,2026-05-30 13:51:54.026066,2026/05/30 13:51:54.072,1,NVIDIA A100-SXM-64GB,155.61,48142,100
4726,2026-05-30 13:51:54.026066,2026/05/30 13:51:54.075,2,NVIDIA A100-SXM-64GB,165.23,48132,100
4727,2026-05-30 13:51:54.026066,2026/05/30 13:51:54.080,3,NVIDIA A100-SXM-64GB,132.14,48106,100
4728,2026-05-30 13:51:59.113823,2026/05/30 13:51:59.158,0,NVIDIA A100-SXM-64GB,157.87,48124,100
4729,2026-05-30 13:51:59.113823,2026/05/30 13:51:59.160,1,NVIDIA A100-SXM-64GB,180.76,48142,100
4730,2026-05-30 13:51:59.113823,2026/05/30 13:51:59.163,2,NVIDIA A100-SXM-64GB,173.71,48132,100
4731,2026-05-30 13:51:59.113823,2026/05/30 13:51:59.165,3,NVIDIA A100-SXM-64GB,166.51,48106,100
4732,2026-05-30 13:52:04.192367,2026/05/30 13:52:04.236,0,NVIDIA A100-SXM-64GB,160.02,48124,100
4733,2026-05-30 13:52:04.192367,2026/05/30 13:52:04.238,1,NVIDIA A100-SXM-64GB,173.99,48142,100
4734,2026-05-30 13:52:04.192367,2026/05/30 13:52:04.241,2,NVIDIA A100-SXM-64GB,159.63,48132,100
4735,2026-05-30 13:52:04.192367,2026/05/30 13:52:04.243,3,NVIDIA A100-SXM-64GB,139.66,48106,100
4736,2026-05-30 13:52:09.278682,2026/05/30 13:52:09.319,0,NVIDIA A100-SXM-64GB,142.90,48124,98
4737,2026-05-30 13:52:09.278682,2026/05/30 13:52:09.321,1,NVIDIA A100-SXM-64GB,144.60,48142,100
4738,2026-05-30 13:52:09.278682,2026/05/30 13:52:09.324,2,NVIDIA A100-SXM-64GB,179.64,48132,100
4739,2026-05-30 13:52:09.278682,2026/05/30 13:52:09.326,3,NVIDIA A100-SXM-64GB,155.49,48106,100
4740,2026-05-30 13:52:14.353318,2026/05/30 13:52:14.397,0,NVIDIA A100-SXM-64GB,148.29,48124,100
4741,2026-05-30 13:52:14.353318,2026/05/30 13:52:14.399,1,NVIDIA A100-SXM-64GB,157.15,48142,100
4742,2026-05-30 13:52:14.353318,2026/05/30 13:52:14.402,2,NVIDIA A100-SXM-64GB,123.75,48132,100
4743,2026-05-30 13:52:14.353318,2026/05/30 13:52:14.404,3,NVIDIA A100-SXM-64GB,145.03,48106,100
4744,2026-05-30 13:52:19.435143,2026/05/30 13:52:19.482,0,NVIDIA A100-SXM-64GB,172.40,48124,100
4745,2026-05-30 13:52:19.435143,2026/05/30 13:52:19.485,1,NVIDIA A100-SXM-64GB,181.64,48142,100
4746,2026-05-30 13:52:19.435143,2026/05/30 13:52:19.487,2,NVIDIA A100-SXM-64GB,187.61,48132,100
4747,2026-05-30 13:52:19.435143,2026/05/30 13:52:19.490,3,NVIDIA A100-SXM-64GB,173.38,48106,100
4748,2026-05-30 13:52:24.531236,2026/05/30 13:52:24.574,0,NVIDIA A100-SXM-64GB,173.61,48124,100
4749,2026-05-30 13:52:24.531236,2026/05/30 13:52:24.579,1,NVIDIA A100-SXM-64GB,178.10,48142,100
4750,2026-05-30 13:52:24.531236,2026/05/30 13:52:24.581,2,NVIDIA A100-SXM-64GB,128.04,48132,100
4751,2026-05-30 13:52:24.531236,2026/05/30 13:52:24.584,3,NVIDIA A100-SXM-64GB,114.68,48106,100
4752,2026-05-30 13:52:29.614020,2026/05/30 13:52:29.662,0,NVIDIA A100-SXM-64GB,187.31,48124,100
4753,2026-05-30 13:52:29.614020,2026/05/30 13:52:29.665,1,NVIDIA A100-SXM-64GB,184.53,48142,100
4754,2026-05-30 13:52:29.614020,2026/05/30 13:52:29.667,2,NVIDIA A100-SXM-64GB,192.57,48132,100
4755,2026-05-30 13:52:29.614020,2026/05/30 13:52:29.670,3,NVIDIA A100-SXM-64GB,179.49,48106,100
4756,2026-05-30 13:52:34.696529,2026/05/30 13:52:34.744,0,NVIDIA A100-SXM-64GB,155.30,48124,100
4757,2026-05-30 13:52:34.696529,2026/05/30 13:52:34.746,1,NVIDIA A100-SXM-64GB,150.11,48142,100
4758,2026-05-30 13:52:34.696529,2026/05/30 13:52:34.749,2,NVIDIA A100-SXM-64GB,166.17,48132,100
4759,2026-05-30 13:52:34.696529,2026/05/30 13:52:34.751,3,NVIDIA A100-SXM-64GB,133.68,48106,100
4760,2026-05-30 13:52:39.791992,2026/05/30 13:52:39.836,0,NVIDIA A100-SXM-64GB,189.90,48124,100
4761,2026-05-30 13:52:39.791992,2026/05/30 13:52:39.840,1,NVIDIA A100-SXM-64GB,192.17,48142,100
4762,2026-05-30 13:52:39.791992,2026/05/30 13:52:39.843,2,NVIDIA A100-SXM-64GB,171.49,48132,100
4763,2026-05-30 13:52:39.791992,2026/05/30 13:52:39.846,3,NVIDIA A100-SXM-64GB,166.17,48106,100
4764,2026-05-30 13:52:44.885999,2026/05/30 13:52:44.934,0,NVIDIA A100-SXM-64GB,163.25,48124,100
4765,2026-05-30 13:52:44.885999,2026/05/30 13:52:44.937,1,NVIDIA A100-SXM-64GB,164.96,48142,100
4766,2026-05-30 13:52:44.885999,2026/05/30 13:52:44.939,2,NVIDIA A100-SXM-64GB,157.32,48132,100
4767,2026-05-30 13:52:44.885999,2026/05/30 13:52:44.942,3,NVIDIA A100-SXM-64GB,166.67,48106,100
4768,2026-05-30 13:52:49.983528,2026/05/30 13:52:50.031,0,NVIDIA A100-SXM-64GB,150.58,48124,100
4769,2026-05-30 13:52:49.983528,2026/05/30 13:52:50.034,1,NVIDIA A100-SXM-64GB,175.26,48142,100
4770,2026-05-30 13:52:49.983528,2026/05/30 13:52:50.038,2,NVIDIA A100-SXM-64GB,115.17,48132,100
4771,2026-05-30 13:52:49.983528,2026/05/30 13:52:50.041,3,NVIDIA A100-SXM-64GB,189.01,48106,100
4772,2026-05-30 13:52:55.084531,2026/05/30 13:52:55.133,0,NVIDIA A100-SXM-64GB,150.70,48124,100
4773,2026-05-30 13:52:55.084531,2026/05/30 13:52:55.136,1,NVIDIA A100-SXM-64GB,149.78,48142,100
4774,2026-05-30 13:52:55.084531,2026/05/30 13:52:55.138,2,NVIDIA A100-SXM-64GB,153.03,48132,100
4775,2026-05-30 13:52:55.084531,2026/05/30 13:52:55.141,3,NVIDIA A100-SXM-64GB,144.00,48106,100
4776,2026-05-30 13:53:00.189606,2026/05/30 13:53:00.237,0,NVIDIA A100-SXM-64GB,165.06,48124,100
4777,2026-05-30 13:53:00.189606,2026/05/30 13:53:00.243,1,NVIDIA A100-SXM-64GB,190.02,48142,100
4778,2026-05-30 13:53:00.189606,2026/05/30 13:53:00.248,2,NVIDIA A100-SXM-64GB,180.39,48132,100
4779,2026-05-30 13:53:00.189606,2026/05/30 13:53:00.251,3,NVIDIA A100-SXM-64GB,189.34,48106,100
4780,2026-05-30 13:53:05.283380,2026/05/30 13:53:05.332,0,NVIDIA A100-SXM-64GB,153.60,48124,100
4781,2026-05-30 13:53:05.283380,2026/05/30 13:53:05.334,1,NVIDIA A100-SXM-64GB,143.06,48142,100
4782,2026-05-30 13:53:05.283380,2026/05/30 13:53:05.337,2,NVIDIA A100-SXM-64GB,163.59,48132,100
4783,2026-05-30 13:53:05.283380,2026/05/30 13:53:05.339,3,NVIDIA A100-SXM-64GB,154.84,48106,100
4784,2026-05-30 13:53:10.378612,2026/05/30 13:53:10.427,0,NVIDIA A100-SXM-64GB,186.10,48124,100
4785,2026-05-30 13:53:10.378612,2026/05/30 13:53:10.430,1,NVIDIA A100-SXM-64GB,188.73,48142,100
4786,2026-05-30 13:53:10.378612,2026/05/30 13:53:10.432,2,NVIDIA A100-SXM-64GB,185.46,48132,100
4787,2026-05-30 13:53:10.378612,2026/05/30 13:53:10.437,3,NVIDIA A100-SXM-64GB,184.63,48106,100
4788,2026-05-30 13:53:15.490297,2026/05/30 13:53:15.534,0,NVIDIA A100-SXM-64GB,168.57,48124,100
4789,2026-05-30 13:53:15.490297,2026/05/30 13:53:15.538,1,NVIDIA A100-SXM-64GB,173.71,48142,100
4790,2026-05-30 13:53:15.490297,2026/05/30 13:53:15.540,2,NVIDIA A100-SXM-64GB,174.74,48132,100
4791,2026-05-30 13:53:15.490297,2026/05/30 13:53:15.543,3,NVIDIA A100-SXM-64GB,156.10,48106,100
4792,2026-05-30 13:53:20.582620,2026/05/30 13:53:20.630,0,NVIDIA A100-SXM-64GB,184.29,48124,100
4793,2026-05-30 13:53:20.582620,2026/05/30 13:53:20.636,1,NVIDIA A100-SXM-64GB,181.03,48142,100
4794,2026-05-30 13:53:20.582620,2026/05/30 13:53:20.638,2,NVIDIA A100-SXM-64GB,175.35,48132,100
4795,2026-05-30 13:53:20.582620,2026/05/30 13:53:20.642,3,NVIDIA A100-SXM-64GB,175.44,48106,100
4796,2026-05-30 13:53:25.684653,2026/05/30 13:53:25.734,0,NVIDIA A100-SXM-64GB,175.32,48124,100
4797,2026-05-30 13:53:25.684653,2026/05/30 13:53:25.737,1,NVIDIA A100-SXM-64GB,171.84,48142,100
4798,2026-05-30 13:53:25.684653,2026/05/30 13:53:25.742,2,NVIDIA A100-SXM-64GB,162.99,48132,100
4799,2026-05-30 13:53:25.684653,2026/05/30 13:53:25.744,3,NVIDIA A100-SXM-64GB,174.50,48106,100
4800,2026-05-30 13:53:30.788496,2026/05/30 13:53:30.832,0,NVIDIA A100-SXM-64GB,189.44,48124,100
4801,2026-05-30 13:53:30.788496,2026/05/30 13:53:30.834,1,NVIDIA A100-SXM-64GB,194.85,48142,100
4802,2026-05-30 13:53:30.788496,2026/05/30 13:53:30.837,2,NVIDIA A100-SXM-64GB,171.57,48132,100
4803,2026-05-30 13:53:30.788496,2026/05/30 13:53:30.839,3,NVIDIA A100-SXM-64GB,173.99,48106,100
4804,2026-05-30 13:53:35.866384,2026/05/30 13:53:35.910,0,NVIDIA A100-SXM-64GB,138.62,48124,100
4805,2026-05-30 13:53:35.866384,2026/05/30 13:53:35.912,1,NVIDIA A100-SXM-64GB,142.74,48142,100
4806,2026-05-30 13:53:35.866384,2026/05/30 13:53:35.915,2,NVIDIA A100-SXM-64GB,171.67,48132,100
4807,2026-05-30 13:53:35.866384,2026/05/30 13:53:35.917,3,NVIDIA A100-SXM-64GB,142.61,48106,100
4808,2026-05-30 13:53:40.948301,2026/05/30 13:53:40.992,0,NVIDIA A100-SXM-64GB,171.74,48124,100
4809,2026-05-30 13:53:40.948301,2026/05/30 13:53:40.994,1,NVIDIA A100-SXM-64GB,174.92,48142,100
4810,2026-05-30 13:53:40.948301,2026/05/30 13:53:41.000,2,NVIDIA A100-SXM-64GB,178.70,48132,100
4811,2026-05-30 13:53:40.948301,2026/05/30 13:53:41.003,3,NVIDIA A100-SXM-64GB,181.36,48106,100
4812,2026-05-30 13:53:46.050607,2026/05/30 13:53:46.095,0,NVIDIA A100-SXM-64GB,142.30,48124,100
4813,2026-05-30 13:53:46.050607,2026/05/30 13:53:46.097,1,NVIDIA A100-SXM-64GB,154.40,48142,100
4814,2026-05-30 13:53:46.050607,2026/05/30 13:53:46.101,2,NVIDIA A100-SXM-64GB,142.74,48132,100
4815,2026-05-30 13:53:46.050607,2026/05/30 13:53:46.106,3,NVIDIA A100-SXM-64GB,157.65,48106,100
4816,2026-05-30 13:53:51.156871,2026/05/30 13:53:51.218,0,NVIDIA A100-SXM-64GB,179.69,48124,100
4817,2026-05-30 13:53:51.156871,2026/05/30 13:53:51.225,1,NVIDIA A100-SXM-64GB,145.21,48142,100
4818,2026-05-30 13:53:51.156871,2026/05/30 13:53:51.228,2,NVIDIA A100-SXM-64GB,193.51,48132,100
4819,2026-05-30 13:53:51.156871,2026/05/30 13:53:51.230,3,NVIDIA A100-SXM-64GB,164.19,48106,100
4820,2026-05-30 13:53:56.257794,2026/05/30 13:53:56.305,0,NVIDIA A100-SXM-64GB,156.84,48124,100
4821,2026-05-30 13:53:56.257794,2026/05/30 13:53:56.308,1,NVIDIA A100-SXM-64GB,174.41,48142,100
4822,2026-05-30 13:53:56.257794,2026/05/30 13:53:56.310,2,NVIDIA A100-SXM-64GB,158.20,48132,100
4823,2026-05-30 13:53:56.257794,2026/05/30 13:53:56.313,3,NVIDIA A100-SXM-64GB,133.68,48106,100
4824,2026-05-30 13:54:01.340499,2026/05/30 13:54:01.386,0,NVIDIA A100-SXM-64GB,128.26,48124,98
4825,2026-05-30 13:54:01.340499,2026/05/30 13:54:01.388,1,NVIDIA A100-SXM-64GB,131.26,48142,98
4826,2026-05-30 13:54:01.340499,2026/05/30 13:54:01.391,2,NVIDIA A100-SXM-64GB,128.65,48132,98
4827,2026-05-30 13:54:01.340499,2026/05/30 13:54:01.394,3,NVIDIA A100-SXM-64GB,143.48,48106,98
4828,2026-05-30 13:54:06.425039,2026/05/30 13:54:06.474,0,NVIDIA A100-SXM-64GB,180.29,48124,100
4829,2026-05-30 13:54:06.425039,2026/05/30 13:54:06.476,1,NVIDIA A100-SXM-64GB,203.70,48142,100
4830,2026-05-30 13:54:06.425039,2026/05/30 13:54:06.479,2,NVIDIA A100-SXM-64GB,183.32,48132,100
4831,2026-05-30 13:54:06.425039,2026/05/30 13:54:06.481,3,NVIDIA A100-SXM-64GB,127.23,48106,100
4832,2026-05-30 13:54:11.524430,2026/05/30 13:54:11.568,0,NVIDIA A100-SXM-64GB,144.43,48124,98
4833,2026-05-30 13:54:11.524430,2026/05/30 13:54:11.571,1,NVIDIA A100-SXM-64GB,151.04,48142,98
4834,2026-05-30 13:54:11.524430,2026/05/30 13:54:11.573,2,NVIDIA A100-SXM-64GB,145.49,48132,100
4835,2026-05-30 13:54:11.524430,2026/05/30 13:54:11.576,3,NVIDIA A100-SXM-64GB,145.36,48106,98
4836,2026-05-30 13:54:16.616021,2026/05/30 13:54:16.660,0,NVIDIA A100-SXM-64GB,148.11,48124,98
4837,2026-05-30 13:54:16.616021,2026/05/30 13:54:16.662,1,NVIDIA A100-SXM-64GB,151.93,48142,97
4838,2026-05-30 13:54:16.616021,2026/05/30 13:54:16.665,2,NVIDIA A100-SXM-64GB,146.14,48132,93
4839,2026-05-30 13:54:16.616021,2026/05/30 13:54:16.670,3,NVIDIA A100-SXM-64GB,140.13,48106,95
4840,2026-05-30 13:54:21.711075,2026/05/30 13:54:21.755,0,NVIDIA A100-SXM-64GB,149.04,48124,100
4841,2026-05-30 13:54:21.711075,2026/05/30 13:54:21.757,1,NVIDIA A100-SXM-64GB,147.35,48142,100
4842,2026-05-30 13:54:21.711075,2026/05/30 13:54:21.767,2,NVIDIA A100-SXM-64GB,167.38,48132,100
4843,2026-05-30 13:54:21.711075,2026/05/30 13:54:21.770,3,NVIDIA A100-SXM-64GB,141.07,48106,100
4844,2026-05-30 13:54:26.803848,2026/05/30 13:54:26.848,0,NVIDIA A100-SXM-64GB,139.55,48124,97
4845,2026-05-30 13:54:26.803848,2026/05/30 13:54:26.850,1,NVIDIA A100-SXM-64GB,147.96,48142,97
4846,2026-05-30 13:54:26.803848,2026/05/30 13:54:26.853,2,NVIDIA A100-SXM-64GB,144.28,48132,100
4847,2026-05-30 13:54:26.803848,2026/05/30 13:54:26.855,3,NVIDIA A100-SXM-64GB,134.01,48106,98
4848,2026-05-30 13:54:31.886588,2026/05/30 13:54:31.934,0,NVIDIA A100-SXM-64GB,148.11,48124,98
4849,2026-05-30 13:54:31.886588,2026/05/30 13:54:31.937,1,NVIDIA A100-SXM-64GB,147.96,48142,98
4850,2026-05-30 13:54:31.886588,2026/05/30 13:54:31.939,2,NVIDIA A100-SXM-64GB,149.35,48132,100
4851,2026-05-30 13:54:31.886588,2026/05/30 13:54:31.943,3,NVIDIA A100-SXM-64GB,143.48,48106,98
4852,2026-05-30 13:54:36.974756,2026/05/30 13:54:37.019,0,NVIDIA A100-SXM-64GB,141.27,48124,98
4853,2026-05-30 13:54:36.974756,2026/05/30 13:54:37.024,1,NVIDIA A100-SXM-64GB,150.43,48142,100
4854,2026-05-30 13:54:36.974756,2026/05/30 13:54:37.031,2,NVIDIA A100-SXM-64GB,148.14,48132,97
4855,2026-05-30 13:54:36.974756,2026/05/30 13:54:37.033,3,NVIDIA A100-SXM-64GB,137.70,48106,97
4856,2026-05-30 13:54:42.078844,2026/05/30 13:54:42.130,0,NVIDIA A100-SXM-64GB,196.26,48124,100
4857,2026-05-30 13:54:42.078844,2026/05/30 13:54:42.133,1,NVIDIA A100-SXM-64GB,188.54,48142,100
4858,2026-05-30 13:54:42.078844,2026/05/30 13:54:42.135,2,NVIDIA A100-SXM-64GB,140.78,48132,98
4859,2026-05-30 13:54:42.078844,2026/05/30 13:54:42.138,3,NVIDIA A100-SXM-64GB,140.59,48106,100
4860,2026-05-30 13:54:47.189274,2026/05/30 13:54:47.237,0,NVIDIA A100-SXM-64GB,149.16,48124,100
4861,2026-05-30 13:54:47.189274,2026/05/30 13:54:47.239,1,NVIDIA A100-SXM-64GB,160.84,48142,100
4862,2026-05-30 13:54:47.189274,2026/05/30 13:54:47.242,2,NVIDIA A100-SXM-64GB,153.64,48132,100
4863,2026-05-30 13:54:47.189274,2026/05/30 13:54:47.245,3,NVIDIA A100-SXM-64GB,143.48,48106,100
4864,2026-05-30 13:54:52.280223,2026/05/30 13:54:52.324,0,NVIDIA A100-SXM-64GB,134.53,48124,98
4865,2026-05-30 13:54:52.280223,2026/05/30 13:54:52.328,1,NVIDIA A100-SXM-64GB,143.85,48142,98
4866,2026-05-30 13:54:52.280223,2026/05/30 13:54:52.330,2,NVIDIA A100-SXM-64GB,139.84,48132,98
4867,2026-05-30 13:54:52.280223,2026/05/30 13:54:52.333,3,NVIDIA A100-SXM-64GB,129.38,48106,98
4868,2026-05-30 13:54:57.363932,2026/05/30 13:54:57.418,0,NVIDIA A100-SXM-64GB,144.01,48124,97
4869,2026-05-30 13:54:57.363932,2026/05/30 13:54:57.420,1,NVIDIA A100-SXM-64GB,140.92,48142,98
4870,2026-05-30 13:54:57.363932,2026/05/30 13:54:57.423,2,NVIDIA A100-SXM-64GB,142.92,48132,100
4871,2026-05-30 13:54:57.363932,2026/05/30 13:54:57.425,3,NVIDIA A100-SXM-64GB,130.32,48106,100
4872,2026-05-30 13:55:02.452645,2026/05/30 13:55:02.497,0,NVIDIA A100-SXM-64GB,136.67,48124,98
4873,2026-05-30 13:55:02.452645,2026/05/30 13:55:02.499,1,NVIDIA A100-SXM-64GB,142.92,48142,98
4874,2026-05-30 13:55:02.452645,2026/05/30 13:55:02.502,2,NVIDIA A100-SXM-64GB,138.30,48132,98
4875,2026-05-30 13:55:02.452645,2026/05/30 13:55:02.505,3,NVIDIA A100-SXM-64GB,149.18,48106,98
4876,2026-05-30 13:55:07.536404,2026/05/30 13:55:07.593,0,NVIDIA A100-SXM-64GB,165.33,48124,100
4877,2026-05-30 13:55:07.536404,2026/05/30 13:55:07.595,1,NVIDIA A100-SXM-64GB,155.34,48142,100
4878,2026-05-30 13:55:07.536404,2026/05/30 13:55:07.598,2,NVIDIA A100-SXM-64GB,167.11,48132,98
4879,2026-05-30 13:55:07.536404,2026/05/30 13:55:07.600,3,NVIDIA A100-SXM-64GB,127.57,48106,100
4880,2026-05-30 13:55:12.629984,2026/05/30 13:55:12.675,0,NVIDIA A100-SXM-64GB,142.48,48124,100
4881,2026-05-30 13:55:12.629984,2026/05/30 13:55:12.677,1,NVIDIA A100-SXM-64GB,141.52,48142,100
4882,2026-05-30 13:55:12.629984,2026/05/30 13:55:12.680,2,NVIDIA A100-SXM-64GB,139.57,48132,98
4883,2026-05-30 13:55:12.629984,2026/05/30 13:55:12.682,3,NVIDIA A100-SXM-64GB,129.85,48106,98
4884,2026-05-30 13:55:17.713530,2026/05/30 13:55:17.772,0,NVIDIA A100-SXM-64GB,164.13,48124,100
4885,2026-05-30 13:55:17.713530,2026/05/30 13:55:17.774,1,NVIDIA A100-SXM-64GB,157.60,48142,100
4886,2026-05-30 13:55:17.713530,2026/05/30 13:55:17.780,2,NVIDIA A100-SXM-64GB,167.11,48132,100
4887,2026-05-30 13:55:17.713530,2026/05/30 13:55:17.782,3,NVIDIA A100-SXM-64GB,144.88,48106,100
4888,2026-05-30 13:55:22.822049,2026/05/30 13:55:22.866,0,NVIDIA A100-SXM-64GB,142.48,48124,98
4889,2026-05-30 13:55:22.822049,2026/05/30 13:55:22.868,1,NVIDIA A100-SXM-64GB,148.57,48142,98
4890,2026-05-30 13:55:22.822049,2026/05/30 13:55:22.871,2,NVIDIA A100-SXM-64GB,143.85,48132,98
4891,2026-05-30 13:55:22.822049,2026/05/30 13:55:22.873,3,NVIDIA A100-SXM-64GB,139.19,48106,98
4892,2026-05-30 13:55:27.900657,2026/05/30 13:55:27.958,0,NVIDIA A100-SXM-64GB,149.49,48124,100
4893,2026-05-30 13:55:27.900657,2026/05/30 13:55:27.967,1,NVIDIA A100-SXM-64GB,166.50,48142,100
4894,2026-05-30 13:55:27.900657,2026/05/30 13:55:27.970,2,NVIDIA A100-SXM-64GB,152.70,48132,100
4895,2026-05-30 13:55:27.900657,2026/05/30 13:55:27.973,3,NVIDIA A100-SXM-64GB,194.52,48106,100
4896,2026-05-30 13:55:33.000527,2026/05/30 13:55:33.048,0,NVIDIA A100-SXM-64GB,148.57,48124,98
4897,2026-05-30 13:55:33.000527,2026/05/30 13:55:33.051,1,NVIDIA A100-SXM-64GB,149.62,48142,98
4898,2026-05-30 13:55:33.000527,2026/05/30 13:55:33.053,2,NVIDIA A100-SXM-64GB,145.99,48132,98
4899,2026-05-30 13:55:33.000527,2026/05/30 13:55:33.056,3,NVIDIA A100-SXM-64GB,136.96,48106,98
4900,2026-05-30 13:55:38.098213,2026/05/30 13:55:38.155,0,NVIDIA A100-SXM-64GB,151.79,48124,98
4901,2026-05-30 13:55:38.098213,2026/05/30 13:55:38.158,1,NVIDIA A100-SXM-64GB,146.14,48142,98
4902,2026-05-30 13:55:38.098213,2026/05/30 13:55:38.161,2,NVIDIA A100-SXM-64GB,145.82,48132,100
4903,2026-05-30 13:55:38.098213,2026/05/30 13:55:38.164,3,NVIDIA A100-SXM-64GB,128.78,48106,100
4904,2026-05-30 13:55:43.198336,2026/05/30 13:55:43.242,0,NVIDIA A100-SXM-64GB,138.80,48124,100
4905,2026-05-30 13:55:43.198336,2026/05/30 13:55:43.244,1,NVIDIA A100-SXM-64GB,136.96,48142,98
4906,2026-05-30 13:55:43.198336,2026/05/30 13:55:43.250,2,NVIDIA A100-SXM-64GB,138.30,48132,100
4907,2026-05-30 13:55:43.198336,2026/05/30 13:55:43.255,3,NVIDIA A100-SXM-64GB,129.99,48106,98
4908,2026-05-30 13:55:48.286399,2026/05/30 13:55:48.330,0,NVIDIA A100-SXM-64GB,146.90,48124,100
4909,2026-05-30 13:55:48.286399,2026/05/30 13:55:48.332,1,NVIDIA A100-SXM-64GB,184.44,48142,100
4910,2026-05-30 13:55:48.286399,2026/05/30 13:55:48.335,2,NVIDIA A100-SXM-64GB,142.59,48132,100
4911,2026-05-30 13:55:48.286399,2026/05/30 13:55:48.339,3,NVIDIA A100-SXM-64GB,142.61,48106,100
4912,2026-05-30 13:55:53.370742,2026/05/30 13:55:53.420,0,NVIDIA A100-SXM-64GB,179.69,48124,100
4913,2026-05-30 13:55:53.370742,2026/05/30 13:55:53.423,1,NVIDIA A100-SXM-64GB,192.50,48142,100
4914,2026-05-30 13:55:53.370742,2026/05/30 13:55:53.425,2,NVIDIA A100-SXM-64GB,187.69,48132,100
4915,2026-05-30 13:55:53.370742,2026/05/30 13:55:53.428,3,NVIDIA A100-SXM-64GB,186.87,48106,100
4916,2026-05-30 13:55:58.483065,2026/05/30 13:55:58.527,0,NVIDIA A100-SXM-64GB,163.85,48124,100
4917,2026-05-30 13:55:58.483065,2026/05/30 13:55:58.529,1,NVIDIA A100-SXM-64GB,156.82,48142,100
4918,2026-05-30 13:55:58.483065,2026/05/30 13:55:58.532,2,NVIDIA A100-SXM-64GB,171.67,48132,100
4919,2026-05-30 13:55:58.483065,2026/05/30 13:55:58.537,3,NVIDIA A100-SXM-64GB,168.66,48106,100
4920,2026-05-30 13:56:03.568829,2026/05/30 13:56:03.626,0,NVIDIA A100-SXM-64GB,189.44,48124,100
4921,2026-05-30 13:56:03.568829,2026/05/30 13:56:03.629,1,NVIDIA A100-SXM-64GB,185.13,48142,100
4922,2026-05-30 13:56:03.568829,2026/05/30 13:56:03.633,2,NVIDIA A100-SXM-64GB,189.75,48132,100
4923,2026-05-30 13:56:03.568829,2026/05/30 13:56:03.638,3,NVIDIA A100-SXM-64GB,186.78,48106,100
4924,2026-05-30 13:56:08.681462,2026/05/30 13:56:08.724,0,NVIDIA A100-SXM-64GB,174.06,48124,100
4925,2026-05-30 13:56:08.681462,2026/05/30 13:56:08.727,1,NVIDIA A100-SXM-64GB,147.96,48142,100
4926,2026-05-30 13:56:08.681462,2026/05/30 13:56:08.730,2,NVIDIA A100-SXM-64GB,178.10,48132,100
4927,2026-05-30 13:56:08.681462,2026/05/30 13:56:08.732,3,NVIDIA A100-SXM-64GB,162.82,48106,100
4928,2026-05-30 13:56:13.764816,2026/05/30 13:56:13.816,0,NVIDIA A100-SXM-64GB,173.46,48124,100
4929,2026-05-30 13:56:13.764816,2026/05/30 13:56:13.819,1,NVIDIA A100-SXM-64GB,189.62,48142,100
4930,2026-05-30 13:56:13.764816,2026/05/30 13:56:13.821,2,NVIDIA A100-SXM-64GB,175.86,48132,100
4931,2026-05-30 13:56:13.764816,2026/05/30 13:56:13.824,3,NVIDIA A100-SXM-64GB,181.22,48106,100
4932,2026-05-30 13:56:18.864760,2026/05/30 13:56:18.909,0,NVIDIA A100-SXM-64GB,157.00,48124,100
4933,2026-05-30 13:56:18.864760,2026/05/30 13:56:18.911,1,NVIDIA A100-SXM-64GB,150.72,48142,100
4934,2026-05-30 13:56:18.864760,2026/05/30 13:56:18.915,2,NVIDIA A100-SXM-64GB,160.24,48132,100
4935,2026-05-30 13:56:18.864760,2026/05/30 13:56:18.918,3,NVIDIA A100-SXM-64GB,144.42,48106,100
4936,2026-05-30 13:56:23.963613,2026/05/30 13:56:24.011,0,NVIDIA A100-SXM-64GB,165.83,48124,100
4937,2026-05-30 13:56:23.963613,2026/05/30 13:56:24.014,1,NVIDIA A100-SXM-64GB,187.47,48142,100
4938,2026-05-30 13:56:23.963613,2026/05/30 13:56:24.019,2,NVIDIA A100-SXM-64GB,167.55,48132,100
4939,2026-05-30 13:56:23.963613,2026/05/30 13:56:24.021,3,NVIDIA A100-SXM-64GB,190.41,48106,100
4940,2026-05-30 13:56:29.064465,2026/05/30 13:56:29.109,0,NVIDIA A100-SXM-64GB,177.55,48124,100
4941,2026-05-30 13:56:29.064465,2026/05/30 13:56:29.111,1,NVIDIA A100-SXM-64GB,160.51,48142,100
4942,2026-05-30 13:56:29.064465,2026/05/30 13:56:29.117,2,NVIDIA A100-SXM-64GB,163.42,48132,100
4943,2026-05-30 13:56:29.064465,2026/05/30 13:56:29.120,3,NVIDIA A100-SXM-64GB,153.62,48106,100
4944,2026-05-30 13:56:34.154383,2026/05/30 13:56:34.202,0,NVIDIA A100-SXM-64GB,146.90,48124,98
4945,2026-05-30 13:56:34.154383,2026/05/30 13:56:34.207,1,NVIDIA A100-SXM-64GB,147.63,48142,98
4946,2026-05-30 13:56:34.154383,2026/05/30 13:56:34.210,2,NVIDIA A100-SXM-64GB,144.13,48132,100
4947,2026-05-30 13:56:34.154383,2026/05/30 13:56:34.212,3,NVIDIA A100-SXM-64GB,193.63,48106,100
4948,2026-05-30 13:56:39.240107,2026/05/30 13:56:39.288,0,NVIDIA A100-SXM-64GB,153.92,48124,100
4949,2026-05-30 13:56:39.240107,2026/05/30 13:56:39.291,1,NVIDIA A100-SXM-64GB,147.03,48142,100
4950,2026-05-30 13:56:39.240107,2026/05/30 13:56:39.293,2,NVIDIA A100-SXM-64GB,124.35,48132,100
4951,2026-05-30 13:56:39.240107,2026/05/30 13:56:39.300,3,NVIDIA A100-SXM-64GB,202.82,48106,100
4952,2026-05-30 13:56:44.332856,2026/05/30 13:56:44.385,0,NVIDIA A100-SXM-64GB,134.07,48124,100
4953,2026-05-30 13:56:44.332856,2026/05/30 13:56:44.387,1,NVIDIA A100-SXM-64GB,194.24,48142,100
4954,2026-05-30 13:56:44.332856,2026/05/30 13:56:44.392,2,NVIDIA A100-SXM-64GB,142.46,48132,100
4955,2026-05-30 13:56:44.332856,2026/05/30 13:56:44.398,3,NVIDIA A100-SXM-64GB,114.19,48106,98
4956,2026-05-30 13:56:49.439001,2026/05/30 13:56:49.483,0,NVIDIA A100-SXM-64GB,165.50,48124,100
4957,2026-05-30 13:56:49.439001,2026/05/30 13:56:49.485,1,NVIDIA A100-SXM-64GB,167.28,48142,100
4958,2026-05-30 13:56:49.439001,2026/05/30 13:56:49.488,2,NVIDIA A100-SXM-64GB,162.05,48132,100
4959,2026-05-30 13:56:49.439001,2026/05/30 13:56:49.490,3,NVIDIA A100-SXM-64GB,171.74,48106,100
4960,2026-05-30 13:56:54.518050,2026/05/30 13:56:54.563,0,NVIDIA A100-SXM-64GB,145.37,48124,98
4961,2026-05-30 13:56:54.518050,2026/05/30 13:56:54.565,1,NVIDIA A100-SXM-64GB,151.04,48142,98
4962,2026-05-30 13:56:54.518050,2026/05/30 13:56:54.568,2,NVIDIA A100-SXM-64GB,148.29,48132,100
4963,2026-05-30 13:56:54.518050,2026/05/30 13:56:54.570,3,NVIDIA A100-SXM-64GB,138.91,48106,98
4964,2026-05-30 13:56:59.619614,2026/05/30 13:56:59.664,0,NVIDIA A100-SXM-64GB,138.62,48124,98
4965,2026-05-30 13:56:59.619614,2026/05/30 13:56:59.666,1,NVIDIA A100-SXM-64GB,138.45,48142,99
4966,2026-05-30 13:56:59.619614,2026/05/30 13:56:59.671,2,NVIDIA A100-SXM-64GB,153.03,48132,97
4967,2026-05-30 13:56:59.619614,2026/05/30 13:56:59.674,3,NVIDIA A100-SXM-64GB,131.26,48106,100
4968,2026-05-30 13:57:04.715223,2026/05/30 13:57:04.765,0,NVIDIA A100-SXM-64GB,165.83,48124,100
4969,2026-05-30 13:57:04.715223,2026/05/30 13:57:04.767,1,NVIDIA A100-SXM-64GB,182.57,48142,100
4970,2026-05-30 13:57:04.715223,2026/05/30 13:57:04.772,2,NVIDIA A100-SXM-64GB,176.74,48132,100
4971,2026-05-30 13:57:04.715223,2026/05/30 13:57:04.775,3,NVIDIA A100-SXM-64GB,152.68,48106,100
4972,2026-05-30 13:57:09.807529,2026/05/30 13:57:09.851,0,NVIDIA A100-SXM-64GB,145.04,48124,100
4973,2026-05-30 13:57:09.807529,2026/05/30 13:57:09.853,1,NVIDIA A100-SXM-64GB,152.86,48142,100
4974,2026-05-30 13:57:09.807529,2026/05/30 13:57:09.856,2,NVIDIA A100-SXM-64GB,148.29,48132,97
4975,2026-05-30 13:57:09.807529,2026/05/30 13:57:09.862,3,NVIDIA A100-SXM-64GB,145.03,48106,100
4976,2026-05-30 13:57:14.895820,2026/05/30 13:57:14.935,0,NVIDIA A100-SXM-64GB,182.76,48124,100
4977,2026-05-30 13:57:14.895820,2026/05/30 13:57:14.940,1,NVIDIA A100-SXM-64GB,199.21,48142,100
4978,2026-05-30 13:57:14.895820,2026/05/30 13:57:14.942,2,NVIDIA A100-SXM-64GB,149.35,48132,100
4979,2026-05-30 13:57:14.895820,2026/05/30 13:57:14.945,3,NVIDIA A100-SXM-64GB,187.80,48106,100
4980,2026-05-30 13:57:19.996169,2026/05/30 13:57:20.040,0,NVIDIA A100-SXM-64GB,144.89,48124,97
4981,2026-05-30 13:57:19.996169,2026/05/30 13:57:20.042,1,NVIDIA A100-SXM-64GB,150.56,48142,97
4982,2026-05-30 13:57:19.996169,2026/05/30 13:57:20.045,2,NVIDIA A100-SXM-64GB,145.99,48132,97
4983,2026-05-30 13:57:19.996169,2026/05/30 13:57:20.047,3,NVIDIA A100-SXM-64GB,139.38,48106,99
4984,2026-05-30 13:57:25.096386,2026/05/30 13:57:25.144,0,NVIDIA A100-SXM-64GB,172.40,48124,100
4985,2026-05-30 13:57:25.096386,2026/05/30 13:57:25.146,1,NVIDIA A100-SXM-64GB,171.24,48142,100
4986,2026-05-30 13:57:25.096386,2026/05/30 13:57:25.152,2,NVIDIA A100-SXM-64GB,180.85,48132,100
4987,2026-05-30 13:57:25.096386,2026/05/30 13:57:25.155,3,NVIDIA A100-SXM-64GB,175.53,48106,100
4988,2026-05-30 13:57:30.187891,2026/05/30 13:57:30.232,0,NVIDIA A100-SXM-64GB,143.09,48124,100
4989,2026-05-30 13:57:30.187891,2026/05/30 13:57:30.234,1,NVIDIA A100-SXM-64GB,148.29,48142,100
4990,2026-05-30 13:57:30.187891,2026/05/30 13:57:30.237,2,NVIDIA A100-SXM-64GB,145.67,48132,97
4991,2026-05-30 13:57:30.187891,2026/05/30 13:57:30.239,3,NVIDIA A100-SXM-64GB,142.88,48106,99
4992,2026-05-30 13:57:35.301886,2026/05/30 13:57:35.346,0,NVIDIA A100-SXM-64GB,176.35,48124,100
4993,2026-05-30 13:57:35.301886,2026/05/30 13:57:35.348,1,NVIDIA A100-SXM-64GB,189.01,48142,100
4994,2026-05-30 13:57:35.301886,2026/05/30 13:57:35.351,2,NVIDIA A100-SXM-64GB,176.56,48132,100
4995,2026-05-30 13:57:35.301886,2026/05/30 13:57:35.357,3,NVIDIA A100-SXM-64GB,186.78,48106,100
4996,2026-05-30 13:57:40.403625,2026/05/30 13:57:40.462,0,NVIDIA A100-SXM-64GB,170.87,48124,100
4997,2026-05-30 13:57:40.403625,2026/05/30 13:57:40.466,1,NVIDIA A100-SXM-64GB,174.41,48142,100
4998,2026-05-30 13:57:40.403625,2026/05/30 13:57:40.469,2,NVIDIA A100-SXM-64GB,177.04,48132,100
4999,2026-05-30 13:57:40.403625,2026/05/30 13:57:40.471,3,NVIDIA A100-SXM-64GB,161.11,48106,100
5000,2026-05-30 13:57:45.521618,2026/05/30 13:57:45.566,0,NVIDIA A100-SXM-64GB,167.19,48124,100
5001,2026-05-30 13:57:45.521618,2026/05/30 13:57:45.569,1,NVIDIA A100-SXM-64GB,175.95,48142,100
5002,2026-05-30 13:57:45.521618,2026/05/30 13:57:45.571,2,NVIDIA A100-SXM-64GB,176.89,48132,100
5003,2026-05-30 13:57:45.521618,2026/05/30 13:57:45.574,3,NVIDIA A100-SXM-64GB,157.76,48106,100
5004,2026-05-30 13:57:50.606750,2026/05/30 13:57:50.655,0,NVIDIA A100-SXM-64GB,164.73,48124,100
5005,2026-05-30 13:57:50.606750,2026/05/30 13:57:50.658,1,NVIDIA A100-SXM-64GB,165.57,48142,100
5006,2026-05-30 13:57:50.606750,2026/05/30 13:57:50.663,2,NVIDIA A100-SXM-64GB,172.93,48132,100
5007,2026-05-30 13:57:50.606750,2026/05/30 13:57:50.666,3,NVIDIA A100-SXM-64GB,158.36,48106,100
5008,2026-05-30 13:57:55.715224,2026/05/30 13:57:55.766,0,NVIDIA A100-SXM-64GB,176.02,48124,100
5009,2026-05-30 13:57:55.715224,2026/05/30 13:57:55.769,1,NVIDIA A100-SXM-64GB,175.86,48142,100
5010,2026-05-30 13:57:55.715224,2026/05/30 13:57:55.772,2,NVIDIA A100-SXM-64GB,183.32,48132,100
5011,2026-05-30 13:57:55.715224,2026/05/30 13:57:55.777,3,NVIDIA A100-SXM-64GB,164.36,48106,100
5012,2026-05-30 13:58:00.805721,2026/05/30 13:58:00.854,0,NVIDIA A100-SXM-64GB,156.07,48124,100
5013,2026-05-30 13:58:00.805721,2026/05/30 13:58:00.857,1,NVIDIA A100-SXM-64GB,181.64,48142,100
5014,2026-05-30 13:58:00.805721,2026/05/30 13:58:00.862,2,NVIDIA A100-SXM-64GB,178.10,48132,100
5015,2026-05-30 13:58:00.805721,2026/05/30 13:58:00.865,3,NVIDIA A100-SXM-64GB,176.04,48106,100
5016,2026-05-30 13:58:05.912775,2026/05/30 13:58:05.957,0,NVIDIA A100-SXM-64GB,146.90,48124,98
5017,2026-05-30 13:58:05.912775,2026/05/30 13:58:05.959,1,NVIDIA A100-SXM-64GB,150.72,48142,100
5018,2026-05-30 13:58:05.912775,2026/05/30 13:58:05.965,2,NVIDIA A100-SXM-64GB,136.82,48132,98
5019,2026-05-30 13:58:05.912775,2026/05/30 13:58:05.967,3,NVIDIA A100-SXM-64GB,144.15,48106,100
5020,2026-05-30 13:58:11.002870,2026/05/30 13:58:11.057,0,NVIDIA A100-SXM-64GB,138.62,48124,100
5021,2026-05-30 13:58:11.002870,2026/05/30 13:58:11.059,1,NVIDIA A100-SXM-64GB,163.15,48142,100
5022,2026-05-30 13:58:11.002870,2026/05/30 13:58:11.062,2,NVIDIA A100-SXM-64GB,168.49,48132,100
5023,2026-05-30 13:58:11.002870,2026/05/30 13:58:11.064,3,NVIDIA A100-SXM-64GB,148.12,48106,100
5024,2026-05-30 13:58:16.092323,2026/05/30 13:58:16.140,0,NVIDIA A100-SXM-64GB,135.88,48124,98
5025,2026-05-30 13:58:16.092323,2026/05/30 13:58:16.145,1,NVIDIA A100-SXM-64GB,143.06,48142,98
5026,2026-05-30 13:58:16.092323,2026/05/30 13:58:16.149,2,NVIDIA A100-SXM-64GB,130.19,48132,100
5027,2026-05-30 13:58:16.092323,2026/05/30 13:58:16.151,3,NVIDIA A100-SXM-64GB,138.59,48106,98
5028,2026-05-30 13:58:21.189475,2026/05/30 13:58:21.232,0,NVIDIA A100-SXM-64GB,188.24,48124,100
5029,2026-05-30 13:58:21.189475,2026/05/30 13:58:21.235,1,NVIDIA A100-SXM-64GB,178.01,48142,100
5030,2026-05-30 13:58:21.189475,2026/05/30 13:58:21.239,2,NVIDIA A100-SXM-64GB,180.24,48132,100
5031,2026-05-30 13:58:21.189475,2026/05/30 13:58:21.243,3,NVIDIA A100-SXM-64GB,139.52,48106,100
5032,2026-05-30 13:58:26.275139,2026/05/30 13:58:26.332,0,NVIDIA A100-SXM-64GB,151.63,48124,98
5033,2026-05-30 13:58:26.275139,2026/05/30 13:58:26.335,1,NVIDIA A100-SXM-64GB,148.90,48142,98
5034,2026-05-30 13:58:26.275139,2026/05/30 13:58:26.337,2,NVIDIA A100-SXM-64GB,149.35,48132,98
5035,2026-05-30 13:58:26.275139,2026/05/30 13:58:26.340,3,NVIDIA A100-SXM-64GB,141.07,48106,100
5036,2026-05-30 13:58:31.398612,2026/05/30 13:58:31.444,0,NVIDIA A100-SXM-64GB,168.40,48124,100
5037,2026-05-30 13:58:31.398612,2026/05/30 13:58:31.446,1,NVIDIA A100-SXM-64GB,156.22,48142,100
5038,2026-05-30 13:58:31.398612,2026/05/30 13:58:31.449,2,NVIDIA A100-SXM-64GB,166.17,48132,100
5039,2026-05-30 13:58:31.398612,2026/05/30 13:58:31.451,3,NVIDIA A100-SXM-64GB,155.17,48106,100
5040,2026-05-30 13:58:36.484448,2026/05/30 13:58:36.532,0,NVIDIA A100-SXM-64GB,212.67,48124,98
5041,2026-05-30 13:58:36.484448,2026/05/30 13:58:36.535,1,NVIDIA A100-SXM-64GB,148.90,48142,98
5042,2026-05-30 13:58:36.484448,2026/05/30 13:58:36.537,2,NVIDIA A100-SXM-64GB,143.06,48132,98
5043,2026-05-30 13:58:36.484448,2026/05/30 13:58:36.540,3,NVIDIA A100-SXM-64GB,145.36,48106,100
5044,2026-05-30 13:58:41.583528,2026/05/30 13:58:41.632,0,NVIDIA A100-SXM-64GB,168.13,48124,100
5045,2026-05-30 13:58:41.583528,2026/05/30 13:58:41.635,1,NVIDIA A100-SXM-64GB,172.78,48142,100
5046,2026-05-30 13:58:41.583528,2026/05/30 13:58:41.638,2,NVIDIA A100-SXM-64GB,163.42,48132,100
5047,2026-05-30 13:58:41.583528,2026/05/30 13:58:41.640,3,NVIDIA A100-SXM-64GB,157.49,48106,100
5048,2026-05-30 13:58:46.675745,2026/05/30 13:58:46.720,0,NVIDIA A100-SXM-64GB,173.00,48124,100
5049,2026-05-30 13:58:46.675745,2026/05/30 13:58:46.723,1,NVIDIA A100-SXM-64GB,189.75,48142,100
5050,2026-05-30 13:58:46.675745,2026/05/30 13:58:46.725,2,NVIDIA A100-SXM-64GB,171.07,48132,100
5051,2026-05-30 13:58:46.675745,2026/05/30 13:58:46.728,3,NVIDIA A100-SXM-64GB,183.79,48106,100
5052,2026-05-30 13:58:51.756441,2026/05/30 13:58:51.804,0,NVIDIA A100-SXM-64GB,159.58,48124,100
5053,2026-05-30 13:58:51.756441,2026/05/30 13:58:51.806,1,NVIDIA A100-SXM-64GB,184.25,48142,100
5054,2026-05-30 13:58:51.756441,2026/05/30 13:58:51.809,2,NVIDIA A100-SXM-64GB,168.32,48132,100
5055,2026-05-30 13:58:51.756441,2026/05/30 13:58:51.812,3,NVIDIA A100-SXM-64GB,179.49,48106,100
5056,2026-05-30 13:58:56.866728,2026/05/30 13:58:56.907,0,NVIDIA A100-SXM-64GB,146.43,48124,100
5057,2026-05-30 13:58:56.866728,2026/05/30 13:58:56.910,1,NVIDIA A100-SXM-64GB,179.97,48142,100
5058,2026-05-30 13:58:56.866728,2026/05/30 13:58:56.912,2,NVIDIA A100-SXM-64GB,183.93,48132,100
5059,2026-05-30 13:58:56.866728,2026/05/30 13:58:56.917,3,NVIDIA A100-SXM-64GB,185.65,48106,100
5060,2026-05-30 13:59:01.945358,2026/05/30 13:59:02.009,0,NVIDIA A100-SXM-64GB,178.48,48124,100
5061,2026-05-30 13:59:01.945358,2026/05/30 13:59:02.011,1,NVIDIA A100-SXM-64GB,181.78,48142,100
5062,2026-05-30 13:59:01.945358,2026/05/30 13:59:02.015,2,NVIDIA A100-SXM-64GB,165.84,48132,100
5063,2026-05-30 13:59:01.945358,2026/05/30 13:59:02.017,3,NVIDIA A100-SXM-64GB,177.67,48106,100
5064,2026-05-30 13:59:07.062995,2026/05/30 13:59:07.106,0,NVIDIA A100-SXM-64GB,196.79,48124,100
5065,2026-05-30 13:59:07.062995,2026/05/30 13:59:07.108,1,NVIDIA A100-SXM-64GB,177.22,48142,100
5066,2026-05-30 13:59:07.062995,2026/05/30 13:59:07.114,2,NVIDIA A100-SXM-64GB,139.84,48132,100
5067,2026-05-30 13:59:07.062995,2026/05/30 13:59:07.118,3,NVIDIA A100-SXM-64GB,141.34,48106,100
5068,2026-05-30 13:59:12.146615,2026/05/30 13:59:12.195,0,NVIDIA A100-SXM-64GB,177.55,48124,100
5069,2026-05-30 13:59:12.146615,2026/05/30 13:59:12.198,1,NVIDIA A100-SXM-64GB,163.59,48142,100
5070,2026-05-30 13:59:12.146615,2026/05/30 13:59:12.201,2,NVIDIA A100-SXM-64GB,161.61,48132,100
5071,2026-05-30 13:59:12.146615,2026/05/30 13:59:12.203,3,NVIDIA A100-SXM-64GB,171.42,48106,100
5072,2026-05-30 13:59:17.236898,2026/05/30 13:59:17.284,0,NVIDIA A100-SXM-64GB,172.07,48124,100
5073,2026-05-30 13:59:17.236898,2026/05/30 13:59:17.287,1,NVIDIA A100-SXM-64GB,188.08,48142,100
5074,2026-05-30 13:59:17.236898,2026/05/30 13:59:17.289,2,NVIDIA A100-SXM-64GB,173.81,48132,100
5075,2026-05-30 13:59:17.236898,2026/05/30 13:59:17.292,3,NVIDIA A100-SXM-64GB,159.90,48106,100
5076,2026-05-30 13:59:22.320097,2026/05/30 13:59:22.369,0,NVIDIA A100-SXM-64GB,160.62,48124,100
5077,2026-05-30 13:59:22.320097,2026/05/30 13:59:22.371,1,NVIDIA A100-SXM-64GB,165.40,48142,100
5078,2026-05-30 13:59:22.320097,2026/05/30 13:59:22.374,2,NVIDIA A100-SXM-64GB,169.25,48132,100
5079,2026-05-30 13:59:22.320097,2026/05/30 13:59:22.381,3,NVIDIA A100-SXM-64GB,172.96,48106,100
5080,2026-05-30 13:59:27.422627,2026/05/30 13:59:27.466,0,NVIDIA A100-SXM-64GB,146.57,48124,98
5081,2026-05-30 13:59:27.422627,2026/05/30 13:59:27.468,1,NVIDIA A100-SXM-64GB,172.93,48142,100
5082,2026-05-30 13:59:27.422627,2026/05/30 13:59:27.471,2,NVIDIA A100-SXM-64GB,179.97,48132,100
5083,2026-05-30 13:59:27.422627,2026/05/30 13:59:27.473,3,NVIDIA A100-SXM-64GB,124.82,48106,98
5084,2026-05-30 13:59:32.510132,2026/05/30 13:59:32.558,0,NVIDIA A100-SXM-64GB,169.51,48124,100
5085,2026-05-30 13:59:32.510132,2026/05/30 13:59:32.561,1,NVIDIA A100-SXM-64GB,168.82,48142,100
5086,2026-05-30 13:59:32.510132,2026/05/30 13:59:32.563,2,NVIDIA A100-SXM-64GB,180.58,48132,100
5087,2026-05-30 13:59:32.510132,2026/05/30 13:59:32.566,3,NVIDIA A100-SXM-64GB,163.76,48106,100
5088,2026-05-30 13:59:37.610187,2026/05/30 13:59:37.665,0,NVIDIA A100-SXM-64GB,149.65,48124,98
5089,2026-05-30 13:59:37.610187,2026/05/30 13:59:37.668,1,NVIDIA A100-SXM-64GB,146.14,48142,98
5090,2026-05-30 13:59:37.610187,2026/05/30 13:59:37.670,2,NVIDIA A100-SXM-64GB,143.19,48132,98
5091,2026-05-30 13:59:37.610187,2026/05/30 13:59:37.673,3,NVIDIA A100-SXM-64GB,142.88,48106,100
5092,2026-05-30 13:59:42.703349,2026/05/30 13:59:42.746,0,NVIDIA A100-SXM-64GB,174.54,48124,100
5093,2026-05-30 13:59:42.703349,2026/05/30 13:59:42.748,1,NVIDIA A100-SXM-64GB,175.53,48142,100
5094,2026-05-30 13:59:42.703349,2026/05/30 13:59:42.751,2,NVIDIA A100-SXM-64GB,170.46,48132,100
5095,2026-05-30 13:59:42.703349,2026/05/30 13:59:42.754,3,NVIDIA A100-SXM-64GB,163.43,48106,100
5096,2026-05-30 13:59:47.787080,2026/05/30 13:59:47.831,0,NVIDIA A100-SXM-64GB,169.00,48124,100
5097,2026-05-30 13:59:47.787080,2026/05/30 13:59:47.833,1,NVIDIA A100-SXM-64GB,173.38,48142,100
5098,2026-05-30 13:59:47.787080,2026/05/30 13:59:47.836,2,NVIDIA A100-SXM-64GB,179.97,48132,100
5099,2026-05-30 13:59:47.787080,2026/05/30 13:59:47.838,3,NVIDIA A100-SXM-64GB,181.96,48106,100
5100,2026-05-30 13:59:52.882613,2026/05/30 13:59:52.931,0,NVIDIA A100-SXM-64GB,159.24,48124,100
5101,2026-05-30 13:59:52.882613,2026/05/30 13:59:52.934,1,NVIDIA A100-SXM-64GB,172.78,48142,100
5102,2026-05-30 13:59:52.882613,2026/05/30 13:59:52.936,2,NVIDIA A100-SXM-64GB,160.35,48132,100
5103,2026-05-30 13:59:52.882613,2026/05/30 13:59:52.939,3,NVIDIA A100-SXM-64GB,163.92,48106,100
5104,2026-05-30 13:59:57.986614,2026/05/30 13:59:58.034,0,NVIDIA A100-SXM-64GB,140.76,48124,100
5105,2026-05-30 13:59:57.986614,2026/05/30 13:59:58.037,1,NVIDIA A100-SXM-64GB,152.86,48142,98
5106,2026-05-30 13:59:57.986614,2026/05/30 13:59:58.042,2,NVIDIA A100-SXM-64GB,147.96,48132,98
5107,2026-05-30 13:59:57.986614,2026/05/30 13:59:58.045,3,NVIDIA A100-SXM-64GB,146.57,48106,100
5108,2026-05-30 14:00:03.107615,2026/05/30 14:00:03.159,0,NVIDIA A100-SXM-64GB,139.88,48124,98
5109,2026-05-30 14:00:03.107615,2026/05/30 14:00:03.162,1,NVIDIA A100-SXM-64GB,173.11,48142,98
5110,2026-05-30 14:00:03.107615,2026/05/30 14:00:03.165,2,NVIDIA A100-SXM-64GB,149.18,48132,100
5111,2026-05-30 14:00:03.107615,2026/05/30 14:00:03.169,3,NVIDIA A100-SXM-64GB,140.73,48106,98
5112,2026-05-30 14:00:08.232618,2026/05/30 14:00:08.281,0,NVIDIA A100-SXM-64GB,163.09,48124,100
5113,2026-05-30 14:00:08.232618,2026/05/30 14:00:08.284,1,NVIDIA A100-SXM-64GB,163.26,48142,100
5114,2026-05-30 14:00:08.232618,2026/05/30 14:00:08.286,2,NVIDIA A100-SXM-64GB,196.18,48132,100
5115,2026-05-30 14:00:08.232618,2026/05/30 14:00:08.289,3,NVIDIA A100-SXM-64GB,181.64,48106,100
5116,2026-05-30 14:00:13.351619,2026/05/30 14:00:13.412,0,NVIDIA A100-SXM-64GB,183.03,48124,98
5117,2026-05-30 14:00:13.351619,2026/05/30 14:00:13.415,1,NVIDIA A100-SXM-64GB,147.35,48142,98
5118,2026-05-30 14:00:13.351619,2026/05/30 14:00:13.418,2,NVIDIA A100-SXM-64GB,150.43,48132,98
5119,2026-05-30 14:00:13.351619,2026/05/30 14:00:13.423,3,NVIDIA A100-SXM-64GB,145.96,48106,100
5120,2026-05-30 14:00:18.472019,2026/05/30 14:00:18.515,0,NVIDIA A100-SXM-64GB,152.39,48124,100
5121,2026-05-30 14:00:18.472019,2026/05/30 14:00:18.517,1,NVIDIA A100-SXM-64GB,144.00,48142,100
5122,2026-05-30 14:00:18.472019,2026/05/30 14:00:18.521,2,NVIDIA A100-SXM-64GB,170.63,48132,100
5123,2026-05-30 14:00:18.472019,2026/05/30 14:00:18.524,3,NVIDIA A100-SXM-64GB,145.03,48106,100
5124,2026-05-30 14:00:23.558368,2026/05/30 14:00:23.614,0,NVIDIA A100-SXM-64GB,177.37,48124,100
5125,2026-05-30 14:00:23.558368,2026/05/30 14:00:23.616,1,NVIDIA A100-SXM-64GB,176.28,48142,100
5126,2026-05-30 14:00:23.558368,2026/05/30 14:00:23.622,2,NVIDIA A100-SXM-64GB,184.06,48132,100
5127,2026-05-30 14:00:23.558368,2026/05/30 14:00:23.625,3,NVIDIA A100-SXM-64GB,176.13,48106,100
5128,2026-05-30 14:00:28.653594,2026/05/30 14:00:28.698,0,NVIDIA A100-SXM-64GB,174.81,48124,100
5129,2026-05-30 14:00:28.653594,2026/05/30 14:00:28.700,1,NVIDIA A100-SXM-64GB,163.59,48142,100
5130,2026-05-30 14:00:28.653594,2026/05/30 14:00:28.703,2,NVIDIA A100-SXM-64GB,149.95,48132,100
5131,2026-05-30 14:00:28.653594,2026/05/30 14:00:28.705,3,NVIDIA A100-SXM-64GB,170.96,48106,100
5132,2026-05-30 14:00:33.738822,2026/05/30 14:00:33.783,0,NVIDIA A100-SXM-64GB,163.25,48124,100
5133,2026-05-30 14:00:33.738822,2026/05/30 14:00:33.790,1,NVIDIA A100-SXM-64GB,171.84,48142,100
5134,2026-05-30 14:00:33.738822,2026/05/30 14:00:33.792,2,NVIDIA A100-SXM-64GB,184.86,48132,100
5135,2026-05-30 14:00:33.738822,2026/05/30 14:00:33.795,3,NVIDIA A100-SXM-64GB,173.56,48106,100
5136,2026-05-30 14:00:38.829288,2026/05/30 14:00:38.879,0,NVIDIA A100-SXM-64GB,177.28,48124,100
5137,2026-05-30 14:00:38.829288,2026/05/30 14:00:38.882,1,NVIDIA A100-SXM-64GB,162.99,48142,100
5138,2026-05-30 14:00:38.829288,2026/05/30 14:00:38.887,2,NVIDIA A100-SXM-64GB,158.20,48132,100
5139,2026-05-30 14:00:38.829288,2026/05/30 14:00:38.889,3,NVIDIA A100-SXM-64GB,151.65,48106,100
5140,2026-05-30 14:00:43.939265,2026/05/30 14:00:43.986,0,NVIDIA A100-SXM-64GB,163.52,48124,100
5141,2026-05-30 14:00:43.939265,2026/05/30 14:00:43.991,1,NVIDIA A100-SXM-64GB,169.85,48142,100
5142,2026-05-30 14:00:43.939265,2026/05/30 14:00:43.995,2,NVIDIA A100-SXM-64GB,190.02,48132,100
5143,2026-05-30 14:00:43.939265,2026/05/30 14:00:43.998,3,NVIDIA A100-SXM-64GB,169.42,48106,100
5144,2026-05-30 14:00:49.039614,2026/05/30 14:00:49.083,0,NVIDIA A100-SXM-64GB,134.26,48124,100
5145,2026-05-30 14:00:49.039614,2026/05/30 14:00:49.086,1,NVIDIA A100-SXM-64GB,150.72,48142,100
5146,2026-05-30 14:00:49.039614,2026/05/30 14:00:49.088,2,NVIDIA A100-SXM-64GB,148.41,48132,100
5147,2026-05-30 14:00:49.039614,2026/05/30 14:00:49.091,3,NVIDIA A100-SXM-64GB,169.69,48106,100
5148,2026-05-30 14:00:54.124531,2026/05/30 14:00:54.172,0,NVIDIA A100-SXM-64GB,171.47,48124,100
5149,2026-05-30 14:00:54.124531,2026/05/30 14:00:54.175,1,NVIDIA A100-SXM-64GB,179.97,48142,100
5150,2026-05-30 14:00:54.124531,2026/05/30 14:00:54.177,2,NVIDIA A100-SXM-64GB,163.75,48132,100
5151,2026-05-30 14:00:54.124531,2026/05/30 14:00:54.183,3,NVIDIA A100-SXM-64GB,166.94,48106,100
5152,2026-05-30 14:00:59.229232,2026/05/30 14:00:59.276,0,NVIDIA A100-SXM-64GB,151.30,48124,100
5153,2026-05-30 14:00:59.229232,2026/05/30 14:00:59.279,1,NVIDIA A100-SXM-64GB,160.24,48142,100
5154,2026-05-30 14:00:59.229232,2026/05/30 14:00:59.281,2,NVIDIA A100-SXM-64GB,166.50,48132,100
5155,2026-05-30 14:00:59.229232,2026/05/30 14:00:59.284,3,NVIDIA A100-SXM-64GB,142.88,48106,100
5156,2026-05-30 14:01:04.312717,2026/05/30 14:01:04.360,0,NVIDIA A100-SXM-64GB,141.09,48124,98
5157,2026-05-30 14:01:04.312717,2026/05/30 14:01:04.363,1,NVIDIA A100-SXM-64GB,149.33,48142,98
5158,2026-05-30 14:01:04.312717,2026/05/30 14:01:04.365,2,NVIDIA A100-SXM-64GB,149.18,48132,98
5159,2026-05-30 14:01:04.312717,2026/05/30 14:01:04.368,3,NVIDIA A100-SXM-64GB,145.96,48106,98
5160,2026-05-30 14:01:09.406585,2026/05/30 14:01:09.455,0,NVIDIA A100-SXM-64GB,178.66,48124,100
5161,2026-05-30 14:01:09.406585,2026/05/30 14:01:09.460,1,NVIDIA A100-SXM-64GB,163.15,48142,100
5162,2026-05-30 14:01:09.406585,2026/05/30 14:01:09.463,2,NVIDIA A100-SXM-64GB,162.38,48132,100
5163,2026-05-30 14:01:09.406585,2026/05/30 14:01:09.466,3,NVIDIA A100-SXM-64GB,167.11,48106,100
5164,2026-05-30 14:01:14.512843,2026/05/30 14:01:14.560,0,NVIDIA A100-SXM-64GB,149.04,48124,100
5165,2026-05-30 14:01:14.512843,2026/05/30 14:01:14.565,1,NVIDIA A100-SXM-64GB,154.07,48142,100
5166,2026-05-30 14:01:14.512843,2026/05/30 14:01:14.568,2,NVIDIA A100-SXM-64GB,145.49,48132,100
5167,2026-05-30 14:01:14.512843,2026/05/30 14:01:14.570,3,NVIDIA A100-SXM-64GB,147.51,48106,98
5168,2026-05-30 14:01:19.623616,2026/05/30 14:01:19.672,0,NVIDIA A100-SXM-64GB,154.53,48124,100
5169,2026-05-30 14:01:19.623616,2026/05/30 14:01:19.675,1,NVIDIA A100-SXM-64GB,179.49,48142,100
5170,2026-05-30 14:01:19.623616,2026/05/30 14:01:19.677,2,NVIDIA A100-SXM-64GB,164.19,48132,100
5171,2026-05-30 14:01:19.623616,2026/05/30 14:01:19.682,3,NVIDIA A100-SXM-64GB,148.45,48106,100
5172,2026-05-30 14:01:24.716465,2026/05/30 14:01:24.767,0,NVIDIA A100-SXM-64GB,167.36,48124,100
5173,2026-05-30 14:01:24.716465,2026/05/30 14:01:24.770,1,NVIDIA A100-SXM-64GB,174.59,48142,100
5174,2026-05-30 14:01:24.716465,2026/05/30 14:01:24.773,2,NVIDIA A100-SXM-64GB,147.35,48132,100
5175,2026-05-30 14:01:24.716465,2026/05/30 14:01:24.775,3,NVIDIA A100-SXM-64GB,192.09,48106,100
5176,2026-05-30 14:01:29.820334,2026/05/30 14:01:29.867,0,NVIDIA A100-SXM-64GB,179.87,48124,100
5177,2026-05-30 14:01:29.820334,2026/05/30 14:01:29.870,1,NVIDIA A100-SXM-64GB,156.55,48142,100
5178,2026-05-30 14:01:29.820334,2026/05/30 14:01:29.873,2,NVIDIA A100-SXM-64GB,167.88,48132,100
5179,2026-05-30 14:01:29.820334,2026/05/30 14:01:29.875,3,NVIDIA A100-SXM-64GB,168.66,48106,100
5180,2026-05-30 14:01:34.920675,2026/05/30 14:01:34.965,0,NVIDIA A100-SXM-64GB,144.16,48124,0
5181,2026-05-30 14:01:34.920675,2026/05/30 14:01:34.969,1,NVIDIA A100-SXM-64GB,151.65,48142,20
5182,2026-05-30 14:01:34.920675,2026/05/30 14:01:34.972,2,NVIDIA A100-SXM-64GB,144.00,48132,5
5183,2026-05-30 14:01:34.920675,2026/05/30 14:01:34.974,3,NVIDIA A100-SXM-64GB,118.37,48106,4
5184,2026-05-30 14:01:40.009797,2026/05/30 14:01:40.057,0,NVIDIA A100-SXM-64GB,161.55,48124,100
5185,2026-05-30 14:01:40.009797,2026/05/30 14:01:40.061,1,NVIDIA A100-SXM-64GB,154.07,48142,100
5186,2026-05-30 14:01:40.009797,2026/05/30 14:01:40.064,2,NVIDIA A100-SXM-64GB,159.63,48132,100
5187,2026-05-30 14:01:40.009797,2026/05/30 14:01:40.068,3,NVIDIA A100-SXM-64GB,171.13,48106,100
5188,2026-05-30 14:01:45.134614,2026/05/30 14:01:45.178,0,NVIDIA A100-SXM-64GB,144.43,48124,100
5189,2026-05-30 14:01:45.134614,2026/05/30 14:01:45.180,1,NVIDIA A100-SXM-64GB,148.29,48142,100
5190,2026-05-30 14:01:45.134614,2026/05/30 14:01:45.185,2,NVIDIA A100-SXM-64GB,142.74,48132,100
5191,2026-05-30 14:01:45.134614,2026/05/30 14:01:45.187,3,NVIDIA A100-SXM-64GB,130.12,48106,100
5192,2026-05-30 14:01:50.221285,2026/05/30 14:01:50.272,0,NVIDIA A100-SXM-64GB,145.82,48124,100
5193,2026-05-30 14:01:50.221285,2026/05/30 14:01:50.275,1,NVIDIA A100-SXM-64GB,158.69,48142,100
5194,2026-05-30 14:01:50.221285,2026/05/30 14:01:50.277,2,NVIDIA A100-SXM-64GB,152.10,48132,100
5195,2026-05-30 14:01:50.221285,2026/05/30 14:01:50.280,3,NVIDIA A100-SXM-64GB,144.28,48106,100
5196,2026-05-30 14:01:55.341610,2026/05/30 14:01:55.389,0,NVIDIA A100-SXM-64GB,157.71,48124,99
5197,2026-05-30 14:01:55.341610,2026/05/30 14:01:55.392,1,NVIDIA A100-SXM-64GB,174.32,48142,100
5198,2026-05-30 14:01:55.341610,2026/05/30 14:01:55.394,2,NVIDIA A100-SXM-64GB,127.91,48132,100
5199,2026-05-30 14:01:55.341610,2026/05/30 14:01:55.397,3,NVIDIA A100-SXM-64GB,162.65,48106,100
5200,2026-05-30 14:02:00.452616,2026/05/30 14:02:00.496,0,NVIDIA A100-SXM-64GB,163.69,48124,100
5201,2026-05-30 14:02:00.452616,2026/05/30 14:02:00.498,1,NVIDIA A100-SXM-64GB,167.28,48142,100
5202,2026-05-30 14:02:00.452616,2026/05/30 14:02:00.501,2,NVIDIA A100-SXM-64GB,154.07,48132,100
5203,2026-05-30 14:02:00.452616,2026/05/30 14:02:00.507,3,NVIDIA A100-SXM-64GB,145.64,48106,100
5204,2026-05-30 14:02:05.558615,2026/05/30 14:02:05.610,0,NVIDIA A100-SXM-64GB,172.25,48124,100
5205,2026-05-30 14:02:05.558615,2026/05/30 14:02:05.614,1,NVIDIA A100-SXM-64GB,172.17,48142,100
5206,2026-05-30 14:02:05.558615,2026/05/30 14:02:05.617,2,NVIDIA A100-SXM-64GB,178.70,48132,100
5207,2026-05-30 14:02:05.558615,2026/05/30 14:02:05.619,3,NVIDIA A100-SXM-64GB,182.90,48106,100
5208,2026-05-30 14:02:10.678622,2026/05/30 14:02:10.726,0,NVIDIA A100-SXM-64GB,156.34,48124,100
5209,2026-05-30 14:02:10.678622,2026/05/30 14:02:10.729,1,NVIDIA A100-SXM-64GB,151.04,48142,100
5210,2026-05-30 14:02:10.678622,2026/05/30 14:02:10.731,2,NVIDIA A100-SXM-64GB,168.65,48132,100
5211,2026-05-30 14:02:10.678622,2026/05/30 14:02:10.734,3,NVIDIA A100-SXM-64GB,163.43,48106,100
5212,2026-05-30 14:02:15.791652,2026/05/30 14:02:15.836,0,NVIDIA A100-SXM-64GB,147.84,48124,100
5213,2026-05-30 14:02:15.791652,2026/05/30 14:02:15.842,1,NVIDIA A100-SXM-64GB,152.53,48142,100
5214,2026-05-30 14:02:15.791652,2026/05/30 14:02:15.844,2,NVIDIA A100-SXM-64GB,144.88,48132,100
5215,2026-05-30 14:02:15.791652,2026/05/30 14:02:15.848,3,NVIDIA A100-SXM-64GB,141.07,48106,98
5216,2026-05-30 14:02:20.903618,2026/05/30 14:02:20.948,0,NVIDIA A100-SXM-64GB,154.70,48124,100
5217,2026-05-30 14:02:20.903618,2026/05/30 14:02:20.950,1,NVIDIA A100-SXM-64GB,185.13,48142,100
5218,2026-05-30 14:02:20.903618,2026/05/30 14:02:20.956,2,NVIDIA A100-SXM-64GB,148.14,48132,100
5219,2026-05-30 14:02:20.903618,2026/05/30 14:02:20.958,3,NVIDIA A100-SXM-64GB,137.98,48106,100
5220,2026-05-30 14:02:25.989730,2026/05/30 14:02:26.038,0,NVIDIA A100-SXM-64GB,145.54,48124,100
5221,2026-05-30 14:02:25.989730,2026/05/30 14:02:26.041,1,NVIDIA A100-SXM-64GB,145.49,48142,98
5222,2026-05-30 14:02:25.989730,2026/05/30 14:02:26.043,2,NVIDIA A100-SXM-64GB,147.48,48132,100
5223,2026-05-30 14:02:25.989730,2026/05/30 14:02:26.046,3,NVIDIA A100-SXM-64GB,142.27,48106,100
5224,2026-05-30 14:02:31.096616,2026/05/30 14:02:31.144,0,NVIDIA A100-SXM-64GB,152.56,48124,100
5225,2026-05-30 14:02:31.096616,2026/05/30 14:02:31.147,1,NVIDIA A100-SXM-64GB,177.22,48142,100
5226,2026-05-30 14:02:31.096616,2026/05/30 14:02:31.149,2,NVIDIA A100-SXM-64GB,158.20,48132,100
5227,2026-05-30 14:02:31.096616,2026/05/30 14:02:31.154,3,NVIDIA A100-SXM-64GB,157.15,48106,100
5228,2026-05-30 14:02:36.218612,2026/05/30 14:02:36.263,0,NVIDIA A100-SXM-64GB,149.04,48124,98
5229,2026-05-30 14:02:36.218612,2026/05/30 14:02:36.267,1,NVIDIA A100-SXM-64GB,149.93,48142,98
5230,2026-05-30 14:02:36.218612,2026/05/30 14:02:36.270,2,NVIDIA A100-SXM-64GB,146.14,48132,98
5231,2026-05-30 14:02:36.218612,2026/05/30 14:02:36.275,3,NVIDIA A100-SXM-64GB,136.76,48106,98
5232,2026-05-30 14:02:41.309531,2026/05/30 14:02:41.366,0,NVIDIA A100-SXM-64GB,179.09,48124,100
5233,2026-05-30 14:02:41.309531,2026/05/30 14:02:41.369,1,NVIDIA A100-SXM-64GB,155.34,48142,100
5234,2026-05-30 14:02:41.309531,2026/05/30 14:02:41.371,2,NVIDIA A100-SXM-64GB,157.49,48132,100
5235,2026-05-30 14:02:41.309531,2026/05/30 14:02:41.376,3,NVIDIA A100-SXM-64GB,142.88,48106,100
5236,2026-05-30 14:02:46.440613,2026/05/30 14:02:46.484,0,NVIDIA A100-SXM-64GB,147.84,48124,98
5237,2026-05-30 14:02:46.440613,2026/05/30 14:02:46.488,1,NVIDIA A100-SXM-64GB,150.43,48142,100
5238,2026-05-30 14:02:46.440613,2026/05/30 14:02:46.491,2,NVIDIA A100-SXM-64GB,143.06,48132,98
5239,2026-05-30 14:02:46.440613,2026/05/30 14:02:46.494,3,NVIDIA A100-SXM-64GB,140.13,48106,98
5240,2026-05-30 14:02:51.544614,2026/05/30 14:02:51.593,0,NVIDIA A100-SXM-64GB,168.13,48124,100
5241,2026-05-30 14:02:51.544614,2026/05/30 14:02:51.596,1,NVIDIA A100-SXM-64GB,178.28,48142,100
5242,2026-05-30 14:02:51.544614,2026/05/30 14:02:51.599,2,NVIDIA A100-SXM-64GB,152.26,48132,100
5243,2026-05-30 14:02:51.544614,2026/05/30 14:02:51.601,3,NVIDIA A100-SXM-64GB,176.64,48106,100
5244,2026-05-30 14:02:56.663617,2026/05/30 14:02:56.707,0,NVIDIA A100-SXM-64GB,146.30,48124,100
5245,2026-05-30 14:02:56.663617,2026/05/30 14:02:56.710,1,NVIDIA A100-SXM-64GB,151.20,48142,98
5246,2026-05-30 14:02:56.663617,2026/05/30 14:02:56.713,2,NVIDIA A100-SXM-64GB,132.94,48132,100
5247,2026-05-30 14:02:56.663617,2026/05/30 14:02:56.715,3,NVIDIA A100-SXM-64GB,137.98,48106,100
5248,2026-05-30 14:03:01.754141,2026/05/30 14:03:01.802,0,NVIDIA A100-SXM-64GB,168.73,48124,100
5249,2026-05-30 14:03:01.754141,2026/05/30 14:03:01.805,1,NVIDIA A100-SXM-64GB,180.15,48142,100
5250,2026-05-30 14:03:01.754141,2026/05/30 14:03:01.810,2,NVIDIA A100-SXM-64GB,158.36,48132,100
5251,2026-05-30 14:03:01.754141,2026/05/30 14:03:01.828,3,NVIDIA A100-SXM-64GB,142.88,48106,100
5252,2026-05-30 14:03:06.866407,2026/05/30 14:03:06.915,0,NVIDIA A100-SXM-64GB,167.80,48124,100
5253,2026-05-30 14:03:06.866407,2026/05/30 14:03:06.918,1,NVIDIA A100-SXM-64GB,184.44,48142,100
5254,2026-05-30 14:03:06.866407,2026/05/30 14:03:06.920,2,NVIDIA A100-SXM-64GB,170.78,48132,100
5255,2026-05-30 14:03:06.866407,2026/05/30 14:03:06.923,3,NVIDIA A100-SXM-64GB,180.76,48106,100
5256,2026-05-30 14:03:11.957974,2026/05/30 14:03:12.002,0,NVIDIA A100-SXM-64GB,180.62,48124,100
5257,2026-05-30 14:03:11.957974,2026/05/30 14:03:12.005,1,NVIDIA A100-SXM-64GB,166.01,48142,100
5258,2026-05-30 14:03:11.957974,2026/05/30 14:03:12.007,2,NVIDIA A100-SXM-64GB,175.08,48132,100
5259,2026-05-30 14:03:11.957974,2026/05/30 14:03:12.010,3,NVIDIA A100-SXM-64GB,168.49,48106,100
5260,2026-05-30 14:03:17.046885,2026/05/30 14:03:17.105,0,NVIDIA A100-SXM-64GB,167.80,48124,100
5261,2026-05-30 14:03:17.046885,2026/05/30 14:03:17.107,1,NVIDIA A100-SXM-64GB,171.24,48142,100
5262,2026-05-30 14:03:17.046885,2026/05/30 14:03:17.110,2,NVIDIA A100-SXM-64GB,167.11,48132,100
5263,2026-05-30 14:03:17.046885,2026/05/30 14:03:17.112,3,NVIDIA A100-SXM-64GB,179.49,48106,100
5264,2026-05-30 14:03:22.143413,2026/05/30 14:03:22.187,0,NVIDIA A100-SXM-64GB,164.13,48124,100
5265,2026-05-30 14:03:22.143413,2026/05/30 14:03:22.189,1,NVIDIA A100-SXM-64GB,126.83,48142,100
5266,2026-05-30 14:03:22.143413,2026/05/30 14:03:22.199,2,NVIDIA A100-SXM-64GB,129.58,48132,100
5267,2026-05-30 14:03:22.143413,2026/05/30 14:03:22.202,3,NVIDIA A100-SXM-64GB,142.61,48106,100
5268,2026-05-30 14:03:27.253600,2026/05/30 14:03:27.298,0,NVIDIA A100-SXM-64GB,135.60,48124,100
5269,2026-05-30 14:03:27.253600,2026/05/30 14:03:27.303,1,NVIDIA A100-SXM-64GB,151.65,48142,98
5270,2026-05-30 14:03:27.253600,2026/05/30 14:03:27.306,2,NVIDIA A100-SXM-64GB,144.73,48132,98
5271,2026-05-30 14:03:27.253600,2026/05/30 14:03:27.308,3,NVIDIA A100-SXM-64GB,142.88,48106,98
5272,2026-05-30 14:03:32.342275,2026/05/30 14:03:32.403,0,NVIDIA A100-SXM-64GB,148.29,48124,100
5273,2026-05-30 14:03:32.342275,2026/05/30 14:03:32.405,1,NVIDIA A100-SXM-64GB,167.55,48142,100
5274,2026-05-30 14:03:32.342275,2026/05/30 14:03:32.408,2,NVIDIA A100-SXM-64GB,154.85,48132,100
5275,2026-05-30 14:03:32.342275,2026/05/30 14:03:32.410,3,NVIDIA A100-SXM-64GB,163.43,48106,100
5276,2026-05-30 14:03:37.471644,2026/05/30 14:03:37.519,0,NVIDIA A100-SXM-64GB,173.88,48124,100
5277,2026-05-30 14:03:37.471644,2026/05/30 14:03:37.525,1,NVIDIA A100-SXM-64GB,194.24,48142,100
5278,2026-05-30 14:03:37.471644,2026/05/30 14:03:37.527,2,NVIDIA A100-SXM-64GB,166.77,48132,100
5279,2026-05-30 14:03:37.471644,2026/05/30 14:03:37.530,3,NVIDIA A100-SXM-64GB,176.04,48106,100
5280,2026-05-30 14:03:42.577697,2026/05/30 14:03:42.625,0,NVIDIA A100-SXM-64GB,160.45,48124,100
5281,2026-05-30 14:03:42.577697,2026/05/30 14:03:42.628,1,NVIDIA A100-SXM-64GB,165.57,48142,100
5282,2026-05-30 14:03:42.577697,2026/05/30 14:03:42.630,2,NVIDIA A100-SXM-64GB,157.43,48132,100
5283,2026-05-30 14:03:42.577697,2026/05/30 14:03:42.633,3,NVIDIA A100-SXM-64GB,178.01,48106,100
5284,2026-05-30 14:03:47.678299,2026/05/30 14:03:47.743,0,NVIDIA A100-SXM-64GB,147.51,48124,98
5285,2026-05-30 14:03:47.678299,2026/05/30 14:03:47.747,1,NVIDIA A100-SXM-64GB,136.29,48142,100
5286,2026-05-30 14:03:47.678299,2026/05/30 14:03:47.750,2,NVIDIA A100-SXM-64GB,138.45,48132,98
5287,2026-05-30 14:03:47.678299,2026/05/30 14:03:47.752,3,NVIDIA A100-SXM-64GB,139.05,48106,100
5288,2026-05-30 14:03:52.786864,2026/05/30 14:03:52.835,0,NVIDIA A100-SXM-64GB,203.59,48124,100
5289,2026-05-30 14:03:52.786864,2026/05/30 14:03:52.837,1,NVIDIA A100-SXM-64GB,159.46,48142,100
5290,2026-05-30 14:03:52.786864,2026/05/30 14:03:52.840,2,NVIDIA A100-SXM-64GB,198.12,48132,100
5291,2026-05-30 14:03:52.786864,2026/05/30 14:03:52.842,3,NVIDIA A100-SXM-64GB,168.15,48106,100
5292,2026-05-30 14:03:57.874354,2026/05/30 14:03:57.922,0,NVIDIA A100-SXM-64GB,149.49,48124,100
5293,2026-05-30 14:03:57.874354,2026/05/30 14:03:57.928,1,NVIDIA A100-SXM-64GB,147.81,48142,98
5294,2026-05-30 14:03:57.874354,2026/05/30 14:03:57.930,2,NVIDIA A100-SXM-64GB,145.67,48132,98
5295,2026-05-30 14:03:57.874354,2026/05/30 14:03:57.933,3,NVIDIA A100-SXM-64GB,141.85,48106,98
5296,2026-05-30 14:04:02.990618,2026/05/30 14:04:03.044,0,NVIDIA A100-SXM-64GB,131.79,48124,100
5297,2026-05-30 14:04:02.990618,2026/05/30 14:04:03.050,1,NVIDIA A100-SXM-64GB,228.38,48142,100
5298,2026-05-30 14:04:02.990618,2026/05/30 14:04:03.053,2,NVIDIA A100-SXM-64GB,137.09,48132,100
5299,2026-05-30 14:04:02.990618,2026/05/30 14:04:03.060,3,NVIDIA A100-SXM-64GB,156.22,48106,100
5300,2026-05-30 14:04:08.091626,2026/05/30 14:04:08.139,0,NVIDIA A100-SXM-64GB,138.62,48124,98
5301,2026-05-30 14:04:08.091626,2026/05/30 14:04:08.142,1,NVIDIA A100-SXM-64GB,148.90,48142,98
5302,2026-05-30 14:04:08.091626,2026/05/30 14:04:08.144,2,NVIDIA A100-SXM-64GB,144.88,48132,98
5303,2026-05-30 14:04:08.091626,2026/05/30 14:04:08.147,3,NVIDIA A100-SXM-64GB,140.13,48106,98
5304,2026-05-30 14:04:13.209308,2026/05/30 14:04:13.261,0,NVIDIA A100-SXM-64GB,188.24,48124,98
5305,2026-05-30 14:04:13.209308,2026/05/30 14:04:13.264,1,NVIDIA A100-SXM-64GB,138.77,48142,100
5306,2026-05-30 14:04:13.209308,2026/05/30 14:04:13.266,2,NVIDIA A100-SXM-64GB,161.27,48132,98
5307,2026-05-30 14:04:13.209308,2026/05/30 14:04:13.270,3,NVIDIA A100-SXM-64GB,145.36,48106,98
5308,2026-05-30 14:04:18.300144,2026/05/30 14:04:18.347,0,NVIDIA A100-SXM-64GB,144.89,48124,98
5309,2026-05-30 14:04:18.300144,2026/05/30 14:04:18.352,1,NVIDIA A100-SXM-64GB,146.43,48142,98
5310,2026-05-30 14:04:18.300144,2026/05/30 14:04:18.354,2,NVIDIA A100-SXM-64GB,149.62,48132,98
5311,2026-05-30 14:04:18.300144,2026/05/30 14:04:18.357,3,NVIDIA A100-SXM-64GB,139.05,48106,98
5312,2026-05-30 14:04:23.392234,2026/05/30 14:04:23.436,0,NVIDIA A100-SXM-64GB,131.19,48124,100
5313,2026-05-30 14:04:23.392234,2026/05/30 14:04:23.438,1,NVIDIA A100-SXM-64GB,237.88,48142,97
5314,2026-05-30 14:04:23.392234,2026/05/30 14:04:23.441,2,NVIDIA A100-SXM-64GB,133.41,48132,100
5315,2026-05-30 14:04:23.392234,2026/05/30 14:04:23.444,3,NVIDIA A100-SXM-64GB,151.65,48106,100
5316,2026-05-30 14:04:28.478735,2026/05/30 14:04:28.526,0,NVIDIA A100-SXM-64GB,149.82,48124,98
5317,2026-05-30 14:04:28.478735,2026/05/30 14:04:28.529,1,NVIDIA A100-SXM-64GB,147.96,48142,98
5318,2026-05-30 14:04:28.478735,2026/05/30 14:04:28.531,2,NVIDIA A100-SXM-64GB,149.95,48132,98
5319,2026-05-30 14:04:28.478735,2026/05/30 14:04:28.534,3,NVIDIA A100-SXM-64GB,141.67,48106,98
5320,2026-05-30 14:04:33.586610,2026/05/30 14:04:33.646,0,NVIDIA A100-SXM-64GB,149.16,48124,100
5321,2026-05-30 14:04:33.586610,2026/05/30 14:04:33.648,1,NVIDIA A100-SXM-64GB,181.18,48142,100
5322,2026-05-30 14:04:33.586610,2026/05/30 14:04:33.651,2,NVIDIA A100-SXM-64GB,153.03,48132,100
5323,2026-05-30 14:04:33.586610,2026/05/30 14:04:33.654,3,NVIDIA A100-SXM-64GB,149.50,48106,100
5324,2026-05-30 14:04:38.692015,2026/05/30 14:04:38.744,0,NVIDIA A100-SXM-64GB,136.40,48124,98
5325,2026-05-30 14:04:38.692015,2026/05/30 14:04:38.747,1,NVIDIA A100-SXM-64GB,151.77,48142,100
5326,2026-05-30 14:04:38.692015,2026/05/30 14:04:38.751,2,NVIDIA A100-SXM-64GB,139.09,48132,99
5327,2026-05-30 14:04:38.692015,2026/05/30 14:04:38.753,3,NVIDIA A100-SXM-64GB,146.75,48106,100
5328,2026-05-30 14:04:43.817610,2026/05/30 14:04:43.865,0,NVIDIA A100-SXM-64GB,170.87,48124,100
5329,2026-05-30 14:04:43.817610,2026/05/30 14:04:43.868,1,NVIDIA A100-SXM-64GB,177.22,48142,100
5330,2026-05-30 14:04:43.817610,2026/05/30 14:04:43.872,2,NVIDIA A100-SXM-64GB,176.10,48132,100
5331,2026-05-30 14:04:43.817610,2026/05/30 14:04:43.874,3,NVIDIA A100-SXM-64GB,144.60,48106,100
5332,2026-05-30 14:04:48.921881,2026/05/30 14:04:48.966,0,NVIDIA A100-SXM-64GB,175.41,48124,100
5333,2026-05-30 14:04:48.921881,2026/05/30 14:04:48.970,1,NVIDIA A100-SXM-64GB,168.92,48142,100
5334,2026-05-30 14:04:48.921881,2026/05/30 14:04:48.973,2,NVIDIA A100-SXM-64GB,182.99,48132,100
5335,2026-05-30 14:04:48.921881,2026/05/30 14:04:48.975,3,NVIDIA A100-SXM-64GB,162.99,48106,100
5336,2026-05-30 14:04:54.024857,2026/05/30 14:04:54.079,0,NVIDIA A100-SXM-64GB,160.18,48124,100
5337,2026-05-30 14:04:54.024857,2026/05/30 14:04:54.081,1,NVIDIA A100-SXM-64GB,165.23,48142,100
5338,2026-05-30 14:04:54.024857,2026/05/30 14:04:54.084,2,NVIDIA A100-SXM-64GB,114.23,48132,100
5339,2026-05-30 14:04:54.024857,2026/05/30 14:04:54.086,3,NVIDIA A100-SXM-64GB,141.20,48106,100
5340,2026-05-30 14:04:59.153627,2026/05/30 14:04:59.206,0,NVIDIA A100-SXM-64GB,155.91,48124,100
5341,2026-05-30 14:04:59.153627,2026/05/30 14:04:59.212,1,NVIDIA A100-SXM-64GB,158.36,48142,100
5342,2026-05-30 14:04:59.153627,2026/05/30 14:04:59.215,2,NVIDIA A100-SXM-64GB,177.49,48132,98
5343,2026-05-30 14:04:59.153627,2026/05/30 14:04:59.217,3,NVIDIA A100-SXM-64GB,137.98,48106,98
5344,2026-05-30 14:05:04.252403,2026/05/30 14:05:04.300,0,NVIDIA A100-SXM-64GB,116.95,48124,100
5345,2026-05-30 14:05:04.252403,2026/05/30 14:05:04.303,1,NVIDIA A100-SXM-64GB,149.18,48142,100
5346,2026-05-30 14:05:04.252403,2026/05/30 14:05:04.307,2,NVIDIA A100-SXM-64GB,117.53,48132,100
5347,2026-05-30 14:05:04.252403,2026/05/30 14:05:04.310,3,NVIDIA A100-SXM-64GB,140.31,48106,100
5348,2026-05-30 14:05:09.355088,2026/05/30 14:05:09.411,0,NVIDIA A100-SXM-64GB,129.46,48124,100
5349,2026-05-30 14:05:09.355088,2026/05/30 14:05:09.416,1,NVIDIA A100-SXM-64GB,173.21,48142,98
5350,2026-05-30 14:05:09.355088,2026/05/30 14:05:09.419,2,NVIDIA A100-SXM-64GB,134.02,48132,100
5351,2026-05-30 14:05:09.355088,2026/05/30 14:05:09.423,3,NVIDIA A100-SXM-64GB,204.03,48106,100
5352,2026-05-30 14:05:14.452592,2026/05/30 14:05:14.500,0,NVIDIA A100-SXM-64GB,146.57,48124,100
5353,2026-05-30 14:05:14.452592,2026/05/30 14:05:14.503,1,NVIDIA A100-SXM-64GB,137.23,48142,100
5354,2026-05-30 14:05:14.452592,2026/05/30 14:05:14.505,2,NVIDIA A100-SXM-64GB,163.92,48132,100
5355,2026-05-30 14:05:14.452592,2026/05/30 14:05:14.508,3,NVIDIA A100-SXM-64GB,168.05,48106,100
5356,2026-05-30 14:05:19.540989,2026/05/30 14:05:19.585,0,NVIDIA A100-SXM-64GB,189.17,48124,100
5357,2026-05-30 14:05:19.540989,2026/05/30 14:05:19.589,1,NVIDIA A100-SXM-64GB,131.26,48142,100
5358,2026-05-30 14:05:19.540989,2026/05/30 14:05:19.591,2,NVIDIA A100-SXM-64GB,130.52,48132,100
5359,2026-05-30 14:05:19.540989,2026/05/30 14:05:19.594,3,NVIDIA A100-SXM-64GB,112.04,48106,100
5360,2026-05-30 14:05:24.625589,2026/05/30 14:05:24.674,0,NVIDIA A100-SXM-64GB,156.84,48124,100
5361,2026-05-30 14:05:24.625589,2026/05/30 14:05:24.677,1,NVIDIA A100-SXM-64GB,158.09,48142,100
5362,2026-05-30 14:05:24.625589,2026/05/30 14:05:24.679,2,NVIDIA A100-SXM-64GB,175.95,48132,100
5363,2026-05-30 14:05:24.625589,2026/05/30 14:05:24.685,3,NVIDIA A100-SXM-64GB,173.38,48106,100
5364,2026-05-30 14:05:29.732928,2026/05/30 14:05:29.781,0,NVIDIA A100-SXM-64GB,113.00,48124,100
5365,2026-05-30 14:05:29.732928,2026/05/30 14:05:29.784,1,NVIDIA A100-SXM-64GB,149.50,48142,100
5366,2026-05-30 14:05:29.732928,2026/05/30 14:05:29.786,2,NVIDIA A100-SXM-64GB,117.04,48132,100
5367,2026-05-30 14:05:29.732928,2026/05/30 14:05:29.789,3,NVIDIA A100-SXM-64GB,158.85,48106,100
5368,2026-05-30 14:05:34.842147,2026/05/30 14:05:34.886,0,NVIDIA A100-SXM-64GB,171.74,48124,100
5369,2026-05-30 14:05:34.842147,2026/05/30 14:05:34.888,1,NVIDIA A100-SXM-64GB,149.95,48142,100
5370,2026-05-30 14:05:34.842147,2026/05/30 14:05:34.891,2,NVIDIA A100-SXM-64GB,157.16,48132,100
5371,2026-05-30 14:05:34.842147,2026/05/30 14:05:34.893,3,NVIDIA A100-SXM-64GB,143.67,48106,100
5372,2026-05-30 14:05:39.928913,2026/05/30 14:05:39.976,0,NVIDIA A100-SXM-64GB,171.29,48124,100
5373,2026-05-30 14:05:39.928913,2026/05/30 14:05:39.979,1,NVIDIA A100-SXM-64GB,172.27,48142,100
5374,2026-05-30 14:05:39.928913,2026/05/30 14:05:39.982,2,NVIDIA A100-SXM-64GB,184.95,48132,100
5375,2026-05-30 14:05:39.928913,2026/05/30 14:05:39.986,3,NVIDIA A100-SXM-64GB,173.21,48106,100
5376,2026-05-30 14:05:45.028263,2026/05/30 14:05:45.078,0,NVIDIA A100-SXM-64GB,149.82,48124,100
5377,2026-05-30 14:05:45.028263,2026/05/30 14:05:45.080,1,NVIDIA A100-SXM-64GB,171.99,48142,100
5378,2026-05-30 14:05:45.028263,2026/05/30 14:05:45.088,2,NVIDIA A100-SXM-64GB,122.41,48132,100
5379,2026-05-30 14:05:45.028263,2026/05/30 14:05:45.090,3,NVIDIA A100-SXM-64GB,138.45,48106,100
5380,2026-05-30 14:05:50.155359,2026/05/30 14:05:50.203,0,NVIDIA A100-SXM-64GB,188.05,48124,100
5381,2026-05-30 14:05:50.155359,2026/05/30 14:05:50.210,1,NVIDIA A100-SXM-64GB,188.82,48142,100
5382,2026-05-30 14:05:50.155359,2026/05/30 14:05:50.213,2,NVIDIA A100-SXM-64GB,170.28,48132,100
5383,2026-05-30 14:05:50.155359,2026/05/30 14:05:50.215,3,NVIDIA A100-SXM-64GB,166.34,48106,100
5384,2026-05-30 14:05:55.264245,2026/05/30 14:05:55.312,0,NVIDIA A100-SXM-64GB,161.99,48124,100
5385,2026-05-30 14:05:55.264245,2026/05/30 14:05:55.315,1,NVIDIA A100-SXM-64GB,177.22,48142,100
5386,2026-05-30 14:05:55.264245,2026/05/30 14:05:55.317,2,NVIDIA A100-SXM-64GB,174.24,48132,100
5387,2026-05-30 14:05:55.264245,2026/05/30 14:05:55.319,3,NVIDIA A100-SXM-64GB,131.12,48106,100
5388,2026-05-30 14:06:00.366381,2026/05/30 14:06:00.409,0,NVIDIA A100-SXM-64GB,148.29,48124,100
5389,2026-05-30 14:06:00.366381,2026/05/30 14:06:00.411,1,NVIDIA A100-SXM-64GB,168.32,48142,100
5390,2026-05-30 14:06:00.366381,2026/05/30 14:06:00.414,2,NVIDIA A100-SXM-64GB,162.65,48132,100
5391,2026-05-30 14:06:00.366381,2026/05/30 14:06:00.416,3,NVIDIA A100-SXM-64GB,187.47,48106,100
5392,2026-05-30 14:06:05.453890,2026/05/30 14:06:05.498,0,NVIDIA A100-SXM-64GB,166.26,48124,100
5393,2026-05-30 14:06:05.453890,2026/05/30 14:06:05.501,1,NVIDIA A100-SXM-64GB,169.69,48142,100
5394,2026-05-30 14:06:05.453890,2026/05/30 14:06:05.503,2,NVIDIA A100-SXM-64GB,154.85,48132,100
5395,2026-05-30 14:06:05.453890,2026/05/30 14:06:05.506,3,NVIDIA A100-SXM-64GB,134.29,48106,100
5396,2026-05-30 14:06:10.541330,2026/05/30 14:06:10.588,0,NVIDIA A100-SXM-64GB,156.18,48124,100
5397,2026-05-30 14:06:10.541330,2026/05/30 14:06:10.591,1,NVIDIA A100-SXM-64GB,182.39,48142,100
5398,2026-05-30 14:06:10.541330,2026/05/30 14:06:10.593,2,NVIDIA A100-SXM-64GB,162.48,48132,100
5399,2026-05-30 14:06:10.541330,2026/05/30 14:06:10.596,3,NVIDIA A100-SXM-64GB,159.79,48106,100
5400,2026-05-30 14:06:15.624959,2026/05/30 14:06:15.673,0,NVIDIA A100-SXM-64GB,156.67,48124,100
5401,2026-05-30 14:06:15.624959,2026/05/30 14:06:15.675,1,NVIDIA A100-SXM-64GB,155.01,48142,100
5402,2026-05-30 14:06:15.624959,2026/05/30 14:06:15.678,2,NVIDIA A100-SXM-64GB,170.78,48132,100
5403,2026-05-30 14:06:15.624959,2026/05/30 14:06:15.681,3,NVIDIA A100-SXM-64GB,187.19,48106,100
5404,2026-05-30 14:06:20.724961,2026/05/30 14:06:20.779,0,NVIDIA A100-SXM-64GB,139.55,48124,98
5405,2026-05-30 14:06:20.724961,2026/05/30 14:06:20.781,1,NVIDIA A100-SXM-64GB,150.43,48142,100
5406,2026-05-30 14:06:20.724961,2026/05/30 14:06:20.784,2,NVIDIA A100-SXM-64GB,141.38,48132,98
5407,2026-05-30 14:06:20.724961,2026/05/30 14:06:20.786,3,NVIDIA A100-SXM-64GB,143.82,48106,98
5408,2026-05-30 14:06:25.815677,2026/05/30 14:06:25.860,0,NVIDIA A100-SXM-64GB,134.40,48124,100
5409,2026-05-30 14:06:25.815677,2026/05/30 14:06:25.862,1,NVIDIA A100-SXM-64GB,189.01,48142,97
5410,2026-05-30 14:06:25.815677,2026/05/30 14:06:25.865,2,NVIDIA A100-SXM-64GB,140.92,48132,97
5411,2026-05-30 14:06:25.815677,2026/05/30 14:06:25.867,3,NVIDIA A100-SXM-64GB,132.00,48106,97
5412,2026-05-30 14:06:30.902934,2026/05/30 14:06:30.947,0,NVIDIA A100-SXM-64GB,141.56,48124,98
5413,2026-05-30 14:06:30.902934,2026/05/30 14:06:30.952,1,NVIDIA A100-SXM-64GB,152.68,48142,98
5414,2026-05-30 14:06:30.902934,2026/05/30 14:06:30.954,2,NVIDIA A100-SXM-64GB,137.84,48132,98
5415,2026-05-30 14:06:30.902934,2026/05/30 14:06:30.960,3,NVIDIA A100-SXM-64GB,142.75,48106,98
5416,2026-05-30 14:06:36.012618,2026/05/30 14:06:36.057,0,NVIDIA A100-SXM-64GB,160.02,48124,98
5417,2026-05-30 14:06:36.012618,2026/05/30 14:06:36.059,1,NVIDIA A100-SXM-64GB,141.07,48142,100
5418,2026-05-30 14:06:36.012618,2026/05/30 14:06:36.062,2,NVIDIA A100-SXM-64GB,202.62,48132,100
5419,2026-05-30 14:06:36.012618,2026/05/30 14:06:36.064,3,NVIDIA A100-SXM-64GB,139.33,48106,100
5420,2026-05-30 14:06:41.114617,2026/05/30 14:06:41.163,0,NVIDIA A100-SXM-64GB,166.59,48124,100
5421,2026-05-30 14:06:41.114617,2026/05/30 14:06:41.166,1,NVIDIA A100-SXM-64GB,205.24,48142,100
5422,2026-05-30 14:06:41.114617,2026/05/30 14:06:41.168,2,NVIDIA A100-SXM-64GB,168.92,48132,100
5423,2026-05-30 14:06:41.114617,2026/05/30 14:06:41.171,3,NVIDIA A100-SXM-64GB,170.48,48106,100
5424,2026-05-30 14:06:46.230485,2026/05/30 14:06:46.274,0,NVIDIA A100-SXM-64GB,142.90,48124,100
5425,2026-05-30 14:06:46.230485,2026/05/30 14:06:46.276,1,NVIDIA A100-SXM-64GB,152.53,48142,100
5426,2026-05-30 14:06:46.230485,2026/05/30 14:06:46.279,2,NVIDIA A100-SXM-64GB,143.67,48132,100
5427,2026-05-30 14:06:46.230485,2026/05/30 14:06:46.283,3,NVIDIA A100-SXM-64GB,140.13,48106,100
5428,2026-05-30 14:06:51.318434,2026/05/30 14:06:51.361,0,NVIDIA A100-SXM-64GB,179.69,48124,100
5429,2026-05-30 14:06:51.318434,2026/05/30 14:06:51.363,1,NVIDIA A100-SXM-64GB,189.75,48142,100
5430,2026-05-30 14:06:51.318434,2026/05/30 14:06:51.366,2,NVIDIA A100-SXM-64GB,167.38,48132,100
5431,2026-05-30 14:06:51.318434,2026/05/30 14:06:51.368,3,NVIDIA A100-SXM-64GB,169.09,48106,100
5432,2026-05-30 14:06:56.416615,2026/05/30 14:06:56.469,0,NVIDIA A100-SXM-64GB,171.32,48124,100
5433,2026-05-30 14:06:56.416615,2026/05/30 14:06:56.471,1,NVIDIA A100-SXM-64GB,182.57,48142,100
5434,2026-05-30 14:06:56.416615,2026/05/30 14:06:56.474,2,NVIDIA A100-SXM-64GB,161.11,48132,100
5435,2026-05-30 14:06:56.416615,2026/05/30 14:06:56.476,3,NVIDIA A100-SXM-64GB,180.01,48106,100
5436,2026-05-30 14:07:01.531753,2026/05/30 14:07:01.580,0,NVIDIA A100-SXM-64GB,176.53,48124,100
5437,2026-05-30 14:07:01.531753,2026/05/30 14:07:01.584,1,NVIDIA A100-SXM-64GB,170.96,48142,100
5438,2026-05-30 14:07:01.531753,2026/05/30 14:07:01.587,2,NVIDIA A100-SXM-64GB,151.65,48132,100
5439,2026-05-30 14:07:01.531753,2026/05/30 14:07:01.589,3,NVIDIA A100-SXM-64GB,150.26,48106,100
5440,2026-05-30 14:07:06.626529,2026/05/30 14:07:06.675,0,NVIDIA A100-SXM-64GB,177.74,48124,100
5441,2026-05-30 14:07:06.626529,2026/05/30 14:07:06.677,1,NVIDIA A100-SXM-64GB,183.18,48142,100
5442,2026-05-30 14:07:06.626529,2026/05/30 14:07:06.681,2,NVIDIA A100-SXM-64GB,162.38,48132,100
5443,2026-05-30 14:07:06.626529,2026/05/30 14:07:06.686,3,NVIDIA A100-SXM-64GB,162.54,48106,100
5444,2026-05-30 14:07:11.735923,2026/05/30 14:07:11.784,0,NVIDIA A100-SXM-64GB,160.18,48124,100
5445,2026-05-30 14:07:11.735923,2026/05/30 14:07:11.787,1,NVIDIA A100-SXM-64GB,180.24,48142,100
5446,2026-05-30 14:07:11.735923,2026/05/30 14:07:11.789,2,NVIDIA A100-SXM-64GB,169.25,48132,100
5447,2026-05-30 14:07:11.735923,2026/05/30 14:07:11.792,3,NVIDIA A100-SXM-64GB,163.76,48106,100
5448,2026-05-30 14:07:16.838499,2026/05/30 14:07:16.887,0,NVIDIA A100-SXM-64GB,169.93,48124,100
5449,2026-05-30 14:07:16.838499,2026/05/30 14:07:16.890,1,NVIDIA A100-SXM-64GB,147.35,48142,100
5450,2026-05-30 14:07:16.838499,2026/05/30 14:07:16.892,2,NVIDIA A100-SXM-64GB,160.51,48132,100
5451,2026-05-30 14:07:16.838499,2026/05/30 14:07:16.895,3,NVIDIA A100-SXM-64GB,162.82,48106,100
5452,2026-05-30 14:07:21.950622,2026/05/30 14:07:21.994,0,NVIDIA A100-SXM-64GB,167.19,48124,100
5453,2026-05-30 14:07:21.950622,2026/05/30 14:07:21.996,1,NVIDIA A100-SXM-64GB,179.64,48142,100
5454,2026-05-30 14:07:21.950622,2026/05/30 14:07:21.999,2,NVIDIA A100-SXM-64GB,173.21,48132,100
5455,2026-05-30 14:07:21.950622,2026/05/30 14:07:22.001,3,NVIDIA A100-SXM-64GB,157.15,48106,100
5456,2026-05-30 14:07:27.051041,2026/05/30 14:07:27.095,0,NVIDIA A100-SXM-64GB,135.46,48124,97
5457,2026-05-30 14:07:27.051041,2026/05/30 14:07:27.097,1,NVIDIA A100-SXM-64GB,149.18,48142,100
5458,2026-05-30 14:07:27.051041,2026/05/30 14:07:27.100,2,NVIDIA A100-SXM-64GB,147.20,48132,97
5459,2026-05-30 14:07:27.051041,2026/05/30 14:07:27.102,3,NVIDIA A100-SXM-64GB,142.27,48106,100
5460,2026-05-30 14:07:32.140160,2026/05/30 14:07:32.187,0,NVIDIA A100-SXM-64GB,185.17,48124,100
5461,2026-05-30 14:07:32.140160,2026/05/30 14:07:32.190,1,NVIDIA A100-SXM-64GB,194.04,48142,100
5462,2026-05-30 14:07:32.140160,2026/05/30 14:07:32.192,2,NVIDIA A100-SXM-64GB,167.71,48132,100
5463,2026-05-30 14:07:32.140160,2026/05/30 14:07:32.195,3,NVIDIA A100-SXM-64GB,172.78,48106,100
5464,2026-05-30 14:07:37.231832,2026/05/30 14:07:37.293,0,NVIDIA A100-SXM-64GB,165.66,48124,100
5465,2026-05-30 14:07:37.231832,2026/05/30 14:07:37.296,1,NVIDIA A100-SXM-64GB,147.63,48142,100
5466,2026-05-30 14:07:37.231832,2026/05/30 14:07:37.298,2,NVIDIA A100-SXM-64GB,144.13,48132,100
5467,2026-05-30 14:07:37.231832,2026/05/30 14:07:37.301,3,NVIDIA A100-SXM-64GB,158.69,48106,100
5468,2026-05-30 14:07:42.364618,2026/05/30 14:07:42.412,0,NVIDIA A100-SXM-64GB,186.84,48124,100
5469,2026-05-30 14:07:42.364618,2026/05/30 14:07:42.415,1,NVIDIA A100-SXM-64GB,195.57,48142,100
5470,2026-05-30 14:07:42.364618,2026/05/30 14:07:42.417,2,NVIDIA A100-SXM-64GB,171.67,48132,100
5471,2026-05-30 14:07:42.364618,2026/05/30 14:07:42.420,3,NVIDIA A100-SXM-64GB,180.15,48106,100
5472,2026-05-30 14:07:47.484503,2026/05/30 14:07:47.532,0,NVIDIA A100-SXM-64GB,170.26,48124,100
5473,2026-05-30 14:07:47.484503,2026/05/30 14:07:47.535,1,NVIDIA A100-SXM-64GB,184.25,48142,100
5474,2026-05-30 14:07:47.484503,2026/05/30 14:07:47.538,2,NVIDIA A100-SXM-64GB,162.48,48132,100
5475,2026-05-30 14:07:47.484503,2026/05/30 14:07:47.540,3,NVIDIA A100-SXM-64GB,174.59,48106,100
5476,2026-05-30 14:07:52.587966,2026/05/30 14:07:52.632,0,NVIDIA A100-SXM-64GB,164.73,48124,100
5477,2026-05-30 14:07:52.587966,2026/05/30 14:07:52.634,1,NVIDIA A100-SXM-64GB,181.36,48142,100
5478,2026-05-30 14:07:52.587966,2026/05/30 14:07:52.640,2,NVIDIA A100-SXM-64GB,172.93,48132,100
5479,2026-05-30 14:07:52.587966,2026/05/30 14:07:52.643,3,NVIDIA A100-SXM-64GB,168.49,48106,100
5480,2026-05-30 14:07:57.696621,2026/05/30 14:07:57.745,0,NVIDIA A100-SXM-64GB,159.85,48124,100
5481,2026-05-30 14:07:57.696621,2026/05/30 14:07:57.748,1,NVIDIA A100-SXM-64GB,169.09,48142,100
5482,2026-05-30 14:07:57.696621,2026/05/30 14:07:57.750,2,NVIDIA A100-SXM-64GB,131.73,48132,100
5483,2026-05-30 14:07:57.696621,2026/05/30 14:07:57.753,3,NVIDIA A100-SXM-64GB,157.31,48106,100
5484,2026-05-30 14:08:02.818625,2026/05/30 14:08:02.863,0,NVIDIA A100-SXM-64GB,168.13,48124,100
5485,2026-05-30 14:08:02.818625,2026/05/30 14:08:02.865,1,NVIDIA A100-SXM-64GB,157.49,48142,100
5486,2026-05-30 14:08:02.818625,2026/05/30 14:08:02.869,2,NVIDIA A100-SXM-64GB,164.63,48132,100
5487,2026-05-30 14:08:02.818625,2026/05/30 14:08:02.871,3,NVIDIA A100-SXM-64GB,177.07,48106,100
5488,2026-05-30 14:08:07.924624,2026/05/30 14:08:07.973,0,NVIDIA A100-SXM-64GB,134.40,48124,100
5489,2026-05-30 14:08:07.924624,2026/05/30 14:08:07.979,1,NVIDIA A100-SXM-64GB,146.43,48142,100
5490,2026-05-30 14:08:07.924624,2026/05/30 14:08:07.981,2,NVIDIA A100-SXM-64GB,178.10,48132,100
5491,2026-05-30 14:08:07.924624,2026/05/30 14:08:07.984,3,NVIDIA A100-SXM-64GB,120.92,48106,100
5492,2026-05-30 14:08:13.026635,2026/05/30 14:08:13.074,0,NVIDIA A100-SXM-64GB,177.88,48124,100
5493,2026-05-30 14:08:13.026635,2026/05/30 14:08:13.079,1,NVIDIA A100-SXM-64GB,185.65,48142,100
5494,2026-05-30 14:08:13.026635,2026/05/30 14:08:13.082,2,NVIDIA A100-SXM-64GB,168.82,48132,100
5495,2026-05-30 14:08:13.026635,2026/05/30 14:08:13.085,3,NVIDIA A100-SXM-64GB,164.97,48106,100
5496,2026-05-30 14:08:18.160622,2026/05/30 14:08:18.208,0,NVIDIA A100-SXM-64GB,173.61,48124,100
5497,2026-05-30 14:08:18.160622,2026/05/30 14:08:18.211,1,NVIDIA A100-SXM-64GB,186.59,48142,100
5498,2026-05-30 14:08:18.160622,2026/05/30 14:08:18.214,2,NVIDIA A100-SXM-64GB,175.95,48132,100
5499,2026-05-30 14:08:18.160622,2026/05/30 14:08:18.217,3,NVIDIA A100-SXM-64GB,176.04,48106,100
5500,2026-05-30 14:08:23.265477,2026/05/30 14:08:23.309,0,NVIDIA A100-SXM-64GB,171.47,48124,100
5501,2026-05-30 14:08:23.265477,2026/05/30 14:08:23.311,1,NVIDIA A100-SXM-64GB,163.26,48142,100
5502,2026-05-30 14:08:23.265477,2026/05/30 14:08:23.315,2,NVIDIA A100-SXM-64GB,152.10,48132,100
5503,2026-05-30 14:08:23.265477,2026/05/30 14:08:23.318,3,NVIDIA A100-SXM-64GB,177.67,48106,100
5504,2026-05-30 14:08:28.354763,2026/05/30 14:08:28.411,0,NVIDIA A100-SXM-64GB,134.67,48124,97
5505,2026-05-30 14:08:28.354763,2026/05/30 14:08:28.413,1,NVIDIA A100-SXM-64GB,138.77,48142,100
5506,2026-05-30 14:08:28.354763,2026/05/30 14:08:28.416,2,NVIDIA A100-SXM-64GB,165.23,48132,99
5507,2026-05-30 14:08:28.354763,2026/05/30 14:08:28.419,3,NVIDIA A100-SXM-64GB,217.85,48106,100
5508,2026-05-30 14:08:33.448473,2026/05/30 14:08:33.496,0,NVIDIA A100-SXM-64GB,147.69,48124,98
5509,2026-05-30 14:08:33.448473,2026/05/30 14:08:33.502,1,NVIDIA A100-SXM-64GB,151.65,48142,98
5510,2026-05-30 14:08:33.448473,2026/05/30 14:08:33.504,2,NVIDIA A100-SXM-64GB,147.20,48132,98
5511,2026-05-30 14:08:33.448473,2026/05/30 14:08:33.507,3,NVIDIA A100-SXM-64GB,142.74,48106,98
5512,2026-05-30 14:08:38.559780,2026/05/30 14:08:38.612,0,NVIDIA A100-SXM-64GB,200.45,48124,100
5513,2026-05-30 14:08:38.559780,2026/05/30 14:08:38.615,1,NVIDIA A100-SXM-64GB,209.32,48142,100
5514,2026-05-30 14:08:38.559780,2026/05/30 14:08:38.618,2,NVIDIA A100-SXM-64GB,220.37,48132,100
5515,2026-05-30 14:08:38.559780,2026/05/30 14:08:38.620,3,NVIDIA A100-SXM-64GB,127.23,48106,100
5516,2026-05-30 14:08:43.656882,2026/05/30 14:08:43.704,0,NVIDIA A100-SXM-64GB,149.65,48124,98
5517,2026-05-30 14:08:43.656882,2026/05/30 14:08:43.707,1,NVIDIA A100-SXM-64GB,152.86,48142,100
5518,2026-05-30 14:08:43.656882,2026/05/30 14:08:43.709,2,NVIDIA A100-SXM-64GB,148.90,48132,100
5519,2026-05-30 14:08:43.656882,2026/05/30 14:08:43.715,3,NVIDIA A100-SXM-64GB,140.73,48106,100
5520,2026-05-30 14:08:48.763992,2026/05/30 14:08:48.808,0,NVIDIA A100-SXM-64GB,142.30,48124,97
5521,2026-05-30 14:08:48.763992,2026/05/30 14:08:48.810,1,NVIDIA A100-SXM-64GB,146.75,48142,97
5522,2026-05-30 14:08:48.763992,2026/05/30 14:08:48.813,2,NVIDIA A100-SXM-64GB,145.49,48132,97
5523,2026-05-30 14:08:48.763992,2026/05/30 14:08:48.815,3,NVIDIA A100-SXM-64GB,135.83,48106,97
5524,2026-05-30 14:08:53.851628,2026/05/30 14:08:53.900,0,NVIDIA A100-SXM-64GB,193.72,48124,100
5525,2026-05-30 14:08:53.851628,2026/05/30 14:08:53.903,1,NVIDIA A100-SXM-64GB,148.90,48142,100
5526,2026-05-30 14:08:53.851628,2026/05/30 14:08:53.905,2,NVIDIA A100-SXM-64GB,144.60,48132,100
5527,2026-05-30 14:08:53.851628,2026/05/30 14:08:53.908,3,NVIDIA A100-SXM-64GB,164.70,48106,100
5528,2026-05-30 14:08:58.955344,2026/05/30 14:08:58.998,0,NVIDIA A100-SXM-64GB,142.62,48124,97
5529,2026-05-30 14:08:58.955344,2026/05/30 14:08:59.001,1,NVIDIA A100-SXM-64GB,141.20,48142,100
5530,2026-05-30 14:08:58.955344,2026/05/30 14:08:59.004,2,NVIDIA A100-SXM-64GB,146.60,48132,99
5531,2026-05-30 14:08:58.955344,2026/05/30 14:08:59.006,3,NVIDIA A100-SXM-64GB,138.77,48106,98
5532,2026-05-30 14:09:04.059614,2026/05/30 14:09:04.121,0,NVIDIA A100-SXM-64GB,171.14,48124,100
5533,2026-05-30 14:09:04.059614,2026/05/30 14:09:04.123,1,NVIDIA A100-SXM-64GB,167.98,48142,100
5534,2026-05-30 14:09:04.059614,2026/05/30 14:09:04.126,2,NVIDIA A100-SXM-64GB,179.03,48132,100
5535,2026-05-30 14:09:04.059614,2026/05/30 14:09:04.129,3,NVIDIA A100-SXM-64GB,188.08,48106,100
5536,2026-05-30 14:09:09.193618,2026/05/30 14:09:09.254,0,NVIDIA A100-SXM-64GB,132.13,48124,100
5537,2026-05-30 14:09:09.193618,2026/05/30 14:09:09.260,1,NVIDIA A100-SXM-64GB,118.25,48142,100
5538,2026-05-30 14:09:09.193618,2026/05/30 14:09:09.263,2,NVIDIA A100-SXM-64GB,160.95,48132,100
5539,2026-05-30 14:09:09.193618,2026/05/30 14:09:09.265,3,NVIDIA A100-SXM-64GB,178.01,48106,100
5540,2026-05-30 14:09:14.327620,2026/05/30 14:09:14.371,0,NVIDIA A100-SXM-64GB,174.54,48124,100
5541,2026-05-30 14:09:14.327620,2026/05/30 14:09:14.373,1,NVIDIA A100-SXM-64GB,175.68,48142,100
5542,2026-05-30 14:09:14.327620,2026/05/30 14:09:14.376,2,NVIDIA A100-SXM-64GB,177.22,48132,100
5543,2026-05-30 14:09:14.327620,2026/05/30 14:09:14.381,3,NVIDIA A100-SXM-64GB,141.67,48106,100
5544,2026-05-30 14:09:19.410811,2026/05/30 14:09:19.459,0,NVIDIA A100-SXM-64GB,179.23,48124,100
5545,2026-05-30 14:09:19.410811,2026/05/30 14:09:19.462,1,NVIDIA A100-SXM-64GB,173.21,48142,100
5546,2026-05-30 14:09:19.410811,2026/05/30 14:09:19.464,2,NVIDIA A100-SXM-64GB,161.61,48132,100
5547,2026-05-30 14:09:19.410811,2026/05/30 14:09:19.467,3,NVIDIA A100-SXM-64GB,151.04,48106,100
5548,2026-05-30 14:09:24.514061,2026/05/30 14:09:24.560,0,NVIDIA A100-SXM-64GB,168.40,48124,100
5549,2026-05-30 14:09:24.514061,2026/05/30 14:09:24.563,1,NVIDIA A100-SXM-64GB,192.77,48142,100
5550,2026-05-30 14:09:24.514061,2026/05/30 14:09:24.565,2,NVIDIA A100-SXM-64GB,185.13,48132,100
5551,2026-05-30 14:09:24.514061,2026/05/30 14:09:24.568,3,NVIDIA A100-SXM-64GB,172.78,48106,100
5552,2026-05-30 14:09:29.607042,2026/05/30 14:09:29.655,0,NVIDIA A100-SXM-64GB,164.73,48124,100
5553,2026-05-30 14:09:29.607042,2026/05/30 14:09:29.660,1,NVIDIA A100-SXM-64GB,174.41,48142,100
5554,2026-05-30 14:09:29.607042,2026/05/30 14:09:29.662,2,NVIDIA A100-SXM-64GB,179.78,48132,100
5555,2026-05-30 14:09:29.607042,2026/05/30 14:09:29.665,3,NVIDIA A100-SXM-64GB,157.76,48106,100
5556,2026-05-30 14:09:34.707415,2026/05/30 14:09:34.751,0,NVIDIA A100-SXM-64GB,172.22,48124,100
5557,2026-05-30 14:09:34.707415,2026/05/30 14:09:34.754,1,NVIDIA A100-SXM-64GB,183.32,48142,100
5558,2026-05-30 14:09:34.707415,2026/05/30 14:09:34.759,2,NVIDIA A100-SXM-64GB,171.67,48132,100
5559,2026-05-30 14:09:34.707415,2026/05/30 14:09:34.761,3,NVIDIA A100-SXM-64GB,165.40,48106,100
5560,2026-05-30 14:09:39.791132,2026/05/30 14:09:39.839,0,NVIDIA A100-SXM-64GB,165.06,48124,100
5561,2026-05-30 14:09:39.791132,2026/05/30 14:09:39.842,1,NVIDIA A100-SXM-64GB,171.39,48142,100
5562,2026-05-30 14:09:39.791132,2026/05/30 14:09:39.844,2,NVIDIA A100-SXM-64GB,173.96,48132,100
5563,2026-05-30 14:09:39.791132,2026/05/30 14:09:39.847,3,NVIDIA A100-SXM-64GB,169.42,48106,100
5564,2026-05-30 14:09:44.894599,2026/05/30 14:09:44.939,0,NVIDIA A100-SXM-64GB,189.17,48124,100
5565,2026-05-30 14:09:44.894599,2026/05/30 14:09:44.943,1,NVIDIA A100-SXM-64GB,187.27,48142,100
5566,2026-05-30 14:09:44.894599,2026/05/30 14:09:44.947,2,NVIDIA A100-SXM-64GB,172.09,48132,100
5567,2026-05-30 14:09:44.894599,2026/05/30 14:09:44.950,3,NVIDIA A100-SXM-64GB,182.57,48106,100
5568,2026-05-30 14:09:49.989089,2026/05/30 14:09:50.036,0,NVIDIA A100-SXM-64GB,165.06,48124,100
5569,2026-05-30 14:09:49.989089,2026/05/30 14:09:50.039,1,NVIDIA A100-SXM-64GB,172.60,48142,100
5570,2026-05-30 14:09:49.989089,2026/05/30 14:09:50.041,2,NVIDIA A100-SXM-64GB,164.96,48132,100
5571,2026-05-30 14:09:49.989089,2026/05/30 14:09:50.044,3,NVIDIA A100-SXM-64GB,163.59,48106,100
5572,2026-05-30 14:09:55.083845,2026/05/30 14:09:55.131,0,NVIDIA A100-SXM-64GB,188.65,48124,98
5573,2026-05-30 14:09:55.083845,2026/05/30 14:09:55.134,1,NVIDIA A100-SXM-64GB,147.63,48142,100
5574,2026-05-30 14:09:55.083845,2026/05/30 14:09:55.136,2,NVIDIA A100-SXM-64GB,147.81,48132,100
5575,2026-05-30 14:09:55.083845,2026/05/30 14:09:55.139,3,NVIDIA A100-SXM-64GB,179.21,48106,100
5576,2026-05-30 14:10:00.175598,2026/05/30 14:10:00.220,0,NVIDIA A100-SXM-64GB,178.15,48124,100
5577,2026-05-30 14:10:00.175598,2026/05/30 14:10:00.222,1,NVIDIA A100-SXM-64GB,183.32,48142,100
5578,2026-05-30 14:10:00.175598,2026/05/30 14:10:00.225,2,NVIDIA A100-SXM-64GB,171.39,48132,100
5579,2026-05-30 14:10:00.175598,2026/05/30 14:10:00.229,3,NVIDIA A100-SXM-64GB,155.94,48106,100
5580,2026-05-30 14:10:05.268385,2026/05/30 14:10:05.312,0,NVIDIA A100-SXM-64GB,135.28,48124,100
5581,2026-05-30 14:10:05.268385,2026/05/30 14:10:05.319,1,NVIDIA A100-SXM-64GB,146.43,48142,100
5582,2026-05-30 14:10:05.268385,2026/05/30 14:10:05.322,2,NVIDIA A100-SXM-64GB,149.78,48132,98
5583,2026-05-30 14:10:05.268385,2026/05/30 14:10:05.324,3,NVIDIA A100-SXM-64GB,136.76,48106,98
5584,2026-05-30 14:10:10.361483,2026/05/30 14:10:10.410,0,NVIDIA A100-SXM-64GB,171.14,48124,100
5585,2026-05-30 14:10:10.361483,2026/05/30 14:10:10.413,1,NVIDIA A100-SXM-64GB,175.53,48142,100
5586,2026-05-30 14:10:10.361483,2026/05/30 14:10:10.415,2,NVIDIA A100-SXM-64GB,171.99,48132,100
5587,2026-05-30 14:10:10.361483,2026/05/30 14:10:10.419,3,NVIDIA A100-SXM-64GB,165.30,48106,100
5588,2026-05-30 14:10:15.455533,2026/05/30 14:10:15.504,0,NVIDIA A100-SXM-64GB,148.11,48124,98
5589,2026-05-30 14:10:15.455533,2026/05/30 14:10:15.507,1,NVIDIA A100-SXM-64GB,151.65,48142,98
5590,2026-05-30 14:10:15.455533,2026/05/30 14:10:15.511,2,NVIDIA A100-SXM-64GB,136.29,48132,100
5591,2026-05-30 14:10:15.455533,2026/05/30 14:10:15.513,3,NVIDIA A100-SXM-64GB,137.37,48106,100
5592,2026-05-30 14:10:20.582614,2026/05/30 14:10:20.646,0,NVIDIA A100-SXM-64GB,150.58,48124,100
5593,2026-05-30 14:10:20.582614,2026/05/30 14:10:20.648,1,NVIDIA A100-SXM-64GB,177.83,48142,98
5594,2026-05-30 14:10:20.582614,2026/05/30 14:10:20.653,2,NVIDIA A100-SXM-64GB,160.35,48132,100
5595,2026-05-30 14:10:20.582614,2026/05/30 14:10:20.656,3,NVIDIA A100-SXM-64GB,134.29,48106,100
5596,2026-05-30 14:10:25.693685,2026/05/30 14:10:25.738,0,NVIDIA A100-SXM-64GB,171.91,48124,100
5597,2026-05-30 14:10:25.693685,2026/05/30 14:10:25.740,1,NVIDIA A100-SXM-64GB,172.78,48142,100
5598,2026-05-30 14:10:25.693685,2026/05/30 14:10:25.743,2,NVIDIA A100-SXM-64GB,151.32,48132,100
5599,2026-05-30 14:10:25.693685,2026/05/30 14:10:25.746,3,NVIDIA A100-SXM-64GB,162.21,48106,100
5600,2026-05-30 14:10:30.790048,2026/05/30 14:10:30.837,0,NVIDIA A100-SXM-64GB,177.55,48124,100
5601,2026-05-30 14:10:30.790048,2026/05/30 14:10:30.841,1,NVIDIA A100-SXM-64GB,174.59,48142,100
5602,2026-05-30 14:10:30.790048,2026/05/30 14:10:30.844,2,NVIDIA A100-SXM-64GB,177.31,48132,100
5603,2026-05-30 14:10:30.790048,2026/05/30 14:10:30.846,3,NVIDIA A100-SXM-64GB,171.74,48106,100
5604,2026-05-30 14:10:35.901519,2026/05/30 14:10:35.960,0,NVIDIA A100-SXM-64GB,145.70,48124,100
5605,2026-05-30 14:10:35.901519,2026/05/30 14:10:35.962,1,NVIDIA A100-SXM-64GB,191.77,48142,100
5606,2026-05-30 14:10:35.901519,2026/05/30 14:10:35.965,2,NVIDIA A100-SXM-64GB,145.49,48132,98
5607,2026-05-30 14:10:35.901519,2026/05/30 14:10:35.967,3,NVIDIA A100-SXM-64GB,168.33,48106,98
5608,2026-05-30 14:10:40.998006,2026/05/30 14:10:41.043,0,NVIDIA A100-SXM-64GB,167.19,48124,100
5609,2026-05-30 14:10:40.998006,2026/05/30 14:10:41.045,1,NVIDIA A100-SXM-64GB,155.34,48142,100
5610,2026-05-30 14:10:40.998006,2026/05/30 14:10:41.048,2,NVIDIA A100-SXM-64GB,154.52,48132,100
5611,2026-05-30 14:10:40.998006,2026/05/30 14:10:41.050,3,NVIDIA A100-SXM-64GB,151.32,48106,100
5612,2026-05-30 14:10:46.097869,2026/05/30 14:10:46.145,0,NVIDIA A100-SXM-64GB,140.49,48124,98
5613,2026-05-30 14:10:46.097869,2026/05/30 14:10:46.148,1,NVIDIA A100-SXM-64GB,146.43,48142,98
5614,2026-05-30 14:10:46.097869,2026/05/30 14:10:46.150,2,NVIDIA A100-SXM-64GB,133.13,48132,100
5615,2026-05-30 14:10:46.097869,2026/05/30 14:10:46.153,3,NVIDIA A100-SXM-64GB,137.70,48106,100
5616,2026-05-30 14:10:51.217613,2026/05/30 14:10:51.273,0,NVIDIA A100-SXM-64GB,174.81,48124,100
5617,2026-05-30 14:10:51.217613,2026/05/30 14:10:51.276,1,NVIDIA A100-SXM-64GB,154.68,48142,100
5618,2026-05-30 14:10:51.217613,2026/05/30 14:10:51.279,2,NVIDIA A100-SXM-64GB,169.52,48132,100
5619,2026-05-30 14:10:51.217613,2026/05/30 14:10:51.284,3,NVIDIA A100-SXM-64GB,150.87,48106,100
5620,2026-05-30 14:10:56.322005,2026/05/30 14:10:56.365,0,NVIDIA A100-SXM-64GB,175.14,48124,100
5621,2026-05-30 14:10:56.322005,2026/05/30 14:10:56.367,1,NVIDIA A100-SXM-64GB,173.38,48142,100
5622,2026-05-30 14:10:56.322005,2026/05/30 14:10:56.370,2,NVIDIA A100-SXM-64GB,171.07,48132,100
5623,2026-05-30 14:10:56.322005,2026/05/30 14:10:56.372,3,NVIDIA A100-SXM-64GB,171.57,48106,100
5624,2026-05-30 14:11:01.403219,2026/05/30 14:11:01.451,0,NVIDIA A100-SXM-64GB,174.21,48124,100
5625,2026-05-30 14:11:01.403219,2026/05/30 14:11:01.454,1,NVIDIA A100-SXM-64GB,172.44,48142,100
5626,2026-05-30 14:11:01.403219,2026/05/30 14:11:01.456,2,NVIDIA A100-SXM-64GB,160.07,48132,100
5627,2026-05-30 14:11:01.403219,2026/05/30 14:11:01.459,3,NVIDIA A100-SXM-64GB,173.38,48106,100
5628,2026-05-30 14:11:06.517610,2026/05/30 14:11:06.569,0,NVIDIA A100-SXM-64GB,177.88,48124,100
5629,2026-05-30 14:11:06.517610,2026/05/30 14:11:06.571,1,NVIDIA A100-SXM-64GB,190.88,48142,100
5630,2026-05-30 14:11:06.517610,2026/05/30 14:11:06.577,2,NVIDIA A100-SXM-64GB,188.21,48132,100
5631,2026-05-30 14:11:06.517610,2026/05/30 14:11:06.579,3,NVIDIA A100-SXM-64GB,166.84,48106,100
5632,2026-05-30 14:11:11.611439,2026/05/30 14:11:11.662,0,NVIDIA A100-SXM-64GB,157.11,48124,100
5633,2026-05-30 14:11:11.611439,2026/05/30 14:11:11.664,1,NVIDIA A100-SXM-64GB,181.64,48142,100
5634,2026-05-30 14:11:11.611439,2026/05/30 14:11:11.667,2,NVIDIA A100-SXM-64GB,166.50,48132,100
5635,2026-05-30 14:11:11.611439,2026/05/30 14:11:11.669,3,NVIDIA A100-SXM-64GB,166.18,48106,100
5636,2026-05-30 14:11:16.721618,2026/05/30 14:11:16.761,0,NVIDIA A100-SXM-64GB,180.89,48124,100
5637,2026-05-30 14:11:16.721618,2026/05/30 14:11:16.763,1,NVIDIA A100-SXM-64GB,189.94,48142,100
5638,2026-05-30 14:11:16.721618,2026/05/30 14:11:16.766,2,NVIDIA A100-SXM-64GB,189.42,48132,100
5639,2026-05-30 14:11:16.721618,2026/05/30 14:11:16.769,3,NVIDIA A100-SXM-64GB,162.21,48106,100
5640,2026-05-30 14:11:21.806089,2026/05/30 14:11:21.850,0,NVIDIA A100-SXM-64GB,145.37,48124,97
5641,2026-05-30 14:11:21.806089,2026/05/30 14:11:21.855,1,NVIDIA A100-SXM-64GB,132.14,48142,97
5642,2026-05-30 14:11:21.806089,2026/05/30 14:11:21.860,2,NVIDIA A100-SXM-64GB,143.06,48132,100
5643,2026-05-30 14:11:21.806089,2026/05/30 14:11:21.862,3,NVIDIA A100-SXM-64GB,135.36,48106,97
5644,2026-05-30 14:11:26.905352,2026/05/30 14:11:26.953,0,NVIDIA A100-SXM-64GB,189.77,48124,100
5645,2026-05-30 14:11:26.905352,2026/05/30 14:11:26.957,1,NVIDIA A100-SXM-64GB,172.17,48142,100
5646,2026-05-30 14:11:26.905352,2026/05/30 14:11:26.961,2,NVIDIA A100-SXM-64GB,186.07,48132,100
5647,2026-05-30 14:11:26.905352,2026/05/30 14:11:26.963,3,NVIDIA A100-SXM-64GB,186.26,48106,100
5648,2026-05-30 14:11:32.003387,2026/05/30 14:11:32.047,0,NVIDIA A100-SXM-64GB,149.65,48124,100
5649,2026-05-30 14:11:32.003387,2026/05/30 14:11:32.049,1,NVIDIA A100-SXM-64GB,145.96,48142,100
5650,2026-05-30 14:11:32.003387,2026/05/30 14:11:32.052,2,NVIDIA A100-SXM-64GB,135.42,48132,99
5651,2026-05-30 14:11:32.003387,2026/05/30 14:11:32.054,3,NVIDIA A100-SXM-64GB,139.66,48106,99
5652,2026-05-30 14:11:37.098236,2026/05/30 14:11:37.142,0,NVIDIA A100-SXM-64GB,160.94,48124,100
5653,2026-05-30 14:11:37.098236,2026/05/30 14:11:37.144,1,NVIDIA A100-SXM-64GB,195.86,48142,100
5654,2026-05-30 14:11:37.098236,2026/05/30 14:11:37.147,2,NVIDIA A100-SXM-64GB,190.36,48132,100
5655,2026-05-30 14:11:37.098236,2026/05/30 14:11:37.149,3,NVIDIA A100-SXM-64GB,165.13,48106,100
5656,2026-05-30 14:11:42.180532,2026/05/30 14:11:42.223,0,NVIDIA A100-SXM-64GB,145.54,48124,97
5657,2026-05-30 14:11:42.180532,2026/05/30 14:11:42.225,1,NVIDIA A100-SXM-64GB,143.34,48142,97
5658,2026-05-30 14:11:42.180532,2026/05/30 14:11:42.230,2,NVIDIA A100-SXM-64GB,140.44,48132,99
5659,2026-05-30 14:11:42.180532,2026/05/30 14:11:42.233,3,NVIDIA A100-SXM-64GB,142.88,48106,97
5660,2026-05-30 14:11:47.287616,2026/05/30 14:11:47.340,0,NVIDIA A100-SXM-64GB,172.40,48124,100
5661,2026-05-30 14:11:47.287616,2026/05/30 14:11:47.343,1,NVIDIA A100-SXM-64GB,174.32,48142,100
5662,2026-05-30 14:11:47.287616,2026/05/30 14:11:47.345,2,NVIDIA A100-SXM-64GB,172.93,48132,100
5663,2026-05-30 14:11:47.287616,2026/05/30 14:11:47.348,3,NVIDIA A100-SXM-64GB,164.97,48106,100
5664,2026-05-30 14:11:52.400842,2026/05/30 14:11:52.445,0,NVIDIA A100-SXM-64GB,150.10,48124,99
5665,2026-05-30 14:11:52.400842,2026/05/30 14:11:52.447,1,NVIDIA A100-SXM-64GB,151.16,48142,99
5666,2026-05-30 14:11:52.400842,2026/05/30 14:11:52.453,2,NVIDIA A100-SXM-64GB,148.14,48132,97
5667,2026-05-30 14:11:52.400842,2026/05/30 14:11:52.455,3,NVIDIA A100-SXM-64GB,138.45,48106,97
5668,2026-05-30 14:11:57.509617,2026/05/30 14:11:57.562,0,NVIDIA A100-SXM-64GB,178.30,48124,100
5669,2026-05-30 14:11:57.509617,2026/05/30 14:11:57.565,1,NVIDIA A100-SXM-64GB,184.86,48142,100
5670,2026-05-30 14:11:57.509617,2026/05/30 14:11:57.567,2,NVIDIA A100-SXM-64GB,165.06,48132,100
5671,2026-05-30 14:11:57.509617,2026/05/30 14:11:57.573,3,NVIDIA A100-SXM-64GB,178.88,48106,100
5672,2026-05-30 14:12:02.631624,2026/05/30 14:12:02.673,0,NVIDIA A100-SXM-64GB,145.22,48124,100
5673,2026-05-30 14:12:02.631624,2026/05/30 14:12:02.678,1,NVIDIA A100-SXM-64GB,147.48,48142,100
5674,2026-05-30 14:12:02.631624,2026/05/30 14:12:02.681,2,NVIDIA A100-SXM-64GB,146.60,48132,100
5675,2026-05-30 14:12:02.631624,2026/05/30 14:12:02.683,3,NVIDIA A100-SXM-64GB,127.44,48106,100
5676,2026-05-30 14:12:07.741622,2026/05/30 14:12:07.789,0,NVIDIA A100-SXM-64GB,181.64,48124,100
5677,2026-05-30 14:12:07.741622,2026/05/30 14:12:07.792,1,NVIDIA A100-SXM-64GB,174.41,48142,100
5678,2026-05-30 14:12:07.741622,2026/05/30 14:12:07.794,2,NVIDIA A100-SXM-64GB,171.39,48132,100
5679,2026-05-30 14:12:07.741622,2026/05/30 14:12:07.797,3,NVIDIA A100-SXM-64GB,175.53,48106,100
5680,2026-05-30 14:12:12.838534,2026/05/30 14:12:12.890,0,NVIDIA A100-SXM-64GB,145.22,48124,100
5681,2026-05-30 14:12:12.838534,2026/05/30 14:12:12.897,1,NVIDIA A100-SXM-64GB,174.74,48142,100
5682,2026-05-30 14:12:12.838534,2026/05/30 14:12:12.900,2,NVIDIA A100-SXM-64GB,125.44,48132,100
5683,2026-05-30 14:12:12.838534,2026/05/30 14:12:12.903,3,NVIDIA A100-SXM-64GB,110.05,48106,100
5684,2026-05-30 14:12:17.966594,2026/05/30 14:12:18.020,0,NVIDIA A100-SXM-64GB,183.50,48124,100
5685,2026-05-30 14:12:17.966594,2026/05/30 14:12:18.022,1,NVIDIA A100-SXM-64GB,204.22,48142,100
5686,2026-05-30 14:12:17.966594,2026/05/30 14:12:18.025,2,NVIDIA A100-SXM-64GB,168.15,48132,100
5687,2026-05-30 14:12:17.966594,2026/05/30 14:12:18.027,3,NVIDIA A100-SXM-64GB,172.44,48106,100
5688,2026-05-30 14:12:23.058321,2026/05/30 14:12:23.105,0,NVIDIA A100-SXM-64GB,172.07,48124,100
5689,2026-05-30 14:12:23.058321,2026/05/30 14:12:23.108,1,NVIDIA A100-SXM-64GB,176.89,48142,100
5690,2026-05-30 14:12:23.058321,2026/05/30 14:12:23.110,2,NVIDIA A100-SXM-64GB,147.48,48132,100
5691,2026-05-30 14:12:23.058321,2026/05/30 14:12:23.113,3,NVIDIA A100-SXM-64GB,143.06,48106,100
5692,2026-05-30 14:12:28.180621,2026/05/30 14:12:28.237,0,NVIDIA A100-SXM-64GB,175.23,48124,100
5693,2026-05-30 14:12:28.180621,2026/05/30 14:12:28.240,1,NVIDIA A100-SXM-64GB,173.53,48142,100
5694,2026-05-30 14:12:28.180621,2026/05/30 14:12:28.243,2,NVIDIA A100-SXM-64GB,167.98,48132,100
5695,2026-05-30 14:12:28.180621,2026/05/30 14:12:28.247,3,NVIDIA A100-SXM-64GB,175.53,48106,100
5696,2026-05-30 14:12:33.278135,2026/05/30 14:12:33.326,0,NVIDIA A100-SXM-64GB,156.84,48124,100
5697,2026-05-30 14:12:33.278135,2026/05/30 14:12:33.329,1,NVIDIA A100-SXM-64GB,164.96,48142,100
5698,2026-05-30 14:12:33.278135,2026/05/30 14:12:33.331,2,NVIDIA A100-SXM-64GB,179.78,48132,100
5699,2026-05-30 14:12:33.278135,2026/05/30 14:12:33.334,3,NVIDIA A100-SXM-64GB,178.28,48106,100
5700,2026-05-30 14:12:38.364414,2026/05/30 14:12:38.424,0,NVIDIA A100-SXM-64GB,146.15,48124,98
5701,2026-05-30 14:12:38.364414,2026/05/30 14:12:38.427,1,NVIDIA A100-SXM-64GB,151.16,48142,98
5702,2026-05-30 14:12:38.364414,2026/05/30 14:12:38.429,2,NVIDIA A100-SXM-64GB,145.34,48132,98
5703,2026-05-30 14:12:38.364414,2026/05/30 14:12:38.436,3,NVIDIA A100-SXM-64GB,146.43,48106,98
5704,2026-05-30 14:12:43.503609,2026/05/30 14:12:43.548,0,NVIDIA A100-SXM-64GB,141.27,48124,100
5705,2026-05-30 14:12:43.503609,2026/05/30 14:12:43.552,1,NVIDIA A100-SXM-64GB,140.92,48142,98
5706,2026-05-30 14:12:43.503609,2026/05/30 14:12:43.554,2,NVIDIA A100-SXM-64GB,150.56,48132,98
5707,2026-05-30 14:12:43.503609,2026/05/30 14:12:43.559,3,NVIDIA A100-SXM-64GB,137.84,48106,98
5708,2026-05-30 14:12:48.600823,2026/05/30 14:12:48.648,0,NVIDIA A100-SXM-64GB,190.78,48124,100
5709,2026-05-30 14:12:48.600823,2026/05/30 14:12:48.651,1,NVIDIA A100-SXM-64GB,150.56,48142,100
5710,2026-05-30 14:12:48.600823,2026/05/30 14:12:48.653,2,NVIDIA A100-SXM-64GB,160.95,48132,100
5711,2026-05-30 14:12:48.600823,2026/05/30 14:12:48.657,3,NVIDIA A100-SXM-64GB,163.92,48106,100
5712,2026-05-30 14:12:53.707652,2026/05/30 14:12:53.752,0,NVIDIA A100-SXM-64GB,149.16,48124,100
5713,2026-05-30 14:12:53.707652,2026/05/30 14:12:53.754,1,NVIDIA A100-SXM-64GB,153.31,48142,100
5714,2026-05-30 14:12:53.707652,2026/05/30 14:12:53.757,2,NVIDIA A100-SXM-64GB,128.85,48132,100
5715,2026-05-30 14:12:53.707652,2026/05/30 14:12:53.759,3,NVIDIA A100-SXM-64GB,122.94,48106,98
5716,2026-05-30 14:12:58.819620,2026/05/30 14:12:58.864,0,NVIDIA A100-SXM-64GB,153.76,48124,100
5717,2026-05-30 14:12:58.819620,2026/05/30 14:12:58.869,1,NVIDIA A100-SXM-64GB,140.44,48142,100
5718,2026-05-30 14:12:58.819620,2026/05/30 14:12:58.872,2,NVIDIA A100-SXM-64GB,161.88,48132,100
5719,2026-05-30 14:12:58.819620,2026/05/30 14:12:58.877,3,NVIDIA A100-SXM-64GB,149.18,48106,100
5720,2026-05-30 14:13:03.920485,2026/05/30 14:13:03.980,0,NVIDIA A100-SXM-64GB,113.00,48124,100
5721,2026-05-30 14:13:03.920485,2026/05/30 14:13:03.983,1,NVIDIA A100-SXM-64GB,132.33,48142,100
5722,2026-05-30 14:13:03.920485,2026/05/30 14:13:03.985,2,NVIDIA A100-SXM-64GB,179.64,48132,100
5723,2026-05-30 14:13:03.920485,2026/05/30 14:13:03.988,3,NVIDIA A100-SXM-64GB,166.94,48106,100
5724,2026-05-30 14:13:09.048238,2026/05/30 14:13:09.095,0,NVIDIA A100-SXM-64GB,164.45,48124,100
5725,2026-05-30 14:13:09.048238,2026/05/30 14:13:09.098,1,NVIDIA A100-SXM-64GB,150.43,48142,100
5726,2026-05-30 14:13:09.048238,2026/05/30 14:13:09.101,2,NVIDIA A100-SXM-64GB,172.43,48132,100
5727,2026-05-30 14:13:09.048238,2026/05/30 14:13:09.103,3,NVIDIA A100-SXM-64GB,151.65,48106,100
5728,2026-05-30 14:13:14.169615,2026/05/30 14:13:14.225,0,NVIDIA A100-SXM-64GB,145.70,48124,100
5729,2026-05-30 14:13:14.169615,2026/05/30 14:13:14.228,1,NVIDIA A100-SXM-64GB,148.29,48142,98
5730,2026-05-30 14:13:14.169615,2026/05/30 14:13:14.230,2,NVIDIA A100-SXM-64GB,186.07,48132,100
5731,2026-05-30 14:13:14.169615,2026/05/30 14:13:14.233,3,NVIDIA A100-SXM-64GB,178.88,48106,100
5732,2026-05-30 14:13:19.282089,2026/05/30 14:13:19.330,0,NVIDIA A100-SXM-64GB,149.49,48124,98
5733,2026-05-30 14:13:19.282089,2026/05/30 14:13:19.334,1,NVIDIA A100-SXM-64GB,152.26,48142,100
5734,2026-05-30 14:13:19.282089,2026/05/30 14:13:19.336,2,NVIDIA A100-SXM-64GB,148.14,48132,100
5735,2026-05-30 14:13:19.282089,2026/05/30 14:13:19.339,3,NVIDIA A100-SXM-64GB,138.91,48106,98
5736,2026-05-30 14:13:24.388742,2026/05/30 14:13:24.436,0,NVIDIA A100-SXM-64GB,134.87,48124,100
5737,2026-05-30 14:13:24.388742,2026/05/30 14:13:24.439,1,NVIDIA A100-SXM-64GB,137.84,48142,98
5738,2026-05-30 14:13:24.388742,2026/05/30 14:13:24.441,2,NVIDIA A100-SXM-64GB,143.53,48132,98
5739,2026-05-30 14:13:24.388742,2026/05/30 14:13:24.444,3,NVIDIA A100-SXM-64GB,143.21,48106,98
5740,2026-05-30 14:13:29.493634,2026/05/30 14:13:29.539,0,NVIDIA A100-SXM-64GB,146.15,48124,98
5741,2026-05-30 14:13:29.493634,2026/05/30 14:13:29.541,1,NVIDIA A100-SXM-64GB,149.62,48142,100
5742,2026-05-30 14:13:29.493634,2026/05/30 14:13:29.544,2,NVIDIA A100-SXM-64GB,135.88,48132,100
5743,2026-05-30 14:13:29.493634,2026/05/30 14:13:29.546,3,NVIDIA A100-SXM-64GB,139.05,48106,98
5744,2026-05-30 14:13:34.584426,2026/05/30 14:13:34.633,0,NVIDIA A100-SXM-64GB,162.92,48124,100
5745,2026-05-30 14:13:34.584426,2026/05/30 14:13:34.636,1,NVIDIA A100-SXM-64GB,166.17,48142,100
5746,2026-05-30 14:13:34.584426,2026/05/30 14:13:34.638,2,NVIDIA A100-SXM-64GB,165.84,48132,100
5747,2026-05-30 14:13:34.584426,2026/05/30 14:13:34.641,3,NVIDIA A100-SXM-64GB,170.03,48106,100
5748,2026-05-30 14:13:39.705616,2026/05/30 14:13:39.750,0,NVIDIA A100-SXM-64GB,139.88,48124,100
5749,2026-05-30 14:13:39.705616,2026/05/30 14:13:39.752,1,NVIDIA A100-SXM-64GB,147.96,48142,98
5750,2026-05-30 14:13:39.705616,2026/05/30 14:13:39.755,2,NVIDIA A100-SXM-64GB,145.82,48132,98
5751,2026-05-30 14:13:39.705616,2026/05/30 14:13:39.759,3,NVIDIA A100-SXM-64GB,143.21,48106,98
5752,2026-05-30 14:13:44.798593,2026/05/30 14:13:44.842,0,NVIDIA A100-SXM-64GB,155.46,48124,100
5753,2026-05-30 14:13:44.798593,2026/05/30 14:13:44.844,1,NVIDIA A100-SXM-64GB,171.57,48142,100
5754,2026-05-30 14:13:44.798593,2026/05/30 14:13:44.847,2,NVIDIA A100-SXM-64GB,172.44,48132,100
5755,2026-05-30 14:13:44.798593,2026/05/30 14:13:44.849,3,NVIDIA A100-SXM-64GB,159.13,48106,100
5756,2026-05-30 14:13:49.904614,2026/05/30 14:13:49.958,0,NVIDIA A100-SXM-64GB,150.85,48124,98
5757,2026-05-30 14:13:49.904614,2026/05/30 14:13:49.964,1,NVIDIA A100-SXM-64GB,146.43,48142,98
5758,2026-05-30 14:13:49.904614,2026/05/30 14:13:49.967,2,NVIDIA A100-SXM-64GB,145.34,48132,98
5759,2026-05-30 14:13:49.904614,2026/05/30 14:13:49.969,3,NVIDIA A100-SXM-64GB,138.31,48106,98
5760,2026-05-30 14:13:55.032618,2026/05/30 14:13:55.094,0,NVIDIA A100-SXM-64GB,160.78,48124,100
5761,2026-05-30 14:13:55.032618,2026/05/30 14:13:55.096,1,NVIDIA A100-SXM-64GB,166.01,48142,100
5762,2026-05-30 14:13:55.032618,2026/05/30 14:13:55.099,2,NVIDIA A100-SXM-64GB,170.78,48132,100
5763,2026-05-30 14:13:55.032618,2026/05/30 14:13:55.102,3,NVIDIA A100-SXM-64GB,167.88,48106,100
5764,2026-05-30 14:14:00.133043,2026/05/30 14:14:00.178,0,NVIDIA A100-SXM-64GB,147.51,48124,98
5765,2026-05-30 14:14:00.133043,2026/05/30 14:14:00.180,1,NVIDIA A100-SXM-64GB,153.79,48142,100
5766,2026-05-30 14:14:00.133043,2026/05/30 14:14:00.183,2,NVIDIA A100-SXM-64GB,143.67,48132,100
5767,2026-05-30 14:14:00.133043,2026/05/30 14:14:00.185,3,NVIDIA A100-SXM-64GB,134.29,48106,98
5768,2026-05-30 14:14:05.223994,2026/05/30 14:14:05.267,0,NVIDIA A100-SXM-64GB,161.11,48124,100
5769,2026-05-30 14:14:05.223994,2026/05/30 14:14:05.269,1,NVIDIA A100-SXM-64GB,182.57,48142,100
5770,2026-05-30 14:14:05.223994,2026/05/30 14:14:05.272,2,NVIDIA A100-SXM-64GB,171.07,48132,100
5771,2026-05-30 14:14:05.223994,2026/05/30 14:14:05.275,3,NVIDIA A100-SXM-64GB,176.04,48106,100
5772,2026-05-30 14:14:10.313212,2026/05/30 14:14:10.360,0,NVIDIA A100-SXM-64GB,140.76,48124,100
5773,2026-05-30 14:14:10.313212,2026/05/30 14:14:10.363,1,NVIDIA A100-SXM-64GB,137.23,48142,98
5774,2026-05-30 14:14:10.313212,2026/05/30 14:14:10.365,2,NVIDIA A100-SXM-64GB,136.02,48132,98
5775,2026-05-30 14:14:10.313212,2026/05/30 14:14:10.368,3,NVIDIA A100-SXM-64GB,137.70,48106,100
5776,2026-05-30 14:14:15.434614,2026/05/30 14:14:15.487,0,NVIDIA A100-SXM-64GB,177.88,48124,100
5777,2026-05-30 14:14:15.434614,2026/05/30 14:14:15.490,1,NVIDIA A100-SXM-64GB,169.42,48142,100
5778,2026-05-30 14:14:15.434614,2026/05/30 14:14:15.492,2,NVIDIA A100-SXM-64GB,159.46,48132,100
5779,2026-05-30 14:14:15.434614,2026/05/30 14:14:15.495,3,NVIDIA A100-SXM-64GB,155.77,48106,100
5780,2026-05-30 14:14:20.533787,2026/05/30 14:14:20.578,0,NVIDIA A100-SXM-64GB,184.89,48124,100
5781,2026-05-30 14:14:20.533787,2026/05/30 14:14:20.582,1,NVIDIA A100-SXM-64GB,176.89,48142,100
5782,2026-05-30 14:14:20.533787,2026/05/30 14:14:20.585,2,NVIDIA A100-SXM-64GB,172.27,48132,100
5783,2026-05-30 14:14:20.533787,2026/05/30 14:14:20.587,3,NVIDIA A100-SXM-64GB,186.26,48106,100
5784,2026-05-30 14:14:25.618875,2026/05/30 14:14:25.674,0,NVIDIA A100-SXM-64GB,150.58,48124,99
5785,2026-05-30 14:14:25.618875,2026/05/30 14:14:25.677,1,NVIDIA A100-SXM-64GB,153.19,48142,100
5786,2026-05-30 14:14:25.618875,2026/05/30 14:14:25.679,2,NVIDIA A100-SXM-64GB,145.21,48132,100
5787,2026-05-30 14:14:25.618875,2026/05/30 14:14:25.682,3,NVIDIA A100-SXM-64GB,171.84,48106,97
5788,2026-05-30 14:14:30.746638,2026/05/30 14:14:30.795,0,NVIDIA A100-SXM-64GB,158.65,48124,100
5789,2026-05-30 14:14:30.746638,2026/05/30 14:14:30.797,1,NVIDIA A100-SXM-64GB,163.92,48142,100
5790,2026-05-30 14:14:30.746638,2026/05/30 14:14:30.800,2,NVIDIA A100-SXM-64GB,157.32,48132,100
5791,2026-05-30 14:14:30.746638,2026/05/30 14:14:30.803,3,NVIDIA A100-SXM-64GB,159.30,48106,100
5792,2026-05-30 14:14:35.852236,2026/05/30 14:14:35.899,0,NVIDIA A100-SXM-64GB,146.43,48124,100
5793,2026-05-30 14:14:35.852236,2026/05/30 14:14:35.902,1,NVIDIA A100-SXM-64GB,172.78,48142,100
5794,2026-05-30 14:14:35.852236,2026/05/30 14:14:35.904,2,NVIDIA A100-SXM-64GB,144.46,48132,100
5795,2026-05-30 14:14:35.852236,2026/05/30 14:14:35.906,3,NVIDIA A100-SXM-64GB,166.94,48106,100
5796,2026-05-30 14:14:40.955528,2026/05/30 14:14:41.004,0,NVIDIA A100-SXM-64GB,173.00,48124,100
5797,2026-05-30 14:14:40.955528,2026/05/30 14:14:41.009,1,NVIDIA A100-SXM-64GB,182.99,48142,100
5798,2026-05-30 14:14:40.955528,2026/05/30 14:14:41.011,2,NVIDIA A100-SXM-64GB,189.56,48132,100
5799,2026-05-30 14:14:40.955528,2026/05/30 14:14:41.015,3,NVIDIA A100-SXM-64GB,174.59,48106,100
5800,2026-05-30 14:14:46.069492,2026/05/30 14:14:46.112,0,NVIDIA A100-SXM-64GB,128.86,48124,100
5801,2026-05-30 14:14:46.069492,2026/05/30 14:14:46.114,1,NVIDIA A100-SXM-64GB,149.18,48142,99
5802,2026-05-30 14:14:46.069492,2026/05/30 14:14:46.117,2,NVIDIA A100-SXM-64GB,134.48,48132,99
5803,2026-05-30 14:14:46.069492,2026/05/30 14:14:46.119,3,NVIDIA A100-SXM-64GB,145.64,48106,100
5804,2026-05-30 14:14:51.158370,2026/05/30 14:14:51.204,0,NVIDIA A100-SXM-64GB,189.17,48124,100
5805,2026-05-30 14:14:51.158370,2026/05/30 14:14:51.206,1,NVIDIA A100-SXM-64GB,163.59,48142,100
5806,2026-05-30 14:14:51.158370,2026/05/30 14:14:51.209,2,NVIDIA A100-SXM-64GB,172.93,48132,100
5807,2026-05-30 14:14:51.158370,2026/05/30 14:14:51.211,3,NVIDIA A100-SXM-64GB,182.30,48106,100
5808,2026-05-30 14:14:56.242437,2026/05/30 14:14:56.286,0,NVIDIA A100-SXM-64GB,173.00,48124,100
5809,2026-05-30 14:14:56.242437,2026/05/30 14:14:56.289,1,NVIDIA A100-SXM-64GB,149.50,48142,100
5810,2026-05-30 14:14:56.242437,2026/05/30 14:14:56.291,2,NVIDIA A100-SXM-64GB,178.10,48132,100
5811,2026-05-30 14:14:56.242437,2026/05/30 14:14:56.294,3,NVIDIA A100-SXM-64GB,140.13,48106,99
5812,2026-05-30 14:15:01.348483,2026/05/30 14:15:01.402,0,NVIDIA A100-SXM-64GB,168.73,48124,100
5813,2026-05-30 14:15:01.348483,2026/05/30 14:15:01.405,1,NVIDIA A100-SXM-64GB,183.32,48142,100
5814,2026-05-30 14:15:01.348483,2026/05/30 14:15:01.408,2,NVIDIA A100-SXM-64GB,191.37,48132,100
5815,2026-05-30 14:15:01.348483,2026/05/30 14:15:01.411,3,NVIDIA A100-SXM-64GB,173.38,48106,100
5816,2026-05-30 14:15:06.453947,2026/05/30 14:15:06.500,0,NVIDIA A100-SXM-64GB,166.87,48124,100
5817,2026-05-30 14:15:06.453947,2026/05/30 14:15:06.502,1,NVIDIA A100-SXM-64GB,169.42,48142,100
5818,2026-05-30 14:15:06.453947,2026/05/30 14:15:06.505,2,NVIDIA A100-SXM-64GB,181.45,48132,100
5819,2026-05-30 14:15:06.453947,2026/05/30 14:15:06.507,3,NVIDIA A100-SXM-64GB,156.98,48106,100
5820,2026-05-30 14:15:11.538412,2026/05/30 14:15:11.586,0,NVIDIA A100-SXM-64GB,125.05,48124,100
5821,2026-05-30 14:15:11.538412,2026/05/30 14:15:11.589,1,NVIDIA A100-SXM-64GB,200.74,48142,98
5822,2026-05-30 14:15:11.538412,2026/05/30 14:15:11.594,2,NVIDIA A100-SXM-64GB,136.62,48132,98
5823,2026-05-30 14:15:11.538412,2026/05/30 14:15:11.599,3,NVIDIA A100-SXM-64GB,180.15,48106,100
5824,2026-05-30 14:15:16.637679,2026/05/30 14:15:16.689,0,NVIDIA A100-SXM-64GB,181.37,48124,100
5825,2026-05-30 14:15:16.637679,2026/05/30 14:15:16.692,1,NVIDIA A100-SXM-64GB,168.32,48142,100
5826,2026-05-30 14:15:16.637679,2026/05/30 14:15:16.698,2,NVIDIA A100-SXM-64GB,177.49,48132,100
5827,2026-05-30 14:15:16.637679,2026/05/30 14:15:16.701,3,NVIDIA A100-SXM-64GB,173.99,48106,100
5828,2026-05-30 14:15:21.758333,2026/05/30 14:15:21.822,0,NVIDIA A100-SXM-64GB,159.85,48124,98
5829,2026-05-30 14:15:21.758333,2026/05/30 14:15:21.824,1,NVIDIA A100-SXM-64GB,144.46,48142,100
5830,2026-05-30 14:15:21.758333,2026/05/30 14:15:21.827,2,NVIDIA A100-SXM-64GB,160.35,48132,100
5831,2026-05-30 14:15:21.758333,2026/05/30 14:15:21.830,3,NVIDIA A100-SXM-64GB,138.17,48106,100
5832,2026-05-30 14:15:26.868442,2026/05/30 14:15:26.934,0,NVIDIA A100-SXM-64GB,191.98,48124,100
5833,2026-05-30 14:15:26.868442,2026/05/30 14:15:26.938,1,NVIDIA A100-SXM-64GB,163.75,48142,100
5834,2026-05-30 14:15:26.868442,2026/05/30 14:15:26.941,2,NVIDIA A100-SXM-64GB,183.74,48132,100
5835,2026-05-30 14:15:26.868442,2026/05/30 14:15:26.943,3,NVIDIA A100-SXM-64GB,160.51,48106,100
5836,2026-05-30 14:15:31.974085,2026/05/30 14:15:32.033,0,NVIDIA A100-SXM-64GB,148.29,48124,98
5837,2026-05-30 14:15:31.974085,2026/05/30 14:15:32.043,1,NVIDIA A100-SXM-64GB,149.02,48142,98
5838,2026-05-30 14:15:31.974085,2026/05/30 14:15:32.060,2,NVIDIA A100-SXM-64GB,149.62,48132,98
5839,2026-05-30 14:15:31.974085,2026/05/30 14:15:32.068,3,NVIDIA A100-SXM-64GB,144.28,48106,100
5840,2026-05-30 14:15:37.110706,2026/05/30 14:15:37.154,0,NVIDIA A100-SXM-64GB,140.01,48124,98
5841,2026-05-30 14:15:37.110706,2026/05/30 14:15:37.156,1,NVIDIA A100-SXM-64GB,135.42,48142,100
5842,2026-05-30 14:15:37.110706,2026/05/30 14:15:37.159,2,NVIDIA A100-SXM-64GB,130.39,48132,98
5843,2026-05-30 14:15:37.110706,2026/05/30 14:15:37.162,3,NVIDIA A100-SXM-64GB,142.13,48106,99
5844,2026-05-30 14:15:42.200817,2026/05/30 14:15:42.245,0,NVIDIA A100-SXM-64GB,140.95,48124,100
5845,2026-05-30 14:15:42.200817,2026/05/30 14:15:42.250,1,NVIDIA A100-SXM-64GB,156.06,48142,100
5846,2026-05-30 14:15:42.200817,2026/05/30 14:15:42.253,2,NVIDIA A100-SXM-64GB,145.67,48132,100
5847,2026-05-30 14:15:42.200817,2026/05/30 14:15:42.255,3,NVIDIA A100-SXM-64GB,143.06,48106,98
5848,2026-05-30 14:15:47.294530,2026/05/30 14:15:47.338,0,NVIDIA A100-SXM-64GB,145.37,48124,98
5849,2026-05-30 14:15:47.294530,2026/05/30 14:15:47.340,1,NVIDIA A100-SXM-64GB,142.13,48142,98
5850,2026-05-30 14:15:47.294530,2026/05/30 14:15:47.343,2,NVIDIA A100-SXM-64GB,147.03,48132,98
5851,2026-05-30 14:15:47.294530,2026/05/30 14:15:47.345,3,NVIDIA A100-SXM-64GB,137.37,48106,98
5852,2026-05-30 14:15:52.403614,2026/05/30 14:15:52.452,0,NVIDIA A100-SXM-64GB,148.29,48124,100
5853,2026-05-30 14:15:52.403614,2026/05/30 14:15:52.457,1,NVIDIA A100-SXM-64GB,172.44,48142,100
5854,2026-05-30 14:15:52.403614,2026/05/30 14:15:52.462,2,NVIDIA A100-SXM-64GB,155.78,48132,100
5855,2026-05-30 14:15:52.403614,2026/05/30 14:15:52.464,3,NVIDIA A100-SXM-64GB,136.43,48106,100
5856,2026-05-30 14:15:57.504717,2026/05/30 14:15:57.549,0,NVIDIA A100-SXM-64GB,148.11,48124,98
5857,2026-05-30 14:15:57.504717,2026/05/30 14:15:57.551,1,NVIDIA A100-SXM-64GB,150.11,48142,98
5858,2026-05-30 14:15:57.504717,2026/05/30 14:15:57.554,2,NVIDIA A100-SXM-64GB,141.20,48132,98
5859,2026-05-30 14:15:57.504717,2026/05/30 14:15:57.557,3,NVIDIA A100-SXM-64GB,130.32,48106,100
5860,2026-05-30 14:16:02.600614,2026/05/30 14:16:02.648,0,NVIDIA A100-SXM-64GB,151.90,48124,98
5861,2026-05-30 14:16:02.600614,2026/05/30 14:16:02.651,1,NVIDIA A100-SXM-64GB,149.78,48142,100
5862,2026-05-30 14:16:02.600614,2026/05/30 14:16:02.653,2,NVIDIA A100-SXM-64GB,144.13,48132,98
5863,2026-05-30 14:16:02.600614,2026/05/30 14:16:02.659,3,NVIDIA A100-SXM-64GB,141.20,48106,100
5864,2026-05-30 14:16:07.690964,2026/05/30 14:16:07.735,0,NVIDIA A100-SXM-64GB,148.89,48124,100
5865,2026-05-30 14:16:07.690964,2026/05/30 14:16:07.737,1,NVIDIA A100-SXM-64GB,152.10,48142,98
5866,2026-05-30 14:16:07.690964,2026/05/30 14:16:07.740,2,NVIDIA A100-SXM-64GB,142.32,48132,98
5867,2026-05-30 14:16:07.690964,2026/05/30 14:16:07.742,3,NVIDIA A100-SXM-64GB,142.13,48106,98
5868,2026-05-30 14:16:12.785619,2026/05/30 14:16:12.833,0,NVIDIA A100-SXM-64GB,148.57,48124,100
5869,2026-05-30 14:16:12.785619,2026/05/30 14:16:12.836,1,NVIDIA A100-SXM-64GB,163.75,48142,100
5870,2026-05-30 14:16:12.785619,2026/05/30 14:16:12.838,2,NVIDIA A100-SXM-64GB,160.67,48132,100
5871,2026-05-30 14:16:12.785619,2026/05/30 14:16:12.841,3,NVIDIA A100-SXM-64GB,156.55,48106,100
5872,2026-05-30 14:16:17.896265,2026/05/30 14:16:17.944,0,NVIDIA A100-SXM-64GB,143.68,48124,98
5873,2026-05-30 14:16:17.896265,2026/05/30 14:16:17.947,1,NVIDIA A100-SXM-64GB,148.14,48142,98
5874,2026-05-30 14:16:17.896265,2026/05/30 14:16:17.952,2,NVIDIA A100-SXM-64GB,148.14,48132,98
5875,2026-05-30 14:16:17.896265,2026/05/30 14:16:17.955,3,NVIDIA A100-SXM-64GB,142.74,48106,98
5876,2026-05-30 14:16:23.012614,2026/05/30 14:16:23.060,0,NVIDIA A100-SXM-64GB,164.73,48124,100
5877,2026-05-30 14:16:23.012614,2026/05/30 14:16:23.064,1,NVIDIA A100-SXM-64GB,186.07,48142,100
5878,2026-05-30 14:16:23.012614,2026/05/30 14:16:23.066,2,NVIDIA A100-SXM-64GB,158.20,48132,100
5879,2026-05-30 14:16:23.012614,2026/05/30 14:16:23.069,3,NVIDIA A100-SXM-64GB,141.52,48106,100
5880,2026-05-30 14:16:28.118240,2026/05/30 14:16:28.162,0,NVIDIA A100-SXM-64GB,148.29,48124,98
5881,2026-05-30 14:16:28.118240,2026/05/30 14:16:28.164,1,NVIDIA A100-SXM-64GB,138.17,48142,98
5882,2026-05-30 14:16:28.118240,2026/05/30 14:16:28.167,2,NVIDIA A100-SXM-64GB,129.72,48132,98
5883,2026-05-30 14:16:28.118240,2026/05/30 14:16:28.171,3,NVIDIA A100-SXM-64GB,144.88,48106,98
5884,2026-05-30 14:16:33.212159,2026/05/30 14:16:33.256,0,NVIDIA A100-SXM-64GB,139.74,48124,98
5885,2026-05-30 14:16:33.212159,2026/05/30 14:16:33.259,1,NVIDIA A100-SXM-64GB,154.24,48142,100
5886,2026-05-30 14:16:33.212159,2026/05/30 14:16:33.261,2,NVIDIA A100-SXM-64GB,145.99,48132,100
5887,2026-05-30 14:16:33.212159,2026/05/30 14:16:33.264,3,NVIDIA A100-SXM-64GB,147.03,48106,100
5888,2026-05-30 14:16:38.331616,2026/05/30 14:16:38.377,0,NVIDIA A100-SXM-64GB,147.69,48124,98
5889,2026-05-30 14:16:38.331616,2026/05/30 14:16:38.379,1,NVIDIA A100-SXM-64GB,153.03,48142,98
5890,2026-05-30 14:16:38.331616,2026/05/30 14:16:38.382,2,NVIDIA A100-SXM-64GB,149.35,48132,98
5891,2026-05-30 14:16:38.331616,2026/05/30 14:16:38.384,3,NVIDIA A100-SXM-64GB,144.00,48106,98
5892,2026-05-30 14:16:43.423866,2026/05/30 14:16:43.475,0,NVIDIA A100-SXM-64GB,165.99,48124,100
5893,2026-05-30 14:16:43.423866,2026/05/30 14:16:43.478,1,NVIDIA A100-SXM-64GB,156.55,48142,100
5894,2026-05-30 14:16:43.423866,2026/05/30 14:16:43.480,2,NVIDIA A100-SXM-64GB,133.41,48132,100
5895,2026-05-30 14:16:43.423866,2026/05/30 14:16:43.483,3,NVIDIA A100-SXM-64GB,157.76,48106,100
5896,2026-05-30 14:16:48.544611,2026/05/30 14:16:48.589,0,NVIDIA A100-SXM-64GB,141.54,48124,98
5897,2026-05-30 14:16:48.544611,2026/05/30 14:16:48.591,1,NVIDIA A100-SXM-64GB,151.32,48142,100
5898,2026-05-30 14:16:48.544611,2026/05/30 14:16:48.594,2,NVIDIA A100-SXM-64GB,138.63,48132,98
5899,2026-05-30 14:16:48.544611,2026/05/30 14:16:48.599,3,NVIDIA A100-SXM-64GB,130.79,48106,100
5900,2026-05-30 14:16:53.639197,2026/05/30 14:16:53.687,0,NVIDIA A100-SXM-64GB,147.96,48124,100
5901,2026-05-30 14:16:53.639197,2026/05/30 14:16:53.689,1,NVIDIA A100-SXM-64GB,176.89,48142,100
5902,2026-05-30 14:16:53.639197,2026/05/30 14:16:53.693,2,NVIDIA A100-SXM-64GB,153.03,48132,100
5903,2026-05-30 14:16:53.639197,2026/05/30 14:16:53.695,3,NVIDIA A100-SXM-64GB,154.68,48106,100
5904,2026-05-30 14:16:58.762620,2026/05/30 14:16:58.807,0,NVIDIA A100-SXM-64GB,145.54,48124,98
5905,2026-05-30 14:16:58.762620,2026/05/30 14:16:58.809,1,NVIDIA A100-SXM-64GB,145.21,48142,98
5906,2026-05-30 14:16:58.762620,2026/05/30 14:16:58.812,2,NVIDIA A100-SXM-64GB,145.07,48132,100
5907,2026-05-30 14:16:58.762620,2026/05/30 14:16:58.815,3,NVIDIA A100-SXM-64GB,136.62,48106,98
5908,2026-05-30 14:17:03.872611,2026/05/30 14:17:03.926,0,NVIDIA A100-SXM-64GB,169.33,48124,100
5909,2026-05-30 14:17:03.872611,2026/05/30 14:17:03.929,1,NVIDIA A100-SXM-64GB,147.03,48142,100
5910,2026-05-30 14:17:03.872611,2026/05/30 14:17:03.931,2,NVIDIA A100-SXM-64GB,146.88,48132,100
5911,2026-05-30 14:17:03.872611,2026/05/30 14:17:03.934,3,NVIDIA A100-SXM-64GB,161.78,48106,100
5912,2026-05-30 14:17:08.988410,2026/05/30 14:17:09.036,0,NVIDIA A100-SXM-64GB,147.36,48124,100
5913,2026-05-30 14:17:08.988410,2026/05/30 14:17:09.038,1,NVIDIA A100-SXM-64GB,142.46,48142,98
5914,2026-05-30 14:17:08.988410,2026/05/30 14:17:09.041,2,NVIDIA A100-SXM-64GB,147.20,48132,98
5915,2026-05-30 14:17:08.988410,2026/05/30 14:17:09.044,3,NVIDIA A100-SXM-64GB,141.34,48106,98
5916,2026-05-30 14:17:14.083847,2026/05/30 14:17:14.128,0,NVIDIA A100-SXM-64GB,165.06,48124,100
5917,2026-05-30 14:17:14.083847,2026/05/30 14:17:14.131,1,NVIDIA A100-SXM-64GB,172.60,48142,100
5918,2026-05-30 14:17:14.083847,2026/05/30 14:17:14.133,2,NVIDIA A100-SXM-64GB,183.41,48132,100
5919,2026-05-30 14:17:14.083847,2026/05/30 14:17:14.136,3,NVIDIA A100-SXM-64GB,184.11,48106,100
5920,2026-05-30 14:17:19.175666,2026/05/30 14:17:19.223,0,NVIDIA A100-SXM-64GB,171.74,48124,100
5921,2026-05-30 14:17:19.175666,2026/05/30 14:17:19.226,1,NVIDIA A100-SXM-64GB,176.28,48142,100
5922,2026-05-30 14:17:19.175666,2026/05/30 14:17:19.228,2,NVIDIA A100-SXM-64GB,163.58,48132,100
5923,2026-05-30 14:17:19.175666,2026/05/30 14:17:19.231,3,NVIDIA A100-SXM-64GB,171.57,48106,100
5924,2026-05-30 14:17:24.270528,2026/05/30 14:17:24.325,0,NVIDIA A100-SXM-64GB,180.43,48124,100
5925,2026-05-30 14:17:24.270528,2026/05/30 14:17:24.331,1,NVIDIA A100-SXM-64GB,175.08,48142,100
5926,2026-05-30 14:17:24.270528,2026/05/30 14:17:24.333,2,NVIDIA A100-SXM-64GB,180.05,48132,100
5927,2026-05-30 14:17:24.270528,2026/05/30 14:17:24.336,3,NVIDIA A100-SXM-64GB,183.51,48106,100
5928,2026-05-30 14:17:29.392655,2026/05/30 14:17:29.442,0,NVIDIA A100-SXM-64GB,180.02,48124,100
5929,2026-05-30 14:17:29.392655,2026/05/30 14:17:29.445,1,NVIDIA A100-SXM-64GB,184.25,48142,100
5930,2026-05-30 14:17:29.392655,2026/05/30 14:17:29.447,2,NVIDIA A100-SXM-64GB,170.78,48132,100
5931,2026-05-30 14:17:29.392655,2026/05/30 14:17:29.451,3,NVIDIA A100-SXM-64GB,171.84,48106,100
5932,2026-05-30 14:17:34.509517,2026/05/30 14:17:34.554,0,NVIDIA A100-SXM-64GB,183.50,48124,100
5933,2026-05-30 14:17:34.509517,2026/05/30 14:17:34.556,1,NVIDIA A100-SXM-64GB,168.65,48142,100
5934,2026-05-30 14:17:34.509517,2026/05/30 14:17:34.559,2,NVIDIA A100-SXM-64GB,192.91,48132,100
5935,2026-05-30 14:17:34.509517,2026/05/30 14:17:34.561,3,NVIDIA A100-SXM-64GB,158.09,48106,100
5936,2026-05-30 14:17:39.606293,2026/05/30 14:17:39.654,0,NVIDIA A100-SXM-64GB,170.26,48124,100
5937,2026-05-30 14:17:39.606293,2026/05/30 14:17:39.657,1,NVIDIA A100-SXM-64GB,167.38,48142,100
5938,2026-05-30 14:17:39.606293,2026/05/30 14:17:39.661,2,NVIDIA A100-SXM-64GB,180.66,48132,100
5939,2026-05-30 14:17:39.606293,2026/05/30 14:17:39.663,3,NVIDIA A100-SXM-64GB,162.65,48106,100
5940,2026-05-30 14:17:44.730628,2026/05/30 14:17:44.783,0,NVIDIA A100-SXM-64GB,164.73,48124,100
5941,2026-05-30 14:17:44.730628,2026/05/30 14:17:44.786,1,NVIDIA A100-SXM-64GB,212.40,48142,98
5942,2026-05-30 14:17:44.730628,2026/05/30 14:17:44.788,2,NVIDIA A100-SXM-64GB,164.63,48132,100
5943,2026-05-30 14:17:44.730628,2026/05/30 14:17:44.791,3,NVIDIA A100-SXM-64GB,170.63,48106,100
5944,2026-05-30 14:17:49.822320,2026/05/30 14:17:49.870,0,NVIDIA A100-SXM-64GB,176.67,48124,100
5945,2026-05-30 14:17:49.822320,2026/05/30 14:17:49.872,1,NVIDIA A100-SXM-64GB,183.60,48142,100
5946,2026-05-30 14:17:49.822320,2026/05/30 14:17:49.875,2,NVIDIA A100-SXM-64GB,166.77,48132,100
5947,2026-05-30 14:17:49.822320,2026/05/30 14:17:49.877,3,NVIDIA A100-SXM-64GB,155.34,48106,100
5948,2026-05-30 14:17:54.917312,2026/05/30 14:17:54.969,0,NVIDIA A100-SXM-64GB,174.38,48124,100
5949,2026-05-30 14:17:54.917312,2026/05/30 14:17:54.972,1,NVIDIA A100-SXM-64GB,173.38,48142,100
5950,2026-05-30 14:17:54.917312,2026/05/30 14:17:54.975,2,NVIDIA A100-SXM-64GB,180.85,48132,100
5951,2026-05-30 14:17:54.917312,2026/05/30 14:17:54.979,3,NVIDIA A100-SXM-64GB,161.00,48106,100
5952,2026-05-30 14:18:00.014962,2026/05/30 14:18:00.062,0,NVIDIA A100-SXM-64GB,162.59,48124,100
5953,2026-05-30 14:18:00.014962,2026/05/30 14:18:00.067,1,NVIDIA A100-SXM-64GB,174.41,48142,100
5954,2026-05-30 14:18:00.014962,2026/05/30 14:18:00.070,2,NVIDIA A100-SXM-64GB,160.95,48132,100
5955,2026-05-30 14:18:00.014962,2026/05/30 14:18:00.072,3,NVIDIA A100-SXM-64GB,168.49,48106,100
5956,2026-05-30 14:18:05.129616,2026/05/30 14:18:05.174,0,NVIDIA A100-SXM-64GB,147.69,48124,98
5957,2026-05-30 14:18:05.129616,2026/05/30 14:18:05.176,1,NVIDIA A100-SXM-64GB,149.95,48142,98
5958,2026-05-30 14:18:05.129616,2026/05/30 14:18:05.179,2,NVIDIA A100-SXM-64GB,148.74,48132,98
5959,2026-05-30 14:18:05.129616,2026/05/30 14:18:05.182,3,NVIDIA A100-SXM-64GB,134.29,48106,98
5960,2026-05-30 14:18:10.227446,2026/05/30 14:18:10.276,0,NVIDIA A100-SXM-64GB,139.28,48124,98
5961,2026-05-30 14:18:10.227446,2026/05/30 14:18:10.278,1,NVIDIA A100-SXM-64GB,146.14,48142,98
5962,2026-05-30 14:18:10.227446,2026/05/30 14:18:10.281,2,NVIDIA A100-SXM-64GB,149.95,48132,100
5963,2026-05-30 14:18:10.227446,2026/05/30 14:18:10.284,3,NVIDIA A100-SXM-64GB,137.70,48106,98
5964,2026-05-30 14:18:15.333143,2026/05/30 14:18:15.377,0,NVIDIA A100-SXM-64GB,141.54,48124,98
5965,2026-05-30 14:18:15.333143,2026/05/30 14:18:15.379,1,NVIDIA A100-SXM-64GB,186.40,48142,100
5966,2026-05-30 14:18:15.333143,2026/05/30 14:18:15.382,2,NVIDIA A100-SXM-64GB,161.27,48132,98
5967,2026-05-30 14:18:15.333143,2026/05/30 14:18:15.384,3,NVIDIA A100-SXM-64GB,129.71,48106,100
5968,2026-05-30 14:18:20.441619,2026/05/30 14:18:20.490,0,NVIDIA A100-SXM-64GB,142.02,48124,100
5969,2026-05-30 14:18:20.441619,2026/05/30 14:18:20.493,1,NVIDIA A100-SXM-64GB,168.15,48142,98
5970,2026-05-30 14:18:20.441619,2026/05/30 14:18:20.499,2,NVIDIA A100-SXM-64GB,152.53,48132,100
5971,2026-05-30 14:18:20.441619,2026/05/30 14:18:20.504,3,NVIDIA A100-SXM-64GB,128.17,48106,98
5972,2026-05-30 14:18:25.573617,2026/05/30 14:18:25.625,0,NVIDIA A100-SXM-64GB,148.11,48124,98
5973,2026-05-30 14:18:25.573617,2026/05/30 14:18:25.631,1,NVIDIA A100-SXM-64GB,152.26,48142,98
5974,2026-05-30 14:18:25.573617,2026/05/30 14:18:25.633,2,NVIDIA A100-SXM-64GB,147.35,48132,98
5975,2026-05-30 14:18:25.573617,2026/05/30 14:18:25.635,3,NVIDIA A100-SXM-64GB,145.96,48106,98
5976,2026-05-30 14:18:30.688528,2026/05/30 14:18:30.742,0,NVIDIA A100-SXM-64GB,143.83,48124,100
5977,2026-05-30 14:18:30.688528,2026/05/30 14:18:30.745,1,NVIDIA A100-SXM-64GB,144.60,48142,98
5978,2026-05-30 14:18:30.688528,2026/05/30 14:18:30.747,2,NVIDIA A100-SXM-64GB,148.29,48132,98
5979,2026-05-30 14:18:30.688528,2026/05/30 14:18:30.750,3,NVIDIA A100-SXM-64GB,144.75,48106,98
5980,2026-05-30 14:18:35.800422,2026/05/30 14:18:35.848,0,NVIDIA A100-SXM-64GB,198.59,48124,98
5981,2026-05-30 14:18:35.800422,2026/05/30 14:18:35.852,1,NVIDIA A100-SXM-64GB,152.53,48142,100
5982,2026-05-30 14:18:35.800422,2026/05/30 14:18:35.856,2,NVIDIA A100-SXM-64GB,148.90,48132,100
5983,2026-05-30 14:18:35.800422,2026/05/30 14:18:35.859,3,NVIDIA A100-SXM-64GB,140.73,48106,100
5984,2026-05-30 14:18:40.929616,2026/05/30 14:18:40.985,0,NVIDIA A100-SXM-64GB,148.44,48124,100
5985,2026-05-30 14:18:40.929616,2026/05/30 14:18:40.988,1,NVIDIA A100-SXM-64GB,153.01,48142,98
5986,2026-05-30 14:18:40.929616,2026/05/30 14:18:40.990,2,NVIDIA A100-SXM-64GB,150.11,48132,100
5987,2026-05-30 14:18:40.929616,2026/05/30 14:18:40.993,3,NVIDIA A100-SXM-64GB,144.15,48106,98
5988,2026-05-30 14:18:46.049627,2026/05/30 14:18:46.094,0,NVIDIA A100-SXM-64GB,146.90,48124,100
5989,2026-05-30 14:18:46.049627,2026/05/30 14:18:46.096,1,NVIDIA A100-SXM-64GB,172.44,48142,100
5990,2026-05-30 14:18:46.049627,2026/05/30 14:18:46.099,2,NVIDIA A100-SXM-64GB,150.72,48132,100
5991,2026-05-30 14:18:46.049627,2026/05/30 14:18:46.101,3,NVIDIA A100-SXM-64GB,161.94,48106,100
5992,2026-05-30 14:18:51.158613,2026/05/30 14:18:51.207,0,NVIDIA A100-SXM-64GB,179.84,48124,100
5993,2026-05-30 14:18:51.158613,2026/05/30 14:18:51.210,1,NVIDIA A100-SXM-64GB,187.88,48142,100
5994,2026-05-30 14:18:51.158613,2026/05/30 14:18:51.212,2,NVIDIA A100-SXM-64GB,176.89,48132,100
5995,2026-05-30 14:18:51.158613,2026/05/30 14:18:51.215,3,NVIDIA A100-SXM-64GB,161.28,48106,100
5996,2026-05-30 14:18:56.261212,2026/05/30 14:18:56.311,0,NVIDIA A100-SXM-64GB,164.02,48124,100
5997,2026-05-30 14:18:56.261212,2026/05/30 14:18:56.314,1,NVIDIA A100-SXM-64GB,157.15,48142,100
5998,2026-05-30 14:18:56.261212,2026/05/30 14:18:56.316,2,NVIDIA A100-SXM-64GB,173.21,48132,100
5999,2026-05-30 14:18:56.261212,2026/05/30 14:18:56.319,3,NVIDIA A100-SXM-64GB,142.61,48106,100
6000,2026-05-30 14:19:01.383614,2026/05/30 14:19:01.428,0,NVIDIA A100-SXM-64GB,177.88,48124,100
6001,2026-05-30 14:19:01.383614,2026/05/30 14:19:01.431,1,NVIDIA A100-SXM-64GB,181.18,48142,100
6002,2026-05-30 14:19:01.383614,2026/05/30 14:19:01.435,2,NVIDIA A100-SXM-64GB,179.97,48132,100
6003,2026-05-30 14:19:01.383614,2026/05/30 14:19:01.438,3,NVIDIA A100-SXM-64GB,186.26,48106,100
6004,2026-05-30 14:19:06.470529,2026/05/30 14:19:06.518,0,NVIDIA A100-SXM-64GB,152.39,48124,100
6005,2026-05-30 14:19:06.470529,2026/05/30 14:19:06.520,1,NVIDIA A100-SXM-64GB,178.28,48142,100
6006,2026-05-30 14:19:06.470529,2026/05/30 14:19:06.523,2,NVIDIA A100-SXM-64GB,148.57,48132,100
6007,2026-05-30 14:19:06.470529,2026/05/30 14:19:06.526,3,NVIDIA A100-SXM-64GB,150.87,48106,100
6008,2026-05-30 14:19:11.577119,2026/05/30 14:19:11.624,0,NVIDIA A100-SXM-64GB,176.02,48124,100
6009,2026-05-30 14:19:11.577119,2026/05/30 14:19:11.627,1,NVIDIA A100-SXM-64GB,176.46,48142,100
6010,2026-05-30 14:19:11.577119,2026/05/30 14:19:11.629,2,NVIDIA A100-SXM-64GB,163.75,48132,100
6011,2026-05-30 14:19:11.577119,2026/05/30 14:19:11.632,3,NVIDIA A100-SXM-64GB,162.38,48106,100
6012,2026-05-30 14:19:16.663630,2026/05/30 14:19:16.707,0,NVIDIA A100-SXM-64GB,169.33,48124,100
6013,2026-05-30 14:19:16.663630,2026/05/30 14:19:16.712,1,NVIDIA A100-SXM-64GB,158.36,48142,100
6014,2026-05-30 14:19:16.663630,2026/05/30 14:19:16.715,2,NVIDIA A100-SXM-64GB,137.84,48132,100
6015,2026-05-30 14:19:16.663630,2026/05/30 14:19:16.717,3,NVIDIA A100-SXM-64GB,139.52,48106,100
6016,2026-05-30 14:19:21.771257,2026/05/30 14:19:21.823,0,NVIDIA A100-SXM-64GB,167.46,48124,100
6017,2026-05-30 14:19:21.771257,2026/05/30 14:19:21.826,1,NVIDIA A100-SXM-64GB,189.94,48142,100
6018,2026-05-30 14:19:21.771257,2026/05/30 14:19:21.831,2,NVIDIA A100-SXM-64GB,186.07,48132,100
6019,2026-05-30 14:19:21.771257,2026/05/30 14:19:21.834,3,NVIDIA A100-SXM-64GB,187.47,48106,100
6020,2026-05-30 14:19:26.895073,2026/05/30 14:19:26.943,0,NVIDIA A100-SXM-64GB,179.69,48124,100
6021,2026-05-30 14:19:26.895073,2026/05/30 14:19:26.946,1,NVIDIA A100-SXM-64GB,185.46,48142,100
6022,2026-05-30 14:19:26.895073,2026/05/30 14:19:26.952,2,NVIDIA A100-SXM-64GB,180.24,48132,100
6023,2026-05-30 14:19:26.895073,2026/05/30 14:19:26.969,3,NVIDIA A100-SXM-64GB,153.79,48106,100
6024,2026-05-30 14:19:32.010141,2026/05/30 14:19:32.065,0,NVIDIA A100-SXM-64GB,189.24,48124,100
6025,2026-05-30 14:19:32.010141,2026/05/30 14:19:32.068,1,NVIDIA A100-SXM-64GB,190.36,48142,100
6026,2026-05-30 14:19:32.010141,2026/05/30 14:19:32.073,2,NVIDIA A100-SXM-64GB,192.57,48132,100
6027,2026-05-30 14:19:32.010141,2026/05/30 14:19:32.076,3,NVIDIA A100-SXM-64GB,182.30,48106,100
6028,2026-05-30 14:19:37.128008,2026/05/30 14:19:37.171,0,NVIDIA A100-SXM-64GB,154.70,48124,100
6029,2026-05-30 14:19:37.128008,2026/05/30 14:19:37.177,1,NVIDIA A100-SXM-64GB,179.03,48142,100
6030,2026-05-30 14:19:37.128008,2026/05/30 14:19:37.179,2,NVIDIA A100-SXM-64GB,158.81,48132,100
6031,2026-05-30 14:19:37.128008,2026/05/30 14:19:37.181,3,NVIDIA A100-SXM-64GB,139.99,48106,100
6032,2026-05-30 14:19:42.213929,2026/05/30 14:19:42.262,0,NVIDIA A100-SXM-64GB,188.97,48124,100
6033,2026-05-30 14:19:42.213929,2026/05/30 14:19:42.265,1,NVIDIA A100-SXM-64GB,187.61,48142,100
6034,2026-05-30 14:19:42.213929,2026/05/30 14:19:42.267,2,NVIDIA A100-SXM-64GB,183.14,48132,100
6035,2026-05-30 14:19:42.213929,2026/05/30 14:19:42.270,3,NVIDIA A100-SXM-64GB,174.59,48106,100
6036,2026-05-30 14:19:47.318130,2026/05/30 14:19:47.362,0,NVIDIA A100-SXM-64GB,165.16,48124,100
6037,2026-05-30 14:19:47.318130,2026/05/30 14:19:47.365,1,NVIDIA A100-SXM-64GB,160.67,48142,100
6038,2026-05-30 14:19:47.318130,2026/05/30 14:19:47.368,2,NVIDIA A100-SXM-64GB,151.49,48132,100
6039,2026-05-30 14:19:47.318130,2026/05/30 14:19:47.370,3,NVIDIA A100-SXM-64GB,159.63,48106,100
6040,2026-05-30 14:19:52.410954,2026/05/30 14:19:52.466,0,NVIDIA A100-SXM-64GB,149.16,48124,100
6041,2026-05-30 14:19:52.410954,2026/05/30 14:19:52.470,1,NVIDIA A100-SXM-64GB,169.85,48142,100
6042,2026-05-30 14:19:52.410954,2026/05/30 14:19:52.475,2,NVIDIA A100-SXM-64GB,178.52,48132,98
6043,2026-05-30 14:19:52.410954,2026/05/30 14:19:52.478,3,NVIDIA A100-SXM-64GB,136.96,48106,100
6044,2026-05-30 14:19:57.548614,2026/05/30 14:19:57.596,0,NVIDIA A100-SXM-64GB,151.63,48124,100
6045,2026-05-30 14:19:57.548614,2026/05/30 14:19:57.600,1,NVIDIA A100-SXM-64GB,150.89,48142,100
6046,2026-05-30 14:19:57.548614,2026/05/30 14:19:57.604,2,NVIDIA A100-SXM-64GB,156.39,48132,100
6047,2026-05-30 14:19:57.548614,2026/05/30 14:19:57.607,3,NVIDIA A100-SXM-64GB,161.11,48106,100
6048,2026-05-30 14:20:02.675485,2026/05/30 14:20:02.721,0,NVIDIA A100-SXM-64GB,185.31,48124,100
6049,2026-05-30 14:20:02.675485,2026/05/30 14:20:02.723,1,NVIDIA A100-SXM-64GB,167.98,48142,100
6050,2026-05-30 14:20:02.675485,2026/05/30 14:20:02.726,2,NVIDIA A100-SXM-64GB,160.35,48132,100
6051,2026-05-30 14:20:02.675485,2026/05/30 14:20:02.729,3,NVIDIA A100-SXM-64GB,171.24,48106,100
6052,2026-05-30 14:20:07.769843,2026/05/30 14:20:07.817,0,NVIDIA A100-SXM-64GB,167.80,48124,100
6053,2026-05-30 14:20:07.769843,2026/05/30 14:20:07.820,1,NVIDIA A100-SXM-64GB,181.78,48142,100
6054,2026-05-30 14:20:07.769843,2026/05/30 14:20:07.822,2,NVIDIA A100-SXM-64GB,157.32,48132,100
6055,2026-05-30 14:20:07.769843,2026/05/30 14:20:07.825,3,NVIDIA A100-SXM-64GB,164.53,48106,100
6056,2026-05-30 14:20:12.887621,2026/05/30 14:20:12.935,0,NVIDIA A100-SXM-64GB,185.91,48124,100
6057,2026-05-30 14:20:12.887621,2026/05/30 14:20:12.938,1,NVIDIA A100-SXM-64GB,169.85,48142,100
6058,2026-05-30 14:20:12.887621,2026/05/30 14:20:12.940,2,NVIDIA A100-SXM-64GB,167.11,48132,100
6059,2026-05-30 14:20:12.887621,2026/05/30 14:20:12.943,3,NVIDIA A100-SXM-64GB,181.03,48106,100
6060,2026-05-30 14:20:18.000511,2026/05/30 14:20:18.044,0,NVIDIA A100-SXM-64GB,175.41,48124,100
6061,2026-05-30 14:20:18.000511,2026/05/30 14:20:18.049,1,NVIDIA A100-SXM-64GB,166.50,48142,100
6062,2026-05-30 14:20:18.000511,2026/05/30 14:20:18.052,2,NVIDIA A100-SXM-64GB,157.93,48132,100
6063,2026-05-30 14:20:18.000511,2026/05/30 14:20:18.057,3,NVIDIA A100-SXM-64GB,160.24,48106,100
6064,2026-05-30 14:20:23.115615,2026/05/30 14:20:23.164,0,NVIDIA A100-SXM-64GB,167.46,48124,100
6065,2026-05-30 14:20:23.115615,2026/05/30 14:20:23.166,1,NVIDIA A100-SXM-64GB,167.71,48142,100
6066,2026-05-30 14:20:23.115615,2026/05/30 14:20:23.169,2,NVIDIA A100-SXM-64GB,191.09,48132,100
6067,2026-05-30 14:20:23.115615,2026/05/30 14:20:23.171,3,NVIDIA A100-SXM-64GB,164.53,48106,100
6068,2026-05-30 14:20:28.210442,2026/05/30 14:20:28.253,0,NVIDIA A100-SXM-64GB,168.40,48124,100
6069,2026-05-30 14:20:28.210442,2026/05/30 14:20:28.256,1,NVIDIA A100-SXM-64GB,181.78,48142,100
6070,2026-05-30 14:20:28.210442,2026/05/30 14:20:28.258,2,NVIDIA A100-SXM-64GB,147.20,48132,100
6071,2026-05-30 14:20:28.210442,2026/05/30 14:20:28.261,3,NVIDIA A100-SXM-64GB,147.96,48106,100
6072,2026-05-30 14:20:33.309612,2026/05/30 14:20:33.357,0,NVIDIA A100-SXM-64GB,160.45,48124,100
6073,2026-05-30 14:20:33.309612,2026/05/30 14:20:33.360,1,NVIDIA A100-SXM-64GB,159.63,48142,100
6074,2026-05-30 14:20:33.309612,2026/05/30 14:20:33.362,2,NVIDIA A100-SXM-64GB,170.13,48132,100
6075,2026-05-30 14:20:33.309612,2026/05/30 14:20:33.365,3,NVIDIA A100-SXM-64GB,136.16,48106,100
6076,2026-05-30 14:20:38.417765,2026/05/30 14:20:38.461,0,NVIDIA A100-SXM-64GB,165.50,48124,100
6077,2026-05-30 14:20:38.417765,2026/05/30 14:20:38.463,1,NVIDIA A100-SXM-64GB,145.49,48142,100
6078,2026-05-30 14:20:38.417765,2026/05/30 14:20:38.468,2,NVIDIA A100-SXM-64GB,177.83,48132,100
6079,2026-05-30 14:20:38.417765,2026/05/30 14:20:38.470,3,NVIDIA A100-SXM-64GB,152.41,48106,100
6080,2026-05-30 14:20:43.516079,2026/05/30 14:20:43.576,0,NVIDIA A100-SXM-64GB,187.50,48124,100
6081,2026-05-30 14:20:43.516079,2026/05/30 14:20:43.578,1,NVIDIA A100-SXM-64GB,181.96,48142,100
6082,2026-05-30 14:20:43.516079,2026/05/30 14:20:43.581,2,NVIDIA A100-SXM-64GB,179.21,48132,100
6083,2026-05-30 14:20:43.516079,2026/05/30 14:20:43.584,3,NVIDIA A100-SXM-64GB,186.45,48106,100
6084,2026-05-30 14:20:48.656613,2026/05/30 14:20:48.705,0,NVIDIA A100-SXM-64GB,158.48,48124,100
6085,2026-05-30 14:20:48.656613,2026/05/30 14:20:48.711,1,NVIDIA A100-SXM-64GB,164.53,48142,100
6086,2026-05-30 14:20:48.656613,2026/05/30 14:20:48.713,2,NVIDIA A100-SXM-64GB,148.29,48132,100
6087,2026-05-30 14:20:48.656613,2026/05/30 14:20:48.716,3,NVIDIA A100-SXM-64GB,168.99,48106,100
6088,2026-05-30 14:20:53.770438,2026/05/30 14:20:53.818,0,NVIDIA A100-SXM-64GB,176.85,48124,100
6089,2026-05-30 14:20:53.770438,2026/05/30 14:20:53.821,1,NVIDIA A100-SXM-64GB,174.92,48142,100
6090,2026-05-30 14:20:53.770438,2026/05/30 14:20:53.823,2,NVIDIA A100-SXM-64GB,173.71,48132,100
6091,2026-05-30 14:20:53.770438,2026/05/30 14:20:53.828,3,NVIDIA A100-SXM-64GB,175.44,48106,100
6092,2026-05-30 14:20:58.881732,2026/05/30 14:20:58.927,0,NVIDIA A100-SXM-64GB,158.81,48124,100
6093,2026-05-30 14:20:58.881732,2026/05/30 14:20:58.931,1,NVIDIA A100-SXM-64GB,180.76,48142,100
6094,2026-05-30 14:20:58.881732,2026/05/30 14:20:58.934,2,NVIDIA A100-SXM-64GB,173.38,48132,100
6095,2026-05-30 14:20:58.881732,2026/05/30 14:20:58.936,3,NVIDIA A100-SXM-64GB,170.81,48106,100
6096,2026-05-30 14:21:03.969523,2026/05/30 14:21:04.017,0,NVIDIA A100-SXM-64GB,164.62,48124,100
6097,2026-05-30 14:21:03.969523,2026/05/30 14:21:04.020,1,NVIDIA A100-SXM-64GB,195.77,48142,100
6098,2026-05-30 14:21:03.969523,2026/05/30 14:21:04.023,2,NVIDIA A100-SXM-64GB,164.80,48132,100
6099,2026-05-30 14:21:03.969523,2026/05/30 14:21:04.027,3,NVIDIA A100-SXM-64GB,189.54,48106,100
6100,2026-05-30 14:21:09.089881,2026/05/30 14:21:09.138,0,NVIDIA A100-SXM-64GB,152.39,48124,100
6101,2026-05-30 14:21:09.089881,2026/05/30 14:21:09.142,1,NVIDIA A100-SXM-64GB,151.04,48142,100
6102,2026-05-30 14:21:09.089881,2026/05/30 14:21:09.144,2,NVIDIA A100-SXM-64GB,160.67,48132,100
6103,2026-05-30 14:21:09.089881,2026/05/30 14:21:09.148,3,NVIDIA A100-SXM-64GB,178.88,48106,100
6104,2026-05-30 14:21:14.199419,2026/05/30 14:21:14.243,0,NVIDIA A100-SXM-64GB,145.37,48124,98
6105,2026-05-30 14:21:14.199419,2026/05/30 14:21:14.245,1,NVIDIA A100-SXM-64GB,135.69,48142,100
6106,2026-05-30 14:21:14.199419,2026/05/30 14:21:14.249,2,NVIDIA A100-SXM-64GB,146.27,48132,98
6107,2026-05-30 14:21:14.199419,2026/05/30 14:21:14.253,3,NVIDIA A100-SXM-64GB,127.84,48106,100
6108,2026-05-30 14:21:19.310616,2026/05/30 14:21:19.358,0,NVIDIA A100-SXM-64GB,161.99,48124,100
6109,2026-05-30 14:21:19.310616,2026/05/30 14:21:19.360,1,NVIDIA A100-SXM-64GB,174.41,48142,100
6110,2026-05-30 14:21:19.310616,2026/05/30 14:21:19.363,2,NVIDIA A100-SXM-64GB,171.07,48132,100
6111,2026-05-30 14:21:19.310616,2026/05/30 14:21:19.368,3,NVIDIA A100-SXM-64GB,163.26,48106,100
6112,2026-05-30 14:21:24.422166,2026/05/30 14:21:24.473,0,NVIDIA A100-SXM-64GB,186.70,48124,100
6113,2026-05-30 14:21:24.422166,2026/05/30 14:21:24.476,1,NVIDIA A100-SXM-64GB,182.11,48142,100
6114,2026-05-30 14:21:24.422166,2026/05/30 14:21:24.478,2,NVIDIA A100-SXM-64GB,167.71,48132,100
6115,2026-05-30 14:21:24.422166,2026/05/30 14:21:24.481,3,NVIDIA A100-SXM-64GB,170.30,48106,100
6116,2026-05-30 14:21:29.540622,2026/05/30 14:21:29.589,0,NVIDIA A100-SXM-64GB,163.85,48124,100
6117,2026-05-30 14:21:29.540622,2026/05/30 14:21:29.591,1,NVIDIA A100-SXM-64GB,159.90,48142,100
6118,2026-05-30 14:21:29.540622,2026/05/30 14:21:29.597,2,NVIDIA A100-SXM-64GB,166.50,48132,100
6119,2026-05-30 14:21:29.540622,2026/05/30 14:21:29.600,3,NVIDIA A100-SXM-64GB,167.28,48106,100
6120,2026-05-30 14:21:34.674625,2026/05/30 14:21:34.730,0,NVIDIA A100-SXM-64GB,145.98,48124,98
6121,2026-05-30 14:21:34.674625,2026/05/30 14:21:34.733,1,NVIDIA A100-SXM-64GB,154.07,48142,100
6122,2026-05-30 14:21:34.674625,2026/05/30 14:21:34.735,2,NVIDIA A100-SXM-64GB,148.74,48132,98
6123,2026-05-30 14:21:34.674625,2026/05/30 14:21:34.738,3,NVIDIA A100-SXM-64GB,138.91,48106,98
6124,2026-05-30 14:21:39.803613,2026/05/30 14:21:39.848,0,NVIDIA A100-SXM-64GB,142.90,48124,100
6125,2026-05-30 14:21:39.803613,2026/05/30 14:21:39.851,1,NVIDIA A100-SXM-64GB,146.75,48142,97
6126,2026-05-30 14:21:39.803613,2026/05/30 14:21:39.853,2,NVIDIA A100-SXM-64GB,141.20,48132,100
6127,2026-05-30 14:21:39.803613,2026/05/30 14:21:39.859,3,NVIDIA A100-SXM-64GB,135.56,48106,97
6128,2026-05-30 14:21:44.916621,2026/05/30 14:21:44.969,0,NVIDIA A100-SXM-64GB,166.09,48124,100
6129,2026-05-30 14:21:44.916621,2026/05/30 14:21:44.972,1,NVIDIA A100-SXM-64GB,178.10,48142,100
6130,2026-05-30 14:21:44.916621,2026/05/30 14:21:44.974,2,NVIDIA A100-SXM-64GB,165.67,48132,100
6131,2026-05-30 14:21:44.916621,2026/05/30 14:21:44.979,3,NVIDIA A100-SXM-64GB,167.28,48106,100
6132,2026-05-30 14:21:50.040119,2026/05/30 14:21:50.083,0,NVIDIA A100-SXM-64GB,144.28,48124,99
6133,2026-05-30 14:21:50.040119,2026/05/30 14:21:50.086,1,NVIDIA A100-SXM-64GB,152.86,48142,97
6134,2026-05-30 14:21:50.040119,2026/05/30 14:21:50.089,2,NVIDIA A100-SXM-64GB,147.20,48132,100
6135,2026-05-30 14:21:50.040119,2026/05/30 14:21:50.091,3,NVIDIA A100-SXM-64GB,142.27,48106,100
6136,2026-05-30 14:21:55.161623,2026/05/30 14:21:55.206,0,NVIDIA A100-SXM-64GB,176.49,48124,100
6137,2026-05-30 14:21:55.161623,2026/05/30 14:21:55.208,1,NVIDIA A100-SXM-64GB,175.35,48142,100
6138,2026-05-30 14:21:55.161623,2026/05/30 14:21:55.211,2,NVIDIA A100-SXM-64GB,170.61,48132,100
6139,2026-05-30 14:21:55.161623,2026/05/30 14:21:55.213,3,NVIDIA A100-SXM-64GB,164.63,48106,100
6140,2026-05-30 14:22:00.262629,2026/05/30 14:22:00.313,0,NVIDIA A100-SXM-64GB,166.59,48124,100
6141,2026-05-30 14:22:00.262629,2026/05/30 14:22:00.316,1,NVIDIA A100-SXM-64GB,183.51,48142,100
6142,2026-05-30 14:22:00.262629,2026/05/30 14:22:00.318,2,NVIDIA A100-SXM-64GB,161.11,48132,100
6143,2026-05-30 14:22:00.262629,2026/05/30 14:22:00.321,3,NVIDIA A100-SXM-64GB,173.11,48106,100
6144,2026-05-30 14:22:05.377613,2026/05/30 14:22:05.421,0,NVIDIA A100-SXM-64GB,184.70,48124,66
6145,2026-05-30 14:22:05.377613,2026/05/30 14:22:05.424,1,NVIDIA A100-SXM-64GB,166.50,48142,50
6146,2026-05-30 14:22:05.377613,2026/05/30 14:22:05.426,2,NVIDIA A100-SXM-64GB,186.21,48132,72
6147,2026-05-30 14:22:05.377613,2026/05/30 14:22:05.429,3,NVIDIA A100-SXM-64GB,184.11,48106,100
6148,2026-05-30 14:22:10.469929,2026/05/30 14:22:10.514,0,NVIDIA A100-SXM-64GB,140.62,48124,97
6149,2026-05-30 14:22:10.469929,2026/05/30 14:22:10.516,1,NVIDIA A100-SXM-64GB,137.56,48142,97
6150,2026-05-30 14:22:10.469929,2026/05/30 14:22:10.519,2,NVIDIA A100-SXM-64GB,141.98,48132,97
6151,2026-05-30 14:22:10.469929,2026/05/30 14:22:10.521,3,NVIDIA A100-SXM-64GB,132.33,48106,98
6152,2026-05-30 14:22:15.578619,2026/05/30 14:22:15.626,0,NVIDIA A100-SXM-64GB,147.18,48124,98
6153,2026-05-30 14:22:15.578619,2026/05/30 14:22:15.629,1,NVIDIA A100-SXM-64GB,146.14,48142,98
6154,2026-05-30 14:22:15.578619,2026/05/30 14:22:15.631,2,NVIDIA A100-SXM-64GB,147.81,48132,98
6155,2026-05-30 14:22:15.578619,2026/05/30 14:22:15.634,3,NVIDIA A100-SXM-64GB,143.48,48106,98
6156,2026-05-30 14:22:20.709617,2026/05/30 14:22:20.754,0,NVIDIA A100-SXM-64GB,130.87,48124,100
6157,2026-05-30 14:22:20.709617,2026/05/30 14:22:20.758,1,NVIDIA A100-SXM-64GB,136.02,48142,97
6158,2026-05-30 14:22:20.709617,2026/05/30 14:22:20.771,2,NVIDIA A100-SXM-64GB,211.85,48132,100
6159,2026-05-30 14:22:20.709617,2026/05/30 14:22:20.775,3,NVIDIA A100-SXM-64GB,125.29,48106,98
6160,2026-05-30 14:22:25.834619,2026/05/30 14:22:25.878,0,NVIDIA A100-SXM-64GB,144.89,48124,98
6161,2026-05-30 14:22:25.834619,2026/05/30 14:22:25.880,1,NVIDIA A100-SXM-64GB,149.18,48142,98
6162,2026-05-30 14:22:25.834619,2026/05/30 14:22:25.883,2,NVIDIA A100-SXM-64GB,144.46,48132,98
6163,2026-05-30 14:22:25.834619,2026/05/30 14:22:25.886,3,NVIDIA A100-SXM-64GB,139.52,48106,98
6164,2026-05-30 14:22:30.943616,2026/05/30 14:22:31.004,0,NVIDIA A100-SXM-64GB,151.30,48124,100
6165,2026-05-30 14:22:30.943616,2026/05/30 14:22:31.006,1,NVIDIA A100-SXM-64GB,165.84,48142,100
6166,2026-05-30 14:22:30.943616,2026/05/30 14:22:31.009,2,NVIDIA A100-SXM-64GB,146.60,48132,100
6167,2026-05-30 14:22:30.943616,2026/05/30 14:22:31.011,3,NVIDIA A100-SXM-64GB,154.40,48106,100
6168,2026-05-30 14:22:36.073628,2026/05/30 14:22:36.118,0,NVIDIA A100-SXM-64GB,149.16,48124,98
6169,2026-05-30 14:22:36.073628,2026/05/30 14:22:36.120,1,NVIDIA A100-SXM-64GB,136.29,48142,98
6170,2026-05-30 14:22:36.073628,2026/05/30 14:22:36.123,2,NVIDIA A100-SXM-64GB,141.52,48132,98
6171,2026-05-30 14:22:36.073628,2026/05/30 14:22:36.125,3,NVIDIA A100-SXM-64GB,144.15,48106,98
6172,2026-05-30 14:22:41.182616,2026/05/30 14:22:41.239,0,NVIDIA A100-SXM-64GB,133.00,48124,100
6173,2026-05-30 14:22:41.182616,2026/05/30 14:22:41.242,1,NVIDIA A100-SXM-64GB,202.62,48142,100
6174,2026-05-30 14:22:41.182616,2026/05/30 14:22:41.244,2,NVIDIA A100-SXM-64GB,159.46,48132,100
6175,2026-05-30 14:22:41.182616,2026/05/30 14:22:41.247,3,NVIDIA A100-SXM-64GB,127.23,48106,100
6176,2026-05-30 14:22:46.279640,2026/05/30 14:22:46.334,0,NVIDIA A100-SXM-64GB,135.46,48124,98
6177,2026-05-30 14:22:46.279640,2026/05/30 14:22:46.338,1,NVIDIA A100-SXM-64GB,140.31,48142,98
6178,2026-05-30 14:22:46.279640,2026/05/30 14:22:46.344,2,NVIDIA A100-SXM-64GB,139.23,48132,98
6179,2026-05-30 14:22:46.279640,2026/05/30 14:22:46.346,3,NVIDIA A100-SXM-64GB,131.54,48106,98
6180,2026-05-30 14:22:51.391610,2026/05/30 14:22:51.458,0,NVIDIA A100-SXM-64GB,126.44,48124,98
6181,2026-05-30 14:22:51.391610,2026/05/30 14:22:51.461,1,NVIDIA A100-SXM-64GB,206.57,48142,98
6182,2026-05-30 14:22:51.391610,2026/05/30 14:22:51.465,2,NVIDIA A100-SXM-64GB,211.57,48132,98
6183,2026-05-30 14:22:51.391610,2026/05/30 14:22:51.467,3,NVIDIA A100-SXM-64GB,122.06,48106,100
6184,2026-05-30 14:22:56.503018,2026/05/30 14:22:56.550,0,NVIDIA A100-SXM-64GB,150.43,48124,98
6185,2026-05-30 14:22:56.503018,2026/05/30 14:22:56.553,1,NVIDIA A100-SXM-64GB,152.86,48142,98
6186,2026-05-30 14:22:56.503018,2026/05/30 14:22:56.556,2,NVIDIA A100-SXM-64GB,145.99,48132,98
6187,2026-05-30 14:22:56.503018,2026/05/30 14:22:56.558,3,NVIDIA A100-SXM-64GB,139.05,48106,98
6188,2026-05-30 14:23:01.615928,2026/05/30 14:23:01.656,0,NVIDIA A100-SXM-64GB,131.93,48124,100
6189,2026-05-30 14:23:01.615928,2026/05/30 14:23:01.659,1,NVIDIA A100-SXM-64GB,212.07,48142,100
6190,2026-05-30 14:23:01.615928,2026/05/30 14:23:01.662,2,NVIDIA A100-SXM-64GB,208.50,48132,100
6191,2026-05-30 14:23:01.615928,2026/05/30 14:23:01.666,3,NVIDIA A100-SXM-64GB,126.96,48106,98
6192,2026-05-30 14:23:06.700404,2026/05/30 14:23:06.743,0,NVIDIA A100-SXM-64GB,169.61,48124,100
6193,2026-05-30 14:23:06.700404,2026/05/30 14:23:06.745,1,NVIDIA A100-SXM-64GB,185.74,48142,100
6194,2026-05-30 14:23:06.700404,2026/05/30 14:23:06.750,2,NVIDIA A100-SXM-64GB,174.41,48132,100
6195,2026-05-30 14:23:06.700404,2026/05/30 14:23:06.753,3,NVIDIA A100-SXM-64GB,144.28,48106,100
6196,2026-05-30 14:23:11.788482,2026/05/30 14:23:11.832,0,NVIDIA A100-SXM-64GB,149.49,48124,100
6197,2026-05-30 14:23:11.788482,2026/05/30 14:23:11.834,1,NVIDIA A100-SXM-64GB,183.32,48142,100
6198,2026-05-30 14:23:11.788482,2026/05/30 14:23:11.837,2,NVIDIA A100-SXM-64GB,175.08,48132,100
6199,2026-05-30 14:23:11.788482,2026/05/30 14:23:11.839,3,NVIDIA A100-SXM-64GB,175.53,48106,100
6200,2026-05-30 14:23:16.887948,2026/05/30 14:23:16.938,0,NVIDIA A100-SXM-64GB,174.81,48124,100
6201,2026-05-30 14:23:16.887948,2026/05/30 14:23:16.941,1,NVIDIA A100-SXM-64GB,188.21,48142,100
6202,2026-05-30 14:23:16.887948,2026/05/30 14:23:16.943,2,NVIDIA A100-SXM-64GB,168.32,48132,100
6203,2026-05-30 14:23:16.887948,2026/05/30 14:23:16.947,3,NVIDIA A100-SXM-64GB,175.53,48106,100
6204,2026-05-30 14:23:22.000529,2026/05/30 14:23:22.050,0,NVIDIA A100-SXM-64GB,158.65,48124,100
6205,2026-05-30 14:23:22.000529,2026/05/30 14:23:22.053,1,NVIDIA A100-SXM-64GB,171.84,48142,100
6206,2026-05-30 14:23:22.000529,2026/05/30 14:23:22.058,2,NVIDIA A100-SXM-64GB,151.04,48132,100
6207,2026-05-30 14:23:22.000529,2026/05/30 14:23:22.060,3,NVIDIA A100-SXM-64GB,178.46,48106,100
6208,2026-05-30 14:23:27.104627,2026/05/30 14:23:27.152,0,NVIDIA A100-SXM-64GB,174.81,48124,100
6209,2026-05-30 14:23:27.104627,2026/05/30 14:23:27.155,1,NVIDIA A100-SXM-64GB,169.69,48142,100
6210,2026-05-30 14:23:27.104627,2026/05/30 14:23:27.160,2,NVIDIA A100-SXM-64GB,166.01,48132,100
6211,2026-05-30 14:23:27.104627,2026/05/30 14:23:27.178,3,NVIDIA A100-SXM-64GB,183.36,48106,100
6212,2026-05-30 14:23:32.239615,2026/05/30 14:23:32.301,0,NVIDIA A100-SXM-64GB,161.11,48124,100
6213,2026-05-30 14:23:32.239615,2026/05/30 14:23:32.327,1,NVIDIA A100-SXM-64GB,157.60,48142,100
6214,2026-05-30 14:23:32.239615,2026/05/30 14:23:32.330,2,NVIDIA A100-SXM-64GB,160.35,48132,100
6215,2026-05-30 14:23:32.239615,2026/05/30 14:23:32.333,3,NVIDIA A100-SXM-64GB,150.26,48106,100
6216,2026-05-30 14:23:37.376769,2026/05/30 14:23:37.421,0,NVIDIA A100-SXM-64GB,190.98,48124,100
6217,2026-05-30 14:23:37.376769,2026/05/30 14:23:37.423,1,NVIDIA A100-SXM-64GB,157.15,48142,100
6218,2026-05-30 14:23:37.376769,2026/05/30 14:23:37.426,2,NVIDIA A100-SXM-64GB,172.60,48132,100
6219,2026-05-30 14:23:37.376769,2026/05/30 14:23:37.428,3,NVIDIA A100-SXM-64GB,171.84,48106,100
6220,2026-05-30 14:23:42.485641,2026/05/30 14:23:42.534,0,NVIDIA A100-SXM-64GB,182.76,48124,100
6221,2026-05-30 14:23:42.485641,2026/05/30 14:23:42.537,1,NVIDIA A100-SXM-64GB,145.82,48142,100
6222,2026-05-30 14:23:42.485641,2026/05/30 14:23:42.542,2,NVIDIA A100-SXM-64GB,150.56,48132,100
6223,2026-05-30 14:23:42.485641,2026/05/30 14:23:42.545,3,NVIDIA A100-SXM-64GB,171.24,48106,100
6224,2026-05-30 14:23:47.611765,2026/05/30 14:23:47.659,0,NVIDIA A100-SXM-64GB,209.39,48124,98
6225,2026-05-30 14:23:47.611765,2026/05/30 14:23:47.661,1,NVIDIA A100-SXM-64GB,170.96,48142,98
6226,2026-05-30 14:23:47.611765,2026/05/30 14:23:47.666,2,NVIDIA A100-SXM-64GB,157.60,48132,98
6227,2026-05-30 14:23:47.611765,2026/05/30 14:23:47.668,3,NVIDIA A100-SXM-64GB,201.28,48106,100
6228,2026-05-30 14:23:52.701152,2026/05/30 14:23:52.763,0,NVIDIA A100-SXM-64GB,152.71,48124,100
6229,2026-05-30 14:23:52.701152,2026/05/30 14:23:52.766,1,NVIDIA A100-SXM-64GB,168.15,48142,100
6230,2026-05-30 14:23:52.701152,2026/05/30 14:23:52.768,2,NVIDIA A100-SXM-64GB,153.19,48132,100
6231,2026-05-30 14:23:52.701152,2026/05/30 14:23:52.771,3,NVIDIA A100-SXM-64GB,153.95,48106,100
6232,2026-05-30 14:23:57.815529,2026/05/30 14:23:57.863,0,NVIDIA A100-SXM-64GB,141.42,48124,100
6233,2026-05-30 14:23:57.815529,2026/05/30 14:23:57.866,1,NVIDIA A100-SXM-64GB,143.34,48142,100
6234,2026-05-30 14:23:57.815529,2026/05/30 14:23:57.870,2,NVIDIA A100-SXM-64GB,145.49,48132,100
6235,2026-05-30 14:23:57.815529,2026/05/30 14:23:57.873,3,NVIDIA A100-SXM-64GB,135.56,48106,98
6236,2026-05-30 14:24:02.927334,2026/05/30 14:24:02.970,0,NVIDIA A100-SXM-64GB,139.55,48124,100
6237,2026-05-30 14:24:02.927334,2026/05/30 14:24:02.972,1,NVIDIA A100-SXM-64GB,142.88,48142,100
6238,2026-05-30 14:24:02.927334,2026/05/30 14:24:02.975,2,NVIDIA A100-SXM-64GB,155.01,48132,100
6239,2026-05-30 14:24:02.927334,2026/05/30 14:24:02.977,3,NVIDIA A100-SXM-64GB,135.56,48106,100
6240,2026-05-30 14:24:08.035602,2026/05/30 14:24:08.084,0,NVIDIA A100-SXM-64GB,165.23,48124,100
6241,2026-05-30 14:24:08.035602,2026/05/30 14:24:08.087,1,NVIDIA A100-SXM-64GB,184.44,48142,100
6242,2026-05-30 14:24:08.035602,2026/05/30 14:24:08.090,2,NVIDIA A100-SXM-64GB,175.08,48132,100
6243,2026-05-30 14:24:08.035602,2026/05/30 14:24:08.093,3,NVIDIA A100-SXM-64GB,166.84,48106,100
6244,2026-05-30 14:24:13.148458,2026/05/30 14:24:13.192,0,NVIDIA A100-SXM-64GB,160.94,48124,100
6245,2026-05-30 14:24:13.148458,2026/05/30 14:24:13.194,1,NVIDIA A100-SXM-64GB,143.48,48142,100
6246,2026-05-30 14:24:13.148458,2026/05/30 14:24:13.197,2,NVIDIA A100-SXM-64GB,168.49,48132,100
6247,2026-05-30 14:24:13.148458,2026/05/30 14:24:13.200,3,NVIDIA A100-SXM-64GB,178.46,48106,100
6248,2026-05-30 14:24:18.241807,2026/05/30 14:24:18.290,0,NVIDIA A100-SXM-64GB,146.57,48124,98
6249,2026-05-30 14:24:18.241807,2026/05/30 14:24:18.293,1,NVIDIA A100-SXM-64GB,137.10,48142,100
6250,2026-05-30 14:24:18.241807,2026/05/30 14:24:18.296,2,NVIDIA A100-SXM-64GB,151.93,48132,98
6251,2026-05-30 14:24:18.241807,2026/05/30 14:24:18.299,3,NVIDIA A100-SXM-64GB,140.73,48106,98
6252,2026-05-30 14:24:23.369610,2026/05/30 14:24:23.424,0,NVIDIA A100-SXM-64GB,145.04,48124,100
6253,2026-05-30 14:24:23.369610,2026/05/30 14:24:23.426,1,NVIDIA A100-SXM-64GB,224.32,48142,99
6254,2026-05-30 14:24:23.369610,2026/05/30 14:24:23.429,2,NVIDIA A100-SXM-64GB,136.02,48132,100
6255,2026-05-30 14:24:23.369610,2026/05/30 14:24:23.431,3,NVIDIA A100-SXM-64GB,132.14,48106,100
6256,2026-05-30 14:24:28.473748,2026/05/30 14:24:28.532,0,NVIDIA A100-SXM-64GB,148.44,48124,98
6257,2026-05-30 14:24:28.473748,2026/05/30 14:24:28.535,1,NVIDIA A100-SXM-64GB,150.43,48142,98
6258,2026-05-30 14:24:28.473748,2026/05/30 14:24:28.540,2,NVIDIA A100-SXM-64GB,150.43,48132,98
6259,2026-05-30 14:24:28.473748,2026/05/30 14:24:28.542,3,NVIDIA A100-SXM-64GB,141.49,48106,100
6260,2026-05-30 14:24:33.579627,2026/05/30 14:24:33.625,0,NVIDIA A100-SXM-64GB,148.44,48124,99
6261,2026-05-30 14:24:33.579627,2026/05/30 14:24:33.627,1,NVIDIA A100-SXM-64GB,153.47,48142,100
6262,2026-05-30 14:24:33.579627,2026/05/30 14:24:33.630,2,NVIDIA A100-SXM-64GB,146.60,48132,99
6263,2026-05-30 14:24:33.579627,2026/05/30 14:24:33.633,3,NVIDIA A100-SXM-64GB,137.70,48106,97
6264,2026-05-30 14:24:38.690616,2026/05/30 14:24:38.751,0,NVIDIA A100-SXM-64GB,144.01,48124,100
6265,2026-05-30 14:24:38.690616,2026/05/30 14:24:38.754,1,NVIDIA A100-SXM-64GB,151.93,48142,100
6266,2026-05-30 14:24:38.690616,2026/05/30 14:24:38.756,2,NVIDIA A100-SXM-64GB,146.88,48132,100
6267,2026-05-30 14:24:38.690616,2026/05/30 14:24:38.759,3,NVIDIA A100-SXM-64GB,145.96,48106,100
6268,2026-05-30 14:24:43.822059,2026/05/30 14:24:43.865,0,NVIDIA A100-SXM-64GB,147.02,48124,97
6269,2026-05-30 14:24:43.822059,2026/05/30 14:24:43.867,1,NVIDIA A100-SXM-64GB,145.99,48142,97
6270,2026-05-30 14:24:43.822059,2026/05/30 14:24:43.870,2,NVIDIA A100-SXM-64GB,145.34,48132,100
6271,2026-05-30 14:24:43.822059,2026/05/30 14:24:43.873,3,NVIDIA A100-SXM-64GB,139.99,48106,97
6272,2026-05-30 14:24:48.914881,2026/05/30 14:24:48.964,0,NVIDIA A100-SXM-64GB,169.93,48124,100
6273,2026-05-30 14:24:48.914881,2026/05/30 14:24:48.966,1,NVIDIA A100-SXM-64GB,186.87,48142,100
6274,2026-05-30 14:24:48.914881,2026/05/30 14:24:48.969,2,NVIDIA A100-SXM-64GB,177.22,48132,100
6275,2026-05-30 14:24:48.914881,2026/05/30 14:24:48.971,3,NVIDIA A100-SXM-64GB,164.97,48106,100
6276,2026-05-30 14:24:54.005219,2026/05/30 14:24:54.052,0,NVIDIA A100-SXM-64GB,182.43,48124,100
6277,2026-05-30 14:24:54.005219,2026/05/30 14:24:54.055,1,NVIDIA A100-SXM-64GB,168.82,48142,100
6278,2026-05-30 14:24:54.005219,2026/05/30 14:24:54.057,2,NVIDIA A100-SXM-64GB,171.99,48132,100
6279,2026-05-30 14:24:54.005219,2026/05/30 14:24:54.060,3,NVIDIA A100-SXM-64GB,178.01,48106,100
6280,2026-05-30 14:24:59.119620,2026/05/30 14:24:59.165,0,NVIDIA A100-SXM-64GB,187.63,48124,100
6281,2026-05-30 14:24:59.119620,2026/05/30 14:24:59.168,1,NVIDIA A100-SXM-64GB,194.04,48142,100
6282,2026-05-30 14:24:59.119620,2026/05/30 14:24:59.170,2,NVIDIA A100-SXM-64GB,167.98,48132,100
6283,2026-05-30 14:24:59.119620,2026/05/30 14:24:59.173,3,NVIDIA A100-SXM-64GB,184.72,48106,100
6284,2026-05-30 14:25:04.205522,2026/05/30 14:25:04.248,0,NVIDIA A100-SXM-64GB,147.84,48124,100
6285,2026-05-30 14:25:04.205522,2026/05/30 14:25:04.251,1,NVIDIA A100-SXM-64GB,151.93,48142,97
6286,2026-05-30 14:25:04.205522,2026/05/30 14:25:04.253,2,NVIDIA A100-SXM-64GB,140.92,48132,100
6287,2026-05-30 14:25:04.205522,2026/05/30 14:25:04.256,3,NVIDIA A100-SXM-64GB,138.91,48106,100
6288,2026-05-30 14:25:09.298518,2026/05/30 14:25:09.350,0,NVIDIA A100-SXM-64GB,190.10,48124,100
6289,2026-05-30 14:25:09.298518,2026/05/30 14:25:09.353,1,NVIDIA A100-SXM-64GB,173.11,48142,100
6290,2026-05-30 14:25:09.298518,2026/05/30 14:25:09.356,2,NVIDIA A100-SXM-64GB,176.56,48132,100
6291,2026-05-30 14:25:09.298518,2026/05/30 14:25:09.358,3,NVIDIA A100-SXM-64GB,177.67,48106,100
6292,2026-05-30 14:25:14.418619,2026/05/30 14:25:14.467,0,NVIDIA A100-SXM-64GB,142.62,48124,100
6293,2026-05-30 14:25:14.418619,2026/05/30 14:25:14.470,1,NVIDIA A100-SXM-64GB,149.50,48142,100
6294,2026-05-30 14:25:14.418619,2026/05/30 14:25:14.472,2,NVIDIA A100-SXM-64GB,142.74,48132,99
6295,2026-05-30 14:25:14.418619,2026/05/30 14:25:14.475,3,NVIDIA A100-SXM-64GB,137.70,48106,100
6296,2026-05-30 14:25:19.532618,2026/05/30 14:25:19.577,0,NVIDIA A100-SXM-64GB,188.24,48124,100
6297,2026-05-30 14:25:19.532618,2026/05/30 14:25:19.579,1,NVIDIA A100-SXM-64GB,174.92,48142,100
6298,2026-05-30 14:25:19.532618,2026/05/30 14:25:19.582,2,NVIDIA A100-SXM-64GB,177.67,48132,100
6299,2026-05-30 14:25:19.532618,2026/05/30 14:25:19.585,3,NVIDIA A100-SXM-64GB,160.67,48106,100
6300,2026-05-30 14:25:24.630879,2026/05/30 14:25:24.678,0,NVIDIA A100-SXM-64GB,167.64,48124,100
6301,2026-05-30 14:25:24.630879,2026/05/30 14:25:24.681,1,NVIDIA A100-SXM-64GB,163.92,48142,100
6302,2026-05-30 14:25:24.630879,2026/05/30 14:25:24.683,2,NVIDIA A100-SXM-64GB,170.13,48132,100
6303,2026-05-30 14:25:24.630879,2026/05/30 14:25:24.686,3,NVIDIA A100-SXM-64GB,176.92,48106,100
6304,2026-05-30 14:25:29.736626,2026/05/30 14:25:29.789,0,NVIDIA A100-SXM-64GB,179.87,48124,100
6305,2026-05-30 14:25:29.736626,2026/05/30 14:25:29.792,1,NVIDIA A100-SXM-64GB,181.96,48142,100
6306,2026-05-30 14:25:29.736626,2026/05/30 14:25:29.797,2,NVIDIA A100-SXM-64GB,169.42,48132,100
6307,2026-05-30 14:25:29.736626,2026/05/30 14:25:29.799,3,NVIDIA A100-SXM-64GB,174.17,48106,100
6308,2026-05-30 14:25:34.834407,2026/05/30 14:25:34.882,0,NVIDIA A100-SXM-64GB,181.55,48124,100
6309,2026-05-30 14:25:34.834407,2026/05/30 14:25:34.888,1,NVIDIA A100-SXM-64GB,170.03,48142,100
6310,2026-05-30 14:25:34.834407,2026/05/30 14:25:34.892,2,NVIDIA A100-SXM-64GB,176.89,48132,100
6311,2026-05-30 14:25:34.834407,2026/05/30 14:25:34.908,3,NVIDIA A100-SXM-64GB,156.98,48106,100
6312,2026-05-30 14:25:39.957626,2026/05/30 14:25:40.011,0,NVIDIA A100-SXM-64GB,137.14,48124,100
6313,2026-05-30 14:25:39.957626,2026/05/30 14:25:40.013,1,NVIDIA A100-SXM-64GB,156.82,48142,100
6314,2026-05-30 14:25:39.957626,2026/05/30 14:25:40.016,2,NVIDIA A100-SXM-64GB,137.23,48132,100
6315,2026-05-30 14:25:39.957626,2026/05/30 14:25:40.018,3,NVIDIA A100-SXM-64GB,130.65,48106,98
6316,2026-05-30 14:25:45.051794,2026/05/30 14:25:45.099,0,NVIDIA A100-SXM-64GB,165.99,48124,100
6317,2026-05-30 14:25:45.051794,2026/05/30 14:25:45.112,1,NVIDIA A100-SXM-64GB,167.28,48142,100
6318,2026-05-30 14:25:45.051794,2026/05/30 14:25:45.126,2,NVIDIA A100-SXM-64GB,165.84,48132,100
6319,2026-05-30 14:25:45.051794,2026/05/30 14:25:45.129,3,NVIDIA A100-SXM-64GB,167.28,48106,100
6320,2026-05-30 14:25:50.192123,2026/05/30 14:25:50.239,0,NVIDIA A100-SXM-64GB,136.81,48124,98
6321,2026-05-30 14:25:50.192123,2026/05/30 14:25:50.242,1,NVIDIA A100-SXM-64GB,143.34,48142,98
6322,2026-05-30 14:25:50.192123,2026/05/30 14:25:50.244,2,NVIDIA A100-SXM-64GB,140.78,48132,98
6323,2026-05-30 14:25:50.192123,2026/05/30 14:25:50.248,3,NVIDIA A100-SXM-64GB,132.80,48106,100
6324,2026-05-30 14:25:55.318610,2026/05/30 14:25:55.366,0,NVIDIA A100-SXM-64GB,168.13,48124,100
6325,2026-05-30 14:25:55.318610,2026/05/30 14:25:55.369,1,NVIDIA A100-SXM-64GB,174.41,48142,100
6326,2026-05-30 14:25:55.318610,2026/05/30 14:25:55.373,2,NVIDIA A100-SXM-64GB,164.36,48132,100
6327,2026-05-30 14:25:55.318610,2026/05/30 14:25:55.376,3,NVIDIA A100-SXM-64GB,169.69,48106,100
6328,2026-05-30 14:26:00.431606,2026/05/30 14:26:00.484,0,NVIDIA A100-SXM-64GB,172.40,48124,100
6329,2026-05-30 14:26:00.431606,2026/05/30 14:26:00.487,1,NVIDIA A100-SXM-64GB,187.88,48142,97
6330,2026-05-30 14:26:00.431606,2026/05/30 14:26:00.490,2,NVIDIA A100-SXM-64GB,181.18,48132,100
6331,2026-05-30 14:26:00.431606,2026/05/30 14:26:00.492,3,NVIDIA A100-SXM-64GB,179.82,48106,100
6332,2026-05-30 14:26:05.536250,2026/05/30 14:26:05.588,0,NVIDIA A100-SXM-64GB,148.11,48124,100
6333,2026-05-30 14:26:05.536250,2026/05/30 14:26:05.591,1,NVIDIA A100-SXM-64GB,147.03,48142,100
6334,2026-05-30 14:26:05.536250,2026/05/30 14:26:05.596,2,NVIDIA A100-SXM-64GB,176.10,48132,100
6335,2026-05-30 14:26:05.536250,2026/05/30 14:26:05.599,3,NVIDIA A100-SXM-64GB,155.34,48106,99
6336,2026-05-30 14:26:10.661613,2026/05/30 14:26:10.719,0,NVIDIA A100-SXM-64GB,182.24,48124,100
6337,2026-05-30 14:26:10.661613,2026/05/30 14:26:10.723,1,NVIDIA A100-SXM-64GB,174.74,48142,100
6338,2026-05-30 14:26:10.661613,2026/05/30 14:26:10.726,2,NVIDIA A100-SXM-64GB,188.96,48132,100
6339,2026-05-30 14:26:10.661613,2026/05/30 14:26:10.728,3,NVIDIA A100-SXM-64GB,165.74,48106,100
6340,2026-05-30 14:26:15.781464,2026/05/30 14:26:15.829,0,NVIDIA A100-SXM-64GB,168.23,48124,100
6341,2026-05-30 14:26:15.781464,2026/05/30 14:26:15.832,1,NVIDIA A100-SXM-64GB,165.84,48142,100
6342,2026-05-30 14:26:15.781464,2026/05/30 14:26:15.834,2,NVIDIA A100-SXM-64GB,169.85,48132,100
6343,2026-05-30 14:26:15.781464,2026/05/30 14:26:15.836,3,NVIDIA A100-SXM-64GB,156.55,48106,100
6344,2026-05-30 14:26:20.890714,2026/05/30 14:26:20.939,0,NVIDIA A100-SXM-64GB,134.67,48124,100
6345,2026-05-30 14:26:20.890714,2026/05/30 14:26:20.941,1,NVIDIA A100-SXM-64GB,146.75,48142,98
6346,2026-05-30 14:26:20.890714,2026/05/30 14:26:20.944,2,NVIDIA A100-SXM-64GB,138.77,48132,100
6347,2026-05-30 14:26:20.890714,2026/05/30 14:26:20.946,3,NVIDIA A100-SXM-64GB,133.68,48106,98
6348,2026-05-30 14:26:25.992229,2026/05/30 14:26:26.045,0,NVIDIA A100-SXM-64GB,169.00,48124,100
6349,2026-05-30 14:26:25.992229,2026/05/30 14:26:26.048,1,NVIDIA A100-SXM-64GB,163.92,48142,100
6350,2026-05-30 14:26:25.992229,2026/05/30 14:26:26.051,2,NVIDIA A100-SXM-64GB,160.07,48132,100
6351,2026-05-30 14:26:25.992229,2026/05/30 14:26:26.053,3,NVIDIA A100-SXM-64GB,170.63,48106,100
6352,2026-05-30 14:26:31.097617,2026/05/30 14:26:31.142,0,NVIDIA A100-SXM-64GB,161.88,48124,98
6353,2026-05-30 14:26:31.097617,2026/05/30 14:26:31.148,1,NVIDIA A100-SXM-64GB,188.08,48142,98
6354,2026-05-30 14:26:31.097617,2026/05/30 14:26:31.150,2,NVIDIA A100-SXM-64GB,189.42,48132,100
6355,2026-05-30 14:26:31.097617,2026/05/30 14:26:31.152,3,NVIDIA A100-SXM-64GB,164.09,48106,100
6356,2026-05-30 14:26:36.195098,2026/05/30 14:26:36.243,0,NVIDIA A100-SXM-64GB,173.88,48124,100
6357,2026-05-30 14:26:36.195098,2026/05/30 14:26:36.248,1,NVIDIA A100-SXM-64GB,165.13,48142,100
6358,2026-05-30 14:26:36.195098,2026/05/30 14:26:36.250,2,NVIDIA A100-SXM-64GB,165.23,48132,100
6359,2026-05-30 14:26:36.195098,2026/05/30 14:26:36.253,3,NVIDIA A100-SXM-64GB,150.59,48106,100
6360,2026-05-30 14:26:41.311621,2026/05/30 14:26:41.356,0,NVIDIA A100-SXM-64GB,145.98,48124,100
6361,2026-05-30 14:26:41.311621,2026/05/30 14:26:41.358,1,NVIDIA A100-SXM-64GB,153.19,48142,98
6362,2026-05-30 14:26:41.311621,2026/05/30 14:26:41.361,2,NVIDIA A100-SXM-64GB,147.48,48132,98
6363,2026-05-30 14:26:41.311621,2026/05/30 14:26:41.365,3,NVIDIA A100-SXM-64GB,144.60,48106,98
6364,2026-05-30 14:26:46.423600,2026/05/30 14:26:46.468,0,NVIDIA A100-SXM-64GB,167.02,48124,100
6365,2026-05-30 14:26:46.423600,2026/05/30 14:26:46.473,1,NVIDIA A100-SXM-64GB,175.35,48142,100
6366,2026-05-30 14:26:46.423600,2026/05/30 14:26:46.476,2,NVIDIA A100-SXM-64GB,180.05,48132,100
6367,2026-05-30 14:26:46.423600,2026/05/30 14:26:46.478,3,NVIDIA A100-SXM-64GB,160.51,48106,100
6368,2026-05-30 14:26:51.521528,2026/05/30 14:26:51.569,0,NVIDIA A100-SXM-64GB,133.32,48124,98
6369,2026-05-30 14:26:51.521528,2026/05/30 14:26:51.572,1,NVIDIA A100-SXM-64GB,147.63,48142,98
6370,2026-05-30 14:26:51.521528,2026/05/30 14:26:51.574,2,NVIDIA A100-SXM-64GB,143.85,48132,98
6371,2026-05-30 14:26:51.521528,2026/05/30 14:26:51.577,3,NVIDIA A100-SXM-64GB,143.06,48106,100
6372,2026-05-30 14:26:56.633624,2026/05/30 14:26:56.678,0,NVIDIA A100-SXM-64GB,134.40,48124,100
6373,2026-05-30 14:26:56.633624,2026/05/30 14:26:56.682,1,NVIDIA A100-SXM-64GB,137.84,48142,100
6374,2026-05-30 14:26:56.633624,2026/05/30 14:26:56.685,2,NVIDIA A100-SXM-64GB,144.28,48132,98
6375,2026-05-30 14:26:56.633624,2026/05/30 14:26:56.688,3,NVIDIA A100-SXM-64GB,131.87,48106,98
6376,2026-05-30 14:27:01.730888,2026/05/30 14:27:01.779,0,NVIDIA A100-SXM-64GB,142.62,48124,98
6377,2026-05-30 14:27:01.730888,2026/05/30 14:27:01.782,1,NVIDIA A100-SXM-64GB,147.35,48142,100
6378,2026-05-30 14:27:01.730888,2026/05/30 14:27:01.785,2,NVIDIA A100-SXM-64GB,140.31,48132,100
6379,2026-05-30 14:27:01.730888,2026/05/30 14:27:01.788,3,NVIDIA A100-SXM-64GB,130.32,48106,100
6380,2026-05-30 14:27:06.843706,2026/05/30 14:27:06.892,0,NVIDIA A100-SXM-64GB,178.15,48124,100
6381,2026-05-30 14:27:06.843706,2026/05/30 14:27:06.895,1,NVIDIA A100-SXM-64GB,163.59,48142,100
6382,2026-05-30 14:27:06.843706,2026/05/30 14:27:06.897,2,NVIDIA A100-SXM-64GB,165.23,48132,100
6383,2026-05-30 14:27:06.843706,2026/05/30 14:27:06.900,3,NVIDIA A100-SXM-64GB,165.30,48106,100
6384,2026-05-30 14:27:11.957902,2026/05/30 14:27:12.002,0,NVIDIA A100-SXM-64GB,155.58,48124,100
6385,2026-05-30 14:27:11.957902,2026/05/30 14:27:12.004,1,NVIDIA A100-SXM-64GB,174.74,48142,100
6386,2026-05-30 14:27:11.957902,2026/05/30 14:27:12.008,2,NVIDIA A100-SXM-64GB,137.56,48132,98
6387,2026-05-30 14:27:11.957902,2026/05/30 14:27:12.011,3,NVIDIA A100-SXM-64GB,118.04,48106,100
6388,2026-05-30 14:27:17.056529,2026/05/30 14:27:17.104,0,NVIDIA A100-SXM-64GB,169.61,48124,100
6389,2026-05-30 14:27:17.056529,2026/05/30 14:27:17.107,1,NVIDIA A100-SXM-64GB,166.34,48142,100
6390,2026-05-30 14:27:17.056529,2026/05/30 14:27:17.109,2,NVIDIA A100-SXM-64GB,163.59,48132,100
6391,2026-05-30 14:27:17.056529,2026/05/30 14:27:17.112,3,NVIDIA A100-SXM-64GB,167.72,48106,100
6392,2026-05-30 14:27:22.144974,2026/05/30 14:27:22.189,0,NVIDIA A100-SXM-64GB,146.90,48124,98
6393,2026-05-30 14:27:22.144974,2026/05/30 14:27:22.191,1,NVIDIA A100-SXM-64GB,147.35,48142,98
6394,2026-05-30 14:27:22.144974,2026/05/30 14:27:22.194,2,NVIDIA A100-SXM-64GB,133.27,48132,98
6395,2026-05-30 14:27:22.144974,2026/05/30 14:27:22.196,3,NVIDIA A100-SXM-64GB,136.76,48106,98
6396,2026-05-30 14:27:27.258611,2026/05/30 14:27:27.306,0,NVIDIA A100-SXM-64GB,145.98,48124,100
6397,2026-05-30 14:27:27.258611,2026/05/30 14:27:27.309,1,NVIDIA A100-SXM-64GB,147.51,48142,98
6398,2026-05-30 14:27:27.258611,2026/05/30 14:27:27.312,2,NVIDIA A100-SXM-64GB,142.74,48132,98
6399,2026-05-30 14:27:27.258611,2026/05/30 14:27:27.314,3,NVIDIA A100-SXM-64GB,128.50,48106,98
6400,2026-05-30 14:27:32.369006,2026/05/30 14:27:32.418,0,NVIDIA A100-SXM-64GB,169.93,48124,100
6401,2026-05-30 14:27:32.369006,2026/05/30 14:27:32.423,1,NVIDIA A100-SXM-64GB,146.14,48142,100
6402,2026-05-30 14:27:32.369006,2026/05/30 14:27:32.425,2,NVIDIA A100-SXM-64GB,177.83,48132,100
6403,2026-05-30 14:27:32.369006,2026/05/30 14:27:32.430,3,NVIDIA A100-SXM-64GB,157.92,48106,100
6404,2026-05-30 14:27:37.501617,2026/05/30 14:27:37.550,0,NVIDIA A100-SXM-64GB,187.96,48124,100
6405,2026-05-30 14:27:37.501617,2026/05/30 14:27:37.553,1,NVIDIA A100-SXM-64GB,183.79,48142,100
6406,2026-05-30 14:27:37.501617,2026/05/30 14:27:37.555,2,NVIDIA A100-SXM-64GB,187.61,48132,100
6407,2026-05-30 14:27:37.501617,2026/05/30 14:27:37.558,3,NVIDIA A100-SXM-64GB,165.57,48106,100
6408,2026-05-30 14:27:42.617662,2026/05/30 14:27:42.663,0,NVIDIA A100-SXM-64GB,156.51,48124,100
6409,2026-05-30 14:27:42.617662,2026/05/30 14:27:42.666,1,NVIDIA A100-SXM-64GB,129.99,48142,100
6410,2026-05-30 14:27:42.617662,2026/05/30 14:27:42.668,2,NVIDIA A100-SXM-64GB,158.53,48132,100
6411,2026-05-30 14:27:42.617662,2026/05/30 14:27:42.673,3,NVIDIA A100-SXM-64GB,144.15,48106,100
6412,2026-05-30 14:27:47.725621,2026/05/30 14:27:47.780,0,NVIDIA A100-SXM-64GB,182.76,48124,100
6413,2026-05-30 14:27:47.725621,2026/05/30 14:27:47.785,1,NVIDIA A100-SXM-64GB,195.86,48142,100
6414,2026-05-30 14:27:47.725621,2026/05/30 14:27:47.787,2,NVIDIA A100-SXM-64GB,164.96,48132,100
6415,2026-05-30 14:27:47.725621,2026/05/30 14:27:47.790,3,NVIDIA A100-SXM-64GB,173.99,48106,100
6416,2026-05-30 14:27:52.836475,2026/05/30 14:27:52.891,0,NVIDIA A100-SXM-64GB,177.55,48124,100
6417,2026-05-30 14:27:52.836475,2026/05/30 14:27:52.893,1,NVIDIA A100-SXM-64GB,159.90,48142,100
6418,2026-05-30 14:27:52.836475,2026/05/30 14:27:52.898,2,NVIDIA A100-SXM-64GB,148.41,48132,100
6419,2026-05-30 14:27:52.836475,2026/05/30 14:27:52.901,3,NVIDIA A100-SXM-64GB,175.10,48106,100
6420,2026-05-30 14:27:57.934903,2026/05/30 14:27:57.989,0,NVIDIA A100-SXM-64GB,190.98,48124,98
6421,2026-05-30 14:27:57.934903,2026/05/30 14:27:57.991,1,NVIDIA A100-SXM-64GB,133.27,48142,100
6422,2026-05-30 14:27:57.934903,2026/05/30 14:27:57.994,2,NVIDIA A100-SXM-64GB,183.32,48132,100
6423,2026-05-30 14:27:57.934903,2026/05/30 14:27:57.996,3,NVIDIA A100-SXM-64GB,129.11,48106,100
6424,2026-05-30 14:28:03.052616,2026/05/30 14:28:03.112,0,NVIDIA A100-SXM-64GB,194.12,48124,100
6425,2026-05-30 14:28:03.052616,2026/05/30 14:28:03.114,1,NVIDIA A100-SXM-64GB,218.00,48142,100
6426,2026-05-30 14:28:03.052616,2026/05/30 14:28:03.117,2,NVIDIA A100-SXM-64GB,137.09,48132,100
6427,2026-05-30 14:28:03.052616,2026/05/30 14:28:03.119,3,NVIDIA A100-SXM-64GB,219.11,48106,98
6428,2026-05-30 14:28:08.166899,2026/05/30 14:28:08.214,0,NVIDIA A100-SXM-64GB,137.61,48124,98
6429,2026-05-30 14:28:08.166899,2026/05/30 14:28:08.218,1,NVIDIA A100-SXM-64GB,130.39,48142,98
6430,2026-05-30 14:28:08.166899,2026/05/30 14:28:08.221,2,NVIDIA A100-SXM-64GB,141.98,48132,100
6431,2026-05-30 14:28:08.166899,2026/05/30 14:28:08.223,3,NVIDIA A100-SXM-64GB,135.08,48106,98
6432,2026-05-30 14:28:13.294616,2026/05/30 14:28:13.340,0,NVIDIA A100-SXM-64GB,130.58,48124,95
6433,2026-05-30 14:28:13.294616,2026/05/30 14:28:13.342,1,NVIDIA A100-SXM-64GB,132.00,48142,100
6434,2026-05-30 14:28:13.294616,2026/05/30 14:28:13.345,2,NVIDIA A100-SXM-64GB,193.51,48132,100
6435,2026-05-30 14:28:13.294616,2026/05/30 14:28:13.347,3,NVIDIA A100-SXM-64GB,168.82,48106,100
6436,2026-05-30 14:28:18.391526,2026/05/30 14:28:18.440,0,NVIDIA A100-SXM-64GB,150.10,48124,98
6437,2026-05-30 14:28:18.391526,2026/05/30 14:28:18.443,1,NVIDIA A100-SXM-64GB,152.26,48142,100
6438,2026-05-30 14:28:18.391526,2026/05/30 14:28:18.445,2,NVIDIA A100-SXM-64GB,142.32,48132,98
6439,2026-05-30 14:28:18.391526,2026/05/30 14:28:18.448,3,NVIDIA A100-SXM-64GB,114.68,48106,100
6440,2026-05-30 14:28:23.515619,2026/05/30 14:28:23.563,0,NVIDIA A100-SXM-64GB,152.56,48124,100
6441,2026-05-30 14:28:23.515619,2026/05/30 14:28:23.565,1,NVIDIA A100-SXM-64GB,160.67,48142,100
6442,2026-05-30 14:28:23.515619,2026/05/30 14:28:23.568,2,NVIDIA A100-SXM-64GB,193.84,48132,100
6443,2026-05-30 14:28:23.515619,2026/05/30 14:28:23.570,3,NVIDIA A100-SXM-64GB,155.61,48106,100
6444,2026-05-30 14:28:28.610114,2026/05/30 14:28:28.654,0,NVIDIA A100-SXM-64GB,135.74,48124,98
6445,2026-05-30 14:28:28.610114,2026/05/30 14:28:28.656,1,NVIDIA A100-SXM-64GB,132.94,48142,100
6446,2026-05-30 14:28:28.610114,2026/05/30 14:28:28.661,2,NVIDIA A100-SXM-64GB,129.72,48132,98
6447,2026-05-30 14:28:28.610114,2026/05/30 14:28:28.664,3,NVIDIA A100-SXM-64GB,100.58,48106,98
6448,2026-05-30 14:28:33.717612,2026/05/30 14:28:33.775,0,NVIDIA A100-SXM-64GB,146.75,48124,100
6449,2026-05-30 14:28:33.717612,2026/05/30 14:28:33.778,1,NVIDIA A100-SXM-64GB,131.40,48142,100
6450,2026-05-30 14:28:33.717612,2026/05/30 14:28:33.783,2,NVIDIA A100-SXM-64GB,203.95,48132,100
6451,2026-05-30 14:28:33.717612,2026/05/30 14:28:33.786,3,NVIDIA A100-SXM-64GB,148.90,48106,100
6452,2026-05-30 14:28:38.829288,2026/05/30 14:28:38.873,0,NVIDIA A100-SXM-64GB,112.07,48124,98
6453,2026-05-30 14:28:38.829288,2026/05/30 14:28:38.875,1,NVIDIA A100-SXM-64GB,117.04,48142,98
6454,2026-05-30 14:28:38.829288,2026/05/30 14:28:38.878,2,NVIDIA A100-SXM-64GB,136.48,48132,98
6455,2026-05-30 14:28:38.829288,2026/05/30 14:28:38.881,3,NVIDIA A100-SXM-64GB,130.65,48106,98
6456,2026-05-30 14:28:43.932629,2026/05/30 14:28:43.989,0,NVIDIA A100-SXM-64GB,218.54,48124,98
6457,2026-05-30 14:28:43.932629,2026/05/30 14:28:43.991,1,NVIDIA A100-SXM-64GB,216.36,48142,97
6458,2026-05-30 14:28:43.932629,2026/05/30 14:28:43.994,2,NVIDIA A100-SXM-64GB,151.77,48132,100
6459,2026-05-30 14:28:43.932629,2026/05/30 14:28:43.996,3,NVIDIA A100-SXM-64GB,126.96,48106,100
6460,2026-05-30 14:28:49.030016,2026/05/30 14:28:49.074,0,NVIDIA A100-SXM-64GB,146.43,48124,98
6461,2026-05-30 14:28:49.030016,2026/05/30 14:28:49.076,1,NVIDIA A100-SXM-64GB,146.27,48142,98
6462,2026-05-30 14:28:49.030016,2026/05/30 14:28:49.079,2,NVIDIA A100-SXM-64GB,148.14,48132,98
6463,2026-05-30 14:28:49.030016,2026/05/30 14:28:49.081,3,NVIDIA A100-SXM-64GB,135.22,48106,98
6464,2026-05-30 14:28:54.125527,2026/05/30 14:28:54.169,0,NVIDIA A100-SXM-64GB,135.60,48124,100
6465,2026-05-30 14:28:54.125527,2026/05/30 14:28:54.171,1,NVIDIA A100-SXM-64GB,137.10,48142,98
6466,2026-05-30 14:28:54.125527,2026/05/30 14:28:54.174,2,NVIDIA A100-SXM-64GB,194.92,48132,97
6467,2026-05-30 14:28:54.125527,2026/05/30 14:28:54.176,3,NVIDIA A100-SXM-64GB,233.47,48106,98
6468,2026-05-30 14:28:59.220313,2026/05/30 14:28:59.277,0,NVIDIA A100-SXM-64GB,169.93,48124,100
6469,2026-05-30 14:28:59.220313,2026/05/30 14:28:59.280,1,NVIDIA A100-SXM-64GB,165.40,48142,100
6470,2026-05-30 14:28:59.220313,2026/05/30 14:28:59.282,2,NVIDIA A100-SXM-64GB,185.13,48132,100
6471,2026-05-30 14:28:59.220313,2026/05/30 14:28:59.285,3,NVIDIA A100-SXM-64GB,150.59,48106,100
6472,2026-05-30 14:29:04.318167,2026/05/30 14:29:04.366,0,NVIDIA A100-SXM-64GB,147.69,48124,100
6473,2026-05-30 14:29:04.318167,2026/05/30 14:29:04.368,1,NVIDIA A100-SXM-64GB,163.09,48142,100
6474,2026-05-30 14:29:04.318167,2026/05/30 14:29:04.371,2,NVIDIA A100-SXM-64GB,115.77,48132,100
6475,2026-05-30 14:29:04.318167,2026/05/30 14:29:04.374,3,NVIDIA A100-SXM-64GB,172.17,48106,100
6476,2026-05-30 14:29:09.422527,2026/05/30 14:29:09.471,0,NVIDIA A100-SXM-64GB,158.32,48124,100
6477,2026-05-30 14:29:09.422527,2026/05/30 14:29:09.473,1,NVIDIA A100-SXM-64GB,145.82,48142,100
6478,2026-05-30 14:29:09.422527,2026/05/30 14:29:09.476,2,NVIDIA A100-SXM-64GB,168.65,48132,100
6479,2026-05-30 14:29:09.422527,2026/05/30 14:29:09.478,3,NVIDIA A100-SXM-64GB,181.96,48106,100
6480,2026-05-30 14:29:14.515257,2026/05/30 14:29:14.563,0,NVIDIA A100-SXM-64GB,181.83,48124,100
6481,2026-05-30 14:29:14.515257,2026/05/30 14:29:14.566,1,NVIDIA A100-SXM-64GB,155.61,48142,100
6482,2026-05-30 14:29:14.515257,2026/05/30 14:29:14.568,2,NVIDIA A100-SXM-64GB,151.77,48132,100
6483,2026-05-30 14:29:14.515257,2026/05/30 14:29:14.571,3,NVIDIA A100-SXM-64GB,140.46,48106,100
6484,2026-05-30 14:29:19.604616,2026/05/30 14:29:19.652,0,NVIDIA A100-SXM-64GB,150.43,48124,98
6485,2026-05-30 14:29:19.604616,2026/05/30 14:29:19.655,1,NVIDIA A100-SXM-64GB,165.84,48142,100
6486,2026-05-30 14:29:19.604616,2026/05/30 14:29:19.659,2,NVIDIA A100-SXM-64GB,139.84,48132,100
6487,2026-05-30 14:29:19.604616,2026/05/30 14:29:19.661,3,NVIDIA A100-SXM-64GB,130.32,48106,100
6488,2026-05-30 14:29:24.717339,2026/05/30 14:29:24.767,0,NVIDIA A100-SXM-64GB,147.18,48124,100
6489,2026-05-30 14:29:24.717339,2026/05/30 14:29:24.770,1,NVIDIA A100-SXM-64GB,155.34,48142,100
6490,2026-05-30 14:29:24.717339,2026/05/30 14:29:24.772,2,NVIDIA A100-SXM-64GB,157.32,48132,100
6491,2026-05-30 14:29:24.717339,2026/05/30 14:29:24.778,3,NVIDIA A100-SXM-64GB,155.49,48106,100
6492,2026-05-30 14:29:29.819447,2026/05/30 14:29:29.868,0,NVIDIA A100-SXM-64GB,147.69,48124,100
6493,2026-05-30 14:29:29.819447,2026/05/30 14:29:29.871,1,NVIDIA A100-SXM-64GB,145.49,48142,98
6494,2026-05-30 14:29:29.819447,2026/05/30 14:29:29.873,2,NVIDIA A100-SXM-64GB,143.53,48132,98
6495,2026-05-30 14:29:29.819447,2026/05/30 14:29:29.879,3,NVIDIA A100-SXM-64GB,130.93,48106,98
6496,2026-05-30 14:29:34.951618,2026/05/30 14:29:35.008,0,NVIDIA A100-SXM-64GB,140.76,48124,100
6497,2026-05-30 14:29:34.951618,2026/05/30 14:29:35.011,1,NVIDIA A100-SXM-64GB,134.62,48142,98
6498,2026-05-30 14:29:34.951618,2026/05/30 14:29:35.013,2,NVIDIA A100-SXM-64GB,189.75,48132,100
6499,2026-05-30 14:29:34.951618,2026/05/30 14:29:35.016,3,NVIDIA A100-SXM-64GB,220.87,48106,98
6500,2026-05-30 14:29:40.050192,2026/05/30 14:29:40.103,0,NVIDIA A100-SXM-64GB,126.71,48124,100
6501,2026-05-30 14:29:40.050192,2026/05/30 14:29:40.107,1,NVIDIA A100-SXM-64GB,190.22,48142,100
6502,2026-05-30 14:29:40.050192,2026/05/30 14:29:40.110,2,NVIDIA A100-SXM-64GB,167.71,48132,98
6503,2026-05-30 14:29:40.050192,2026/05/30 14:29:40.112,3,NVIDIA A100-SXM-64GB,206.06,48106,100
6504,2026-05-30 14:29:45.145939,2026/05/30 14:29:45.194,0,NVIDIA A100-SXM-64GB,146.30,48124,100
6505,2026-05-30 14:29:45.145939,2026/05/30 14:29:45.196,1,NVIDIA A100-SXM-64GB,156.22,48142,100
6506,2026-05-30 14:29:45.145939,2026/05/30 14:29:45.199,2,NVIDIA A100-SXM-64GB,120.40,48132,100
6507,2026-05-30 14:29:45.145939,2026/05/30 14:29:45.203,3,NVIDIA A100-SXM-64GB,154.55,48106,100
6508,2026-05-30 14:29:50.251780,2026/05/30 14:29:50.299,0,NVIDIA A100-SXM-64GB,148.57,48124,98
6509,2026-05-30 14:29:50.251780,2026/05/30 14:29:50.302,1,NVIDIA A100-SXM-64GB,152.86,48142,100
6510,2026-05-30 14:29:50.251780,2026/05/30 14:29:50.304,2,NVIDIA A100-SXM-64GB,146.27,48132,98
6511,2026-05-30 14:29:50.251780,2026/05/30 14:29:50.307,3,NVIDIA A100-SXM-64GB,139.52,48106,100
6512,2026-05-30 14:29:55.358525,2026/05/30 14:29:55.407,0,NVIDIA A100-SXM-64GB,150.58,48124,100
6513,2026-05-30 14:29:55.358525,2026/05/30 14:29:55.411,1,NVIDIA A100-SXM-64GB,158.09,48142,100
6514,2026-05-30 14:29:55.358525,2026/05/30 14:29:55.414,2,NVIDIA A100-SXM-64GB,164.63,48132,100
6515,2026-05-30 14:29:55.358525,2026/05/30 14:29:55.416,3,NVIDIA A100-SXM-64GB,153.01,48106,100
6516,2026-05-30 14:30:00.487614,2026/05/30 14:30:00.540,0,NVIDIA A100-SXM-64GB,181.41,48124,100
6517,2026-05-30 14:30:00.487614,2026/05/30 14:30:00.542,1,NVIDIA A100-SXM-64GB,171.57,48142,100
6518,2026-05-30 14:30:00.487614,2026/05/30 14:30:00.545,2,NVIDIA A100-SXM-64GB,168.15,48132,100
6519,2026-05-30 14:30:00.487614,2026/05/30 14:30:00.547,3,NVIDIA A100-SXM-64GB,153.62,48106,100
6520,2026-05-30 14:30:05.591686,2026/05/30 14:30:05.636,0,NVIDIA A100-SXM-64GB,147.84,48124,100
6521,2026-05-30 14:30:05.591686,2026/05/30 14:30:05.638,1,NVIDIA A100-SXM-64GB,147.63,48142,100
6522,2026-05-30 14:30:05.591686,2026/05/30 14:30:05.641,2,NVIDIA A100-SXM-64GB,173.81,48132,100
6523,2026-05-30 14:30:05.591686,2026/05/30 14:30:05.644,3,NVIDIA A100-SXM-64GB,141.67,48106,100
6524,2026-05-30 14:30:10.689463,2026/05/30 14:30:10.737,0,NVIDIA A100-SXM-64GB,170.87,48124,100
6525,2026-05-30 14:30:10.689463,2026/05/30 14:30:10.741,1,NVIDIA A100-SXM-64GB,188.82,48142,100
6526,2026-05-30 14:30:10.689463,2026/05/30 14:30:10.744,2,NVIDIA A100-SXM-64GB,189.56,48132,100
6527,2026-05-30 14:30:10.689463,2026/05/30 14:30:10.746,3,NVIDIA A100-SXM-64GB,182.57,48106,100
6528,2026-05-30 14:30:15.782464,2026/05/30 14:30:15.831,0,NVIDIA A100-SXM-64GB,171.47,48124,100
6529,2026-05-30 14:30:15.782464,2026/05/30 14:30:15.836,1,NVIDIA A100-SXM-64GB,158.69,48142,100
6530,2026-05-30 14:30:15.782464,2026/05/30 14:30:15.838,2,NVIDIA A100-SXM-64GB,144.46,48132,100
6531,2026-05-30 14:30:15.782464,2026/05/30 14:30:15.841,3,NVIDIA A100-SXM-64GB,134.95,48106,100
6532,2026-05-30 14:30:20.910411,2026/05/30 14:30:20.958,0,NVIDIA A100-SXM-64GB,141.88,48124,98
6533,2026-05-30 14:30:20.910411,2026/05/30 14:30:20.962,1,NVIDIA A100-SXM-64GB,122.81,48142,100
6534,2026-05-30 14:30:20.910411,2026/05/30 14:30:20.964,2,NVIDIA A100-SXM-64GB,123.62,48132,100
6535,2026-05-30 14:30:20.910411,2026/05/30 14:30:20.967,3,NVIDIA A100-SXM-64GB,134.29,48106,98
6536,2026-05-30 14:30:26.039022,2026/05/30 14:30:26.083,0,NVIDIA A100-SXM-64GB,135.14,48124,100
6537,2026-05-30 14:30:26.039022,2026/05/30 14:30:26.085,1,NVIDIA A100-SXM-64GB,129.85,48142,98
6538,2026-05-30 14:30:26.039022,2026/05/30 14:30:26.088,2,NVIDIA A100-SXM-64GB,131.27,48132,98
6539,2026-05-30 14:30:26.039022,2026/05/30 14:30:26.090,3,NVIDIA A100-SXM-64GB,205.85,48106,100
6540,2026-05-30 14:30:31.123924,2026/05/30 14:30:31.168,0,NVIDIA A100-SXM-64GB,146.90,48124,100
6541,2026-05-30 14:30:31.123924,2026/05/30 14:30:31.170,1,NVIDIA A100-SXM-64GB,140.59,48142,100
6542,2026-05-30 14:30:31.123924,2026/05/30 14:30:31.175,2,NVIDIA A100-SXM-64GB,139.05,48132,100
6543,2026-05-30 14:30:31.123924,2026/05/30 14:30:31.177,3,NVIDIA A100-SXM-64GB,112.32,48106,98
6544,2026-05-30 14:30:36.224527,2026/05/30 14:30:36.269,0,NVIDIA A100-SXM-64GB,126.44,48124,99
6545,2026-05-30 14:30:36.224527,2026/05/30 14:30:36.271,1,NVIDIA A100-SXM-64GB,150.43,48142,97
6546,2026-05-30 14:30:36.224527,2026/05/30 14:30:36.277,2,NVIDIA A100-SXM-64GB,132.67,48132,97
6547,2026-05-30 14:30:36.224527,2026/05/30 14:30:36.280,3,NVIDIA A100-SXM-64GB,141.34,48106,100
6548,2026-05-30 14:30:41.315382,2026/05/30 14:30:41.364,0,NVIDIA A100-SXM-64GB,178.48,48124,100
6549,2026-05-30 14:30:41.315382,2026/05/30 14:30:41.367,1,NVIDIA A100-SXM-64GB,193.43,48142,100
6550,2026-05-30 14:30:41.315382,2026/05/30 14:30:41.369,2,NVIDIA A100-SXM-64GB,189.42,48132,100
6551,2026-05-30 14:30:41.315382,2026/05/30 14:30:41.372,3,NVIDIA A100-SXM-64GB,167.55,48106,100
6552,2026-05-30 14:30:46.414261,2026/05/30 14:30:46.462,0,NVIDIA A100-SXM-64GB,166.76,48124,99
6553,2026-05-30 14:30:46.414261,2026/05/30 14:30:46.465,1,NVIDIA A100-SXM-64GB,170.63,48142,100
6554,2026-05-30 14:30:46.414261,2026/05/30 14:30:46.467,2,NVIDIA A100-SXM-64GB,167.38,48132,100
6555,2026-05-30 14:30:46.414261,2026/05/30 14:30:46.470,3,NVIDIA A100-SXM-64GB,146.90,48106,100
6556,2026-05-30 14:30:51.521668,2026/05/30 14:30:51.579,0,NVIDIA A100-SXM-64GB,180.21,48124,100
6557,2026-05-30 14:30:51.521668,2026/05/30 14:30:51.584,1,NVIDIA A100-SXM-64GB,195.77,48142,100
6558,2026-05-30 14:30:51.521668,2026/05/30 14:30:51.587,2,NVIDIA A100-SXM-64GB,183.93,48132,100
6559,2026-05-30 14:30:51.521668,2026/05/30 14:30:51.589,3,NVIDIA A100-SXM-64GB,176.04,48106,100
6560,2026-05-30 14:30:56.660176,2026/05/30 14:30:56.704,0,NVIDIA A100-SXM-64GB,119.82,48124,97
6561,2026-05-30 14:30:56.660176,2026/05/30 14:30:56.706,1,NVIDIA A100-SXM-64GB,145.96,48142,97
6562,2026-05-30 14:30:56.660176,2026/05/30 14:30:56.709,2,NVIDIA A100-SXM-64GB,148.57,48132,97
6563,2026-05-30 14:30:56.660176,2026/05/30 14:30:56.715,3,NVIDIA A100-SXM-64GB,133.41,48106,97
6564,2026-05-30 14:31:01.772615,2026/05/30 14:31:01.821,0,NVIDIA A100-SXM-64GB,183.55,48124,100
6565,2026-05-30 14:31:01.772615,2026/05/30 14:31:01.824,1,NVIDIA A100-SXM-64GB,182.30,48142,100
6566,2026-05-30 14:31:01.772615,2026/05/30 14:31:01.827,2,NVIDIA A100-SXM-64GB,171.57,48132,100
6567,2026-05-30 14:31:01.772615,2026/05/30 14:31:01.830,3,NVIDIA A100-SXM-64GB,180.61,48106,100
6568,2026-05-30 14:31:06.875812,2026/05/30 14:31:06.924,0,NVIDIA A100-SXM-64GB,178.94,48124,100
6569,2026-05-30 14:31:06.875812,2026/05/30 14:31:06.927,1,NVIDIA A100-SXM-64GB,185.24,48142,100
6570,2026-05-30 14:31:06.875812,2026/05/30 14:31:06.929,2,NVIDIA A100-SXM-64GB,162.99,48132,100
6571,2026-05-30 14:31:06.875812,2026/05/30 14:31:06.935,3,NVIDIA A100-SXM-64GB,159.46,48106,100
6572,2026-05-30 14:31:12.008616,2026/05/30 14:31:12.050,0,NVIDIA A100-SXM-64GB,126.24,48124,100
6573,2026-05-30 14:31:12.008616,2026/05/30 14:31:12.052,1,NVIDIA A100-SXM-64GB,138.59,48142,100
6574,2026-05-30 14:31:12.008616,2026/05/30 14:31:12.057,2,NVIDIA A100-SXM-64GB,134.29,48132,98
6575,2026-05-30 14:31:12.008616,2026/05/30 14:31:12.059,3,NVIDIA A100-SXM-64GB,161.60,48106,100
6576,2026-05-30 14:31:17.103718,2026/05/30 14:31:17.148,0,NVIDIA A100-SXM-64GB,163.69,48124,100
6577,2026-05-30 14:31:17.103718,2026/05/30 14:31:17.154,1,NVIDIA A100-SXM-64GB,164.70,48142,100
6578,2026-05-30 14:31:17.103718,2026/05/30 14:31:17.157,2,NVIDIA A100-SXM-64GB,159.90,48132,100
6579,2026-05-30 14:31:17.103718,2026/05/30 14:31:17.159,3,NVIDIA A100-SXM-64GB,152.84,48106,100
6580,2026-05-30 14:31:22.212178,2026/05/30 14:31:22.256,0,NVIDIA A100-SXM-64GB,138.16,48124,98
6581,2026-05-30 14:31:22.212178,2026/05/30 14:31:22.258,1,NVIDIA A100-SXM-64GB,121.58,48142,100
6582,2026-05-30 14:31:22.212178,2026/05/30 14:31:22.261,2,NVIDIA A100-SXM-64GB,139.52,48132,100
6583,2026-05-30 14:31:22.212178,2026/05/30 14:31:22.263,3,NVIDIA A100-SXM-64GB,112.04,48106,98
6584,2026-05-30 14:31:27.308230,2026/05/30 14:31:27.355,0,NVIDIA A100-SXM-64GB,138.62,48124,100
6585,2026-05-30 14:31:27.308230,2026/05/30 14:31:27.358,1,NVIDIA A100-SXM-64GB,140.59,48142,98
6586,2026-05-30 14:31:27.308230,2026/05/30 14:31:27.363,2,NVIDIA A100-SXM-64GB,139.71,48132,98
6587,2026-05-30 14:31:27.308230,2026/05/30 14:31:27.366,3,NVIDIA A100-SXM-64GB,130.65,48106,98
6588,2026-05-30 14:31:32.423322,2026/05/30 14:31:32.471,0,NVIDIA A100-SXM-64GB,147.69,48124,100
6589,2026-05-30 14:31:32.423322,2026/05/30 14:31:32.474,1,NVIDIA A100-SXM-64GB,126.83,48142,100
6590,2026-05-30 14:31:32.423322,2026/05/30 14:31:32.476,2,NVIDIA A100-SXM-64GB,152.37,48132,100
6591,2026-05-30 14:31:32.423322,2026/05/30 14:31:32.479,3,NVIDIA A100-SXM-64GB,131.54,48106,99
6592,2026-05-30 14:31:37.555616,2026/05/30 14:31:37.600,0,NVIDIA A100-SXM-64GB,147.02,48124,98
6593,2026-05-30 14:31:37.555616,2026/05/30 14:31:37.602,1,NVIDIA A100-SXM-64GB,149.62,48142,100
6594,2026-05-30 14:31:37.555616,2026/05/30 14:31:37.607,2,NVIDIA A100-SXM-64GB,150.56,48132,100
6595,2026-05-30 14:31:37.555616,2026/05/30 14:31:37.610,3,NVIDIA A100-SXM-64GB,142.46,48106,98
6596,2026-05-30 14:31:42.664612,2026/05/30 14:31:42.712,0,NVIDIA A100-SXM-64GB,159.14,48124,100
6597,2026-05-30 14:31:42.664612,2026/05/30 14:31:42.714,1,NVIDIA A100-SXM-64GB,155.34,48142,100
6598,2026-05-30 14:31:42.664612,2026/05/30 14:31:42.717,2,NVIDIA A100-SXM-64GB,165.57,48132,100
6599,2026-05-30 14:31:42.664612,2026/05/30 14:31:42.736,3,NVIDIA A100-SXM-64GB,171.57,48106,100
6600,2026-05-30 14:31:47.789900,2026/05/30 14:31:47.834,0,NVIDIA A100-SXM-64GB,146.30,48124,100
6601,2026-05-30 14:31:47.789900,2026/05/30 14:31:47.836,1,NVIDIA A100-SXM-64GB,150.11,48142,98
6602,2026-05-30 14:31:47.789900,2026/05/30 14:31:47.839,2,NVIDIA A100-SXM-64GB,135.08,48132,98
6603,2026-05-30 14:31:47.789900,2026/05/30 14:31:47.842,3,NVIDIA A100-SXM-64GB,144.15,48106,100
6604,2026-05-30 14:31:52.888581,2026/05/30 14:31:52.932,0,NVIDIA A100-SXM-64GB,142.48,48124,98
6605,2026-05-30 14:31:52.888581,2026/05/30 14:31:52.934,1,NVIDIA A100-SXM-64GB,153.19,48142,98
6606,2026-05-30 14:31:52.888581,2026/05/30 14:31:52.937,2,NVIDIA A100-SXM-64GB,141.71,48132,98
6607,2026-05-30 14:31:52.888581,2026/05/30 14:31:52.939,3,NVIDIA A100-SXM-64GB,138.59,48106,98
6608,2026-05-30 14:31:57.973194,2026/05/30 14:31:58.015,0,NVIDIA A100-SXM-64GB,132.73,48124,100
6609,2026-05-30 14:31:57.973194,2026/05/30 14:31:58.022,1,NVIDIA A100-SXM-64GB,178.70,48142,100
6610,2026-05-30 14:31:57.973194,2026/05/30 14:31:58.024,2,NVIDIA A100-SXM-64GB,144.46,48132,100
6611,2026-05-30 14:31:57.973194,2026/05/30 14:31:58.027,3,NVIDIA A100-SXM-64GB,144.88,48106,100
6612,2026-05-30 14:32:03.076171,2026/05/30 14:32:03.136,0,NVIDIA A100-SXM-64GB,191.91,48124,100
6613,2026-05-30 14:32:03.076171,2026/05/30 14:32:03.138,1,NVIDIA A100-SXM-64GB,154.07,48142,98
6614,2026-05-30 14:32:03.076171,2026/05/30 14:32:03.141,2,NVIDIA A100-SXM-64GB,172.27,48132,98
6615,2026-05-30 14:32:03.076171,2026/05/30 14:32:03.143,3,NVIDIA A100-SXM-64GB,141.85,48106,98
6616,2026-05-30 14:32:08.203285,2026/05/30 14:32:08.262,0,NVIDIA A100-SXM-64GB,136.06,48124,100
6617,2026-05-30 14:32:08.203285,2026/05/30 14:32:08.264,1,NVIDIA A100-SXM-64GB,150.72,48142,100
6618,2026-05-30 14:32:08.203285,2026/05/30 14:32:08.267,2,NVIDIA A100-SXM-64GB,164.36,48132,100
6619,2026-05-30 14:32:08.203285,2026/05/30 14:32:08.269,3,NVIDIA A100-SXM-64GB,147.96,48106,100
6620,2026-05-30 14:32:13.303594,2026/05/30 14:32:13.348,0,NVIDIA A100-SXM-64GB,143.09,48124,100
6621,2026-05-30 14:32:13.303594,2026/05/30 14:32:13.350,1,NVIDIA A100-SXM-64GB,143.67,48142,98
6622,2026-05-30 14:32:13.303594,2026/05/30 14:32:13.353,2,NVIDIA A100-SXM-64GB,150.28,48132,98
6623,2026-05-30 14:32:13.303594,2026/05/30 14:32:13.357,3,NVIDIA A100-SXM-64GB,134.15,48106,98
6624,2026-05-30 14:32:18.402374,2026/05/30 14:32:18.453,0,NVIDIA A100-SXM-64GB,137.14,48124,100
6625,2026-05-30 14:32:18.402374,2026/05/30 14:32:18.456,1,NVIDIA A100-SXM-64GB,163.59,48142,100
6626,2026-05-30 14:32:18.402374,2026/05/30 14:32:18.461,2,NVIDIA A100-SXM-64GB,135.88,48132,100
6627,2026-05-30 14:32:18.402374,2026/05/30 14:32:18.463,3,NVIDIA A100-SXM-64GB,146.90,48106,100
6628,2026-05-30 14:32:23.535613,2026/05/30 14:32:23.579,0,NVIDIA A100-SXM-64GB,146.15,48124,98
6629,2026-05-30 14:32:23.535613,2026/05/30 14:32:23.584,1,NVIDIA A100-SXM-64GB,148.57,48142,100
6630,2026-05-30 14:32:23.535613,2026/05/30 14:32:23.587,2,NVIDIA A100-SXM-64GB,141.98,48132,98
6631,2026-05-30 14:32:23.535613,2026/05/30 14:32:23.589,3,NVIDIA A100-SXM-64GB,144.75,48106,98
6632,2026-05-30 14:32:28.634332,2026/05/30 14:32:28.681,0,NVIDIA A100-SXM-64GB,135.28,48124,98
6633,2026-05-30 14:32:28.634332,2026/05/30 14:32:28.687,1,NVIDIA A100-SXM-64GB,153.19,48142,98
6634,2026-05-30 14:32:28.634332,2026/05/30 14:32:28.692,2,NVIDIA A100-SXM-64GB,143.06,48132,100
6635,2026-05-30 14:32:28.634332,2026/05/30 14:32:28.708,3,NVIDIA A100-SXM-64GB,141.34,48106,100
6636,2026-05-30 14:32:33.772619,2026/05/30 14:32:33.823,0,NVIDIA A100-SXM-64GB,147.96,48124,100
6637,2026-05-30 14:32:33.772619,2026/05/30 14:32:33.826,1,NVIDIA A100-SXM-64GB,155.61,48142,100
6638,2026-05-30 14:32:33.772619,2026/05/30 14:32:33.828,2,NVIDIA A100-SXM-64GB,143.34,48132,100
6639,2026-05-30 14:32:33.772619,2026/05/30 14:32:33.831,3,NVIDIA A100-SXM-64GB,164.80,48106,100
6640,2026-05-30 14:32:38.896618,2026/05/30 14:32:38.941,0,NVIDIA A100-SXM-64GB,149.16,48124,100
6641,2026-05-30 14:32:38.896618,2026/05/30 14:32:38.943,1,NVIDIA A100-SXM-64GB,150.43,48142,100
6642,2026-05-30 14:32:38.896618,2026/05/30 14:32:38.946,2,NVIDIA A100-SXM-64GB,151.16,48132,98
6643,2026-05-30 14:32:38.896618,2026/05/30 14:32:38.948,3,NVIDIA A100-SXM-64GB,142.46,48106,98
6644,2026-05-30 14:32:43.995912,2026/05/30 14:32:44.044,0,NVIDIA A100-SXM-64GB,148.89,48124,100
6645,2026-05-30 14:32:43.995912,2026/05/30 14:32:44.047,1,NVIDIA A100-SXM-64GB,165.23,48142,100
6646,2026-05-30 14:32:43.995912,2026/05/30 14:32:44.049,2,NVIDIA A100-SXM-64GB,155.45,48132,100
6647,2026-05-30 14:32:43.995912,2026/05/30 14:32:44.052,3,NVIDIA A100-SXM-64GB,161.78,48106,100
6648,2026-05-30 14:32:49.124628,2026/05/30 14:32:49.164,0,NVIDIA A100-SXM-64GB,88.63,48124,72
6649,2026-05-30 14:32:49.124628,2026/05/30 14:32:49.167,1,NVIDIA A100-SXM-64GB,87.69,48142,6
6650,2026-05-30 14:32:49.124628,2026/05/30 14:32:49.171,2,NVIDIA A100-SXM-64GB,88.81,48132,29
6651,2026-05-30 14:32:49.124628,2026/05/30 14:32:49.174,3,NVIDIA A100-SXM-64GB,83.81,48106,30
6652,2026-05-30 14:32:54.234888,2026/05/30 14:32:54.282,0,NVIDIA A100-SXM-64GB,145.54,48124,100
6653,2026-05-30 14:32:54.234888,2026/05/30 14:32:54.285,1,NVIDIA A100-SXM-64GB,152.86,48142,98
6654,2026-05-30 14:32:54.234888,2026/05/30 14:32:54.287,2,NVIDIA A100-SXM-64GB,149.02,48132,98
6655,2026-05-30 14:32:54.234888,2026/05/30 14:32:54.290,3,NVIDIA A100-SXM-64GB,141.67,48106,98
6656,2026-05-30 14:32:59.338785,2026/05/30 14:32:59.386,0,NVIDIA A100-SXM-64GB,133.74,48124,100
6657,2026-05-30 14:32:59.338785,2026/05/30 14:32:59.389,1,NVIDIA A100-SXM-64GB,141.52,48142,100
6658,2026-05-30 14:32:59.338785,2026/05/30 14:32:59.391,2,NVIDIA A100-SXM-64GB,142.32,48132,98
6659,2026-05-30 14:32:59.338785,2026/05/30 14:32:59.394,3,NVIDIA A100-SXM-64GB,132.80,48106,98
6660,2026-05-30 14:33:04.449934,2026/05/30 14:33:04.497,0,NVIDIA A100-SXM-64GB,143.41,48124,98
6661,2026-05-30 14:33:04.449934,2026/05/30 14:33:04.500,1,NVIDIA A100-SXM-64GB,151.32,48142,100
6662,2026-05-30 14:33:04.449934,2026/05/30 14:33:04.502,2,NVIDIA A100-SXM-64GB,137.23,48132,99
6663,2026-05-30 14:33:04.449934,2026/05/30 14:33:04.505,3,NVIDIA A100-SXM-64GB,141.67,48106,100
6664,2026-05-30 14:33:09.566007,2026/05/30 14:33:09.613,0,NVIDIA A100-SXM-64GB,139.88,48124,98
6665,2026-05-30 14:33:09.566007,2026/05/30 14:33:09.616,1,NVIDIA A100-SXM-64GB,153.19,48142,100
6666,2026-05-30 14:33:09.566007,2026/05/30 14:33:09.620,2,NVIDIA A100-SXM-64GB,137.56,48132,100
6667,2026-05-30 14:33:09.566007,2026/05/30 14:33:09.622,3,NVIDIA A100-SXM-64GB,139.71,48106,100
6668,2026-05-30 14:33:14.683618,2026/05/30 14:33:14.731,0,NVIDIA A100-SXM-64GB,148.11,48124,98
6669,2026-05-30 14:33:14.683618,2026/05/30 14:33:14.736,1,NVIDIA A100-SXM-64GB,154.07,48142,98
6670,2026-05-30 14:33:14.683618,2026/05/30 14:33:14.742,2,NVIDIA A100-SXM-64GB,145.21,48132,100
6671,2026-05-30 14:33:14.683618,2026/05/30 14:33:14.757,3,NVIDIA A100-SXM-64GB,158.25,48106,100
6672,2026-05-30 14:33:19.819618,2026/05/30 14:33:19.868,0,NVIDIA A100-SXM-64GB,145.82,48124,98
6673,2026-05-30 14:33:19.819618,2026/05/30 14:33:19.871,1,NVIDIA A100-SXM-64GB,151.49,48142,98
6674,2026-05-30 14:33:19.819618,2026/05/30 14:33:19.873,2,NVIDIA A100-SXM-64GB,149.02,48132,98
6675,2026-05-30 14:33:19.819618,2026/05/30 14:33:19.876,3,NVIDIA A100-SXM-64GB,140.92,48106,98
6676,2026-05-30 14:33:24.945617,2026/05/30 14:33:24.990,0,NVIDIA A100-SXM-64GB,144.89,48124,98
6677,2026-05-30 14:33:24.945617,2026/05/30 14:33:24.992,1,NVIDIA A100-SXM-64GB,150.72,48142,100
6678,2026-05-30 14:33:24.945617,2026/05/30 14:33:24.995,2,NVIDIA A100-SXM-64GB,151.77,48132,98
6679,2026-05-30 14:33:24.945617,2026/05/30 14:33:25.000,3,NVIDIA A100-SXM-64GB,139.38,48106,98
6680,2026-05-30 14:33:30.060974,2026/05/30 14:33:30.126,0,NVIDIA A100-SXM-64GB,118.16,48124,98
6681,2026-05-30 14:33:30.060974,2026/05/30 14:33:30.128,1,NVIDIA A100-SXM-64GB,124.69,48142,100
6682,2026-05-30 14:33:30.060974,2026/05/30 14:33:30.134,2,NVIDIA A100-SXM-64GB,117.92,48132,100
6683,2026-05-30 14:33:30.060974,2026/05/30 14:33:30.139,3,NVIDIA A100-SXM-64GB,120.52,48106,100
6684,2026-05-30 14:33:35.173842,2026/05/30 14:33:35.217,0,NVIDIA A100-SXM-64GB,144.89,48124,98
6685,2026-05-30 14:33:35.173842,2026/05/30 14:33:35.222,1,NVIDIA A100-SXM-64GB,148.29,48142,98
6686,2026-05-30 14:33:35.173842,2026/05/30 14:33:35.224,2,NVIDIA A100-SXM-64GB,149.95,48132,98
6687,2026-05-30 14:33:35.173842,2026/05/30 14:33:35.227,3,NVIDIA A100-SXM-64GB,134.29,48106,98
6688,2026-05-30 14:33:40.287122,2026/05/30 14:33:40.338,0,NVIDIA A100-SXM-64GB,140.01,48124,100
6689,2026-05-30 14:33:40.287122,2026/05/30 14:33:40.345,1,NVIDIA A100-SXM-64GB,143.67,48142,100
6690,2026-05-30 14:33:40.287122,2026/05/30 14:33:40.347,2,NVIDIA A100-SXM-64GB,142.32,48132,98
6691,2026-05-30 14:33:40.287122,2026/05/30 14:33:40.350,3,NVIDIA A100-SXM-64GB,147.03,48106,98
6692,2026-05-30 14:33:45.423146,2026/05/30 14:33:45.478,0,NVIDIA A100-SXM-64GB,178.58,48124,100
6693,2026-05-30 14:33:45.423146,2026/05/30 14:33:45.484,1,NVIDIA A100-SXM-64GB,191.90,48142,100
6694,2026-05-30 14:33:45.423146,2026/05/30 14:33:45.492,2,NVIDIA A100-SXM-64GB,180.66,48132,100
6695,2026-05-30 14:33:45.423146,2026/05/30 14:33:45.514,3,NVIDIA A100-SXM-64GB,145.96,48106,100
6696,2026-05-30 14:33:50.583212,2026/05/30 14:33:50.631,0,NVIDIA A100-SXM-64GB,139.41,48124,100
6697,2026-05-30 14:33:50.583212,2026/05/30 14:33:50.634,1,NVIDIA A100-SXM-64GB,144.60,48142,100
6698,2026-05-30 14:33:50.583212,2026/05/30 14:33:50.636,2,NVIDIA A100-SXM-64GB,139.57,48132,98
6699,2026-05-30 14:33:50.583212,2026/05/30 14:33:50.639,3,NVIDIA A100-SXM-64GB,136.16,48106,98
6700,2026-05-30 14:33:55.708619,2026/05/30 14:33:55.768,0,NVIDIA A100-SXM-64GB,169.93,48124,100
6701,2026-05-30 14:33:55.708619,2026/05/30 14:33:55.770,1,NVIDIA A100-SXM-64GB,173.21,48142,100
6702,2026-05-30 14:33:55.708619,2026/05/30 14:33:55.773,2,NVIDIA A100-SXM-64GB,159.46,48132,100
6703,2026-05-30 14:33:55.708619,2026/05/30 14:33:55.775,3,NVIDIA A100-SXM-64GB,164.80,48106,100
6704,2026-05-30 14:34:00.831138,2026/05/30 14:34:00.878,0,NVIDIA A100-SXM-64GB,170.26,48124,100
6705,2026-05-30 14:34:00.831138,2026/05/30 14:34:00.881,1,NVIDIA A100-SXM-64GB,189.42,48142,100
6706,2026-05-30 14:34:00.831138,2026/05/30 14:34:00.884,2,NVIDIA A100-SXM-64GB,179.64,48132,100
6707,2026-05-30 14:34:00.831138,2026/05/30 14:34:00.886,3,NVIDIA A100-SXM-64GB,166.01,48106,100
6708,2026-05-30 14:34:05.961319,2026/05/30 14:34:06.005,0,NVIDIA A100-SXM-64GB,134.53,48124,100
6709,2026-05-30 14:34:05.961319,2026/05/30 14:34:06.008,1,NVIDIA A100-SXM-64GB,171.99,48142,100
6710,2026-05-30 14:34:05.961319,2026/05/30 14:34:06.010,2,NVIDIA A100-SXM-64GB,130.39,48132,100
6711,2026-05-30 14:34:05.961319,2026/05/30 14:34:06.013,3,NVIDIA A100-SXM-64GB,128.50,48106,100
6712,2026-05-30 14:34:11.070337,2026/05/30 14:34:11.117,0,NVIDIA A100-SXM-64GB,160.45,48124,100
6713,2026-05-30 14:34:11.070337,2026/05/30 14:34:11.122,1,NVIDIA A100-SXM-64GB,170.96,48142,100
6714,2026-05-30 14:34:11.070337,2026/05/30 14:34:11.125,2,NVIDIA A100-SXM-64GB,172.93,48132,100
6715,2026-05-30 14:34:11.070337,2026/05/30 14:34:11.128,3,NVIDIA A100-SXM-64GB,163.26,48106,100
6716,2026-05-30 14:34:16.197980,2026/05/30 14:34:16.266,0,NVIDIA A100-SXM-64GB,167.19,48124,100
6717,2026-05-30 14:34:16.197980,2026/05/30 14:34:16.268,1,NVIDIA A100-SXM-64GB,171.67,48142,100
6718,2026-05-30 14:34:16.197980,2026/05/30 14:34:16.271,2,NVIDIA A100-SXM-64GB,161.27,48132,100
6719,2026-05-30 14:34:16.197980,2026/05/30 14:34:16.273,3,NVIDIA A100-SXM-64GB,159.63,48106,100
6720,2026-05-30 14:34:21.316964,2026/05/30 14:34:21.361,0,NVIDIA A100-SXM-64GB,142.75,48124,98
6721,2026-05-30 14:34:21.316964,2026/05/30 14:34:21.365,1,NVIDIA A100-SXM-64GB,142.74,48142,98
6722,2026-05-30 14:34:21.316964,2026/05/30 14:34:21.369,2,NVIDIA A100-SXM-64GB,141.71,48132,98
6723,2026-05-30 14:34:21.316964,2026/05/30 14:34:21.372,3,NVIDIA A100-SXM-64GB,134.29,48106,98
6724,2026-05-30 14:34:26.418254,2026/05/30 14:34:26.457,0,NVIDIA A100-SXM-64GB,132.73,48124,98
6725,2026-05-30 14:34:26.418254,2026/05/30 14:34:26.459,1,NVIDIA A100-SXM-64GB,130.19,48142,100
6726,2026-05-30 14:34:26.418254,2026/05/30 14:34:26.462,2,NVIDIA A100-SXM-64GB,134.02,48132,97
6727,2026-05-30 14:34:26.418254,2026/05/30 14:34:26.464,3,NVIDIA A100-SXM-64GB,127.84,48106,97
6728,2026-05-30 14:34:31.509798,2026/05/30 14:34:31.553,0,NVIDIA A100-SXM-64GB,143.83,48124,98
6729,2026-05-30 14:34:31.509798,2026/05/30 14:34:31.555,1,NVIDIA A100-SXM-64GB,147.03,48142,98
6730,2026-05-30 14:34:31.509798,2026/05/30 14:34:31.558,2,NVIDIA A100-SXM-64GB,138.45,48132,100
6731,2026-05-30 14:34:31.509798,2026/05/30 14:34:31.563,3,NVIDIA A100-SXM-64GB,183.36,48106,100
6732,2026-05-30 14:34:36.622615,2026/05/30 14:34:36.666,0,NVIDIA A100-SXM-64GB,220.57,48124,97
6733,2026-05-30 14:34:36.622615,2026/05/30 14:34:36.668,1,NVIDIA A100-SXM-64GB,161.11,48142,98
6734,2026-05-30 14:34:36.622615,2026/05/30 14:34:36.673,2,NVIDIA A100-SXM-64GB,218.50,48132,100
6735,2026-05-30 14:34:36.622615,2026/05/30 14:34:36.676,3,NVIDIA A100-SXM-64GB,220.60,48106,100
6736,2026-05-30 14:34:41.726615,2026/05/30 14:34:41.782,0,NVIDIA A100-SXM-64GB,139.55,48124,100
6737,2026-05-30 14:34:41.726615,2026/05/30 14:34:41.788,1,NVIDIA A100-SXM-64GB,130.32,48142,98
6738,2026-05-30 14:34:41.726615,2026/05/30 14:34:41.791,2,NVIDIA A100-SXM-64GB,143.67,48132,100
6739,2026-05-30 14:34:41.726615,2026/05/30 14:34:41.793,3,NVIDIA A100-SXM-64GB,128.50,48106,100
6740,2026-05-30 14:34:46.868655,2026/05/30 14:34:46.908,0,NVIDIA A100-SXM-64GB,220.34,48124,97
6741,2026-05-30 14:34:46.868655,2026/05/30 14:34:46.912,1,NVIDIA A100-SXM-64GB,146.43,48142,97
6742,2026-05-30 14:34:46.868655,2026/05/30 14:34:46.914,2,NVIDIA A100-SXM-64GB,206.69,48132,100
6743,2026-05-30 14:34:46.868655,2026/05/30 14:34:46.918,3,NVIDIA A100-SXM-64GB,221.47,48106,100
6744,2026-05-30 14:34:51.954747,2026/05/30 14:34:52.000,0,NVIDIA A100-SXM-64GB,142.75,48124,100
6745,2026-05-30 14:34:51.954747,2026/05/30 14:34:52.002,1,NVIDIA A100-SXM-64GB,135.69,48142,100
6746,2026-05-30 14:34:51.954747,2026/05/30 14:34:52.005,2,NVIDIA A100-SXM-64GB,144.00,48132,100
6747,2026-05-30 14:34:51.954747,2026/05/30 14:34:52.008,3,NVIDIA A100-SXM-64GB,136.16,48106,98
6748,2026-05-30 14:34:57.053821,2026/05/30 14:34:57.097,0,NVIDIA A100-SXM-64GB,142.48,48124,97
6749,2026-05-30 14:34:57.053821,2026/05/30 14:34:57.099,1,NVIDIA A100-SXM-64GB,127.71,48142,97
6750,2026-05-30 14:34:57.053821,2026/05/30 14:34:57.102,2,NVIDIA A100-SXM-64GB,146.88,48132,97
6751,2026-05-30 14:34:57.053821,2026/05/30 14:34:57.104,3,NVIDIA A100-SXM-64GB,143.48,48106,97
6752,2026-05-30 14:35:02.149653,2026/05/30 14:35:02.207,0,NVIDIA A100-SXM-64GB,116.35,48124,98
6753,2026-05-30 14:35:02.149653,2026/05/30 14:35:02.209,1,NVIDIA A100-SXM-64GB,147.63,48142,98
6754,2026-05-30 14:35:02.149653,2026/05/30 14:35:02.212,2,NVIDIA A100-SXM-64GB,125.56,48132,100
6755,2026-05-30 14:35:02.149653,2026/05/30 14:35:02.214,3,NVIDIA A100-SXM-64GB,116.83,48106,100
6756,2026-05-30 14:35:07.284624,2026/05/30 14:35:07.328,0,NVIDIA A100-SXM-64GB,234.08,48124,97
6757,2026-05-30 14:35:07.284624,2026/05/30 14:35:07.330,1,NVIDIA A100-SXM-64GB,134.81,48142,97
6758,2026-05-30 14:35:07.284624,2026/05/30 14:35:07.333,2,NVIDIA A100-SXM-64GB,116.71,48132,97
6759,2026-05-30 14:35:07.284624,2026/05/30 14:35:07.335,3,NVIDIA A100-SXM-64GB,111.59,48106,100
6760,2026-05-30 14:35:12.396140,2026/05/30 14:35:12.454,0,NVIDIA A100-SXM-64GB,146.75,48124,99
6761,2026-05-30 14:35:12.396140,2026/05/30 14:35:12.457,1,NVIDIA A100-SXM-64GB,178.10,48142,100
6762,2026-05-30 14:35:12.396140,2026/05/30 14:35:12.459,2,NVIDIA A100-SXM-64GB,147.20,48132,100
6763,2026-05-30 14:35:12.396140,2026/05/30 14:35:12.465,3,NVIDIA A100-SXM-64GB,142.00,48106,100
6764,2026-05-30 14:35:17.538612,2026/05/30 14:35:17.583,0,NVIDIA A100-SXM-64GB,144.62,48124,97
6765,2026-05-30 14:35:17.538612,2026/05/30 14:35:17.585,1,NVIDIA A100-SXM-64GB,131.12,48142,97
6766,2026-05-30 14:35:17.538612,2026/05/30 14:35:17.588,2,NVIDIA A100-SXM-64GB,149.35,48132,97
6767,2026-05-30 14:35:17.538612,2026/05/30 14:35:17.590,3,NVIDIA A100-SXM-64GB,141.20,48106,97
6768,2026-05-30 14:35:22.636642,2026/05/30 14:35:22.685,0,NVIDIA A100-SXM-64GB,145.82,48124,98
6769,2026-05-30 14:35:22.636642,2026/05/30 14:35:22.688,1,NVIDIA A100-SXM-64GB,149.78,48142,98
6770,2026-05-30 14:35:22.636642,2026/05/30 14:35:22.690,2,NVIDIA A100-SXM-64GB,151.16,48132,100
6771,2026-05-30 14:35:22.636642,2026/05/30 14:35:22.693,3,NVIDIA A100-SXM-64GB,146.57,48106,100
6772,2026-05-30 14:35:27.748284,2026/05/30 14:35:27.792,0,NVIDIA A100-SXM-64GB,125.18,48124,98
6773,2026-05-30 14:35:27.748284,2026/05/30 14:35:27.795,1,NVIDIA A100-SXM-64GB,143.34,48142,98
6774,2026-05-30 14:35:27.748284,2026/05/30 14:35:27.797,2,NVIDIA A100-SXM-64GB,136.82,48132,97
6775,2026-05-30 14:35:27.748284,2026/05/30 14:35:27.802,3,NVIDIA A100-SXM-64GB,130.65,48106,97
6776,2026-05-30 14:35:32.863470,2026/05/30 14:35:32.911,0,NVIDIA A100-SXM-64GB,164.02,48124,100
6777,2026-05-30 14:35:32.863470,2026/05/30 14:35:32.914,1,NVIDIA A100-SXM-64GB,168.82,48142,100
6778,2026-05-30 14:35:32.863470,2026/05/30 14:35:32.916,2,NVIDIA A100-SXM-64GB,174.41,48132,100
6779,2026-05-30 14:35:32.863470,2026/05/30 14:35:32.922,3,NVIDIA A100-SXM-64GB,170.30,48106,100
6780,2026-05-30 14:35:37.995716,2026/05/30 14:35:38.044,0,NVIDIA A100-SXM-64GB,166.59,48124,100
6781,2026-05-30 14:35:37.995716,2026/05/30 14:35:38.047,1,NVIDIA A100-SXM-64GB,183.79,48142,100
6782,2026-05-30 14:35:37.995716,2026/05/30 14:35:38.051,2,NVIDIA A100-SXM-64GB,173.21,48132,100
6783,2026-05-30 14:35:37.995716,2026/05/30 14:35:38.054,3,NVIDIA A100-SXM-64GB,162.65,48106,100
6784,2026-05-30 14:35:43.103710,2026/05/30 14:35:43.148,0,NVIDIA A100-SXM-64GB,170.87,48124,100
6785,2026-05-30 14:35:43.103710,2026/05/30 14:35:43.150,1,NVIDIA A100-SXM-64GB,162.38,48142,100
6786,2026-05-30 14:35:43.103710,2026/05/30 14:35:43.156,2,NVIDIA A100-SXM-64GB,171.67,48132,100
6787,2026-05-30 14:35:43.103710,2026/05/30 14:35:43.161,3,NVIDIA A100-SXM-64GB,171.84,48106,100
6788,2026-05-30 14:35:48.201458,2026/05/30 14:35:48.244,0,NVIDIA A100-SXM-64GB,144.01,48124,100
6789,2026-05-30 14:35:48.201458,2026/05/30 14:35:48.246,1,NVIDIA A100-SXM-64GB,148.29,48142,100
6790,2026-05-30 14:35:48.201458,2026/05/30 14:35:48.249,2,NVIDIA A100-SXM-64GB,133.41,48132,100
6791,2026-05-30 14:35:48.201458,2026/05/30 14:35:48.252,3,NVIDIA A100-SXM-64GB,125.90,48106,97
6792,2026-05-30 14:35:53.313614,2026/05/30 14:35:53.368,0,NVIDIA A100-SXM-64GB,146.43,48124,98
6793,2026-05-30 14:35:53.313614,2026/05/30 14:35:53.370,1,NVIDIA A100-SXM-64GB,143.85,48142,100
6794,2026-05-30 14:35:53.313614,2026/05/30 14:35:53.373,2,NVIDIA A100-SXM-64GB,117.53,48132,100
6795,2026-05-30 14:35:53.313614,2026/05/30 14:35:53.375,3,NVIDIA A100-SXM-64GB,109.45,48106,100
6796,2026-05-30 14:35:58.449825,2026/05/30 14:35:58.493,0,NVIDIA A100-SXM-64GB,132.26,48124,97
6797,2026-05-30 14:35:58.449825,2026/05/30 14:35:58.495,1,NVIDIA A100-SXM-64GB,148.14,48142,99
6798,2026-05-30 14:35:58.449825,2026/05/30 14:35:58.498,2,NVIDIA A100-SXM-64GB,140.78,48132,100
6799,2026-05-30 14:35:58.449825,2026/05/30 14:35:58.500,3,NVIDIA A100-SXM-64GB,138.17,48106,97
6800,2026-05-30 14:36:03.546334,2026/05/30 14:36:03.598,0,NVIDIA A100-SXM-64GB,120.50,48124,100
6801,2026-05-30 14:36:03.546334,2026/05/30 14:36:03.601,1,NVIDIA A100-SXM-64GB,182.99,48142,100
6802,2026-05-30 14:36:03.546334,2026/05/30 14:36:03.604,2,NVIDIA A100-SXM-64GB,186.21,48132,100
6803,2026-05-30 14:36:03.546334,2026/05/30 14:36:03.607,3,NVIDIA A100-SXM-64GB,165.13,48106,100
6804,2026-05-30 14:36:08.681068,2026/05/30 14:36:08.732,0,NVIDIA A100-SXM-64GB,178.58,48124,100
6805,2026-05-30 14:36:08.681068,2026/05/30 14:36:08.735,1,NVIDIA A100-SXM-64GB,130.19,48142,100
6806,2026-05-30 14:36:08.681068,2026/05/30 14:36:08.737,2,NVIDIA A100-SXM-64GB,168.47,48132,100
6807,2026-05-30 14:36:08.681068,2026/05/30 14:36:08.740,3,NVIDIA A100-SXM-64GB,174.14,48106,100
6808,2026-05-30 14:36:13.802617,2026/05/30 14:36:13.847,0,NVIDIA A100-SXM-64GB,169.61,48124,100
6809,2026-05-30 14:36:13.802617,2026/05/30 14:36:13.849,1,NVIDIA A100-SXM-64GB,176.89,48142,100
6810,2026-05-30 14:36:13.802617,2026/05/30 14:36:13.855,2,NVIDIA A100-SXM-64GB,164.63,48132,100
6811,2026-05-30 14:36:13.802617,2026/05/30 14:36:13.857,3,NVIDIA A100-SXM-64GB,155.94,48106,100
6812,2026-05-30 14:36:18.910619,2026/05/30 14:36:18.959,0,NVIDIA A100-SXM-64GB,174.21,48124,100
6813,2026-05-30 14:36:18.910619,2026/05/30 14:36:18.962,1,NVIDIA A100-SXM-64GB,180.76,48142,100
6814,2026-05-30 14:36:18.910619,2026/05/30 14:36:18.965,2,NVIDIA A100-SXM-64GB,170.46,48132,100
6815,2026-05-30 14:36:18.910619,2026/05/30 14:36:18.969,3,NVIDIA A100-SXM-64GB,158.69,48106,100
6816,2026-05-30 14:36:24.028419,2026/05/30 14:36:24.077,0,NVIDIA A100-SXM-64GB,172.25,48124,98
6817,2026-05-30 14:36:24.028419,2026/05/30 14:36:24.079,1,NVIDIA A100-SXM-64GB,128.50,48142,98
6818,2026-05-30 14:36:24.028419,2026/05/30 14:36:24.082,2,NVIDIA A100-SXM-64GB,151.93,48132,100
6819,2026-05-30 14:36:24.028419,2026/05/30 14:36:24.088,3,NVIDIA A100-SXM-64GB,148.12,48106,100
6820,2026-05-30 14:36:29.123489,2026/05/30 14:36:29.175,0,NVIDIA A100-SXM-64GB,168.30,48124,100
6821,2026-05-30 14:36:29.123489,2026/05/30 14:36:29.178,1,NVIDIA A100-SXM-64GB,166.01,48142,100
6822,2026-05-30 14:36:29.123489,2026/05/30 14:36:29.180,2,NVIDIA A100-SXM-64GB,160.84,48132,100
6823,2026-05-30 14:36:29.123489,2026/05/30 14:36:29.183,3,NVIDIA A100-SXM-64GB,151.80,48106,100
6824,2026-05-30 14:36:34.239535,2026/05/30 14:36:34.294,0,NVIDIA A100-SXM-64GB,138.02,48124,100
6825,2026-05-30 14:36:34.239535,2026/05/30 14:36:34.299,1,NVIDIA A100-SXM-64GB,149.33,48142,100
6826,2026-05-30 14:36:34.239535,2026/05/30 14:36:34.302,2,NVIDIA A100-SXM-64GB,150.43,48132,100
6827,2026-05-30 14:36:34.239535,2026/05/30 14:36:34.304,3,NVIDIA A100-SXM-64GB,144.42,48106,98
6828,2026-05-30 14:36:39.380628,2026/05/30 14:36:39.437,0,NVIDIA A100-SXM-64GB,167.04,48124,100
6829,2026-05-30 14:36:39.380628,2026/05/30 14:36:39.442,1,NVIDIA A100-SXM-64GB,145.49,48142,100
6830,2026-05-30 14:36:39.380628,2026/05/30 14:36:39.445,2,NVIDIA A100-SXM-64GB,133.27,48132,98
6831,2026-05-30 14:36:39.380628,2026/05/30 14:36:39.447,3,NVIDIA A100-SXM-64GB,127.57,48106,98
6832,2026-05-30 14:36:44.482100,2026/05/30 14:36:44.530,0,NVIDIA A100-SXM-64GB,170.71,48124,100
6833,2026-05-30 14:36:44.482100,2026/05/30 14:36:44.533,1,NVIDIA A100-SXM-64GB,179.82,48142,100
6834,2026-05-30 14:36:44.482100,2026/05/30 14:36:44.535,2,NVIDIA A100-SXM-64GB,173.11,48132,100
6835,2026-05-30 14:36:44.482100,2026/05/30 14:36:44.538,3,NVIDIA A100-SXM-64GB,161.28,48106,100
6836,2026-05-30 14:36:49.598051,2026/05/30 14:36:49.654,0,NVIDIA A100-SXM-64GB,175.59,48124,100
6837,2026-05-30 14:36:49.598051,2026/05/30 14:36:49.656,1,NVIDIA A100-SXM-64GB,170.03,48142,100
6838,2026-05-30 14:36:49.598051,2026/05/30 14:36:49.659,2,NVIDIA A100-SXM-64GB,167.88,48132,100
6839,2026-05-30 14:36:49.598051,2026/05/30 14:36:49.661,3,NVIDIA A100-SXM-64GB,157.65,48106,100
6840,2026-05-30 14:36:54.737145,2026/05/30 14:36:54.781,0,NVIDIA A100-SXM-64GB,129.46,48124,98
6841,2026-05-30 14:36:54.737145,2026/05/30 14:36:54.784,1,NVIDIA A100-SXM-64GB,124.82,48142,98
6842,2026-05-30 14:36:54.737145,2026/05/30 14:36:54.787,2,NVIDIA A100-SXM-64GB,117.92,48132,98
6843,2026-05-30 14:36:54.737145,2026/05/30 14:36:54.791,3,NVIDIA A100-SXM-64GB,108.68,48106,98
6844,2026-05-30 14:36:59.837517,2026/05/30 14:36:59.894,0,NVIDIA A100-SXM-64GB,159.74,48124,100
6845,2026-05-30 14:36:59.837517,2026/05/30 14:36:59.896,1,NVIDIA A100-SXM-64GB,132.14,48142,100
6846,2026-05-30 14:36:59.837517,2026/05/30 14:36:59.899,2,NVIDIA A100-SXM-64GB,137.84,48132,100
6847,2026-05-30 14:36:59.837517,2026/05/30 14:36:59.901,3,NVIDIA A100-SXM-64GB,125.22,48106,100
6848,2026-05-30 14:37:04.943509,2026/05/30 14:37:04.983,0,NVIDIA A100-SXM-64GB,135.88,48124,98
6849,2026-05-30 14:37:04.943509,2026/05/30 14:37:04.985,1,NVIDIA A100-SXM-64GB,135.22,48142,98
6850,2026-05-30 14:37:04.943509,2026/05/30 14:37:04.988,2,NVIDIA A100-SXM-64GB,142.13,48132,100
6851,2026-05-30 14:37:04.943509,2026/05/30 14:37:04.990,3,NVIDIA A100-SXM-64GB,132.14,48106,100
6852,2026-05-30 14:37:10.037043,2026/05/30 14:37:10.081,0,NVIDIA A100-SXM-64GB,166.76,48124,100
6853,2026-05-30 14:37:10.037043,2026/05/30 14:37:10.083,1,NVIDIA A100-SXM-64GB,129.11,48142,100
6854,2026-05-30 14:37:10.037043,2026/05/30 14:37:10.086,2,NVIDIA A100-SXM-64GB,125.29,48132,100
6855,2026-05-30 14:37:10.037043,2026/05/30 14:37:10.088,3,NVIDIA A100-SXM-64GB,115.73,48106,100
6856,2026-05-30 14:37:15.136517,2026/05/30 14:37:15.185,0,NVIDIA A100-SXM-64GB,123.10,48124,98
6857,2026-05-30 14:37:15.136517,2026/05/30 14:37:15.187,1,NVIDIA A100-SXM-64GB,137.10,48142,98
6858,2026-05-30 14:37:15.136517,2026/05/30 14:37:15.190,2,NVIDIA A100-SXM-64GB,136.29,48132,98
6859,2026-05-30 14:37:15.136517,2026/05/30 14:37:15.194,3,NVIDIA A100-SXM-64GB,127.09,48106,98
6860,2026-05-30 14:37:20.240958,2026/05/30 14:37:20.285,0,NVIDIA A100-SXM-64GB,133.74,48124,98
6861,2026-05-30 14:37:20.240958,2026/05/30 14:37:20.287,1,NVIDIA A100-SXM-64GB,115.61,48142,100
6862,2026-05-30 14:37:20.240958,2026/05/30 14:37:20.292,2,NVIDIA A100-SXM-64GB,132.33,48132,100
6863,2026-05-30 14:37:20.240958,2026/05/30 14:37:20.294,3,NVIDIA A100-SXM-64GB,129.11,48106,98
6864,2026-05-30 14:37:25.355618,2026/05/30 14:37:25.416,0,NVIDIA A100-SXM-64GB,179.60,48124,100
6865,2026-05-30 14:37:25.355618,2026/05/30 14:37:25.419,1,NVIDIA A100-SXM-64GB,156.10,48142,100
6866,2026-05-30 14:37:25.355618,2026/05/30 14:37:25.422,2,NVIDIA A100-SXM-64GB,173.11,48132,100
6867,2026-05-30 14:37:25.355618,2026/05/30 14:37:25.424,3,NVIDIA A100-SXM-64GB,140.00,48106,100
6868,2026-05-30 14:37:30.490018,2026/05/30 14:37:30.541,0,NVIDIA A100-SXM-64GB,145.37,48124,98
6869,2026-05-30 14:37:30.490018,2026/05/30 14:37:30.543,1,NVIDIA A100-SXM-64GB,199.41,48142,98
6870,2026-05-30 14:37:30.490018,2026/05/30 14:37:30.546,2,NVIDIA A100-SXM-64GB,135.08,48132,98
6871,2026-05-30 14:37:30.490018,2026/05/30 14:37:30.548,3,NVIDIA A100-SXM-64GB,133.68,48106,100
6872,2026-05-30 14:37:35.605942,2026/05/30 14:37:35.649,0,NVIDIA A100-SXM-64GB,157.00,48124,100
6873,2026-05-30 14:37:35.605942,2026/05/30 14:37:35.651,1,NVIDIA A100-SXM-64GB,179.21,48142,100
6874,2026-05-30 14:37:35.605942,2026/05/30 14:37:35.655,2,NVIDIA A100-SXM-64GB,144.28,48132,100
6875,2026-05-30 14:37:35.605942,2026/05/30 14:37:35.657,3,NVIDIA A100-SXM-64GB,129.99,48106,100
6876,2026-05-30 14:37:40.704532,2026/05/30 14:37:40.749,0,NVIDIA A100-SXM-64GB,147.36,48124,100
6877,2026-05-30 14:37:40.704532,2026/05/30 14:37:40.751,1,NVIDIA A100-SXM-64GB,159.74,48142,100
6878,2026-05-30 14:37:40.704532,2026/05/30 14:37:40.757,2,NVIDIA A100-SXM-64GB,175.50,48132,100
6879,2026-05-30 14:37:40.704532,2026/05/30 14:37:40.760,3,NVIDIA A100-SXM-64GB,175.68,48106,100
6880,2026-05-30 14:37:45.821235,2026/05/30 14:37:45.868,0,NVIDIA A100-SXM-64GB,163.85,48124,100
6881,2026-05-30 14:37:45.821235,2026/05/30 14:37:45.870,1,NVIDIA A100-SXM-64GB,163.75,48142,100
6882,2026-05-30 14:37:45.821235,2026/05/30 14:37:45.873,2,NVIDIA A100-SXM-64GB,160.07,48132,100
6883,2026-05-30 14:37:45.821235,2026/05/30 14:37:45.876,3,NVIDIA A100-SXM-64GB,179.82,48106,100
6884,2026-05-30 14:37:50.942618,2026/05/30 14:37:50.991,0,NVIDIA A100-SXM-64GB,169.33,48124,100
6885,2026-05-30 14:37:50.942618,2026/05/30 14:37:50.994,1,NVIDIA A100-SXM-64GB,178.43,48142,100
6886,2026-05-30 14:37:50.942618,2026/05/30 14:37:50.996,2,NVIDIA A100-SXM-64GB,178.43,48132,100
6887,2026-05-30 14:37:50.942618,2026/05/30 14:37:50.999,3,NVIDIA A100-SXM-64GB,175.53,48106,100
6888,2026-05-30 14:37:56.046475,2026/05/30 14:37:56.090,0,NVIDIA A100-SXM-64GB,177.88,48124,100
6889,2026-05-30 14:37:56.046475,2026/05/30 14:37:56.092,1,NVIDIA A100-SXM-64GB,179.03,48142,100
6890,2026-05-30 14:37:56.046475,2026/05/30 14:37:56.095,2,NVIDIA A100-SXM-64GB,149.62,48132,100
6891,2026-05-30 14:37:56.046475,2026/05/30 14:37:56.097,3,NVIDIA A100-SXM-64GB,157.76,48106,100
6892,2026-05-30 14:38:01.145190,2026/05/30 14:38:01.192,0,NVIDIA A100-SXM-64GB,180.62,48124,100
6893,2026-05-30 14:38:01.145190,2026/05/30 14:38:01.195,1,NVIDIA A100-SXM-64GB,175.08,48142,100
6894,2026-05-30 14:38:01.145190,2026/05/30 14:38:01.197,2,NVIDIA A100-SXM-64GB,188.02,48132,100
6895,2026-05-30 14:38:01.145190,2026/05/30 14:38:01.200,3,NVIDIA A100-SXM-64GB,187.47,48106,100
6896,2026-05-30 14:38:06.267346,2026/05/30 14:38:06.311,0,NVIDIA A100-SXM-64GB,163.25,48124,100
6897,2026-05-30 14:38:06.267346,2026/05/30 14:38:06.313,1,NVIDIA A100-SXM-64GB,152.26,48142,100
6898,2026-05-30 14:38:06.267346,2026/05/30 14:38:06.316,2,NVIDIA A100-SXM-64GB,138.90,48132,100
6899,2026-05-30 14:38:06.267346,2026/05/30 14:38:06.318,3,NVIDIA A100-SXM-64GB,151.47,48106,100
6900,2026-05-30 14:38:11.379989,2026/05/30 14:38:11.427,0,NVIDIA A100-SXM-64GB,166.59,48124,100
6901,2026-05-30 14:38:11.379989,2026/05/30 14:38:11.430,1,NVIDIA A100-SXM-64GB,187.80,48142,100
6902,2026-05-30 14:38:11.379989,2026/05/30 14:38:11.432,2,NVIDIA A100-SXM-64GB,170.46,48132,100
6903,2026-05-30 14:38:11.379989,2026/05/30 14:38:11.438,3,NVIDIA A100-SXM-64GB,159.79,48106,100
6904,2026-05-30 14:38:16.511618,2026/05/30 14:38:16.555,0,NVIDIA A100-SXM-64GB,120.63,48124,100
6905,2026-05-30 14:38:16.511618,2026/05/30 14:38:16.560,1,NVIDIA A100-SXM-64GB,164.80,48142,100
6906,2026-05-30 14:38:16.511618,2026/05/30 14:38:16.562,2,NVIDIA A100-SXM-64GB,140.59,48132,100
6907,2026-05-30 14:38:16.511618,2026/05/30 14:38:16.566,3,NVIDIA A100-SXM-64GB,170.30,48106,100
6908,2026-05-30 14:38:21.614267,2026/05/30 14:38:21.658,0,NVIDIA A100-SXM-64GB,146.57,48124,100
6909,2026-05-30 14:38:21.614267,2026/05/30 14:38:21.662,1,NVIDIA A100-SXM-64GB,137.56,48142,100
6910,2026-05-30 14:38:21.614267,2026/05/30 14:38:21.665,2,NVIDIA A100-SXM-64GB,138.45,48132,100
6911,2026-05-30 14:38:21.614267,2026/05/30 14:38:21.667,3,NVIDIA A100-SXM-64GB,126.63,48106,100
6912,2026-05-30 14:38:26.740620,2026/05/30 14:38:26.788,0,NVIDIA A100-SXM-64GB,153.44,48124,100
6913,2026-05-30 14:38:26.740620,2026/05/30 14:38:26.790,1,NVIDIA A100-SXM-64GB,156.55,48142,100
6914,2026-05-30 14:38:26.740620,2026/05/30 14:38:26.793,2,NVIDIA A100-SXM-64GB,130.52,48132,100
6915,2026-05-30 14:38:26.740620,2026/05/30 14:38:26.795,3,NVIDIA A100-SXM-64GB,124.21,48106,100
6916,2026-05-30 14:38:31.853889,2026/05/30 14:38:31.902,0,NVIDIA A100-SXM-64GB,189.17,48124,100
6917,2026-05-30 14:38:31.853889,2026/05/30 14:38:31.905,1,NVIDIA A100-SXM-64GB,179.21,48142,100
6918,2026-05-30 14:38:31.853889,2026/05/30 14:38:31.908,2,NVIDIA A100-SXM-64GB,176.56,48132,100
6919,2026-05-30 14:38:31.853889,2026/05/30 14:38:31.910,3,NVIDIA A100-SXM-64GB,180.43,48106,100
6920,2026-05-30 14:38:36.959787,2026/05/30 14:38:37.008,0,NVIDIA A100-SXM-64GB,150.10,48124,100
6921,2026-05-30 14:38:36.959787,2026/05/30 14:38:37.011,1,NVIDIA A100-SXM-64GB,156.82,48142,100
6922,2026-05-30 14:38:36.959787,2026/05/30 14:38:37.013,2,NVIDIA A100-SXM-64GB,149.62,48132,100
6923,2026-05-30 14:38:36.959787,2026/05/30 14:38:37.016,3,NVIDIA A100-SXM-64GB,147.51,48106,100
6924,2026-05-30 14:38:42.074104,2026/05/30 14:38:42.122,0,NVIDIA A100-SXM-64GB,148.11,48124,100
6925,2026-05-30 14:38:42.074104,2026/05/30 14:38:42.128,1,NVIDIA A100-SXM-64GB,152.41,48142,98
6926,2026-05-30 14:38:42.074104,2026/05/30 14:38:42.131,2,NVIDIA A100-SXM-64GB,144.28,48132,100
6927,2026-05-30 14:38:42.074104,2026/05/30 14:38:42.133,3,NVIDIA A100-SXM-64GB,138.91,48106,98
6928,2026-05-30 14:38:47.183526,2026/05/30 14:38:47.231,0,NVIDIA A100-SXM-64GB,153.92,48124,100
6929,2026-05-30 14:38:47.183526,2026/05/30 14:38:47.234,1,NVIDIA A100-SXM-64GB,156.55,48142,100
6930,2026-05-30 14:38:47.183526,2026/05/30 14:38:47.239,2,NVIDIA A100-SXM-64GB,164.19,48132,100
6931,2026-05-30 14:38:47.183526,2026/05/30 14:38:47.241,3,NVIDIA A100-SXM-64GB,149.66,48106,100
6932,2026-05-30 14:38:52.301254,2026/05/30 14:38:52.347,0,NVIDIA A100-SXM-64GB,174.72,48124,100
6933,2026-05-30 14:38:52.301254,2026/05/30 14:38:52.350,1,NVIDIA A100-SXM-64GB,176.13,48142,100
6934,2026-05-30 14:38:52.301254,2026/05/30 14:38:52.353,2,NVIDIA A100-SXM-64GB,172.17,48132,100
6935,2026-05-30 14:38:52.301254,2026/05/30 14:38:52.355,3,NVIDIA A100-SXM-64GB,164.09,48106,100
6936,2026-05-30 14:38:57.405928,2026/05/30 14:38:57.450,0,NVIDIA A100-SXM-64GB,167.64,48124,100
6937,2026-05-30 14:38:57.405928,2026/05/30 14:38:57.452,1,NVIDIA A100-SXM-64GB,157.15,48142,100
6938,2026-05-30 14:38:57.405928,2026/05/30 14:38:57.455,2,NVIDIA A100-SXM-64GB,158.97,48132,100
6939,2026-05-30 14:38:57.405928,2026/05/30 14:38:57.457,3,NVIDIA A100-SXM-64GB,152.68,48106,100
6940,2026-05-30 14:39:02.505053,2026/05/30 14:39:02.552,0,NVIDIA A100-SXM-64GB,181.83,48124,100
6941,2026-05-30 14:39:02.505053,2026/05/30 14:39:02.555,1,NVIDIA A100-SXM-64GB,169.09,48142,100
6942,2026-05-30 14:39:02.505053,2026/05/30 14:39:02.559,2,NVIDIA A100-SXM-64GB,176.28,48132,100
6943,2026-05-30 14:39:02.505053,2026/05/30 14:39:02.562,3,NVIDIA A100-SXM-64GB,171.57,48106,100
6944,2026-05-30 14:39:07.610391,2026/05/30 14:39:07.658,0,NVIDIA A100-SXM-64GB,162.49,48124,100
6945,2026-05-30 14:39:07.610391,2026/05/30 14:39:07.661,1,NVIDIA A100-SXM-64GB,155.94,48142,100
6946,2026-05-30 14:39:07.610391,2026/05/30 14:39:07.663,2,NVIDIA A100-SXM-64GB,166.94,48132,100
6947,2026-05-30 14:39:07.610391,2026/05/30 14:39:07.666,3,NVIDIA A100-SXM-64GB,168.99,48106,100
6948,2026-05-30 14:39:12.724196,2026/05/30 14:39:12.768,0,NVIDIA A100-SXM-64GB,160.94,48124,100
6949,2026-05-30 14:39:12.724196,2026/05/30 14:39:12.770,1,NVIDIA A100-SXM-64GB,151.20,48142,100
6950,2026-05-30 14:39:12.724196,2026/05/30 14:39:12.773,2,NVIDIA A100-SXM-64GB,187.88,48132,100
6951,2026-05-30 14:39:12.724196,2026/05/30 14:39:12.775,3,NVIDIA A100-SXM-64GB,156.38,48106,100
6952,2026-05-30 14:39:17.823734,2026/05/30 14:39:17.871,0,NVIDIA A100-SXM-64GB,142.30,48124,100
6953,2026-05-30 14:39:17.823734,2026/05/30 14:39:17.874,1,NVIDIA A100-SXM-64GB,152.26,48142,100
6954,2026-05-30 14:39:17.823734,2026/05/30 14:39:17.876,2,NVIDIA A100-SXM-64GB,164.19,48132,100
6955,2026-05-30 14:39:17.823734,2026/05/30 14:39:17.879,3,NVIDIA A100-SXM-64GB,167.72,48106,100
6956,2026-05-30 14:39:22.938434,2026/05/30 14:39:22.987,0,NVIDIA A100-SXM-64GB,171.14,48124,100
6957,2026-05-30 14:39:22.938434,2026/05/30 14:39:22.990,1,NVIDIA A100-SXM-64GB,174.14,48142,100
6958,2026-05-30 14:39:22.938434,2026/05/30 14:39:22.992,2,NVIDIA A100-SXM-64GB,183.60,48132,100
6959,2026-05-30 14:39:22.938434,2026/05/30 14:39:23.000,3,NVIDIA A100-SXM-64GB,164.97,48106,100
6960,2026-05-30 14:39:28.064949,2026/05/30 14:39:28.109,0,NVIDIA A100-SXM-64GB,172.07,48124,100
6961,2026-05-30 14:39:28.064949,2026/05/30 14:39:28.111,1,NVIDIA A100-SXM-64GB,150.43,48142,100
6962,2026-05-30 14:39:28.064949,2026/05/30 14:39:28.114,2,NVIDIA A100-SXM-64GB,175.95,48132,100
6963,2026-05-30 14:39:28.064949,2026/05/30 14:39:28.119,3,NVIDIA A100-SXM-64GB,159.63,48106,100
6964,2026-05-30 14:39:33.179615,2026/05/30 14:39:33.223,0,NVIDIA A100-SXM-64GB,182.43,48124,100
6965,2026-05-30 14:39:33.179615,2026/05/30 14:39:33.228,1,NVIDIA A100-SXM-64GB,181.45,48142,100
6966,2026-05-30 14:39:33.179615,2026/05/30 14:39:33.231,2,NVIDIA A100-SXM-64GB,180.24,48132,100
6967,2026-05-30 14:39:33.179615,2026/05/30 14:39:33.233,3,NVIDIA A100-SXM-64GB,160.67,48106,100
6968,2026-05-30 14:39:38.294360,2026/05/30 14:39:38.338,0,NVIDIA A100-SXM-64GB,149.32,48124,100
6969,2026-05-30 14:39:38.294360,2026/05/30 14:39:38.341,1,NVIDIA A100-SXM-64GB,152.53,48142,100
6970,2026-05-30 14:39:38.294360,2026/05/30 14:39:38.345,2,NVIDIA A100-SXM-64GB,155.01,48132,100
6971,2026-05-30 14:39:38.294360,2026/05/30 14:39:38.348,3,NVIDIA A100-SXM-64GB,146.57,48106,100
6972,2026-05-30 14:39:43.395881,2026/05/30 14:39:43.440,0,NVIDIA A100-SXM-64GB,150.43,48124,98
6973,2026-05-30 14:39:43.395881,2026/05/30 14:39:43.445,1,NVIDIA A100-SXM-64GB,154.68,48142,100
6974,2026-05-30 14:39:43.395881,2026/05/30 14:39:43.448,2,NVIDIA A100-SXM-64GB,141.98,48132,100
6975,2026-05-30 14:39:43.395881,2026/05/30 14:39:43.450,3,NVIDIA A100-SXM-64GB,136.16,48106,100
6976,2026-05-30 14:39:48.506529,2026/05/30 14:39:48.551,0,NVIDIA A100-SXM-64GB,174.21,48124,100
6977,2026-05-30 14:39:48.506529,2026/05/30 14:39:48.553,1,NVIDIA A100-SXM-64GB,175.35,48142,100
6978,2026-05-30 14:39:48.506529,2026/05/30 14:39:48.556,2,NVIDIA A100-SXM-64GB,159.46,48132,100
6979,2026-05-30 14:39:48.506529,2026/05/30 14:39:48.561,3,NVIDIA A100-SXM-64GB,147.35,48106,100
6980,2026-05-30 14:39:53.609650,2026/05/30 14:39:53.665,0,NVIDIA A100-SXM-64GB,178.58,48124,100
6981,2026-05-30 14:39:53.609650,2026/05/30 14:39:53.668,1,NVIDIA A100-SXM-64GB,190.16,48142,100
6982,2026-05-30 14:39:53.609650,2026/05/30 14:39:53.670,2,NVIDIA A100-SXM-64GB,188.96,48132,100
6983,2026-05-30 14:39:53.609650,2026/05/30 14:39:53.673,3,NVIDIA A100-SXM-64GB,176.74,48106,100
6984,2026-05-30 14:39:58.724815,2026/05/30 14:39:58.773,0,NVIDIA A100-SXM-64GB,174.54,48124,100
6985,2026-05-30 14:39:58.724815,2026/05/30 14:39:58.776,1,NVIDIA A100-SXM-64GB,172.60,48142,100
6986,2026-05-30 14:39:58.724815,2026/05/30 14:39:58.778,2,NVIDIA A100-SXM-64GB,179.97,48132,100
6987,2026-05-30 14:39:58.724815,2026/05/30 14:39:58.784,3,NVIDIA A100-SXM-64GB,149.66,48106,100
6988,2026-05-30 14:40:03.844889,2026/05/30 14:40:03.889,0,NVIDIA A100-SXM-64GB,178.48,48124,100
6989,2026-05-30 14:40:03.844889,2026/05/30 14:40:03.891,1,NVIDIA A100-SXM-64GB,179.82,48142,100
6990,2026-05-30 14:40:03.844889,2026/05/30 14:40:03.894,2,NVIDIA A100-SXM-64GB,173.53,48132,100
6991,2026-05-30 14:40:03.844889,2026/05/30 14:40:03.896,3,NVIDIA A100-SXM-64GB,170.03,48106,100
6992,2026-05-30 14:40:08.947767,2026/05/30 14:40:08.991,0,NVIDIA A100-SXM-64GB,161.55,48124,100
6993,2026-05-30 14:40:08.947767,2026/05/30 14:40:08.993,1,NVIDIA A100-SXM-64GB,164.53,48142,100
6994,2026-05-30 14:40:08.947767,2026/05/30 14:40:08.996,2,NVIDIA A100-SXM-64GB,167.28,48132,100
6995,2026-05-30 14:40:08.947767,2026/05/30 14:40:08.998,3,NVIDIA A100-SXM-64GB,151.02,48106,100
6996,2026-05-30 14:40:14.049285,2026/05/30 14:40:14.096,0,NVIDIA A100-SXM-64GB,148.87,48124,98
6997,2026-05-30 14:40:14.049285,2026/05/30 14:40:14.099,1,NVIDIA A100-SXM-64GB,153.62,48142,98
6998,2026-05-30 14:40:14.049285,2026/05/30 14:40:14.101,2,NVIDIA A100-SXM-64GB,147.18,48132,98
6999,2026-05-30 14:40:14.049285,2026/05/30 14:40:14.104,3,NVIDIA A100-SXM-64GB,138.12,48106,98
7000,2026-05-30 14:40:19.188616,2026/05/30 14:40:19.233,0,NVIDIA A100-SXM-64GB,145.52,48124,98
7001,2026-05-30 14:40:19.188616,2026/05/30 14:40:19.235,1,NVIDIA A100-SXM-64GB,150.26,48142,97
7002,2026-05-30 14:40:19.188616,2026/05/30 14:40:19.241,2,NVIDIA A100-SXM-64GB,139.19,48132,98
7003,2026-05-30 14:40:19.188616,2026/05/30 14:40:19.243,3,NVIDIA A100-SXM-64GB,140.27,48106,97
7004,2026-05-30 14:40:24.304995,2026/05/30 14:40:24.357,0,NVIDIA A100-SXM-64GB,187.50,48124,100
7005,2026-05-30 14:40:24.304995,2026/05/30 14:40:24.360,1,NVIDIA A100-SXM-64GB,180.43,48142,100
7006,2026-05-30 14:40:24.304995,2026/05/30 14:40:24.362,2,NVIDIA A100-SXM-64GB,165.74,48132,100
7007,2026-05-30 14:40:24.304995,2026/05/30 14:40:24.365,3,NVIDIA A100-SXM-64GB,187.38,48106,100
7008,2026-05-30 14:40:29.443737,2026/05/30 14:40:29.492,0,NVIDIA A100-SXM-64GB,165.23,48124,100
7009,2026-05-30 14:40:29.443737,2026/05/30 14:40:29.495,1,NVIDIA A100-SXM-64GB,176.31,48142,100
7010,2026-05-30 14:40:29.443737,2026/05/30 14:40:29.497,2,NVIDIA A100-SXM-64GB,164.19,48132,100
7011,2026-05-30 14:40:29.443737,2026/05/30 14:40:29.500,3,NVIDIA A100-SXM-64GB,176.64,48106,100
7012,2026-05-30 14:40:34.559594,2026/05/30 14:40:34.611,0,NVIDIA A100-SXM-64GB,169.78,48124,100
7013,2026-05-30 14:40:34.559594,2026/05/30 14:40:34.614,1,NVIDIA A100-SXM-64GB,169.69,48142,100
7014,2026-05-30 14:40:34.559594,2026/05/30 14:40:34.616,2,NVIDIA A100-SXM-64GB,176.13,48132,100
7015,2026-05-30 14:40:34.559594,2026/05/30 14:40:34.619,3,NVIDIA A100-SXM-64GB,187.06,48106,100
7016,2026-05-30 14:40:39.682769,2026/05/30 14:40:39.728,0,NVIDIA A100-SXM-64GB,147.51,48124,100
7017,2026-05-30 14:40:39.682769,2026/05/30 14:40:39.730,1,NVIDIA A100-SXM-64GB,154.68,48142,100
7018,2026-05-30 14:40:39.682769,2026/05/30 14:40:39.734,2,NVIDIA A100-SXM-64GB,143.34,48132,100
7019,2026-05-30 14:40:39.682769,2026/05/30 14:40:39.737,3,NVIDIA A100-SXM-64GB,139.66,48106,100
7020,2026-05-30 14:40:44.793617,2026/05/30 14:40:44.841,0,NVIDIA A100-SXM-64GB,188.76,48124,100
7021,2026-05-30 14:40:44.793617,2026/05/30 14:40:44.844,1,NVIDIA A100-SXM-64GB,187.66,48142,100
7022,2026-05-30 14:40:44.793617,2026/05/30 14:40:44.847,2,NVIDIA A100-SXM-64GB,187.19,48132,100
7023,2026-05-30 14:40:44.793617,2026/05/30 14:40:44.849,3,NVIDIA A100-SXM-64GB,168.50,48106,100
7024,2026-05-30 14:40:49.907132,2026/05/30 14:40:49.951,0,NVIDIA A100-SXM-64GB,145.19,48124,100
7025,2026-05-30 14:40:49.907132,2026/05/30 14:40:49.953,1,NVIDIA A100-SXM-64GB,126.36,48142,100
7026,2026-05-30 14:40:49.907132,2026/05/30 14:40:49.956,2,NVIDIA A100-SXM-64GB,157.76,48132,100
7027,2026-05-30 14:40:49.907132,2026/05/30 14:40:49.959,3,NVIDIA A100-SXM-64GB,125.22,48106,100
7028,2026-05-30 14:40:55.021365,2026/05/30 14:40:55.068,0,NVIDIA A100-SXM-64GB,175.32,48124,100
7029,2026-05-30 14:40:55.021365,2026/05/30 14:40:55.070,1,NVIDIA A100-SXM-64GB,173.71,48142,100
7030,2026-05-30 14:40:55.021365,2026/05/30 14:40:55.073,2,NVIDIA A100-SXM-64GB,186.07,48132,100
7031,2026-05-30 14:40:55.021365,2026/05/30 14:40:55.076,3,NVIDIA A100-SXM-64GB,167.11,48106,100
7032,2026-05-30 14:41:00.111712,2026/05/30 14:41:00.160,0,NVIDIA A100-SXM-64GB,120.75,48124,100
7033,2026-05-30 14:41:00.111712,2026/05/30 14:41:00.164,1,NVIDIA A100-SXM-64GB,111.92,48142,100
7034,2026-05-30 14:41:00.111712,2026/05/30 14:41:00.166,2,NVIDIA A100-SXM-64GB,166.94,48132,100
7035,2026-05-30 14:41:00.111712,2026/05/30 14:41:00.169,3,NVIDIA A100-SXM-64GB,118.16,48106,100
7036,2026-05-30 14:41:05.258068,2026/05/30 14:41:05.306,0,NVIDIA A100-SXM-64GB,167.19,48124,100
7037,2026-05-30 14:41:05.258068,2026/05/30 14:41:05.308,1,NVIDIA A100-SXM-64GB,168.82,48142,100
7038,2026-05-30 14:41:05.258068,2026/05/30 14:41:05.311,2,NVIDIA A100-SXM-64GB,190.02,48132,100
7039,2026-05-30 14:41:05.258068,2026/05/30 14:41:05.313,3,NVIDIA A100-SXM-64GB,167.11,48106,100
7040,2026-05-30 14:41:10.371724,2026/05/30 14:41:10.416,0,NVIDIA A100-SXM-64GB,162.49,48124,100
7041,2026-05-30 14:41:10.371724,2026/05/30 14:41:10.418,1,NVIDIA A100-SXM-64GB,158.69,48142,100
7042,2026-05-30 14:41:10.371724,2026/05/30 14:41:10.421,2,NVIDIA A100-SXM-64GB,167.98,48132,100
7043,2026-05-30 14:41:10.371724,2026/05/30 14:41:10.423,3,NVIDIA A100-SXM-64GB,153.01,48106,100
7044,2026-05-30 14:41:15.459619,2026/05/30 14:41:15.511,0,NVIDIA A100-SXM-64GB,134.67,48124,98
7045,2026-05-30 14:41:15.459619,2026/05/30 14:41:15.515,1,NVIDIA A100-SXM-64GB,182.90,48142,100
7046,2026-05-30 14:41:15.459619,2026/05/30 14:41:15.522,2,NVIDIA A100-SXM-64GB,184.25,48132,98
7047,2026-05-30 14:41:15.459619,2026/05/30 14:41:15.524,3,NVIDIA A100-SXM-64GB,163.15,48106,98
7048,2026-05-30 14:41:20.577721,2026/05/30 14:41:20.625,0,NVIDIA A100-SXM-64GB,166.26,48124,100
7049,2026-05-30 14:41:20.577721,2026/05/30 14:41:20.628,1,NVIDIA A100-SXM-64GB,184.25,48142,100
7050,2026-05-30 14:41:20.577721,2026/05/30 14:41:20.630,2,NVIDIA A100-SXM-64GB,179.31,48132,100
7051,2026-05-30 14:41:20.577721,2026/05/30 14:41:20.633,3,NVIDIA A100-SXM-64GB,160.51,48106,100
7052,2026-05-30 14:41:25.684625,2026/05/30 14:41:25.732,0,NVIDIA A100-SXM-64GB,146.57,48124,100
7053,2026-05-30 14:41:25.684625,2026/05/30 14:41:25.735,1,NVIDIA A100-SXM-64GB,147.03,48142,98
7054,2026-05-30 14:41:25.684625,2026/05/30 14:41:25.737,2,NVIDIA A100-SXM-64GB,146.75,48132,100
7055,2026-05-30 14:41:25.684625,2026/05/30 14:41:25.741,3,NVIDIA A100-SXM-64GB,138.59,48106,98
7056,2026-05-30 14:41:30.817619,2026/05/30 14:41:30.865,0,NVIDIA A100-SXM-64GB,169.93,48124,100
7057,2026-05-30 14:41:30.817619,2026/05/30 14:41:30.868,1,NVIDIA A100-SXM-64GB,162.99,48142,100
7058,2026-05-30 14:41:30.817619,2026/05/30 14:41:30.870,2,NVIDIA A100-SXM-64GB,177.49,48132,100
7059,2026-05-30 14:41:30.817619,2026/05/30 14:41:30.873,3,NVIDIA A100-SXM-64GB,170.63,48106,100
7060,2026-05-30 14:41:35.909515,2026/05/30 14:41:35.953,0,NVIDIA A100-SXM-64GB,182.15,48124,100
7061,2026-05-30 14:41:35.909515,2026/05/30 14:41:35.956,1,NVIDIA A100-SXM-64GB,167.71,48142,100
7062,2026-05-30 14:41:35.909515,2026/05/30 14:41:35.958,2,NVIDIA A100-SXM-64GB,164.36,48132,100
7063,2026-05-30 14:41:35.909515,2026/05/30 14:41:35.961,3,NVIDIA A100-SXM-64GB,172.44,48106,100
7064,2026-05-30 14:41:40.996943,2026/05/30 14:41:41.045,0,NVIDIA A100-SXM-64GB,176.67,48124,100
7065,2026-05-30 14:41:40.996943,2026/05/30 14:41:41.052,1,NVIDIA A100-SXM-64GB,182.71,48142,100
7066,2026-05-30 14:41:40.996943,2026/05/30 14:41:41.054,2,NVIDIA A100-SXM-64GB,166.17,48132,100
7067,2026-05-30 14:41:40.996943,2026/05/30 14:41:41.057,3,NVIDIA A100-SXM-64GB,170.96,48106,100
7068,2026-05-30 14:41:46.118418,2026/05/30 14:41:46.167,0,NVIDIA A100-SXM-64GB,140.95,48124,98
7069,2026-05-30 14:41:46.118418,2026/05/30 14:41:46.171,1,NVIDIA A100-SXM-64GB,130.19,48142,100
7070,2026-05-30 14:41:46.118418,2026/05/30 14:41:46.174,2,NVIDIA A100-SXM-64GB,128.85,48132,98
7071,2026-05-30 14:41:46.118418,2026/05/30 14:41:46.176,3,NVIDIA A100-SXM-64GB,133.08,48106,98
7072,2026-05-30 14:41:51.236717,2026/05/30 14:41:51.284,0,NVIDIA A100-SXM-64GB,179.41,48124,100
7073,2026-05-30 14:41:51.236717,2026/05/30 14:41:51.287,1,NVIDIA A100-SXM-64GB,168.82,48142,100
7074,2026-05-30 14:41:51.236717,2026/05/30 14:41:51.290,2,NVIDIA A100-SXM-64GB,166.17,48132,100
7075,2026-05-30 14:41:51.236717,2026/05/30 14:41:51.292,3,NVIDIA A100-SXM-64GB,174.92,48106,100
7076,2026-05-30 14:41:56.328729,2026/05/30 14:41:56.372,0,NVIDIA A100-SXM-64GB,173.00,48124,100
7077,2026-05-30 14:41:56.328729,2026/05/30 14:41:56.374,1,NVIDIA A100-SXM-64GB,180.76,48142,100
7078,2026-05-30 14:41:56.328729,2026/05/30 14:41:56.377,2,NVIDIA A100-SXM-64GB,186.67,48132,100
7079,2026-05-30 14:41:56.328729,2026/05/30 14:41:56.380,3,NVIDIA A100-SXM-64GB,173.99,48106,100
7080,2026-05-30 14:42:01.415959,2026/05/30 14:42:01.460,0,NVIDIA A100-SXM-64GB,161.99,48124,100
7081,2026-05-30 14:42:01.415959,2026/05/30 14:42:01.463,1,NVIDIA A100-SXM-64GB,184.86,48142,100
7082,2026-05-30 14:42:01.415959,2026/05/30 14:42:01.465,2,NVIDIA A100-SXM-64GB,177.22,48132,100
7083,2026-05-30 14:42:01.415959,2026/05/30 14:42:01.468,3,NVIDIA A100-SXM-64GB,176.13,48106,100
7084,2026-05-30 14:42:06.516726,2026/05/30 14:42:06.567,0,NVIDIA A100-SXM-64GB,184.76,48124,100
7085,2026-05-30 14:42:06.516726,2026/05/30 14:42:06.571,1,NVIDIA A100-SXM-64GB,192.37,48142,100
7086,2026-05-30 14:42:06.516726,2026/05/30 14:42:06.573,2,NVIDIA A100-SXM-64GB,184.72,48132,100
7087,2026-05-30 14:42:06.516726,2026/05/30 14:42:06.576,3,NVIDIA A100-SXM-64GB,166.18,48106,100
7088,2026-05-30 14:42:11.637470,2026/05/30 14:42:11.686,0,NVIDIA A100-SXM-64GB,181.22,48124,100
7089,2026-05-30 14:42:11.637470,2026/05/30 14:42:11.691,1,NVIDIA A100-SXM-64GB,168.49,48142,100
7090,2026-05-30 14:42:11.637470,2026/05/30 14:42:11.694,2,NVIDIA A100-SXM-64GB,171.07,48132,100
7091,2026-05-30 14:42:11.637470,2026/05/30 14:42:11.697,3,NVIDIA A100-SXM-64GB,175.44,48106,100
7092,2026-05-30 14:42:16.761175,2026/05/30 14:42:16.811,0,NVIDIA A100-SXM-64GB,176.35,48124,100
7093,2026-05-30 14:42:16.761175,2026/05/30 14:42:16.813,1,NVIDIA A100-SXM-64GB,168.49,48142,100
7094,2026-05-30 14:42:16.761175,2026/05/30 14:42:16.817,2,NVIDIA A100-SXM-64GB,188.82,48132,100
7095,2026-05-30 14:42:16.761175,2026/05/30 14:42:16.819,3,NVIDIA A100-SXM-64GB,178.01,48106,100
7096,2026-05-30 14:42:21.855722,2026/05/30 14:42:21.900,0,NVIDIA A100-SXM-64GB,170.54,48124,100
7097,2026-05-30 14:42:21.855722,2026/05/30 14:42:21.902,1,NVIDIA A100-SXM-64GB,167.28,48142,100
7098,2026-05-30 14:42:21.855722,2026/05/30 14:42:21.905,2,NVIDIA A100-SXM-64GB,165.74,48132,100
7099,2026-05-30 14:42:21.855722,2026/05/30 14:42:21.907,3,NVIDIA A100-SXM-64GB,172.96,48106,100
7100,2026-05-30 14:42:26.970095,2026/05/30 14:42:27.018,0,NVIDIA A100-SXM-64GB,180.29,48124,98
7101,2026-05-30 14:42:26.970095,2026/05/30 14:42:27.020,1,NVIDIA A100-SXM-64GB,143.53,48142,100
7102,2026-05-30 14:42:26.970095,2026/05/30 14:42:27.023,2,NVIDIA A100-SXM-64GB,137.09,48132,100
7103,2026-05-30 14:42:26.970095,2026/05/30 14:42:27.026,3,NVIDIA A100-SXM-64GB,139.71,48106,100
7104,2026-05-30 14:42:32.062699,2026/05/30 14:42:32.110,0,NVIDIA A100-SXM-64GB,162.92,48124,100
7105,2026-05-30 14:42:32.062699,2026/05/30 14:42:32.115,1,NVIDIA A100-SXM-64GB,169.52,48142,100
7106,2026-05-30 14:42:32.062699,2026/05/30 14:42:32.117,2,NVIDIA A100-SXM-64GB,162.48,48132,100
7107,2026-05-30 14:42:32.062699,2026/05/30 14:42:32.120,3,NVIDIA A100-SXM-64GB,180.76,48106,100
7108,2026-05-30 14:42:37.164351,2026/05/30 14:42:37.210,0,NVIDIA A100-SXM-64GB,173.00,48124,100
7109,2026-05-30 14:42:37.164351,2026/05/30 14:42:37.212,1,NVIDIA A100-SXM-64GB,149.35,48142,100
7110,2026-05-30 14:42:37.164351,2026/05/30 14:42:37.215,2,NVIDIA A100-SXM-64GB,183.41,48132,100
7111,2026-05-30 14:42:37.164351,2026/05/30 14:42:37.217,3,NVIDIA A100-SXM-64GB,149.78,48106,100
7112,2026-05-30 14:42:42.280618,2026/05/30 14:42:42.328,0,NVIDIA A100-SXM-64GB,153.44,48124,100
7113,2026-05-30 14:42:42.280618,2026/05/30 14:42:42.331,1,NVIDIA A100-SXM-64GB,179.64,48142,100
7114,2026-05-30 14:42:42.280618,2026/05/30 14:42:42.340,2,NVIDIA A100-SXM-64GB,166.60,48132,100
7115,2026-05-30 14:42:42.280618,2026/05/30 14:42:42.342,3,NVIDIA A100-SXM-64GB,153.19,48106,100
7116,2026-05-30 14:42:47.378888,2026/05/30 14:42:47.441,0,NVIDIA A100-SXM-64GB,138.48,48124,100
7117,2026-05-30 14:42:47.378888,2026/05/30 14:42:47.443,1,NVIDIA A100-SXM-64GB,190.96,48142,100
7118,2026-05-30 14:42:47.378888,2026/05/30 14:42:47.446,2,NVIDIA A100-SXM-64GB,185.13,48132,100
7119,2026-05-30 14:42:47.378888,2026/05/30 14:42:47.448,3,NVIDIA A100-SXM-64GB,189.94,48106,100
7120,2026-05-30 14:42:52.484701,2026/05/30 14:42:52.537,0,NVIDIA A100-SXM-64GB,182.15,48124,100
7121,2026-05-30 14:42:52.484701,2026/05/30 14:42:52.540,1,NVIDIA A100-SXM-64GB,184.25,48142,100
7122,2026-05-30 14:42:52.484701,2026/05/30 14:42:52.543,2,NVIDIA A100-SXM-64GB,162.21,48132,100
7123,2026-05-30 14:42:52.484701,2026/05/30 14:42:52.549,3,NVIDIA A100-SXM-64GB,168.15,48106,100
7124,2026-05-30 14:42:57.623621,2026/05/30 14:42:57.671,0,NVIDIA A100-SXM-64GB,146.60,48124,98
7125,2026-05-30 14:42:57.623621,2026/05/30 14:42:57.674,1,NVIDIA A100-SXM-64GB,153.31,48142,98
7126,2026-05-30 14:42:57.623621,2026/05/30 14:42:57.679,2,NVIDIA A100-SXM-64GB,144.46,48132,98
7127,2026-05-30 14:42:57.623621,2026/05/30 14:42:57.681,3,NVIDIA A100-SXM-64GB,144.28,48106,98
7128,2026-05-30 14:43:02.760616,2026/05/30 14:43:02.804,0,NVIDIA A100-SXM-64GB,140.76,48124,100
7129,2026-05-30 14:43:02.760616,2026/05/30 14:43:02.806,1,NVIDIA A100-SXM-64GB,142.13,48142,98
7130,2026-05-30 14:43:02.760616,2026/05/30 14:43:02.809,2,NVIDIA A100-SXM-64GB,137.69,48132,100
7131,2026-05-30 14:43:02.760616,2026/05/30 14:43:02.811,3,NVIDIA A100-SXM-64GB,129.99,48106,99
7132,2026-05-30 14:43:07.872613,2026/05/30 14:43:07.925,0,NVIDIA A100-SXM-64GB,164.45,48124,100
7133,2026-05-30 14:43:07.872613,2026/05/30 14:43:07.927,1,NVIDIA A100-SXM-64GB,192.50,48142,100
7134,2026-05-30 14:43:07.872613,2026/05/30 14:43:07.931,2,NVIDIA A100-SXM-64GB,154.24,48132,100
7135,2026-05-30 14:43:07.872613,2026/05/30 14:43:07.933,3,NVIDIA A100-SXM-64GB,159.90,48106,100
7136,2026-05-30 14:43:13.006852,2026/05/30 14:43:13.055,0,NVIDIA A100-SXM-64GB,147.36,48124,100
7137,2026-05-30 14:43:13.006852,2026/05/30 14:43:13.061,1,NVIDIA A100-SXM-64GB,147.48,48142,98
7138,2026-05-30 14:43:13.006852,2026/05/30 14:43:13.064,2,NVIDIA A100-SXM-64GB,138.03,48132,100
7139,2026-05-30 14:43:13.006852,2026/05/30 14:43:13.068,3,NVIDIA A100-SXM-64GB,136.29,48106,100
7140,2026-05-30 14:43:18.119067,2026/05/30 14:43:18.171,0,NVIDIA A100-SXM-64GB,193.72,48124,98
7141,2026-05-30 14:43:18.119067,2026/05/30 14:43:18.173,1,NVIDIA A100-SXM-64GB,152.37,48142,100
7142,2026-05-30 14:43:18.119067,2026/05/30 14:43:18.176,2,NVIDIA A100-SXM-64GB,143.53,48132,98
7143,2026-05-30 14:43:18.119067,2026/05/30 14:43:18.178,3,NVIDIA A100-SXM-64GB,174.59,48106,100
7144,2026-05-30 14:43:23.258618,2026/05/30 14:43:23.307,0,NVIDIA A100-SXM-64GB,151.18,48124,98
7145,2026-05-30 14:43:23.258618,2026/05/30 14:43:23.310,1,NVIDIA A100-SXM-64GB,151.93,48142,98
7146,2026-05-30 14:43:23.258618,2026/05/30 14:43:23.312,2,NVIDIA A100-SXM-64GB,148.74,48132,98
7147,2026-05-30 14:43:23.258618,2026/05/30 14:43:23.315,3,NVIDIA A100-SXM-64GB,145.03,48106,100
7148,2026-05-30 14:43:28.388442,2026/05/30 14:43:28.437,0,NVIDIA A100-SXM-64GB,160.62,48124,100
7149,2026-05-30 14:43:28.388442,2026/05/30 14:43:28.440,1,NVIDIA A100-SXM-64GB,159.90,48142,100
7150,2026-05-30 14:43:28.388442,2026/05/30 14:43:28.442,2,NVIDIA A100-SXM-64GB,147.81,48132,100
7151,2026-05-30 14:43:28.388442,2026/05/30 14:43:28.447,3,NVIDIA A100-SXM-64GB,170.96,48106,100
7152,2026-05-30 14:43:33.508953,2026/05/30 14:43:33.565,0,NVIDIA A100-SXM-64GB,149.65,48124,98
7153,2026-05-30 14:43:33.508953,2026/05/30 14:43:33.567,1,NVIDIA A100-SXM-64GB,152.08,48142,98
7154,2026-05-30 14:43:33.508953,2026/05/30 14:43:33.570,2,NVIDIA A100-SXM-64GB,145.49,48132,98
7155,2026-05-30 14:43:33.508953,2026/05/30 14:43:33.572,3,NVIDIA A100-SXM-64GB,145.51,48106,100
7156,2026-05-30 14:43:38.620943,2026/05/30 14:43:38.682,0,NVIDIA A100-SXM-64GB,148.44,48124,100
7157,2026-05-30 14:43:38.620943,2026/05/30 14:43:38.687,1,NVIDIA A100-SXM-64GB,179.49,48142,100
7158,2026-05-30 14:43:38.620943,2026/05/30 14:43:38.692,2,NVIDIA A100-SXM-64GB,148.90,48132,100
7159,2026-05-30 14:43:38.620943,2026/05/30 14:43:38.695,3,NVIDIA A100-SXM-64GB,156.10,48106,100
7160,2026-05-30 14:43:43.752052,2026/05/30 14:43:43.814,0,NVIDIA A100-SXM-64GB,186.02,48124,100
7161,2026-05-30 14:43:43.752052,2026/05/30 14:43:43.817,1,NVIDIA A100-SXM-64GB,176.13,48142,100
7162,2026-05-30 14:43:43.752052,2026/05/30 14:43:43.823,2,NVIDIA A100-SXM-64GB,182.57,48132,100
7163,2026-05-30 14:43:43.752052,2026/05/30 14:43:43.839,3,NVIDIA A100-SXM-64GB,178.46,48106,100
7164,2026-05-30 14:43:48.888623,2026/05/30 14:43:48.936,0,NVIDIA A100-SXM-64GB,157.60,48124,100
7165,2026-05-30 14:43:48.888623,2026/05/30 14:43:48.939,1,NVIDIA A100-SXM-64GB,183.51,48142,100
7166,2026-05-30 14:43:48.888623,2026/05/30 14:43:48.941,2,NVIDIA A100-SXM-64GB,182.57,48132,100
7167,2026-05-30 14:43:48.888623,2026/05/30 14:43:48.946,3,NVIDIA A100-SXM-64GB,146.29,48106,100
7168,2026-05-30 14:43:54.009081,2026/05/30 14:43:54.056,0,NVIDIA A100-SXM-64GB,185.36,48124,100
7169,2026-05-30 14:43:54.009081,2026/05/30 14:43:54.059,1,NVIDIA A100-SXM-64GB,171.13,48142,100
7170,2026-05-30 14:43:54.009081,2026/05/30 14:43:54.062,2,NVIDIA A100-SXM-64GB,183.51,48132,100
7171,2026-05-30 14:43:54.009081,2026/05/30 14:43:54.067,3,NVIDIA A100-SXM-64GB,183.36,48106,100
7172,2026-05-30 14:43:59.143620,2026/05/30 14:43:59.188,0,NVIDIA A100-SXM-64GB,172.85,48124,100
7173,2026-05-30 14:43:59.143620,2026/05/30 14:43:59.190,1,NVIDIA A100-SXM-64GB,183.32,48142,100
7174,2026-05-30 14:43:59.143620,2026/05/30 14:43:59.193,2,NVIDIA A100-SXM-64GB,153.79,48132,100
7175,2026-05-30 14:43:59.143620,2026/05/30 14:43:59.195,3,NVIDIA A100-SXM-64GB,144.28,48106,100
7176,2026-05-30 14:44:04.245345,2026/05/30 14:44:04.293,0,NVIDIA A100-SXM-64GB,165.33,48124,100
7177,2026-05-30 14:44:04.245345,2026/05/30 14:44:04.296,1,NVIDIA A100-SXM-64GB,166.67,48142,100
7178,2026-05-30 14:44:04.245345,2026/05/30 14:44:04.298,2,NVIDIA A100-SXM-64GB,160.67,48132,100
7179,2026-05-30 14:44:04.245345,2026/05/30 14:44:04.301,3,NVIDIA A100-SXM-64GB,161.78,48106,100
7180,2026-05-30 14:44:09.350852,2026/05/30 14:44:09.411,0,NVIDIA A100-SXM-64GB,151.02,48124,100
7181,2026-05-30 14:44:09.350852,2026/05/30 14:44:09.414,1,NVIDIA A100-SXM-64GB,155.61,48142,100
7182,2026-05-30 14:44:09.350852,2026/05/30 14:44:09.419,2,NVIDIA A100-SXM-64GB,164.36,48132,100
7183,2026-05-30 14:44:09.350852,2026/05/30 14:44:09.421,3,NVIDIA A100-SXM-64GB,160.84,48106,100
7184,2026-05-30 14:44:14.495880,2026/05/30 14:44:14.545,0,NVIDIA A100-SXM-64GB,178.66,48124,100
7185,2026-05-30 14:44:14.495880,2026/05/30 14:44:14.548,1,NVIDIA A100-SXM-64GB,193.30,48142,100
7186,2026-05-30 14:44:14.495880,2026/05/30 14:44:14.550,2,NVIDIA A100-SXM-64GB,182.39,48132,100
7187,2026-05-30 14:44:14.495880,2026/05/30 14:44:14.553,3,NVIDIA A100-SXM-64GB,183.70,48106,100
7188,2026-05-30 14:44:19.624924,2026/05/30 14:44:19.669,0,NVIDIA A100-SXM-64GB,150.25,48124,100
7189,2026-05-30 14:44:19.624924,2026/05/30 14:44:19.671,1,NVIDIA A100-SXM-64GB,155.34,48142,100
7190,2026-05-30 14:44:19.624924,2026/05/30 14:44:19.674,2,NVIDIA A100-SXM-64GB,178.01,48132,100
7191,2026-05-30 14:44:19.624924,2026/05/30 14:44:19.676,3,NVIDIA A100-SXM-64GB,135.09,48106,100
7192,2026-05-30 14:44:24.728521,2026/05/30 14:44:24.777,0,NVIDIA A100-SXM-64GB,146.57,48124,98
7193,2026-05-30 14:44:24.728521,2026/05/30 14:44:24.783,1,NVIDIA A100-SXM-64GB,149.05,48142,100
7194,2026-05-30 14:44:24.728521,2026/05/30 14:44:24.786,2,NVIDIA A100-SXM-64GB,150.72,48132,98
7195,2026-05-30 14:44:24.728521,2026/05/30 14:44:24.788,3,NVIDIA A100-SXM-64GB,137.70,48106,98
7196,2026-05-30 14:44:29.850243,2026/05/30 14:44:29.922,0,NVIDIA A100-SXM-64GB,195.58,48124,100
7197,2026-05-30 14:44:29.850243,2026/05/30 14:44:29.924,1,NVIDIA A100-SXM-64GB,133.87,48142,100
7198,2026-05-30 14:44:29.850243,2026/05/30 14:44:29.927,2,NVIDIA A100-SXM-64GB,211.46,48132,100
7199,2026-05-30 14:44:29.850243,2026/05/30 14:44:29.929,3,NVIDIA A100-SXM-64GB,198.20,48106,100
7200,2026-05-30 14:44:34.979738,2026/05/30 14:44:35.027,0,NVIDIA A100-SXM-64GB,188.76,48124,100
7201,2026-05-30 14:44:34.979738,2026/05/30 14:44:35.030,1,NVIDIA A100-SXM-64GB,172.78,48142,100
7202,2026-05-30 14:44:34.979738,2026/05/30 14:44:35.032,2,NVIDIA A100-SXM-64GB,176.13,48132,100
7203,2026-05-30 14:44:34.979738,2026/05/30 14:44:35.035,3,NVIDIA A100-SXM-64GB,165.91,48106,100
7204,2026-05-30 14:44:40.108462,2026/05/30 14:44:40.156,0,NVIDIA A100-SXM-64GB,165.50,48124,100
7205,2026-05-30 14:44:40.108462,2026/05/30 14:44:40.159,1,NVIDIA A100-SXM-64GB,160.40,48142,100
7206,2026-05-30 14:44:40.108462,2026/05/30 14:44:40.161,2,NVIDIA A100-SXM-64GB,165.40,48132,100
7207,2026-05-30 14:44:40.108462,2026/05/30 14:44:40.167,3,NVIDIA A100-SXM-64GB,162.21,48106,100
7208,2026-05-30 14:44:45.228972,2026/05/30 14:44:45.277,0,NVIDIA A100-SXM-64GB,171.64,48124,100
7209,2026-05-30 14:44:45.228972,2026/05/30 14:44:45.280,1,NVIDIA A100-SXM-64GB,190.22,48142,100
7210,2026-05-30 14:44:45.228972,2026/05/30 14:44:45.282,2,NVIDIA A100-SXM-64GB,176.46,48132,100
7211,2026-05-30 14:44:45.228972,2026/05/30 14:44:45.288,3,NVIDIA A100-SXM-64GB,174.50,48106,100
7212,2026-05-30 14:44:50.347007,2026/05/30 14:44:50.391,0,NVIDIA A100-SXM-64GB,143.83,48124,100
7213,2026-05-30 14:44:50.347007,2026/05/30 14:44:50.394,1,NVIDIA A100-SXM-64GB,178.28,48142,100
7214,2026-05-30 14:44:50.347007,2026/05/30 14:44:50.396,2,NVIDIA A100-SXM-64GB,150.72,48132,100
7215,2026-05-30 14:44:50.347007,2026/05/30 14:44:50.399,3,NVIDIA A100-SXM-64GB,143.03,48106,100
7216,2026-05-30 14:44:55.461413,2026/05/30 14:44:55.509,0,NVIDIA A100-SXM-64GB,175.92,48124,100
7217,2026-05-30 14:44:55.461413,2026/05/30 14:44:55.512,1,NVIDIA A100-SXM-64GB,180.01,48142,100
7218,2026-05-30 14:44:55.461413,2026/05/30 14:44:55.514,2,NVIDIA A100-SXM-64GB,187.88,48132,100
7219,2026-05-30 14:44:55.461413,2026/05/30 14:44:55.518,3,NVIDIA A100-SXM-64GB,165.74,48106,100
7220,2026-05-30 14:45:00.579299,2026/05/30 14:45:00.623,0,NVIDIA A100-SXM-64GB,166.94,48124,100
7221,2026-05-30 14:45:00.579299,2026/05/30 14:45:00.625,1,NVIDIA A100-SXM-64GB,165.91,48142,100
7222,2026-05-30 14:45:00.579299,2026/05/30 14:45:00.628,2,NVIDIA A100-SXM-64GB,162.38,48132,100
7223,2026-05-30 14:45:00.579299,2026/05/30 14:45:00.631,3,NVIDIA A100-SXM-64GB,143.03,48106,100
7224,2026-05-30 14:45:05.694339,2026/05/30 14:45:05.746,0,NVIDIA A100-SXM-64GB,143.98,48124,100
7225,2026-05-30 14:45:05.694339,2026/05/30 14:45:05.749,1,NVIDIA A100-SXM-64GB,138.91,48142,100
7226,2026-05-30 14:45:05.694339,2026/05/30 14:45:05.751,2,NVIDIA A100-SXM-64GB,136.16,48132,100
7227,2026-05-30 14:45:05.694339,2026/05/30 14:45:05.755,3,NVIDIA A100-SXM-64GB,146.11,48106,98
7228,2026-05-30 14:45:10.833449,2026/05/30 14:45:10.888,0,NVIDIA A100-SXM-64GB,173.79,48124,98
7229,2026-05-30 14:45:10.833449,2026/05/30 14:45:10.891,1,NVIDIA A100-SXM-64GB,175.53,48142,100
7230,2026-05-30 14:45:10.833449,2026/05/30 14:45:10.894,2,NVIDIA A100-SXM-64GB,141.52,48132,98
7231,2026-05-30 14:45:10.833449,2026/05/30 14:45:10.896,3,NVIDIA A100-SXM-64GB,220.82,48106,100
7232,2026-05-30 14:45:15.934847,2026/05/30 14:45:15.983,0,NVIDIA A100-SXM-64GB,138.49,48124,98
7233,2026-05-30 14:45:15.934847,2026/05/30 14:45:15.985,1,NVIDIA A100-SXM-64GB,140.13,48142,98
7234,2026-05-30 14:45:15.934847,2026/05/30 14:45:15.988,2,NVIDIA A100-SXM-64GB,143.48,48132,98
7235,2026-05-30 14:45:15.934847,2026/05/30 14:45:15.990,3,NVIDIA A100-SXM-64GB,144.30,48106,98
7236,2026-05-30 14:45:21.055610,2026/05/30 14:45:21.103,0,NVIDIA A100-SXM-64GB,159.41,48124,100
7237,2026-05-30 14:45:21.055610,2026/05/30 14:45:21.105,1,NVIDIA A100-SXM-64GB,158.25,48142,100
7238,2026-05-30 14:45:21.055610,2026/05/30 14:45:21.108,2,NVIDIA A100-SXM-64GB,173.99,48132,100
7239,2026-05-30 14:45:21.055610,2026/05/30 14:45:21.114,3,NVIDIA A100-SXM-64GB,142.42,48106,100
7240,2026-05-30 14:45:26.171075,2026/05/30 14:45:26.215,0,NVIDIA A100-SXM-64GB,144.31,48124,98
7241,2026-05-30 14:45:26.171075,2026/05/30 14:45:26.218,1,NVIDIA A100-SXM-64GB,150.26,48142,98
7242,2026-05-30 14:45:26.171075,2026/05/30 14:45:26.220,2,NVIDIA A100-SXM-64GB,151.47,48132,98
7243,2026-05-30 14:45:26.171075,2026/05/30 14:45:26.223,3,NVIDIA A100-SXM-64GB,141.81,48106,98
7244,2026-05-30 14:45:31.272272,2026/05/30 14:45:31.316,0,NVIDIA A100-SXM-64GB,152.71,48124,100
7245,2026-05-30 14:45:31.272272,2026/05/30 14:45:31.318,1,NVIDIA A100-SXM-64GB,145.03,48142,100
7246,2026-05-30 14:45:31.272272,2026/05/30 14:45:31.321,2,NVIDIA A100-SXM-64GB,170.96,48132,100
7247,2026-05-30 14:45:31.272272,2026/05/30 14:45:31.323,3,NVIDIA A100-SXM-64GB,153.34,48106,100
7248,2026-05-30 14:45:36.374426,2026/05/30 14:45:36.418,0,NVIDIA A100-SXM-64GB,174.72,48124,100
7249,2026-05-30 14:45:36.374426,2026/05/30 14:45:36.423,1,NVIDIA A100-SXM-64GB,196.06,48142,100
7250,2026-05-30 14:45:36.374426,2026/05/30 14:45:36.425,2,NVIDIA A100-SXM-64GB,161.78,48132,100
7251,2026-05-30 14:45:36.374426,2026/05/30 14:45:36.430,3,NVIDIA A100-SXM-64GB,171.13,48106,100
7252,2026-05-30 14:45:41.493148,2026/05/30 14:45:41.537,0,NVIDIA A100-SXM-64GB,169.61,48124,100
7253,2026-05-30 14:45:41.493148,2026/05/30 14:45:41.540,1,NVIDIA A100-SXM-64GB,159.30,48142,100
7254,2026-05-30 14:45:41.493148,2026/05/30 14:45:41.542,2,NVIDIA A100-SXM-64GB,149.35,48132,100
7255,2026-05-30 14:45:41.493148,2026/05/30 14:45:41.545,3,NVIDIA A100-SXM-64GB,140.13,48106,100
7256,2026-05-30 14:45:46.610906,2026/05/30 14:45:46.658,0,NVIDIA A100-SXM-64GB,176.67,48124,100
7257,2026-05-30 14:45:46.610906,2026/05/30 14:45:46.661,1,NVIDIA A100-SXM-64GB,176.13,48142,100
7258,2026-05-30 14:45:46.610906,2026/05/30 14:45:46.663,2,NVIDIA A100-SXM-64GB,182.71,48132,100
7259,2026-05-30 14:45:46.610906,2026/05/30 14:45:46.666,3,NVIDIA A100-SXM-64GB,161.00,48106,100
7260,2026-05-30 14:45:51.722767,2026/05/30 14:45:51.766,0,NVIDIA A100-SXM-64GB,140.49,48124,100
7261,2026-05-30 14:45:51.722767,2026/05/30 14:45:51.768,1,NVIDIA A100-SXM-64GB,167.55,48142,100
7262,2026-05-30 14:45:51.722767,2026/05/30 14:45:51.771,2,NVIDIA A100-SXM-64GB,161.44,48132,100
7263,2026-05-30 14:45:51.722767,2026/05/30 14:45:51.774,3,NVIDIA A100-SXM-64GB,150.87,48106,100
7264,2026-05-30 14:45:56.838936,2026/05/30 14:45:56.887,0,NVIDIA A100-SXM-64GB,174.54,48124,100
7265,2026-05-30 14:45:56.838936,2026/05/30 14:45:56.892,1,NVIDIA A100-SXM-64GB,175.86,48142,100
7266,2026-05-30 14:45:56.838936,2026/05/30 14:45:56.895,2,NVIDIA A100-SXM-64GB,176.46,48132,100
7267,2026-05-30 14:45:56.838936,2026/05/30 14:45:56.897,3,NVIDIA A100-SXM-64GB,183.09,48106,100
7268,2026-05-30 14:46:01.954504,2026/05/30 14:46:01.998,0,NVIDIA A100-SXM-64GB,179.69,48124,100
7269,2026-05-30 14:46:01.954504,2026/05/30 14:46:02.000,1,NVIDIA A100-SXM-64GB,155.01,48142,100
7270,2026-05-30 14:46:01.954504,2026/05/30 14:46:02.003,2,NVIDIA A100-SXM-64GB,175.35,48132,100
7271,2026-05-30 14:46:01.954504,2026/05/30 14:46:02.005,3,NVIDIA A100-SXM-64GB,177.67,48106,100
7272,2026-05-30 14:46:07.070465,2026/05/30 14:46:07.114,0,NVIDIA A100-SXM-64GB,140.76,48124,98
7273,2026-05-30 14:46:07.070465,2026/05/30 14:46:07.116,1,NVIDIA A100-SXM-64GB,140.59,48142,98
7274,2026-05-30 14:46:07.070465,2026/05/30 14:46:07.119,2,NVIDIA A100-SXM-64GB,140.59,48132,98
7275,2026-05-30 14:46:07.070465,2026/05/30 14:46:07.121,3,NVIDIA A100-SXM-64GB,129.71,48106,100
7276,2026-05-30 14:46:12.184664,2026/05/30 14:46:12.239,0,NVIDIA A100-SXM-64GB,134.07,48124,100
7277,2026-05-30 14:46:12.184664,2026/05/30 14:46:12.244,1,NVIDIA A100-SXM-64GB,194.04,48142,100
7278,2026-05-30 14:46:12.184664,2026/05/30 14:46:12.246,2,NVIDIA A100-SXM-64GB,146.27,48132,100
7279,2026-05-30 14:46:12.184664,2026/05/30 14:46:12.249,3,NVIDIA A100-SXM-64GB,187.19,48106,100
7280,2026-05-30 14:46:17.288840,2026/05/30 14:46:17.350,0,NVIDIA A100-SXM-64GB,151.18,48124,98
7281,2026-05-30 14:46:17.288840,2026/05/30 14:46:17.352,1,NVIDIA A100-SXM-64GB,151.32,48142,100
7282,2026-05-30 14:46:17.288840,2026/05/30 14:46:17.355,2,NVIDIA A100-SXM-64GB,132.94,48132,100
7283,2026-05-30 14:46:17.288840,2026/05/30 14:46:17.358,3,NVIDIA A100-SXM-64GB,141.07,48106,99
7284,2026-05-30 14:46:22.434036,2026/05/30 14:46:22.477,0,NVIDIA A100-SXM-64GB,145.70,48124,99
7285,2026-05-30 14:46:22.434036,2026/05/30 14:46:22.479,1,NVIDIA A100-SXM-64GB,147.35,48142,97
7286,2026-05-30 14:46:22.434036,2026/05/30 14:46:22.482,2,NVIDIA A100-SXM-64GB,141.98,48132,97
7287,2026-05-30 14:46:22.434036,2026/05/30 14:46:22.484,3,NVIDIA A100-SXM-64GB,144.75,48106,100
7288,2026-05-30 14:46:27.547230,2026/05/30 14:46:27.598,0,NVIDIA A100-SXM-64GB,170.11,48124,100
7289,2026-05-30 14:46:27.547230,2026/05/30 14:46:27.601,1,NVIDIA A100-SXM-64GB,188.40,48142,100
7290,2026-05-30 14:46:27.547230,2026/05/30 14:46:27.603,2,NVIDIA A100-SXM-64GB,169.25,48132,100
7291,2026-05-30 14:46:27.547230,2026/05/30 14:46:27.606,3,NVIDIA A100-SXM-64GB,161.60,48106,100
7292,2026-05-30 14:46:32.675615,2026/05/30 14:46:32.720,0,NVIDIA A100-SXM-64GB,144.31,48124,99
7293,2026-05-30 14:46:32.675615,2026/05/30 14:46:32.725,1,NVIDIA A100-SXM-64GB,136.76,48142,97
7294,2026-05-30 14:46:32.675615,2026/05/30 14:46:32.727,2,NVIDIA A100-SXM-64GB,146.75,48132,97
7295,2026-05-30 14:46:32.675615,2026/05/30 14:46:32.730,3,NVIDIA A100-SXM-64GB,127.70,48106,100
7296,2026-05-30 14:46:37.780960,2026/05/30 14:46:37.829,0,NVIDIA A100-SXM-64GB,175.59,48124,100
7297,2026-05-30 14:46:37.780960,2026/05/30 14:46:37.832,1,NVIDIA A100-SXM-64GB,167.72,48142,100
7298,2026-05-30 14:46:37.780960,2026/05/30 14:46:37.834,2,NVIDIA A100-SXM-64GB,177.07,48132,100
7299,2026-05-30 14:46:37.780960,2026/05/30 14:46:37.839,3,NVIDIA A100-SXM-64GB,148.60,48106,100
7300,2026-05-30 14:46:42.876638,2026/05/30 14:46:42.921,0,NVIDIA A100-SXM-64GB,175.32,48124,100
7301,2026-05-30 14:46:42.876638,2026/05/30 14:46:42.926,1,NVIDIA A100-SXM-64GB,163.43,48142,100
7302,2026-05-30 14:46:42.876638,2026/05/30 14:46:42.929,2,NVIDIA A100-SXM-64GB,129.58,48132,100
7303,2026-05-30 14:46:42.876638,2026/05/30 14:46:42.932,3,NVIDIA A100-SXM-64GB,161.60,48106,100
7304,2026-05-30 14:46:47.981935,2026/05/30 14:46:48.034,0,NVIDIA A100-SXM-64GB,174.38,48124,100
7305,2026-05-30 14:46:47.981935,2026/05/30 14:46:48.037,1,NVIDIA A100-SXM-64GB,203.43,48142,100
7306,2026-05-30 14:46:47.981935,2026/05/30 14:46:48.039,2,NVIDIA A100-SXM-64GB,180.43,48132,100
7307,2026-05-30 14:46:47.981935,2026/05/30 14:46:48.042,3,NVIDIA A100-SXM-64GB,176.04,48106,98
7308,2026-05-30 14:46:53.078503,2026/05/30 14:46:53.125,0,NVIDIA A100-SXM-64GB,166.59,48124,100
7309,2026-05-30 14:46:53.078503,2026/05/30 14:46:53.129,1,NVIDIA A100-SXM-64GB,184.11,48142,100
7310,2026-05-30 14:46:53.078503,2026/05/30 14:46:53.135,2,NVIDIA A100-SXM-64GB,167.11,48132,100
7311,2026-05-30 14:46:53.078503,2026/05/30 14:46:53.140,3,NVIDIA A100-SXM-64GB,165.30,48106,100
7312,2026-05-30 14:46:58.178917,2026/05/30 14:46:58.233,0,NVIDIA A100-SXM-64GB,187.31,48124,100
7313,2026-05-30 14:46:58.178917,2026/05/30 14:46:58.236,1,NVIDIA A100-SXM-64GB,141.85,48142,100
7314,2026-05-30 14:46:58.178917,2026/05/30 14:46:58.239,2,NVIDIA A100-SXM-64GB,171.39,48132,98
7315,2026-05-30 14:46:58.178917,2026/05/30 14:46:58.242,3,NVIDIA A100-SXM-64GB,145.03,48106,100
7316,2026-05-30 14:47:03.303516,2026/05/30 14:47:03.351,0,NVIDIA A100-SXM-64GB,155.74,48124,100
7317,2026-05-30 14:47:03.303516,2026/05/30 14:47:03.354,1,NVIDIA A100-SXM-64GB,183.79,48142,100
7318,2026-05-30 14:47:03.303516,2026/05/30 14:47:03.357,2,NVIDIA A100-SXM-64GB,158.36,48132,100
7319,2026-05-30 14:47:03.303516,2026/05/30 14:47:03.362,3,NVIDIA A100-SXM-64GB,167.72,48106,100
7320,2026-05-30 14:47:08.424903,2026/05/30 14:47:08.469,0,NVIDIA A100-SXM-64GB,158.20,48124,100
7321,2026-05-30 14:47:08.424903,2026/05/30 14:47:08.474,1,NVIDIA A100-SXM-64GB,166.01,48142,100
7322,2026-05-30 14:47:08.424903,2026/05/30 14:47:08.477,2,NVIDIA A100-SXM-64GB,179.82,48132,100
7323,2026-05-30 14:47:08.424903,2026/05/30 14:47:08.482,3,NVIDIA A100-SXM-64GB,166.84,48106,100
7324,2026-05-30 14:47:13.524778,2026/05/30 14:47:13.584,0,NVIDIA A100-SXM-64GB,165.99,48124,100
7325,2026-05-30 14:47:13.524778,2026/05/30 14:47:13.587,1,NVIDIA A100-SXM-64GB,146.75,48142,100
7326,2026-05-30 14:47:13.524778,2026/05/30 14:47:13.589,2,NVIDIA A100-SXM-64GB,145.49,48132,100
7327,2026-05-30 14:47:13.524778,2026/05/30 14:47:13.592,3,NVIDIA A100-SXM-64GB,156.71,48106,100
7328,2026-05-30 14:47:18.630957,2026/05/30 14:47:18.678,0,NVIDIA A100-SXM-64GB,179.69,48124,100
7329,2026-05-30 14:47:18.630957,2026/05/30 14:47:18.681,1,NVIDIA A100-SXM-64GB,185.32,48142,100
7330,2026-05-30 14:47:18.630957,2026/05/30 14:47:18.683,2,NVIDIA A100-SXM-64GB,179.31,48132,100
7331,2026-05-30 14:47:18.630957,2026/05/30 14:47:18.686,3,NVIDIA A100-SXM-64GB,160.40,48106,100
7332,2026-05-30 14:47:23.751618,2026/05/30 14:47:23.799,0,NVIDIA A100-SXM-64GB,167.19,48124,100
7333,2026-05-30 14:47:23.751618,2026/05/30 14:47:23.802,1,NVIDIA A100-SXM-64GB,172.78,48142,100
7334,2026-05-30 14:47:23.751618,2026/05/30 14:47:23.804,2,NVIDIA A100-SXM-64GB,165.23,48132,100
7335,2026-05-30 14:47:23.751618,2026/05/30 14:47:23.807,3,NVIDIA A100-SXM-64GB,168.15,48106,100
7336,2026-05-30 14:47:28.854955,2026/05/30 14:47:28.902,0,NVIDIA A100-SXM-64GB,148.29,48124,98
7337,2026-05-30 14:47:28.854955,2026/05/30 14:47:28.905,1,NVIDIA A100-SXM-64GB,184.44,48142,100
7338,2026-05-30 14:47:28.854955,2026/05/30 14:47:28.908,2,NVIDIA A100-SXM-64GB,169.25,48132,100
7339,2026-05-30 14:47:28.854955,2026/05/30 14:47:28.910,3,NVIDIA A100-SXM-64GB,145.36,48106,100
7340,2026-05-30 14:47:33.986617,2026/05/30 14:47:34.031,0,NVIDIA A100-SXM-64GB,145.82,48124,99
7341,2026-05-30 14:47:33.986617,2026/05/30 14:47:34.036,1,NVIDIA A100-SXM-64GB,146.14,48142,99
7342,2026-05-30 14:47:33.986617,2026/05/30 14:47:34.039,2,NVIDIA A100-SXM-64GB,144.73,48132,97
7343,2026-05-30 14:47:33.986617,2026/05/30 14:47:34.045,3,NVIDIA A100-SXM-64GB,144.15,48106,100
7344,2026-05-30 14:47:39.081972,2026/05/30 14:47:39.129,0,NVIDIA A100-SXM-64GB,180.02,48124,100
7345,2026-05-30 14:47:39.081972,2026/05/30 14:47:39.132,1,NVIDIA A100-SXM-64GB,174.59,48142,100
7346,2026-05-30 14:47:39.081972,2026/05/30 14:47:39.135,2,NVIDIA A100-SXM-64GB,175.95,48132,100
7347,2026-05-30 14:47:39.081972,2026/05/30 14:47:39.138,3,NVIDIA A100-SXM-64GB,188.08,48106,100
7348,2026-05-30 14:47:44.192008,2026/05/30 14:47:44.239,0,NVIDIA A100-SXM-64GB,149.49,48124,100
7349,2026-05-30 14:47:44.192008,2026/05/30 14:47:44.242,1,NVIDIA A100-SXM-64GB,154.07,48142,100
7350,2026-05-30 14:47:44.192008,2026/05/30 14:47:44.245,2,NVIDIA A100-SXM-64GB,147.81,48132,100
7351,2026-05-30 14:47:44.192008,2026/05/30 14:47:44.247,3,NVIDIA A100-SXM-64GB,143.48,48106,97
7352,2026-05-30 14:47:49.297685,2026/05/30 14:47:49.346,0,NVIDIA A100-SXM-64GB,168.73,48124,100
7353,2026-05-30 14:47:49.297685,2026/05/30 14:47:49.349,1,NVIDIA A100-SXM-64GB,171.67,48142,100
7354,2026-05-30 14:47:49.297685,2026/05/30 14:47:49.351,2,NVIDIA A100-SXM-64GB,184.53,48132,100
7355,2026-05-30 14:47:49.297685,2026/05/30 14:47:49.354,3,NVIDIA A100-SXM-64GB,161.78,48106,100
7356,2026-05-30 14:47:54.427933,2026/05/30 14:47:54.489,0,NVIDIA A100-SXM-64GB,175.41,48124,100
7357,2026-05-30 14:47:54.427933,2026/05/30 14:47:54.492,1,NVIDIA A100-SXM-64GB,174.41,48142,100
7358,2026-05-30 14:47:54.427933,2026/05/30 14:47:54.494,2,NVIDIA A100-SXM-64GB,160.95,48132,100
7359,2026-05-30 14:47:54.427933,2026/05/30 14:47:54.497,3,NVIDIA A100-SXM-64GB,175.86,48106,100
7360,2026-05-30 14:47:59.559962,2026/05/30 14:47:59.608,0,NVIDIA A100-SXM-64GB,178.76,48124,100
7361,2026-05-30 14:47:59.559962,2026/05/30 14:47:59.611,1,NVIDIA A100-SXM-64GB,173.71,48142,100
7362,2026-05-30 14:47:59.559962,2026/05/30 14:47:59.616,2,NVIDIA A100-SXM-64GB,167.38,48132,100
7363,2026-05-30 14:47:59.559962,2026/05/30 14:47:59.620,3,NVIDIA A100-SXM-64GB,172.17,48106,100
7364,2026-05-30 14:48:04.683213,2026/05/30 14:48:04.734,0,NVIDIA A100-SXM-64GB,180.29,48124,100
7365,2026-05-30 14:48:04.683213,2026/05/30 14:48:04.737,1,NVIDIA A100-SXM-64GB,133.27,48142,100
7366,2026-05-30 14:48:04.683213,2026/05/30 14:48:04.744,2,NVIDIA A100-SXM-64GB,167.71,48132,100
7367,2026-05-30 14:48:04.683213,2026/05/30 14:48:04.757,3,NVIDIA A100-SXM-64GB,176.74,48106,100
7368,2026-05-30 14:48:09.801334,2026/05/30 14:48:09.845,0,NVIDIA A100-SXM-64GB,164.45,48124,100
7369,2026-05-30 14:48:09.801334,2026/05/30 14:48:09.848,1,NVIDIA A100-SXM-64GB,177.67,48142,100
7370,2026-05-30 14:48:09.801334,2026/05/30 14:48:09.850,2,NVIDIA A100-SXM-64GB,188.82,48132,100
7371,2026-05-30 14:48:09.801334,2026/05/30 14:48:09.852,3,NVIDIA A100-SXM-64GB,155.94,48106,100
7372,2026-05-30 14:48:14.908717,2026/05/30 14:48:14.956,0,NVIDIA A100-SXM-64GB,181.55,48124,100
7373,2026-05-30 14:48:14.908717,2026/05/30 14:48:14.959,1,NVIDIA A100-SXM-64GB,178.10,48142,100
7374,2026-05-30 14:48:14.908717,2026/05/30 14:48:14.961,2,NVIDIA A100-SXM-64GB,175.68,48132,100
7375,2026-05-30 14:48:14.908717,2026/05/30 14:48:14.964,3,NVIDIA A100-SXM-64GB,164.53,48106,100
7376,2026-05-30 14:48:20.026528,2026/05/30 14:48:20.073,0,NVIDIA A100-SXM-64GB,189.77,48124,100
7377,2026-05-30 14:48:20.026528,2026/05/30 14:48:20.075,1,NVIDIA A100-SXM-64GB,175.53,48142,100
7378,2026-05-30 14:48:20.026528,2026/05/30 14:48:20.079,2,NVIDIA A100-SXM-64GB,185.74,48132,100
7379,2026-05-30 14:48:20.026528,2026/05/30 14:48:20.082,3,NVIDIA A100-SXM-64GB,162.05,48106,100
7380,2026-05-30 14:48:25.132814,2026/05/30 14:48:25.188,0,NVIDIA A100-SXM-64GB,144.16,48124,100
7381,2026-05-30 14:48:25.132814,2026/05/30 14:48:25.190,1,NVIDIA A100-SXM-64GB,151.32,48142,100
7382,2026-05-30 14:48:25.132814,2026/05/30 14:48:25.193,2,NVIDIA A100-SXM-64GB,144.46,48132,100
7383,2026-05-30 14:48:25.132814,2026/05/30 14:48:25.195,3,NVIDIA A100-SXM-64GB,141.67,48106,100
7384,2026-05-30 14:48:30.268620,2026/05/30 14:48:30.323,0,NVIDIA A100-SXM-64GB,179.41,48124,100
7385,2026-05-30 14:48:30.268620,2026/05/30 14:48:30.326,1,NVIDIA A100-SXM-64GB,178.88,48142,100
7386,2026-05-30 14:48:30.268620,2026/05/30 14:48:30.328,2,NVIDIA A100-SXM-64GB,182.11,48132,100
7387,2026-05-30 14:48:30.268620,2026/05/30 14:48:30.331,3,NVIDIA A100-SXM-64GB,161.44,48106,100
7388,2026-05-30 14:48:35.410118,2026/05/30 14:48:35.454,0,NVIDIA A100-SXM-64GB,140.49,48124,96
7389,2026-05-30 14:48:35.410118,2026/05/30 14:48:35.460,1,NVIDIA A100-SXM-64GB,149.50,48142,100
7390,2026-05-30 14:48:35.410118,2026/05/30 14:48:35.465,2,NVIDIA A100-SXM-64GB,148.29,48132,93
7391,2026-05-30 14:48:35.410118,2026/05/30 14:48:35.467,3,NVIDIA A100-SXM-64GB,137.37,48106,100
7392,2026-05-30 14:48:40.528009,2026/05/30 14:48:40.575,0,NVIDIA A100-SXM-64GB,176.67,48124,100
7393,2026-05-30 14:48:40.528009,2026/05/30 14:48:40.582,1,NVIDIA A100-SXM-64GB,178.61,48142,100
7394,2026-05-30 14:48:40.528009,2026/05/30 14:48:40.587,2,NVIDIA A100-SXM-64GB,171.39,48132,100
7395,2026-05-30 14:48:40.528009,2026/05/30 14:48:40.603,3,NVIDIA A100-SXM-64GB,154.55,48106,100
7396,2026-05-30 14:48:45.654053,2026/05/30 14:48:45.698,0,NVIDIA A100-SXM-64GB,147.18,48124,97
7397,2026-05-30 14:48:45.654053,2026/05/30 14:48:45.702,1,NVIDIA A100-SXM-64GB,141.07,48142,99
7398,2026-05-30 14:48:45.654053,2026/05/30 14:48:45.704,2,NVIDIA A100-SXM-64GB,143.67,48132,100
7399,2026-05-30 14:48:45.654053,2026/05/30 14:48:45.707,3,NVIDIA A100-SXM-64GB,141.07,48106,99
7400,2026-05-30 14:48:50.775351,2026/05/30 14:48:50.824,0,NVIDIA A100-SXM-64GB,184.48,48124,100
7401,2026-05-30 14:48:50.775351,2026/05/30 14:48:50.827,1,NVIDIA A100-SXM-64GB,173.11,48142,100
7402,2026-05-30 14:48:50.775351,2026/05/30 14:48:50.830,2,NVIDIA A100-SXM-64GB,178.28,48132,100
7403,2026-05-30 14:48:50.775351,2026/05/30 14:48:50.833,3,NVIDIA A100-SXM-64GB,176.92,48106,100
7404,2026-05-30 14:48:55.895135,2026/05/30 14:48:55.943,0,NVIDIA A100-SXM-64GB,180.81,48124,100
7405,2026-05-30 14:48:55.895135,2026/05/30 14:48:55.945,1,NVIDIA A100-SXM-64GB,182.57,48142,100
7406,2026-05-30 14:48:55.895135,2026/05/30 14:48:55.951,2,NVIDIA A100-SXM-64GB,170.30,48132,100
7407,2026-05-30 14:48:55.895135,2026/05/30 14:48:55.953,3,NVIDIA A100-SXM-64GB,168.66,48106,100
7408,2026-05-30 14:49:01.004769,2026/05/30 14:49:01.055,0,NVIDIA A100-SXM-64GB,143.38,48124,98
7409,2026-05-30 14:49:01.004769,2026/05/30 14:49:01.058,1,NVIDIA A100-SXM-64GB,148.12,48142,98
7410,2026-05-30 14:49:01.004769,2026/05/30 14:49:01.060,2,NVIDIA A100-SXM-64GB,150.11,48132,98
7411,2026-05-30 14:49:01.004769,2026/05/30 14:49:01.062,3,NVIDIA A100-SXM-64GB,134.43,48106,98
7412,2026-05-30 14:49:06.127630,2026/05/30 14:49:06.172,0,NVIDIA A100-SXM-64GB,144.16,48124,98
7413,2026-05-30 14:49:06.127630,2026/05/30 14:49:06.174,1,NVIDIA A100-SXM-64GB,149.18,48142,98
7414,2026-05-30 14:49:06.127630,2026/05/30 14:49:06.177,2,NVIDIA A100-SXM-64GB,150.72,48132,100
7415,2026-05-30 14:49:06.127630,2026/05/30 14:49:06.180,3,NVIDIA A100-SXM-64GB,140.13,48106,98
7416,2026-05-30 14:49:11.248614,2026/05/30 14:49:11.300,0,NVIDIA A100-SXM-64GB,167.46,48124,100
7417,2026-05-30 14:49:11.248614,2026/05/30 14:49:11.303,1,NVIDIA A100-SXM-64GB,159.63,48142,100
7418,2026-05-30 14:49:11.248614,2026/05/30 14:49:11.305,2,NVIDIA A100-SXM-64GB,156.99,48132,100
7419,2026-05-30 14:49:11.248614,2026/05/30 14:49:11.308,3,NVIDIA A100-SXM-64GB,146.14,48106,100
7420,2026-05-30 14:49:16.368419,2026/05/30 14:49:16.415,0,NVIDIA A100-SXM-64GB,145.82,48124,100
7421,2026-05-30 14:49:16.368419,2026/05/30 14:49:16.417,1,NVIDIA A100-SXM-64GB,154.40,48142,100
7422,2026-05-30 14:49:16.368419,2026/05/30 14:49:16.420,2,NVIDIA A100-SXM-64GB,135.55,48132,98
7423,2026-05-30 14:49:16.368419,2026/05/30 14:49:16.422,3,NVIDIA A100-SXM-64GB,144.88,48106,100
7424,2026-05-30 14:49:21.476920,2026/05/30 14:49:21.521,0,NVIDIA A100-SXM-64GB,171.74,48124,100
7425,2026-05-30 14:49:21.476920,2026/05/30 14:49:21.523,1,NVIDIA A100-SXM-64GB,178.43,48142,100
7426,2026-05-30 14:49:21.476920,2026/05/30 14:49:21.526,2,NVIDIA A100-SXM-64GB,160.67,48132,100
7427,2026-05-30 14:49:21.476920,2026/05/30 14:49:21.529,3,NVIDIA A100-SXM-64GB,161.00,48106,100
7428,2026-05-30 14:49:26.591615,2026/05/30 14:49:26.636,0,NVIDIA A100-SXM-64GB,150.70,48124,100
7429,2026-05-30 14:49:26.591615,2026/05/30 14:49:26.640,1,NVIDIA A100-SXM-64GB,137.69,48142,98
7430,2026-05-30 14:49:26.591615,2026/05/30 14:49:26.643,2,NVIDIA A100-SXM-64GB,145.34,48132,98
7431,2026-05-30 14:49:26.591615,2026/05/30 14:49:26.645,3,NVIDIA A100-SXM-64GB,118.64,48106,98
7432,2026-05-30 14:49:31.698527,2026/05/30 14:49:31.756,0,NVIDIA A100-SXM-64GB,145.98,48124,100
7433,2026-05-30 14:49:31.698527,2026/05/30 14:49:31.758,1,NVIDIA A100-SXM-64GB,174.41,48142,100
7434,2026-05-30 14:49:31.698527,2026/05/30 14:49:31.762,2,NVIDIA A100-SXM-64GB,138.63,48132,98
7435,2026-05-30 14:49:31.698527,2026/05/30 14:49:31.764,3,NVIDIA A100-SXM-64GB,139.19,48106,100
7436,2026-05-30 14:49:36.827269,2026/05/30 14:49:36.871,0,NVIDIA A100-SXM-64GB,150.58,48124,98
7437,2026-05-30 14:49:36.827269,2026/05/30 14:49:36.873,1,NVIDIA A100-SXM-64GB,147.63,48142,98
7438,2026-05-30 14:49:36.827269,2026/05/30 14:49:36.876,2,NVIDIA A100-SXM-64GB,142.32,48132,100
7439,2026-05-30 14:49:36.827269,2026/05/30 14:49:36.880,3,NVIDIA A100-SXM-64GB,144.75,48106,98
7440,2026-05-30 14:49:41.923528,2026/05/30 14:49:41.968,0,NVIDIA A100-SXM-64GB,157.71,48124,100
7441,2026-05-30 14:49:41.923528,2026/05/30 14:49:41.970,1,NVIDIA A100-SXM-64GB,161.44,48142,100
7442,2026-05-30 14:49:41.923528,2026/05/30 14:49:41.973,2,NVIDIA A100-SXM-64GB,158.81,48132,100
7443,2026-05-30 14:49:41.923528,2026/05/30 14:49:41.975,3,NVIDIA A100-SXM-64GB,167.88,48106,100
7444,2026-05-30 14:49:47.026850,2026/05/30 14:49:47.076,0,NVIDIA A100-SXM-64GB,149.32,48124,100
7445,2026-05-30 14:49:47.026850,2026/05/30 14:49:47.078,1,NVIDIA A100-SXM-64GB,180.15,48142,100
7446,2026-05-30 14:49:47.026850,2026/05/30 14:49:47.082,2,NVIDIA A100-SXM-64GB,127.10,48132,100
7447,2026-05-30 14:49:47.026850,2026/05/30 14:49:47.085,3,NVIDIA A100-SXM-64GB,143.48,48106,100
7448,2026-05-30 14:49:52.166617,2026/05/30 14:49:52.215,0,NVIDIA A100-SXM-64GB,164.89,48124,100
7449,2026-05-30 14:49:52.166617,2026/05/30 14:49:52.218,1,NVIDIA A100-SXM-64GB,170.96,48142,100
7450,2026-05-30 14:49:52.166617,2026/05/30 14:49:52.220,2,NVIDIA A100-SXM-64GB,182.11,48132,100
7451,2026-05-30 14:49:52.166617,2026/05/30 14:49:52.223,3,NVIDIA A100-SXM-64GB,162.82,48106,100
7452,2026-05-30 14:49:57.296617,2026/05/30 14:49:57.344,0,NVIDIA A100-SXM-64GB,190.70,48124,100
7453,2026-05-30 14:49:57.296617,2026/05/30 14:49:57.347,1,NVIDIA A100-SXM-64GB,148.90,48142,100
7454,2026-05-30 14:49:57.296617,2026/05/30 14:49:57.350,2,NVIDIA A100-SXM-64GB,181.45,48132,100
7455,2026-05-30 14:49:57.296617,2026/05/30 14:49:57.352,3,NVIDIA A100-SXM-64GB,188.73,48106,100
7456,2026-05-30 14:50:02.432618,2026/05/30 14:50:02.481,0,NVIDIA A100-SXM-64GB,160.18,48124,100
7457,2026-05-30 14:50:02.432618,2026/05/30 14:50:02.483,1,NVIDIA A100-SXM-64GB,175.86,48142,100
7458,2026-05-30 14:50:02.432618,2026/05/30 14:50:02.489,2,NVIDIA A100-SXM-64GB,171.39,48132,100
7459,2026-05-30 14:50:02.432618,2026/05/30 14:50:02.491,3,NVIDIA A100-SXM-64GB,162.21,48106,100
7460,2026-05-30 14:50:07.557053,2026/05/30 14:50:07.601,0,NVIDIA A100-SXM-64GB,160.34,48124,100
7461,2026-05-30 14:50:07.557053,2026/05/30 14:50:07.603,1,NVIDIA A100-SXM-64GB,164.53,48142,100
7462,2026-05-30 14:50:07.557053,2026/05/30 14:50:07.606,2,NVIDIA A100-SXM-64GB,158.09,48132,100
7463,2026-05-30 14:50:07.557053,2026/05/30 14:50:07.608,3,NVIDIA A100-SXM-64GB,169.87,48106,100
7464,2026-05-30 14:50:12.660180,2026/05/30 14:50:12.704,0,NVIDIA A100-SXM-64GB,173.79,48124,100
7465,2026-05-30 14:50:12.660180,2026/05/30 14:50:12.707,1,NVIDIA A100-SXM-64GB,175.26,48142,100
7466,2026-05-30 14:50:12.660180,2026/05/30 14:50:12.712,2,NVIDIA A100-SXM-64GB,160.95,48132,100
7467,2026-05-30 14:50:12.660180,2026/05/30 14:50:12.715,3,NVIDIA A100-SXM-64GB,149.66,48106,100
7468,2026-05-30 14:50:17.766713,2026/05/30 14:50:17.813,0,NVIDIA A100-SXM-64GB,183.03,48124,100
7469,2026-05-30 14:50:17.766713,2026/05/30 14:50:17.817,1,NVIDIA A100-SXM-64GB,193.91,48142,100
7470,2026-05-30 14:50:17.766713,2026/05/30 14:50:17.820,2,NVIDIA A100-SXM-64GB,169.85,48132,100
7471,2026-05-30 14:50:17.766713,2026/05/30 14:50:17.826,3,NVIDIA A100-SXM-64GB,164.70,48106,100
7472,2026-05-30 14:50:22.877973,2026/05/30 14:50:22.925,0,NVIDIA A100-SXM-64GB,173.18,48124,100
7473,2026-05-30 14:50:22.877973,2026/05/30 14:50:22.928,1,NVIDIA A100-SXM-64GB,180.43,48142,100
7474,2026-05-30 14:50:22.877973,2026/05/30 14:50:22.930,2,NVIDIA A100-SXM-64GB,159.30,48132,100
7475,2026-05-30 14:50:22.877973,2026/05/30 14:50:22.933,3,NVIDIA A100-SXM-64GB,176.92,48106,100
7476,2026-05-30 14:50:28.002617,2026/05/30 14:50:28.058,0,NVIDIA A100-SXM-64GB,186.70,48124,100
7477,2026-05-30 14:50:28.002617,2026/05/30 14:50:28.064,1,NVIDIA A100-SXM-64GB,200.14,48142,100
7478,2026-05-30 14:50:28.002617,2026/05/30 14:50:28.068,2,NVIDIA A100-SXM-64GB,178.70,48132,100
7479,2026-05-30 14:50:28.002617,2026/05/30 14:50:28.070,3,NVIDIA A100-SXM-64GB,169.69,48106,100
7480,2026-05-30 14:50:33.151617,2026/05/30 14:50:33.202,0,NVIDIA A100-SXM-64GB,153.00,48124,100
7481,2026-05-30 14:50:33.151617,2026/05/30 14:50:33.208,1,NVIDIA A100-SXM-64GB,151.04,48142,100
7482,2026-05-30 14:50:33.151617,2026/05/30 14:50:33.212,2,NVIDIA A100-SXM-64GB,154.24,48132,100
7483,2026-05-30 14:50:33.151617,2026/05/30 14:50:33.227,3,NVIDIA A100-SXM-64GB,177.67,48106,100
7484,2026-05-30 14:50:38.298355,2026/05/30 14:50:38.342,0,NVIDIA A100-SXM-64GB,185.83,48124,100
7485,2026-05-30 14:50:38.298355,2026/05/30 14:50:38.344,1,NVIDIA A100-SXM-64GB,181.96,48142,100
7486,2026-05-30 14:50:38.298355,2026/05/30 14:50:38.347,2,NVIDIA A100-SXM-64GB,169.52,48132,100
7487,2026-05-30 14:50:38.298355,2026/05/30 14:50:38.349,3,NVIDIA A100-SXM-64GB,180.34,48106,100
7488,2026-05-30 14:50:43.421349,2026/05/30 14:50:43.465,0,NVIDIA A100-SXM-64GB,161.28,48124,100
7489,2026-05-30 14:50:43.421349,2026/05/30 14:50:43.471,1,NVIDIA A100-SXM-64GB,147.96,48142,100
7490,2026-05-30 14:50:43.421349,2026/05/30 14:50:43.476,2,NVIDIA A100-SXM-64GB,158.20,48132,100
7491,2026-05-30 14:50:43.421349,2026/05/30 14:50:43.479,3,NVIDIA A100-SXM-64GB,137.37,48106,100
7492,2026-05-30 14:50:48.537150,2026/05/30 14:50:48.585,0,NVIDIA A100-SXM-64GB,188.84,48124,100
7493,2026-05-30 14:50:48.537150,2026/05/30 14:50:48.590,1,NVIDIA A100-SXM-64GB,186.67,48142,100
7494,2026-05-30 14:50:48.537150,2026/05/30 14:50:48.593,2,NVIDIA A100-SXM-64GB,184.53,48132,100
7495,2026-05-30 14:50:48.537150,2026/05/30 14:50:48.596,3,NVIDIA A100-SXM-64GB,179.82,48106,100
7496,2026-05-30 14:50:53.658134,2026/05/30 14:50:53.705,0,NVIDIA A100-SXM-64GB,151.18,48124,100
7497,2026-05-30 14:50:53.658134,2026/05/30 14:50:53.710,1,NVIDIA A100-SXM-64GB,178.28,48142,100
7498,2026-05-30 14:50:53.658134,2026/05/30 14:50:53.713,2,NVIDIA A100-SXM-64GB,170.78,48132,100
7499,2026-05-30 14:50:53.658134,2026/05/30 14:50:53.716,3,NVIDIA A100-SXM-64GB,147.51,48106,100
7500,2026-05-30 14:50:58.776939,2026/05/30 14:50:58.825,0,NVIDIA A100-SXM-64GB,167.46,48124,100
7501,2026-05-30 14:50:58.776939,2026/05/30 14:50:58.831,1,NVIDIA A100-SXM-64GB,127.57,48142,100
7502,2026-05-30 14:50:58.776939,2026/05/30 14:50:58.834,2,NVIDIA A100-SXM-64GB,186.07,48132,100
7503,2026-05-30 14:50:58.776939,2026/05/30 14:50:58.836,3,NVIDIA A100-SXM-64GB,126.96,48106,100
7504,2026-05-30 14:51:03.873961,2026/05/30 14:51:03.922,0,NVIDIA A100-SXM-64GB,176.95,48124,100
7505,2026-05-30 14:51:03.873961,2026/05/30 14:51:03.925,1,NVIDIA A100-SXM-64GB,159.30,48142,100
7506,2026-05-30 14:51:03.873961,2026/05/30 14:51:03.927,2,NVIDIA A100-SXM-64GB,143.85,48132,100
7507,2026-05-30 14:51:03.873961,2026/05/30 14:51:03.930,3,NVIDIA A100-SXM-64GB,142.88,48106,100
7508,2026-05-30 14:51:09.013604,2026/05/30 14:51:09.061,0,NVIDIA A100-SXM-64GB,135.14,48124,100
7509,2026-05-30 14:51:09.013604,2026/05/30 14:51:09.063,1,NVIDIA A100-SXM-64GB,147.35,48142,100
7510,2026-05-30 14:51:09.013604,2026/05/30 14:51:09.066,2,NVIDIA A100-SXM-64GB,149.62,48132,98
7511,2026-05-30 14:51:09.013604,2026/05/30 14:51:09.068,3,NVIDIA A100-SXM-64GB,144.15,48106,100
7512,2026-05-30 14:51:14.134012,2026/05/30 14:51:14.190,0,NVIDIA A100-SXM-64GB,173.00,48124,100
7513,2026-05-30 14:51:14.134012,2026/05/30 14:51:14.193,1,NVIDIA A100-SXM-64GB,160.84,48142,100
7514,2026-05-30 14:51:14.134012,2026/05/30 14:51:14.196,2,NVIDIA A100-SXM-64GB,148.29,48132,100
7515,2026-05-30 14:51:14.134012,2026/05/30 14:51:14.201,3,NVIDIA A100-SXM-64GB,153.62,48106,100
7516,2026-05-30 14:51:19.262716,2026/05/30 14:51:19.307,0,NVIDIA A100-SXM-64GB,140.95,48124,100
7517,2026-05-30 14:51:19.262716,2026/05/30 14:51:19.309,1,NVIDIA A100-SXM-64GB,151.04,48142,98
7518,2026-05-30 14:51:19.262716,2026/05/30 14:51:19.312,2,NVIDIA A100-SXM-64GB,148.74,48132,100
7519,2026-05-30 14:51:19.262716,2026/05/30 14:51:19.314,3,NVIDIA A100-SXM-64GB,162.21,48106,100
7520,2026-05-30 14:51:24.378490,2026/05/30 14:51:24.424,0,NVIDIA A100-SXM-64GB,145.54,48124,99
7521,2026-05-30 14:51:24.378490,2026/05/30 14:51:24.426,1,NVIDIA A100-SXM-64GB,147.63,48142,100
7522,2026-05-30 14:51:24.378490,2026/05/30 14:51:24.429,2,NVIDIA A100-SXM-64GB,147.81,48132,98
7523,2026-05-30 14:51:24.378490,2026/05/30 14:51:24.431,3,NVIDIA A100-SXM-64GB,140.13,48106,100
7524,2026-05-30 14:51:29.477458,2026/05/30 14:51:29.525,0,NVIDIA A100-SXM-64GB,143.83,48124,98
7525,2026-05-30 14:51:29.477458,2026/05/30 14:51:29.528,1,NVIDIA A100-SXM-64GB,150.11,48142,98
7526,2026-05-30 14:51:29.477458,2026/05/30 14:51:29.531,2,NVIDIA A100-SXM-64GB,152.10,48132,98
7527,2026-05-30 14:51:29.477458,2026/05/30 14:51:29.534,3,NVIDIA A100-SXM-64GB,143.82,48106,98
7528,2026-05-30 14:51:34.614616,2026/05/30 14:51:34.668,0,NVIDIA A100-SXM-64GB,151.79,48124,100
7529,2026-05-30 14:51:34.614616,2026/05/30 14:51:34.671,1,NVIDIA A100-SXM-64GB,163.59,48142,100
7530,2026-05-30 14:51:34.614616,2026/05/30 14:51:34.673,2,NVIDIA A100-SXM-64GB,162.48,48132,100
7531,2026-05-30 14:51:34.614616,2026/05/30 14:51:34.676,3,NVIDIA A100-SXM-64GB,143.82,48106,100
7532,2026-05-30 14:51:39.751534,2026/05/30 14:51:39.797,0,NVIDIA A100-SXM-64GB,145.70,48124,98
7533,2026-05-30 14:51:39.751534,2026/05/30 14:51:39.801,1,NVIDIA A100-SXM-64GB,144.00,48142,98
7534,2026-05-30 14:51:39.751534,2026/05/30 14:51:39.804,2,NVIDIA A100-SXM-64GB,145.21,48132,98
7535,2026-05-30 14:51:39.751534,2026/05/30 14:51:39.806,3,NVIDIA A100-SXM-64GB,140.13,48106,98
7536,2026-05-30 14:51:44.869647,2026/05/30 14:51:44.917,0,NVIDIA A100-SXM-64GB,154.86,48124,100
7537,2026-05-30 14:51:44.869647,2026/05/30 14:51:44.921,1,NVIDIA A100-SXM-64GB,157.15,48142,100
7538,2026-05-30 14:51:44.869647,2026/05/30 14:51:44.924,2,NVIDIA A100-SXM-64GB,182.11,48132,100
7539,2026-05-30 14:51:44.869647,2026/05/30 14:51:44.927,3,NVIDIA A100-SXM-64GB,158.52,48106,100
7540,2026-05-30 14:51:49.979679,2026/05/30 14:51:50.024,0,NVIDIA A100-SXM-64GB,145.04,48124,98
7541,2026-05-30 14:51:49.979679,2026/05/30 14:51:50.026,1,NVIDIA A100-SXM-64GB,149.18,48142,100
7542,2026-05-30 14:51:49.979679,2026/05/30 14:51:50.029,2,NVIDIA A100-SXM-64GB,143.06,48132,98
7543,2026-05-30 14:51:49.979679,2026/05/30 14:51:50.031,3,NVIDIA A100-SXM-64GB,144.00,48106,98
7544,2026-05-30 14:51:55.099627,2026/05/30 14:51:55.147,0,NVIDIA A100-SXM-64GB,178.30,48124,100
7545,2026-05-30 14:51:55.099627,2026/05/30 14:51:55.150,1,NVIDIA A100-SXM-64GB,175.95,48142,100
7546,2026-05-30 14:51:55.099627,2026/05/30 14:51:55.152,2,NVIDIA A100-SXM-64GB,160.95,48132,100
7547,2026-05-30 14:51:55.099627,2026/05/30 14:51:55.155,3,NVIDIA A100-SXM-64GB,163.59,48106,100
7548,2026-05-30 14:52:00.217846,2026/05/30 14:52:00.265,0,NVIDIA A100-SXM-64GB,173.00,48124,100
7549,2026-05-30 14:52:00.217846,2026/05/30 14:52:00.268,1,NVIDIA A100-SXM-64GB,175.08,48142,100
7550,2026-05-30 14:52:00.217846,2026/05/30 14:52:00.270,2,NVIDIA A100-SXM-64GB,189.75,48132,100
7551,2026-05-30 14:52:00.217846,2026/05/30 14:52:00.272,3,NVIDIA A100-SXM-64GB,177.07,48106,100
7552,2026-05-30 14:52:05.345616,2026/05/30 14:52:05.393,0,NVIDIA A100-SXM-64GB,165.33,48124,100
7553,2026-05-30 14:52:05.345616,2026/05/30 14:52:05.399,1,NVIDIA A100-SXM-64GB,163.42,48142,100
7554,2026-05-30 14:52:05.345616,2026/05/30 14:52:05.404,2,NVIDIA A100-SXM-64GB,152.10,48132,100
7555,2026-05-30 14:52:05.345616,2026/05/30 14:52:05.422,3,NVIDIA A100-SXM-64GB,149.78,48106,100
7556,2026-05-30 14:52:10.480618,2026/05/30 14:52:10.525,0,NVIDIA A100-SXM-64GB,178.15,48124,100
7557,2026-05-30 14:52:10.480618,2026/05/30 14:52:10.527,1,NVIDIA A100-SXM-64GB,189.15,48142,100
7558,2026-05-30 14:52:10.480618,2026/05/30 14:52:10.530,2,NVIDIA A100-SXM-64GB,191.09,48132,100
7559,2026-05-30 14:52:10.480618,2026/05/30 14:52:10.532,3,NVIDIA A100-SXM-64GB,159.30,48106,100
7560,2026-05-30 14:52:15.585431,2026/05/30 14:52:15.629,0,NVIDIA A100-SXM-64GB,146.90,48124,100
7561,2026-05-30 14:52:15.585431,2026/05/30 14:52:15.632,1,NVIDIA A100-SXM-64GB,155.94,48142,100
7562,2026-05-30 14:52:15.585431,2026/05/30 14:52:15.634,2,NVIDIA A100-SXM-64GB,170.46,48132,100
7563,2026-05-30 14:52:15.585431,2026/05/30 14:52:15.636,3,NVIDIA A100-SXM-64GB,144.42,48106,100
7564,2026-05-30 14:52:20.690209,2026/05/30 14:52:20.741,0,NVIDIA A100-SXM-64GB,183.22,48124,20
7565,2026-05-30 14:52:20.690209,2026/05/30 14:52:20.744,1,NVIDIA A100-SXM-64GB,185.32,48142,48
7566,2026-05-30 14:52:20.690209,2026/05/30 14:52:20.746,2,NVIDIA A100-SXM-64GB,169.09,48132,72
7567,2026-05-30 14:52:20.690209,2026/05/30 14:52:20.751,3,NVIDIA A100-SXM-64GB,136.16,48106,17
7568,2026-05-30 14:52:25.831907,2026/05/30 14:52:25.875,0,NVIDIA A100-SXM-64GB,155.13,48124,100
7569,2026-05-30 14:52:25.831907,2026/05/30 14:52:25.877,1,NVIDIA A100-SXM-64GB,154.84,48142,100
7570,2026-05-30 14:52:25.831907,2026/05/30 14:52:25.880,2,NVIDIA A100-SXM-64GB,140.31,48132,100
7571,2026-05-30 14:52:25.831907,2026/05/30 14:52:25.882,3,NVIDIA A100-SXM-64GB,159.79,48106,100
7572,2026-05-30 14:52:30.934942,2026/05/30 14:52:30.991,0,NVIDIA A100-SXM-64GB,176.35,48124,100
7573,2026-05-30 14:52:30.934942,2026/05/30 14:52:30.993,1,NVIDIA A100-SXM-64GB,194.32,48142,100
7574,2026-05-30 14:52:30.934942,2026/05/30 14:52:30.996,2,NVIDIA A100-SXM-64GB,180.66,48132,100
7575,2026-05-30 14:52:30.934942,2026/05/30 14:52:30.998,3,NVIDIA A100-SXM-64GB,161.94,48106,100
7576,2026-05-30 14:52:36.072626,2026/05/30 14:52:36.117,0,NVIDIA A100-SXM-64GB,141.09,48124,100
7577,2026-05-30 14:52:36.072626,2026/05/30 14:52:36.120,1,NVIDIA A100-SXM-64GB,178.28,48142,100
7578,2026-05-30 14:52:36.072626,2026/05/30 14:52:36.122,2,NVIDIA A100-SXM-64GB,153.03,48132,100
7579,2026-05-30 14:52:36.072626,2026/05/30 14:52:36.125,3,NVIDIA A100-SXM-64GB,157.15,48106,100
7580,2026-05-30 14:52:41.175621,2026/05/30 14:52:41.223,0,NVIDIA A100-SXM-64GB,165.23,48124,100
7581,2026-05-30 14:52:41.175621,2026/05/30 14:52:41.225,1,NVIDIA A100-SXM-64GB,188.08,48142,100
7582,2026-05-30 14:52:41.175621,2026/05/30 14:52:41.228,2,NVIDIA A100-SXM-64GB,130.19,48132,98
7583,2026-05-30 14:52:41.175621,2026/05/30 14:52:41.232,3,NVIDIA A100-SXM-64GB,133.82,48106,100
7584,2026-05-30 14:52:46.277376,2026/05/30 14:52:46.330,0,NVIDIA A100-SXM-64GB,171.14,48124,100
7585,2026-05-30 14:52:46.277376,2026/05/30 14:52:46.334,1,NVIDIA A100-SXM-64GB,154.68,48142,100
7586,2026-05-30 14:52:46.277376,2026/05/30 14:52:46.337,2,NVIDIA A100-SXM-64GB,171.07,48132,100
7587,2026-05-30 14:52:46.277376,2026/05/30 14:52:46.340,3,NVIDIA A100-SXM-64GB,173.56,48106,100
7588,2026-05-30 14:52:51.394397,2026/05/30 14:52:51.442,0,NVIDIA A100-SXM-64GB,144.77,48124,98
7589,2026-05-30 14:52:51.394397,2026/05/30 14:52:51.445,1,NVIDIA A100-SXM-64GB,185.93,48142,100
7590,2026-05-30 14:52:51.394397,2026/05/30 14:52:51.448,2,NVIDIA A100-SXM-64GB,164.80,48132,100
7591,2026-05-30 14:52:51.394397,2026/05/30 14:52:51.452,3,NVIDIA A100-SXM-64GB,138.91,48106,98
7592,2026-05-30 14:52:56.531971,2026/05/30 14:52:56.582,0,NVIDIA A100-SXM-64GB,133.13,48124,100
7593,2026-05-30 14:52:56.531971,2026/05/30 14:52:56.585,1,NVIDIA A100-SXM-64GB,159.30,48142,100
7594,2026-05-30 14:52:56.531971,2026/05/30 14:52:56.587,2,NVIDIA A100-SXM-64GB,186.67,48132,100
7595,2026-05-30 14:52:56.531971,2026/05/30 14:52:56.602,3,NVIDIA A100-SXM-64GB,162.82,48106,100
7596,2026-05-30 14:53:01.639595,2026/05/30 14:53:01.687,0,NVIDIA A100-SXM-64GB,146.30,48124,98
7597,2026-05-30 14:53:01.639595,2026/05/30 14:53:01.690,1,NVIDIA A100-SXM-64GB,146.29,48142,98
7598,2026-05-30 14:53:01.639595,2026/05/30 14:53:01.694,2,NVIDIA A100-SXM-64GB,150.72,48132,98
7599,2026-05-30 14:53:01.639595,2026/05/30 14:53:01.698,3,NVIDIA A100-SXM-64GB,140.73,48106,98
7600,2026-05-30 14:53:06.757117,2026/05/30 14:53:06.816,0,NVIDIA A100-SXM-64GB,134.67,48124,100
7601,2026-05-30 14:53:06.757117,2026/05/30 14:53:06.819,1,NVIDIA A100-SXM-64GB,137.10,48142,98
7602,2026-05-30 14:53:06.757117,2026/05/30 14:53:06.821,2,NVIDIA A100-SXM-64GB,157.76,48132,96
7603,2026-05-30 14:53:06.757117,2026/05/30 14:53:06.824,3,NVIDIA A100-SXM-64GB,144.15,48106,100
7604,2026-05-30 14:53:11.861889,2026/05/30 14:53:11.906,0,NVIDIA A100-SXM-64GB,142.90,48124,98
7605,2026-05-30 14:53:11.861889,2026/05/30 14:53:11.908,1,NVIDIA A100-SXM-64GB,141.67,48142,98
7606,2026-05-30 14:53:11.861889,2026/05/30 14:53:11.912,2,NVIDIA A100-SXM-64GB,128.04,48132,98
7607,2026-05-30 14:53:11.861889,2026/05/30 14:53:11.918,3,NVIDIA A100-SXM-64GB,141.07,48106,98
7608,2026-05-30 14:53:16.970529,2026/05/30 14:53:17.018,0,NVIDIA A100-SXM-64GB,160.02,48124,100
7609,2026-05-30 14:53:16.970529,2026/05/30 14:53:17.021,1,NVIDIA A100-SXM-64GB,139.52,48142,100
7610,2026-05-30 14:53:16.970529,2026/05/30 14:53:17.023,2,NVIDIA A100-SXM-64GB,137.56,48132,100
7611,2026-05-30 14:53:16.970529,2026/05/30 14:53:17.026,3,NVIDIA A100-SXM-64GB,153.95,48106,100
7612,2026-05-30 14:53:22.074755,2026/05/30 14:53:22.122,0,NVIDIA A100-SXM-64GB,186.02,48124,100
7613,2026-05-30 14:53:22.074755,2026/05/30 14:53:22.125,1,NVIDIA A100-SXM-64GB,189.54,48142,100
7614,2026-05-30 14:53:22.074755,2026/05/30 14:53:22.127,2,NVIDIA A100-SXM-64GB,178.01,48132,100
7615,2026-05-30 14:53:22.074755,2026/05/30 14:53:22.129,3,NVIDIA A100-SXM-64GB,171.92,48106,100
7616,2026-05-30 14:53:27.182273,2026/05/30 14:53:27.229,0,NVIDIA A100-SXM-64GB,161.11,48124,100
7617,2026-05-30 14:53:27.182273,2026/05/30 14:53:27.232,1,NVIDIA A100-SXM-64GB,165.30,48142,100
7618,2026-05-30 14:53:27.182273,2026/05/30 14:53:27.234,2,NVIDIA A100-SXM-64GB,178.28,48132,100
7619,2026-05-30 14:53:27.182273,2026/05/30 14:53:27.237,3,NVIDIA A100-SXM-64GB,159.62,48106,100
7620,2026-05-30 14:53:32.300324,2026/05/30 14:53:32.344,0,NVIDIA A100-SXM-64GB,178.94,48124,100
7621,2026-05-30 14:53:32.300324,2026/05/30 14:53:32.346,1,NVIDIA A100-SXM-64GB,183.09,48142,100
7622,2026-05-30 14:53:32.300324,2026/05/30 14:53:32.349,2,NVIDIA A100-SXM-64GB,172.78,48132,100
7623,2026-05-30 14:53:32.300324,2026/05/30 14:53:32.355,3,NVIDIA A100-SXM-64GB,161.17,48106,100
7624,2026-05-30 14:53:37.407482,2026/05/30 14:53:37.450,0,NVIDIA A100-SXM-64GB,163.85,48124,100
7625,2026-05-30 14:53:37.407482,2026/05/30 14:53:37.452,1,NVIDIA A100-SXM-64GB,144.75,48142,100
7626,2026-05-30 14:53:37.407482,2026/05/30 14:53:37.455,2,NVIDIA A100-SXM-64GB,144.42,48132,100
7627,2026-05-30 14:53:37.407482,2026/05/30 14:53:37.457,3,NVIDIA A100-SXM-64GB,168.50,48106,100
7628,2026-05-30 14:53:42.521287,2026/05/30 14:53:42.568,0,NVIDIA A100-SXM-64GB,175.50,48124,100
7629,2026-05-30 14:53:42.521287,2026/05/30 14:53:42.571,1,NVIDIA A100-SXM-64GB,177.85,48142,100
7630,2026-05-30 14:53:42.521287,2026/05/30 14:53:42.573,2,NVIDIA A100-SXM-64GB,183.79,48132,100
7631,2026-05-30 14:53:42.521287,2026/05/30 14:53:42.576,3,NVIDIA A100-SXM-64GB,190.14,48106,100
7632,2026-05-30 14:53:47.651241,2026/05/30 14:53:47.699,0,NVIDIA A100-SXM-64GB,153.75,48124,100
7633,2026-05-30 14:53:47.651241,2026/05/30 14:53:47.702,1,NVIDIA A100-SXM-64GB,167.72,48142,100
7634,2026-05-30 14:53:47.651241,2026/05/30 14:53:47.704,2,NVIDIA A100-SXM-64GB,148.12,48132,100
7635,2026-05-30 14:53:47.651241,2026/05/30 14:53:47.707,3,NVIDIA A100-SXM-64GB,170.04,48106,100
7636,2026-05-30 14:53:52.785615,2026/05/30 14:53:52.831,0,NVIDIA A100-SXM-64GB,161.88,48124,100
7637,2026-05-30 14:53:52.785615,2026/05/30 14:53:52.834,1,NVIDIA A100-SXM-64GB,193.17,48142,100
7638,2026-05-30 14:53:52.785615,2026/05/30 14:53:52.836,2,NVIDIA A100-SXM-64GB,163.26,48132,100
7639,2026-05-30 14:53:52.785615,2026/05/30 14:53:52.839,3,NVIDIA A100-SXM-64GB,164.70,48106,100
7640,2026-05-30 14:53:57.891761,2026/05/30 14:53:57.936,0,NVIDIA A100-SXM-64GB,169.51,48124,100
7641,2026-05-30 14:53:57.891761,2026/05/30 14:53:57.940,1,NVIDIA A100-SXM-64GB,184.11,48142,100
7642,2026-05-30 14:53:57.891761,2026/05/30 14:53:57.943,2,NVIDIA A100-SXM-64GB,168.82,48132,100
7643,2026-05-30 14:53:57.891761,2026/05/30 14:53:57.945,3,NVIDIA A100-SXM-64GB,140.60,48106,100
7644,2026-05-30 14:54:02.998529,2026/05/30 14:54:03.042,0,NVIDIA A100-SXM-64GB,174.06,48124,100
7645,2026-05-30 14:54:02.998529,2026/05/30 14:54:03.044,1,NVIDIA A100-SXM-64GB,169.42,48142,100
7646,2026-05-30 14:54:02.998529,2026/05/30 14:54:03.047,2,NVIDIA A100-SXM-64GB,169.09,48132,100
7647,2026-05-30 14:54:02.998529,2026/05/30 14:54:03.050,3,NVIDIA A100-SXM-64GB,183.70,48106,100
7648,2026-05-30 14:54:08.087967,2026/05/30 14:54:08.136,0,NVIDIA A100-SXM-64GB,181.22,48124,100
7649,2026-05-30 14:54:08.087967,2026/05/30 14:54:08.141,1,NVIDIA A100-SXM-64GB,158.97,48142,100
7650,2026-05-30 14:54:08.087967,2026/05/30 14:54:08.143,2,NVIDIA A100-SXM-64GB,163.09,48132,100
7651,2026-05-30 14:54:08.087967,2026/05/30 14:54:08.146,3,NVIDIA A100-SXM-64GB,158.09,48106,100
7652,2026-05-30 14:54:13.223616,2026/05/30 14:54:13.268,0,NVIDIA A100-SXM-64GB,145.54,48124,98
7653,2026-05-30 14:54:13.223616,2026/05/30 14:54:13.271,1,NVIDIA A100-SXM-64GB,153.19,48142,100
7654,2026-05-30 14:54:13.223616,2026/05/30 14:54:13.273,2,NVIDIA A100-SXM-64GB,147.20,48132,100
7655,2026-05-30 14:54:13.223616,2026/05/30 14:54:13.276,3,NVIDIA A100-SXM-64GB,136.43,48106,98
7656,2026-05-30 14:54:18.338621,2026/05/30 14:54:18.386,0,NVIDIA A100-SXM-64GB,172.67,48124,100
7657,2026-05-30 14:54:18.338621,2026/05/30 14:54:18.389,1,NVIDIA A100-SXM-64GB,165.57,48142,100
7658,2026-05-30 14:54:18.338621,2026/05/30 14:54:18.391,2,NVIDIA A100-SXM-64GB,174.41,48132,100
7659,2026-05-30 14:54:18.338621,2026/05/30 14:54:18.394,3,NVIDIA A100-SXM-64GB,169.09,48106,100
7660,2026-05-30 14:54:23.445141,2026/05/30 14:54:23.493,0,NVIDIA A100-SXM-64GB,144.77,48124,100
7661,2026-05-30 14:54:23.445141,2026/05/30 14:54:23.496,1,NVIDIA A100-SXM-64GB,151.32,48142,100
7662,2026-05-30 14:54:23.445141,2026/05/30 14:54:23.498,2,NVIDIA A100-SXM-64GB,149.35,48132,100
7663,2026-05-30 14:54:23.445141,2026/05/30 14:54:23.501,3,NVIDIA A100-SXM-64GB,130.93,48106,98
7664,2026-05-30 14:54:28.580614,2026/05/30 14:54:28.635,0,NVIDIA A100-SXM-64GB,158.65,48124,100
7665,2026-05-30 14:54:28.580614,2026/05/30 14:54:28.637,1,NVIDIA A100-SXM-64GB,172.78,48142,100
7666,2026-05-30 14:54:28.580614,2026/05/30 14:54:28.640,2,NVIDIA A100-SXM-64GB,160.95,48132,100
7667,2026-05-30 14:54:28.580614,2026/05/30 14:54:28.643,3,NVIDIA A100-SXM-64GB,163.59,48106,100
7668,2026-05-30 14:54:33.693148,2026/05/30 14:54:33.740,0,NVIDIA A100-SXM-64GB,184.70,48124,100
7669,2026-05-30 14:54:33.693148,2026/05/30 14:54:33.744,1,NVIDIA A100-SXM-64GB,178.10,48142,100
7670,2026-05-30 14:54:33.693148,2026/05/30 14:54:33.747,2,NVIDIA A100-SXM-64GB,180.66,48132,100
7671,2026-05-30 14:54:33.693148,2026/05/30 14:54:33.750,3,NVIDIA A100-SXM-64GB,161.78,48106,100
7672,2026-05-30 14:54:38.795977,2026/05/30 14:54:38.844,0,NVIDIA A100-SXM-64GB,147.96,48124,100
7673,2026-05-30 14:54:38.795977,2026/05/30 14:54:38.847,1,NVIDIA A100-SXM-64GB,150.43,48142,100
7674,2026-05-30 14:54:38.795977,2026/05/30 14:54:38.849,2,NVIDIA A100-SXM-64GB,150.89,48132,100
7675,2026-05-30 14:54:38.795977,2026/05/30 14:54:38.852,3,NVIDIA A100-SXM-64GB,169.42,48106,100
7676,2026-05-30 14:54:43.908063,2026/05/30 14:54:43.955,0,NVIDIA A100-SXM-64GB,134.07,48124,100
7677,2026-05-30 14:54:43.908063,2026/05/30 14:54:43.958,1,NVIDIA A100-SXM-64GB,142.46,48142,98
7678,2026-05-30 14:54:43.908063,2026/05/30 14:54:43.961,2,NVIDIA A100-SXM-64GB,136.96,48132,98
7679,2026-05-30 14:54:43.908063,2026/05/30 14:54:43.963,3,NVIDIA A100-SXM-64GB,168.66,48106,100
7680,2026-05-30 14:54:49.035613,2026/05/30 14:54:49.087,0,NVIDIA A100-SXM-64GB,157.71,48124,100
7681,2026-05-30 14:54:49.035613,2026/05/30 14:54:49.089,1,NVIDIA A100-SXM-64GB,212.67,48142,100
7682,2026-05-30 14:54:49.035613,2026/05/30 14:54:49.093,2,NVIDIA A100-SXM-64GB,164.02,48132,100
7683,2026-05-30 14:54:49.035613,2026/05/30 14:54:49.096,3,NVIDIA A100-SXM-64GB,171.24,48106,100
7684,2026-05-30 14:54:54.146903,2026/05/30 14:54:54.194,0,NVIDIA A100-SXM-64GB,146.43,48124,98
7685,2026-05-30 14:54:54.146903,2026/05/30 14:54:54.197,1,NVIDIA A100-SXM-64GB,147.96,48142,98
7686,2026-05-30 14:54:54.146903,2026/05/30 14:54:54.202,2,NVIDIA A100-SXM-64GB,145.49,48132,99
7687,2026-05-30 14:54:54.146903,2026/05/30 14:54:54.205,3,NVIDIA A100-SXM-64GB,144.42,48106,98
7688,2026-05-30 14:54:59.258037,2026/05/30 14:54:59.302,0,NVIDIA A100-SXM-64GB,148.57,48124,97
7689,2026-05-30 14:54:59.258037,2026/05/30 14:54:59.304,1,NVIDIA A100-SXM-64GB,144.60,48142,97
7690,2026-05-30 14:54:59.258037,2026/05/30 14:54:59.309,2,NVIDIA A100-SXM-64GB,142.59,48132,97
7691,2026-05-30 14:54:59.258037,2026/05/30 14:54:59.311,3,NVIDIA A100-SXM-64GB,138.59,48106,97
7692,2026-05-30 14:55:04.363964,2026/05/30 14:55:04.411,0,NVIDIA A100-SXM-64GB,176.95,48124,98
7693,2026-05-30 14:55:04.363964,2026/05/30 14:55:04.414,1,NVIDIA A100-SXM-64GB,188.08,48142,100
7694,2026-05-30 14:55:04.363964,2026/05/30 14:55:04.416,2,NVIDIA A100-SXM-64GB,192.77,48132,100
7695,2026-05-30 14:55:04.363964,2026/05/30 14:55:04.422,3,NVIDIA A100-SXM-64GB,142.00,48106,100
7696,2026-05-30 14:55:09.479797,2026/05/30 14:55:09.524,0,NVIDIA A100-SXM-64GB,142.90,48124,100
7697,2026-05-30 14:55:09.479797,2026/05/30 14:55:09.526,1,NVIDIA A100-SXM-64GB,152.53,48142,97
7698,2026-05-30 14:55:09.479797,2026/05/30 14:55:09.529,2,NVIDIA A100-SXM-64GB,133.87,48132,100
7699,2026-05-30 14:55:09.479797,2026/05/30 14:55:09.531,3,NVIDIA A100-SXM-64GB,144.15,48106,100
7700,2026-05-30 14:55:14.584877,2026/05/30 14:55:14.633,0,NVIDIA A100-SXM-64GB,168.90,48124,100
7701,2026-05-30 14:55:14.584877,2026/05/30 14:55:14.636,1,NVIDIA A100-SXM-64GB,173.71,48142,100
7702,2026-05-30 14:55:14.584877,2026/05/30 14:55:14.638,2,NVIDIA A100-SXM-64GB,172.93,48132,100
7703,2026-05-30 14:55:14.584877,2026/05/30 14:55:14.641,3,NVIDIA A100-SXM-64GB,179.68,48106,100
7704,2026-05-30 14:55:19.716048,2026/05/30 14:55:19.763,0,NVIDIA A100-SXM-64GB,113.72,48124,100
7705,2026-05-30 14:55:19.716048,2026/05/30 14:55:19.766,1,NVIDIA A100-SXM-64GB,173.99,48142,100
7706,2026-05-30 14:55:19.716048,2026/05/30 14:55:19.768,2,NVIDIA A100-SXM-64GB,122.34,48132,100
7707,2026-05-30 14:55:19.716048,2026/05/30 14:55:19.771,3,NVIDIA A100-SXM-64GB,171.74,48106,100
7708,2026-05-30 14:55:24.852621,2026/05/30 14:55:24.913,0,NVIDIA A100-SXM-64GB,175.41,48124,100
7709,2026-05-30 14:55:24.852621,2026/05/30 14:55:24.916,1,NVIDIA A100-SXM-64GB,169.42,48142,100
7710,2026-05-30 14:55:24.852621,2026/05/30 14:55:24.922,2,NVIDIA A100-SXM-64GB,171.39,48132,100
7711,2026-05-30 14:55:24.852621,2026/05/30 14:55:24.927,3,NVIDIA A100-SXM-64GB,167.45,48106,100
7712,2026-05-30 14:55:29.965517,2026/05/30 14:55:30.014,0,NVIDIA A100-SXM-64GB,174.21,48124,100
7713,2026-05-30 14:55:29.965517,2026/05/30 14:55:30.017,1,NVIDIA A100-SXM-64GB,176.46,48142,100
7714,2026-05-30 14:55:29.965517,2026/05/30 14:55:30.022,2,NVIDIA A100-SXM-64GB,163.42,48132,100
7715,2026-05-30 14:55:29.965517,2026/05/30 14:55:30.027,3,NVIDIA A100-SXM-64GB,161.78,48106,100
7716,2026-05-30 14:55:35.119606,2026/05/30 14:55:35.164,0,NVIDIA A100-SXM-64GB,148.11,48124,98
7717,2026-05-30 14:55:35.119606,2026/05/30 14:55:35.166,1,NVIDIA A100-SXM-64GB,143.67,48142,100
7718,2026-05-30 14:55:35.119606,2026/05/30 14:55:35.169,2,NVIDIA A100-SXM-64GB,149.78,48132,98
7719,2026-05-30 14:55:35.119606,2026/05/30 14:55:35.171,3,NVIDIA A100-SXM-64GB,146.57,48106,98
7720,2026-05-30 14:55:40.224816,2026/05/30 14:55:40.273,0,NVIDIA A100-SXM-64GB,145.70,48124,98
7721,2026-05-30 14:55:40.224816,2026/05/30 14:55:40.276,1,NVIDIA A100-SXM-64GB,146.90,48142,98
7722,2026-05-30 14:55:40.224816,2026/05/30 14:55:40.278,2,NVIDIA A100-SXM-64GB,150.72,48132,98
7723,2026-05-30 14:55:40.224816,2026/05/30 14:55:40.281,3,NVIDIA A100-SXM-64GB,147.51,48106,98
7724,2026-05-30 14:55:45.331748,2026/05/30 14:55:45.376,0,NVIDIA A100-SXM-64GB,145.98,48124,98
7725,2026-05-30 14:55:45.331748,2026/05/30 14:55:45.378,1,NVIDIA A100-SXM-64GB,147.35,48142,98
7726,2026-05-30 14:55:45.331748,2026/05/30 14:55:45.381,2,NVIDIA A100-SXM-64GB,138.45,48132,98
7727,2026-05-30 14:55:45.331748,2026/05/30 14:55:45.384,3,NVIDIA A100-SXM-64GB,135.22,48106,98
7728,2026-05-30 14:55:50.437009,2026/05/30 14:55:50.502,0,NVIDIA A100-SXM-64GB,145.70,48124,98
7729,2026-05-30 14:55:50.437009,2026/05/30 14:55:50.506,1,NVIDIA A100-SXM-64GB,152.41,48142,98
7730,2026-05-30 14:55:50.437009,2026/05/30 14:55:50.509,2,NVIDIA A100-SXM-64GB,149.78,48132,98
7731,2026-05-30 14:55:50.437009,2026/05/30 14:55:50.511,3,NVIDIA A100-SXM-64GB,140.13,48106,98
7732,2026-05-30 14:55:55.577225,2026/05/30 14:55:55.625,0,NVIDIA A100-SXM-64GB,176.20,48124,100
7733,2026-05-30 14:55:55.577225,2026/05/30 14:55:55.629,1,NVIDIA A100-SXM-64GB,170.96,48142,100
7734,2026-05-30 14:55:55.577225,2026/05/30 14:55:55.632,2,NVIDIA A100-SXM-64GB,166.94,48132,100
7735,2026-05-30 14:55:55.577225,2026/05/30 14:55:55.634,3,NVIDIA A100-SXM-64GB,153.95,48106,100
7736,2026-05-30 14:56:00.681893,2026/05/30 14:56:00.726,0,NVIDIA A100-SXM-64GB,141.42,48124,98
7737,2026-05-30 14:56:00.681893,2026/05/30 14:56:00.732,1,NVIDIA A100-SXM-64GB,150.72,48142,98
7738,2026-05-30 14:56:00.681893,2026/05/30 14:56:00.735,2,NVIDIA A100-SXM-64GB,145.21,48132,98
7739,2026-05-30 14:56:00.681893,2026/05/30 14:56:00.737,3,NVIDIA A100-SXM-64GB,143.48,48106,98
7740,2026-05-30 14:56:05.790796,2026/05/30 14:56:05.834,0,NVIDIA A100-SXM-64GB,149.65,48124,98
7741,2026-05-30 14:56:05.790796,2026/05/30 14:56:05.837,1,NVIDIA A100-SXM-64GB,147.96,48142,100
7742,2026-05-30 14:56:05.790796,2026/05/30 14:56:05.839,2,NVIDIA A100-SXM-64GB,142.46,48132,100
7743,2026-05-30 14:56:05.790796,2026/05/30 14:56:05.841,3,NVIDIA A100-SXM-64GB,128.17,48106,98
7744,2026-05-30 14:56:10.898530,2026/05/30 14:56:10.941,0,NVIDIA A100-SXM-64GB,139.55,48124,98
7745,2026-05-30 14:56:10.898530,2026/05/30 14:56:10.944,1,NVIDIA A100-SXM-64GB,148.72,48142,98
7746,2026-05-30 14:56:10.898530,2026/05/30 14:56:10.946,2,NVIDIA A100-SXM-64GB,136.96,48132,100
7747,2026-05-30 14:56:10.898530,2026/05/30 14:56:10.948,3,NVIDIA A100-SXM-64GB,127.57,48106,98
7748,2026-05-30 14:56:16.002248,2026/05/30 14:56:16.049,0,NVIDIA A100-SXM-64GB,167.04,48124,100
7749,2026-05-30 14:56:16.002248,2026/05/30 14:56:16.055,1,NVIDIA A100-SXM-64GB,172.78,48142,100
7750,2026-05-30 14:56:16.002248,2026/05/30 14:56:16.060,2,NVIDIA A100-SXM-64GB,190.02,48132,100
7751,2026-05-30 14:56:16.002248,2026/05/30 14:56:16.062,3,NVIDIA A100-SXM-64GB,179.07,48106,100
7752,2026-05-30 14:56:21.100843,2026/05/30 14:56:21.149,0,NVIDIA A100-SXM-64GB,176.85,48124,100
7753,2026-05-30 14:56:21.100843,2026/05/30 14:56:21.155,1,NVIDIA A100-SXM-64GB,177.07,48142,100
7754,2026-05-30 14:56:21.100843,2026/05/30 14:56:21.157,2,NVIDIA A100-SXM-64GB,158.97,48132,100
7755,2026-05-30 14:56:21.100843,2026/05/30 14:56:21.161,3,NVIDIA A100-SXM-64GB,163.15,48106,100
7756,2026-05-30 14:56:26.214530,2026/05/30 14:56:26.253,0,NVIDIA A100-SXM-64GB,142.90,48124,98
7757,2026-05-30 14:56:26.214530,2026/05/30 14:56:26.256,1,NVIDIA A100-SXM-64GB,209.26,48142,100
7758,2026-05-30 14:56:26.214530,2026/05/30 14:56:26.258,2,NVIDIA A100-SXM-64GB,163.59,48132,100
7759,2026-05-30 14:56:26.214530,2026/05/30 14:56:26.261,3,NVIDIA A100-SXM-64GB,143.82,48106,98
7760,2026-05-30 14:56:31.299738,2026/05/30 14:56:31.347,0,NVIDIA A100-SXM-64GB,180.81,48124,100
7761,2026-05-30 14:56:31.299738,2026/05/30 14:56:31.354,1,NVIDIA A100-SXM-64GB,177.85,48142,100
7762,2026-05-30 14:56:31.299738,2026/05/30 14:56:31.357,2,NVIDIA A100-SXM-64GB,164.19,48132,100
7763,2026-05-30 14:56:31.299738,2026/05/30 14:56:31.359,3,NVIDIA A100-SXM-64GB,176.64,48106,100
7764,2026-05-30 14:56:36.413689,2026/05/30 14:56:36.457,0,NVIDIA A100-SXM-64GB,143.83,48124,100
7765,2026-05-30 14:56:36.413689,2026/05/30 14:56:36.459,1,NVIDIA A100-SXM-64GB,212.28,48142,98
7766,2026-05-30 14:56:36.413689,2026/05/30 14:56:36.462,2,NVIDIA A100-SXM-64GB,160.84,48132,98
7767,2026-05-30 14:56:36.413689,2026/05/30 14:56:36.464,3,NVIDIA A100-SXM-64GB,145.64,48106,100
7768,2026-05-30 14:56:41.534613,2026/05/30 14:56:41.579,0,NVIDIA A100-SXM-64GB,172.67,48124,100
7769,2026-05-30 14:56:41.534613,2026/05/30 14:56:41.582,1,NVIDIA A100-SXM-64GB,172.44,48142,100
7770,2026-05-30 14:56:41.534613,2026/05/30 14:56:41.584,2,NVIDIA A100-SXM-64GB,165.84,48132,100
7771,2026-05-30 14:56:41.534613,2026/05/30 14:56:41.587,3,NVIDIA A100-SXM-64GB,165.57,48106,100
7772,2026-05-30 14:56:46.628109,2026/05/30 14:56:46.676,0,NVIDIA A100-SXM-64GB,127.98,48124,100
7773,2026-05-30 14:56:46.628109,2026/05/30 14:56:46.678,1,NVIDIA A100-SXM-64GB,142.13,48142,100
7774,2026-05-30 14:56:46.628109,2026/05/30 14:56:46.681,2,NVIDIA A100-SXM-64GB,135.55,48132,98
7775,2026-05-30 14:56:46.628109,2026/05/30 14:56:46.683,3,NVIDIA A100-SXM-64GB,122.34,48106,100
7776,2026-05-30 14:56:51.737162,2026/05/30 14:56:51.793,0,NVIDIA A100-SXM-64GB,182.34,48124,100
7777,2026-05-30 14:56:51.737162,2026/05/30 14:56:51.796,1,NVIDIA A100-SXM-64GB,169.59,48142,100
7778,2026-05-30 14:56:51.737162,2026/05/30 14:56:51.798,2,NVIDIA A100-SXM-64GB,175.53,48132,100
7779,2026-05-30 14:56:51.737162,2026/05/30 14:56:51.801,3,NVIDIA A100-SXM-64GB,164.09,48106,100
7780,2026-05-30 14:56:56.854408,2026/05/30 14:56:56.898,0,NVIDIA A100-SXM-64GB,178.34,48124,100
7781,2026-05-30 14:56:56.854408,2026/05/30 14:56:56.901,1,NVIDIA A100-SXM-64GB,192.97,48142,100
7782,2026-05-30 14:56:56.854408,2026/05/30 14:56:56.903,2,NVIDIA A100-SXM-64GB,173.53,48132,100
7783,2026-05-30 14:56:56.854408,2026/05/30 14:56:56.906,3,NVIDIA A100-SXM-64GB,164.70,48106,100
7784,2026-05-30 14:57:01.947249,2026/05/30 14:57:02.002,0,NVIDIA A100-SXM-64GB,132.53,48124,99
7785,2026-05-30 14:57:01.947249,2026/05/30 14:57:02.004,1,NVIDIA A100-SXM-64GB,143.34,48142,97
7786,2026-05-30 14:57:01.947249,2026/05/30 14:57:02.007,2,NVIDIA A100-SXM-64GB,140.31,48132,100
7787,2026-05-30 14:57:01.947249,2026/05/30 14:57:02.009,3,NVIDIA A100-SXM-64GB,132.80,48106,98
7788,2026-05-30 14:57:07.051849,2026/05/30 14:57:07.109,0,NVIDIA A100-SXM-64GB,141.27,48124,100
7789,2026-05-30 14:57:07.051849,2026/05/30 14:57:07.112,1,NVIDIA A100-SXM-64GB,173.38,48142,100
7790,2026-05-30 14:57:07.051849,2026/05/30 14:57:07.116,2,NVIDIA A100-SXM-64GB,165.57,48132,100
7791,2026-05-30 14:57:07.051849,2026/05/30 14:57:07.119,3,NVIDIA A100-SXM-64GB,139.38,48106,100
7792,2026-05-30 14:57:12.199623,2026/05/30 14:57:12.244,0,NVIDIA A100-SXM-64GB,146.43,48124,100
7793,2026-05-30 14:57:12.199623,2026/05/30 14:57:12.246,1,NVIDIA A100-SXM-64GB,153.19,48142,100
7794,2026-05-30 14:57:12.199623,2026/05/30 14:57:12.253,2,NVIDIA A100-SXM-64GB,141.38,48132,100
7795,2026-05-30 14:57:12.199623,2026/05/30 14:57:12.257,3,NVIDIA A100-SXM-64GB,147.18,48106,100
7796,2026-05-30 14:57:17.311489,2026/05/30 14:57:17.355,0,NVIDIA A100-SXM-64GB,145.54,48124,98
7797,2026-05-30 14:57:17.311489,2026/05/30 14:57:17.357,1,NVIDIA A100-SXM-64GB,151.16,48142,98
7798,2026-05-30 14:57:17.311489,2026/05/30 14:57:17.360,2,NVIDIA A100-SXM-64GB,146.60,48132,98
7799,2026-05-30 14:57:17.311489,2026/05/30 14:57:17.363,3,NVIDIA A100-SXM-64GB,138.91,48106,98
7800,2026-05-30 14:57:22.427885,2026/05/30 14:57:22.471,0,NVIDIA A100-SXM-64GB,145.54,48124,97
7801,2026-05-30 14:57:22.427885,2026/05/30 14:57:22.474,1,NVIDIA A100-SXM-64GB,147.03,48142,97
7802,2026-05-30 14:57:22.427885,2026/05/30 14:57:22.479,2,NVIDIA A100-SXM-64GB,145.07,48132,98
7803,2026-05-30 14:57:22.427885,2026/05/30 14:57:22.482,3,NVIDIA A100-SXM-64GB,140.92,48106,97
7804,2026-05-30 14:57:27.545616,2026/05/30 14:57:27.594,0,NVIDIA A100-SXM-64GB,189.24,48124,100
7805,2026-05-30 14:57:27.545616,2026/05/30 14:57:27.597,1,NVIDIA A100-SXM-64GB,176.89,48142,100
7806,2026-05-30 14:57:27.545616,2026/05/30 14:57:27.602,2,NVIDIA A100-SXM-64GB,186.21,48132,100
7807,2026-05-30 14:57:27.545616,2026/05/30 14:57:27.605,3,NVIDIA A100-SXM-64GB,168.82,48106,100
7808,2026-05-30 14:57:32.676622,2026/05/30 14:57:32.721,0,NVIDIA A100-SXM-64GB,150.10,48124,97
7809,2026-05-30 14:57:32.676622,2026/05/30 14:57:32.726,1,NVIDIA A100-SXM-64GB,148.90,48142,100
7810,2026-05-30 14:57:32.676622,2026/05/30 14:57:32.728,2,NVIDIA A100-SXM-64GB,132.53,48132,97
7811,2026-05-30 14:57:32.676622,2026/05/30 14:57:32.731,3,NVIDIA A100-SXM-64GB,142.88,48106,97
7812,2026-05-30 14:57:37.798157,2026/05/30 14:57:37.850,0,NVIDIA A100-SXM-64GB,166.87,48124,100
7813,2026-05-30 14:57:37.798157,2026/05/30 14:57:37.853,1,NVIDIA A100-SXM-64GB,173.53,48142,100
7814,2026-05-30 14:57:37.798157,2026/05/30 14:57:37.856,2,NVIDIA A100-SXM-64GB,179.03,48132,100
7815,2026-05-30 14:57:37.798157,2026/05/30 14:57:37.859,3,NVIDIA A100-SXM-64GB,163.59,48106,100
7816,2026-05-30 14:57:42.908926,2026/05/30 14:57:42.953,0,NVIDIA A100-SXM-64GB,145.22,48124,99
7817,2026-05-30 14:57:42.908926,2026/05/30 14:57:42.955,1,NVIDIA A100-SXM-64GB,153.31,48142,99
7818,2026-05-30 14:57:42.908926,2026/05/30 14:57:42.958,2,NVIDIA A100-SXM-64GB,145.67,48132,100
7819,2026-05-30 14:57:42.908926,2026/05/30 14:57:42.964,3,NVIDIA A100-SXM-64GB,145.49,48106,100
7820,2026-05-30 14:57:48.017982,2026/05/30 14:57:48.072,0,NVIDIA A100-SXM-64GB,185.83,48124,100
7821,2026-05-30 14:57:48.017982,2026/05/30 14:57:48.075,1,NVIDIA A100-SXM-64GB,184.72,48142,100
7822,2026-05-30 14:57:48.017982,2026/05/30 14:57:48.077,2,NVIDIA A100-SXM-64GB,184.53,48132,100
7823,2026-05-30 14:57:48.017982,2026/05/30 14:57:48.083,3,NVIDIA A100-SXM-64GB,178.79,48106,100
7824,2026-05-30 14:57:53.149858,2026/05/30 14:57:53.198,0,NVIDIA A100-SXM-64GB,177.55,48124,100
7825,2026-05-30 14:57:53.149858,2026/05/30 14:57:53.204,1,NVIDIA A100-SXM-64GB,164.53,48142,100
7826,2026-05-30 14:57:53.149858,2026/05/30 14:57:53.206,2,NVIDIA A100-SXM-64GB,167.11,48132,100
7827,2026-05-30 14:57:53.149858,2026/05/30 14:57:53.209,3,NVIDIA A100-SXM-64GB,160.40,48106,100
