,script_timestamp,nvidia_timestamp,gpu_index,gpu_name,power_draw_watts,memory_used_MiB,utilization_percent
0,2026-05-18 17:46:06.039315,2026/05/18 17:46:06.075,0,NVIDIA A100-SXM-64GB,60.25,0,0
1,2026-05-18 17:46:06.039315,2026/05/18 17:46:06.078,1,NVIDIA A100-SXM-64GB,63.19,0,0
2,2026-05-18 17:46:06.039315,2026/05/18 17:46:06.080,2,NVIDIA A100-SXM-64GB,60.06,0,0
3,2026-05-18 17:46:06.039315,2026/05/18 17:46:06.083,3,NVIDIA A100-SXM-64GB,63.46,0,0
4,2026-05-18 17:46:11.104266,2026/05/18 17:46:11.164,0,NVIDIA A100-SXM-64GB,60.25,0,0
5,2026-05-18 17:46:11.104266,2026/05/18 17:46:11.167,1,NVIDIA A100-SXM-64GB,63.26,0,0
6,2026-05-18 17:46:11.104266,2026/05/18 17:46:11.170,2,NVIDIA A100-SXM-64GB,59.85,0,0
7,2026-05-18 17:46:11.104266,2026/05/18 17:46:11.172,3,NVIDIA A100-SXM-64GB,63.52,0,0
8,2026-05-18 17:46:16.194855,2026/05/18 17:46:16.255,0,NVIDIA A100-SXM-64GB,60.25,0,0
9,2026-05-18 17:46:16.194855,2026/05/18 17:46:16.258,1,NVIDIA A100-SXM-64GB,63.26,0,0
10,2026-05-18 17:46:16.194855,2026/05/18 17:46:16.260,2,NVIDIA A100-SXM-64GB,59.79,0,0
11,2026-05-18 17:46:16.194855,2026/05/18 17:46:16.263,3,NVIDIA A100-SXM-64GB,63.46,0,0
12,2026-05-18 17:46:21.283621,2026/05/18 17:46:21.386,0,NVIDIA A100-SXM-64GB,60.31,0,0
13,2026-05-18 17:46:21.283621,2026/05/18 17:46:21.395,1,NVIDIA A100-SXM-64GB,63.26,0,0
14,2026-05-18 17:46:21.283621,2026/05/18 17:46:21.409,2,NVIDIA A100-SXM-64GB,60.06,0,0
15,2026-05-18 17:46:21.283621,2026/05/18 17:46:21.432,3,NVIDIA A100-SXM-64GB,63.52,0,0
16,2026-05-18 17:46:26.468415,2026/05/18 17:46:26.583,0,NVIDIA A100-SXM-64GB,60.19,0,0
17,2026-05-18 17:46:26.468415,2026/05/18 17:46:26.590,1,NVIDIA A100-SXM-64GB,63.19,0,0
18,2026-05-18 17:46:26.468415,2026/05/18 17:46:26.617,2,NVIDIA A100-SXM-64GB,60.06,0,0
19,2026-05-18 17:46:26.468415,2026/05/18 17:46:26.630,3,NVIDIA A100-SXM-64GB,63.39,0,0
20,2026-05-18 17:46:31.672965,2026/05/18 17:46:31.785,0,NVIDIA A100-SXM-64GB,59.97,0,0
21,2026-05-18 17:46:31.672965,2026/05/18 17:46:31.792,1,NVIDIA A100-SXM-64GB,63.19,0,0
22,2026-05-18 17:46:31.672965,2026/05/18 17:46:31.818,2,NVIDIA A100-SXM-64GB,59.85,0,0
23,2026-05-18 17:46:31.672965,2026/05/18 17:46:31.827,3,NVIDIA A100-SXM-64GB,63.46,0,0
24,2026-05-18 17:46:36.872619,2026/05/18 17:46:36.985,0,NVIDIA A100-SXM-64GB,60.19,0,0
25,2026-05-18 17:46:36.872619,2026/05/18 17:46:36.996,1,NVIDIA A100-SXM-64GB,63.19,0,0
26,2026-05-18 17:46:36.872619,2026/05/18 17:46:37.010,2,NVIDIA A100-SXM-64GB,59.79,0,0
27,2026-05-18 17:46:36.872619,2026/05/18 17:46:37.040,3,NVIDIA A100-SXM-64GB,63.39,0,0
28,2026-05-18 17:46:42.083663,2026/05/18 17:46:42.192,0,NVIDIA A100-SXM-64GB,59.97,0,0
29,2026-05-18 17:46:42.083663,2026/05/18 17:46:42.200,1,NVIDIA A100-SXM-64GB,63.26,0,0
30,2026-05-18 17:46:42.083663,2026/05/18 17:46:42.214,2,NVIDIA A100-SXM-64GB,59.85,0,0
31,2026-05-18 17:46:42.083663,2026/05/18 17:46:42.241,3,NVIDIA A100-SXM-64GB,63.19,0,0
32,2026-05-18 17:46:47.284216,2026/05/18 17:46:47.392,0,NVIDIA A100-SXM-64GB,59.97,0,0
33,2026-05-18 17:46:47.284216,2026/05/18 17:46:47.409,1,NVIDIA A100-SXM-64GB,62.99,0,0
34,2026-05-18 17:46:47.284216,2026/05/18 17:46:47.413,2,NVIDIA A100-SXM-64GB,59.79,0,0
35,2026-05-18 17:46:47.284216,2026/05/18 17:46:47.420,3,NVIDIA A100-SXM-64GB,63.19,0,0
36,2026-05-18 17:46:52.452971,2026/05/18 17:46:52.574,0,NVIDIA A100-SXM-64GB,59.97,0,0
37,2026-05-18 17:46:52.452971,2026/05/18 17:46:52.583,1,NVIDIA A100-SXM-64GB,63.19,0,0
38,2026-05-18 17:46:52.452971,2026/05/18 17:46:52.599,2,NVIDIA A100-SXM-64GB,59.79,0,0
39,2026-05-18 17:46:52.452971,2026/05/18 17:46:52.611,3,NVIDIA A100-SXM-64GB,63.39,0,0
40,2026-05-18 17:46:57.668487,2026/05/18 17:46:57.767,0,NVIDIA A100-SXM-64GB,60.03,0,0
41,2026-05-18 17:46:57.668487,2026/05/18 17:46:57.786,1,NVIDIA A100-SXM-64GB,63.05,0,0
42,2026-05-18 17:46:57.668487,2026/05/18 17:46:57.799,2,NVIDIA A100-SXM-64GB,59.91,0,0
43,2026-05-18 17:46:57.668487,2026/05/18 17:46:57.816,3,NVIDIA A100-SXM-64GB,63.19,0,0
44,2026-05-18 17:47:02.859407,2026/05/18 17:47:02.968,0,NVIDIA A100-SXM-64GB,60.19,4,0
45,2026-05-18 17:47:02.859407,2026/05/18 17:47:02.986,1,NVIDIA A100-SXM-64GB,62.92,4,0
46,2026-05-18 17:47:02.859407,2026/05/18 17:47:02.990,2,NVIDIA A100-SXM-64GB,59.79,4,0
47,2026-05-18 17:47:02.859407,2026/05/18 17:47:03.007,3,NVIDIA A100-SXM-64GB,63.19,4,0
48,2026-05-18 17:47:08.051200,2026/05/18 17:47:08.153,0,NVIDIA A100-SXM-64GB,59.91,4,0
49,2026-05-18 17:47:08.051200,2026/05/18 17:47:08.161,1,NVIDIA A100-SXM-64GB,62.92,4,0
50,2026-05-18 17:47:08.051200,2026/05/18 17:47:08.176,2,NVIDIA A100-SXM-64GB,59.79,4,0
51,2026-05-18 17:47:08.051200,2026/05/18 17:47:08.199,3,NVIDIA A100-SXM-64GB,63.13,4,0
52,2026-05-18 17:47:13.252960,2026/05/18 17:47:13.368,0,NVIDIA A100-SXM-64GB,60.03,4,0
53,2026-05-18 17:47:13.252960,2026/05/18 17:47:13.380,1,NVIDIA A100-SXM-64GB,62.99,4,0
54,2026-05-18 17:47:13.252960,2026/05/18 17:47:13.406,2,NVIDIA A100-SXM-64GB,59.91,4,0
55,2026-05-18 17:47:13.252960,2026/05/18 17:47:13.424,3,NVIDIA A100-SXM-64GB,63.19,4,0
56,2026-05-18 17:47:18.463532,2026/05/18 17:47:18.596,0,NVIDIA A100-SXM-64GB,60.19,4,0
57,2026-05-18 17:47:18.463532,2026/05/18 17:47:18.610,1,NVIDIA A100-SXM-64GB,76.96,480,0
58,2026-05-18 17:47:18.463532,2026/05/18 17:47:18.628,2,NVIDIA A100-SXM-64GB,72.88,480,0
59,2026-05-18 17:47:18.463532,2026/05/18 17:47:18.636,3,NVIDIA A100-SXM-64GB,76.80,480,0
60,2026-05-18 17:47:23.680591,2026/05/18 17:47:23.800,0,NVIDIA A100-SXM-64GB,60.03,4,0
61,2026-05-18 17:47:23.680591,2026/05/18 17:47:23.803,1,NVIDIA A100-SXM-64GB,77.04,480,0
62,2026-05-18 17:47:23.680591,2026/05/18 17:47:23.820,2,NVIDIA A100-SXM-64GB,72.96,480,0
63,2026-05-18 17:47:23.680591,2026/05/18 17:47:23.850,3,NVIDIA A100-SXM-64GB,76.88,480,0
64,2026-05-18 17:47:28.884705,2026/05/18 17:47:28.997,0,NVIDIA A100-SXM-64GB,59.91,4,0
65,2026-05-18 17:47:28.884705,2026/05/18 17:47:29.001,1,NVIDIA A100-SXM-64GB,76.96,480,0
66,2026-05-18 17:47:28.884705,2026/05/18 17:47:29.021,2,NVIDIA A100-SXM-64GB,73.21,480,0
67,2026-05-18 17:47:28.884705,2026/05/18 17:47:29.030,3,NVIDIA A100-SXM-64GB,77.08,480,0
68,2026-05-18 17:47:34.072165,2026/05/18 17:47:34.121,0,NVIDIA A100-SXM-64GB,73.03,1204,0
69,2026-05-18 17:47:34.072165,2026/05/18 17:47:34.124,1,NVIDIA A100-SXM-64GB,76.96,1204,0
70,2026-05-18 17:47:34.072165,2026/05/18 17:47:34.126,2,NVIDIA A100-SXM-64GB,73.13,1204,0
71,2026-05-18 17:47:34.072165,2026/05/18 17:47:34.129,3,NVIDIA A100-SXM-64GB,77.08,1204,0
72,2026-05-18 17:47:39.145379,2026/05/18 17:47:39.193,0,NVIDIA A100-SXM-64GB,73.11,1204,0
73,2026-05-18 17:47:39.145379,2026/05/18 17:47:39.195,1,NVIDIA A100-SXM-64GB,77.23,1204,0
74,2026-05-18 17:47:39.145379,2026/05/18 17:47:39.201,2,NVIDIA A100-SXM-64GB,73.21,1204,0
75,2026-05-18 17:47:39.145379,2026/05/18 17:47:39.204,3,NVIDIA A100-SXM-64GB,76.80,1204,0
76,2026-05-18 17:47:44.222333,2026/05/18 17:47:44.328,0,NVIDIA A100-SXM-64GB,73.43,1332,9
77,2026-05-18 17:47:44.222333,2026/05/18 17:47:44.333,1,NVIDIA A100-SXM-64GB,77.31,1332,9
78,2026-05-18 17:47:44.222333,2026/05/18 17:47:44.382,2,NVIDIA A100-SXM-64GB,73.56,1332,9
79,2026-05-18 17:47:44.222333,2026/05/18 17:47:44.386,3,NVIDIA A100-SXM-64GB,76.96,1332,7
80,2026-05-18 17:47:49.443489,2026/05/18 17:47:49.549,0,NVIDIA A100-SXM-64GB,82.37,2484,59
81,2026-05-18 17:47:49.443489,2026/05/18 17:47:49.570,1,NVIDIA A100-SXM-64GB,88.11,2502,49
82,2026-05-18 17:47:49.443489,2026/05/18 17:47:49.603,2,NVIDIA A100-SXM-64GB,82.53,2492,67
83,2026-05-18 17:47:49.443489,2026/05/18 17:47:49.621,3,NVIDIA A100-SXM-64GB,86.40,2464,29
84,2026-05-18 17:47:54.652609,2026/05/18 17:47:54.764,0,NVIDIA A100-SXM-64GB,82.37,2544,2
85,2026-05-18 17:47:54.652609,2026/05/18 17:47:54.766,1,NVIDIA A100-SXM-64GB,85.89,2562,2
86,2026-05-18 17:47:54.652609,2026/05/18 17:47:54.780,2,NVIDIA A100-SXM-64GB,82.64,2552,2
87,2026-05-18 17:47:54.652609,2026/05/18 17:47:54.801,3,NVIDIA A100-SXM-64GB,86.31,2524,2
88,2026-05-18 17:47:59.844401,2026/05/18 17:48:00.017,0,NVIDIA A100-SXM-64GB,101.81,2664,98
89,2026-05-18 17:47:59.844401,2026/05/18 17:48:00.020,1,NVIDIA A100-SXM-64GB,105.05,2682,100
90,2026-05-18 17:47:59.844401,2026/05/18 17:48:00.029,2,NVIDIA A100-SXM-64GB,100.89,2672,100
91,2026-05-18 17:47:59.844401,2026/05/18 17:48:00.075,3,NVIDIA A100-SXM-64GB,101.27,2644,100
92,2026-05-18 17:48:05.119250,2026/05/18 17:48:05.224,0,NVIDIA A100-SXM-64GB,82.62,2744,100
93,2026-05-18 17:48:05.119250,2026/05/18 17:48:05.227,1,NVIDIA A100-SXM-64GB,85.89,2762,97
94,2026-05-18 17:48:05.119250,2026/05/18 17:48:05.246,2,NVIDIA A100-SXM-64GB,82.45,2752,15
95,2026-05-18 17:48:05.119250,2026/05/18 17:48:05.263,3,NVIDIA A100-SXM-64GB,86.40,2724,91
96,2026-05-18 17:48:10.308107,2026/05/18 17:48:10.418,0,NVIDIA A100-SXM-64GB,82.97,2804,2
97,2026-05-18 17:48:10.308107,2026/05/18 17:48:10.424,1,NVIDIA A100-SXM-64GB,85.89,2822,2
98,2026-05-18 17:48:10.308107,2026/05/18 17:48:10.443,2,NVIDIA A100-SXM-64GB,82.12,2812,2
99,2026-05-18 17:48:10.308107,2026/05/18 17:48:10.449,3,NVIDIA A100-SXM-64GB,86.40,2784,2
100,2026-05-18 17:48:15.491329,2026/05/18 17:48:15.605,0,NVIDIA A100-SXM-64GB,82.37,2884,2
101,2026-05-18 17:48:15.491329,2026/05/18 17:48:15.608,1,NVIDIA A100-SXM-64GB,85.97,2902,2
102,2026-05-18 17:48:15.491329,2026/05/18 17:48:15.610,2,NVIDIA A100-SXM-64GB,82.12,2892,2
103,2026-05-18 17:48:15.491329,2026/05/18 17:48:15.640,3,NVIDIA A100-SXM-64GB,86.72,2864,2
104,2026-05-18 17:48:20.686899,2026/05/18 17:48:20.857,0,NVIDIA A100-SXM-64GB,91.28,2964,100
105,2026-05-18 17:48:20.686899,2026/05/18 17:48:20.860,1,NVIDIA A100-SXM-64GB,94.78,2982,100
106,2026-05-18 17:48:20.686899,2026/05/18 17:48:20.919,2,NVIDIA A100-SXM-64GB,90.91,2972,100
107,2026-05-18 17:48:20.686899,2026/05/18 17:48:20.922,3,NVIDIA A100-SXM-64GB,76.88,2924,1
108,2026-05-18 17:48:25.984071,2026/05/18 17:48:26.093,0,NVIDIA A100-SXM-64GB,82.70,3044,2
109,2026-05-18 17:48:25.984071,2026/05/18 17:48:26.102,1,NVIDIA A100-SXM-64GB,85.89,3062,2
110,2026-05-18 17:48:25.984071,2026/05/18 17:48:26.114,2,NVIDIA A100-SXM-64GB,82.45,3052,2
111,2026-05-18 17:48:25.984071,2026/05/18 17:48:26.125,3,NVIDIA A100-SXM-64GB,86.31,3024,2
112,2026-05-18 17:48:31.165857,2026/05/18 17:48:31.272,0,NVIDIA A100-SXM-64GB,82.53,3124,2
113,2026-05-18 17:48:31.165857,2026/05/18 17:48:31.277,1,NVIDIA A100-SXM-64GB,86.12,3142,2
114,2026-05-18 17:48:31.165857,2026/05/18 17:48:31.297,2,NVIDIA A100-SXM-64GB,82.28,3132,2
115,2026-05-18 17:48:31.165857,2026/05/18 17:48:31.310,3,NVIDIA A100-SXM-64GB,86.55,3104,2
116,2026-05-18 17:48:36.346395,2026/05/18 17:48:36.460,0,NVIDIA A100-SXM-64GB,82.81,3224,26
117,2026-05-18 17:48:36.346395,2026/05/18 17:48:36.469,1,NVIDIA A100-SXM-64GB,86.40,3242,16
118,2026-05-18 17:48:36.346395,2026/05/18 17:48:36.477,2,NVIDIA A100-SXM-64GB,82.36,3232,39
119,2026-05-18 17:48:36.346395,2026/05/18 17:48:36.502,3,NVIDIA A100-SXM-64GB,86.55,3204,7
120,2026-05-18 17:48:41.538514,2026/05/18 17:48:41.645,0,NVIDIA A100-SXM-64GB,73.11,4264,2
121,2026-05-18 17:48:41.538514,2026/05/18 17:48:41.648,1,NVIDIA A100-SXM-64GB,77.23,4282,2
122,2026-05-18 17:48:41.538514,2026/05/18 17:48:41.666,2,NVIDIA A100-SXM-64GB,73.21,4272,2
123,2026-05-18 17:48:41.538514,2026/05/18 17:48:41.679,3,NVIDIA A100-SXM-64GB,77.15,4244,2
124,2026-05-18 17:48:46.717394,2026/05/18 17:48:46.884,0,NVIDIA A100-SXM-64GB,90.77,7264,100
125,2026-05-18 17:48:46.717394,2026/05/18 17:48:46.886,1,NVIDIA A100-SXM-64GB,94.35,7282,100
126,2026-05-18 17:48:46.717394,2026/05/18 17:48:46.893,2,NVIDIA A100-SXM-64GB,90.58,7272,100
127,2026-05-18 17:48:46.717394,2026/05/18 17:48:46.972,3,NVIDIA A100-SXM-64GB,82.88,7244,73
128,2026-05-18 17:48:52.074671,2026/05/18 17:48:52.175,0,NVIDIA A100-SXM-64GB,82.01,10244,0
129,2026-05-18 17:48:52.074671,2026/05/18 17:48:52.191,1,NVIDIA A100-SXM-64GB,86.12,10262,0
130,2026-05-18 17:48:52.074671,2026/05/18 17:48:52.204,2,NVIDIA A100-SXM-64GB,82.36,10252,0
131,2026-05-18 17:48:52.074671,2026/05/18 17:48:52.218,3,NVIDIA A100-SXM-64GB,86.04,10224,0
132,2026-05-18 17:48:57.260582,2026/05/18 17:48:57.444,0,NVIDIA A100-SXM-64GB,100.54,11080,100
133,2026-05-18 17:48:57.260582,2026/05/18 17:48:57.447,1,NVIDIA A100-SXM-64GB,109.49,11098,100
134,2026-05-18 17:48:57.260582,2026/05/18 17:48:57.450,2,NVIDIA A100-SXM-64GB,101.87,11114,100
135,2026-05-18 17:48:57.260582,2026/05/18 17:48:57.498,3,NVIDIA A100-SXM-64GB,109.11,11060,100
136,2026-05-18 17:49:02.534324,2026/05/18 17:49:02.761,0,NVIDIA A100-SXM-64GB,102.29,20668,100
137,2026-05-18 17:49:02.534324,2026/05/18 17:49:02.764,1,NVIDIA A100-SXM-64GB,108.51,20686,100
138,2026-05-18 17:49:02.534324,2026/05/18 17:49:02.767,2,NVIDIA A100-SXM-64GB,102.58,20718,100
139,2026-05-18 17:49:02.534324,2026/05/18 17:49:02.775,3,NVIDIA A100-SXM-64GB,105.05,20648,100
140,2026-05-18 17:49:07.882593,2026/05/18 17:49:08.062,0,NVIDIA A100-SXM-64GB,104.55,26408,100
141,2026-05-18 17:49:07.882593,2026/05/18 17:49:08.065,1,NVIDIA A100-SXM-64GB,120.83,26426,100
142,2026-05-18 17:49:07.882593,2026/05/18 17:49:08.074,2,NVIDIA A100-SXM-64GB,104.61,26458,100
143,2026-05-18 17:49:07.882593,2026/05/18 17:49:08.129,3,NVIDIA A100-SXM-64GB,110.31,26390,100
144,2026-05-18 17:49:13.197950,2026/05/18 17:49:13.370,0,NVIDIA A100-SXM-64GB,105.49,28008,100
145,2026-05-18 17:49:13.197950,2026/05/18 17:49:13.373,1,NVIDIA A100-SXM-64GB,120.50,28026,100
146,2026-05-18 17:49:13.197950,2026/05/18 17:49:13.430,2,NVIDIA A100-SXM-64GB,106.15,28058,100
147,2026-05-18 17:49:13.197950,2026/05/18 17:49:13.433,3,NVIDIA A100-SXM-64GB,102.37,27990,100
148,2026-05-18 17:49:18.483636,2026/05/18 17:49:18.661,0,NVIDIA A100-SXM-64GB,101.48,28008,100
149,2026-05-18 17:49:18.483636,2026/05/18 17:49:18.664,1,NVIDIA A100-SXM-64GB,100.34,28026,100
150,2026-05-18 17:49:18.483636,2026/05/18 17:49:18.672,2,NVIDIA A100-SXM-64GB,99.96,28058,100
151,2026-05-18 17:49:18.483636,2026/05/18 17:49:18.732,3,NVIDIA A100-SXM-64GB,101.17,27990,100
152,2026-05-18 17:49:23.771175,2026/05/18 17:49:23.955,0,NVIDIA A100-SXM-64GB,142.17,28248,100
153,2026-05-18 17:49:23.771175,2026/05/18 17:49:23.958,1,NVIDIA A100-SXM-64GB,107.08,28266,100
154,2026-05-18 17:49:23.771175,2026/05/18 17:49:23.969,2,NVIDIA A100-SXM-64GB,132.86,28358,100
155,2026-05-18 17:49:23.771175,2026/05/18 17:49:23.994,3,NVIDIA A100-SXM-64GB,97.83,28272,100
156,2026-05-18 17:49:29.106270,2026/05/18 17:49:29.205,0,NVIDIA A100-SXM-64GB,85.36,30088,100
157,2026-05-18 17:49:29.106270,2026/05/18 17:49:29.208,1,NVIDIA A100-SXM-64GB,87.10,30106,100
158,2026-05-18 17:49:29.106270,2026/05/18 17:49:29.229,2,NVIDIA A100-SXM-64GB,89.47,30138,64
159,2026-05-18 17:49:29.106270,2026/05/18 17:49:29.242,3,NVIDIA A100-SXM-64GB,86.92,30112,49
160,2026-05-18 17:49:34.283610,2026/05/18 17:49:34.463,0,NVIDIA A100-SXM-64GB,101.91,30938,100
161,2026-05-18 17:49:34.283610,2026/05/18 17:49:34.466,1,NVIDIA A100-SXM-64GB,104.22,30956,100
162,2026-05-18 17:49:34.283610,2026/05/18 17:49:34.526,2,NVIDIA A100-SXM-64GB,103.84,31048,100
163,2026-05-18 17:49:34.283610,2026/05/18 17:49:34.529,3,NVIDIA A100-SXM-64GB,109.33,30942,100
164,2026-05-18 17:49:39.597425,2026/05/18 17:49:39.772,0,NVIDIA A100-SXM-64GB,107.90,31698,100
165,2026-05-18 17:49:39.597425,2026/05/18 17:49:39.775,1,NVIDIA A100-SXM-64GB,100.17,31856,100
166,2026-05-18 17:49:39.597425,2026/05/18 17:49:39.781,2,NVIDIA A100-SXM-64GB,107.90,31888,100
167,2026-05-18 17:49:39.597425,2026/05/18 17:49:39.841,3,NVIDIA A100-SXM-64GB,108.89,31822,100
168,2026-05-18 17:49:44.879999,2026/05/18 17:49:45.033,0,NVIDIA A100-SXM-64GB,105.49,31838,100
169,2026-05-18 17:49:44.879999,2026/05/18 17:49:45.073,1,NVIDIA A100-SXM-64GB,99.74,31856,100
170,2026-05-18 17:49:44.879999,2026/05/18 17:49:45.090,2,NVIDIA A100-SXM-64GB,86.55,31888,100
171,2026-05-18 17:49:44.879999,2026/05/18 17:49:45.145,3,NVIDIA A100-SXM-64GB,100.34,31862,73
172,2026-05-18 17:49:50.190768,2026/05/18 17:49:50.357,0,NVIDIA A100-SXM-64GB,107.62,31838,100
173,2026-05-18 17:49:50.190768,2026/05/18 17:49:50.360,1,NVIDIA A100-SXM-64GB,108.89,31856,100
174,2026-05-18 17:49:50.190768,2026/05/18 17:49:50.401,2,NVIDIA A100-SXM-64GB,104.50,31888,100
175,2026-05-18 17:49:50.190768,2026/05/18 17:49:50.404,3,NVIDIA A100-SXM-64GB,139.45,31862,100
176,2026-05-18 17:49:55.492448,2026/05/18 17:49:55.673,0,NVIDIA A100-SXM-64GB,107.62,31838,100
177,2026-05-18 17:49:55.492448,2026/05/18 17:49:55.676,1,NVIDIA A100-SXM-64GB,113.88,31856,100
178,2026-05-18 17:49:55.492448,2026/05/18 17:49:55.688,2,NVIDIA A100-SXM-64GB,104.34,31888,100
179,2026-05-18 17:49:55.492448,2026/05/18 17:49:55.752,3,NVIDIA A100-SXM-64GB,135.92,31862,100
180,2026-05-18 17:50:00.816506,2026/05/18 17:50:01.001,0,NVIDIA A100-SXM-64GB,107.08,31858,100
181,2026-05-18 17:50:00.816506,2026/05/18 17:50:01.005,1,NVIDIA A100-SXM-64GB,106.86,31856,100
182,2026-05-18 17:50:00.816506,2026/05/18 17:50:01.008,2,NVIDIA A100-SXM-64GB,107.57,31888,100
183,2026-05-18 17:50:00.816506,2026/05/18 17:50:01.072,3,NVIDIA A100-SXM-64GB,110.31,31862,100
184,2026-05-18 17:50:06.106379,2026/05/18 17:50:06.272,0,NVIDIA A100-SXM-64GB,102.69,31858,100
185,2026-05-18 17:50:06.106379,2026/05/18 17:50:06.275,1,NVIDIA A100-SXM-64GB,104.72,31856,100
186,2026-05-18 17:50:06.106379,2026/05/18 17:50:06.285,2,NVIDIA A100-SXM-64GB,103.63,31888,100
187,2026-05-18 17:50:06.106379,2026/05/18 17:50:06.309,3,NVIDIA A100-SXM-64GB,110.91,31862,100
188,2026-05-18 17:50:11.424476,2026/05/18 17:50:11.610,0,NVIDIA A100-SXM-64GB,100.88,31858,100
189,2026-05-18 17:50:11.424476,2026/05/18 17:50:11.613,1,NVIDIA A100-SXM-64GB,108.72,31856,100
190,2026-05-18 17:50:11.424476,2026/05/18 17:50:11.620,2,NVIDIA A100-SXM-64GB,105.54,31888,100
191,2026-05-18 17:50:11.424476,2026/05/18 17:50:11.679,3,NVIDIA A100-SXM-64GB,107.68,31862,100
192,2026-05-18 17:50:16.724008,2026/05/18 17:50:16.897,0,NVIDIA A100-SXM-64GB,107.30,31858,100
193,2026-05-18 17:50:16.724008,2026/05/18 17:50:16.947,1,NVIDIA A100-SXM-64GB,116.56,31856,100
194,2026-05-18 17:50:16.724008,2026/05/18 17:50:16.951,2,NVIDIA A100-SXM-64GB,108.50,31888,100
195,2026-05-18 17:50:16.724008,2026/05/18 17:50:16.989,3,NVIDIA A100-SXM-64GB,110.03,31862,100
196,2026-05-18 17:50:22.055963,2026/05/18 17:50:22.269,0,NVIDIA A100-SXM-64GB,112.51,31858,95
197,2026-05-18 17:50:22.055963,2026/05/18 17:50:22.272,1,NVIDIA A100-SXM-64GB,118.16,31856,96
198,2026-05-18 17:50:22.055963,2026/05/18 17:50:22.277,2,NVIDIA A100-SXM-64GB,105.87,31888,92
199,2026-05-18 17:50:22.055963,2026/05/18 17:50:22.344,3,NVIDIA A100-SXM-64GB,113.65,31882,95
200,2026-05-18 17:50:27.385084,2026/05/18 17:50:27.540,0,NVIDIA A100-SXM-64GB,104.44,31858,100
201,2026-05-18 17:50:27.385084,2026/05/18 17:50:27.543,1,NVIDIA A100-SXM-64GB,108.01,31856,100
202,2026-05-18 17:50:27.385084,2026/05/18 17:50:27.552,2,NVIDIA A100-SXM-64GB,107.29,31888,100
203,2026-05-18 17:50:27.385084,2026/05/18 17:50:27.632,3,NVIDIA A100-SXM-64GB,132.13,31882,100
204,2026-05-18 17:50:32.677346,2026/05/18 17:50:32.915,0,NVIDIA A100-SXM-64GB,97.80,31858,100
205,2026-05-18 17:50:32.677346,2026/05/18 17:50:32.918,1,NVIDIA A100-SXM-64GB,101.37,31856,100
206,2026-05-18 17:50:32.677346,2026/05/18 17:50:32.989,2,NVIDIA A100-SXM-64GB,140.47,31888,100
207,2026-05-18 17:50:32.677346,2026/05/18 17:50:32.991,3,NVIDIA A100-SXM-64GB,147.38,31882,100
208,2026-05-18 17:50:38.080215,2026/05/18 17:50:38.246,0,NVIDIA A100-SXM-64GB,103.12,31858,100
209,2026-05-18 17:50:38.080215,2026/05/18 17:50:38.249,1,NVIDIA A100-SXM-64GB,107.79,31856,100
210,2026-05-18 17:50:38.080215,2026/05/18 17:50:38.263,2,NVIDIA A100-SXM-64GB,102.20,31888,100
211,2026-05-18 17:50:38.080215,2026/05/18 17:50:38.316,3,NVIDIA A100-SXM-64GB,110.03,31902,100
212,2026-05-18 17:50:43.393721,2026/05/18 17:50:43.569,0,NVIDIA A100-SXM-64GB,107.90,31858,100
213,2026-05-18 17:50:43.393721,2026/05/18 17:50:43.572,1,NVIDIA A100-SXM-64GB,123.84,31856,100
214,2026-05-18 17:50:43.393721,2026/05/18 17:50:43.582,2,NVIDIA A100-SXM-64GB,94.58,31888,100
215,2026-05-18 17:50:43.393721,2026/05/18 17:50:43.636,3,NVIDIA A100-SXM-64GB,105.54,31902,100
216,2026-05-18 17:50:48.706676,2026/05/18 17:50:48.885,0,NVIDIA A100-SXM-64GB,106.09,31858,100
217,2026-05-18 17:50:48.706676,2026/05/18 17:50:48.888,1,NVIDIA A100-SXM-64GB,111.02,31856,100
218,2026-05-18 17:50:48.706676,2026/05/18 17:50:48.935,2,NVIDIA A100-SXM-64GB,101.00,31888,100
219,2026-05-18 17:50:48.706676,2026/05/18 17:50:48.938,3,NVIDIA A100-SXM-64GB,110.91,31902,100
220,2026-05-18 17:50:54.052086,2026/05/18 17:50:54.293,0,NVIDIA A100-SXM-64GB,107.41,31858,96
221,2026-05-18 17:50:54.052086,2026/05/18 17:50:54.296,1,NVIDIA A100-SXM-64GB,110.86,31856,100
222,2026-05-18 17:50:54.052086,2026/05/18 17:50:54.363,2,NVIDIA A100-SXM-64GB,111.63,31888,100
223,2026-05-18 17:50:54.052086,2026/05/18 17:50:54.399,3,NVIDIA A100-SXM-64GB,114.09,31902,100
224,2026-05-18 17:50:59.471480,2026/05/18 17:50:59.641,0,NVIDIA A100-SXM-64GB,111.14,31858,68
225,2026-05-18 17:50:59.471480,2026/05/18 17:50:59.644,1,NVIDIA A100-SXM-64GB,115.90,31856,87
226,2026-05-18 17:50:59.471480,2026/05/18 17:50:59.647,2,NVIDIA A100-SXM-64GB,99.36,31888,79
227,2026-05-18 17:50:59.471480,2026/05/18 17:50:59.708,3,NVIDIA A100-SXM-64GB,111.12,31902,94
228,2026-05-18 17:51:04.780183,2026/05/18 17:51:04.955,0,NVIDIA A100-SXM-64GB,114.11,31858,100
229,2026-05-18 17:51:04.780183,2026/05/18 17:51:04.958,1,NVIDIA A100-SXM-64GB,110.75,31856,100
230,2026-05-18 17:51:04.780183,2026/05/18 17:51:04.968,2,NVIDIA A100-SXM-64GB,97.00,31888,100
231,2026-05-18 17:51:04.780183,2026/05/18 17:51:05.027,3,NVIDIA A100-SXM-64GB,111.84,31902,100
232,2026-05-18 17:51:10.093308,2026/05/18 17:51:10.270,0,NVIDIA A100-SXM-64GB,135.00,31858,100
233,2026-05-18 17:51:10.093308,2026/05/18 17:51:10.273,1,NVIDIA A100-SXM-64GB,156.68,31856,100
234,2026-05-18 17:51:10.093308,2026/05/18 17:51:10.315,2,NVIDIA A100-SXM-64GB,101.60,31888,95
235,2026-05-18 17:51:10.093308,2026/05/18 17:51:10.326,3,NVIDIA A100-SXM-64GB,108.01,31902,100
236,2026-05-18 17:51:15.444451,2026/05/18 17:51:15.614,0,NVIDIA A100-SXM-64GB,107.90,31858,100
237,2026-05-18 17:51:15.444451,2026/05/18 17:51:15.617,1,NVIDIA A100-SXM-64GB,111.35,31856,100
238,2026-05-18 17:51:15.444451,2026/05/18 17:51:15.626,2,NVIDIA A100-SXM-64GB,112.28,31888,100
239,2026-05-18 17:51:15.444451,2026/05/18 17:51:15.654,3,NVIDIA A100-SXM-64GB,110.31,31902,100
240,2026-05-18 17:51:20.758830,2026/05/18 17:51:20.860,0,NVIDIA A100-SXM-64GB,97.20,31858,84
241,2026-05-18 17:51:20.758830,2026/05/18 17:51:20.913,1,NVIDIA A100-SXM-64GB,100.67,31856,94
242,2026-05-18 17:51:20.758830,2026/05/18 17:51:20.946,2,NVIDIA A100-SXM-64GB,92.02,31888,86
243,2026-05-18 17:51:20.758830,2026/05/18 17:51:20.950,3,NVIDIA A100-SXM-64GB,88.08,31902,100
244,2026-05-18 17:51:26.009780,2026/05/18 17:51:26.201,0,NVIDIA A100-SXM-64GB,105.76,31858,100
245,2026-05-18 17:51:26.009780,2026/05/18 17:51:26.204,1,NVIDIA A100-SXM-64GB,105.65,31898,100
246,2026-05-18 17:51:26.009780,2026/05/18 17:51:26.207,2,NVIDIA A100-SXM-64GB,143.12,31888,100
247,2026-05-18 17:51:26.009780,2026/05/18 17:51:26.264,3,NVIDIA A100-SXM-64GB,105.43,31902,100
248,2026-05-18 17:51:31.334397,2026/05/18 17:51:31.515,0,NVIDIA A100-SXM-64GB,104.55,31858,93
249,2026-05-18 17:51:31.334397,2026/05/18 17:51:31.518,1,NVIDIA A100-SXM-64GB,103.24,31898,100
250,2026-05-18 17:51:31.334397,2026/05/18 17:51:31.566,2,NVIDIA A100-SXM-64GB,122.18,31888,100
251,2026-05-18 17:51:31.334397,2026/05/18 17:51:31.598,3,NVIDIA A100-SXM-64GB,111.12,31902,100
252,2026-05-18 17:51:36.665568,2026/05/18 17:51:36.829,0,NVIDIA A100-SXM-64GB,106.70,31858,100
253,2026-05-18 17:51:36.665568,2026/05/18 17:51:36.832,1,NVIDIA A100-SXM-64GB,110.42,31898,100
254,2026-05-18 17:51:36.665568,2026/05/18 17:51:36.842,2,NVIDIA A100-SXM-64GB,105.87,31888,100
255,2026-05-18 17:51:36.665568,2026/05/18 17:51:36.911,3,NVIDIA A100-SXM-64GB,114.31,31902,100
256,2026-05-18 17:51:41.977760,2026/05/18 17:51:42.142,0,NVIDIA A100-SXM-64GB,93.75,31858,100
257,2026-05-18 17:51:41.977760,2026/05/18 17:51:42.145,1,NVIDIA A100-SXM-64GB,97.10,31898,100
258,2026-05-18 17:51:41.977760,2026/05/18 17:51:42.216,2,NVIDIA A100-SXM-64GB,82.88,31888,74
259,2026-05-18 17:51:41.977760,2026/05/18 17:51:42.226,3,NVIDIA A100-SXM-64GB,111.52,31902,75
260,2026-05-18 17:51:47.307751,2026/05/18 17:51:47.475,0,NVIDIA A100-SXM-64GB,101.21,31858,100
261,2026-05-18 17:51:47.307751,2026/05/18 17:51:47.478,1,NVIDIA A100-SXM-64GB,112.28,31898,100
262,2026-05-18 17:51:47.307751,2026/05/18 17:51:47.485,2,NVIDIA A100-SXM-64GB,99.96,31888,100
263,2026-05-18 17:51:47.307751,2026/05/18 17:51:47.539,3,NVIDIA A100-SXM-64GB,109.70,31902,100
264,2026-05-18 17:51:52.591183,2026/05/18 17:51:52.754,0,NVIDIA A100-SXM-64GB,104.12,31858,100
265,2026-05-18 17:51:52.591183,2026/05/18 17:51:52.759,1,NVIDIA A100-SXM-64GB,112.28,31938,100
266,2026-05-18 17:51:52.591183,2026/05/18 17:51:52.784,2,NVIDIA A100-SXM-64GB,147.98,31888,100
267,2026-05-18 17:51:52.591183,2026/05/18 17:51:52.829,3,NVIDIA A100-SXM-64GB,97.50,31902,100
268,2026-05-18 17:51:57.896457,2026/05/18 17:51:58.080,0,NVIDIA A100-SXM-64GB,111.14,31858,100
269,2026-05-18 17:51:57.896457,2026/05/18 17:51:58.083,1,NVIDIA A100-SXM-64GB,112.56,31938,100
270,2026-05-18 17:51:57.896457,2026/05/18 17:51:58.090,2,NVIDIA A100-SXM-64GB,114.91,31888,100
271,2026-05-18 17:51:57.896457,2026/05/18 17:51:58.159,3,NVIDIA A100-SXM-64GB,110.64,31902,100
272,2026-05-18 17:52:03.232154,2026/05/18 17:52:03.410,0,NVIDIA A100-SXM-64GB,113.72,31858,100
273,2026-05-18 17:52:03.232154,2026/05/18 17:52:03.416,1,NVIDIA A100-SXM-64GB,142.75,31938,100
274,2026-05-18 17:52:03.232154,2026/05/18 17:52:03.486,2,NVIDIA A100-SXM-64GB,101.27,31888,77
275,2026-05-18 17:52:03.232154,2026/05/18 17:52:03.537,3,NVIDIA A100-SXM-64GB,98.10,31902,75
276,2026-05-18 17:52:08.581551,2026/05/18 17:52:08.761,0,NVIDIA A100-SXM-64GB,124.58,31858,100
277,2026-05-18 17:52:08.581551,2026/05/18 17:52:08.764,1,NVIDIA A100-SXM-64GB,108.28,31938,100
278,2026-05-18 17:52:08.581551,2026/05/18 17:52:08.805,2,NVIDIA A100-SXM-64GB,120.58,31888,100
279,2026-05-18 17:52:08.581551,2026/05/18 17:52:08.849,3,NVIDIA A100-SXM-64GB,104.50,31902,100
280,2026-05-18 17:52:13.887890,2026/05/18 17:52:14.065,0,NVIDIA A100-SXM-64GB,116.14,31858,100
281,2026-05-18 17:52:13.887890,2026/05/18 17:52:14.068,1,NVIDIA A100-SXM-64GB,111.75,31938,100
282,2026-05-18 17:52:13.887890,2026/05/18 17:52:14.081,2,NVIDIA A100-SXM-64GB,133.05,31888,100
283,2026-05-18 17:52:13.887890,2026/05/18 17:52:14.157,3,NVIDIA A100-SXM-64GB,107.57,31902,100
284,2026-05-18 17:52:19.232748,2026/05/18 17:52:19.399,0,NVIDIA A100-SXM-64GB,99.23,31858,100
285,2026-05-18 17:52:19.232748,2026/05/18 17:52:19.402,1,NVIDIA A100-SXM-64GB,112.56,31938,100
286,2026-05-18 17:52:19.232748,2026/05/18 17:52:19.455,2,NVIDIA A100-SXM-64GB,105.43,31888,100
287,2026-05-18 17:52:19.232748,2026/05/18 17:52:19.457,3,NVIDIA A100-SXM-64GB,110.91,31902,100
288,2026-05-18 17:52:24.554372,2026/05/18 17:52:24.731,0,NVIDIA A100-SXM-64GB,93.84,31858,84
289,2026-05-18 17:52:24.554372,2026/05/18 17:52:24.734,1,NVIDIA A100-SXM-64GB,120.18,31938,73
290,2026-05-18 17:52:24.554372,2026/05/18 17:52:24.737,2,NVIDIA A100-SXM-64GB,86.55,31888,100
291,2026-05-18 17:52:24.554372,2026/05/18 17:52:24.765,3,NVIDIA A100-SXM-64GB,219.02,31902,95
292,2026-05-18 17:52:29.852376,2026/05/18 17:52:30.019,0,NVIDIA A100-SXM-64GB,91.94,31868,100
293,2026-05-18 17:52:29.852376,2026/05/18 17:52:30.022,1,NVIDIA A100-SXM-64GB,95.56,31938,100
294,2026-05-18 17:52:29.852376,2026/05/18 17:52:30.026,2,NVIDIA A100-SXM-64GB,91.75,31888,100
295,2026-05-18 17:52:29.852376,2026/05/18 17:52:30.090,3,NVIDIA A100-SXM-64GB,95.96,31902,100
296,2026-05-18 17:52:35.179316,2026/05/18 17:52:35.353,0,NVIDIA A100-SXM-64GB,107.90,31900,100
297,2026-05-18 17:52:35.179316,2026/05/18 17:52:35.356,1,NVIDIA A100-SXM-64GB,107.08,31938,100
298,2026-05-18 17:52:35.179316,2026/05/18 17:52:35.370,2,NVIDIA A100-SXM-64GB,115.79,31888,100
299,2026-05-18 17:52:35.179316,2026/05/18 17:52:35.437,3,NVIDIA A100-SXM-64GB,104.84,31902,100
300,2026-05-18 17:52:40.507594,2026/05/18 17:52:40.685,0,NVIDIA A100-SXM-64GB,94.45,31900,100
301,2026-05-18 17:52:40.507594,2026/05/18 17:52:40.688,1,NVIDIA A100-SXM-64GB,110.14,31938,100
302,2026-05-18 17:52:40.507594,2026/05/18 17:52:40.690,2,NVIDIA A100-SXM-64GB,102.37,31888,100
303,2026-05-18 17:52:40.507594,2026/05/18 17:52:40.771,3,NVIDIA A100-SXM-64GB,101.76,31902,100
304,2026-05-18 17:52:45.839871,2026/05/18 17:52:46.015,0,NVIDIA A100-SXM-64GB,105.76,31900,100
305,2026-05-18 17:52:45.839871,2026/05/18 17:52:46.018,1,NVIDIA A100-SXM-64GB,105.54,31938,100
306,2026-05-18 17:52:45.839871,2026/05/18 17:52:46.024,2,NVIDIA A100-SXM-64GB,101.49,31888,100
307,2026-05-18 17:52:45.839871,2026/05/18 17:52:46.081,3,NVIDIA A100-SXM-64GB,121.31,31902,100
308,2026-05-18 17:52:51.155763,2026/05/18 17:52:51.344,0,NVIDIA A100-SXM-64GB,98.13,31900,100
309,2026-05-18 17:52:51.155763,2026/05/18 17:52:51.347,1,NVIDIA A100-SXM-64GB,108.01,31938,100
310,2026-05-18 17:52:51.155763,2026/05/18 17:52:51.405,2,NVIDIA A100-SXM-64GB,103.90,31888,100
311,2026-05-18 17:52:51.155763,2026/05/18 17:52:51.443,3,NVIDIA A100-SXM-64GB,107.40,31902,100
312,2026-05-18 17:52:56.484427,2026/05/18 17:52:56.651,0,NVIDIA A100-SXM-64GB,105.49,31900,100
313,2026-05-18 17:52:56.484427,2026/05/18 17:52:56.654,1,NVIDIA A100-SXM-64GB,113.76,31938,100
314,2026-05-18 17:52:56.484427,2026/05/18 17:52:56.703,2,NVIDIA A100-SXM-64GB,104.50,31888,100
315,2026-05-18 17:52:56.484427,2026/05/18 17:52:56.706,3,NVIDIA A100-SXM-64GB,111.52,31902,100
316,2026-05-18 17:53:01.788897,2026/05/18 17:53:01.961,0,NVIDIA A100-SXM-64GB,103.34,31900,100
317,2026-05-18 17:53:01.788897,2026/05/18 17:53:01.965,1,NVIDIA A100-SXM-64GB,109.82,31938,100
318,2026-05-18 17:53:01.788897,2026/05/18 17:53:01.979,2,NVIDIA A100-SXM-64GB,106.04,31888,100
319,2026-05-18 17:53:01.788897,2026/05/18 17:53:02.058,3,NVIDIA A100-SXM-64GB,108.01,31902,100
320,2026-05-18 17:53:07.100980,2026/05/18 17:53:07.273,0,NVIDIA A100-SXM-64GB,105.76,31900,100
321,2026-05-18 17:53:07.100980,2026/05/18 17:53:07.276,1,NVIDIA A100-SXM-64GB,96.82,31938,100
322,2026-05-18 17:53:07.100980,2026/05/18 17:53:07.325,2,NVIDIA A100-SXM-64GB,103.30,31888,100
323,2026-05-18 17:53:07.100980,2026/05/18 17:53:07.328,3,NVIDIA A100-SXM-64GB,141.25,31902,100
324,2026-05-18 17:53:12.384419,2026/05/18 17:53:12.558,0,NVIDIA A100-SXM-64GB,98.83,31900,100
325,2026-05-18 17:53:12.384419,2026/05/18 17:53:12.599,1,NVIDIA A100-SXM-64GB,107.19,31938,100
326,2026-05-18 17:53:12.384419,2026/05/18 17:53:12.601,2,NVIDIA A100-SXM-64GB,104.61,31888,100
327,2026-05-18 17:53:12.384419,2026/05/18 17:53:12.662,3,NVIDIA A100-SXM-64GB,104.84,31902,100
328,2026-05-18 17:53:17.749545,2026/05/18 17:53:17.918,0,NVIDIA A100-SXM-64GB,105.38,31900,88
329,2026-05-18 17:53:17.749545,2026/05/18 17:53:17.921,1,NVIDIA A100-SXM-64GB,101.00,31938,83
330,2026-05-18 17:53:17.749545,2026/05/18 17:53:17.979,2,NVIDIA A100-SXM-64GB,101.17,31888,100
331,2026-05-18 17:53:17.749545,2026/05/18 17:53:18.019,3,NVIDIA A100-SXM-64GB,139.87,31902,100
332,2026-05-18 17:53:23.079873,2026/05/18 17:53:23.253,0,NVIDIA A100-SXM-64GB,106.37,31900,100
333,2026-05-18 17:53:23.079873,2026/05/18 17:53:23.256,1,NVIDIA A100-SXM-64GB,100.06,31938,100
334,2026-05-18 17:53:23.079873,2026/05/18 17:53:23.299,2,NVIDIA A100-SXM-64GB,99.63,31888,100
335,2026-05-18 17:53:23.079873,2026/05/18 17:53:23.301,3,NVIDIA A100-SXM-64GB,120.38,31902,100
336,2026-05-18 17:53:28.366734,2026/05/18 17:53:28.537,0,NVIDIA A100-SXM-64GB,102.08,31900,100
337,2026-05-18 17:53:28.366734,2026/05/18 17:53:28.540,1,NVIDIA A100-SXM-64GB,109.93,31938,100
338,2026-05-18 17:53:28.366734,2026/05/18 17:53:28.584,2,NVIDIA A100-SXM-64GB,105.87,31888,100
339,2026-05-18 17:53:28.366734,2026/05/18 17:53:28.587,3,NVIDIA A100-SXM-64GB,106.97,31902,100
340,2026-05-18 17:53:33.683991,2026/05/18 17:53:33.856,0,NVIDIA A100-SXM-64GB,103.62,31900,100
341,2026-05-18 17:53:33.683991,2026/05/18 17:53:33.859,1,NVIDIA A100-SXM-64GB,105.54,31938,100
342,2026-05-18 17:53:33.683991,2026/05/18 17:53:33.912,2,NVIDIA A100-SXM-64GB,97.50,31888,100
343,2026-05-18 17:53:33.683991,2026/05/18 17:53:33.915,3,NVIDIA A100-SXM-64GB,133.47,31902,100
344,2026-05-18 17:53:38.973614,2026/05/18 17:53:39.163,0,NVIDIA A100-SXM-64GB,100.04,31900,100
345,2026-05-18 17:53:38.973614,2026/05/18 17:53:39.269,1,NVIDIA A100-SXM-64GB,100.17,31938,100
346,2026-05-18 17:53:38.973614,2026/05/18 17:53:39.272,2,NVIDIA A100-SXM-64GB,100.23,31888,100
347,2026-05-18 17:53:38.973614,2026/05/18 17:53:39.319,3,NVIDIA A100-SXM-64GB,103.63,31902,100
348,2026-05-18 17:53:44.378956,2026/05/18 17:53:44.558,0,NVIDIA A100-SXM-64GB,104.44,31900,100
349,2026-05-18 17:53:44.378956,2026/05/18 17:53:44.561,1,NVIDIA A100-SXM-64GB,105.27,31938,100
350,2026-05-18 17:53:44.378956,2026/05/18 17:53:44.571,2,NVIDIA A100-SXM-64GB,108.50,31888,100
351,2026-05-18 17:53:44.378956,2026/05/18 17:53:44.628,3,NVIDIA A100-SXM-64GB,108.99,31902,100
352,2026-05-18 17:53:49.697586,2026/05/18 17:53:49.873,0,NVIDIA A100-SXM-64GB,95.99,31900,100
353,2026-05-18 17:53:49.697586,2026/05/18 17:53:49.910,1,NVIDIA A100-SXM-64GB,97.60,31938,100
354,2026-05-18 17:53:49.697586,2026/05/18 17:53:49.913,2,NVIDIA A100-SXM-64GB,95.36,31888,100
355,2026-05-18 17:53:49.697586,2026/05/18 17:53:49.958,3,NVIDIA A100-SXM-64GB,100.23,31902,100
356,2026-05-18 17:53:55.036865,2026/05/18 17:53:55.213,0,NVIDIA A100-SXM-64GB,103.95,31900,100
357,2026-05-18 17:53:55.036865,2026/05/18 17:53:55.217,1,NVIDIA A100-SXM-64GB,107.51,31938,100
358,2026-05-18 17:53:55.036865,2026/05/18 17:53:55.253,2,NVIDIA A100-SXM-64GB,156.52,31888,100
359,2026-05-18 17:53:55.036865,2026/05/18 17:53:55.306,3,NVIDIA A100-SXM-64GB,109.70,31902,100
360,2026-05-18 17:54:00.384640,2026/05/18 17:54:00.550,0,NVIDIA A100-SXM-64GB,105.65,31900,100
361,2026-05-18 17:54:00.384640,2026/05/18 17:54:00.594,1,NVIDIA A100-SXM-64GB,110.42,31938,100
362,2026-05-18 17:54:00.384640,2026/05/18 17:54:00.597,2,NVIDIA A100-SXM-64GB,105.16,31888,100
363,2026-05-18 17:54:00.384640,2026/05/18 17:54:00.667,3,NVIDIA A100-SXM-64GB,111.84,31902,99
364,2026-05-18 17:54:05.711073,2026/05/18 17:54:05.876,0,NVIDIA A100-SXM-64GB,101.81,31900,93
365,2026-05-18 17:54:05.711073,2026/05/18 17:54:05.900,1,NVIDIA A100-SXM-64GB,109.93,31938,90
366,2026-05-18 17:54:05.711073,2026/05/18 17:54:05.914,2,NVIDIA A100-SXM-64GB,104.94,31888,81
367,2026-05-18 17:54:05.711073,2026/05/18 17:54:05.987,3,NVIDIA A100-SXM-64GB,109.11,31902,69
368,2026-05-18 17:54:11.032005,2026/05/18 17:54:11.204,0,NVIDIA A100-SXM-64GB,107.62,31900,100
369,2026-05-18 17:54:11.032005,2026/05/18 17:54:11.206,1,NVIDIA A100-SXM-64GB,102.91,31938,100
370,2026-05-18 17:54:11.032005,2026/05/18 17:54:11.254,2,NVIDIA A100-SXM-64GB,100.23,31888,100
371,2026-05-18 17:54:11.032005,2026/05/18 17:54:11.296,3,NVIDIA A100-SXM-64GB,142.94,31902,100
372,2026-05-18 17:54:16.334919,2026/05/18 17:54:16.513,0,NVIDIA A100-SXM-64GB,109.83,31900,100
373,2026-05-18 17:54:16.334919,2026/05/18 17:54:16.516,1,NVIDIA A100-SXM-64GB,106.26,31938,100
374,2026-05-18 17:54:16.334919,2026/05/18 17:54:16.587,2,NVIDIA A100-SXM-64GB,94.58,31888,97
375,2026-05-18 17:54:16.334919,2026/05/18 17:54:16.590,3,NVIDIA A100-SXM-64GB,109.70,31902,100
376,2026-05-18 17:54:21.675897,2026/05/18 17:54:21.847,0,NVIDIA A100-SXM-64GB,105.49,31900,100
377,2026-05-18 17:54:21.675897,2026/05/18 17:54:21.885,1,NVIDIA A100-SXM-64GB,107.51,31938,100
378,2026-05-18 17:54:21.675897,2026/05/18 17:54:21.887,2,NVIDIA A100-SXM-64GB,103.41,31888,100
379,2026-05-18 17:54:21.675897,2026/05/18 17:54:21.958,3,NVIDIA A100-SXM-64GB,110.64,31902,100
380,2026-05-18 17:54:27.026443,2026/05/18 17:54:27.176,0,NVIDIA A100-SXM-64GB,177.13,31900,75
381,2026-05-18 17:54:27.026443,2026/05/18 17:54:27.178,1,NVIDIA A100-SXM-64GB,95.89,31938,82
382,2026-05-18 17:54:27.026443,2026/05/18 17:54:27.181,2,NVIDIA A100-SXM-64GB,207.05,31888,64
383,2026-05-18 17:54:27.026443,2026/05/18 17:54:27.216,3,NVIDIA A100-SXM-64GB,87.84,31902,100
384,2026-05-18 17:54:32.313086,2026/05/18 17:54:32.488,0,NVIDIA A100-SXM-64GB,98.23,31900,100
385,2026-05-18 17:54:32.313086,2026/05/18 17:54:32.541,1,NVIDIA A100-SXM-64GB,108.39,31938,100
386,2026-05-18 17:54:32.313086,2026/05/18 17:54:32.544,2,NVIDIA A100-SXM-64GB,99.74,31888,100
387,2026-05-18 17:54:32.313086,2026/05/18 17:54:32.604,3,NVIDIA A100-SXM-64GB,123.44,31902,100
388,2026-05-18 17:54:37.656930,2026/05/18 17:54:37.837,0,NVIDIA A100-SXM-64GB,94.37,31920,100
389,2026-05-18 17:54:37.656930,2026/05/18 17:54:37.840,1,NVIDIA A100-SXM-64GB,114.66,31938,81
390,2026-05-18 17:54:37.656930,2026/05/18 17:54:37.842,2,NVIDIA A100-SXM-64GB,92.55,31888,100
391,2026-05-18 17:54:37.656930,2026/05/18 17:54:37.933,3,NVIDIA A100-SXM-64GB,150.87,31902,83
392,2026-05-18 17:54:43.004760,2026/05/18 17:54:43.185,0,NVIDIA A100-SXM-64GB,121.08,31920,92
393,2026-05-18 17:54:43.004760,2026/05/18 17:54:43.188,1,NVIDIA A100-SXM-64GB,104.44,31938,93
394,2026-05-18 17:54:43.004760,2026/05/18 17:54:43.193,2,NVIDIA A100-SXM-64GB,98.86,31888,98
395,2026-05-18 17:54:43.004760,2026/05/18 17:54:43.251,3,NVIDIA A100-SXM-64GB,108.01,31902,74
396,2026-05-18 17:54:48.284848,2026/05/18 17:54:48.462,0,NVIDIA A100-SXM-64GB,97.80,31920,100
397,2026-05-18 17:54:48.284848,2026/05/18 17:54:48.479,1,NVIDIA A100-SXM-64GB,109.60,31938,100
398,2026-05-18 17:54:48.284848,2026/05/18 17:54:48.482,2,NVIDIA A100-SXM-64GB,100.67,31888,100
399,2026-05-18 17:54:48.284848,2026/05/18 17:54:48.547,3,NVIDIA A100-SXM-64GB,126.92,31902,100
400,2026-05-18 17:54:53.621339,2026/05/18 17:54:53.789,0,NVIDIA A100-SXM-64GB,106.09,31920,100
401,2026-05-18 17:54:53.621339,2026/05/18 17:54:53.795,1,NVIDIA A100-SXM-64GB,106.26,31938,100
402,2026-05-18 17:54:53.621339,2026/05/18 17:54:53.838,2,NVIDIA A100-SXM-64GB,101.87,31888,100
403,2026-05-18 17:54:53.621339,2026/05/18 17:54:53.872,3,NVIDIA A100-SXM-64GB,107.68,31902,100
404,2026-05-18 17:54:58.908927,2026/05/18 17:54:59.078,0,NVIDIA A100-SXM-64GB,97.52,31920,100
405,2026-05-18 17:54:58.908927,2026/05/18 17:54:59.081,1,NVIDIA A100-SXM-64GB,106.15,31938,100
406,2026-05-18 17:54:58.908927,2026/05/18 17:54:59.124,2,NVIDIA A100-SXM-64GB,105.76,31888,100
407,2026-05-18 17:54:58.908927,2026/05/18 17:54:59.127,3,NVIDIA A100-SXM-64GB,107.90,31902,100
408,2026-05-18 17:55:04.222275,2026/05/18 17:55:04.391,0,NVIDIA A100-SXM-64GB,96.92,31920,100
409,2026-05-18 17:55:04.222275,2026/05/18 17:55:04.394,1,NVIDIA A100-SXM-64GB,109.49,31938,100
410,2026-05-18 17:55:04.222275,2026/05/18 17:55:04.400,2,NVIDIA A100-SXM-64GB,95.96,31888,100
411,2026-05-18 17:55:04.222275,2026/05/18 17:55:04.462,3,NVIDIA A100-SXM-64GB,106.97,31902,100
412,2026-05-18 17:55:09.497884,2026/05/18 17:55:09.720,0,NVIDIA A100-SXM-64GB,106.26,31920,100
413,2026-05-18 17:55:09.497884,2026/05/18 17:55:09.724,1,NVIDIA A100-SXM-64GB,109.70,31938,100
414,2026-05-18 17:55:09.497884,2026/05/18 17:55:09.740,2,NVIDIA A100-SXM-64GB,111.12,31888,100
415,2026-05-18 17:55:09.497884,2026/05/18 17:55:09.761,3,NVIDIA A100-SXM-64GB,101.06,31902,100
416,2026-05-18 17:55:14.801164,2026/05/18 17:55:14.972,0,NVIDIA A100-SXM-64GB,104.12,31920,100
417,2026-05-18 17:55:14.801164,2026/05/18 17:55:14.975,1,NVIDIA A100-SXM-64GB,110.31,31938,100
418,2026-05-18 17:55:14.801164,2026/05/18 17:55:15.019,2,NVIDIA A100-SXM-64GB,97.22,31888,100
419,2026-05-18 17:55:14.801164,2026/05/18 17:55:15.022,3,NVIDIA A100-SXM-64GB,131.19,31902,100
420,2026-05-18 17:55:20.105127,2026/05/18 17:55:20.282,0,NVIDIA A100-SXM-64GB,101.10,31920,100
421,2026-05-18 17:55:20.105127,2026/05/18 17:55:20.286,1,NVIDIA A100-SXM-64GB,111.35,31938,100
422,2026-05-18 17:55:20.105127,2026/05/18 17:55:20.295,2,NVIDIA A100-SXM-64GB,101.99,31888,100
423,2026-05-18 17:55:20.105127,2026/05/18 17:55:20.317,3,NVIDIA A100-SXM-64GB,109.92,31902,100
424,2026-05-18 17:55:25.427323,2026/05/18 17:55:25.588,0,NVIDIA A100-SXM-64GB,108.83,31920,100
425,2026-05-18 17:55:25.427323,2026/05/18 17:55:25.591,1,NVIDIA A100-SXM-64GB,111.35,31938,100
426,2026-05-18 17:55:25.427323,2026/05/18 17:55:25.631,2,NVIDIA A100-SXM-64GB,106.64,31888,100
427,2026-05-18 17:55:25.427323,2026/05/18 17:55:25.634,3,NVIDIA A100-SXM-64GB,108.67,31902,100
428,2026-05-18 17:55:30.748154,2026/05/18 17:55:30.930,0,NVIDIA A100-SXM-64GB,118.16,31920,100
429,2026-05-18 17:55:30.748154,2026/05/18 17:55:30.951,1,NVIDIA A100-SXM-64GB,113.49,31938,100
430,2026-05-18 17:55:30.748154,2026/05/18 17:55:30.954,2,NVIDIA A100-SXM-64GB,151.92,31888,100
431,2026-05-18 17:55:30.748154,2026/05/18 17:55:31.006,3,NVIDIA A100-SXM-64GB,107.46,31902,100
432,2026-05-18 17:55:36.048143,2026/05/18 17:55:36.219,0,NVIDIA A100-SXM-64GB,95.39,31920,100
433,2026-05-18 17:55:36.048143,2026/05/18 17:55:36.260,1,NVIDIA A100-SXM-64GB,107.19,31938,100
434,2026-05-18 17:55:36.048143,2026/05/18 17:55:36.352,2,NVIDIA A100-SXM-64GB,106.37,31888,100
435,2026-05-18 17:55:36.048143,2026/05/18 17:55:36.364,3,NVIDIA A100-SXM-64GB,159.25,31902,100
436,2026-05-18 17:55:41.446487,2026/05/18 17:55:41.629,0,NVIDIA A100-SXM-64GB,104.22,31920,100
437,2026-05-18 17:55:41.446487,2026/05/18 17:55:41.632,1,NVIDIA A100-SXM-64GB,138.02,31938,100
438,2026-05-18 17:55:41.446487,2026/05/18 17:55:41.639,2,NVIDIA A100-SXM-64GB,106.64,31888,100
439,2026-05-18 17:55:41.446487,2026/05/18 17:55:41.703,3,NVIDIA A100-SXM-64GB,103.30,31902,100
440,2026-05-18 17:55:46.774940,2026/05/18 17:55:46.942,0,NVIDIA A100-SXM-64GB,105.76,31920,100
441,2026-05-18 17:55:46.774940,2026/05/18 17:55:46.945,1,NVIDIA A100-SXM-64GB,104.61,31938,100
442,2026-05-18 17:55:46.774940,2026/05/18 17:55:46.988,2,NVIDIA A100-SXM-64GB,103.90,31888,100
443,2026-05-18 17:55:46.774940,2026/05/18 17:55:46.991,3,NVIDIA A100-SXM-64GB,108.67,31902,100
444,2026-05-18 17:55:52.045323,2026/05/18 17:55:52.215,0,NVIDIA A100-SXM-64GB,99.94,31920,100
445,2026-05-18 17:55:52.045323,2026/05/18 17:55:52.218,1,NVIDIA A100-SXM-64GB,106.75,31938,100
446,2026-05-18 17:55:52.045323,2026/05/18 17:55:52.287,2,NVIDIA A100-SXM-64GB,105.16,31888,100
447,2026-05-18 17:55:52.045323,2026/05/18 17:55:52.290,3,NVIDIA A100-SXM-64GB,107.90,31902,100
448,2026-05-18 17:55:57.395587,2026/05/18 17:55:57.558,0,NVIDIA A100-SXM-64GB,92.03,31920,100
449,2026-05-18 17:55:57.395587,2026/05/18 17:55:57.564,1,NVIDIA A100-SXM-64GB,95.46,31938,100
450,2026-05-18 17:55:57.395587,2026/05/18 17:55:57.620,2,NVIDIA A100-SXM-64GB,91.42,31888,100
451,2026-05-18 17:55:57.395587,2026/05/18 17:55:57.622,3,NVIDIA A100-SXM-64GB,95.96,31902,100
452,2026-05-18 17:56:02.677992,2026/05/18 17:56:02.856,0,NVIDIA A100-SXM-64GB,91.80,31920,100
453,2026-05-18 17:56:02.677992,2026/05/18 17:56:02.858,1,NVIDIA A100-SXM-64GB,95.19,31938,100
454,2026-05-18 17:56:02.677992,2026/05/18 17:56:02.861,2,NVIDIA A100-SXM-64GB,91.42,31888,100
455,2026-05-18 17:56:02.677992,2026/05/18 17:56:02.880,3,NVIDIA A100-SXM-64GB,95.79,31902,100
456,2026-05-18 17:56:07.972241,2026/05/18 17:56:08.147,0,NVIDIA A100-SXM-64GB,105.27,31920,100
457,2026-05-18 17:56:07.972241,2026/05/18 17:56:08.150,1,NVIDIA A100-SXM-64GB,106.86,31938,100
458,2026-05-18 17:56:07.972241,2026/05/18 17:56:08.196,2,NVIDIA A100-SXM-64GB,108.61,31888,100
459,2026-05-18 17:56:07.972241,2026/05/18 17:56:08.233,3,NVIDIA A100-SXM-64GB,108.50,31902,100
460,2026-05-18 17:56:13.329450,2026/05/18 17:56:13.439,0,NVIDIA A100-SXM-64GB,82.89,31920,0
461,2026-05-18 17:56:13.329450,2026/05/18 17:56:13.443,1,NVIDIA A100-SXM-64GB,86.72,31938,0
462,2026-05-18 17:56:13.329450,2026/05/18 17:56:13.468,2,NVIDIA A100-SXM-64GB,82.36,31888,0
463,2026-05-18 17:56:13.329450,2026/05/18 17:56:13.479,3,NVIDIA A100-SXM-64GB,86.64,31902,0
464,2026-05-18 17:56:18.533193,2026/05/18 17:56:18.708,0,NVIDIA A100-SXM-64GB,102.69,31920,100
465,2026-05-18 17:56:18.533193,2026/05/18 17:56:18.711,1,NVIDIA A100-SXM-64GB,106.48,31938,100
466,2026-05-18 17:56:18.533193,2026/05/18 17:56:18.752,2,NVIDIA A100-SXM-64GB,104.50,31888,100
467,2026-05-18 17:56:18.533193,2026/05/18 17:56:18.787,3,NVIDIA A100-SXM-64GB,107.57,31902,100
468,2026-05-18 17:56:23.834163,2026/05/18 17:56:24.011,0,NVIDIA A100-SXM-64GB,106.09,31920,100
469,2026-05-18 17:56:23.834163,2026/05/18 17:56:24.014,1,NVIDIA A100-SXM-64GB,101.70,31938,100
470,2026-05-18 17:56:23.834163,2026/05/18 17:56:24.023,2,NVIDIA A100-SXM-64GB,104.84,31888,100
471,2026-05-18 17:56:23.834163,2026/05/18 17:56:24.084,3,NVIDIA A100-SXM-64GB,102.37,31902,100
472,2026-05-18 17:56:29.155314,2026/05/18 17:56:29.331,0,NVIDIA A100-SXM-64GB,103.62,31920,100
473,2026-05-18 17:56:29.155314,2026/05/18 17:56:29.334,1,NVIDIA A100-SXM-64GB,108.39,31938,100
474,2026-05-18 17:56:29.155314,2026/05/18 17:56:29.374,2,NVIDIA A100-SXM-64GB,97.83,31888,100
475,2026-05-18 17:56:29.155314,2026/05/18 17:56:29.377,3,NVIDIA A100-SXM-64GB,110.03,31902,100
476,2026-05-18 17:56:34.477990,2026/05/18 17:56:34.654,0,NVIDIA A100-SXM-64GB,104.33,31920,100
477,2026-05-18 17:56:34.477990,2026/05/18 17:56:34.697,1,NVIDIA A100-SXM-64GB,108.83,31938,100
478,2026-05-18 17:56:34.477990,2026/05/18 17:56:34.699,2,NVIDIA A100-SXM-64GB,104.12,31888,100
479,2026-05-18 17:56:34.477990,2026/05/18 17:56:34.778,3,NVIDIA A100-SXM-64GB,103.74,31902,100
480,2026-05-18 17:56:39.846707,2026/05/18 17:56:40.002,0,NVIDIA A100-SXM-64GB,96.69,31920,84
481,2026-05-18 17:56:39.846707,2026/05/18 17:56:40.022,1,NVIDIA A100-SXM-64GB,98.63,31938,100
482,2026-05-18 17:56:39.846707,2026/05/18 17:56:40.025,2,NVIDIA A100-SXM-64GB,84.78,31888,100
483,2026-05-18 17:56:39.846707,2026/05/18 17:56:40.039,3,NVIDIA A100-SXM-64GB,103.63,31902,86
484,2026-05-18 17:56:45.174802,2026/05/18 17:56:45.342,0,NVIDIA A100-SXM-64GB,96.59,31920,100
485,2026-05-18 17:56:45.174802,2026/05/18 17:56:45.345,1,NVIDIA A100-SXM-64GB,108.89,31938,100
486,2026-05-18 17:56:45.174802,2026/05/18 17:56:45.358,2,NVIDIA A100-SXM-64GB,106.37,31888,100
487,2026-05-18 17:56:45.174802,2026/05/18 17:56:45.430,3,NVIDIA A100-SXM-64GB,110.14,31902,100
488,2026-05-18 17:56:50.478357,2026/05/18 17:56:50.650,0,NVIDIA A100-SXM-64GB,104.55,31920,100
489,2026-05-18 17:56:50.478357,2026/05/18 17:56:50.653,1,NVIDIA A100-SXM-64GB,111.02,31938,93
490,2026-05-18 17:56:50.478357,2026/05/18 17:56:50.710,2,NVIDIA A100-SXM-64GB,103.63,31888,97
491,2026-05-18 17:56:50.478357,2026/05/18 17:56:50.713,3,NVIDIA A100-SXM-64GB,106.04,31902,94
492,2026-05-18 17:56:55.852424,2026/05/18 17:56:56.027,0,NVIDIA A100-SXM-64GB,102.41,31920,100
493,2026-05-18 17:56:55.852424,2026/05/18 17:56:56.030,1,NVIDIA A100-SXM-64GB,111.02,31938,100
494,2026-05-18 17:56:55.852424,2026/05/18 17:56:56.043,2,NVIDIA A100-SXM-64GB,105.16,31890,100
495,2026-05-18 17:56:55.852424,2026/05/18 17:56:56.103,3,NVIDIA A100-SXM-64GB,98.10,31902,100
496,2026-05-18 17:57:01.185063,2026/05/18 17:57:01.355,0,NVIDIA A100-SXM-64GB,103.34,31920,100
497,2026-05-18 17:57:01.185063,2026/05/18 17:57:01.358,1,NVIDIA A100-SXM-64GB,112.88,31938,100
498,2026-05-18 17:57:01.185063,2026/05/18 17:57:01.405,2,NVIDIA A100-SXM-64GB,104.01,31890,100
499,2026-05-18 17:57:01.185063,2026/05/18 17:57:01.408,3,NVIDIA A100-SXM-64GB,105.43,31902,100
500,2026-05-18 17:57:06.495441,2026/05/18 17:57:06.684,0,NVIDIA A100-SXM-64GB,106.09,31920,100
501,2026-05-18 17:57:06.495441,2026/05/18 17:57:06.687,1,NVIDIA A100-SXM-64GB,105.54,31938,100
502,2026-05-18 17:57:06.495441,2026/05/18 17:57:06.772,2,NVIDIA A100-SXM-64GB,109.70,31890,100
503,2026-05-18 17:57:06.495441,2026/05/18 17:57:06.803,3,NVIDIA A100-SXM-64GB,145.25,31902,100
504,2026-05-18 17:57:11.859963,2026/05/18 17:57:12.039,0,NVIDIA A100-SXM-64GB,127.58,31920,100
505,2026-05-18 17:57:11.859963,2026/05/18 17:57:12.065,1,NVIDIA A100-SXM-64GB,107.62,31938,100
506,2026-05-18 17:57:11.859963,2026/05/18 17:57:12.067,2,NVIDIA A100-SXM-64GB,95.29,31890,100
507,2026-05-18 17:57:11.859963,2026/05/18 17:57:12.140,3,NVIDIA A100-SXM-64GB,111.63,31902,100
508,2026-05-18 17:57:17.212585,2026/05/18 17:57:17.395,0,NVIDIA A100-SXM-64GB,101.21,31920,100
509,2026-05-18 17:57:17.212585,2026/05/18 17:57:17.397,1,NVIDIA A100-SXM-64GB,109.49,31938,100
510,2026-05-18 17:57:17.212585,2026/05/18 17:57:17.438,2,NVIDIA A100-SXM-64GB,103.13,31890,100
511,2026-05-18 17:57:17.212585,2026/05/18 17:57:17.441,3,NVIDIA A100-SXM-64GB,103.63,31902,100
512,2026-05-18 17:57:22.540344,2026/05/18 17:57:22.727,0,NVIDIA A100-SXM-64GB,98.83,31920,100
513,2026-05-18 17:57:22.540344,2026/05/18 17:57:22.769,1,NVIDIA A100-SXM-64GB,111.25,31938,100
514,2026-05-18 17:57:22.540344,2026/05/18 17:57:22.772,2,NVIDIA A100-SXM-64GB,102.58,31890,100
515,2026-05-18 17:57:22.540344,2026/05/18 17:57:22.781,3,NVIDIA A100-SXM-64GB,116.23,31902,100
516,2026-05-18 17:57:27.852805,2026/05/18 17:57:28.024,0,NVIDIA A100-SXM-64GB,100.98,31920,100
517,2026-05-18 17:57:27.852805,2026/05/18 17:57:28.027,1,NVIDIA A100-SXM-64GB,107.19,31938,100
518,2026-05-18 17:57:27.852805,2026/05/18 17:57:28.075,2,NVIDIA A100-SXM-64GB,101.27,31890,100
519,2026-05-18 17:57:27.852805,2026/05/18 17:57:28.124,3,NVIDIA A100-SXM-64GB,109.49,31902,100
520,2026-05-18 17:57:33.162150,2026/05/18 17:57:33.395,0,NVIDIA A100-SXM-64GB,98.23,31920,100
521,2026-05-18 17:57:33.162150,2026/05/18 17:57:33.399,1,NVIDIA A100-SXM-64GB,99.23,31938,100
522,2026-05-18 17:57:33.162150,2026/05/18 17:57:33.411,2,NVIDIA A100-SXM-64GB,95.79,31890,100
523,2026-05-18 17:57:33.162150,2026/05/18 17:57:33.426,3,NVIDIA A100-SXM-64GB,105.87,31902,100
524,2026-05-18 17:57:38.477227,2026/05/18 17:57:38.658,0,NVIDIA A100-SXM-64GB,117.80,31920,100
525,2026-05-18 17:57:38.477227,2026/05/18 17:57:38.660,1,NVIDIA A100-SXM-64GB,121.84,31938,100
526,2026-05-18 17:57:38.477227,2026/05/18 17:57:38.667,2,NVIDIA A100-SXM-64GB,143.09,31890,100
527,2026-05-18 17:57:38.477227,2026/05/18 17:57:38.733,3,NVIDIA A100-SXM-64GB,109.49,31902,100
528,2026-05-18 17:57:43.791988,2026/05/18 17:57:43.954,0,NVIDIA A100-SXM-64GB,103.23,31920,100
529,2026-05-18 17:57:43.791988,2026/05/18 17:57:43.957,1,NVIDIA A100-SXM-64GB,111.58,31938,100
530,2026-05-18 17:57:43.791988,2026/05/18 17:57:44.008,2,NVIDIA A100-SXM-64GB,106.48,31890,100
531,2026-05-18 17:57:43.791988,2026/05/18 17:57:44.011,3,NVIDIA A100-SXM-64GB,110.14,31902,100
532,2026-05-18 17:57:49.106374,2026/05/18 17:57:49.278,0,NVIDIA A100-SXM-64GB,105.87,31920,100
533,2026-05-18 17:57:49.106374,2026/05/18 17:57:49.281,1,NVIDIA A100-SXM-64GB,110.37,31938,100
534,2026-05-18 17:57:49.106374,2026/05/18 17:57:49.327,2,NVIDIA A100-SXM-64GB,107.51,31890,100
535,2026-05-18 17:57:49.106374,2026/05/18 17:57:49.370,3,NVIDIA A100-SXM-64GB,145.07,31902,100
536,2026-05-18 17:57:54.422955,2026/05/18 17:57:54.600,0,NVIDIA A100-SXM-64GB,105.27,31920,100
537,2026-05-18 17:57:54.422955,2026/05/18 17:57:54.603,1,NVIDIA A100-SXM-64GB,107.90,31938,100
538,2026-05-18 17:57:54.422955,2026/05/18 17:57:54.653,2,NVIDIA A100-SXM-64GB,104.44,31890,100
539,2026-05-18 17:57:54.422955,2026/05/18 17:57:54.656,3,NVIDIA A100-SXM-64GB,109.22,31902,100
540,2026-05-18 17:57:59.751197,2026/05/18 17:57:59.927,0,NVIDIA A100-SXM-64GB,109.83,31920,100
541,2026-05-18 17:57:59.751197,2026/05/18 17:57:59.930,1,NVIDIA A100-SXM-64GB,113.12,31938,100
542,2026-05-18 17:57:59.751197,2026/05/18 17:57:59.966,2,NVIDIA A100-SXM-64GB,110.14,31890,100
543,2026-05-18 17:57:59.751197,2026/05/18 17:57:59.995,3,NVIDIA A100-SXM-64GB,102.20,31902,100
544,2026-05-18 17:58:05.053285,2026/05/18 17:58:05.232,0,NVIDIA A100-SXM-64GB,102.90,31920,100
545,2026-05-18 17:58:05.053285,2026/05/18 17:58:05.236,1,NVIDIA A100-SXM-64GB,106.97,31938,100
546,2026-05-18 17:58:05.053285,2026/05/18 17:58:05.239,2,NVIDIA A100-SXM-64GB,99.23,31890,100
547,2026-05-18 17:58:05.053285,2026/05/18 17:58:05.288,3,NVIDIA A100-SXM-64GB,107.68,31902,100
548,2026-05-18 17:58:10.359697,2026/05/18 17:58:10.531,0,NVIDIA A100-SXM-64GB,106.81,31920,100
549,2026-05-18 17:58:10.359697,2026/05/18 17:58:10.534,1,NVIDIA A100-SXM-64GB,109.60,31938,100
550,2026-05-18 17:58:10.359697,2026/05/18 17:58:10.595,2,NVIDIA A100-SXM-64GB,101.87,31890,100
551,2026-05-18 17:58:10.359697,2026/05/18 17:58:10.598,3,NVIDIA A100-SXM-64GB,109.49,31902,100
552,2026-05-18 17:58:15.660987,2026/05/18 17:58:15.822,0,NVIDIA A100-SXM-64GB,98.51,31920,100
553,2026-05-18 17:58:15.660987,2026/05/18 17:58:15.885,1,NVIDIA A100-SXM-64GB,111.14,31938,100
554,2026-05-18 17:58:15.660987,2026/05/18 17:58:15.888,2,NVIDIA A100-SXM-64GB,136.67,31890,100
555,2026-05-18 17:58:15.660987,2026/05/18 17:58:15.927,3,NVIDIA A100-SXM-64GB,105.87,31902,100
556,2026-05-18 17:58:20.993073,2026/05/18 17:58:21.165,0,NVIDIA A100-SXM-64GB,144.58,31920,100
557,2026-05-18 17:58:20.993073,2026/05/18 17:58:21.217,1,NVIDIA A100-SXM-64GB,96.59,31938,100
558,2026-05-18 17:58:20.993073,2026/05/18 17:58:21.219,2,NVIDIA A100-SXM-64GB,94.58,31890,100
559,2026-05-18 17:58:20.993073,2026/05/18 17:58:21.236,3,NVIDIA A100-SXM-64GB,98.53,31902,100
560,2026-05-18 17:58:26.344141,2026/05/18 17:58:26.520,0,NVIDIA A100-SXM-64GB,98.61,31920,100
561,2026-05-18 17:58:26.344141,2026/05/18 17:58:26.523,1,NVIDIA A100-SXM-64GB,100.27,31938,100
562,2026-05-18 17:58:26.344141,2026/05/18 17:58:26.530,2,NVIDIA A100-SXM-64GB,97.42,31890,100
563,2026-05-18 17:58:26.344141,2026/05/18 17:58:26.597,3,NVIDIA A100-SXM-64GB,100.77,31902,100
564,2026-05-18 17:58:31.642587,2026/05/18 17:58:31.822,0,NVIDIA A100-SXM-64GB,107.08,31920,100
565,2026-05-18 17:58:31.642587,2026/05/18 17:58:31.871,1,NVIDIA A100-SXM-64GB,98.30,31938,100
566,2026-05-18 17:58:31.642587,2026/05/18 17:58:31.874,2,NVIDIA A100-SXM-64GB,100.34,31890,100
567,2026-05-18 17:58:31.642587,2026/05/18 17:58:31.930,3,NVIDIA A100-SXM-64GB,135.33,31902,100
568,2026-05-18 17:58:37.003967,2026/05/18 17:58:37.184,0,NVIDIA A100-SXM-64GB,103.73,31920,100
569,2026-05-18 17:58:37.003967,2026/05/18 17:58:37.187,1,NVIDIA A100-SXM-64GB,123.37,31938,100
570,2026-05-18 17:58:37.003967,2026/05/18 17:58:37.193,2,NVIDIA A100-SXM-64GB,103.24,31890,100
571,2026-05-18 17:58:37.003967,2026/05/18 17:58:37.244,3,NVIDIA A100-SXM-64GB,110.14,31902,100
572,2026-05-18 17:58:42.322672,2026/05/18 17:58:42.494,0,NVIDIA A100-SXM-64GB,94.55,31920,100
573,2026-05-18 17:58:42.322672,2026/05/18 17:58:42.497,1,NVIDIA A100-SXM-64GB,97.52,31938,100
574,2026-05-18 17:58:42.322672,2026/05/18 17:58:42.539,2,NVIDIA A100-SXM-64GB,135.74,31890,100
575,2026-05-18 17:58:42.322672,2026/05/18 17:58:42.542,3,NVIDIA A100-SXM-64GB,120.83,31902,100
576,2026-05-18 17:58:47.605580,2026/05/18 17:58:47.808,0,NVIDIA A100-SXM-64GB,105.87,31920,100
577,2026-05-18 17:58:47.605580,2026/05/18 17:58:47.861,1,NVIDIA A100-SXM-64GB,106.59,31938,100
578,2026-05-18 17:58:47.605580,2026/05/18 17:58:47.864,2,NVIDIA A100-SXM-64GB,100.17,31890,100
579,2026-05-18 17:58:47.605580,2026/05/18 17:58:47.918,3,NVIDIA A100-SXM-64GB,101.87,31902,100
580,2026-05-18 17:58:53.012464,2026/05/18 17:58:53.176,0,NVIDIA A100-SXM-64GB,106.81,31920,100
581,2026-05-18 17:58:53.012464,2026/05/18 17:58:53.179,1,NVIDIA A100-SXM-64GB,103.24,31938,100
582,2026-05-18 17:58:53.012464,2026/05/18 17:58:53.188,2,NVIDIA A100-SXM-64GB,96.06,31890,98
583,2026-05-18 17:58:53.012464,2026/05/18 17:58:53.243,3,NVIDIA A100-SXM-64GB,106.75,31902,100
584,2026-05-18 17:58:58.321954,2026/05/18 17:58:58.494,0,NVIDIA A100-SXM-64GB,98.23,31920,100
585,2026-05-18 17:58:58.321954,2026/05/18 17:58:58.497,1,NVIDIA A100-SXM-64GB,98.73,31938,100
586,2026-05-18 17:58:58.321954,2026/05/18 17:58:58.506,2,NVIDIA A100-SXM-64GB,101.60,31890,100
587,2026-05-18 17:58:58.321954,2026/05/18 17:58:58.565,3,NVIDIA A100-SXM-64GB,110.75,31902,100
588,2026-05-18 17:59:03.640179,2026/05/18 17:59:03.814,0,NVIDIA A100-SXM-64GB,106.81,31920,100
589,2026-05-18 17:59:03.640179,2026/05/18 17:59:03.834,1,NVIDIA A100-SXM-64GB,107.19,31938,100
590,2026-05-18 17:59:03.640179,2026/05/18 17:59:03.837,2,NVIDIA A100-SXM-64GB,94.26,31890,100
591,2026-05-18 17:59:03.640179,2026/05/18 17:59:03.886,3,NVIDIA A100-SXM-64GB,98.53,31902,100
592,2026-05-18 17:59:08.923487,2026/05/18 17:59:09.093,0,NVIDIA A100-SXM-64GB,97.62,31920,100
593,2026-05-18 17:59:08.923487,2026/05/18 17:59:09.096,1,NVIDIA A100-SXM-64GB,96.92,31938,100
594,2026-05-18 17:59:08.923487,2026/05/18 17:59:09.141,2,NVIDIA A100-SXM-64GB,103.52,31890,100
595,2026-05-18 17:59:08.923487,2026/05/18 17:59:09.143,3,NVIDIA A100-SXM-64GB,110.75,31902,100
596,2026-05-18 17:59:14.209542,2026/05/18 17:59:14.380,0,NVIDIA A100-SXM-64GB,104.66,31920,100
597,2026-05-18 17:59:14.209542,2026/05/18 17:59:14.383,1,NVIDIA A100-SXM-64GB,109.71,31938,100
598,2026-05-18 17:59:14.209542,2026/05/18 17:59:14.425,2,NVIDIA A100-SXM-64GB,107.40,31890,100
599,2026-05-18 17:59:14.209542,2026/05/18 17:59:14.428,3,NVIDIA A100-SXM-64GB,108.01,31902,100
600,2026-05-18 17:59:19.522375,2026/05/18 17:59:19.672,0,NVIDIA A100-SXM-64GB,102.52,31920,100
601,2026-05-18 17:59:19.522375,2026/05/18 17:59:19.679,1,NVIDIA A100-SXM-64GB,92.03,31938,100
602,2026-05-18 17:59:19.522375,2026/05/18 17:59:19.755,2,NVIDIA A100-SXM-64GB,98.96,31890,85
603,2026-05-18 17:59:19.522375,2026/05/18 17:59:19.758,3,NVIDIA A100-SXM-64GB,91.94,31902,100
604,2026-05-18 17:59:24.822987,2026/05/18 17:59:24.992,0,NVIDIA A100-SXM-64GB,101.91,31920,100
605,2026-05-18 17:59:24.822987,2026/05/18 17:59:24.995,1,NVIDIA A100-SXM-64GB,104.55,31938,100
606,2026-05-18 17:59:24.822987,2026/05/18 17:59:25.047,2,NVIDIA A100-SXM-64GB,102.48,31890,100
607,2026-05-18 17:59:24.822987,2026/05/18 17:59:25.050,3,NVIDIA A100-SXM-64GB,110.14,31902,100
608,2026-05-18 17:59:30.141769,2026/05/18 17:59:30.323,0,NVIDIA A100-SXM-64GB,100.98,31920,100
609,2026-05-18 17:59:30.141769,2026/05/18 17:59:30.326,1,NVIDIA A100-SXM-64GB,107.30,31938,100
610,2026-05-18 17:59:30.141769,2026/05/18 17:59:30.331,2,NVIDIA A100-SXM-64GB,104.61,31890,100
611,2026-05-18 17:59:30.141769,2026/05/18 17:59:30.350,3,NVIDIA A100-SXM-64GB,105.54,31902,100
612,2026-05-18 17:59:35.429988,2026/05/18 17:59:35.596,0,NVIDIA A100-SXM-64GB,95.48,31920,100
613,2026-05-18 17:59:35.429988,2026/05/18 17:59:35.599,1,NVIDIA A100-SXM-64GB,104.55,31938,100
614,2026-05-18 17:59:35.429988,2026/05/18 17:59:35.652,2,NVIDIA A100-SXM-64GB,105.65,31890,100
615,2026-05-18 17:59:35.429988,2026/05/18 17:59:35.655,3,NVIDIA A100-SXM-64GB,107.40,31902,100
616,2026-05-18 17:59:40.723745,2026/05/18 17:59:40.893,0,NVIDIA A100-SXM-64GB,100.37,31920,100
617,2026-05-18 17:59:40.723745,2026/05/18 17:59:40.896,1,NVIDIA A100-SXM-64GB,96.92,31938,100
618,2026-05-18 17:59:40.723745,2026/05/18 17:59:40.899,2,NVIDIA A100-SXM-64GB,96.49,31890,100
619,2026-05-18 17:59:40.723745,2026/05/18 17:59:40.959,3,NVIDIA A100-SXM-64GB,104.34,31902,100
620,2026-05-18 17:59:46.041094,2026/05/18 17:59:46.220,0,NVIDIA A100-SXM-64GB,107.08,31920,100
621,2026-05-18 17:59:46.041094,2026/05/18 17:59:46.222,1,NVIDIA A100-SXM-64GB,100.27,31938,100
622,2026-05-18 17:59:46.041094,2026/05/18 17:59:46.304,2,NVIDIA A100-SXM-64GB,109.33,31890,100
623,2026-05-18 17:59:46.041094,2026/05/18 17:59:46.353,3,NVIDIA A100-SXM-64GB,97.10,31902,100
624,2026-05-18 17:59:51.443554,2026/05/18 17:59:51.619,0,NVIDIA A100-SXM-64GB,139.70,31920,100
625,2026-05-18 17:59:51.443554,2026/05/18 17:59:51.662,1,NVIDIA A100-SXM-64GB,98.40,31938,100
626,2026-05-18 17:59:51.443554,2026/05/18 17:59:51.665,2,NVIDIA A100-SXM-64GB,108.28,31890,100
627,2026-05-18 17:59:51.443554,2026/05/18 17:59:51.715,3,NVIDIA A100-SXM-64GB,105.54,31902,100
628,2026-05-18 17:59:56.759410,2026/05/18 17:59:56.932,0,NVIDIA A100-SXM-64GB,103.12,31920,100
629,2026-05-18 17:59:56.759410,2026/05/18 17:59:56.935,1,NVIDIA A100-SXM-64GB,108.39,31938,100
630,2026-05-18 17:59:56.759410,2026/05/18 17:59:56.938,2,NVIDIA A100-SXM-64GB,93.42,31890,100
631,2026-05-18 17:59:56.759410,2026/05/18 17:59:56.965,3,NVIDIA A100-SXM-64GB,106.75,31902,100
632,2026-05-18 18:00:02.040119,2026/05/18 18:00:02.206,0,NVIDIA A100-SXM-64GB,95.76,31920,100
633,2026-05-18 18:00:02.040119,2026/05/18 18:00:02.209,1,NVIDIA A100-SXM-64GB,109.44,31938,100
634,2026-05-18 18:00:02.040119,2026/05/18 18:00:02.216,2,NVIDIA A100-SXM-64GB,102.58,31890,100
635,2026-05-18 18:00:02.040119,2026/05/18 18:00:02.287,3,NVIDIA A100-SXM-64GB,127.52,31902,100
636,2026-05-18 18:00:07.337576,2026/05/18 18:00:07.520,0,NVIDIA A100-SXM-64GB,93.01,31920,100
637,2026-05-18 18:00:07.337576,2026/05/18 18:00:07.547,1,NVIDIA A100-SXM-64GB,106.97,31938,100
638,2026-05-18 18:00:07.337576,2026/05/18 18:00:07.550,2,NVIDIA A100-SXM-64GB,105.54,31890,100
639,2026-05-18 18:00:07.337576,2026/05/18 18:00:07.559,3,NVIDIA A100-SXM-64GB,122.64,31902,100
640,2026-05-18 18:00:12.663357,2026/05/18 18:00:12.837,0,NVIDIA A100-SXM-64GB,103.45,31920,92
641,2026-05-18 18:00:12.663357,2026/05/18 18:00:12.840,1,NVIDIA A100-SXM-64GB,107.30,31938,87
642,2026-05-18 18:00:12.663357,2026/05/18 18:00:12.848,2,NVIDIA A100-SXM-64GB,107.51,31890,51
643,2026-05-18 18:00:12.663357,2026/05/18 18:00:12.903,3,NVIDIA A100-SXM-64GB,113.49,31902,89
644,2026-05-18 18:00:17.939216,2026/05/18 18:00:18.100,0,NVIDIA A100-SXM-64GB,91.80,31920,100
645,2026-05-18 18:00:17.939216,2026/05/18 18:00:18.103,1,NVIDIA A100-SXM-64GB,95.39,31938,100
646,2026-05-18 18:00:17.939216,2026/05/18 18:00:18.108,2,NVIDIA A100-SXM-64GB,91.61,31890,100
647,2026-05-18 18:00:17.939216,2026/05/18 18:00:18.165,3,NVIDIA A100-SXM-64GB,95.79,31902,100
648,2026-05-18 18:00:23.275994,2026/05/18 18:00:23.460,0,NVIDIA A100-SXM-64GB,121.20,31920,100
649,2026-05-18 18:00:23.275994,2026/05/18 18:00:23.516,1,NVIDIA A100-SXM-64GB,102.69,31938,100
650,2026-05-18 18:00:23.275994,2026/05/18 18:00:23.519,2,NVIDIA A100-SXM-64GB,105.38,31890,100
651,2026-05-18 18:00:23.275994,2026/05/18 18:00:23.567,3,NVIDIA A100-SXM-64GB,112.07,31902,100
652,2026-05-18 18:00:28.616309,2026/05/18 18:00:28.846,0,NVIDIA A100-SXM-64GB,107.41,31920,97
653,2026-05-18 18:00:28.616309,2026/05/18 18:00:28.888,1,NVIDIA A100-SXM-64GB,108.83,31938,74
654,2026-05-18 18:00:28.616309,2026/05/18 18:00:28.930,2,NVIDIA A100-SXM-64GB,98.63,31890,94
655,2026-05-18 18:00:28.616309,2026/05/18 18:00:28.969,3,NVIDIA A100-SXM-64GB,97.00,31902,100
656,2026-05-18 18:00:34.025134,2026/05/18 18:00:34.197,0,NVIDIA A100-SXM-64GB,91.47,31920,100
657,2026-05-18 18:00:34.025134,2026/05/18 18:00:34.200,1,NVIDIA A100-SXM-64GB,95.39,31938,100
658,2026-05-18 18:00:34.025134,2026/05/18 18:00:34.252,2,NVIDIA A100-SXM-64GB,91.61,31890,100
659,2026-05-18 18:00:34.025134,2026/05/18 18:00:34.255,3,NVIDIA A100-SXM-64GB,95.89,31902,100
660,2026-05-18 18:00:39.317857,2026/05/18 18:00:39.489,0,NVIDIA A100-SXM-64GB,102.62,31920,100
661,2026-05-18 18:00:39.317857,2026/05/18 18:00:39.521,1,NVIDIA A100-SXM-64GB,96.26,31938,100
662,2026-05-18 18:00:39.317857,2026/05/18 18:00:39.524,2,NVIDIA A100-SXM-64GB,92.82,31890,100
663,2026-05-18 18:00:39.317857,2026/05/18 18:00:39.538,3,NVIDIA A100-SXM-64GB,101.70,31902,100
664,2026-05-18 18:00:44.614368,2026/05/18 18:00:44.776,0,NVIDIA A100-SXM-64GB,100.98,31920,100
665,2026-05-18 18:00:44.614368,2026/05/18 18:00:44.779,1,NVIDIA A100-SXM-64GB,122.77,31938,100
666,2026-05-18 18:00:44.614368,2026/05/18 18:00:44.836,2,NVIDIA A100-SXM-64GB,100.44,31890,100
667,2026-05-18 18:00:44.614368,2026/05/18 18:00:44.838,3,NVIDIA A100-SXM-64GB,105.54,31902,100
668,2026-05-18 18:00:49.933635,2026/05/18 18:00:50.106,0,NVIDIA A100-SXM-64GB,108.02,31920,100
669,2026-05-18 18:00:49.933635,2026/05/18 18:00:50.153,1,NVIDIA A100-SXM-64GB,98.13,31938,100
670,2026-05-18 18:00:49.933635,2026/05/18 18:00:50.188,2,NVIDIA A100-SXM-64GB,104.34,31890,100
671,2026-05-18 18:00:49.933635,2026/05/18 18:00:50.190,3,NVIDIA A100-SXM-64GB,111.35,31902,100
672,2026-05-18 18:00:55.290817,2026/05/18 18:00:55.454,0,NVIDIA A100-SXM-64GB,105.38,31920,100
673,2026-05-18 18:00:55.290817,2026/05/18 18:00:55.457,1,NVIDIA A100-SXM-64GB,108.51,31938,100
674,2026-05-18 18:00:55.290817,2026/05/18 18:00:55.504,2,NVIDIA A100-SXM-64GB,107.19,31890,100
675,2026-05-18 18:00:55.290817,2026/05/18 18:00:55.506,3,NVIDIA A100-SXM-64GB,101.70,31902,100
676,2026-05-18 18:01:00.605699,2026/05/18 18:01:00.798,0,NVIDIA A100-SXM-64GB,106.20,31920,100
677,2026-05-18 18:01:00.605699,2026/05/18 18:01:00.809,1,NVIDIA A100-SXM-64GB,184.76,31938,100
678,2026-05-18 18:01:00.605699,2026/05/18 18:01:00.825,2,NVIDIA A100-SXM-64GB,103.13,31890,100
679,2026-05-18 18:01:00.605699,2026/05/18 18:01:00.838,3,NVIDIA A100-SXM-64GB,112.88,31902,100
680,2026-05-18 18:01:05.946360,2026/05/18 18:01:06.120,0,NVIDIA A100-SXM-64GB,94.55,31920,100
681,2026-05-18 18:01:05.946360,2026/05/18 18:01:06.123,1,NVIDIA A100-SXM-64GB,101.81,31938,100
682,2026-05-18 18:01:05.946360,2026/05/18 18:01:06.170,2,NVIDIA A100-SXM-64GB,97.70,31890,100
683,2026-05-18 18:01:05.946360,2026/05/18 18:01:06.173,3,NVIDIA A100-SXM-64GB,103.13,31902,100
684,2026-05-18 18:01:11.233365,2026/05/18 18:01:11.394,0,NVIDIA A100-SXM-64GB,110.76,31920,65
685,2026-05-18 18:01:11.233365,2026/05/18 18:01:11.397,1,NVIDIA A100-SXM-64GB,109.44,31938,94
686,2026-05-18 18:01:11.233365,2026/05/18 18:01:11.406,2,NVIDIA A100-SXM-64GB,103.24,31890,94
687,2026-05-18 18:01:11.233365,2026/05/18 18:01:11.476,3,NVIDIA A100-SXM-64GB,103.74,31902,97
688,2026-05-18 18:01:16.530592,2026/05/18 18:01:16.708,0,NVIDIA A100-SXM-64GB,106.48,31920,100
689,2026-05-18 18:01:16.530592,2026/05/18 18:01:16.711,1,NVIDIA A100-SXM-64GB,98.63,31938,100
690,2026-05-18 18:01:16.530592,2026/05/18 18:01:16.720,2,NVIDIA A100-SXM-64GB,100.17,31890,100
691,2026-05-18 18:01:16.530592,2026/05/18 18:01:16.797,3,NVIDIA A100-SXM-64GB,102.20,31902,100
692,2026-05-18 18:01:21.840548,2026/05/18 18:01:22.020,0,NVIDIA A100-SXM-64GB,98.33,31920,100
693,2026-05-18 18:01:21.840548,2026/05/18 18:01:22.023,1,NVIDIA A100-SXM-64GB,111.25,31938,100
694,2026-05-18 18:01:21.840548,2026/05/18 18:01:22.083,2,NVIDIA A100-SXM-64GB,103.52,31890,100
695,2026-05-18 18:01:21.840548,2026/05/18 18:01:22.122,3,NVIDIA A100-SXM-64GB,106.59,31902,100
696,2026-05-18 18:01:27.173635,2026/05/18 18:01:27.336,0,NVIDIA A100-SXM-64GB,100.98,31920,100
697,2026-05-18 18:01:27.173635,2026/05/18 18:01:27.339,1,NVIDIA A100-SXM-64GB,109.71,31938,100
698,2026-05-18 18:01:27.173635,2026/05/18 18:01:27.414,2,NVIDIA A100-SXM-64GB,136.67,31890,100
699,2026-05-18 18:01:27.173635,2026/05/18 18:01:27.417,3,NVIDIA A100-SXM-64GB,121.10,31902,100
700,2026-05-18 18:01:32.525447,2026/05/18 18:01:32.697,0,NVIDIA A100-SXM-64GB,104.44,31920,100
701,2026-05-18 18:01:32.525447,2026/05/18 18:01:32.700,1,NVIDIA A100-SXM-64GB,97.52,31938,100
702,2026-05-18 18:01:32.525447,2026/05/18 18:01:32.705,2,NVIDIA A100-SXM-64GB,98.96,31890,100
703,2026-05-18 18:01:32.525447,2026/05/18 18:01:32.759,3,NVIDIA A100-SXM-64GB,106.26,31902,100
704,2026-05-18 18:01:37.806800,2026/05/18 18:01:37.986,0,NVIDIA A100-SXM-64GB,104.66,31920,100
705,2026-05-18 18:01:37.806800,2026/05/18 18:01:37.989,1,NVIDIA A100-SXM-64GB,109.11,31938,100
706,2026-05-18 18:01:37.806800,2026/05/18 18:01:38.020,2,NVIDIA A100-SXM-64GB,106.26,31890,100
707,2026-05-18 18:01:37.806800,2026/05/18 18:01:38.023,3,NVIDIA A100-SXM-64GB,111.75,31902,100
708,2026-05-18 18:01:43.081838,2026/05/18 18:01:43.242,0,NVIDIA A100-SXM-64GB,98.51,31920,100
709,2026-05-18 18:01:43.081838,2026/05/18 18:01:43.245,1,NVIDIA A100-SXM-64GB,110.65,31938,100
710,2026-05-18 18:01:43.081838,2026/05/18 18:01:43.292,2,NVIDIA A100-SXM-64GB,105.65,31890,100
711,2026-05-18 18:01:43.081838,2026/05/18 18:01:43.337,3,NVIDIA A100-SXM-64GB,110.75,31902,100
712,2026-05-18 18:01:48.393934,2026/05/18 18:01:48.568,0,NVIDIA A100-SXM-64GB,102.79,31920,100
713,2026-05-18 18:01:48.393934,2026/05/18 18:01:48.571,1,NVIDIA A100-SXM-64GB,110.65,31938,100
714,2026-05-18 18:01:48.393934,2026/05/18 18:01:48.619,2,NVIDIA A100-SXM-64GB,110.54,31890,100
715,2026-05-18 18:01:48.393934,2026/05/18 18:01:48.622,3,NVIDIA A100-SXM-64GB,111.35,31902,100
716,2026-05-18 18:01:53.714990,2026/05/18 18:01:53.888,0,NVIDIA A100-SXM-64GB,146.27,31920,100
717,2026-05-18 18:01:53.714990,2026/05/18 18:01:53.891,1,NVIDIA A100-SXM-64GB,106.70,31938,100
718,2026-05-18 18:01:53.714990,2026/05/18 18:01:53.893,2,NVIDIA A100-SXM-64GB,101.37,31890,100
719,2026-05-18 18:01:53.714990,2026/05/18 18:01:53.955,3,NVIDIA A100-SXM-64GB,103.84,31902,100
720,2026-05-18 18:01:59.028255,2026/05/18 18:01:59.192,0,NVIDIA A100-SXM-64GB,99.43,31920,100
721,2026-05-18 18:01:59.028255,2026/05/18 18:01:59.195,1,NVIDIA A100-SXM-64GB,97.80,31938,100
722,2026-05-18 18:01:59.028255,2026/05/18 18:01:59.205,2,NVIDIA A100-SXM-64GB,98.96,31890,100
723,2026-05-18 18:01:59.028255,2026/05/18 18:01:59.288,3,NVIDIA A100-SXM-64GB,102.80,31902,100
724,2026-05-18 18:02:04.362202,2026/05/18 18:02:04.528,0,NVIDIA A100-SXM-64GB,108.02,31920,100
725,2026-05-18 18:02:04.362202,2026/05/18 18:02:04.568,1,NVIDIA A100-SXM-64GB,106.97,31938,100
726,2026-05-18 18:02:04.362202,2026/05/18 18:02:04.571,2,NVIDIA A100-SXM-64GB,103.52,31890,100
727,2026-05-18 18:02:04.362202,2026/05/18 18:02:04.579,3,NVIDIA A100-SXM-64GB,106.59,31902,100
728,2026-05-18 18:02:09.657288,2026/05/18 18:02:09.828,0,NVIDIA A100-SXM-64GB,106.81,31920,100
729,2026-05-18 18:02:09.657288,2026/05/18 18:02:09.831,1,NVIDIA A100-SXM-64GB,107.90,31938,100
730,2026-05-18 18:02:09.657288,2026/05/18 18:02:09.834,2,NVIDIA A100-SXM-64GB,101.60,31890,100
731,2026-05-18 18:02:09.657288,2026/05/18 18:02:09.896,3,NVIDIA A100-SXM-64GB,109.82,31902,100
732,2026-05-18 18:02:14.977115,2026/05/18 18:02:15.150,0,NVIDIA A100-SXM-64GB,99.16,31920,100
733,2026-05-18 18:02:14.977115,2026/05/18 18:02:15.153,1,NVIDIA A100-SXM-64GB,125.18,31938,100
734,2026-05-18 18:02:14.977115,2026/05/18 18:02:15.191,2,NVIDIA A100-SXM-64GB,105.65,31890,100
735,2026-05-18 18:02:14.977115,2026/05/18 18:02:15.194,3,NVIDIA A100-SXM-64GB,101.10,31902,100
736,2026-05-18 18:02:20.291684,2026/05/18 18:02:20.466,0,NVIDIA A100-SXM-64GB,109.67,31920,100
737,2026-05-18 18:02:20.291684,2026/05/18 18:02:20.508,1,NVIDIA A100-SXM-64GB,109.44,31938,100
738,2026-05-18 18:02:20.291684,2026/05/18 18:02:20.512,2,NVIDIA A100-SXM-64GB,117.56,31890,100
739,2026-05-18 18:02:20.291684,2026/05/18 18:02:20.564,3,NVIDIA A100-SXM-64GB,110.54,31902,100
740,2026-05-18 18:02:25.641523,2026/05/18 18:02:25.818,0,NVIDIA A100-SXM-64GB,99.77,31920,100
741,2026-05-18 18:02:25.641523,2026/05/18 18:02:25.821,1,NVIDIA A100-SXM-64GB,96.92,31938,100
742,2026-05-18 18:02:25.641523,2026/05/18 18:02:25.862,2,NVIDIA A100-SXM-64GB,92.21,31890,100
743,2026-05-18 18:02:25.641523,2026/05/18 18:02:25.865,3,NVIDIA A100-SXM-64GB,96.49,31902,100
744,2026-05-18 18:02:30.974663,2026/05/18 18:02:31.140,0,NVIDIA A100-SXM-64GB,110.48,31920,98
745,2026-05-18 18:02:30.974663,2026/05/18 18:02:31.143,1,NVIDIA A100-SXM-64GB,108.12,31938,95
746,2026-05-18 18:02:30.974663,2026/05/18 18:02:31.146,2,NVIDIA A100-SXM-64GB,102.80,31890,90
747,2026-05-18 18:02:30.974663,2026/05/18 18:02:31.204,3,NVIDIA A100-SXM-64GB,107.08,31902,83
748,2026-05-18 18:02:36.257853,2026/05/18 18:02:36.431,0,NVIDIA A100-SXM-64GB,106.92,31920,100
749,2026-05-18 18:02:36.257853,2026/05/18 18:02:36.484,1,NVIDIA A100-SXM-64GB,99.67,31938,100
750,2026-05-18 18:02:36.257853,2026/05/18 18:02:36.486,2,NVIDIA A100-SXM-64GB,98.30,31890,100
751,2026-05-18 18:02:36.257853,2026/05/18 18:02:36.498,3,NVIDIA A100-SXM-64GB,110.26,31902,100
752,2026-05-18 18:02:41.609859,2026/05/18 18:02:41.767,0,NVIDIA A100-SXM-64GB,96.36,31920,100
753,2026-05-18 18:02:41.609859,2026/05/18 18:02:41.770,1,NVIDIA A100-SXM-64GB,105.49,31938,100
754,2026-05-18 18:02:41.609859,2026/05/18 18:02:41.831,2,NVIDIA A100-SXM-64GB,105.27,31890,100
755,2026-05-18 18:02:41.609859,2026/05/18 18:02:41.834,3,NVIDIA A100-SXM-64GB,110.14,31902,100
756,2026-05-18 18:02:46.932053,2026/05/18 18:02:47.102,0,NVIDIA A100-SXM-64GB,98.51,31920,100
757,2026-05-18 18:02:46.932053,2026/05/18 18:02:47.105,1,NVIDIA A100-SXM-64GB,111.25,31938,100
758,2026-05-18 18:02:46.932053,2026/05/18 18:02:47.153,2,NVIDIA A100-SXM-64GB,106.26,31890,100
759,2026-05-18 18:02:46.932053,2026/05/18 18:02:47.156,3,NVIDIA A100-SXM-64GB,110.75,31902,100
760,2026-05-18 18:02:52.247663,2026/05/18 18:02:52.413,0,NVIDIA A100-SXM-64GB,112.75,31920,100
761,2026-05-18 18:02:52.247663,2026/05/18 18:02:52.415,1,NVIDIA A100-SXM-64GB,106.70,31938,100
762,2026-05-18 18:02:52.247663,2026/05/18 18:02:52.424,2,NVIDIA A100-SXM-64GB,96.49,31890,100
763,2026-05-18 18:02:52.247663,2026/05/18 18:02:52.475,3,NVIDIA A100-SXM-64GB,98.03,31902,100
764,2026-05-18 18:02:57.555318,2026/05/18 18:02:57.709,0,NVIDIA A100-SXM-64GB,110.48,31920,98
765,2026-05-18 18:02:57.555318,2026/05/18 18:02:57.712,1,NVIDIA A100-SXM-64GB,115.42,31938,61
766,2026-05-18 18:02:57.555318,2026/05/18 18:02:57.734,2,NVIDIA A100-SXM-64GB,99.57,31890,93
767,2026-05-18 18:02:57.555318,2026/05/18 18:02:57.747,3,NVIDIA A100-SXM-64GB,97.60,31902,84
768,2026-05-18 18:03:02.831356,2026/05/18 18:03:03.003,0,NVIDIA A100-SXM-64GB,141.24,31920,100
769,2026-05-18 18:03:02.831356,2026/05/18 18:03:03.027,1,NVIDIA A100-SXM-64GB,105.65,31938,100
770,2026-05-18 18:03:02.831356,2026/05/18 18:03:03.030,2,NVIDIA A100-SXM-64GB,97.32,31890,100
771,2026-05-18 18:03:02.831356,2026/05/18 18:03:03.073,3,NVIDIA A100-SXM-64GB,98.20,31902,100
772,2026-05-18 18:03:08.172803,2026/05/18 18:03:08.344,0,NVIDIA A100-SXM-64GB,108.62,31920,100
773,2026-05-18 18:03:08.172803,2026/05/18 18:03:08.347,1,NVIDIA A100-SXM-64GB,107.62,31938,100
774,2026-05-18 18:03:08.172803,2026/05/18 18:03:08.351,2,NVIDIA A100-SXM-64GB,104.12,31890,100
775,2026-05-18 18:03:08.172803,2026/05/18 18:03:08.402,3,NVIDIA A100-SXM-64GB,102.31,31902,100
776,2026-05-18 18:03:13.443977,2026/05/18 18:03:13.602,0,NVIDIA A100-SXM-64GB,124.43,31920,100
777,2026-05-18 18:03:13.443977,2026/05/18 18:03:13.605,1,NVIDIA A100-SXM-64GB,101.48,31938,100
778,2026-05-18 18:03:13.443977,2026/05/18 18:03:13.648,2,NVIDIA A100-SXM-64GB,104.61,31890,100
779,2026-05-18 18:03:13.443977,2026/05/18 18:03:13.651,3,NVIDIA A100-SXM-64GB,128.59,31902,100
780,2026-05-18 18:03:18.731281,2026/05/18 18:03:18.895,0,NVIDIA A100-SXM-64GB,98.23,31920,100
781,2026-05-18 18:03:18.731281,2026/05/18 18:03:18.925,1,NVIDIA A100-SXM-64GB,108.51,31938,100
782,2026-05-18 18:03:18.731281,2026/05/18 18:03:18.928,2,NVIDIA A100-SXM-64GB,104.01,31890,100
783,2026-05-18 18:03:18.731281,2026/05/18 18:03:18.990,3,NVIDIA A100-SXM-64GB,104.61,31902,100
784,2026-05-18 18:03:24.060470,2026/05/18 18:03:24.220,0,NVIDIA A100-SXM-64GB,97.39,31920,100
785,2026-05-18 18:03:24.060470,2026/05/18 18:03:24.223,1,NVIDIA A100-SXM-64GB,102.08,31938,100
786,2026-05-18 18:03:24.060470,2026/05/18 18:03:24.233,2,NVIDIA A100-SXM-64GB,99.23,31890,100
787,2026-05-18 18:03:24.060470,2026/05/18 18:03:24.293,3,NVIDIA A100-SXM-64GB,99.57,31902,100
788,2026-05-18 18:03:29.341434,2026/05/18 18:03:29.503,0,NVIDIA A100-SXM-64GB,104.16,31920,100
789,2026-05-18 18:03:29.341434,2026/05/18 18:03:29.506,1,NVIDIA A100-SXM-64GB,99.33,31938,100
790,2026-05-18 18:03:29.341434,2026/05/18 18:03:29.518,2,NVIDIA A100-SXM-64GB,95.29,31890,100
791,2026-05-18 18:03:29.341434,2026/05/18 18:03:29.578,3,NVIDIA A100-SXM-64GB,112.40,31902,100
792,2026-05-18 18:03:34.643388,2026/05/18 18:03:34.809,0,NVIDIA A100-SXM-64GB,104.93,31920,100
793,2026-05-18 18:03:34.643388,2026/05/18 18:03:34.811,1,NVIDIA A100-SXM-64GB,105.38,31938,100
794,2026-05-18 18:03:34.643388,2026/05/18 18:03:34.816,2,NVIDIA A100-SXM-64GB,101.87,31890,100
795,2026-05-18 18:03:34.643388,2026/05/18 18:03:34.874,3,NVIDIA A100-SXM-64GB,107.40,31902,100
796,2026-05-18 18:03:39.936264,2026/05/18 18:03:40.099,0,NVIDIA A100-SXM-64GB,119.54,31920,100
797,2026-05-18 18:03:39.936264,2026/05/18 18:03:40.102,1,NVIDIA A100-SXM-64GB,106.86,31938,100
798,2026-05-18 18:03:39.936264,2026/05/18 18:03:40.143,2,NVIDIA A100-SXM-64GB,115.90,31890,100
799,2026-05-18 18:03:39.936264,2026/05/18 18:03:40.182,3,NVIDIA A100-SXM-64GB,126.92,31902,100
800,2026-05-18 18:03:45.261199,2026/05/18 18:03:45.422,0,NVIDIA A100-SXM-64GB,99.87,31920,100
801,2026-05-18 18:03:45.261199,2026/05/18 18:03:45.424,1,NVIDIA A100-SXM-64GB,99.06,31938,100
802,2026-05-18 18:03:45.261199,2026/05/18 18:03:45.428,2,NVIDIA A100-SXM-64GB,94.35,31890,100
803,2026-05-18 18:03:45.261199,2026/05/18 18:03:45.486,3,NVIDIA A100-SXM-64GB,107.40,31902,100
804,2026-05-18 18:03:50.564923,2026/05/18 18:03:50.729,0,NVIDIA A100-SXM-64GB,103.73,31920,100
805,2026-05-18 18:03:50.564923,2026/05/18 18:03:50.732,1,NVIDIA A100-SXM-64GB,103.84,31938,100
806,2026-05-18 18:03:50.564923,2026/05/18 18:03:50.747,2,NVIDIA A100-SXM-64GB,101.60,31890,100
807,2026-05-18 18:03:50.564923,2026/05/18 18:03:50.802,3,NVIDIA A100-SXM-64GB,108.28,31902,100
808,2026-05-18 18:03:55.839872,2026/05/18 18:03:55.999,0,NVIDIA A100-SXM-64GB,104.93,31920,100
809,2026-05-18 18:03:55.839872,2026/05/18 18:03:56.002,1,NVIDIA A100-SXM-64GB,112.19,31938,100
810,2026-05-18 18:03:55.839872,2026/05/18 18:03:56.005,2,NVIDIA A100-SXM-64GB,108.39,31890,100
811,2026-05-18 18:03:55.839872,2026/05/18 18:03:56.065,3,NVIDIA A100-SXM-64GB,101.10,31902,100
812,2026-05-18 18:04:01.152068,2026/05/18 18:04:01.301,0,NVIDIA A100-SXM-64GB,93.94,31920,100
813,2026-05-18 18:04:01.152068,2026/05/18 18:04:01.304,1,NVIDIA A100-SXM-64GB,101.21,31938,100
814,2026-05-18 18:04:01.152068,2026/05/18 18:04:01.352,2,NVIDIA A100-SXM-64GB,94.58,31890,100
815,2026-05-18 18:04:01.152068,2026/05/18 18:04:01.387,3,NVIDIA A100-SXM-64GB,108.61,31902,100
816,2026-05-18 18:04:06.439236,2026/05/18 18:04:06.609,0,NVIDIA A100-SXM-64GB,163.25,31920,100
817,2026-05-18 18:04:06.439236,2026/05/18 18:04:06.612,1,NVIDIA A100-SXM-64GB,144.43,31938,100
818,2026-05-18 18:04:06.439236,2026/05/18 18:04:06.657,2,NVIDIA A100-SXM-64GB,159.08,31890,100
819,2026-05-18 18:04:06.439236,2026/05/18 18:04:06.660,3,NVIDIA A100-SXM-64GB,137.61,31902,100
820,2026-05-18 18:04:11.720762,2026/05/18 18:04:11.885,0,NVIDIA A100-SXM-64GB,104.66,31920,100
821,2026-05-18 18:04:11.720762,2026/05/18 18:04:11.888,1,NVIDIA A100-SXM-64GB,101.97,31938,100
822,2026-05-18 18:04:11.720762,2026/05/18 18:04:11.935,2,NVIDIA A100-SXM-64GB,102.20,31890,100
823,2026-05-18 18:04:11.720762,2026/05/18 18:04:11.965,3,NVIDIA A100-SXM-64GB,113.16,31902,100
824,2026-05-18 18:04:17.018267,2026/05/18 18:04:17.177,0,NVIDIA A100-SXM-64GB,113.84,31920,100
825,2026-05-18 18:04:17.018267,2026/05/18 18:04:17.180,1,NVIDIA A100-SXM-64GB,99.33,31938,100
826,2026-05-18 18:04:17.018267,2026/05/18 18:04:17.185,2,NVIDIA A100-SXM-64GB,109.82,31890,100
827,2026-05-18 18:04:17.018267,2026/05/18 18:04:17.243,3,NVIDIA A100-SXM-64GB,111.63,31902,100
828,2026-05-18 18:04:22.313133,2026/05/18 18:04:22.486,0,NVIDIA A100-SXM-64GB,115.65,31920,100
829,2026-05-18 18:04:22.313133,2026/05/18 18:04:22.489,1,NVIDIA A100-SXM-64GB,115.26,31938,100
830,2026-05-18 18:04:22.313133,2026/05/18 18:04:22.492,2,NVIDIA A100-SXM-64GB,139.88,31890,100
831,2026-05-18 18:04:22.313133,2026/05/18 18:04:22.512,3,NVIDIA A100-SXM-64GB,108.72,31902,100
832,2026-05-18 18:04:27.599321,2026/05/18 18:04:27.764,0,NVIDIA A100-SXM-64GB,106.48,31920,100
833,2026-05-18 18:04:27.599321,2026/05/18 18:04:27.767,1,NVIDIA A100-SXM-64GB,110.04,31938,100
834,2026-05-18 18:04:27.599321,2026/05/18 18:04:27.772,2,NVIDIA A100-SXM-64GB,106.59,31890,100
835,2026-05-18 18:04:27.599321,2026/05/18 18:04:27.828,3,NVIDIA A100-SXM-64GB,122.31,31902,100
836,2026-05-18 18:04:32.898164,2026/05/18 18:04:33.069,0,NVIDIA A100-SXM-64GB,98.00,31920,100
837,2026-05-18 18:04:32.898164,2026/05/18 18:04:33.113,1,NVIDIA A100-SXM-64GB,105.49,31938,100
838,2026-05-18 18:04:32.898164,2026/05/18 18:04:33.116,2,NVIDIA A100-SXM-64GB,95.29,31890,100
839,2026-05-18 18:04:32.898164,2026/05/18 18:04:33.166,3,NVIDIA A100-SXM-64GB,104.12,31902,100
840,2026-05-18 18:04:38.240868,2026/05/18 18:04:38.404,0,NVIDIA A100-SXM-64GB,104.44,31920,100
841,2026-05-18 18:04:38.240868,2026/05/18 18:04:38.406,1,NVIDIA A100-SXM-64GB,107.90,31938,100
842,2026-05-18 18:04:38.240868,2026/05/18 18:04:38.478,2,NVIDIA A100-SXM-64GB,103.84,31890,100
843,2026-05-18 18:04:38.240868,2026/05/18 18:04:38.480,3,NVIDIA A100-SXM-64GB,114.09,31902,100
844,2026-05-18 18:04:43.546569,2026/05/18 18:04:43.697,0,NVIDIA A100-SXM-64GB,107.74,31920,98
845,2026-05-18 18:04:43.546569,2026/05/18 18:04:43.700,1,NVIDIA A100-SXM-64GB,111.75,31938,89
846,2026-05-18 18:04:43.546569,2026/05/18 18:04:43.708,2,NVIDIA A100-SXM-64GB,100.77,31890,68
847,2026-05-18 18:04:43.546569,2026/05/18 18:04:43.801,3,NVIDIA A100-SXM-64GB,118.70,31902,96
848,2026-05-18 18:04:48.843759,2026/05/18 18:04:49.003,0,NVIDIA A100-SXM-64GB,91.89,31920,100
849,2026-05-18 18:04:48.843759,2026/05/18 18:04:49.006,1,NVIDIA A100-SXM-64GB,95.56,31938,100
850,2026-05-18 18:04:48.843759,2026/05/18 18:04:49.056,2,NVIDIA A100-SXM-64GB,91.61,31890,100
851,2026-05-18 18:04:48.843759,2026/05/18 18:04:49.061,3,NVIDIA A100-SXM-64GB,96.06,31902,100
852,2026-05-18 18:04:54.131155,2026/05/18 18:04:54.291,0,NVIDIA A100-SXM-64GB,105.04,31920,100
853,2026-05-18 18:04:54.131155,2026/05/18 18:04:54.294,1,NVIDIA A100-SXM-64GB,112.51,31938,100
854,2026-05-18 18:04:54.131155,2026/05/18 18:04:54.484,2,NVIDIA A100-SXM-64GB,109.60,31890,100
855,2026-05-18 18:04:54.131155,2026/05/18 18:04:54.524,3,NVIDIA A100-SXM-64GB,107.19,31902,100
856,2026-05-18 18:04:59.594584,2026/05/18 18:04:59.700,0,NVIDIA A100-SXM-64GB,82.89,31920,77
857,2026-05-18 18:04:59.594584,2026/05/18 18:04:59.711,1,NVIDIA A100-SXM-64GB,86.81,31938,0
858,2026-05-18 18:04:59.594584,2026/05/18 18:04:59.725,2,NVIDIA A100-SXM-64GB,82.72,31890,53
859,2026-05-18 18:04:59.594584,2026/05/18 18:04:59.743,3,NVIDIA A100-SXM-64GB,86.72,31902,10
860,2026-05-18 18:05:04.959337,2026/05/18 18:05:05.112,0,NVIDIA A100-SXM-64GB,91.80,31920,100
861,2026-05-18 18:05:04.959337,2026/05/18 18:05:05.115,1,NVIDIA A100-SXM-64GB,95.39,31938,100
862,2026-05-18 18:05:04.959337,2026/05/18 18:05:05.119,2,NVIDIA A100-SXM-64GB,91.61,31890,100
863,2026-05-18 18:05:04.959337,2026/05/18 18:05:05.176,3,NVIDIA A100-SXM-64GB,95.79,31902,100
864,2026-05-18 18:05:10.225162,2026/05/18 18:05:10.385,0,NVIDIA A100-SXM-64GB,93.43,31920,100
865,2026-05-18 18:05:10.225162,2026/05/18 18:05:10.388,1,NVIDIA A100-SXM-64GB,99.67,31938,100
866,2026-05-18 18:05:10.225162,2026/05/18 18:05:10.404,2,NVIDIA A100-SXM-64GB,130.72,31890,100
867,2026-05-18 18:05:10.225162,2026/05/18 18:05:10.456,3,NVIDIA A100-SXM-64GB,112.67,31902,100
868,2026-05-18 18:05:15.528540,2026/05/18 18:05:15.687,0,NVIDIA A100-SXM-64GB,104.44,31920,100
869,2026-05-18 18:05:15.528540,2026/05/18 18:05:15.690,1,NVIDIA A100-SXM-64GB,109.44,31938,100
870,2026-05-18 18:05:15.528540,2026/05/18 18:05:15.696,2,NVIDIA A100-SXM-64GB,99.57,31890,100
871,2026-05-18 18:05:15.528540,2026/05/18 18:05:15.756,3,NVIDIA A100-SXM-64GB,108.12,31902,100
872,2026-05-18 18:05:20.789149,2026/05/18 18:05:20.951,0,NVIDIA A100-SXM-64GB,92.83,31920,100
873,2026-05-18 18:05:20.789149,2026/05/18 18:05:20.953,1,NVIDIA A100-SXM-64GB,96.92,31938,100
874,2026-05-18 18:05:20.789149,2026/05/18 18:05:20.956,2,NVIDIA A100-SXM-64GB,104.12,31890,100
875,2026-05-18 18:05:20.789149,2026/05/18 18:05:21.010,3,NVIDIA A100-SXM-64GB,100.77,31902,100
876,2026-05-18 18:05:26.065142,2026/05/18 18:05:26.232,0,NVIDIA A100-SXM-64GB,102.29,31920,100
877,2026-05-18 18:05:26.065142,2026/05/18 18:05:26.235,1,NVIDIA A100-SXM-64GB,109.55,31938,100
878,2026-05-18 18:05:26.065142,2026/05/18 18:05:26.237,2,NVIDIA A100-SXM-64GB,109.00,31890,100
879,2026-05-18 18:05:26.065142,2026/05/18 18:05:26.286,3,NVIDIA A100-SXM-64GB,109.93,31902,100
880,2026-05-18 18:05:31.328680,2026/05/18 18:05:31.488,0,NVIDIA A100-SXM-64GB,107.85,31920,83
881,2026-05-18 18:05:31.328680,2026/05/18 18:05:31.491,1,NVIDIA A100-SXM-64GB,111.86,31938,80
882,2026-05-18 18:05:31.328680,2026/05/18 18:05:31.493,2,NVIDIA A100-SXM-64GB,104.72,31890,98
883,2026-05-18 18:05:31.328680,2026/05/18 18:05:31.508,3,NVIDIA A100-SXM-64GB,101.37,31902,100
884,2026-05-18 18:05:36.587875,2026/05/18 18:05:36.742,0,NVIDIA A100-SXM-64GB,106.31,31920,100
885,2026-05-18 18:05:36.587875,2026/05/18 18:05:36.745,1,NVIDIA A100-SXM-64GB,103.62,31938,100
886,2026-05-18 18:05:36.587875,2026/05/18 18:05:36.786,2,NVIDIA A100-SXM-64GB,97.70,31890,100
887,2026-05-18 18:05:36.587875,2026/05/18 18:05:36.789,3,NVIDIA A100-SXM-64GB,102.31,31902,100
888,2026-05-18 18:05:41.849157,2026/05/18 18:05:42.006,0,NVIDIA A100-SXM-64GB,113.63,31920,100
889,2026-05-18 18:05:41.849157,2026/05/18 18:05:42.009,1,NVIDIA A100-SXM-64GB,103.12,31938,100
890,2026-05-18 18:05:41.849157,2026/05/18 18:05:42.014,2,NVIDIA A100-SXM-64GB,107.51,31890,100
891,2026-05-18 18:05:41.849157,2026/05/18 18:05:42.084,3,NVIDIA A100-SXM-64GB,109.33,31902,100
892,2026-05-18 18:05:47.128199,2026/05/18 18:05:47.284,0,NVIDIA A100-SXM-64GB,106.59,31920,100
893,2026-05-18 18:05:47.128199,2026/05/18 18:05:47.287,1,NVIDIA A100-SXM-64GB,109.71,31938,100
894,2026-05-18 18:05:47.128199,2026/05/18 18:05:47.325,2,NVIDIA A100-SXM-64GB,116.68,31890,100
895,2026-05-18 18:05:47.128199,2026/05/18 18:05:47.328,3,NVIDIA A100-SXM-64GB,105.38,31902,100
896,2026-05-18 18:05:52.390564,2026/05/18 18:05:52.532,0,NVIDIA A100-SXM-64GB,140.44,31920,100
897,2026-05-18 18:05:52.390564,2026/05/18 18:05:52.535,1,NVIDIA A100-SXM-64GB,112.51,31938,100
898,2026-05-18 18:05:52.390564,2026/05/18 18:05:52.539,2,NVIDIA A100-SXM-64GB,94.08,31890,100
899,2026-05-18 18:05:52.390564,2026/05/18 18:05:52.555,3,NVIDIA A100-SXM-64GB,101.97,31902,100
900,2026-05-18 18:05:57.629580,2026/05/18 18:05:57.779,0,NVIDIA A100-SXM-64GB,111.69,31920,100
901,2026-05-18 18:05:57.629580,2026/05/18 18:05:57.782,1,NVIDIA A100-SXM-64GB,113.72,31938,100
902,2026-05-18 18:05:57.629580,2026/05/18 18:05:57.798,2,NVIDIA A100-SXM-64GB,108.12,31890,100
903,2026-05-18 18:05:57.629580,2026/05/18 18:05:57.811,3,NVIDIA A100-SXM-64GB,111.63,31902,100
904,2026-05-18 18:06:02.875792,2026/05/18 18:06:03.046,0,NVIDIA A100-SXM-64GB,98.73,31920,100
905,2026-05-18 18:06:02.875792,2026/05/18 18:06:03.049,1,NVIDIA A100-SXM-64GB,106.26,31938,100
906,2026-05-18 18:06:02.875792,2026/05/18 18:06:03.052,2,NVIDIA A100-SXM-64GB,101.87,31890,100
907,2026-05-18 18:06:02.875792,2026/05/18 18:06:03.099,3,NVIDIA A100-SXM-64GB,106.75,31902,100
908,2026-05-18 18:06:08.182072,2026/05/18 18:06:08.348,0,NVIDIA A100-SXM-64GB,110.37,31920,100
909,2026-05-18 18:06:08.182072,2026/05/18 18:06:08.351,1,NVIDIA A100-SXM-64GB,110.54,31938,100
910,2026-05-18 18:06:08.182072,2026/05/18 18:06:08.422,2,NVIDIA A100-SXM-64GB,102.48,31890,100
911,2026-05-18 18:06:08.182072,2026/05/18 18:06:08.425,3,NVIDIA A100-SXM-64GB,106.48,31902,100
912,2026-05-18 18:06:13.514829,2026/05/18 18:06:13.687,0,NVIDIA A100-SXM-64GB,106.09,31920,100
913,2026-05-18 18:06:13.514829,2026/05/18 18:06:13.690,1,NVIDIA A100-SXM-64GB,110.86,31938,100
914,2026-05-18 18:06:13.514829,2026/05/18 18:06:13.701,2,NVIDIA A100-SXM-64GB,133.19,31890,100
915,2026-05-18 18:06:13.514829,2026/05/18 18:06:13.758,3,NVIDIA A100-SXM-64GB,104.34,31902,100
916,2026-05-18 18:06:18.808250,2026/05/18 18:06:18.989,0,NVIDIA A100-SXM-64GB,99.94,31920,100
917,2026-05-18 18:06:18.808250,2026/05/18 18:06:18.992,1,NVIDIA A100-SXM-64GB,121.44,31938,100
918,2026-05-18 18:06:18.808250,2026/05/18 18:06:19.019,2,NVIDIA A100-SXM-64GB,102.48,31890,100
919,2026-05-18 18:06:18.808250,2026/05/18 18:06:19.022,3,NVIDIA A100-SXM-64GB,98.53,31902,98
920,2026-05-18 18:06:24.128786,2026/05/18 18:06:24.304,0,NVIDIA A100-SXM-64GB,110.37,31920,100
921,2026-05-18 18:06:24.128786,2026/05/18 18:06:24.330,1,NVIDIA A100-SXM-64GB,110.54,31938,100
922,2026-05-18 18:06:24.128786,2026/05/18 18:06:24.333,2,NVIDIA A100-SXM-64GB,106.15,31890,100
923,2026-05-18 18:06:24.128786,2026/05/18 18:06:24.384,3,NVIDIA A100-SXM-64GB,110.64,31902,100
924,2026-05-18 18:06:29.453427,2026/05/18 18:06:29.632,0,NVIDIA A100-SXM-64GB,102.52,31920,100
925,2026-05-18 18:06:29.453427,2026/05/18 18:06:29.635,1,NVIDIA A100-SXM-64GB,114.21,31938,100
926,2026-05-18 18:06:29.453427,2026/05/18 18:06:29.642,2,NVIDIA A100-SXM-64GB,104.61,31890,100
927,2026-05-18 18:06:29.453427,2026/05/18 18:06:29.694,3,NVIDIA A100-SXM-64GB,102.48,31902,100
928,2026-05-18 18:06:34.780628,2026/05/18 18:06:34.954,0,NVIDIA A100-SXM-64GB,105.27,31920,100
929,2026-05-18 18:06:34.780628,2026/05/18 18:06:34.957,1,NVIDIA A100-SXM-64GB,109.60,31938,100
930,2026-05-18 18:06:34.780628,2026/05/18 18:06:34.963,2,NVIDIA A100-SXM-64GB,105.54,31890,100
931,2026-05-18 18:06:34.780628,2026/05/18 18:06:35.030,3,NVIDIA A100-SXM-64GB,119.30,31902,100
932,2026-05-18 18:06:40.124252,2026/05/18 18:06:40.301,0,NVIDIA A100-SXM-64GB,108.62,31920,100
933,2026-05-18 18:06:40.124252,2026/05/18 18:06:40.304,1,NVIDIA A100-SXM-64GB,105.05,31938,100
934,2026-05-18 18:06:40.124252,2026/05/18 18:06:40.341,2,NVIDIA A100-SXM-64GB,97.70,31890,100
935,2026-05-18 18:06:40.124252,2026/05/18 18:06:40.386,3,NVIDIA A100-SXM-64GB,107.68,31902,100
936,2026-05-18 18:06:45.485291,2026/05/18 18:06:45.705,0,NVIDIA A100-SXM-64GB,167.81,31920,100
937,2026-05-18 18:06:45.485291,2026/05/18 18:06:45.708,1,NVIDIA A100-SXM-64GB,111.75,31938,100
938,2026-05-18 18:06:45.485291,2026/05/18 18:06:45.752,2,NVIDIA A100-SXM-64GB,126.31,31890,100
939,2026-05-18 18:06:45.485291,2026/05/18 18:06:45.755,3,NVIDIA A100-SXM-64GB,105.87,31902,100
940,2026-05-18 18:06:50.830085,2026/05/18 18:06:50.996,0,NVIDIA A100-SXM-64GB,117.19,31920,83
941,2026-05-18 18:06:50.830085,2026/05/18 18:06:51.040,1,NVIDIA A100-SXM-64GB,113.00,31938,98
942,2026-05-18 18:06:50.830085,2026/05/18 18:06:51.043,2,NVIDIA A100-SXM-64GB,112.56,31890,98
943,2026-05-18 18:06:50.830085,2026/05/18 18:06:51.086,3,NVIDIA A100-SXM-64GB,107.68,31902,96
944,2026-05-18 18:06:56.124153,2026/05/18 18:06:56.305,0,NVIDIA A100-SXM-64GB,103.12,31920,100
945,2026-05-18 18:06:56.124153,2026/05/18 18:06:56.308,1,NVIDIA A100-SXM-64GB,110.04,31938,100
946,2026-05-18 18:06:56.124153,2026/05/18 18:06:56.310,2,NVIDIA A100-SXM-64GB,98.96,31890,100
947,2026-05-18 18:06:56.124153,2026/05/18 18:06:56.362,3,NVIDIA A100-SXM-64GB,106.15,31902,100
948,2026-05-18 18:07:01.406273,2026/05/18 18:07:01.573,0,NVIDIA A100-SXM-64GB,101.31,31920,100
949,2026-05-18 18:07:01.406273,2026/05/18 18:07:01.576,1,NVIDIA A100-SXM-64GB,109.71,31938,100
950,2026-05-18 18:07:01.406273,2026/05/18 18:07:01.619,2,NVIDIA A100-SXM-64GB,101.37,31890,100
951,2026-05-18 18:07:01.406273,2026/05/18 18:07:01.622,3,NVIDIA A100-SXM-64GB,107.08,31902,100
952,2026-05-18 18:07:06.684069,2026/05/18 18:07:06.863,0,NVIDIA A100-SXM-64GB,105.98,31920,100
953,2026-05-18 18:07:06.684069,2026/05/18 18:07:06.867,1,NVIDIA A100-SXM-64GB,110.04,31938,100
954,2026-05-18 18:07:06.684069,2026/05/18 18:07:06.872,2,NVIDIA A100-SXM-64GB,108.39,31890,100
955,2026-05-18 18:07:06.684069,2026/05/18 18:07:06.929,3,NVIDIA A100-SXM-64GB,108.01,31902,100
956,2026-05-18 18:07:12.003586,2026/05/18 18:07:12.230,0,NVIDIA A100-SXM-64GB,97.62,31920,100
957,2026-05-18 18:07:12.003586,2026/05/18 18:07:12.233,1,NVIDIA A100-SXM-64GB,116.80,31938,100
958,2026-05-18 18:07:12.003586,2026/05/18 18:07:12.242,2,NVIDIA A100-SXM-64GB,99.23,31890,100
959,2026-05-18 18:07:12.003586,2026/05/18 18:07:12.294,3,NVIDIA A100-SXM-64GB,100.17,31902,100
960,2026-05-18 18:07:17.339168,2026/05/18 18:07:17.498,0,NVIDIA A100-SXM-64GB,103.55,31920,93
961,2026-05-18 18:07:17.339168,2026/05/18 18:07:17.501,1,NVIDIA A100-SXM-64GB,108.83,31938,98
962,2026-05-18 18:07:17.339168,2026/05/18 18:07:17.540,2,NVIDIA A100-SXM-64GB,101.10,31890,92
963,2026-05-18 18:07:17.339168,2026/05/18 18:07:17.543,3,NVIDIA A100-SXM-64GB,104.44,31902,97
964,2026-05-18 18:07:22.639748,2026/05/18 18:07:22.812,0,NVIDIA A100-SXM-64GB,96.69,31920,100
965,2026-05-18 18:07:22.639748,2026/05/18 18:07:22.815,1,NVIDIA A100-SXM-64GB,108.83,31938,100
966,2026-05-18 18:07:22.639748,2026/05/18 18:07:22.872,2,NVIDIA A100-SXM-64GB,109.33,31890,100
967,2026-05-18 18:07:22.639748,2026/05/18 18:07:22.875,3,NVIDIA A100-SXM-64GB,99.84,31902,100
968,2026-05-18 18:07:27.937785,2026/05/18 18:07:28.115,0,NVIDIA A100-SXM-64GB,102.18,31920,100
969,2026-05-18 18:07:27.937785,2026/05/18 18:07:28.118,1,NVIDIA A100-SXM-64GB,110.98,31938,100
970,2026-05-18 18:07:27.937785,2026/05/18 18:07:28.135,2,NVIDIA A100-SXM-64GB,111.75,31890,100
971,2026-05-18 18:07:27.937785,2026/05/18 18:07:28.180,3,NVIDIA A100-SXM-64GB,112.67,31902,100
972,2026-05-18 18:07:33.259269,2026/05/18 18:07:33.430,0,NVIDIA A100-SXM-64GB,105.87,31920,100
973,2026-05-18 18:07:33.259269,2026/05/18 18:07:33.433,1,NVIDIA A100-SXM-64GB,97.52,31938,100
974,2026-05-18 18:07:33.259269,2026/05/18 18:07:33.477,2,NVIDIA A100-SXM-64GB,104.44,31890,100
975,2026-05-18 18:07:33.259269,2026/05/18 18:07:33.480,3,NVIDIA A100-SXM-64GB,109.60,31902,100
976,2026-05-18 18:07:38.577519,2026/05/18 18:07:38.753,0,NVIDIA A100-SXM-64GB,97.02,31920,100
977,2026-05-18 18:07:38.577519,2026/05/18 18:07:38.784,1,NVIDIA A100-SXM-64GB,111.58,31938,100
978,2026-05-18 18:07:38.577519,2026/05/18 18:07:38.787,2,NVIDIA A100-SXM-64GB,96.16,31890,100
979,2026-05-18 18:07:38.577519,2026/05/18 18:07:38.837,3,NVIDIA A100-SXM-64GB,101.10,31902,100
980,2026-05-18 18:07:43.881247,2026/05/18 18:07:44.046,0,NVIDIA A100-SXM-64GB,107.74,31920,88
981,2026-05-18 18:07:43.881247,2026/05/18 18:07:44.049,1,NVIDIA A100-SXM-64GB,108.83,31938,100
982,2026-05-18 18:07:43.881247,2026/05/18 18:07:44.062,2,NVIDIA A100-SXM-64GB,91.00,31890,95
983,2026-05-18 18:07:43.881247,2026/05/18 18:07:44.096,3,NVIDIA A100-SXM-64GB,106.86,31902,94
984,2026-05-18 18:07:49.199825,2026/05/18 18:07:49.379,0,NVIDIA A100-SXM-64GB,114.44,31920,100
985,2026-05-18 18:07:49.199825,2026/05/18 18:07:49.420,1,NVIDIA A100-SXM-64GB,100.27,31938,100
986,2026-05-18 18:07:49.199825,2026/05/18 18:07:49.423,2,NVIDIA A100-SXM-64GB,100.34,31890,100
987,2026-05-18 18:07:49.199825,2026/05/18 18:07:49.471,3,NVIDIA A100-SXM-64GB,109.49,31902,100
988,2026-05-18 18:07:54.514784,2026/05/18 18:07:54.688,0,NVIDIA A100-SXM-64GB,107.08,31920,100
989,2026-05-18 18:07:54.514784,2026/05/18 18:07:54.691,1,NVIDIA A100-SXM-64GB,104.82,31938,100
990,2026-05-18 18:07:54.514784,2026/05/18 18:07:54.736,2,NVIDIA A100-SXM-64GB,106.15,31890,100
991,2026-05-18 18:07:54.514784,2026/05/18 18:07:54.738,3,NVIDIA A100-SXM-64GB,111.02,31902,100
992,2026-05-18 18:07:59.802448,2026/05/18 18:07:59.972,0,NVIDIA A100-SXM-64GB,97.29,31920,100
993,2026-05-18 18:07:59.802448,2026/05/18 18:07:59.975,1,NVIDIA A100-SXM-64GB,127.32,31938,100
994,2026-05-18 18:07:59.802448,2026/05/18 18:08:00.027,2,NVIDIA A100-SXM-64GB,111.63,31890,100
995,2026-05-18 18:07:59.802448,2026/05/18 18:08:00.029,3,NVIDIA A100-SXM-64GB,103.13,31902,100
996,2026-05-18 18:08:05.118995,2026/05/18 18:08:05.302,0,NVIDIA A100-SXM-64GB,100.37,31920,100
997,2026-05-18 18:08:05.118995,2026/05/18 18:08:05.327,1,NVIDIA A100-SXM-64GB,108.72,31938,100
998,2026-05-18 18:08:05.118995,2026/05/18 18:08:05.330,2,NVIDIA A100-SXM-64GB,105.87,31890,100
999,2026-05-18 18:08:05.118995,2026/05/18 18:08:05.346,3,NVIDIA A100-SXM-64GB,110.31,31902,100
1000,2026-05-18 18:08:10.439217,2026/05/18 18:08:10.626,0,NVIDIA A100-SXM-64GB,111.09,31920,100
1001,2026-05-18 18:08:10.439217,2026/05/18 18:08:10.628,1,NVIDIA A100-SXM-64GB,107.30,31938,100
1002,2026-05-18 18:08:10.439217,2026/05/18 18:08:10.634,2,NVIDIA A100-SXM-64GB,106.26,31890,100
1003,2026-05-18 18:08:10.439217,2026/05/18 18:08:10.683,3,NVIDIA A100-SXM-64GB,111.14,31902,100
1004,2026-05-18 18:08:15.779695,2026/05/18 18:08:15.952,0,NVIDIA A100-SXM-64GB,103.45,31920,100
1005,2026-05-18 18:08:15.779695,2026/05/18 18:08:15.955,1,NVIDIA A100-SXM-64GB,104.72,31938,100
1006,2026-05-18 18:08:15.779695,2026/05/18 18:08:16.004,2,NVIDIA A100-SXM-64GB,137.88,31890,100
1007,2026-05-18 18:08:15.779695,2026/05/18 18:08:16.039,3,NVIDIA A100-SXM-64GB,114.70,31902,100
1008,2026-05-18 18:08:21.151977,2026/05/18 18:08:21.330,0,NVIDIA A100-SXM-64GB,105.87,31920,100
1009,2026-05-18 18:08:21.151977,2026/05/18 18:08:21.333,1,NVIDIA A100-SXM-64GB,109.60,31938,100
1010,2026-05-18 18:08:21.151977,2026/05/18 18:08:21.335,2,NVIDIA A100-SXM-64GB,112.88,31890,100
1011,2026-05-18 18:08:21.151977,2026/05/18 18:08:21.379,3,NVIDIA A100-SXM-64GB,106.15,31902,100
1012,2026-05-18 18:08:26.442688,2026/05/18 18:08:26.614,0,NVIDIA A100-SXM-64GB,94.97,31920,100
1013,2026-05-18 18:08:26.442688,2026/05/18 18:08:26.617,1,NVIDIA A100-SXM-64GB,110.98,31938,100
1014,2026-05-18 18:08:26.442688,2026/05/18 18:08:26.620,2,NVIDIA A100-SXM-64GB,101.10,31890,100
1015,2026-05-18 18:08:26.442688,2026/05/18 18:08:26.682,3,NVIDIA A100-SXM-64GB,122.97,31902,100
1016,2026-05-18 18:08:31.726241,2026/05/18 18:08:31.906,0,NVIDIA A100-SXM-64GB,103.73,31920,100
1017,2026-05-18 18:08:31.726241,2026/05/18 18:08:31.909,1,NVIDIA A100-SXM-64GB,148.57,31938,100
1018,2026-05-18 18:08:31.726241,2026/05/18 18:08:31.968,2,NVIDIA A100-SXM-64GB,130.26,31890,100
1019,2026-05-18 18:08:31.726241,2026/05/18 18:08:31.971,3,NVIDIA A100-SXM-64GB,108.61,31902,100
1020,2026-05-18 18:08:37.033000,2026/05/18 18:08:37.210,0,NVIDIA A100-SXM-64GB,95.76,31920,100
1021,2026-05-18 18:08:37.033000,2026/05/18 18:08:37.245,1,NVIDIA A100-SXM-64GB,110.04,31938,100
1022,2026-05-18 18:08:37.033000,2026/05/18 18:08:37.247,2,NVIDIA A100-SXM-64GB,105.05,31890,100
1023,2026-05-18 18:08:37.033000,2026/05/18 18:08:37.298,3,NVIDIA A100-SXM-64GB,115.90,31902,100
1024,2026-05-18 18:08:42.380976,2026/05/18 18:08:42.559,0,NVIDIA A100-SXM-64GB,96.46,31920,100
1025,2026-05-18 18:08:42.380976,2026/05/18 18:08:42.562,1,NVIDIA A100-SXM-64GB,104.72,31938,100
1026,2026-05-18 18:08:42.380976,2026/05/18 18:08:42.567,2,NVIDIA A100-SXM-64GB,102.80,31890,100
1027,2026-05-18 18:08:42.380976,2026/05/18 18:08:42.631,3,NVIDIA A100-SXM-64GB,110.75,31902,100
1028,2026-05-18 18:08:47.708396,2026/05/18 18:08:47.883,0,NVIDIA A100-SXM-64GB,101.58,31920,100
1029,2026-05-18 18:08:47.708396,2026/05/18 18:08:47.886,1,NVIDIA A100-SXM-64GB,110.65,31938,100
1030,2026-05-18 18:08:47.708396,2026/05/18 18:08:47.928,2,NVIDIA A100-SXM-64GB,106.59,31890,100
1031,2026-05-18 18:08:47.708396,2026/05/18 18:08:47.956,3,NVIDIA A100-SXM-64GB,107.08,31902,100
1032,2026-05-18 18:08:53.029766,2026/05/18 18:08:53.207,0,NVIDIA A100-SXM-64GB,104.66,31920,100
1033,2026-05-18 18:08:53.029766,2026/05/18 18:08:53.244,1,NVIDIA A100-SXM-64GB,111.25,31938,100
1034,2026-05-18 18:08:53.029766,2026/05/18 18:08:53.247,2,NVIDIA A100-SXM-64GB,106.59,31890,100
1035,2026-05-18 18:08:53.029766,2026/05/18 18:08:53.294,3,NVIDIA A100-SXM-64GB,112.67,31902,100
1036,2026-05-18 18:08:58.371157,2026/05/18 18:08:58.549,0,NVIDIA A100-SXM-64GB,101.31,31920,100
1037,2026-05-18 18:08:58.371157,2026/05/18 18:08:58.552,1,NVIDIA A100-SXM-64GB,111.75,31938,100
1038,2026-05-18 18:08:58.371157,2026/05/18 18:08:58.605,2,NVIDIA A100-SXM-64GB,95.89,31890,100
1039,2026-05-18 18:08:58.371157,2026/05/18 18:08:58.608,3,NVIDIA A100-SXM-64GB,101.97,31902,100
1040,2026-05-18 18:09:03.675645,2026/05/18 18:09:03.850,0,NVIDIA A100-SXM-64GB,104.93,31920,91
1041,2026-05-18 18:09:03.675645,2026/05/18 18:09:03.877,1,NVIDIA A100-SXM-64GB,109.71,31938,100
1042,2026-05-18 18:09:03.675645,2026/05/18 18:09:03.880,2,NVIDIA A100-SXM-64GB,102.48,31890,100
1043,2026-05-18 18:09:03.675645,2026/05/18 18:09:03.899,3,NVIDIA A100-SXM-64GB,111.63,31902,100
1044,2026-05-18 18:09:09.009635,2026/05/18 18:09:09.182,0,NVIDIA A100-SXM-64GB,100.37,31920,100
1045,2026-05-18 18:09:09.009635,2026/05/18 18:09:09.185,1,NVIDIA A100-SXM-64GB,112.51,31938,100
1046,2026-05-18 18:09:09.009635,2026/05/18 18:09:09.226,2,NVIDIA A100-SXM-64GB,104.12,31890,100
1047,2026-05-18 18:09:09.009635,2026/05/18 18:09:09.229,3,NVIDIA A100-SXM-64GB,109.22,31902,100
1048,2026-05-18 18:09:14.349707,2026/05/18 18:09:14.520,0,NVIDIA A100-SXM-64GB,100.37,31920,100
1049,2026-05-18 18:09:14.349707,2026/05/18 18:09:14.523,1,NVIDIA A100-SXM-64GB,106.86,31938,100
1050,2026-05-18 18:09:14.349707,2026/05/18 18:09:14.552,2,NVIDIA A100-SXM-64GB,102.80,31890,100
1051,2026-05-18 18:09:14.349707,2026/05/18 18:09:14.555,3,NVIDIA A100-SXM-64GB,109.22,31902,100
1052,2026-05-18 18:09:19.654279,2026/05/18 18:09:19.832,0,NVIDIA A100-SXM-64GB,104.66,31920,100
1053,2026-05-18 18:09:19.654279,2026/05/18 18:09:19.857,1,NVIDIA A100-SXM-64GB,139.88,31938,100
1054,2026-05-18 18:09:19.654279,2026/05/18 18:09:19.859,2,NVIDIA A100-SXM-64GB,105.54,31890,100
1055,2026-05-18 18:09:19.654279,2026/05/18 18:09:19.878,3,NVIDIA A100-SXM-64GB,130.26,31902,100
1056,2026-05-18 18:09:24.967099,2026/05/18 18:09:25.105,0,NVIDIA A100-SXM-64GB,82.70,31920,0
1057,2026-05-18 18:09:24.967099,2026/05/18 18:09:25.108,1,NVIDIA A100-SXM-64GB,86.57,31938,0
1058,2026-05-18 18:09:24.967099,2026/05/18 18:09:25.136,2,NVIDIA A100-SXM-64GB,91.94,31890,100
1059,2026-05-18 18:09:24.967099,2026/05/18 18:09:25.139,3,NVIDIA A100-SXM-64GB,86.72,31902,0
1060,2026-05-18 18:09:30.208209,2026/05/18 18:09:30.387,0,NVIDIA A100-SXM-64GB,106.20,31920,100
1061,2026-05-18 18:09:30.208209,2026/05/18 18:09:30.390,1,NVIDIA A100-SXM-64GB,97.20,31938,100
1062,2026-05-18 18:09:30.208209,2026/05/18 18:09:30.454,2,NVIDIA A100-SXM-64GB,108.61,31890,100
1063,2026-05-18 18:09:30.208209,2026/05/18 18:09:30.458,3,NVIDIA A100-SXM-64GB,111.96,31902,100
1064,2026-05-18 18:09:35.576805,2026/05/18 18:09:35.748,0,NVIDIA A100-SXM-64GB,102.18,31920,100
1065,2026-05-18 18:09:35.576805,2026/05/18 18:09:35.751,1,NVIDIA A100-SXM-64GB,106.59,31938,95
1066,2026-05-18 18:09:35.576805,2026/05/18 18:09:35.764,2,NVIDIA A100-SXM-64GB,102.20,31890,94
1067,2026-05-18 18:09:35.576805,2026/05/18 18:09:35.825,3,NVIDIA A100-SXM-64GB,109.22,31902,94
1068,2026-05-18 18:09:40.868276,2026/05/18 18:09:41.041,0,NVIDIA A100-SXM-64GB,91.56,31920,100
1069,2026-05-18 18:09:40.868276,2026/05/18 18:09:41.044,1,NVIDIA A100-SXM-64GB,95.48,31938,100
1070,2026-05-18 18:09:40.868276,2026/05/18 18:09:41.053,2,NVIDIA A100-SXM-64GB,91.28,31890,100
1071,2026-05-18 18:09:40.868276,2026/05/18 18:09:41.124,3,NVIDIA A100-SXM-64GB,95.89,31902,100
1072,2026-05-18 18:09:46.174630,2026/05/18 18:09:46.359,0,NVIDIA A100-SXM-64GB,91.80,31920,100
1073,2026-05-18 18:09:46.174630,2026/05/18 18:09:46.362,1,NVIDIA A100-SXM-64GB,95.66,31938,100
1074,2026-05-18 18:09:46.174630,2026/05/18 18:09:46.369,2,NVIDIA A100-SXM-64GB,91.52,31890,100
1075,2026-05-18 18:09:46.174630,2026/05/18 18:09:46.392,3,NVIDIA A100-SXM-64GB,96.06,31902,100
1076,2026-05-18 18:09:51.520956,2026/05/18 18:09:51.687,0,NVIDIA A100-SXM-64GB,93.34,31920,100
1077,2026-05-18 18:09:51.520956,2026/05/18 18:09:51.690,1,NVIDIA A100-SXM-64GB,95.99,31938,100
1078,2026-05-18 18:09:51.520956,2026/05/18 18:09:51.751,2,NVIDIA A100-SXM-64GB,112.28,31890,100
1079,2026-05-18 18:09:51.520956,2026/05/18 18:09:51.754,3,NVIDIA A100-SXM-64GB,107.40,31902,100
1080,2026-05-18 18:09:56.859257,2026/05/18 18:09:57.034,0,NVIDIA A100-SXM-64GB,104.06,31920,100
1081,2026-05-18 18:09:56.859257,2026/05/18 18:09:57.086,1,NVIDIA A100-SXM-64GB,111.25,31938,100
1082,2026-05-18 18:09:56.859257,2026/05/18 18:09:57.089,2,NVIDIA A100-SXM-64GB,102.48,31890,100
1083,2026-05-18 18:09:56.859257,2026/05/18 18:09:57.173,3,NVIDIA A100-SXM-64GB,121.91,31902,100
1084,2026-05-18 18:10:02.212495,2026/05/18 18:10:02.386,0,NVIDIA A100-SXM-64GB,91.89,31920,100
1085,2026-05-18 18:10:02.212495,2026/05/18 18:10:02.389,1,NVIDIA A100-SXM-64GB,95.39,31938,100
1086,2026-05-18 18:10:02.212495,2026/05/18 18:10:02.452,2,NVIDIA A100-SXM-64GB,91.61,31890,100
1087,2026-05-18 18:10:02.212495,2026/05/18 18:10:02.485,3,NVIDIA A100-SXM-64GB,95.89,31902,100
1088,2026-05-18 18:10:07.564748,2026/05/18 18:10:07.743,0,NVIDIA A100-SXM-64GB,103.62,31920,100
1089,2026-05-18 18:10:07.564748,2026/05/18 18:10:07.746,1,NVIDIA A100-SXM-64GB,109.93,31938,100
1090,2026-05-18 18:10:07.564748,2026/05/18 18:10:07.806,2,NVIDIA A100-SXM-64GB,108.61,31890,100
1091,2026-05-18 18:10:07.564748,2026/05/18 18:10:07.846,3,NVIDIA A100-SXM-64GB,102.20,31902,100
1092,2026-05-18 18:10:12.919268,2026/05/18 18:10:13.100,0,NVIDIA A100-SXM-64GB,97.80,31920,100
1093,2026-05-18 18:10:12.919268,2026/05/18 18:10:13.142,1,NVIDIA A100-SXM-64GB,106.59,31938,100
1094,2026-05-18 18:10:12.919268,2026/05/18 18:10:13.145,2,NVIDIA A100-SXM-64GB,99.13,31890,100
1095,2026-05-18 18:10:12.919268,2026/05/18 18:10:13.187,3,NVIDIA A100-SXM-64GB,108.01,31902,100
1096,2026-05-18 18:10:18.238333,2026/05/18 18:10:18.407,0,NVIDIA A100-SXM-64GB,112.63,31920,100
1097,2026-05-18 18:10:18.238333,2026/05/18 18:10:18.410,1,NVIDIA A100-SXM-64GB,103.01,31938,100
1098,2026-05-18 18:10:18.238333,2026/05/18 18:10:18.413,2,NVIDIA A100-SXM-64GB,107.08,31890,100
1099,2026-05-18 18:10:18.238333,2026/05/18 18:10:18.472,3,NVIDIA A100-SXM-64GB,102.48,31902,100
1100,2026-05-18 18:10:23.558212,2026/05/18 18:10:23.738,0,NVIDIA A100-SXM-64GB,110.48,31920,100
1101,2026-05-18 18:10:23.558212,2026/05/18 18:10:23.741,1,NVIDIA A100-SXM-64GB,111.46,31938,100
1102,2026-05-18 18:10:23.558212,2026/05/18 18:10:23.810,2,NVIDIA A100-SXM-64GB,93.32,31890,100
1103,2026-05-18 18:10:23.558212,2026/05/18 18:10:23.813,3,NVIDIA A100-SXM-64GB,104.01,31902,100
1104,2026-05-18 18:10:28.932137,2026/05/18 18:10:29.103,0,NVIDIA A100-SXM-64GB,103.95,31920,100
1105,2026-05-18 18:10:28.932137,2026/05/18 18:10:29.129,1,NVIDIA A100-SXM-64GB,123.70,31938,100
1106,2026-05-18 18:10:28.932137,2026/05/18 18:10:29.132,2,NVIDIA A100-SXM-64GB,99.74,31890,100
1107,2026-05-18 18:10:28.932137,2026/05/18 18:10:29.182,3,NVIDIA A100-SXM-64GB,109.82,31902,100
1108,2026-05-18 18:10:34.271357,2026/05/18 18:10:34.447,0,NVIDIA A100-SXM-64GB,106.48,31920,100
1109,2026-05-18 18:10:34.271357,2026/05/18 18:10:34.489,1,NVIDIA A100-SXM-64GB,109.60,31938,100
1110,2026-05-18 18:10:34.271357,2026/05/18 18:10:34.491,2,NVIDIA A100-SXM-64GB,103.41,31890,100
1111,2026-05-18 18:10:34.271357,2026/05/18 18:10:34.540,3,NVIDIA A100-SXM-64GB,96.72,31902,100
1112,2026-05-18 18:10:39.622771,2026/05/18 18:10:39.787,0,NVIDIA A100-SXM-64GB,106.48,31920,100
1113,2026-05-18 18:10:39.622771,2026/05/18 18:10:39.813,1,NVIDIA A100-SXM-64GB,122.90,31938,100
1114,2026-05-18 18:10:39.622771,2026/05/18 18:10:39.816,2,NVIDIA A100-SXM-64GB,105.05,31890,100
1115,2026-05-18 18:10:39.622771,2026/05/18 18:10:39.862,3,NVIDIA A100-SXM-64GB,111.46,31922,100
1116,2026-05-18 18:10:44.950060,2026/05/18 18:10:45.121,0,NVIDIA A100-SXM-64GB,95.48,31920,100
1117,2026-05-18 18:10:44.950060,2026/05/18 18:10:45.146,1,NVIDIA A100-SXM-64GB,107.19,31938,100
1118,2026-05-18 18:10:44.950060,2026/05/18 18:10:45.149,2,NVIDIA A100-SXM-64GB,104.01,31890,100
1119,2026-05-18 18:10:44.950060,2026/05/18 18:10:45.161,3,NVIDIA A100-SXM-64GB,101.00,31922,100
1120,2026-05-18 18:10:50.235313,2026/05/18 18:10:50.415,0,NVIDIA A100-SXM-64GB,104.66,31920,100
1121,2026-05-18 18:10:50.235313,2026/05/18 18:10:50.418,1,NVIDIA A100-SXM-64GB,134.07,31938,100
1122,2026-05-18 18:10:50.235313,2026/05/18 18:10:50.456,2,NVIDIA A100-SXM-64GB,100.34,31890,100
1123,2026-05-18 18:10:50.235313,2026/05/18 18:10:50.459,3,NVIDIA A100-SXM-64GB,108.01,31922,100
1124,2026-05-18 18:10:55.528489,2026/05/18 18:10:55.707,0,NVIDIA A100-SXM-64GB,106.20,31920,100
1125,2026-05-18 18:10:55.528489,2026/05/18 18:10:55.710,1,NVIDIA A100-SXM-64GB,114.82,31938,100
1126,2026-05-18 18:10:55.528489,2026/05/18 18:10:55.770,2,NVIDIA A100-SXM-64GB,102.91,31890,100
1127,2026-05-18 18:10:55.528489,2026/05/18 18:10:55.773,3,NVIDIA A100-SXM-64GB,111.96,31922,100
1128,2026-05-18 18:11:00.878496,2026/05/18 18:11:01.064,0,NVIDIA A100-SXM-64GB,108.62,31920,100
1129,2026-05-18 18:11:00.878496,2026/05/18 18:11:01.067,1,NVIDIA A100-SXM-64GB,149.82,31938,100
1130,2026-05-18 18:11:00.878496,2026/05/18 18:11:01.123,2,NVIDIA A100-SXM-64GB,93.15,31890,100
1131,2026-05-18 18:11:00.878496,2026/05/18 18:11:01.158,3,NVIDIA A100-SXM-64GB,100.67,31922,100
1132,2026-05-18 18:11:06.255422,2026/05/18 18:11:06.420,0,NVIDIA A100-SXM-64GB,138.76,31920,100
1133,2026-05-18 18:11:06.255422,2026/05/18 18:11:06.423,1,NVIDIA A100-SXM-64GB,113.61,31938,100
1134,2026-05-18 18:11:06.255422,2026/05/18 18:11:06.430,2,NVIDIA A100-SXM-64GB,106.75,31890,100
1135,2026-05-18 18:11:06.255422,2026/05/18 18:11:06.489,3,NVIDIA A100-SXM-64GB,109.38,31922,93
1136,2026-05-18 18:11:11.569182,2026/05/18 18:11:11.756,0,NVIDIA A100-SXM-64GB,106.20,31920,94
1137,2026-05-18 18:11:11.569182,2026/05/18 18:11:11.759,1,NVIDIA A100-SXM-64GB,108.12,31938,94
1138,2026-05-18 18:11:11.569182,2026/05/18 18:11:11.763,2,NVIDIA A100-SXM-64GB,103.74,31890,77
1139,2026-05-18 18:11:11.569182,2026/05/18 18:11:11.823,3,NVIDIA A100-SXM-64GB,110.42,31922,100
1140,2026-05-18 18:11:16.886923,2026/05/18 18:11:17.061,0,NVIDIA A100-SXM-64GB,106.81,31920,100
1141,2026-05-18 18:11:16.886923,2026/05/18 18:11:17.064,1,NVIDIA A100-SXM-64GB,106.37,31938,100
1142,2026-05-18 18:11:16.886923,2026/05/18 18:11:17.118,2,NVIDIA A100-SXM-64GB,93.15,31890,100
1143,2026-05-18 18:11:16.886923,2026/05/18 18:11:17.167,3,NVIDIA A100-SXM-64GB,101.97,31922,100
1144,2026-05-18 18:11:22.219572,2026/05/18 18:11:22.398,0,NVIDIA A100-SXM-64GB,106.20,31920,100
1145,2026-05-18 18:11:22.219572,2026/05/18 18:11:22.424,1,NVIDIA A100-SXM-64GB,102.41,31938,100
1146,2026-05-18 18:11:22.219572,2026/05/18 18:11:22.427,2,NVIDIA A100-SXM-64GB,105.54,31890,100
1147,2026-05-18 18:11:22.219572,2026/05/18 18:11:22.442,3,NVIDIA A100-SXM-64GB,106.75,31922,100
1148,2026-05-18 18:11:27.538932,2026/05/18 18:11:27.706,0,NVIDIA A100-SXM-64GB,94.55,31920,100
1149,2026-05-18 18:11:27.538932,2026/05/18 18:11:27.709,1,NVIDIA A100-SXM-64GB,99.33,31938,100
1150,2026-05-18 18:11:27.538932,2026/05/18 18:11:27.766,2,NVIDIA A100-SXM-64GB,92.72,31890,100
1151,2026-05-18 18:11:27.538932,2026/05/18 18:11:27.769,3,NVIDIA A100-SXM-64GB,97.00,31922,100
1152,2026-05-18 18:11:32.831552,2026/05/18 18:11:33.007,0,NVIDIA A100-SXM-64GB,101.31,31920,100
1153,2026-05-18 18:11:32.831552,2026/05/18 18:11:33.030,1,NVIDIA A100-SXM-64GB,107.79,31938,100
1154,2026-05-18 18:11:32.831552,2026/05/18 18:11:33.033,2,NVIDIA A100-SXM-64GB,111.35,31890,100
1155,2026-05-18 18:11:32.831552,2026/05/18 18:11:33.111,3,NVIDIA A100-SXM-64GB,107.40,31922,100
1156,2026-05-18 18:11:38.195623,2026/05/18 18:11:38.338,0,NVIDIA A100-SXM-64GB,95.48,31920,61
1157,2026-05-18 18:11:38.195623,2026/05/18 18:11:38.364,1,NVIDIA A100-SXM-64GB,99.94,31938,66
1158,2026-05-18 18:11:38.195623,2026/05/18 18:11:38.366,2,NVIDIA A100-SXM-64GB,104.01,31890,100
1159,2026-05-18 18:11:38.195623,2026/05/18 18:11:38.431,3,NVIDIA A100-SXM-64GB,108.89,31922,47
1160,2026-05-18 18:11:43.509685,2026/05/18 18:11:43.692,0,NVIDIA A100-SXM-64GB,94.37,31920,100
1161,2026-05-18 18:11:43.509685,2026/05/18 18:11:43.695,1,NVIDIA A100-SXM-64GB,97.20,31938,100
1162,2026-05-18 18:11:43.509685,2026/05/18 18:11:43.697,2,NVIDIA A100-SXM-64GB,93.42,31890,100
1163,2026-05-18 18:11:43.509685,2026/05/18 18:11:43.752,3,NVIDIA A100-SXM-64GB,109.93,31922,100
1164,2026-05-18 18:11:48.816645,2026/05/18 18:11:48.987,0,NVIDIA A100-SXM-64GB,104.06,31920,100
1165,2026-05-18 18:11:48.816645,2026/05/18 18:11:48.990,1,NVIDIA A100-SXM-64GB,113.72,31938,100
1166,2026-05-18 18:11:48.816645,2026/05/18 18:11:49.029,2,NVIDIA A100-SXM-64GB,105.38,31890,100
1167,2026-05-18 18:11:48.816645,2026/05/18 18:11:49.076,3,NVIDIA A100-SXM-64GB,103.41,31922,100
1168,2026-05-18 18:11:54.130977,2026/05/18 18:11:54.306,0,NVIDIA A100-SXM-64GB,94.27,31920,100
1169,2026-05-18 18:11:54.130977,2026/05/18 18:11:54.309,1,NVIDIA A100-SXM-64GB,97.42,31938,100
1170,2026-05-18 18:11:54.130977,2026/05/18 18:11:54.318,2,NVIDIA A100-SXM-64GB,100.06,31890,100
1171,2026-05-18 18:11:54.130977,2026/05/18 18:11:54.379,3,NVIDIA A100-SXM-64GB,107.68,31922,100
1172,2026-05-18 18:11:59.484308,2026/05/18 18:11:59.662,0,NVIDIA A100-SXM-64GB,99.77,31920,100
1173,2026-05-18 18:11:59.484308,2026/05/18 18:11:59.675,1,NVIDIA A100-SXM-64GB,100.54,31938,100
1174,2026-05-18 18:11:59.484308,2026/05/18 18:11:59.727,2,NVIDIA A100-SXM-64GB,95.29,31890,100
1175,2026-05-18 18:11:59.484308,2026/05/18 18:11:59.730,3,NVIDIA A100-SXM-64GB,103.41,31922,100
1176,2026-05-18 18:12:04.825993,2026/05/18 18:12:04.994,0,NVIDIA A100-SXM-64GB,108.02,31920,100
1177,2026-05-18 18:12:04.825993,2026/05/18 18:12:05.044,1,NVIDIA A100-SXM-64GB,108.83,31938,100
1178,2026-05-18 18:12:04.825993,2026/05/18 18:12:05.047,2,NVIDIA A100-SXM-64GB,98.63,31890,100
1179,2026-05-18 18:12:04.825993,2026/05/18 18:12:05.092,3,NVIDIA A100-SXM-64GB,108.61,31922,100
1180,2026-05-18 18:12:10.187393,2026/05/18 18:12:10.358,0,NVIDIA A100-SXM-64GB,106.59,31920,100
1181,2026-05-18 18:12:10.187393,2026/05/18 18:12:10.361,1,NVIDIA A100-SXM-64GB,151.79,31938,100
1182,2026-05-18 18:12:10.187393,2026/05/18 18:12:10.405,2,NVIDIA A100-SXM-64GB,96.16,31890,100
1183,2026-05-18 18:12:10.187393,2026/05/18 18:12:10.408,3,NVIDIA A100-SXM-64GB,98.03,31922,100
1184,2026-05-18 18:12:15.523964,2026/05/18 18:12:15.692,0,NVIDIA A100-SXM-64GB,100.98,31920,100
1185,2026-05-18 18:12:15.523964,2026/05/18 18:12:15.695,1,NVIDIA A100-SXM-64GB,110.04,31938,100
1186,2026-05-18 18:12:15.523964,2026/05/18 18:12:15.740,2,NVIDIA A100-SXM-64GB,105.98,31890,100
1187,2026-05-18 18:12:15.523964,2026/05/18 18:12:15.783,3,NVIDIA A100-SXM-64GB,115.02,31922,100
1188,2026-05-18 18:12:20.870433,2026/05/18 18:12:21.050,0,NVIDIA A100-SXM-64GB,105.27,31920,100
1189,2026-05-18 18:12:20.870433,2026/05/18 18:12:21.053,1,NVIDIA A100-SXM-64GB,109.60,31938,100
1190,2026-05-18 18:12:20.870433,2026/05/18 18:12:21.091,2,NVIDIA A100-SXM-64GB,102.58,31890,100
1191,2026-05-18 18:12:20.870433,2026/05/18 18:12:21.094,3,NVIDIA A100-SXM-64GB,105.38,31922,100
1192,2026-05-18 18:12:26.228004,2026/05/18 18:12:26.400,0,NVIDIA A100-SXM-64GB,96.18,31920,100
1193,2026-05-18 18:12:26.228004,2026/05/18 18:12:26.443,1,NVIDIA A100-SXM-64GB,99.94,31938,100
1194,2026-05-18 18:12:26.228004,2026/05/18 18:12:26.446,2,NVIDIA A100-SXM-64GB,103.52,31890,100
1195,2026-05-18 18:12:26.228004,2026/05/18 18:12:26.455,3,NVIDIA A100-SXM-64GB,108.12,31922,100
1196,2026-05-18 18:12:31.548914,2026/05/18 18:12:31.722,0,NVIDIA A100-SXM-64GB,103.45,31920,100
1197,2026-05-18 18:12:31.548914,2026/05/18 18:12:31.725,1,NVIDIA A100-SXM-64GB,108.23,31938,100
1198,2026-05-18 18:12:31.548914,2026/05/18 18:12:31.778,2,NVIDIA A100-SXM-64GB,102.48,31890,100
1199,2026-05-18 18:12:31.548914,2026/05/18 18:12:31.813,3,NVIDIA A100-SXM-64GB,107.68,31922,100
1200,2026-05-18 18:12:36.903004,2026/05/18 18:12:37.090,0,NVIDIA A100-SXM-64GB,97.29,31920,100
1201,2026-05-18 18:12:36.903004,2026/05/18 18:12:37.093,1,NVIDIA A100-SXM-64GB,101.70,31938,100
1202,2026-05-18 18:12:36.903004,2026/05/18 18:12:37.147,2,NVIDIA A100-SXM-64GB,99.13,31890,100
1203,2026-05-18 18:12:36.903004,2026/05/18 18:12:37.150,3,NVIDIA A100-SXM-64GB,100.67,31922,100
1204,2026-05-18 18:12:42.229214,2026/05/18 18:12:42.390,0,NVIDIA A100-SXM-64GB,108.34,31920,100
1205,2026-05-18 18:12:42.229214,2026/05/18 18:12:42.393,1,NVIDIA A100-SXM-64GB,110.54,31938,100
1206,2026-05-18 18:12:42.229214,2026/05/18 18:12:42.453,2,NVIDIA A100-SXM-64GB,95.89,31890,100
1207,2026-05-18 18:12:42.229214,2026/05/18 18:12:42.566,3,NVIDIA A100-SXM-64GB,104.61,31922,100
1208,2026-05-18 18:12:47.627901,2026/05/18 18:12:47.794,0,NVIDIA A100-SXM-64GB,105.60,31920,100
1209,2026-05-18 18:12:47.627901,2026/05/18 18:12:47.797,1,NVIDIA A100-SXM-64GB,115.42,31938,100
1210,2026-05-18 18:12:47.627901,2026/05/18 18:12:47.844,2,NVIDIA A100-SXM-64GB,101.97,31890,100
1211,2026-05-18 18:12:47.627901,2026/05/18 18:12:47.847,3,NVIDIA A100-SXM-64GB,106.75,31922,100
1212,2026-05-18 18:12:52.924106,2026/05/18 18:12:53.090,0,NVIDIA A100-SXM-64GB,102.52,31920,100
1213,2026-05-18 18:12:52.924106,2026/05/18 18:12:53.120,1,NVIDIA A100-SXM-64GB,118.94,31938,100
1214,2026-05-18 18:12:52.924106,2026/05/18 18:12:53.123,2,NVIDIA A100-SXM-64GB,100.17,31890,100
1215,2026-05-18 18:12:52.924106,2026/05/18 18:12:53.173,3,NVIDIA A100-SXM-64GB,101.10,31922,100
1216,2026-05-18 18:12:58.244804,2026/05/18 18:12:58.408,0,NVIDIA A100-SXM-64GB,98.23,31920,100
1217,2026-05-18 18:12:58.244804,2026/05/18 18:12:58.411,1,NVIDIA A100-SXM-64GB,104.22,31938,100
1218,2026-05-18 18:12:58.244804,2026/05/18 18:12:58.486,2,NVIDIA A100-SXM-64GB,93.15,31890,100
1219,2026-05-18 18:12:58.244804,2026/05/18 18:12:58.489,3,NVIDIA A100-SXM-64GB,102.20,31922,100
1220,2026-05-18 18:13:03.598574,2026/05/18 18:13:03.757,0,NVIDIA A100-SXM-64GB,95.48,31920,100
1221,2026-05-18 18:13:03.598574,2026/05/18 18:13:03.760,1,NVIDIA A100-SXM-64GB,96.26,31938,100
1222,2026-05-18 18:13:03.598574,2026/05/18 18:13:03.797,2,NVIDIA A100-SXM-64GB,96.49,31890,100
1223,2026-05-18 18:13:03.598574,2026/05/18 18:13:03.800,3,NVIDIA A100-SXM-64GB,97.93,31922,100
1224,2026-05-18 18:13:08.869217,2026/05/18 18:13:09.037,0,NVIDIA A100-SXM-64GB,96.08,31920,100
1225,2026-05-18 18:13:08.869217,2026/05/18 18:13:09.040,1,NVIDIA A100-SXM-64GB,105.65,31938,100
1226,2026-05-18 18:13:08.869217,2026/05/18 18:13:09.043,2,NVIDIA A100-SXM-64GB,102.48,31890,100
1227,2026-05-18 18:13:08.869217,2026/05/18 18:13:09.102,3,NVIDIA A100-SXM-64GB,106.15,31922,100
1228,2026-05-18 18:13:14.168511,2026/05/18 18:13:14.307,0,NVIDIA A100-SXM-64GB,107.41,31920,100
1229,2026-05-18 18:13:14.168511,2026/05/18 18:13:14.329,1,NVIDIA A100-SXM-64GB,99.84,31938,100
1230,2026-05-18 18:13:14.168511,2026/05/18 18:13:14.398,2,NVIDIA A100-SXM-64GB,93.98,31890,100
1231,2026-05-18 18:13:14.168511,2026/05/18 18:13:14.401,3,NVIDIA A100-SXM-64GB,104.94,31922,83
1232,2026-05-18 18:13:19.472322,2026/05/18 18:13:19.643,0,NVIDIA A100-SXM-64GB,119.94,31920,100
1233,2026-05-18 18:13:19.472322,2026/05/18 18:13:19.646,1,NVIDIA A100-SXM-64GB,109.93,31938,100
1234,2026-05-18 18:13:19.472322,2026/05/18 18:13:19.686,2,NVIDIA A100-SXM-64GB,106.75,31890,100
1235,2026-05-18 18:13:19.472322,2026/05/18 18:13:19.689,3,NVIDIA A100-SXM-64GB,110.42,31922,100
1236,2026-05-18 18:13:24.769340,2026/05/18 18:13:24.926,0,NVIDIA A100-SXM-64GB,106.81,31920,99
1237,2026-05-18 18:13:24.769340,2026/05/18 18:13:24.971,1,NVIDIA A100-SXM-64GB,109.93,31938,79
1238,2026-05-18 18:13:24.769340,2026/05/18 18:13:25.014,2,NVIDIA A100-SXM-64GB,105.27,31890,100
1239,2026-05-18 18:13:24.769340,2026/05/18 18:13:25.017,3,NVIDIA A100-SXM-64GB,108.01,31922,98
1240,2026-05-18 18:13:30.088738,2026/05/18 18:13:30.246,0,NVIDIA A100-SXM-64GB,100.98,31920,100
1241,2026-05-18 18:13:30.088738,2026/05/18 18:13:30.293,1,NVIDIA A100-SXM-64GB,107.19,31938,100
1242,2026-05-18 18:13:30.088738,2026/05/18 18:13:30.301,2,NVIDIA A100-SXM-64GB,102.48,31890,100
1243,2026-05-18 18:13:30.088738,2026/05/18 18:13:30.303,3,NVIDIA A100-SXM-64GB,103.41,31922,100
1244,2026-05-18 18:13:35.380261,2026/05/18 18:13:35.544,0,NVIDIA A100-SXM-64GB,105.60,31920,100
1245,2026-05-18 18:13:35.380261,2026/05/18 18:13:35.547,1,NVIDIA A100-SXM-64GB,106.59,31938,100
1246,2026-05-18 18:13:35.380261,2026/05/18 18:13:35.610,2,NVIDIA A100-SXM-64GB,101.60,31890,100
1247,2026-05-18 18:13:35.380261,2026/05/18 18:13:35.612,3,NVIDIA A100-SXM-64GB,106.15,31922,100
1248,2026-05-18 18:13:40.669387,2026/05/18 18:13:40.835,0,NVIDIA A100-SXM-64GB,97.29,31920,100
1249,2026-05-18 18:13:40.669387,2026/05/18 18:13:40.837,1,NVIDIA A100-SXM-64GB,99.94,31938,100
1250,2026-05-18 18:13:40.669387,2026/05/18 18:13:40.840,2,NVIDIA A100-SXM-64GB,97.70,31890,100
1251,2026-05-18 18:13:40.669387,2026/05/18 18:13:40.921,3,NVIDIA A100-SXM-64GB,104.34,31922,100
1252,2026-05-18 18:13:45.956532,2026/05/18 18:13:46.068,0,NVIDIA A100-SXM-64GB,82.62,31920,0
1253,2026-05-18 18:13:45.956532,2026/05/18 18:13:46.080,1,NVIDIA A100-SXM-64GB,86.21,31938,0
1254,2026-05-18 18:13:45.956532,2026/05/18 18:13:46.102,2,NVIDIA A100-SXM-64GB,91.52,31890,100
1255,2026-05-18 18:13:45.956532,2026/05/18 18:13:46.122,3,NVIDIA A100-SXM-64GB,86.64,31922,0
1256,2026-05-18 18:13:51.174539,2026/05/18 18:13:51.335,0,NVIDIA A100-SXM-64GB,92.91,31920,100
1257,2026-05-18 18:13:51.174539,2026/05/18 18:13:51.338,1,NVIDIA A100-SXM-64GB,103.24,31938,100
1258,2026-05-18 18:13:51.174539,2026/05/18 18:13:51.344,2,NVIDIA A100-SXM-64GB,93.98,31890,100
1259,2026-05-18 18:13:51.174539,2026/05/18 18:13:51.397,3,NVIDIA A100-SXM-64GB,109.70,31922,100
1260,2026-05-18 18:13:56.443980,2026/05/18 18:13:56.602,0,NVIDIA A100-SXM-64GB,108.34,31920,100
1261,2026-05-18 18:13:56.443980,2026/05/18 18:13:56.605,1,NVIDIA A100-SXM-64GB,102.91,31938,94
1262,2026-05-18 18:13:56.443980,2026/05/18 18:13:56.648,2,NVIDIA A100-SXM-64GB,97.93,31890,100
1263,2026-05-18 18:13:56.443980,2026/05/18 18:13:56.651,3,NVIDIA A100-SXM-64GB,104.01,31922,100
1264,2026-05-18 18:14:01.712387,2026/05/18 18:14:01.881,0,NVIDIA A100-SXM-64GB,91.80,31920,100
1265,2026-05-18 18:14:01.712387,2026/05/18 18:14:01.884,1,NVIDIA A100-SXM-64GB,95.29,31938,100
1266,2026-05-18 18:14:01.712387,2026/05/18 18:14:01.886,2,NVIDIA A100-SXM-64GB,91.52,31890,100
1267,2026-05-18 18:14:01.712387,2026/05/18 18:14:01.937,3,NVIDIA A100-SXM-64GB,95.79,31922,100
1268,2026-05-18 18:14:06.982144,2026/05/18 18:14:07.144,0,NVIDIA A100-SXM-64GB,109.44,31920,100
1269,2026-05-18 18:14:06.982144,2026/05/18 18:14:07.305,1,NVIDIA A100-SXM-64GB,111.75,31938,100
1270,2026-05-18 18:14:06.982144,2026/05/18 18:14:07.369,2,NVIDIA A100-SXM-64GB,110.75,31890,100
1271,2026-05-18 18:14:06.982144,2026/05/18 18:14:07.405,3,NVIDIA A100-SXM-64GB,102.48,31922,100
1272,2026-05-18 18:14:12.451574,2026/05/18 18:14:12.608,0,NVIDIA A100-SXM-64GB,103.12,31920,100
1273,2026-05-18 18:14:12.451574,2026/05/18 18:14:12.611,1,NVIDIA A100-SXM-64GB,108.83,31938,100
1274,2026-05-18 18:14:12.451574,2026/05/18 18:14:12.615,2,NVIDIA A100-SXM-64GB,103.52,31890,100
1275,2026-05-18 18:14:12.451574,2026/05/18 18:14:12.672,3,NVIDIA A100-SXM-64GB,110.42,31922,100
1276,2026-05-18 18:14:17.713457,2026/05/18 18:14:17.866,0,NVIDIA A100-SXM-64GB,91.89,31920,100
1277,2026-05-18 18:14:17.713457,2026/05/18 18:14:17.869,1,NVIDIA A100-SXM-64GB,95.39,31938,100
1278,2026-05-18 18:14:17.713457,2026/05/18 18:14:17.873,2,NVIDIA A100-SXM-64GB,91.61,31890,100
1279,2026-05-18 18:14:17.713457,2026/05/18 18:14:17.929,3,NVIDIA A100-SXM-64GB,95.89,31922,100
1280,2026-05-18 18:14:22.969981,2026/05/18 18:14:23.140,0,NVIDIA A100-SXM-64GB,100.98,31920,100
1281,2026-05-18 18:14:22.969981,2026/05/18 18:14:23.143,1,NVIDIA A100-SXM-64GB,105.16,31938,100
1282,2026-05-18 18:14:22.969981,2026/05/18 18:14:23.192,2,NVIDIA A100-SXM-64GB,105.38,31890,100
1283,2026-05-18 18:14:22.969981,2026/05/18 18:14:23.195,3,NVIDIA A100-SXM-64GB,101.87,31922,100
1284,2026-05-18 18:14:28.275899,2026/05/18 18:14:28.429,0,NVIDIA A100-SXM-64GB,95.15,31920,100
1285,2026-05-18 18:14:28.275899,2026/05/18 18:14:28.463,1,NVIDIA A100-SXM-64GB,110.86,31938,100
1286,2026-05-18 18:14:28.275899,2026/05/18 18:14:28.466,2,NVIDIA A100-SXM-64GB,106.48,31890,100
1287,2026-05-18 18:14:28.275899,2026/05/18 18:14:28.473,3,NVIDIA A100-SXM-64GB,110.75,31922,100
1288,2026-05-18 18:14:33.548065,2026/05/18 18:14:33.682,0,NVIDIA A100-SXM-64GB,107.74,31920,100
1289,2026-05-18 18:14:33.548065,2026/05/18 18:14:33.689,1,NVIDIA A100-SXM-64GB,105.05,31938,100
1290,2026-05-18 18:14:33.548065,2026/05/18 18:14:33.699,2,NVIDIA A100-SXM-64GB,102.20,31890,100
1291,2026-05-18 18:14:33.548065,2026/05/18 18:14:33.767,3,NVIDIA A100-SXM-64GB,111.35,31922,99
1292,2026-05-18 18:14:38.811716,2026/05/18 18:14:38.959,0,NVIDIA A100-SXM-64GB,106.20,31920,100
1293,2026-05-18 18:14:38.811716,2026/05/18 18:14:38.962,1,NVIDIA A100-SXM-64GB,109.93,31938,100
1294,2026-05-18 18:14:38.811716,2026/05/18 18:14:39.011,2,NVIDIA A100-SXM-64GB,99.23,31890,100
1295,2026-05-18 18:14:38.811716,2026/05/18 18:14:39.059,3,NVIDIA A100-SXM-64GB,105.87,31922,100
1296,2026-05-18 18:14:44.139179,2026/05/18 18:14:44.315,0,NVIDIA A100-SXM-64GB,96.69,31920,100
1297,2026-05-18 18:14:44.139179,2026/05/18 18:14:44.318,1,NVIDIA A100-SXM-64GB,103.34,31938,100
1298,2026-05-18 18:14:44.139179,2026/05/18 18:14:44.344,2,NVIDIA A100-SXM-64GB,99.23,31890,100
1299,2026-05-18 18:14:44.139179,2026/05/18 18:14:44.389,3,NVIDIA A100-SXM-64GB,102.48,31922,100
1300,2026-05-18 18:14:49.465393,2026/05/18 18:14:49.637,0,NVIDIA A100-SXM-64GB,103.45,31920,100
1301,2026-05-18 18:14:49.465393,2026/05/18 18:14:49.639,1,NVIDIA A100-SXM-64GB,96.59,31938,100
1302,2026-05-18 18:14:49.465393,2026/05/18 18:14:49.651,2,NVIDIA A100-SXM-64GB,103.24,31890,100
1303,2026-05-18 18:14:49.465393,2026/05/18 18:14:49.701,3,NVIDIA A100-SXM-64GB,116.23,31922,100
1304,2026-05-18 18:14:54.822625,2026/05/18 18:14:55.025,0,NVIDIA A100-SXM-64GB,105.87,31920,100
1305,2026-05-18 18:14:54.822625,2026/05/18 18:14:55.083,1,NVIDIA A100-SXM-64GB,97.80,31938,100
1306,2026-05-18 18:14:54.822625,2026/05/18 18:14:55.086,2,NVIDIA A100-SXM-64GB,96.16,31890,100
1307,2026-05-18 18:14:54.822625,2026/05/18 18:14:55.098,3,NVIDIA A100-SXM-64GB,98.30,31922,100
1308,2026-05-18 18:15:00.203967,2026/05/18 18:15:00.357,0,NVIDIA A100-SXM-64GB,104.93,31920,100
1309,2026-05-18 18:15:00.203967,2026/05/18 18:15:00.384,1,NVIDIA A100-SXM-64GB,92.64,31938,100
1310,2026-05-18 18:15:00.203967,2026/05/18 18:15:00.390,2,NVIDIA A100-SXM-64GB,88.26,31890,80
1311,2026-05-18 18:15:00.203967,2026/05/18 18:15:00.452,3,NVIDIA A100-SXM-64GB,109.22,31922,92
1312,2026-05-18 18:15:05.549579,2026/05/18 18:15:05.735,0,NVIDIA A100-SXM-64GB,97.02,31920,100
1313,2026-05-18 18:15:05.549579,2026/05/18 18:15:05.738,1,NVIDIA A100-SXM-64GB,102.41,31938,100
1314,2026-05-18 18:15:05.549579,2026/05/18 18:15:05.778,2,NVIDIA A100-SXM-64GB,99.13,31890,100
1315,2026-05-18 18:15:05.549579,2026/05/18 18:15:05.782,3,NVIDIA A100-SXM-64GB,121.91,31922,100
1316,2026-05-18 18:15:10.898875,2026/05/18 18:15:11.065,0,NVIDIA A100-SXM-64GB,101.31,31920,100
1317,2026-05-18 18:15:10.898875,2026/05/18 18:15:11.068,1,NVIDIA A100-SXM-64GB,109.11,31938,100
1318,2026-05-18 18:15:10.898875,2026/05/18 18:15:11.136,2,NVIDIA A100-SXM-64GB,104.01,31890,100
1319,2026-05-18 18:15:10.898875,2026/05/18 18:15:11.138,3,NVIDIA A100-SXM-64GB,107.40,31922,100
1320,2026-05-18 18:15:16.238537,2026/05/18 18:15:16.415,0,NVIDIA A100-SXM-64GB,135.42,31920,100
1321,2026-05-18 18:15:16.238537,2026/05/18 18:15:16.452,1,NVIDIA A100-SXM-64GB,111.75,31938,100
1322,2026-05-18 18:15:16.238537,2026/05/18 18:15:16.454,2,NVIDIA A100-SXM-64GB,97.32,31890,100
1323,2026-05-18 18:15:16.238537,2026/05/18 18:15:16.506,3,NVIDIA A100-SXM-64GB,102.80,31922,100
1324,2026-05-18 18:15:21.622133,2026/05/18 18:15:21.735,0,NVIDIA A100-SXM-64GB,73.71,31920,0
1325,2026-05-18 18:15:21.622133,2026/05/18 18:15:21.742,1,NVIDIA A100-SXM-64GB,78.25,31938,0
1326,2026-05-18 18:15:21.622133,2026/05/18 18:15:21.767,2,NVIDIA A100-SXM-64GB,73.28,31890,0
1327,2026-05-18 18:15:21.622133,2026/05/18 18:15:21.776,3,NVIDIA A100-SXM-64GB,77.23,31922,0
1328,2026-05-18 18:15:26.847526,2026/05/18 18:15:26.956,0,NVIDIA A100-SXM-64GB,73.71,31920,0
1329,2026-05-18 18:15:26.847526,2026/05/18 18:15:26.959,1,NVIDIA A100-SXM-64GB,77.31,31938,0
1330,2026-05-18 18:15:26.847526,2026/05/18 18:15:26.975,2,NVIDIA A100-SXM-64GB,73.28,31890,0
1331,2026-05-18 18:15:26.847526,2026/05/18 18:15:26.998,3,NVIDIA A100-SXM-64GB,77.15,31922,0
1332,2026-05-18 18:15:32.081258,2026/05/18 18:15:32.179,0,NVIDIA A100-SXM-64GB,73.79,31920,0
1333,2026-05-18 18:15:32.081258,2026/05/18 18:15:32.188,1,NVIDIA A100-SXM-64GB,77.31,31938,0
1334,2026-05-18 18:15:32.081258,2026/05/18 18:15:32.212,2,NVIDIA A100-SXM-64GB,73.28,31890,0
1335,2026-05-18 18:15:32.081258,2026/05/18 18:15:32.223,3,NVIDIA A100-SXM-64GB,77.23,31922,0
1336,2026-05-18 18:15:37.288399,2026/05/18 18:15:37.337,0,NVIDIA A100-SXM-64GB,82.29,0,0
1337,2026-05-18 18:15:37.288399,2026/05/18 18:15:37.340,1,NVIDIA A100-SXM-64GB,86.49,0,0
1338,2026-05-18 18:15:37.288399,2026/05/18 18:15:37.343,2,NVIDIA A100-SXM-64GB,82.72,0,0
1339,2026-05-18 18:15:37.288399,2026/05/18 18:15:37.345,3,NVIDIA A100-SXM-64GB,86.64,0,0
