,script_timestamp,nvidia_timestamp,gpu_index,gpu_name,power_draw_watts,memory_used_MiB,utilization_percent
0,2026-05-18 17:46:06.019386,2026/05/18 17:46:06.054,0,NVIDIA A100-SXM-64GB,63.85,0,0
1,2026-05-18 17:46:06.019386,2026/05/18 17:46:06.057,1,NVIDIA A100-SXM-64GB,64.73,0,0
2,2026-05-18 17:46:06.019386,2026/05/18 17:46:06.059,2,NVIDIA A100-SXM-64GB,60.78,0,0
3,2026-05-18 17:46:06.019386,2026/05/18 17:46:06.062,3,NVIDIA A100-SXM-64GB,62.32,0,0
4,2026-05-18 17:46:11.084937,2026/05/18 17:46:11.144,0,NVIDIA A100-SXM-64GB,63.91,0,0
5,2026-05-18 17:46:11.084937,2026/05/18 17:46:11.147,1,NVIDIA A100-SXM-64GB,64.46,0,0
6,2026-05-18 17:46:11.084937,2026/05/18 17:46:11.150,2,NVIDIA A100-SXM-64GB,60.45,0,0
7,2026-05-18 17:46:11.084937,2026/05/18 17:46:11.152,3,NVIDIA A100-SXM-64GB,62.39,0,0
8,2026-05-18 17:46:16.169587,2026/05/18 17:46:16.229,0,NVIDIA A100-SXM-64GB,63.91,0,0
9,2026-05-18 17:46:16.169587,2026/05/18 17:46:16.232,1,NVIDIA A100-SXM-64GB,64.46,0,0
10,2026-05-18 17:46:16.169587,2026/05/18 17:46:16.237,2,NVIDIA A100-SXM-64GB,60.39,0,0
11,2026-05-18 17:46:16.169587,2026/05/18 17:46:16.240,3,NVIDIA A100-SXM-64GB,62.39,0,0
12,2026-05-18 17:46:21.261900,2026/05/18 17:46:21.366,0,NVIDIA A100-SXM-64GB,63.91,0,0
13,2026-05-18 17:46:21.261900,2026/05/18 17:46:21.378,1,NVIDIA A100-SXM-64GB,64.46,0,0
14,2026-05-18 17:46:21.261900,2026/05/18 17:46:21.403,2,NVIDIA A100-SXM-64GB,60.78,0,0
15,2026-05-18 17:46:21.261900,2026/05/18 17:46:21.426,3,NVIDIA A100-SXM-64GB,62.39,0,0
16,2026-05-18 17:46:26.459050,2026/05/18 17:46:26.559,0,NVIDIA A100-SXM-64GB,63.85,0,0
17,2026-05-18 17:46:26.459050,2026/05/18 17:46:26.566,1,NVIDIA A100-SXM-64GB,64.46,0,0
18,2026-05-18 17:46:26.459050,2026/05/18 17:46:26.582,2,NVIDIA A100-SXM-64GB,60.39,0,0
19,2026-05-18 17:46:26.459050,2026/05/18 17:46:26.596,3,NVIDIA A100-SXM-64GB,62.32,0,0
20,2026-05-18 17:46:31.650194,2026/05/18 17:46:31.761,0,NVIDIA A100-SXM-64GB,63.85,0,0
21,2026-05-18 17:46:31.650194,2026/05/18 17:46:31.770,1,NVIDIA A100-SXM-64GB,64.46,0,0
22,2026-05-18 17:46:31.650194,2026/05/18 17:46:31.784,2,NVIDIA A100-SXM-64GB,60.45,0,0
23,2026-05-18 17:46:31.650194,2026/05/18 17:46:31.802,3,NVIDIA A100-SXM-64GB,62.11,0,0
24,2026-05-18 17:46:36.841340,2026/05/18 17:46:36.948,0,NVIDIA A100-SXM-64GB,63.85,0,0
25,2026-05-18 17:46:36.841340,2026/05/18 17:46:36.967,1,NVIDIA A100-SXM-64GB,64.46,0,0
26,2026-05-18 17:46:36.841340,2026/05/18 17:46:36.985,2,NVIDIA A100-SXM-64GB,60.45,0,0
27,2026-05-18 17:46:36.841340,2026/05/18 17:46:36.998,3,NVIDIA A100-SXM-64GB,62.05,0,0
28,2026-05-18 17:46:42.040264,2026/05/18 17:46:42.142,0,NVIDIA A100-SXM-64GB,63.91,0,0
29,2026-05-18 17:46:42.040264,2026/05/18 17:46:42.150,1,NVIDIA A100-SXM-64GB,64.46,0,0
30,2026-05-18 17:46:42.040264,2026/05/18 17:46:42.166,2,NVIDIA A100-SXM-64GB,60.45,0,0
31,2026-05-18 17:46:42.040264,2026/05/18 17:46:42.181,3,NVIDIA A100-SXM-64GB,62.11,0,0
32,2026-05-18 17:46:47.222854,2026/05/18 17:46:47.321,0,NVIDIA A100-SXM-64GB,63.91,0,0
33,2026-05-18 17:46:47.222854,2026/05/18 17:46:47.330,1,NVIDIA A100-SXM-64GB,64.46,0,0
34,2026-05-18 17:46:47.222854,2026/05/18 17:46:47.360,2,NVIDIA A100-SXM-64GB,60.45,0,0
35,2026-05-18 17:46:47.222854,2026/05/18 17:46:47.388,3,NVIDIA A100-SXM-64GB,62.11,0,0
36,2026-05-18 17:46:52.434745,2026/05/18 17:46:52.561,0,NVIDIA A100-SXM-64GB,63.85,0,0
37,2026-05-18 17:46:52.434745,2026/05/18 17:46:52.570,1,NVIDIA A100-SXM-64GB,64.46,0,0
38,2026-05-18 17:46:52.434745,2026/05/18 17:46:52.581,2,NVIDIA A100-SXM-64GB,60.45,0,0
39,2026-05-18 17:46:52.434745,2026/05/18 17:46:52.619,3,NVIDIA A100-SXM-64GB,62.05,0,0
40,2026-05-18 17:46:57.660833,2026/05/18 17:46:57.761,0,NVIDIA A100-SXM-64GB,63.91,0,0
41,2026-05-18 17:46:57.660833,2026/05/18 17:46:57.770,1,NVIDIA A100-SXM-64GB,64.52,0,0
42,2026-05-18 17:46:57.660833,2026/05/18 17:46:57.778,2,NVIDIA A100-SXM-64GB,60.51,0,0
43,2026-05-18 17:46:57.660833,2026/05/18 17:46:57.802,3,NVIDIA A100-SXM-64GB,62.11,0,0
44,2026-05-18 17:47:02.836664,2026/05/18 17:47:02.930,0,NVIDIA A100-SXM-64GB,63.85,1,0
45,2026-05-18 17:47:02.836664,2026/05/18 17:47:02.933,1,NVIDIA A100-SXM-64GB,64.46,0,0
46,2026-05-18 17:47:02.836664,2026/05/18 17:47:02.936,2,NVIDIA A100-SXM-64GB,60.78,0,0
47,2026-05-18 17:47:02.836664,2026/05/18 17:47:02.939,3,NVIDIA A100-SXM-64GB,62.32,0,0
48,2026-05-18 17:47:08.115244,2026/05/18 17:47:08.224,0,NVIDIA A100-SXM-64GB,63.85,4,0
49,2026-05-18 17:47:08.115244,2026/05/18 17:47:08.229,1,NVIDIA A100-SXM-64GB,64.46,4,0
50,2026-05-18 17:47:08.115244,2026/05/18 17:47:08.242,2,NVIDIA A100-SXM-64GB,60.45,4,0
51,2026-05-18 17:47:08.115244,2026/05/18 17:47:08.267,3,NVIDIA A100-SXM-64GB,62.11,4,0
52,2026-05-18 17:47:13.325819,2026/05/18 17:47:13.428,0,NVIDIA A100-SXM-64GB,63.91,4,0
53,2026-05-18 17:47:13.325819,2026/05/18 17:47:13.437,1,NVIDIA A100-SXM-64GB,64.52,4,0
54,2026-05-18 17:47:13.325819,2026/05/18 17:47:13.450,2,NVIDIA A100-SXM-64GB,60.51,4,0
55,2026-05-18 17:47:13.325819,2026/05/18 17:47:13.468,3,NVIDIA A100-SXM-64GB,62.11,4,0
56,2026-05-18 17:47:18.505488,2026/05/18 17:47:18.606,0,NVIDIA A100-SXM-64GB,63.85,4,0
57,2026-05-18 17:47:18.505488,2026/05/18 17:47:18.610,1,NVIDIA A100-SXM-64GB,77.63,480,0
58,2026-05-18 17:47:18.505488,2026/05/18 17:47:18.619,2,NVIDIA A100-SXM-64GB,72.88,480,0
59,2026-05-18 17:47:18.505488,2026/05/18 17:47:18.629,3,NVIDIA A100-SXM-64GB,75.78,480,0
60,2026-05-18 17:47:23.671538,2026/05/18 17:47:23.771,0,NVIDIA A100-SXM-64GB,63.91,4,0
61,2026-05-18 17:47:23.671538,2026/05/18 17:47:23.779,1,NVIDIA A100-SXM-64GB,77.71,480,0
62,2026-05-18 17:47:23.671538,2026/05/18 17:47:23.786,2,NVIDIA A100-SXM-64GB,72.96,480,0
63,2026-05-18 17:47:23.671538,2026/05/18 17:47:23.806,3,NVIDIA A100-SXM-64GB,76.52,480,0
64,2026-05-18 17:47:28.841949,2026/05/18 17:47:28.989,0,NVIDIA A100-SXM-64GB,63.85,4,0
65,2026-05-18 17:47:28.841949,2026/05/18 17:47:28.993,1,NVIDIA A100-SXM-64GB,77.63,480,0
66,2026-05-18 17:47:28.841949,2026/05/18 17:47:28.996,2,NVIDIA A100-SXM-64GB,72.96,480,0
67,2026-05-18 17:47:28.841949,2026/05/18 17:47:29.032,3,NVIDIA A100-SXM-64GB,76.11,480,0
68,2026-05-18 17:47:34.080142,2026/05/18 17:47:34.126,0,NVIDIA A100-SXM-64GB,78.57,1204,0
69,2026-05-18 17:47:34.080142,2026/05/18 17:47:34.129,1,NVIDIA A100-SXM-64GB,77.63,1204,0
70,2026-05-18 17:47:34.080142,2026/05/18 17:47:34.131,2,NVIDIA A100-SXM-64GB,72.88,1204,0
71,2026-05-18 17:47:34.080142,2026/05/18 17:47:34.137,3,NVIDIA A100-SXM-64GB,76.11,1204,0
72,2026-05-18 17:47:39.152617,2026/05/18 17:47:39.209,0,NVIDIA A100-SXM-64GB,78.90,1204,0
73,2026-05-18 17:47:39.152617,2026/05/18 17:47:39.212,1,NVIDIA A100-SXM-64GB,77.97,1204,0
74,2026-05-18 17:47:39.152617,2026/05/18 17:47:39.215,2,NVIDIA A100-SXM-64GB,72.88,1204,0
75,2026-05-18 17:47:39.152617,2026/05/18 17:47:39.218,3,NVIDIA A100-SXM-64GB,76.52,1204,0
76,2026-05-18 17:47:44.234003,2026/05/18 17:47:44.441,0,NVIDIA A100-SXM-64GB,78.65,1332,8
77,2026-05-18 17:47:44.234003,2026/05/18 17:47:44.454,1,NVIDIA A100-SXM-64GB,77.63,1332,7
78,2026-05-18 17:47:44.234003,2026/05/18 17:47:44.459,2,NVIDIA A100-SXM-64GB,72.96,1332,8
79,2026-05-18 17:47:44.234003,2026/05/18 17:47:44.469,3,NVIDIA A100-SXM-64GB,76.18,1332,0
80,2026-05-18 17:47:49.578690,2026/05/18 17:47:49.677,0,NVIDIA A100-SXM-64GB,89.09,2484,55
81,2026-05-18 17:47:49.578690,2026/05/18 17:47:49.692,1,NVIDIA A100-SXM-64GB,87.87,2502,45
82,2026-05-18 17:47:49.578690,2026/05/18 17:47:49.705,2,NVIDIA A100-SXM-64GB,81.85,2492,49
83,2026-05-18 17:47:49.578690,2026/05/18 17:47:49.718,3,NVIDIA A100-SXM-64GB,85.04,2464,2
84,2026-05-18 17:47:54.755017,2026/05/18 17:47:54.865,0,NVIDIA A100-SXM-64GB,89.00,2544,2
85,2026-05-18 17:47:54.755017,2026/05/18 17:47:54.869,1,NVIDIA A100-SXM-64GB,87.78,2562,2
86,2026-05-18 17:47:54.755017,2026/05/18 17:47:54.882,2,NVIDIA A100-SXM-64GB,82.12,2552,2
87,2026-05-18 17:47:54.755017,2026/05/18 17:47:54.897,3,NVIDIA A100-SXM-64GB,84.95,2524,2
88,2026-05-18 17:47:59.944968,2026/05/18 17:48:00.102,0,NVIDIA A100-SXM-64GB,111.11,2664,100
89,2026-05-18 17:47:59.944968,2026/05/18 17:48:00.122,1,NVIDIA A100-SXM-64GB,105.59,2682,100
90,2026-05-18 17:47:59.944968,2026/05/18 17:48:00.135,2,NVIDIA A100-SXM-64GB,98.63,2672,100
91,2026-05-18 17:47:59.944968,2026/05/18 17:48:00.153,3,NVIDIA A100-SXM-64GB,88.72,2644,97
92,2026-05-18 17:48:05.193643,2026/05/18 17:48:05.291,0,NVIDIA A100-SXM-64GB,89.69,2744,11
93,2026-05-18 17:48:05.193643,2026/05/18 17:48:05.311,1,NVIDIA A100-SXM-64GB,88.20,2762,9
94,2026-05-18 17:48:05.193643,2026/05/18 17:48:05.318,2,NVIDIA A100-SXM-64GB,82.12,2752,6
95,2026-05-18 17:48:05.193643,2026/05/18 17:48:05.343,3,NVIDIA A100-SXM-64GB,85.04,2724,33
96,2026-05-18 17:48:10.379862,2026/05/18 17:48:10.478,0,NVIDIA A100-SXM-64GB,89.42,2804,2
97,2026-05-18 17:48:10.379862,2026/05/18 17:48:10.481,1,NVIDIA A100-SXM-64GB,88.11,2822,2
98,2026-05-18 17:48:10.379862,2026/05/18 17:48:10.494,2,NVIDIA A100-SXM-64GB,82.12,2812,2
99,2026-05-18 17:48:10.379862,2026/05/18 17:48:10.528,3,NVIDIA A100-SXM-64GB,85.04,2784,2
100,2026-05-18 17:48:15.566957,2026/05/18 17:48:15.673,0,NVIDIA A100-SXM-64GB,89.69,2884,2
101,2026-05-18 17:48:15.566957,2026/05/18 17:48:15.684,1,NVIDIA A100-SXM-64GB,87.87,2902,2
102,2026-05-18 17:48:15.566957,2026/05/18 17:48:15.697,2,NVIDIA A100-SXM-64GB,82.12,2892,2
103,2026-05-18 17:48:15.566957,2026/05/18 17:48:15.710,3,NVIDIA A100-SXM-64GB,85.04,2864,2
104,2026-05-18 17:48:20.747951,2026/05/18 17:48:20.919,0,NVIDIA A100-SXM-64GB,98.81,2964,100
105,2026-05-18 17:48:20.747951,2026/05/18 17:48:20.922,1,NVIDIA A100-SXM-64GB,96.38,2982,100
106,2026-05-18 17:48:20.747951,2026/05/18 17:48:20.926,2,NVIDIA A100-SXM-64GB,91.28,2972,100
107,2026-05-18 17:48:20.747951,2026/05/18 17:48:20.947,3,NVIDIA A100-SXM-64GB,94.18,2944,100
108,2026-05-18 17:48:26.026202,2026/05/18 17:48:26.129,0,NVIDIA A100-SXM-64GB,89.42,3044,2
109,2026-05-18 17:48:26.026202,2026/05/18 17:48:26.138,1,NVIDIA A100-SXM-64GB,87.45,3062,2
110,2026-05-18 17:48:26.026202,2026/05/18 17:48:26.150,2,NVIDIA A100-SXM-64GB,82.45,3052,2
111,2026-05-18 17:48:26.026202,2026/05/18 17:48:26.165,3,NVIDIA A100-SXM-64GB,85.36,3024,2
112,2026-05-18 17:48:31.217038,2026/05/18 17:48:31.313,0,NVIDIA A100-SXM-64GB,89.60,3124,2
113,2026-05-18 17:48:31.217038,2026/05/18 17:48:31.329,1,NVIDIA A100-SXM-64GB,87.78,3142,2
114,2026-05-18 17:48:31.217038,2026/05/18 17:48:31.362,2,NVIDIA A100-SXM-64GB,82.36,3132,2
115,2026-05-18 17:48:31.217038,2026/05/18 17:48:31.388,3,NVIDIA A100-SXM-64GB,85.28,3104,2
116,2026-05-18 17:48:36.424730,2026/05/18 17:48:36.531,0,NVIDIA A100-SXM-64GB,89.60,3224,28
117,2026-05-18 17:48:36.424730,2026/05/18 17:48:36.536,1,NVIDIA A100-SXM-64GB,87.78,3242,32
118,2026-05-18 17:48:36.424730,2026/05/18 17:48:36.552,2,NVIDIA A100-SXM-64GB,82.36,3232,28
119,2026-05-18 17:48:36.424730,2026/05/18 17:48:36.566,3,NVIDIA A100-SXM-64GB,85.36,3204,44
120,2026-05-18 17:48:41.623269,2026/05/18 17:48:41.726,0,NVIDIA A100-SXM-64GB,78.57,4264,2
121,2026-05-18 17:48:41.623269,2026/05/18 17:48:41.730,1,NVIDIA A100-SXM-64GB,77.97,4282,2
122,2026-05-18 17:48:41.623269,2026/05/18 17:48:41.743,2,NVIDIA A100-SXM-64GB,72.96,4272,2
123,2026-05-18 17:48:41.623269,2026/05/18 17:48:41.757,3,NVIDIA A100-SXM-64GB,76.18,4244,2
124,2026-05-18 17:48:46.798460,2026/05/18 17:48:46.968,0,NVIDIA A100-SXM-64GB,98.20,7264,100
125,2026-05-18 17:48:46.798460,2026/05/18 17:48:46.971,1,NVIDIA A100-SXM-64GB,95.68,7282,100
126,2026-05-18 17:48:46.798460,2026/05/18 17:48:47.005,2,NVIDIA A100-SXM-64GB,90.58,7272,100
127,2026-05-18 17:48:46.798460,2026/05/18 17:48:47.008,3,NVIDIA A100-SXM-64GB,93.51,7244,100
128,2026-05-18 17:48:52.065431,2026/05/18 17:48:52.176,0,NVIDIA A100-SXM-64GB,89.00,10244,0
129,2026-05-18 17:48:52.065431,2026/05/18 17:48:52.184,1,NVIDIA A100-SXM-64GB,87.78,10262,0
130,2026-05-18 17:48:52.065431,2026/05/18 17:48:52.190,2,NVIDIA A100-SXM-64GB,82.12,10252,0
131,2026-05-18 17:48:52.065431,2026/05/18 17:48:52.214,3,NVIDIA A100-SXM-64GB,84.95,10224,0
132,2026-05-18 17:48:57.244829,2026/05/18 17:48:57.410,0,NVIDIA A100-SXM-64GB,117.28,11080,100
133,2026-05-18 17:48:57.244829,2026/05/18 17:48:57.413,1,NVIDIA A100-SXM-64GB,105.81,11098,100
134,2026-05-18 17:48:57.244829,2026/05/18 17:48:57.417,2,NVIDIA A100-SXM-64GB,100.67,11088,100
135,2026-05-18 17:48:57.244829,2026/05/18 17:48:57.474,3,NVIDIA A100-SXM-64GB,106.09,11060,100
136,2026-05-18 17:49:02.514829,2026/05/18 17:49:02.705,0,NVIDIA A100-SXM-64GB,104.48,20668,100
137,2026-05-18 17:49:02.514829,2026/05/18 17:49:02.709,1,NVIDIA A100-SXM-64GB,99.74,20686,100
138,2026-05-18 17:49:02.514829,2026/05/18 17:49:02.711,2,NVIDIA A100-SXM-64GB,93.42,20676,100
139,2026-05-18 17:49:02.514829,2026/05/18 17:49:02.765,3,NVIDIA A100-SXM-64GB,108.02,20648,100
140,2026-05-18 17:49:07.839880,2026/05/18 17:49:08.012,0,NVIDIA A100-SXM-64GB,103.77,26410,100
141,2026-05-18 17:49:07.839880,2026/05/18 17:49:08.015,1,NVIDIA A100-SXM-64GB,99.04,26426,95
142,2026-05-18 17:49:07.839880,2026/05/18 17:49:08.021,2,NVIDIA A100-SXM-64GB,93.05,26458,100
143,2026-05-18 17:49:07.839880,2026/05/18 17:49:08.086,3,NVIDIA A100-SXM-64GB,127.78,26388,100
144,2026-05-18 17:49:13.114106,2026/05/18 17:49:13.292,0,NVIDIA A100-SXM-64GB,113.58,28010,100
145,2026-05-18 17:49:13.114106,2026/05/18 17:49:13.321,1,NVIDIA A100-SXM-64GB,112.04,28026,100
146,2026-05-18 17:49:13.114106,2026/05/18 17:49:13.324,2,NVIDIA A100-SXM-64GB,115.90,28058,100
147,2026-05-18 17:49:13.114106,2026/05/18 17:49:13.335,3,NVIDIA A100-SXM-64GB,108.23,27988,100
148,2026-05-18 17:49:18.422784,2026/05/18 17:49:18.593,0,NVIDIA A100-SXM-64GB,152.08,28010,100
149,2026-05-18 17:49:18.422784,2026/05/18 17:49:18.596,1,NVIDIA A100-SXM-64GB,146.57,28026,100
150,2026-05-18 17:49:18.422784,2026/05/18 17:49:18.635,2,NVIDIA A100-SXM-64GB,140.95,28058,100
151,2026-05-18 17:49:18.422784,2026/05/18 17:49:18.637,3,NVIDIA A100-SXM-64GB,102.69,27988,100
152,2026-05-18 17:49:23.720916,2026/05/18 17:49:23.889,0,NVIDIA A100-SXM-64GB,117.28,28210,61
153,2026-05-18 17:49:23.720916,2026/05/18 17:49:23.892,1,NVIDIA A100-SXM-64GB,114.35,28266,100
154,2026-05-18 17:49:23.720916,2026/05/18 17:49:23.941,2,NVIDIA A100-SXM-64GB,108.61,28298,100
155,2026-05-18 17:49:23.720916,2026/05/18 17:49:23.944,3,NVIDIA A100-SXM-64GB,107.19,28288,100
156,2026-05-18 17:49:29.006594,2026/05/18 17:49:29.150,0,NVIDIA A100-SXM-64GB,113.25,30090,100
157,2026-05-18 17:49:29.006594,2026/05/18 17:49:29.153,1,NVIDIA A100-SXM-64GB,111.11,30106,100
158,2026-05-18 17:49:29.006594,2026/05/18 17:49:29.177,2,NVIDIA A100-SXM-64GB,102.31,30138,100
159,2026-05-18 17:49:29.006594,2026/05/18 17:49:29.191,3,NVIDIA A100-SXM-64GB,85.97,30068,100
160,2026-05-18 17:49:34.227913,2026/05/18 17:49:34.390,0,NVIDIA A100-SXM-64GB,152.41,30920,100
161,2026-05-18 17:49:34.227913,2026/05/18 17:49:34.393,1,NVIDIA A100-SXM-64GB,110.99,30936,100
162,2026-05-18 17:49:34.227913,2026/05/18 17:49:34.431,2,NVIDIA A100-SXM-64GB,134.53,30988,100
163,2026-05-18 17:49:34.227913,2026/05/18 17:49:34.434,3,NVIDIA A100-SXM-64GB,105.27,30878,100
164,2026-05-18 17:49:39.493410,2026/05/18 17:49:39.658,0,NVIDIA A100-SXM-64GB,108.35,31720,100
165,2026-05-18 17:49:39.493410,2026/05/18 17:49:39.661,1,NVIDIA A100-SXM-64GB,109.17,31882,100
166,2026-05-18 17:49:39.493410,2026/05/18 17:49:39.672,2,NVIDIA A100-SXM-64GB,98.53,31888,100
167,2026-05-18 17:49:39.493410,2026/05/18 17:49:39.737,3,NVIDIA A100-SXM-64GB,105.16,31818,100
168,2026-05-18 17:49:44.774004,2026/05/18 17:49:44.997,0,NVIDIA A100-SXM-64GB,110.99,31840,100
169,2026-05-18 17:49:44.774004,2026/05/18 17:49:45.001,1,NVIDIA A100-SXM-64GB,107.02,31898,100
170,2026-05-18 17:49:44.774004,2026/05/18 17:49:45.018,2,NVIDIA A100-SXM-64GB,103.13,31888,100
171,2026-05-18 17:49:44.774004,2026/05/18 17:49:45.026,3,NVIDIA A100-SXM-64GB,181.74,31818,100
172,2026-05-18 17:49:50.130671,2026/05/18 17:49:50.292,0,NVIDIA A100-SXM-64GB,118.49,31840,100
173,2026-05-18 17:49:50.130671,2026/05/18 17:49:50.295,1,NVIDIA A100-SXM-64GB,134.01,31898,100
174,2026-05-18 17:49:50.130671,2026/05/18 17:49:50.300,2,NVIDIA A100-SXM-64GB,109.49,31888,100
175,2026-05-18 17:49:50.130671,2026/05/18 17:49:50.328,3,NVIDIA A100-SXM-64GB,137.75,31818,100
176,2026-05-18 17:49:55.394194,2026/05/18 17:49:55.563,0,NVIDIA A100-SXM-64GB,115.61,31882,100
177,2026-05-18 17:49:55.394194,2026/05/18 17:49:55.566,1,NVIDIA A100-SXM-64GB,114.07,31898,100
178,2026-05-18 17:49:55.394194,2026/05/18 17:49:55.569,2,NVIDIA A100-SXM-64GB,105.54,31888,100
179,2026-05-18 17:49:55.394194,2026/05/18 17:49:55.625,3,NVIDIA A100-SXM-64GB,108.83,31818,88
180,2026-05-18 17:50:00.682274,2026/05/18 17:50:00.846,0,NVIDIA A100-SXM-64GB,106.70,31882,94
181,2026-05-18 17:50:00.682274,2026/05/18 17:50:00.849,1,NVIDIA A100-SXM-64GB,103.33,31898,89
182,2026-05-18 17:50:00.682274,2026/05/18 17:50:00.862,2,NVIDIA A100-SXM-64GB,102.80,31888,97
183,2026-05-18 17:50:00.682274,2026/05/18 17:50:00.946,3,NVIDIA A100-SXM-64GB,101.21,31818,100
184,2026-05-18 17:50:05.994994,2026/05/18 17:50:06.169,0,NVIDIA A100-SXM-64GB,101.29,31882,100
185,2026-05-18 17:50:05.994994,2026/05/18 17:50:06.172,1,NVIDIA A100-SXM-64GB,115.29,31898,100
186,2026-05-18 17:50:05.994994,2026/05/18 17:50:06.213,2,NVIDIA A100-SXM-64GB,105.27,31888,100
187,2026-05-18 17:50:05.994994,2026/05/18 17:50:06.216,3,NVIDIA A100-SXM-64GB,102.69,31818,100
188,2026-05-18 17:50:11.275159,2026/05/18 17:50:11.435,0,NVIDIA A100-SXM-64GB,115.40,31882,100
189,2026-05-18 17:50:11.275159,2026/05/18 17:50:11.438,1,NVIDIA A100-SXM-64GB,125.09,31898,89
190,2026-05-18 17:50:11.275159,2026/05/18 17:50:11.481,2,NVIDIA A100-SXM-64GB,100.06,31888,100
191,2026-05-18 17:50:11.275159,2026/05/18 17:50:11.484,3,NVIDIA A100-SXM-64GB,121.08,31818,93
192,2026-05-18 17:50:16.574250,2026/05/18 17:50:16.747,0,NVIDIA A100-SXM-64GB,115.40,31882,100
193,2026-05-18 17:50:16.574250,2026/05/18 17:50:16.750,1,NVIDIA A100-SXM-64GB,110.38,31898,100
194,2026-05-18 17:50:16.574250,2026/05/18 17:50:16.790,2,NVIDIA A100-SXM-64GB,112.28,31888,100
195,2026-05-18 17:50:16.574250,2026/05/18 17:50:16.793,3,NVIDIA A100-SXM-64GB,108.83,31818,100
196,2026-05-18 17:50:21.850920,2026/05/18 17:50:21.999,0,NVIDIA A100-SXM-64GB,112.04,31882,85
197,2026-05-18 17:50:21.850920,2026/05/18 17:50:22.002,1,NVIDIA A100-SXM-64GB,111.92,31898,100
198,2026-05-18 17:50:21.850920,2026/05/18 17:50:22.019,2,NVIDIA A100-SXM-64GB,97.00,31888,100
199,2026-05-18 17:50:21.850920,2026/05/18 17:50:22.032,3,NVIDIA A100-SXM-64GB,109.71,31818,100
200,2026-05-18 17:50:27.123501,2026/05/18 17:50:27.301,0,NVIDIA A100-SXM-64GB,115.61,31882,100
201,2026-05-18 17:50:27.123501,2026/05/18 17:50:27.304,1,NVIDIA A100-SXM-64GB,102.73,31898,100
202,2026-05-18 17:50:27.123501,2026/05/18 17:50:27.362,2,NVIDIA A100-SXM-64GB,105.54,31888,100
203,2026-05-18 17:50:27.123501,2026/05/18 17:50:27.366,3,NVIDIA A100-SXM-64GB,99.33,31818,100
204,2026-05-18 17:50:32.461602,2026/05/18 17:50:32.629,0,NVIDIA A100-SXM-64GB,114.35,31882,100
205,2026-05-18 17:50:32.461602,2026/05/18 17:50:32.632,1,NVIDIA A100-SXM-64GB,117.16,31898,100
206,2026-05-18 17:50:32.461602,2026/05/18 17:50:32.645,2,NVIDIA A100-SXM-64GB,106.48,31888,100
207,2026-05-18 17:50:32.461602,2026/05/18 17:50:32.674,3,NVIDIA A100-SXM-64GB,108.51,31818,100
208,2026-05-18 17:50:37.780830,2026/05/18 17:50:37.951,0,NVIDIA A100-SXM-64GB,109.56,31922,100
209,2026-05-18 17:50:37.780830,2026/05/18 17:50:37.954,1,NVIDIA A100-SXM-64GB,110.17,31918,100
210,2026-05-18 17:50:37.780830,2026/05/18 17:50:37.995,2,NVIDIA A100-SXM-64GB,94.68,31888,100
211,2026-05-18 17:50:37.780830,2026/05/18 17:50:38.046,3,NVIDIA A100-SXM-64GB,97.62,31818,100
212,2026-05-18 17:50:43.084896,2026/05/18 17:50:43.254,0,NVIDIA A100-SXM-64GB,112.53,31922,100
213,2026-05-18 17:50:43.084896,2026/05/18 17:50:43.257,1,NVIDIA A100-SXM-64GB,110.05,31918,100
214,2026-05-18 17:50:43.084896,2026/05/18 17:50:43.260,2,NVIDIA A100-SXM-64GB,102.20,31888,100
215,2026-05-18 17:50:43.084896,2026/05/18 17:50:43.348,3,NVIDIA A100-SXM-64GB,105.76,31818,100
216,2026-05-18 17:50:48.404486,2026/05/18 17:50:48.566,0,NVIDIA A100-SXM-64GB,123.88,31922,100
217,2026-05-18 17:50:48.404486,2026/05/18 17:50:48.569,1,NVIDIA A100-SXM-64GB,108.84,31918,100
218,2026-05-18 17:50:48.404486,2026/05/18 17:50:48.579,2,NVIDIA A100-SXM-64GB,107.40,31888,100
219,2026-05-18 17:50:48.404486,2026/05/18 17:50:48.657,3,NVIDIA A100-SXM-64GB,158.64,31818,100
220,2026-05-18 17:50:53.697333,2026/05/18 17:50:53.874,0,NVIDIA A100-SXM-64GB,111.59,31922,100
221,2026-05-18 17:50:53.697333,2026/05/18 17:50:53.877,1,NVIDIA A100-SXM-64GB,116.50,31918,100
222,2026-05-18 17:50:53.697333,2026/05/18 17:50:53.886,2,NVIDIA A100-SXM-64GB,108.01,31888,100
223,2026-05-18 17:50:53.697333,2026/05/18 17:50:53.946,3,NVIDIA A100-SXM-64GB,107.62,31854,100
224,2026-05-18 17:50:58.983509,2026/05/18 17:50:59.147,0,NVIDIA A100-SXM-64GB,108.68,31922,100
225,2026-05-18 17:50:58.983509,2026/05/18 17:50:59.150,1,NVIDIA A100-SXM-64GB,116.50,31918,100
226,2026-05-18 17:50:58.983509,2026/05/18 17:50:59.153,2,NVIDIA A100-SXM-64GB,105.54,31888,100
227,2026-05-18 17:50:58.983509,2026/05/18 17:50:59.173,3,NVIDIA A100-SXM-64GB,109.44,31860,100
228,2026-05-18 17:51:04.259290,2026/05/18 17:51:04.432,0,NVIDIA A100-SXM-64GB,111.92,31922,100
229,2026-05-18 17:51:04.259290,2026/05/18 17:51:04.435,1,NVIDIA A100-SXM-64GB,106.41,31918,100
230,2026-05-18 17:51:04.259290,2026/05/18 17:51:04.473,2,NVIDIA A100-SXM-64GB,105.87,31888,100
231,2026-05-18 17:51:04.259290,2026/05/18 17:51:04.478,3,NVIDIA A100-SXM-64GB,107.51,31860,100
232,2026-05-18 17:51:09.568336,2026/05/18 17:51:09.791,0,NVIDIA A100-SXM-64GB,115.61,31922,100
233,2026-05-18 17:51:09.568336,2026/05/18 17:51:09.794,1,NVIDIA A100-SXM-64GB,155.61,31918,100
234,2026-05-18 17:51:09.568336,2026/05/18 17:51:09.821,2,NVIDIA A100-SXM-64GB,92.45,31888,83
235,2026-05-18 17:51:09.568336,2026/05/18 17:51:09.865,3,NVIDIA A100-SXM-64GB,103.12,31860,100
236,2026-05-18 17:51:14.902143,2026/05/18 17:51:15.072,0,NVIDIA A100-SXM-64GB,112.32,31922,97
237,2026-05-18 17:51:14.902143,2026/05/18 17:51:15.075,1,NVIDIA A100-SXM-64GB,100.25,31918,62
238,2026-05-18 17:51:14.902143,2026/05/18 17:51:15.078,2,NVIDIA A100-SXM-64GB,104.34,31908,73
239,2026-05-18 17:51:14.902143,2026/05/18 17:51:15.152,3,NVIDIA A100-SXM-64GB,107.62,31860,100
240,2026-05-18 17:51:20.204381,2026/05/18 17:51:20.387,0,NVIDIA A100-SXM-64GB,127.36,31922,49
241,2026-05-18 17:51:20.204381,2026/05/18 17:51:20.390,1,NVIDIA A100-SXM-64GB,97.82,31918,100
242,2026-05-18 17:51:20.204381,2026/05/18 17:51:20.431,2,NVIDIA A100-SXM-64GB,103.74,31908,100
243,2026-05-18 17:51:20.204381,2026/05/18 17:51:20.434,3,NVIDIA A100-SXM-64GB,104.22,31860,80
244,2026-05-18 17:51:25.528613,2026/05/18 17:51:25.690,0,NVIDIA A100-SXM-64GB,118.16,31922,64
245,2026-05-18 17:51:25.528613,2026/05/18 17:51:25.693,1,NVIDIA A100-SXM-64GB,113.58,31938,100
246,2026-05-18 17:51:25.528613,2026/05/18 17:51:25.698,2,NVIDIA A100-SXM-64GB,114.70,31908,100
247,2026-05-18 17:51:25.528613,2026/05/18 17:51:25.796,3,NVIDIA A100-SXM-64GB,109.44,31860,86
248,2026-05-18 17:51:30.867261,2026/05/18 17:51:31.029,0,NVIDIA A100-SXM-64GB,127.09,31922,100
249,2026-05-18 17:51:30.867261,2026/05/18 17:51:31.064,1,NVIDIA A100-SXM-64GB,114.07,31938,100
250,2026-05-18 17:51:30.867261,2026/05/18 17:51:31.067,2,NVIDIA A100-SXM-64GB,101.00,31908,100
251,2026-05-18 17:51:30.867261,2026/05/18 17:51:31.116,3,NVIDIA A100-SXM-64GB,92.03,31860,33
252,2026-05-18 17:51:36.153726,2026/05/18 17:51:36.322,0,NVIDIA A100-SXM-64GB,117.55,31922,100
253,2026-05-18 17:51:36.153726,2026/05/18 17:51:36.324,1,NVIDIA A100-SXM-64GB,101.62,31938,92
254,2026-05-18 17:51:36.153726,2026/05/18 17:51:36.363,2,NVIDIA A100-SXM-64GB,114.09,31908,54
255,2026-05-18 17:51:36.153726,2026/05/18 17:51:36.366,3,NVIDIA A100-SXM-64GB,118.61,31860,77
256,2026-05-18 17:51:41.435665,2026/05/18 17:51:41.584,0,NVIDIA A100-SXM-64GB,96.98,31922,53
257,2026-05-18 17:51:41.435665,2026/05/18 17:51:41.608,1,NVIDIA A100-SXM-64GB,111.59,31938,100
258,2026-05-18 17:51:41.435665,2026/05/18 17:51:41.653,2,NVIDIA A100-SXM-64GB,94.58,31908,98
259,2026-05-18 17:51:41.435665,2026/05/18 17:51:41.656,3,NVIDIA A100-SXM-64GB,93.51,31860,49
260,2026-05-18 17:51:46.725356,2026/05/18 17:51:46.838,0,NVIDIA A100-SXM-64GB,96.05,31922,67
261,2026-05-18 17:51:46.725356,2026/05/18 17:51:46.887,1,NVIDIA A100-SXM-64GB,102.73,31938,100
262,2026-05-18 17:51:46.725356,2026/05/18 17:51:46.907,2,NVIDIA A100-SXM-64GB,94.58,31908,80
263,2026-05-18 17:51:46.725356,2026/05/18 17:51:46.927,3,NVIDIA A100-SXM-64GB,88.35,31860,54
264,2026-05-18 17:51:52.032035,2026/05/18 17:51:52.198,0,NVIDIA A100-SXM-64GB,128.50,31922,94
265,2026-05-18 17:51:52.032035,2026/05/18 17:51:52.200,1,NVIDIA A100-SXM-64GB,112.20,31938,100
266,2026-05-18 17:51:52.032035,2026/05/18 17:51:52.245,2,NVIDIA A100-SXM-64GB,93.32,31908,59
267,2026-05-18 17:51:52.032035,2026/05/18 17:51:52.247,3,NVIDIA A100-SXM-64GB,100.88,31860,100
268,2026-05-18 17:51:57.310490,2026/05/18 17:51:57.482,0,NVIDIA A100-SXM-64GB,117.55,31922,89
269,2026-05-18 17:51:57.310490,2026/05/18 17:51:57.529,1,NVIDIA A100-SXM-64GB,120.18,31938,100
270,2026-05-18 17:51:57.310490,2026/05/18 17:51:57.532,2,NVIDIA A100-SXM-64GB,101.27,31908,100
271,2026-05-18 17:51:57.310490,2026/05/18 17:51:57.578,3,NVIDIA A100-SXM-64GB,107.90,31860,100
272,2026-05-18 17:52:02.632572,2026/05/18 17:52:02.797,0,NVIDIA A100-SXM-64GB,112.65,31922,61
273,2026-05-18 17:52:02.632572,2026/05/18 17:52:02.800,1,NVIDIA A100-SXM-64GB,117.16,31938,100
274,2026-05-18 17:52:02.632572,2026/05/18 17:52:02.802,2,NVIDIA A100-SXM-64GB,108.01,31908,100
275,2026-05-18 17:52:02.632572,2026/05/18 17:52:02.820,3,NVIDIA A100-SXM-64GB,104.82,31860,58
276,2026-05-18 17:52:07.932361,2026/05/18 17:52:08.088,0,NVIDIA A100-SXM-64GB,98.81,31922,54
277,2026-05-18 17:52:07.932361,2026/05/18 17:52:08.091,1,NVIDIA A100-SXM-64GB,111.32,31938,100
278,2026-05-18 17:52:07.932361,2026/05/18 17:52:08.098,2,NVIDIA A100-SXM-64GB,93.05,31908,100
279,2026-05-18 17:52:07.932361,2026/05/18 17:52:08.172,3,NVIDIA A100-SXM-64GB,87.75,31860,62
280,2026-05-18 17:52:13.212607,2026/05/18 17:52:13.372,0,NVIDIA A100-SXM-64GB,113.25,31922,38
281,2026-05-18 17:52:13.212607,2026/05/18 17:52:13.375,1,NVIDIA A100-SXM-64GB,111.11,31938,85
282,2026-05-18 17:52:13.212607,2026/05/18 17:52:13.416,2,NVIDIA A100-SXM-64GB,104.01,31908,97
283,2026-05-18 17:52:13.212607,2026/05/18 17:52:13.436,3,NVIDIA A100-SXM-64GB,107.30,31860,93
284,2026-05-18 17:52:18.528421,2026/05/18 17:52:18.698,0,NVIDIA A100-SXM-64GB,115.61,31922,69
285,2026-05-18 17:52:18.528421,2026/05/18 17:52:18.701,1,NVIDIA A100-SXM-64GB,101.79,31938,90
286,2026-05-18 17:52:18.528421,2026/05/18 17:52:18.754,2,NVIDIA A100-SXM-64GB,104.34,31908,100
287,2026-05-18 17:52:18.528421,2026/05/18 17:52:18.757,3,NVIDIA A100-SXM-64GB,104.55,31860,90
288,2026-05-18 17:52:23.824258,2026/05/18 17:52:23.979,0,NVIDIA A100-SXM-64GB,117.89,31922,67
289,2026-05-18 17:52:23.824258,2026/05/18 17:52:24.012,1,NVIDIA A100-SXM-64GB,103.00,31938,100
290,2026-05-18 17:52:23.824258,2026/05/18 17:52:24.062,2,NVIDIA A100-SXM-64GB,104.94,31908,100
291,2026-05-18 17:52:23.824258,2026/05/18 17:52:24.064,3,NVIDIA A100-SXM-64GB,106.09,31860,81
292,2026-05-18 17:52:29.128184,2026/05/18 17:52:29.283,0,NVIDIA A100-SXM-64GB,99.14,31922,100
293,2026-05-18 17:52:29.128184,2026/05/18 17:52:29.286,1,NVIDIA A100-SXM-64GB,96.98,31938,100
294,2026-05-18 17:52:29.128184,2026/05/18 17:52:29.358,2,NVIDIA A100-SXM-64GB,91.61,31908,100
295,2026-05-18 17:52:29.128184,2026/05/18 17:52:29.361,3,NVIDIA A100-SXM-64GB,94.45,31860,100
296,2026-05-18 17:52:34.409239,2026/05/18 17:52:34.602,0,NVIDIA A100-SXM-64GB,100.35,31922,76
297,2026-05-18 17:52:34.409239,2026/05/18 17:52:34.628,1,NVIDIA A100-SXM-64GB,112.86,31938,95
298,2026-05-18 17:52:34.409239,2026/05/18 17:52:34.650,2,NVIDIA A100-SXM-64GB,94.58,31908,86
299,2026-05-18 17:52:34.409239,2026/05/18 17:52:34.660,3,NVIDIA A100-SXM-64GB,101.48,31860,90
300,2026-05-18 17:52:39.769875,2026/05/18 17:52:39.919,0,NVIDIA A100-SXM-64GB,98.81,31922,100
301,2026-05-18 17:52:39.769875,2026/05/18 17:52:39.922,1,NVIDIA A100-SXM-64GB,96.65,31938,100
302,2026-05-18 17:52:39.769875,2026/05/18 17:52:39.984,2,NVIDIA A100-SXM-64GB,91.19,31908,100
303,2026-05-18 17:52:39.769875,2026/05/18 17:52:39.987,3,NVIDIA A100-SXM-64GB,94.45,31860,100
304,2026-05-18 17:52:45.062231,2026/05/18 17:52:45.230,0,NVIDIA A100-SXM-64GB,98.71,31922,68
305,2026-05-18 17:52:45.062231,2026/05/18 17:52:45.257,1,NVIDIA A100-SXM-64GB,110.05,31938,100
306,2026-05-18 17:52:45.062231,2026/05/18 17:52:45.260,2,NVIDIA A100-SXM-64GB,93.65,31908,100
307,2026-05-18 17:52:45.062231,2026/05/18 17:52:45.306,3,NVIDIA A100-SXM-64GB,90.77,31860,36
308,2026-05-18 17:52:50.362997,2026/05/18 17:52:50.526,0,NVIDIA A100-SXM-64GB,122.19,31922,81
309,2026-05-18 17:52:50.362997,2026/05/18 17:52:50.530,1,NVIDIA A100-SXM-64GB,98.10,31938,98
310,2026-05-18 17:52:50.362997,2026/05/18 17:52:50.562,2,NVIDIA A100-SXM-64GB,97.93,31908,85
311,2026-05-18 17:52:50.362997,2026/05/18 17:52:50.584,3,NVIDIA A100-SXM-64GB,103.34,31860,91
312,2026-05-18 17:52:55.675819,2026/05/18 17:52:55.834,0,NVIDIA A100-SXM-64GB,106.70,31922,66
313,2026-05-18 17:52:55.675819,2026/05/18 17:52:55.837,1,NVIDIA A100-SXM-64GB,111.92,31938,100
314,2026-05-18 17:52:55.675819,2026/05/18 17:52:55.901,2,NVIDIA A100-SXM-64GB,108.28,31908,100
315,2026-05-18 17:52:55.675819,2026/05/18 17:52:55.904,3,NVIDIA A100-SXM-64GB,108.23,31860,70
316,2026-05-18 17:53:01.042898,2026/05/18 17:53:01.229,0,NVIDIA A100-SXM-64GB,108.07,31922,46
317,2026-05-18 17:53:01.042898,2026/05/18 17:53:01.232,1,NVIDIA A100-SXM-64GB,112.53,31938,30
318,2026-05-18 17:53:01.042898,2026/05/18 17:53:01.266,2,NVIDIA A100-SXM-64GB,108.01,31908,70
319,2026-05-18 17:53:01.042898,2026/05/18 17:53:01.269,3,NVIDIA A100-SXM-64GB,109.44,31860,64
320,2026-05-18 17:53:06.340595,2026/05/18 17:53:06.503,0,NVIDIA A100-SXM-64GB,116.01,31922,68
321,2026-05-18 17:53:06.340595,2026/05/18 17:53:06.535,1,NVIDIA A100-SXM-64GB,103.94,31938,100
322,2026-05-18 17:53:06.340595,2026/05/18 17:53:06.538,2,NVIDIA A100-SXM-64GB,118.36,31908,100
323,2026-05-18 17:53:06.340595,2026/05/18 17:53:06.603,3,NVIDIA A100-SXM-64GB,108.51,31860,60
324,2026-05-18 17:53:11.661931,2026/05/18 17:53:11.827,0,NVIDIA A100-SXM-64GB,116.34,31922,76
325,2026-05-18 17:53:11.661931,2026/05/18 17:53:11.830,1,NVIDIA A100-SXM-64GB,110.05,31938,100
326,2026-05-18 17:53:11.661931,2026/05/18 17:53:11.840,2,NVIDIA A100-SXM-64GB,101.00,31908,91
327,2026-05-18 17:53:11.661931,2026/05/18 17:53:11.894,3,NVIDIA A100-SXM-64GB,102.41,31860,71
328,2026-05-18 17:53:16.942242,2026/05/18 17:53:17.112,0,NVIDIA A100-SXM-64GB,115.73,31922,100
329,2026-05-18 17:53:16.942242,2026/05/18 17:53:17.115,1,NVIDIA A100-SXM-64GB,109.45,31938,100
330,2026-05-18 17:53:16.942242,2026/05/18 17:53:17.180,2,NVIDIA A100-SXM-64GB,106.48,31908,100
331,2026-05-18 17:53:16.942242,2026/05/18 17:53:17.184,3,NVIDIA A100-SXM-64GB,107.30,31860,94
332,2026-05-18 17:53:22.247711,2026/05/18 17:53:22.421,0,NVIDIA A100-SXM-64GB,103.44,31922,82
333,2026-05-18 17:53:22.247711,2026/05/18 17:53:22.424,1,NVIDIA A100-SXM-64GB,110.99,31938,61
334,2026-05-18 17:53:22.247711,2026/05/18 17:53:22.437,2,NVIDIA A100-SXM-64GB,100.67,31908,95
335,2026-05-18 17:53:22.247711,2026/05/18 17:53:22.493,3,NVIDIA A100-SXM-64GB,111.58,31860,99
336,2026-05-18 17:53:27.535378,2026/05/18 17:53:27.713,0,NVIDIA A100-SXM-64GB,102.22,31922,83
337,2026-05-18 17:53:27.535378,2026/05/18 17:53:27.716,1,NVIDIA A100-SXM-64GB,114.46,31938,100
338,2026-05-18 17:53:27.535378,2026/05/18 17:53:27.747,2,NVIDIA A100-SXM-64GB,101.10,31908,100
339,2026-05-18 17:53:27.535378,2026/05/18 17:53:27.751,3,NVIDIA A100-SXM-64GB,109.44,31860,100
340,2026-05-18 17:53:32.847294,2026/05/18 17:53:33.022,0,NVIDIA A100-SXM-64GB,118.16,31922,89
341,2026-05-18 17:53:32.847294,2026/05/18 17:53:33.025,1,NVIDIA A100-SXM-64GB,102.12,31938,100
342,2026-05-18 17:53:32.847294,2026/05/18 17:53:33.064,2,NVIDIA A100-SXM-64GB,105.54,31908,100
343,2026-05-18 17:53:32.847294,2026/05/18 17:53:33.067,3,NVIDIA A100-SXM-64GB,98.13,31860,94
344,2026-05-18 17:53:38.126798,2026/05/18 17:53:38.287,0,NVIDIA A100-SXM-64GB,116.01,31922,100
345,2026-05-18 17:53:38.126798,2026/05/18 17:53:38.291,1,NVIDIA A100-SXM-64GB,109.56,31938,100
346,2026-05-18 17:53:38.126798,2026/05/18 17:53:38.293,2,NVIDIA A100-SXM-64GB,116.56,31908,100
347,2026-05-18 17:53:38.126798,2026/05/18 17:53:38.350,3,NVIDIA A100-SXM-64GB,106.97,31860,100
348,2026-05-18 17:53:43.389834,2026/05/18 17:53:43.554,0,NVIDIA A100-SXM-64GB,116.83,31922,53
349,2026-05-18 17:53:43.389834,2026/05/18 17:53:43.557,1,NVIDIA A100-SXM-64GB,112.53,31938,46
350,2026-05-18 17:53:43.389834,2026/05/18 17:53:43.559,2,NVIDIA A100-SXM-64GB,111.35,31908,85
351,2026-05-18 17:53:43.389834,2026/05/18 17:53:43.610,3,NVIDIA A100-SXM-64GB,101.48,31860,100
352,2026-05-18 17:53:48.694520,2026/05/18 17:53:48.856,0,NVIDIA A100-SXM-64GB,100.35,31922,100
353,2026-05-18 17:53:48.694520,2026/05/18 17:53:48.859,1,NVIDIA A100-SXM-64GB,108.57,31938,100
354,2026-05-18 17:53:48.694520,2026/05/18 17:53:48.870,2,NVIDIA A100-SXM-64GB,101.00,31908,100
355,2026-05-18 17:53:48.694520,2026/05/18 17:53:48.893,3,NVIDIA A100-SXM-64GB,108.72,31860,100
356,2026-05-18 17:53:54.003045,2026/05/18 17:53:54.172,0,NVIDIA A100-SXM-64GB,113.58,31922,100
357,2026-05-18 17:53:54.003045,2026/05/18 17:53:54.174,1,NVIDIA A100-SXM-64GB,110.49,31938,100
358,2026-05-18 17:53:54.003045,2026/05/18 17:53:54.215,2,NVIDIA A100-SXM-64GB,105.38,31908,100
359,2026-05-18 17:53:54.003045,2026/05/18 17:53:54.218,3,NVIDIA A100-SXM-64GB,109.11,31860,100
360,2026-05-18 17:53:59.288389,2026/05/18 17:53:59.461,0,NVIDIA A100-SXM-64GB,113.86,31922,100
361,2026-05-18 17:53:59.288389,2026/05/18 17:53:59.465,1,NVIDIA A100-SXM-64GB,114.19,31938,99
362,2026-05-18 17:53:59.288389,2026/05/18 17:53:59.520,2,NVIDIA A100-SXM-64GB,106.15,31908,100
363,2026-05-18 17:53:59.288389,2026/05/18 17:53:59.559,3,NVIDIA A100-SXM-64GB,105.76,31860,97
364,2026-05-18 17:54:04.616861,2026/05/18 17:54:04.774,0,NVIDIA A100-SXM-64GB,104.65,31922,97
365,2026-05-18 17:54:04.616861,2026/05/18 17:54:04.778,1,NVIDIA A100-SXM-64GB,104.38,31938,100
366,2026-05-18 17:54:04.616861,2026/05/18 17:54:04.780,2,NVIDIA A100-SXM-64GB,102.48,31908,100
367,2026-05-18 17:54:04.616861,2026/05/18 17:54:04.799,3,NVIDIA A100-SXM-64GB,96.26,31860,100
368,2026-05-18 17:54:09.891836,2026/05/18 17:54:10.068,0,NVIDIA A100-SXM-64GB,103.77,31922,87
369,2026-05-18 17:54:09.891836,2026/05/18 17:54:10.071,1,NVIDIA A100-SXM-64GB,122.67,31938,100
370,2026-05-18 17:54:09.891836,2026/05/18 17:54:10.084,2,NVIDIA A100-SXM-64GB,104.01,31908,100
371,2026-05-18 17:54:09.891836,2026/05/18 17:54:10.123,3,NVIDIA A100-SXM-64GB,111.69,31860,80
372,2026-05-18 17:54:15.179925,2026/05/18 17:54:15.383,0,NVIDIA A100-SXM-64GB,107.74,31922,100
373,2026-05-18 17:54:15.179925,2026/05/18 17:54:15.455,1,NVIDIA A100-SXM-64GB,130.93,31938,100
374,2026-05-18 17:54:15.179925,2026/05/18 17:54:15.458,2,NVIDIA A100-SXM-64GB,147.81,31908,100
375,2026-05-18 17:54:15.179925,2026/05/18 17:54:15.507,3,NVIDIA A100-SXM-64GB,145.37,31860,100
376,2026-05-18 17:54:20.542825,2026/05/18 17:54:20.719,0,NVIDIA A100-SXM-64GB,112.65,31922,100
377,2026-05-18 17:54:20.542825,2026/05/18 17:54:20.730,1,NVIDIA A100-SXM-64GB,112.20,31938,100
378,2026-05-18 17:54:20.542825,2026/05/18 17:54:20.733,2,NVIDIA A100-SXM-64GB,108.39,31908,100
379,2026-05-18 17:54:20.542825,2026/05/18 17:54:20.768,3,NVIDIA A100-SXM-64GB,115.26,31860,100
380,2026-05-18 17:54:25.822096,2026/05/18 17:54:25.986,0,NVIDIA A100-SXM-64GB,111.43,31922,82
381,2026-05-18 17:54:25.822096,2026/05/18 17:54:26.027,1,NVIDIA A100-SXM-64GB,99.74,31938,100
382,2026-05-18 17:54:25.822096,2026/05/18 17:54:26.073,2,NVIDIA A100-SXM-64GB,94.95,31908,100
383,2026-05-18 17:54:25.822096,2026/05/18 17:54:26.076,3,NVIDIA A100-SXM-64GB,103.62,31860,100
384,2026-05-18 17:54:31.136117,2026/05/18 17:54:31.300,0,NVIDIA A100-SXM-64GB,131.87,31922,100
385,2026-05-18 17:54:31.136117,2026/05/18 17:54:31.328,1,NVIDIA A100-SXM-64GB,101.79,31938,100
386,2026-05-18 17:54:31.136117,2026/05/18 17:54:31.384,2,NVIDIA A100-SXM-64GB,108.89,31908,100
387,2026-05-18 17:54:31.136117,2026/05/18 17:54:31.387,3,NVIDIA A100-SXM-64GB,106.70,31860,100
388,2026-05-18 17:54:36.447709,2026/05/18 17:54:36.612,0,NVIDIA A100-SXM-64GB,112.86,31922,100
389,2026-05-18 17:54:36.447709,2026/05/18 17:54:36.626,1,NVIDIA A100-SXM-64GB,114.35,31938,100
390,2026-05-18 17:54:36.447709,2026/05/18 17:54:36.681,2,NVIDIA A100-SXM-64GB,105.54,31908,100
391,2026-05-18 17:54:36.447709,2026/05/18 17:54:36.684,3,NVIDIA A100-SXM-64GB,98.40,31860,100
392,2026-05-18 17:54:41.758649,2026/05/18 17:54:41.921,0,NVIDIA A100-SXM-64GB,114.79,31922,100
393,2026-05-18 17:54:41.758649,2026/05/18 17:54:41.924,1,NVIDIA A100-SXM-64GB,160.40,31938,100
394,2026-05-18 17:54:41.758649,2026/05/18 17:54:41.974,2,NVIDIA A100-SXM-64GB,117.44,31908,100
395,2026-05-18 17:54:41.758649,2026/05/18 17:54:41.977,3,NVIDIA A100-SXM-64GB,111.25,31860,100
396,2026-05-18 17:54:47.039268,2026/05/18 17:54:47.205,0,NVIDIA A100-SXM-64GB,112.98,31922,100
397,2026-05-18 17:54:47.039268,2026/05/18 17:54:47.273,1,NVIDIA A100-SXM-64GB,103.94,31938,100
398,2026-05-18 17:54:47.039268,2026/05/18 17:54:47.282,2,NVIDIA A100-SXM-64GB,96.39,31908,100
399,2026-05-18 17:54:47.039268,2026/05/18 17:54:47.287,3,NVIDIA A100-SXM-64GB,107.30,31860,100
400,2026-05-18 17:54:52.361971,2026/05/18 17:54:52.523,0,NVIDIA A100-SXM-64GB,125.42,31922,100
401,2026-05-18 17:54:52.361971,2026/05/18 17:54:52.526,1,NVIDIA A100-SXM-64GB,107.30,31938,100
402,2026-05-18 17:54:52.361971,2026/05/18 17:54:52.571,2,NVIDIA A100-SXM-64GB,101.00,31908,100
403,2026-05-18 17:54:52.361971,2026/05/18 17:54:52.615,3,NVIDIA A100-SXM-64GB,102.41,31860,100
404,2026-05-18 17:54:57.691347,2026/05/18 17:54:57.854,0,NVIDIA A100-SXM-64GB,114.79,31922,100
405,2026-05-18 17:54:57.691347,2026/05/18 17:54:57.857,1,NVIDIA A100-SXM-64GB,118.37,31938,100
406,2026-05-18 17:54:57.691347,2026/05/18 17:54:57.935,2,NVIDIA A100-SXM-64GB,96.72,31908,100
407,2026-05-18 17:54:57.691347,2026/05/18 17:54:57.938,3,NVIDIA A100-SXM-64GB,162.49,31860,100
408,2026-05-18 17:55:03.035662,2026/05/18 17:55:03.206,0,NVIDIA A100-SXM-64GB,113.14,31922,100
409,2026-05-18 17:55:03.035662,2026/05/18 17:55:03.209,1,NVIDIA A100-SXM-64GB,117.43,31938,100
410,2026-05-18 17:55:03.035662,2026/05/18 17:55:03.247,2,NVIDIA A100-SXM-64GB,106.48,31908,100
411,2026-05-18 17:55:03.035662,2026/05/18 17:55:03.249,3,NVIDIA A100-SXM-64GB,101.48,31860,100
412,2026-05-18 17:55:08.317304,2026/05/18 17:55:08.476,0,NVIDIA A100-SXM-64GB,101.29,31922,100
413,2026-05-18 17:55:08.317304,2026/05/18 17:55:08.479,1,NVIDIA A100-SXM-64GB,104.27,31938,100
414,2026-05-18 17:55:08.317304,2026/05/18 17:55:08.518,2,NVIDIA A100-SXM-64GB,94.58,31908,100
415,2026-05-18 17:55:08.317304,2026/05/18 17:55:08.521,3,NVIDIA A100-SXM-64GB,119.54,31860,100
416,2026-05-18 17:55:13.611791,2026/05/18 17:55:13.780,0,NVIDIA A100-SXM-64GB,100.95,31922,100
417,2026-05-18 17:55:13.611791,2026/05/18 17:55:13.783,1,NVIDIA A100-SXM-64GB,100.58,31938,100
418,2026-05-18 17:55:13.611791,2026/05/18 17:55:13.821,2,NVIDIA A100-SXM-64GB,100.06,31908,100
419,2026-05-18 17:55:13.611791,2026/05/18 17:55:13.824,3,NVIDIA A100-SXM-64GB,104.82,31860,100
420,2026-05-18 17:55:18.893942,2026/05/18 17:55:19.068,0,NVIDIA A100-SXM-64GB,116.83,31922,97
421,2026-05-18 17:55:18.893942,2026/05/18 17:55:19.071,1,NVIDIA A100-SXM-64GB,110.71,31938,91
422,2026-05-18 17:55:18.893942,2026/05/18 17:55:19.078,2,NVIDIA A100-SXM-64GB,100.67,31908,100
423,2026-05-18 17:55:18.893942,2026/05/18 17:55:19.131,3,NVIDIA A100-SXM-64GB,98.73,31860,86
424,2026-05-18 17:55:24.174037,2026/05/18 17:55:24.347,0,NVIDIA A100-SXM-64GB,100.95,31922,100
425,2026-05-18 17:55:24.174037,2026/05/18 17:55:24.350,1,NVIDIA A100-SXM-64GB,106.41,31938,100
426,2026-05-18 17:55:24.174037,2026/05/18 17:55:24.413,2,NVIDIA A100-SXM-64GB,96.39,31908,100
427,2026-05-18 17:55:24.174037,2026/05/18 17:55:24.448,3,NVIDIA A100-SXM-64GB,101.10,31860,100
428,2026-05-18 17:55:29.501455,2026/05/18 17:55:29.672,0,NVIDIA A100-SXM-64GB,110.38,31922,100
429,2026-05-18 17:55:29.501455,2026/05/18 17:55:29.676,1,NVIDIA A100-SXM-64GB,118.37,31938,100
430,2026-05-18 17:55:29.501455,2026/05/18 17:55:29.729,2,NVIDIA A100-SXM-64GB,108.01,31908,100
431,2026-05-18 17:55:29.501455,2026/05/18 17:55:29.767,3,NVIDIA A100-SXM-64GB,109.00,31860,100
432,2026-05-18 17:55:34.817313,2026/05/18 17:55:34.988,0,NVIDIA A100-SXM-64GB,109.45,31922,100
433,2026-05-18 17:55:34.817313,2026/05/18 17:55:35.007,1,NVIDIA A100-SXM-64GB,100.85,31938,100
434,2026-05-18 17:55:34.817313,2026/05/18 17:55:35.010,2,NVIDIA A100-SXM-64GB,97.93,31908,100
435,2026-05-18 17:55:34.817313,2026/05/18 17:55:35.019,3,NVIDIA A100-SXM-64GB,108.72,31860,100
436,2026-05-18 17:55:40.096907,2026/05/18 17:55:40.251,0,NVIDIA A100-SXM-64GB,112.20,31922,100
437,2026-05-18 17:55:40.096907,2026/05/18 17:55:40.292,1,NVIDIA A100-SXM-64GB,112.53,31938,100
438,2026-05-18 17:55:40.096907,2026/05/18 17:55:40.346,2,NVIDIA A100-SXM-64GB,108.01,31908,100
439,2026-05-18 17:55:40.096907,2026/05/18 17:55:40.349,3,NVIDIA A100-SXM-64GB,111.75,31860,100
440,2026-05-18 17:55:45.452687,2026/05/18 17:55:45.614,0,NVIDIA A100-SXM-64GB,112.65,31922,86
441,2026-05-18 17:55:45.452687,2026/05/18 17:55:45.656,1,NVIDIA A100-SXM-64GB,110.17,31938,58
442,2026-05-18 17:55:45.452687,2026/05/18 17:55:45.659,2,NVIDIA A100-SXM-64GB,108.01,31908,83
443,2026-05-18 17:55:45.452687,2026/05/18 17:55:45.683,3,NVIDIA A100-SXM-64GB,112.51,31860,93
444,2026-05-18 17:55:50.773374,2026/05/18 17:55:50.940,0,NVIDIA A100-SXM-64GB,114.19,31922,100
445,2026-05-18 17:55:50.773374,2026/05/18 17:55:50.943,1,NVIDIA A100-SXM-64GB,111.71,31938,100
446,2026-05-18 17:55:50.773374,2026/05/18 17:55:50.954,2,NVIDIA A100-SXM-64GB,128.45,31908,100
447,2026-05-18 17:55:50.773374,2026/05/18 17:55:51.014,3,NVIDIA A100-SXM-64GB,99.94,31860,100
448,2026-05-18 17:55:56.058422,2026/05/18 17:55:56.223,0,NVIDIA A100-SXM-64GB,120.18,31922,100
449,2026-05-18 17:55:56.058422,2026/05/18 17:55:56.226,1,NVIDIA A100-SXM-64GB,116.83,31938,100
450,2026-05-18 17:55:56.058422,2026/05/18 17:55:56.300,2,NVIDIA A100-SXM-64GB,100.06,31908,100
451,2026-05-18 17:55:56.058422,2026/05/18 17:55:56.305,3,NVIDIA A100-SXM-64GB,108.51,31860,100
452,2026-05-18 17:56:01.383902,2026/05/18 17:56:01.544,0,NVIDIA A100-SXM-64GB,99.14,31922,100
453,2026-05-18 17:56:01.383902,2026/05/18 17:56:01.547,1,NVIDIA A100-SXM-64GB,96.98,31938,100
454,2026-05-18 17:56:01.383902,2026/05/18 17:56:01.549,2,NVIDIA A100-SXM-64GB,91.28,31908,100
455,2026-05-18 17:56:01.383902,2026/05/18 17:56:01.607,3,NVIDIA A100-SXM-64GB,94.55,31860,100
456,2026-05-18 17:56:06.675705,2026/05/18 17:56:06.847,0,NVIDIA A100-SXM-64GB,109.56,31922,100
457,2026-05-18 17:56:06.675705,2026/05/18 17:56:06.850,1,NVIDIA A100-SXM-64GB,105.15,31938,100
458,2026-05-18 17:56:06.675705,2026/05/18 17:56:06.856,2,NVIDIA A100-SXM-64GB,104.94,31908,100
459,2026-05-18 17:56:06.675705,2026/05/18 17:56:06.878,3,NVIDIA A100-SXM-64GB,138.62,31860,100
460,2026-05-18 17:56:11.956006,2026/05/18 17:56:12.043,0,NVIDIA A100-SXM-64GB,90.26,31922,100
461,2026-05-18 17:56:11.956006,2026/05/18 17:56:12.046,1,NVIDIA A100-SXM-64GB,88.38,31938,86
462,2026-05-18 17:56:11.956006,2026/05/18 17:56:12.056,2,NVIDIA A100-SXM-64GB,105.87,31908,100
463,2026-05-18 17:56:11.956006,2026/05/18 17:56:12.069,3,NVIDIA A100-SXM-64GB,88.35,31860,100
464,2026-05-18 17:56:17.111391,2026/05/18 17:56:17.279,0,NVIDIA A100-SXM-64GB,105.59,31922,100
465,2026-05-18 17:56:17.111391,2026/05/18 17:56:17.437,1,NVIDIA A100-SXM-64GB,105.92,31938,100
466,2026-05-18 17:56:17.111391,2026/05/18 17:56:17.447,2,NVIDIA A100-SXM-64GB,104.01,31908,100
467,2026-05-18 17:56:17.111391,2026/05/18 17:56:17.453,3,NVIDIA A100-SXM-64GB,105.87,31860,100
468,2026-05-18 17:56:22.528353,2026/05/18 17:56:22.710,0,NVIDIA A100-SXM-64GB,113.86,31922,100
469,2026-05-18 17:56:22.528353,2026/05/18 17:56:22.713,1,NVIDIA A100-SXM-64GB,111.59,31938,100
470,2026-05-18 17:56:22.528353,2026/05/18 17:56:22.718,2,NVIDIA A100-SXM-64GB,106.75,31908,100
471,2026-05-18 17:56:22.528353,2026/05/18 17:56:22.780,3,NVIDIA A100-SXM-64GB,106.09,31860,100
472,2026-05-18 17:56:27.853914,2026/05/18 17:56:28.024,0,NVIDIA A100-SXM-64GB,112.32,31922,100
473,2026-05-18 17:56:27.853914,2026/05/18 17:56:28.027,1,NVIDIA A100-SXM-64GB,103.94,31938,100
474,2026-05-18 17:56:27.853914,2026/05/18 17:56:28.036,2,NVIDIA A100-SXM-64GB,104.94,31908,100
475,2026-05-18 17:56:27.853914,2026/05/18 17:56:28.090,3,NVIDIA A100-SXM-64GB,119.21,31860,100
476,2026-05-18 17:56:33.135246,2026/05/18 17:56:33.302,0,NVIDIA A100-SXM-64GB,109.56,31922,100
477,2026-05-18 17:56:33.135246,2026/05/18 17:56:33.305,1,NVIDIA A100-SXM-64GB,115.01,31938,100
478,2026-05-18 17:56:33.135246,2026/05/18 17:56:33.347,2,NVIDIA A100-SXM-64GB,101.00,31908,100
479,2026-05-18 17:56:33.135246,2026/05/18 17:56:33.398,3,NVIDIA A100-SXM-64GB,122.29,31860,100
480,2026-05-18 17:56:38.445349,2026/05/18 17:56:38.611,0,NVIDIA A100-SXM-64GB,106.91,31922,100
481,2026-05-18 17:56:38.445349,2026/05/18 17:56:38.614,1,NVIDIA A100-SXM-64GB,103.77,31938,100
482,2026-05-18 17:56:38.445349,2026/05/18 17:56:38.655,2,NVIDIA A100-SXM-64GB,106.26,31908,100
483,2026-05-18 17:56:38.445349,2026/05/18 17:56:38.658,3,NVIDIA A100-SXM-64GB,104.66,31860,100
484,2026-05-18 17:56:43.722768,2026/05/18 17:56:43.894,0,NVIDIA A100-SXM-64GB,106.19,31922,100
485,2026-05-18 17:56:43.722768,2026/05/18 17:56:43.897,1,NVIDIA A100-SXM-64GB,109.17,31938,100
486,2026-05-18 17:56:43.722768,2026/05/18 17:56:43.921,2,NVIDIA A100-SXM-64GB,97.70,31908,100
487,2026-05-18 17:56:43.722768,2026/05/18 17:56:43.963,3,NVIDIA A100-SXM-64GB,109.71,31860,100
488,2026-05-18 17:56:49.052548,2026/05/18 17:56:49.271,0,NVIDIA A100-SXM-64GB,101.62,31922,100
489,2026-05-18 17:56:49.052548,2026/05/18 17:56:49.274,1,NVIDIA A100-SXM-64GB,104.54,31938,100
490,2026-05-18 17:56:49.052548,2026/05/18 17:56:49.277,2,NVIDIA A100-SXM-64GB,93.15,31908,100
491,2026-05-18 17:56:49.052548,2026/05/18 17:56:49.331,3,NVIDIA A100-SXM-64GB,108.51,31860,100
492,2026-05-18 17:56:54.374698,2026/05/18 17:56:54.543,0,NVIDIA A100-SXM-64GB,101.89,31922,100
493,2026-05-18 17:56:54.374698,2026/05/18 17:56:54.546,1,NVIDIA A100-SXM-64GB,110.38,31938,100
494,2026-05-18 17:56:54.374698,2026/05/18 17:56:54.625,2,NVIDIA A100-SXM-64GB,100.67,31908,100
495,2026-05-18 17:56:54.374698,2026/05/18 17:56:54.628,3,NVIDIA A100-SXM-64GB,101.21,31860,100
496,2026-05-18 17:56:59.699719,2026/05/18 17:56:59.875,0,NVIDIA A100-SXM-64GB,123.73,31922,100
497,2026-05-18 17:56:59.699719,2026/05/18 17:56:59.878,1,NVIDIA A100-SXM-64GB,110.71,31938,100
498,2026-05-18 17:56:59.699719,2026/05/18 17:56:59.910,2,NVIDIA A100-SXM-64GB,106.75,31908,100
499,2026-05-18 17:56:59.699719,2026/05/18 17:56:59.961,3,NVIDIA A100-SXM-64GB,106.37,31860,100
500,2026-05-18 17:57:05.010639,2026/05/18 17:57:05.181,0,NVIDIA A100-SXM-64GB,165.91,31922,100
501,2026-05-18 17:57:05.010639,2026/05/18 17:57:05.225,1,NVIDIA A100-SXM-64GB,105.48,31938,100
502,2026-05-18 17:57:05.010639,2026/05/18 17:57:05.234,2,NVIDIA A100-SXM-64GB,118.36,31908,100
503,2026-05-18 17:57:05.010639,2026/05/18 17:57:05.293,3,NVIDIA A100-SXM-64GB,110.04,31860,100
504,2026-05-18 17:57:10.333306,2026/05/18 17:57:10.530,0,NVIDIA A100-SXM-64GB,106.19,31922,100
505,2026-05-18 17:57:10.333306,2026/05/18 17:57:10.533,1,NVIDIA A100-SXM-64GB,135.22,31938,100
506,2026-05-18 17:57:10.333306,2026/05/18 17:57:10.544,2,NVIDIA A100-SXM-64GB,101.27,31908,100
507,2026-05-18 17:57:10.333306,2026/05/18 17:57:10.604,3,NVIDIA A100-SXM-64GB,99.06,31860,79
508,2026-05-18 17:57:15.688397,2026/05/18 17:57:15.848,0,NVIDIA A100-SXM-64GB,104.38,31922,100
509,2026-05-18 17:57:15.688397,2026/05/18 17:57:15.851,1,NVIDIA A100-SXM-64GB,107.13,31938,86
510,2026-05-18 17:57:15.688397,2026/05/18 17:57:15.859,2,NVIDIA A100-SXM-64GB,102.20,31908,100
511,2026-05-18 17:57:15.688397,2026/05/18 17:57:15.913,3,NVIDIA A100-SXM-64GB,105.49,31860,80
512,2026-05-18 17:57:20.958306,2026/05/18 17:57:21.123,0,NVIDIA A100-SXM-64GB,160.84,31922,100
513,2026-05-18 17:57:20.958306,2026/05/18 17:57:21.172,1,NVIDIA A100-SXM-64GB,106.19,31938,100
514,2026-05-18 17:57:20.958306,2026/05/18 17:57:21.177,2,NVIDIA A100-SXM-64GB,105.38,31908,100
515,2026-05-18 17:57:20.958306,2026/05/18 17:57:21.222,3,NVIDIA A100-SXM-64GB,109.23,31860,100
516,2026-05-18 17:57:26.264153,2026/05/18 17:57:26.418,0,NVIDIA A100-SXM-64GB,115.73,31922,100
517,2026-05-18 17:57:26.264153,2026/05/18 17:57:26.421,1,NVIDIA A100-SXM-64GB,110.49,31938,100
518,2026-05-18 17:57:26.264153,2026/05/18 17:57:26.461,2,NVIDIA A100-SXM-64GB,108.12,31908,100
519,2026-05-18 17:57:26.264153,2026/05/18 17:57:26.464,3,NVIDIA A100-SXM-64GB,107.90,31860,100
520,2026-05-18 17:57:31.530553,2026/05/18 17:57:31.703,0,NVIDIA A100-SXM-64GB,111.11,31922,100
521,2026-05-18 17:57:31.530553,2026/05/18 17:57:31.706,1,NVIDIA A100-SXM-64GB,120.79,31938,100
522,2026-05-18 17:57:31.530553,2026/05/18 17:57:31.712,2,NVIDIA A100-SXM-64GB,96.39,31908,100
523,2026-05-18 17:57:31.530553,2026/05/18 17:57:31.765,3,NVIDIA A100-SXM-64GB,108.83,31860,100
524,2026-05-18 17:57:36.841758,2026/05/18 17:57:37.039,0,NVIDIA A100-SXM-64GB,143.36,31922,100
525,2026-05-18 17:57:36.841758,2026/05/18 17:57:37.078,1,NVIDIA A100-SXM-64GB,102.22,31938,100
526,2026-05-18 17:57:36.841758,2026/05/18 17:57:37.081,2,NVIDIA A100-SXM-64GB,92.82,31908,100
527,2026-05-18 17:57:36.841758,2026/05/18 17:57:37.089,3,NVIDIA A100-SXM-64GB,100.27,31860,100
528,2026-05-18 17:57:42.158550,2026/05/18 17:57:42.313,0,NVIDIA A100-SXM-64GB,105.70,31922,100
529,2026-05-18 17:57:42.158550,2026/05/18 17:57:42.344,1,NVIDIA A100-SXM-64GB,104.65,31938,100
530,2026-05-18 17:57:42.158550,2026/05/18 17:57:42.346,2,NVIDIA A100-SXM-64GB,95.56,31908,100
531,2026-05-18 17:57:42.158550,2026/05/18 17:57:42.419,3,NVIDIA A100-SXM-64GB,108.62,31860,93
532,2026-05-18 17:57:47.458662,2026/05/18 17:57:47.622,0,NVIDIA A100-SXM-64GB,101.89,31922,100
533,2026-05-18 17:57:47.458662,2026/05/18 17:57:47.625,1,NVIDIA A100-SXM-64GB,109.28,31938,100
534,2026-05-18 17:57:47.458662,2026/05/18 17:57:47.641,2,NVIDIA A100-SXM-64GB,99.23,31908,100
535,2026-05-18 17:57:47.458662,2026/05/18 17:57:47.726,3,NVIDIA A100-SXM-64GB,99.16,31860,100
536,2026-05-18 17:57:52.781442,2026/05/18 17:57:52.950,0,NVIDIA A100-SXM-64GB,110.28,31922,100
537,2026-05-18 17:57:52.781442,2026/05/18 17:57:52.953,1,NVIDIA A100-SXM-64GB,115.73,31938,100
538,2026-05-18 17:57:52.781442,2026/05/18 17:57:52.991,2,NVIDIA A100-SXM-64GB,105.05,31908,100
539,2026-05-18 17:57:52.781442,2026/05/18 17:57:52.994,3,NVIDIA A100-SXM-64GB,110.48,31860,100
540,2026-05-18 17:57:58.061278,2026/05/18 17:57:58.242,0,NVIDIA A100-SXM-64GB,101.72,31922,100
541,2026-05-18 17:57:58.061278,2026/05/18 17:57:58.245,1,NVIDIA A100-SXM-64GB,112.65,31938,100
542,2026-05-18 17:57:58.061278,2026/05/18 17:57:58.247,2,NVIDIA A100-SXM-64GB,102.58,31908,100
543,2026-05-18 17:57:58.061278,2026/05/18 17:57:58.301,3,NVIDIA A100-SXM-64GB,109.44,31860,100
544,2026-05-18 17:58:03.349337,2026/05/18 17:58:03.516,0,NVIDIA A100-SXM-64GB,127.70,31922,100
545,2026-05-18 17:58:03.349337,2026/05/18 17:58:03.519,1,NVIDIA A100-SXM-64GB,98.20,31938,100
546,2026-05-18 17:58:03.349337,2026/05/18 17:58:03.568,2,NVIDIA A100-SXM-64GB,98.30,31908,100
547,2026-05-18 17:58:03.349337,2026/05/18 17:58:03.663,3,NVIDIA A100-SXM-64GB,103.12,31860,100
548,2026-05-18 17:58:08.718338,2026/05/18 17:58:08.880,0,NVIDIA A100-SXM-64GB,116.74,31922,85
549,2026-05-18 17:58:08.718338,2026/05/18 17:58:08.884,1,NVIDIA A100-SXM-64GB,116.34,31938,100
550,2026-05-18 17:58:08.718338,2026/05/18 17:58:08.925,2,NVIDIA A100-SXM-64GB,87.93,31908,59
551,2026-05-18 17:58:08.718338,2026/05/18 17:58:08.929,3,NVIDIA A100-SXM-64GB,112.90,31860,40
552,2026-05-18 17:58:13.986648,2026/05/18 17:58:14.155,0,NVIDIA A100-SXM-64GB,113.25,31922,100
553,2026-05-18 17:58:13.986648,2026/05/18 17:58:14.158,1,NVIDIA A100-SXM-64GB,110.82,31938,100
554,2026-05-18 17:58:13.986648,2026/05/18 17:58:14.171,2,NVIDIA A100-SXM-64GB,101.70,31908,100
555,2026-05-18 17:58:13.986648,2026/05/18 17:58:14.234,3,NVIDIA A100-SXM-64GB,97.80,31860,100
556,2026-05-18 17:58:19.275013,2026/05/18 17:58:19.436,0,NVIDIA A100-SXM-64GB,118.49,31922,100
557,2026-05-18 17:58:19.275013,2026/05/18 17:58:19.439,1,NVIDIA A100-SXM-64GB,107.41,31938,100
558,2026-05-18 17:58:19.275013,2026/05/18 17:58:19.481,2,NVIDIA A100-SXM-64GB,111.46,31908,100
559,2026-05-18 17:58:19.275013,2026/05/18 17:58:19.484,3,NVIDIA A100-SXM-64GB,104.55,31860,100
560,2026-05-18 17:58:24.584430,2026/05/18 17:58:24.752,0,NVIDIA A100-SXM-64GB,102.33,31922,100
561,2026-05-18 17:58:24.584430,2026/05/18 17:58:24.755,1,NVIDIA A100-SXM-64GB,105.25,31938,100
562,2026-05-18 17:58:24.584430,2026/05/18 17:58:24.759,2,NVIDIA A100-SXM-64GB,93.42,31908,100
563,2026-05-18 17:58:24.584430,2026/05/18 17:58:24.822,3,NVIDIA A100-SXM-64GB,96.69,31860,100
564,2026-05-18 17:58:29.865586,2026/05/18 17:58:30.043,0,NVIDIA A100-SXM-64GB,115.13,31922,100
565,2026-05-18 17:58:29.865586,2026/05/18 17:58:30.046,1,NVIDIA A100-SXM-64GB,120.79,31938,100
566,2026-05-18 17:58:29.865586,2026/05/18 17:58:30.056,2,NVIDIA A100-SXM-64GB,92.55,31908,100
567,2026-05-18 17:58:29.865586,2026/05/18 17:58:30.121,3,NVIDIA A100-SXM-64GB,107.30,31860,100
568,2026-05-18 17:58:35.163346,2026/05/18 17:58:35.295,0,NVIDIA A100-SXM-64GB,104.65,31922,100
569,2026-05-18 17:58:35.163346,2026/05/18 17:58:35.320,1,NVIDIA A100-SXM-64GB,108.95,31938,100
570,2026-05-18 17:58:35.163346,2026/05/18 17:58:35.348,2,NVIDIA A100-SXM-64GB,83.06,31908,53
571,2026-05-18 17:58:35.163346,2026/05/18 17:58:35.364,3,NVIDIA A100-SXM-64GB,94.27,31860,100
572,2026-05-18 17:58:40.520469,2026/05/18 17:58:40.690,0,NVIDIA A100-SXM-64GB,109.89,31922,100
573,2026-05-18 17:58:40.520469,2026/05/18 17:58:40.693,1,NVIDIA A100-SXM-64GB,104.38,31938,100
574,2026-05-18 17:58:40.520469,2026/05/18 17:58:40.696,2,NVIDIA A100-SXM-64GB,105.05,31908,100
575,2026-05-18 17:58:40.520469,2026/05/18 17:58:40.759,3,NVIDIA A100-SXM-64GB,102.41,31860,100
576,2026-05-18 17:58:45.805051,2026/05/18 17:58:45.964,0,NVIDIA A100-SXM-64GB,120.31,31922,100
577,2026-05-18 17:58:45.805051,2026/05/18 17:58:45.967,1,NVIDIA A100-SXM-64GB,107.74,31938,100
578,2026-05-18 17:58:45.805051,2026/05/18 17:58:46.005,2,NVIDIA A100-SXM-64GB,107.19,31908,100
579,2026-05-18 17:58:45.805051,2026/05/18 17:58:46.068,3,NVIDIA A100-SXM-64GB,99.33,31860,100
580,2026-05-18 17:58:51.132969,2026/05/18 17:58:51.304,0,NVIDIA A100-SXM-64GB,102.50,31922,100
581,2026-05-18 17:58:51.132969,2026/05/18 17:58:51.307,1,NVIDIA A100-SXM-64GB,157.31,31938,100
582,2026-05-18 17:58:51.132969,2026/05/18 17:58:51.349,2,NVIDIA A100-SXM-64GB,100.06,31908,100
583,2026-05-18 17:58:51.132969,2026/05/18 17:58:51.351,3,NVIDIA A100-SXM-64GB,100.54,31860,100
584,2026-05-18 17:58:56.415293,2026/05/18 17:58:56.575,0,NVIDIA A100-SXM-64GB,103.11,31922,100
585,2026-05-18 17:58:56.415293,2026/05/18 17:58:56.578,1,NVIDIA A100-SXM-64GB,98.20,31938,100
586,2026-05-18 17:58:56.415293,2026/05/18 17:58:56.620,2,NVIDIA A100-SXM-64GB,102.91,31908,100
587,2026-05-18 17:58:56.415293,2026/05/18 17:58:56.623,3,NVIDIA A100-SXM-64GB,115.86,31860,100
588,2026-05-18 17:59:01.687842,2026/05/18 17:59:01.849,0,NVIDIA A100-SXM-64GB,110.17,31922,93
589,2026-05-18 17:59:01.687842,2026/05/18 17:59:01.852,1,NVIDIA A100-SXM-64GB,106.41,31938,92
590,2026-05-18 17:59:01.687842,2026/05/18 17:59:01.864,2,NVIDIA A100-SXM-64GB,103.84,31908,97
591,2026-05-18 17:59:01.687842,2026/05/18 17:59:01.932,3,NVIDIA A100-SXM-64GB,102.08,31860,93
592,2026-05-18 17:59:06.984394,2026/05/18 17:59:07.151,0,NVIDIA A100-SXM-64GB,162.71,31922,100
593,2026-05-18 17:59:06.984394,2026/05/18 17:59:07.154,1,NVIDIA A100-SXM-64GB,113.25,31938,100
594,2026-05-18 17:59:06.984394,2026/05/18 17:59:07.157,2,NVIDIA A100-SXM-64GB,125.18,31908,100
595,2026-05-18 17:59:06.984394,2026/05/18 17:59:07.216,3,NVIDIA A100-SXM-64GB,103.01,31860,100
596,2026-05-18 17:59:12.261998,2026/05/18 17:59:12.436,0,NVIDIA A100-SXM-64GB,118.49,31922,100
597,2026-05-18 17:59:12.261998,2026/05/18 17:59:12.481,1,NVIDIA A100-SXM-64GB,111.71,31938,100
598,2026-05-18 17:59:12.261998,2026/05/18 17:59:12.486,2,NVIDIA A100-SXM-64GB,104.12,31908,100
599,2026-05-18 17:59:12.261998,2026/05/18 17:59:12.497,3,NVIDIA A100-SXM-64GB,109.44,31860,100
600,2026-05-18 17:59:17.600339,2026/05/18 17:59:17.763,0,NVIDIA A100-SXM-64GB,106.91,31922,100
601,2026-05-18 17:59:17.600339,2026/05/18 17:59:17.766,1,NVIDIA A100-SXM-64GB,108.68,31938,100
602,2026-05-18 17:59:17.600339,2026/05/18 17:59:17.814,2,NVIDIA A100-SXM-64GB,94.68,31908,100
603,2026-05-18 17:59:17.600339,2026/05/18 17:59:17.857,3,NVIDIA A100-SXM-64GB,102.41,31860,100
604,2026-05-18 17:59:22.905020,2026/05/18 17:59:23.068,0,NVIDIA A100-SXM-64GB,124.33,31922,100
605,2026-05-18 17:59:22.905020,2026/05/18 17:59:23.071,1,NVIDIA A100-SXM-64GB,103.77,31938,100
606,2026-05-18 17:59:22.905020,2026/05/18 17:59:23.140,2,NVIDIA A100-SXM-64GB,104.12,31908,100
607,2026-05-18 17:59:22.905020,2026/05/18 17:59:23.143,3,NVIDIA A100-SXM-64GB,98.23,31860,100
608,2026-05-18 17:59:28.266271,2026/05/18 17:59:28.384,0,NVIDIA A100-SXM-64GB,102.33,31922,100
609,2026-05-18 17:59:28.266271,2026/05/18 17:59:28.387,1,NVIDIA A100-SXM-64GB,109.56,31938,100
610,2026-05-18 17:59:28.266271,2026/05/18 17:59:28.487,2,NVIDIA A100-SXM-64GB,96.49,31908,100
611,2026-05-18 17:59:28.266271,2026/05/18 17:59:28.490,3,NVIDIA A100-SXM-64GB,92.13,31860,95
612,2026-05-18 17:59:33.580106,2026/05/18 17:59:33.746,0,NVIDIA A100-SXM-64GB,104.48,31922,100
613,2026-05-18 17:59:33.580106,2026/05/18 17:59:33.749,1,NVIDIA A100-SXM-64GB,112.04,31938,100
614,2026-05-18 17:59:33.580106,2026/05/18 17:59:33.760,2,NVIDIA A100-SXM-64GB,101.70,31908,100
615,2026-05-18 17:59:33.580106,2026/05/18 17:59:33.821,3,NVIDIA A100-SXM-64GB,138.76,31860,100
616,2026-05-18 17:59:38.893049,2026/05/18 17:59:39.055,0,NVIDIA A100-SXM-64GB,109.89,31922,100
617,2026-05-18 17:59:38.893049,2026/05/18 17:59:39.058,1,NVIDIA A100-SXM-64GB,121.58,31938,100
618,2026-05-18 17:59:38.893049,2026/05/18 17:59:39.064,2,NVIDIA A100-SXM-64GB,104.72,31908,100
619,2026-05-18 17:59:38.893049,2026/05/18 17:59:39.118,3,NVIDIA A100-SXM-64GB,115.53,31860,100
620,2026-05-18 17:59:44.156047,2026/05/18 17:59:44.330,0,NVIDIA A100-SXM-64GB,114.46,31922,100
621,2026-05-18 17:59:44.156047,2026/05/18 17:59:44.333,1,NVIDIA A100-SXM-64GB,113.25,31938,100
622,2026-05-18 17:59:44.156047,2026/05/18 17:59:44.344,2,NVIDIA A100-SXM-64GB,141.27,31908,100
623,2026-05-18 17:59:44.156047,2026/05/18 17:59:44.409,3,NVIDIA A100-SXM-64GB,98.83,31860,100
624,2026-05-18 17:59:49.474515,2026/05/18 17:59:49.636,0,NVIDIA A100-SXM-64GB,103.44,31922,100
625,2026-05-18 17:59:49.474515,2026/05/18 17:59:49.639,1,NVIDIA A100-SXM-64GB,112.65,31938,100
626,2026-05-18 17:59:49.474515,2026/05/18 17:59:49.642,2,NVIDIA A100-SXM-64GB,100.44,31908,100
627,2026-05-18 17:59:49.474515,2026/05/18 17:59:49.695,3,NVIDIA A100-SXM-64GB,104.93,31860,100
628,2026-05-18 17:59:54.746039,2026/05/18 17:59:54.910,0,NVIDIA A100-SXM-64GB,112.32,31922,100
629,2026-05-18 17:59:54.746039,2026/05/18 17:59:54.913,1,NVIDIA A100-SXM-64GB,110.82,31938,100
630,2026-05-18 17:59:54.746039,2026/05/18 17:59:54.922,2,NVIDIA A100-SXM-64GB,124.91,31908,100
631,2026-05-18 17:59:54.746039,2026/05/18 17:59:54.978,3,NVIDIA A100-SXM-64GB,97.62,31860,100
632,2026-05-18 18:00:00.018726,2026/05/18 18:00:00.196,0,NVIDIA A100-SXM-64GB,123.53,31922,100
633,2026-05-18 18:00:00.018726,2026/05/18 18:00:00.199,1,NVIDIA A100-SXM-64GB,109.89,31938,100
634,2026-05-18 18:00:00.018726,2026/05/18 18:00:00.257,2,NVIDIA A100-SXM-64GB,95.29,31908,100
635,2026-05-18 18:00:00.018726,2026/05/18 18:00:00.260,3,NVIDIA A100-SXM-64GB,97.29,31860,100
636,2026-05-18 18:00:05.329090,2026/05/18 18:00:05.499,0,NVIDIA A100-SXM-64GB,113.37,31922,100
637,2026-05-18 18:00:05.329090,2026/05/18 18:00:05.502,1,NVIDIA A100-SXM-64GB,120.31,31938,100
638,2026-05-18 18:00:05.329090,2026/05/18 18:00:05.511,2,NVIDIA A100-SXM-64GB,105.05,31908,100
639,2026-05-18 18:00:05.329090,2026/05/18 18:00:05.566,3,NVIDIA A100-SXM-64GB,108.83,31860,100
640,2026-05-18 18:00:10.611541,2026/05/18 18:00:10.777,0,NVIDIA A100-SXM-64GB,103.54,31922,100
641,2026-05-18 18:00:10.611541,2026/05/18 18:00:10.780,1,NVIDIA A100-SXM-64GB,161.60,31938,100
642,2026-05-18 18:00:10.611541,2026/05/18 18:00:10.784,2,NVIDIA A100-SXM-64GB,104.44,31908,100
643,2026-05-18 18:00:10.611541,2026/05/18 18:00:10.851,3,NVIDIA A100-SXM-64GB,108.83,31860,100
644,2026-05-18 18:00:15.893587,2026/05/18 18:00:16.051,0,NVIDIA A100-SXM-64GB,98.91,31922,100
645,2026-05-18 18:00:15.893587,2026/05/18 18:00:16.097,1,NVIDIA A100-SXM-64GB,96.65,31938,100
646,2026-05-18 18:00:15.893587,2026/05/18 18:00:16.144,2,NVIDIA A100-SXM-64GB,91.28,31908,100
647,2026-05-18 18:00:15.893587,2026/05/18 18:00:16.147,3,NVIDIA A100-SXM-64GB,94.55,31860,100
648,2026-05-18 18:00:21.236319,2026/05/18 18:00:21.389,0,NVIDIA A100-SXM-64GB,98.91,31922,100
649,2026-05-18 18:00:21.236319,2026/05/18 18:00:21.392,1,NVIDIA A100-SXM-64GB,96.65,31938,100
650,2026-05-18 18:00:21.236319,2026/05/18 18:00:21.452,2,NVIDIA A100-SXM-64GB,91.28,31908,100
651,2026-05-18 18:00:21.236319,2026/05/18 18:00:21.498,3,NVIDIA A100-SXM-64GB,94.27,31860,100
652,2026-05-18 18:00:26.563013,2026/05/18 18:00:26.729,0,NVIDIA A100-SXM-64GB,115.40,31922,100
653,2026-05-18 18:00:26.563013,2026/05/18 18:00:26.732,1,NVIDIA A100-SXM-64GB,120.92,31938,100
654,2026-05-18 18:00:26.563013,2026/05/18 18:00:26.781,2,NVIDIA A100-SXM-64GB,138.21,31908,100
655,2026-05-18 18:00:26.563013,2026/05/18 18:00:26.784,3,NVIDIA A100-SXM-64GB,99.94,31860,100
656,2026-05-18 18:00:31.850644,2026/05/18 18:00:31.955,0,NVIDIA A100-SXM-64GB,89.69,31922,0
657,2026-05-18 18:00:31.850644,2026/05/18 18:00:31.990,1,NVIDIA A100-SXM-64GB,88.11,31938,0
658,2026-05-18 18:00:31.850644,2026/05/18 18:00:32.014,2,NVIDIA A100-SXM-64GB,91.28,31908,100
659,2026-05-18 18:00:31.850644,2026/05/18 18:00:32.026,3,NVIDIA A100-SXM-64GB,85.36,31860,0
660,2026-05-18 18:00:37.084575,2026/05/18 18:00:37.240,0,NVIDIA A100-SXM-64GB,98.91,31922,100
661,2026-05-18 18:00:37.084575,2026/05/18 18:00:37.242,1,NVIDIA A100-SXM-64GB,96.65,31938,100
662,2026-05-18 18:00:37.084575,2026/05/18 18:00:37.292,2,NVIDIA A100-SXM-64GB,91.28,31908,100
663,2026-05-18 18:00:37.084575,2026/05/18 18:00:37.303,3,NVIDIA A100-SXM-64GB,94.55,31860,100
664,2026-05-18 18:00:42.386444,2026/05/18 18:00:42.552,0,NVIDIA A100-SXM-64GB,100.08,31922,100
665,2026-05-18 18:00:42.386444,2026/05/18 18:00:42.555,1,NVIDIA A100-SXM-64GB,103.11,31938,100
666,2026-05-18 18:00:42.386444,2026/05/18 18:00:42.601,2,NVIDIA A100-SXM-64GB,99.23,31908,100
667,2026-05-18 18:00:42.386444,2026/05/18 18:00:42.604,3,NVIDIA A100-SXM-64GB,103.95,31860,100
668,2026-05-18 18:00:47.672905,2026/05/18 18:00:47.842,0,NVIDIA A100-SXM-64GB,115.52,31922,100
669,2026-05-18 18:00:47.672905,2026/05/18 18:00:47.845,1,NVIDIA A100-SXM-64GB,100.68,31938,100
670,2026-05-18 18:00:47.672905,2026/05/18 18:00:47.886,2,NVIDIA A100-SXM-64GB,146.90,31908,100
671,2026-05-18 18:00:47.672905,2026/05/18 18:00:47.927,3,NVIDIA A100-SXM-64GB,100.04,31860,100
672,2026-05-18 18:00:52.961636,2026/05/18 18:00:53.116,0,NVIDIA A100-SXM-64GB,115.40,31922,100
673,2026-05-18 18:00:52.961636,2026/05/18 18:00:53.119,1,NVIDIA A100-SXM-64GB,119.70,31938,100
674,2026-05-18 18:00:52.961636,2026/05/18 18:00:53.130,2,NVIDIA A100-SXM-64GB,110.86,31908,100
675,2026-05-18 18:00:52.961636,2026/05/18 18:00:53.182,3,NVIDIA A100-SXM-64GB,106.09,31860,100
676,2026-05-18 18:00:58.228173,2026/05/18 18:00:58.402,0,NVIDIA A100-SXM-64GB,112.65,31922,100
677,2026-05-18 18:00:58.228173,2026/05/18 18:00:58.405,1,NVIDIA A100-SXM-64GB,140.60,31938,100
678,2026-05-18 18:00:58.228173,2026/05/18 18:00:58.449,2,NVIDIA A100-SXM-64GB,104.72,31908,100
679,2026-05-18 18:00:58.228173,2026/05/18 18:00:58.452,3,NVIDIA A100-SXM-64GB,99.77,31860,100
680,2026-05-18 18:01:03.536961,2026/05/18 18:01:03.709,0,NVIDIA A100-SXM-64GB,110.61,31922,100
681,2026-05-18 18:01:03.536961,2026/05/18 18:01:03.745,1,NVIDIA A100-SXM-64GB,108.95,31938,100
682,2026-05-18 18:01:03.536961,2026/05/18 18:01:03.748,2,NVIDIA A100-SXM-64GB,100.17,31908,100
683,2026-05-18 18:01:03.536961,2026/05/18 18:01:03.768,3,NVIDIA A100-SXM-64GB,103.73,31860,100
684,2026-05-18 18:01:08.845623,2026/05/18 18:01:09.015,0,NVIDIA A100-SXM-64GB,102.60,31922,100
685,2026-05-18 18:01:08.845623,2026/05/18 18:01:09.033,1,NVIDIA A100-SXM-64GB,104.65,31938,100
686,2026-05-18 18:01:08.845623,2026/05/18 18:01:09.084,2,NVIDIA A100-SXM-64GB,100.17,31908,100
687,2026-05-18 18:01:08.845623,2026/05/18 18:01:09.086,3,NVIDIA A100-SXM-64GB,108.34,31860,100
688,2026-05-18 18:01:14.165298,2026/05/18 18:01:14.396,0,NVIDIA A100-SXM-64GB,106.81,31922,100
689,2026-05-18 18:01:14.165298,2026/05/18 18:01:14.399,1,NVIDIA A100-SXM-64GB,107.74,31938,100
690,2026-05-18 18:01:14.165298,2026/05/18 18:01:14.404,2,NVIDIA A100-SXM-64GB,101.10,31908,100
691,2026-05-18 18:01:14.165298,2026/05/18 18:01:14.466,3,NVIDIA A100-SXM-64GB,121.35,31860,100
692,2026-05-18 18:01:19.506330,2026/05/18 18:01:19.675,0,NVIDIA A100-SXM-64GB,100.18,31922,97
693,2026-05-18 18:01:19.506330,2026/05/18 18:01:19.678,1,NVIDIA A100-SXM-64GB,88.71,31938,100
694,2026-05-18 18:01:19.506330,2026/05/18 18:01:19.714,2,NVIDIA A100-SXM-64GB,99.57,31908,43
695,2026-05-18 18:01:19.506330,2026/05/18 18:01:19.717,3,NVIDIA A100-SXM-64GB,100.64,31860,83
696,2026-05-18 18:01:24.783270,2026/05/18 18:01:24.947,0,NVIDIA A100-SXM-64GB,112.98,31922,100
697,2026-05-18 18:01:24.783270,2026/05/18 18:01:24.994,1,NVIDIA A100-SXM-64GB,159.13,31938,100
698,2026-05-18 18:01:24.783270,2026/05/18 18:01:24.997,2,NVIDIA A100-SXM-64GB,104.12,31908,100
699,2026-05-18 18:01:24.783270,2026/05/18 18:01:25.027,3,NVIDIA A100-SXM-64GB,97.29,31860,100
700,2026-05-18 18:01:30.093326,2026/05/18 18:01:30.265,0,NVIDIA A100-SXM-64GB,128.63,31922,100
701,2026-05-18 18:01:30.093326,2026/05/18 18:01:30.268,1,NVIDIA A100-SXM-64GB,115.73,31938,100
702,2026-05-18 18:01:30.093326,2026/05/18 18:01:30.280,2,NVIDIA A100-SXM-64GB,105.05,31908,100
703,2026-05-18 18:01:30.093326,2026/05/18 18:01:30.370,3,NVIDIA A100-SXM-64GB,106.70,31880,100
704,2026-05-18 18:01:35.417528,2026/05/18 18:01:35.584,0,NVIDIA A100-SXM-64GB,105.70,31922,100
705,2026-05-18 18:01:35.417528,2026/05/18 18:01:35.587,1,NVIDIA A100-SXM-64GB,105.25,31938,100
706,2026-05-18 18:01:35.417528,2026/05/18 18:01:35.596,2,NVIDIA A100-SXM-64GB,101.70,31908,100
707,2026-05-18 18:01:35.417528,2026/05/18 18:01:35.655,3,NVIDIA A100-SXM-64GB,136.68,31880,100
708,2026-05-18 18:01:40.744352,2026/05/18 18:01:40.911,0,NVIDIA A100-SXM-64GB,102.60,31922,100
709,2026-05-18 18:01:40.744352,2026/05/18 18:01:40.914,1,NVIDIA A100-SXM-64GB,103.11,31938,100
710,2026-05-18 18:01:40.744352,2026/05/18 18:01:40.927,2,NVIDIA A100-SXM-64GB,101.10,31908,100
711,2026-05-18 18:01:40.744352,2026/05/18 18:01:40.993,3,NVIDIA A100-SXM-64GB,101.91,31880,100
712,2026-05-18 18:01:46.036802,2026/05/18 18:01:46.197,0,NVIDIA A100-SXM-64GB,119.21,31922,100
713,2026-05-18 18:01:46.036802,2026/05/18 18:01:46.200,1,NVIDIA A100-SXM-64GB,117.89,31938,100
714,2026-05-18 18:01:46.036802,2026/05/18 18:01:46.236,2,NVIDIA A100-SXM-64GB,105.65,31908,100
715,2026-05-18 18:01:46.036802,2026/05/18 18:01:46.246,3,NVIDIA A100-SXM-64GB,92.13,31880,100
716,2026-05-18 18:01:51.297912,2026/05/18 18:01:51.472,0,NVIDIA A100-SXM-64GB,139.06,31922,100
717,2026-05-18 18:01:51.297912,2026/05/18 18:01:51.503,1,NVIDIA A100-SXM-64GB,104.15,31938,100
718,2026-05-18 18:01:51.297912,2026/05/18 18:01:51.506,2,NVIDIA A100-SXM-64GB,111.14,31908,100
719,2026-05-18 18:01:51.297912,2026/05/18 18:01:51.555,3,NVIDIA A100-SXM-64GB,100.37,31880,100
720,2026-05-18 18:01:56.602483,2026/05/18 18:01:56.788,0,NVIDIA A100-SXM-64GB,111.71,31922,100
721,2026-05-18 18:01:56.602483,2026/05/18 18:01:56.791,1,NVIDIA A100-SXM-64GB,108.68,31938,100
722,2026-05-18 18:01:56.602483,2026/05/18 18:01:56.798,2,NVIDIA A100-SXM-64GB,108.39,31908,100
723,2026-05-18 18:01:56.602483,2026/05/18 18:01:56.876,3,NVIDIA A100-SXM-64GB,107.74,31880,100
724,2026-05-18 18:02:01.923236,2026/05/18 18:02:02.102,0,NVIDIA A100-SXM-64GB,134.43,31922,100
725,2026-05-18 18:02:01.923236,2026/05/18 18:02:02.105,1,NVIDIA A100-SXM-64GB,140.60,31938,100
726,2026-05-18 18:02:01.923236,2026/05/18 18:02:02.107,2,NVIDIA A100-SXM-64GB,107.79,31908,100
727,2026-05-18 18:02:01.923236,2026/05/18 18:02:02.162,3,NVIDIA A100-SXM-64GB,104.66,31880,100
728,2026-05-18 18:02:07.231344,2026/05/18 18:02:07.404,0,NVIDIA A100-SXM-64GB,118.61,31922,100
729,2026-05-18 18:02:07.231344,2026/05/18 18:02:07.442,1,NVIDIA A100-SXM-64GB,116.95,31938,100
730,2026-05-18 18:02:07.231344,2026/05/18 18:02:07.444,2,NVIDIA A100-SXM-64GB,107.51,31908,100
731,2026-05-18 18:02:07.231344,2026/05/18 18:02:07.455,3,NVIDIA A100-SXM-64GB,137.55,31880,100
732,2026-05-18 18:02:12.544369,2026/05/18 18:02:12.757,0,NVIDIA A100-SXM-64GB,110.94,31922,62
733,2026-05-18 18:02:12.544369,2026/05/18 18:02:12.760,1,NVIDIA A100-SXM-64GB,110.17,31938,94
734,2026-05-18 18:02:12.544369,2026/05/18 18:02:12.808,2,NVIDIA A100-SXM-64GB,108.39,31908,94
735,2026-05-18 18:02:12.544369,2026/05/18 18:02:12.811,3,NVIDIA A100-SXM-64GB,108.34,31880,91
736,2026-05-18 18:02:17.875503,2026/05/18 18:02:18.055,0,NVIDIA A100-SXM-64GB,112.15,31922,100
737,2026-05-18 18:02:17.875503,2026/05/18 18:02:18.058,1,NVIDIA A100-SXM-64GB,109.56,31938,100
738,2026-05-18 18:02:17.875503,2026/05/18 18:02:18.098,2,NVIDIA A100-SXM-64GB,107.19,31908,100
739,2026-05-18 18:02:17.875503,2026/05/18 18:02:18.101,3,NVIDIA A100-SXM-64GB,110.76,31880,100
740,2026-05-18 18:02:23.199391,2026/05/18 18:02:23.375,0,NVIDIA A100-SXM-64GB,109.89,31922,100
741,2026-05-18 18:02:23.199391,2026/05/18 18:02:23.379,1,NVIDIA A100-SXM-64GB,108.07,31938,100
742,2026-05-18 18:02:23.199391,2026/05/18 18:02:23.406,2,NVIDIA A100-SXM-64GB,103.84,31908,100
743,2026-05-18 18:02:23.199391,2026/05/18 18:02:23.414,3,NVIDIA A100-SXM-64GB,105.87,31880,100
744,2026-05-18 18:02:28.514344,2026/05/18 18:02:28.682,0,NVIDIA A100-SXM-64GB,105.70,31922,100
745,2026-05-18 18:02:28.514344,2026/05/18 18:02:28.685,1,NVIDIA A100-SXM-64GB,103.44,31938,100
746,2026-05-18 18:02:28.514344,2026/05/18 18:02:28.693,2,NVIDIA A100-SXM-64GB,100.77,31908,100
747,2026-05-18 18:02:28.514344,2026/05/18 18:02:28.765,3,NVIDIA A100-SXM-64GB,101.91,31880,100
748,2026-05-18 18:02:33.839999,2026/05/18 18:02:34.004,0,NVIDIA A100-SXM-64GB,102.50,31922,100
749,2026-05-18 18:02:33.839999,2026/05/18 18:02:34.007,1,NVIDIA A100-SXM-64GB,102.22,31938,100
750,2026-05-18 18:02:33.839999,2026/05/18 18:02:34.020,2,NVIDIA A100-SXM-64GB,96.49,31908,100
751,2026-05-18 18:02:33.839999,2026/05/18 18:02:34.090,3,NVIDIA A100-SXM-64GB,102.79,31880,100
752,2026-05-18 18:02:39.201461,2026/05/18 18:02:39.362,0,NVIDIA A100-SXM-64GB,119.43,31922,83
753,2026-05-18 18:02:39.201461,2026/05/18 18:02:39.364,1,NVIDIA A100-SXM-64GB,111.71,31938,65
754,2026-05-18 18:02:39.201461,2026/05/18 18:02:39.369,2,NVIDIA A100-SXM-64GB,111.63,31908,63
755,2026-05-18 18:02:39.201461,2026/05/18 18:02:39.423,3,NVIDIA A100-SXM-64GB,111.97,31880,87
756,2026-05-18 18:02:44.476695,2026/05/18 18:02:44.649,0,NVIDIA A100-SXM-64GB,114.58,31922,100
757,2026-05-18 18:02:44.476695,2026/05/18 18:02:44.652,1,NVIDIA A100-SXM-64GB,127.36,31938,100
758,2026-05-18 18:02:44.476695,2026/05/18 18:02:44.698,2,NVIDIA A100-SXM-64GB,92.82,31908,100
759,2026-05-18 18:02:44.476695,2026/05/18 18:02:44.701,3,NVIDIA A100-SXM-64GB,100.37,31880,100
760,2026-05-18 18:02:49.771100,2026/05/18 18:02:49.937,0,NVIDIA A100-SXM-64GB,102.94,31922,100
761,2026-05-18 18:02:49.771100,2026/05/18 18:02:49.940,1,NVIDIA A100-SXM-64GB,103.44,31938,100
762,2026-05-18 18:02:49.771100,2026/05/18 18:02:49.977,2,NVIDIA A100-SXM-64GB,95.29,31908,100
763,2026-05-18 18:02:49.771100,2026/05/18 18:02:49.981,3,NVIDIA A100-SXM-64GB,105.49,31880,100
764,2026-05-18 18:02:55.073260,2026/05/18 18:02:55.249,0,NVIDIA A100-SXM-64GB,100.35,31922,100
765,2026-05-18 18:02:55.073260,2026/05/18 18:02:55.252,1,NVIDIA A100-SXM-64GB,116.01,31938,100
766,2026-05-18 18:02:55.073260,2026/05/18 18:02:55.259,2,NVIDIA A100-SXM-64GB,107.19,31908,100
767,2026-05-18 18:02:55.073260,2026/05/18 18:02:55.320,3,NVIDIA A100-SXM-64GB,110.76,31880,100
768,2026-05-18 18:03:00.387041,2026/05/18 18:03:00.556,0,NVIDIA A100-SXM-64GB,116.34,31922,100
769,2026-05-18 18:03:00.387041,2026/05/18 18:03:00.559,1,NVIDIA A100-SXM-64GB,108.07,31938,100
770,2026-05-18 18:03:00.387041,2026/05/18 18:03:00.567,2,NVIDIA A100-SXM-64GB,107.19,31908,100
771,2026-05-18 18:03:00.387041,2026/05/18 18:03:00.634,3,NVIDIA A100-SXM-64GB,108.94,31880,100
772,2026-05-18 18:03:05.696957,2026/05/18 18:03:05.868,0,NVIDIA A100-SXM-64GB,108.95,31922,100
773,2026-05-18 18:03:05.696957,2026/05/18 18:03:05.906,1,NVIDIA A100-SXM-64GB,98.53,31938,100
774,2026-05-18 18:03:05.696957,2026/05/18 18:03:05.909,2,NVIDIA A100-SXM-64GB,100.44,31908,100
775,2026-05-18 18:03:05.696957,2026/05/18 18:03:06.005,3,NVIDIA A100-SXM-64GB,103.12,31880,100
776,2026-05-18 18:03:11.064971,2026/05/18 18:03:11.240,0,NVIDIA A100-SXM-64GB,103.54,31922,100
777,2026-05-18 18:03:11.064971,2026/05/18 18:03:11.243,1,NVIDIA A100-SXM-64GB,107.74,31938,100
778,2026-05-18 18:03:11.064971,2026/05/18 18:03:11.317,2,NVIDIA A100-SXM-64GB,104.72,31908,100
779,2026-05-18 18:03:11.064971,2026/05/18 18:03:11.320,3,NVIDIA A100-SXM-64GB,108.02,31880,100
780,2026-05-18 18:03:16.412910,2026/05/18 18:03:16.583,0,NVIDIA A100-SXM-64GB,114.79,31922,100
781,2026-05-18 18:03:16.412910,2026/05/18 18:03:16.585,1,NVIDIA A100-SXM-64GB,113.25,31938,100
782,2026-05-18 18:03:16.412910,2026/05/18 18:03:16.656,2,NVIDIA A100-SXM-64GB,103.24,31908,100
783,2026-05-18 18:03:16.412910,2026/05/18 18:03:16.659,3,NVIDIA A100-SXM-64GB,105.87,31880,100
784,2026-05-18 18:03:21.755817,2026/05/18 18:03:21.921,0,NVIDIA A100-SXM-64GB,111.55,31922,100
785,2026-05-18 18:03:21.755817,2026/05/18 18:03:21.924,1,NVIDIA A100-SXM-64GB,107.41,31938,100
786,2026-05-18 18:03:21.755817,2026/05/18 18:03:22.001,2,NVIDIA A100-SXM-64GB,104.12,31908,100
787,2026-05-18 18:03:21.755817,2026/05/18 18:03:22.037,3,NVIDIA A100-SXM-64GB,105.27,31880,100
788,2026-05-18 18:03:27.089331,2026/05/18 18:03:27.251,0,NVIDIA A100-SXM-64GB,118.76,31922,100
789,2026-05-18 18:03:27.089331,2026/05/18 18:03:27.254,1,NVIDIA A100-SXM-64GB,115.40,31938,100
790,2026-05-18 18:03:27.089331,2026/05/18 18:03:27.300,2,NVIDIA A100-SXM-64GB,96.49,31908,100
791,2026-05-18 18:03:27.089331,2026/05/18 18:03:27.303,3,NVIDIA A100-SXM-64GB,98.23,31880,100
792,2026-05-18 18:03:32.411518,2026/05/18 18:03:32.573,0,NVIDIA A100-SXM-64GB,115.13,31922,100
793,2026-05-18 18:03:32.411518,2026/05/18 18:03:32.576,1,NVIDIA A100-SXM-64GB,113.86,31938,100
794,2026-05-18 18:03:32.411518,2026/05/18 18:03:32.591,2,NVIDIA A100-SXM-64GB,107.68,31908,100
795,2026-05-18 18:03:32.411518,2026/05/18 18:03:32.600,3,NVIDIA A100-SXM-64GB,110.04,31880,100
796,2026-05-18 18:03:37.702734,2026/05/18 18:03:37.878,0,NVIDIA A100-SXM-64GB,106.81,31922,100
797,2026-05-18 18:03:37.702734,2026/05/18 18:03:37.881,1,NVIDIA A100-SXM-64GB,108.95,31938,100
798,2026-05-18 18:03:37.702734,2026/05/18 18:03:37.886,2,NVIDIA A100-SXM-64GB,99.57,31908,100
799,2026-05-18 18:03:37.702734,2026/05/18 18:03:37.944,3,NVIDIA A100-SXM-64GB,100.98,31880,100
800,2026-05-18 18:03:43.018573,2026/05/18 18:03:43.184,0,NVIDIA A100-SXM-64GB,103.11,31922,100
801,2026-05-18 18:03:43.018573,2026/05/18 18:03:43.237,1,NVIDIA A100-SXM-64GB,102.83,31938,100
802,2026-05-18 18:03:43.018573,2026/05/18 18:03:43.240,2,NVIDIA A100-SXM-64GB,95.56,31908,100
803,2026-05-18 18:03:43.018573,2026/05/18 18:03:43.256,3,NVIDIA A100-SXM-64GB,97.62,31880,100
804,2026-05-18 18:03:48.364324,2026/05/18 18:03:48.535,0,NVIDIA A100-SXM-64GB,119.83,31922,100
805,2026-05-18 18:03:48.364324,2026/05/18 18:03:48.538,1,NVIDIA A100-SXM-64GB,131.06,31938,100
806,2026-05-18 18:03:48.364324,2026/05/18 18:03:48.543,2,NVIDIA A100-SXM-64GB,101.10,31908,100
807,2026-05-18 18:03:48.364324,2026/05/18 18:03:48.604,3,NVIDIA A100-SXM-64GB,111.69,31880,100
808,2026-05-18 18:03:53.644978,2026/05/18 18:03:53.813,0,NVIDIA A100-SXM-64GB,106.52,31922,100
809,2026-05-18 18:03:53.644978,2026/05/18 18:03:53.816,1,NVIDIA A100-SXM-64GB,100.95,31938,100
810,2026-05-18 18:03:53.644978,2026/05/18 18:03:53.854,2,NVIDIA A100-SXM-64GB,100.77,31908,100
811,2026-05-18 18:03:53.644978,2026/05/18 18:03:53.857,3,NVIDIA A100-SXM-64GB,103.12,31880,100
812,2026-05-18 18:03:58.957594,2026/05/18 18:03:59.131,0,NVIDIA A100-SXM-64GB,106.19,31922,100
813,2026-05-18 18:03:58.957594,2026/05/18 18:03:59.134,1,NVIDIA A100-SXM-64GB,110.49,31938,100
814,2026-05-18 18:03:58.957594,2026/05/18 18:03:59.178,2,NVIDIA A100-SXM-64GB,99.84,31908,100
815,2026-05-18 18:03:58.957594,2026/05/18 18:03:59.203,3,NVIDIA A100-SXM-64GB,102.79,31880,100
816,2026-05-18 18:04:04.239783,2026/05/18 18:04:04.410,0,NVIDIA A100-SXM-64GB,104.48,31922,100
817,2026-05-18 18:04:04.239783,2026/05/18 18:04:04.413,1,NVIDIA A100-SXM-64GB,109.28,31938,100
818,2026-05-18 18:04:04.239783,2026/05/18 18:04:04.423,2,NVIDIA A100-SXM-64GB,100.17,31908,100
819,2026-05-18 18:04:04.239783,2026/05/18 18:04:04.485,3,NVIDIA A100-SXM-64GB,112.30,31880,100
820,2026-05-18 18:04:09.557629,2026/05/18 18:04:09.735,0,NVIDIA A100-SXM-64GB,112.76,31922,100
821,2026-05-18 18:04:09.557629,2026/05/18 18:04:09.738,1,NVIDIA A100-SXM-64GB,108.18,31938,100
822,2026-05-18 18:04:09.557629,2026/05/18 18:04:09.797,2,NVIDIA A100-SXM-64GB,104.72,31908,100
823,2026-05-18 18:04:09.557629,2026/05/18 18:04:09.800,3,NVIDIA A100-SXM-64GB,108.23,31880,100
824,2026-05-18 18:04:14.888789,2026/05/18 18:04:15.062,0,NVIDIA A100-SXM-64GB,110.28,31922,100
825,2026-05-18 18:04:14.888789,2026/05/18 18:04:15.090,1,NVIDIA A100-SXM-64GB,107.41,31938,100
826,2026-05-18 18:04:14.888789,2026/05/18 18:04:15.093,2,NVIDIA A100-SXM-64GB,99.57,31908,100
827,2026-05-18 18:04:14.888789,2026/05/18 18:04:15.153,3,NVIDIA A100-SXM-64GB,102.52,31880,100
828,2026-05-18 18:04:20.230140,2026/05/18 18:04:20.413,0,NVIDIA A100-SXM-64GB,116.46,31922,100
829,2026-05-18 18:04:20.230140,2026/05/18 18:04:20.415,1,NVIDIA A100-SXM-64GB,111.71,31938,100
830,2026-05-18 18:04:20.230140,2026/05/18 18:04:20.470,2,NVIDIA A100-SXM-64GB,96.82,31908,100
831,2026-05-18 18:04:20.230140,2026/05/18 18:04:20.473,3,NVIDIA A100-SXM-64GB,107.62,31880,100
832,2026-05-18 18:04:25.587221,2026/05/18 18:04:25.750,0,NVIDIA A100-SXM-64GB,108.79,31922,94
833,2026-05-18 18:04:25.587221,2026/05/18 18:04:25.754,1,NVIDIA A100-SXM-64GB,102.22,31938,96
834,2026-05-18 18:04:25.587221,2026/05/18 18:04:25.815,2,NVIDIA A100-SXM-64GB,96.49,31908,100
835,2026-05-18 18:04:25.587221,2026/05/18 18:04:25.818,3,NVIDIA A100-SXM-64GB,100.64,31880,99
836,2026-05-18 18:04:30.887173,2026/05/18 18:04:31.058,0,NVIDIA A100-SXM-64GB,109.39,31922,100
837,2026-05-18 18:04:30.887173,2026/05/18 18:04:31.099,1,NVIDIA A100-SXM-64GB,107.85,31938,100
838,2026-05-18 18:04:30.887173,2026/05/18 18:04:31.102,2,NVIDIA A100-SXM-64GB,98.03,31908,100
839,2026-05-18 18:04:30.887173,2026/05/18 18:04:31.158,3,NVIDIA A100-SXM-64GB,98.51,31880,100
840,2026-05-18 18:04:36.210970,2026/05/18 18:04:36.384,0,NVIDIA A100-SXM-64GB,112.15,31922,100
841,2026-05-18 18:04:36.210970,2026/05/18 18:04:36.387,1,NVIDIA A100-SXM-64GB,111.71,31938,100
842,2026-05-18 18:04:36.210970,2026/05/18 18:04:36.390,2,NVIDIA A100-SXM-64GB,104.12,31908,100
843,2026-05-18 18:04:36.210970,2026/05/18 18:04:36.451,3,NVIDIA A100-SXM-64GB,107.08,31880,100
844,2026-05-18 18:04:41.522415,2026/05/18 18:04:41.699,0,NVIDIA A100-SXM-64GB,134.15,31922,100
845,2026-05-18 18:04:41.522415,2026/05/18 18:04:41.704,1,NVIDIA A100-SXM-64GB,110.49,31938,100
846,2026-05-18 18:04:41.522415,2026/05/18 18:04:41.764,2,NVIDIA A100-SXM-64GB,104.12,31908,100
847,2026-05-18 18:04:41.522415,2026/05/18 18:04:41.767,3,NVIDIA A100-SXM-64GB,112.19,31880,100
848,2026-05-18 18:04:46.858760,2026/05/18 18:04:47.025,0,NVIDIA A100-SXM-64GB,99.24,31922,100
849,2026-05-18 18:04:46.858760,2026/05/18 18:04:47.028,1,NVIDIA A100-SXM-64GB,96.98,31938,100
850,2026-05-18 18:04:46.858760,2026/05/18 18:04:47.031,2,NVIDIA A100-SXM-64GB,91.61,31908,100
851,2026-05-18 18:04:46.858760,2026/05/18 18:04:47.082,3,NVIDIA A100-SXM-64GB,94.55,31880,100
852,2026-05-18 18:04:52.161757,2026/05/18 18:04:52.329,0,NVIDIA A100-SXM-64GB,110.00,31922,100
853,2026-05-18 18:04:52.161757,2026/05/18 18:04:52.332,1,NVIDIA A100-SXM-64GB,97.60,31938,100
854,2026-05-18 18:04:52.161757,2026/05/18 18:04:52.374,2,NVIDIA A100-SXM-64GB,114.43,31908,100
855,2026-05-18 18:04:52.161757,2026/05/18 18:04:52.377,3,NVIDIA A100-SXM-64GB,119.82,31880,100
856,2026-05-18 18:04:57.448034,2026/05/18 18:04:57.661,0,NVIDIA A100-SXM-64GB,107.52,31922,100
857,2026-05-18 18:04:57.448034,2026/05/18 18:04:57.728,1,NVIDIA A100-SXM-64GB,102.22,31938,100
858,2026-05-18 18:04:57.448034,2026/05/18 18:04:57.741,2,NVIDIA A100-SXM-64GB,105.98,31908,100
859,2026-05-18 18:04:57.448034,2026/05/18 18:04:57.774,3,NVIDIA A100-SXM-64GB,108.83,31880,100
860,2026-05-18 18:05:02.868839,2026/05/18 18:05:02.979,0,NVIDIA A100-SXM-64GB,79.25,31922,0
861,2026-05-18 18:05:02.868839,2026/05/18 18:05:02.985,1,NVIDIA A100-SXM-64GB,78.24,31938,0
862,2026-05-18 18:05:02.868839,2026/05/18 18:05:03.004,2,NVIDIA A100-SXM-64GB,91.28,31908,100
863,2026-05-18 18:05:02.868839,2026/05/18 18:05:03.024,3,NVIDIA A100-SXM-64GB,76.18,31880,0
864,2026-05-18 18:05:08.083820,2026/05/18 18:05:08.273,0,NVIDIA A100-SXM-64GB,100.68,31922,100
865,2026-05-18 18:05:08.083820,2026/05/18 18:05:08.276,1,NVIDIA A100-SXM-64GB,107.41,31938,100
866,2026-05-18 18:05:08.083820,2026/05/18 18:05:08.280,2,NVIDIA A100-SXM-64GB,93.15,31908,100
867,2026-05-18 18:05:08.083820,2026/05/18 18:05:08.337,3,NVIDIA A100-SXM-64GB,104.93,31880,100
868,2026-05-18 18:05:13.380356,2026/05/18 18:05:13.556,0,NVIDIA A100-SXM-64GB,122.19,31922,100
869,2026-05-18 18:05:13.380356,2026/05/18 18:05:13.603,1,NVIDIA A100-SXM-64GB,106.52,31938,100
870,2026-05-18 18:05:13.380356,2026/05/18 18:05:13.635,2,NVIDIA A100-SXM-64GB,116.35,31908,96
871,2026-05-18 18:05:13.380356,2026/05/18 18:05:13.684,3,NVIDIA A100-SXM-64GB,112.90,31880,92
872,2026-05-18 18:05:18.725592,2026/05/18 18:05:18.891,0,NVIDIA A100-SXM-64GB,109.39,31922,100
873,2026-05-18 18:05:18.725592,2026/05/18 18:05:18.894,1,NVIDIA A100-SXM-64GB,135.36,31938,100
874,2026-05-18 18:05:18.725592,2026/05/18 18:05:18.961,2,NVIDIA A100-SXM-64GB,98.03,31908,100
875,2026-05-18 18:05:18.725592,2026/05/18 18:05:18.964,3,NVIDIA A100-SXM-64GB,97.62,31880,100
876,2026-05-18 18:05:24.057981,2026/05/18 18:05:24.228,0,NVIDIA A100-SXM-64GB,104.76,31922,100
877,2026-05-18 18:05:24.057981,2026/05/18 18:05:24.231,1,NVIDIA A100-SXM-64GB,117.28,31938,100
878,2026-05-18 18:05:24.057981,2026/05/18 18:05:24.238,2,NVIDIA A100-SXM-64GB,95.89,31908,100
879,2026-05-18 18:05:24.057981,2026/05/18 18:05:24.276,3,NVIDIA A100-SXM-64GB,97.02,31880,100
880,2026-05-18 18:05:29.373335,2026/05/18 18:05:29.558,0,NVIDIA A100-SXM-64GB,112.65,31922,100
881,2026-05-18 18:05:29.373335,2026/05/18 18:05:29.590,1,NVIDIA A100-SXM-64GB,102.50,31938,100
882,2026-05-18 18:05:29.373335,2026/05/18 18:05:29.593,2,NVIDIA A100-SXM-64GB,104.72,31908,100
883,2026-05-18 18:05:29.373335,2026/05/18 18:05:29.605,3,NVIDIA A100-SXM-64GB,109.23,31880,100
884,2026-05-18 18:05:34.716048,2026/05/18 18:05:34.890,0,NVIDIA A100-SXM-64GB,99.84,31922,100
885,2026-05-18 18:05:34.716048,2026/05/18 18:05:34.893,1,NVIDIA A100-SXM-64GB,140.00,31938,100
886,2026-05-18 18:05:34.716048,2026/05/18 18:05:34.902,2,NVIDIA A100-SXM-64GB,101.97,31908,100
887,2026-05-18 18:05:34.716048,2026/05/18 18:05:34.961,3,NVIDIA A100-SXM-64GB,104.66,31880,100
888,2026-05-18 18:05:40.031749,2026/05/18 18:05:40.187,0,NVIDIA A100-SXM-64GB,111.82,31922,96
889,2026-05-18 18:05:40.031749,2026/05/18 18:05:40.190,1,NVIDIA A100-SXM-64GB,125.35,31938,76
890,2026-05-18 18:05:40.031749,2026/05/18 18:05:40.232,2,NVIDIA A100-SXM-64GB,103.52,31908,93
891,2026-05-18 18:05:40.031749,2026/05/18 18:05:40.235,3,NVIDIA A100-SXM-64GB,108.34,31880,100
892,2026-05-18 18:05:45.340034,2026/05/18 18:05:45.504,0,NVIDIA A100-SXM-64GB,105.09,31922,100
893,2026-05-18 18:05:45.340034,2026/05/18 18:05:45.507,1,NVIDIA A100-SXM-64GB,123.73,31938,100
894,2026-05-18 18:05:45.340034,2026/05/18 18:05:45.519,2,NVIDIA A100-SXM-64GB,97.42,31908,100
895,2026-05-18 18:05:45.340034,2026/05/18 18:05:45.589,3,NVIDIA A100-SXM-64GB,106.81,31880,100
896,2026-05-18 18:05:50.664911,2026/05/18 18:05:50.835,0,NVIDIA A100-SXM-64GB,108.68,31922,100
897,2026-05-18 18:05:50.664911,2026/05/18 18:05:50.869,1,NVIDIA A100-SXM-64GB,113.58,31938,100
898,2026-05-18 18:05:50.664911,2026/05/18 18:05:50.872,2,NVIDIA A100-SXM-64GB,99.23,31908,100
899,2026-05-18 18:05:50.664911,2026/05/18 18:05:50.929,3,NVIDIA A100-SXM-64GB,104.22,31880,100
900,2026-05-18 18:05:56.021841,2026/05/18 18:05:56.191,0,NVIDIA A100-SXM-64GB,111.11,31922,100
901,2026-05-18 18:05:56.021841,2026/05/18 18:05:56.194,1,NVIDIA A100-SXM-64GB,112.98,31938,100
902,2026-05-18 18:05:56.021841,2026/05/18 18:05:56.239,2,NVIDIA A100-SXM-64GB,96.82,31908,100
903,2026-05-18 18:05:56.021841,2026/05/18 18:05:56.242,3,NVIDIA A100-SXM-64GB,97.90,31880,100
904,2026-05-18 18:06:01.342818,2026/05/18 18:06:01.513,0,NVIDIA A100-SXM-64GB,101.29,31922,100
905,2026-05-18 18:06:01.342818,2026/05/18 18:06:01.516,1,NVIDIA A100-SXM-64GB,116.83,31938,100
906,2026-05-18 18:06:01.342818,2026/05/18 18:06:01.529,2,NVIDIA A100-SXM-64GB,94.26,31908,100
907,2026-05-18 18:06:01.342818,2026/05/18 18:06:01.601,3,NVIDIA A100-SXM-64GB,97.20,31880,100
908,2026-05-18 18:06:06.690291,2026/05/18 18:06:06.857,0,NVIDIA A100-SXM-64GB,118.97,31922,94
909,2026-05-18 18:06:06.690291,2026/05/18 18:06:06.883,1,NVIDIA A100-SXM-64GB,117.77,31938,100
910,2026-05-18 18:06:06.690291,2026/05/18 18:06:06.957,2,NVIDIA A100-SXM-64GB,98.20,31908,90
911,2026-05-18 18:06:06.690291,2026/05/18 18:06:06.960,3,NVIDIA A100-SXM-64GB,104.55,31880,100
912,2026-05-18 18:06:12.055452,2026/05/18 18:06:12.233,0,NVIDIA A100-SXM-64GB,168.33,31922,100
913,2026-05-18 18:06:12.055452,2026/05/18 18:06:12.236,1,NVIDIA A100-SXM-64GB,100.85,31938,100
914,2026-05-18 18:06:12.055452,2026/05/18 18:06:12.239,2,NVIDIA A100-SXM-64GB,137.00,31908,100
915,2026-05-18 18:06:12.055452,2026/05/18 18:06:12.265,3,NVIDIA A100-SXM-64GB,119.54,31880,100
916,2026-05-18 18:06:17.376773,2026/05/18 18:06:17.549,0,NVIDIA A100-SXM-64GB,112.65,31922,100
917,2026-05-18 18:06:17.376773,2026/05/18 18:06:17.552,1,NVIDIA A100-SXM-64GB,106.52,31938,100
918,2026-05-18 18:06:17.376773,2026/05/18 18:06:17.560,2,NVIDIA A100-SXM-64GB,104.94,31908,100
919,2026-05-18 18:06:17.376773,2026/05/18 18:06:17.582,3,NVIDIA A100-SXM-64GB,109.11,31880,100
920,2026-05-18 18:06:22.692291,2026/05/18 18:06:22.862,0,NVIDIA A100-SXM-64GB,108.95,31922,100
921,2026-05-18 18:06:22.692291,2026/05/18 18:06:22.865,1,NVIDIA A100-SXM-64GB,106.19,31938,100
922,2026-05-18 18:06:22.692291,2026/05/18 18:06:22.918,2,NVIDIA A100-SXM-64GB,141.27,31908,100
923,2026-05-18 18:06:22.692291,2026/05/18 18:06:22.921,3,NVIDIA A100-SXM-64GB,121.08,31880,100
924,2026-05-18 18:06:27.986169,2026/05/18 18:06:28.165,0,NVIDIA A100-SXM-64GB,106.19,31922,100
925,2026-05-18 18:06:27.986169,2026/05/18 18:06:28.168,1,NVIDIA A100-SXM-64GB,110.82,31938,100
926,2026-05-18 18:06:27.986169,2026/05/18 18:06:28.216,2,NVIDIA A100-SXM-64GB,105.54,31908,100
927,2026-05-18 18:06:27.986169,2026/05/18 18:06:28.219,3,NVIDIA A100-SXM-64GB,108.23,31880,100
928,2026-05-18 18:06:33.329793,2026/05/18 18:06:33.576,0,NVIDIA A100-SXM-64GB,111.11,31922,91
929,2026-05-18 18:06:33.329793,2026/05/18 18:06:33.579,1,NVIDIA A100-SXM-64GB,111.43,31938,63
930,2026-05-18 18:06:33.329793,2026/05/18 18:06:33.582,2,NVIDIA A100-SXM-64GB,102.91,31908,85
931,2026-05-18 18:06:33.329793,2026/05/18 18:06:33.637,3,NVIDIA A100-SXM-64GB,104.82,31880,93
932,2026-05-18 18:06:38.685866,2026/05/18 18:06:38.857,0,NVIDIA A100-SXM-64GB,123.73,31922,100
933,2026-05-18 18:06:38.685866,2026/05/18 18:06:38.907,1,NVIDIA A100-SXM-64GB,109.28,31938,100
934,2026-05-18 18:06:38.685866,2026/05/18 18:06:38.909,2,NVIDIA A100-SXM-64GB,101.10,31908,100
935,2026-05-18 18:06:38.685866,2026/05/18 18:06:38.964,3,NVIDIA A100-SXM-64GB,100.64,31880,100
936,2026-05-18 18:06:44.010046,2026/05/18 18:06:44.170,0,NVIDIA A100-SXM-64GB,113.86,31922,100
937,2026-05-18 18:06:44.010046,2026/05/18 18:06:44.173,1,NVIDIA A100-SXM-64GB,105.25,31938,100
938,2026-05-18 18:06:44.010046,2026/05/18 18:06:44.222,2,NVIDIA A100-SXM-64GB,106.75,31908,100
939,2026-05-18 18:06:44.010046,2026/05/18 18:06:44.225,3,NVIDIA A100-SXM-64GB,110.65,31880,100
940,2026-05-18 18:06:49.289979,2026/05/18 18:06:49.466,0,NVIDIA A100-SXM-64GB,113.70,31922,100
941,2026-05-18 18:06:49.289979,2026/05/18 18:06:49.469,1,NVIDIA A100-SXM-64GB,108.35,31938,100
942,2026-05-18 18:06:49.289979,2026/05/18 18:06:49.472,2,NVIDIA A100-SXM-64GB,138.21,31908,100
943,2026-05-18 18:06:49.289979,2026/05/18 18:06:49.532,3,NVIDIA A100-SXM-64GB,120.42,31880,100
944,2026-05-18 18:06:54.582565,2026/05/18 18:06:54.753,0,NVIDIA A100-SXM-64GB,114.19,31922,100
945,2026-05-18 18:06:54.582565,2026/05/18 18:06:54.756,1,NVIDIA A100-SXM-64GB,119.43,31938,100
946,2026-05-18 18:06:54.582565,2026/05/18 18:06:54.798,2,NVIDIA A100-SXM-64GB,101.37,31908,100
947,2026-05-18 18:06:54.582565,2026/05/18 18:06:54.801,3,NVIDIA A100-SXM-64GB,105.49,31880,100
948,2026-05-18 18:06:59.917527,2026/05/18 18:07:00.092,0,NVIDIA A100-SXM-64GB,106.91,31922,100
949,2026-05-18 18:06:59.917527,2026/05/18 18:07:00.095,1,NVIDIA A100-SXM-64GB,110.17,31938,100
950,2026-05-18 18:06:59.917527,2026/05/18 18:07:00.100,2,NVIDIA A100-SXM-64GB,101.70,31908,100
951,2026-05-18 18:06:59.917527,2026/05/18 18:07:00.162,3,NVIDIA A100-SXM-64GB,110.15,31880,100
952,2026-05-18 18:07:05.235746,2026/05/18 18:07:05.409,0,NVIDIA A100-SXM-64GB,100.18,31922,100
953,2026-05-18 18:07:05.235746,2026/05/18 18:07:05.412,1,NVIDIA A100-SXM-64GB,110.49,31938,100
954,2026-05-18 18:07:05.235746,2026/05/18 18:07:05.424,2,NVIDIA A100-SXM-64GB,125.18,31908,100
955,2026-05-18 18:07:05.235746,2026/05/18 18:07:05.467,3,NVIDIA A100-SXM-64GB,104.93,31880,100
956,2026-05-18 18:07:10.568150,2026/05/18 18:07:10.743,0,NVIDIA A100-SXM-64GB,116.46,31922,100
957,2026-05-18 18:07:10.568150,2026/05/18 18:07:10.785,1,NVIDIA A100-SXM-64GB,101.62,31938,100
958,2026-05-18 18:07:10.568150,2026/05/18 18:07:10.787,2,NVIDIA A100-SXM-64GB,103.24,31908,100
959,2026-05-18 18:07:10.568150,2026/05/18 18:07:10.800,3,NVIDIA A100-SXM-64GB,104.93,31880,100
960,2026-05-18 18:07:15.885392,2026/05/18 18:07:16.043,0,NVIDIA A100-SXM-64GB,104.48,31922,100
961,2026-05-18 18:07:15.885392,2026/05/18 18:07:16.046,1,NVIDIA A100-SXM-64GB,126.16,31938,100
962,2026-05-18 18:07:15.885392,2026/05/18 18:07:16.089,2,NVIDIA A100-SXM-64GB,99.84,31908,100
963,2026-05-18 18:07:15.885392,2026/05/18 18:07:16.092,3,NVIDIA A100-SXM-64GB,105.27,31880,100
964,2026-05-18 18:07:21.160014,2026/05/18 18:07:21.325,0,NVIDIA A100-SXM-64GB,103.21,31922,100
965,2026-05-18 18:07:21.160014,2026/05/18 18:07:21.362,1,NVIDIA A100-SXM-64GB,112.65,31938,100
966,2026-05-18 18:07:21.160014,2026/05/18 18:07:21.365,2,NVIDIA A100-SXM-64GB,99.57,31908,100
967,2026-05-18 18:07:21.160014,2026/05/18 18:07:21.377,3,NVIDIA A100-SXM-64GB,109.55,31880,100
968,2026-05-18 18:07:26.458794,2026/05/18 18:07:26.626,0,NVIDIA A100-SXM-64GB,111.82,31922,100
969,2026-05-18 18:07:26.458794,2026/05/18 18:07:26.665,1,NVIDIA A100-SXM-64GB,113.25,31938,100
970,2026-05-18 18:07:26.458794,2026/05/18 18:07:26.667,2,NVIDIA A100-SXM-64GB,101.97,31908,100
971,2026-05-18 18:07:26.458794,2026/05/18 18:07:26.711,3,NVIDIA A100-SXM-64GB,105.27,31880,100
972,2026-05-18 18:07:31.792398,2026/05/18 18:07:31.958,0,NVIDIA A100-SXM-64GB,103.54,31922,100
973,2026-05-18 18:07:31.792398,2026/05/18 18:07:31.961,1,NVIDIA A100-SXM-64GB,112.32,31938,100
974,2026-05-18 18:07:31.792398,2026/05/18 18:07:31.968,2,NVIDIA A100-SXM-64GB,100.77,31908,100
975,2026-05-18 18:07:31.792398,2026/05/18 18:07:32.023,3,NVIDIA A100-SXM-64GB,107.41,31880,100
976,2026-05-18 18:07:37.104242,2026/05/18 18:07:37.270,0,NVIDIA A100-SXM-64GB,113.37,31922,100
977,2026-05-18 18:07:37.104242,2026/05/18 18:07:37.273,1,NVIDIA A100-SXM-64GB,112.65,31938,100
978,2026-05-18 18:07:37.104242,2026/05/18 18:07:37.276,2,NVIDIA A100-SXM-64GB,101.70,31908,100
979,2026-05-18 18:07:37.104242,2026/05/18 18:07:37.375,3,NVIDIA A100-SXM-64GB,106.20,31880,100
980,2026-05-18 18:07:42.496209,2026/05/18 18:07:42.666,0,NVIDIA A100-SXM-64GB,155.32,31922,100
981,2026-05-18 18:07:42.496209,2026/05/18 18:07:42.669,1,NVIDIA A100-SXM-64GB,104.98,31938,100
982,2026-05-18 18:07:42.496209,2026/05/18 18:07:42.740,2,NVIDIA A100-SXM-64GB,102.31,31908,100
983,2026-05-18 18:07:42.496209,2026/05/18 18:07:42.743,3,NVIDIA A100-SXM-64GB,115.26,31880,100
984,2026-05-18 18:07:47.843877,2026/05/18 18:07:48.015,0,NVIDIA A100-SXM-64GB,105.70,31922,100
985,2026-05-18 18:07:47.843877,2026/05/18 18:07:48.018,1,NVIDIA A100-SXM-64GB,107.41,31938,100
986,2026-05-18 18:07:47.843877,2026/05/18 18:07:48.024,2,NVIDIA A100-SXM-64GB,92.21,31908,100
987,2026-05-18 18:07:47.843877,2026/05/18 18:07:48.080,3,NVIDIA A100-SXM-64GB,102.08,31880,100
988,2026-05-18 18:07:53.171194,2026/05/18 18:07:53.335,0,NVIDIA A100-SXM-64GB,114.19,31922,100
989,2026-05-18 18:07:53.171194,2026/05/18 18:07:53.338,1,NVIDIA A100-SXM-64GB,113.86,31938,100
990,2026-05-18 18:07:53.171194,2026/05/18 18:07:53.394,2,NVIDIA A100-SXM-64GB,112.56,31908,100
991,2026-05-18 18:07:53.171194,2026/05/18 18:07:53.397,3,NVIDIA A100-SXM-64GB,106.37,31880,100
992,2026-05-18 18:07:58.496212,2026/05/18 18:07:58.663,0,NVIDIA A100-SXM-64GB,104.05,31922,100
993,2026-05-18 18:07:58.496212,2026/05/18 18:07:58.666,1,NVIDIA A100-SXM-64GB,111.11,31938,100
994,2026-05-18 18:07:58.496212,2026/05/18 18:07:58.673,2,NVIDIA A100-SXM-64GB,100.17,31908,100
995,2026-05-18 18:07:58.496212,2026/05/18 18:07:58.734,3,NVIDIA A100-SXM-64GB,99.67,31880,100
996,2026-05-18 18:08:03.779191,2026/05/18 18:08:03.948,0,NVIDIA A100-SXM-64GB,113.58,31922,100
997,2026-05-18 18:08:03.779191,2026/05/18 18:08:03.951,1,NVIDIA A100-SXM-64GB,109.28,31938,100
998,2026-05-18 18:08:03.779191,2026/05/18 18:08:03.999,2,NVIDIA A100-SXM-64GB,102.80,31908,100
999,2026-05-18 18:08:03.779191,2026/05/18 18:08:04.036,3,NVIDIA A100-SXM-64GB,106.97,31880,100
1000,2026-05-18 18:08:09.079392,2026/05/18 18:08:09.239,0,NVIDIA A100-SXM-64GB,116.62,31922,100
1001,2026-05-18 18:08:09.079392,2026/05/18 18:08:09.242,1,NVIDIA A100-SXM-64GB,109.56,31938,84
1002,2026-05-18 18:08:09.079392,2026/05/18 18:08:09.281,2,NVIDIA A100-SXM-64GB,104.12,31908,100
1003,2026-05-18 18:08:09.079392,2026/05/18 18:08:09.285,3,NVIDIA A100-SXM-64GB,109.83,31880,44
1004,2026-05-18 18:08:14.368723,2026/05/18 18:08:14.545,0,NVIDIA A100-SXM-64GB,103.44,31922,100
1005,2026-05-18 18:08:14.368723,2026/05/18 18:08:14.548,1,NVIDIA A100-SXM-64GB,112.04,31938,100
1006,2026-05-18 18:08:14.368723,2026/05/18 18:08:14.551,2,NVIDIA A100-SXM-64GB,104.72,31908,100
1007,2026-05-18 18:08:14.368723,2026/05/18 18:08:14.618,3,NVIDIA A100-SXM-64GB,159.91,31880,100
1008,2026-05-18 18:08:19.676478,2026/05/18 18:08:19.845,0,NVIDIA A100-SXM-64GB,112.32,31922,100
1009,2026-05-18 18:08:19.676478,2026/05/18 18:08:19.848,1,NVIDIA A100-SXM-64GB,108.84,31938,100
1010,2026-05-18 18:08:19.676478,2026/05/18 18:08:19.889,2,NVIDIA A100-SXM-64GB,105.54,31908,100
1011,2026-05-18 18:08:19.676478,2026/05/18 18:08:19.892,3,NVIDIA A100-SXM-64GB,107.62,31880,100
1012,2026-05-18 18:08:24.957121,2026/05/18 18:08:25.125,0,NVIDIA A100-SXM-64GB,108.35,31922,100
1013,2026-05-18 18:08:24.957121,2026/05/18 18:08:25.128,1,NVIDIA A100-SXM-64GB,112.65,31938,100
1014,2026-05-18 18:08:24.957121,2026/05/18 18:08:25.131,2,NVIDIA A100-SXM-64GB,105.38,31908,100
1015,2026-05-18 18:08:24.957121,2026/05/18 18:08:25.151,3,NVIDIA A100-SXM-64GB,109.83,31880,100
1016,2026-05-18 18:08:30.233879,2026/05/18 18:08:30.399,0,NVIDIA A100-SXM-64GB,102.83,31922,100
1017,2026-05-18 18:08:30.233879,2026/05/18 18:08:30.403,1,NVIDIA A100-SXM-64GB,104.65,31938,100
1018,2026-05-18 18:08:30.233879,2026/05/18 18:08:30.446,2,NVIDIA A100-SXM-64GB,99.57,31908,100
1019,2026-05-18 18:08:30.233879,2026/05/18 18:08:30.449,3,NVIDIA A100-SXM-64GB,104.33,31880,100
1020,2026-05-18 18:08:35.538913,2026/05/18 18:08:35.704,0,NVIDIA A100-SXM-64GB,123.06,31922,100
1021,2026-05-18 18:08:35.538913,2026/05/18 18:08:35.707,1,NVIDIA A100-SXM-64GB,113.25,31938,100
1022,2026-05-18 18:08:35.538913,2026/05/18 18:08:35.721,2,NVIDIA A100-SXM-64GB,102.91,31908,100
1023,2026-05-18 18:08:35.538913,2026/05/18 18:08:35.781,3,NVIDIA A100-SXM-64GB,125.64,31880,100
1024,2026-05-18 18:08:40.873305,2026/05/18 18:08:41.036,0,NVIDIA A100-SXM-64GB,108.46,31922,100
1025,2026-05-18 18:08:40.873305,2026/05/18 18:08:41.039,1,NVIDIA A100-SXM-64GB,99.74,31938,100
1026,2026-05-18 18:08:40.873305,2026/05/18 18:08:41.042,2,NVIDIA A100-SXM-64GB,92.82,31908,100
1027,2026-05-18 18:08:40.873305,2026/05/18 18:08:41.102,3,NVIDIA A100-SXM-64GB,120.15,31880,100
1028,2026-05-18 18:08:46.163134,2026/05/18 18:08:46.330,0,NVIDIA A100-SXM-64GB,101.39,31922,100
1029,2026-05-18 18:08:46.163134,2026/05/18 18:08:46.371,1,NVIDIA A100-SXM-64GB,99.14,31938,100
1030,2026-05-18 18:08:46.163134,2026/05/18 18:08:46.374,2,NVIDIA A100-SXM-64GB,100.44,31908,100
1031,2026-05-18 18:08:46.163134,2026/05/18 18:08:46.441,3,NVIDIA A100-SXM-64GB,107.62,31880,100
1032,2026-05-18 18:08:51.482266,2026/05/18 18:08:51.665,0,NVIDIA A100-SXM-64GB,154.38,31922,100
1033,2026-05-18 18:08:51.482266,2026/05/18 18:08:51.668,1,NVIDIA A100-SXM-64GB,117.89,31938,100
1034,2026-05-18 18:08:51.482266,2026/05/18 18:08:51.672,2,NVIDIA A100-SXM-64GB,100.44,31908,100
1035,2026-05-18 18:08:51.482266,2026/05/18 18:08:51.731,3,NVIDIA A100-SXM-64GB,105.49,31880,100
1036,2026-05-18 18:08:56.836034,2026/05/18 18:08:56.997,0,NVIDIA A100-SXM-64GB,103.77,31922,100
1037,2026-05-18 18:08:56.836034,2026/05/18 18:08:57.000,1,NVIDIA A100-SXM-64GB,101.62,31938,100
1038,2026-05-18 18:08:56.836034,2026/05/18 18:08:57.012,2,NVIDIA A100-SXM-64GB,99.13,31908,100
1039,2026-05-18 18:08:56.836034,2026/05/18 18:08:57.073,3,NVIDIA A100-SXM-64GB,98.13,31880,100
1040,2026-05-18 18:09:02.133592,2026/05/18 18:09:02.310,0,NVIDIA A100-SXM-64GB,105.36,31922,100
1041,2026-05-18 18:09:02.133592,2026/05/18 18:09:02.362,1,NVIDIA A100-SXM-64GB,101.29,31938,100
1042,2026-05-18 18:09:02.133592,2026/05/18 18:09:02.365,2,NVIDIA A100-SXM-64GB,97.10,31908,100
1043,2026-05-18 18:09:02.133592,2026/05/18 18:09:02.377,3,NVIDIA A100-SXM-64GB,99.16,31880,100
1044,2026-05-18 18:09:07.493425,2026/05/18 18:09:07.665,0,NVIDIA A100-SXM-64GB,112.98,31922,100
1045,2026-05-18 18:09:07.493425,2026/05/18 18:09:07.668,1,NVIDIA A100-SXM-64GB,103.11,31938,100
1046,2026-05-18 18:09:07.493425,2026/05/18 18:09:07.680,2,NVIDIA A100-SXM-64GB,99.57,31928,100
1047,2026-05-18 18:09:07.493425,2026/05/18 18:09:07.750,3,NVIDIA A100-SXM-64GB,103.62,31880,100
1048,2026-05-18 18:09:12.830905,2026/05/18 18:09:13.010,0,NVIDIA A100-SXM-64GB,109.56,31922,100
1049,2026-05-18 18:09:12.830905,2026/05/18 18:09:13.013,1,NVIDIA A100-SXM-64GB,108.68,31938,100
1050,2026-05-18 18:09:12.830905,2026/05/18 18:09:13.060,2,NVIDIA A100-SXM-64GB,98.63,31928,100
1051,2026-05-18 18:09:12.830905,2026/05/18 18:09:13.063,3,NVIDIA A100-SXM-64GB,99.33,31880,100
1052,2026-05-18 18:09:18.130941,2026/05/18 18:09:18.301,0,NVIDIA A100-SXM-64GB,150.41,31922,100
1053,2026-05-18 18:09:18.130941,2026/05/18 18:09:18.304,1,NVIDIA A100-SXM-64GB,151.02,31938,100
1054,2026-05-18 18:09:18.130941,2026/05/18 18:09:18.315,2,NVIDIA A100-SXM-64GB,95.29,31928,100
1055,2026-05-18 18:09:18.130941,2026/05/18 18:09:18.383,3,NVIDIA A100-SXM-64GB,106.97,31880,100
1056,2026-05-18 18:09:23.470480,2026/05/18 18:09:23.643,0,NVIDIA A100-SXM-64GB,116.95,31922,100
1057,2026-05-18 18:09:23.470480,2026/05/18 18:09:23.646,1,NVIDIA A100-SXM-64GB,112.65,31938,100
1058,2026-05-18 18:09:23.470480,2026/05/18 18:09:23.715,2,NVIDIA A100-SXM-64GB,105.05,31928,100
1059,2026-05-18 18:09:23.470480,2026/05/18 18:09:23.746,3,NVIDIA A100-SXM-64GB,111.86,31880,100
1060,2026-05-18 18:09:28.798841,2026/05/18 18:09:28.975,0,NVIDIA A100-SXM-64GB,99.24,31922,100
1061,2026-05-18 18:09:28.798841,2026/05/18 18:09:28.978,1,NVIDIA A100-SXM-64GB,78.32,31938,0
1062,2026-05-18 18:09:28.798841,2026/05/18 18:09:28.981,2,NVIDIA A100-SXM-64GB,91.61,31928,100
1063,2026-05-18 18:09:28.798841,2026/05/18 18:09:29.022,3,NVIDIA A100-SXM-64GB,94.88,31880,100
1064,2026-05-18 18:09:34.090001,2026/05/18 18:09:34.265,0,NVIDIA A100-SXM-64GB,114.19,31922,100
1065,2026-05-18 18:09:34.090001,2026/05/18 18:09:34.268,1,NVIDIA A100-SXM-64GB,109.56,31938,100
1066,2026-05-18 18:09:34.090001,2026/05/18 18:09:34.329,2,NVIDIA A100-SXM-64GB,99.23,31928,100
1067,2026-05-18 18:09:34.090001,2026/05/18 18:09:34.420,3,NVIDIA A100-SXM-64GB,99.94,31880,100
1068,2026-05-18 18:09:39.480094,2026/05/18 18:09:39.637,0,NVIDIA A100-SXM-64GB,98.20,31922,67
1069,2026-05-18 18:09:39.480094,2026/05/18 18:09:39.640,1,NVIDIA A100-SXM-64GB,96.65,31938,100
1070,2026-05-18 18:09:39.480094,2026/05/18 18:09:39.648,2,NVIDIA A100-SXM-64GB,91.28,31928,100
1071,2026-05-18 18:09:39.480094,2026/05/18 18:09:39.723,3,NVIDIA A100-SXM-64GB,94.27,31880,100
1072,2026-05-18 18:09:44.771393,2026/05/18 18:09:44.938,0,NVIDIA A100-SXM-64GB,105.25,31922,100
1073,2026-05-18 18:09:44.771393,2026/05/18 18:09:44.941,1,NVIDIA A100-SXM-64GB,100.08,31938,89
1074,2026-05-18 18:09:44.771393,2026/05/18 18:09:44.951,2,NVIDIA A100-SXM-64GB,91.94,31928,93
1075,2026-05-18 18:09:44.771393,2026/05/18 18:09:45.016,3,NVIDIA A100-SXM-64GB,107.08,31880,100
1076,2026-05-18 18:09:50.090578,2026/05/18 18:09:50.259,0,NVIDIA A100-SXM-64GB,99.24,31922,100
1077,2026-05-18 18:09:50.090578,2026/05/18 18:09:50.261,1,NVIDIA A100-SXM-64GB,96.98,31938,100
1078,2026-05-18 18:09:50.090578,2026/05/18 18:09:50.266,2,NVIDIA A100-SXM-64GB,91.61,31928,100
1079,2026-05-18 18:09:50.090578,2026/05/18 18:09:50.325,3,NVIDIA A100-SXM-64GB,94.45,31880,100
1080,2026-05-18 18:09:55.380580,2026/05/18 18:09:55.599,0,NVIDIA A100-SXM-64GB,107.52,31922,100
1081,2026-05-18 18:09:55.380580,2026/05/18 18:09:55.602,1,NVIDIA A100-SXM-64GB,100.18,31938,100
1082,2026-05-18 18:09:55.380580,2026/05/18 18:09:55.605,2,NVIDIA A100-SXM-64GB,96.49,31928,100
1083,2026-05-18 18:09:55.380580,2026/05/18 18:09:55.658,3,NVIDIA A100-SXM-64GB,100.98,31880,100
1084,2026-05-18 18:10:00.706216,2026/05/18 18:10:00.874,0,NVIDIA A100-SXM-64GB,99.24,31922,100
1085,2026-05-18 18:10:00.706216,2026/05/18 18:10:00.877,1,NVIDIA A100-SXM-64GB,96.98,31938,100
1086,2026-05-18 18:10:00.706216,2026/05/18 18:10:00.883,2,NVIDIA A100-SXM-64GB,81.85,31928,0
1087,2026-05-18 18:10:00.706216,2026/05/18 18:10:00.926,3,NVIDIA A100-SXM-64GB,94.55,31880,100
1088,2026-05-18 18:10:06.006649,2026/05/18 18:10:06.174,0,NVIDIA A100-SXM-64GB,103.11,31922,100
1089,2026-05-18 18:10:06.006649,2026/05/18 18:10:06.177,1,NVIDIA A100-SXM-64GB,111.92,31938,100
1090,2026-05-18 18:10:06.006649,2026/05/18 18:10:06.187,2,NVIDIA A100-SXM-64GB,95.56,31928,100
1091,2026-05-18 18:10:06.006649,2026/05/18 18:10:06.212,3,NVIDIA A100-SXM-64GB,99.94,31880,100
1092,2026-05-18 18:10:11.329488,2026/05/18 18:10:11.494,0,NVIDIA A100-SXM-64GB,103.44,31922,100
1093,2026-05-18 18:10:11.329488,2026/05/18 18:10:11.497,1,NVIDIA A100-SXM-64GB,118.37,31938,100
1094,2026-05-18 18:10:11.329488,2026/05/18 18:10:11.499,2,NVIDIA A100-SXM-64GB,100.77,31928,100
1095,2026-05-18 18:10:11.329488,2026/05/18 18:10:11.555,3,NVIDIA A100-SXM-64GB,99.77,31880,100
1096,2026-05-18 18:10:16.608055,2026/05/18 18:10:16.775,0,NVIDIA A100-SXM-64GB,112.98,31922,100
1097,2026-05-18 18:10:16.608055,2026/05/18 18:10:16.778,1,NVIDIA A100-SXM-64GB,109.78,31938,100
1098,2026-05-18 18:10:16.608055,2026/05/18 18:10:16.781,2,NVIDIA A100-SXM-64GB,134.26,31928,100
1099,2026-05-18 18:10:16.608055,2026/05/18 18:10:16.837,3,NVIDIA A100-SXM-64GB,108.51,31880,100
1100,2026-05-18 18:10:21.937109,2026/05/18 18:10:22.113,0,NVIDIA A100-SXM-64GB,125.82,31922,100
1101,2026-05-18 18:10:21.937109,2026/05/18 18:10:22.116,1,NVIDIA A100-SXM-64GB,112.32,31938,100
1102,2026-05-18 18:10:21.937109,2026/05/18 18:10:22.121,2,NVIDIA A100-SXM-64GB,98.86,31928,100
1103,2026-05-18 18:10:21.937109,2026/05/18 18:10:22.184,3,NVIDIA A100-SXM-64GB,123.82,31880,100
1104,2026-05-18 18:10:27.284526,2026/05/18 18:10:27.473,0,NVIDIA A100-SXM-64GB,119.09,31922,74
1105,2026-05-18 18:10:27.284526,2026/05/18 18:10:27.476,1,NVIDIA A100-SXM-64GB,111.71,31938,68
1106,2026-05-18 18:10:27.284526,2026/05/18 18:10:27.485,2,NVIDIA A100-SXM-64GB,108.01,31928,95
1107,2026-05-18 18:10:27.284526,2026/05/18 18:10:27.528,3,NVIDIA A100-SXM-64GB,110.04,31880,97
1108,2026-05-18 18:10:32.616047,2026/05/18 18:10:32.826,0,NVIDIA A100-SXM-64GB,122.79,31922,100
1109,2026-05-18 18:10:32.616047,2026/05/18 18:10:32.872,1,NVIDIA A100-SXM-64GB,105.92,31938,100
1110,2026-05-18 18:10:32.616047,2026/05/18 18:10:32.913,2,NVIDIA A100-SXM-64GB,105.27,31928,100
1111,2026-05-18 18:10:32.616047,2026/05/18 18:10:32.916,3,NVIDIA A100-SXM-64GB,106.70,31880,100
1112,2026-05-18 18:10:38.036712,2026/05/18 18:10:38.207,0,NVIDIA A100-SXM-64GB,108.07,31922,100
1113,2026-05-18 18:10:38.036712,2026/05/18 18:10:38.210,1,NVIDIA A100-SXM-64GB,109.89,31938,100
1114,2026-05-18 18:10:38.036712,2026/05/18 18:10:38.220,2,NVIDIA A100-SXM-64GB,105.87,31928,100
1115,2026-05-18 18:10:38.036712,2026/05/18 18:10:38.281,3,NVIDIA A100-SXM-64GB,96.69,31880,100
1116,2026-05-18 18:10:43.336008,2026/05/18 18:10:43.514,0,NVIDIA A100-SXM-64GB,143.48,31922,100
1117,2026-05-18 18:10:43.336008,2026/05/18 18:10:43.517,1,NVIDIA A100-SXM-64GB,102.22,31938,100
1118,2026-05-18 18:10:43.336008,2026/05/18 18:10:43.521,2,NVIDIA A100-SXM-64GB,119.90,31928,100
1119,2026-05-18 18:10:43.336008,2026/05/18 18:10:43.578,3,NVIDIA A100-SXM-64GB,102.41,31880,100
1120,2026-05-18 18:10:48.670925,2026/05/18 18:10:48.829,0,NVIDIA A100-SXM-64GB,100.68,31922,100
1121,2026-05-18 18:10:48.670925,2026/05/18 18:10:48.872,1,NVIDIA A100-SXM-64GB,107.74,31938,100
1122,2026-05-18 18:10:48.670925,2026/05/18 18:10:48.875,2,NVIDIA A100-SXM-64GB,97.60,31928,100
1123,2026-05-18 18:10:48.670925,2026/05/18 18:10:48.888,3,NVIDIA A100-SXM-64GB,109.71,31880,100
1124,2026-05-18 18:10:53.977123,2026/05/18 18:10:54.152,0,NVIDIA A100-SXM-64GB,113.58,31922,100
1125,2026-05-18 18:10:53.977123,2026/05/18 18:10:54.155,1,NVIDIA A100-SXM-64GB,105.59,31938,100
1126,2026-05-18 18:10:53.977123,2026/05/18 18:10:54.196,2,NVIDIA A100-SXM-64GB,101.37,31928,100
1127,2026-05-18 18:10:53.977123,2026/05/18 18:10:54.198,3,NVIDIA A100-SXM-64GB,108.83,31880,100
1128,2026-05-18 18:10:59.266186,2026/05/18 18:10:59.456,0,NVIDIA A100-SXM-64GB,99.74,31922,100
1129,2026-05-18 18:10:59.266186,2026/05/18 18:10:59.481,1,NVIDIA A100-SXM-64GB,117.16,31938,100
1130,2026-05-18 18:10:59.266186,2026/05/18 18:10:59.520,2,NVIDIA A100-SXM-64GB,110.75,31928,100
1131,2026-05-18 18:10:59.266186,2026/05/18 18:10:59.522,3,NVIDIA A100-SXM-64GB,124.43,31880,100
1132,2026-05-18 18:11:04.627537,2026/05/18 18:11:04.803,0,NVIDIA A100-SXM-64GB,110.17,31922,100
1133,2026-05-18 18:11:04.627537,2026/05/18 18:11:04.844,1,NVIDIA A100-SXM-64GB,118.49,31938,100
1134,2026-05-18 18:11:04.627537,2026/05/18 18:11:04.847,2,NVIDIA A100-SXM-64GB,103.41,31928,100
1135,2026-05-18 18:11:04.627537,2026/05/18 18:11:04.863,3,NVIDIA A100-SXM-64GB,104.22,31880,100
1136,2026-05-18 18:11:09.981197,2026/05/18 18:11:10.143,0,NVIDIA A100-SXM-64GB,109.56,31922,100
1137,2026-05-18 18:11:09.981197,2026/05/18 18:11:10.148,1,NVIDIA A100-SXM-64GB,100.95,31938,100
1138,2026-05-18 18:11:09.981197,2026/05/18 18:11:10.199,2,NVIDIA A100-SXM-64GB,103.24,31928,100
1139,2026-05-18 18:11:09.981197,2026/05/18 18:11:10.202,3,NVIDIA A100-SXM-64GB,102.18,31880,100
1140,2026-05-18 18:11:15.312120,2026/05/18 18:11:15.484,0,NVIDIA A100-SXM-64GB,101.89,31922,100
1141,2026-05-18 18:11:15.312120,2026/05/18 18:11:15.526,1,NVIDIA A100-SXM-64GB,100.95,31938,100
1142,2026-05-18 18:11:15.312120,2026/05/18 18:11:15.529,2,NVIDIA A100-SXM-64GB,97.00,31928,100
1143,2026-05-18 18:11:15.312120,2026/05/18 18:11:15.546,3,NVIDIA A100-SXM-64GB,96.59,31880,100
1144,2026-05-18 18:11:20.659086,2026/05/18 18:11:20.831,0,NVIDIA A100-SXM-64GB,111.11,31922,100
1145,2026-05-18 18:11:20.659086,2026/05/18 18:11:20.833,1,NVIDIA A100-SXM-64GB,105.59,31938,100
1146,2026-05-18 18:11:20.659086,2026/05/18 18:11:20.838,2,NVIDIA A100-SXM-64GB,104.94,31928,100
1147,2026-05-18 18:11:20.659086,2026/05/18 18:11:20.859,3,NVIDIA A100-SXM-64GB,106.09,31880,100
1148,2026-05-18 18:11:25.951000,2026/05/18 18:11:26.126,0,NVIDIA A100-SXM-64GB,112.98,31922,100
1149,2026-05-18 18:11:25.951000,2026/05/18 18:11:26.149,1,NVIDIA A100-SXM-64GB,101.29,31938,100
1150,2026-05-18 18:11:25.951000,2026/05/18 18:11:26.156,2,NVIDIA A100-SXM-64GB,123.24,31928,100
1151,2026-05-18 18:11:25.951000,2026/05/18 18:11:26.167,3,NVIDIA A100-SXM-64GB,98.51,31880,100
1152,2026-05-18 18:11:31.249285,2026/05/18 18:11:31.414,0,NVIDIA A100-SXM-64GB,115.40,31922,100
1153,2026-05-18 18:11:31.249285,2026/05/18 18:11:31.417,1,NVIDIA A100-SXM-64GB,100.35,31938,100
1154,2026-05-18 18:11:31.249285,2026/05/18 18:11:31.476,2,NVIDIA A100-SXM-64GB,106.59,31928,100
1155,2026-05-18 18:11:31.249285,2026/05/18 18:11:31.479,3,NVIDIA A100-SXM-64GB,104.82,31880,100
1156,2026-05-18 18:11:36.589752,2026/05/18 18:11:36.774,0,NVIDIA A100-SXM-64GB,100.45,31922,100
1157,2026-05-18 18:11:36.589752,2026/05/18 18:11:36.778,1,NVIDIA A100-SXM-64GB,113.58,31938,100
1158,2026-05-18 18:11:36.589752,2026/05/18 18:11:36.789,2,NVIDIA A100-SXM-64GB,93.75,31928,100
1159,2026-05-18 18:11:36.589752,2026/05/18 18:11:36.814,3,NVIDIA A100-SXM-64GB,96.26,31880,100
1160,2026-05-18 18:11:41.969817,2026/05/18 18:11:42.141,0,NVIDIA A100-SXM-64GB,102.22,31922,100
1161,2026-05-18 18:11:41.969817,2026/05/18 18:11:42.144,1,NVIDIA A100-SXM-64GB,101.89,31938,100
1162,2026-05-18 18:11:41.969817,2026/05/18 18:11:42.181,2,NVIDIA A100-SXM-64GB,116.56,31928,100
1163,2026-05-18 18:11:41.969817,2026/05/18 18:11:42.184,3,NVIDIA A100-SXM-64GB,109.11,31880,97
1164,2026-05-18 18:11:47.254098,2026/05/18 18:11:47.419,0,NVIDIA A100-SXM-64GB,124.94,31922,100
1165,2026-05-18 18:11:47.254098,2026/05/18 18:11:47.422,1,NVIDIA A100-SXM-64GB,102.83,31938,100
1166,2026-05-18 18:11:47.254098,2026/05/18 18:11:47.431,2,NVIDIA A100-SXM-64GB,93.75,31928,100
1167,2026-05-18 18:11:47.254098,2026/05/18 18:11:47.490,3,NVIDIA A100-SXM-64GB,94.88,31880,100
1168,2026-05-18 18:11:52.569199,2026/05/18 18:11:52.733,0,NVIDIA A100-SXM-64GB,140.27,31922,100
1169,2026-05-18 18:11:52.569199,2026/05/18 18:11:52.736,1,NVIDIA A100-SXM-64GB,108.35,31938,100
1170,2026-05-18 18:11:52.569199,2026/05/18 18:11:52.740,2,NVIDIA A100-SXM-64GB,120.50,31928,100
1171,2026-05-18 18:11:52.569199,2026/05/18 18:11:52.826,3,NVIDIA A100-SXM-64GB,95.48,31880,100
1172,2026-05-18 18:11:57.889567,2026/05/18 18:11:58.059,0,NVIDIA A100-SXM-64GB,113.25,31922,100
1173,2026-05-18 18:11:57.889567,2026/05/18 18:11:58.062,1,NVIDIA A100-SXM-64GB,109.89,31938,100
1174,2026-05-18 18:11:57.889567,2026/05/18 18:11:58.067,2,NVIDIA A100-SXM-64GB,101.60,31928,100
1175,2026-05-18 18:11:57.889567,2026/05/18 18:11:58.127,3,NVIDIA A100-SXM-64GB,107.62,31880,100
1176,2026-05-18 18:12:03.173415,2026/05/18 18:12:03.340,0,NVIDIA A100-SXM-64GB,112.32,31922,100
1177,2026-05-18 18:12:03.173415,2026/05/18 18:12:03.343,1,NVIDIA A100-SXM-64GB,98.53,31938,100
1178,2026-05-18 18:12:03.173415,2026/05/18 18:12:03.400,2,NVIDIA A100-SXM-64GB,103.24,31928,100
1179,2026-05-18 18:12:03.173415,2026/05/18 18:12:03.456,3,NVIDIA A100-SXM-64GB,97.62,31880,100
1180,2026-05-18 18:12:08.520966,2026/05/18 18:12:08.689,0,NVIDIA A100-SXM-64GB,116.01,31922,100
1181,2026-05-18 18:12:08.520966,2026/05/18 18:12:08.692,1,NVIDIA A100-SXM-64GB,105.59,31938,100
1182,2026-05-18 18:12:08.520966,2026/05/18 18:12:08.736,2,NVIDIA A100-SXM-64GB,105.27,31928,100
1183,2026-05-18 18:12:08.520966,2026/05/18 18:12:08.740,3,NVIDIA A100-SXM-64GB,109.11,31900,100
1184,2026-05-18 18:12:13.830569,2026/05/18 18:12:13.970,0,NVIDIA A100-SXM-64GB,116.01,31922,99
1185,2026-05-18 18:12:13.830569,2026/05/18 18:12:13.972,1,NVIDIA A100-SXM-64GB,117.89,31938,93
1186,2026-05-18 18:12:13.830569,2026/05/18 18:12:13.975,2,NVIDIA A100-SXM-64GB,106.86,31928,92
1187,2026-05-18 18:12:13.830569,2026/05/18 18:12:14.012,3,NVIDIA A100-SXM-64GB,106.70,31900,51
1188,2026-05-18 18:12:19.122476,2026/05/18 18:12:19.288,0,NVIDIA A100-SXM-64GB,104.65,31922,100
1189,2026-05-18 18:12:19.122476,2026/05/18 18:12:19.291,1,NVIDIA A100-SXM-64GB,110.82,31938,100
1190,2026-05-18 18:12:19.122476,2026/05/18 18:12:19.301,2,NVIDIA A100-SXM-64GB,92.82,31928,100
1191,2026-05-18 18:12:19.122476,2026/05/18 18:12:19.366,3,NVIDIA A100-SXM-64GB,99.67,31900,100
1192,2026-05-18 18:12:24.448155,2026/05/18 18:12:24.621,0,NVIDIA A100-SXM-64GB,105.59,31922,100
1193,2026-05-18 18:12:24.448155,2026/05/18 18:12:24.623,1,NVIDIA A100-SXM-64GB,109.89,31938,100
1194,2026-05-18 18:12:24.448155,2026/05/18 18:12:24.674,2,NVIDIA A100-SXM-64GB,98.86,31928,100
1195,2026-05-18 18:12:24.448155,2026/05/18 18:12:24.720,3,NVIDIA A100-SXM-64GB,102.69,31900,100
1196,2026-05-18 18:12:29.791590,2026/05/18 18:12:29.953,0,NVIDIA A100-SXM-64GB,112.32,31922,100
1197,2026-05-18 18:12:29.791590,2026/05/18 18:12:30.005,1,NVIDIA A100-SXM-64GB,110.99,31938,100
1198,2026-05-18 18:12:29.791590,2026/05/18 18:12:30.007,2,NVIDIA A100-SXM-64GB,93.75,31928,100
1199,2026-05-18 18:12:29.791590,2026/05/18 18:12:30.049,3,NVIDIA A100-SXM-64GB,98.13,31900,100
1200,2026-05-18 18:12:35.122497,2026/05/18 18:12:35.291,0,NVIDIA A100-SXM-64GB,126.16,31922,100
1201,2026-05-18 18:12:35.122497,2026/05/18 18:12:35.294,1,NVIDIA A100-SXM-64GB,106.19,31938,100
1202,2026-05-18 18:12:35.122497,2026/05/18 18:12:35.335,2,NVIDIA A100-SXM-64GB,141.27,31928,100
1203,2026-05-18 18:12:35.122497,2026/05/18 18:12:35.338,3,NVIDIA A100-SXM-64GB,135.14,31900,100
1204,2026-05-18 18:12:40.422381,2026/05/18 18:12:40.593,0,NVIDIA A100-SXM-64GB,107.13,31922,100
1205,2026-05-18 18:12:40.422381,2026/05/18 18:12:40.646,1,NVIDIA A100-SXM-64GB,112.04,31938,100
1206,2026-05-18 18:12:40.422381,2026/05/18 18:12:40.649,2,NVIDIA A100-SXM-64GB,103.52,31928,100
1207,2026-05-18 18:12:40.422381,2026/05/18 18:12:40.662,3,NVIDIA A100-SXM-64GB,107.41,31900,100
1208,2026-05-18 18:12:45.754962,2026/05/18 18:12:45.929,0,NVIDIA A100-SXM-64GB,114.46,31922,100
1209,2026-05-18 18:12:45.754962,2026/05/18 18:12:45.932,1,NVIDIA A100-SXM-64GB,143.82,31938,100
1210,2026-05-18 18:12:45.754962,2026/05/18 18:12:45.974,2,NVIDIA A100-SXM-64GB,104.72,31928,100
1211,2026-05-18 18:12:45.754962,2026/05/18 18:12:45.977,3,NVIDIA A100-SXM-64GB,107.62,31900,100
1212,2026-05-18 18:12:51.097752,2026/05/18 18:12:51.263,0,NVIDIA A100-SXM-64GB,105.59,31922,100
1213,2026-05-18 18:12:51.097752,2026/05/18 18:12:51.266,1,NVIDIA A100-SXM-64GB,101.89,31938,100
1214,2026-05-18 18:12:51.097752,2026/05/18 18:12:51.336,2,NVIDIA A100-SXM-64GB,99.74,31928,100
1215,2026-05-18 18:12:51.097752,2026/05/18 18:12:51.339,3,NVIDIA A100-SXM-64GB,103.01,31900,100
1216,2026-05-18 18:12:56.446882,2026/05/18 18:12:56.602,0,NVIDIA A100-SXM-64GB,104.48,31922,100
1217,2026-05-18 18:12:56.446882,2026/05/18 18:12:56.605,1,NVIDIA A100-SXM-64GB,101.29,31938,100
1218,2026-05-18 18:12:56.446882,2026/05/18 18:12:56.676,2,NVIDIA A100-SXM-64GB,105.54,31928,100
1219,2026-05-18 18:12:56.446882,2026/05/18 18:12:56.722,3,NVIDIA A100-SXM-64GB,103.34,31900,100
1220,2026-05-18 18:13:01.782042,2026/05/18 18:13:01.959,0,NVIDIA A100-SXM-64GB,104.05,31922,100
1221,2026-05-18 18:13:01.782042,2026/05/18 18:13:01.962,1,NVIDIA A100-SXM-64GB,100.68,31938,100
1222,2026-05-18 18:13:01.782042,2026/05/18 18:13:02.009,2,NVIDIA A100-SXM-64GB,106.26,31928,100
1223,2026-05-18 18:13:01.782042,2026/05/18 18:13:02.012,3,NVIDIA A100-SXM-64GB,97.52,31900,100
1224,2026-05-18 18:13:07.116904,2026/05/18 18:13:07.290,0,NVIDIA A100-SXM-64GB,124.61,31922,100
1225,2026-05-18 18:13:07.116904,2026/05/18 18:13:07.293,1,NVIDIA A100-SXM-64GB,120.92,31938,100
1226,2026-05-18 18:13:07.116904,2026/05/18 18:13:07.339,2,NVIDIA A100-SXM-64GB,103.41,31928,100
1227,2026-05-18 18:13:07.116904,2026/05/18 18:13:07.342,3,NVIDIA A100-SXM-64GB,104.55,31900,100
1228,2026-05-18 18:13:12.423995,2026/05/18 18:13:12.592,0,NVIDIA A100-SXM-64GB,106.19,31922,100
1229,2026-05-18 18:13:12.423995,2026/05/18 18:13:12.637,1,NVIDIA A100-SXM-64GB,115.01,31938,100
1230,2026-05-18 18:13:12.423995,2026/05/18 18:13:12.640,2,NVIDIA A100-SXM-64GB,130.58,31928,100
1231,2026-05-18 18:13:12.423995,2026/05/18 18:13:12.685,3,NVIDIA A100-SXM-64GB,106.70,31900,100
1232,2026-05-18 18:13:17.760236,2026/05/18 18:13:17.986,0,NVIDIA A100-SXM-64GB,99.47,31922,100
1233,2026-05-18 18:13:17.760236,2026/05/18 18:13:17.989,1,NVIDIA A100-SXM-64GB,98.20,31938,100
1234,2026-05-18 18:13:17.760236,2026/05/18 18:13:18.027,2,NVIDIA A100-SXM-64GB,99.23,31928,100
1235,2026-05-18 18:13:17.760236,2026/05/18 18:13:18.030,3,NVIDIA A100-SXM-64GB,102.69,31900,100
1236,2026-05-18 18:13:23.121407,2026/05/18 18:13:23.297,0,NVIDIA A100-SXM-64GB,104.65,31922,100
1237,2026-05-18 18:13:23.121407,2026/05/18 18:13:23.300,1,NVIDIA A100-SXM-64GB,99.14,31938,100
1238,2026-05-18 18:13:23.121407,2026/05/18 18:13:23.338,2,NVIDIA A100-SXM-64GB,108.89,31928,100
1239,2026-05-18 18:13:23.121407,2026/05/18 18:13:23.341,3,NVIDIA A100-SXM-64GB,144.16,31900,100
1240,2026-05-18 18:13:28.454451,2026/05/18 18:13:28.624,0,NVIDIA A100-SXM-64GB,108.68,31922,100
1241,2026-05-18 18:13:28.454451,2026/05/18 18:13:28.627,1,NVIDIA A100-SXM-64GB,97.60,31938,100
1242,2026-05-18 18:13:28.454451,2026/05/18 18:13:28.667,2,NVIDIA A100-SXM-64GB,95.79,31928,100
1243,2026-05-18 18:13:28.454451,2026/05/18 18:13:28.670,3,NVIDIA A100-SXM-64GB,99.06,31900,100
1244,2026-05-18 18:13:33.760249,2026/05/18 18:13:33.927,0,NVIDIA A100-SXM-64GB,107.41,31922,100
1245,2026-05-18 18:13:33.760249,2026/05/18 18:13:33.930,1,NVIDIA A100-SXM-64GB,111.71,31938,100
1246,2026-05-18 18:13:33.760249,2026/05/18 18:13:33.938,2,NVIDIA A100-SXM-64GB,109.22,31928,100
1247,2026-05-18 18:13:33.760249,2026/05/18 18:13:33.989,3,NVIDIA A100-SXM-64GB,100.88,31900,100
1248,2026-05-18 18:13:39.058758,2026/05/18 18:13:39.231,0,NVIDIA A100-SXM-64GB,111.43,31922,100
1249,2026-05-18 18:13:39.058758,2026/05/18 18:13:39.235,1,NVIDIA A100-SXM-64GB,107.41,31938,100
1250,2026-05-18 18:13:39.058758,2026/05/18 18:13:39.274,2,NVIDIA A100-SXM-64GB,104.12,31928,100
1251,2026-05-18 18:13:39.058758,2026/05/18 18:13:39.277,3,NVIDIA A100-SXM-64GB,107.90,31900,100
1252,2026-05-18 18:13:44.406864,2026/05/18 18:13:44.572,0,NVIDIA A100-SXM-64GB,99.14,31922,100
1253,2026-05-18 18:13:44.406864,2026/05/18 18:13:44.699,1,NVIDIA A100-SXM-64GB,88.38,31938,0
1254,2026-05-18 18:13:44.406864,2026/05/18 18:13:44.705,2,NVIDIA A100-SXM-64GB,91.61,31928,100
1255,2026-05-18 18:13:44.406864,2026/05/18 18:13:44.743,3,NVIDIA A100-SXM-64GB,94.78,31900,100
1256,2026-05-18 18:13:49.815626,2026/05/18 18:13:49.980,0,NVIDIA A100-SXM-64GB,98.81,31922,100
1257,2026-05-18 18:13:49.815626,2026/05/18 18:13:50.014,1,NVIDIA A100-SXM-64GB,96.65,31938,100
1258,2026-05-18 18:13:49.815626,2026/05/18 18:13:50.060,2,NVIDIA A100-SXM-64GB,91.61,31928,100
1259,2026-05-18 18:13:49.815626,2026/05/18 18:13:50.063,3,NVIDIA A100-SXM-64GB,94.55,31900,100
1260,2026-05-18 18:13:55.176870,2026/05/18 18:13:55.338,0,NVIDIA A100-SXM-64GB,104.38,31922,100
1261,2026-05-18 18:13:55.176870,2026/05/18 18:13:55.341,1,NVIDIA A100-SXM-64GB,121.85,31938,100
1262,2026-05-18 18:13:55.176870,2026/05/18 18:13:55.347,2,NVIDIA A100-SXM-64GB,152.56,31928,100
1263,2026-05-18 18:13:55.176870,2026/05/18 18:13:55.406,3,NVIDIA A100-SXM-64GB,110.98,31900,100
1264,2026-05-18 18:14:00.488544,2026/05/18 18:14:00.643,0,NVIDIA A100-SXM-64GB,99.14,31922,100
1265,2026-05-18 18:14:00.488544,2026/05/18 18:14:00.687,1,NVIDIA A100-SXM-64GB,96.65,31938,100
1266,2026-05-18 18:14:00.488544,2026/05/18 18:14:00.689,2,NVIDIA A100-SXM-64GB,90.68,31928,100
1267,2026-05-18 18:14:00.488544,2026/05/18 18:14:00.726,3,NVIDIA A100-SXM-64GB,94.55,31900,100
1268,2026-05-18 18:14:05.800575,2026/05/18 18:14:05.961,0,NVIDIA A100-SXM-64GB,101.62,31922,100
1269,2026-05-18 18:14:05.800575,2026/05/18 18:14:05.964,1,NVIDIA A100-SXM-64GB,104.27,31938,100
1270,2026-05-18 18:14:05.800575,2026/05/18 18:14:06.025,2,NVIDIA A100-SXM-64GB,107.08,31928,100
1271,2026-05-18 18:14:05.800575,2026/05/18 18:14:06.028,3,NVIDIA A100-SXM-64GB,147.05,31900,100
1272,2026-05-18 18:14:11.125025,2026/05/18 18:14:11.297,0,NVIDIA A100-SXM-64GB,134.43,31922,100
1273,2026-05-18 18:14:11.125025,2026/05/18 18:14:11.300,1,NVIDIA A100-SXM-64GB,108.95,31938,100
1274,2026-05-18 18:14:11.125025,2026/05/18 18:14:11.355,2,NVIDIA A100-SXM-64GB,103.84,31928,100
1275,2026-05-18 18:14:11.125025,2026/05/18 18:14:11.358,3,NVIDIA A100-SXM-64GB,130.25,31900,100
1276,2026-05-18 18:14:16.441873,2026/05/18 18:14:16.602,0,NVIDIA A100-SXM-64GB,98.91,31922,100
1277,2026-05-18 18:14:16.441873,2026/05/18 18:14:16.604,1,NVIDIA A100-SXM-64GB,96.65,31938,100
1278,2026-05-18 18:14:16.441873,2026/05/18 18:14:16.643,2,NVIDIA A100-SXM-64GB,80.31,31928,0
1279,2026-05-18 18:14:16.441873,2026/05/18 18:14:16.646,3,NVIDIA A100-SXM-64GB,94.45,31900,100
1280,2026-05-18 18:14:21.724157,2026/05/18 18:14:21.894,0,NVIDIA A100-SXM-64GB,110.17,31922,100
1281,2026-05-18 18:14:21.724157,2026/05/18 18:14:21.897,1,NVIDIA A100-SXM-64GB,100.68,31938,100
1282,2026-05-18 18:14:21.724157,2026/05/18 18:14:21.921,2,NVIDIA A100-SXM-64GB,94.08,31928,100
1283,2026-05-18 18:14:21.724157,2026/05/18 18:14:21.991,3,NVIDIA A100-SXM-64GB,99.06,31900,100
1284,2026-05-18 18:14:27.045811,2026/05/18 18:14:27.207,0,NVIDIA A100-SXM-64GB,112.32,31922,100
1285,2026-05-18 18:14:27.045811,2026/05/18 18:14:27.240,1,NVIDIA A100-SXM-64GB,104.38,31938,100
1286,2026-05-18 18:14:27.045811,2026/05/18 18:14:27.243,2,NVIDIA A100-SXM-64GB,104.72,31928,100
1287,2026-05-18 18:14:27.045811,2026/05/18 18:14:27.297,3,NVIDIA A100-SXM-64GB,106.97,31900,100
1288,2026-05-18 18:14:32.379324,2026/05/18 18:14:32.541,0,NVIDIA A100-SXM-64GB,122.92,31922,100
1289,2026-05-18 18:14:32.379324,2026/05/18 18:14:32.544,1,NVIDIA A100-SXM-64GB,110.49,31938,100
1290,2026-05-18 18:14:32.379324,2026/05/18 18:14:32.593,2,NVIDIA A100-SXM-64GB,94.08,31928,100
1291,2026-05-18 18:14:32.379324,2026/05/18 18:14:32.596,3,NVIDIA A100-SXM-64GB,118.28,31900,100
1292,2026-05-18 18:14:37.716464,2026/05/18 18:14:37.877,0,NVIDIA A100-SXM-64GB,108.95,31922,100
1293,2026-05-18 18:14:37.716464,2026/05/18 18:14:37.880,1,NVIDIA A100-SXM-64GB,108.24,31938,100
1294,2026-05-18 18:14:37.716464,2026/05/18 18:14:37.882,2,NVIDIA A100-SXM-64GB,101.27,31928,100
1295,2026-05-18 18:14:37.716464,2026/05/18 18:14:37.935,3,NVIDIA A100-SXM-64GB,101.81,31900,100
1296,2026-05-18 18:14:43.038185,2026/05/18 18:14:43.216,0,NVIDIA A100-SXM-64GB,121.25,31922,100
1297,2026-05-18 18:14:43.038185,2026/05/18 18:14:43.219,1,NVIDIA A100-SXM-64GB,104.98,31938,100
1298,2026-05-18 18:14:43.038185,2026/05/18 18:14:43.263,2,NVIDIA A100-SXM-64GB,104.01,31928,100
1299,2026-05-18 18:14:43.038185,2026/05/18 18:14:43.266,3,NVIDIA A100-SXM-64GB,114.00,31900,100
1300,2026-05-18 18:14:48.354228,2026/05/18 18:14:48.528,0,NVIDIA A100-SXM-64GB,100.68,31922,100
1301,2026-05-18 18:14:48.354228,2026/05/18 18:14:48.531,1,NVIDIA A100-SXM-64GB,110.82,31938,100
1302,2026-05-18 18:14:48.354228,2026/05/18 18:14:48.539,2,NVIDIA A100-SXM-64GB,100.06,31928,100
1303,2026-05-18 18:14:48.354228,2026/05/18 18:14:48.604,3,NVIDIA A100-SXM-64GB,107.62,31900,100
1304,2026-05-18 18:14:53.709616,2026/05/18 18:14:53.872,0,NVIDIA A100-SXM-64GB,110.82,31922,100
1305,2026-05-18 18:14:53.709616,2026/05/18 18:14:53.875,1,NVIDIA A100-SXM-64GB,99.47,31938,100
1306,2026-05-18 18:14:53.709616,2026/05/18 18:14:53.882,2,NVIDIA A100-SXM-64GB,95.29,31928,100
1307,2026-05-18 18:14:53.709616,2026/05/18 18:14:53.942,3,NVIDIA A100-SXM-64GB,98.23,31900,100
1308,2026-05-18 18:14:59.005890,2026/05/18 18:14:59.178,0,NVIDIA A100-SXM-64GB,109.28,31922,100
1309,2026-05-18 18:14:59.005890,2026/05/18 18:14:59.181,1,NVIDIA A100-SXM-64GB,137.98,31938,100
1310,2026-05-18 18:14:59.005890,2026/05/18 18:14:59.226,2,NVIDIA A100-SXM-64GB,147.96,31928,100
1311,2026-05-18 18:14:59.005890,2026/05/18 18:14:59.229,3,NVIDIA A100-SXM-64GB,103.62,31900,100
1312,2026-05-18 18:15:04.352326,2026/05/18 18:15:04.520,0,NVIDIA A100-SXM-64GB,107.13,31922,100
1313,2026-05-18 18:15:04.352326,2026/05/18 18:15:04.540,1,NVIDIA A100-SXM-64GB,109.56,31938,100
1314,2026-05-18 18:15:04.352326,2026/05/18 18:15:04.543,2,NVIDIA A100-SXM-64GB,103.24,31928,100
1315,2026-05-18 18:15:04.352326,2026/05/18 18:15:04.592,3,NVIDIA A100-SXM-64GB,109.11,31900,100
1316,2026-05-18 18:15:09.667146,2026/05/18 18:15:09.842,0,NVIDIA A100-SXM-64GB,112.65,31922,100
1317,2026-05-18 18:15:09.667146,2026/05/18 18:15:09.845,1,NVIDIA A100-SXM-64GB,105.25,31938,100
1318,2026-05-18 18:15:09.667146,2026/05/18 18:15:09.883,2,NVIDIA A100-SXM-64GB,100.77,31928,100
1319,2026-05-18 18:15:09.667146,2026/05/18 18:15:09.886,3,NVIDIA A100-SXM-64GB,107.41,31900,100
1320,2026-05-18 18:15:15.019871,2026/05/18 18:15:15.193,0,NVIDIA A100-SXM-64GB,113.86,31922,100
1321,2026-05-18 18:15:15.019871,2026/05/18 18:15:15.236,1,NVIDIA A100-SXM-64GB,100.08,31938,100
1322,2026-05-18 18:15:15.019871,2026/05/18 18:15:15.239,2,NVIDIA A100-SXM-64GB,97.42,31928,100
1323,2026-05-18 18:15:15.019871,2026/05/18 18:15:15.252,3,NVIDIA A100-SXM-64GB,106.37,31900,100
1324,2026-05-18 18:15:20.392122,2026/05/18 18:15:20.618,0,NVIDIA A100-SXM-64GB,79.25,31922,0
1325,2026-05-18 18:15:20.392122,2026/05/18 18:15:20.621,1,NVIDIA A100-SXM-64GB,77.97,31938,0
1326,2026-05-18 18:15:20.392122,2026/05/18 18:15:20.623,2,NVIDIA A100-SXM-64GB,73.28,31928,0
1327,2026-05-18 18:15:20.392122,2026/05/18 18:15:20.659,3,NVIDIA A100-SXM-64GB,76.18,31900,0
1328,2026-05-18 18:15:25.729374,2026/05/18 18:15:25.845,0,NVIDIA A100-SXM-64GB,79.25,31922,0
1329,2026-05-18 18:15:25.729374,2026/05/18 18:15:25.848,1,NVIDIA A100-SXM-64GB,77.63,31938,0
1330,2026-05-18 18:15:25.729374,2026/05/18 18:15:25.864,2,NVIDIA A100-SXM-64GB,72.96,31928,0
1331,2026-05-18 18:15:25.729374,2026/05/18 18:15:25.891,3,NVIDIA A100-SXM-64GB,76.18,31900,0
1332,2026-05-18 18:15:30.952339,2026/05/18 18:15:31.061,0,NVIDIA A100-SXM-64GB,79.25,31922,0
1333,2026-05-18 18:15:30.952339,2026/05/18 18:15:31.069,1,NVIDIA A100-SXM-64GB,77.63,31938,0
1334,2026-05-18 18:15:30.952339,2026/05/18 18:15:31.085,2,NVIDIA A100-SXM-64GB,72.96,31928,0
1335,2026-05-18 18:15:30.952339,2026/05/18 18:15:31.099,3,NVIDIA A100-SXM-64GB,76.18,31900,0
1336,2026-05-18 18:15:36.165318,2026/05/18 18:15:36.211,0,NVIDIA A100-SXM-64GB,89.09,0,0
1337,2026-05-18 18:15:36.165318,2026/05/18 18:15:36.214,1,NVIDIA A100-SXM-64GB,87.45,0,72
1338,2026-05-18 18:15:36.165318,2026/05/18 18:15:36.217,2,NVIDIA A100-SXM-64GB,82.45,0,36
1339,2026-05-18 18:15:36.165318,2026/05/18 18:15:36.223,3,NVIDIA A100-SXM-64GB,88.11,0,100
1340,2026-05-18 18:15:41.246920,2026/05/18 18:15:41.307,0,NVIDIA A100-SXM-64GB,63.91,0,0
1341,2026-05-18 18:15:41.246920,2026/05/18 18:15:41.310,1,NVIDIA A100-SXM-64GB,64.46,0,0
1342,2026-05-18 18:15:41.246920,2026/05/18 18:15:41.315,2,NVIDIA A100-SXM-64GB,60.45,0,0
1343,2026-05-18 18:15:41.246920,2026/05/18 18:15:41.317,3,NVIDIA A100-SXM-64GB,62.39,0,0
