,script_timestamp,nvidia_timestamp,gpu_index,gpu_name,power_draw_watts,memory_used_MiB,utilization_percent
0,2026-05-18 17:46:05.552992,2026/05/18 17:46:05.584,0,NVIDIA A100-SXM-64GB,63.93,0,0
1,2026-05-18 17:46:05.552992,2026/05/18 17:46:05.587,1,NVIDIA A100-SXM-64GB,61.06,0,0
2,2026-05-18 17:46:05.552992,2026/05/18 17:46:05.590,2,NVIDIA A100-SXM-64GB,61.92,0,0
3,2026-05-18 17:46:05.552992,2026/05/18 17:46:05.592,3,NVIDIA A100-SXM-64GB,62.79,0,0
4,2026-05-18 17:46:10.610498,2026/05/18 17:46:10.658,0,NVIDIA A100-SXM-64GB,64.00,0,0
5,2026-05-18 17:46:10.610498,2026/05/18 17:46:10.661,1,NVIDIA A100-SXM-64GB,61.06,0,0
6,2026-05-18 17:46:10.610498,2026/05/18 17:46:10.664,2,NVIDIA A100-SXM-64GB,61.92,0,0
7,2026-05-18 17:46:10.610498,2026/05/18 17:46:10.667,3,NVIDIA A100-SXM-64GB,62.47,0,0
8,2026-05-18 17:46:15.680655,2026/05/18 17:46:15.715,0,NVIDIA A100-SXM-64GB,64.06,0,0
9,2026-05-18 17:46:15.680655,2026/05/18 17:46:15.719,1,NVIDIA A100-SXM-64GB,61.06,0,0
10,2026-05-18 17:46:15.680655,2026/05/18 17:46:15.722,2,NVIDIA A100-SXM-64GB,61.99,0,0
11,2026-05-18 17:46:15.680655,2026/05/18 17:46:15.724,3,NVIDIA A100-SXM-64GB,62.53,0,0
12,2026-05-18 17:46:20.738199,2026/05/18 17:46:20.823,0,NVIDIA A100-SXM-64GB,63.93,0,0
13,2026-05-18 17:46:20.738199,2026/05/18 17:46:20.831,1,NVIDIA A100-SXM-64GB,60.99,0,0
14,2026-05-18 17:46:20.738199,2026/05/18 17:46:20.846,2,NVIDIA A100-SXM-64GB,61.92,0,0
15,2026-05-18 17:46:20.738199,2026/05/18 17:46:20.864,3,NVIDIA A100-SXM-64GB,62.40,0,0
16,2026-05-18 17:46:25.900162,2026/05/18 17:46:25.983,0,NVIDIA A100-SXM-64GB,63.93,0,0
17,2026-05-18 17:46:25.900162,2026/05/18 17:46:25.986,1,NVIDIA A100-SXM-64GB,60.99,0,0
18,2026-05-18 17:46:25.900162,2026/05/18 17:46:26.000,2,NVIDIA A100-SXM-64GB,61.92,0,0
19,2026-05-18 17:46:25.900162,2026/05/18 17:46:26.011,3,NVIDIA A100-SXM-64GB,62.40,0,0
20,2026-05-18 17:46:31.046185,2026/05/18 17:46:31.132,0,NVIDIA A100-SXM-64GB,64.00,0,0
21,2026-05-18 17:46:31.046185,2026/05/18 17:46:31.136,1,NVIDIA A100-SXM-64GB,61.06,0,0
22,2026-05-18 17:46:31.046185,2026/05/18 17:46:31.151,2,NVIDIA A100-SXM-64GB,61.99,0,0
23,2026-05-18 17:46:31.046185,2026/05/18 17:46:31.166,3,NVIDIA A100-SXM-64GB,62.47,0,0
24,2026-05-18 17:46:36.191514,2026/05/18 17:46:36.279,0,NVIDIA A100-SXM-64GB,63.93,0,0
25,2026-05-18 17:46:36.191514,2026/05/18 17:46:36.283,1,NVIDIA A100-SXM-64GB,60.99,0,0
26,2026-05-18 17:46:36.191514,2026/05/18 17:46:36.297,2,NVIDIA A100-SXM-64GB,61.92,0,0
27,2026-05-18 17:46:36.191514,2026/05/18 17:46:36.311,3,NVIDIA A100-SXM-64GB,62.47,0,0
28,2026-05-18 17:46:41.345972,2026/05/18 17:46:41.433,0,NVIDIA A100-SXM-64GB,63.93,0,0
29,2026-05-18 17:46:41.345972,2026/05/18 17:46:41.436,1,NVIDIA A100-SXM-64GB,60.99,0,0
30,2026-05-18 17:46:41.345972,2026/05/18 17:46:41.454,2,NVIDIA A100-SXM-64GB,61.92,0,0
31,2026-05-18 17:46:41.345972,2026/05/18 17:46:41.463,3,NVIDIA A100-SXM-64GB,62.40,0,0
32,2026-05-18 17:46:46.506040,2026/05/18 17:46:46.607,0,NVIDIA A100-SXM-64GB,64.00,0,0
33,2026-05-18 17:46:46.506040,2026/05/18 17:46:46.610,1,NVIDIA A100-SXM-64GB,61.06,0,0
34,2026-05-18 17:46:46.506040,2026/05/18 17:46:46.624,2,NVIDIA A100-SXM-64GB,61.99,0,0
35,2026-05-18 17:46:46.506040,2026/05/18 17:46:46.648,3,NVIDIA A100-SXM-64GB,62.53,0,0
36,2026-05-18 17:46:51.685960,2026/05/18 17:46:51.776,0,NVIDIA A100-SXM-64GB,63.93,4,0
37,2026-05-18 17:46:51.685960,2026/05/18 17:46:51.778,1,NVIDIA A100-SXM-64GB,60.99,4,0
38,2026-05-18 17:46:51.685960,2026/05/18 17:46:51.796,2,NVIDIA A100-SXM-64GB,61.92,4,0
39,2026-05-18 17:46:51.685960,2026/05/18 17:46:51.807,3,NVIDIA A100-SXM-64GB,62.40,4,0
40,2026-05-18 17:46:56.844437,2026/05/18 17:46:56.940,0,NVIDIA A100-SXM-64GB,63.93,4,0
41,2026-05-18 17:46:56.844437,2026/05/18 17:46:56.943,1,NVIDIA A100-SXM-64GB,60.78,4,0
42,2026-05-18 17:46:56.844437,2026/05/18 17:46:56.951,2,NVIDIA A100-SXM-64GB,61.92,4,0
43,2026-05-18 17:46:56.844437,2026/05/18 17:46:56.964,3,NVIDIA A100-SXM-64GB,62.47,4,0
44,2026-05-18 17:47:02.000776,2026/05/18 17:47:02.087,0,NVIDIA A100-SXM-64GB,63.93,4,0
45,2026-05-18 17:47:02.000776,2026/05/18 17:47:02.095,1,NVIDIA A100-SXM-64GB,74.14,480,0
46,2026-05-18 17:47:02.000776,2026/05/18 17:47:02.113,2,NVIDIA A100-SXM-64GB,74.42,480,0
47,2026-05-18 17:47:02.000776,2026/05/18 17:47:02.129,3,NVIDIA A100-SXM-64GB,75.79,480,0
48,2026-05-18 17:47:07.170639,2026/05/18 17:47:07.263,0,NVIDIA A100-SXM-64GB,63.93,4,0
49,2026-05-18 17:47:07.170639,2026/05/18 17:47:07.266,1,NVIDIA A100-SXM-64GB,74.42,480,0
50,2026-05-18 17:47:07.170639,2026/05/18 17:47:07.286,2,NVIDIA A100-SXM-64GB,74.42,480,0
51,2026-05-18 17:47:07.170639,2026/05/18 17:47:07.304,3,NVIDIA A100-SXM-64GB,76.21,480,0
52,2026-05-18 17:47:12.351577,2026/05/18 17:47:12.395,0,NVIDIA A100-SXM-64GB,77.39,1204,0
53,2026-05-18 17:47:12.351577,2026/05/18 17:47:12.399,1,NVIDIA A100-SXM-64GB,74.42,1204,0
54,2026-05-18 17:47:12.351577,2026/05/18 17:47:12.402,2,NVIDIA A100-SXM-64GB,74.34,1204,0
55,2026-05-18 17:47:12.351577,2026/05/18 17:47:12.405,3,NVIDIA A100-SXM-64GB,76.13,1204,0
56,2026-05-18 17:47:17.416673,2026/05/18 17:47:17.464,0,NVIDIA A100-SXM-64GB,77.47,1204,0
57,2026-05-18 17:47:17.416673,2026/05/18 17:47:17.466,1,NVIDIA A100-SXM-64GB,74.49,1204,0
58,2026-05-18 17:47:17.416673,2026/05/18 17:47:17.469,2,NVIDIA A100-SXM-64GB,74.49,1204,0
59,2026-05-18 17:47:17.416673,2026/05/18 17:47:17.472,3,NVIDIA A100-SXM-64GB,75.87,1204,0
60,2026-05-18 17:47:22.484708,2026/05/18 17:47:22.528,0,NVIDIA A100-SXM-64GB,78.00,1204,0
61,2026-05-18 17:47:22.484708,2026/05/18 17:47:22.537,1,NVIDIA A100-SXM-64GB,74.42,1204,0
62,2026-05-18 17:47:22.484708,2026/05/18 17:47:22.549,2,NVIDIA A100-SXM-64GB,74.67,1204,0
63,2026-05-18 17:47:22.484708,2026/05/18 17:47:22.552,3,NVIDIA A100-SXM-64GB,76.13,1204,0
64,2026-05-18 17:47:27.563736,2026/05/18 17:47:27.608,0,NVIDIA A100-SXM-64GB,77.73,1204,0
65,2026-05-18 17:47:27.563736,2026/05/18 17:47:27.612,1,NVIDIA A100-SXM-64GB,74.42,1204,0
66,2026-05-18 17:47:27.563736,2026/05/18 17:47:27.615,2,NVIDIA A100-SXM-64GB,74.75,1204,0
67,2026-05-18 17:47:27.563736,2026/05/18 17:47:27.617,3,NVIDIA A100-SXM-64GB,75.79,1204,0
68,2026-05-18 17:47:32.630455,2026/05/18 17:47:32.673,0,NVIDIA A100-SXM-64GB,78.00,1204,0
69,2026-05-18 17:47:32.630455,2026/05/18 17:47:32.676,1,NVIDIA A100-SXM-64GB,74.42,1204,0
70,2026-05-18 17:47:32.630455,2026/05/18 17:47:32.678,2,NVIDIA A100-SXM-64GB,74.75,1204,0
71,2026-05-18 17:47:32.630455,2026/05/18 17:47:32.681,3,NVIDIA A100-SXM-64GB,76.21,1204,0
72,2026-05-18 17:47:37.693053,2026/05/18 17:47:37.738,0,NVIDIA A100-SXM-64GB,77.73,1204,0
73,2026-05-18 17:47:37.693053,2026/05/18 17:47:37.740,1,NVIDIA A100-SXM-64GB,74.42,1204,0
74,2026-05-18 17:47:37.693053,2026/05/18 17:47:37.743,2,NVIDIA A100-SXM-64GB,74.75,1204,0
75,2026-05-18 17:47:37.693053,2026/05/18 17:47:37.745,3,NVIDIA A100-SXM-64GB,75.79,1204,0
76,2026-05-18 17:47:42.757107,2026/05/18 17:47:42.801,0,NVIDIA A100-SXM-64GB,77.73,1204,0
77,2026-05-18 17:47:42.757107,2026/05/18 17:47:42.805,1,NVIDIA A100-SXM-64GB,74.42,1204,0
78,2026-05-18 17:47:42.757107,2026/05/18 17:47:42.808,2,NVIDIA A100-SXM-64GB,74.14,1204,0
79,2026-05-18 17:47:42.757107,2026/05/18 17:47:42.810,3,NVIDIA A100-SXM-64GB,75.87,1204,0
80,2026-05-18 17:47:47.823199,2026/05/18 17:47:47.964,0,NVIDIA A100-SXM-64GB,105.49,2404,100
81,2026-05-18 17:47:47.823199,2026/05/18 17:47:47.967,1,NVIDIA A100-SXM-64GB,108.17,2412,100
82,2026-05-18 17:47:47.823199,2026/05/18 17:47:47.987,2,NVIDIA A100-SXM-64GB,97.83,2432,100
83,2026-05-18 17:47:47.823199,2026/05/18 17:47:47.994,3,NVIDIA A100-SXM-64GB,103.20,2384,100
84,2026-05-18 17:47:53.027139,2026/05/18 17:47:53.120,0,NVIDIA A100-SXM-64GB,87.51,2484,2
85,2026-05-18 17:47:53.027139,2026/05/18 17:47:53.123,1,NVIDIA A100-SXM-64GB,83.30,2492,2
86,2026-05-18 17:47:53.027139,2026/05/18 17:47:53.138,2,NVIDIA A100-SXM-64GB,83.90,2512,2
87,2026-05-18 17:47:53.027139,2026/05/18 17:47:53.151,3,NVIDIA A100-SXM-64GB,85.34,2464,2
88,2026-05-18 17:47:58.184460,2026/05/18 17:47:58.322,0,NVIDIA A100-SXM-64GB,96.46,2584,99
89,2026-05-18 17:47:58.184460,2026/05/18 17:47:58.325,1,NVIDIA A100-SXM-64GB,91.84,2592,81
90,2026-05-18 17:47:58.184460,2026/05/18 17:47:58.327,2,NVIDIA A100-SXM-64GB,93.32,2612,100
91,2026-05-18 17:47:58.184460,2026/05/18 17:47:58.370,3,NVIDIA A100-SXM-64GB,94.16,2564,100
92,2026-05-18 17:48:03.408188,2026/05/18 17:48:03.498,0,NVIDIA A100-SXM-64GB,91.47,2664,100
93,2026-05-18 17:48:03.408188,2026/05/18 17:48:03.501,1,NVIDIA A100-SXM-64GB,84.18,2672,100
94,2026-05-18 17:48:03.408188,2026/05/18 17:48:03.510,2,NVIDIA A100-SXM-64GB,84.18,2692,43
95,2026-05-18 17:48:03.408188,2026/05/18 17:48:03.528,3,NVIDIA A100-SXM-64GB,85.53,2644,64
96,2026-05-18 17:48:08.563526,2026/05/18 17:48:08.650,0,NVIDIA A100-SXM-64GB,87.10,2744,2
97,2026-05-18 17:48:08.563526,2026/05/18 17:48:08.664,1,NVIDIA A100-SXM-64GB,83.30,2752,2
98,2026-05-18 17:48:08.563526,2026/05/18 17:48:08.678,2,NVIDIA A100-SXM-64GB,84.09,2772,21
99,2026-05-18 17:48:08.563526,2026/05/18 17:48:08.703,3,NVIDIA A100-SXM-64GB,85.53,2724,2
100,2026-05-18 17:48:13.740715,2026/05/18 17:48:13.823,0,NVIDIA A100-SXM-64GB,87.27,2824,2
101,2026-05-18 17:48:13.740715,2026/05/18 17:48:13.825,1,NVIDIA A100-SXM-64GB,83.38,2832,2
102,2026-05-18 17:48:13.740715,2026/05/18 17:48:13.828,2,NVIDIA A100-SXM-64GB,84.26,2852,2
103,2026-05-18 17:48:13.740715,2026/05/18 17:48:13.848,3,NVIDIA A100-SXM-64GB,85.71,2804,2
104,2026-05-18 17:48:18.885850,2026/05/18 17:48:18.981,0,NVIDIA A100-SXM-64GB,86.90,2904,0
105,2026-05-18 17:48:18.885850,2026/05/18 17:48:18.984,1,NVIDIA A100-SXM-64GB,83.30,2912,0
106,2026-05-18 17:48:18.885850,2026/05/18 17:48:18.988,2,NVIDIA A100-SXM-64GB,83.57,2932,0
107,2026-05-18 17:48:18.885850,2026/05/18 17:48:19.006,3,NVIDIA A100-SXM-64GB,85.53,2884,0
108,2026-05-18 17:48:24.038599,2026/05/18 17:48:24.176,0,NVIDIA A100-SXM-64GB,115.53,2984,100
109,2026-05-18 17:48:24.038599,2026/05/18 17:48:24.179,1,NVIDIA A100-SXM-64GB,100.34,2992,100
110,2026-05-18 17:48:24.038599,2026/05/18 17:48:24.182,2,NVIDIA A100-SXM-64GB,101.49,3012,100
111,2026-05-18 17:48:24.038599,2026/05/18 17:48:24.196,3,NVIDIA A100-SXM-64GB,114.46,2964,100
112,2026-05-18 17:48:29.232769,2026/05/18 17:48:29.319,0,NVIDIA A100-SXM-64GB,87.18,3064,2
113,2026-05-18 17:48:29.232769,2026/05/18 17:48:29.335,1,NVIDIA A100-SXM-64GB,83.30,3072,3
114,2026-05-18 17:48:29.232769,2026/05/18 17:48:29.345,2,NVIDIA A100-SXM-64GB,83.90,3092,2
115,2026-05-18 17:48:29.232769,2026/05/18 17:48:29.363,3,NVIDIA A100-SXM-64GB,85.53,3044,2
116,2026-05-18 17:48:34.399609,2026/05/18 17:48:34.527,0,NVIDIA A100-SXM-64GB,96.36,3164,76
117,2026-05-18 17:48:34.399609,2026/05/18 17:48:34.533,1,NVIDIA A100-SXM-64GB,91.84,3172,94
118,2026-05-18 17:48:34.399609,2026/05/18 17:48:34.535,2,NVIDIA A100-SXM-64GB,93.32,3192,100
119,2026-05-18 17:48:34.399609,2026/05/18 17:48:34.589,3,NVIDIA A100-SXM-64GB,94.16,3144,100
120,2026-05-18 17:48:39.618617,2026/05/18 17:48:39.695,0,NVIDIA A100-SXM-64GB,86.57,4224,2
121,2026-05-18 17:48:39.618617,2026/05/18 17:48:39.697,1,NVIDIA A100-SXM-64GB,83.30,4232,2
122,2026-05-18 17:48:39.618617,2026/05/18 17:48:39.715,2,NVIDIA A100-SXM-64GB,84.50,4252,2
123,2026-05-18 17:48:39.618617,2026/05/18 17:48:39.723,3,NVIDIA A100-SXM-64GB,85.25,4204,2
124,2026-05-18 17:48:44.759431,2026/05/18 17:48:44.892,0,NVIDIA A100-SXM-64GB,95.58,7224,100
125,2026-05-18 17:48:44.759431,2026/05/18 17:48:44.895,1,NVIDIA A100-SXM-64GB,91.61,7232,100
126,2026-05-18 17:48:44.759431,2026/05/18 17:48:44.898,2,NVIDIA A100-SXM-64GB,92.72,7252,100
127,2026-05-18 17:48:44.759431,2026/05/18 17:48:44.946,3,NVIDIA A100-SXM-64GB,93.55,7204,100
128,2026-05-18 17:48:49.991570,2026/05/18 17:48:50.097,0,NVIDIA A100-SXM-64GB,83.64,7224,100
129,2026-05-18 17:48:49.991570,2026/05/18 17:48:50.113,1,NVIDIA A100-SXM-64GB,80.31,7232,100
130,2026-05-18 17:48:49.991570,2026/05/18 17:48:50.142,2,NVIDIA A100-SXM-64GB,80.56,7252,6
131,2026-05-18 17:48:49.991570,2026/05/18 17:48:50.163,3,NVIDIA A100-SXM-64GB,81.87,7204,6
132,2026-05-18 17:48:55.204487,2026/05/18 17:48:55.293,0,NVIDIA A100-SXM-64GB,87.51,10640,1
133,2026-05-18 17:48:55.204487,2026/05/18 17:48:55.296,1,NVIDIA A100-SXM-64GB,83.57,10648,1
134,2026-05-18 17:48:55.204487,2026/05/18 17:48:55.325,2,NVIDIA A100-SXM-64GB,83.90,10668,1
135,2026-05-18 17:48:55.204487,2026/05/18 17:48:55.333,3,NVIDIA A100-SXM-64GB,85.25,10620,1
136,2026-05-18 17:49:00.369177,2026/05/18 17:49:00.503,0,NVIDIA A100-SXM-64GB,108.23,14808,100
137,2026-05-18 17:49:00.369177,2026/05/18 17:49:00.537,1,NVIDIA A100-SXM-64GB,104.94,14816,100
138,2026-05-18 17:49:00.369177,2026/05/18 17:49:00.546,2,NVIDIA A100-SXM-64GB,106.37,14836,100
139,2026-05-18 17:49:00.369177,2026/05/18 17:49:00.606,3,NVIDIA A100-SXM-64GB,109.26,15190,100
140,2026-05-18 17:49:05.643058,2026/05/18 17:49:05.785,0,NVIDIA A100-SXM-64GB,95.99,26368,100
141,2026-05-18 17:49:05.643058,2026/05/18 17:49:05.788,1,NVIDIA A100-SXM-64GB,102.10,26376,100
142,2026-05-18 17:49:05.643058,2026/05/18 17:49:05.791,2,NVIDIA A100-SXM-64GB,99.36,26396,100
143,2026-05-18 17:49:05.643058,2026/05/18 17:49:05.846,3,NVIDIA A100-SXM-64GB,94.90,26350,100
144,2026-05-18 17:49:10.879499,2026/05/18 17:49:11.028,0,NVIDIA A100-SXM-64GB,99.94,26368,100
145,2026-05-18 17:49:10.879499,2026/05/18 17:49:11.031,1,NVIDIA A100-SXM-64GB,95.79,26376,100
146,2026-05-18 17:49:10.879499,2026/05/18 17:49:11.086,2,NVIDIA A100-SXM-64GB,99.53,26396,100
147,2026-05-18 17:49:10.879499,2026/05/18 17:49:11.089,3,NVIDIA A100-SXM-64GB,102.27,26350,100
148,2026-05-18 17:49:16.152783,2026/05/18 17:49:16.285,0,NVIDIA A100-SXM-64GB,96.69,27968,100
149,2026-05-18 17:49:16.152783,2026/05/18 17:49:16.331,1,NVIDIA A100-SXM-64GB,95.46,27976,100
150,2026-05-18 17:49:16.152783,2026/05/18 17:49:16.383,2,NVIDIA A100-SXM-64GB,94.58,28038,100
151,2026-05-18 17:49:16.152783,2026/05/18 17:49:16.386,3,NVIDIA A100-SXM-64GB,103.80,27950,100
152,2026-05-18 17:49:21.447646,2026/05/18 17:49:21.592,0,NVIDIA A100-SXM-64GB,109.44,27968,100
153,2026-05-18 17:49:21.447646,2026/05/18 17:49:21.595,1,NVIDIA A100-SXM-64GB,105.43,27976,100
154,2026-05-18 17:49:21.447646,2026/05/18 17:49:21.598,2,NVIDIA A100-SXM-64GB,118.73,28038,100
155,2026-05-18 17:49:21.447646,2026/05/18 17:49:21.645,3,NVIDIA A100-SXM-64GB,106.75,27950,100
156,2026-05-18 17:49:26.686884,2026/05/18 17:49:26.824,0,NVIDIA A100-SXM-64GB,113.12,29148,100
157,2026-05-18 17:49:26.686884,2026/05/18 17:49:26.844,1,NVIDIA A100-SXM-64GB,110.91,29156,100
158,2026-05-18 17:49:26.686884,2026/05/18 17:49:26.847,2,NVIDIA A100-SXM-64GB,99.63,29218,100
159,2026-05-18 17:49:26.686884,2026/05/18 17:49:26.891,3,NVIDIA A100-SXM-64GB,110.68,29130,100
160,2026-05-18 17:49:31.930856,2026/05/18 17:49:32.069,0,NVIDIA A100-SXM-64GB,109.71,30878,100
161,2026-05-18 17:49:31.930856,2026/05/18 17:49:32.072,1,NVIDIA A100-SXM-64GB,106.64,30886,100
162,2026-05-18 17:49:31.930856,2026/05/18 17:49:32.074,2,NVIDIA A100-SXM-64GB,105.93,30948,100
163,2026-05-18 17:49:31.930856,2026/05/18 17:49:32.091,3,NVIDIA A100-SXM-64GB,110.08,30862,100
164,2026-05-18 17:49:37.163339,2026/05/18 17:49:37.307,0,NVIDIA A100-SXM-64GB,102.18,30878,100
165,2026-05-18 17:49:37.163339,2026/05/18 17:49:37.310,1,NVIDIA A100-SXM-64GB,99.46,30886,100
166,2026-05-18 17:49:37.163339,2026/05/18 17:49:37.315,2,NVIDIA A100-SXM-64GB,107.29,30948,100
167,2026-05-18 17:49:37.163339,2026/05/18 17:49:37.362,3,NVIDIA A100-SXM-64GB,109.59,31782,100
168,2026-05-18 17:49:42.453937,2026/05/18 17:49:42.602,0,NVIDIA A100-SXM-64GB,104.82,31798,100
169,2026-05-18 17:49:42.453937,2026/05/18 17:49:42.646,1,NVIDIA A100-SXM-64GB,117.04,31806,100
170,2026-05-18 17:49:42.453937,2026/05/18 17:49:42.652,2,NVIDIA A100-SXM-64GB,100.46,31868,100
171,2026-05-18 17:49:42.453937,2026/05/18 17:49:42.663,3,NVIDIA A100-SXM-64GB,123.46,31782,100
172,2026-05-18 17:49:47.730432,2026/05/18 17:49:47.870,0,NVIDIA A100-SXM-64GB,102.52,31798,100
173,2026-05-18 17:49:47.730432,2026/05/18 17:49:48.016,1,NVIDIA A100-SXM-64GB,100.06,31806,100
174,2026-05-18 17:49:47.730432,2026/05/18 17:49:48.018,2,NVIDIA A100-SXM-64GB,102.10,31868,100
175,2026-05-18 17:49:47.730432,2026/05/18 17:49:48.060,3,NVIDIA A100-SXM-64GB,98.93,31802,100
176,2026-05-18 17:49:53.095498,2026/05/18 17:49:53.239,0,NVIDIA A100-SXM-64GB,111.21,31798,100
177,2026-05-18 17:49:53.095498,2026/05/18 17:49:53.275,1,NVIDIA A100-SXM-64GB,106.86,31822,100
178,2026-05-18 17:49:53.095498,2026/05/18 17:49:53.278,2,NVIDIA A100-SXM-64GB,110.14,31868,100
179,2026-05-18 17:49:53.095498,2026/05/18 17:49:53.291,3,NVIDIA A100-SXM-64GB,107.57,31802,100
180,2026-05-18 17:49:58.382706,2026/05/18 17:49:58.518,0,NVIDIA A100-SXM-64GB,110.37,31798,100
181,2026-05-18 17:49:58.382706,2026/05/18 17:49:58.520,1,NVIDIA A100-SXM-64GB,101.76,31846,100
182,2026-05-18 17:49:58.382706,2026/05/18 17:49:58.529,2,NVIDIA A100-SXM-64GB,104.84,31868,100
183,2026-05-18 17:49:58.382706,2026/05/18 17:49:58.585,3,NVIDIA A100-SXM-64GB,112.32,31802,100
184,2026-05-18 17:50:03.620981,2026/05/18 17:50:03.765,0,NVIDIA A100-SXM-64GB,110.37,31798,100
185,2026-05-18 17:50:03.620981,2026/05/18 17:50:03.768,1,NVIDIA A100-SXM-64GB,108.78,31846,100
186,2026-05-18 17:50:03.620981,2026/05/18 17:50:03.774,2,NVIDIA A100-SXM-64GB,108.17,31868,100
187,2026-05-18 17:50:03.620981,2026/05/18 17:50:03.837,3,NVIDIA A100-SXM-64GB,106.26,31802,100
188,2026-05-18 17:50:08.867220,2026/05/18 17:50:09.006,0,NVIDIA A100-SXM-64GB,108.51,31798,100
189,2026-05-18 17:50:08.867220,2026/05/18 17:50:09.009,1,NVIDIA A100-SXM-64GB,109.11,31846,100
190,2026-05-18 17:50:08.867220,2026/05/18 17:50:09.012,2,NVIDIA A100-SXM-64GB,103.30,31868,100
191,2026-05-18 17:50:08.867220,2026/05/18 17:50:09.060,3,NVIDIA A100-SXM-64GB,105.93,31802,100
192,2026-05-18 17:50:14.098876,2026/05/18 17:50:14.243,0,NVIDIA A100-SXM-64GB,110.04,31798,100
193,2026-05-18 17:50:14.098876,2026/05/18 17:50:14.264,1,NVIDIA A100-SXM-64GB,103.90,31848,100
194,2026-05-18 17:50:14.098876,2026/05/18 17:50:14.267,2,NVIDIA A100-SXM-64GB,106.97,31868,100
195,2026-05-18 17:50:14.098876,2026/05/18 17:50:14.317,3,NVIDIA A100-SXM-64GB,110.41,31802,100
196,2026-05-18 17:50:19.379543,2026/05/18 17:50:19.524,0,NVIDIA A100-SXM-64GB,109.44,31798,100
197,2026-05-18 17:50:19.379543,2026/05/18 17:50:19.548,1,NVIDIA A100-SXM-64GB,101.17,31848,100
198,2026-05-18 17:50:19.379543,2026/05/18 17:50:19.551,2,NVIDIA A100-SXM-64GB,109.38,31868,100
199,2026-05-18 17:50:19.379543,2026/05/18 17:50:19.557,3,NVIDIA A100-SXM-64GB,98.65,31802,100
200,2026-05-18 17:50:24.651599,2026/05/18 17:50:24.797,0,NVIDIA A100-SXM-64GB,103.73,31798,100
201,2026-05-18 17:50:24.651599,2026/05/18 17:50:24.800,1,NVIDIA A100-SXM-64GB,103.41,31848,100
202,2026-05-18 17:50:24.651599,2026/05/18 17:50:24.805,2,NVIDIA A100-SXM-64GB,108.89,31868,100
203,2026-05-18 17:50:24.651599,2026/05/18 17:50:24.852,3,NVIDIA A100-SXM-64GB,114.46,31802,100
204,2026-05-18 17:50:29.893613,2026/05/18 17:50:29.980,0,NVIDIA A100-SXM-64GB,103.45,31798,89
205,2026-05-18 17:50:29.893613,2026/05/18 17:50:30.030,1,NVIDIA A100-SXM-64GB,95.79,31848,70
206,2026-05-18 17:50:29.893613,2026/05/18 17:50:30.068,2,NVIDIA A100-SXM-64GB,99.63,31868,85
207,2026-05-18 17:50:29.893613,2026/05/18 17:50:30.101,3,NVIDIA A100-SXM-64GB,111.40,31802,83
208,2026-05-18 17:50:35.139461,2026/05/18 17:50:35.274,0,NVIDIA A100-SXM-64GB,113.84,31798,100
209,2026-05-18 17:50:35.139461,2026/05/18 17:50:35.276,1,NVIDIA A100-SXM-64GB,122.97,31848,100
210,2026-05-18 17:50:35.139461,2026/05/18 17:50:35.316,2,NVIDIA A100-SXM-64GB,106.04,31868,100
211,2026-05-18 17:50:35.139461,2026/05/18 17:50:35.319,3,NVIDIA A100-SXM-64GB,129.06,31844,100
212,2026-05-18 17:50:40.394801,2026/05/18 17:50:40.533,0,NVIDIA A100-SXM-64GB,135.14,31840,100
213,2026-05-18 17:50:40.394801,2026/05/18 17:50:40.536,1,NVIDIA A100-SXM-64GB,143.54,31848,100
214,2026-05-18 17:50:40.394801,2026/05/18 17:50:40.539,2,NVIDIA A100-SXM-64GB,109.11,31868,100
215,2026-05-18 17:50:40.394801,2026/05/18 17:50:40.597,3,NVIDIA A100-SXM-64GB,107.07,31844,100
216,2026-05-18 17:50:45.638359,2026/05/18 17:50:45.778,0,NVIDIA A100-SXM-64GB,113.12,31840,100
217,2026-05-18 17:50:45.638359,2026/05/18 17:50:45.825,1,NVIDIA A100-SXM-64GB,105.54,31848,100
218,2026-05-18 17:50:45.638359,2026/05/18 17:50:45.827,2,NVIDIA A100-SXM-64GB,110.91,31868,100
219,2026-05-18 17:50:45.638359,2026/05/18 17:50:45.869,3,NVIDIA A100-SXM-64GB,107.18,31844,100
220,2026-05-18 17:50:50.908778,2026/05/18 17:50:51.100,0,NVIDIA A100-SXM-64GB,110.37,31840,100
221,2026-05-18 17:50:50.908778,2026/05/18 17:50:51.103,1,NVIDIA A100-SXM-64GB,105.76,31848,100
222,2026-05-18 17:50:50.908778,2026/05/18 17:50:51.106,2,NVIDIA A100-SXM-64GB,106.64,31888,100
223,2026-05-18 17:50:50.908778,2026/05/18 17:50:51.165,3,NVIDIA A100-SXM-64GB,107.18,31844,100
224,2026-05-18 17:50:56.218188,2026/05/18 17:50:56.356,0,NVIDIA A100-SXM-64GB,106.97,31840,100
225,2026-05-18 17:50:56.218188,2026/05/18 17:50:56.359,1,NVIDIA A100-SXM-64GB,106.37,31848,100
226,2026-05-18 17:50:56.218188,2026/05/18 17:50:56.362,2,NVIDIA A100-SXM-64GB,105.43,31888,100
227,2026-05-18 17:50:56.218188,2026/05/18 17:50:56.444,3,NVIDIA A100-SXM-64GB,115.67,31844,100
228,2026-05-18 17:51:01.485361,2026/05/18 17:51:01.614,0,NVIDIA A100-SXM-64GB,112.30,31840,100
229,2026-05-18 17:51:01.485361,2026/05/18 17:51:01.662,1,NVIDIA A100-SXM-64GB,107.90,31848,100
230,2026-05-18 17:51:01.485361,2026/05/18 17:51:01.675,2,NVIDIA A100-SXM-64GB,104.50,31888,100
231,2026-05-18 17:51:01.485361,2026/05/18 17:51:01.680,3,NVIDIA A100-SXM-64GB,105.54,31844,100
232,2026-05-18 17:51:06.743571,2026/05/18 17:51:06.886,0,NVIDIA A100-SXM-64GB,112.30,31840,88
233,2026-05-18 17:51:06.743571,2026/05/18 17:51:06.889,1,NVIDIA A100-SXM-64GB,106.75,31848,91
234,2026-05-18 17:51:06.743571,2026/05/18 17:51:06.933,2,NVIDIA A100-SXM-64GB,109.49,31888,97
235,2026-05-18 17:51:06.743571,2026/05/18 17:51:06.936,3,NVIDIA A100-SXM-64GB,109.11,31844,87
236,2026-05-18 17:51:12.008588,2026/05/18 17:51:12.148,0,NVIDIA A100-SXM-64GB,160.18,31840,100
237,2026-05-18 17:51:12.008588,2026/05/18 17:51:12.150,1,NVIDIA A100-SXM-64GB,107.08,31848,100
238,2026-05-18 17:51:12.008588,2026/05/18 17:51:12.154,2,NVIDIA A100-SXM-64GB,127.71,31888,100
239,2026-05-18 17:51:12.008588,2026/05/18 17:51:12.207,3,NVIDIA A100-SXM-64GB,105.33,31844,100
240,2026-05-18 17:51:17.240226,2026/05/18 17:51:17.384,0,NVIDIA A100-SXM-64GB,102.69,31840,100
241,2026-05-18 17:51:17.240226,2026/05/18 17:51:17.386,1,NVIDIA A100-SXM-64GB,135.92,31848,100
242,2026-05-18 17:51:17.240226,2026/05/18 17:51:17.389,2,NVIDIA A100-SXM-64GB,102.37,31888,100
243,2026-05-18 17:51:17.240226,2026/05/18 17:51:17.437,3,NVIDIA A100-SXM-64GB,161.49,31844,100
244,2026-05-18 17:51:22.474165,2026/05/18 17:51:22.615,0,NVIDIA A100-SXM-64GB,120.15,31840,100
245,2026-05-18 17:51:22.474165,2026/05/18 17:51:22.618,1,NVIDIA A100-SXM-64GB,110.14,31848,100
246,2026-05-18 17:51:22.474165,2026/05/18 17:51:22.620,2,NVIDIA A100-SXM-64GB,111.84,31888,100
247,2026-05-18 17:51:22.474165,2026/05/18 17:51:22.639,3,NVIDIA A100-SXM-64GB,107.79,31844,100
248,2026-05-18 17:51:27.729067,2026/05/18 17:51:27.886,0,NVIDIA A100-SXM-64GB,114.66,31840,100
249,2026-05-18 17:51:27.729067,2026/05/18 17:51:27.947,1,NVIDIA A100-SXM-64GB,109.82,31848,100
250,2026-05-18 17:51:27.729067,2026/05/18 17:51:27.977,2,NVIDIA A100-SXM-64GB,101.17,31888,100
251,2026-05-18 17:51:27.729067,2026/05/18 17:51:27.979,3,NVIDIA A100-SXM-64GB,109.92,31844,100
252,2026-05-18 17:51:33.056057,2026/05/18 17:51:33.195,0,NVIDIA A100-SXM-64GB,129.32,31840,100
253,2026-05-18 17:51:33.056057,2026/05/18 17:51:33.198,1,NVIDIA A100-SXM-64GB,106.04,31848,100
254,2026-05-18 17:51:33.056057,2026/05/18 17:51:33.201,2,NVIDIA A100-SXM-64GB,106.53,31888,100
255,2026-05-18 17:51:33.056057,2026/05/18 17:51:33.252,3,NVIDIA A100-SXM-64GB,107.68,31844,100
256,2026-05-18 17:51:38.292006,2026/05/18 17:51:38.424,0,NVIDIA A100-SXM-64GB,111.37,31840,100
257,2026-05-18 17:51:38.292006,2026/05/18 17:51:38.427,1,NVIDIA A100-SXM-64GB,134.87,31848,100
258,2026-05-18 17:51:38.292006,2026/05/18 17:51:38.430,2,NVIDIA A100-SXM-64GB,100.06,31888,100
259,2026-05-18 17:51:38.292006,2026/05/18 17:51:38.495,3,NVIDIA A100-SXM-64GB,105.65,31844,100
260,2026-05-18 17:51:43.529302,2026/05/18 17:51:43.668,0,NVIDIA A100-SXM-64GB,107.08,31840,100
261,2026-05-18 17:51:43.529302,2026/05/18 17:51:43.695,1,NVIDIA A100-SXM-64GB,122.97,31848,100
262,2026-05-18 17:51:43.529302,2026/05/18 17:51:43.698,2,NVIDIA A100-SXM-64GB,106.48,31888,100
263,2026-05-18 17:51:43.529302,2026/05/18 17:51:43.705,3,NVIDIA A100-SXM-64GB,105.43,31844,100
264,2026-05-18 17:51:48.772937,2026/05/18 17:51:48.880,0,NVIDIA A100-SXM-64GB,93.51,31840,100
265,2026-05-18 17:51:48.772937,2026/05/18 17:51:48.920,1,NVIDIA A100-SXM-64GB,100.89,31848,100
266,2026-05-18 17:51:48.772937,2026/05/18 17:51:48.923,2,NVIDIA A100-SXM-64GB,84.69,31888,64
267,2026-05-18 17:51:48.772937,2026/05/18 17:51:48.970,3,NVIDIA A100-SXM-64GB,111.12,31844,91
268,2026-05-18 17:51:54.030807,2026/05/18 17:51:54.166,0,NVIDIA A100-SXM-64GB,130.52,31840,100
269,2026-05-18 17:51:54.030807,2026/05/18 17:51:54.207,1,NVIDIA A100-SXM-64GB,111.24,31848,100
270,2026-05-18 17:51:54.030807,2026/05/18 17:51:54.209,2,NVIDIA A100-SXM-64GB,103.63,31888,100
271,2026-05-18 17:51:54.030807,2026/05/18 17:51:54.253,3,NVIDIA A100-SXM-64GB,111.12,31844,100
272,2026-05-18 17:51:59.288845,2026/05/18 17:51:59.448,0,NVIDIA A100-SXM-64GB,102.69,31840,100
273,2026-05-18 17:51:59.288845,2026/05/18 17:51:59.483,1,NVIDIA A100-SXM-64GB,155.59,31848,100
274,2026-05-18 17:51:59.288845,2026/05/18 17:51:59.534,2,NVIDIA A100-SXM-64GB,140.98,31888,100
275,2026-05-18 17:51:59.288845,2026/05/18 17:51:59.538,3,NVIDIA A100-SXM-64GB,99.16,31844,100
276,2026-05-18 17:52:04.592636,2026/05/18 17:52:04.731,0,NVIDIA A100-SXM-64GB,109.71,31840,100
277,2026-05-18 17:52:04.592636,2026/05/18 17:52:04.733,1,NVIDIA A100-SXM-64GB,106.48,31848,100
278,2026-05-18 17:52:04.592636,2026/05/18 17:52:04.765,2,NVIDIA A100-SXM-64GB,108.17,31888,100
279,2026-05-18 17:52:04.592636,2026/05/18 17:52:04.768,3,NVIDIA A100-SXM-64GB,108.67,31844,100
280,2026-05-18 17:52:09.821864,2026/05/18 17:52:10.010,0,NVIDIA A100-SXM-64GB,109.44,31840,100
281,2026-05-18 17:52:09.821864,2026/05/18 17:52:10.013,1,NVIDIA A100-SXM-64GB,108.50,31848,100
282,2026-05-18 17:52:09.821864,2026/05/18 17:52:10.017,2,NVIDIA A100-SXM-64GB,108.17,31888,100
283,2026-05-18 17:52:09.821864,2026/05/18 17:52:10.031,3,NVIDIA A100-SXM-64GB,102.49,31844,100
284,2026-05-18 17:52:15.104978,2026/05/18 17:52:15.234,0,NVIDIA A100-SXM-64GB,155.90,31840,100
285,2026-05-18 17:52:15.104978,2026/05/18 17:52:15.236,1,NVIDIA A100-SXM-64GB,103.63,31848,100
286,2026-05-18 17:52:15.104978,2026/05/18 17:52:15.306,2,NVIDIA A100-SXM-64GB,106.04,31888,100
287,2026-05-18 17:52:15.104978,2026/05/18 17:52:15.310,3,NVIDIA A100-SXM-64GB,107.79,31844,100
288,2026-05-18 17:52:20.353804,2026/05/18 17:52:20.493,0,NVIDIA A100-SXM-64GB,113.23,31840,100
289,2026-05-18 17:52:20.353804,2026/05/18 17:52:20.496,1,NVIDIA A100-SXM-64GB,101.97,31848,100
290,2026-05-18 17:52:20.353804,2026/05/18 17:52:20.507,2,NVIDIA A100-SXM-64GB,111.02,31888,100
291,2026-05-18 17:52:20.353804,2026/05/18 17:52:20.591,3,NVIDIA A100-SXM-64GB,105.76,31844,100
292,2026-05-18 17:52:25.623488,2026/05/18 17:52:25.751,0,NVIDIA A100-SXM-64GB,95.99,31840,100
293,2026-05-18 17:52:25.623488,2026/05/18 17:52:25.816,1,NVIDIA A100-SXM-64GB,92.36,31848,100
294,2026-05-18 17:52:25.623488,2026/05/18 17:52:25.819,2,NVIDIA A100-SXM-64GB,93.89,31888,100
295,2026-05-18 17:52:25.623488,2026/05/18 17:52:25.845,3,NVIDIA A100-SXM-64GB,94.90,31844,100
296,2026-05-18 17:52:30.912570,2026/05/18 17:52:31.039,0,NVIDIA A100-SXM-64GB,111.58,31840,100
297,2026-05-18 17:52:30.912570,2026/05/18 17:52:31.088,1,NVIDIA A100-SXM-64GB,102.37,31848,100
298,2026-05-18 17:52:30.912570,2026/05/18 17:52:31.091,2,NVIDIA A100-SXM-64GB,107.79,31888,100
299,2026-05-18 17:52:30.912570,2026/05/18 17:52:31.133,3,NVIDIA A100-SXM-64GB,103.52,31844,100
300,2026-05-18 17:52:36.168093,2026/05/18 17:52:36.295,0,NVIDIA A100-SXM-64GB,111.25,31840,68
301,2026-05-18 17:52:36.168093,2026/05/18 17:52:36.298,1,NVIDIA A100-SXM-64GB,109.70,31848,95
302,2026-05-18 17:52:36.168093,2026/05/18 17:52:36.307,2,NVIDIA A100-SXM-64GB,116.44,31888,88
303,2026-05-18 17:52:36.168093,2026/05/18 17:52:36.378,3,NVIDIA A100-SXM-64GB,110.20,31844,86
304,2026-05-18 17:52:41.418716,2026/05/18 17:52:41.586,0,NVIDIA A100-SXM-64GB,96.36,31840,91
305,2026-05-18 17:52:41.418716,2026/05/18 17:52:41.589,1,NVIDIA A100-SXM-64GB,101.76,31848,100
306,2026-05-18 17:52:41.418716,2026/05/18 17:52:41.634,2,NVIDIA A100-SXM-64GB,99.46,31888,97
307,2026-05-18 17:52:41.418716,2026/05/18 17:52:41.637,3,NVIDIA A100-SXM-64GB,117.79,31844,100
308,2026-05-18 17:52:46.725193,2026/05/18 17:52:46.893,0,NVIDIA A100-SXM-64GB,100.54,31840,91
309,2026-05-18 17:52:46.725193,2026/05/18 17:52:46.896,1,NVIDIA A100-SXM-64GB,95.09,31868,100
310,2026-05-18 17:52:46.725193,2026/05/18 17:52:46.904,2,NVIDIA A100-SXM-64GB,105.76,31888,80
311,2026-05-18 17:52:46.725193,2026/05/18 17:52:46.962,3,NVIDIA A100-SXM-64GB,107.35,31844,96
312,2026-05-18 17:52:51.995516,2026/05/18 17:52:52.154,0,NVIDIA A100-SXM-64GB,124.71,31840,100
313,2026-05-18 17:52:51.995516,2026/05/18 17:52:52.157,1,NVIDIA A100-SXM-64GB,104.84,31868,100
314,2026-05-18 17:52:51.995516,2026/05/18 17:52:52.194,2,NVIDIA A100-SXM-64GB,151.92,31888,100
315,2026-05-18 17:52:51.995516,2026/05/18 17:52:52.197,3,NVIDIA A100-SXM-64GB,107.46,31844,100
316,2026-05-18 17:52:57.267020,2026/05/18 17:52:57.425,0,NVIDIA A100-SXM-64GB,111.69,31840,100
317,2026-05-18 17:52:57.267020,2026/05/18 17:52:57.428,1,NVIDIA A100-SXM-64GB,135.92,31868,100
318,2026-05-18 17:52:57.267020,2026/05/18 17:52:57.431,2,NVIDIA A100-SXM-64GB,110.75,31888,100
319,2026-05-18 17:52:57.267020,2026/05/18 17:52:57.453,3,NVIDIA A100-SXM-64GB,107.57,31844,100
320,2026-05-18 17:53:02.527009,2026/05/18 17:53:02.682,0,NVIDIA A100-SXM-64GB,124.22,31840,100
321,2026-05-18 17:53:02.527009,2026/05/18 17:53:02.725,1,NVIDIA A100-SXM-64GB,117.44,31868,100
322,2026-05-18 17:53:02.527009,2026/05/18 17:53:02.730,2,NVIDIA A100-SXM-64GB,107.90,31888,100
323,2026-05-18 17:53:02.527009,2026/05/18 17:53:02.791,3,NVIDIA A100-SXM-64GB,104.39,31844,100
324,2026-05-18 17:53:07.832650,2026/05/18 17:53:08.024,0,NVIDIA A100-SXM-64GB,107.41,31860,86
325,2026-05-18 17:53:07.832650,2026/05/18 17:53:08.073,1,NVIDIA A100-SXM-64GB,102.48,31868,91
326,2026-05-18 17:53:07.832650,2026/05/18 17:53:08.075,2,NVIDIA A100-SXM-64GB,107.08,31888,100
327,2026-05-18 17:53:07.832650,2026/05/18 17:53:08.112,3,NVIDIA A100-SXM-64GB,109.92,31844,92
328,2026-05-18 17:53:13.152347,2026/05/18 17:53:13.327,0,NVIDIA A100-SXM-64GB,155.02,31860,100
329,2026-05-18 17:53:13.152347,2026/05/18 17:53:13.330,1,NVIDIA A100-SXM-64GB,104.84,31868,100
330,2026-05-18 17:53:13.152347,2026/05/18 17:53:13.339,2,NVIDIA A100-SXM-64GB,120.38,31888,100
331,2026-05-18 17:53:13.152347,2026/05/18 17:53:13.397,3,NVIDIA A100-SXM-64GB,108.56,31844,100
332,2026-05-18 17:53:18.435503,2026/05/18 17:53:18.607,0,NVIDIA A100-SXM-64GB,108.51,31860,100
333,2026-05-18 17:53:18.435503,2026/05/18 17:53:18.610,1,NVIDIA A100-SXM-64GB,133.47,31868,81
334,2026-05-18 17:53:18.435503,2026/05/18 17:53:18.630,2,NVIDIA A100-SXM-64GB,109.70,31888,62
335,2026-05-18 17:53:18.435503,2026/05/18 17:53:18.634,3,NVIDIA A100-SXM-64GB,99.86,31844,88
336,2026-05-18 17:53:23.718178,2026/05/18 17:53:23.885,0,NVIDIA A100-SXM-64GB,104.66,31860,99
337,2026-05-18 17:53:23.718178,2026/05/18 17:53:23.937,1,NVIDIA A100-SXM-64GB,96.06,31868,100
338,2026-05-18 17:53:23.718178,2026/05/18 17:53:23.940,2,NVIDIA A100-SXM-64GB,102.48,31888,100
339,2026-05-18 17:53:23.718178,2026/05/18 17:53:23.995,3,NVIDIA A100-SXM-64GB,105.93,31844,66
340,2026-05-18 17:53:29.038507,2026/05/18 17:53:29.237,0,NVIDIA A100-SXM-64GB,113.84,31860,97
341,2026-05-18 17:53:29.038507,2026/05/18 17:53:29.240,1,NVIDIA A100-SXM-64GB,107.57,31868,100
342,2026-05-18 17:53:29.038507,2026/05/18 17:53:29.246,2,NVIDIA A100-SXM-64GB,110.31,31888,100
343,2026-05-18 17:53:29.038507,2026/05/18 17:53:29.283,3,NVIDIA A100-SXM-64GB,112.05,31844,100
344,2026-05-18 17:53:34.333201,2026/05/18 17:53:34.506,0,NVIDIA A100-SXM-64GB,97.52,31860,96
345,2026-05-18 17:53:34.333201,2026/05/18 17:53:34.524,1,NVIDIA A100-SXM-64GB,102.37,31868,100
346,2026-05-18 17:53:34.333201,2026/05/18 17:53:34.542,2,NVIDIA A100-SXM-64GB,109.92,31888,70
347,2026-05-18 17:53:34.333201,2026/05/18 17:53:34.584,3,NVIDIA A100-SXM-64GB,101.99,31844,98
348,2026-05-18 17:53:39.632390,2026/05/18 17:53:39.816,0,NVIDIA A100-SXM-64GB,110.65,31860,80
349,2026-05-18 17:53:39.632390,2026/05/18 17:53:39.819,1,NVIDIA A100-SXM-64GB,94.58,31868,79
350,2026-05-18 17:53:39.632390,2026/05/18 17:53:39.839,2,NVIDIA A100-SXM-64GB,96.72,31888,71
351,2026-05-18 17:53:39.632390,2026/05/18 17:53:39.862,3,NVIDIA A100-SXM-64GB,108.56,31844,38
352,2026-05-18 17:53:44.951225,2026/05/18 17:53:45.123,0,NVIDIA A100-SXM-64GB,112.63,31860,78
353,2026-05-18 17:53:44.951225,2026/05/18 17:53:45.176,1,NVIDIA A100-SXM-64GB,108.01,31868,100
354,2026-05-18 17:53:44.951225,2026/05/18 17:53:45.210,2,NVIDIA A100-SXM-64GB,107.68,31888,100
355,2026-05-18 17:53:44.951225,2026/05/18 17:53:45.255,3,NVIDIA A100-SXM-64GB,116.11,31844,62
356,2026-05-18 17:53:50.364516,2026/05/18 17:53:50.600,0,NVIDIA A100-SXM-64GB,117.53,31860,78
357,2026-05-18 17:53:50.364516,2026/05/18 17:53:50.603,1,NVIDIA A100-SXM-64GB,107.57,31868,66
358,2026-05-18 17:53:50.364516,2026/05/18 17:53:50.607,2,NVIDIA A100-SXM-64GB,109.70,31888,51
359,2026-05-18 17:53:50.364516,2026/05/18 17:53:50.660,3,NVIDIA A100-SXM-64GB,113.86,31844,100
360,2026-05-18 17:53:55.709586,2026/05/18 17:53:55.887,0,NVIDIA A100-SXM-64GB,111.69,31860,79
361,2026-05-18 17:53:55.709586,2026/05/18 17:53:55.890,1,NVIDIA A100-SXM-64GB,107.08,31868,100
362,2026-05-18 17:53:55.709586,2026/05/18 17:53:55.919,2,NVIDIA A100-SXM-64GB,106.64,31888,100
363,2026-05-18 17:53:55.709586,2026/05/18 17:53:55.922,3,NVIDIA A100-SXM-64GB,108.17,31844,55
364,2026-05-18 17:54:01.031919,2026/05/18 17:54:01.208,0,NVIDIA A100-SXM-64GB,127.31,31860,100
365,2026-05-18 17:54:01.031919,2026/05/18 17:54:01.212,1,NVIDIA A100-SXM-64GB,111.35,31868,100
366,2026-05-18 17:54:01.031919,2026/05/18 17:54:01.257,2,NVIDIA A100-SXM-64GB,113.49,31888,99
367,2026-05-18 17:54:01.031919,2026/05/18 17:54:01.291,3,NVIDIA A100-SXM-64GB,108.06,31844,95
368,2026-05-18 17:54:06.374526,2026/05/18 17:54:06.551,0,NVIDIA A100-SXM-64GB,110.48,31860,100
369,2026-05-18 17:54:06.374526,2026/05/18 17:54:06.554,1,NVIDIA A100-SXM-64GB,106.75,31868,100
370,2026-05-18 17:54:06.374526,2026/05/18 17:54:06.596,2,NVIDIA A100-SXM-64GB,105.27,31888,100
371,2026-05-18 17:54:06.374526,2026/05/18 17:54:06.599,3,NVIDIA A100-SXM-64GB,109.38,31844,100
372,2026-05-18 17:54:11.660755,2026/05/18 17:54:11.831,0,NVIDIA A100-SXM-64GB,115.05,31860,82
373,2026-05-18 17:54:11.660755,2026/05/18 17:54:11.834,1,NVIDIA A100-SXM-64GB,96.72,31868,76
374,2026-05-18 17:54:11.660755,2026/05/18 17:54:11.847,2,NVIDIA A100-SXM-64GB,95.09,31888,83
375,2026-05-18 17:54:11.660755,2026/05/18 17:54:11.888,3,NVIDIA A100-SXM-64GB,108.39,31844,81
376,2026-05-18 17:54:16.997452,2026/05/18 17:54:17.192,0,NVIDIA A100-SXM-64GB,110.04,31860,78
377,2026-05-18 17:54:16.997452,2026/05/18 17:54:17.195,1,NVIDIA A100-SXM-64GB,99.36,31868,98
378,2026-05-18 17:54:16.997452,2026/05/18 17:54:17.235,2,NVIDIA A100-SXM-64GB,98.10,31888,100
379,2026-05-18 17:54:16.997452,2026/05/18 17:54:17.238,3,NVIDIA A100-SXM-64GB,110.52,31844,55
380,2026-05-18 17:54:22.331851,2026/05/18 17:54:22.493,0,NVIDIA A100-SXM-64GB,108.94,31860,100
381,2026-05-18 17:54:22.331851,2026/05/18 17:54:22.537,1,NVIDIA A100-SXM-64GB,111.84,31868,98
382,2026-05-18 17:54:22.331851,2026/05/18 17:54:22.540,2,NVIDIA A100-SXM-64GB,123.44,31888,93
383,2026-05-18 17:54:22.331851,2026/05/18 17:54:22.586,3,NVIDIA A100-SXM-64GB,87.99,31844,72
384,2026-05-18 17:54:27.650834,2026/05/18 17:54:27.826,0,NVIDIA A100-SXM-64GB,106.48,31860,69
385,2026-05-18 17:54:27.650834,2026/05/18 17:54:27.829,1,NVIDIA A100-SXM-64GB,111.46,31888,89
386,2026-05-18 17:54:27.650834,2026/05/18 17:54:27.886,2,NVIDIA A100-SXM-64GB,118.04,31888,96
387,2026-05-18 17:54:27.650834,2026/05/18 17:54:27.914,3,NVIDIA A100-SXM-64GB,102.37,31844,79
388,2026-05-18 17:54:32.983422,2026/05/18 17:54:33.138,0,NVIDIA A100-SXM-64GB,108.34,31860,73
389,2026-05-18 17:54:32.983422,2026/05/18 17:54:33.190,1,NVIDIA A100-SXM-64GB,95.46,31888,100
390,2026-05-18 17:54:32.983422,2026/05/18 17:54:33.226,2,NVIDIA A100-SXM-64GB,87.24,31888,65
391,2026-05-18 17:54:32.983422,2026/05/18 17:54:33.266,3,NVIDIA A100-SXM-64GB,105.93,31844,87
392,2026-05-18 17:54:38.350896,2026/05/18 17:54:38.528,0,NVIDIA A100-SXM-64GB,116.59,31860,100
393,2026-05-18 17:54:38.350896,2026/05/18 17:54:38.531,1,NVIDIA A100-SXM-64GB,93.65,31888,100
394,2026-05-18 17:54:38.350896,2026/05/18 17:54:38.577,2,NVIDIA A100-SXM-64GB,93.65,31888,100
395,2026-05-18 17:54:38.350896,2026/05/18 17:54:38.580,3,NVIDIA A100-SXM-64GB,108.67,31844,100
396,2026-05-18 17:54:43.670750,2026/05/18 17:54:43.864,0,NVIDIA A100-SXM-64GB,118.13,31860,100
397,2026-05-18 17:54:43.670750,2026/05/18 17:54:43.915,1,NVIDIA A100-SXM-64GB,98.20,31888,100
398,2026-05-18 17:54:43.670750,2026/05/18 17:54:43.919,2,NVIDIA A100-SXM-64GB,105.54,31888,100
399,2026-05-18 17:54:43.670750,2026/05/18 17:54:43.929,3,NVIDIA A100-SXM-64GB,110.79,31844,100
400,2026-05-18 17:54:49.009221,2026/05/18 17:54:49.198,0,NVIDIA A100-SXM-64GB,148.87,31860,100
401,2026-05-18 17:54:49.009221,2026/05/18 17:54:49.201,1,NVIDIA A100-SXM-64GB,93.98,31888,100
402,2026-05-18 17:54:49.009221,2026/05/18 17:54:49.247,2,NVIDIA A100-SXM-64GB,103.30,31888,100
403,2026-05-18 17:54:49.009221,2026/05/18 17:54:49.250,3,NVIDIA A100-SXM-64GB,95.86,31844,100
404,2026-05-18 17:54:54.346411,2026/05/18 17:54:54.523,0,NVIDIA A100-SXM-64GB,98.33,31860,100
405,2026-05-18 17:54:54.346411,2026/05/18 17:54:54.526,1,NVIDIA A100-SXM-64GB,106.26,31888,100
406,2026-05-18 17:54:54.346411,2026/05/18 17:54:54.602,2,NVIDIA A100-SXM-64GB,117.17,31888,100
407,2026-05-18 17:54:54.346411,2026/05/18 17:54:54.605,3,NVIDIA A100-SXM-64GB,108.17,31844,100
408,2026-05-18 17:54:59.665539,2026/05/18 17:54:59.865,0,NVIDIA A100-SXM-64GB,111.69,31860,100
409,2026-05-18 17:54:59.665539,2026/05/18 17:54:59.868,1,NVIDIA A100-SXM-64GB,127.19,31888,100
410,2026-05-18 17:54:59.665539,2026/05/18 17:54:59.931,2,NVIDIA A100-SXM-64GB,111.35,31888,100
411,2026-05-18 17:54:59.665539,2026/05/18 17:54:59.936,3,NVIDIA A100-SXM-64GB,101.87,31844,100
412,2026-05-18 17:55:05.010435,2026/05/18 17:55:05.190,0,NVIDIA A100-SXM-64GB,108.02,31860,100
413,2026-05-18 17:55:05.010435,2026/05/18 17:55:05.193,1,NVIDIA A100-SXM-64GB,106.48,31888,100
414,2026-05-18 17:55:05.010435,2026/05/18 17:55:05.249,2,NVIDIA A100-SXM-64GB,98.75,31888,100
415,2026-05-18 17:55:05.010435,2026/05/18 17:55:05.252,3,NVIDIA A100-SXM-64GB,106.53,31844,100
416,2026-05-18 17:55:10.322474,2026/05/18 17:55:10.503,0,NVIDIA A100-SXM-64GB,108.94,31860,100
417,2026-05-18 17:55:10.322474,2026/05/18 17:55:10.505,1,NVIDIA A100-SXM-64GB,106.64,31888,100
418,2026-05-18 17:55:10.322474,2026/05/18 17:55:10.508,2,NVIDIA A100-SXM-64GB,106.04,31888,100
419,2026-05-18 17:55:10.322474,2026/05/18 17:55:10.573,3,NVIDIA A100-SXM-64GB,99.86,31844,100
420,2026-05-18 17:55:15.641880,2026/05/18 17:55:15.810,0,NVIDIA A100-SXM-64GB,102.69,31860,100
421,2026-05-18 17:55:15.641880,2026/05/18 17:55:15.813,1,NVIDIA A100-SXM-64GB,108.50,31888,100
422,2026-05-18 17:55:15.641880,2026/05/18 17:55:15.816,2,NVIDIA A100-SXM-64GB,139.00,31888,100
423,2026-05-18 17:55:15.641880,2026/05/18 17:55:15.875,3,NVIDIA A100-SXM-64GB,97.73,31844,100
424,2026-05-18 17:55:20.951877,2026/05/18 17:55:21.127,0,NVIDIA A100-SXM-64GB,111.48,31860,100
425,2026-05-18 17:55:20.951877,2026/05/18 17:55:21.130,1,NVIDIA A100-SXM-64GB,111.46,31888,100
426,2026-05-18 17:55:20.951877,2026/05/18 17:55:21.141,2,NVIDIA A100-SXM-64GB,106.75,31888,100
427,2026-05-18 17:55:20.951877,2026/05/18 17:55:21.201,3,NVIDIA A100-SXM-64GB,109.59,31844,100
428,2026-05-18 17:55:26.244250,2026/05/18 17:55:26.427,0,NVIDIA A100-SXM-64GB,99.67,31860,100
429,2026-05-18 17:55:26.244250,2026/05/18 17:55:26.430,1,NVIDIA A100-SXM-64GB,105.33,31888,100
430,2026-05-18 17:55:26.244250,2026/05/18 17:55:26.476,2,NVIDIA A100-SXM-64GB,118.73,31888,100
431,2026-05-18 17:55:26.244250,2026/05/18 17:55:26.479,3,NVIDIA A100-SXM-64GB,98.82,31844,100
432,2026-05-18 17:55:31.571027,2026/05/18 17:55:31.749,0,NVIDIA A100-SXM-64GB,108.51,31860,100
433,2026-05-18 17:55:31.571027,2026/05/18 17:55:31.752,1,NVIDIA A100-SXM-64GB,104.34,31888,100
434,2026-05-18 17:55:31.571027,2026/05/18 17:55:31.804,2,NVIDIA A100-SXM-64GB,148.26,31888,100
435,2026-05-18 17:55:31.571027,2026/05/18 17:55:31.807,3,NVIDIA A100-SXM-64GB,115.06,31844,100
436,2026-05-18 17:55:36.899694,2026/05/18 17:55:37.133,0,NVIDIA A100-SXM-64GB,88.02,31860,64
437,2026-05-18 17:55:36.899694,2026/05/18 17:55:37.136,1,NVIDIA A100-SXM-64GB,101.49,31888,78
438,2026-05-18 17:55:36.899694,2026/05/18 17:55:37.139,2,NVIDIA A100-SXM-64GB,99.36,31888,75
439,2026-05-18 17:55:36.899694,2026/05/18 17:55:37.195,3,NVIDIA A100-SXM-64GB,114.34,31844,71
440,2026-05-18 17:55:42.237454,2026/05/18 17:55:42.414,0,NVIDIA A100-SXM-64GB,110.37,31860,100
441,2026-05-18 17:55:42.237454,2026/05/18 17:55:42.440,1,NVIDIA A100-SXM-64GB,113.05,31888,100
442,2026-05-18 17:55:42.237454,2026/05/18 17:55:42.474,2,NVIDIA A100-SXM-64GB,101.06,31888,100
443,2026-05-18 17:55:42.237454,2026/05/18 17:55:42.476,3,NVIDIA A100-SXM-64GB,98.23,31844,100
444,2026-05-18 17:55:47.541763,2026/05/18 17:55:47.729,0,NVIDIA A100-SXM-64GB,108.51,31860,100
445,2026-05-18 17:55:47.541763,2026/05/18 17:55:47.732,1,NVIDIA A100-SXM-64GB,108.67,31888,100
446,2026-05-18 17:55:47.541763,2026/05/18 17:55:47.737,2,NVIDIA A100-SXM-64GB,115.99,31888,100
447,2026-05-18 17:55:47.541763,2026/05/18 17:55:47.793,3,NVIDIA A100-SXM-64GB,97.02,31844,100
448,2026-05-18 17:55:52.878153,2026/05/18 17:55:53.063,0,NVIDIA A100-SXM-64GB,126.11,31860,100
449,2026-05-18 17:55:52.878153,2026/05/18 17:55:53.067,1,NVIDIA A100-SXM-64GB,97.73,31888,100
450,2026-05-18 17:55:52.878153,2026/05/18 17:55:53.072,2,NVIDIA A100-SXM-64GB,105.93,31888,100
451,2026-05-18 17:55:52.878153,2026/05/18 17:55:53.137,3,NVIDIA A100-SXM-64GB,107.95,31844,100
452,2026-05-18 17:55:58.184436,2026/05/18 17:55:58.350,0,NVIDIA A100-SXM-64GB,95.66,31860,100
453,2026-05-18 17:55:58.184436,2026/05/18 17:55:58.353,1,NVIDIA A100-SXM-64GB,92.36,31888,100
454,2026-05-18 17:55:58.184436,2026/05/18 17:55:58.391,2,NVIDIA A100-SXM-64GB,93.46,31888,100
455,2026-05-18 17:55:58.184436,2026/05/18 17:55:58.439,3,NVIDIA A100-SXM-64GB,94.56,31844,100
456,2026-05-18 17:56:03.517693,2026/05/18 17:56:03.688,0,NVIDIA A100-SXM-64GB,98.13,31860,100
457,2026-05-18 17:56:03.517693,2026/05/18 17:56:03.691,1,NVIDIA A100-SXM-64GB,106.48,31888,100
458,2026-05-18 17:56:03.517693,2026/05/18 17:56:03.741,2,NVIDIA A100-SXM-64GB,105.93,31888,100
459,2026-05-18 17:56:03.517693,2026/05/18 17:56:03.744,3,NVIDIA A100-SXM-64GB,97.02,31844,100
460,2026-05-18 17:56:08.802866,2026/05/18 17:56:08.948,0,NVIDIA A100-SXM-64GB,105.27,31860,100
461,2026-05-18 17:56:08.802866,2026/05/18 17:56:08.986,1,NVIDIA A100-SXM-64GB,100.34,31888,100
462,2026-05-18 17:56:08.802866,2026/05/18 17:56:09.020,2,NVIDIA A100-SXM-64GB,97.83,31888,100
463,2026-05-18 17:56:08.802866,2026/05/18 17:56:09.024,3,NVIDIA A100-SXM-64GB,107.35,31844,95
464,2026-05-18 17:56:14.125851,2026/05/18 17:56:14.227,0,NVIDIA A100-SXM-64GB,77.92,31860,0
465,2026-05-18 17:56:14.125851,2026/05/18 17:56:14.233,1,NVIDIA A100-SXM-64GB,74.67,31888,0
466,2026-05-18 17:56:14.125851,2026/05/18 17:56:14.243,2,NVIDIA A100-SXM-64GB,74.87,31888,0
467,2026-05-18 17:56:14.125851,2026/05/18 17:56:14.258,3,NVIDIA A100-SXM-64GB,76.32,31844,0
468,2026-05-18 17:56:19.299449,2026/05/18 17:56:19.499,0,NVIDIA A100-SXM-64GB,117.29,31860,100
469,2026-05-18 17:56:19.299449,2026/05/18 17:56:19.534,1,NVIDIA A100-SXM-64GB,111.73,31888,100
470,2026-05-18 17:56:19.299449,2026/05/18 17:56:19.536,2,NVIDIA A100-SXM-64GB,108.39,31888,100
471,2026-05-18 17:56:19.299449,2026/05/18 17:56:19.602,3,NVIDIA A100-SXM-64GB,110.68,31844,100
472,2026-05-18 17:56:24.646945,2026/05/18 17:56:24.825,0,NVIDIA A100-SXM-64GB,116.14,31860,100
473,2026-05-18 17:56:24.646945,2026/05/18 17:56:24.828,1,NVIDIA A100-SXM-64GB,104.61,31888,100
474,2026-05-18 17:56:24.646945,2026/05/18 17:56:24.833,2,NVIDIA A100-SXM-64GB,112.77,31888,100
475,2026-05-18 17:56:24.646945,2026/05/18 17:56:24.887,3,NVIDIA A100-SXM-64GB,105.33,31844,100
476,2026-05-18 17:56:29.967758,2026/05/18 17:56:30.144,0,NVIDIA A100-SXM-64GB,106.59,31860,100
477,2026-05-18 17:56:29.967758,2026/05/18 17:56:30.171,1,NVIDIA A100-SXM-64GB,106.53,31888,100
478,2026-05-18 17:56:29.967758,2026/05/18 17:56:30.174,2,NVIDIA A100-SXM-64GB,115.06,31888,100
479,2026-05-18 17:56:29.967758,2026/05/18 17:56:30.187,3,NVIDIA A100-SXM-64GB,101.28,31844,100
480,2026-05-18 17:56:35.302807,2026/05/18 17:56:35.494,0,NVIDIA A100-SXM-64GB,150.25,31860,100
481,2026-05-18 17:56:35.302807,2026/05/18 17:56:35.543,1,NVIDIA A100-SXM-64GB,100.89,31888,100
482,2026-05-18 17:56:35.302807,2026/05/18 17:56:35.546,2,NVIDIA A100-SXM-64GB,101.39,31888,100
483,2026-05-18 17:56:35.302807,2026/05/18 17:56:35.557,3,NVIDIA A100-SXM-64GB,105.82,31844,100
484,2026-05-18 17:56:40.672873,2026/05/18 17:56:40.841,0,NVIDIA A100-SXM-64GB,106.70,31860,90
485,2026-05-18 17:56:40.672873,2026/05/18 17:56:40.844,1,NVIDIA A100-SXM-64GB,108.01,31888,87
486,2026-05-18 17:56:40.672873,2026/05/18 17:56:40.881,2,NVIDIA A100-SXM-64GB,110.64,31888,94
487,2026-05-18 17:56:40.672873,2026/05/18 17:56:40.925,3,NVIDIA A100-SXM-64GB,109.59,31844,100
488,2026-05-18 17:56:45.957812,2026/05/18 17:56:46.132,0,NVIDIA A100-SXM-64GB,106.37,31860,100
489,2026-05-18 17:56:45.957812,2026/05/18 17:56:46.164,1,NVIDIA A100-SXM-64GB,106.37,31888,100
490,2026-05-18 17:56:45.957812,2026/05/18 17:56:46.166,2,NVIDIA A100-SXM-64GB,103.30,31888,100
491,2026-05-18 17:56:45.957812,2026/05/18 17:56:46.210,3,NVIDIA A100-SXM-64GB,111.29,31844,100
492,2026-05-18 17:56:51.303679,2026/05/18 17:56:51.481,0,NVIDIA A100-SXM-64GB,120.15,31860,100
493,2026-05-18 17:56:51.303679,2026/05/18 17:56:51.484,1,NVIDIA A100-SXM-64GB,101.76,31888,100
494,2026-05-18 17:56:51.303679,2026/05/18 17:56:51.558,2,NVIDIA A100-SXM-64GB,108.99,31888,100
495,2026-05-18 17:56:51.303679,2026/05/18 17:56:51.560,3,NVIDIA A100-SXM-64GB,106.86,31844,100
496,2026-05-18 17:56:56.618538,2026/05/18 17:56:56.803,0,NVIDIA A100-SXM-64GB,108.46,31860,100
497,2026-05-18 17:56:56.618538,2026/05/18 17:56:56.806,1,NVIDIA A100-SXM-64GB,104.12,31888,100
498,2026-05-18 17:56:56.618538,2026/05/18 17:56:56.865,2,NVIDIA A100-SXM-64GB,103.84,31888,100
499,2026-05-18 17:56:56.618538,2026/05/18 17:56:56.868,3,NVIDIA A100-SXM-64GB,107.90,31844,100
500,2026-05-18 17:57:01.966331,2026/05/18 17:57:02.154,0,NVIDIA A100-SXM-64GB,98.23,31860,100
501,2026-05-18 17:57:01.966331,2026/05/18 17:57:02.157,1,NVIDIA A100-SXM-64GB,95.19,31888,100
502,2026-05-18 17:57:01.966331,2026/05/18 17:57:02.200,2,NVIDIA A100-SXM-64GB,96.72,31888,100
503,2026-05-18 17:57:01.966331,2026/05/18 17:57:02.240,3,NVIDIA A100-SXM-64GB,143.39,31844,100
504,2026-05-18 17:57:07.285692,2026/05/18 17:57:07.457,0,NVIDIA A100-SXM-64GB,105.60,31860,93
505,2026-05-18 17:57:07.285692,2026/05/18 17:57:07.460,1,NVIDIA A100-SXM-64GB,104.01,31888,100
506,2026-05-18 17:57:07.285692,2026/05/18 17:57:07.467,2,NVIDIA A100-SXM-64GB,101.27,31888,97
507,2026-05-18 17:57:07.285692,2026/05/18 17:57:07.531,3,NVIDIA A100-SXM-64GB,107.57,31844,99
508,2026-05-18 17:57:12.609797,2026/05/18 17:57:12.787,0,NVIDIA A100-SXM-64GB,110.15,31860,100
509,2026-05-18 17:57:12.609797,2026/05/18 17:57:12.825,1,NVIDIA A100-SXM-64GB,107.68,31888,100
510,2026-05-18 17:57:12.609797,2026/05/18 17:57:12.882,2,NVIDIA A100-SXM-64GB,106.04,31888,100
511,2026-05-18 17:57:12.609797,2026/05/18 17:57:12.885,3,NVIDIA A100-SXM-64GB,99.53,31844,100
512,2026-05-18 17:57:17.995619,2026/05/18 17:57:18.171,0,NVIDIA A100-SXM-64GB,111.09,31860,100
513,2026-05-18 17:57:17.995619,2026/05/18 17:57:18.174,1,NVIDIA A100-SXM-64GB,101.60,31888,100
514,2026-05-18 17:57:17.995619,2026/05/18 17:57:18.181,2,NVIDIA A100-SXM-64GB,108.61,31888,100
515,2026-05-18 17:57:17.995619,2026/05/18 17:57:18.239,3,NVIDIA A100-SXM-64GB,108.50,31844,100
516,2026-05-18 17:57:23.299872,2026/05/18 17:57:23.490,0,NVIDIA A100-SXM-64GB,110.15,31860,100
517,2026-05-18 17:57:23.299872,2026/05/18 17:57:23.493,1,NVIDIA A100-SXM-64GB,101.60,31888,100
518,2026-05-18 17:57:23.299872,2026/05/18 17:57:23.556,2,NVIDIA A100-SXM-64GB,105.76,31888,100
519,2026-05-18 17:57:23.299872,2026/05/18 17:57:23.559,3,NVIDIA A100-SXM-64GB,108.99,31844,100
520,2026-05-18 17:57:28.689194,2026/05/18 17:57:28.868,0,NVIDIA A100-SXM-64GB,102.08,31860,100
521,2026-05-18 17:57:28.689194,2026/05/18 17:57:28.912,1,NVIDIA A100-SXM-64GB,110.64,31888,100
522,2026-05-18 17:57:28.689194,2026/05/18 17:57:28.914,2,NVIDIA A100-SXM-64GB,98.65,31888,100
523,2026-05-18 17:57:28.689194,2026/05/18 17:57:28.961,3,NVIDIA A100-SXM-64GB,99.43,31844,98
524,2026-05-18 17:57:34.051324,2026/05/18 17:57:34.226,0,NVIDIA A100-SXM-64GB,118.28,31860,100
525,2026-05-18 17:57:34.051324,2026/05/18 17:57:34.229,1,NVIDIA A100-SXM-64GB,104.84,31888,100
526,2026-05-18 17:57:34.051324,2026/05/18 17:57:34.237,2,NVIDIA A100-SXM-64GB,118.45,31888,100
527,2026-05-18 17:57:34.051324,2026/05/18 17:57:34.313,3,NVIDIA A100-SXM-64GB,102.59,31844,100
528,2026-05-18 17:57:39.388584,2026/05/18 17:57:39.568,0,NVIDIA A100-SXM-64GB,102.08,31860,100
529,2026-05-18 17:57:39.388584,2026/05/18 17:57:39.571,1,NVIDIA A100-SXM-64GB,105.16,31888,100
530,2026-05-18 17:57:39.388584,2026/05/18 17:57:39.622,2,NVIDIA A100-SXM-64GB,118.73,31888,100
531,2026-05-18 17:57:39.388584,2026/05/18 17:57:39.625,3,NVIDIA A100-SXM-64GB,116.47,31844,100
532,2026-05-18 17:57:44.690845,2026/05/18 17:57:44.857,0,NVIDIA A100-SXM-64GB,107.30,31860,100
533,2026-05-18 17:57:44.690845,2026/05/18 17:57:44.860,1,NVIDIA A100-SXM-64GB,103.63,31888,100
534,2026-05-18 17:57:44.690845,2026/05/18 17:57:44.880,2,NVIDIA A100-SXM-64GB,105.93,31908,100
535,2026-05-18 17:57:44.690845,2026/05/18 17:57:44.944,3,NVIDIA A100-SXM-64GB,105.22,31844,100
536,2026-05-18 17:57:50.022012,2026/05/18 17:57:50.233,0,NVIDIA A100-SXM-64GB,110.37,31860,100
537,2026-05-18 17:57:50.022012,2026/05/18 17:57:50.243,1,NVIDIA A100-SXM-64GB,103.90,31888,100
538,2026-05-18 17:57:50.022012,2026/05/18 17:57:50.320,2,NVIDIA A100-SXM-64GB,100.79,31908,100
539,2026-05-18 17:57:50.022012,2026/05/18 17:57:50.323,3,NVIDIA A100-SXM-64GB,104.01,31844,100
540,2026-05-18 17:57:55.404774,2026/05/18 17:57:55.595,0,NVIDIA A100-SXM-64GB,106.81,31860,100
541,2026-05-18 17:57:55.404774,2026/05/18 17:57:55.598,1,NVIDIA A100-SXM-64GB,109.22,31888,100
542,2026-05-18 17:57:55.404774,2026/05/18 17:57:55.611,2,NVIDIA A100-SXM-64GB,114.31,31908,100
543,2026-05-18 17:57:55.404774,2026/05/18 17:57:55.670,3,NVIDIA A100-SXM-64GB,105.65,31844,100
544,2026-05-18 17:58:00.744182,2026/05/18 17:58:00.912,0,NVIDIA A100-SXM-64GB,103.34,31860,76
545,2026-05-18 17:58:00.744182,2026/05/18 17:58:00.915,1,NVIDIA A100-SXM-64GB,116.83,31888,96
546,2026-05-18 17:58:00.744182,2026/05/18 17:58:00.924,2,NVIDIA A100-SXM-64GB,108.50,31908,100
547,2026-05-18 17:58:00.744182,2026/05/18 17:58:00.980,3,NVIDIA A100-SXM-64GB,105.33,31844,96
548,2026-05-18 17:58:06.064881,2026/05/18 17:58:06.240,0,NVIDIA A100-SXM-64GB,104.22,31860,100
549,2026-05-18 17:58:06.064881,2026/05/18 17:58:06.243,1,NVIDIA A100-SXM-64GB,101.17,31888,100
550,2026-05-18 17:58:06.064881,2026/05/18 17:58:06.253,2,NVIDIA A100-SXM-64GB,95.59,31908,100
551,2026-05-18 17:58:06.064881,2026/05/18 17:58:06.316,3,NVIDIA A100-SXM-64GB,109.48,31844,100
552,2026-05-18 17:58:11.360471,2026/05/18 17:58:11.539,0,NVIDIA A100-SXM-64GB,109.71,31860,100
553,2026-05-18 17:58:11.360471,2026/05/18 17:58:11.542,1,NVIDIA A100-SXM-64GB,103.02,31888,100
554,2026-05-18 17:58:11.360471,2026/05/18 17:58:11.544,2,NVIDIA A100-SXM-64GB,105.65,31908,100
555,2026-05-18 17:58:11.360471,2026/05/18 17:58:11.574,3,NVIDIA A100-SXM-64GB,102.92,31844,100
556,2026-05-18 17:58:16.674737,2026/05/18 17:58:16.849,0,NVIDIA A100-SXM-64GB,108.51,31860,100
557,2026-05-18 17:58:16.674737,2026/05/18 17:58:16.852,1,NVIDIA A100-SXM-64GB,102.37,31888,100
558,2026-05-18 17:58:16.674737,2026/05/18 17:58:16.979,2,NVIDIA A100-SXM-64GB,101.66,31908,100
559,2026-05-18 17:58:16.674737,2026/05/18 17:58:17.021,3,NVIDIA A100-SXM-64GB,115.55,31844,100
560,2026-05-18 17:58:22.069809,2026/05/18 17:58:22.239,0,NVIDIA A100-SXM-64GB,107.62,31860,100
561,2026-05-18 17:58:22.069809,2026/05/18 17:58:22.243,1,NVIDIA A100-SXM-64GB,102.70,31888,100
562,2026-05-18 17:58:22.069809,2026/05/18 17:58:22.294,2,NVIDIA A100-SXM-64GB,101.76,31908,100
563,2026-05-18 17:58:22.069809,2026/05/18 17:58:22.297,3,NVIDIA A100-SXM-64GB,109.15,31844,100
564,2026-05-18 17:58:27.369308,2026/05/18 17:58:27.552,0,NVIDIA A100-SXM-64GB,107.19,31880,100
565,2026-05-18 17:58:27.369308,2026/05/18 17:58:27.555,1,NVIDIA A100-SXM-64GB,103.90,31888,100
566,2026-05-18 17:58:27.369308,2026/05/18 17:58:27.565,2,NVIDIA A100-SXM-64GB,124.52,31908,100
567,2026-05-18 17:58:27.369308,2026/05/18 17:58:27.627,3,NVIDIA A100-SXM-64GB,109.36,31844,100
568,2026-05-18 17:58:32.700973,2026/05/18 17:58:32.884,0,NVIDIA A100-SXM-64GB,158.36,31880,100
569,2026-05-18 17:58:32.700973,2026/05/18 17:58:32.912,1,NVIDIA A100-SXM-64GB,99.46,31888,100
570,2026-05-18 17:58:32.700973,2026/05/18 17:58:32.956,2,NVIDIA A100-SXM-64GB,107.40,31908,100
571,2026-05-18 17:58:32.700973,2026/05/18 17:58:32.958,3,NVIDIA A100-SXM-64GB,122.06,31844,100
572,2026-05-18 17:58:38.067600,2026/05/18 17:58:38.240,0,NVIDIA A100-SXM-64GB,118.82,31880,100
573,2026-05-18 17:58:38.067600,2026/05/18 17:58:38.291,1,NVIDIA A100-SXM-64GB,105.76,31888,100
574,2026-05-18 17:58:38.067600,2026/05/18 17:58:38.294,2,NVIDIA A100-SXM-64GB,102.59,31908,100
575,2026-05-18 17:58:38.067600,2026/05/18 17:58:38.313,3,NVIDIA A100-SXM-64GB,109.69,31844,100
576,2026-05-18 17:58:43.413089,2026/05/18 17:58:43.588,0,NVIDIA A100-SXM-64GB,108.23,31880,100
577,2026-05-18 17:58:43.413089,2026/05/18 17:58:43.591,1,NVIDIA A100-SXM-64GB,105.16,31888,100
578,2026-05-18 17:58:43.413089,2026/05/18 17:58:43.600,2,NVIDIA A100-SXM-64GB,130.45,31908,100
579,2026-05-18 17:58:43.413089,2026/05/18 17:58:43.664,3,NVIDIA A100-SXM-64GB,104.73,31844,100
580,2026-05-18 17:58:48.745636,2026/05/18 17:58:48.924,0,NVIDIA A100-SXM-64GB,120.03,31880,100
581,2026-05-18 17:58:48.745636,2026/05/18 17:58:48.927,1,NVIDIA A100-SXM-64GB,102.10,31888,100
582,2026-05-18 17:58:48.745636,2026/05/18 17:58:48.980,2,NVIDIA A100-SXM-64GB,102.92,31908,100
583,2026-05-18 17:58:48.745636,2026/05/18 17:58:48.983,3,NVIDIA A100-SXM-64GB,109.80,31844,100
584,2026-05-18 17:58:54.076060,2026/05/18 17:58:54.255,0,NVIDIA A100-SXM-64GB,112.19,31880,100
585,2026-05-18 17:58:54.076060,2026/05/18 17:58:54.258,1,NVIDIA A100-SXM-64GB,104.84,31888,100
586,2026-05-18 17:58:54.076060,2026/05/18 17:58:54.306,2,NVIDIA A100-SXM-64GB,105.05,31908,100
587,2026-05-18 17:58:54.076060,2026/05/18 17:58:54.309,3,NVIDIA A100-SXM-64GB,108.88,31844,100
588,2026-05-18 17:58:59.374722,2026/05/18 17:58:59.556,0,NVIDIA A100-SXM-64GB,109.71,31880,100
589,2026-05-18 17:58:59.374722,2026/05/18 17:58:59.559,1,NVIDIA A100-SXM-64GB,99.74,31888,100
590,2026-05-18 17:58:59.374722,2026/05/18 17:58:59.563,2,NVIDIA A100-SXM-64GB,101.76,31908,100
591,2026-05-18 17:58:59.374722,2026/05/18 17:58:59.620,3,NVIDIA A100-SXM-64GB,108.39,31844,100
592,2026-05-18 17:59:04.704197,2026/05/18 17:59:04.941,0,NVIDIA A100-SXM-64GB,108.51,31880,100
593,2026-05-18 17:59:04.704197,2026/05/18 17:59:04.945,1,NVIDIA A100-SXM-64GB,103.63,31888,100
594,2026-05-18 17:59:04.704197,2026/05/18 17:59:04.964,2,NVIDIA A100-SXM-64GB,102.27,31908,100
595,2026-05-18 17:59:04.704197,2026/05/18 17:59:05.028,3,NVIDIA A100-SXM-64GB,135.18,31844,100
596,2026-05-18 17:59:10.088250,2026/05/18 17:59:10.269,0,NVIDIA A100-SXM-64GB,112.90,31880,100
597,2026-05-18 17:59:10.088250,2026/05/18 17:59:10.272,1,NVIDIA A100-SXM-64GB,104.01,31888,100
598,2026-05-18 17:59:10.088250,2026/05/18 17:59:10.277,2,NVIDIA A100-SXM-64GB,100.67,31908,100
599,2026-05-18 17:59:10.088250,2026/05/18 17:59:10.301,3,NVIDIA A100-SXM-64GB,101.66,31844,100
600,2026-05-18 17:59:15.411589,2026/05/18 17:59:15.607,0,NVIDIA A100-SXM-64GB,108.62,31880,100
601,2026-05-18 17:59:15.411589,2026/05/18 17:59:15.610,1,NVIDIA A100-SXM-64GB,99.46,31888,100
602,2026-05-18 17:59:15.411589,2026/05/18 17:59:15.613,2,NVIDIA A100-SXM-64GB,97.83,31908,100
603,2026-05-18 17:59:15.411589,2026/05/18 17:59:15.669,3,NVIDIA A100-SXM-64GB,109.26,31844,100
604,2026-05-18 17:59:20.736024,2026/05/18 17:59:20.910,0,NVIDIA A100-SXM-64GB,100.88,31880,100
605,2026-05-18 17:59:20.736024,2026/05/18 17:59:20.913,1,NVIDIA A100-SXM-64GB,101.17,31888,100
606,2026-05-18 17:59:20.736024,2026/05/18 17:59:20.918,2,NVIDIA A100-SXM-64GB,113.05,31908,100
607,2026-05-18 17:59:20.736024,2026/05/18 17:59:20.999,3,NVIDIA A100-SXM-64GB,104.62,31844,100
608,2026-05-18 17:59:26.063805,2026/05/18 17:59:26.239,0,NVIDIA A100-SXM-64GB,100.54,31880,100
609,2026-05-18 17:59:26.063805,2026/05/18 17:59:26.273,1,NVIDIA A100-SXM-64GB,119.78,31888,100
610,2026-05-18 17:59:26.063805,2026/05/18 17:59:26.276,2,NVIDIA A100-SXM-64GB,108.67,31908,100
611,2026-05-18 17:59:26.063805,2026/05/18 17:59:26.322,3,NVIDIA A100-SXM-64GB,105.05,31844,100
612,2026-05-18 17:59:31.360527,2026/05/18 17:59:31.533,0,NVIDIA A100-SXM-64GB,107.90,31880,100
613,2026-05-18 17:59:31.360527,2026/05/18 17:59:31.536,1,NVIDIA A100-SXM-64GB,104.23,31888,100
614,2026-05-18 17:59:31.360527,2026/05/18 17:59:31.544,2,NVIDIA A100-SXM-64GB,96.62,31908,100
615,2026-05-18 17:59:31.360527,2026/05/18 17:59:31.603,3,NVIDIA A100-SXM-64GB,106.75,31844,100
616,2026-05-18 17:59:36.678519,2026/05/18 17:59:36.859,0,NVIDIA A100-SXM-64GB,103.73,31880,100
617,2026-05-18 17:59:36.678519,2026/05/18 17:59:36.909,1,NVIDIA A100-SXM-64GB,101.87,31888,100
618,2026-05-18 17:59:36.678519,2026/05/18 17:59:37.015,2,NVIDIA A100-SXM-64GB,105.43,31908,100
619,2026-05-18 17:59:36.678519,2026/05/18 17:59:37.017,3,NVIDIA A100-SXM-64GB,127.58,31844,100
620,2026-05-18 17:59:42.115870,2026/05/18 17:59:42.292,0,NVIDIA A100-SXM-64GB,109.55,31880,100
621,2026-05-18 17:59:42.115870,2026/05/18 17:59:42.295,1,NVIDIA A100-SXM-64GB,96.72,31888,100
622,2026-05-18 17:59:42.115870,2026/05/18 17:59:42.347,2,NVIDIA A100-SXM-64GB,111.24,31908,100
623,2026-05-18 17:59:42.115870,2026/05/18 17:59:42.350,3,NVIDIA A100-SXM-64GB,109.92,31844,100
624,2026-05-18 17:59:47.427282,2026/05/18 17:59:47.652,0,NVIDIA A100-SXM-64GB,110.04,31880,99
625,2026-05-18 17:59:47.427282,2026/05/18 17:59:47.655,1,NVIDIA A100-SXM-64GB,96.90,31888,94
626,2026-05-18 17:59:47.427282,2026/05/18 17:59:47.723,2,NVIDIA A100-SXM-64GB,109.92,31908,99
627,2026-05-18 17:59:47.427282,2026/05/18 17:59:47.727,3,NVIDIA A100-SXM-64GB,122.59,31844,84
628,2026-05-18 17:59:52.822877,2026/05/18 17:59:53.008,0,NVIDIA A100-SXM-64GB,109.33,31880,100
629,2026-05-18 17:59:52.822877,2026/05/18 17:59:53.011,1,NVIDIA A100-SXM-64GB,99.96,31888,100
630,2026-05-18 17:59:52.822877,2026/05/18 17:59:53.016,2,NVIDIA A100-SXM-64GB,103.80,31908,100
631,2026-05-18 17:59:52.822877,2026/05/18 17:59:53.079,3,NVIDIA A100-SXM-64GB,107.35,31844,100
632,2026-05-18 17:59:58.136361,2026/05/18 17:59:58.306,0,NVIDIA A100-SXM-64GB,110.98,31880,100
633,2026-05-18 17:59:58.136361,2026/05/18 17:59:58.310,1,NVIDIA A100-SXM-64GB,106.04,31888,100
634,2026-05-18 17:59:58.136361,2026/05/18 17:59:58.367,2,NVIDIA A100-SXM-64GB,102.37,31908,100
635,2026-05-18 17:59:58.136361,2026/05/18 17:59:58.369,3,NVIDIA A100-SXM-64GB,110.08,31844,100
636,2026-05-18 18:00:03.457269,2026/05/18 18:00:03.630,0,NVIDIA A100-SXM-64GB,101.91,31880,100
637,2026-05-18 18:00:03.457269,2026/05/18 18:00:03.654,1,NVIDIA A100-SXM-64GB,106.37,31888,100
638,2026-05-18 18:00:03.457269,2026/05/18 18:00:03.693,2,NVIDIA A100-SXM-64GB,100.57,31908,100
639,2026-05-18 18:00:03.457269,2026/05/18 18:00:03.696,3,NVIDIA A100-SXM-64GB,99.53,31844,100
640,2026-05-18 18:00:08.814282,2026/05/18 18:00:08.985,0,NVIDIA A100-SXM-64GB,123.62,31880,100
641,2026-05-18 18:00:08.814282,2026/05/18 18:00:09.012,1,NVIDIA A100-SXM-64GB,102.48,31888,100
642,2026-05-18 18:00:08.814282,2026/05/18 18:00:09.053,2,NVIDIA A100-SXM-64GB,99.63,31908,100
643,2026-05-18 18:00:08.814282,2026/05/18 18:00:09.056,3,NVIDIA A100-SXM-64GB,116.32,31844,100
644,2026-05-18 18:00:14.176655,2026/05/18 18:00:14.356,0,NVIDIA A100-SXM-64GB,108.23,31880,100
645,2026-05-18 18:00:14.176655,2026/05/18 18:00:14.359,1,NVIDIA A100-SXM-64GB,109.11,31888,100
646,2026-05-18 18:00:14.176655,2026/05/18 18:00:14.364,2,NVIDIA A100-SXM-64GB,103.02,31908,100
647,2026-05-18 18:00:14.176655,2026/05/18 18:00:14.434,3,NVIDIA A100-SXM-64GB,106.42,31844,100
648,2026-05-18 18:00:19.556458,2026/05/18 18:00:19.730,0,NVIDIA A100-SXM-64GB,95.56,31880,100
649,2026-05-18 18:00:19.556458,2026/05/18 18:00:19.775,1,NVIDIA A100-SXM-64GB,92.02,31888,100
650,2026-05-18 18:00:19.556458,2026/05/18 18:00:19.778,2,NVIDIA A100-SXM-64GB,93.46,31908,100
651,2026-05-18 18:00:19.556458,2026/05/18 18:00:19.829,3,NVIDIA A100-SXM-64GB,94.56,31844,100
652,2026-05-18 18:00:24.871015,2026/05/18 18:00:25.070,0,NVIDIA A100-SXM-64GB,110.65,31880,100
653,2026-05-18 18:00:24.871015,2026/05/18 18:00:25.140,1,NVIDIA A100-SXM-64GB,107.90,31888,100
654,2026-05-18 18:00:24.871015,2026/05/18 18:00:25.143,2,NVIDIA A100-SXM-64GB,108.67,31908,100
655,2026-05-18 18:00:24.871015,2026/05/18 18:00:25.215,3,NVIDIA A100-SXM-64GB,104.01,31844,100
656,2026-05-18 18:00:30.295354,2026/05/18 18:00:30.480,0,NVIDIA A100-SXM-64GB,120.15,31880,100
657,2026-05-18 18:00:30.295354,2026/05/18 18:00:30.483,1,NVIDIA A100-SXM-64GB,106.26,31888,100
658,2026-05-18 18:00:30.295354,2026/05/18 18:00:30.486,2,NVIDIA A100-SXM-64GB,109.59,31908,100
659,2026-05-18 18:00:30.295354,2026/05/18 18:00:30.549,3,NVIDIA A100-SXM-64GB,104.51,31844,100
660,2026-05-18 18:00:35.622515,2026/05/18 18:00:35.815,0,NVIDIA A100-SXM-64GB,96.08,31880,100
661,2026-05-18 18:00:35.622515,2026/05/18 18:00:35.841,1,NVIDIA A100-SXM-64GB,74.42,31888,0
662,2026-05-18 18:00:35.622515,2026/05/18 18:00:35.843,2,NVIDIA A100-SXM-64GB,93.55,31908,100
663,2026-05-18 18:00:35.622515,2026/05/18 18:00:35.882,3,NVIDIA A100-SXM-64GB,94.56,31844,100
664,2026-05-18 18:00:40.960916,2026/05/18 18:00:41.150,0,NVIDIA A100-SXM-64GB,96.69,31880,100
665,2026-05-18 18:00:40.960916,2026/05/18 18:00:41.153,1,NVIDIA A100-SXM-64GB,98.20,31888,100
666,2026-05-18 18:00:40.960916,2026/05/18 18:00:41.227,2,NVIDIA A100-SXM-64GB,104.50,31908,100
667,2026-05-18 18:00:40.960916,2026/05/18 18:00:41.230,3,NVIDIA A100-SXM-64GB,106.26,31844,100
668,2026-05-18 18:00:46.339421,2026/05/18 18:00:46.526,0,NVIDIA A100-SXM-64GB,115.53,31880,100
669,2026-05-18 18:00:46.339421,2026/05/18 18:00:46.529,1,NVIDIA A100-SXM-64GB,104.84,31888,100
670,2026-05-18 18:00:46.339421,2026/05/18 18:00:46.569,2,NVIDIA A100-SXM-64GB,103.30,31908,100
671,2026-05-18 18:00:46.339421,2026/05/18 18:00:46.571,3,NVIDIA A100-SXM-64GB,107.35,31844,100
672,2026-05-18 18:00:51.637301,2026/05/18 18:00:51.808,0,NVIDIA A100-SXM-64GB,109.11,31880,100
673,2026-05-18 18:00:51.637301,2026/05/18 18:00:51.812,1,NVIDIA A100-SXM-64GB,109.11,31888,100
674,2026-05-18 18:00:51.637301,2026/05/18 18:00:51.854,2,NVIDIA A100-SXM-64GB,103.52,31908,100
675,2026-05-18 18:00:51.637301,2026/05/18 18:00:51.857,3,NVIDIA A100-SXM-64GB,152.96,31844,100
676,2026-05-18 18:00:56.942611,2026/05/18 18:00:57.132,0,NVIDIA A100-SXM-64GB,108.51,31880,100
677,2026-05-18 18:00:56.942611,2026/05/18 18:00:57.135,1,NVIDIA A100-SXM-64GB,105.43,31888,100
678,2026-05-18 18:00:56.942611,2026/05/18 18:00:57.193,2,NVIDIA A100-SXM-64GB,104.23,31908,100
679,2026-05-18 18:00:56.942611,2026/05/18 18:00:57.196,3,NVIDIA A100-SXM-64GB,109.15,31844,100
680,2026-05-18 18:01:02.274982,2026/05/18 18:01:02.456,0,NVIDIA A100-SXM-64GB,112.79,31880,100
681,2026-05-18 18:01:02.274982,2026/05/18 18:01:02.488,1,NVIDIA A100-SXM-64GB,118.24,31888,100
682,2026-05-18 18:01:02.274982,2026/05/18 18:01:02.491,2,NVIDIA A100-SXM-64GB,103.20,31908,100
683,2026-05-18 18:01:02.274982,2026/05/18 18:01:02.538,3,NVIDIA A100-SXM-64GB,107.95,31844,100
684,2026-05-18 18:01:07.582356,2026/05/18 18:01:07.761,0,NVIDIA A100-SXM-64GB,111.58,31880,100
685,2026-05-18 18:01:07.582356,2026/05/18 18:01:07.764,1,NVIDIA A100-SXM-64GB,95.36,31888,100
686,2026-05-18 18:01:07.582356,2026/05/18 18:01:07.773,2,NVIDIA A100-SXM-64GB,99.36,31908,100
687,2026-05-18 18:01:07.582356,2026/05/18 18:01:07.827,3,NVIDIA A100-SXM-64GB,109.80,31844,100
688,2026-05-18 18:01:12.911302,2026/05/18 18:01:13.092,0,NVIDIA A100-SXM-64GB,104.82,31880,100
689,2026-05-18 18:01:12.911302,2026/05/18 18:01:13.143,1,NVIDIA A100-SXM-64GB,108.78,31888,100
690,2026-05-18 18:01:12.911302,2026/05/18 18:01:13.146,2,NVIDIA A100-SXM-64GB,111.24,31908,100
691,2026-05-18 18:01:12.911302,2026/05/18 18:01:13.266,3,NVIDIA A100-SXM-64GB,103.20,31844,100
692,2026-05-18 18:01:18.341987,2026/05/18 18:01:18.524,0,NVIDIA A100-SXM-64GB,106.81,31880,100
693,2026-05-18 18:01:18.341987,2026/05/18 18:01:18.527,1,NVIDIA A100-SXM-64GB,123.12,31888,100
694,2026-05-18 18:01:18.341987,2026/05/18 18:01:18.569,2,NVIDIA A100-SXM-64GB,100.57,31908,100
695,2026-05-18 18:01:18.341987,2026/05/18 18:01:18.612,3,NVIDIA A100-SXM-64GB,102.27,31844,100
696,2026-05-18 18:01:23.685697,2026/05/18 18:01:23.861,0,NVIDIA A100-SXM-64GB,103.45,31880,100
697,2026-05-18 18:01:23.685697,2026/05/18 18:01:23.864,1,NVIDIA A100-SXM-64GB,108.61,31888,100
698,2026-05-18 18:01:23.685697,2026/05/18 18:01:23.873,2,NVIDIA A100-SXM-64GB,134.73,31908,100
699,2026-05-18 18:01:23.685697,2026/05/18 18:01:23.898,3,NVIDIA A100-SXM-64GB,103.30,31844,100
700,2026-05-18 18:01:29.010587,2026/05/18 18:01:29.183,0,NVIDIA A100-SXM-64GB,112.19,31880,100
701,2026-05-18 18:01:29.010587,2026/05/18 18:01:29.186,1,NVIDIA A100-SXM-64GB,100.89,31888,100
702,2026-05-18 18:01:29.010587,2026/05/18 18:01:29.189,2,NVIDIA A100-SXM-64GB,106.86,31908,100
703,2026-05-18 18:01:29.010587,2026/05/18 18:01:29.237,3,NVIDIA A100-SXM-64GB,120.46,31844,100
704,2026-05-18 18:01:34.313134,2026/05/18 18:01:34.498,0,NVIDIA A100-SXM-64GB,102.41,31880,100
705,2026-05-18 18:01:34.313134,2026/05/18 18:01:34.501,1,NVIDIA A100-SXM-64GB,97.22,31888,100
706,2026-05-18 18:01:34.313134,2026/05/18 18:01:34.545,2,NVIDIA A100-SXM-64GB,102.10,31908,100
707,2026-05-18 18:01:34.313134,2026/05/18 18:01:34.588,3,NVIDIA A100-SXM-64GB,109.80,31844,100
708,2026-05-18 18:01:39.640678,2026/05/18 18:01:39.812,0,NVIDIA A100-SXM-64GB,110.65,31880,100
709,2026-05-18 18:01:39.640678,2026/05/18 18:01:39.864,1,NVIDIA A100-SXM-64GB,107.57,31888,100
710,2026-05-18 18:01:39.640678,2026/05/18 18:01:39.867,2,NVIDIA A100-SXM-64GB,109.38,31908,100
711,2026-05-18 18:01:39.640678,2026/05/18 18:01:39.875,3,NVIDIA A100-SXM-64GB,108.88,31844,100
712,2026-05-18 18:01:44.965748,2026/05/18 18:01:45.139,0,NVIDIA A100-SXM-64GB,112.51,31880,100
713,2026-05-18 18:01:44.965748,2026/05/18 18:01:45.142,1,NVIDIA A100-SXM-64GB,108.17,31888,100
714,2026-05-18 18:01:44.965748,2026/05/18 18:01:45.192,2,NVIDIA A100-SXM-64GB,133.98,31908,100
715,2026-05-18 18:01:44.965748,2026/05/18 18:01:45.195,3,NVIDIA A100-SXM-64GB,103.52,31844,100
716,2026-05-18 18:01:50.288079,2026/05/18 18:01:50.452,0,NVIDIA A100-SXM-64GB,99.67,31880,100
717,2026-05-18 18:01:50.288079,2026/05/18 18:01:50.496,1,NVIDIA A100-SXM-64GB,108.17,31888,100
718,2026-05-18 18:01:50.288079,2026/05/18 18:01:50.498,2,NVIDIA A100-SXM-64GB,146.45,31908,100
719,2026-05-18 18:01:50.288079,2026/05/18 18:01:50.551,3,NVIDIA A100-SXM-64GB,101.89,31844,100
720,2026-05-18 18:01:55.632842,2026/05/18 18:01:55.804,0,NVIDIA A100-SXM-64GB,108.83,31880,100
721,2026-05-18 18:01:55.632842,2026/05/18 18:01:55.807,1,NVIDIA A100-SXM-64GB,104.84,31888,100
722,2026-05-18 18:01:55.632842,2026/05/18 18:01:55.874,2,NVIDIA A100-SXM-64GB,117.64,31908,100
723,2026-05-18 18:01:55.632842,2026/05/18 18:01:55.878,3,NVIDIA A100-SXM-64GB,112.05,31844,100
724,2026-05-18 18:02:00.936597,2026/05/18 18:02:01.096,0,NVIDIA A100-SXM-64GB,98.13,31880,100
725,2026-05-18 18:02:00.936597,2026/05/18 18:02:01.153,1,NVIDIA A100-SXM-64GB,105.76,31888,100
726,2026-05-18 18:02:00.936597,2026/05/18 18:02:01.155,2,NVIDIA A100-SXM-64GB,105.76,31908,100
727,2026-05-18 18:02:00.936597,2026/05/18 18:02:01.194,3,NVIDIA A100-SXM-64GB,111.01,31844,100
728,2026-05-18 18:02:06.268097,2026/05/18 18:02:06.450,0,NVIDIA A100-SXM-64GB,112.63,31880,100
729,2026-05-18 18:02:06.268097,2026/05/18 18:02:06.456,1,NVIDIA A100-SXM-64GB,108.28,31888,100
730,2026-05-18 18:02:06.268097,2026/05/18 18:02:06.515,2,NVIDIA A100-SXM-64GB,107.40,31908,100
731,2026-05-18 18:02:06.268097,2026/05/18 18:02:06.517,3,NVIDIA A100-SXM-64GB,108.06,31844,100
732,2026-05-18 18:02:11.603781,2026/05/18 18:02:11.782,0,NVIDIA A100-SXM-64GB,103.95,31880,100
733,2026-05-18 18:02:11.603781,2026/05/18 18:02:11.785,1,NVIDIA A100-SXM-64GB,104.84,31888,100
734,2026-05-18 18:02:11.603781,2026/05/18 18:02:11.788,2,NVIDIA A100-SXM-64GB,102.37,31908,100
735,2026-05-18 18:02:11.603781,2026/05/18 18:02:11.846,3,NVIDIA A100-SXM-64GB,102.49,31844,100
736,2026-05-18 18:02:16.912395,2026/05/18 18:02:17.080,0,NVIDIA A100-SXM-64GB,114.82,31880,100
737,2026-05-18 18:02:16.912395,2026/05/18 18:02:17.083,1,NVIDIA A100-SXM-64GB,155.86,31888,100
738,2026-05-18 18:02:16.912395,2026/05/18 18:02:17.128,2,NVIDIA A100-SXM-64GB,119.66,31908,100
739,2026-05-18 18:02:16.912395,2026/05/18 18:02:17.161,3,NVIDIA A100-SXM-64GB,95.59,31844,100
740,2026-05-18 18:02:22.211685,2026/05/18 18:02:22.354,0,NVIDIA A100-SXM-64GB,105.16,31880,55
741,2026-05-18 18:02:22.211685,2026/05/18 18:02:22.357,1,NVIDIA A100-SXM-64GB,88.87,31888,83
742,2026-05-18 18:02:22.211685,2026/05/18 18:02:22.450,2,NVIDIA A100-SXM-64GB,107.57,31908,97
743,2026-05-18 18:02:22.211685,2026/05/18 18:02:22.495,3,NVIDIA A100-SXM-64GB,107.68,31844,98
744,2026-05-18 18:02:27.534860,2026/05/18 18:02:27.711,0,NVIDIA A100-SXM-64GB,109.44,31880,100
745,2026-05-18 18:02:27.534860,2026/05/18 18:02:27.714,1,NVIDIA A100-SXM-64GB,117.64,31888,100
746,2026-05-18 18:02:27.534860,2026/05/18 18:02:27.725,2,NVIDIA A100-SXM-64GB,101.17,31908,100
747,2026-05-18 18:02:27.534860,2026/05/18 18:02:27.773,3,NVIDIA A100-SXM-64GB,105.54,31844,100
748,2026-05-18 18:02:32.862889,2026/05/18 18:02:33.031,0,NVIDIA A100-SXM-64GB,106.59,31880,100
749,2026-05-18 18:02:32.862889,2026/05/18 18:02:33.061,1,NVIDIA A100-SXM-64GB,110.31,31888,100
750,2026-05-18 18:02:32.862889,2026/05/18 18:02:33.064,2,NVIDIA A100-SXM-64GB,119.66,31908,100
751,2026-05-18 18:02:32.862889,2026/05/18 18:02:33.072,3,NVIDIA A100-SXM-64GB,105.54,31844,100
752,2026-05-18 18:02:38.144403,2026/05/18 18:02:38.311,0,NVIDIA A100-SXM-64GB,100.17,31880,100
753,2026-05-18 18:02:38.144403,2026/05/18 18:02:38.314,1,NVIDIA A100-SXM-64GB,99.96,31888,100
754,2026-05-18 18:02:38.144403,2026/05/18 18:02:38.316,2,NVIDIA A100-SXM-64GB,105.93,31908,100
755,2026-05-18 18:02:38.144403,2026/05/18 18:02:38.377,3,NVIDIA A100-SXM-64GB,108.99,31844,100
756,2026-05-18 18:02:43.413037,2026/05/18 18:02:43.581,0,NVIDIA A100-SXM-64GB,107.62,31880,100
757,2026-05-18 18:02:43.413037,2026/05/18 18:02:43.584,1,NVIDIA A100-SXM-64GB,113.86,31888,100
758,2026-05-18 18:02:43.413037,2026/05/18 18:02:43.637,2,NVIDIA A100-SXM-64GB,108.06,31908,100
759,2026-05-18 18:02:43.413037,2026/05/18 18:02:43.661,3,NVIDIA A100-SXM-64GB,95.77,31844,100
760,2026-05-18 18:02:48.744021,2026/05/18 18:02:48.907,0,NVIDIA A100-SXM-64GB,111.86,31880,100
761,2026-05-18 18:02:48.744021,2026/05/18 18:02:48.942,1,NVIDIA A100-SXM-64GB,107.57,31888,100
762,2026-05-18 18:02:48.744021,2026/05/18 18:02:48.945,2,NVIDIA A100-SXM-64GB,111.84,31908,100
763,2026-05-18 18:02:48.744021,2026/05/18 18:02:48.953,3,NVIDIA A100-SXM-64GB,102.16,31844,100
764,2026-05-18 18:02:54.025615,2026/05/18 18:02:54.204,0,NVIDIA A100-SXM-64GB,113.12,31880,100
765,2026-05-18 18:02:54.025615,2026/05/18 18:02:54.207,1,NVIDIA A100-SXM-64GB,115.30,31888,100
766,2026-05-18 18:02:54.025615,2026/05/18 18:02:54.256,2,NVIDIA A100-SXM-64GB,102.37,31908,100
767,2026-05-18 18:02:54.025615,2026/05/18 18:02:54.259,3,NVIDIA A100-SXM-64GB,121.46,31844,100
768,2026-05-18 18:02:59.362179,2026/05/18 18:02:59.534,0,NVIDIA A100-SXM-64GB,103.34,31880,100
769,2026-05-18 18:02:59.362179,2026/05/18 18:02:59.537,1,NVIDIA A100-SXM-64GB,112.77,31888,100
770,2026-05-18 18:02:59.362179,2026/05/18 18:02:59.540,2,NVIDIA A100-SXM-64GB,108.99,31908,100
771,2026-05-18 18:02:59.362179,2026/05/18 18:02:59.585,3,NVIDIA A100-SXM-64GB,99.75,31844,100
772,2026-05-18 18:03:04.661366,2026/05/18 18:03:04.821,0,NVIDIA A100-SXM-64GB,106.70,31880,100
773,2026-05-18 18:03:04.661366,2026/05/18 18:03:04.824,1,NVIDIA A100-SXM-64GB,149.18,31888,100
774,2026-05-18 18:03:04.661366,2026/05/18 18:03:04.901,2,NVIDIA A100-SXM-64GB,103.80,31908,100
775,2026-05-18 18:03:04.661366,2026/05/18 18:03:04.904,3,NVIDIA A100-SXM-64GB,119.20,31844,100
776,2026-05-18 18:03:10.041901,2026/05/18 18:03:10.205,0,NVIDIA A100-SXM-64GB,107.90,31880,100
777,2026-05-18 18:03:10.041901,2026/05/18 18:03:10.208,1,NVIDIA A100-SXM-64GB,114.91,31888,100
778,2026-05-18 18:03:10.041901,2026/05/18 18:03:10.271,2,NVIDIA A100-SXM-64GB,105.76,31908,100
779,2026-05-18 18:03:10.041901,2026/05/18 18:03:10.274,3,NVIDIA A100-SXM-64GB,105.54,31844,100
780,2026-05-18 18:03:15.331889,2026/05/18 18:03:15.504,0,NVIDIA A100-SXM-64GB,111.58,31880,100
781,2026-05-18 18:03:15.331889,2026/05/18 18:03:15.507,1,NVIDIA A100-SXM-64GB,113.05,31888,100
782,2026-05-18 18:03:15.331889,2026/05/18 18:03:15.551,2,NVIDIA A100-SXM-64GB,106.64,31908,100
783,2026-05-18 18:03:15.331889,2026/05/18 18:03:15.554,3,NVIDIA A100-SXM-64GB,106.75,31844,100
784,2026-05-18 18:03:20.653876,2026/05/18 18:03:20.825,0,NVIDIA A100-SXM-64GB,99.67,31880,100
785,2026-05-18 18:03:20.653876,2026/05/18 18:03:20.860,1,NVIDIA A100-SXM-64GB,104.50,31888,100
786,2026-05-18 18:03:20.653876,2026/05/18 18:03:20.863,2,NVIDIA A100-SXM-64GB,109.92,31908,100
787,2026-05-18 18:03:20.653876,2026/05/18 18:03:20.875,3,NVIDIA A100-SXM-64GB,105.54,31844,100
788,2026-05-18 18:03:25.968324,2026/05/18 18:03:26.139,0,NVIDIA A100-SXM-64GB,111.25,31880,100
789,2026-05-18 18:03:25.968324,2026/05/18 18:03:26.142,1,NVIDIA A100-SXM-64GB,99.63,31888,100
790,2026-05-18 18:03:25.968324,2026/05/18 18:03:26.154,2,NVIDIA A100-SXM-64GB,107.57,31908,100
791,2026-05-18 18:03:25.968324,2026/05/18 18:03:26.218,3,NVIDIA A100-SXM-64GB,101.06,31844,100
792,2026-05-18 18:03:31.257171,2026/05/18 18:03:31.429,0,NVIDIA A100-SXM-64GB,106.09,31880,100
793,2026-05-18 18:03:31.257171,2026/05/18 18:03:31.432,1,NVIDIA A100-SXM-64GB,105.16,31888,100
794,2026-05-18 18:03:31.257171,2026/05/18 18:03:31.441,2,NVIDIA A100-SXM-64GB,107.46,31908,100
795,2026-05-18 18:03:31.257171,2026/05/18 18:03:31.503,3,NVIDIA A100-SXM-64GB,139.77,31844,100
796,2026-05-18 18:03:36.546687,2026/05/18 18:03:36.715,0,NVIDIA A100-SXM-64GB,153.48,31880,100
797,2026-05-18 18:03:36.546687,2026/05/18 18:03:36.718,1,NVIDIA A100-SXM-64GB,109.49,31888,100
798,2026-05-18 18:03:36.546687,2026/05/18 18:03:36.720,2,NVIDIA A100-SXM-64GB,101.60,31908,100
799,2026-05-18 18:03:36.546687,2026/05/18 18:03:36.778,3,NVIDIA A100-SXM-64GB,122.99,31844,100
800,2026-05-18 18:03:41.821748,2026/05/18 18:03:41.995,0,NVIDIA A100-SXM-64GB,112.67,31880,100
801,2026-05-18 18:03:41.821748,2026/05/18 18:03:41.998,1,NVIDIA A100-SXM-64GB,101.76,31888,100
802,2026-05-18 18:03:41.821748,2026/05/18 18:03:42.002,2,NVIDIA A100-SXM-64GB,107.79,31908,100
803,2026-05-18 18:03:41.821748,2026/05/18 18:03:42.056,3,NVIDIA A100-SXM-64GB,104.29,31844,100
804,2026-05-18 18:03:47.093571,2026/05/18 18:03:47.265,0,NVIDIA A100-SXM-64GB,106.09,31880,100
805,2026-05-18 18:03:47.093571,2026/05/18 18:03:47.268,1,NVIDIA A100-SXM-64GB,103.02,31888,100
806,2026-05-18 18:03:47.093571,2026/05/18 18:03:47.275,2,NVIDIA A100-SXM-64GB,102.70,31908,100
807,2026-05-18 18:03:47.093571,2026/05/18 18:03:47.362,3,NVIDIA A100-SXM-64GB,108.06,31844,100
808,2026-05-18 18:03:52.401977,2026/05/18 18:03:52.573,0,NVIDIA A100-SXM-64GB,108.39,31880,100
809,2026-05-18 18:03:52.401977,2026/05/18 18:03:52.615,1,NVIDIA A100-SXM-64GB,107.57,31888,100
810,2026-05-18 18:03:52.401977,2026/05/18 18:03:52.654,2,NVIDIA A100-SXM-64GB,108.17,31908,100
811,2026-05-18 18:03:52.401977,2026/05/18 18:03:52.658,3,NVIDIA A100-SXM-64GB,110.41,31844,100
812,2026-05-18 18:03:57.719101,2026/05/18 18:03:57.953,0,NVIDIA A100-SXM-64GB,109.33,31880,100
813,2026-05-18 18:03:57.719101,2026/05/18 18:03:57.981,1,NVIDIA A100-SXM-64GB,129.19,31888,100
814,2026-05-18 18:03:57.719101,2026/05/18 18:03:57.984,2,NVIDIA A100-SXM-64GB,109.70,31908,100
815,2026-05-18 18:03:57.719101,2026/05/18 18:03:58.000,3,NVIDIA A100-SXM-64GB,128.06,31844,100
816,2026-05-18 18:04:03.083756,2026/05/18 18:04:03.261,0,NVIDIA A100-SXM-64GB,108.12,31880,100
817,2026-05-18 18:04:03.083756,2026/05/18 18:04:03.264,1,NVIDIA A100-SXM-64GB,107.90,31888,100
818,2026-05-18 18:04:03.083756,2026/05/18 18:04:03.275,2,NVIDIA A100-SXM-64GB,110.52,31908,100
819,2026-05-18 18:04:03.083756,2026/05/18 18:04:03.336,3,NVIDIA A100-SXM-64GB,97.29,31844,100
820,2026-05-18 18:04:08.399633,2026/05/18 18:04:08.566,0,NVIDIA A100-SXM-64GB,105.05,31880,100
821,2026-05-18 18:04:08.399633,2026/05/18 18:04:08.569,1,NVIDIA A100-SXM-64GB,106.86,31888,82
822,2026-05-18 18:04:08.399633,2026/05/18 18:04:08.573,2,NVIDIA A100-SXM-64GB,105.05,31908,100
823,2026-05-18 18:04:08.399633,2026/05/18 18:04:08.624,3,NVIDIA A100-SXM-64GB,109.80,31844,100
824,2026-05-18 18:04:13.687694,2026/05/18 18:04:13.855,0,NVIDIA A100-SXM-64GB,103.62,31880,100
825,2026-05-18 18:04:13.687694,2026/05/18 18:04:13.858,1,NVIDIA A100-SXM-64GB,101.76,31888,100
826,2026-05-18 18:04:13.687694,2026/05/18 18:04:13.862,2,NVIDIA A100-SXM-64GB,98.75,31908,100
827,2026-05-18 18:04:13.687694,2026/05/18 18:04:13.916,3,NVIDIA A100-SXM-64GB,108.56,31844,100
828,2026-05-18 18:04:18.958387,2026/05/18 18:04:19.119,0,NVIDIA A100-SXM-64GB,119.06,31880,100
829,2026-05-18 18:04:18.958387,2026/05/18 18:04:19.123,1,NVIDIA A100-SXM-64GB,104.61,31888,100
830,2026-05-18 18:04:18.958387,2026/05/18 18:04:19.202,2,NVIDIA A100-SXM-64GB,103.02,31908,100
831,2026-05-18 18:04:18.958387,2026/05/18 18:04:19.205,3,NVIDIA A100-SXM-64GB,107.18,31844,100
832,2026-05-18 18:04:24.329993,2026/05/18 18:04:24.490,0,NVIDIA A100-SXM-64GB,106.48,31880,100
833,2026-05-18 18:04:24.329993,2026/05/18 18:04:24.493,1,NVIDIA A100-SXM-64GB,128.32,31888,100
834,2026-05-18 18:04:24.329993,2026/05/18 18:04:24.498,2,NVIDIA A100-SXM-64GB,115.50,31908,100
835,2026-05-18 18:04:24.329993,2026/05/18 18:04:24.554,3,NVIDIA A100-SXM-64GB,127.58,31844,100
836,2026-05-18 18:04:29.600847,2026/05/18 18:04:29.779,0,NVIDIA A100-SXM-64GB,140.49,31880,100
837,2026-05-18 18:04:29.600847,2026/05/18 18:04:29.782,1,NVIDIA A100-SXM-64GB,103.02,31888,100
838,2026-05-18 18:04:29.600847,2026/05/18 18:04:29.791,2,NVIDIA A100-SXM-64GB,106.53,31908,100
839,2026-05-18 18:04:29.600847,2026/05/18 18:04:29.851,3,NVIDIA A100-SXM-64GB,101.89,31844,100
840,2026-05-18 18:04:34.923105,2026/05/18 18:04:35.085,0,NVIDIA A100-SXM-64GB,119.82,31880,100
841,2026-05-18 18:04:34.923105,2026/05/18 18:04:35.088,1,NVIDIA A100-SXM-64GB,106.64,31888,100
842,2026-05-18 18:04:34.923105,2026/05/18 18:04:35.096,2,NVIDIA A100-SXM-64GB,108.17,31908,100
843,2026-05-18 18:04:34.923105,2026/05/18 18:04:35.153,3,NVIDIA A100-SXM-64GB,108.06,31844,100
844,2026-05-18 18:04:40.195172,2026/05/18 18:04:40.376,0,NVIDIA A100-SXM-64GB,112.51,31880,100
845,2026-05-18 18:04:40.195172,2026/05/18 18:04:40.379,1,NVIDIA A100-SXM-64GB,107.29,31888,100
846,2026-05-18 18:04:40.195172,2026/05/18 18:04:40.383,2,NVIDIA A100-SXM-64GB,100.57,31908,100
847,2026-05-18 18:04:40.195172,2026/05/18 18:04:40.407,3,NVIDIA A100-SXM-64GB,109.48,31844,100
848,2026-05-18 18:04:45.487255,2026/05/18 18:04:45.646,0,NVIDIA A100-SXM-64GB,96.26,31880,100
849,2026-05-18 18:04:45.487255,2026/05/18 18:04:45.649,1,NVIDIA A100-SXM-64GB,92.63,31888,100
850,2026-05-18 18:04:45.487255,2026/05/18 18:04:45.652,2,NVIDIA A100-SXM-64GB,93.79,31908,100
851,2026-05-18 18:04:45.487255,2026/05/18 18:04:45.727,3,NVIDIA A100-SXM-64GB,94.66,31844,100
852,2026-05-18 18:04:50.766626,2026/05/18 18:04:50.938,0,NVIDIA A100-SXM-64GB,96.26,31880,100
853,2026-05-18 18:04:50.766626,2026/05/18 18:04:50.965,1,NVIDIA A100-SXM-64GB,92.36,31888,100
854,2026-05-18 18:04:50.766626,2026/05/18 18:04:50.968,2,NVIDIA A100-SXM-64GB,93.46,31908,100
855,2026-05-18 18:04:50.766626,2026/05/18 18:04:51.014,3,NVIDIA A100-SXM-64GB,94.56,31844,100
856,2026-05-18 18:04:56.059187,2026/05/18 18:04:56.226,0,NVIDIA A100-SXM-64GB,98.13,31880,100
857,2026-05-18 18:04:56.059187,2026/05/18 18:04:56.229,1,NVIDIA A100-SXM-64GB,102.92,31888,100
858,2026-05-18 18:04:56.059187,2026/05/18 18:04:56.289,2,NVIDIA A100-SXM-64GB,102.59,31908,100
859,2026-05-18 18:04:56.059187,2026/05/18 18:04:56.343,3,NVIDIA A100-SXM-64GB,140.84,31844,100
860,2026-05-18 18:05:01.410736,2026/05/18 18:05:01.572,0,NVIDIA A100-SXM-64GB,95.99,31880,100
861,2026-05-18 18:05:01.410736,2026/05/18 18:05:01.575,1,NVIDIA A100-SXM-64GB,74.75,31888,0
862,2026-05-18 18:05:01.410736,2026/05/18 18:05:01.578,2,NVIDIA A100-SXM-64GB,93.89,31908,100
863,2026-05-18 18:05:01.410736,2026/05/18 18:05:01.630,3,NVIDIA A100-SXM-64GB,94.90,31844,100
864,2026-05-18 18:05:06.679514,2026/05/18 18:05:06.839,0,NVIDIA A100-SXM-64GB,111.09,31880,100
865,2026-05-18 18:05:06.679514,2026/05/18 18:05:06.842,1,NVIDIA A100-SXM-64GB,106.48,31888,100
866,2026-05-18 18:05:06.679514,2026/05/18 18:05:06.855,2,NVIDIA A100-SXM-64GB,106.04,31908,100
867,2026-05-18 18:05:06.679514,2026/05/18 18:05:06.898,3,NVIDIA A100-SXM-64GB,107.46,31844,100
868,2026-05-18 18:05:11.982993,2026/05/18 18:05:12.135,0,NVIDIA A100-SXM-64GB,96.26,31880,100
869,2026-05-18 18:05:11.982993,2026/05/18 18:05:12.172,1,NVIDIA A100-SXM-64GB,98.10,31888,100
870,2026-05-18 18:05:11.982993,2026/05/18 18:05:12.219,2,NVIDIA A100-SXM-64GB,102.59,31908,100
871,2026-05-18 18:05:11.982993,2026/05/18 18:05:12.222,3,NVIDIA A100-SXM-64GB,100.36,31844,100
872,2026-05-18 18:05:17.297594,2026/05/18 18:05:17.464,0,NVIDIA A100-SXM-64GB,107.90,31880,100
873,2026-05-18 18:05:17.297594,2026/05/18 18:05:17.466,1,NVIDIA A100-SXM-64GB,105.76,31888,100
874,2026-05-18 18:05:17.297594,2026/05/18 18:05:17.469,2,NVIDIA A100-SXM-64GB,128.19,31908,100
875,2026-05-18 18:05:17.297594,2026/05/18 18:05:17.525,3,NVIDIA A100-SXM-64GB,143.57,31844,100
876,2026-05-18 18:05:22.571267,2026/05/18 18:05:22.730,0,NVIDIA A100-SXM-64GB,108.62,31880,100
877,2026-05-18 18:05:22.571267,2026/05/18 18:05:22.733,1,NVIDIA A100-SXM-64GB,107.68,31888,100
878,2026-05-18 18:05:22.571267,2026/05/18 18:05:22.737,2,NVIDIA A100-SXM-64GB,111.63,31908,100
879,2026-05-18 18:05:22.571267,2026/05/18 18:05:22.796,3,NVIDIA A100-SXM-64GB,117.07,31844,100
880,2026-05-18 18:05:27.834768,2026/05/18 18:05:28.010,0,NVIDIA A100-SXM-64GB,110.65,31880,100
881,2026-05-18 18:05:27.834768,2026/05/18 18:05:28.013,1,NVIDIA A100-SXM-64GB,108.17,31888,100
882,2026-05-18 18:05:27.834768,2026/05/18 18:05:28.020,2,NVIDIA A100-SXM-64GB,101.17,31908,100
883,2026-05-18 18:05:27.834768,2026/05/18 18:05:28.076,3,NVIDIA A100-SXM-64GB,110.79,31844,100
884,2026-05-18 18:05:33.108976,2026/05/18 18:05:33.279,0,NVIDIA A100-SXM-64GB,108.34,31880,100
885,2026-05-18 18:05:33.108976,2026/05/18 18:05:33.282,1,NVIDIA A100-SXM-64GB,103.41,31888,100
886,2026-05-18 18:05:33.108976,2026/05/18 18:05:33.291,2,NVIDIA A100-SXM-64GB,102.80,31908,100
887,2026-05-18 18:05:33.108976,2026/05/18 18:05:33.370,3,NVIDIA A100-SXM-64GB,109.59,31844,100
888,2026-05-18 18:05:38.413859,2026/05/18 18:05:38.591,0,NVIDIA A100-SXM-64GB,99.06,31880,100
889,2026-05-18 18:05:38.413859,2026/05/18 18:05:38.593,1,NVIDIA A100-SXM-64GB,93.65,31888,100
890,2026-05-18 18:05:38.413859,2026/05/18 18:05:38.596,2,NVIDIA A100-SXM-64GB,105.16,31908,100
891,2026-05-18 18:05:38.413859,2026/05/18 18:05:38.654,3,NVIDIA A100-SXM-64GB,102.59,31844,100
892,2026-05-18 18:05:43.691735,2026/05/18 18:05:43.874,0,NVIDIA A100-SXM-64GB,98.23,31880,100
893,2026-05-18 18:05:43.691735,2026/05/18 18:05:43.877,1,NVIDIA A100-SXM-64GB,93.32,31888,100
894,2026-05-18 18:05:43.691735,2026/05/18 18:05:43.943,2,NVIDIA A100-SXM-64GB,98.43,31908,100
895,2026-05-18 18:05:43.691735,2026/05/18 18:05:43.946,3,NVIDIA A100-SXM-64GB,98.93,31844,100
896,2026-05-18 18:05:49.022178,2026/05/18 18:05:49.177,0,NVIDIA A100-SXM-64GB,99.33,31880,100
897,2026-05-18 18:05:49.022178,2026/05/18 18:05:49.180,1,NVIDIA A100-SXM-64GB,101.27,31888,100
898,2026-05-18 18:05:49.022178,2026/05/18 18:05:49.192,2,NVIDIA A100-SXM-64GB,110.91,31908,100
899,2026-05-18 18:05:49.022178,2026/05/18 18:05:49.246,3,NVIDIA A100-SXM-64GB,109.26,31844,100
900,2026-05-18 18:05:54.308989,2026/05/18 18:05:54.478,0,NVIDIA A100-SXM-64GB,109.11,31880,100
901,2026-05-18 18:05:54.308989,2026/05/18 18:05:54.515,1,NVIDIA A100-SXM-64GB,99.63,31888,100
902,2026-05-18 18:05:54.308989,2026/05/18 18:05:54.518,2,NVIDIA A100-SXM-64GB,108.99,31908,100
903,2026-05-18 18:05:54.308989,2026/05/18 18:05:54.528,3,NVIDIA A100-SXM-64GB,96.80,31844,100
904,2026-05-18 18:05:59.606220,2026/05/18 18:05:59.762,0,NVIDIA A100-SXM-64GB,105.49,31880,100
905,2026-05-18 18:05:59.606220,2026/05/18 18:05:59.809,1,NVIDIA A100-SXM-64GB,100.89,31888,100
906,2026-05-18 18:05:59.606220,2026/05/18 18:05:59.812,2,NVIDIA A100-SXM-64GB,106.26,31908,100
907,2026-05-18 18:05:59.606220,2026/05/18 18:05:59.853,3,NVIDIA A100-SXM-64GB,108.88,31844,100
908,2026-05-18 18:06:04.912773,2026/05/18 18:06:05.075,0,NVIDIA A100-SXM-64GB,132.86,31880,100
909,2026-05-18 18:06:04.912773,2026/05/18 18:06:05.078,1,NVIDIA A100-SXM-64GB,111.52,31888,100
910,2026-05-18 18:06:04.912773,2026/05/18 18:06:05.148,2,NVIDIA A100-SXM-64GB,98.75,31908,100
911,2026-05-18 18:06:04.912773,2026/05/18 18:06:05.151,3,NVIDIA A100-SXM-64GB,99.16,31844,100
912,2026-05-18 18:06:10.247568,2026/05/18 18:06:10.408,0,NVIDIA A100-SXM-64GB,106.86,31880,100
913,2026-05-18 18:06:10.247568,2026/05/18 18:06:10.411,1,NVIDIA A100-SXM-64GB,96.29,31888,100
914,2026-05-18 18:06:10.247568,2026/05/18 18:06:10.452,2,NVIDIA A100-SXM-64GB,108.99,31908,100
915,2026-05-18 18:06:10.247568,2026/05/18 18:06:10.454,3,NVIDIA A100-SXM-64GB,95.77,31844,100
916,2026-05-18 18:06:15.517048,2026/05/18 18:06:15.675,0,NVIDIA A100-SXM-64GB,106.97,31880,100
917,2026-05-18 18:06:15.517048,2026/05/18 18:06:15.678,1,NVIDIA A100-SXM-64GB,111.63,31888,100
918,2026-05-18 18:06:15.517048,2026/05/18 18:06:15.681,2,NVIDIA A100-SXM-64GB,102.70,31908,100
919,2026-05-18 18:06:15.517048,2026/05/18 18:06:15.765,3,NVIDIA A100-SXM-64GB,106.86,31844,100
920,2026-05-18 18:06:20.801518,2026/05/18 18:06:20.956,0,NVIDIA A100-SXM-64GB,159.41,31880,100
921,2026-05-18 18:06:20.801518,2026/05/18 18:06:20.959,1,NVIDIA A100-SXM-64GB,109.70,31888,100
922,2026-05-18 18:06:20.801518,2026/05/18 18:06:21.001,2,NVIDIA A100-SXM-64GB,102.92,31908,100
923,2026-05-18 18:06:20.801518,2026/05/18 18:06:21.042,3,NVIDIA A100-SXM-64GB,108.99,31844,100
924,2026-05-18 18:06:26.082803,2026/05/18 18:06:26.244,0,NVIDIA A100-SXM-64GB,109.93,31880,100
925,2026-05-18 18:06:26.082803,2026/05/18 18:06:26.247,1,NVIDIA A100-SXM-64GB,105.16,31888,100
926,2026-05-18 18:06:26.082803,2026/05/18 18:06:26.294,2,NVIDIA A100-SXM-64GB,101.99,31908,100
927,2026-05-18 18:06:26.082803,2026/05/18 18:06:26.297,3,NVIDIA A100-SXM-64GB,103.09,31844,100
928,2026-05-18 18:06:31.366233,2026/05/18 18:06:31.539,0,NVIDIA A100-SXM-64GB,140.15,31880,100
929,2026-05-18 18:06:31.366233,2026/05/18 18:06:31.542,1,NVIDIA A100-SXM-64GB,102.70,31888,100
930,2026-05-18 18:06:31.366233,2026/05/18 18:06:31.549,2,NVIDIA A100-SXM-64GB,94.39,31908,100
931,2026-05-18 18:06:31.366233,2026/05/18 18:06:31.610,3,NVIDIA A100-SXM-64GB,107.07,31844,100
932,2026-05-18 18:06:36.666496,2026/05/18 18:06:36.869,0,NVIDIA A100-SXM-64GB,102.91,31880,100
933,2026-05-18 18:06:36.666496,2026/05/18 18:06:36.872,1,NVIDIA A100-SXM-64GB,99.53,31888,100
934,2026-05-18 18:06:36.666496,2026/05/18 18:06:36.893,2,NVIDIA A100-SXM-64GB,103.52,31908,100
935,2026-05-18 18:06:36.666496,2026/05/18 18:06:36.952,3,NVIDIA A100-SXM-64GB,117.67,31844,100
936,2026-05-18 18:06:42.020505,2026/05/18 18:06:42.196,0,NVIDIA A100-SXM-64GB,101.21,31880,83
937,2026-05-18 18:06:42.020505,2026/05/18 18:06:42.199,1,NVIDIA A100-SXM-64GB,101.99,31888,80
938,2026-05-18 18:06:42.020505,2026/05/18 18:06:42.204,2,NVIDIA A100-SXM-64GB,105.05,31908,74
939,2026-05-18 18:06:42.020505,2026/05/18 18:06:42.275,3,NVIDIA A100-SXM-64GB,111.01,31844,70
940,2026-05-18 18:06:47.335657,2026/05/18 18:06:47.505,0,NVIDIA A100-SXM-64GB,107.79,31880,100
941,2026-05-18 18:06:47.335657,2026/05/18 18:06:47.509,1,NVIDIA A100-SXM-64GB,99.26,31888,100
942,2026-05-18 18:06:47.335657,2026/05/18 18:06:47.513,2,NVIDIA A100-SXM-64GB,111.29,31908,100
943,2026-05-18 18:06:47.335657,2026/05/18 18:06:47.565,3,NVIDIA A100-SXM-64GB,98.23,31844,100
944,2026-05-18 18:06:52.603156,2026/05/18 18:06:52.756,0,NVIDIA A100-SXM-64GB,108.72,31880,100
945,2026-05-18 18:06:52.603156,2026/05/18 18:06:52.759,1,NVIDIA A100-SXM-64GB,100.79,31888,100
946,2026-05-18 18:06:52.603156,2026/05/18 18:06:52.765,2,NVIDIA A100-SXM-64GB,106.26,31908,100
947,2026-05-18 18:06:52.603156,2026/05/18 18:06:52.820,3,NVIDIA A100-SXM-64GB,107.84,31844,100
948,2026-05-18 18:06:57.869094,2026/05/18 18:06:58.022,0,NVIDIA A100-SXM-64GB,110.65,31880,100
949,2026-05-18 18:06:57.869094,2026/05/18 18:06:58.024,1,NVIDIA A100-SXM-64GB,124.05,31888,100
950,2026-05-18 18:06:57.869094,2026/05/18 18:06:58.070,2,NVIDIA A100-SXM-64GB,104.23,31908,100
951,2026-05-18 18:06:57.869094,2026/05/18 18:06:58.116,3,NVIDIA A100-SXM-64GB,105.22,31844,100
952,2026-05-18 18:07:03.158201,2026/05/18 18:07:03.316,0,NVIDIA A100-SXM-64GB,109.11,31880,100
953,2026-05-18 18:07:03.158201,2026/05/18 18:07:03.319,1,NVIDIA A100-SXM-64GB,101.49,31888,100
954,2026-05-18 18:07:03.158201,2026/05/18 18:07:03.324,2,NVIDIA A100-SXM-64GB,105.76,31908,100
955,2026-05-18 18:07:03.158201,2026/05/18 18:07:03.372,3,NVIDIA A100-SXM-64GB,98.93,31844,100
956,2026-05-18 18:07:08.463432,2026/05/18 18:07:08.635,0,NVIDIA A100-SXM-64GB,95.89,31880,77
957,2026-05-18 18:07:08.463432,2026/05/18 18:07:08.652,1,NVIDIA A100-SXM-64GB,98.93,31888,84
958,2026-05-18 18:07:08.463432,2026/05/18 18:07:08.664,2,NVIDIA A100-SXM-64GB,92.53,31908,78
959,2026-05-18 18:07:08.463432,2026/05/18 18:07:08.676,3,NVIDIA A100-SXM-64GB,94.29,31844,73
960,2026-05-18 18:07:13.780912,2026/05/18 18:07:13.941,0,NVIDIA A100-SXM-64GB,106.26,31880,100
961,2026-05-18 18:07:13.780912,2026/05/18 18:07:13.944,1,NVIDIA A100-SXM-64GB,103.20,31888,100
962,2026-05-18 18:07:13.780912,2026/05/18 18:07:13.956,2,NVIDIA A100-SXM-64GB,105.65,31908,100
963,2026-05-18 18:07:13.780912,2026/05/18 18:07:14.018,3,NVIDIA A100-SXM-64GB,103.69,31844,100
964,2026-05-18 18:07:19.055682,2026/05/18 18:07:19.208,0,NVIDIA A100-SXM-64GB,109.00,31880,100
965,2026-05-18 18:07:19.055682,2026/05/18 18:07:19.236,1,NVIDIA A100-SXM-64GB,108.06,31888,100
966,2026-05-18 18:07:19.055682,2026/05/18 18:07:19.290,2,NVIDIA A100-SXM-64GB,108.06,31908,100
967,2026-05-18 18:07:19.055682,2026/05/18 18:07:19.292,3,NVIDIA A100-SXM-64GB,108.44,31844,100
968,2026-05-18 18:07:24.347498,2026/05/18 18:07:24.507,0,NVIDIA A100-SXM-64GB,150.85,31880,100
969,2026-05-18 18:07:24.347498,2026/05/18 18:07:24.510,1,NVIDIA A100-SXM-64GB,99.63,31888,100
970,2026-05-18 18:07:24.347498,2026/05/18 18:07:24.552,2,NVIDIA A100-SXM-64GB,102.59,31908,100
971,2026-05-18 18:07:24.347498,2026/05/18 18:07:24.555,3,NVIDIA A100-SXM-64GB,104.62,31844,100
972,2026-05-18 18:07:29.614037,2026/05/18 18:07:29.776,0,NVIDIA A100-SXM-64GB,111.14,31880,100
973,2026-05-18 18:07:29.614037,2026/05/18 18:07:29.779,1,NVIDIA A100-SXM-64GB,108.99,31888,100
974,2026-05-18 18:07:29.614037,2026/05/18 18:07:29.831,2,NVIDIA A100-SXM-64GB,96.80,31908,100
975,2026-05-18 18:07:29.614037,2026/05/18 18:07:29.834,3,NVIDIA A100-SXM-64GB,109.15,31844,100
976,2026-05-18 18:07:34.901745,2026/05/18 18:07:35.055,0,NVIDIA A100-SXM-64GB,105.16,31880,100
977,2026-05-18 18:07:34.901745,2026/05/18 18:07:35.058,1,NVIDIA A100-SXM-64GB,106.97,31888,100
978,2026-05-18 18:07:34.901745,2026/05/18 18:07:35.094,2,NVIDIA A100-SXM-64GB,100.46,31908,100
979,2026-05-18 18:07:34.901745,2026/05/18 18:07:35.097,3,NVIDIA A100-SXM-64GB,105.22,31844,100
980,2026-05-18 18:07:40.173304,2026/05/18 18:07:40.328,0,NVIDIA A100-SXM-64GB,111.25,31880,100
981,2026-05-18 18:07:40.173304,2026/05/18 18:07:40.368,1,NVIDIA A100-SXM-64GB,117.76,31888,100
982,2026-05-18 18:07:40.173304,2026/05/18 18:07:40.371,2,NVIDIA A100-SXM-64GB,103.30,31908,100
983,2026-05-18 18:07:40.173304,2026/05/18 18:07:40.423,3,NVIDIA A100-SXM-64GB,112.82,31844,100
984,2026-05-18 18:07:45.513589,2026/05/18 18:07:45.680,0,NVIDIA A100-SXM-64GB,103.84,31880,100
985,2026-05-18 18:07:45.513589,2026/05/18 18:07:45.683,1,NVIDIA A100-SXM-64GB,110.03,31888,100
986,2026-05-18 18:07:45.513589,2026/05/18 18:07:45.728,2,NVIDIA A100-SXM-64GB,101.17,31908,100
987,2026-05-18 18:07:45.513589,2026/05/18 18:07:45.730,3,NVIDIA A100-SXM-64GB,108.06,31844,100
988,2026-05-18 18:07:50.789643,2026/05/18 18:07:50.956,0,NVIDIA A100-SXM-64GB,149.32,31880,100
989,2026-05-18 18:07:50.789643,2026/05/18 18:07:50.959,1,NVIDIA A100-SXM-64GB,96.90,31888,100
990,2026-05-18 18:07:50.789643,2026/05/18 18:07:50.964,2,NVIDIA A100-SXM-64GB,108.67,31908,100
991,2026-05-18 18:07:50.789643,2026/05/18 18:07:51.038,3,NVIDIA A100-SXM-64GB,102.16,31844,100
992,2026-05-18 18:07:56.107849,2026/05/18 18:07:56.264,0,NVIDIA A100-SXM-64GB,126.11,31880,100
993,2026-05-18 18:07:56.107849,2026/05/18 18:07:56.267,1,NVIDIA A100-SXM-64GB,98.43,31888,100
994,2026-05-18 18:07:56.107849,2026/05/18 18:07:56.279,2,NVIDIA A100-SXM-64GB,101.99,31908,100
995,2026-05-18 18:07:56.107849,2026/05/18 18:07:56.336,3,NVIDIA A100-SXM-64GB,129.58,31844,100
996,2026-05-18 18:08:01.404122,2026/05/18 18:08:01.558,0,NVIDIA A100-SXM-64GB,105.16,31880,100
997,2026-05-18 18:08:01.404122,2026/05/18 18:08:01.561,1,NVIDIA A100-SXM-64GB,97.22,31888,100
998,2026-05-18 18:08:01.404122,2026/05/18 18:08:01.574,2,NVIDIA A100-SXM-64GB,113.86,31908,100
999,2026-05-18 18:08:01.404122,2026/05/18 18:08:01.653,3,NVIDIA A100-SXM-64GB,105.54,31844,100
1000,2026-05-18 18:08:06.694965,2026/05/18 18:08:06.846,0,NVIDIA A100-SXM-64GB,109.71,31880,100
1001,2026-05-18 18:08:06.694965,2026/05/18 18:08:06.851,1,NVIDIA A100-SXM-64GB,102.37,31888,100
1002,2026-05-18 18:08:06.694965,2026/05/18 18:08:06.894,2,NVIDIA A100-SXM-64GB,106.53,31908,100
1003,2026-05-18 18:08:06.694965,2026/05/18 18:08:06.949,3,NVIDIA A100-SXM-64GB,107.07,31844,100
1004,2026-05-18 18:08:11.995745,2026/05/18 18:08:12.150,0,NVIDIA A100-SXM-64GB,118.94,31880,100
1005,2026-05-18 18:08:11.995745,2026/05/18 18:08:12.186,1,NVIDIA A100-SXM-64GB,104.23,31888,100
1006,2026-05-18 18:08:11.995745,2026/05/18 18:08:12.216,2,NVIDIA A100-SXM-64GB,117.20,31908,100
1007,2026-05-18 18:08:11.995745,2026/05/18 18:08:12.259,3,NVIDIA A100-SXM-64GB,108.28,31844,100
1008,2026-05-18 18:08:17.304997,2026/05/18 18:08:17.460,0,NVIDIA A100-SXM-64GB,122.16,31880,100
1009,2026-05-18 18:08:17.304997,2026/05/18 18:08:17.463,1,NVIDIA A100-SXM-64GB,96.29,31888,100
1010,2026-05-18 18:08:17.304997,2026/05/18 18:08:17.507,2,NVIDIA A100-SXM-64GB,119.93,31908,100
1011,2026-05-18 18:08:17.304997,2026/05/18 18:08:17.510,3,NVIDIA A100-SXM-64GB,103.69,31844,100
1012,2026-05-18 18:08:22.570994,2026/05/18 18:08:22.729,0,NVIDIA A100-SXM-64GB,110.48,31880,100
1013,2026-05-18 18:08:22.570994,2026/05/18 18:08:22.777,1,NVIDIA A100-SXM-64GB,114.43,31888,100
1014,2026-05-18 18:08:22.570994,2026/05/18 18:08:22.780,2,NVIDIA A100-SXM-64GB,140.20,31908,100
1015,2026-05-18 18:08:22.570994,2026/05/18 18:08:22.821,3,NVIDIA A100-SXM-64GB,98.00,31844,100
1016,2026-05-18 18:08:27.895752,2026/05/18 18:08:28.051,0,NVIDIA A100-SXM-64GB,98.30,31880,100
1017,2026-05-18 18:08:27.895752,2026/05/18 18:08:28.054,1,NVIDIA A100-SXM-64GB,103.52,31888,100
1018,2026-05-18 18:08:27.895752,2026/05/18 18:08:28.058,2,NVIDIA A100-SXM-64GB,94.66,31908,99
1019,2026-05-18 18:08:27.895752,2026/05/18 18:08:28.098,3,NVIDIA A100-SXM-64GB,104.95,31844,100
1020,2026-05-18 18:08:33.150837,2026/05/18 18:08:33.315,0,NVIDIA A100-SXM-64GB,97.20,31880,100
1021,2026-05-18 18:08:33.150837,2026/05/18 18:08:33.318,1,NVIDIA A100-SXM-64GB,106.64,31888,100
1022,2026-05-18 18:08:33.150837,2026/05/18 18:08:33.360,2,NVIDIA A100-SXM-64GB,98.10,31908,100
1023,2026-05-18 18:08:33.150837,2026/05/18 18:08:33.363,3,NVIDIA A100-SXM-64GB,108.56,31844,100
1024,2026-05-18 18:08:38.424263,2026/05/18 18:08:38.578,0,NVIDIA A100-SXM-64GB,111.46,31880,100
1025,2026-05-18 18:08:38.424263,2026/05/18 18:08:38.581,1,NVIDIA A100-SXM-64GB,103.52,31888,100
1026,2026-05-18 18:08:38.424263,2026/05/18 18:08:38.625,2,NVIDIA A100-SXM-64GB,97.12,31908,100
1027,2026-05-18 18:08:38.424263,2026/05/18 18:08:38.627,3,NVIDIA A100-SXM-64GB,110.41,31844,100
1028,2026-05-18 18:08:43.700622,2026/05/18 18:08:43.863,0,NVIDIA A100-SXM-64GB,114.82,31880,100
1029,2026-05-18 18:08:43.700622,2026/05/18 18:08:43.866,1,NVIDIA A100-SXM-64GB,105.33,31888,100
1030,2026-05-18 18:08:43.700622,2026/05/18 18:08:43.912,2,NVIDIA A100-SXM-64GB,109.92,31908,100
1031,2026-05-18 18:08:43.700622,2026/05/18 18:08:43.915,3,NVIDIA A100-SXM-64GB,106.15,31844,100
1032,2026-05-18 18:08:48.981724,2026/05/18 18:08:49.150,0,NVIDIA A100-SXM-64GB,96.59,31880,100
1033,2026-05-18 18:08:48.981724,2026/05/18 18:08:49.153,1,NVIDIA A100-SXM-64GB,102.70,31888,100
1034,2026-05-18 18:08:48.981724,2026/05/18 18:08:49.158,2,NVIDIA A100-SXM-64GB,94.76,31908,100
1035,2026-05-18 18:08:48.981724,2026/05/18 18:08:49.234,3,NVIDIA A100-SXM-64GB,97.90,31844,100
1036,2026-05-18 18:08:54.280379,2026/05/18 18:08:54.412,0,NVIDIA A100-SXM-64GB,100.88,31880,98
1037,2026-05-18 18:08:54.280379,2026/05/18 18:08:54.418,1,NVIDIA A100-SXM-64GB,109.11,31888,100
1038,2026-05-18 18:08:54.280379,2026/05/18 18:08:54.430,2,NVIDIA A100-SXM-64GB,87.48,31908,100
1039,2026-05-18 18:08:54.280379,2026/05/18 18:08:54.447,3,NVIDIA A100-SXM-64GB,156.03,31844,100
1040,2026-05-18 18:08:59.540986,2026/05/18 18:08:59.703,0,NVIDIA A100-SXM-64GB,104.12,31880,100
1041,2026-05-18 18:08:59.540986,2026/05/18 18:08:59.706,1,NVIDIA A100-SXM-64GB,95.09,31888,100
1042,2026-05-18 18:08:59.540986,2026/05/18 18:08:59.760,2,NVIDIA A100-SXM-64GB,109.15,31908,100
1043,2026-05-18 18:08:59.540986,2026/05/18 18:08:59.763,3,NVIDIA A100-SXM-64GB,103.09,31844,100
1044,2026-05-18 18:09:04.821626,2026/05/18 18:09:04.979,0,NVIDIA A100-SXM-64GB,107.74,31880,100
1045,2026-05-18 18:09:04.821626,2026/05/18 18:09:04.982,1,NVIDIA A100-SXM-64GB,108.01,31888,100
1046,2026-05-18 18:09:04.821626,2026/05/18 18:09:05.052,2,NVIDIA A100-SXM-64GB,97.60,31908,100
1047,2026-05-18 18:09:04.821626,2026/05/18 18:09:05.120,3,NVIDIA A100-SXM-64GB,123.59,31844,100
1048,2026-05-18 18:09:10.162015,2026/05/18 18:09:10.317,0,NVIDIA A100-SXM-64GB,106.97,31880,100
1049,2026-05-18 18:09:10.162015,2026/05/18 18:09:10.343,1,NVIDIA A100-SXM-64GB,97.00,31888,100
1050,2026-05-18 18:09:10.162015,2026/05/18 18:09:10.394,2,NVIDIA A100-SXM-64GB,95.36,31908,100
1051,2026-05-18 18:09:10.162015,2026/05/18 18:09:10.397,3,NVIDIA A100-SXM-64GB,106.86,31844,100
1052,2026-05-18 18:09:15.495931,2026/05/18 18:09:15.657,0,NVIDIA A100-SXM-64GB,143.41,31880,100
1053,2026-05-18 18:09:15.495931,2026/05/18 18:09:15.661,1,NVIDIA A100-SXM-64GB,93.13,31888,100
1054,2026-05-18 18:09:15.495931,2026/05/18 18:09:15.699,2,NVIDIA A100-SXM-64GB,135.32,31908,100
1055,2026-05-18 18:09:15.495931,2026/05/18 18:09:15.702,3,NVIDIA A100-SXM-64GB,97.29,31844,100
1056,2026-05-18 18:09:20.775850,2026/05/18 18:09:20.944,0,NVIDIA A100-SXM-64GB,109.44,31880,76
1057,2026-05-18 18:09:20.775850,2026/05/18 18:09:20.947,1,NVIDIA A100-SXM-64GB,102.37,31888,85
1058,2026-05-18 18:09:20.775850,2026/05/18 18:09:20.999,2,NVIDIA A100-SXM-64GB,124.19,31908,93
1059,2026-05-18 18:09:20.775850,2026/05/18 18:09:21.001,3,NVIDIA A100-SXM-64GB,100.36,31844,100
1060,2026-05-18 18:09:26.101501,2026/05/18 18:09:26.263,0,NVIDIA A100-SXM-64GB,95.99,31880,100
1061,2026-05-18 18:09:26.101501,2026/05/18 18:09:26.266,1,NVIDIA A100-SXM-64GB,74.34,31888,0
1062,2026-05-18 18:09:26.101501,2026/05/18 18:09:26.310,2,NVIDIA A100-SXM-64GB,93.79,31908,100
1063,2026-05-18 18:09:26.101501,2026/05/18 18:09:26.316,3,NVIDIA A100-SXM-64GB,94.90,31844,100
1064,2026-05-18 18:09:31.394102,2026/05/18 18:09:31.562,0,NVIDIA A100-SXM-64GB,106.97,31880,100
1065,2026-05-18 18:09:31.394102,2026/05/18 18:09:31.565,1,NVIDIA A100-SXM-64GB,108.78,31888,100
1066,2026-05-18 18:09:31.394102,2026/05/18 18:09:31.628,2,NVIDIA A100-SXM-64GB,99.36,31908,100
1067,2026-05-18 18:09:31.394102,2026/05/18 18:09:31.631,3,NVIDIA A100-SXM-64GB,100.69,31844,100
1068,2026-05-18 18:09:36.700283,2026/05/18 18:09:36.846,0,NVIDIA A100-SXM-64GB,95.89,31880,100
1069,2026-05-18 18:09:36.700283,2026/05/18 18:09:36.849,1,NVIDIA A100-SXM-64GB,92.36,31888,100
1070,2026-05-18 18:09:36.700283,2026/05/18 18:09:36.854,2,NVIDIA A100-SXM-64GB,93.46,31908,100
1071,2026-05-18 18:09:36.700283,2026/05/18 18:09:36.905,3,NVIDIA A100-SXM-64GB,94.56,31844,100
1072,2026-05-18 18:09:41.948495,2026/05/18 18:09:42.098,0,NVIDIA A100-SXM-64GB,104.55,31880,100
1073,2026-05-18 18:09:41.948495,2026/05/18 18:09:42.140,1,NVIDIA A100-SXM-64GB,106.64,31888,100
1074,2026-05-18 18:09:41.948495,2026/05/18 18:09:42.143,2,NVIDIA A100-SXM-64GB,95.69,31908,100
1075,2026-05-18 18:09:41.948495,2026/05/18 18:09:42.192,3,NVIDIA A100-SXM-64GB,115.87,31844,100
1076,2026-05-18 18:09:47.262823,2026/05/18 18:09:47.360,0,NVIDIA A100-SXM-64GB,77.92,31880,0
1077,2026-05-18 18:09:47.262823,2026/05/18 18:09:47.372,1,NVIDIA A100-SXM-64GB,92.36,31888,100
1078,2026-05-18 18:09:47.262823,2026/05/18 18:09:47.387,2,NVIDIA A100-SXM-64GB,93.89,31908,100
1079,2026-05-18 18:09:47.262823,2026/05/18 18:09:47.418,3,NVIDIA A100-SXM-64GB,76.13,31844,0
1080,2026-05-18 18:09:52.475317,2026/05/18 18:09:52.636,0,NVIDIA A100-SXM-64GB,99.06,31880,100
1081,2026-05-18 18:09:52.475317,2026/05/18 18:09:52.639,1,NVIDIA A100-SXM-64GB,99.96,31888,100
1082,2026-05-18 18:09:52.475317,2026/05/18 18:09:52.718,2,NVIDIA A100-SXM-64GB,101.17,31908,100
1083,2026-05-18 18:09:52.475317,2026/05/18 18:09:52.720,3,NVIDIA A100-SXM-64GB,107.35,31844,100
1084,2026-05-18 18:09:57.777479,2026/05/18 18:09:57.940,0,NVIDIA A100-SXM-64GB,107.90,31880,100
1085,2026-05-18 18:09:57.777479,2026/05/18 18:09:57.943,1,NVIDIA A100-SXM-64GB,112.77,31888,100
1086,2026-05-18 18:09:57.777479,2026/05/18 18:09:57.951,2,NVIDIA A100-SXM-64GB,103.90,31908,100
1087,2026-05-18 18:09:57.777479,2026/05/18 18:09:58.002,3,NVIDIA A100-SXM-64GB,101.99,31844,100
1088,2026-05-18 18:10:03.063847,2026/05/18 18:10:03.222,0,NVIDIA A100-SXM-64GB,96.26,31880,100
1089,2026-05-18 18:10:03.063847,2026/05/18 18:10:03.225,1,NVIDIA A100-SXM-64GB,92.36,31888,100
1090,2026-05-18 18:10:03.063847,2026/05/18 18:10:03.227,2,NVIDIA A100-SXM-64GB,93.55,31908,64
1091,2026-05-18 18:10:03.063847,2026/05/18 18:10:03.280,3,NVIDIA A100-SXM-64GB,94.56,31844,100
1092,2026-05-18 18:10:08.325884,2026/05/18 18:10:08.477,0,NVIDIA A100-SXM-64GB,101.81,31880,100
1093,2026-05-18 18:10:08.325884,2026/05/18 18:10:08.480,1,NVIDIA A100-SXM-64GB,98.43,31888,100
1094,2026-05-18 18:10:08.325884,2026/05/18 18:10:08.521,2,NVIDIA A100-SXM-64GB,145.53,31908,100
1095,2026-05-18 18:10:08.325884,2026/05/18 18:10:08.523,3,NVIDIA A100-SXM-64GB,103.69,31844,100
1096,2026-05-18 18:10:13.654051,2026/05/18 18:10:13.819,0,NVIDIA A100-SXM-64GB,104.22,31880,100
1097,2026-05-18 18:10:13.654051,2026/05/18 18:10:13.822,1,NVIDIA A100-SXM-64GB,101.17,31888,100
1098,2026-05-18 18:10:13.654051,2026/05/18 18:10:13.825,2,NVIDIA A100-SXM-64GB,103.20,31908,100
1099,2026-05-18 18:10:13.654051,2026/05/18 18:10:13.844,3,NVIDIA A100-SXM-64GB,102.16,31844,100
1100,2026-05-18 18:10:18.925743,2026/05/18 18:10:19.088,0,NVIDIA A100-SXM-64GB,105.60,31880,100
1101,2026-05-18 18:10:18.925743,2026/05/18 18:10:19.091,1,NVIDIA A100-SXM-64GB,102.80,31888,100
1102,2026-05-18 18:10:18.925743,2026/05/18 18:10:19.155,2,NVIDIA A100-SXM-64GB,106.64,31908,100
1103,2026-05-18 18:10:18.925743,2026/05/18 18:10:19.159,3,NVIDIA A100-SXM-64GB,107.46,31844,100
1104,2026-05-18 18:10:24.234381,2026/05/18 18:10:24.399,0,NVIDIA A100-SXM-64GB,109.11,31880,100
1105,2026-05-18 18:10:24.234381,2026/05/18 18:10:24.401,1,NVIDIA A100-SXM-64GB,105.76,31888,100
1106,2026-05-18 18:10:24.234381,2026/05/18 18:10:24.440,2,NVIDIA A100-SXM-64GB,107.18,31908,100
1107,2026-05-18 18:10:24.234381,2026/05/18 18:10:24.442,3,NVIDIA A100-SXM-64GB,104.73,31844,100
1108,2026-05-18 18:10:29.539480,2026/05/18 18:10:29.705,0,NVIDIA A100-SXM-64GB,100.88,31880,100
1109,2026-05-18 18:10:29.539480,2026/05/18 18:10:29.709,1,NVIDIA A100-SXM-64GB,97.22,31888,100
1110,2026-05-18 18:10:29.539480,2026/05/18 18:10:29.758,2,NVIDIA A100-SXM-64GB,104.39,31908,100
1111,2026-05-18 18:10:29.539480,2026/05/18 18:10:29.796,3,NVIDIA A100-SXM-64GB,118.60,31844,100
1112,2026-05-18 18:10:34.845584,2026/05/18 18:10:35.006,0,NVIDIA A100-SXM-64GB,109.93,31880,100
1113,2026-05-18 18:10:34.845584,2026/05/18 18:10:35.055,1,NVIDIA A100-SXM-64GB,99.03,31888,100
1114,2026-05-18 18:10:34.845584,2026/05/18 18:10:35.088,2,NVIDIA A100-SXM-64GB,94.16,31908,100
1115,2026-05-18 18:10:34.845584,2026/05/18 18:10:35.091,3,NVIDIA A100-SXM-64GB,106.75,31844,100
1116,2026-05-18 18:10:40.163784,2026/05/18 18:10:40.322,0,NVIDIA A100-SXM-64GB,110.04,31880,100
1117,2026-05-18 18:10:40.163784,2026/05/18 18:10:40.325,1,NVIDIA A100-SXM-64GB,106.04,31888,100
1118,2026-05-18 18:10:40.163784,2026/05/18 18:10:40.330,2,NVIDIA A100-SXM-64GB,121.19,31908,100
1119,2026-05-18 18:10:40.163784,2026/05/18 18:10:40.389,3,NVIDIA A100-SXM-64GB,105.82,31844,100
1120,2026-05-18 18:10:45.428473,2026/05/18 18:10:45.600,0,NVIDIA A100-SXM-64GB,109.44,31880,100
1121,2026-05-18 18:10:45.428473,2026/05/18 18:10:45.603,1,NVIDIA A100-SXM-64GB,105.16,31888,100
1122,2026-05-18 18:10:45.428473,2026/05/18 18:10:45.606,2,NVIDIA A100-SXM-64GB,102.70,31908,100
1123,2026-05-18 18:10:45.428473,2026/05/18 18:10:45.655,3,NVIDIA A100-SXM-64GB,107.07,31844,100
1124,2026-05-18 18:10:50.699931,2026/05/18 18:10:50.854,0,NVIDIA A100-SXM-64GB,110.26,31880,100
1125,2026-05-18 18:10:50.699931,2026/05/18 18:10:50.857,1,NVIDIA A100-SXM-64GB,108.17,31888,100
1126,2026-05-18 18:10:50.699931,2026/05/18 18:10:50.860,2,NVIDIA A100-SXM-64GB,97.39,31908,100
1127,2026-05-18 18:10:50.699931,2026/05/18 18:10:50.922,3,NVIDIA A100-SXM-64GB,102.81,31844,100
1128,2026-05-18 18:10:56.000061,2026/05/18 18:10:56.217,0,NVIDIA A100-SXM-64GB,107.30,31880,100
1129,2026-05-18 18:10:56.000061,2026/05/18 18:10:56.220,1,NVIDIA A100-SXM-64GB,107.29,31888,100
1130,2026-05-18 18:10:56.000061,2026/05/18 18:10:56.223,2,NVIDIA A100-SXM-64GB,101.17,31908,100
1131,2026-05-18 18:10:56.000061,2026/05/18 18:10:56.247,3,NVIDIA A100-SXM-64GB,108.99,31844,100
1132,2026-05-18 18:11:01.332498,2026/05/18 18:11:01.486,0,NVIDIA A100-SXM-64GB,130.25,31880,100
1133,2026-05-18 18:11:01.332498,2026/05/18 18:11:01.524,1,NVIDIA A100-SXM-64GB,106.97,31888,100
1134,2026-05-18 18:11:01.332498,2026/05/18 18:11:01.567,2,NVIDIA A100-SXM-64GB,104.61,31908,100
1135,2026-05-18 18:11:01.332498,2026/05/18 18:11:01.570,3,NVIDIA A100-SXM-64GB,111.61,31844,100
1136,2026-05-18 18:11:06.646705,2026/05/18 18:11:06.815,0,NVIDIA A100-SXM-64GB,110.15,31880,100
1137,2026-05-18 18:11:06.646705,2026/05/18 18:11:06.818,1,NVIDIA A100-SXM-64GB,108.17,31888,100
1138,2026-05-18 18:11:06.646705,2026/05/18 18:11:06.822,2,NVIDIA A100-SXM-64GB,105.54,31908,100
1139,2026-05-18 18:11:06.646705,2026/05/18 18:11:06.884,3,NVIDIA A100-SXM-64GB,108.99,31844,100
1140,2026-05-18 18:11:11.936112,2026/05/18 18:11:12.100,0,NVIDIA A100-SXM-64GB,106.09,31880,100
1141,2026-05-18 18:11:11.936112,2026/05/18 18:11:12.103,1,NVIDIA A100-SXM-64GB,103.63,31888,100
1142,2026-05-18 18:11:11.936112,2026/05/18 18:11:12.163,2,NVIDIA A100-SXM-64GB,113.37,31908,100
1143,2026-05-18 18:11:11.936112,2026/05/18 18:11:12.244,3,NVIDIA A100-SXM-64GB,106.15,31844,100
1144,2026-05-18 18:11:17.289747,2026/05/18 18:11:17.452,0,NVIDIA A100-SXM-64GB,98.96,31880,100
1145,2026-05-18 18:11:17.289747,2026/05/18 18:11:17.472,1,NVIDIA A100-SXM-64GB,101.99,31888,100
1146,2026-05-18 18:11:17.289747,2026/05/18 18:11:17.475,2,NVIDIA A100-SXM-64GB,97.73,31908,100
1147,2026-05-18 18:11:17.289747,2026/05/18 18:11:17.480,3,NVIDIA A100-SXM-64GB,103.09,31844,100
1148,2026-05-18 18:11:22.572627,2026/05/18 18:11:22.724,0,NVIDIA A100-SXM-64GB,111.25,31880,100
1149,2026-05-18 18:11:22.572627,2026/05/18 18:11:22.727,1,NVIDIA A100-SXM-64GB,108.17,31888,100
1150,2026-05-18 18:11:22.572627,2026/05/18 18:11:22.735,2,NVIDIA A100-SXM-64GB,107.79,31908,100
1151,2026-05-18 18:11:22.572627,2026/05/18 18:11:22.785,3,NVIDIA A100-SXM-64GB,109.48,31844,100
1152,2026-05-18 18:11:27.853366,2026/05/18 18:11:28.051,0,NVIDIA A100-SXM-64GB,98.73,31880,100
1153,2026-05-18 18:11:27.853366,2026/05/18 18:11:28.054,1,NVIDIA A100-SXM-64GB,99.96,31888,100
1154,2026-05-18 18:11:27.853366,2026/05/18 18:11:28.110,2,NVIDIA A100-SXM-64GB,99.26,31908,100
1155,2026-05-18 18:11:27.853366,2026/05/18 18:11:28.113,3,NVIDIA A100-SXM-64GB,101.28,31844,100
1156,2026-05-18 18:11:33.207499,2026/05/18 18:11:33.361,0,NVIDIA A100-SXM-64GB,135.88,31880,100
1157,2026-05-18 18:11:33.207499,2026/05/18 18:11:33.364,1,NVIDIA A100-SXM-64GB,117.52,31888,100
1158,2026-05-18 18:11:33.207499,2026/05/18 18:11:33.370,2,NVIDIA A100-SXM-64GB,128.93,31908,100
1159,2026-05-18 18:11:33.207499,2026/05/18 18:11:33.389,3,NVIDIA A100-SXM-64GB,110.08,31844,100
1160,2026-05-18 18:11:38.496195,2026/05/18 18:11:38.651,0,NVIDIA A100-SXM-64GB,110.65,31880,99
1161,2026-05-18 18:11:38.496195,2026/05/18 18:11:38.654,1,NVIDIA A100-SXM-64GB,107.90,31888,98
1162,2026-05-18 18:11:38.496195,2026/05/18 18:11:38.702,2,NVIDIA A100-SXM-64GB,108.06,31908,76
1163,2026-05-18 18:11:38.496195,2026/05/18 18:11:38.740,3,NVIDIA A100-SXM-64GB,107.24,31844,91
1164,2026-05-18 18:11:43.811558,2026/05/18 18:11:43.972,0,NVIDIA A100-SXM-64GB,107.90,31880,100
1165,2026-05-18 18:11:43.811558,2026/05/18 18:11:43.975,1,NVIDIA A100-SXM-64GB,103.63,31888,100
1166,2026-05-18 18:11:43.811558,2026/05/18 18:11:44.021,2,NVIDIA A100-SXM-64GB,101.49,31908,100
1167,2026-05-18 18:11:43.811558,2026/05/18 18:11:44.026,3,NVIDIA A100-SXM-64GB,106.75,31844,100
1168,2026-05-18 18:11:49.101247,2026/05/18 18:11:49.267,0,NVIDIA A100-SXM-64GB,108.83,31880,100
1169,2026-05-18 18:11:49.101247,2026/05/18 18:11:49.270,1,NVIDIA A100-SXM-64GB,119.57,31888,100
1170,2026-05-18 18:11:49.101247,2026/05/18 18:11:49.303,2,NVIDIA A100-SXM-64GB,107.90,31908,100
1171,2026-05-18 18:11:49.101247,2026/05/18 18:11:49.367,3,NVIDIA A100-SXM-64GB,116.59,31844,100
1172,2026-05-18 18:11:54.414196,2026/05/18 18:11:54.567,0,NVIDIA A100-SXM-64GB,111.14,31880,100
1173,2026-05-18 18:11:54.414196,2026/05/18 18:11:54.570,1,NVIDIA A100-SXM-64GB,105.33,31888,100
1174,2026-05-18 18:11:54.414196,2026/05/18 18:11:54.580,2,NVIDIA A100-SXM-64GB,105.33,31908,100
1175,2026-05-18 18:11:54.414196,2026/05/18 18:11:54.662,3,NVIDIA A100-SXM-64GB,142.50,31844,100
1176,2026-05-18 18:11:59.703859,2026/05/18 18:11:59.859,0,NVIDIA A100-SXM-64GB,96.92,31880,100
1177,2026-05-18 18:11:59.703859,2026/05/18 18:11:59.861,1,NVIDIA A100-SXM-64GB,114.91,31888,100
1178,2026-05-18 18:11:59.703859,2026/05/18 18:11:59.871,2,NVIDIA A100-SXM-64GB,101.39,31908,100
1179,2026-05-18 18:11:59.703859,2026/05/18 18:11:59.888,3,NVIDIA A100-SXM-64GB,105.54,31844,100
1180,2026-05-18 18:12:04.967997,2026/05/18 18:12:05.114,0,NVIDIA A100-SXM-64GB,111.14,31880,100
1181,2026-05-18 18:12:04.967997,2026/05/18 18:12:05.116,1,NVIDIA A100-SXM-64GB,115.06,31888,100
1182,2026-05-18 18:12:04.967997,2026/05/18 18:12:05.120,2,NVIDIA A100-SXM-64GB,118.33,31908,100
1183,2026-05-18 18:12:04.967997,2026/05/18 18:12:05.177,3,NVIDIA A100-SXM-64GB,109.69,31844,100
1184,2026-05-18 18:12:10.226691,2026/05/18 18:12:10.387,0,NVIDIA A100-SXM-64GB,114.21,31880,100
1185,2026-05-18 18:12:10.226691,2026/05/18 18:12:10.390,1,NVIDIA A100-SXM-64GB,145.53,31888,100
1186,2026-05-18 18:12:10.226691,2026/05/18 18:12:10.395,2,NVIDIA A100-SXM-64GB,164.12,31908,100
1187,2026-05-18 18:12:10.226691,2026/05/18 18:12:10.457,3,NVIDIA A100-SXM-64GB,97.39,31844,100
1188,2026-05-18 18:12:15.499874,2026/05/18 18:12:15.660,0,NVIDIA A100-SXM-64GB,107.41,31880,100
1189,2026-05-18 18:12:15.499874,2026/05/18 18:12:15.680,1,NVIDIA A100-SXM-64GB,103.30,31888,100
1190,2026-05-18 18:12:15.499874,2026/05/18 18:12:15.683,2,NVIDIA A100-SXM-64GB,103.63,31908,100
1191,2026-05-18 18:12:15.499874,2026/05/18 18:12:15.763,3,NVIDIA A100-SXM-64GB,108.56,31844,100
1192,2026-05-18 18:12:20.832307,2026/05/18 18:12:20.989,0,NVIDIA A100-SXM-64GB,109.00,31880,100
1193,2026-05-18 18:12:20.832307,2026/05/18 18:12:20.992,1,NVIDIA A100-SXM-64GB,99.86,31888,100
1194,2026-05-18 18:12:20.832307,2026/05/18 18:12:20.998,2,NVIDIA A100-SXM-64GB,97.12,31908,100
1195,2026-05-18 18:12:20.832307,2026/05/18 18:12:21.054,3,NVIDIA A100-SXM-64GB,126.40,31844,100
1196,2026-05-18 18:12:26.095776,2026/05/18 18:12:26.288,0,NVIDIA A100-SXM-64GB,104.55,31880,100
1197,2026-05-18 18:12:26.095776,2026/05/18 18:12:26.291,1,NVIDIA A100-SXM-64GB,101.27,31888,100
1198,2026-05-18 18:12:26.095776,2026/05/18 18:12:26.294,2,NVIDIA A100-SXM-64GB,102.70,31908,100
1199,2026-05-18 18:12:26.095776,2026/05/18 18:12:26.367,3,NVIDIA A100-SXM-64GB,103.80,31844,100
1200,2026-05-18 18:12:31.451176,2026/05/18 18:12:31.606,0,NVIDIA A100-SXM-64GB,109.11,31880,100
1201,2026-05-18 18:12:31.451176,2026/05/18 18:12:31.639,1,NVIDIA A100-SXM-64GB,104.01,31888,100
1202,2026-05-18 18:12:31.451176,2026/05/18 18:12:31.641,2,NVIDIA A100-SXM-64GB,108.17,31908,100
1203,2026-05-18 18:12:31.451176,2026/05/18 18:12:31.693,3,NVIDIA A100-SXM-64GB,108.39,31844,100
1204,2026-05-18 18:12:36.736736,2026/05/18 18:12:36.905,0,NVIDIA A100-SXM-64GB,109.71,31880,100
1205,2026-05-18 18:12:36.736736,2026/05/18 18:12:36.908,1,NVIDIA A100-SXM-64GB,105.76,31888,100
1206,2026-05-18 18:12:36.736736,2026/05/18 18:12:36.911,2,NVIDIA A100-SXM-64GB,155.43,31908,100
1207,2026-05-18 18:12:36.736736,2026/05/18 18:12:36.926,3,NVIDIA A100-SXM-64GB,126.53,31844,100
1208,2026-05-18 18:12:42.007752,2026/05/18 18:12:42.164,0,NVIDIA A100-SXM-64GB,109.71,31880,100
1209,2026-05-18 18:12:42.007752,2026/05/18 18:12:42.167,1,NVIDIA A100-SXM-64GB,106.53,31888,100
1210,2026-05-18 18:12:42.007752,2026/05/18 18:12:42.180,2,NVIDIA A100-SXM-64GB,112.93,31908,100
1211,2026-05-18 18:12:42.007752,2026/05/18 18:12:42.237,3,NVIDIA A100-SXM-64GB,109.80,31844,100
1212,2026-05-18 18:12:47.276377,2026/05/18 18:12:47.432,0,NVIDIA A100-SXM-64GB,103.62,31880,100
1213,2026-05-18 18:12:47.276377,2026/05/18 18:12:47.460,1,NVIDIA A100-SXM-64GB,104.50,31888,100
1214,2026-05-18 18:12:47.276377,2026/05/18 18:12:47.495,2,NVIDIA A100-SXM-64GB,111.73,31908,100
1215,2026-05-18 18:12:47.276377,2026/05/18 18:12:47.498,3,NVIDIA A100-SXM-64GB,111.94,31844,100
1216,2026-05-18 18:12:52.580443,2026/05/18 18:12:52.740,0,NVIDIA A100-SXM-64GB,96.82,31880,100
1217,2026-05-18 18:12:52.580443,2026/05/18 18:12:52.772,1,NVIDIA A100-SXM-64GB,92.95,31888,100
1218,2026-05-18 18:12:52.580443,2026/05/18 18:12:52.775,2,NVIDIA A100-SXM-64GB,95.00,31908,100
1219,2026-05-18 18:12:52.580443,2026/05/18 18:12:52.825,3,NVIDIA A100-SXM-64GB,95.17,31844,100
1220,2026-05-18 18:12:57.875744,2026/05/18 18:12:58.031,0,NVIDIA A100-SXM-64GB,100.27,31880,97
1221,2026-05-18 18:12:57.875744,2026/05/18 18:12:58.034,1,NVIDIA A100-SXM-64GB,100.89,31888,100
1222,2026-05-18 18:12:57.875744,2026/05/18 18:12:58.074,2,NVIDIA A100-SXM-64GB,103.80,31908,98
1223,2026-05-18 18:12:57.875744,2026/05/18 18:12:58.081,3,NVIDIA A100-SXM-64GB,103.69,31844,100
1224,2026-05-18 18:13:03.144480,2026/05/18 18:13:03.301,0,NVIDIA A100-SXM-64GB,109.00,31880,100
1225,2026-05-18 18:13:03.144480,2026/05/18 18:13:03.304,1,NVIDIA A100-SXM-64GB,133.05,31888,100
1226,2026-05-18 18:13:03.144480,2026/05/18 18:13:03.354,2,NVIDIA A100-SXM-64GB,107.46,31908,100
1227,2026-05-18 18:13:03.144480,2026/05/18 18:13:03.357,3,NVIDIA A100-SXM-64GB,119.68,31844,100
1228,2026-05-18 18:13:08.419941,2026/05/18 18:13:08.582,0,NVIDIA A100-SXM-64GB,108.23,31880,100
1229,2026-05-18 18:13:08.419941,2026/05/18 18:13:08.584,1,NVIDIA A100-SXM-64GB,103.63,31888,100
1230,2026-05-18 18:13:08.419941,2026/05/18 18:13:08.587,2,NVIDIA A100-SXM-64GB,107.79,31908,100
1231,2026-05-18 18:13:08.419941,2026/05/18 18:13:08.645,3,NVIDIA A100-SXM-64GB,109.48,31844,100
1232,2026-05-18 18:13:13.695828,2026/05/18 18:13:13.864,0,NVIDIA A100-SXM-64GB,113.40,31880,100
1233,2026-05-18 18:13:13.695828,2026/05/18 18:13:13.866,1,NVIDIA A100-SXM-64GB,125.58,31888,100
1234,2026-05-18 18:13:13.695828,2026/05/18 18:13:13.870,2,NVIDIA A100-SXM-64GB,107.57,31908,100
1235,2026-05-18 18:13:13.695828,2026/05/18 18:13:13.894,3,NVIDIA A100-SXM-64GB,107.18,31844,100
1236,2026-05-18 18:13:18.975923,2026/05/18 18:13:19.149,0,NVIDIA A100-SXM-64GB,111.46,31880,100
1237,2026-05-18 18:13:18.975923,2026/05/18 18:13:19.152,1,NVIDIA A100-SXM-64GB,157.39,31888,100
1238,2026-05-18 18:13:18.975923,2026/05/18 18:13:19.155,2,NVIDIA A100-SXM-64GB,101.06,31908,100
1239,2026-05-18 18:13:18.975923,2026/05/18 18:13:19.208,3,NVIDIA A100-SXM-64GB,121.66,31844,100
1240,2026-05-18 18:13:24.312695,2026/05/18 18:13:24.427,0,NVIDIA A100-SXM-64GB,95.56,31880,98
1241,2026-05-18 18:13:24.312695,2026/05/18 18:13:24.471,1,NVIDIA A100-SXM-64GB,89.80,31888,63
1242,2026-05-18 18:13:24.312695,2026/05/18 18:13:24.478,2,NVIDIA A100-SXM-64GB,97.39,31908,98
1243,2026-05-18 18:13:24.312695,2026/05/18 18:13:24.482,3,NVIDIA A100-SXM-64GB,99.75,31844,98
1244,2026-05-18 18:13:29.560274,2026/05/18 18:13:29.723,0,NVIDIA A100-SXM-64GB,97.52,31880,100
1245,2026-05-18 18:13:29.560274,2026/05/18 18:13:29.726,1,NVIDIA A100-SXM-64GB,99.96,31888,100
1246,2026-05-18 18:13:29.560274,2026/05/18 18:13:29.737,2,NVIDIA A100-SXM-64GB,96.29,31908,100
1247,2026-05-18 18:13:29.560274,2026/05/18 18:13:29.775,3,NVIDIA A100-SXM-64GB,97.63,31844,100
1248,2026-05-18 18:13:34.854964,2026/05/18 18:13:35.018,0,NVIDIA A100-SXM-64GB,104.44,31880,100
1249,2026-05-18 18:13:34.854964,2026/05/18 18:13:35.021,1,NVIDIA A100-SXM-64GB,106.26,31888,100
1250,2026-05-18 18:13:34.854964,2026/05/18 18:13:35.059,2,NVIDIA A100-SXM-64GB,108.88,31908,100
1251,2026-05-18 18:13:34.854964,2026/05/18 18:13:35.062,3,NVIDIA A100-SXM-64GB,121.81,31844,100
1252,2026-05-18 18:13:40.126907,2026/05/18 18:13:40.285,0,NVIDIA A100-SXM-64GB,105.05,31880,100
1253,2026-05-18 18:13:40.126907,2026/05/18 18:13:40.288,1,NVIDIA A100-SXM-64GB,116.32,31888,100
1254,2026-05-18 18:13:40.126907,2026/05/18 18:13:40.294,2,NVIDIA A100-SXM-64GB,100.13,31908,100
1255,2026-05-18 18:13:40.126907,2026/05/18 18:13:40.352,3,NVIDIA A100-SXM-64GB,108.16,31844,100
1256,2026-05-18 18:13:45.390727,2026/05/18 18:13:45.542,0,NVIDIA A100-SXM-64GB,96.16,31880,100
1257,2026-05-18 18:13:45.390727,2026/05/18 18:13:45.545,1,NVIDIA A100-SXM-64GB,83.40,31888,0
1258,2026-05-18 18:13:45.390727,2026/05/18 18:13:45.548,2,NVIDIA A100-SXM-64GB,92.86,31908,100
1259,2026-05-18 18:13:45.390727,2026/05/18 18:13:45.592,3,NVIDIA A100-SXM-64GB,94.90,31844,100
1260,2026-05-18 18:13:50.634419,2026/05/18 18:13:50.791,0,NVIDIA A100-SXM-64GB,96.08,31880,100
1261,2026-05-18 18:13:50.634419,2026/05/18 18:13:50.794,1,NVIDIA A100-SXM-64GB,92.36,31888,100
1262,2026-05-18 18:13:50.634419,2026/05/18 18:13:50.797,2,NVIDIA A100-SXM-64GB,92.95,31908,100
1263,2026-05-18 18:13:50.634419,2026/05/18 18:13:50.854,3,NVIDIA A100-SXM-64GB,94.66,31844,100
1264,2026-05-18 18:13:55.895848,2026/05/18 18:13:56.012,0,NVIDIA A100-SXM-64GB,102.41,31880,100
1265,2026-05-18 18:13:55.895848,2026/05/18 18:13:56.043,1,NVIDIA A100-SXM-64GB,99.86,31888,86
1266,2026-05-18 18:13:55.895848,2026/05/18 18:13:56.051,2,NVIDIA A100-SXM-64GB,98.65,31908,87
1267,2026-05-18 18:13:55.895848,2026/05/18 18:13:56.101,3,NVIDIA A100-SXM-64GB,95.67,31844,71
1268,2026-05-18 18:14:01.143643,2026/05/18 18:14:01.247,0,NVIDIA A100-SXM-64GB,78.25,31880,0
1269,2026-05-18 18:14:01.143643,2026/05/18 18:14:01.253,1,NVIDIA A100-SXM-64GB,92.36,31888,100
1270,2026-05-18 18:14:01.143643,2026/05/18 18:14:01.276,2,NVIDIA A100-SXM-64GB,93.46,31908,100
1271,2026-05-18 18:14:01.143643,2026/05/18 18:14:01.303,3,NVIDIA A100-SXM-64GB,76.92,31844,0
1272,2026-05-18 18:14:06.358752,2026/05/18 18:14:06.528,0,NVIDIA A100-SXM-64GB,98.13,31880,100
1273,2026-05-18 18:14:06.358752,2026/05/18 18:14:06.531,1,NVIDIA A100-SXM-64GB,93.55,31888,100
1274,2026-05-18 18:14:06.358752,2026/05/18 18:14:06.534,2,NVIDIA A100-SXM-64GB,106.86,31908,100
1275,2026-05-18 18:14:06.358752,2026/05/18 18:14:06.619,3,NVIDIA A100-SXM-64GB,115.55,31844,100
1276,2026-05-18 18:14:11.704497,2026/05/18 18:14:11.901,0,NVIDIA A100-SXM-64GB,113.28,31880,96
1277,2026-05-18 18:14:11.704497,2026/05/18 18:14:11.904,1,NVIDIA A100-SXM-64GB,109.92,31888,62
1278,2026-05-18 18:14:11.704497,2026/05/18 18:14:11.909,2,NVIDIA A100-SXM-64GB,109.59,31908,85
1279,2026-05-18 18:14:11.704497,2026/05/18 18:14:11.969,3,NVIDIA A100-SXM-64GB,107.68,31844,100
1280,2026-05-18 18:14:17.010195,2026/05/18 18:14:17.166,0,NVIDIA A100-SXM-64GB,95.89,31880,100
1281,2026-05-18 18:14:17.010195,2026/05/18 18:14:17.197,1,NVIDIA A100-SXM-64GB,92.26,31888,100
1282,2026-05-18 18:14:17.010195,2026/05/18 18:14:17.199,2,NVIDIA A100-SXM-64GB,74.87,31908,0
1283,2026-05-18 18:14:17.010195,2026/05/18 18:14:17.256,3,NVIDIA A100-SXM-64GB,94.56,31844,100
1284,2026-05-18 18:14:22.292506,2026/05/18 18:14:22.450,0,NVIDIA A100-SXM-64GB,109.44,31880,100
1285,2026-05-18 18:14:22.292506,2026/05/18 18:14:22.453,1,NVIDIA A100-SXM-64GB,104.12,31888,100
1286,2026-05-18 18:14:22.292506,2026/05/18 18:14:22.455,2,NVIDIA A100-SXM-64GB,150.23,31908,100
1287,2026-05-18 18:14:22.292506,2026/05/18 18:14:22.509,3,NVIDIA A100-SXM-64GB,108.77,31844,100
1288,2026-05-18 18:14:27.553116,2026/05/18 18:14:27.711,0,NVIDIA A100-SXM-64GB,110.26,31880,100
1289,2026-05-18 18:14:27.553116,2026/05/18 18:14:27.736,1,NVIDIA A100-SXM-64GB,105.93,31888,100
1290,2026-05-18 18:14:27.553116,2026/05/18 18:14:27.739,2,NVIDIA A100-SXM-64GB,106.15,31908,100
1291,2026-05-18 18:14:27.553116,2026/05/18 18:14:27.788,3,NVIDIA A100-SXM-64GB,107.24,31844,100
1292,2026-05-18 18:14:32.883507,2026/05/18 18:14:33.069,0,NVIDIA A100-SXM-64GB,108.51,31880,100
1293,2026-05-18 18:14:32.883507,2026/05/18 18:14:33.107,1,NVIDIA A100-SXM-64GB,104.34,31888,100
1294,2026-05-18 18:14:32.883507,2026/05/18 18:14:33.109,2,NVIDIA A100-SXM-64GB,101.49,31908,100
1295,2026-05-18 18:14:32.883507,2026/05/18 18:14:33.177,3,NVIDIA A100-SXM-64GB,146.72,31844,100
1296,2026-05-18 18:14:38.216961,2026/05/18 18:14:38.383,0,NVIDIA A100-SXM-64GB,98.40,31880,100
1297,2026-05-18 18:14:38.216961,2026/05/18 18:14:38.387,1,NVIDIA A100-SXM-64GB,107.57,31888,100
1298,2026-05-18 18:14:38.216961,2026/05/18 18:14:38.394,2,NVIDIA A100-SXM-64GB,97.22,31908,100
1299,2026-05-18 18:14:38.216961,2026/05/18 18:14:38.475,3,NVIDIA A100-SXM-64GB,100.69,31844,100
1300,2026-05-18 18:14:43.525610,2026/05/18 18:14:43.675,0,NVIDIA A100-SXM-64GB,105.49,31880,100
1301,2026-05-18 18:14:43.525610,2026/05/18 18:14:43.677,1,NVIDIA A100-SXM-64GB,107.57,31888,100
1302,2026-05-18 18:14:43.525610,2026/05/18 18:14:43.692,2,NVIDIA A100-SXM-64GB,97.22,31908,100
1303,2026-05-18 18:14:43.525610,2026/05/18 18:14:43.747,3,NVIDIA A100-SXM-64GB,109.48,31844,100
1304,2026-05-18 18:14:48.819200,2026/05/18 18:14:48.982,0,NVIDIA A100-SXM-64GB,98.63,31880,100
1305,2026-05-18 18:14:48.819200,2026/05/18 18:14:48.985,1,NVIDIA A100-SXM-64GB,105.65,31888,100
1306,2026-05-18 18:14:48.819200,2026/05/18 18:14:49.038,2,NVIDIA A100-SXM-64GB,98.93,31908,100
1307,2026-05-18 18:14:48.819200,2026/05/18 18:14:49.041,3,NVIDIA A100-SXM-64GB,103.09,31844,100
1308,2026-05-18 18:14:54.136782,2026/05/18 18:14:54.300,0,NVIDIA A100-SXM-64GB,107.19,31880,100
1309,2026-05-18 18:14:54.136782,2026/05/18 18:14:54.354,1,NVIDIA A100-SXM-64GB,106.64,31888,100
1310,2026-05-18 18:14:54.136782,2026/05/18 18:14:54.403,2,NVIDIA A100-SXM-64GB,94.76,31908,100
1311,2026-05-18 18:14:54.136782,2026/05/18 18:14:54.407,3,NVIDIA A100-SXM-64GB,106.53,31844,100
1312,2026-05-18 18:14:59.474511,2026/05/18 18:14:59.638,0,NVIDIA A100-SXM-64GB,103.24,31880,100
1313,2026-05-18 18:14:59.474511,2026/05/18 18:14:59.691,1,NVIDIA A100-SXM-64GB,97.39,31888,100
1314,2026-05-18 18:14:59.474511,2026/05/18 18:14:59.693,2,NVIDIA A100-SXM-64GB,99.26,31908,100
1315,2026-05-18 18:14:59.474511,2026/05/18 18:14:59.809,3,NVIDIA A100-SXM-64GB,99.43,31844,100
1316,2026-05-18 18:15:04.903822,2026/05/18 18:15:05.071,0,NVIDIA A100-SXM-64GB,110.26,31880,100
1317,2026-05-18 18:15:04.903822,2026/05/18 18:15:05.074,1,NVIDIA A100-SXM-64GB,106.53,31888,100
1318,2026-05-18 18:15:04.903822,2026/05/18 18:15:05.125,2,NVIDIA A100-SXM-64GB,95.59,31908,100
1319,2026-05-18 18:15:04.903822,2026/05/18 18:15:05.127,3,NVIDIA A100-SXM-64GB,100.03,31844,100
1320,2026-05-18 18:15:10.214086,2026/05/18 18:15:10.368,0,NVIDIA A100-SXM-64GB,109.11,31880,100
1321,2026-05-18 18:15:10.214086,2026/05/18 18:15:10.371,1,NVIDIA A100-SXM-64GB,109.70,31888,100
1322,2026-05-18 18:15:10.214086,2026/05/18 18:15:10.376,2,NVIDIA A100-SXM-64GB,107.29,31908,100
1323,2026-05-18 18:15:10.214086,2026/05/18 18:15:10.444,3,NVIDIA A100-SXM-64GB,104.12,31844,100
1324,2026-05-18 18:15:15.490722,2026/05/18 18:15:15.662,0,NVIDIA A100-SXM-64GB,110.54,31880,100
1325,2026-05-18 18:15:15.490722,2026/05/18 18:15:15.665,1,NVIDIA A100-SXM-64GB,98.10,31888,100
1326,2026-05-18 18:15:15.490722,2026/05/18 18:15:15.668,2,NVIDIA A100-SXM-64GB,109.59,31908,100
1327,2026-05-18 18:15:15.490722,2026/05/18 18:15:15.711,3,NVIDIA A100-SXM-64GB,115.87,31844,100
1328,2026-05-18 18:15:20.772260,2026/05/18 18:15:20.884,0,NVIDIA A100-SXM-64GB,78.00,31880,0
1329,2026-05-18 18:15:20.772260,2026/05/18 18:15:20.887,1,NVIDIA A100-SXM-64GB,74.75,31888,0
1330,2026-05-18 18:15:20.772260,2026/05/18 18:15:20.889,2,NVIDIA A100-SXM-64GB,74.67,31908,0
1331,2026-05-18 18:15:20.772260,2026/05/18 18:15:20.902,3,NVIDIA A100-SXM-64GB,76.40,31844,0
1332,2026-05-18 18:15:25.949939,2026/05/18 18:15:26.047,0,NVIDIA A100-SXM-64GB,77.92,31880,0
1333,2026-05-18 18:15:25.949939,2026/05/18 18:15:26.055,1,NVIDIA A100-SXM-64GB,74.67,31888,0
1334,2026-05-18 18:15:25.949939,2026/05/18 18:15:26.063,2,NVIDIA A100-SXM-64GB,74.60,31908,0
1335,2026-05-18 18:15:25.949939,2026/05/18 18:15:26.081,3,NVIDIA A100-SXM-64GB,75.71,31844,0
1336,2026-05-18 18:15:31.133343,2026/05/18 18:15:31.281,0,NVIDIA A100-SXM-64GB,80.72,168,18
1337,2026-05-18 18:15:31.133343,2026/05/18 18:15:31.284,1,NVIDIA A100-SXM-64GB,75.54,31888,0
1338,2026-05-18 18:15:31.133343,2026/05/18 18:15:31.287,2,NVIDIA A100-SXM-64GB,75.19,31908,2
1339,2026-05-18 18:15:31.133343,2026/05/18 18:15:31.290,3,NVIDIA A100-SXM-64GB,76.65,31844,0
1340,2026-05-18 18:15:36.338335,2026/05/18 18:15:36.383,0,NVIDIA A100-SXM-64GB,64.19,0,0
1341,2026-05-18 18:15:36.338335,2026/05/18 18:15:36.388,1,NVIDIA A100-SXM-64GB,60.93,0,0
1342,2026-05-18 18:15:36.338335,2026/05/18 18:15:36.391,2,NVIDIA A100-SXM-64GB,61.86,0,0
1343,2026-05-18 18:15:36.338335,2026/05/18 18:15:36.394,3,NVIDIA A100-SXM-64GB,62.73,0,0
