Supercomputer,Partition,Model,Dataset/Model Type,Dataset,Framework,Benchmark Type,Concurrency Level,Number of Nodes,GPUs per Node,Total Used GPUs,Tensor,Pipeline,Max Model Length,Additional Arguments,GPU Memory Usage Avg (GB),GPU Memory Usage Peak (GB),Power Usage Avg (W),Power Usage Peak (W),TTFT (ms),ITL (ms),TPOT (ms),Output Throughput (tokens/s),Request Throughput (requests/s),Latency Score,Latency Score Scaled,Throughput Score,Energy Score (Tokens/Watt),Global Score
ADASTRA,MI250,Mistral-7B-Instruct-v0.3,Text Generation,sonnet,sglang,benchmark_serving.py,1000,1,8,8,8,1,4096,,55.71,56.05,101.16,394.5,1987.6,84.4,84.4,10140.76,67.62,0.0004637358560563,4.637358560563903,134.34417433520304,100.2447607750099,79.33204463256394
ADASTRA,MI250,Mistral-7B-Instruct-v0.3,Text Generation,sonnet,sglang,benchmark_serving.py,1000,1,8,8,8,1,32768,,56.14,56.47,101.41,400.0,1934.45,84.94,84.94,10101.76,67.36,0.0004752106371149,4.752106371149012,133.82761804364586,99.6130559116458,78.99328419275692
ADASTRA,MI250,Mistral-7B-Instruct-v0.3,Text Generation,sonnet,sglang,benchmark_serving.py,1000,1,8,8,8,1,16384,,55.84,56.17,102.2,398.0,2009.37,84.89,84.89,10067.82,67.13,0.0004588945230938,4.58894523093867,133.37071354076735,98.5109589041096,78.42979083169512
ADASTRA,MI250,Mistral-7B-Instruct-v0.3,Text Generation,sonnet,sglang,benchmark_serving.py,1000,2,8,16,16,1,16384,,54.74,55.22,93.2,344.0,1865.2,90.51,90.51,9654.59,64.37,0.0004887060042419,4.887060042419681,127.8873373900088,103.59002145922749,78.29210199397849
ADASTRA,MI250,Mistral-7B-Instruct-v0.3,Text Generation,sonnet,sglang,benchmark_serving.py,1000,2,8,16,16,1,32768,,54.92,55.27,92.25,339.5,2027.46,90.74,90.74,9520.15,63.47,0.0004527058227022,4.527058227022917,126.0993070468153,103.19945799457994,77.43679075137058
ADASTRA,MI250,Mistral-7B-Instruct-v0.3,Text Generation,sonnet,sglang,benchmark_serving.py,1000,2,8,16,16,1,4096,,54.56,55.05,92.66,339.0,1980.67,93.68,93.68,9290.17,61.95,0.0004612482299599,4.612482299599176,123.07926577075574,100.26084610403626,75.49866509721228
ADASTRA,MI250,Mistral-7B-Instruct-v0.3,Text Generation,sonnet,sglang,benchmark_serving.py,500,1,8,8,8,1,4096,,54.98,55.17,103.22,362.5,910.95,50.42,50.42,8747.39,58.32,0.0009883473843386,9.883473843386474,115.86749615874244,84.74510753729896,69.87376421265951
ADASTRA,MI250,Mistral-7B-Instruct-v0.3,Text Generation,sonnet,sglang,benchmark_serving.py,500,1,8,8,8,1,16384,,55.12,55.29,103.81,365.5,988.21,50.32,50.33,8682.8,57.91,0.0009183917124331,9.18391712433187,115.0526554478984,83.64126770060687,69.00564033875249
ADASTRA,MI250,Mistral-7B-Instruct-v0.3,Text Generation,sonnet,sglang,benchmark_serving.py,500,1,8,8,8,1,32768,,55.39,55.59,103.56,368.0,1006.64,51.17,51.17,8541.74,56.97,0.000901729517214,9.017295172140164,113.18510050926244,82.48107377365778,67.94275813924737
ADASTRA,MI250,Mistral-7B-Instruct-v0.3,Text Generation,sonnet,sglang,benchmark_serving.py,500,2,8,16,16,1,4096,,53.66,53.86,96.21,319.5,1001.72,54.63,54.63,8085.55,53.92,0.000900106212533,9.001062125330787,107.12561284702814,84.04064026608461,66.37607437574911
ADASTRA,MI250,Mistral-7B-Instruct-v0.3,Text Generation,sonnet,sglang,benchmark_serving.py,500,2,8,16,16,1,32768,,54.2,54.39,95.06,317.0,1046.98,54.63,54.64,8046.61,53.65,0.0008648648648648,8.648648648648647,106.58932589818104,84.64769619187881,66.26817412732332
ADASTRA,MI250,Mistral-7B-Instruct-v0.3,Text Generation,sonnet,sglang,benchmark_serving.py,500,2,8,16,16,1,16384,,53.85,54.04,96.12,320.0,981.49,55.33,55.33,7990.42,53.29,0.0009156251430664,9.156251430664287,105.87390191839336,83.12962962962963,65.71173362016108
ADASTRA,MI250,Mistral-7B-Instruct-v0.3,Text Generation,sonnet,sglang,benchmark_serving.py,1000,4,8,32,32,1,16384,,54.8,55.27,93.57,314.0,2127.53,117.61,117.61,7564.26,50.44,0.0004232356364405,4.232356364405883,100.21176787004082,80.84065405578711,61.38001153756375
ADASTRA,MI250,Mistral-7B-Instruct-v0.3,Text Generation,sonnet,sglang,benchmark_serving.py,1000,4,8,32,32,1,32768,,54.88,55.3,95.12,315.5,2235.95,119.45,119.45,7399.08,49.34,0.0004040648928217,4.040648928217872,98.02632160914663,77.78679562657695,59.59454458320856
ADASTRA,MI250,Mistral-7B-Instruct-v0.3,Text Generation,sonnet,sglang,benchmark_serving.py,1000,4,8,32,32,1,4096,,54.34,54.7,94.37,316.0,2254.04,121.71,121.71,7278.12,48.53,0.0004004068133223,4.004068133223355,96.41709747292418,77.12323831726184,58.82263256761396
ADASTRA,MI250,Mistral-7B-Instruct-v0.3,Text Generation,sonnet,sglang,benchmark_serving.py,300,1,8,8,8,1,4096,,54.55,54.67,106.32,344.5,524.22,36.44,36.44,6710.36,44.75,0.0016747613465081,16.747613465081223,88.90709699768027,63.11474793077502,56.11932089518692
ADASTRA,MI250,Mistral-7B-Instruct-v0.3,Text Generation,sonnet,sglang,benchmark_serving.py,300,1,8,8,8,1,16384,,54.7,54.81,107.37,350.0,557.47,36.35,36.35,6703.08,44.69,0.0015868733833727,15.868733833727406,88.78804262741616,62.4297289745739,55.56081726865246
ADASTRA,MI250,Llama-3.1-8B-Instruct,Text Generation,sonnet,sglang,benchmark_serving.py,1000,1,8,8,8,1,32768,,61.5,63.22,112.67,395.0,1815.54,124.06,124.06,7286.3,48.58,0.0004845759475882,4.845759475882655,96.5164948847152,64.66938847963078,55.15737079608513
ADASTRA,MI250,Llama-3.1-8B-Instruct,Text Generation,sonnet,sglang,benchmark_serving.py,1000,1,8,8,8,1,16384,,60.97,63.18,113.5,396.5,1823.99,123.56,123.56,7296.48,48.64,0.0004828328770562,4.828328770562645,96.63580369006904,64.28616740088106,55.06937860489671
ADASTRA,MI250,Llama-3.1-8B-Instruct,Text Generation,sonnet,sglang,benchmark_serving.py,1000,1,8,8,8,1,4096,,60.5,62.88,113.51,394.0,2235.24,121.57,121.57,7261.33,48.41,0.0004034893761247,4.034893761247266,96.17879303504638,63.97083957360584,54.54332217429372
ADASTRA,MI250,Mistral-7B-Instruct-v0.3,Text Generation,sonnet,sglang,benchmark_serving.py,250,1,8,8,8,1,4096,,54.33,54.48,105.02,330.5,454.02,36.16,36.16,6360.58,42.41,0.0018999126040202,18.999126040202157,84.2581974358854,60.56541611121691,54.48842313745919
ADASTRA,MI250,Mistral-7B-Instruct-v0.3,Text Generation,sonnet,sglang,benchmark_serving.py,300,1,8,8,8,1,32768,,54.98,55.07,106.87,349.0,580.96,36.74,36.74,6566.42,43.79,0.0015280239594156,15.280239594156836,86.99981749445176,61.44306166370356,54.43699914251207
ADASTRA,MI250,Llama-3.1-8B-Instruct,Text Generation,sonnet,sglang,benchmark_serving.py,1000,2,8,16,16,1,4096,,60.12,61.2,105.56,353.0,2159.87,126.78,126.78,6992.88,46.62,0.00041434804407,4.143480440700579,92.62250603025782,66.24554755589239,54.09901061801142
ADASTRA,MI250,Llama-3.1-8B-Instruct,Text Generation,sonnet,sglang,benchmark_serving.py,1000,2,8,16,16,1,16384,,61.05,62.48,105.38,355.0,2141.18,128.55,128.55,6929.12,46.19,0.0004169654919358,4.169654919358874,91.76826629927558,65.75365344467642,53.66006231663216
ADASTRA,MI250,Llama-3.1-8B-Instruct,Text Generation,sonnet,sglang,benchmark_serving.py,1000,2,8,16,16,1,32768,,61.91,63.61,105.78,359.5,1916.89,129.98,129.98,6917.85,46.12,0.0004593793784597,4.593793784597009,91.62912591524662,65.39846851956892,53.643302624208886
ADASTRA,MI250,Mistral-7B-Instruct-v0.3,Text Generation,sonnet,sglang,benchmark_serving.py,500,4,8,32,32,1,32768,,54.17,54.39,96.87,297.5,1034.02,70.46,70.46,6412.59,42.75,0.000851107290585,8.511072905850511,84.93378272871763,66.19789408485599,52.95457702290709
ADASTRA,MI250,Mistral-7B-Instruct-v0.3,Text Generation,sonnet,sglang,benchmark_serving.py,500,4,8,32,32,1,16384,,53.8,54.02,95.84,295.5,1041.76,71.08,71.08,6376.18,42.52,0.000844651665653,8.446516656530848,84.47666150466605,66.52942404006677,52.88329626762832
ADASTRA,MI250,Mistral-7B-Instruct-v0.3,Text Generation,sonnet,sglang,benchmark_serving.py,250,1,8,8,8,1,16384,,54.5,54.62,106.63,334.5,534.12,35.89,35.89,6295.39,41.98,0.0016504373659019,16.50437365901964,83.40383225218032,59.03957610428586,52.86145436317946
ADASTRA,MI250,Mistral-7B-Instruct-v0.3,Text Generation,sonnet,sglang,benchmark_serving.py,250,1,8,8,8,1,32768,,54.78,54.92,105.66,334.5,502.52,36.63,36.63,6226.9,41.53,0.0017367744624683,17.367744624683038,82.50970562006755,58.9333711906114,52.81701186421085
ADASTRA,MI250,Mistral-7B-Instruct-v0.3,Text Generation,sonnet,sglang,benchmark_serving.py,500,4,8,32,32,1,4096,,53.62,53.83,97.0,299.0,1075.93,70.89,70.89,6372.29,42.49,0.0008212135894424,8.21213589442478,84.41711238733052,65.69371134020618,52.51593204466278
ADASTRA,MI250,Llama-3.1-8B-Instruct,Text Generation,sonnet,sglang,benchmark_serving.py,500,1,8,8,8,1,32768,,59.02,59.48,113.78,373.5,922.3,69.33,69.33,6560.55,43.74,0.0009425426029256,9.425426029256522,86.90062277701313,57.65995781332396,51.20204309439535
ADASTRA,MI250,Mistral-7B-Instruct-v0.3,Text Generation,sonnet,sglang,benchmark_serving.py,250,2,8,16,16,1,32768,,53.53,53.66,96.3,289.5,529.47,39.29,39.29,5823.6,38.83,0.0016446015952635,16.446015952635474,77.14561640821297,60.47352024922119,51.17268148243926
ADASTRA,MI250,Mistral-7B-Instruct-v0.3,Text Generation,sonnet,sglang,benchmark_serving.py,250,2,8,16,16,1,4096,,53.04,53.19,98.2,292.0,552.53,38.94,38.94,5844.9,38.97,0.001586269253343,15.86269253343062,77.4237884249652,59.520366598778,50.76392083746354
ADASTRA,MI250,Llama-3.1-8B-Instruct,Text Generation,sonnet,sglang,benchmark_serving.py,500,1,8,8,8,1,16384,,58.75,59.26,114.85,375.5,1058.5,68.74,68.74,6535.56,43.57,0.0008361343835181,8.36134383518119,86.56291917016384,56.90518067043971,50.48390723635802
ADASTRA,MI250,Llama-3.1-8B-Instruct,Text Generation,sonnet,sglang,benchmark_serving.py,500,1,8,8,8,1,4096,,58.55,59.03,114.6,372.5,1035.88,68.6,68.6,6519.08,43.46,0.0008524567804412,8.524567804412316,86.34437787807771,56.885514834205935,50.45880627899251
ADASTRA,MI250,Mistral-7B-Instruct-v0.3,Text Generation,sonnet,sglang,benchmark_serving.py,300,2,8,16,16,1,16384,,53.47,53.59,98.57,301.5,492.59,41.98,41.98,5721.96,38.15,0.0017344549475327,17.34454947532738,75.79465461597087,58.04971086537486,50.24323686796136
ADASTRA,MI250,Mistral-7B-Instruct-v0.3,Text Generation,sonnet,sglang,benchmark_serving.py,250,2,8,16,16,1,16384,,53.26,53.38,97.4,292.5,553.1,39.77,39.77,5738.34,38.26,0.0015806777946383,15.80677794638341,76.01318713430045,58.91519507186858,50.07165055043046
ADASTRA,MI250,Llama-3.1-8B-Instruct,Text Generation,sonnet,sglang,benchmark_serving.py,500,2,8,16,16,1,16384,,57.48,57.98,106.97,338.5,999.34,72.16,72.16,6240.01,41.6,0.0008743857440148,8.743857440148295,82.64900749966968,58.33420585210807,49.74051995221269
ADASTRA,MI250,Mistral-7B-Instruct-v0.3,Text Generation,sonnet,sglang,benchmark_serving.py,300,2,8,16,16,1,32768,,53.78,53.9,97.25,298.5,574.8,41.49,41.49,5691.06,37.94,0.0015202651342394,15.202651342394114,75.37748870658055,58.5198971722365,49.52361471176707
ADASTRA,MI250,Llama-3.1-8B-Instruct,Text Generation,sonnet,sglang,benchmark_serving.py,500,2,8,16,16,1,32768,,57.74,58.27,107.87,342.5,1021.32,72.92,72.92,6194.98,41.3,0.0008567805613626,8.567805613626238,82.05297837813568,57.43005469546676,49.18868405974842
ADASTRA,MI250,Llama-3.1-8B-Instruct,Text Generation,sonnet,sglang,benchmark_serving.py,500,2,8,16,16,1,4096,,57.28,57.79,106.39,336.0,1089.0,72.64,72.64,6154.56,41.03,0.0008101889360598,8.10188936059889,81.51656155426683,57.84904596296645,48.98196801920361
ADASTRA,MI250,Mistral-7B-Instruct-v0.3,Text Generation,sonnet,sglang,benchmark_serving.py,300,2,8,16,16,1,4096,,53.26,53.38,98.52,301.0,601.52,42.08,42.08,5602.82,37.37,0.001458406253646,14.584062536460154,74.24479792347421,56.869874137231015,48.40017228029161
ADASTRA,MI250,Mistral-7B-Instruct-v0.3,Text Generation,sonnet,vllm,benchmark_serving.py,250,1,8,8,8,1,16384,--disable-log-requests,46.27,46.41,99.7,277.67,367.92,44.73,44.72,5261.87,35.08,0.0021864136257297,21.864136257297154,69.6953528351221,52.77703109327984,48.018876241272096
ADASTRA,MI250,Mistral-7B-Instruct-v0.3,Text Generation,sonnet,vllm,benchmark_serving.py,250,1,8,8,8,1,4096,--disable-log-requests,46.27,46.41,98.8,274.0,384.32,45.16,45.15,5198.3,34.65,0.0021069043254745,21.0690432547458,68.8411297642821,52.61437246963563,47.406058016752894
ADASTRA,MI250,Mistral-7B-Instruct-v0.3,Text Generation,sonnet,vllm,benchmark_serving.py,250,1,8,8,8,1,32768,--disable-log-requests,46.29,46.45,99.88,275.33,387.36,44.93,44.92,5218.48,34.79,0.0020955135055845,20.95513505584543,69.11920354369754,52.24749699639568,47.34447416269123
ADASTRA,MI250,Mistral-7B-Instruct-v0.3,Text Generation,sonnet,vllm,benchmark_serving.py,250,2,8,16,16,1,32768,--disable-log-requests,46.31,46.43,91.41,244.67,380.8,47.05,47.05,5006.17,33.37,0.0021057064645188,21.057064645188458,66.29807200657203,54.76610874083799,47.22590125866672
ADASTRA,MI250,Mistral-7B-Instruct-v0.3,Text Generation,sonnet,vllm,benchmark_serving.py,250,2,8,16,16,1,16384,--disable-log-requests,46.29,46.39,92.8,244.67,378.92,47.76,47.76,4937.22,32.91,0.0021077480819492,21.077480819492457,65.38416910624068,53.202801724137935,46.4218575264734
ADASTRA,MI250,Mistral-7B-Instruct-v0.3,Text Generation,sonnet,vllm,benchmark_serving.py,250,2,8,16,16,1,4096,--disable-log-requests,46.28,46.38,92.39,245.67,381.3,48.19,48.19,4898.62,32.65,0.0020934516831351,20.93451683135153,64.86764788786661,53.02110618032255,46.139489982237386
ADASTRA,MI250,Llama-3.1-8B-Instruct,Text Generation,sonnet,sglang,benchmark_serving.py,1000,4,8,32,32,1,32768,,61.29,62.63,104.7,335.5,2189.36,154.71,154.71,5862.12,39.08,0.0004001952953041,4.001952953041084,77.64239463160035,55.98968481375358,45.67577731917923
ADASTRA,MI250,Llama-3.1-8B-Instruct,Text Generation,sonnet,sglang,benchmark_serving.py,1000,4,8,32,32,1,16384,,60.23,61.32,104.87,334.5,2316.27,154.8,154.8,5822.28,38.82,0.0003808261642807,3.808261642807907,77.12576465168655,55.51902355297034,45.28365647707862
ADASTRA,MI250,Llama-3.1-8B-Instruct,Text Generation,sonnet,sglang,benchmark_serving.py,1000,4,8,32,32,1,4096,,60.05,61.19,104.06,331.5,2241.59,155.98,155.98,5791.86,38.61,0.0003916116778602,3.9161167786023374,76.70864084713583,55.65885066307899,45.22324980493625
ADASTRA,MI250,Mistral-7B-Instruct-v0.3,Text Generation,sonnet,vllm,benchmark_serving.py,250,4,8,32,32,1,4096,--disable-log-requests,46.24,46.38,87.63,228.33,382.1,50.57,50.57,4679.55,31.19,0.0020693651187815,20.693651187815576,61.966979497913286,53.40123245463883,45.19300881863224
ADASTRA,MI250,Mistral-7B-Instruct-v0.3,Text Generation,sonnet,vllm,benchmark_serving.py,250,4,8,32,32,1,16384,--disable-log-requests,46.24,46.37,87.77,229.0,383.26,50.82,50.81,4658.07,31.05,0.0020623234135577,20.623234135577142,61.68879171358379,53.0713227754358,44.96891207685417
ADASTRA,MI250,Llama-3.1-8B-Instruct,Text Generation,sonnet,sglang,benchmark_serving.py,300,1,8,8,8,1,4096,,57.04,57.28,116.69,358.5,553.21,46.6,46.6,5408.4,36.06,0.0015470057703315,15.47005770331523,71.64233147088967,46.34844459679493,44.449714590204046
ADASTRA,MI250,Mistral-7B-Instruct-v0.3,Text Generation,sonnet,vllm,benchmark_serving.py,250,4,8,32,32,1,32768,--disable-log-requests,46.25,46.38,86.91,224.33,376.83,52.59,52.58,4518.15,30.12,0.0020746887966804,20.746887966804984,59.84107275953274,51.98653779772178,44.035598742225794
ADASTRA,MI250,Llama-3.1-8B-Instruct,Text Generation,sonnet,sglang,benchmark_serving.py,300,1,8,8,8,1,16384,,57.23,57.47,116.91,361.5,615.48,46.66,46.66,5347.58,35.65,0.0014108352144469,14.108352144469526,70.82782158666822,45.74099734838765,43.515418220070885
ADASTRA,MI250,Mistral-7B-Instruct-v0.3,Text Generation,sonnet,vllm,benchmark_serving.py,300,1,8,8,8,1,32768,--disable-log-requests,46.42,46.45,99.52,276.67,1251.9,45.02,45.02,5283.66,35.22,0.000745189799842,7.451897998420197,69.97356781878892,53.091438906752416,43.31391882801188
ADASTRA,MI250,Mistral-7B-Instruct-v0.3,Text Generation,sonnet,vllm,benchmark_serving.py,300,1,8,8,8,1,4096,--disable-log-requests,46.38,46.41,98.56,274.67,1257.65,45.27,45.27,5258.27,35.05,0.0007417352153628,7.417352153628198,69.63582912047637,53.35095373376624,43.27038682800075
ADASTRA,MI250,Mistral-7B-Instruct-v0.3,Text Generation,sonnet,vllm,benchmark_serving.py,300,1,8,8,8,1,16384,--disable-log-requests,46.38,46.41,99.25,277.0,1258.0,45.25,45.24,5266.79,35.11,0.000741570200743,7.415702007430534,69.75499232350667,53.06589420654912,43.219122218614366
ADASTRA,MI250,Llama-3.1-8B-Instruct,Text Generation,sonnet,sglang,benchmark_serving.py,300,1,8,8,8,1,32768,,57.52,57.73,115.74,360.0,635.96,46.96,46.96,5292.81,35.29,0.0013700882336822,13.700882336822488,70.11252224995776,45.73017107309487,43.13021230289565
ADASTRA,MI250,Llama-3.1-8B-Instruct,Text Generation,sonnet,sglang,benchmark_serving.py,250,1,8,8,8,1,32768,,56.64,56.95,114.27,342.5,476.89,45.75,45.75,5079.57,33.86,0.0017593553721916,17.59355372191629,67.27157317104175,44.45234969808349,43.07889504699246
ADASTRA,MI250,Llama-3.1-8B-Instruct,Text Generation,sonnet,sglang,benchmark_serving.py,250,1,8,8,8,1,16384,,56.39,56.7,114.91,343.5,496.78,45.84,45.84,5052.96,33.69,0.001699350847976,16.99350847976073,66.93372746306508,43.97319641458533,42.60668307322808
ADASTRA,MI250,Mistral-7B-Instruct-v0.3,Text Generation,sonnet,vllm,benchmark_serving.py,300,2,8,16,16,1,4096,--disable-log-requests,46.37,46.38,92.3,245.67,1315.2,47.58,47.58,5019.36,33.46,0.0007090388269661,7.090388269661648,66.47685276736554,54.38093174431202,42.414760110769095
ADASTRA,MI250,Mistral-7B-Instruct-v0.3,Text Generation,sonnet,vllm,benchmark_serving.py,300,2,8,16,16,1,32768,--disable-log-requests,46.42,46.43,91.13,244.0,1318.08,47.94,47.93,4985.31,33.23,0.0007072385869373,7.072385869373033,66.01993858771674,54.70547569406343,42.357142537510825
ADASTRA,MI250,Llama-3.1-8B-Instruct,Text Generation,sonnet,sglang,benchmark_serving.py,250,1,8,8,8,1,4096,,56.17,56.45,114.53,341.5,539.73,45.54,45.54,5049.81,33.67,0.0015852633915124,15.852633915125,66.89397920322298,44.09159172269275,42.2431578115
ADASTRA,MI250,Llama-3.1-8B-Instruct,Text Generation,sonnet,sglang,benchmark_serving.py,500,4,8,32,32,1,32768,,57.72,58.23,105.88,318.0,1040.38,87.98,87.98,5228.04,34.85,0.0008221385467879,8.221385467879045,69.23845795751004,49.377030600680015,42.13699655684989
ADASTRA,MI250,Mistral-7B-Instruct-v0.3,Text Generation,sonnet,vllm,benchmark_serving.py,500,1,8,8,8,1,16384,--disable-log-requests,46.38,46.41,98.87,280.67,5390.4,44.85,44.85,5349.91,35.66,0.0001824784219266,1.824784219266072,70.8477619267784,54.11054920602811,42.02404143558413
ADASTRA,MI250,Mistral-7B-Instruct-v0.3,Text Generation,sonnet,vllm,benchmark_serving.py,300,2,8,16,16,1,16384,--disable-log-requests,46.38,46.39,92.5,245.33,1310.97,48.08,48.07,4972.19,33.14,0.0007106714423787,7.106714423787595,65.84116395921947,53.7534054054054,42.003368379952136
ADASTRA,MI250,Mistral-7B-Instruct-v0.3,Text Generation,sonnet,vllm,benchmark_serving.py,500,1,8,8,8,1,32768,--disable-log-requests,46.42,46.45,99.2,278.0,5388.35,44.86,44.86,5350.27,35.66,0.0001825460426756,1.8254604267561387,70.84779349156041,53.93417338709678,41.9678418160986
ADASTRA,MI250,Mistral-7B-Instruct-v0.3,Text Generation,sonnet,sglang,benchmark_serving.py,250,4,8,32,32,1,4096,,53.03,53.21,98.15,276.0,557.14,49.47,49.47,4695.53,31.31,0.0015242043653213,15.242043653213022,62.20521291179731,47.840346408558325,41.64097808284218
ADASTRA,MI250,Llama-3.1-8B-Instruct,Text Generation,sonnet,sglang,benchmark_serving.py,500,4,8,32,32,1,4096,,57.22,57.8,105.22,314.5,1059.79,89.28,89.28,5144.95,34.3,0.0008075261436589,8.07526143658901,68.1456909784235,48.89707279984793,41.56218711705559
ADASTRA,MI250,Mistral-7B-Instruct-v0.3,Text Generation,sonnet,sglang,benchmark_serving.py,250,4,8,32,32,1,16384,,53.19,53.38,96.67,273.5,589.57,49.37,49.37,4684.4,31.24,0.0014528337522337,14.52833752233732,62.06608477322273,48.457639391745104,41.54854818584885
ADASTRA,MI250,Mistral-7B-Instruct-v0.3,Text Generation,sonnet,vllm,benchmark_serving.py,500,1,8,8,8,1,4096,--disable-log-requests,46.38,46.41,98.11,277.0,5483.2,45.5,45.5,5262.89,35.08,0.0001793979405116,1.7939794051164293,69.6954422920477,53.64274793599022,41.47208271655268
ADASTRA,MI250,Llama-3.1-8B-Instruct,Text Generation,sonnet,sglang,benchmark_serving.py,500,4,8,32,32,1,16384,,57.44,57.97,106.51,316.5,1160.04,87.98,87.98,5184.48,34.56,0.0007485029940119,7.485029940119761,68.66229375517337,48.67599286451976,41.46640777304599
ADASTRA,MI250,Mistral-7B-Instruct-v0.3,Text Generation,sonnet,vllm,benchmark_serving.py,500,2,8,16,16,1,32768,--disable-log-requests,46.42,46.43,90.76,245.67,5686.62,47.32,47.31,5074.16,33.82,0.0001729729729729,1.7297297297297296,67.19215470694874,55.90744821507271,41.323824137293954
ADASTRA,MI250,Mistral-7B-Instruct-v0.3,Text Generation,sonnet,vllm,benchmark_serving.py,500,2,8,16,16,1,4096,--disable-log-requests,46.37,46.38,92.03,247.33,5677.49,47.24,47.24,5083.99,33.89,0.0001732510737235,1.732510737235294,67.33116880427052,55.2427469303488,41.1593300618236
ADASTRA,MI250,Mistral-7B-Instruct-v0.3,Text Generation,sonnet,sglang,benchmark_serving.py,300,4,8,32,32,1,32768,,53.77,53.91,98.22,283.0,602.38,51.89,51.89,4675.58,31.17,0.0014161096635323,14.16109663532344,61.92715933499762,47.60313581755244,41.103010491525936
ADASTRA,MI250,Mistral-7B-Instruct-v0.3,Text Generation,sonnet,vllm,benchmark_serving.py,300,4,8,32,32,1,32768,--disable-log-requests,46.35,46.38,87.2,225.0,1366.67,50.57,50.56,4739.62,31.59,0.0006812917291184,6.812917291184085,62.76168762221742,54.35344036697247,41.0484665879877
ADASTRA,MI250,Mistral-7B-Instruct-v0.3,Text Generation,sonnet,vllm,benchmark_serving.py,500,2,8,16,16,1,16384,--disable-log-requests,46.38,46.39,92.23,246.0,5673.4,47.43,47.42,5070.22,33.8,0.0001733628050101,1.7336280501018506,67.15233717736216,54.973652824460586,41.01279708116515
ADASTRA,MI250,Mistral-7B-Instruct-v0.3,Text Generation,sonnet,sglang,benchmark_serving.py,250,4,8,32,32,1,32768,,53.55,53.74,97.95,275.5,656.94,49.12,49.12,4673.47,31.16,0.0013241876109007,13.241876109007125,61.907238273785616,47.71281265952017,40.81879894119599
ADASTRA,MI250,Mistral-7B-Instruct-v0.3,Text Generation,sonnet,vllm,benchmark_serving.py,1000,1,8,8,8,1,16384,--disable-log-requests,46.38,46.41,98.29,280.67,11526.14,45.01,45.01,5199.63,34.66,8.608696849905648e-05,0.8608696849905648,68.86098240640086,52.900905483772505,40.63371946588029
ADASTRA,MI250,Mistral-7B-Instruct-v0.3,Text Generation,sonnet,vllm,benchmark_serving.py,300,4,8,32,32,1,16384,--disable-log-requests,46.34,46.37,87.4,229.33,1381.28,51.17,51.17,4693.34,31.29,0.0006740270419649,6.740270419649236,62.16554887895983,53.69954233409611,40.61183210843784
ADASTRA,MI250,Mistral-7B-Instruct-v0.3,Text Generation,sonnet,vllm,benchmark_serving.py,1000,1,8,8,8,1,4096,--disable-log-requests,46.38,46.41,97.56,277.0,11530.12,45.19,45.19,5179.67,34.53,8.605481691837699e-05,0.86054816918377,68.60266391776304,53.09214842148421,40.60697960443687
ADASTRA,MI250,Llama-3.1-8B-Instruct,Text Generation,sonnet,sglang,benchmark_serving.py,250,2,8,16,16,1,4096,,54.95,55.29,106.39,305.0,542.99,49.27,49.27,4698.31,31.32,0.0015587735569653,15.587735569653796,62.22519275292147,44.16119936084219,40.58797942514509
ADASTRA,MI250,Mistral-7B-Instruct-v0.3,Text Generation,sonnet,vllm,benchmark_serving.py,300,4,8,32,32,1,4096,--disable-log-requests,46.35,46.38,87.37,227.33,1386.86,50.86,50.85,4689.83,31.26,0.0006717856734987,6.717856734987271,62.10603305592565,53.67780702758383,40.57702077773722
ADASTRA,MI250,Llama-3.1-8B-Instruct,Text Generation,sonnet,sglang,benchmark_serving.py,250,2,8,16,16,1,32768,,55.39,55.7,107.33,311.0,528.88,49.42,49.42,4696.61,31.31,0.0015930669725355,15.930669725355257,62.20530766172017,43.758594987421965,40.56898270758067
ADASTRA,MI250,Llama-3.1-8B-Instruct,Text Generation,sonnet,sglang,benchmark_serving.py,250,2,8,16,16,1,16384,,55.15,55.45,106.2,306.0,542.08,49.78,49.78,4661.17,31.07,0.0015585063275356,15.585063275356898,61.72853558215267,43.89048964218456,40.33158029705231
ADASTRA,MI250,Mistral-7B-Instruct-v0.3,Text Generation,sonnet,vllm,benchmark_serving.py,1000,1,8,8,8,1,32768,--disable-log-requests,46.42,46.45,98.41,277.0,11724.31,45.59,45.58,5128.86,34.19,8.463473341751669e-05,0.8463473341751669,67.92718389324139,52.11726450563967,40.06052525912633
ADASTRA,MI250,Mistral-7B-Instruct-v0.3,Text Generation,sonnet,vllm,benchmark_serving.py,1000,2,8,16,16,1,32768,--disable-log-requests,46.42,46.43,90.1,246.0,12155.48,47.68,47.68,4922.39,32.81,8.162705577739976e-05,0.8162705577739976,65.18550851630611,54.632519422863496,39.92301110050356
ADASTRA,MI250,Mistral-7B-Instruct-v0.3,Text Generation,sonnet,vllm,benchmark_serving.py,1000,2,8,16,16,1,16384,--disable-log-requests,46.38,46.39,91.68,247.0,12048.41,47.38,47.38,4958.43,33.05,8.235081943182877e-05,0.8235081943182877,65.6623332157997,54.084096858638745,39.91209707420451
ADASTRA,MI250,Mistral-7B-Instruct-v0.3,Text Generation,sonnet,vllm,benchmark_serving.py,1000,2,8,16,16,1,4096,--disable-log-requests,46.37,46.38,91.35,247.33,12122.26,47.62,47.61,4937.22,32.91,8.184987260067329e-05,0.8184987260067329,65.38416910624068,54.047290640394095,39.80404006789023
ADASTRA,MI250,Llama-3.1-8B-Instruct,Text Generation,sonnet,sglang,benchmark_serving.py,300,2,8,16,16,1,32768,,56.25,56.47,108.23,323.5,619.62,51.89,51.89,4685.91,31.24,0.0013823610727121,13.823610727121926,62.06621727102169,43.29585142751547,39.65721397617378
ADASTRA,MI250,Mistral-7B-Instruct-v0.3,Text Generation,sonnet,sglang,benchmark_serving.py,300,4,8,32,32,1,4096,,53.24,53.36,97.91,283.0,713.47,52.97,52.97,4551.07,30.35,0.0012203902808118,12.203902808118036,60.2978877727866,46.48217750995812,39.52490560069418
ADASTRA,MI250,Llama-3.1-8B-Instruct,Text Generation,sonnet,sglang,benchmark_serving.py,300,2,8,16,16,1,16384,,56.02,56.28,107.25,319.0,655.4,51.87,51.87,4669.1,31.13,0.0013172800800906,13.17280080090629,61.84764703003895,43.53473193473194,39.4380664816356
ADASTRA,MI250,Llama-3.1-8B-Instruct,Text Generation,sonnet,sglang,benchmark_serving.py,300,2,8,16,16,1,4096,,55.84,56.06,107.12,317.0,656.4,52.01,52.01,4664.72,31.1,0.0013150627284921,13.150627284921493,61.78805490840792,43.54667662434653,39.41408846552289
ADASTRA,MI250,Mistral-7B-Instruct-v0.3,Text Generation,sonnet,vllm,benchmark_serving.py,500,4,8,32,32,1,4096,--disable-log-requests,46.35,46.38,87.3,227.67,6060.31,50.7,50.7,4751.9,31.68,0.0001622926103305,1.622926103305738,62.940388579264905,54.431844215349365,39.36971714098581
ADASTRA,MI250,Llama-3.1-8B-Instruct,Text Generation,sonnet,vllm,benchmark_serving.py,250,1,8,8,8,1,32768,--disable-log-requests,50.04,50.43,110.66,291.0,324.35,56.31,56.31,4256.69,28.38,0.0022884866237956,22.884866237956835,56.3840787665079,38.466383517079336,39.2606840269834
ADASTRA,MI250,Llama-3.1-8B-Instruct,Text Generation,sonnet,vllm,benchmark_serving.py,250,1,8,8,8,1,4096,--disable-log-requests,49.88,50.22,113.16,300.33,324.34,55.99,55.99,4277.66,28.52,0.0022918958562522,22.91895856252292,56.662221830021046,37.801873453517146,39.15420083859044
ADASTRA,MI250,Mistral-7B-Instruct-v0.3,Text Generation,sonnet,vllm,benchmark_serving.py,500,4,8,32,32,1,16384,--disable-log-requests,46.34,46.37,87.29,228.33,6085.25,51.02,51.01,4722.91,31.48,0.0001616219081728,1.6162190817289663,62.543126163398455,54.10596861037919,39.12808733866467
ADASTRA,MI250,Mistral-7B-Instruct-v0.3,Text Generation,sonnet,vllm,benchmark_serving.py,500,4,8,32,32,1,32768,--disable-log-requests,46.35,46.38,87.06,224.33,6118.8,51.37,51.36,4695.31,31.3,0.0001607321671678,1.6073216716788314,62.18545765358259,53.93188605559385,38.94774850837892
ADASTRA,MI250,Mistral-7B-Instruct-v0.3,Text Generation,sonnet,sglang,benchmark_serving.py,300,4,8,32,32,1,16384,,53.4,53.53,96.03,280.5,764.46,53.71,53.71,4467.98,29.79,0.001146946827545,11.469468275450748,59.185384846268256,46.526918671248566,38.911264036184
ADASTRA,MI250,Llama-3.1-8B-Instruct,Text Generation,sonnet,vllm,benchmark_serving.py,250,1,8,8,8,1,16384,--disable-log-requests,49.93,50.27,113.0,294.33,332.45,56.32,56.32,4252.14,28.35,0.0022467366150666,22.46736615066616,56.32447173104015,37.629557522123896,38.8306832868598
ADASTRA,MI250,Mistral-7B-Instruct-v0.3,Text Generation,sharegpt,sglang,benchmark_serving.py,1000,1,8,8,8,1,16384,,56.42,56.67,107.52,339.5,1635.2,50.93,72.07,6163.57,26.95,0.0005687635081333,5.687635081333181,53.66535008367633,57.32486979166666,38.52397328943657
ADASTRA,MI250,Llama-3.1-8B-Instruct,Text Generation,sonnet,vllm,benchmark_serving.py,250,2,8,16,16,1,32768,--disable-log-requests,49.95,50.24,104.19,269.0,339.23,58.57,58.57,4063.18,27.09,0.0021912045051164,21.912045051164625,53.821163981839824,38.99779249448124,38.22858466945551
ADASTRA,MI250,Mistral-7B-Instruct-v0.3,Text Generation,sharegpt,sglang,benchmark_serving.py,1000,1,8,8,8,1,4096,,56.59,56.96,106.03,338.5,1750.2,52.45,78.9,6077.88,26.64,0.0005314767080332,5.314767080332704,53.0474871734387,57.32226728284448,38.18629197679251
ADASTRA,MI250,Mistral-7B-Instruct-v0.3,Text Generation,sharegpt,sglang,benchmark_serving.py,1000,1,8,8,8,1,32768,,56.77,57.01,107.13,341.5,1707.96,51.37,73.02,6113.56,26.64,0.0005457472644418,5.45747264441837,53.048838278883416,57.066741342294414,38.15350294345682
ADASTRA,MI250,Llama-3.1-8B-Instruct,Text Generation,sonnet,vllm,benchmark_serving.py,250,2,8,16,16,1,16384,--disable-log-requests,49.99,50.32,105.41,270.33,348.75,58.6,58.6,4082.07,27.21,0.0021461530207103,21.461530207103767,54.05965263987852,38.72564272839389,38.06940784106003
ADASTRA,MI250,Llama-3.1-8B-Instruct,Text Generation,sonnet,vllm,benchmark_serving.py,250,2,8,16,16,1,4096,--disable-log-requests,50.06,50.42,105.15,269.0,359.25,58.41,58.41,4093.45,27.29,0.0021005314344529,21.005314344529168,54.21853866053185,38.92962434617213,38.03358981249583
ADASTRA,MI250,Mistral-7B-Instruct-v0.3,Text Generation,sonnet,vllm,benchmark_serving.py,1000,4,8,32,32,1,32768,--disable-log-requests,46.35,46.38,86.35,224.33,13039.74,51.31,51.31,4595.64,30.63,7.60898347024431e-05,0.760898347024431,60.85440460673502,53.221077012159824,37.97994764816936
ADASTRA,MI250,Mistral-7B-Instruct-v0.3,Text Generation,sonnet,vllm,benchmark_serving.py,1000,4,8,32,32,1,4096,--disable-log-requests,46.35,46.38,86.5,227.0,12952.61,51.39,51.38,4594.56,30.63,7.65967746630125e-05,0.765967746630125,60.85430989862038,53.11630057803469,37.94811058435627
ADASTRA,MI250,Mistral-7B-Instruct-v0.3,Text Generation,sonnet,vllm,benchmark_serving.py,1000,4,8,32,32,1,16384,--disable-log-requests,46.34,46.37,86.28,229.33,13313.64,51.89,51.88,4555.99,30.37,7.453003224914497e-05,0.7453003224914497,60.33779132034991,52.80470560964302,37.66575695365183
ADASTRA,MI250,Llama-3.1-8B-Instruct,Text Generation,sonnet,vllm,benchmark_serving.py,250,4,8,32,32,1,16384,--disable-log-requests,49.94,50.28,99.7,250.33,340.78,61.7,61.7,3893.19,25.95,0.0021543366797363,21.543366797363092,51.556351903733976,39.04904714142428,37.349599443628776
ADASTRA,MI250,Mistral-7B-Instruct-v0.3,Text Generation,sharegpt,sglang,benchmark_serving.py,500,1,8,8,8,1,4096,,55.57,55.82,107.49,332.0,492.54,58.05,70.39,5375.42,23.36,0.0016103578215079,16.103578215079388,46.51784706915266,50.00855893571495,37.29402345606768
ADASTRA,MI250,Mistral-7B-Instruct-v0.3,Text Generation,sharegpt,sglang,benchmark_serving.py,500,1,8,8,8,1,32768,,56.03,56.25,107.57,332.0,520.96,58.12,72.46,5373.11,23.31,0.0015348251834116,15.348251834116091,46.418623494835465,49.94989309286976,36.98470340156186
ADASTRA,MI250,Llama-3.1-8B-Instruct,Text Generation,sonnet,vllm,benchmark_serving.py,250,4,8,32,32,1,32768,--disable-log-requests,49.9,50.21,99.76,249.67,371.45,62.11,62.11,3860.85,25.74,0.0020174713014707,20.17471301470737,51.13905968985665,38.70138331996792,36.6311253819415
ADASTRA,MI250,Llama-3.1-8B-Instruct,Text Generation,sonnet,vllm,benchmark_serving.py,250,4,8,32,32,1,4096,--disable-log-requests,49.95,50.28,99.72,251.33,332.49,63.93,63.93,3768.16,25.12,0.0021722602367763,21.722602367763656,49.90729880209212,37.78740473325311,36.44613591239196
ADASTRA,MI250,Mistral-7B-Instruct-v0.3,Text Generation,sharegpt,sglang,benchmark_serving.py,300,1,8,8,8,1,32768,,55.4,55.52,108.22,307.5,200.12,54.13,62.65,4246.85,18.54,0.0031555695803092,31.55569580309246,36.918827586691954,39.24274625762337,35.83901675496618
ADASTRA,MI250,Mistral-7B-Instruct-v0.3,Text Generation,sharegpt,sglang,benchmark_serving.py,300,1,8,8,8,1,4096,,54.92,55.07,107.65,302.5,203.22,54.43,62.22,4232.74,18.45,0.0031262700472066,31.26270047206678,36.73985542871525,39.31946121690664,35.703096595676016
ADASTRA,MI250,Mistral-7B-Instruct-v0.3,Text Generation,sharegpt,sglang,benchmark_serving.py,300,1,8,8,8,1,16384,,55.12,55.25,108.97,307.5,202.72,54.63,62.75,4213.95,18.47,0.0031240237425804,31.240237425804438,36.77879629148336,38.67073506469671,35.5011066845808
ADASTRA,MI250,Mistral-7B-Instruct-v0.3,Text Generation,sharegpt,sglang,benchmark_serving.py,500,1,8,8,8,1,16384,,55.72,55.92,107.11,332.5,499.65,60.17,72.72,5006.79,21.87,0.0015809276883675,15.80927688367534,43.54977162902245,46.74437494164877,35.14027647564486
ADASTRA,MI250,Mistral-7B-Instruct-v0.3,Text Generation,sharegpt,sglang,benchmark_serving.py,500,2,8,16,16,1,32768,,54.92,55.15,99.37,288.0,393.3,63.13,76.86,4588.45,20.14,0.0018751523561289,18.75152356128936,40.10397236464949,46.1754050518265,34.786998231403686
ADASTRA,MI250,Llama-3.1-8B-Instruct,Text Generation,sonnet,sglang,benchmark_serving.py,250,4,8,32,32,1,4096,,54.91,55.24,104.46,288.5,568.51,60.29,60.29,3891.71,25.94,0.00145118924959,14.511892495900392,51.53648610774317,37.25550449932989,34.37821016502438
ADASTRA,MI250,Llama-3.1-8B-Instruct,Text Generation,sonnet,sglang,benchmark_serving.py,300,4,8,32,32,1,4096,,55.75,56.05,105.31,300.0,662.4,62.11,62.11,3981.46,26.54,0.0012712618545167,12.712618545167931,52.728517165668656,37.80704586459026,34.348240818353325
ADASTRA,MI250,Llama-3.1-8B-Instruct,Text Generation,sonnet,sglang,benchmark_serving.py,250,4,8,32,32,1,32768,,55.38,55.69,104.78,291.0,606.18,59.95,59.95,3891.74,25.94,0.001377258704275,13.772587042750107,51.53648873823284,37.142011834319526,34.09052955251646
ADASTRA,MI250,Llama-3.1-8B-Instruct,Text Generation,sharegpt,sglang,benchmark_serving.py,500,1,8,8,8,1,16384,,60.22,60.89,115.03,340.5,455.38,74.08,86.94,4593.0,23.23,0.0016223231667748,16.223231667748212,46.22620190068519,39.92871424845693,34.009995972773574
ADASTRA,MI250,Llama-3.1-8B-Instruct,Text Generation,sonnet,sglang,benchmark_serving.py,250,4,8,32,32,1,16384,,55.09,55.42,105.05,290.0,609.6,60.15,60.15,3875.24,25.83,0.0013700506918755,13.700506918755996,51.31794569182301,36.88948119942884,33.910907871414096
ADASTRA,MI250,Llama-3.1-8B-Instruct,Text Generation,sharegpt,sglang,benchmark_serving.py,1000,1,8,8,8,1,32768,,61.34,63.94,114.5,353.5,1553.51,73.95,117.28,5133.88,26.0,0.0005731513004803,5.731513004803008,51.73797840259852,44.83737991266376,33.88758865056892
ADASTRA,MI250,Llama-3.1-8B-Instruct,Text Generation,sonnet,sglang,benchmark_serving.py,300,4,8,32,32,1,32768,,56.22,56.51,105.15,302.5,702.53,62.61,62.61,3943.98,26.29,0.00120809423135,12.080942313500453,52.23183017779647,37.508131241084165,33.868944644187884
ADASTRA,MI250,Llama-3.1-8B-Instruct,Text Generation,sonnet,vllm,benchmark_serving.py,300,1,8,8,8,1,4096,--disable-log-requests,50.44,50.59,113.11,302.33,1411.9,56.11,56.11,4312.17,28.75,0.0006561163163005,6.561163163005538,57.11917634971388,38.12368490849615,33.85089460504337
ADASTRA,MI250,Llama-3.1-8B-Instruct,Text Generation,sharegpt,sglang,benchmark_serving.py,500,1,8,8,8,1,32768,,60.54,61.18,115.44,339.0,449.91,74.6,86.78,4573.34,23.04,0.0016358847682769,16.358847682769227,45.84901753118759,39.61659736659737,33.82798533005648
ADASTRA,MI250,Llama-3.1-8B-Instruct,Text Generation,sonnet,vllm,benchmark_serving.py,300,1,8,8,8,1,32768,--disable-log-requests,50.64,50.8,110.28,292.33,1422.42,56.82,56.82,4268.92,28.46,0.0006510162363449,6.510162363449345,56.54303934024918,38.70982952484584,33.82523402720817
ADASTRA,MI250,Llama-3.1-8B-Instruct,Text Generation,sonnet,vllm,benchmark_serving.py,300,2,8,16,16,1,32768,--disable-log-requests,50.48,50.61,104.23,269.67,1443.65,58.3,58.3,4170.43,27.8,0.0006409229290177,6.409229290177856,55.23182579325097,40.01180082509834,33.76173499239727
ADASTRA,MI250,Llama-3.1-8B-Instruct,Text Generation,sharegpt,sglang,benchmark_serving.py,500,1,8,8,8,1,4096,,59.62,60.14,117.37,348.0,463.15,73.99,87.44,4602.9,23.23,0.0016010759230202,16.010759230202698,46.22670223275178,39.21700604924597,33.71017883316323
ADASTRA,MI250,Llama-3.1-8B-Instruct,Text Generation,sharegpt,sglang,benchmark_serving.py,1000,1,8,8,8,1,4096,,60.36,63.61,116.61,358.5,1543.39,73.62,115.18,5136.56,25.93,0.0005773038754409,5.773038754409158,51.59951914676832,44.04905239687849,33.60236645340146
ADASTRA,MI250,Llama-3.1-8B-Instruct,Text Generation,sharegpt,sglang,benchmark_serving.py,1000,1,8,8,8,1,16384,,61.88,63.94,114.74,354.0,1707.86,73.11,115.4,5130.01,25.85,0.0005273232544281,5.273232544281971,51.44079106104511,44.70986578351055,33.589925076534584
ADASTRA,MI250,Llama-3.1-8B-Instruct,Text Generation,sonnet,vllm,benchmark_serving.py,300,1,8,8,8,1,16384,--disable-log-requests,50.48,50.64,112.8,295.33,1448.98,56.57,56.57,4273.52,28.49,0.0006401556858628,6.401556858628019,56.60265076092338,37.885815602836885,33.544891583555284
ADASTRA,MI250,Llama-3.1-8B-Instruct,Text Generation,sharegpt,sglang,benchmark_serving.py,300,1,8,8,8,1,32768,,58.08,58.31,114.98,321.0,202.25,63.89,72.43,3768.49,18.99,0.0029535989603331,29.535989603331657,37.7895725389969,32.77517829187685,33.378748181792304
ADASTRA,MI250,Mistral-7B-Instruct-v0.3,Text Generation,sharegpt,sglang,benchmark_serving.py,500,2,8,16,16,1,16384,,54.61,54.86,99.02,289.0,513.1,64.38,78.99,4548.18,19.77,0.0015232988560025,15.232988560025593,39.36887163826224,45.93193294283984,33.26285100912661
ADASTRA,MI250,Mistral-7B-Instruct-v0.3,Text Generation,sharegpt,sglang,benchmark_serving.py,500,2,8,16,16,1,4096,,54.35,54.59,99.4,287.5,538.61,63.36,76.23,4565.86,19.99,0.0014744913005013,14.74491300501327,39.80572474023354,45.934205231388326,33.24616250742818
ADASTRA,MI250,Mistral-7B-Instruct-v0.3,Text Generation,sharegpt,sglang,benchmark_serving.py,250,1,8,8,8,1,32768,,55.14,55.29,107.9,302.0,207.01,52.58,58.75,3807.5,16.64,0.0031412954702519,31.41295470251932,33.135188565272195,35.287303058387394,33.23830568973308
ADASTRA,MI250,Llama-3.1-8B-Instruct,Text Generation,sonnet,vllm,benchmark_serving.py,300,2,8,16,16,1,16384,--disable-log-requests,50.64,50.81,105.36,272.0,1473.7,58.84,58.84,4123.91,27.49,0.0006283854264851,6.2838542648518905,54.61592999951823,39.1411351556568,33.231089899696016
ADASTRA,MI250,Llama-3.1-8B-Instruct,Text Generation,sonnet,vllm,benchmark_serving.py,300,2,8,16,16,1,4096,--disable-log-requests,50.66,50.79,104.95,269.33,1470.41,59.1,59.1,4113.35,27.42,0.0006294811187138,6.294811187138442,54.47685188986589,39.19342544068604,33.20426158720101
ADASTRA,MI250,Llama-3.1-8B-Instruct,Text Generation,sharegpt,sglang,benchmark_serving.py,300,1,8,8,8,1,4096,,57.61,57.87,116.61,324.5,203.15,64.02,72.26,3758.46,18.97,0.0029461155466517,29.4611554665174,37.74946786571822,32.23102649858503,33.16554041250732
ADASTRA,MI250,Llama-3.1-8B-Instruct,Text Generation,sharegpt,sglang,benchmark_serving.py,300,1,8,8,8,1,16384,,57.8,58.03,114.3,318.0,204.61,64.71,72.82,3725.81,18.82,0.0029227801484772,29.22780148477232,37.45082649020063,32.59676290463692,33.10169764097462
ADASTRA,MI250,Mistral-7B-Instruct-v0.3,Text Generation,sharegpt,sglang,benchmark_serving.py,300,2,8,16,16,1,32768,,54.24,54.39,99.74,268.0,202.07,58.34,66.28,3650.46,16.04,0.0030610058465211,30.610058465211672,31.93965820264557,36.59975937437337,32.978826666870944
ADASTRA,MI250,Llama-3.1-8B-Instruct,Text Generation,sonnet,sglang,benchmark_serving.py,300,4,8,32,32,1,16384,,55.95,56.23,105.7,301.5,784.7,63.31,63.31,3874.98,25.83,0.0010973093973576,10.97309397357679,51.31792289293762,36.66017029328288,32.91020022846542
ADASTRA,MI250,Mistral-7B-Instruct-v0.3,Text Generation,sharegpt,sglang,benchmark_serving.py,1000,2,8,16,16,1,4096,,55.11,55.34,98.48,291.0,1834.28,58.09,83.25,5027.89,21.87,0.0005061702149198,5.061702149198733,43.55056648236748,51.05493501218522,32.86575053863179
ADASTRA,MI250,Mistral-7B-Instruct-v0.3,Text Generation,sharegpt,sglang,benchmark_serving.py,1000,2,8,16,16,1,16384,,55.36,55.61,98.08,290.5,1860.55,58.54,82.11,4982.71,21.64,0.000499700179892,4.997001798920649,43.09284698312468,50.802508156606855,32.6073511960096
ADASTRA,MI250,Mistral-7B-Instruct-v0.3,Text Generation,sharegpt,sglang,benchmark_serving.py,300,2,8,16,16,1,16384,,53.92,54.05,99.67,275.0,210.68,59.19,67.8,3624.37,15.8,0.0029614712589214,29.61471258921432,31.462841570585997,36.36370021069529,32.402752481754604
ADASTRA,MI250,Mistral-7B-Instruct-v0.3,Text Generation,sharegpt,sglang,benchmark_serving.py,300,2,8,16,16,1,4096,,53.65,53.77,99.84,269.5,202.18,60.21,68.32,3581.8,15.63,0.00302379728463,30.237972846300387,31.12418254142541,35.87540064102564,32.34326103695498
ADASTRA,MI250,Mistral-7B-Instruct-v0.3,Text Generation,sharegpt,sglang,benchmark_serving.py,250,1,8,8,8,1,16384,,54.81,54.96,108.11,303.0,220.47,53.73,59.45,3734.54,16.39,0.0029971527049303,29.97152704930316,32.63676506892957,34.54389048191656,32.340864274412425
ADASTRA,MI250,Llama-3.1-8B-Instruct,Text Generation,sonnet,vllm,benchmark_serving.py,300,4,8,32,32,1,4096,--disable-log-requests,50.58,50.77,99.71,252.67,1524.97,62.06,62.06,3925.01,26.17,0.0006063950421141,6.063950421141357,51.99333449754251,39.36425634339585,32.33603890223919
ADASTRA,MI250,Mistral-7B-Instruct-v0.3,Text Generation,sharegpt,sglang,benchmark_serving.py,1000,2,8,16,16,1,32768,,55.67,55.92,98.55,289.0,1754.33,58.4,85.26,4920.31,21.47,0.0005268731658227,5.268731658227915,42.75344337465447,49.92704211060376,32.30419298657321
ADASTRA,MI250,Llama-3.1-8B-Instruct,Text Generation,sonnet,vllm,benchmark_serving.py,300,4,8,32,32,1,16384,--disable-log-requests,50.57,50.77,99.57,250.33,1544.1,62.2,62.2,3912.62,26.08,0.0005993407252022,5.993407252022776,51.81462391144286,39.29516922767902,32.2291847484356
ADASTRA,MI250,Llama-3.1-8B-Instruct,Text Generation,sonnet,vllm,benchmark_serving.py,500,1,8,8,8,1,32768,--disable-log-requests,50.77,50.8,109.91,293.33,6643.98,56.59,56.59,4273.49,28.49,0.0001479911678871,1.479911678871005,56.60264812946597,38.88172140842507,32.1902211855306
ADASTRA,MI250,Llama-3.1-8B-Instruct,Text Generation,sonnet,vllm,benchmark_serving.py,500,1,8,8,8,1,4096,--disable-log-requests,50.56,50.59,112.72,303.0,6620.01,56.18,56.18,4309.97,28.73,0.0001485361024423,1.4853610244237914,57.079511420471576,38.236071682044006,32.14759956951851
ADASTRA,MI250,Llama-3.1-8B-Instruct,Text Generation,sharegpt,sglang,benchmark_serving.py,500,2,8,16,16,1,16384,,58.46,58.95,108.31,305.0,375.41,79.8,94.27,4059.36,20.51,0.0018199024532285,18.19902453228507,40.81378749813107,37.47908780352692,32.0576641874701
ADASTRA,MI250,Llama-3.1-8B-Instruct,Text Generation,sharegpt,sglang,benchmark_serving.py,500,2,8,16,16,1,4096,,57.77,58.16,107.41,306.0,380.8,79.86,93.57,4046.35,20.43,0.0018043050719015,18.04305071901557,40.65473445822002,37.67200446885765,32.01228839029455
ADASTRA,MI250,Llama-3.1-8B-Instruct,Text Generation,sharegpt,sglang,benchmark_serving.py,500,2,8,16,16,1,32768,,58.2,58.6,108.73,308.0,375.73,80.07,94.54,4042.45,20.43,0.0018170585456263,18.1705854562634,40.6545374217304,37.1787915018854,31.89775505912122
ADASTRA,MI250,Llama-3.1-8B-Instruct,Text Generation,sonnet,vllm,benchmark_serving.py,500,1,8,8,8,1,16384,--disable-log-requests,50.6,50.64,112.23,298.0,6686.31,56.73,56.73,4266.85,28.45,0.0001470637977461,1.4706379774610026,56.52312178427584,38.01880067718079,31.883894535688377
ADASTRA,MI250,Llama-3.1-8B-Instruct,Text Generation,sonnet,vllm,benchmark_serving.py,300,4,8,32,32,1,32768,--disable-log-requests,50.6,50.83,99.57,250.33,1549.3,63.3,63.3,3855.79,25.71,0.0005966943135031,5.966943135031924,51.0794079093134,38.72441498443307,31.787572150096
ADASTRA,MI250,Llama-3.1-8B-Instruct,Text Generation,sonnet,vllm,benchmark_serving.py,1000,1,8,8,8,1,32768,--disable-log-requests,50.77,50.8,109.47,295.33,13823.0,56.39,56.39,4245.35,28.3,7.175773440740311e-05,0.7175773440740311,56.2251962608075,38.78094455101855,31.77044528198566
ADASTRA,MI250,Llama-3.1-8B-Instruct,Text Generation,sonnet,vllm,benchmark_serving.py,500,2,8,16,16,1,32768,--disable-log-requests,50.6,50.61,103.68,269.67,6947.72,58.94,58.94,4113.7,27.42,0.0001415307971014,1.415307971014493,54.476882582489765,39.67689043209876,31.699949726463053
ADASTRA,MI250,Llama-3.1-8B-Instruct,Text Generation,sonnet,vllm,benchmark_serving.py,500,2,8,16,16,1,16384,--disable-log-requests,50.8,50.81,104.74,271.67,6902.3,58.79,58.79,4125.43,27.5,0.0001424525775369,1.4245257753693794,54.6357993031426,39.38734008019859,31.664459352357625
ADASTRA,MI250,Llama-3.1-8B-Instruct,Text Generation,sonnet,vllm,benchmark_serving.py,500,2,8,16,16,1,4096,--disable-log-requests,50.78,50.79,104.51,270.0,6941.86,59.0,59.0,4112.56,27.42,0.0001416458683316,1.4164586833166664,54.47678259315262,39.35087551430485,31.59598219857711
ADASTRA,MI250,Llama-3.1-8B-Instruct,Text Generation,sonnet,vllm,benchmark_serving.py,1000,1,8,8,8,1,4096,--disable-log-requests,50.56,50.59,111.78,304.0,13836.85,56.28,56.28,4252.22,28.35,7.168761976312975e-05,0.7168761976312975,56.32447874932545,38.040973340490254,31.567172150922172
ADASTRA,MI250,Mistral-7B-Instruct-v0.3,Text Generation,sharegpt,sglang,benchmark_serving.py,250,1,8,8,8,1,4096,,54.66,54.81,107.22,300.0,232.56,54.76,61.99,3688.24,15.95,0.0028627866365119,28.627866365119807,31.76264068527802,34.39880619287446,31.540390378855086
ADASTRA,MI250,Llama-3.1-8B-Instruct,Text Generation,sonnet,vllm,benchmark_serving.py,1000,2,8,16,16,1,32768,--disable-log-requests,50.6,50.61,103.25,271.33,14363.21,58.58,58.58,4082.0,27.21,6.905900885129317e-05,0.6905900885129317,54.059646501395655,39.535108958837775,31.266315307397008
ADASTRA,MI250,Llama-3.1-8B-Instruct,Text Generation,sonnet,vllm,benchmark_serving.py,1000,2,8,16,16,1,4096,--disable-log-requests,50.78,50.79,103.98,271.67,14421.01,58.96,58.96,4063.32,27.09,6.878085251115454e-05,0.6878085251115454,53.82117626350414,39.07789959607617,31.03798269887371
ADASTRA,MI250,Llama-3.1-8B-Instruct,Text Generation,sonnet,vllm,benchmark_serving.py,1000,2,8,16,16,1,16384,--disable-log-requests,50.8,50.81,104.25,272.33,14473.64,59.15,59.15,4054.88,27.03,6.853098354296961e-05,0.6853098354296961,53.702020083735306,38.89573141486811,30.938326225273897
ADASTRA,MI250,Llama-3.1-8B-Instruct,Text Generation,sonnet,vllm,benchmark_serving.py,1000,1,8,8,8,1,16384,--disable-log-requests,50.6,50.64,111.62,297.33,14051.91,57.7,57.7,4139.47,27.6,7.058502990334791e-05,0.7058502990334791,54.83439059099079,37.085378964343306,30.75100317119811
ADASTRA,MI250,Llama-3.1-8B-Instruct,Text Generation,sonnet,vllm,benchmark_serving.py,500,4,8,32,32,1,16384,--disable-log-requests,50.72,50.77,99.09,250.67,7311.22,62.27,62.27,3901.6,26.01,0.0001344852442789,1.3448524427899768,51.67550546006351,39.374306186295286,30.62669966658468
ADASTRA,MI250,Mistral-7B-Instruct-v0.3,Text Generation,sharegpt,sglang,benchmark_serving.py,250,2,8,16,16,1,32768,,53.92,54.06,100.11,260.0,216.56,55.85,60.98,3324.59,14.43,0.0029994900866852,29.994900866852632,28.735277836011768,33.20936969333733,30.595259060841844
ADASTRA,MI250,Llama-3.1-8B-Instruct,Text Generation,sonnet,vllm,benchmark_serving.py,500,4,8,32,32,1,4096,--disable-log-requests,50.73,50.77,99.34,252.33,7329.9,62.45,62.45,3890.39,25.94,0.000134141761013,1.341417610130386,51.53637032630039,39.1623716529092,30.51040682731741
ADASTRA,MI250,Llama-3.1-8B-Instruct,Text Generation,sharegpt,sglang,benchmark_serving.py,300,2,8,16,16,1,16384,,56.46,56.67,106.53,287.0,214.62,69.57,77.87,3268.32,16.47,0.0027619731536209,27.619731536209468,32.77483820883527,30.67980850464658,30.35169243480212
ADASTRA,MI250,Mistral-7B-Instruct-v0.3,Text Generation,sharegpt,sglang,benchmark_serving.py,250,2,8,16,16,1,4096,,53.39,53.5,100.03,264.0,228.34,56.29,61.42,3328.87,14.5,0.0028897558156335,28.897558156335787,28.87422869739215,33.27871638508447,30.291596773494533
ADASTRA,MI250,Llama-3.1-8B-Instruct,Text Generation,sharegpt,sglang,benchmark_serving.py,250,1,8,8,8,1,16384,,56.97,57.22,113.16,317.0,229.97,62.48,68.35,3339.89,16.84,0.0027716186252771,27.71618625277162,33.51103460808584,29.514757864969955,30.261977609481924
ADASTRA,MI250,Llama-3.1-8B-Instruct,Text Generation,sonnet,vllm,benchmark_serving.py,500,4,8,32,32,1,32768,--disable-log-requests,50.79,50.83,99.32,250.0,7372.02,63.17,63.17,3846.07,25.64,0.0001333624952656,1.3336249526563142,50.94040349096394,38.724023358840114,30.164857145659724
ADASTRA,MI250,Llama-3.1-8B-Instruct,Text Generation,sharegpt,sglang,benchmark_serving.py,250,1,8,8,8,1,32768,,57.23,57.5,113.36,318.5,233.62,62.41,69.27,3340.98,16.85,0.0027374760470845,27.374760470845885,33.53088929457417,29.472300635144677,30.13905712348912
ADASTRA,MI250,Mistral-7B-Instruct-v0.3,Text Generation,sharegpt,sglang,benchmark_serving.py,250,2,8,16,16,1,16384,,53.6,53.77,99.75,261.5,228.59,56.52,62.07,3305.06,14.34,0.0028803502505904,28.80350250590472,28.55610074109779,33.1334335839599,30.104963850848023
ADASTRA,MI250,Llama-3.1-8B-Instruct,Text Generation,sharegpt,sglang,benchmark_serving.py,300,2,8,16,16,1,4096,,56.25,56.49,106.54,288.5,221.01,70.08,78.02,3244.88,16.41,0.0027092194738695,27.092194738695788,32.65485792431829,30.45691758963769,30.06021153410885
ADASTRA,MI250,Llama-3.1-8B-Instruct,Text Generation,sonnet,vllm,benchmark_serving.py,1000,4,8,32,32,1,4096,--disable-log-requests,50.73,50.77,98.77,252.67,15218.12,62.39,62.39,3852.25,25.68,6.517672669443195e-05,0.6517672669443195,51.01988947711795,39.00222739698289,30.049076060015697
ADASTRA,MI250,Llama-3.1-8B-Instruct,Text Generation,sonnet,vllm,benchmark_serving.py,1000,4,8,32,32,1,16384,--disable-log-requests,50.72,50.77,98.7,251.0,15208.86,62.49,62.49,3843.87,25.63,6.521523636610268e-05,0.6521523636610268,50.92047453159322,38.944984802431605,29.99708828116456
ADASTRA,MI250,Llama-3.1-8B-Instruct,Text Generation,sharegpt,sglang,benchmark_serving.py,1000,2,8,16,16,1,32768,,62.12,63.18,108.16,318.5,1818.7,78.62,104.78,4441.59,22.4,0.0004994755506717,4.994755506717946,44.5751966290247,41.06499630177515,29.99458254272055
ADASTRA,MI250,Llama-3.1-8B-Instruct,Text Generation,sharegpt,sglang,benchmark_serving.py,300,2,8,16,16,1,32768,,56.7,56.92,107.88,289.5,216.0,70.3,78.43,3235.55,16.35,0.0027417541743207,27.417541743207305,32.535589962790986,29.99212087504635,29.98154346005425
ADASTRA,MI250,Llama-3.1-8B-Instruct,Text Generation,sharegpt,sglang,benchmark_serving.py,1000,2,8,16,16,1,4096,,61.66,62.71,106.6,312.5,1814.53,79.52,105.64,4402.86,22.21,0.0005000775120143,5.000775120143622,44.197050261351805,41.30262664165103,29.944101155036776
ADASTRA,MI250,Llama-3.1-8B-Instruct,Text Generation,sharegpt,sglang,benchmark_serving.py,1000,2,8,16,16,1,16384,,62.35,63.35,107.39,314.0,1754.4,80.53,118.63,4393.31,22.2,0.0005118859927516,5.118859927516944,44.1767687084844,40.90986125337555,29.85166933732064
ADASTRA,MI250,Llama-3.1-8B-Instruct,Text Generation,sonnet,vllm,benchmark_serving.py,1000,4,8,32,32,1,32768,--disable-log-requests,50.79,50.83,98.81,250.33,15334.65,63.02,63.02,3813.68,25.42,6.468016627977147e-05,0.6468016627977147,50.50337089422,38.59609351280235,29.741808593482773
ADASTRA,MI250,Llama-3.1-8B-Instruct,Text Generation,sharegpt,vllm,benchmark_serving.py,250,1,8,8,8,1,4096,--disable-log-requests,49.74,50.07,111.2,291.33,194.25,54.9,55.87,2949.39,14.89,0.0032784735427185,32.784735427185105,29.63041082488834,26.523291366906477,29.708602963115048
ADASTRA,MI250,Mistral-7B-Instruct-v0.3,Text Generation,sharegpt,vllm,benchmark_serving.py,250,1,8,8,8,1,16384,--disable-log-requests,46.3,46.39,100.25,270.0,245.13,44.54,43.88,3163.1,13.88,0.0029980512666766,29.9805126667666,27.638718531435515,31.55211970074813,29.68721691162812
ADASTRA,MI250,Llama-3.1-8B-Instruct,Text Generation,sharegpt,sglang,benchmark_serving.py,250,1,8,8,8,1,4096,,56.77,57.03,115.45,321.5,254.22,62.05,67.55,3349.85,16.89,0.0026053879422646,26.053879422646038,33.610535117056855,29.01559116500649,29.57089011630106
ADASTRA,MI250,Llama-3.1-8B-Instruct,Text Generation,sharegpt,vllm,benchmark_serving.py,250,1,8,8,8,1,16384,--disable-log-requests,49.96,50.29,111.37,290.67,198.41,55.23,56.23,2948.01,14.89,0.0032271597766805,32.271597766805435,29.63034115224949,26.47041393553021,29.517191691848343
ADASTRA,MI250,Mistral-7B-Instruct-v0.3,Text Generation,sharegpt,vllm,benchmark_serving.py,250,1,8,8,8,1,32768,--disable-log-requests,46.36,46.48,101.93,274.0,244.14,45.09,44.37,3165.17,13.84,0.0029976019184652,29.97601918465228,27.559493553024367,31.05238889433925,29.498838776998625
ADASTRA,MI250,Llama-3.1-8B-Instruct,Text Generation,sharegpt,vllm,benchmark_serving.py,250,1,8,8,8,1,32768,--disable-log-requests,49.72,50.03,110.96,287.67,195.36,55.92,56.83,2901.45,14.63,0.0032455941060011,32.455941060011035,29.11320231269376,26.148612112472964,29.30106462271098
ADASTRA,MI250,Llama-3.1-8B-Instruct,Text Generation,sharegpt,vllm,benchmark_serving.py,250,2,8,16,16,1,16384,--disable-log-requests,49.76,50.04,104.37,264.0,197.62,57.25,58.29,2838.3,14.35,0.0031932558436581,31.93255843658193,28.55562722380944,27.19459614831848,29.268253891994984
ADASTRA,MI250,Mistral-7B-Instruct-v0.3,Text Generation,sharegpt,vllm,benchmark_serving.py,250,1,8,8,8,1,4096,--disable-log-requests,46.29,46.38,101.2,270.33,247.14,45.25,44.5,3111.9,13.6,0.0029683279408709,29.683279408709076,27.0816445368741,30.75,29.14007414149828
ADASTRA,MI250,Mistral-7B-Instruct-v0.3,Text Generation,sonnet,sglang,benchmark_serving.py,150,1,8,8,8,1,16384,,54.05,54.38,118.89,420.0,1110.43,32.38,32.38,3633.64,24.23,0.0008509262332048,8.509262332048433,48.138997394658645,30.563041466902177,29.040581576489103
ADASTRA,MI250,Mistral-7B-Instruct-v0.3,Text Generation,sonnet,sglang,benchmark_serving.py,150,1,8,8,8,1,4096,,53.86,54.18,118.36,417.0,1116.35,32.38,32.38,3628.12,24.19,0.0008466611915909,8.46661191590961,48.05956931366725,30.65326123690436,29.02794521386553
ADASTRA,MI250,Mistral-7B-Instruct-v0.3,Text Generation,sonnet,sglang,benchmark_serving.py,150,1,8,8,8,1,32768,,54.32,54.64,118.93,420.0,1109.45,32.5,32.5,3630.05,24.21,0.000851462386649,8.514623866490698,48.09921051047271,30.522576305389723,29.01592810589227
ADASTRA,MI250,Mistral-7B-Instruct-v0.3,Text Generation,sharegpt,vllm,benchmark_serving.py,250,2,8,16,16,1,4096,--disable-log-requests,46.34,46.4,94.68,238.67,249.68,47.15,46.55,3020.08,13.14,0.0029122255227444,29.12225522744481,26.166154251917103,31.89776087874947,29.005342704182887
ADASTRA,MI250,Mistral-7B-Instruct-v0.3,Text Generation,sharegpt,vllm,benchmark_serving.py,250,2,8,16,16,1,16384,--disable-log-requests,46.36,46.43,94.39,238.33,248.86,47.26,46.63,3011.24,13.1,0.0029175784099197,29.175784099197667,26.08651408241137,31.902108274181582,28.99785602948518
ADASTRA,MI250,Mistral-7B-Instruct-v0.3,Text Generation,sharegpt,sglang,benchmark_serving.py,500,4,8,32,32,1,16384,,54.69,54.96,97.79,268.0,546.58,73.43,84.28,3855.0,16.88,0.0014198696559655,14.198696559655824,33.61281857908819,39.42120871254729,28.8707019351881
ADASTRA,MI250,Llama-3.1-8B-Instruct,Text Generation,sharegpt,vllm,benchmark_serving.py,250,2,8,16,16,1,32768,--disable-log-requests,49.99,50.31,105.32,265.33,200.43,58.03,59.06,2807.61,14.17,0.0031494079113126,31.494079113126727,28.197686354003498,26.65789973414357,28.825728173750218
ADASTRA,MI250,Mistral-7B-Instruct-v0.3,Text Generation,sharegpt,vllm,benchmark_serving.py,250,2,8,16,16,1,32768,--disable-log-requests,46.33,46.4,95.49,240.0,248.61,47.27,46.58,2994.79,13.05,0.0029200490568241,29.20049056824155,25.986760931432524,31.36234160645094,28.799614823953487
ADASTRA,MI250,Mistral-7B-Instruct-v0.3,Text Generation,sharegpt,sglang,benchmark_serving.py,500,4,8,32,32,1,4096,,54.38,54.64,98.29,269.0,514.38,73.93,86.24,3824.99,16.65,0.0014824697946779,14.824697946779336,33.15567492008621,38.91535252823277,28.766239583768773
ADASTRA,MI250,Mistral-7B-Instruct-v0.3,Text Generation,sharegpt,sglang,benchmark_serving.py,300,4,8,32,32,1,16384,,53.92,54.11,97.81,254.5,216.13,68.67,76.59,3094.18,13.62,0.0027670937214643,27.670937214643462,27.12062011712465,31.63459768939781,28.752200753408463
ADASTRA,MI250,Mistral-7B-Instruct-v0.3,Text Generation,sharegpt,sglang,benchmark_serving.py,500,4,8,32,32,1,32768,,54.95,55.24,97.8,266.5,538.71,73.83,85.96,3822.39,16.71,0.0014316392269148,14.316392269148173,33.27453668828632,39.08374233128834,28.68771339154
ADASTRA,MI250,Mistral-7B-Instruct-v0.3,Text Generation,sharegpt,sglang,benchmark_serving.py,300,4,8,32,32,1,4096,,53.69,53.83,98.26,257.0,228.11,68.47,76.86,3136.11,13.69,0.0026778063410454,26.778063410454152,27.26099809511715,31.916446163240384,28.58654368413117
ADASTRA,MI250,Mistral-7B-Instruct-v0.3,Text Generation,sharegpt,sglang,benchmark_serving.py,300,4,8,32,32,1,32768,,54.16,54.34,97.85,252.0,221.27,68.91,77.17,3093.94,13.52,0.002722199537226,27.221995372260785,26.922353819518197,31.61921308124681,28.52722691120384
ADASTRA,MI250,Llama-3.1-8B-Instruct,Text Generation,sharegpt,sglang,benchmark_serving.py,500,4,8,32,32,1,4096,,58.28,58.8,104.26,285.0,435.09,88.74,102.9,3558.5,17.91,0.0015955834250793,15.955834250793806,35.64062006313594,34.13101860732783,28.464720421081022
ADASTRA,MI250,Llama-3.1-8B-Instruct,Text Generation,sharegpt,vllm,benchmark_serving.py,250,4,8,32,32,1,4096,--disable-log-requests,49.56,49.81,100.17,250.0,203.22,60.32,61.51,2706.48,13.7,0.0030764497769573,30.76449776957391,27.26200177929401,27.0188679245283,28.37504758246415
ADASTRA,MI250,Llama-3.1-8B-Instruct,Text Generation,sharegpt,vllm,benchmark_serving.py,250,2,8,16,16,1,4096,--disable-log-requests,49.84,50.18,105.5,266.67,222.16,57.33,58.94,2833.44,14.3,0.002954820790119,29.54820790119079,28.45638436093183,26.857251184834123,28.315881748268616
ADASTRA,MI250,Llama-3.1-8B-Instruct,Text Generation,sharegpt,vllm,benchmark_serving.py,250,4,8,32,32,1,32768,--disable-log-requests,49.84,50.18,101.93,250.67,207.69,60.27,61.44,2711.8,13.68,0.0030358227079538,30.35822707953856,27.222671969708088,26.60453252231924,28.09095608388602
ADASTRA,MI250,Mistral-7B-Instruct-v0.3,Text Generation,sharegpt,vllm,benchmark_serving.py,250,4,8,32,32,1,4096,--disable-log-requests,46.3,46.38,91.19,221.67,259.37,49.93,49.36,2869.96,12.55,0.0027881559136786,27.88155913678693,24.990718505746727,31.472310560368463,28.047713777779357
ADASTRA,MI250,Mistral-7B-Instruct-v0.3,Text Generation,sharegpt,vllm,benchmark_serving.py,250,4,8,32,32,1,16384,--disable-log-requests,46.37,46.47,91.24,221.67,257.99,49.91,49.34,2856.19,12.56,0.0027992386070988,27.99238607098869,25.010019276688457,31.304142919772037,28.038143552537285
ADASTRA,MI250,Llama-3.1-8B-Instruct,Text Generation,sharegpt,sglang,benchmark_serving.py,250,2,8,16,16,1,16384,,55.66,55.89,106.85,281.5,238.75,66.35,71.91,2966.78,14.96,0.0026524495371475,26.52449537147556,29.769885234795797,27.765839962564343,28.02515819415285
ADASTRA,MI250,Mistral-7B-Instruct-v0.3,Text Generation,sharegpt,vllm,benchmark_serving.py,250,4,8,32,32,1,32768,--disable-log-requests,46.33,46.41,91.15,223.0,262.42,50.0,49.4,2866.86,12.55,0.002763805207009,27.6380520700901,24.99060085225793,31.45211190345584,27.958417802704204
ADASTRA,MI250,Llama-3.1-8B-Instruct,Text Generation,sharegpt,vllm,benchmark_serving.py,250,4,8,32,32,1,16384,--disable-log-requests,49.82,50.16,100.82,248.0,208.51,61.07,62.28,2688.68,13.56,0.0030133188694027,30.1331886940276,26.98391023743265,26.66812140448324,27.953612486131124
ADASTRA,MI250,Llama-3.1-8B-Instruct,Text Generation,sharegpt,sglang,benchmark_serving.py,250,2,8,16,16,1,4096,,55.42,55.68,105.96,283.0,249.94,66.09,72.25,2972.63,15.02,0.0025754610075203,25.754610075203463,29.888978026207884,28.054265760664403,27.89618499789247
ADASTRA,MI250,Llama-3.1-8B-Instruct,Text Generation,sharegpt,sglang,benchmark_serving.py,500,4,8,32,32,1,16384,,59.24,59.85,105.64,287.0,469.82,89.95,104.63,3516.55,17.77,0.0015051173991571,15.051173991571345,35.361310520835694,33.28805376751231,27.792421939822333
ADASTRA,MI250,Llama-3.1-8B-Instruct,Text Generation,sharegpt,sglang,benchmark_serving.py,250,2,8,16,16,1,32768,,55.86,56.14,107.25,285.5,253.29,66.44,73.24,2961.11,14.99,0.00254472351579,25.44723515790009,29.828996942307043,27.60941724941725,27.628932433883943
ADASTRA,MI250,Mistral-7B-Instruct-v0.3,Text Generation,sharegpt,sglang,benchmark_serving.py,1000,4,8,32,32,1,4096,,55.14,55.4,97.31,270.5,1674.28,70.89,101.13,4101.0,17.92,0.0005416237881167,5.41623788116774,35.68407252386548,42.14366457712465,27.460078202391188
ADASTRA,MI250,Mistral-7B-Instruct-v0.3,Text Generation,sharegpt,sglang,benchmark_serving.py,1000,4,8,32,32,1,32768,,55.73,56.02,96.53,268.0,1834.29,70.55,94.18,4093.09,17.96,0.0005002451201088,5.002451201088534,35.76307580788364,42.402258365275046,27.429001859938552
ADASTRA,MI250,Llama-3.1-8B-Instruct,Text Generation,sharegpt,sglang,benchmark_serving.py,500,4,8,32,32,1,32768,,59.51,60.11,106.15,292.0,547.73,88.97,101.97,3537.99,17.84,0.0013537845045825,13.537845045825604,35.500989417379344,33.33009891662741,27.338835370810457
ADASTRA,MI250,Llama-3.1-8B-Instruct,Text Generation,sharegpt,sglang,benchmark_serving.py,300,4,8,32,32,1,16384,,56.7,56.98,105.17,272.0,237.83,77.27,85.34,2907.95,14.69,0.0024972530216761,24.97253021676156,29.232327963758795,27.649995245792525,27.27765026003053
ADASTRA,MI250,Mistral-7B-Instruct-v0.3,Text Generation,sharegpt,sglang,benchmark_serving.py,1000,4,8,32,32,1,16384,,55.46,55.74,96.43,268.5,1925.85,71.24,95.62,4060.56,17.9,0.000477849295889,4.7784929588906255,35.64287696826743,42.10888727574406,27.21810970347184
ADASTRA,MI250,Mistral-7B-Instruct-v0.3,Text Generation,sharegpt,sglang,benchmark_serving.py,250,4,8,32,32,1,32768,,53.94,54.11,98.02,249.5,244.2,63.85,69.39,2895.08,12.68,0.0026494277236117,26.494277236117,25.249411505763888,29.5356049785758,27.04424776538376
ADASTRA,MI250,Llama-3.1-8B-Instruct,Text Generation,sharegpt,sglang,benchmark_serving.py,300,4,8,32,32,1,4096,,56.25,56.53,103.44,268.0,252.21,77.28,85.34,2895.61,14.6,0.0024106260395824,24.10626039582479,29.053508853312994,27.993136117556077,27.03212510232479
ADASTRA,MI250,Llama-3.1-8B-Instruct,Text Generation,sharegpt,sglang,benchmark_serving.py,300,4,8,32,32,1,32768,,56.96,57.25,105.09,275.0,249.46,77.73,85.33,2882.0,14.51,0.0024241248909143,24.241248909143803,28.87462497971697,27.424112665334476,26.83511317511969
ADASTRA,MI250,Mistral-7B-Instruct-v0.3,Text Generation,sharegpt,sglang,benchmark_serving.py,150,1,8,8,8,1,4096,,54.05,54.5,108.48,336.5,232.72,46.07,59.68,2830.24,12.28,0.0029544715927556,29.54471592755636,24.453898090426804,26.089970501474923,26.708319326586253
ADASTRA,MI250,Mistral-7B-Instruct-v0.3,Text Generation,sharegpt,sglang,benchmark_serving.py,250,4,8,32,32,1,16384,,53.62,53.77,97.93,248.0,248.39,64.9,70.33,2856.66,12.53,0.0026067462593191,26.067462593191184,24.9505608203012,29.170427856632283,26.68066487470974
ADASTRA,MI250,Mistral-7B-Instruct-v0.3,Text Generation,sharegpt,sglang,benchmark_serving.py,150,1,8,8,8,1,32768,,54.58,54.98,113.04,338.0,232.67,46.27,60.23,2813.57,12.35,0.0029483739717545,29.48373971754577,24.592054622919264,24.89003892427459,26.350582531525987
ADASTRA,MI250,Llama-3.1-8B-Instruct,Text Generation,sharegpt,sglang,benchmark_serving.py,1000,4,8,32,32,1,4096,,61.85,62.76,103.11,292.5,1899.73,92.04,133.44,3773.03,19.07,0.0004705417346991,4.705417346991592,37.94819867619525,36.5922800892251,26.211759076435555
ADASTRA,MI250,Mistral-7B-Instruct-v0.3,Text Generation,sharegpt,sglang,benchmark_serving.py,150,1,8,8,8,1,16384,,54.32,54.68,113.56,340.0,235.52,46.31,59.95,2810.9,12.28,0.00292585873954,29.258587395400543,24.453171246608434,24.752553716097218,26.182815127434164
ADASTRA,MI250,Llama-3.1-8B-Instruct,Text Generation,sharegpt,sglang,benchmark_serving.py,1000,4,8,32,32,1,32768,,61.34,63.77,105.39,299.0,1787.31,93.11,146.37,3792.92,19.12,0.0004933910271907,4.933910271907795,38.04820012381822,35.98937280576905,26.130516832392946
ADASTRA,MI250,Mistral-7B-Instruct-v0.3,Text Generation,sharegpt,sglang,benchmark_serving.py,250,4,8,32,32,1,4096,,53.48,53.63,98.19,250.5,269.06,64.57,69.98,2832.76,12.47,0.0024776393052699,24.77639305269939,24.830693617036232,28.849781036765457,26.09833939947506
ADASTRA,MI250,Llama-3.1-8B-Instruct,Text Generation,sharegpt,sglang,benchmark_serving.py,1000,4,8,32,32,1,16384,,62.41,63.17,105.14,294.0,1846.44,92.24,138.49,3778.32,19.06,0.0004814242454878,4.814242454878512,37.92866618563325,35.93608521970706,26.03213620808026
ADASTRA,MI250,Mistral-7B-Instruct-v0.3,Text Generation,sonnet,vllm,benchmark_serving.py,150,1,8,8,8,1,32768,--disable-log-requests,46.03,46.13,123.88,402.33,431.23,50.25,50.24,2712.72,18.08,0.0018806890844805,18.806890844805533,35.92059293979786,21.897965773329027,25.614693534230444
ADASTRA,MI250,Llama-3.1-8B-Instruct,Text Generation,sharegpt,sglang,benchmark_serving.py,250,4,8,32,32,1,4096,,55.42,55.7,102.86,260.5,254.12,73.84,79.74,2640.09,13.37,0.0024527839097375,24.52783909737552,26.605265050160924,25.666828699202803,25.59864059390729
ADASTRA,MI250,Llama-3.1-8B-Instruct,Text Generation,sharegpt,sglang,benchmark_serving.py,250,4,8,32,32,1,16384,,55.66,55.93,104.66,266.0,252.04,73.31,78.94,2655.51,13.38,0.0024734720126641,24.734720126641765,26.625843552937745,25.37273074718135,25.581865490155064
ADASTRA,MI250,Llama-3.1-8B-Instruct,Text Generation,sharegpt,sglang,benchmark_serving.py,250,4,8,32,32,1,32768,,55.98,56.24,104.87,269.0,248.97,74.25,80.22,2626.49,13.24,0.0024786833234186,24.786833234186,26.347185204547436,25.04519881758367,25.40002989079614
ADASTRA,MI250,Llama-3.1-8B-Instruct,Text Generation,sonnet,vllm,benchmark_serving.py,150,2,8,16,16,1,4096,--disable-log-requests,48.32,49.33,109.51,320.67,358.16,56.67,56.67,2443.41,16.29,0.0021208907741251,21.208907741251323,32.364230515916574,22.31220893069126,25.354773865258288
ADASTRA,MI250,Llama-3.1-8B-Instruct,Text Generation,sharegpt,sglang,benchmark_serving.py,150,1,8,8,8,1,4096,,55.34,56.05,113.31,325.5,265.31,51.44,65.26,2580.73,13.02,0.002617732520091,26.17732520091097,25.90928547469879,22.77583620157091,24.99771521421001
ADASTRA,MI250,Mistral-7B-Instruct-v0.3,Text Generation,sonnet,vllm,benchmark_serving.py,150,2,8,16,16,1,16384,--disable-log-requests,46.07,46.17,104.31,321.67,512.57,52.93,52.92,2551.3,17.01,0.001617024028977,16.170240289770707,33.79468444229863,24.458824657271595,24.814898299230485
ADASTRA,MI250,Mistral-7B-Instruct-v0.3,Text Generation,sonnet,vllm,benchmark_serving.py,150,2,8,16,16,1,4096,--disable-log-requests,46.07,46.16,104.29,322.67,522.17,53.15,53.15,2546.6,16.98,0.0015911658472162,15.911658472162555,33.73506424609336,24.41844855690862,24.693789262417774
ADASTRA,MI250,Llama-3.1-8B-Instruct,Text Generation,sonnet,vllm,benchmark_serving.py,150,1,8,8,8,1,16384,--disable-log-requests,48.41,49.33,125.29,394.67,376.81,55.06,55.06,2506.8,16.71,0.0020536832809644,20.536832809644096,33.19870180819573,20.007981482959533,24.672635844612596
ADASTRA,MI250,Mistral-7B-Instruct-v0.3,Text Generation,sonnet,vllm,benchmark_serving.py,150,1,8,8,8,1,16384,--disable-log-requests,46.04,46.14,122.12,407.33,503.18,50.5,50.5,2672.73,17.82,0.0016551358866562,16.551358866562943,35.40394982438535,21.88609564362921,24.668355560883768
ADASTRA,MI250,Llama-3.1-8B-Instruct,Text Generation,sonnet,sglang,benchmark_serving.py,150,1,8,8,8,1,32768,,55.33,55.89,123.33,423.5,1164.61,39.19,39.19,3084.71,20.56,0.0008045117016227,8.045117016227001,40.847744382936106,25.01183815778805,24.62736108620763
ADASTRA,MI250,Llama-3.1-8B-Instruct,Text Generation,sonnet,vllm,benchmark_serving.py,150,2,8,16,16,1,16384,--disable-log-requests,48.31,49.34,109.21,322.33,393.76,57.29,57.29,2408.83,16.06,0.0019671873155761,19.67187315576189,31.907269855539838,22.0568629246406,24.595104759727576
ADASTRA,MI250,Mistral-7B-Instruct-v0.3,Text Generation,sonnet,vllm,benchmark_serving.py,150,2,8,16,16,1,32768,--disable-log-requests,46.07,46.16,102.81,319.0,534.07,53.51,53.5,2525.84,16.84,0.001559867723217,15.59867723217071,33.4569396070288,24.568038128586718,24.54068192647558
ADASTRA,MI250,Llama-3.1-8B-Instruct,Text Generation,sharegpt,sglang,benchmark_serving.py,150,1,8,8,8,1,32768,,55.84,56.47,113.91,324.5,285.89,51.33,64.74,2579.9,13.05,0.0024878097323116,24.878097323116727,25.968641894367423,22.64858221402862,24.535437642433774
ADASTRA,MI250,Llama-3.1-8B-Instruct,Text Generation,sonnet,sglang,benchmark_serving.py,150,1,8,8,8,1,4096,,54.87,55.41,124.35,423.0,1174.2,39.3,39.3,3077.38,20.52,0.0007982120051085,7.982120051085569,40.76815752606604,24.747728186570168,24.494367395934
ADASTRA,MI250,Mistral-7B-Instruct-v0.3,Text Generation,sonnet,vllm,benchmark_serving.py,150,1,8,8,8,1,4096,--disable-log-requests,46.04,46.14,120.83,400.0,506.71,51.12,51.11,2636.8,17.58,0.001642197917693,16.421979176930403,34.92713477346875,21.8223951005545,24.441865175313158
ADASTRA,MI250,Llama-3.1-8B-Instruct,Text Generation,sonnet,vllm,benchmark_serving.py,150,4,8,32,32,1,4096,--disable-log-requests,48.29,49.32,101.09,279.33,389.85,60.13,60.14,2302.03,15.35,0.0019603230612404,19.60323061240492,30.496647507098533,22.772084281333463,24.321025530657884
ADASTRA,MI250,Llama-3.1-8B-Instruct,Text Generation,sonnet,vllm,benchmark_serving.py,150,1,8,8,8,1,4096,--disable-log-requests,48.36,49.3,125.1,396.0,410.22,54.57,54.57,2517.26,16.78,0.0019254467036352,19.254467036352438,33.337771148048176,20.121982414068743,24.320395355198208
ADASTRA,MI250,Llama-3.1-8B-Instruct,Text Generation,sonnet,vllm,benchmark_serving.py,150,4,8,32,32,1,16384,--disable-log-requests,48.28,49.32,100.77,277.0,392.43,60.21,60.21,2299.07,15.33,0.0019498878814468,19.498878814468167,30.45691591773246,22.815024312791508,24.2857779890415
ADASTRA,MI250,Llama-3.1-8B-Instruct,Text Generation,sonnet,sglang,benchmark_serving.py,150,1,8,8,8,1,16384,,55.06,55.62,123.66,424.0,1170.62,39.75,39.75,3032.06,20.21,0.000799923207372,7.999232073720924,40.152366992435134,24.51932718744946,24.21772838247689
ADASTRA,MI250,Llama-3.1-8B-Instruct,Text Generation,sharegpt,sglang,benchmark_serving.py,150,1,8,8,8,1,16384,,55.57,56.2,113.91,322.5,310.03,51.01,63.56,2589.31,13.08,0.0023551577955723,23.551577955723037,26.028515941115668,22.73119129137038,24.13121313816368
ADASTRA,MI250,Mistral-7B-Instruct-v0.3,Text Generation,sonnet,vllm,benchmark_serving.py,150,4,8,32,32,1,4096,--disable-log-requests,46.0,46.11,95.35,276.67,545.35,56.33,56.32,2405.82,16.04,0.0015197568389057,15.197568389057748,31.867533878919502,25.23146303093865,24.076202941012635
ADASTRA,MI250,Llama-3.1-8B-Instruct,Text Generation,sharegpt,vllm,benchmark_serving.py,150,1,8,8,8,1,16384,--disable-log-requests,48.28,48.95,115.25,329.67,228.45,50.86,51.96,2222.59,11.22,0.0030186856642617,30.18685664261781,22.32728817580725,19.28494577006508,24.025991884685347
ADASTRA,MI250,Llama-3.1-8B-Instruct,Text Generation,sonnet,vllm,benchmark_serving.py,150,2,8,16,16,1,32768,--disable-log-requests,48.29,49.35,107.18,321.0,447.46,57.12,57.12,2399.52,16.0,0.0017803097739006,17.80309773900659,31.788037358415576,22.387758910244447,24.02506878440176
ADASTRA,MI250,Llama-3.1-8B-Instruct,Text Generation,sonnet,vllm,benchmark_serving.py,150,1,8,8,8,1,32768,--disable-log-requests,48.39,49.34,121.62,384.67,444.47,54.86,54.86,2494.0,16.63,0.0018044353019722,18.044353019722475,33.0396912328778,20.50649564216412,23.93065365137661
ADASTRA,MI250,Mistral-7B-Instruct-v0.3,Text Generation,sharegpt,vllm,benchmark_serving.py,150,2,8,16,16,1,16384,--disable-log-requests,46.08,46.16,97.34,282.0,253.18,46.63,47.01,2257.26,9.88,0.0028833400611268,28.833400611268093,19.673887629347988,23.189439079515104,23.9130985072543
ADASTRA,MI250,Mistral-7B-Instruct-v0.3,Text Generation,sonnet,vllm,benchmark_serving.py,150,4,8,32,32,1,16384,--disable-log-requests,46.01,46.12,95.43,278.33,552.75,56.97,56.96,2379.32,15.86,0.0014999700005999,14.99970000599988,31.509961840028726,24.93262076915016,23.791723673777778
ADASTRA,MI250,Llama-3.1-8B-Instruct,Text Generation,sharegpt,vllm,benchmark_serving.py,150,1,8,8,8,1,32768,--disable-log-requests,48.19,48.81,115.39,327.0,228.72,51.49,52.51,2191.57,11.05,0.0030055301755229,30.055301755229628,21.989129763645117,18.992720339717483,23.772777225127008
ADASTRA,MI250,Mistral-7B-Instruct-v0.3,Text Generation,sonnet,vllm,benchmark_serving.py,150,4,8,32,32,1,32768,--disable-log-requests,46.01,46.12,94.91,271.33,569.31,56.8,56.79,2382.07,15.88,0.0014643432420559,14.643432420559382,31.549675014074523,25.0981982931198,23.737079981573864
ADASTRA,MI250,Mistral-7B-Instruct-v0.3,Text Generation,sharegpt,vllm,benchmark_serving.py,150,2,8,16,16,1,32768,--disable-log-requests,46.08,46.15,99.72,283.67,253.31,46.59,46.91,2256.84,9.81,0.002883423200023,28.83423200023068,19.535085169743898,22.631768953068597,23.68773390277331
ADASTRA,MI250,Llama-3.1-8B-Instruct,Text Generation,sharegpt,vllm,benchmark_serving.py,150,2,8,16,16,1,16384,--disable-log-requests,48.11,48.8,104.25,275.67,240.59,52.92,54.09,2136.08,10.78,0.0028768699654775,28.7686996547756,21.451741054377088,20.489976019184653,23.631742167251005
ADASTRA,MI250,Mistral-7B-Instruct-v0.3,Text Generation,sonnet,sglang,benchmark_serving.py,150,2,8,16,16,1,32768,,53.12,53.41,102.3,323.0,1215.58,44.33,44.33,2747.72,18.32,0.0007667300496841,7.667300496841074,36.397326430565,26.8594330400782,23.57699172814309
ADASTRA,MI250,Mistral-7B-Instruct-v0.3,Text Generation,sharegpt,vllm,benchmark_serving.py,150,2,8,16,16,1,4096,--disable-log-requests,46.08,46.16,97.87,283.67,254.43,47.28,47.56,2219.9,9.69,0.0028631144959486,28.631144959486928,19.29577276539633,22.68212935526719,23.553433420145808
ADASTRA,MI250,Mistral-7B-Instruct-v0.3,Text Generation,sonnet,sglang,benchmark_serving.py,150,2,8,16,16,1,16384,,52.84,53.11,103.58,327.0,1202.91,44.38,44.38,2752.54,18.36,0.0007741915504734,7.741915504734179,36.4766930600166,26.57404904421703,23.53802260616472
ADASTRA,MI250,Mistral-7B-Instruct-v0.3,Text Generation,sonnet,sglang,benchmark_serving.py,150,2,8,16,16,1,4096,,52.64,52.91,102.93,327.0,1188.69,44.6,44.6,2741.17,18.28,0.0007825399682288,7.825399682288773,36.31780796897933,26.63139998056932,23.530738595213336
ADASTRA,MI250,Llama-3.1-8B-Instruct,Text Generation,sharegpt,vllm,benchmark_serving.py,150,2,8,16,16,1,32768,--disable-log-requests,48.2,48.89,105.6,277.33,242.48,53.1,54.27,2124.51,10.73,0.0028583678719451,28.5836787194512,21.35215928888556,20.11846590909091,23.41609401374359
ADASTRA,MI250,Llama-3.1-8B-Instruct,Text Generation,sonnet,vllm,benchmark_serving.py,150,4,8,32,32,1,32768,--disable-log-requests,48.27,49.31,100.53,276.33,457.12,60.3,60.3,2279.5,15.2,0.0017309423250017,17.30942325001731,30.198631629406897,22.674823435790312,23.408682158457133
ADASTRA,MI250,Mistral-7B-Instruct-v0.3,Text Generation,sharegpt,vllm,benchmark_serving.py,150,1,8,8,8,1,16384,--disable-log-requests,46.05,46.15,108.35,332.0,266.92,44.99,45.33,2321.87,10.13,0.0027992386070988,27.99238607098869,20.1719923670669,21.42934933087217,23.233280454818
ADASTRA,MI250,Llama-3.1-8B-Instruct,Text Generation,sharegpt,vllm,benchmark_serving.py,150,1,8,8,8,1,4096,--disable-log-requests,48.08,48.74,113.96,323.67,274.17,50.68,51.89,2217.71,11.19,0.0026543504804374,26.54350480437437,22.267643142357212,19.46042471042471,22.823126209224647
ADASTRA,MI250,Mistral-7B-Instruct-v0.3,Text Generation,sharegpt,vllm,benchmark_serving.py,150,1,8,8,8,1,4096,--disable-log-requests,46.04,46.14,107.3,329.0,289.97,45.05,45.59,2320.35,10.13,0.0026273613410052,26.273613410052285,20.171934966187223,21.62488350419385,22.711449169263467
ADASTRA,MI250,Llama-3.1-8B-Instruct,Text Generation,sharegpt,vllm,benchmark_serving.py,150,4,8,32,32,1,4096,--disable-log-requests,48.1,48.78,99.43,253.0,260.25,56.31,57.74,2024.92,10.2,0.0026716537536735,26.71653753673524,20.297755414914107,20.365282108015688,22.5017498781258
ADASTRA,MI250,Mistral-7B-Instruct-v0.3,Text Generation,sharegpt,vllm,benchmark_serving.py,150,1,8,8,8,1,32768,--disable-log-requests,46.04,46.15,106.26,337.0,313.73,45.72,45.99,2283.72,9.98,0.0024664561957379,24.664561957379632,19.873153071456603,21.491812535290794,22.02020312109737
ADASTRA,MI250,Mistral-7B-Instruct-v0.3,Text Generation,sharegpt,vllm,benchmark_serving.py,300,1,8,8,8,1,16384,--disable-log-requests,46.36,46.39,100.34,271.33,1387.78,44.87,44.21,3202.17,13.95,0.000677112251669,6.771122516690817,27.77898306033357,31.913195136535776,21.95925833987974
ADASTRA,MI250,Mistral-7B-Instruct-v0.3,Text Generation,sharegpt,sglang,benchmark_serving.py,150,2,8,16,16,1,16384,,53.09,53.43,100.38,281.0,265.91,58.44,73.33,2177.75,9.5,0.0025145845906256,25.145845906256284,18.91747628300377,21.695058776648736,21.92394835287601
ADASTRA,MI250,Mistral-7B-Instruct-v0.3,Text Generation,sharegpt,vllm,benchmark_serving.py,300,1,8,8,8,1,4096,--disable-log-requests,46.35,46.38,101.11,273.0,1399.65,44.66,44.04,3205.65,13.97,0.0006718849732925,6.718849732925722,27.818767742777094,31.704579171199686,21.88825527652286
ADASTRA,MI250,Mistral-7B-Instruct-v0.3,Text Generation,sharegpt,sglang,benchmark_serving.py,150,2,8,16,16,1,32768,,53.39,53.69,101.68,281.0,265.73,58.46,72.18,2182.85,9.48,0.0025228952746171,25.228952746171505,18.87801380266657,21.46784028324154,21.86607751724224
ADASTRA,MI250,Mistral-7B-Instruct-v0.3,Text Generation,sharegpt,sglang,benchmark_serving.py,150,2,8,16,16,1,4096,,52.94,53.28,101.32,281.5,268.27,58.31,73.24,2182.42,9.54,0.0025011255064779,25.01125506477915,18.996958703625975,21.53987366758784,21.85555225488585
ADASTRA,MI250,Mistral-7B-Instruct-v0.3,Text Generation,sharegpt,vllm,benchmark_serving.py,150,4,8,32,32,1,32768,--disable-log-requests,46.09,46.19,93.95,250.0,304.36,50.44,51.13,2103.07,9.16,0.0024634789249377,24.63478924937797,18.24055259133712,22.38499201703033,21.74081367129284
ADASTRA,MI250,Mistral-7B-Instruct-v0.3,Text Generation,sharegpt,vllm,benchmark_serving.py,300,1,8,8,8,1,32768,--disable-log-requests,46.44,46.48,101.93,274.33,1403.67,45.29,44.71,3178.06,13.87,0.0006694919225799,6.6949192257995405,27.619460451826946,31.17884822917688,21.644120523729608
ADASTRA,MI250,Mistral-7B-Instruct-v0.3,Text Generation,sharegpt,vllm,benchmark_serving.py,300,2,8,16,16,1,16384,--disable-log-requests,46.42,46.43,94.28,239.33,1456.14,47.0,46.36,3070.11,13.32,0.0006453694740238,6.453694740238786,26.52491880795089,32.5637462876538,21.633127418433705
ADASTRA,MI250,Mistral-7B-Instruct-v0.3,Text Generation,sharegpt,vllm,benchmark_serving.py,150,4,8,32,32,1,16384,--disable-log-requests,46.09,46.19,93.84,247.67,307.94,50.76,51.42,2086.98,9.1,0.0024383107383204,24.38310738320492,18.120985840235104,22.239769820971865,21.56811803868061
ADASTRA,MI250,Llama-3.1-8B-Instruct,Text Generation,sharegpt,vllm,benchmark_serving.py,150,2,8,16,16,1,4096,--disable-log-requests,48.02,48.7,104.13,275.67,317.64,54.23,55.68,2077.26,10.48,0.00233890773009,23.38907730090048,20.85478536599385,19.948717948717952,21.426503050333817
ADASTRA,MI250,Mistral-7B-Instruct-v0.3,Text Generation,sonnet,sglang,benchmark_serving.py,150,4,8,32,32,1,16384,,52.79,53.06,97.86,286.5,1262.85,51.02,51.02,2430.85,16.21,0.0007326597747803,7.326597747803853,32.20524098305722,24.840077661966077,21.389650020321916
ADASTRA,MI250,Mistral-7B-Instruct-v0.3,Text Generation,sharegpt,vllm,benchmark_serving.py,300,2,8,16,16,1,4096,--disable-log-requests,46.39,46.4,94.19,239.0,1505.81,48.46,47.9,3012.59,13.17,0.0006241534918267,6.2415349182671,26.225351845486752,31.984180910924728,21.273679391172223
ADASTRA,MI250,Mistral-7B-Instruct-v0.3,Text Generation,sonnet,sglang,benchmark_serving.py,150,4,8,32,32,1,4096,,52.6,52.9,99.06,290.0,1264.3,51.23,51.23,2421.41,16.14,0.0007316573502297,7.3165735022974046,32.066261122848765,24.44387240056531,21.2122029407306
ADASTRA,MI250,Mistral-7B-Instruct-v0.3,Text Generation,sharegpt,vllm,benchmark_serving.py,300,2,8,16,16,1,32768,--disable-log-requests,46.39,46.4,95.26,238.33,1466.37,48.03,47.3,2989.13,13.14,0.0006403278478581,6.403278478581034,26.1649806313223,31.378647910980472,21.114375428880884
ADASTRA,MI250,Mistral-7B-Instruct-v0.3,Text Generation,sonnet,sglang,benchmark_serving.py,150,4,8,32,32,1,32768,,53.11,53.41,98.7,289.0,1311.77,51.07,51.07,2414.43,16.1,0.00070725859496,7.072585949600754,31.98670495735498,24.46231003039513,21.108098118091394
ADASTRA,MI250,Mistral-7B-Instruct-v0.3,Text Generation,sharegpt,vllm,benchmark_serving.py,300,4,8,32,32,1,32768,--disable-log-requests,46.38,46.41,91.14,223.33,1549.05,50.32,49.82,2939.28,12.85,0.000606358272849,6.063582728490958,25.588133313912326,32.25016458196182,21.0816361206449
ADASTRA,MI250,Llama-3.1-8B-Instruct,Text Generation,sharegpt,vllm,benchmark_serving.py,150,4,8,32,32,1,16384,--disable-log-requests,48.03,48.73,98.6,251.0,324.64,57.25,58.92,1981.76,10.02,0.0022685510764274,22.685510764274856,19.939185251383183,20.09898580121704,20.924072101713183
ADASTRA,MI250,Mistral-7B-Instruct-v0.3,Text Generation,sharegpt,vllm,benchmark_serving.py,300,4,8,32,32,1,4096,--disable-log-requests,46.35,46.38,91.03,221.0,1551.91,50.53,49.99,2905.37,12.68,0.0006051693566444,6.05169356644457,25.24980147701376,31.9166208942107,20.855827000923256
ADASTRA,MI250,Mistral-7B-Instruct-v0.3,Text Generation,sharegpt,vllm,benchmark_serving.py,300,4,8,32,32,1,16384,--disable-log-requests,46.43,46.47,91.13,221.67,1548.67,50.26,49.71,2886.56,12.66,0.0006065605590062,6.065605590062112,25.209435365374134,31.67518929002524,20.7695744976564
ADASTRA,MI250,Llama-3.1-8B-Instruct,Text Generation,sharegpt,vllm,benchmark_serving.py,300,1,8,8,8,1,16384,--disable-log-requests,50.54,50.66,111.43,293.0,1644.45,55.65,56.7,2982.88,15.06,0.0005692167577413,5.692167577413478,29.968693703009404,26.76909270393969,20.690802500604484
ADASTRA,MI250,Llama-3.1-8B-Instruct,Text Generation,sharegpt,vllm,benchmark_serving.py,150,4,8,32,32,1,32768,--disable-log-requests,48.01,48.73,98.87,252.33,341.38,57.22,58.89,1982.7,10.01,0.002185840127653,21.858401276530635,19.91943333450427,20.05360574491757,20.62161760612549
ADASTRA,MI250,Llama-3.1-8B-Instruct,Text Generation,sonnet,sglang,benchmark_serving.py,150,2,8,16,16,1,16384,,53.88,54.4,107.72,331.0,1272.6,50.99,50.99,2426.77,16.18,0.0007274949439101,7.274949439101399,32.14567518778526,22.528499814333458,20.61213231372817
ADASTRA,MI250,Llama-3.1-8B-Instruct,Text Generation,sonnet,sglang,benchmark_serving.py,150,2,8,16,16,1,4096,,53.67,54.2,108.08,330.0,1267.69,51.27,51.27,2418.77,16.13,0.0007298044853783,7.29804485378367,32.046293564417425,22.37944115470022,20.538496231692445
ADASTRA,MI250,Llama-3.1-8B-Instruct,Text Generation,sharegpt,vllm,benchmark_serving.py,300,1,8,8,8,1,32768,--disable-log-requests,50.28,50.4,110.98,288.67,1657.58,56.34,57.25,2937.86,14.82,0.0005645985422065,5.645985422065641,29.491231830066244,26.47197693278068,20.41768648421466
ADASTRA,MI250,Mistral-7B-Instruct-v0.3,Text Generation,sharegpt,vllm,benchmark_serving.py,150,4,8,32,32,1,4096,--disable-log-requests,46.09,46.19,93.15,239.33,366.6,51.24,52.18,2065.55,8.99,0.0021275690396153,21.275690396153355,17.90208383545268,22.174449812130973,20.41626717862796
ADASTRA,MI250,Llama-3.1-8B-Instruct,Text Generation,sharegpt,sglang,benchmark_serving.py,150,2,8,16,16,1,32768,,54.55,55.1,105.76,272.0,344.42,62.37,75.49,2072.87,10.48,0.0020734842829891,20.73484282989135,20.85456365949073,19.599754160363084,20.412319537706093
ADASTRA,MI250,Llama-3.1-8B-Instruct,Text Generation,sharegpt,sglang,benchmark_serving.py,150,2,8,16,16,1,4096,,54.11,54.66,105.09,271.0,353.39,62.17,74.84,2075.94,10.48,0.0020391517128874,20.39151712887439,20.854718800624997,19.75392520696546,20.344976282258735
ADASTRA,MI250,Llama-3.1-8B-Instruct,Text Generation,sharegpt,vllm,benchmark_serving.py,300,2,8,16,16,1,16384,--disable-log-requests,50.32,50.41,104.4,265.67,1701.49,58.08,59.09,2848.38,14.37,0.0005498553880329,5.498553880329474,28.595735289494367,27.28333333333333,20.322724984406776
ADASTRA,MI250,Llama-3.1-8B-Instruct,Text Generation,sonnet,sglang,benchmark_serving.py,150,2,8,16,16,1,32768,,54.14,54.67,109.19,335.5,1393.38,50.38,50.38,2425.6,16.17,0.0006692813257124,6.692813257124499,32.125836585755415,22.21448850627347,20.30697726858668
ADASTRA,MI250,Llama-3.1-8B-Instruct,Text Generation,sharegpt,vllm,benchmark_serving.py,300,1,8,8,8,1,4096,--disable-log-requests,50.32,50.44,111.13,291.33,1657.65,56.62,57.53,2915.9,14.74,0.0005643977875606,5.643977875606728,29.331726858297166,26.238639431296683,20.288104227542263
ADASTRA,MI250,Llama-3.1-8B-Instruct,Text Generation,sharegpt,vllm,benchmark_serving.py,300,2,8,16,16,1,32768,--disable-log-requests,50.58,50.67,105.4,267.67,1707.08,58.17,59.28,2841.8,14.37,0.0005480863564863,5.48086356486328,28.595402934699266,26.962049335863377,20.213786397327542
ADASTRA,MI250,Llama-3.1-8B-Instruct,Text Generation,sharegpt,vllm,benchmark_serving.py,300,2,8,16,16,1,4096,--disable-log-requests,50.46,50.55,105.52,267.0,1721.84,58.52,59.7,2841.99,14.35,0.0005434605393302,5.434605393302393,28.55581373365916,26.9331880212282,20.175362669959952
ADASTRA,MI250,Mistral-7B-Instruct-v0.3,Text Generation,sharegpt,vllm,benchmark_serving.py,500,1,8,8,8,1,16384,--disable-log-requests,46.36,46.39,100.12,270.67,6093.83,45.02,44.4,3187.07,13.91,0.0001617272469979,1.61727246997938,27.6991069609932,31.83250099880144,20.153969326147138
ADASTRA,MI250,Llama-3.3-70B-Instruct,Text Generation,sonnet,sglang,benchmark_serving.py,1000,4,8,32,32,1,32768,,61.21,62.03,125.46,340.0,2399.59,353.61,353.67,2693.64,18.04,0.0003218673455921,3.218673455921876,35.83997049799386,21.4701099952176,20.15037414280098
ADASTRA,MI250,Mistral-7B-Instruct-v0.3,Text Generation,sharegpt,vllm,benchmark_serving.py,500,1,8,8,8,1,4096,--disable-log-requests,46.35,46.38,101.08,273.33,5982.74,44.67,44.1,3199.94,13.95,0.000164703673386,1.6470367338602754,27.77889909113255,31.657499010684607,20.13521786391664
ADASTRA,MI250,Llama-3.3-70B-Instruct,Text Generation,sonnet,sglang,benchmark_serving.py,1000,4,8,32,32,1,16384,,60.78,61.63,128.03,341.0,2264.76,355.0,355.09,2682.09,18.01,0.0003361514025917,3.361514025917273,35.77974215769787,20.948918222291653,20.01168093356248
ADASTRA,MI250,Llama-3.3-70B-Instruct,Text Generation,sonnet,sglang,benchmark_serving.py,1000,4,8,32,32,1,4096,,61.0,61.98,129.11,347.5,2370.43,352.44,352.51,2696.23,18.09,0.0003251630692792,3.2516306927924354,35.938872866869055,20.883200371776,20.007395329253228
ADASTRA,MI250,Mistral-7B-Instruct-v0.3,Text Generation,sharegpt,vllm,benchmark_serving.py,500,2,8,16,16,1,16384,--disable-log-requests,46.42,46.43,94.07,239.67,6324.1,47.1,46.5,3063.59,13.33,0.0001558190629041,1.5581906290415568,26.5445020995021,32.567130859997874,19.97639740290416
ADASTRA,MI250,Mistral-7B-Instruct-v0.3,Text Generation,sharegpt,sglang,benchmark_serving.py,150,4,8,32,32,1,16384,,53.14,53.5,96.9,252.0,284.28,66.35,81.33,1918.66,8.39,0.0023150291693675,23.15029169367534,16.706943151449106,19.800412796697625,19.887591942285557
ADASTRA,MI250,Llama-3.1-8B-Instruct,Text Generation,sharegpt,vllm,benchmark_serving.py,300,4,8,32,32,1,16384,--disable-log-requests,50.42,50.53,100.62,248.33,1797.87,61.23,62.6,2733.42,13.81,0.0005203725867721,5.203725867721289,27.481157529584348,27.16577221228384,19.805907463014748
ADASTRA,MI250,Mistral-7B-Instruct-v0.3,Text Generation,sharegpt,sglang,benchmark_serving.py,150,4,8,32,32,1,32768,,53.41,53.77,97.78,253.0,292.53,65.76,80.53,1928.16,8.43,0.0022788387037965,22.788387037965457,16.786608213406037,19.719370014317857,19.765696790048025
ADASTRA,MI250,Mistral-7B-Instruct-v0.3,Text Generation,sharegpt,vllm,benchmark_serving.py,500,2,8,16,16,1,4096,--disable-log-requests,46.39,46.4,94.45,239.33,6360.71,47.38,46.76,3021.47,13.22,0.0001549222677521,1.5492226775215534,26.324819602661236,31.990153520381156,19.71402350178412
ADASTRA,MI250,Llama-3.1-8B-Instruct,Text Generation,sharegpt,vllm,benchmark_serving.py,300,4,8,32,32,1,4096,--disable-log-requests,50.07,50.19,99.93,250.5,1831.3,62.16,63.57,2707.06,13.66,0.0005109783702855,5.109783702855859,27.18283366167779,27.08956269388572,19.64814996598487
ADASTRA,MI250,Mistral-7B-Instruct-v0.3,Text Generation,sharegpt,vllm,benchmark_serving.py,500,2,8,16,16,1,32768,--disable-log-requests,46.39,46.4,94.93,240.33,6465.97,47.94,47.16,3000.13,13.22,0.0001524141641531,1.5241416415310307,26.324003915907547,31.60360265458759,19.581522338997143
ADASTRA,MI250,Mistral-7B-Instruct-v0.3,Text Generation,sharegpt,vllm,benchmark_serving.py,1000,2,8,16,16,1,4096,--disable-log-requests,46.39,46.4,93.82,239.67,11844.09,47.35,46.84,3019.37,13.27,8.3764160331304e-05,0.8376416033130399,26.42386824680806,32.182583670859096,19.56734012371609
ADASTRA,MI250,Llama-3.1-8B-Instruct,Text Generation,sharegpt,vllm,benchmark_serving.py,300,4,8,32,32,1,32768,--disable-log-requests,50.43,50.55,101.95,250.0,1805.67,61.68,62.86,2704.98,13.68,0.0005180783438071,5.180783438071505,27.222327470150734,26.53241785188818,19.50743142139978
ADASTRA,MI250,Mistral-7B-Instruct-v0.3,Text Generation,sharegpt,vllm,benchmark_serving.py,1000,2,8,16,16,1,16384,--disable-log-requests,46.42,46.43,93.8,240.0,11644.18,46.89,46.33,3019.98,13.13,8.519774396373985e-05,0.8519774396373985,26.14632334468582,32.19594882729211,19.48212589140337
ADASTRA,MI250,Mistral-7B-Instruct-v0.3,Text Generation,sharegpt,vllm,benchmark_serving.py,1000,1,8,8,8,1,16384,--disable-log-requests,46.36,46.39,99.74,271.33,11045.1,44.71,44.13,3108.78,13.57,8.981546514531245e-05,0.8981546514531246,27.022047240059567,31.16883898135152,19.4668971171468
ADASTRA,MI250,Mistral-7B-Instruct-v0.3,Text Generation,sharegpt,sglang,benchmark_serving.py,150,4,8,32,32,1,4096,,52.95,53.3,98.24,254.0,300.4,66.53,81.0,1907.88,8.36,0.0022324916839684,22.32491683968477,16.647055483655492,19.420602605863195,19.465063423811912
ADASTRA,MI250,Mistral-7B-Instruct-v0.3,Text Generation,sharegpt,vllm,benchmark_serving.py,500,1,8,8,8,1,32768,--disable-log-requests,46.44,46.48,101.66,273.33,6235.66,46.04,45.27,3089.98,13.48,0.0001580535390558,1.5805353905581978,26.842898184606863,30.39523903206768,19.39044390581778
ADASTRA,MI250,Mistral-7B-Instruct-v0.3,Text Generation,sharegpt,vllm,benchmark_serving.py,1000,1,8,8,8,1,4096,--disable-log-requests,46.35,46.38,100.6,272.67,11403.02,45.44,44.8,3088.54,13.52,8.700751570920696e-05,0.8700751570920696,26.922149023552087,30.701192842942348,19.273737931160564
ADASTRA,MI250,Mistral-7B-Instruct-v0.3,Text Generation,sharegpt,vllm,benchmark_serving.py,500,4,8,32,32,1,32768,--disable-log-requests,46.38,46.41,91.02,223.33,6761.91,50.28,49.69,2881.24,12.58,0.0001457326563565,1.4573265635656705,25.050624572364555,31.65502087453307,19.14231006606686
ADASTRA,MI250,Mistral-7B-Instruct-v0.3,Text Generation,sharegpt,vllm,benchmark_serving.py,500,4,8,32,32,1,4096,--disable-log-requests,46.35,46.38,90.96,221.33,6779.84,50.5,49.96,2875.9,12.6,0.0001453424996003,1.4534249960030812,25.090074433096767,31.61719437115216,19.14229200466264
ADASTRA,MI250,Mistral-7B-Instruct-v0.3,Text Generation,sharegpt,vllm,benchmark_serving.py,1000,2,8,16,16,1,32768,--disable-log-requests,46.39,46.4,94.98,240.67,11790.85,47.46,46.95,2989.37,12.97,8.413783122960709e-05,0.8413783122960709,25.82794014002412,31.47367866919351,19.139145447930787
ADASTRA,MI250,Mistral-7B-Instruct-v0.3,Text Generation,sharegpt,vllm,benchmark_serving.py,1000,1,8,8,8,1,32768,--disable-log-requests,46.44,46.48,101.33,274.33,11411.11,45.78,45.08,3088.57,13.42,8.694162826020237e-05,0.8694162826020237,26.72388331361481,30.480311852363567,19.135421655470065
ADASTRA,MI250,Llama-3.1-8B-Instruct,Text Generation,sharegpt,vllm,benchmark_serving.py,500,1,8,8,8,1,32768,--disable-log-requests,50.36,50.4,110.72,290.67,7631.78,55.84,56.87,2954.94,14.93,0.0001291240611066,1.291240611066707,29.70988911972578,26.688403179190757,19.08067312581049
ADASTRA,MI250,Mistral-7B-Instruct-v0.3,Text Generation,sharegpt,vllm,benchmark_serving.py,500,4,8,32,32,1,16384,--disable-log-requests,46.43,46.47,91.1,221.33,6822.5,50.5,50.0,2875.56,12.53,0.0001444460494005,1.444460494005489,24.951277003140486,31.564873765093303,19.075310353859493
ADASTRA,MI250,Llama-3.1-8B-Instruct,Text Generation,sharegpt,vllm,benchmark_serving.py,500,1,8,8,8,1,4096,--disable-log-requests,50.4,50.44,111.02,291.67,7637.15,56.0,57.1,2944.61,14.87,0.0001290280958678,1.2902809586787525,29.590570438049927,26.523239056025943,18.986925972816053
ADASTRA,MI250,Llama-3.3-70B-Instruct,Text Generation,sonnet,sglang,benchmark_serving.py,1000,2,8,16,16,1,4096,,60.34,61.16,143.43,391.5,2352.06,360.53,360.62,2639.46,17.72,0.0003253926676016,3.2539266760162824,35.20366042195109,18.40242627065468,18.964356019918405
ADASTRA,MI250,Llama-3.3-70B-Instruct,Text Generation,sonnet,sglang,benchmark_serving.py,1000,2,8,16,16,1,32768,,61.28,62.22,144.11,392.5,2449.33,358.4,358.48,2645.78,17.75,0.0003158350204187,3.158350204187341,35.26342485348391,18.35944764416071,18.938426765739656
ADASTRA,MI250,Mistral-7B-Instruct-v0.3,Text Generation,sharegpt,vllm,benchmark_serving.py,1000,4,8,32,32,1,32768,--disable-log-requests,46.38,46.41,90.67,223.67,12499.15,50.05,49.68,2884.56,12.51,7.937213466593857e-05,0.7937213466593857,24.91195973863248,31.813830373883317,18.920357288641892
ADASTRA,MI250,Llama-3.1-8B-Instruct,Text Generation,sharegpt,vllm,benchmark_serving.py,1000,1,8,8,8,1,16384,--disable-log-requests,50.63,50.66,110.86,293.67,14246.74,55.49,56.62,2964.16,14.95,6.964346030496871e-05,0.6964346030496871,29.74995350960522,26.737867580732456,18.90788958413705
ADASTRA,MI250,Llama-3.3-70B-Instruct,Text Generation,sonnet,sglang,benchmark_serving.py,1000,2,8,16,16,1,16384,,60.33,61.13,144.73,399.5,2375.34,360.85,360.95,2637.31,17.71,0.0003228785266407,3.2287852664070726,35.183735037777495,18.222275962136397,18.8913852113064
ADASTRA,MI250,Llama-3.1-8B-Instruct,Text Generation,sharegpt,vllm,benchmark_serving.py,500,1,8,8,8,1,16384,--disable-log-requests,50.63,50.66,111.09,292.33,7686.58,56.33,57.42,2930.49,14.79,0.0001281997043714,1.2819970437148172,29.431461253259457,26.37942209019713,18.883990889834337
ADASTRA,MI250,Llama-3.1-8B-Instruct,Text Generation,sharegpt,vllm,benchmark_serving.py,500,2,8,16,16,1,4096,--disable-log-requests,50.54,50.55,105.26,268.0,7845.61,57.67,58.79,2854.53,14.42,0.0001255954795674,1.255954795674994,28.695043552519216,27.118848565456965,18.86137097933226
ADASTRA,MI250,Llama-3.1-8B-Instruct,Text Generation,sharegpt,vllm,benchmark_serving.py,1000,1,8,8,8,1,4096,--disable-log-requests,50.4,50.44,110.66,293.67,14079.99,55.22,56.26,2946.12,14.88,7.046486375266269e-05,0.7046486375266269,29.610446200607907,26.62317007048617,18.82654666752132
ADASTRA,MI250,Llama-3.1-8B-Instruct,Text Generation,sharegpt,vllm,benchmark_serving.py,500,2,8,16,16,1,16384,--disable-log-requests,50.4,50.41,103.83,265.67,7947.34,57.99,59.1,2834.37,14.29,0.0001240013243341,1.2400132433414388,28.436631468830956,27.29817971684484,18.825476711528964
ADASTRA,MI250,Mistral-7B-Instruct-v0.3,Text Generation,sharegpt,vllm,benchmark_serving.py,1000,4,8,32,32,1,16384,--disable-log-requests,46.43,46.47,90.34,220.67,12974.35,51.63,51.15,2845.72,12.44,7.646937821983876e-05,0.7646937821983877,24.771711030873007,31.50011069293779,18.762413058184368
ADASTRA,MI250,Mistral-7B-Instruct-v0.3,Text Generation,sharegpt,vllm,benchmark_serving.py,1000,4,8,32,32,1,4096,--disable-log-requests,46.35,46.38,90.56,222.0,12449.67,50.51,50.15,2838.79,12.38,7.967917975065198e-05,0.7967917975065197,24.65249017070185,31.34706272084805,18.683815939862225
ADASTRA,MI250,Llama-3.1-8B-Instruct,Text Generation,sonnet,sglang,benchmark_serving.py,150,4,8,32,32,1,32768,,54.14,54.65,103.25,296.0,1357.48,58.15,58.15,2150.03,14.33,0.0006785273242953,6.785273242953493,28.470245153301665,20.82353510895884,18.650407489593583
ADASTRA,MI250,Llama-3.1-8B-Instruct,Text Generation,sonnet,sglang,benchmark_serving.py,150,4,8,32,32,1,16384,,53.87,54.41,103.69,294.0,1347.23,58.27,58.27,2150.56,14.34,0.0006831674375072,6.831674375072587,28.490027622522977,20.74028353746745,18.64626941117208
ADASTRA,MI250,Llama-3.1-8B-Instruct,Text Generation,sharegpt,vllm,benchmark_serving.py,500,2,8,16,16,1,32768,--disable-log-requests,50.66,50.67,104.99,267.67,7965.1,58.71,59.88,2814.15,14.24,0.0001237058818435,1.23705881843564,28.336612701925823,26.803981331555388,18.632322343020626
ADASTRA,MI250,Llama-3.1-8B-Instruct,Text Generation,sonnet,sglang,benchmark_serving.py,150,4,8,32,32,1,4096,,53.63,54.16,102.25,292.0,1364.93,58.5,58.5,2136.19,14.24,0.0006747957056001,6.747957056001295,28.29140739294001,20.89183374083129,18.59877070970606
ADASTRA,MI250,Llama-3.1-8B-Instruct,Text Generation,sharegpt,sglang,benchmark_serving.py,150,2,8,16,16,1,16384,,54.33,54.89,105.9,271.0,514.84,61.93,71.37,2059.93,10.41,0.0015428765390193,15.428765390193478,20.71531371658761,19.45165250236072,18.513515697061003
ADASTRA,MI250,Llama-3.1-8B-Instruct,Text Generation,sharegpt,vllm,benchmark_serving.py,500,4,8,32,32,1,4096,--disable-log-requests,50.15,50.19,99.34,251.5,8283.85,60.94,62.3,2720.44,13.75,0.0001189472219281,1.1894722192815823,27.36170492906492,27.38514193678277,18.470645650208297
ADASTRA,MI250,gemma-3-12b-it,Google,sonnet,vllm,benchmark_serving.py,250,1,8,8,8,1,4096,--disable-log-requests,53.93,54.5,115.85,281.33,479.31,128.65,128.65,1899.97,12.67,0.0013575704918477,13.575704918477893,25.17213892839217,16.400258955545965,18.42234977371053
ADASTRA,MI250,gemma-3-12b-it,Google,sonnet,vllm,benchmark_serving.py,250,2,8,16,16,1,16384,--disable-log-requests,52.63,53.1,110.75,262.67,500.86,129.6,129.6,1886.56,12.58,0.0013156856037681,13.156856037681234,24.993338879703447,17.034401805869074,18.422074849788896
ADASTRA,MI250,Llama-3.1-8B-Instruct,Text Generation,sharegpt,vllm,benchmark_serving.py,1000,2,8,16,16,1,4096,--disable-log-requests,50.54,50.55,104.74,267.33,14714.89,57.95,59.23,2804.33,14.21,6.742147252541284e-05,0.6742147252541284,28.276717236583483,26.774202787855643,18.411061759138597
ADASTRA,MI250,Llama-3.1-8B-Instruct,Text Generation,sharegpt,vllm,benchmark_serving.py,1000,1,8,8,8,1,32768,--disable-log-requests,50.36,50.4,110.09,288.33,14496.76,56.79,57.86,2868.98,14.5,6.84396646182675e-05,0.6843966461826749,28.85416926769043,26.060314288309563,18.382412982975914
ADASTRA,MI250,Llama-3.1-8B-Instruct,Text Generation,sharegpt,vllm,benchmark_serving.py,1000,2,8,16,16,1,16384,--disable-log-requests,50.4,50.41,103.7,266.33,14824.29,57.93,59.14,2791.17,14.09,6.692831174672186e-05,0.6692831174672186,28.03846010708455,26.915814850530374,18.37369344851732
ADASTRA,MI250,gemma-3-12b-it,Google,sonnet,vllm,benchmark_serving.py,250,1,8,8,8,1,16384,--disable-log-requests,54.15,54.84,116.44,279.5,468.76,129.13,129.13,1887.35,12.58,0.0013754779785975,13.754779785975629,24.99340817819604,16.208777052559256,18.361192564637328
ADASTRA,MI250,gemma-3-12b-it,Google,sonnet,vllm,benchmark_serving.py,250,1,8,8,8,1,32768,--disable-log-requests,54.05,54.65,116.93,277.5,495.18,127.94,127.95,1909.45,12.73,0.0013314338210819,13.314338210819232,25.291386342590187,16.329855469084066,18.351500098266104
ADASTRA,MI250,Llama-3.1-8B-Instruct,Text Generation,sharegpt,vllm,benchmark_serving.py,500,4,8,32,32,1,16384,--disable-log-requests,50.49,50.53,100.78,249.67,8331.03,60.85,62.1,2719.41,13.74,0.0001182874811627,1.182874811627186,27.341853465781245,26.983627703909505,18.33316847956991
ADASTRA,MI250,gemma-3-12b-it,Google,sonnet,vllm,benchmark_serving.py,250,2,8,16,16,1,4096,--disable-log-requests,52.71,53.13,112.81,271.5,501.44,129.39,129.39,1888.23,12.59,0.0013154086974823,13.15408697482308,25.013221346576746,16.738143781579648,18.333090839381427
ADASTRA,MI250,Llama-3.1-8B-Instruct,Text Generation,sharegpt,sglang,benchmark_serving.py,150,4,8,32,32,1,4096,,54.11,54.7,99.53,247.0,388.98,70.99,84.38,1814.69,9.18,0.0018370533664002,18.370533664002934,18.267589466354508,18.23259318798352,18.29139168447626
ADASTRA,MI250,Llama-3.1-8B-Instruct,Text Generation,sharegpt,vllm,benchmark_serving.py,500,4,8,32,32,1,32768,--disable-log-requests,50.51,50.55,101.7,251.0,8378.62,61.96,63.24,2692.08,13.61,0.0001175942106018,1.175942106018237,27.083079584135653,26.470796460176988,18.07872224190896
ADASTRA,MI250,Llama-3.1-8B-Instruct,Text Generation,sharegpt,vllm,benchmark_serving.py,1000,2,8,16,16,1,32768,--disable-log-requests,50.66,50.67,104.79,267.33,15022.59,59.17,60.38,2752.02,13.9,6.604086344466502e-05,0.6604086344466502,27.66029241626656,26.262238763240767,18.032954761479537
ADASTRA,MI250,gemma-3-12b-it,Google,sonnet,vllm,benchmark_serving.py,250,2,8,16,16,1,32768,--disable-log-requests,52.8,53.28,113.73,269.67,485.9,132.72,132.72,1844.04,12.29,0.0013309553597572,13.309553597572338,24.41726589561123,16.21419150619889,18.01565990966606
ADASTRA,MI250,Llama-3.1-8B-Instruct,Text Generation,sharegpt,vllm,benchmark_serving.py,1000,4,8,32,32,1,16384,--disable-log-requests,50.49,50.53,100.53,249.67,15619.33,61.12,62.55,2694.08,13.61,6.352029473416756e-05,0.6352029473416756,27.08318071861993,26.798766537352037,17.9998557383796
ADASTRA,MI250,Llama-3.1-8B-Instruct,Text Generation,sharegpt,vllm,benchmark_serving.py,1000,4,8,32,32,1,32768,--disable-log-requests,50.51,50.55,101.06,251.0,15643.43,62.07,63.44,2667.73,13.45,6.34158034718884e-05,0.634158034718884,26.765057549288,26.39748664159905,17.762929023874037
ADASTRA,MI250,Llama-3.1-8B-Instruct,Text Generation,sharegpt,vllm,benchmark_serving.py,1000,4,8,32,32,1,4096,--disable-log-requests,50.15,50.19,99.46,250.0,16122.07,63.68,64.93,2638.61,13.33,6.153588649828807e-05,0.6153588649828806,26.52599327284931,26.529358536094914,17.717454458413318
ADASTRA,MI250,Llama-3.3-70B-Instruct,Text Generation,sonnet,sglang,benchmark_serving.py,1000,1,8,8,8,1,16384,,63.04,63.97,180.24,493.0,2267.98,363.41,363.51,2618.16,17.57,0.0003339009649737,3.339009649737888,34.90575377599375,14.525965379494007,17.65152848618684
ADASTRA,MI250,Llama-3.3-70B-Instruct,Text Generation,sonnet,vllm,benchmark_serving.py,250,2,8,16,16,1,32768,--disable-log-requests,50.08,50.38,136.25,341.33,600.8,122.75,122.78,1965.54,13.18,0.0011815721999692,11.815721999692792,26.184419422657072,14.425981651376146,17.53636221203932
ADASTRA,MI250,Llama-3.3-70B-Instruct,Text Generation,sonnet,sglang,benchmark_serving.py,1000,1,8,8,8,1,32768,,61.99,63.95,181.66,497.0,2356.21,365.05,365.14,2607.23,17.49,0.0003240020736132,3.240020736132711,34.74690839403822,14.35225145876913,17.50827637106424
ADASTRA,MI250,Llama-3.3-70B-Instruct,Text Generation,sonnet,sglang,benchmark_serving.py,1000,1,8,8,8,1,4096,,61.98,63.83,180.55,492.5,2380.87,367.43,367.53,2590.74,17.39,0.0003209417715343,3.209417715343905,34.54810043977869,14.349155358626415,17.42928588750214
ADASTRA,MI250,Llama-3.3-70B-Instruct,Text Generation,sonnet,vllm,benchmark_serving.py,250,2,8,16,16,1,4096,--disable-log-requests,50.07,50.36,141.58,347.0,589.03,123.14,123.17,1960.09,13.15,0.0011971173414418,11.971173414418084,26.124732419776613,13.844398926402032,17.38281564007485
ADASTRA,MI250,Llama-3.1-8B-Instruct,Text Generation,sharegpt,sglang,benchmark_serving.py,150,4,8,32,32,1,32768,,54.72,55.25,102.19,254.5,480.82,70.47,81.58,1816.44,9.19,0.0015801033387583,15.801033387583548,18.287477309202853,17.775124767589784,17.278133562536105
ADASTRA,MI250,Llama-3.1-8B-Instruct,Text Generation,sharegpt,sglang,benchmark_serving.py,150,4,8,32,32,1,16384,,54.39,54.92,101.94,252.5,493.12,70.51,81.36,1813.43,9.15,0.0015504116342889,15.504116342889038,18.20812748960265,17.78918971944281,17.15470361326887
ADASTRA,MI250,Llama-3.3-70B-Instruct,Text Generation,sonnet,sglang,benchmark_serving.py,500,2,8,16,16,1,4096,,57.44,57.8,143.62,365.5,1098.64,217.86,217.9,2208.5,14.83,0.0006517205422314,6.517205422314911,29.46216261193795,15.377384765353014,17.153748256558934
ADASTRA,MI250,Llama-3.3-70B-Instruct,Text Generation,sonnet,vllm,benchmark_serving.py,250,2,8,16,16,1,16384,--disable-log-requests,50.0,50.26,142.08,349.0,610.95,124.14,124.17,1944.7,13.04,0.0011637921001792,11.63792100179224,25.90628786253537,13.687359234234233,17.144985968826344
ADASTRA,MI250,Llama-3.3-70B-Instruct,Text Generation,sonnet,sglang,benchmark_serving.py,500,2,8,16,16,1,32768,,57.85,58.24,143.97,368.0,1171.49,217.65,217.68,2207.0,14.8,0.0006223472448687,6.223472448687469,29.40282653704204,15.32958255192054,17.018408071762607
ADASTRA,MI250,Llama-3.3-70B-Instruct,Text Generation,sonnet,sglang,benchmark_serving.py,500,4,8,32,32,1,32768,,58.32,58.68,124.11,314.0,1208.85,229.19,229.22,2101.32,14.09,0.0005997864760145,5.997864760145388,27.992302957819053,16.93110949963742,16.974612063991884
ADASTRA,MI250,Llama-3.3-70B-Instruct,Text Generation,sonnet,sglang,benchmark_serving.py,500,2,8,16,16,1,16384,,57.44,57.78,145.27,375.5,1184.91,217.44,217.47,2206.15,14.8,0.0006173525453445,6.1735254534454445,29.402751074990437,15.18654918427755,16.955629758637016
ADASTRA,MI250,Llama-3.3-70B-Instruct,Text Generation,sonnet,sglang,benchmark_serving.py,500,4,8,32,32,1,16384,,57.89,58.28,126.73,317.0,1234.93,227.75,227.78,2112.6,14.16,0.0005915549613714,5.91554961371461,28.13144501495232,16.670086009626765,16.910405696827322
ADASTRA,MI250,Llama-3.3-70B-Instruct,Text Generation,sonnet,sglang,benchmark_serving.py,500,4,8,32,32,1,4096,,57.66,58.03,127.38,320.5,1245.07,227.54,227.58,2108.89,14.15,0.00058816955752,5.8816955752004185,28.111381321124423,16.555895745014915,16.85553278315522
ADASTRA,MI250,Llama-3.3-70B-Instruct,Text Generation,sonnet,vllm,benchmark_serving.py,250,4,8,32,32,1,4096,--disable-log-requests,50.33,50.67,121.75,285.33,623.54,133.66,133.7,1807.86,12.13,0.0011224604332697,11.224604332697274,24.098310210495665,14.848952772073922,16.761455831749256
ADASTRA,MI250,Llama-3.3-70B-Instruct,Text Generation,sonnet,vllm,benchmark_serving.py,250,4,8,32,32,1,16384,--disable-log-requests,50.33,50.66,122.8,289.0,627.31,133.62,133.65,1808.44,12.13,0.0011178430101276,11.178430101276575,24.098361721878312,14.72671009771987,16.70665645114302
ADASTRA,MI250,Llama-3.3-70B-Instruct,Text Generation,sonnet,vllm,benchmark_serving.py,250,4,8,32,32,1,32768,--disable-log-requests,50.12,50.39,120.72,286.67,616.64,136.37,136.4,1774.67,11.9,0.0011243408551736,11.243408551736543,23.641472766250416,14.700712392312791,16.565087613655663
ADASTRA,MI250,Llama-3.3-70B-Instruct,Text Generation,sonnet,vllm,benchmark_serving.py,250,1,8,8,8,1,16384,--disable-log-requests,50.19,50.53,169.73,429.67,612.42,123.52,123.54,1951.77,13.09,0.0011634942057988,11.634942057988551,26.00558747188095,11.49926353620456,16.477544371741093
ADASTRA,MI250,Llama-3.3-70B-Instruct,Text Generation,sonnet,vllm,benchmark_serving.py,250,1,8,8,8,1,32768,--disable-log-requests,50.17,50.51,169.57,424.67,630.55,123.43,123.45,1951.91,13.1,0.0011396920552066,11.396920552066833,26.025334222217698,11.510939435041577,16.407067242470045
ADASTRA,MI250,Llama-3.3-70B-Instruct,Text Generation,sonnet,vllm,benchmark_serving.py,250,1,8,8,8,1,4096,--disable-log-requests,50.08,50.37,170.15,429.0,626.54,124.09,124.12,1942.08,13.03,0.0011431837667905,11.431837667905116,25.8863208719714,11.413928886276814,16.340631147166597
ADASTRA,MI250,Llama-3.3-70B-Instruct,Text Generation,sonnet,sglang,benchmark_serving.py,500,1,8,8,8,1,32768,,59.49,59.86,168.66,427.5,1177.06,228.33,228.37,2106.82,14.14,0.0006120850063656,6.1208500636568415,28.091463111044053,12.491521404008065,15.629473328680886
ADASTRA,MI250,Llama-3.3-70B-Instruct,Text Generation,sonnet,sglang,benchmark_serving.py,500,1,8,8,8,1,4096,,59.11,59.44,167.75,429.0,1224.48,228.08,228.13,2105.6,14.13,0.0005949937228162,5.949937228162242,28.07162044222613,12.552011922503723,15.58397342313324
ADASTRA,MI250,Llama-3.3-70B-Instruct,Text Generation,sonnet,sglang,benchmark_serving.py,500,1,8,8,8,1,16384,,59.19,59.51,167.13,429.5,1252.09,229.36,229.4,2092.89,14.04,0.0005845047783265,5.8450477832656285,27.89288263017756,12.522527373900555,15.478105100218862
ADASTRA,MI250,Llama-3.3-70B-Instruct,Text Generation,sonnet,sglang,benchmark_serving.py,250,2,8,16,16,1,4096,,55.2,55.41,138.57,338.0,667.13,141.07,141.08,1710.45,11.48,0.0010534299679757,10.53429967975729,22.80692711085817,12.343580861658369,15.285962984539935
ADASTRA,MI250,Llama-3.3-70B-Instruct,Text Generation,sonnet,sglang,benchmark_serving.py,250,2,8,16,16,1,32768,,55.42,55.61,138.99,340.5,687.35,140.91,140.92,1711.38,11.48,0.0010318000784168,10.31800078416806,22.80700973961901,12.312972156270236,15.20265466809408
ADASTRA,MI250,Llama-3.3-70B-Instruct,Text Generation,sonnet,sglang,benchmark_serving.py,250,2,8,16,16,1,16384,,55.2,55.38,140.02,346.5,712.13,141.05,141.07,1706.7,11.46,0.0010057832537088,10.057832537088258,22.767125296829168,12.188973003856592,15.060957024766036
ADASTRA,MI250,gemma-3-12b-it,Google,sonnet,vllm,benchmark_serving.py,300,1,8,8,8,1,4096,--disable-log-requests,55.27,55.58,116.12,284.0,2967.39,127.84,127.84,1922.46,12.82,0.0003102631962693,3.1026319626939527,25.470151295936507,16.55580434033758,15.012603696842383
ADASTRA,MI250,gemma-3-12b-it,Google,sonnet,vllm,benchmark_serving.py,300,2,8,16,16,1,16384,--disable-log-requests,53.91,54.18,110.63,264.67,3023.5,130.07,130.07,1889.04,12.59,0.0003045400835657,3.045400835657989,25.01329238600569,17.07529603181777,15.00405042554734
ADASTRA,MI250,gemma-3-12b-it,Google,sonnet,vllm,benchmark_serving.py,300,1,8,8,8,1,32768,--disable-log-requests,55.36,55.65,117.1,280.5,2978.14,127.86,127.86,1920.37,12.8,0.0003092279814215,3.0922798142158285,25.43049602466415,16.399402220324507,14.945552495723035
ADASTRA,MI250,Llama-3.3-70B-Instruct,Text Generation,sonnet,sglang,benchmark_serving.py,250,4,8,32,32,1,16384,,55.62,55.88,122.25,293.5,720.66,149.22,149.24,1616.77,10.85,0.0009812387157547,9.812387157547688,21.555343999213573,13.225112474437628,14.89706458511887
ADASTRA,MI250,Llama-3.3-70B-Instruct,Text Generation,sonnet,sglang,benchmark_serving.py,300,2,8,16,16,1,32768,,56.19,56.34,141.56,357.5,738.29,150.69,150.66,1705.15,11.44,0.0009618714170289,9.618714170289715,22.72751909308571,12.045422435716304,14.852254488976865
ADASTRA,MI250,Llama-3.3-70B-Instruct,Text Generation,sonnet,sglang,benchmark_serving.py,250,4,8,32,32,1,4096,,55.37,55.62,122.75,296.0,707.56,150.31,150.32,1606.66,10.78,0.0009918765312093,9.918765312093951,21.416305767138194,13.08887983706721,14.84236571480044
ADASTRA,MI250,Llama-3.3-70B-Instruct,Text Generation,sonnet,sglang,benchmark_serving.py,250,4,8,32,32,1,32768,,56.0,56.26,122.58,292.0,713.47,150.19,150.2,1608.65,10.79,0.0009863294734973,9.863294734973268,21.436216840389267,13.123266438244412,14.841279195861476
ADASTRA,MI250,Llama-3.3-70B-Instruct,Text Generation,sonnet,sglang,benchmark_serving.py,250,1,8,8,8,1,32768,,56.98,57.17,168.92,418.5,670.26,137.96,137.98,1748.73,11.73,0.0010568590150073,10.56859015007398,23.30368528680004,10.352415344541797,14.829346558790542
ADASTRA,MI250,Llama-3.3-70B-Instruct,Text Generation,sonnet,sglang,benchmark_serving.py,300,2,8,16,16,1,4096,,55.97,56.12,141.01,355.5,746.72,151.26,151.22,1701.04,11.42,0.0009531071292413,9.531071292413266,22.68768531819721,12.06325792496986,14.814619783597918
ADASTRA,MI250,gemma-3-12b-it,Google,sonnet,vllm,benchmark_serving.py,300,1,8,8,8,1,16384,--disable-log-requests,55.36,55.59,116.44,282.0,2985.44,129.55,129.55,1890.3,12.6,0.0003082101006614,3.082101006614188,25.033138893268173,16.234111989007214,14.754097402442312
ADASTRA,MI250,Llama-3.3-70B-Instruct,Text Generation,sonnet,sglang,benchmark_serving.py,250,1,8,8,8,1,4096,,56.81,57.03,167.77,417.0,694.76,137.9,137.92,1746.16,11.72,0.0010303117723423,10.303117723423108,23.28372266593852,10.408058651725575,14.75010450093514
ADASTRA,MI250,gemma-3-12b-it,Google,sonnet,vllm,benchmark_serving.py,300,2,8,16,16,1,4096,--disable-log-requests,54.08,54.39,112.73,270.5,3050.85,131.59,131.59,1866.43,12.44,0.0003017474193051,3.017474193051964,24.71526949709133,16.556639758715516,14.727257577437689
ADASTRA,MI250,Llama-3.3-70B-Instruct,Text Generation,sonnet,sglang,benchmark_serving.py,250,1,8,8,8,1,16384,,56.9,57.11,167.17,419.0,710.85,137.61,137.63,1749.97,11.73,0.0010141062174852,10.141062174852191,23.303795311346995,10.468206017826166,14.721077471012098
ADASTRA,MI250,gemma-3-12b-it,Google,sonnet,vllm,benchmark_serving.py,300,2,8,16,16,1,32768,--disable-log-requests,53.97,54.2,113.8,270.67,3059.74,131.76,131.77,1865.49,12.44,0.0003009084425881,3.009084425881737,24.71518704105052,16.392706502636205,14.671918379600552
ADASTRA,MI250,Llama-3.3-70B-Instruct,Text Generation,sonnet,sglang,benchmark_serving.py,300,2,8,16,16,1,16384,,55.95,56.11,142.55,364.0,815.89,150.29,150.27,1704.58,11.44,0.0008956961798557,8.956961798557929,22.72746844442372,11.957769203788144,14.599192427825969
ADASTRA,MI250,Llama-3.3-70B-Instruct,Text Generation,sonnet,vllm,benchmark_serving.py,300,2,8,16,16,1,32768,--disable-log-requests,50.64,50.75,139.63,343.33,2942.97,123.47,123.5,1974.69,13.25,0.0003134855201038,3.1348552010382646,26.3233724357878,14.142304662321852,14.541334888463856
ADASTRA,MI250,Llama-3.3-70B-Instruct,Text Generation,sonnet,sglang,benchmark_serving.py,300,1,8,8,8,1,16384,,57.69,57.84,164.92,412.5,700.67,153.65,153.62,1713.0,11.5,0.000992122546977,9.921225469770024,22.846622209336044,10.386854232355082,14.46486156524969
ADASTRA,MI250,Llama-3.3-70B-Instruct,Text Generation,sonnet,vllm,benchmark_serving.py,300,2,8,16,16,1,4096,--disable-log-requests,50.63,50.73,141.78,350.67,2987.64,123.74,123.77,1965.08,13.18,0.0003091046782993,3.091046782993061,26.18437859533125,13.860064889265058,14.388865393195086
ADASTRA,MI250,Llama-3.3-70B-Instruct,Text Generation,sonnet,sglang,benchmark_serving.py,300,1,8,8,8,1,4096,,57.61,57.75,165.69,411.0,749.04,151.97,151.95,1727.06,11.58,0.0009497036924479,9.49703692447956,23.00574564027056,10.423441366407143,14.386447309265328
ADASTRA,MI250,Llama-3.3-70B-Instruct,Text Generation,sonnet,vllm,benchmark_serving.py,300,2,8,16,16,1,16384,--disable-log-requests,50.53,50.63,142.33,352.33,2996.69,124.25,124.27,1956.66,13.12,0.0003081464681792,3.081464681792549,26.06522474591071,13.747347713061195,14.309025673598692
ADASTRA,MI250,Llama-3.3-70B-Instruct,Text Generation,sonnet,sglang,benchmark_serving.py,300,1,8,8,8,1,32768,,57.75,57.89,166.56,411.5,771.88,152.0,151.94,1724.39,11.57,0.0009295235262404,9.295235262404493,22.98577421138736,10.352965898174832,14.288492308505177
ADASTRA,MI250,Llama-3.3-70B-Instruct,Text Generation,sonnet,sglang,benchmark_serving.py,300,4,8,32,32,1,16384,,56.41,56.61,123.5,302.5,856.7,161.07,161.05,1591.57,10.68,0.0008483059330516,8.483059330516959,21.21762221875488,12.887206477732793,14.222137799626918
ADASTRA,MI250,gemma-3-12b-it,Google,sonnet,vllm,benchmark_serving.py,500,2,8,16,16,1,16384,--disable-log-requests,54.17,54.18,110.27,263.33,14856.84,130.94,130.94,1881.21,12.54,6.614316555898912e-05,0.6614316555898911,24.913925702970293,17.060034460868778,14.154832529388472
ADASTRA,MI250,Llama-3.3-70B-Instruct,Text Generation,sonnet,sglang,benchmark_serving.py,300,4,8,32,32,1,4096,,56.16,56.34,124.07,305.5,858.12,161.82,161.79,1582.19,10.62,0.0008462169869597,8.462169869597963,21.0983831090965,12.752397839929074,14.13135532153342
ADASTRA,MI250,gemma-3-12b-it,Google,sonnet,vllm,benchmark_serving.py,500,1,8,8,8,1,4096,--disable-log-requests,55.55,55.58,115.88,285.0,14610.51,128.76,128.76,1912.18,12.75,6.725840612374336e-05,0.6725840612374335,25.33109775420405,16.501380738695204,14.121693653632567
ADASTRA,MI250,Llama-3.3-70B-Instruct,Text Generation,sonnet,sglang,benchmark_serving.py,300,4,8,32,32,1,32768,,56.8,56.98,122.51,301.0,882.42,162.07,162.04,1579.84,10.58,0.0008288231540036,8.288231540036303,21.01923667961922,12.895600359154354,14.091131309612273
ADASTRA,MI250,gemma-3-12b-it,Google,sonnet,vllm,benchmark_serving.py,500,1,8,8,8,1,32768,--disable-log-requests,55.62,55.65,116.77,282.0,14680.76,128.84,128.84,1909.87,12.73,6.694139414825109e-05,0.6694139414825109,25.291423176947884,16.355827695469728,14.060549482816649
ADASTRA,MI250,gemma-3-12b-it,Google,sonnet,vllm,benchmark_serving.py,1000,2,8,16,16,1,16384,--disable-log-requests,54.17,54.18,110.07,263.33,30372.12,130.69,130.69,1874.05,12.49,3.264400084874402e-05,0.3264400084874402,24.814617765857072,17.025983465067686,13.996274352098794
ADASTRA,MI250,Llama-3.3-70B-Instruct,Text Generation,sonnet,vllm,benchmark_serving.py,300,4,8,32,32,1,32768,--disable-log-requests,50.7,50.84,121.28,286.67,3203.24,134.58,134.61,1812.56,12.16,0.0002879827671112,2.8798276711121606,24.15793064141348,14.945250659630606,13.97531803734051
ADASTRA,MI250,Llama-3.3-70B-Instruct,Text Generation,sonnet,vllm,benchmark_serving.py,300,4,8,32,32,1,4096,--disable-log-requests,50.91,51.03,121.9,286.67,3231.89,133.86,133.89,1816.43,12.19,0.0002857436764924,2.8574367649243926,24.21747733263335,14.900984413453653,13.9737858054748
ADASTRA,MI250,gemma-3-12b-it,Google,sonnet,vllm,benchmark_serving.py,1000,1,8,8,8,1,32768,--disable-log-requests,55.62,55.65,116.66,282.5,29750.82,128.05,128.05,1911.61,12.75,3.332564621760581e-05,0.3332564621760581,25.331047724957905,16.386164923709927,13.969436199212725
ADASTRA,MI250,gemma-3-12b-it,Google,sonnet,vllm,benchmark_serving.py,1000,2,8,16,16,1,4096,--disable-log-requests,54.38,54.39,112.25,271.5,30486.65,130.62,130.62,1874.41,12.5,3.2522556832355004e-05,0.32522556832355,24.834385317794705,16.698530066815145,13.897797322661052
ADASTRA,MI250,gemma-3-12b-it,Google,sonnet,vllm,benchmark_serving.py,1000,1,8,8,8,1,4096,--disable-log-requests,55.55,55.58,115.58,284.33,30086.9,129.24,129.25,1894.85,12.63,3.2953934683324216e-05,0.3295393468332421,25.0927459265628,16.394272365461152,13.889744149902224
ADASTRA,MI250,Llama-3.3-70B-Instruct,Text Generation,sonnet,vllm,benchmark_serving.py,300,4,8,32,32,1,16384,--disable-log-requests,50.91,51.03,122.63,290.0,3236.24,134.82,134.86,1807.92,12.13,0.0002852318364366,2.8523183643665573,24.098315540781847,14.742885101524914,13.880938760238427
ADASTRA,MI250,gemma-3-12b-it,Google,sonnet,vllm,benchmark_serving.py,500,2,8,16,16,1,32768,--disable-log-requests,54.19,54.2,113.4,270.0,14973.36,132.15,132.16,1858.21,12.39,6.562683139876372e-05,0.6562683139876372,24.6158685983107,16.386331569664904,13.836152652474205
ADASTRA,MI250,gemma-3-12b-it,Google,sonnet,vllm,benchmark_serving.py,500,2,8,16,16,1,4096,--disable-log-requests,54.38,54.39,112.35,270.0,15086.86,133.36,133.36,1847.39,12.32,6.513138955214354e-05,0.6513138955214354,24.47676766807728,16.443168669336895,13.805361705811372
ADASTRA,MI250,gemma-3-12b-it,Google,sonnet,vllm,benchmark_serving.py,500,1,8,8,8,1,16384,--disable-log-requests,55.55,55.59,116.0,280.5,14991.18,131.88,131.88,1868.5,12.46,6.555253576874115e-05,0.6555253576874115,24.75492301803334,16.107758620689655,13.794035206365749
ADASTRA,MI250,gemma-3-12b-it,Google,sonnet,vllm,benchmark_serving.py,1000,2,8,16,16,1,32768,--disable-log-requests,54.19,54.2,113.27,270.67,30730.34,131.65,131.66,1860.81,12.41,3.226467357023132e-05,0.3226467357023131,24.65556859311773,16.428092169153352,13.749582705927889
ADASTRA,MI250,Llama-3.3-70B-Instruct,Text Generation,sonnet,vllm,benchmark_serving.py,500,2,8,16,16,1,32768,--disable-log-requests,50.74,50.75,138.95,348.0,14248.21,123.7,123.72,1967.75,13.19,6.898630828739421e-05,0.689863082873942,26.204349955071837,14.161568909679742,13.675734483999085
ADASTRA,MI250,Llama-3.3-70B-Instruct,Text Generation,sonnet,vllm,benchmark_serving.py,500,2,8,16,16,1,4096,--disable-log-requests,50.72,50.73,141.54,355.67,14260.97,123.64,123.67,1967.51,13.19,6.892615802838104e-05,0.6892615802838105,26.20432867168173,13.900734774622016,13.59205581354733
ADASTRA,MI250,gemma-3-12b-it,Google,sonnet,vllm,benchmark_serving.py,1000,1,8,8,8,1,16384,--disable-log-requests,55.55,55.59,115.91,282.5,30694.53,132.14,132.14,1854.15,12.36,3.230098314502399e-05,0.3230098314502398,24.556304546988763,15.996462772841,13.57783497597838
ADASTRA,MI250,Llama-3.3-70B-Instruct,Text Generation,sonnet,vllm,benchmark_serving.py,500,2,8,16,16,1,16384,--disable-log-requests,50.62,50.63,141.95,357.0,14274.56,123.99,124.01,1962.34,13.16,6.885838309499152e-05,0.6885838309499152,26.14466656542648,13.824163437830222,13.547037434873644
ADASTRA,MI250,Llama-3.3-70B-Instruct,Text Generation,sonnet,vllm,benchmark_serving.py,300,1,8,8,8,1,32768,--disable-log-requests,50.81,50.95,168.98,419.67,3043.0,125.32,125.36,1937.88,13.02,0.0003036117655631,3.0361176556313905,25.866213132400432,11.468102734051367,13.49658534282726
ADASTRA,MI250,Llama-3.3-70B-Instruct,Text Generation,sonnet,vllm,benchmark_serving.py,300,1,8,8,8,1,16384,--disable-log-requests,50.77,50.89,169.01,427.33,3053.73,125.77,125.8,1933.32,12.97,0.0003025443983904,3.025443983904637,25.76713686038566,11.439086444589078,13.449985149327205
ADASTRA,MI250,Llama-3.3-70B-Instruct,Text Generation,sonnet,vllm,benchmark_serving.py,300,1,8,8,8,1,4096,--disable-log-requests,50.62,50.74,169.4,424.67,3061.66,125.83,125.86,1932.3,12.96,0.0003018093470354,3.0180934703547773,25.74731192745443,11.40672963400236,13.430391318135886
ADASTRA,MI250,gemma-3-12b-it,Google,sharegpt,vllm,benchmark_serving.py,250,1,8,8,8,1,16384,--disable-log-requests,54.57,55.17,111.45,273.0,332.0,125.12,129.48,1233.24,6.03,0.0017047391749062,17.047391749062392,12.00131884093055,11.065410497981157,13.41749295995157
ADASTRA,MI250,Llama-3.3-70B-Instruct,Text Generation,sonnet,vllm,benchmark_serving.py,1000,2,8,16,16,1,32768,--disable-log-requests,50.74,50.75,138.43,346.33,29374.39,124.53,124.55,1942.44,13.02,3.3757017662009214e-05,0.3375701766200921,25.86661839158049,14.031929495051653,13.39964155160473
ADASTRA,MI250,Llama-3.3-70B-Instruct,Text Generation,sonnet,vllm,benchmark_serving.py,1000,2,8,16,16,1,4096,--disable-log-requests,50.72,50.73,141.1,356.0,29150.58,123.87,123.9,1952.76,13.1,3.401551447615257e-05,0.3401551447615257,26.02540974433581,13.83954642097803,13.392946917006064
ADASTRA,MI250,gemma-3-12b-it,Google,sharegpt,vllm,benchmark_serving.py,250,2,8,16,16,1,32768,--disable-log-requests,53.72,54.25,108.25,260.0,338.05,127.2,130.74,1219.0,5.99,0.0016778805013506,16.778805013506936,11.921419766691972,11.260969976905312,13.36158681787733
ADASTRA,MI250,Llama-3.3-70B-Instruct,Text Generation,sonnet,vllm,benchmark_serving.py,1000,2,8,16,16,1,16384,--disable-log-requests,50.62,50.63,141.63,356.33,29216.12,124.09,124.12,1948.11,13.07,3.393934292753306e-05,0.3393934292753305,25.965793756819878,13.754924804066937,13.345339580573787
ADASTRA,MI250,gemma-3-12b-it,Google,sharegpt,vllm,benchmark_serving.py,250,1,8,8,8,1,32768,--disable-log-requests,54.62,55.18,111.2,274.0,333.75,126.55,129.26,1216.42,5.95,0.0016961802021846,16.961802021846804,11.842075639945351,10.939028776978418,13.293807613642429
ADASTRA,MI250,gemma-3-12b-it,Google,sharegpt,vllm,benchmark_serving.py,250,1,8,8,8,1,4096,--disable-log-requests,54.18,54.75,112.9,277.0,335.06,126.17,129.02,1225.64,5.99,0.001694197373994,16.941973739940703,11.92173558617442,10.855978742249778,13.28757436839907
ADASTRA,MI250,gemma-3-12b-it,Google,sharegpt,vllm,benchmark_serving.py,250,2,8,16,16,1,16384,--disable-log-requests,53.79,54.38,107.96,257.67,340.42,128.15,134.19,1216.04,5.95,0.0016590351051828,16.590351051828257,11.842057627312826,11.263801407928865,13.271435401445206
ADASTRA,MI250,Llama-3.3-70B-Instruct,Text Generation,sonnet,vllm,benchmark_serving.py,500,4,8,32,32,1,4096,--disable-log-requests,51.0,51.03,121.46,290.33,15381.42,134.19,134.22,1815.13,12.18,6.389845768292691e-05,0.6389845768292691,24.197627550880807,14.94426148526264,13.22661179870547
ADASTRA,MI250,Llama-3.3-70B-Instruct,Text Generation,sonnet,vllm,benchmark_serving.py,500,4,8,32,32,1,16384,--disable-log-requests,51.0,51.03,122.59,293.33,15379.79,134.02,134.05,1819.32,12.2,6.390650223097599e-05,0.6390650223097598,24.23746833231414,14.84068847377437,13.207041652179925
ADASTRA,MI250,gemma-3-12b-it,Google,sharegpt,vllm,benchmark_serving.py,250,2,8,16,16,1,4096,--disable-log-requests,54.33,54.95,108.37,260.0,340.51,129.55,132.34,1200.75,5.91,0.0016600265604249,16.600265604249667,11.762107801700562,11.080095967518686,13.18883766762906
ADASTRA,MI250,Llama-3.3-70B-Instruct,Text Generation,sonnet,vllm,benchmark_serving.py,500,4,8,32,32,1,32768,--disable-log-requests,50.81,50.84,121.1,290.67,15495.32,135.28,135.31,1801.97,12.09,6.34279911530638e-05,0.634279911530638,24.01884976241139,14.880016515276631,13.14366937402881
ADASTRA,MI250,Llama-3.3-70B-Instruct,Text Generation,sonnet,vllm,benchmark_serving.py,1000,4,8,32,32,1,4096,--disable-log-requests,51.0,51.03,121.15,291.33,31367.29,133.98,134.0,1810.75,12.14,3.161028813725946e-05,0.3161028813725945,24.118301159148384,14.946347503095335,13.09052857476764
ADASTRA,MI250,Llama-3.3-70B-Instruct,Text Generation,sonnet,vllm,benchmark_serving.py,1000,4,8,32,32,1,16384,--disable-log-requests,51.0,51.03,122.26,294.0,31409.94,133.87,133.9,1810.44,12.14,3.156793846524891e-05,0.3156793846524891,24.11827365602608,14.808113855717323,13.046140467660258
ADASTRA,MI250,Llama-3.3-70B-Instruct,Text Generation,sonnet,vllm,benchmark_serving.py,1000,4,8,32,32,1,32768,--disable-log-requests,50.81,50.84,120.69,291.33,31598.3,134.98,135.01,1796.41,12.05,3.137915463929819e-05,0.3137915463929819,23.93941862136846,14.884497472864364,13.009130648355487
ADASTRA,MI250,Llama-3.3-70B-Instruct,Text Generation,sharegpt,vllm,benchmark_serving.py,250,2,8,16,16,1,4096,--disable-log-requests,50.43,50.7,133.3,336.67,374.29,121.84,124.43,1294.63,6.32,0.0016114477246358,16.11447724635813,12.578595026711252,9.712153038259563,12.863533545086652
ADASTRA,MI250,Llama-3.3-70B-Instruct,Text Generation,sharegpt,vllm,benchmark_serving.py,250,2,8,16,16,1,32768,--disable-log-requests,50.39,50.72,133.24,341.67,376.27,122.21,124.67,1286.81,6.28,0.0016047500601781,16.047500601781273,12.499001306946925,9.657835484839389,12.796318004116191
ADASTRA,MI250,Llama-3.3-70B-Instruct,Text Generation,sharegpt,vllm,benchmark_serving.py,250,2,8,16,16,1,16384,--disable-log-requests,50.25,50.53,133.53,339.67,375.89,122.14,124.63,1281.26,6.26,0.0016060129123438,16.060129123438152,12.459127003852368,9.5952969370179,12.767042103124504
ADASTRA,MI250,Llama-3.3-70B-Instruct,Text Generation,sonnet,vllm,benchmark_serving.py,500,1,8,8,8,1,32768,--disable-log-requests,50.92,50.95,168.29,430.0,14512.23,125.55,125.58,1935.33,12.98,6.773525809842746e-05,0.6773525809842746,25.787049699483145,11.499970289381425,12.67788726796098
ADASTRA,MI250,Llama-3.3-70B-Instruct,Text Generation,sonnet,vllm,benchmark_serving.py,500,1,8,8,8,1,16384,--disable-log-requests,50.86,50.89,168.75,436.67,14518.44,125.38,125.41,1936.88,12.99,6.770833685980921e-05,0.677083368598092,25.80692169221538,11.477807407407408,12.677460091046951
ADASTRA,MI250,Llama-3.3-70B-Instruct,Text Generation,sonnet,vllm,benchmark_serving.py,500,1,8,8,8,1,4096,--disable-log-requests,50.71,50.74,169.04,433.67,14518.52,125.74,125.77,1932.42,12.96,6.770466952335236e-05,0.6770466952335236,25.74732257965025,11.431732134406058,12.642439836470423
ADASTRA,MI250,Llama-3.3-70B-Instruct,Text Generation,sonnet,vllm,benchmark_serving.py,1000,1,8,8,8,1,32768,--disable-log-requests,50.92,50.95,168.07,430.33,29543.14,125.37,125.4,1926.54,12.92,3.3563906180826886e-05,0.3356390618082688,25.667863013416103,11.462723865056226,12.50926234239428
ADASTRA,MI250,Llama-3.3-70B-Instruct,Text Generation,sonnet,vllm,benchmark_serving.py,1000,1,8,8,8,1,16384,--disable-log-requests,50.86,50.89,168.21,437.0,29587.82,125.47,125.5,1925.04,12.91,3.3513423299001065e-05,0.3351342329900106,25.647995459119173,11.44426609595149,12.4964292460216
ADASTRA,MI250,Llama-3.3-70B-Instruct,Text Generation,sonnet,vllm,benchmark_serving.py,1000,1,8,8,8,1,4096,--disable-log-requests,50.71,50.74,168.77,435.0,29601.05,125.65,125.67,1922.03,12.89,3.349817786661495e-05,0.3349817786661495,25.60825946292353,11.388457664276826,12.465008474709077
ADASTRA,MI250,Llama-3.3-70B-Instruct,Text Generation,sharegpt,vllm,benchmark_serving.py,250,4,8,32,32,1,4096,--disable-log-requests,50.42,50.7,119.47,287.5,391.98,131.78,135.18,1218.24,5.96,0.0015175888548274,15.1758885482745,11.861967652344388,10.19703691303256,12.45592292038084
ADASTRA,MI250,Llama-3.3-70B-Instruct,Text Generation,sharegpt,vllm,benchmark_serving.py,250,4,8,32,32,1,16384,--disable-log-requests,50.41,50.7,117.29,281.67,395.25,132.23,135.79,1215.06,5.93,0.0015076816379453,15.076816379453314,11.802399364450158,10.359450933583425,12.453957651673878
ADASTRA,MI250,Llama-3.3-70B-Instruct,Text Generation,sharegpt,vllm,benchmark_serving.py,250,4,8,32,32,1,32768,--disable-log-requests,50.51,50.8,117.22,283.0,392.12,132.51,135.81,1207.78,5.91,0.0015141420870934,15.141420870934526,11.76244312798161,10.303531820508445,12.444443942194187
ADASTRA,MI250,Llama-3.3-70B-Instruct,Text Generation,sharegpt,vllm,benchmark_serving.py,250,1,8,8,8,1,16384,--disable-log-requests,50.26,50.56,156.86,403.33,390.3,123.61,126.95,1289.05,6.29,0.0015604032081889,15.60403208188996,12.51891318109531,8.217837562157337,12.19150940930534
ADASTRA,MI250,Llama-3.3-70B-Instruct,Text Generation,sharegpt,vllm,benchmark_serving.py,250,1,8,8,8,1,4096,--disable-log-requests,50.4,50.69,158.17,404.0,393.61,123.98,127.43,1286.5,6.28,0.0015503395243558,15.50339524355834,12.49898667986819,8.133653663779478,12.123579026374452
ADASTRA,MI250,Llama-3.3-70B-Instruct,Text Generation,sharegpt,vllm,benchmark_serving.py,250,1,8,8,8,1,32768,--disable-log-requests,50.37,50.69,156.9,409.0,393.33,124.22,128.18,1277.79,6.24,0.0015486348783547,15.486348783547305,12.419350949744166,8.14397705544933,12.094010567062886
ADASTRA,MI250,gemma-3-12b-it,Google,sonnet,vllm,benchmark_serving.py,150,2,8,16,16,1,16384,--disable-log-requests,49.56,51.19,109.82,335.0,876.0,121.21,121.21,1128.84,7.53,0.0008941184885821,8.941184885821068,14.960206974840943,10.27900200327809,11.415753873674074
ADASTRA,MI250,gemma-3-12b-it,Google,sonnet,vllm,benchmark_serving.py,150,2,8,16,16,1,4096,--disable-log-requests,49.69,51.42,112.03,346.5,916.67,120.3,120.3,1138.65,7.59,0.000864102586259,8.641025862590407,15.079483354271357,10.16379541194323,11.317387665554833
ADASTRA,MI250,gemma-3-12b-it,Google,sonnet,vllm,benchmark_serving.py,150,1,8,8,8,1,16384,--disable-log-requests,50.64,52.24,122.22,415.0,874.63,118.78,118.78,1153.89,7.69,0.0008991269477337,8.991269477337505,15.278179892904491,9.441089837997056,11.272761534041337
ADASTRA,MI250,gemma-3-12b-it,Google,sonnet,vllm,benchmark_serving.py,150,2,8,16,16,1,32768,--disable-log-requests,49.65,51.31,113.3,344.33,896.57,121.85,121.85,1125.67,7.51,0.0008769852754172,8.769852754172257,14.9204569441748,9.93530450132392,11.234002737861656
ADASTRA,MI250,gemma-3-12b-it,Google,sonnet,vllm,benchmark_serving.py,150,1,8,8,8,1,4096,--disable-log-requests,50.73,52.39,121.17,412.33,907.91,118.69,118.69,1149.55,7.67,0.0008731413004566,8.73141300456653,15.238327197939888,9.487084261780968,11.185578632622091
ADASTRA,MI250,gemma-3-12b-it,Google,sonnet,vllm,benchmark_serving.py,150,1,8,8,8,1,32768,--disable-log-requests,50.77,52.39,122.23,416.0,915.51,120.19,120.19,1139.29,7.6,0.000865134225575,8.65134225575098,15.099275431819969,9.320870490059724,11.057888570593231
ADASTRA,MI250,Llama-3.3-70B-Instruct,Text Generation,sharegpt,sglang,benchmark_serving.py,500,1,8,8,8,1,4096,,46.51,60.12,109.98,383.5,835.61,314.87,313.68,224.1,12.28,0.0006829854660692,6.8298546606928205,23.284101869870543,2.037643207855974,10.890791046905456
ADASTRA,MI250,Llama-3.3-70B-Instruct,Text Generation,sharegpt,sglang,benchmark_serving.py,300,1,8,8,8,1,32768,,58.41,58.55,162.04,407.5,435.8,183.41,202.85,1240.82,6.09,0.0012164562197406,12.164562197406516,12.120511985628474,7.657491977289558,10.707322654964557
ADASTRA,MI250,Llama-3.3-70B-Instruct,Text Generation,sharegpt,sglang,benchmark_serving.py,300,1,8,8,8,1,4096,,58.32,58.45,162.67,410.0,437.67,183.0,200.99,1243.8,6.08,0.0012170484141859,12.17048414185916,12.100848081415815,7.646154791910003,10.699022489324692
ADASTRA,MI250,Llama-3.3-70B-Instruct,Text Generation,sharegpt,sglang,benchmark_serving.py,250,1,8,8,8,1,16384,,57.69,57.89,161.95,403.0,420.36,166.17,179.48,1175.75,5.75,0.0013054659860837,13.054659860837328,11.444033008887008,7.259956776782958,10.65274174427682
ADASTRA,MI250,Llama-3.3-70B-Instruct,Text Generation,sharegpt,sglang,benchmark_serving.py,300,1,8,8,8,1,16384,,58.62,58.75,161.17,407.5,443.55,184.74,204.81,1234.13,6.03,0.0012003360941063,12.003360941063498,12.001360953425364,7.657318359496186,10.611947319164992
ADASTRA,MI250,Llama-3.3-70B-Instruct,Text Generation,sharegpt,sglang,benchmark_serving.py,500,1,8,8,8,1,16384,,47.27,60.64,112.16,382.5,816.92,318.65,318.08,223.79,11.62,0.0006879235029064,6.879235029064769,22.092857567647933,1.995274607703281,10.48899935734737
ADASTRA,MI250,Llama-3.3-70B-Instruct,Text Generation,sharegpt,sglang,benchmark_serving.py,250,1,8,8,8,1,32768,,57.48,57.7,162.31,407.5,459.88,166.12,180.85,1174.13,5.77,0.0012393877424552,12.39387742455227,11.483566573438427,7.233873452036227,10.43317046396843
ADASTRA,MI250,Llama-3.3-70B-Instruct,Text Generation,sharegpt,sglang,benchmark_serving.py,250,1,8,8,8,1,4096,,57.36,57.59,163.1,408.5,512.54,165.42,177.59,1177.73,5.75,0.0011688387586932,11.688387586932384,11.444126643458276,7.220907418761496,10.175745212336505
ADASTRA,MI250,Llama-3.3-70B-Instruct,Text Generation,sharegpt,sglang,benchmark_serving.py,500,1,8,8,8,1,32768,,48.02,61.16,117.03,395.0,833.2,308.59,309.19,219.65,10.89,0.0006891893754565,6.891893754565879,20.75117983863972,1.876869178843032,9.999243158919674
ADASTRA,MI250,gemma-3-12b-it,Google,sharegpt,vllm,benchmark_serving.py,150,1,8,8,8,1,4096,--disable-log-requests,50.18,51.1,113.94,376.0,625.83,115.26,117.68,934.73,4.58,0.0011644561407594,11.644561407594583,9.115336576848962,8.203703703703704,9.683550499895992
ADASTRA,MI250,gemma-3-12b-it,Google,sharegpt,vllm,benchmark_serving.py,150,2,8,16,16,1,4096,--disable-log-requests,49.53,50.58,106.65,292.0,670.65,117.25,121.99,925.6,4.55,0.0010990339491586,10.990339491586894,9.055485674353598,8.678856071261134,9.59281449922333
ADASTRA,MI250,gemma-3-12b-it,Google,sharegpt,vllm,benchmark_serving.py,150,1,8,8,8,1,32768,--disable-log-requests,50.52,51.53,112.27,339.0,680.0,113.9,117.77,948.97,4.65,0.0010968881283797,10.968881283797868,9.254651748075757,8.452569698049345,9.580823534212822
ADASTRA,MI250,gemma-3-12b-it,Google,sharegpt,vllm,benchmark_serving.py,150,2,8,16,16,1,16384,--disable-log-requests,49.26,50.26,105.98,282.0,696.35,116.82,121.04,931.92,4.55,0.0010704231382665,10.704231382665569,9.055786090317897,8.793357237214568,9.53228025672304
ADASTRA,MI250,gemma-3-12b-it,Google,sharegpt,vllm,benchmark_serving.py,150,1,8,8,8,1,16384,--disable-log-requests,50.3,51.28,111.74,346.67,696.5,115.18,120.68,939.04,4.6,0.001072547084817,10.725470848170232,9.15515238862278,8.40379452299982,9.448626147869566
ADASTRA,MI250,gemma-3-12b-it,Google,sharegpt,vllm,benchmark_serving.py,150,2,8,16,16,1,32768,--disable-log-requests,49.55,50.61,106.35,284.0,735.97,115.74,119.09,933.02,4.57,0.0010300782859497,10.30078285949732,9.095449823483612,8.773107663375647,9.402113564493725
ADASTRA,MI250,gemma-3-12b-it,Google,sharegpt,vllm,benchmark_serving.py,300,2,8,16,16,1,32768,--disable-log-requests,54.89,55.0,108.22,261.5,3594.01,127.82,134.95,1240.1,6.09,0.0002592836511286,2.5928365112866167,12.120477615772876,11.459064867861764,8.669427560915992
ADASTRA,MI250,gemma-3-12b-it,Google,sharegpt,vllm,benchmark_serving.py,300,2,8,16,16,1,16384,--disable-log-requests,55.02,55.14,108.17,258.33,3572.97,127.43,130.57,1238.2,6.07,0.0002610304961928,2.610304961928702,12.080776680302508,11.446796708884165,8.657942705201544
ADASTRA,MI250,gemma-3-12b-it,Google,sharegpt,vllm,benchmark_serving.py,300,2,8,16,16,1,4096,--disable-log-requests,55.59,55.7,109.15,263.5,3601.53,128.05,133.47,1235.21,6.05,0.0002588628156508,2.588628156508458,12.041023637271804,11.31662849289968,8.595402727613187
ADASTRA,MI250,gemma-3-12b-it,Google,sharegpt,vllm,benchmark_serving.py,300,1,8,8,8,1,16384,--disable-log-requests,55.78,55.92,111.46,274.33,3559.31,126.52,131.0,1243.0,6.09,0.0002619975215034,2.619975215034466,12.120615808308449,11.15198277408936,8.580435435645185
ADASTRA,MI250,gemma-3-12b-it,Google,sharegpt,vllm,benchmark_serving.py,300,1,8,8,8,1,32768,--disable-log-requests,55.8,55.94,111.51,275.0,3592.85,127.16,131.74,1241.98,6.07,0.0002596222496267,2.5962224962679303,12.080956051440248,11.137835171733476,8.554347961175495
ADASTRA,MI250,gemma-3-12b-it,Google,sharegpt,vllm,benchmark_serving.py,300,1,8,8,8,1,4096,--disable-log-requests,55.57,55.75,113.14,279.0,3562.8,126.73,133.91,1233.63,6.03,0.0002615445776578,2.61544577657816,12.001337302163495,10.903570797242356,8.458848901889718
ADASTRA,MI250,Llama-3.3-70B-Instruct,Text Generation,sharegpt,vllm,benchmark_serving.py,300,2,8,16,16,1,4096,--disable-log-requests,51.01,51.07,133.38,338.67,3460.38,123.38,126.25,1299.38,6.35,0.0002695410524499,2.695410524499934,12.638237614208144,9.741940320887691,8.330861269844808
ADASTRA,MI250,Llama-3.3-70B-Instruct,Text Generation,sharegpt,vllm,benchmark_serving.py,300,2,8,16,16,1,32768,--disable-log-requests,51.02,51.08,136.96,344.33,3454.56,122.98,125.85,1308.63,6.39,0.0002700228709371,2.700228709371684,12.717898891271616,9.554833528037385,8.299710113190685
ADASTRA,MI250,Llama-3.3-70B-Instruct,Text Generation,sharegpt,vllm,benchmark_serving.py,300,4,8,32,32,1,32768,--disable-log-requests,51.08,51.16,117.7,285.0,3738.92,132.83,136.54,1235.0,6.03,0.0002494829465931,2.494829465931856,12.001402061191106,10.492778249787596,8.286407759153837
ADASTRA,MI250,Llama-3.3-70B-Instruct,Text Generation,sharegpt,vllm,benchmark_serving.py,300,2,8,16,16,1,16384,--disable-log-requests,50.83,50.9,133.75,341.67,3472.0,123.85,126.54,1291.64,6.32,0.0002686446073624,2.686446073624741,12.578453573299642,9.657121495327104,8.280344758458963
ADASTRA,MI250,Llama-3.3-70B-Instruct,Text Generation,sharegpt,vllm,benchmark_serving.py,300,4,8,32,32,1,4096,--disable-log-requests,50.99,51.07,119.63,288.5,3748.77,133.19,136.93,1233.33,6.05,0.000248824924295,2.488249242950168,12.040934176765802,10.30953774136922,8.23897443994158
ADASTRA,MI250,Llama-3.3-70B-Instruct,Text Generation,sharegpt,vllm,benchmark_serving.py,300,4,8,32,32,1,16384,--disable-log-requests,50.99,51.07,117.47,282.67,3767.39,134.14,137.82,1221.21,5.98,0.0002475645834106,2.475645834106973,11.901719864079723,10.395930875968332,8.215002217693344
ADASTRA,MI250,gemma-3-12b-it,Google,sharegpt,vllm,benchmark_serving.py,500,2,8,16,16,1,32768,--disable-log-requests,54.99,55.0,107.75,261.5,16947.83,128.32,131.51,1236.24,6.05,5.811365403547025e-05,0.5811365403547025,12.041072535398335,11.47322505800464,7.9629831043175185
ADASTRA,MI250,Llama-3.3-70B-Instruct,Text Generation,sonnet,vllm,benchmark_serving.py,150,4,8,32,32,1,16384,--disable-log-requests,48.7,49.37,131.03,339.67,1525.18,156.01,156.01,871.77,5.85,0.0005443065534509,5.443065534509035,11.622010665208176,6.653209188735404,7.931152848299181
ADASTRA,MI250,gemma-3-12b-it,Google,sharegpt,vllm,benchmark_serving.py,500,2,8,16,16,1,4096,--disable-log-requests,55.69,55.7,108.65,261.5,16955.69,128.15,134.26,1232.27,6.04,5.807841747928053e-05,0.5807841747928053,12.02107840524586,11.341647491946617,7.913960474636065
ADASTRA,MI250,Llama-3.3-70B-Instruct,Text Generation,sonnet,vllm,benchmark_serving.py,150,4,8,32,32,1,4096,--disable-log-requests,48.67,49.37,128.57,336.0,1565.15,156.94,156.95,864.8,5.8,0.0005321866485013,5.321866485013623,11.52271996324374,6.726296958855098,7.879574419241134
ADASTRA,MI250,gemma-3-12b-it,Google,sharegpt,vllm,benchmark_serving.py,1000,2,8,16,16,1,32768,--disable-log-requests,54.99,55.0,108.27,261.5,30339.14,127.54,137.96,1238.46,6.06,3.2674783954328496e-05,0.3267478395432849,12.060983511715362,11.438625658077031,7.87218887001259
ADASTRA,MI250,Llama-3.3-70B-Instruct,Text Generation,sonnet,vllm,benchmark_serving.py,150,4,8,32,32,1,32768,--disable-log-requests,48.65,49.36,128.08,338.0,1583.52,156.71,156.69,865.1,5.8,0.0005271703603736,5.271703603736583,11.52274658399357,6.754372267332917,7.871512189374786
ADASTRA,MI250,gemma-3-12b-it,Google,sharegpt,vllm,benchmark_serving.py,500,1,8,8,8,1,16384,--disable-log-requests,55.89,55.92,111.19,273.67,16803.38,126.97,131.48,1237.35,6.07,5.861036008446925e-05,0.5861036008446925,12.080736195332229,11.128248943250291,7.867765192540247
ADASTRA,MI250,gemma-3-12b-it,Google,sharegpt,vllm,benchmark_serving.py,500,2,8,16,16,1,16384,--disable-log-requests,55.13,55.14,107.86,258.33,16988.66,129.07,132.18,1218.2,5.98,5.797131695179859e-05,0.5797131695179859,11.901576565537749,11.294270350454292,7.857805022064324
ADASTRA,MI250,gemma-3-12b-it,Google,sharegpt,vllm,benchmark_serving.py,500,1,8,8,8,1,4096,--disable-log-requests,55.72,55.75,112.96,278.0,16674.47,126.23,129.4,1241.53,6.09,5.90663965363465e-05,0.590663965363465,12.120545839277986,10.990881728045323,7.838893486552598
ADASTRA,MI250,gemma-3-12b-it,Google,sharegpt,vllm,benchmark_serving.py,500,1,8,8,8,1,32768,--disable-log-requests,55.9,55.94,111.26,276.33,16789.24,127.32,134.51,1233.75,6.04,5.86473458850383e-05,0.586473458850383,12.021148742932269,11.088890886212477,7.835036632194093
ADASTRA,MI250,gemma-3-12b-it,Google,sharegpt,vllm,benchmark_serving.py,1000,2,8,16,16,1,16384,--disable-log-requests,55.13,55.14,107.89,259.0,30360.57,128.46,136.51,1225.98,6.01,3.265248547454184e-05,0.3265248547454183,11.961362998076282,11.363240337380663,7.814118777921191
ADASTRA,MI250,gemma-3-12b-it,Google,sharegpt,vllm,benchmark_serving.py,1000,2,8,16,16,1,4096,--disable-log-requests,55.69,55.7,108.59,262.5,30296.7,127.86,135.13,1230.25,6.01,3.272284502885991e-05,0.3272284502885991,11.961565528286927,11.329312091352795,7.8035698219485745
ADASTRA,MI250,gemma-3-12b-it,Google,sharegpt,vllm,benchmark_serving.py,1000,1,8,8,8,1,16384,--disable-log-requests,55.89,55.92,111.21,274.67,30596.12,127.66,133.76,1239.1,6.06,3.240699031743944e-05,0.3240699031743944,12.061013845610203,11.141983634565236,7.77636323764764
ADASTRA,MI250,Llama-3.3-70B-Instruct,Text Generation,sharegpt,vllm,benchmark_serving.py,300,1,8,8,8,1,16384,--disable-log-requests,50.84,50.92,156.42,402.33,3586.0,126.13,129.67,1286.39,6.29,0.0002602946535478,2.602946535478161,12.51878748027354,8.22394834420151,7.773053035500062
ADASTRA,MI250,gemma-3-12b-it,Google,sharegpt,vllm,benchmark_serving.py,1000,1,8,8,8,1,32768,--disable-log-requests,55.9,55.94,111.36,277.33,30355.86,127.34,130.68,1240.16,6.05,3.266492192430361e-05,0.3266492192430361,12.041257893934407,11.136494252873565,7.768766579399871
ADASTRA,MI250,Llama-3.3-70B-Instruct,Text Generation,sharegpt,vllm,benchmark_serving.py,300,1,8,8,8,1,4096,--disable-log-requests,50.98,51.06,157.88,404.33,3567.84,125.98,129.64,1286.58,6.28,0.0002615432095536,2.615432095536504,12.498990455269713,8.149100582721054,7.746615853744851
ADASTRA,MI250,Llama-3.3-70B-Instruct,Text Generation,sharegpt,vllm,benchmark_serving.py,300,1,8,8,8,1,32768,--disable-log-requests,50.97,51.05,159.41,409.67,3572.16,125.75,129.48,1291.03,6.29,0.0002612746545295,2.6127465452958805,12.5190064132211,8.098801831754596,7.736412592057245
ADASTRA,MI250,Llama-3.3-70B-Instruct,Text Generation,sharegpt,vllm,benchmark_serving.py,150,4,8,32,32,1,32768,--disable-log-requests,48.55,49.04,119.77,335.0,944.37,137.46,147.68,821.74,4.02,0.0008133321404461,8.13332140446194,8.000859329587287,6.860983551807632,7.68113618615518
ADASTRA,MI250,Llama-3.3-70B-Instruct,Text Generation,sharegpt,vllm,benchmark_serving.py,150,4,8,32,32,1,4096,--disable-log-requests,48.4,48.94,120.2,333.0,984.15,135.53,145.22,831.17,4.06,0.0007905763301446,7.905763301446755,8.080529195550925,6.914891846921797,7.648104839994187
ADASTRA,MI250,gemma-3-12b-it,Google,sharegpt,vllm,benchmark_serving.py,1000,1,8,8,8,1,4096,--disable-log-requests,55.72,55.75,112.64,278.0,30135.52,127.9,132.35,1217.27,6.0,3.289931460857876e-05,0.3289931460857875,11.941141366991753,10.80672940340909,7.629999143537272
ADASTRA,MI250,Llama-3.3-70B-Instruct,Text Generation,sharegpt,vllm,benchmark_serving.py,150,4,8,32,32,1,16384,--disable-log-requests,48.45,48.94,119.26,328.33,975.17,138.26,151.1,819.75,4.01,0.0007908076518548,7.908076518548395,7.980959259978635,6.873637430823411,7.601836142562682
ADASTRA,MI250,Llama-3.3-70B-Instruct,Text Generation,sharegpt,vllm,benchmark_serving.py,500,4,8,32,32,1,4096,--disable-log-requests,51.04,51.07,119.65,288.5,17218.86,132.94,136.91,1236.47,6.05,5.717974624772211e-05,0.5717974624772211,12.041083443324856,10.334057668198913,7.595277961796359
ADASTRA,MI250,Llama-3.3-70B-Instruct,Text Generation,sharegpt,vllm,benchmark_serving.py,500,4,8,32,32,1,32768,--disable-log-requests,51.13,51.16,117.21,284.33,17221.69,133.26,136.88,1222.75,5.99,5.7169547154300045e-05,0.5716954715430005,11.92159854810619,10.432130364303388,7.586001683257809
ADASTRA,MI250,Llama-3.3-70B-Instruct,Text Generation,sharegpt,vllm,benchmark_serving.py,500,2,8,16,16,1,4096,--disable-log-requests,51.06,51.07,133.0,338.33,15947.52,124.04,126.83,1287.72,6.3,6.173453040703427e-05,0.6173453040703427,12.538656280428434,9.682105263157895,7.57131422294011
ADASTRA,MI250,Llama-3.3-70B-Instruct,Text Generation,sonnet,vllm,benchmark_serving.py,150,2,8,16,16,1,32768,--disable-log-requests,48.67,49.32,150.04,419.67,1595.9,156.17,156.2,868.58,5.82,0.0005240348587988,5.2403485879880725,11.562524245196704,5.788989602772594,7.5654534361700545
ADASTRA,MI250,Llama-3.3-70B-Instruct,Text Generation,sonnet,vllm,benchmark_serving.py,150,2,8,16,16,1,4096,--disable-log-requests,48.55,49.23,152.16,430.0,1612.58,155.0,155.02,873.57,5.86,0.00052012899199,5.201289919900136,11.641904870200015,5.741127760252367,7.563847111914809
ADASTRA,MI250,Llama-3.3-70B-Instruct,Text Generation,sharegpt,vllm,benchmark_serving.py,150,2,8,16,16,1,4096,--disable-log-requests,48.45,48.94,136.95,418.0,962.55,131.94,142.05,851.88,4.17,0.0008087081695699,8.08708169569929,8.299374101980025,6.220372398685652,7.561914138790376
ADASTRA,MI250,Llama-3.3-70B-Instruct,Text Generation,sharegpt,vllm,benchmark_serving.py,500,4,8,32,32,1,16384,--disable-log-requests,51.04,51.07,117.25,282.67,17249.05,133.77,137.45,1218.06,5.96,5.707674596338984e-05,0.5707674596338983,11.86195911831506,10.388571428571428,7.5514698936455025
ADASTRA,MI250,Llama-3.3-70B-Instruct,Text Generation,sharegpt,vllm,benchmark_serving.py,500,2,8,16,16,1,16384,--disable-log-requests,50.89,50.9,133.53,342.67,15941.89,123.49,126.18,1287.77,6.27,6.176057155703342e-05,0.6176057155703343,12.479240054403263,9.64405002621134,7.539023570178651
ADASTRA,MI250,Llama-3.3-70B-Instruct,Text Generation,sharegpt,vllm,benchmark_serving.py,1000,4,8,32,32,1,32768,--disable-log-requests,51.13,51.16,117.24,285.0,31394.51,132.86,136.56,1228.86,6.0,3.158167669016449e-05,0.3158167669016449,11.941693795248044,10.48157625383828,7.521657992359144
ADASTRA,MI250,Llama-3.3-70B-Instruct,Text Generation,sonnet,vllm,benchmark_serving.py,150,2,8,16,16,1,16384,--disable-log-requests,48.54,49.23,152.02,431.67,1629.23,156.0,156.0,868.05,5.82,0.0005151373098499,5.151373098499405,11.562477256342476,5.710103933692935,7.509942379427979
ADASTRA,MI250,Llama-3.3-70B-Instruct,Text Generation,sharegpt,vllm,benchmark_serving.py,150,2,8,16,16,1,16384,--disable-log-requests,48.29,48.75,136.79,417.67,978.13,132.16,141.76,846.36,4.14,0.000798690148157,7.986901481570225,8.239695238095237,6.187294392864976,7.49697709040305
ADASTRA,MI250,Llama-3.3-70B-Instruct,Text Generation,sharegpt,vllm,benchmark_serving.py,1000,2,8,16,16,1,32768,--disable-log-requests,51.07,51.08,136.57,345.33,28817.91,122.92,125.75,1299.12,6.34,3.4403772304825685e-05,0.3440377230482568,12.61841925451565,9.51248444021381,7.451230393240147
ADASTRA,MI250,Llama-3.3-70B-Instruct,Text Generation,sharegpt,vllm,benchmark_serving.py,1000,2,8,16,16,1,16384,--disable-log-requests,50.89,50.9,133.34,343.0,29029.68,123.68,126.3,1285.52,6.28,3.415340205453205e-05,0.3415340205453205,12.49894039324973,9.640917954102294,7.450855046003053
ADASTRA,MI250,Llama-3.3-70B-Instruct,Text Generation,sharegpt,vllm,benchmark_serving.py,500,2,8,16,16,1,32768,--disable-log-requests,51.07,51.08,136.35,344.67,15951.54,123.82,126.28,1282.04,6.25,6.172214664688266e-05,0.6172214664688266,12.439357598056338,9.402566923359002,7.448058297413437
ADASTRA,MI250,Llama-3.3-70B-Instruct,Text Generation,sharegpt,vllm,benchmark_serving.py,1000,4,8,32,32,1,16384,--disable-log-requests,51.04,51.07,117.1,283.0,31409.75,133.78,137.67,1208.74,5.92,3.1564460942136034e-05,0.3156446094213603,11.78229430457906,10.322288642186166,7.416431596259716
ADASTRA,MI250,Llama-3.3-70B-Instruct,Text Generation,sharegpt,vllm,benchmark_serving.py,1000,2,8,16,16,1,4096,--disable-log-requests,51.06,51.07,132.54,340.0,29408.95,124.06,126.99,1277.27,6.23,3.37154416722859e-05,0.337154416722859,12.399520218153487,9.636864342839898,7.414265965566726
ADASTRA,MI250,Llama-3.3-70B-Instruct,Text Generation,sharegpt,vllm,benchmark_serving.py,1000,4,8,32,32,1,4096,--disable-log-requests,51.04,51.07,119.25,287.5,31262.6,133.21,136.9,1215.58,5.94,3.1713100459808244e-05,0.3171310045980824,11.822230008513984,10.193542976939202,7.389316497078648
ADASTRA,MI250,Llama-3.3-70B-Instruct,Text Generation,sharegpt,vllm,benchmark_serving.py,150,2,8,16,16,1,32768,--disable-log-requests,48.36,48.95,134.98,410.0,1026.41,133.97,146.48,837.75,4.1,0.0007651929051313,7.651929051313835,8.160064144443783,6.206475033338273,7.3621496972258385
ADASTRA,MI250,Llama-3.3-70B-Instruct,Text Generation,sharegpt,vllm,benchmark_serving.py,500,1,8,8,8,1,16384,--disable-log-requests,50.89,50.92,156.54,403.67,16389.21,125.7,129.32,1288.74,6.31,6.0080880881843136e-05,0.6008088088184314,12.558510327786571,8.232656190111154,7.10861848728127
ADASTRA,MI250,Llama-3.3-70B-Instruct,Text Generation,sharegpt,vllm,benchmark_serving.py,500,1,8,8,8,1,32768,--disable-log-requests,51.02,51.05,159.57,410.0,16353.58,125.51,129.28,1297.27,6.34,6.021060465295511e-05,0.602106046529551,12.618331863057204,8.129786300683087,7.096480505478085
ADASTRA,MI250,Llama-3.3-70B-Instruct,Text Generation,sharegpt,vllm,benchmark_serving.py,150,1,8,8,8,1,16384,--disable-log-requests,48.39,48.79,169.65,515.0,992.44,133.56,144.67,845.73,4.13,0.0007869863930052,7.869863930052649,8.219859506271622,4.985145888594165,7.065752652700385
ADASTRA,MI250,Llama-3.3-70B-Instruct,Text Generation,sharegpt,vllm,benchmark_serving.py,500,1,8,8,8,1,4096,--disable-log-requests,51.03,51.06,157.05,405.33,16322.15,126.23,129.7,1272.85,6.24,6.032061613890148e-05,0.6032061613890148,12.419116715790132,8.104743712193567,7.021107766142851
ADASTRA,MI250,Llama-3.3-70B-Instruct,Text Generation,sharegpt,vllm,benchmark_serving.py,1000,1,8,8,8,1,32768,--disable-log-requests,51.02,51.05,159.01,409.67,29762.13,125.43,129.27,1288.62,6.3,3.3314643818151345e-05,0.3331464381815134,12.538698915763137,8.104018615181435,6.96971337719924
ADASTRA,MI250,Llama-3.3-70B-Instruct,Text Generation,sharegpt,vllm,benchmark_serving.py,1000,1,8,8,8,1,16384,--disable-log-requests,50.89,50.92,155.85,403.0,30052.7,126.56,130.27,1275.61,6.25,3.299292334787112e-05,0.3299292334787111,12.43905340676829,8.184857234520372,6.960608412730499
ADASTRA,MI250,Llama-3.3-70B-Instruct,Text Generation,sharegpt,vllm,benchmark_serving.py,1000,1,8,8,8,1,4096,--disable-log-requests,51.03,51.06,157.14,405.0,29745.06,126.0,129.5,1278.95,6.25,3.3332711122725706e-05,0.333327111227257,12.439211795829442,8.13892070764923,6.947117854847032
ADASTRA,MI250,Llama-3.3-70B-Instruct,Text Generation,sharegpt,vllm,benchmark_serving.py,150,1,8,8,8,1,4096,--disable-log-requests,48.46,48.92,167.41,520.67,1048.1,135.11,146.56,835.33,4.08,0.0007520097460463,7.520097460463088,8.120337856351485,4.989725822830178,6.914460271022612
ADASTRA,MI250,Llama-3.3-70B-Instruct,Text Generation,sharegpt,vllm,benchmark_serving.py,150,1,8,8,8,1,32768,--disable-log-requests,48.45,48.93,169.7,519.33,1073.29,133.82,145.54,846.17,4.13,0.0007392895427494,7.392895427494179,8.2198802775491,4.986269888037714,6.903950103886784
ADASTRA,MI250,Llama-3.3-70B-Instruct,Text Generation,sonnet,vllm,benchmark_serving.py,150,1,8,8,8,1,16384,--disable-log-requests,48.66,49.28,191.33,537.67,1828.95,162.23,162.21,832.23,5.59,0.0004643840641964,4.64384064196453,11.105406173163686,4.349709925260022,6.746651093226801
ADASTRA,MI250,Llama-3.3-70B-Instruct,Text Generation,sonnet,vllm,benchmark_serving.py,150,1,8,8,8,1,32768,--disable-log-requests,48.69,49.28,191.85,527.0,1820.16,162.23,162.24,832.41,5.58,0.0004662808969379,4.662808969379333,11.085687896036946,4.338858483189992,6.742923648862333
ADASTRA,MI250,Llama-3.3-70B-Instruct,Text Generation,sonnet,vllm,benchmark_serving.py,150,1,8,8,8,1,4096,--disable-log-requests,48.71,49.31,191.81,527.33,1808.6,163.25,163.26,828.44,5.56,0.0004683599439841,4.683599439841508,11.045866666666663,4.31906574214066,6.73011951369779
ADASTRA,MI250,Llama-3.3-70B-Instruct,Text Generation,sharegpt,sglang,benchmark_serving.py,150,1,8,8,8,1,16384,,55.75,56.08,166.76,500.5,1136.4,162.45,192.76,784.15,3.82,0.0006704165297899,6.704165297899584,7.602962041702095,4.702266730630847,6.3691486492664415
ADASTRA,MI250,Llama-3.3-70B-Instruct,Text Generation,sharegpt,sglang,benchmark_serving.py,150,1,8,8,8,1,32768,,55.87,56.19,167.57,499.0,1154.12,162.87,195.07,783.54,3.85,0.0006613494173511,6.613494173511635,7.662350296549359,4.675896640210062,6.350074044687958
ADASTRA,MI250,Llama-3.3-70B-Instruct,Text Generation,sharegpt,sglang,benchmark_serving.py,150,1,8,8,8,1,4096,,55.41,55.73,167.75,498.5,1164.4,163.81,196.41,779.28,3.8,0.0006559011425797,6.559011425797903,7.563119987740717,4.64548435171386,6.288079673151567
ADASTRA,MI250,Llama-3.3-70B-Instruct,Text Generation,sonnet,sglang,benchmark_serving.py,150,4,8,32,32,1,16384,,54.41,54.73,129.44,365.5,4717.58,159.75,159.83,757.41,5.08,0.0001985245654297,1.985245654297263,10.092310194232056,5.8514369592089,5.978828815446817
ADASTRA,MI250,Llama-3.3-70B-Instruct,Text Generation,sonnet,sglang,benchmark_serving.py,150,4,8,32,32,1,32768,,54.71,55.01,130.51,365.0,4776.85,160.28,160.38,753.54,5.06,0.0001961742105459,1.961742105459332,10.05249775902979,5.773810435981917,5.932460893440515
ADASTRA,MI250,Llama-3.3-70B-Instruct,Text Generation,sonnet,sglang,benchmark_serving.py,150,4,8,32,32,1,4096,,54.23,54.54,130.08,369.5,4718.09,161.5,161.6,751.02,5.04,0.0001983658620286,1.983658620286083,10.012805332910087,5.773523985239851,5.92632541936345
ADASTRA,MI250,Llama-3.3-70B-Instruct,Text Generation,sonnet,sglang,benchmark_serving.py,150,2,8,16,16,1,16384,,54.23,54.53,147.25,424.0,5198.34,156.32,156.38,758.56,5.09,0.0001814539542445,1.8145395424457087,10.112146664047664,5.15151103565365,5.703556841616915
ADASTRA,MI250,Llama-3.3-70B-Instruct,Text Generation,sonnet,sglang,benchmark_serving.py,150,2,8,16,16,1,4096,,54.06,54.37,145.41,415.5,5315.62,156.08,156.15,756.69,5.08,0.0001776877493181,1.7768774931812328,10.092246216049464,5.203837425211471,5.700730037206108
ADASTRA,MI250,Llama-3.3-70B-Instruct,Text Generation,sonnet,sglang,benchmark_serving.py,150,2,8,16,16,1,32768,,54.5,54.75,149.12,417.0,5281.35,155.1,155.14,761.21,5.1,0.0001788400079404,1.788400079404963,10.13211624538372,5.104680793991417,5.686473404505406
ADASTRA,MI250,Llama-3.3-70B-Instruct,Text Generation,sonnet,sglang,benchmark_serving.py,150,1,8,8,8,1,16384,,55.55,55.9,181.81,515.0,5796.78,140.05,140.16,811.13,5.45,0.0001645551498356,1.6455514983569168,10.827251463420607,4.461415763709367,5.668406051391357
ADASTRA,MI250,Llama-3.3-70B-Instruct,Text Generation,sonnet,sglang,benchmark_serving.py,150,1,8,8,8,1,32768,,55.81,56.15,183.65,514.5,5800.21,139.8,139.89,812.59,5.45,0.0001644763894142,1.6447638941429956,10.827381301647844,4.424666485161993,5.656422641820724
ADASTRA,MI250,Llama-3.3-70B-Instruct,Text Generation,sonnet,sglang,benchmark_serving.py,150,1,8,8,8,1,4096,,55.49,55.8,184.99,511.0,5844.32,141.06,141.17,805.63,5.4,0.000163224000457,1.632240004570272,10.728091439280917,4.354992161738472,5.596110182665715
ADASTRA,MI250,Llama-3.1-405B,Text Generation,sonnet,vllm,benchmark_serving.py,150,4,8,32,32,1,32768,--disable-log-requests,48.86,49.39,162.18,398.0,5185.34,409.23,409.23,331.24,2.21,0.0001665611779206,1.6656117792065026,4.390705653021443,2.04242200024664,2.712722967036426
ADASTRA,MI250,Llama-3.1-405B,Text Generation,sonnet,vllm,benchmark_serving.py,250,4,8,32,32,1,32768,--disable-log-requests,53.66,54.67,173.76,399.33,9968.08,589.79,589.79,378.68,2.52,8.970492462095185e-05,0.8970492462095184,5.00668205666317,2.179327808471455,2.70465354168758
ADASTRA,MI250,Llama-3.1-405B,Text Generation,sonnet,vllm,benchmark_serving.py,150,4,8,32,32,1,16384,--disable-log-requests,48.7,49.22,164.84,408.33,5204.83,409.84,409.84,330.78,2.21,0.0001659886032225,1.6598860322250273,4.390665185140695,2.006673137587964,2.699322817932494
ADASTRA,MI250,Llama-3.1-405B,Text Generation,sonnet,vllm,benchmark_serving.py,250,4,8,32,32,1,4096,--disable-log-requests,53.5,54.49,174.97,410.67,9970.33,591.28,591.28,377.78,2.52,8.96628586850583e-05,0.896628586850583,5.006603207993689,2.1591129907984223,2.698014967302548
ADASTRA,MI250,Llama-3.1-405B,Text Generation,sonnet,vllm,benchmark_serving.py,150,4,8,32,32,1,4096,--disable-log-requests,48.74,49.22,164.51,408.67,5163.65,411.53,411.53,329.73,2.2,0.0001670366528527,1.6703665285273552,4.370837224716055,2.004315847060969,2.6953903471622698
ADASTRA,MI250,Llama-3.1-405B,Text Generation,sonnet,vllm,benchmark_serving.py,250,4,8,32,32,1,16384,--disable-log-requests,53.49,54.49,176.45,409.67,9994.34,591.41,591.41,377.57,2.52,8.946816543737408e-05,0.8946816543737408,5.006584756241943,2.139812978180788,2.6911707326271848
ADASTRA,MI250,Llama-3.1-405B,Text Generation,sonnet,vllm,benchmark_serving.py,300,4,8,32,32,1,32768,--disable-log-requests,55.21,55.4,174.09,400.0,24407.48,596.84,596.84,382.59,2.55,3.906073006066913e-05,0.3906073006066912,5.06623305810874,2.1976563846286403,2.558575765044412
ADASTRA,MI250,Llama-3.1-405B,Text Generation,sonnet,vllm,benchmark_serving.py,300,4,8,32,32,1,16384,--disable-log-requests,55.03,55.22,177.28,410.33,24356.67,595.37,595.37,383.58,2.56,3.914291116007455e-05,0.3914291116007454,5.086055834671362,2.163695848375452,2.554727553212661
ADASTRA,MI250,Llama-3.1-405B,Text Generation,sonnet,vllm,benchmark_serving.py,300,4,8,32,32,1,4096,--disable-log-requests,55.04,55.22,175.65,411.33,24486.19,597.14,597.14,382.22,2.55,3.894009728015103e-05,0.3894009728015102,5.06620058736388,2.176031881582693,2.5512347325626945
ADASTRA,MI250,Llama-3.1-405B,Text Generation,sonnet,vllm,benchmark_serving.py,500,4,8,32,32,1,32768,--disable-log-requests,55.37,55.4,174.48,400.33,86077.28,594.22,594.22,383.82,2.56,1.145925341588885e-05,0.1145925341588885,5.086076919095191,2.199793672627236,2.4721615893471025
ADASTRA,MI250,Llama-3.1-405B,Text Generation,sonnet,vllm,benchmark_serving.py,500,4,8,32,32,1,4096,--disable-log-requests,55.19,55.22,175.7,411.33,86339.3,596.86,596.86,382.34,2.55,1.1424260239164603e-05,0.114242602391646,5.066211125256566,2.1760956175298807,2.457704865009954
ADASTRA,MI250,Llama-3.1-405B,Text Generation,sonnet,vllm,benchmark_serving.py,500,4,8,32,32,1,16384,--disable-log-requests,55.19,55.22,176.96,410.33,86441.0,596.17,596.17,382.44,2.55,1.1411182091199535e-05,0.1141118209119953,5.06621990181563,2.1611663652802893,2.452886022617085
ADASTRA,MI250,Llama-3.1-405B,Text Generation,sonnet,vllm,benchmark_serving.py,1000,4,8,32,32,1,32768,--disable-log-requests,55.37,55.4,173.95,400.33,172868.36,596.29,596.29,382.07,2.55,5.745114326051554e-06,0.0574511432605155,5.066187405751131,2.1964357574015523,2.444896549032457
ADASTRA,MI250,Llama-3.1-405B,Text Generation,sonnet,vllm,benchmark_serving.py,1000,4,8,32,32,1,4096,--disable-log-requests,55.19,55.22,175.71,410.67,172216.49,596.56,596.56,382.05,2.55,5.766693091576644e-06,0.0576669309157664,5.066185647425896,2.1743213249103635,2.437892700607481
ADASTRA,MI250,Llama-3.1-405B,Text Generation,sonnet,vllm,benchmark_serving.py,1000,4,8,32,32,1,16384,--disable-log-requests,55.19,55.22,176.99,410.33,172340.65,596.28,596.28,382.11,2.55,5.762585732148907e-06,0.057625857321489,5.066190921853065,2.158935533080965,2.432957075505257
ADASTRA,MI250,Llama-3.1-405B,Text Generation,sharegpt,vllm,benchmark_serving.py,150,4,8,32,32,1,32768,--disable-log-requests,48.95,49.64,151.12,399.33,3862.9,369.65,441.6,299.95,1.54,0.0002139426419776,2.139426419776857,3.064267471557929,1.9848464796188456,2.404406796531858
ADASTRA,MI250,Llama-3.1-405B,Text Generation,sharegpt,vllm,benchmark_serving.py,150,4,8,32,32,1,4096,--disable-log-requests,48.95,49.64,150.72,395.67,3875.51,370.65,445.65,298.35,1.54,0.0002131373606348,2.1313736063480837,3.064183533962453,1.979498407643312,2.3999289181514425
ADASTRA,MI250,Llama-3.1-405B,Text Generation,sharegpt,vllm,benchmark_serving.py,150,4,8,32,32,1,16384,--disable-log-requests,48.99,49.71,152.16,400.67,3822.42,370.54,442.03,298.16,1.53,0.0002157501957933,2.157501957933027,3.044377857119023,1.959516298633018,2.395684352680263
ADASTRA,MI250,Llama-3.1-405B,Text Generation,sharegpt,vllm,benchmark_serving.py,250,4,8,32,32,1,32768,--disable-log-requests,53.93,55.16,159.97,403.0,7985.82,470.7,613.8,346.43,1.78,0.0001102496935058,1.1024969350585203,3.5418017862783957,2.1655935487903983,2.272051500867479
ADASTRA,MI250,Llama-3.1-405B,Text Generation,sharegpt,vllm,benchmark_serving.py,250,4,8,32,32,1,16384,--disable-log-requests,54.8,56.24,161.49,406.67,7987.24,467.75,615.77,344.78,1.78,0.0001102443455675,1.1024434556751583,3.5417151431209604,2.1349928788160253,2.2622116448118086
ADASTRA,MI250,Llama-3.1-405B,Text Generation,sharegpt,vllm,benchmark_serving.py,250,4,8,32,32,1,4096,--disable-log-requests,53.36,54.39,158.32,398.67,7893.07,471.37,615.35,340.29,1.75,0.0001113611788248,1.1136117882489456,3.4820927376914983,2.149381000505306,2.250341458981449
ADASTRA,MI250,Llama-3.1-405B,Text Generation,sharegpt,vllm,benchmark_serving.py,300,4,8,32,32,1,4096,--disable-log-requests,54.82,55.0,159.27,398.67,16743.81,474.31,623.81,352.06,1.78,5.604774819764453e-05,0.5604774819764453,3.5420913407189687,2.210460224775538,2.102220671644613
ADASTRA,MI250,Llama-3.1-405B,Text Generation,sharegpt,vllm,benchmark_serving.py,300,4,8,32,32,1,32768,--disable-log-requests,55.6,55.77,159.6,402.67,16701.93,476.6,628.22,347.31,1.79,5.6158479228382495e-05,0.561584792283825,3.5616436551131483,2.1761278195488725,2.09825857437061
ADASTRA,MI250,Llama-3.1-405B,Text Generation,sharegpt,vllm,benchmark_serving.py,300,4,8,32,32,1,16384,--disable-log-requests,56.58,56.73,160.96,405.67,16617.08,478.25,626.58,346.38,1.78,5.642732639991964e-05,0.5642732639991964,3.541799172794118,2.151963220675944,2.084692859126029
ADASTRA,MI250,Llama-3.1-405B,Text Generation,sharegpt,vllm,benchmark_serving.py,500,4,8,32,32,1,32768,--disable-log-requests,55.74,55.77,159.51,403.33,50307.38,474.16,627.07,348.4,1.78,1.9451994519984104e-05,0.194519945199841,3.5419041635730197,2.184189079054605,1.9693247022802456
ADASTRA,MI250,Llama-3.1-405B,Text Generation,sharegpt,vllm,benchmark_serving.py,500,4,8,32,32,1,4096,--disable-log-requests,54.96,55.0,158.99,399.33,50008.06,478.32,631.27,346.6,1.78,1.9562714639659688e-05,0.1956271463965968,3.5418106665135767,2.180011321466759,1.9683324792588224
ADASTRA,MI250,Llama-3.1-405B,Text Generation,sharegpt,vllm,benchmark_serving.py,500,4,8,32,32,1,16384,--disable-log-requests,56.69,56.73,160.8,406.67,50099.04,478.96,631.49,346.78,1.78,1.952763052317061e-05,0.195276305231706,3.5418200596740874,2.156592039800995,1.9607222168042884
ADASTRA,MI250,Llama-3.1-405B,Text Generation,sharegpt,vllm,benchmark_serving.py,1000,4,8,32,32,1,32768,--disable-log-requests,55.74,55.77,159.7,403.67,83062.59,475.1,621.31,350.95,1.78,1.1882270464240308e-05,0.118822704642403,3.5420349842655856,2.1975579211020664,1.9479101489813777
ADASTRA,MI250,Llama-3.1-405B,Text Generation,sharegpt,vllm,benchmark_serving.py,1000,4,8,32,32,1,4096,--disable-log-requests,54.96,55.0,158.97,398.67,82416.71,478.7,630.5,345.02,1.79,1.1972332896462905e-05,0.119723328964629,3.5615224474496125,2.170346606277914,1.946134477989775
ADASTRA,MI250,Llama-3.1-405B,Text Generation,sharegpt,vllm,benchmark_serving.py,1000,4,8,32,32,1,16384,--disable-log-requests,56.69,56.73,160.97,406.67,82605.09,475.14,626.45,348.47,1.79,1.1946477867716174e-05,0.1194647786771617,3.561704448124251,2.1648133192520347,1.9443377992731317
