Supercomputer,Partition,Model,Dataset/Model Type,Dataset,Framework,Benchmark Type,Concurrency Level,Number of Nodes,GPUs per Node,Total Used GPUs,Tensor,Pipeline,Max Model Length,Additional Arguments,GPU Memory Usage Avg (GB),GPU Memory Usage Peak (GB),Power Usage Avg (W),Power Usage Peak (W),TTFT (ms),ITL (ms),TPOT (ms),Output Throughput (tokens/s),Request Throughput (requests/s),Latency Score,Latency Score Scaled,Throughput Score,Energy Score (Tokens/Watt),Global Score
MareNostrum5,ACC,gemma-3-12b-it,Text Generation,sonnet,sglang,benchmark_serving.py,150,1,4,4,1,1,32768,,55.03,63.59,135.12,228.68,0.0,0.0,0.0,0.0,0.0,inf,inf,0.0,0.0,inf
MareNostrum5,ACC,gemma-3-12b-it,Text Generation,sonnet,sglang,benchmark_serving.py,150,1,4,4,1,1,16384,,58.4,63.44,134.48,227.0,0.0,0.0,0.0,0.0,0.0,inf,inf,0.0,0.0,inf
MareNostrum5,ACC,gemma-3-12b-it,Text Generation,sharegpt,sglang,benchmark_serving.py,150,1,4,4,4,1,32768,,14.9,63.66,85.05,406.3,0.0,0.0,0.0,0.0,0.0,inf,inf,0.0,0.0,inf
MareNostrum5,ACC,gemma-3-12b-it,Text Generation,sonnet,sglang,benchmark_serving.py,150,1,4,4,1,1,4096,,58.37,63.33,137.37,231.95,0.0,0.0,0.0,0.0,0.0,inf,inf,0.0,0.0,inf
MareNostrum5,ACC,gemma-3-12b-it,Text Generation,sonnet,sglang,benchmark_serving.py,150,1,4,4,4,1,4096,,14.51,63.33,83.63,230.75,0.0,0.0,0.0,0.0,0.0,inf,inf,0.0,0.0,inf
MareNostrum5,ACC,gemma-3-12b-it,Text Generation,sonnet,sglang,benchmark_serving.py,150,1,4,4,4,1,16384,,14.86,63.45,83.49,228.94,0.0,0.0,0.0,0.0,0.0,inf,inf,0.0,0.0,inf
MareNostrum5,ACC,gemma-3-12b-it,Text Generation,sonnet,sglang,benchmark_serving.py,150,1,4,4,4,1,32768,,15.05,63.59,81.93,229.04,0.0,0.0,0.0,0.0,0.0,inf,inf,0.0,0.0,inf
MareNostrum5,ACC,gemma-3-12b-it,Text Generation,sharegpt,sglang,benchmark_serving.py,150,1,4,4,1,1,32768,,58.84,63.67,140.89,378.12,0.0,0.0,0.0,0.0,0.0,inf,inf,0.0,0.0,inf
MareNostrum5,ACC,Llama-3.1-8B-Instruct,Text Generation,sonnet,sglang,benchmark_serving.py,1000,2,4,8,4,2,4096,,53.9,54.05,169.74,301.94,1120.74,39.49,49.08,15545.91,151.13,0.0008269178291753,8.26917829175315,299.3498619230122,91.58660303994344,133.89818664580213
MareNostrum5,ACC,Llama-3.1-8B-Instruct,Text Generation,sonnet,sglang,benchmark_serving.py,1000,1,4,4,4,1,16384,,55.76,57.17,225.37,536.94,1077.28,39.59,49.82,16339.75,159.39,0.0008571257146285,8.571257146285648,315.7004246888019,72.5018857878156,133.45297527603077
MareNostrum5,ACC,Llama-3.1-8B-Instruct,Text Generation,sonnet,sglang,benchmark_serving.py,1000,2,4,8,4,2,16384,,54.28,54.44,177.96,301.56,1076.17,39.74,48.92,15661.43,151.02,0.0008584943725693,8.584943725693877,299.1553059266591,88.00533827826477,132.79339313084475
MareNostrum5,ACC,Llama-3.1-8B-Instruct,Text Generation,sonnet,sglang,benchmark_serving.py,1000,2,4,8,4,2,32768,,54.48,54.63,177.07,293.85,1153.51,40.58,50.83,15176.46,147.5,0.000803264466793,8.032644667930471,292.1604924575632,85.70881572259559,129.49248765389842
MareNostrum5,ACC,Llama-3.1-8B-Instruct,Text Generation,sonnet,sglang,benchmark_serving.py,1000,1,4,4,4,1,4096,,55.28,56.27,228.77,542.92,1120.92,40.63,51.44,15911.86,154.53,0.0008244091047741,8.24409104774153,306.0873943430976,69.5539624950824,129.1299730313117
MareNostrum5,ACC,Llama-3.1-8B-Instruct,Text Generation,sonnet,sglang,benchmark_serving.py,1000,1,4,4,4,1,32768,,56.41,58.21,233.95,545.95,1202.72,39.92,49.38,15701.23,152.84,0.0007739818269067,7.739818269067041,302.73311436117035,67.11361402008977,127.03715358070944
MareNostrum5,ACC,Llama-3.1-8B-Instruct,Text Generation,sonnet,sglang,benchmark_serving.py,500,1,4,4,4,1,16384,,54.73,54.98,207.77,474.92,550.65,25.18,27.33,14672.87,142.19,0.001657934876318,16.579348763180583,281.65061569781017,70.62073446599605,123.9968229458556
MareNostrum5,ACC,Llama-3.1-8B-Instruct,Text Generation,sonnet,sglang,benchmark_serving.py,500,1,4,4,4,1,32768,,55.1,55.34,210.89,470.91,547.66,26.25,28.67,14147.73,137.89,0.0016595306847223,16.595306847223608,273.1180711372695,67.08582673431647,119.97001306970895
MareNostrum5,ACC,Llama-3.1-8B-Instruct,Text Generation,sonnet,sglang,benchmark_serving.py,300,1,4,4,4,1,32768,,55.0,55.1,241.68,436.51,172.96,19.44,21.13,13146.31,127.66,0.0046831826909567,46.83182690956775,252.8645061876741,54.39552300562728,119.30332061486295
MareNostrum5,ACC,Llama-3.1-8B-Instruct,Text Generation,sonnet,sglang,benchmark_serving.py,500,1,4,4,4,1,4096,,54.45,54.7,211.09,464.65,629.09,25.85,27.95,14071.23,137.64,0.0014643646853812,14.643646853812472,272.6133882849234,66.65986072291439,118.99854737850282
MareNostrum5,ACC,Llama-3.1-8B-Instruct,Text Generation,sonnet,sglang,benchmark_serving.py,300,1,4,4,4,1,16384,,54.64,54.74,230.79,431.17,184.77,19.48,20.97,13039.49,126.84,0.0044401030103898,44.40103010389841,251.236132103631,56.49937172321158,118.59643410198773
MareNostrum5,ACC,Llama-3.1-8B-Instruct,Text Generation,sonnet,sglang,benchmark_serving.py,300,1,4,4,4,1,4096,,54.35,54.46,233.46,432.15,194.97,19.85,21.3,12808.39,124.48,0.0042351346772827,42.35134677282738,246.56373831949136,54.86331705645506,115.787390389454
MareNostrum5,ACC,Llama-3.1-8B-Instruct,Text Generation,sonnet,sglang,benchmark_serving.py,250,1,4,4,4,1,16384,,54.64,54.74,227.89,439.01,157.48,17.71,18.74,12177.09,116.91,0.0051564997679575,51.5649976795751,231.59648477306,53.4340690684102,113.37380613578722
MareNostrum5,ACC,Llama-3.1-8B-Instruct,Text Generation,sonnet,sglang,benchmark_serving.py,250,1,4,4,4,1,32768,,55.0,55.1,236.38,436.01,173.6,17.65,18.74,12106.66,117.55,0.0047621315300728,47.62131530072861,232.83923999996725,51.21693882731196,111.7460092269764
MareNostrum5,ACC,Llama-3.1-8B-Instruct,Text Generation,sonnet,sglang,benchmark_serving.py,250,1,4,4,4,1,4096,,54.35,54.46,228.71,428.22,184.41,17.88,18.82,11904.76,115.5,0.0045226357921396,45.22635792139659,228.78037247114457,52.05176861527698,109.81885429035262
MareNostrum5,ACC,Mistral-7B-Instruct-v0.3,Text Generation,sonnet,sglang,benchmark_serving.py,1000,4,4,16,4,4,16384,,56.11,56.27,150.0,204.29,1062.73,56.86,56.87,15183.61,101.41,0.0008500076500688,8.500076500688508,201.47437034429788,101.22406666666669,103.7830132606287
MareNostrum5,ACC,Llama-3.1-8B-Instruct,Text Generation,sonnet,sglang,benchmark_serving.py,500,2,4,8,4,2,4096,,53.9,54.05,183.35,264.43,344.67,35.45,38.37,11054.89,107.09,0.0023895433582642,23.895433582642355,212.1251193963795,60.29391873466049,99.5410420079588
MareNostrum5,ACC,Llama-3.1-8B-Instruct,Text Generation,sonnet,sglang,benchmark_serving.py,500,2,4,8,4,2,32768,,54.48,54.63,176.59,266.01,348.46,36.03,39.43,10931.8,106.02,0.0023589356482355,23.58935648235516,210.0033223951831,61.90497763180248,99.23110366053982
MareNostrum5,ACC,Mistral-7B-Instruct-v0.3,Text Generation,sonnet,sglang,benchmark_serving.py,1000,4,4,16,4,4,32768,,56.43,56.58,155.22,201.24,1236.85,59.02,59.03,14425.23,96.37,0.0007380618495829,7.380618495829951,191.4609154776333,92.9340935446463,97.34503148526434
MareNostrum5,ACC,Llama-3.1-8B-Instruct,Text Generation,sonnet,sglang,benchmark_serving.py,500,2,4,8,4,2,16384,,54.28,54.43,182.29,266.98,395.09,35.84,38.61,10817.88,104.86,0.0021297440047706,21.297440047706267,207.7066554362733,59.344341433978826,96.8515817234263
MareNostrum5,ACC,Llama-3.1-8B-Instruct,Text Generation,sonnet,sglang,benchmark_serving.py,1000,4,4,16,4,4,16384,,52.95,53.1,145.76,205.28,1226.45,58.2,68.28,10780.13,104.3,0.0007391365406931,7.391365406931621,206.6010914673529,73.95808177826564,96.42402150630174
MareNostrum5,ACC,Llama-3.1-8B-Instruct,Text Generation,sonnet,sglang,benchmark_serving.py,1000,4,4,16,4,4,32768,,53.3,53.46,150.92,207.77,1162.16,58.52,68.15,10775.31,104.41,0.0007758975194556,7.758975194556302,206.81600576117765,71.39749536178108,95.80269204071948
MareNostrum5,ACC,Llama-3.1-8B-Instruct,Text Generation,sharegpt,sglang,benchmark_serving.py,1000,1,4,4,4,1,16384,,55.87,56.98,254.38,497.05,1069.94,19.79,34.29,19441.39,98.71,0.0008896638849842,8.89663884984253,196.42270069242224,76.42656655397437,94.26507674164182
MareNostrum5,ACC,Llama-3.1-8B-Instruct,Text Generation,sharegpt,sglang,benchmark_serving.py,1000,1,4,4,4,1,32768,,56.26,57.4,252.35,504.08,1049.49,20.44,37.5,19263.27,97.97,0.0009029916112079,9.029916112079318,194.94852208846123,76.33552605508223,93.7800373258101
MareNostrum5,ACC,Llama-3.1-8B-Instruct,Text Generation,sonnet,sglang,benchmark_serving.py,1000,4,4,16,4,4,4096,,52.7,52.86,145.75,209.99,1382.77,58.94,68.4,10516.64,101.33,0.0006622034156452,6.6220341564521785,200.7259638518474,72.1553344768439,93.5880263554119
MareNostrum5,ACC,Llama-3.1-8B-Instruct,Text Generation,sharegpt,sglang,benchmark_serving.py,1000,1,4,4,4,1,4096,,55.58,56.69,253.42,501.37,1032.63,20.55,38.64,19219.71,97.48,0.0009159018885896,9.15901888589694,193.9761767420624,75.8413305974272,93.33519230468288
MareNostrum5,ACC,Llama-3.1-8B-Instruct,Text Generation,sonnet,sglang,benchmark_serving.py,150,1,4,4,4,1,32768,,54.56,55.1,223.46,478.26,127.16,15.95,17.0,8409.13,81.46,0.006245706077072,62.45706077072014,161.35692096780082,37.63147766938154,88.13882664529922
MareNostrum5,ACC,Llama-3.1-8B-Instruct,Text Generation,sonnet,vllm,benchmark_serving.py,250,2,4,8,4,2,4096,,59.52,59.53,174.45,225.88,228.45,19.41,19.41,11870.7,79.14,0.0037415347775657,37.41534777565758,157.23176176417425,68.0464316423044,87.95487536908024
MareNostrum5,ACC,Llama-3.1-8B-Instruct,Text Generation,sonnet,sglang,benchmark_serving.py,150,1,4,4,4,1,16384,,54.25,54.74,222.79,468.25,129.01,16.02,17.04,8358.63,81.36,0.006170173381872,61.70173381872031,161.15140818887227,37.517976569864,87.77582078493796
MareNostrum5,ACC,Llama-3.1-8B-Instruct,Text Generation,sonnet,vllm,benchmark_serving.py,250,2,4,8,4,2,16384,,59.52,59.53,174.99,225.52,223.15,19.57,19.57,11793.49,78.62,0.0038125738686187,38.12573868618704,156.19871847548583,67.39522258414766,87.63678666189602
MareNostrum5,ACC,Llama-3.1-8B-Instruct,Text Generation,sonnet,sglang,benchmark_serving.py,150,1,4,4,4,1,4096,,53.95,54.45,226.98,467.27,129.17,15.97,17.01,8380.4,81.34,0.0061671292013567,61.671292013567694,161.11620919574463,36.92131465327341,87.56257110021369
MareNostrum5,ACC,Llama-3.1-8B-Instruct,Text Generation,sonnet,sglang,benchmark_serving.py,300,2,4,8,4,2,16384,,54.28,54.43,169.88,243.68,147.18,31.05,32.75,8431.86,82.41,0.0047397857616835,47.39785761683571,163.2246998509561,49.6342123852131,87.49461750231742
MareNostrum5,ACC,Llama-3.1-8B-Instruct,Text Generation,sonnet,sglang,benchmark_serving.py,300,2,4,8,4,2,4096,,53.9,54.05,174.17,251.35,138.85,31.28,32.81,8422.77,81.32,0.004927564797477,49.27564797477087,161.08476189692254,48.35947637365793,86.9975717959463
MareNostrum5,ACC,Mistral-7B-Instruct-v0.3,Text Generation,sonnet,sglang,benchmark_serving.py,1000,2,4,8,4,2,32768,,54.92,55.03,162.61,232.82,1193.62,67.24,67.26,12978.99,86.72,0.0007529440110833,7.529440110833359,172.28884045336994,79.81667794108603,86.67955233297666
MareNostrum5,ACC,Llama-3.1-8B-Instruct,Text Generation,sonnet,vllm,benchmark_serving.py,250,2,4,8,4,2,32768,,59.52,59.53,174.93,223.63,247.87,19.54,19.54,11735.32,78.24,0.0034849276877504,34.849276877504785,155.44364895933148,67.08580575087177,86.1670526248033
MareNostrum5,ACC,Mistral-7B-Instruct-v0.3,Text Generation,sonnet,sglang,benchmark_serving.py,1000,2,4,8,4,2,16384,,54.65,54.76,168.62,235.03,1354.19,65.65,65.66,13004.78,86.81,0.000673174015483,6.731740154830023,172.46873020007502,77.12477760645238,85.60808875473248
MareNostrum5,ACC,Llama-3.1-8B-Instruct,Text Generation,sonnet,sglang,benchmark_serving.py,300,2,4,8,4,2,32768,,54.48,54.63,172.09,243.01,161.03,31.23,32.97,8387.13,81.37,0.0044399058739954,44.39905873995472,161.17630468205704,48.73688186414085,85.49142576000908
MareNostrum5,ACC,Mistral-7B-Instruct-v0.3,Text Generation,sonnet,sglang,benchmark_serving.py,1000,2,4,8,4,2,4096,,54.45,54.56,167.99,237.0,1136.36,68.61,68.62,12807.36,85.52,0.000785182044457,7.851820444570076,169.90547142298692,76.2388237395083,84.83390283161205
MareNostrum5,ACC,Llama-3.1-8B-Instruct,Text Generation,sharegpt,sglang,benchmark_serving.py,250,1,4,4,4,1,4096,,54.36,54.46,226.56,424.33,125.14,14.89,17.46,12881.69,65.64,0.0063496094990158,63.496094990158106,130.61444044447774,56.85774187853107,84.19205944890614
MareNostrum5,ACC,Llama-3.1-8B-Instruct,Text Generation,sharegpt,sglang,benchmark_serving.py,500,1,4,4,4,1,32768,,55.19,55.4,251.19,493.26,389.49,19.71,26.41,16216.59,82.11,0.0022956314134202,22.95631413420261,163.39268836164848,64.55905887973248,84.01755969010377
MareNostrum5,ACC,Mistral-7B-Instruct-v0.3,Text Generation,sonnet,vllm,benchmark_serving.py,250,2,4,8,4,2,16384,,59.86,59.89,183.37,236.08,286.55,19.11,18.99,11815.51,78.25,0.0030802402587401,30.80240258740181,155.4703739607996,64.4353492937776,83.95205580039732
MareNostrum5,ACC,Mistral-7B-Instruct-v0.3,Text Generation,sonnet,vllm,benchmark_serving.py,250,2,4,8,4,2,32768,,59.86,59.89,183.14,234.62,293.2,19.03,18.91,11825.3,78.31,0.0030198707495319,30.1987074953192,155.58964767830935,64.56972807688108,83.83035374363567
MareNostrum5,ACC,Mistral-7B-Instruct-v0.3,Text Generation,sonnet,vllm,benchmark_serving.py,250,2,4,8,4,2,4096,,59.86,59.89,177.26,233.57,304.63,19.09,18.96,11757.09,77.86,0.0029181743901015,29.18174390101553,154.69554622537484,66.32680807852871,83.74285722810193
MareNostrum5,ACC,Llama-3.1-8B-Instruct,Text Generation,sharegpt,sglang,benchmark_serving.py,500,1,4,4,4,1,4096,,54.48,54.7,237.63,489.44,431.27,19.98,28.82,15973.1,81.24,0.0020830295581894,20.830295581894305,161.65780019608405,67.2183646845937,83.55582926358264
MareNostrum5,ACC,Llama-3.1-8B-Instruct,Text Generation,sharegpt,sglang,benchmark_serving.py,500,1,4,4,4,1,16384,,54.85,55.06,250.59,488.6,393.38,20.06,28.39,16103.03,81.65,0.0022633139442772,22.63313944277211,162.4761687595924,64.26046530188755,83.50051368540797
MareNostrum5,ACC,Mistral-7B-Instruct-v0.3,Text Generation,sonnet,vllm,benchmark_serving.py,250,1,4,4,4,1,16384,,60.19,60.19,222.19,333.89,308.43,18.05,17.93,12426.3,82.29,0.0029035161580674,29.035161580674195,163.4972809885047,55.926459336603806,83.35749746123406
MareNostrum5,ACC,Llama-3.1-8B-Instruct,Text Generation,sonnet,vllm,benchmark_serving.py,250,1,4,4,4,1,32768,,60.26,60.26,234.8,346.86,278.2,18.33,18.33,12363.9,82.43,0.0031760147367083,31.76014736708379,163.76815928872205,52.65715502555366,83.32991387115115
MareNostrum5,ACC,Llama-3.1-8B-Instruct,Text Generation,sonnet,vllm,benchmark_serving.py,300,2,4,8,4,2,16384,,59.52,59.53,171.17,227.19,600.05,19.15,19.15,12203.79,81.36,0.0015665387326701,15.665387326701657,161.64236568540068,71.29631360635626,83.0994563781488
MareNostrum5,ACC,Llama-3.1-8B-Instruct,Text Generation,sonnet,vllm,benchmark_serving.py,300,2,4,8,4,2,4096,,59.52,59.53,173.37,225.17,598.59,19.14,19.14,12234.66,81.56,0.0015701791574418,15.70179157441864,162.0397929884331,70.56964872815365,83.01442634437878
MareNostrum5,ACC,Llama-3.1-8B-Instruct,Text Generation,sonnet,vllm,benchmark_serving.py,300,2,4,8,4,2,32768,,59.52,59.53,171.76,226.48,607.01,19.14,19.14,12163.01,81.09,0.001549690836678,15.496908366780827,161.10591728260957,70.81398462971589,82.70543580230182
MareNostrum5,ACC,Mistral-7B-Instruct-v0.3,Text Generation,sonnet,vllm,benchmark_serving.py,300,2,4,8,4,2,32768,,59.86,59.89,180.32,237.43,625.23,18.73,18.61,12383.82,82.01,0.0015092744917518,15.092744917518148,162.9409478871443,68.67690771960959,82.5080660238603
MareNostrum5,ACC,Llama-3.1-8B-Instruct,Text Generation,sonnet,sglang,benchmark_serving.py,250,2,4,8,4,2,32768,,54.48,54.63,180.32,237.07,122.8,29.12,30.43,7673.62,74.46,0.0054839594187003,54.839594187003016,147.48886051770245,42.55556787932564,82.40945632098406
MareNostrum5,ACC,Llama-3.1-8B-Instruct,Text Generation,sonnet,sglang,benchmark_serving.py,250,2,4,8,4,2,4096,,53.9,54.05,183.28,243.31,110.11,29.96,31.59,7486.32,73.13,0.0058254689502504,58.25468950250495,144.84508306821263,40.84635530336097,82.1247563711195
MareNostrum5,ACC,Mistral-7B-Instruct-v0.3,Text Generation,sonnet,vllm,benchmark_serving.py,300,2,4,8,4,2,4096,,59.86,59.89,179.19,233.01,641.84,18.75,18.62,12317.24,81.58,0.0014722986999602,14.72298699960248,162.08646293760214,68.73843406440092,82.11151187925788
MareNostrum5,ACC,Llama-3.1-8B-Instruct,Text Generation,sonnet,vllm,benchmark_serving.py,250,1,4,4,4,1,16384,,60.26,60.26,233.9,338.41,272.22,18.78,18.77,12108.21,80.72,0.0032282015689059,32.28201568905963,160.3708793470797,51.76660966224882,82.067299404207
MareNostrum5,ACC,Llama-3.1-8B-Instruct,Text Generation,sonnet,vllm,benchmark_serving.py,250,1,4,4,4,1,4096,,60.26,60.26,233.91,341.01,295.95,18.47,18.47,12216.15,81.44,0.0030039953137673,30.039953137673105,161.80133766046842,52.22585609849942,81.93831282288795
MareNostrum5,ACC,Llama-3.1-8B-Instruct,Text Generation,sharegpt,sglang,benchmark_serving.py,250,1,4,4,4,1,16384,,54.72,54.82,250.0,427.69,128.31,14.91,17.41,12880.79,65.33,0.006225487144369,62.25487144369047,130.00065049605595,51.52316,81.85428865951378
MareNostrum5,ACC,Llama-3.1-8B-Instruct,Text Generation,sharegpt,sglang,benchmark_serving.py,300,1,4,4,4,1,16384,,54.72,54.82,235.77,440.71,186.82,15.88,18.11,13858.56,70.38,0.0045287803994384,45.28780399438432,140.04876936794903,58.77999745514696,81.82403412884037
MareNostrum5,ACC,Mistral-7B-Instruct-v0.3,Text Generation,sonnet,vllm,benchmark_serving.py,300,2,4,8,4,2,16384,,59.86,59.89,180.41,236.71,644.48,18.77,18.64,12296.14,81.43,0.0014665121940488,14.665121940488936,161.78857080994092,68.15664320159637,81.80438135965699
MareNostrum5,ACC,Llama-3.1-8B-Instruct,Text Generation,sharegpt,sglang,benchmark_serving.py,250,1,4,4,4,1,32768,,55.06,55.16,248.46,435.85,128.96,14.89,17.56,12876.34,65.25,0.0061954030109658,61.95403010965863,129.84203409318332,51.82459953312405,81.79453367956596
MareNostrum5,ACC,Mistral-7B-Instruct-v0.3,Text Generation,sonnet,vllm,benchmark_serving.py,250,1,4,4,4,1,4096,,60.19,60.2,219.3,328.37,346.62,18.06,17.94,12261.2,81.2,0.0026135591448434,26.135591448434475,161.33157894736843,55.91062471500228,81.63023784337372
MareNostrum5,ACC,Llama-3.1-8B-Instruct,Text Generation,sonnet,sglang,benchmark_serving.py,250,2,4,8,4,2,16384,,54.28,54.43,177.1,239.77,113.32,29.96,31.58,7429.72,72.03,0.005718860802928,57.188608029280566,142.67677051354684,41.95211744776962,81.37890628784761
MareNostrum5,ACC,Mistral-7B-Instruct-v0.3,Text Generation,sonnet,vllm,benchmark_serving.py,500,2,4,8,4,2,32768,,59.86,59.89,184.2,242.13,2330.07,18.29,18.17,12796.67,84.75,0.0004225596125973,4.225596125973471,168.38481821103576,69.47160694896851,80.91845509825308
MareNostrum5,ACC,Mistral-7B-Instruct-v0.3,Text Generation,sonnet,vllm,benchmark_serving.py,300,1,4,4,4,1,16384,,60.19,60.21,217.29,332.11,661.41,17.91,17.79,12784.19,84.67,0.0014344938388489,14.344938388489624,168.22583621237624,58.83469096599016,80.90116447341124
MareNostrum5,ACC,Mistral-7B-Instruct-v0.3,Text Generation,sonnet,vllm,benchmark_serving.py,250,1,4,4,4,1,32768,,60.19,60.21,225.74,332.53,350.82,18.02,17.89,12225.13,80.96,0.0025857833630698,25.857833630698423,160.85475155796843,54.15579870647648,80.8121345502192
MareNostrum5,ACC,Mistral-7B-Instruct-v0.3,Text Generation,sonnet,vllm,benchmark_serving.py,500,2,4,8,4,2,4096,,59.86,59.89,180.78,235.61,2346.18,18.45,18.33,12685.99,84.01,0.0004196461543626,4.196461543626415,166.91464681284262,70.17363646421065,80.63334050974689
MareNostrum5,ACC,Llama-3.1-8B-Instruct,Text Generation,sonnet,vllm,benchmark_serving.py,300,1,4,4,4,1,32768,,60.26,60.26,233.5,356.48,626.46,18.03,18.03,12784.49,85.23,0.001509388395822,15.093883958220127,169.3311249506594,54.75156316916488,80.2250032431518
MareNostrum5,ACC,Mistral-7B-Instruct-v0.3,Text Generation,sonnet,vllm,benchmark_serving.py,500,2,4,8,4,2,16384,,59.86,59.89,184.36,239.24,2350.98,18.46,18.34,12684.5,84.01,0.0004187990518389,4.187990518389467,166.91451782549413,68.80288565849425,80.19177624763859
MareNostrum5,ACC,Mistral-7B-Instruct-v0.3,Text Generation,sonnet,sglang,benchmark_serving.py,1000,1,4,4,4,1,4096,,55.3,55.53,200.76,324.79,1165.23,69.02,69.04,12634.76,84.45,0.0007672889379953,7.672889379953808,167.77857775758085,62.93464833632198,79.79258629438482
MareNostrum5,ACC,Mistral-7B-Instruct-v0.3,Text Generation,sonnet,vllm,benchmark_serving.py,500,1,4,4,4,1,16384,,60.19,60.22,224.85,326.54,2310.1,17.24,17.12,13284.34,87.98,0.0004265374542538,4.265374542538581,174.80231301673905,59.08089837669558,79.78890125069698
MareNostrum5,ACC,Mistral-7B-Instruct-v0.3,Text Generation,sonnet,sglang,benchmark_serving.py,1000,1,4,4,4,1,32768,,55.73,55.88,204.73,317.36,1123.12,69.53,69.55,12639.95,84.48,0.0007922674694977,7.922674694977026,167.83824124145443,61.73960826454355,79.51538606304064
MareNostrum5,ACC,Mistral-7B-Instruct-v0.3,Text Generation,sonnet,sglang,benchmark_serving.py,1000,1,4,4,4,1,16384,,55.49,55.69,206.37,327.79,1204.7,68.65,68.67,12694.95,84.78,0.0007451453778632,7.45145377863221,168.43514862990065,61.515481901439166,79.48639902736171
MareNostrum5,ACC,Llama-3.1-8B-Instruct,Text Generation,sonnet,vllm,benchmark_serving.py,500,2,4,8,4,2,4096,,59.52,59.53,176.07,228.19,2416.94,19.05,19.05,12342.95,82.29,0.0004073253388946,4.073253388946819,163.490017979532,70.10251604475494,79.40431739960438
MareNostrum5,ACC,Mistral-7B-Instruct-v0.3,Text Generation,sonnet,vllm,benchmark_serving.py,500,1,4,4,4,1,4096,,60.19,60.22,223.49,333.42,2345.8,17.34,17.23,13200.39,87.42,0.0004201027571343,4.20102757134395,173.6897342451465,59.06479037093382,79.38359193630558
MareNostrum5,ACC,Llama-3.1-8B-Instruct,Text Generation,sonnet,vllm,benchmark_serving.py,500,2,4,8,4,2,16384,,59.52,59.53,174.62,227.77,2424.62,19.1,19.1,12302.6,82.02,0.0004060386061506,4.060386061506729,162.9536072967923,70.45355629366625,79.32989575579488
MareNostrum5,ACC,Mistral-7B-Instruct-v0.3,Text Generation,sonnet,vllm,benchmark_serving.py,300,1,4,4,4,1,4096,,60.19,60.22,215.66,329.37,688.12,18.24,18.1,12509.06,82.84,0.0013803384589901,13.803384589901444,164.5900190439886,58.00361680422888,79.21491461287586
MareNostrum5,ACC,Llama-3.1-8B-Instruct,Text Generation,sonnet,vllm,benchmark_serving.py,500,1,4,4,4,1,32768,,60.26,60.26,235.53,353.25,2311.35,17.44,17.43,13230.19,88.2,0.0004262174902609,4.262174902609304,175.23180474516815,56.17199507493738,79.0029915042243
MareNostrum5,ACC,Llama-3.1-8B-Instruct,Text Generation,sonnet,vllm,benchmark_serving.py,500,2,4,8,4,2,32768,,59.52,59.53,174.71,228.96,2444.8,19.15,19.15,12254.1,81.69,0.0004027224034473,4.027224034473037,162.29806587174392,70.13966000801328,78.99528977067803
MareNostrum5,ACC,Mistral-7B-Instruct-v0.3,Text Generation,sonnet,vllm,benchmark_serving.py,300,1,4,4,4,1,32768,,60.19,60.21,223.65,345.44,686.49,18.02,17.89,12580.44,83.31,0.0013842746400885,13.842746400885936,165.5238703227717,56.25057008718981,78.98483211394435
MareNostrum5,ACC,Mistral-7B-Instruct-v0.3,Text Generation,sonnet,vllm,benchmark_serving.py,500,1,4,4,4,1,32768,,60.19,60.22,230.79,339.64,2324.06,17.42,17.31,13216.49,87.53,0.0004239461757935,4.239461757935213,173.90824272663454,57.26630269942372,78.89543638856931
MareNostrum5,ACC,Llama-3.1-8B-Instruct,Text Generation,sharegpt,sglang,benchmark_serving.py,300,1,4,4,4,1,4096,,54.36,54.46,238.92,440.57,223.11,15.9,17.83,13715.19,69.69,0.0038934745366765,38.9347453667653,138.67535895851103,57.40494726268207,78.75701859465224
MareNostrum5,ACC,Llama-3.1-8B-Instruct,Text Generation,sharegpt,sglang,benchmark_serving.py,300,1,4,4,4,1,32768,,55.06,55.16,230.15,444.31,230.19,16.02,18.47,13647.38,69.31,0.0037781471966147,37.7814719661478,137.9195575317369,59.29776232891592,78.7136339745339
MareNostrum5,ACC,Mistral-7B-Instruct-v0.3,Text Generation,sonnet,vllm,benchmark_serving.py,1000,1,4,4,4,1,4096,,60.19,60.22,222.46,335.56,4567.6,17.35,17.2,13175.05,87.26,0.0002172897450104,2.172897450104842,173.37173735193946,59.22435494021396,78.63696941356353
MareNostrum5,ACC,Mistral-7B-Instruct-v0.3,Text Generation,sonnet,vllm,benchmark_serving.py,1000,2,4,8,4,2,4096,,59.86,59.89,177.7,232.84,4780.46,18.62,18.43,12404.58,82.15,0.0002075761129712,2.0757611297122374,163.21907288777766,69.8063027574564,78.53826044833261
MareNostrum5,ACC,Llama-3.1-8B-Instruct,Text Generation,sonnet,vllm,benchmark_serving.py,300,1,4,4,4,1,16384,,60.26,60.26,232.24,343.19,652.12,18.43,18.42,12493.03,83.29,0.0014514420076345,14.51442007634585,165.47677996425028,53.79361867034103,78.41096598831182
MareNostrum5,ACC,Llama-3.1-8B-Instruct,Text Generation,sonnet,vllm,benchmark_serving.py,1000,2,4,8,4,2,32768,,59.52,59.53,175.58,229.54,4795.88,19.0,18.97,12268.35,81.79,0.0002068744375601,2.0687443756012285,162.4966755842444,69.87327713862626,78.31169147070793
MareNostrum5,ACC,Llama-3.1-8B-Instruct,Text Generation,sonnet,vllm,benchmark_serving.py,300,1,4,4,4,1,4096,,60.26,60.26,232.61,349.55,651.81,18.37,18.37,12466.66,83.11,0.0014523273545857,14.523273545857236,165.1192193323065,53.59468638493615,78.22874722175524
MareNostrum5,ACC,Mistral-7B-Instruct-v0.3,Text Generation,sonnet,vllm,benchmark_serving.py,1000,2,4,8,4,2,16384,,59.86,59.89,184.11,236.54,4776.17,18.52,18.28,12474.22,82.61,0.0002077719163011,2.0777191630116123,164.13303583786671,67.75416870349247,78.19299068541622
MareNostrum5,ACC,Llama-3.1-8B-Instruct,Text Generation,sonnet,vllm,benchmark_serving.py,1000,2,4,8,4,2,16384,,59.52,59.53,174.79,227.57,4816.02,18.85,18.85,12201.5,81.34,0.0002060275417617,2.060275417617827,161.60269286256275,69.8066250929687,77.98352924501138
MareNostrum5,ACC,Mistral-7B-Instruct-v0.3,Text Generation,sonnet,vllm,benchmark_serving.py,1000,2,4,8,4,2,32768,,59.86,59.89,183.87,240.72,4753.13,18.43,18.27,12431.92,82.33,0.0002087756767985,2.087756767985502,163.5767183171185,67.61255234676673,77.96193827990072
MareNostrum5,ACC,Mistral-7B-Instruct-v0.3,Text Generation,sonnet,vllm,benchmark_serving.py,1000,1,4,4,4,1,16384,,60.19,60.22,223.83,326.75,4591.64,17.32,17.17,13024.55,86.26,0.000216163402239,2.161634022390205,171.38493853545282,58.189474154492245,77.62646639910415
MareNostrum5,ACC,Llama-3.1-8B-Instruct,Text Generation,sonnet,vllm,benchmark_serving.py,1000,2,4,8,4,2,4096,,59.52,59.53,174.47,226.92,4865.49,19.02,19.02,12117.03,80.78,0.0002039347164185,2.0393471641858003,160.49006885662263,69.45050725053018,77.48416376724452
MareNostrum5,ACC,Llama-3.1-8B-Instruct,Text Generation,sonnet,vllm,benchmark_serving.py,1000,1,4,4,4,1,16384,,60.26,60.26,235.74,359.17,4595.57,17.43,17.43,13070.87,87.14,0.0002159626643745,2.159626643745829,173.12581641144823,55.44612708916603,77.33981130729912
MareNostrum5,ACC,Mistral-7B-Instruct-v0.3,Text Generation,sonnet,sglang,benchmark_serving.py,500,4,4,16,4,4,16384,,56.11,56.26,151.37,196.31,507.89,42.33,42.32,10728.85,71.74,0.0016876497789178,16.87649778917879,142.52697287833348,70.8783114223426,76.87823968210381
MareNostrum5,ACC,Llama-3.1-8B-Instruct,Text Generation,sonnet,vllm,benchmark_serving.py,500,1,4,4,4,1,16384,,60.26,60.26,235.87,354.61,2404.3,17.87,17.87,12870.58,85.8,0.0004098293470598,4.0982934705988425,170.46362703162455,54.56641370246322,76.8123053555442
MareNostrum5,ACC,Mistral-7B-Instruct-v0.3,Text Generation,sonnet,sglang,benchmark_serving.py,500,4,4,16,4,4,32768,,56.43,56.58,153.54,198.87,602.58,41.72,41.74,10733.64,71.8,0.0014576409538802,14.5764095388024,142.64580655669735,69.90777647518561,75.82604194452931
MareNostrum5,ACC,Llama-3.1-8B-Instruct,Text Generation,sonnet,vllm,benchmark_serving.py,500,1,4,4,4,1,4096,,60.26,60.26,234.58,351.83,2429.55,18.19,18.19,12676.1,84.51,0.0004055265153512,4.055265153512062,167.90062716437535,54.03742859578821,75.75698053873396
MareNostrum5,ACC,Llama-3.1-8B-Instruct,Text Generation,sonnet,vllm,benchmark_serving.py,1000,1,4,4,4,1,4096,,60.26,60.26,234.65,350.66,4719.24,17.79,17.79,12764.66,85.1,0.0002103129035378,2.1031290353788368,169.07281785807672,54.39872150010654,75.60741282380899
MareNostrum5,ACC,Llama-3.1-8B-Instruct,Text Generation,sonnet,vllm,benchmark_serving.py,1000,1,4,4,4,1,32768,,60.26,60.26,235.12,351.73,4687.11,17.74,17.74,12747.23,84.98,0.0002117482144331,2.1174821443318184,168.8344572602849,54.215847226947936,75.47273051019303
MareNostrum5,ACC,Mistral-7B-Instruct-v0.3,Text Generation,sonnet,vllm,benchmark_serving.py,1000,1,4,4,4,1,32768,,60.19,60.22,229.09,328.29,4733.83,17.94,17.74,12711.51,84.18,0.0002096651437988,2.096651437988389,167.25239698679792,55.48697018638963,75.33450692407203
MareNostrum5,ACC,Llama-3.1-8B-Instruct,Text Generation,sharegpt,sglang,benchmark_serving.py,150,1,4,4,4,1,16384,,54.29,54.82,212.99,419.65,97.06,12.9,15.09,9752.58,49.46,0.0079968012794882,79.96801279488204,98.42086071878914,45.78891027747781,75.3046682834411
MareNostrum5,ACC,Mistral-7B-Instruct-v0.3,Text Generation,sonnet,sglang,benchmark_serving.py,500,2,4,8,4,2,32768,,54.92,55.03,161.92,214.62,538.75,43.5,43.5,10501.25,70.14,0.0015980823012385,15.980823012385136,139.34925776080533,64.85455780632411,73.56568596090848
MareNostrum5,ACC,Llama-3.1-8B-Instruct,Text Generation,sharegpt,sglang,benchmark_serving.py,150,1,4,4,4,1,32768,,54.64,55.16,220.41,422.41,102.56,12.94,14.99,9700.8,49.24,0.0076634224844815,76.63422484481569,97.98265278911676,44.01252211787124,73.45374547325584
MareNostrum5,ACC,Mistral-7B-Instruct-v0.3,Text Generation,sonnet,sglang,benchmark_serving.py,500,2,4,8,4,2,4096,,54.45,54.56,167.08,217.11,565.06,43.32,43.33,10466.34,69.92,0.0015344248208559,15.34424820855902,138.91200346232915,62.64268613837682,72.49278513238256
MareNostrum5,ACC,Llama-3.1-8B-Instruct,Text Generation,sharegpt,sglang,benchmark_serving.py,1000,2,4,8,4,2,4096,,53.89,54.04,180.29,267.85,922.1,25.61,48.32,13127.88,66.49,0.0010039858237201,10.039858237201688,132.30987780394213,72.81535304232071,71.69982322753152
MareNostrum5,ACC,Llama-3.1-8B-Instruct,Text Generation,sharegpt,sglang,benchmark_serving.py,1000,2,4,8,4,2,16384,,54.12,54.27,183.84,264.44,1052.15,24.81,43.85,13121.36,66.48,0.0008922118824778,8.922118824778508,132.2897476463166,71.37380330722367,70.85165165848392
MareNostrum5,ACC,Llama-3.1-8B-Instruct,Text Generation,sharegpt,sglang,benchmark_serving.py,1000,2,4,8,4,2,32768,,54.5,54.65,185.35,267.1,1075.52,24.28,39.95,13097.82,66.77,0.0008773853915332,8.77385391533231,132.86269323997178,70.66533585109252,70.769333505153
MareNostrum5,ACC,Mistral-7B-Instruct-v0.3,Text Generation,sonnet,sglang,benchmark_serving.py,500,1,4,4,4,1,4096,,55.3,55.53,188.4,283.44,513.09,43.7,43.7,10434.22,69.7,0.0016653066662225,16.653066662225847,138.47499485906215,55.383333333333326,70.46620758390459
MareNostrum5,ACC,ALIA-40b-instruct-2605,Text Generation,sonnet,sglang,benchmark_serving.py,1000,2,4,8,4,2,32768,,56.57,56.72,254.47,432.54,1149.31,76.88,76.88,11762.84,78.42,0.0007674184809718,7.674184809718587,155.80131046864946,46.22485951192675,70.3736234384617
MareNostrum5,ACC,ALIA-40b-instruct-2605,Text Generation,sonnet,sglang,benchmark_serving.py,1000,2,4,8,4,2,16384,,55.89,56.04,254.82,437.09,1242.26,75.9,75.9,11745.34,78.3,0.0007173292397744,7.173292397744716,155.5629437296805,46.09269288124951,70.07998200532442
MareNostrum5,ACC,Mistral-7B-Instruct-v0.3,Text Generation,sonnet,sglang,benchmark_serving.py,500,1,4,4,4,1,32768,,55.73,55.87,193.57,292.54,528.71,43.64,43.64,10446.74,69.84,0.001623402977321,16.234029773210604,138.75239319246373,53.96879681768869,69.96539878998966
MareNostrum5,ACC,Llama-3.1-8B-Instruct,Text Generation,sharegpt,sglang,benchmark_serving.py,500,2,4,8,4,2,16384,,54.12,54.27,181.11,259.97,227.62,27.98,37.5,11213.48,56.93,0.0034118048447628,34.118048447628794,113.28486122510182,61.9153000938656,69.9298853187654
MareNostrum5,ACC,Mistral-7B-Instruct-v0.3,Text Generation,sonnet,sglang,benchmark_serving.py,500,2,4,8,4,2,16384,,54.65,54.76,167.4,216.66,587.18,45.21,45.22,10067.4,67.27,0.001475775150898,14.75775150898009,133.64697577720833,60.13978494623655,69.70233846009975
MareNostrum5,ACC,Mistral-7B-Instruct-v0.3,Text Generation,sonnet,vllm,benchmark_serving.py,250,4,4,16,4,4,16384,,60.0,60.04,155.84,186.13,327.78,24.65,24.48,9288.73,61.52,0.0026531532726645,26.53153272664562,122.23045792358496,59.60427361396304,69.65244437754657
MareNostrum5,ACC,Mistral-7B-Instruct-v0.3,Text Generation,sonnet,vllm,benchmark_serving.py,250,4,4,16,4,4,32768,,60.0,60.03,155.52,185.94,334.97,24.7,24.53,9258.54,61.32,0.0026028110359187,26.02811035918792,121.83309036831024,59.532793209876544,69.32330207450987
MareNostrum5,ACC,Llama-3.1-8B-Instruct,Text Generation,sonnet,vllm,benchmark_serving.py,250,4,4,16,4,4,4096,,59.66,59.66,156.2,196.64,289.75,25.64,25.64,9023.78,60.16,0.0029322933466263,29.32293346626397,119.52315951008042,57.7706786171575,69.0942887694475
MareNostrum5,ACC,Mistral-7B-Instruct-v0.3,Text Generation,sonnet,sglang,benchmark_serving.py,500,1,4,4,4,1,16384,,55.49,55.69,196.31,293.52,612.38,43.06,43.06,10458.34,69.84,0.0014316392269148,14.316392269148174,138.75341523416205,53.274616677703634,69.09161188799064
MareNostrum5,ACC,Llama-3.1-8B-Instruct,Text Generation,sharegpt,sglang,benchmark_serving.py,500,2,4,8,4,2,4096,,53.89,54.04,181.83,262.4,252.97,27.83,37.38,11238.71,57.07,0.0031428751021434,31.428751021434408,113.5633271363288,61.80888742231754,69.0761505487811
MareNostrum5,ACC,Mistral-7B-Instruct-v0.3,Text Generation,sonnet,vllm,benchmark_serving.py,250,4,4,16,4,4,4096,,60.0,60.04,158.77,189.83,334.83,24.65,24.49,9263.5,61.35,0.0026043701330833,26.043701330833137,121.89273285897362,58.34540530326888,68.96891732158034
MareNostrum5,ACC,Llama-3.1-8B-Instruct,Text Generation,sonnet,vllm,benchmark_serving.py,250,4,4,16,4,4,16384,,59.66,59.66,157.25,198.73,297.85,25.51,25.51,9042.77,60.29,0.0028663972253274,28.66397225327486,119.78139291622816,57.50569157392687,68.87324546128762
MareNostrum5,ACC,ALIA-40b-instruct-2605,Text Generation,sonnet,sglang,benchmark_serving.py,1000,2,4,8,4,2,4096,,55.54,55.7,249.53,425.92,1252.55,78.72,78.72,11358.7,75.73,0.0007092248881197,7.092248881197738,150.4568834651137,45.52037831122511,68.13322605733794
MareNostrum5,ACC,Llama-3.1-8B-Instruct,Text Generation,sonnet,vllm,benchmark_serving.py,250,4,4,16,4,4,32768,,59.66,59.66,156.73,195.38,316.3,25.65,25.65,8967.29,59.78,0.0027203482045701,27.20348204570185,118.7682373571934,57.21489185222996,67.93914998969798
MareNostrum5,ACC,Llama-3.1-8B-Instruct,Text Generation,sharegpt,sglang,benchmark_serving.py,150,1,4,4,4,1,4096,,53.83,54.46,169.34,412.89,172.69,12.86,14.89,9543.1,48.31,0.0049890241468768,49.89024146876871,96.13334452390212,56.35467107594189,67.6815139818095
MareNostrum5,ACC,Llama-3.1-8B-Instruct,Text Generation,sharegpt,sglang,benchmark_serving.py,500,2,4,8,4,2,32768,,54.5,54.65,183.47,263.38,301.21,28.07,36.81,11098.61,56.38,0.0027315687399273,27.315687399273404,112.1900838638134,60.492778110862815,66.78965122492562
MareNostrum5,ACC,Mistral-7B-Instruct-v0.3,Text Generation,sonnet,vllm,benchmark_serving.py,300,4,4,16,4,4,16384,,60.0,60.04,154.98,184.89,809.72,24.21,24.05,9588.73,63.5,0.0011655283339937,11.655283339937991,126.1644935937084,61.87075751709898,66.65736656291145
MareNostrum5,ACC,Mistral-7B-Instruct-v0.3,Text Generation,sonnet,vllm,benchmark_serving.py,300,4,4,16,4,4,4096,,60.0,60.04,158.85,191.26,800.87,24.1,23.94,9647.47,63.89,0.0011779811758608,11.779811758608096,126.93934903041388,60.733207428391566,66.59914104535277
MareNostrum5,ACC,Mistral-7B-Instruct-v0.3,Text Generation,sonnet,vllm,benchmark_serving.py,300,4,4,16,4,4,32768,,60.0,60.03,156.04,184.08,808.13,24.34,24.18,9552.26,63.26,0.001167337885951,11.673378859510883,125.68763157894736,61.216739297616,66.29210012431292
MareNostrum5,ACC,Llama-3.1-8B-Instruct,Text Generation,sharegpt,sglang,benchmark_serving.py,300,2,4,8,4,2,4096,,53.89,54.04,180.0,244.3,103.84,25.89,29.92,8610.88,43.66,0.006263701847792,62.63701847792044,86.87949233581449,47.83822222222222,66.14384478778099
MareNostrum5,ACC,ALIA-40b-instruct-2605,Text Generation,sonnet,sglang,benchmark_serving.py,1000,4,4,16,4,4,32768,,54.76,54.91,192.78,319.33,1288.41,86.97,86.97,10333.25,68.89,0.000683830820255,6.838308202550688,136.8675277394844,53.60125531694159,66.01238592171323
MareNostrum5,ACC,Llama-3.1-8B-Instruct,Text Generation,sharegpt,sglang,benchmark_serving.py,250,2,4,8,4,2,4096,,53.89,54.04,182.72,239.36,84.02,24.56,27.55,7870.83,40.02,0.0073459193418056,73.45919341805627,79.63508765808984,43.0759084938704,65.83634628392821
MareNostrum5,ACC,ALIA-40b-instruct-2605,Text Generation,sonnet,sglang,benchmark_serving.py,1000,4,4,16,4,4,16384,,54.42,54.57,188.35,290.64,1256.99,88.35,88.35,10207.41,68.05,0.0006975008544385,6.975008544385468,135.198667602229,54.19384125298646,65.68107909080459
MareNostrum5,ACC,Llama-3.1-8B-Instruct,Text Generation,sonnet,vllm,benchmark_serving.py,300,4,4,16,4,4,16384,,59.66,59.66,157.08,192.56,782.88,24.84,24.84,9417.41,62.78,0.0012011146343807,12.011146343807052,124.72851278297163,59.95295390883626,65.67642935393236
MareNostrum5,ACC,ALIA-40b-instruct-2605,Text Generation,sonnet,sglang,benchmark_serving.py,1000,4,4,16,4,4,4096,,54.08,54.23,188.23,300.46,1308.8,88.11,88.11,10211.37,68.08,0.0006733916041534,6.733916041534795,135.2582228815744,54.249428890187545,65.63714447871715
MareNostrum5,ACC,Llama-3.1-8B-Instruct,Text Generation,sonnet,vllm,benchmark_serving.py,300,4,4,16,4,4,32768,,59.66,59.66,157.54,196.81,778.87,24.93,24.93,9393.55,62.62,0.0012066656208897,12.066656208897951,124.41064426718216,59.62644407769455,65.4827442667295
MareNostrum5,ACC,Llama-3.1-8B-Instruct,Text Generation,sharegpt,sglang,benchmark_serving.py,250,2,4,8,4,2,16384,,54.12,54.27,179.43,236.32,80.77,25.44,28.74,7694.66,39.04,0.0074101519081141,74.10151908114118,77.68584930886898,42.88391015995095,65.33055650378776
MareNostrum5,ACC,Llama-3.1-8B-Instruct,Text Generation,sonnet,vllm,benchmark_serving.py,300,4,4,16,4,4,4096,,59.66,59.66,156.75,194.09,790.85,25.02,25.02,9356.34,62.38,0.0011892161876107,11.892161876107458,123.93371693818268,59.68956937799043,65.2814609978156
MareNostrum5,ACC,Llama-3.1-8B-Instruct,Text Generation,sharegpt,sglang,benchmark_serving.py,250,2,4,8,4,2,32768,,54.5,54.65,181.72,239.18,84.0,25.06,28.09,7777.51,39.4,0.0072912869121399,72.91286912139992,78.40282004014374,42.79941668500991,65.14314765412801
MareNostrum5,ACC,Llama-3.1-8B-Instruct,Text Generation,sharegpt,sglang,benchmark_serving.py,300,2,4,8,4,2,16384,,54.12,54.27,181.3,242.73,115.5,25.98,30.05,8633.69,43.75,0.0058298839853086,58.298839853086925,87.05884166297895,47.62101489244346,64.66033648104431
MareNostrum5,ACC,Mistral-7B-Instruct-v0.3,Text Generation,sonnet,vllm,benchmark_serving.py,500,4,4,16,4,4,4096,,60.0,60.04,159.59,190.01,3056.68,23.86,23.7,9787.38,64.82,0.0003221400407185,3.2214004071850115,128.78706717281418,61.32827871420515,64.50792816574538
MareNostrum5,ACC,Mistral-7B-Instruct-v0.3,Text Generation,sonnet,vllm,benchmark_serving.py,500,4,4,16,4,4,16384,,60.0,60.04,155.95,185.57,3079.22,24.07,23.91,9701.36,64.25,0.0003197748784855,3.1977487848554618,127.65457150142184,62.20814363578071,64.39639486078411
MareNostrum5,ACC,Mistral-7B-Instruct-v0.3,Text Generation,sonnet,vllm,benchmark_serving.py,500,4,4,16,4,4,32768,,60.0,60.03,155.31,186.01,3087.54,24.24,24.08,9643.59,63.87,0.0003188917872609,3.1889178726091094,126.89953773695694,62.09252462816303,64.09968278826463
MareNostrum5,ACC,ALIA-40b-instruct-2605,Text Generation,sonnet,sglang,benchmark_serving.py,1000,1,4,4,4,1,32768,,59.76,62.58,351.0,632.52,1231.14,79.34,79.34,11348.79,75.66,0.0007195176353772,7.195176353772432,150.31786237411868,32.332735042735045,63.9009083811582
MareNostrum5,ACC,ALIA-40b-instruct-2605,Text Generation,sonnet,sglang,benchmark_serving.py,1000,1,4,4,4,1,4096,,58.43,62.13,350.49,631.42,1308.15,78.77,78.77,11338.97,75.59,0.0006822725132872,6.822725132872572,150.17884917158435,32.351764672315895,63.73309995865645
MareNostrum5,ACC,ALIA-40b-instruct-2605,Text Generation,sonnet,sglang,benchmark_serving.py,1000,1,4,4,4,1,16384,,59.45,61.99,357.88,646.91,1262.41,79.16,79.16,11349.58,75.66,0.0007038635067887,7.038635067887634,150.31793166708096,31.713367609254497,63.64951032485076
MareNostrum5,ACC,Mistral-7B-Instruct-v0.3,Text Generation,sonnet,vllm,benchmark_serving.py,1000,4,4,16,4,4,16384,,60.0,60.04,155.25,185.12,6095.48,24.11,23.9,9621.29,63.73,0.0001627739281743,1.6277392817437648,126.62127939849375,61.97288244766506,63.43598873453358
MareNostrum5,ACC,ALIA-40b-instruct-2605,Text Generation,sonnet,sglang,benchmark_serving.py,500,2,4,8,4,2,32768,,56.56,56.72,240.3,382.76,526.09,46.8,46.8,9901.54,66.01,0.0016137100808468,16.13710080846875,131.1456988728424,41.20491052850603,63.26172326076773
MareNostrum5,ACC,Mistral-7B-Instruct-v0.3,Text Generation,sonnet,vllm,benchmark_serving.py,1000,4,4,16,4,4,4096,,60.0,60.04,159.25,188.29,6064.94,24.06,23.87,9624.2,63.75,0.0001635892796673,1.6358927966732484,126.66100671452682,60.43453689167976,62.95999763914556
MareNostrum5,ACC,Llama-3.1-8B-Instruct,Text Generation,sonnet,vllm,benchmark_serving.py,500,4,4,16,4,4,16384,,59.66,59.66,156.8,193.87,3145.45,24.8,24.8,9445.8,62.97,0.0003129841473529,3.1298414735293654,125.10598657870575,60.241071428571416,62.8773243949028
MareNostrum5,ACC,Llama-3.1-8B-Instruct,Text Generation,sonnet,vllm,benchmark_serving.py,500,4,4,16,4,4,32768,,59.66,59.66,157.34,187.36,3158.03,24.72,24.72,9449.24,62.99,0.0003117722067548,3.1177220675485664,125.1457602686226,60.056184059997456,62.82756289349739
MareNostrum5,ACC,Llama-3.1-8B-Instruct,Text Generation,sonnet,vllm,benchmark_serving.py,500,4,4,16,4,4,4096,,59.66,59.66,156.35,189.99,3155.66,24.93,24.93,9396.51,62.64,0.0003119618657815,3.119618657815269,124.45037585829591,60.099200511672535,62.60554229921303
MareNostrum5,ACC,Mistral-7B-Instruct-v0.3,Text Generation,sonnet,vllm,benchmark_serving.py,1000,4,4,16,4,4,32768,,60.0,60.03,155.86,185.4,6225.08,24.3,24.0,9493.89,62.88,0.0001594037026292,1.594037026292047,124.93254587062364,60.912934684973685,62.51117728414292
MareNostrum5,ACC,ALIA-40b-instruct-2605,Text Generation,sonnet,sglang,benchmark_serving.py,500,2,4,8,4,2,16384,,55.89,56.04,242.43,380.02,613.78,45.92,45.92,9898.83,65.99,0.00141719339021,14.171933902100283,131.10598921004092,40.83170399703007,62.46063913717764
MareNostrum5,ACC,ALIA-40b-instruct-2605,Text Generation,sonnet,sglang,benchmark_serving.py,500,2,4,8,4,2,4096,,55.54,55.7,237.07,377.32,549.23,47.14,47.14,9762.24,65.08,0.0015539774051685,15.53977405168529,129.29803429622726,41.17872358375163,62.42204638509079
MareNostrum5,ACC,Llama-3.1-8B-Instruct,Text Generation,sonnet,vllm,benchmark_serving.py,1000,4,4,16,4,4,16384,,59.66,59.66,157.0,192.15,6231.45,24.64,24.63,9418.06,62.79,0.0001592174145639,1.5921741456393534,124.74830577427127,59.98764331210191,62.15180903264224
MareNostrum5,ACC,Llama-3.1-8B-Instruct,Text Generation,sonnet,vllm,benchmark_serving.py,1000,4,4,16,4,4,4096,,59.66,59.66,156.84,192.04,6244.5,24.78,24.78,9349.44,62.33,0.0001588799598351,1.5887995983514616,123.83443182313208,59.61132364192808,61.71952224872141
MareNostrum5,ACC,Llama-3.1-8B-Instruct,Text Generation,sonnet,vllm,benchmark_serving.py,1000,4,4,16,4,4,32768,,59.66,59.66,157.09,188.43,6262.64,24.75,24.75,9294.4,61.96,0.0001584248765078,1.5842487650780874,123.09937283302482,59.16608313705519,61.32557794721265
MareNostrum5,ACC,Llama-3.1-8B-Instruct,Text Generation,sharegpt,sglang,benchmark_serving.py,300,2,4,8,4,2,32768,,54.5,54.65,182.06,248.28,145.56,25.98,29.72,8525.86,43.3,0.0049686972075921,49.686972075921695,86.16240985114061,46.829946171591786,61.17437263011057
MareNostrum5,ACC,Llama-3.1-8B-Instruct,Text Generation,sharegpt,vllm,benchmark_serving.py,250,2,4,8,4,2,32768,,59.51,59.52,162.17,217.99,135.81,22.29,23.41,7782.14,39.29,0.0055093383284667,55.09338328466751,78.1852629506369,47.98754393537647,60.67075377932397
MareNostrum5,ACC,Llama-3.1-8B-Instruct,Text Generation,sonnet,sglang,benchmark_serving.py,500,4,4,16,4,4,16384,,52.95,53.1,155.02,193.69,455.81,61.1,64.95,6364.72,61.66,0.0017186264737222,17.18626473722201,122.13676601757132,41.05741194684557,60.50820227962032
MareNostrum5,ACC,Llama-3.1-8B-Instruct,Text Generation,sonnet,sglang,benchmark_serving.py,500,4,4,16,4,4,4096,,52.7,52.85,156.51,194.7,442.19,61.96,65.89,6297.06,61.64,0.0017542628587467,17.542628587467547,122.08494767798447,40.23423423423424,60.348330885208654
MareNostrum5,ACC,Llama-3.1-8B-Instruct,Text Generation,sharegpt,vllm,benchmark_serving.py,250,2,4,8,4,2,4096,,59.51,59.52,169.38,218.56,138.0,22.09,23.13,7864.91,39.68,0.005457919441109,54.57919441109049,78.96162325939738,46.43352225764553,60.262605130412446
MareNostrum5,ACC,Llama-3.1-8B-Instruct,Text Generation,sonnet,sglang,benchmark_serving.py,500,4,4,16,4,4,32768,,53.3,53.45,153.13,191.75,463.51,61.68,65.54,6312.59,60.9,0.001692820747211,16.92820747211078,120.63617609818168,41.22373146999282,59.96348448429714
MareNostrum5,ACC,Llama-3.1-8B-Instruct,Text Generation,sharegpt,vllm,benchmark_serving.py,250,2,4,8,4,2,16384,,59.51,59.52,171.77,218.23,137.33,22.19,23.46,7808.29,39.43,0.0054650781506175,54.650781506175534,78.46377666379534,45.45782150550154,59.8054526595506
MareNostrum5,ACC,ALIA-40b-instruct-2605,Text Generation,sonnet,sglang,benchmark_serving.py,500,1,4,4,4,1,16384,,57.52,57.9,371.52,623.21,580.98,45.63,45.63,10025.8,66.84,0.0014875639652505,14.875639652505058,132.79468444331712,26.98589577950043,58.84339684201968
MareNostrum5,ACC,ALIA-40b-instruct-2605,Text Generation,sonnet,sglang,benchmark_serving.py,500,1,4,4,4,1,4096,,57.2,57.66,365.65,612.15,575.32,45.97,45.97,9975.02,66.5,0.0014986661870934,14.986661870934864,132.1192070523188,27.280240667304803,58.74567244744378
MareNostrum5,ACC,ALIA-40b-instruct-2605,Text Generation,sonnet,sglang,benchmark_serving.py,500,1,4,4,4,1,32768,,57.99,58.38,366.37,616.66,600.63,45.69,45.69,10011.04,66.74,0.0014450658227482,14.450658227482265,132.59602999867033,27.324944728007207,58.73985630985419
MareNostrum5,ACC,Llama-3.3-70B-Instruct,Text Generation,sonnet,sglang,benchmark_serving.py,1000,4,4,16,4,4,32768,,54.87,55.02,227.89,352.65,1336.04,98.64,98.64,9184.59,61.24,0.0006521795841702,6.521795841702971,121.66875047453824,40.30273377506692,56.48166055554342
MareNostrum5,ACC,Llama-3.3-70B-Instruct,Text Generation,sonnet,sglang,benchmark_serving.py,1000,2,4,8,4,2,32768,,56.85,57.0,320.15,526.95,1211.19,92.42,92.42,9818.81,65.46,0.000716316984592,7.163169845920216,130.05296346619426,30.66940496642199,56.46769491537396
MareNostrum5,ACC,Llama-3.3-70B-Instruct,Text Generation,sonnet,sglang,benchmark_serving.py,1000,2,4,8,4,2,4096,,56.18,56.33,323.18,534.28,1088.87,94.16,94.16,9739.35,64.95,0.0007829688613283,7.8296886132838495,129.03945870689392,30.135992326257814,56.17902763326295
MareNostrum5,ACC,Mistral-7B-Instruct-v0.3,Text Generation,sharegpt,vllm,benchmark_serving.py,250,2,4,8,4,2,32768,,59.85,59.87,167.19,211.83,141.69,21.19,22.13,7669.08,33.58,0.0054051132371223,54.051132371223176,66.8672137677114,45.87044679705724,55.790780662296086
MareNostrum5,ACC,Mistral-7B-Instruct-v0.3,Text Generation,sharegpt,vllm,benchmark_serving.py,250,2,4,8,4,2,4096,,59.86,59.88,165.56,212.79,143.63,20.93,21.9,7653.61,33.45,0.0053630805534699,53.630805534699135,66.60888675254259,46.228618023677214,55.6746531452389
MareNostrum5,ACC,Llama-3.3-70B-Instruct,Text Generation,sonnet,sglang,benchmark_serving.py,1000,4,4,16,4,4,4096,,54.1,54.25,224.98,354.38,1272.39,100.96,100.96,8995.57,59.98,0.0006782834003703,6.782834003703427,119.16543746100456,39.98386523246511,55.61724917238956
MareNostrum5,ACC,Llama-3.3-70B-Instruct,Text Generation,sonnet,sglang,benchmark_serving.py,1000,4,4,16,4,4,16384,,54.62,54.77,228.26,350.68,1309.25,100.33,100.34,9027.29,60.21,0.0006622867436685,6.622867436685388,119.6221471031637,39.54827827915536,55.5787539928784
MareNostrum5,ACC,Llama-3.3-70B-Instruct,Text Generation,sonnet,sglang,benchmark_serving.py,1000,2,4,8,4,2,16384,,56.69,56.84,324.76,535.62,1245.03,93.91,93.92,9675.97,64.53,0.0006979048895216,6.979048895216559,128.20498826548945,29.794217268136467,55.49672216044372
MareNostrum5,ACC,Mistral-7B-Instruct-v0.3,Text Generation,sharegpt,vllm,benchmark_serving.py,250,2,4,8,4,2,16384,,59.85,59.87,166.49,211.35,145.04,21.02,21.89,7606.24,33.22,0.0053205639797818,53.20563979781858,66.15108732816194,45.68586701904018,55.20076466892624
MareNostrum5,ACC,Mistral-7B-Instruct-v0.3,Text Generation,sonnet,sglang,benchmark_serving.py,250,4,4,16,4,4,32768,,56.42,56.58,153.29,191.41,300.35,34.18,34.18,6862.74,45.86,0.0027121586070353,27.12158607035339,91.11115317140954,44.769652293039336,54.52542007597199
MareNostrum5,ACC,Mistral-7B-Instruct-v0.3,Text Generation,sonnet,sglang,benchmark_serving.py,300,4,4,16,4,4,16384,,56.11,56.26,163.0,193.44,388.83,33.41,33.41,7264.05,48.51,0.0021946669592889,21.94666959288928,96.37638952706028,44.56472392638037,54.490551757224566
MareNostrum5,ACC,Llama-3.1-8B-Instruct,Text Generation,sonnet,sglang,benchmark_serving.py,300,4,4,16,4,4,4096,,52.7,52.85,158.56,190.34,170.85,52.89,54.92,4913.58,47.83,0.0035886025981482,35.88602598148281,94.73779889184726,30.98877396569122,54.32850812595342
MareNostrum5,ACC,Llama-3.1-8B-Instruct,Text Generation,sharegpt,vllm,benchmark_serving.py,250,1,4,4,4,1,32768,,60.26,60.26,200.28,296.22,156.59,24.05,25.91,7516.0,38.05,0.0048414427499394,48.41442749939482,75.71668177997233,37.52746155382464,54.21336485220872
MareNostrum5,ACC,Llama-3.1-8B-Instruct,Text Generation,sonnet,sglang,benchmark_serving.py,300,4,4,16,4,4,32768,,53.3,53.45,156.55,187.64,170.07,52.89,54.9,4919.52,47.36,0.0035989347153242,35.98934715324265,93.81682955899882,31.42459278185883,54.189969772356925
MareNostrum5,ACC,ALIA-40b-instruct-2605,Text Generation,sonnet,sglang,benchmark_serving.py,500,4,4,16,4,4,16384,,54.41,54.57,185.8,274.63,646.87,58.03,58.03,7983.54,53.22,0.0013107362405463,13.10736240546315,105.73514670090933,42.968460710441335,54.15636052350788
MareNostrum5,ACC,ALIA-40b-instruct-2605,Text Generation,sonnet,sglang,benchmark_serving.py,500,4,4,16,4,4,32768,,54.76,54.91,190.26,275.67,683.09,57.4,57.4,8056.26,53.71,0.0012533055935028,12.533055935028637,106.70858821919194,42.3434247871334,54.09205494431769
MareNostrum5,ACC,Llama-3.1-8B-Instruct,Text Generation,sonnet,sglang,benchmark_serving.py,300,4,4,16,4,4,16384,,52.95,53.1,156.27,190.57,173.79,52.85,55.36,4920.67,47.4,0.0035460992907801,35.46099290780142,93.89551999066036,31.48825750303961,54.05745678644968
MareNostrum5,ACC,ALIA-40b-instruct-2605,Text Generation,sonnet,sglang,benchmark_serving.py,500,4,4,16,4,4,4096,,54.07,54.22,186.18,277.91,691.79,57.96,57.96,7983.88,53.23,0.0012380681185078,12.380681185078805,105.75491249964227,42.88258674401117,53.888529610888746
MareNostrum5,ACC,Mistral-7B-Instruct-v0.3,Text Generation,sonnet,sglang,benchmark_serving.py,250,4,4,16,4,4,16384,,56.11,56.26,155.03,191.29,321.43,33.93,33.93,6836.44,45.7,0.0025687790593131,25.687790593131083,90.79306959753798,44.09752951041734,53.71470190816103
MareNostrum5,ACC,Llama-3.1-8B-Instruct,Text Generation,sharegpt,vllm,benchmark_serving.py,250,1,4,4,4,1,4096,,60.26,60.26,203.52,296.59,164.61,23.86,25.32,7578.82,38.22,0.0046774872538472,46.77487253847232,76.0564472288448,37.238698899371066,53.67903236868656
MareNostrum5,ACC,Llama-3.1-8B-Instruct,Text Generation,sharegpt,vllm,benchmark_serving.py,250,1,4,4,4,1,16384,,60.26,60.26,197.97,295.47,166.57,24.2,25.62,7494.34,37.81,0.0046212856416655,46.21285641665512,75.24040158520476,37.85593776834874,53.40800780650396
MareNostrum5,ACC,Mistral-7B-Instruct-v0.3,Text Generation,sonnet,sglang,benchmark_serving.py,300,4,4,16,4,4,32768,,56.43,56.58,161.66,191.62,334.2,36.43,36.43,6881.0,45.98,0.0024566402987274,24.566402987274603,91.34958668857136,42.564641840900656,53.03212187887584
MareNostrum5,ACC,Mistral-7B-Instruct-v0.3,Text Generation,sonnet,sglang,benchmark_serving.py,250,2,4,8,4,2,32768,,54.92,55.02,162.01,198.11,272.74,35.83,35.83,6592.46,44.04,0.002903600464576,29.036004645760745,87.49549865139758,40.69168569841368,52.64205054452621
MareNostrum5,ACC,Mistral-7B-Instruct-v0.3,Text Generation,sonnet,sglang,benchmark_serving.py,250,2,4,8,4,2,4096,,54.45,54.55,164.97,203.74,295.12,35.02,35.03,6693.13,44.71,0.0027384505846592,27.384505846592003,88.82663948683852,40.57180093350306,52.49476571208736
MareNostrum5,ACC,Mistral-7B-Instruct-v0.3,Text Generation,sonnet,sglang,benchmark_serving.py,300,2,4,8,4,2,32768,,54.92,55.02,168.18,202.32,306.65,36.82,36.82,6777.0,45.27,0.0026295721686081,26.295721686081677,89.93921084917483,40.29611130931145,52.41463268096688
MareNostrum5,ACC,ALIA-40b-instruct-2605,Text Generation,sonnet,sglang,benchmark_serving.py,250,1,4,4,4,1,32768,,57.65,57.76,355.14,544.79,321.81,29.07,29.07,7993.63,53.29,0.0026319252533228,26.319252533228056,105.8741835882549,22.508391057047927,52.14845341955954
MareNostrum5,ACC,ALIA-40b-instruct-2605,Text Generation,sonnet,sglang,benchmark_serving.py,250,1,4,4,4,1,16384,,57.19,57.29,360.22,553.29,321.78,29.05,29.05,8001.83,53.35,0.0026324102348109,26.32410234810993,105.99331870920328,22.21373049802898,52.09631691885577
MareNostrum5,ACC,Mistral-7B-Instruct-v0.3,Text Generation,sonnet,sglang,benchmark_serving.py,250,2,4,8,4,2,16384,,54.65,54.76,167.88,202.01,318.86,34.67,34.67,6747.01,45.08,0.0025759917568263,25.759917568263777,89.56159615081661,40.18948058136765,52.06994845052498
MareNostrum5,ACC,ALIA-40b-instruct-2605,Text Generation,sonnet,sglang,benchmark_serving.py,250,1,4,4,4,1,4096,,56.79,56.9,358.76,550.04,326.05,29.01,29.01,8006.6,53.38,0.002603692035306,26.03692035306064,106.05294504452866,22.317426691938905,52.05213077660082
MareNostrum5,ACC,Llama-3.1-8B-Instruct,Text Generation,sonnet,sglang,benchmark_serving.py,250,4,4,16,4,4,4096,,52.7,52.85,160.82,192.28,147.14,49.37,51.2,4496.34,43.23,0.0040369787251221,40.36978725122119,85.6366476119985,27.958835965675917,51.78901536251099
MareNostrum5,ACC,Llama-3.1-8B-Instruct,Text Generation,sharegpt,sglang,benchmark_serving.py,250,1,4,4,1,1,32768,,54.23,54.23,346.21,539.67,88.73,27.93,30.75,6560.21,33.34,0.0067838002849196,67.83800284919612,66.34283546799524,18.948643886658388,51.68505107157576
MareNostrum5,ACC,Llama-3.1-8B-Instruct,Text Generation,sonnet,sglang,benchmark_serving.py,250,4,4,16,4,4,16384,,52.95,53.1,157.12,187.19,141.37,50.55,52.33,4376.11,42.65,0.0040941658137154,40.94165813715456,84.47668191981461,27.85202393075356,51.55488327721066
MareNostrum5,ACC,Mistral-7B-Instruct-v0.3,Text Generation,sonnet,sglang,benchmark_serving.py,300,2,4,8,4,2,4096,,54.45,54.56,172.84,206.08,373.69,35.69,35.7,6878.5,45.95,0.0022467870944549,22.467870944549297,91.2901602293323,39.79692200879426,51.4127456419339
MareNostrum5,ACC,Llama-3.1-8B-Instruct,Text Generation,sonnet,sglang,benchmark_serving.py,250,4,4,16,4,4,32768,,53.3,53.45,155.46,185.89,148.48,50.25,51.8,4403.81,42.46,0.0039915379395681,39.91537939568116,84.10904987776271,28.32760838800978,51.23314063713405
MareNostrum5,ACC,ALIA-40b-instruct-2605,Text Generation,sonnet,sglang,benchmark_serving.py,300,1,4,4,4,1,16384,,57.19,57.29,365.15,572.32,342.45,31.33,31.33,7945.22,52.97,0.0024684653550887,24.68465355088741,105.23838603484036,21.758784061344656,51.136644358777744
MareNostrum5,ACC,ALIA-40b-instruct-2605,Text Generation,sonnet,sglang,benchmark_serving.py,300,1,4,4,4,1,4096,,56.79,56.9,361.43,571.74,344.92,31.3,31.3,7920.06,52.8,0.0024538672948566,24.53867294856694,104.90066751454307,21.913122873032123,51.021575076827695
MareNostrum5,ACC,Mistral-7B-Instruct-v0.3,Text Generation,sonnet,sglang,benchmark_serving.py,300,1,4,4,4,1,4096,,55.3,55.53,189.47,264.16,314.68,36.59,36.59,6789.0,45.35,0.0025782498839787,25.78249883978755,90.09815125066758,35.831530057528894,50.865510649164
MareNostrum5,ACC,Llama-3.1-8B-Instruct,Text Generation,sharegpt,sglang,benchmark_serving.py,250,1,4,4,1,1,16384,,53.94,53.94,341.67,541.56,95.46,27.87,30.33,6575.45,33.37,0.006507874528179,65.07874528179097,66.40300885785965,19.245031755787743,50.862206569333296
MareNostrum5,ACC,Mistral-7B-Instruct-v0.3,Text Generation,sonnet,sglang,benchmark_serving.py,250,1,4,4,4,1,16384,,55.49,55.68,202.19,261.85,298.01,34.57,34.57,6795.83,45.38,0.0027236824186299,27.23682418629988,90.15795901602203,33.61110836342055,50.66978096508403
MareNostrum5,ACC,Mistral-7B-Instruct-v0.3,Text Generation,sonnet,sglang,benchmark_serving.py,250,1,4,4,4,1,32768,,55.73,55.87,200.49,258.72,281.03,35.29,35.29,6659.17,44.49,0.0028440601803134,28.440601803134157,88.38946882747635,33.21447453738341,50.35085586637027
MareNostrum5,ACC,Mistral-7B-Instruct-v0.3,Text Generation,sonnet,sglang,benchmark_serving.py,250,1,4,4,4,1,4096,,55.3,55.53,196.39,257.1,293.17,35.33,35.33,6646.16,44.38,0.0027485364043646,27.48536404364676,88.17123305443208,33.84164163144763,50.15256833541005
MareNostrum5,ACC,Llama-3.1-8B-Instruct,Text Generation,sharegpt,sglang,benchmark_serving.py,300,1,4,4,1,1,32768,,54.23,54.23,367.89,557.42,106.47,30.26,33.48,6990.5,35.47,0.0058750954703013,58.750954703013925,70.5818655644701,19.001603740248445,50.05367208782408
MareNostrum5,ACC,Llama-3.1-8B-Instruct,Text Generation,sharegpt,sglang,benchmark_serving.py,250,1,4,4,1,1,4096,,53.73,53.73,348.09,550.36,100.04,27.97,30.59,6540.33,33.24,0.0063051702395964,63.05170239596469,66.14383636288957,18.78919245022839,49.93902476208354
MareNostrum5,ACC,Mistral-7B-Instruct-v0.3,Text Generation,sonnet,sglang,benchmark_serving.py,300,1,4,4,4,1,16384,,55.49,55.69,210.75,274.12,297.08,37.04,37.05,6752.88,45.16,0.0026941832583452,26.941832583452324,89.71999599884673,32.04213523131673,49.91850499200304
MareNostrum5,ACC,ALIA-40b-instruct-2605,Text Generation,sonnet,sglang,benchmark_serving.py,300,1,4,4,4,1,32768,,57.65,57.76,362.1,567.66,379.21,31.42,31.42,7835.17,52.23,0.0022621875353466,22.6218753534668,103.76827068488984,21.638138635735984,49.896854016476766
MareNostrum5,ACC,Llama-3.1-8B-Instruct,Text Generation,sonnet,sglang,benchmark_serving.py,1000,1,4,4,1,1,4096,,54.39,54.43,470.47,711.85,3430.77,73.92,85.92,6811.14,65.74,0.0002785042095911,2.78504209591128,130.2231080373658,14.477309924118437,49.855510221032105
MareNostrum5,ACC,Llama-3.1-8B-Instruct,Text Generation,sonnet,sglang,benchmark_serving.py,1000,1,4,4,1,1,32768,,54.88,54.88,464.35,693.66,3460.57,74.49,86.67,6763.94,65.67,0.0002761111402561,2.761111402561759,130.07710244069574,14.566469258102725,49.82626286930043
MareNostrum5,ACC,ALIA-40b-instruct-2605,Text Generation,sonnet,sglang,benchmark_serving.py,250,2,4,8,4,2,32768,,56.56,56.71,243.95,374.92,261.71,35.0,35.0,6797.01,45.32,0.0030146814988996,30.14681498899641,90.03964824847675,27.86230784996926,49.77933601273104
MareNostrum5,ACC,Llama-3.1-8B-Instruct,Text Generation,sharegpt,sglang,benchmark_serving.py,300,1,4,4,1,1,16384,,53.94,53.94,363.39,559.53,108.4,30.33,33.53,6969.93,35.32,0.0058051782189713,58.051782189713215,70.2838378644588,19.180302154709818,49.77180750792564
MareNostrum5,ACC,Llama-3.1-8B-Instruct,Text Generation,sharegpt,sglang,benchmark_serving.py,300,1,4,4,1,1,4096,,53.73,53.73,369.0,564.65,107.85,30.35,33.59,6970.43,35.36,0.0058210605972408,58.21060597240818,70.36305821327787,18.890054200542007,49.75986316730671
MareNostrum5,ACC,Mistral-7B-Instruct-v0.3,Text Generation,sonnet,sglang,benchmark_serving.py,300,2,4,8,4,2,16384,,54.65,54.76,173.16,204.86,350.98,37.98,37.98,6559.98,43.84,0.0023422494964163,23.42249496416358,87.09792913798377,37.88392238392238,49.69979935758526
MareNostrum5,ACC,Mistral-7B-Instruct-v0.3,Text Generation,sonnet,sglang,benchmark_serving.py,300,1,4,4,4,1,32768,,55.73,55.87,203.86,265.83,325.66,36.55,36.55,6764.95,45.2,0.002507774099709,25.077740997090977,89.80000146839643,33.184293142352594,49.67740624381855
MareNostrum5,ACC,Llama-3.1-8B-Instruct,Text Generation,sonnet,sglang,benchmark_serving.py,1000,1,4,4,1,1,16384,,54.61,54.61,472.16,712.19,3476.93,74.36,86.24,6762.73,65.52,0.000274911822033,2.749118220330829,129.7826147548786,14.322962555066075,49.64413722919235
MareNostrum5,ACC,Mistral-7B-Instruct-v0.3,Text Generation,sharegpt,vllm,benchmark_serving.py,250,1,4,4,4,1,4096,,60.19,60.2,204.44,303.0,165.71,23.2,24.75,7420.01,32.38,0.0046803332397266,46.80333239726668,64.47862331413144,36.29431618078654,49.450046119727055
MareNostrum5,ACC,ALIA-40b-instruct-2605,Text Generation,sonnet,sglang,benchmark_serving.py,250,2,4,8,4,2,4096,,55.54,55.7,238.49,369.52,308.2,34.45,34.45,6861.52,45.74,0.0026518164942985,26.518164942985948,90.8742177940312,28.77068220889765,49.120028437433085
MareNostrum5,ACC,Mistral-7B-Instruct-v0.3,Text Generation,sharegpt,vllm,benchmark_serving.py,250,1,4,4,4,1,32768,,60.19,60.2,205.56,297.44,169.79,22.94,24.71,7363.01,32.38,0.0045989698307579,45.9896983075791,64.47645460212377,35.81927417785561,49.02065972621277
MareNostrum5,ACC,Llama-3.1-8B-Instruct,Text Generation,sonnet,sglang,benchmark_serving.py,500,1,4,4,1,1,32768,,54.88,54.88,483.65,699.84,865.49,61.13,70.37,6328.64,61.35,0.0010030190874532,10.030190874532344,121.52196294516894,13.085164891967333,48.91498506412798
MareNostrum5,ACC,Llama-3.1-8B-Instruct,Text Generation,sonnet,sglang,benchmark_serving.py,150,2,4,8,4,2,16384,,52.69,54.43,163.82,279.49,329.88,27.33,30.73,4749.39,45.68,0.0025777182038459,25.777182038459557,90.48966342514292,28.99151507752412,48.80801228243256
MareNostrum5,ACC,Llama-3.1-8B-Instruct,Text Generation,sonnet,sglang,benchmark_serving.py,500,1,4,4,1,1,16384,,54.61,54.61,495.46,708.86,873.45,61.23,70.37,6330.04,61.1,0.0009949753743594,9.949753743594846,121.03175458525396,12.776086868768418,48.62206062981448
MareNostrum5,ACC,Mistral-7B-Instruct-v0.3,Text Generation,sharegpt,vllm,benchmark_serving.py,250,1,4,4,4,1,16384,,60.19,60.2,204.58,293.81,167.03,23.49,25.04,7242.91,31.51,0.004639079606606,46.39079606606049,62.74702150824397,35.40380291328575,48.43607490751496
MareNostrum5,ACC,ALIA-40b-instruct-2605,Text Generation,sonnet,sglang,benchmark_serving.py,300,2,4,8,4,2,16384,,55.89,56.04,255.04,350.96,274.63,37.65,37.65,6721.37,44.81,0.0028577144000228,28.57714400022862,89.02647866299745,26.35417973651192,48.41856922118068
MareNostrum5,ACC,Llama-3.1-8B-Instruct,Text Generation,sharegpt,sglang,benchmark_serving.py,500,1,4,4,1,1,32768,,54.53,54.71,351.37,619.3,211.51,34.99,43.91,8433.44,42.81,0.0034434075961571,34.43407596157157,85.18756912549773,24.00159376156189,48.35186933330337
MareNostrum5,ACC,ALIA-40b-instruct-2605,Text Generation,sonnet,sglang,benchmark_serving.py,250,2,4,8,4,2,16384,,55.88,56.04,244.36,372.63,326.71,34.34,34.34,6830.01,45.53,0.0025291484357216,25.291484357216923,90.4569983739459,27.95060566377476,48.29867794100328
MareNostrum5,ACC,Mistral-7B-Instruct-v0.3,Text Generation,sonnet,vllm,benchmark_serving.py,150,2,4,8,4,2,4096,,59.67,59.89,145.59,256.1,381.01,21.88,21.73,6015.28,39.84,0.0023550468654326,23.550468654326224,79.15574099274664,41.31657394051789,48.1414149409705
MareNostrum5,ACC,Llama-3.1-8B-Instruct,Text Generation,sonnet,sglang,benchmark_serving.py,500,1,4,4,1,1,4096,,54.29,54.32,498.33,702.28,888.12,61.99,71.63,6261.8,60.53,0.0009787225712999,9.787225712999392,119.90097131911811,12.565569000461542,48.11496907106765
MareNostrum5,ACC,Mistral-7B-Instruct-v0.3,Text Generation,sharegpt,sglang,benchmark_serving.py,250,1,4,4,1,1,4096,,54.59,54.59,310.99,497.43,115.27,25.58,28.03,6809.91,30.5,0.0059213642823306,59.21364282330649,60.72801337931499,21.897520820605163,47.78736977148496
MareNostrum5,ACC,Mistral-7B-Instruct-v0.3,Text Generation,sharegpt,sglang,benchmark_serving.py,300,1,4,4,1,1,16384,,54.88,54.88,304.98,507.64,111.51,28.57,33.07,6949.02,30.65,0.0057753393011839,57.75339301183944,61.03081177190325,22.785166240409207,47.677882823403465
MareNostrum5,ACC,Llama-3.1-8B-Instruct,Text Generation,sharegpt,sglang,benchmark_serving.py,500,1,4,4,1,1,4096,,54.04,54.21,364.84,624.58,215.91,35.21,44.29,8387.34,42.52,0.0033851257574218,33.85125757421888,84.61106039720707,22.989091108431094,47.63369726498278
MareNostrum5,ACC,gemma-3-12b-it,Text Generation,sonnet,vllm,benchmark_serving.py,250,2,4,8,4,2,4096,,59.01,59.08,186.31,259.2,353.95,36.71,36.71,6376.46,42.51,0.0023398928329082,23.39892832908253,84.45695013374419,34.225001341849605,47.62299910675296
MareNostrum5,ACC,Llama-3.1-8B-Instruct,Text Generation,sharegpt,sglang,benchmark_serving.py,500,1,4,4,1,1,16384,,54.25,54.42,353.0,614.43,224.79,35.17,45.22,8401.18,42.6,0.0032767547021429,32.76754702142998,84.77015459900662,23.799376770538245,47.57861911752069
MareNostrum5,ACC,Mistral-7B-Instruct-v0.3,Text Generation,sharegpt,sglang,benchmark_serving.py,250,1,4,4,1,1,16384,,54.88,54.88,309.43,491.01,118.56,25.45,27.87,6840.38,30.61,0.0058180125669071,58.18012566907144,60.94726722058975,22.10638916717836,47.57735811598188
MareNostrum5,ACC,ALIA-40b-instruct-2605,Text Generation,sonnet,sglang,benchmark_serving.py,300,2,4,8,4,2,4096,,55.54,55.7,250.5,345.46,317.6,37.04,37.04,6711.62,44.74,0.0025531045751633,25.531045751633982,88.88747159713218,26.792894211576847,47.47602204628509
MareNostrum5,ACC,Llama-3.1-8B-Instruct,Text Generation,sharegpt,vllm,benchmark_serving.py,250,4,4,16,4,4,4096,,59.64,59.65,152.83,184.54,201.75,27.37,28.52,6205.18,31.32,0.0038813848781245,38.81384878124515,62.32541893690372,40.60184518746319,47.379941484158834
MareNostrum5,ACC,ALIA-40b-instruct-2605,Text Generation,sonnet,sglang,benchmark_serving.py,300,2,4,8,4,2,32768,,56.56,56.71,256.13,355.63,333.34,37.18,37.18,6755.81,45.04,0.0024527839097375,24.527839097375523,89.48342704220795,26.376488501932613,47.20430680807682
MareNostrum5,ACC,Llama-3.1-8B-Instruct,Text Generation,sharegpt,vllm,benchmark_serving.py,250,4,4,16,4,4,16384,,59.64,59.65,156.05,188.81,200.11,27.35,28.51,6196.15,31.26,0.0039067078173223,39.06707817322342,62.20616564510768,39.70618391541172,47.13888175116433
MareNostrum5,ACC,Llama-3.1-8B-Instruct,Text Generation,sonnet,vllm,benchmark_serving.py,150,2,4,8,4,2,4096,,59.36,59.53,153.05,254.54,359.04,22.48,22.48,5868.88,39.13,0.0024752475247524,24.75247524752475,77.74166746501784,38.34616138516824,47.11878016551832
MareNostrum5,ACC,Llama-3.1-8B-Instruct,Text Generation,sonnet,sglang,benchmark_serving.py,150,2,4,8,4,2,32768,,53.18,54.63,171.61,279.62,350.24,27.87,31.93,4618.78,44.79,0.0024387864598575,24.38786459857575,88.71965305549182,26.914398927801408,47.06916365927943
MareNostrum5,ACC,Mistral-7B-Instruct-v0.3,Text Generation,sonnet,sglang,benchmark_serving.py,500,1,4,4,1,1,32768,,55.55,55.55,408.11,699.03,1819.22,46.36,46.37,8504.54,56.81,0.0005230262297654,5.230262297654228,112.86605906778722,20.8388424689422,46.8211788543116
MareNostrum5,ACC,Llama-3.1-8B-Instruct,Text Generation,sharegpt,vllm,benchmark_serving.py,250,4,4,16,4,4,32768,,59.64,59.65,155.31,183.12,202.1,27.66,28.77,6138.81,30.92,0.0038680230534173,38.68023053417399,61.53008484974221,39.52617345953255,46.719882737581926
MareNostrum5,ACC,Mistral-7B-Instruct-v0.3,Text Generation,sharegpt,sglang,benchmark_serving.py,250,1,4,4,1,1,32768,,55.17,55.17,313.07,490.85,118.29,25.53,27.77,6672.8,29.63,0.0058278454455387,58.278454455387845,58.99802429864989,21.31408311240298,46.69450937234178
MareNostrum5,ACC,gemma-3-12b-it,Text Generation,sonnet,vllm,benchmark_serving.py,250,2,4,8,4,2,32768,,59.01,59.08,197.88,262.9,381.44,36.44,36.44,6406.12,42.71,0.0022010917415037,22.01091741503786,84.85427130192609,32.37376187588438,46.69376796405075
MareNostrum5,ACC,gemma-3-12b-it,Text Generation,sonnet,vllm,benchmark_serving.py,250,2,4,8,4,2,16384,,59.0,59.08,194.69,253.38,360.21,37.34,37.34,6273.3,41.83,0.002299432040286,22.99432040286049,83.10585498635815,32.221993939082644,46.38509769284079
MareNostrum5,ACC,Llama-3.1-8B-Instruct,Text Generation,sonnet,sglang,benchmark_serving.py,250,1,4,4,1,1,4096,,54.24,54.24,488.29,696.06,307.32,41.66,43.96,5238.27,50.77,0.002544917799155,25.44917799155088,100.56530784414564,10.727784718097851,46.27781629392813
MareNostrum5,ACC,Llama-3.1-8B-Instruct,Text Generation,sonnet,sglang,benchmark_serving.py,250,1,4,4,1,1,16384,,54.6,54.6,488.5,697.18,308.79,41.87,44.28,5229.04,50.68,0.0025320301817997,25.32030181799767,100.38704597971105,10.704278403275332,46.165867340269074
MareNostrum5,ACC,Llama-3.1-8B-Instruct,Text Generation,sonnet,sglang,benchmark_serving.py,250,1,4,4,1,1,32768,,54.88,54.88,479.74,689.5,302.77,42.0,44.38,5197.62,50.4,0.0025697031992804,25.69703199280483,99.83195490870844,10.834243548588818,46.14681348206294
MareNostrum5,ACC,Mistral-7B-Instruct-v0.3,Text Generation,sonnet,vllm,benchmark_serving.py,150,2,4,8,4,2,32768,,59.74,59.89,172.65,261.58,379.04,21.87,21.73,6020.6,39.87,0.0023660798788567,23.660798788567103,79.2154146460588,34.87170576310455,46.136858411966266
MareNostrum5,ACC,Llama-3.1-8B-Instruct,Text Generation,sonnet,sglang,benchmark_serving.py,300,1,4,4,1,1,32768,,54.88,54.88,441.81,699.14,400.25,47.34,51.7,5424.56,52.46,0.0020028440385347,20.0284403853472,103.91505512121556,12.27803807066386,46.069760654843776
MareNostrum5,ACC,Mistral-7B-Instruct-v0.3,Text Generation,sonnet,vllm,benchmark_serving.py,150,2,4,8,4,2,16384,,59.74,59.89,171.55,257.58,380.94,21.99,21.84,5989.6,39.67,0.0023542152223556,23.54215222355628,78.81797696901947,34.91460215680559,45.97511661565355
MareNostrum5,ACC,Llama-3.1-8B-Instruct,Text Generation,sharegpt,vllm,benchmark_serving.py,300,2,4,8,4,2,32768,,59.51,59.52,170.36,215.48,752.38,22.65,24.01,7878.77,39.7,0.0012515018021625,12.515018021625952,79.00192057304001,46.24776942944353,45.91504533960836
MareNostrum5,ACC,Llama-3.1-8B-Instruct,Text Generation,sharegpt,vllm,benchmark_serving.py,300,2,4,8,4,2,4096,,59.51,59.52,172.08,218.72,749.01,22.6,23.79,7892.38,39.85,0.001257229067136,12.572290671360324,79.29960250774373,45.864597861459785,45.91311499656251
MareNostrum5,ACC,Llama-3.1-8B-Instruct,Text Generation,sonnet,sglang,benchmark_serving.py,300,1,4,4,1,1,16384,,54.6,54.6,450.76,697.64,401.18,47.41,51.94,5417.67,52.28,0.0019978822448204,19.9788224482049,103.5606495854624,12.018967965214305,45.84949024031546
MareNostrum5,ACC,Llama-3.3-70B-Instruct,Text Generation,sonnet,sglang,benchmark_serving.py,500,2,4,8,4,2,4096,,56.18,56.33,303.69,461.54,658.61,62.46,62.46,7459.5,49.75,0.0012762753181116,12.76275318111623,98.84079635116689,24.56287661760348,45.805327358609375
MareNostrum5,ACC,Llama-3.1-8B-Instruct,Text Generation,sharegpt,vllm,benchmark_serving.py,300,2,4,8,4,2,16384,,59.51,59.52,174.31,222.01,752.65,22.69,23.96,7857.53,39.7,0.0012510947078693,12.510947078693857,79.00084991826249,45.0779071768688,45.538941275563175
MareNostrum5,ACC,Llama-3.3-70B-Instruct,Text Generation,sonnet,sglang,benchmark_serving.py,500,2,4,8,4,2,16384,,56.69,56.84,307.68,469.86,657.55,62.88,62.88,7407.03,49.41,0.0012766337720698,12.766337720698065,98.16517059079132,24.07381045241809,45.42033217068019
MareNostrum5,ACC,Mistral-7B-Instruct-v0.3,Text Generation,sharegpt,sglang,benchmark_serving.py,300,1,4,4,1,1,4096,,54.59,54.59,328.47,499.54,133.52,28.59,32.92,6982.72,31.1,0.0051274162949289,51.27416294928984,61.924198796091154,21.258318872347548,45.29010503258076
MareNostrum5,ACC,Llama-3.1-8B-Instruct,Text Generation,sonnet,sglang,benchmark_serving.py,300,1,4,4,1,1,4096,,54.24,54.24,449.51,692.08,412.46,47.83,52.43,5367.53,51.5,0.0019503822749258,19.50382274925886,102.02113477873348,11.940846699739716,45.1395565034341
MareNostrum5,ACC,Llama-3.1-8B-Instruct,Text Generation,sonnet,vllm,benchmark_serving.py,150,2,4,8,4,2,16384,,59.45,59.53,181.98,254.43,364.41,22.44,22.44,5866.48,39.11,0.0024432553934862,24.43255393486281,77.70198500065193,32.236949115287395,45.04156695496698
MareNostrum5,ACC,Llama-3.3-70B-Instruct,Text Generation,sonnet,sglang,benchmark_serving.py,500,2,4,8,4,2,32768,,56.84,56.99,304.8,463.63,683.79,63.24,63.24,7336.74,48.94,0.0012341565157293,12.341565157293248,97.23141419612006,24.070669291338582,44.95742715338887
MareNostrum5,ACC,gemma-3-12b-it,Text Generation,sonnet,vllm,benchmark_serving.py,300,2,4,8,4,2,4096,,59.01,59.08,200.97,318.67,1040.51,34.51,34.51,6864.59,45.77,0.0009012825250331,9.012825250331222,90.93369500286526,34.15728715728716,44.9121487764187
MareNostrum5,ACC,gemma-3-12b-it,Text Generation,sonnet,vllm,benchmark_serving.py,300,2,4,8,4,2,32768,,59.01,59.08,201.73,322.52,1043.89,34.49,34.49,6866.72,45.78,0.0008985775517356,8.985775517356025,90.9536178227848,34.039161255143014,44.871925337293646
MareNostrum5,ACC,Llama-3.1-8B-Instruct,Text Generation,sonnet,vllm,benchmark_serving.py,150,2,4,8,4,2,32768,,59.45,59.53,182.59,255.13,364.61,22.56,22.56,5839.88,38.93,0.0024406316354672,24.406316354672587,77.34440419064403,31.98356974642642,44.82998730426411
MareNostrum5,ACC,Mistral-7B-Instruct-v0.3,Text Generation,sharegpt,sglang,benchmark_serving.py,300,1,4,4,1,1,32768,,55.17,55.17,328.33,508.0,138.69,28.39,32.54,7031.34,30.87,0.0050095180843602,50.09518084360285,61.47012501752285,21.41546614686444,44.78515315977936
MareNostrum5,ACC,Mistral-7B-Instruct-v0.3,Text Generation,sonnet,sglang,benchmark_serving.py,500,1,4,4,1,1,16384,,55.17,55.21,418.35,704.84,2060.68,46.93,46.94,8170.15,54.6,0.0004641340419113,4.641340419113041,108.47507583817138,19.52946097765029,44.7090090403248
MareNostrum5,ACC,gemma-3-12b-it,Text Generation,sonnet,vllm,benchmark_serving.py,300,2,4,8,4,2,16384,,59.0,59.08,200.57,315.29,1059.31,35.02,35.02,6761.15,45.08,0.0008854650905388,8.854650905388056,89.56283933984012,33.70967741935484,44.24904345757113
MareNostrum5,ACC,Mistral-7B-Instruct-v0.3,Text Generation,sonnet,vllm,benchmark_serving.py,250,1,4,4,1,1,4096,,15.09,59.5,156.43,644.99,629.88,36.97,36.72,6044.84,40.03,0.0014213226828886,14.21322682888696,79.53331630749712,38.642459886211086,44.23941182995814
MareNostrum5,ACC,Mistral-7B-Instruct-v0.3,Text Generation,sonnet,vllm,benchmark_serving.py,250,1,4,4,1,1,16384,,15.09,59.5,157.9,646.44,625.36,36.96,36.71,6050.86,40.07,0.0014305537673633,14.305537673633465,79.6127882605776,38.32083597213426,44.19489832871473
MareNostrum5,ACC,Mistral-7B-Instruct-v0.3,Text Generation,sonnet,vllm,benchmark_serving.py,250,1,4,4,1,1,32768,,15.1,59.5,158.55,639.63,624.58,37.11,36.86,6026.55,39.92,0.0014315367547061,14.315367547061769,79.31461822114014,38.01040681173132,43.99752534094267
MareNostrum5,ACC,Mistral-7B-Instruct-v0.3,Text Generation,sonnet,sglang,benchmark_serving.py,500,1,4,4,1,1,4096,,54.89,54.94,425.81,703.07,2118.85,47.41,47.42,8058.82,53.83,0.0004517364750099,4.517364750099382,106.94564183096767,18.925858951175407,43.953697101938936
MareNostrum5,ACC,Mistral-7B-Instruct-v0.3,Text Generation,sonnet,vllm,benchmark_serving.py,150,1,4,4,1,1,4096,,15.08,59.49,118.41,640.63,357.81,27.22,27.03,4967.48,32.9,0.0024268310440227,24.268310440227157,65.36706890276339,41.95152436449624,43.90051677325559
MareNostrum5,ACC,Mistral-7B-Instruct-v0.3,Text Generation,sharegpt,vllm,benchmark_serving.py,250,4,4,16,4,4,16384,,59.99,60.01,154.25,186.07,200.97,26.27,27.11,5984.06,26.23,0.0039315903282877,39.315903282877926,52.23105500732909,38.79455429497569,43.54022319306261
MareNostrum5,ACC,ALIA-40b-instruct-2605,Text Generation,sonnet,vllm,benchmark_serving.py,250,2,4,8,4,2,32768,,59.22,59.25,212.94,285.21,349.8,39.73,39.73,5927.73,39.52,0.0023295904579974,23.29590457997484,78.51653260714735,27.83755987602141,43.5242478039484
MareNostrum5,ACC,Mistral-7B-Instruct-v0.3,Text Generation,sonnet,sglang,benchmark_serving.py,250,1,4,4,1,1,4096,,54.75,54.86,441.06,706.24,924.87,26.46,26.47,7637.79,51.01,0.0010227040294538,10.227040294538758,101.3431661377588,17.31689566045436,43.47527679832657
MareNostrum5,ACC,Mistral-7B-Instruct-v0.3,Text Generation,sonnet,sglang,benchmark_serving.py,250,1,4,4,1,1,16384,,55.06,55.06,424.16,699.84,897.43,26.91,26.91,7572.16,50.59,0.0010512483574244,10.512483574244415,100.50849743202916,17.852131271218408,43.4598155489229
MareNostrum5,ACC,Mistral-7B-Instruct-v0.3,Text Generation,sharegpt,vllm,benchmark_serving.py,250,4,4,16,4,4,32768,,60.0,60.02,154.06,181.58,203.16,26.38,27.17,5969.42,26.22,0.0038954462233648,38.95446223364887,52.210670553935856,38.74737115409581,43.39530391708946
MareNostrum5,ACC,Mistral-7B-Instruct-v0.3,Text Generation,sonnet,vllm,benchmark_serving.py,150,1,4,4,1,1,16384,,15.08,59.49,123.12,630.36,371.81,27.03,26.85,4982.86,33.0,0.0023491272992083,23.49127299208344,65.56577735423237,40.47157244964262,43.23030030163302
MareNostrum5,ACC,Mistral-7B-Instruct-v0.3,Text Generation,sonnet,sglang,benchmark_serving.py,250,1,4,4,1,1,32768,,55.55,55.55,408.09,695.6,896.42,27.28,27.29,7480.01,49.99,0.0010515357679891,10.515357679891483,99.31625495351923,18.32931461197285,43.20812897119096
MareNostrum5,ACC,Mistral-7B-Instruct-v0.3,Text Generation,sonnet,vllm,benchmark_serving.py,150,1,4,4,1,1,32768,,15.08,59.5,122.82,642.07,375.28,27.08,26.9,4969.92,32.92,0.0023295904579974,23.295904579974845,65.40675552286302,40.465070835368834,43.10772710228291
MareNostrum5,ACC,gemma-3-12b-it,Text Generation,sonnet,vllm,benchmark_serving.py,1000,2,4,8,4,2,32768,,59.01,59.08,198.85,307.76,8398.56,33.74,33.74,6982.38,46.55,0.000118118978885,1.1811897888505134,92.48343318257544,35.11380437515716,43.08238921033512
MareNostrum5,ACC,gemma-3-12b-it,Text Generation,sonnet,vllm,benchmark_serving.py,500,2,4,8,4,2,32768,,59.01,59.08,201.52,321.21,4267.39,34.06,34.06,6938.84,46.27,0.0002306533718063,2.306533718063157,91.9270066756286,34.432512901945216,43.05780786247768
MareNostrum5,ACC,Mistral-7B-Instruct-v0.3,Text Generation,sharegpt,vllm,benchmark_serving.py,250,4,4,16,4,4,4096,,59.99,60.01,153.17,180.9,204.21,26.69,27.51,5912.92,25.91,0.0038698192794396,38.6981927943965,51.59391907160164,38.6036430110335,43.05248379797009
MareNostrum5,ACC,Mistral-7B-Instruct-v0.3,Text Generation,sharegpt,sglang,benchmark_serving.py,500,1,4,4,1,1,32768,,55.17,55.17,318.0,565.08,271.2,31.01,40.21,8274.05,36.62,0.0029203901641259,29.203901641259275,72.91727646507441,26.0190251572327,43.04728860646792
MareNostrum5,ACC,Llama-3.1-8B-Instruct,Text Generation,sharegpt,vllm,benchmark_serving.py,500,2,4,8,4,2,4096,,59.51,59.52,169.98,218.95,3211.73,22.47,23.6,7919.43,39.97,0.0003069556142181,3.0695561421818405,79.5385624795839,46.59036357218497,42.99567667449955
MareNostrum5,ACC,gemma-3-12b-it,Text Generation,sonnet,vllm,benchmark_serving.py,500,2,4,8,4,2,4096,,59.01,59.08,197.86,323.14,4322.66,34.21,34.21,6884.62,45.91,0.0002277344070251,2.2773440702515098,91.21175558002057,34.795410896593545,42.92082536800244
MareNostrum5,ACC,Llama-3.1-8B-Instruct,Text Generation,sharegpt,vllm,benchmark_serving.py,500,2,4,8,4,2,32768,,59.51,59.52,168.45,217.32,3227.9,22.67,23.99,7867.85,39.72,0.000305384540213,3.0538454021303627,79.0409701083898,46.70733155238944,42.85858337034148
MareNostrum5,ACC,Llama-3.1-8B-Instruct,Text Generation,sharegpt,vllm,benchmark_serving.py,500,2,4,8,4,2,16384,,59.51,59.52,172.55,221.81,3190.55,22.39,23.44,7924.8,40.04,0.0003089872017501,3.089872017501035,79.67743030619573,45.92755722978846,42.83770110358921
MareNostrum5,ACC,gemma-3-12b-it,Text Generation,sonnet,vllm,benchmark_serving.py,1000,2,4,8,4,2,4096,,59.01,59.08,200.99,315.01,8363.5,34.0,34.0,6950.79,46.34,0.0001186028583288,1.1860285832888573,92.06620674476537,34.58276531170705,42.772244911284695
MareNostrum5,ACC,Llama-3.1-8B-Instruct,Text Generation,sonnet,vllm,benchmark_serving.py,250,1,4,4,1,1,4096,,14.98,59.02,156.96,653.96,608.26,38.81,38.81,5772.44,38.48,0.0014579809879279,14.579809879279177,76.45036971770391,36.77650356778797,42.7187422046664
MareNostrum5,ACC,ALIA-40b-instruct-2605,Text Generation,sonnet,vllm,benchmark_serving.py,250,2,4,8,4,2,4096,,59.23,59.25,212.21,285.49,376.98,40.0,40.0,5865.79,39.11,0.0021882795745984,21.882795745984502,77.70192446950838,27.64144008293671,42.70406569980734
MareNostrum5,ACC,gemma-3-12b-it,Text Generation,sonnet,vllm,benchmark_serving.py,250,4,4,16,4,4,16384,,59.01,59.07,170.04,213.29,419.78,41.53,41.53,5625.91,37.51,0.0019887041603691,19.88704160369104,74.52312705043948,33.0858033403905,42.68691441132934
MareNostrum5,ACC,gemma-3-12b-it,Text Generation,sonnet,vllm,benchmark_serving.py,500,2,4,8,4,2,16384,,59.0,59.08,197.62,309.64,4351.55,34.46,34.46,6839.59,45.61,0.0002262202887928,2.262202887928207,90.6157264567478,34.60980669972675,42.65363412110241
MareNostrum5,ACC,ALIA-40b-instruct-2605,Text Generation,sonnet,vllm,benchmark_serving.py,250,2,4,8,4,2,16384,,59.23,59.25,212.68,287.96,366.88,40.35,40.35,5828.23,38.86,0.0022342374547566,22.34237454756692,77.20523046348359,27.403752115854804,42.61538638083072
MareNostrum5,ACC,Llama-3.1-8B-Instruct,Text Generation,sharegpt,sglang,benchmark_serving.py,1000,4,4,16,4,4,4096,,52.53,52.68,159.21,193.92,1084.03,41.17,59.51,7297.4,37.0,0.0008440884267035,8.440884267035814,73.62669066317626,45.835060611770615,42.57019487203871
MareNostrum5,ACC,Llama-3.1-8B-Instruct,Text Generation,sharegpt,sglang,benchmark_serving.py,1000,1,4,4,1,1,32768,,55.74,56.25,385.51,636.64,897.7,35.17,51.51,9133.14,46.44,0.0010158678559093,10.158678559093032,92.41011497258044,23.691058597701744,42.45452855203354
MareNostrum5,ACC,Llama-3.1-8B-Instruct,Text Generation,sonnet,vllm,benchmark_serving.py,250,1,4,4,1,1,16384,,14.98,59.03,158.29,649.65,622.58,38.82,38.82,5758.23,38.39,0.0014281225900431,14.28122590043129,76.27149949453302,36.37772442984396,42.428798451837935
MareNostrum5,ACC,Llama-3.1-8B-Instruct,Text Generation,sonnet,vllm,benchmark_serving.py,150,1,4,4,1,1,4096,,14.98,59.02,118.74,647.73,355.59,28.41,28.41,4743.29,31.62,0.0024247714652893,24.247714652893965,62.82121748891603,39.94685868283645,42.38643170672306
MareNostrum5,ACC,gemma-3-12b-it,Text Generation,sonnet,vllm,benchmark_serving.py,250,4,4,16,4,4,32768,,59.01,59.07,170.04,209.79,417.49,42.01,42.01,5572.7,37.16,0.0019939781858786,19.939781858786468,73.82770051302528,32.77287697012468,42.36826463685589
MareNostrum5,ACC,Llama-3.1-8B-Instruct,Text Generation,sharegpt,vllm,benchmark_serving.py,1000,2,4,8,4,2,32768,,59.51,59.52,170.23,218.83,5801.11,22.21,22.56,7882.45,39.79,0.0001710606444196,1.7106064441965965,79.18030392919174,46.3047053985784,42.32041525449712
MareNostrum5,ACC,gemma-3-12b-it,Text Generation,sonnet,vllm,benchmark_serving.py,1000,2,4,8,4,2,16384,,59.0,59.08,200.46,313.77,8532.55,34.27,34.27,6868.47,45.8,0.000116264333939,1.1626433393907052,90.99324324910654,34.26354384914696,42.29733547181609
MareNostrum5,ACC,gemma-3-12b-it,Text Generation,sonnet,vllm,benchmark_serving.py,250,4,4,16,4,4,4096,,59.01,59.07,169.48,206.56,421.97,42.02,42.02,5563.64,37.11,0.0019762455287444,19.76245528744491,73.72822582689818,32.82770828416333,42.29169822980892
MareNostrum5,ACC,Llama-3.1-8B-Instruct,Text Generation,sonnet,vllm,benchmark_serving.py,250,1,4,4,1,1,32768,,14.98,59.02,162.28,645.47,610.82,38.96,38.96,5750.33,38.34,0.0014519267067398,14.519267067398436,76.17212665430921,35.43461917673157,42.17415200193471
MareNostrum5,ACC,Llama-3.1-8B-Instruct,Text Generation,sharegpt,vllm,benchmark_serving.py,150,1,4,4,1,1,4096,,14.98,59.04,107.75,602.47,210.46,26.1,27.65,4579.95,23.11,0.0037848680973468,37.84868097346808,45.98794910342251,42.50533642691415,42.10616188275533
MareNostrum5,ACC,Llama-3.1-8B-Instruct,Text Generation,sharegpt,vllm,benchmark_serving.py,1000,2,4,8,4,2,16384,,59.51,59.52,175.26,221.39,5793.53,22.13,22.6,7917.18,39.99,0.000171283909932,1.712839099320688,79.57804802461177,45.173913043478265,42.09455379605008
MareNostrum5,ACC,Llama-3.1-8B-Instruct,Text Generation,sharegpt,vllm,benchmark_serving.py,1000,2,4,8,4,2,4096,,59.51,59.52,173.12,219.47,5890.11,22.36,22.96,7886.57,39.81,0.0001684797900067,1.6847979000678974,79.2201109964448,45.55551062846581,42.08543242592338
MareNostrum5,ACC,Mistral-7B-Instruct-v0.3,Text Generation,sonnet,sglang,benchmark_serving.py,1000,1,4,4,1,1,32768,,55.55,55.55,440.96,700.89,5780.6,59.04,59.05,7886.75,52.67,0.0001695291666454,1.6952916664547553,104.64117592972786,17.885409107402033,41.87772989707075
MareNostrum5,ACC,Llama-3.1-8B-Instruct,Text Generation,sharegpt,sglang,benchmark_serving.py,1000,4,4,16,4,4,32768,,53.12,53.27,157.02,194.38,1089.66,42.07,61.28,7124.79,36.22,0.0008382159411907,8.382159411907695,72.0736024108331,45.37504776461597,41.87497430440898
MareNostrum5,ACC,Llama-3.1-8B-Instruct,Text Generation,sharegpt,sglang,benchmark_serving.py,1000,1,4,4,1,1,4096,,55.17,55.66,389.14,637.66,945.13,35.64,53.33,9036.83,45.94,0.0009670244657189,9.670244657189826,91.41527754198334,23.22256771341933,41.800299216013066
MareNostrum5,ACC,Llama-3.1-8B-Instruct,Text Generation,sharegpt,sglang,benchmark_serving.py,1000,4,4,16,4,4,16384,,52.83,52.99,159.78,194.32,1021.41,42.61,64.71,7132.7,36.19,0.0008859514675786,8.85951467578606,72.01461118806398,44.64075603955438,41.78224472636642
MareNostrum5,ACC,Mistral-7B-Instruct-v0.3,Text Generation,sonnet,vllm,benchmark_serving.py,300,1,4,4,1,1,4096,,15.1,59.5,156.25,638.43,1514.87,37.53,37.28,6068.95,40.19,0.0006290574203613,6.290574203613306,79.85120671649364,38.84128,41.71741511283636
MareNostrum5,ACC,Llama-3.1-8B-Instruct,Text Generation,sharegpt,sglang,benchmark_serving.py,1000,1,4,4,1,1,16384,,55.44,55.97,383.64,648.78,984.25,35.79,54.73,9038.49,45.82,0.0009304316272318,9.30431627231873,91.177780546899,23.55982170785111,41.70305586504639
MareNostrum5,ACC,Mistral-7B-Instruct-v0.3,Text Generation,sonnet,vllm,benchmark_serving.py,300,1,4,4,1,1,16384,,15.09,59.5,156.32,636.99,1516.82,37.52,37.27,6066.94,40.18,0.0006282946199131,6.282946199131697,79.83129501303397,38.8110286591607,41.69837118306776
MareNostrum5,ACC,Mistral-7B-Instruct-v0.3,Text Generation,sharegpt,sglang,benchmark_serving.py,500,1,4,4,1,1,4096,,54.59,54.59,315.72,564.07,323.6,30.89,39.82,8208.37,36.54,0.0025360756764981,25.360756764981865,72.75612221358391,25.99889142277968,41.67938410800187
MareNostrum5,ACC,Llama-3.1-8B-Instruct,Text Generation,sharegpt,sglang,benchmark_serving.py,250,4,4,16,4,4,16384,,52.83,52.98,152.93,187.52,111.17,42.09,46.22,4416.09,22.45,0.005013033888109,50.13033888109084,44.67289716888887,28.87654482442948,41.473594600810536
MareNostrum5,ACC,Mistral-7B-Instruct-v0.3,Text Generation,sonnet,vllm,benchmark_serving.py,300,1,4,4,1,1,32768,,15.1,59.5,156.95,642.27,1523.76,37.68,37.43,6038.92,39.99,0.0006254417182134,6.254417182134882,79.45385300983236,38.47671232876713,41.453359810474346
MareNostrum5,ACC,Mistral-7B-Instruct-v0.3,Text Generation,sharegpt,vllm,benchmark_serving.py,300,2,4,8,4,2,4096,,59.86,59.88,167.23,214.06,726.63,21.75,22.71,7600.61,33.2,0.0012968654761441,12.968654761441597,66.11122152634138,45.45003886862405,41.43117037580591
MareNostrum5,ACC,Llama-3.1-8B-Instruct,Text Generation,sharegpt,vllm,benchmark_serving.py,150,1,4,4,1,1,16384,,14.98,59.04,115.7,624.79,206.71,26.08,27.68,4584.77,23.18,0.0038392137290282,38.39213729028295,46.12678896255384,39.62636127917027,41.416870535299
MareNostrum5,ACC,Llama-3.1-8B-Instruct,Text Generation,sharegpt,sglang,benchmark_serving.py,500,4,4,16,4,4,4096,,52.52,52.68,157.95,191.44,302.26,48.52,62.94,6067.18,30.81,0.0024170936865512,24.17093686551291,61.30866590466695,38.41202912314024,41.35491426126603
MareNostrum5,ACC,Mistral-7B-Instruct-v0.3,Text Generation,sharegpt,vllm,benchmark_serving.py,300,2,4,8,4,2,16384,,59.85,59.87,167.45,216.52,737.11,21.97,23.12,7548.13,33.09,0.0012784454103809,12.784454103809766,65.8911419797869,45.0769184831293,41.17431658302424
MareNostrum5,ACC,Mistral-7B-Instruct-v0.3,Text Generation,sharegpt,sglang,benchmark_serving.py,500,1,4,4,1,1,16384,,54.88,54.88,315.33,555.64,358.29,30.8,40.95,8298.17,36.69,0.0023253650823179,23.25365082317924,73.05698171295018,26.315827862873817,41.16667997840362
MareNostrum5,ACC,Llama-3.1-8B-Instruct,Text Generation,sharegpt,sglang,benchmark_serving.py,250,4,4,16,4,4,4096,,52.52,52.68,157.67,186.2,111.79,41.74,45.7,4406.94,22.4,0.0050193243989359,50.19324398935903,44.57343802914204,27.95040273989979,41.164800763058295
MareNostrum5,ACC,Mistral-7B-Instruct-v0.3,Text Generation,sharegpt,vllm,benchmark_serving.py,300,2,4,8,4,2,32768,,59.85,59.87,167.92,214.37,732.58,21.92,23.01,7555.44,32.99,0.0012861570912271,12.861570912271224,65.69315803137144,44.9942829919009,41.1067783982468
MareNostrum5,ACC,Mistral-7B-Instruct-v0.3,Text Generation,sonnet,sglang,benchmark_serving.py,1000,1,4,4,1,1,16384,,55.25,55.28,432.7,703.42,5783.32,60.79,60.81,7702.39,51.48,0.0001693503044918,1.6935030449184747,102.27642124513304,17.80076265310839,41.04601830761221
MareNostrum5,ACC,Llama-3.1-8B-Instruct,Text Generation,sonnet,vllm,benchmark_serving.py,150,1,4,4,1,1,16384,,14.98,59.02,135.67,641.26,348.37,28.55,28.55,4728.33,31.52,0.002466273707056,24.66273707056009,62.62254550038342,34.85169897545515,40.82953974626644
MareNostrum5,ACC,Llama-3.1-8B-Instruct,Text Generation,sharegpt,sglang,benchmark_serving.py,500,4,4,16,4,4,16384,,52.83,52.98,156.6,191.84,339.16,49.01,63.55,6075.27,30.79,0.0022137607367395,22.13760736739573,61.26948090912961,38.7948275862069,40.77275484160482
MareNostrum5,ACC,Mistral-7B-Instruct-v0.3,Text Generation,sonnet,vllm,benchmark_serving.py,150,4,4,16,4,4,32768,,59.85,60.03,137.07,210.87,468.4,25.98,25.81,5027.82,33.3,0.0019223745170034,19.22374517003403,66.16180055007587,36.68067410811994,40.76890125943575
MareNostrum5,ACC,Llama-3.1-8B-Instruct,Text Generation,sonnet,sglang,benchmark_serving.py,150,1,4,4,1,1,32768,,54.08,54.88,349.25,686.05,229.49,33.98,35.86,3968.23,38.1,0.003340794440918,33.407944409180494,75.47534177164637,11.362147458840372,40.65620448831005
MareNostrum5,ACC,Llama-3.1-8B-Instruct,Text Generation,sonnet,sglang,benchmark_serving.py,150,1,4,4,1,1,4096,,53.58,54.24,382.32,672.25,226.08,34.23,36.31,3937.79,38.39,0.0033713168363562,33.71316836356281,76.03868944564884,10.299722745344214,40.61154293364211
MareNostrum5,ACC,gemma-3-12b-it,Text Generation,sonnet,vllm,benchmark_serving.py,300,4,4,16,4,4,16384,,59.01,59.07,172.21,209.0,1206.94,39.48,39.48,5963.02,39.77,0.0007776654483241,7.77665448324131,79.01302740892153,34.62644445734859,40.58895406968692
MareNostrum5,ACC,Llama-3.1-8B-Instruct,Text Generation,sonnet,sglang,benchmark_serving.py,150,1,4,4,1,1,16384,,53.91,54.6,381.82,715.63,229.67,34.06,35.84,3956.52,38.34,0.003338117969089,33.38117969089027,75.9440765383518,10.362264941595516,40.48651189925287
MareNostrum5,ACC,gemma-3-12b-it,Text Generation,sonnet,vllm,benchmark_serving.py,300,4,4,16,4,4,32768,,59.01,59.07,171.88,208.94,1215.74,39.64,39.64,5941.23,39.62,0.0007721888465043,7.721888465043009,78.71507648578378,34.56615080288573,40.44973634020455
MareNostrum5,ACC,Llama-3.1-8B-Instruct,Text Generation,sharegpt,vllm,benchmark_serving.py,150,1,4,4,1,1,32768,,14.98,59.04,122.14,602.78,209.07,26.24,27.88,4557.59,23.01,0.0037995364565523,37.995364565523005,45.78882500109157,37.31447519240216,40.427256514217646
MareNostrum5,ACC,Llama-3.3-70B-Instruct,Text Generation,sonnet,sglang,benchmark_serving.py,500,4,4,16,4,4,16384,,54.62,54.77,216.46,308.84,798.33,75.8,75.8,6155.82,41.06,0.0010527091469897,10.527091469897782,81.57587986212417,28.43860297514552,40.41536320493403
MareNostrum5,ACC,Llama-3.1-8B-Instruct,Text Generation,sharegpt,sglang,benchmark_serving.py,500,4,4,16,4,4,32768,,53.12,53.27,158.63,193.22,349.91,49.23,63.39,6057.57,30.78,0.0021620219229022,21.620219229022982,61.24877991574072,38.186786862510246,40.39523150522294
MareNostrum5,ACC,Llama-3.1-8B-Instruct,Text Generation,sharegpt,vllm,benchmark_serving.py,250,1,4,4,1,1,16384,,14.98,59.04,138.2,628.56,333.52,32.54,35.81,5548.17,28.08,0.0024883668848134,24.88366884813497,55.87719833221251,40.1459479015919,40.30539816982756
MareNostrum5,ACC,Llama-3.3-70B-Instruct,Text Generation,sonnet,sglang,benchmark_serving.py,500,4,4,16,4,4,32768,,54.87,55.02,219.2,308.92,786.56,75.96,75.96,6143.86,40.98,0.0010655528087972,10.65552808797204,81.41694297669787,28.028558394160584,40.27377884811916
MareNostrum5,ACC,gemma-3-12b-it,Text Generation,sonnet,vllm,benchmark_serving.py,300,4,4,16,4,4,4096,,59.01,59.07,171.67,210.18,1224.39,39.85,39.85,5907.65,39.4,0.0007668182410723,7.668182410723186,78.27793948260062,34.41282693539932,40.23378606305788
MareNostrum5,ACC,Mistral-7B-Instruct-v0.3,Text Generation,sonnet,vllm,benchmark_serving.py,500,1,4,4,1,1,4096,,15.1,59.5,157.29,640.11,5333.22,37.54,37.28,6067.4,40.18,0.0001849098749269,1.849098749269606,79.83133483310901,38.57460741305868,40.11522179018751
MareNostrum5,ACC,Mistral-7B-Instruct-v0.3,Text Generation,sonnet,vllm,benchmark_serving.py,500,1,4,4,1,1,16384,,15.09,59.5,157.63,636.36,5340.61,37.47,37.22,6065.21,40.17,0.0001846619762524,1.8466197625246985,79.81140754547629,38.47751062614984,40.07653268508829
MareNostrum5,ACC,Llama-3.3-70B-Instruct,Text Generation,sonnet,sglang,benchmark_serving.py,500,4,4,16,4,4,4096,,54.1,54.25,216.34,309.84,790.37,76.68,76.68,6093.97,40.65,0.0010596251046379,10.596251046379791,80.76127959025987,28.16848479245632,40.07547555004352
MareNostrum5,ACC,Llama-3.1-8B-Instruct,Text Generation,sharegpt,vllm,benchmark_serving.py,250,1,4,4,1,1,4096,,14.98,59.04,139.9,628.57,332.71,32.71,35.98,5525.34,27.94,0.0024912805181863,24.91280518186348,55.59885314624871,39.49492494639028,40.01233981440304
MareNostrum5,ACC,Llama-3.1-8B-Instruct,Text Generation,sonnet,vllm,benchmark_serving.py,300,1,4,4,1,1,4096,,14.98,59.02,157.94,648.2,1531.01,39.39,39.39,5797.75,38.65,0.0006211990383838,6.211990383838885,76.78810139812212,36.708560212739016,39.96677047394323
MareNostrum5,ACC,Mistral-7B-Instruct-v0.3,Text Generation,sonnet,vllm,benchmark_serving.py,150,4,4,16,4,4,16384,,59.88,60.04,143.78,211.04,485.76,25.98,25.81,5008.36,33.17,0.0018602920658543,18.602920658543397,65.90352579474883,34.83349561830574,39.87891039197719
MareNostrum5,ACC,Llama-3.1-8B-Instruct,Text Generation,sharegpt,vllm,benchmark_serving.py,300,1,4,4,4,1,4096,,60.26,60.26,208.75,306.73,899.26,25.72,28.06,7328.05,37.02,0.0010492739024594,10.49273902459498,73.66784321126615,35.10443113772455,39.84801592426464
MareNostrum5,ACC,Llama-3.1-8B-Instruct,Text Generation,sharegpt,vllm,benchmark_serving.py,250,1,4,4,1,1,32768,,14.98,59.04,139.54,630.78,335.06,32.88,36.15,5504.28,27.8,0.0024746962310376,24.7469623103764,55.320596954490895,39.44589365056615,39.84565611823605
MareNostrum5,ACC,Llama-3.1-8B-Instruct,Text Generation,sonnet,vllm,benchmark_serving.py,300,1,4,4,1,1,16384,,14.98,59.03,158.28,641.15,1537.45,39.47,39.47,5784.43,38.56,0.0006186625752448,6.186625752448356,76.60930923803751,36.5455521859995,39.84519459628504
MareNostrum5,ACC,Mistral-7B-Instruct-v0.3,Text Generation,sonnet,vllm,benchmark_serving.py,1000,1,4,4,1,1,16384,,15.09,59.5,156.59,638.55,10578.68,37.43,37.18,6064.72,40.16,9.38677159825744e-05,0.938677159825744,79.79162741937597,38.72993166868893,39.84188169090905
MareNostrum5,ACC,Mistral-7B-Instruct-v0.3,Text Generation,sonnet,vllm,benchmark_serving.py,1000,1,4,4,1,1,4096,,15.1,59.5,156.44,639.8,10568.78,37.5,37.25,6060.5,40.14,9.395379164619256e-05,0.9395379164619256,79.75178669778909,38.74009204806955,39.8318798242276
MareNostrum5,ACC,Mistral-7B-Instruct-v0.3,Text Generation,sonnet,vllm,benchmark_serving.py,500,1,4,4,1,1,32768,,15.1,59.5,159.07,648.47,5363.2,37.64,37.39,6041.91,40.02,0.0001838833591076,1.838833591076508,79.51332494783729,37.982712013578926,39.81420174757595
MareNostrum5,ACC,Llama-3.1-8B-Instruct,Text Generation,sharegpt,vllm,benchmark_serving.py,300,1,4,4,4,1,16384,,60.26,60.26,203.56,296.27,901.68,26.02,28.6,7262.99,36.63,0.0010456969570218,10.45696957021855,72.89237623328337,35.67984869325997,39.756329155033846
MareNostrum5,ACC,Llama-3.1-8B-Instruct,Text Generation,sharegpt,vllm,benchmark_serving.py,300,1,4,4,4,1,32768,,60.26,60.26,202.48,294.55,903.1,26.04,28.39,7243.18,36.58,0.0010443537017116,10.443537017116958,72.7923789795268,35.77232319241407,39.747354860431386
MareNostrum5,ACC,Llama-3.1-8B-Instruct,Text Generation,sonnet,vllm,benchmark_serving.py,300,1,4,4,1,1,32768,,14.98,59.02,159.46,650.24,1541.01,39.5,39.5,5779.89,38.53,0.000617280140246,6.172801402460478,76.54970308090512,36.24664492662737,39.72457790086506
MareNostrum5,ACC,ALIA-40b-instruct-2605,Text Generation,sonnet,sglang,benchmark_serving.py,250,4,4,16,4,4,16384,,54.41,54.56,191.1,261.87,316.34,46.96,46.96,5086.13,33.91,0.0024374786720616,24.3747867206162,67.37082847009007,26.615018315018315,39.710315025646
MareNostrum5,ACC,Mistral-7B-Instruct-v0.3,Text Generation,sonnet,vllm,benchmark_serving.py,1000,1,4,4,1,1,32768,,15.1,59.5,157.9,639.84,10593.44,37.51,37.26,6053.04,40.09,9.373643750919788e-05,0.9373643750919788,79.65245238489906,38.334642178594045,39.66762319554705
MareNostrum5,ACC,Llama-3.1-8B-Instruct,Text Generation,sharegpt,vllm,benchmark_serving.py,150,2,4,8,4,2,32768,,59.36,59.52,149.29,236.88,223.76,24.66,26.62,4903.31,24.75,0.0036358347876672,36.35834787667249,49.25139811609436,32.844195860405925,39.61745631287062
MareNostrum5,ACC,Llama-3.1-8B-Instruct,Text Generation,sonnet,vllm,benchmark_serving.py,150,1,4,4,1,1,32768,,14.98,59.02,150.68,644.24,353.9,28.55,28.55,4723.97,31.49,0.0024330900243309,24.330900243309003,62.56295512947223,31.3510087602867,39.576233630037365
MareNostrum5,ACC,Mistral-7B-Instruct-v0.3,Text Generation,sonnet,vllm,benchmark_serving.py,150,4,4,16,4,4,4096,,59.87,60.04,146.35,214.08,502.67,25.88,25.71,5004.96,33.15,0.001804207411684,18.042074116840467,65.86375605137641,34.19856508370345,39.471523083978845
MareNostrum5,ACC,gemma-3-12b-it,Text Generation,sonnet,vllm,benchmark_serving.py,500,4,4,16,4,4,16384,,59.01,59.07,170.21,210.37,4894.59,38.78,38.78,6059.1,40.4,0.0002011202397353,2.011202397353258,80.26482170669726,35.59779096410317,39.3651413038902
MareNostrum5,ACC,ALIA-40b-instruct-2605,Text Generation,sonnet,sglang,benchmark_serving.py,250,4,4,16,4,4,32768,,54.75,54.91,194.98,265.62,336.42,46.75,46.75,5100.46,34.0,0.0023260141421659,23.26014142165984,67.54970921966478,26.15888809108627,39.24619340719798
MareNostrum5,ACC,Llama-3.1-8B-Instruct,Text Generation,sonnet,vllm,benchmark_serving.py,150,4,4,16,4,4,16384,,59.54,59.66,145.27,216.39,470.42,26.67,26.67,4877.19,32.51,0.0019092714220253,19.09271422025355,64.58946448866529,33.57327734563226,39.19538951163473
MareNostrum5,ACC,Llama-3.1-8B-Instruct,Text Generation,sharegpt,sglang,benchmark_serving.py,250,4,4,16,4,4,32768,,53.12,53.27,159.43,188.67,134.5,42.04,46.05,4387.82,22.24,0.0044925648052473,44.92564805247316,44.25568667999981,27.521921846578437,39.12866879994591
MareNostrum5,ACC,ALIA-40b-instruct-2605,Text Generation,sonnet,vllm,benchmark_serving.py,250,4,4,16,4,4,32768,,59.2,59.25,180.73,231.33,413.73,45.56,45.56,5161.75,34.41,0.0019807863721897,19.80786372189759,68.36426033840374,28.560559951308583,39.1179013649212
MareNostrum5,ACC,Mistral-7B-Instruct-v0.3,Text Generation,sonnet,sglang,benchmark_serving.py,1000,1,4,4,1,1,4096,,54.94,54.94,431.73,706.85,6259.32,63.3,63.33,7344.72,49.06,0.0001565937722656,1.56593772265677,97.46894367968753,17.012299353762767,39.115795470001146
MareNostrum5,ACC,ALIA-40b-instruct-2605,Text Generation,sonnet,vllm,benchmark_serving.py,250,4,4,16,4,4,16384,,59.21,59.26,180.67,226.21,422.95,45.47,45.47,5167.16,34.45,0.0019459417385043,19.45941738504349,68.44367878406878,28.59998893009354,39.03904915512811
MareNostrum5,ACC,ALIA-40b-instruct-2605,Text Generation,sonnet,sglang,benchmark_serving.py,250,4,4,16,4,4,4096,,54.07,54.22,190.91,259.68,321.02,47.84,47.84,4991.89,33.28,0.0023998080153587,23.998080153587708,66.11919564910242,26.147870724425125,39.00719240473069
MareNostrum5,ACC,Llama-3.1-8B-Instruct,Text Generation,sonnet,vllm,benchmark_serving.py,150,4,4,16,4,4,32768,,59.54,59.66,146.07,210.59,472.81,26.76,26.76,4860.68,32.4,0.001899948701385,18.999487013850626,64.37092056536986,33.27637434106936,38.99437836607717
MareNostrum5,ACC,ALIA-40b-instruct-2605,Text Generation,sonnet,sglang,benchmark_serving.py,300,4,4,16,4,4,16384,,54.41,54.56,198.25,258.64,332.99,49.13,49.13,5084.94,33.9,0.0023188405797101,23.18840579710145,67.35098811449468,25.64912988650693,38.9911154936249
MareNostrum5,ACC,ALIA-40b-instruct-2605,Text Generation,sonnet,vllm,benchmark_serving.py,300,2,4,8,4,2,32768,,59.22,59.25,215.83,281.97,1145.38,39.27,39.27,6045.33,40.31,0.0008170468658082,8.170468658082227,80.08599006842337,28.00968354723625,38.970294702127504
MareNostrum5,ACC,gemma-3-12b-it,Text Generation,sonnet,vllm,benchmark_serving.py,500,4,4,16,4,4,32768,,59.01,59.07,169.91,210.54,4947.0,39.28,39.28,5984.05,39.9,0.0001989827999267,1.9898279992677437,79.271439835988,35.21893943852628,38.898891684315366
MareNostrum5,ACC,Mistral-7B-Instruct-v0.3,Text Generation,sharegpt,sglang,benchmark_serving.py,1000,1,4,4,1,1,16384,,54.88,54.88,274.99,602.95,933.12,30.24,45.28,8525.06,37.74,0.0009914340101522,9.914340101522845,75.14732666884665,31.00134550347285,38.84139726303694
MareNostrum5,ACC,gemma-3-12b-it,Text Generation,sonnet,vllm,benchmark_serving.py,500,4,4,16,4,4,4096,,59.01,59.07,169.76,210.74,4953.06,39.45,39.45,5961.56,39.76,0.0001987297196321,1.9872971963211157,78.9931633707251,35.11757775683318,38.770981474982335
MareNostrum5,ACC,Llama-3.1-8B-Instruct,Text Generation,sharegpt,sglang,benchmark_serving.py,300,4,4,16,4,4,4096,,52.52,52.68,158.17,188.3,183.43,43.61,48.6,4840.1,24.59,0.0036279204759831,36.27920475983166,48.931405289956814,30.600619586520835,38.76380568461475
MareNostrum5,ACC,ALIA-40b-instruct-2605,Text Generation,sonnet,vllm,benchmark_serving.py,300,2,4,8,4,2,4096,,59.23,59.25,216.46,283.25,1155.13,39.49,39.49,6016.34,40.11,0.0008103005404704,8.103005404704604,79.68872768701137,27.794234500600574,38.743344291375614
MareNostrum5,ACC,gemma-3-12b-it,Text Generation,sonnet,vllm,benchmark_serving.py,1000,4,4,16,4,4,16384,,59.01,59.07,172.17,208.88,9637.43,38.88,38.88,6029.24,40.2,0.00010293159475,1.0293159475007696,79.86748299678389,35.0191090201545,38.71102652750623
MareNostrum5,ACC,Llama-3.1-8B-Instruct,Text Generation,sonnet,vllm,benchmark_serving.py,150,4,4,16,4,4,4096,,59.52,59.66,142.58,217.25,489.88,26.98,26.98,4807.32,32.05,0.0018387761106207,18.387761106207705,63.675480899373255,33.71665030158507,38.69083037840476
MareNostrum5,ACC,ALIA-40b-instruct-2605,Text Generation,sonnet,vllm,benchmark_serving.py,250,4,4,16,4,4,4096,,59.2,59.25,180.86,233.11,423.72,45.88,45.88,5117.05,34.11,0.0019399394738884,19.399394738884144,67.76826015887684,28.292878469534447,38.690723775489765
MareNostrum5,ACC,ALIA-40b-instruct-2605,Text Generation,sonnet,vllm,benchmark_serving.py,300,2,4,8,4,2,16384,,59.23,59.25,215.72,284.68,1169.23,39.67,39.67,5977.45,39.85,0.0008009162481879,8.009162481879269,79.17218104465458,27.709299091414795,38.508632508274246
MareNostrum5,ACC,Mistral-7B-Instruct-v0.3,Text Generation,sonnet,sglang,benchmark_serving.py,300,1,4,4,1,1,4096,,54.86,54.86,422.19,697.3,1216.38,31.78,31.81,6794.96,45.42,0.000781268310976,7.812683109760385,90.23682403609158,16.094554584428813,38.48708989660689
MareNostrum5,ACC,Mistral-7B-Instruct-v0.3,Text Generation,sharegpt,vllm,benchmark_serving.py,500,2,4,8,4,2,4096,,59.86,59.88,166.17,215.77,3047.67,21.49,22.47,7664.61,33.35,0.0003234539708826,3.234539708826736,66.41103448186273,46.12511283625203,38.43953133243507
MareNostrum5,ACC,gemma-3-12b-it,Text Generation,sonnet,vllm,benchmark_serving.py,1000,4,4,16,4,4,4096,,59.01,59.07,171.41,212.01,9740.26,39.34,39.33,5968.1,39.79,0.0001018440909549,1.0184409095492075,79.05294504393389,34.81768858292982,38.3659315707218
MareNostrum5,ACC,Mistral-7B-Instruct-v0.3,Text Generation,sonnet,sglang,benchmark_serving.py,300,1,4,4,1,1,32768,,55.55,55.55,429.11,700.62,1231.37,31.64,31.65,6797.13,45.4,0.0007724035654148,7.724035654148579,90.19754447550832,15.84006431917224,38.362157826218464
MareNostrum5,ACC,gemma-3-12b-it,Text Generation,sonnet,vllm,benchmark_serving.py,1000,4,4,16,4,4,32768,,59.01,59.07,172.2,212.97,9736.77,39.24,39.24,5973.14,39.82,0.0001018822750312,1.0188227503120144,79.11259506133419,34.68722415795587,38.34459378650559
MareNostrum5,ACC,Llama-3.1-8B-Instruct,Text Generation,sharegpt,vllm,benchmark_serving.py,150,2,4,8,4,2,16384,,59.4,59.52,166.2,236.41,224.57,24.87,26.81,4864.51,24.58,0.0036199095022624,36.199095022624434,48.912847094244526,29.26901323706378,38.30414455559586
MareNostrum5,ACC,Llama-3.1-8B-Instruct,Text Generation,sonnet,vllm,benchmark_serving.py,500,1,4,4,1,1,4096,,14.98,59.02,157.05,654.91,5603.57,39.37,39.37,5760.59,38.4,0.0001759847667585,1.7598476675858938,76.2914424753276,36.67997453040433,38.27503049831997
MareNostrum5,ACC,Llama-3.1-8B-Instruct,Text Generation,sharegpt,sglang,benchmark_serving.py,300,4,4,16,4,4,16384,,52.83,52.98,158.32,187.69,179.48,44.53,49.18,4736.48,24.01,0.0036604560928291,36.60456092829167,47.77780640228213,29.917129863567457,38.263486448736685
MareNostrum5,ACC,Mistral-7B-Instruct-v0.3,Text Generation,sharegpt,vllm,benchmark_serving.py,500,2,4,8,4,2,16384,,59.85,59.87,165.89,214.17,3093.65,21.79,22.94,7598.91,33.26,0.0003186357292615,3.186357292615936,66.23011452837135,45.80692024835735,38.25981489861003
MareNostrum5,ACC,Mistral-7B-Instruct-v0.3,Text Generation,sharegpt,vllm,benchmark_serving.py,500,2,4,8,4,2,32768,,59.85,59.87,166.86,215.75,3070.47,21.74,22.72,7612.05,33.18,0.0003210345015778,3.2103450157788465,66.07200018835273,45.61938151743977,38.15419945498546
MareNostrum5,ACC,Llama-3.1-8B-Instruct,Text Generation,sonnet,sglang,benchmark_serving.py,150,2,4,8,4,2,4096,,52.38,54.05,166.19,291.03,933.0,27.95,31.56,4092.15,39.75,0.0010075465234607,10.075465234607208,78.73518841211065,24.62332270293038,38.07508550482179
MareNostrum5,ACC,Llama-3.1-8B-Instruct,Text Generation,sharegpt,vllm,benchmark_serving.py,500,1,4,4,4,1,4096,,60.26,60.26,202.67,309.63,3768.98,25.3,27.54,7436.58,37.59,0.0002616554416482,2.6165544164822,74.80189564861382,36.693047811713626,38.06404832188101
MareNostrum5,ACC,Llama-3.1-8B-Instruct,Text Generation,sharegpt,vllm,benchmark_serving.py,150,2,4,8,4,2,4096,,59.41,59.52,167.11,233.77,230.38,24.8,26.74,4875.01,24.62,0.0035471055618615,35.47105561861521,48.99257543936992,29.17246125306684,38.05282216069634
MareNostrum5,ACC,ALIA-40b-instruct-2605,Text Generation,sonnet,sglang,benchmark_serving.py,300,4,4,16,4,4,32768,,54.76,54.91,203.27,260.23,398.33,48.43,48.43,5118.55,34.12,0.0020194268866495,20.194268866495687,67.78812770854721,25.181039996064342,37.97194763425517
MareNostrum5,ACC,Llama-3.1-8B-Instruct,Text Generation,sharegpt,vllm,benchmark_serving.py,300,4,4,16,4,4,16384,,59.64,59.65,157.99,185.44,937.55,27.29,28.44,6340.36,32.02,0.0010067654639175,10.06765463917526,63.71821115501587,40.13140072156465,37.92924260092568
MareNostrum5,ACC,Llama-3.1-8B-Instruct,Text Generation,sonnet,vllm,benchmark_serving.py,1000,1,4,4,1,1,4096,,14.98,59.02,157.73,654.54,11069.51,39.27,39.27,5755.69,38.37,8.970178641107637e-05,0.8970178641107637,76.23180474485939,36.49077537564192,37.90084780725527
MareNostrum5,ACC,Llama-3.1-8B-Instruct,Text Generation,sonnet,vllm,benchmark_serving.py,500,1,4,4,1,1,16384,,14.98,59.03,160.14,645.22,5631.74,39.51,39.51,5736.89,38.25,0.0001751080416617,1.7510804166170528,75.99332397136692,35.82421631072812,37.89684671134755
MareNostrum5,ACC,Llama-3.1-8B-Instruct,Text Generation,sonnet,vllm,benchmark_serving.py,500,1,4,4,1,1,32768,,14.98,59.02,161.27,640.26,5628.82,39.47,39.47,5742.3,38.28,0.0001752000784896,1.7520007848963517,76.05300644571997,35.606746450052704,37.847861322426425
MareNostrum5,ACC,Llama-3.1-8B-Instruct,Text Generation,sharegpt,vllm,benchmark_serving.py,300,4,4,16,4,4,4096,,59.64,59.65,155.03,183.63,951.98,27.57,28.71,6286.18,31.74,0.0009918076686568,9.91807668656894,63.16108883936485,40.54815197058634,37.82232490940512
MareNostrum5,ACC,Mistral-7B-Instruct-v0.3,Text Generation,sharegpt,vllm,benchmark_serving.py,1000,2,4,8,4,2,4096,,59.86,59.88,167.97,214.48,5537.6,21.37,22.43,7646.33,33.4,0.0001791665173612,1.791665173612355,66.50947936971743,45.52199797582902,37.78942849699742
MareNostrum5,ACC,Llama-3.1-8B-Instruct,Text Generation,sonnet,vllm,benchmark_serving.py,1000,1,4,4,1,1,16384,,14.98,59.03,157.68,638.01,11132.81,39.38,39.38,5733.99,38.23,8.919357413814481e-05,0.891935741381448,75.95359764527339,36.36472602739726,37.764193680229766
MareNostrum5,ACC,Mistral-7B-Instruct-v0.3,Text Generation,sonnet,sglang,benchmark_serving.py,300,1,4,4,1,1,16384,,55.06,55.06,429.22,702.65,1271.17,32.07,32.08,6685.6,44.67,0.0007488841625977,7.488841625977295,88.74703451718877,15.57616140906761,37.7045695395781
MareNostrum5,ACC,Llama-3.1-8B-Instruct,Text Generation,sonnet,vllm,benchmark_serving.py,1000,1,4,4,1,1,32768,,14.98,59.02,159.4,654.43,11138.48,39.41,39.4,5732.72,38.22,8.914809191881462e-05,0.8914809191881462,75.93375027291914,35.96436637390213,37.62917584496516
MareNostrum5,ACC,Llama-3.1-8B-Instruct,Text Generation,sharegpt,vllm,benchmark_serving.py,500,1,4,4,4,1,16384,,60.26,60.26,198.54,299.62,3818.16,25.75,28.0,7300.94,36.9,0.0002582704659974,2.582704659974018,73.4288798883595,36.77314395084114,37.61134481070256
MareNostrum5,ACC,Mistral-7B-Instruct-v0.3,Text Generation,sharegpt,sglang,benchmark_serving.py,250,1,4,4,4,1,16384,,55.26,55.4,198.55,250.91,104.09,40.69,44.46,4238.78,18.84,0.0052842950750369,52.8429507503699,37.513265721224535,21.3486779148829,37.55269053310464
MareNostrum5,ACC,Llama-3.1-8B-Instruct,Text Generation,sharegpt,sglang,benchmark_serving.py,150,2,4,8,4,2,16384,,52.97,54.27,168.98,248.26,334.98,22.59,34.23,5412.98,27.46,0.0025523226135783,25.523226135783563,54.64279756784378,32.03325837377204,37.50709073884035
MareNostrum5,ACC,Mistral-7B-Instruct-v0.3,Text Generation,sharegpt,vllm,benchmark_serving.py,1000,2,4,8,4,2,16384,,59.85,59.87,167.12,214.53,5583.19,21.7,22.82,7563.34,33.11,0.0001776921696391,1.7769216963916057,65.93137252269152,45.25694112015319,37.50304119293728
MareNostrum5,ACC,Llama-3.1-8B-Instruct,Text Generation,sharegpt,vllm,benchmark_serving.py,1000,1,4,4,4,1,4096,,60.26,60.26,211.0,304.07,6719.45,24.88,26.31,7504.78,37.83,0.0001476965249961,1.4769652499615988,75.2805268733237,35.56767772511848,37.479204193954914
MareNostrum5,ACC,Mistral-7B-Instruct-v0.3,Text Generation,sharegpt,vllm,benchmark_serving.py,1000,2,4,8,4,2,32768,,59.85,59.87,167.67,213.23,5535.25,21.6,22.62,7555.72,33.05,0.0001792284930289,1.7922849302890778,65.81212660286185,45.06304049621281,37.40567288005942
MareNostrum5,ACC,ALIA-40b-instruct-2605,Text Generation,sonnet,vllm,benchmark_serving.py,500,2,4,8,4,2,32768,,59.22,59.25,213.06,287.82,4756.46,39.19,39.2,6107.56,40.72,0.0002068316493789,2.06831649378988,80.90062365409511,28.66591570449639,37.382532675719744
MareNostrum5,ACC,ALIA-40b-instruct-2605,Text Generation,sonnet,sglang,benchmark_serving.py,300,4,4,16,4,4,4096,,54.07,54.22,198.94,255.19,425.66,49.03,49.03,5045.26,33.64,0.0019094172458565,19.094172458565644,66.83437216720156,25.36071177239369,37.33113293992683
MareNostrum5,ACC,Llama-3.1-8B-Instruct,Text Generation,sharegpt,vllm,benchmark_serving.py,300,4,4,16,4,4,32768,,59.64,59.65,156.86,184.39,963.96,27.87,29.16,6223.53,31.39,0.0009794415224439,9.794415224439025,62.464941741860805,39.6756980747163,37.26440475245116
MareNostrum5,ACC,Llama-3.1-8B-Instruct,Text Generation,sharegpt,sglang,benchmark_serving.py,150,1,4,4,1,1,16384,,53.52,53.94,335.0,607.37,151.1,25.88,29.46,4733.85,24.04,0.0048440224762642,48.4402247626429,47.83706811212532,14.13089552238806,37.25616614458538
MareNostrum5,ACC,ALIA-40b-instruct-2605,Text Generation,sonnet,vllm,benchmark_serving.py,500,2,4,8,4,2,4096,,59.23,59.25,212.08,295.48,4779.47,39.39,39.39,6077.76,40.52,0.00020583543457,2.058354345700612,80.50329020574411,28.65786495662014,37.24147593360966
MareNostrum5,ACC,Mistral-7B-Instruct-v0.3,Text Generation,sharegpt,sglang,benchmark_serving.py,250,1,4,4,4,1,32768,,55.37,55.49,198.39,248.09,105.27,40.86,44.74,4190.36,18.64,0.0052391680201184,52.39168020118405,37.11490159182704,21.12183073743636,37.19122364560341
MareNostrum5,ACC,Mistral-7B-Instruct-v0.3,Text Generation,sonnet,vllm,benchmark_serving.py,150,1,4,4,4,1,4096,,60.18,60.19,188.37,306.79,547.32,25.36,25.2,5096.79,33.75,0.0016725764367431,16.725764367431587,67.05596779286391,27.05733397037745,37.14413580502126
MareNostrum5,ACC,Llama-3.1-8B-Instruct,Text Generation,sharegpt,sglang,benchmark_serving.py,300,4,4,16,4,4,32768,,53.12,53.27,160.38,189.95,208.77,44.3,49.15,4751.67,24.13,0.0033088478591754,33.08847859175435,48.01616361656686,29.627572016460903,37.0564013960967
MareNostrum5,ACC,Mistral-7B-Instruct-v0.3,Text Generation,sharegpt,sglang,benchmark_serving.py,1000,1,4,4,1,1,32768,,55.17,55.17,340.04,579.46,914.2,30.36,47.18,8571.75,37.71,0.0010083287958537,10.08328795853752,75.0896554487738,25.208063757205032,37.02538116079146
MareNostrum5,ACC,ALIA-40b-instruct-2605,Text Generation,sonnet,vllm,benchmark_serving.py,500,2,4,8,4,2,16384,,59.23,59.25,212.57,285.44,4820.09,39.62,39.62,6038.37,40.26,0.0002041095415087,2.041095415087369,79.98669970042592,28.406501387778142,36.97953078336352
MareNostrum5,ACC,Mistral-7B-Instruct-v0.3,Text Generation,sharegpt,sglang,benchmark_serving.py,1000,1,4,4,1,1,4096,,54.59,54.59,339.77,603.16,1007.95,30.27,46.59,8495.0,38.09,0.0009218204109475,9.218204109475392,75.83994777976092,25.0022073755776,36.92047800252518
MareNostrum5,ACC,Mistral-7B-Instruct-v0.3,Text Generation,sharegpt,vllm,benchmark_serving.py,150,1,4,4,1,1,4096,,15.09,59.51,131.06,612.9,224.69,25.56,27.35,4530.14,19.83,0.0036023054755043,36.023054755043226,39.48715099220434,34.56538989775675,36.734394721346334
MareNostrum5,ACC,Mistral-7B-Instruct-v0.3,Text Generation,sonnet,vllm,benchmark_serving.py,150,1,4,4,4,1,16384,,60.18,60.18,193.62,294.33,557.53,25.44,25.27,5074.05,33.61,0.0016440878600552,16.440878600552413,66.7776713798491,26.20622869538271,36.68030017585898
MareNostrum5,ACC,ALIA-40b-instruct-2605,Text Generation,sonnet,vllm,benchmark_serving.py,1000,2,4,8,4,2,32768,,59.22,59.25,216.26,286.33,9641.22,39.26,39.26,6069.18,40.46,0.0001028834104615,1.0288341046159672,80.38412174858094,28.06427448441691,36.660972825100366
MareNostrum5,ACC,Llama-3.3-70B-Instruct,Text Generation,sonnet,sglang,benchmark_serving.py,250,2,4,8,4,2,4096,,56.17,56.33,293.53,401.1,290.37,48.16,48.16,4977.35,33.19,0.0025860508417595,25.860508417595497,65.9402964550727,16.956869825912175,36.63847200099909
MareNostrum5,ACC,Llama-3.1-8B-Instruct,Text Generation,sharegpt,vllm,benchmark_serving.py,1000,1,4,4,4,1,16384,,60.26,60.26,204.25,298.68,6938.83,25.72,27.34,7249.42,36.56,0.000143022845039,1.4302284503903806,72.75309435381376,35.49287637698898,36.58005019406588
MareNostrum5,ACC,Llama-3.1-8B-Instruct,Text Generation,sharegpt,vllm,benchmark_serving.py,500,1,4,4,4,1,32768,,60.26,60.26,200.48,295.16,3910.52,26.44,28.66,7126.23,35.98,0.0002521673786192,2.521673786192323,71.59850252924726,35.54583998403831,36.575528742141714
MareNostrum5,ACC,Mistral-7B-Instruct-v0.3,Text Generation,sharegpt,sglang,benchmark_serving.py,250,1,4,4,4,1,4096,,54.99,55.09,198.79,247.26,106.49,40.98,44.8,4082.45,18.19,0.0052010193998023,52.01019399802362,36.21862221506887,20.536495799587502,36.569476168319454
MareNostrum5,ACC,ALIA-40b-instruct-2605,Text Generation,sonnet,vllm,benchmark_serving.py,1000,2,4,8,4,2,4096,,59.23,59.25,215.41,284.68,9692.44,39.52,39.51,6018.96,40.13,0.0001023387473941,1.0233874739419964,79.72842945062709,27.94187827863145,36.39701880351555
MareNostrum5,ACC,Llama-3.3-70B-Instruct,Text Generation,sonnet,sglang,benchmark_serving.py,250,2,4,8,4,2,32768,,56.84,56.99,293.27,397.25,287.74,48.69,48.69,4914.22,32.77,0.0025965932696302,25.965932696302453,65.1058479600727,16.756640638319638,36.32653042742984
MareNostrum5,ACC,gemma-3-12b-it,Text Generation,sonnet,vllm,benchmark_serving.py,500,1,4,4,4,1,4096,,60.15,60.21,262.88,418.96,5026.37,36.15,36.15,6218.69,41.46,0.0001961295788901,1.961295788901812,82.37083373401596,23.65600273889227,36.24284491423757
MareNostrum5,ACC,Llama-3.3-70B-Instruct,Text Generation,sonnet,sglang,benchmark_serving.py,250,2,4,8,4,2,16384,,56.68,56.84,295.32,402.96,300.31,48.44,48.44,4948.73,33.01,0.0025176867494146,25.17686749414638,65.58253835005439,16.75717865366382,36.22049515620069
MareNostrum5,ACC,Mistral-7B-Instruct-v0.3,Text Generation,sharegpt,vllm,benchmark_serving.py,300,1,4,4,4,1,4096,,60.19,60.21,206.31,295.42,860.03,24.67,26.45,7182.62,31.53,0.0010975141304944,10.975141304944302,62.78439139746193,34.814696330764384,36.218943944662726
MareNostrum5,ACC,ALIA-40b-instruct-2605,Text Generation,sonnet,vllm,benchmark_serving.py,1000,2,4,8,4,2,16384,,59.23,59.25,215.78,282.4,9767.5,39.71,39.69,5990.78,39.94,0.00010155480405,1.015548040500056,79.35097407938024,27.763370099175084,36.208895952495325
MareNostrum5,ACC,Llama-3.1-8B-Instruct,Text Generation,sharegpt,vllm,benchmark_serving.py,1000,1,4,4,4,1,32768,,60.26,60.26,205.63,298.22,7183.65,26.24,27.72,7158.61,36.07,0.0001381671573903,1.38167157390354,71.77833140598331,34.813062296357536,36.01458094799594
MareNostrum5,ACC,Mistral-7B-Instruct-v0.3,Text Generation,sharegpt,vllm,benchmark_serving.py,150,1,4,4,1,1,16384,,15.09,59.51,137.99,637.29,226.96,25.68,27.38,4518.17,19.71,0.003571173487608,35.71173487608028,39.24878167778787,32.74273498079571,35.9642508221698
MareNostrum5,ACC,Mistral-7B-Instruct-v0.3,Text Generation,sharegpt,sglang,benchmark_serving.py,250,2,4,8,4,2,16384,,54.59,54.7,162.65,196.59,116.13,44.36,48.71,3949.25,17.58,0.0047801147227533,47.801147227533455,35.004179659829134,24.280664002459268,35.92362362249025
MareNostrum5,ACC,Mistral-7B-Instruct-v0.3,Text Generation,sharegpt,vllm,benchmark_serving.py,150,1,4,4,1,1,32768,,15.09,59.51,139.32,638.8,227.4,25.63,27.24,4523.84,19.67,0.0035679880115602,35.67988011560281,39.16968722419451,32.47085845535458,35.839527601244555
MareNostrum5,ACC,gemma-3-12b-it,Text Generation,sonnet,vllm,benchmark_serving.py,300,1,4,4,4,1,32768,,60.15,60.22,262.31,408.07,1488.08,38.72,38.72,5868.48,39.13,0.000638765394246,6.387653942460013,77.74163236909682,22.37230757500667,35.76309576993146
MareNostrum5,ACC,Mistral-7B-Instruct-v0.3,Text Generation,sharegpt,sglang,benchmark_serving.py,300,1,4,4,4,1,16384,,55.26,55.4,199.86,252.32,130.9,43.03,48.99,4463.41,19.68,0.0044859142293199,44.85914229319936,39.18721631731685,22.33268287801461,35.722220448540185
MareNostrum5,ACC,gemma-3-12b-it,Text Generation,sonnet,vllm,benchmark_serving.py,300,1,4,4,4,1,4096,,60.14,60.21,263.94,418.77,1479.94,38.78,38.78,5862.69,39.09,0.0006420545746388,6.420545746388443,77.66218059636246,22.21220731984542,35.696033298885844
MareNostrum5,ACC,Mistral-7B-Instruct-v0.3,Text Generation,sharegpt,vllm,benchmark_serving.py,300,1,4,4,4,1,32768,,60.19,60.21,206.16,294.05,871.14,24.97,26.92,7098.5,30.96,0.0010833884055772,10.833884055772836,61.65110962120554,34.43199456732635,35.66313611171708
MareNostrum5,ACC,gemma-3-12b-it,Text Generation,sonnet,vllm,benchmark_serving.py,500,1,4,4,4,1,32768,,60.15,60.22,259.66,400.36,5143.21,36.82,36.82,6091.64,40.62,0.0001916865541466,1.916865541466594,80.70186743549687,23.460063159516288,35.59758942321279
MareNostrum5,ACC,Mistral-7B-Instruct-v0.3,Text Generation,sharegpt,sglang,benchmark_serving.py,250,2,4,8,4,2,4096,,54.39,54.5,160.66,197.72,118.69,44.15,48.78,3911.84,17.32,0.0047254512805972,47.254512805972965,34.48730456382535,24.348562181003363,35.5837578036525
MareNostrum5,ACC,Llama-3.1-8B-Instruct,Text Generation,sharegpt,sglang,benchmark_serving.py,150,2,4,8,4,2,32768,,53.25,54.65,167.19,250.92,426.46,22.56,34.34,5333.9,27.07,0.0020688513737173,20.68851373717312,53.86662227171575,31.903223877026136,35.55777788367058
MareNostrum5,ACC,ALIA-40b-instruct-2605,Text Generation,sharegpt,sglang,benchmark_serving.py,250,1,4,4,4,1,32768,,57.52,57.74,328.09,524.99,149.64,35.12,41.81,4834.75,23.4,0.0044136469965132,44.13646996513219,46.57458085896895,14.736048035599987,35.55729265158639
MareNostrum5,ACC,gemma-3-12b-it,Text Generation,sonnet,vllm,benchmark_serving.py,250,1,4,4,4,1,4096,,60.12,60.2,253.5,346.47,711.72,41.49,41.49,5417.58,36.12,0.0012583364791745,12.58336479174531,71.76155256064689,21.371124260355028,35.51603166312696
MareNostrum5,ACC,Llama-3.1-8B-Instruct,Text Generation,sharegpt,sglang,benchmark_serving.py,150,1,4,4,1,1,32768,,53.73,54.23,315.21,581.63,181.39,25.72,28.93,4737.87,24.04,0.004236570072869,42.36570072869005,47.83727319499948,15.030836585133722,35.47887884129723
MareNostrum5,ACC,ALIA-40b-instruct-2605,Text Generation,sharegpt,sglang,benchmark_serving.py,250,1,4,4,4,1,4096,,56.53,56.74,328.45,527.73,148.43,35.22,43.08,4757.25,23.36,0.0044105323512547,44.10532351254796,46.49170712524134,14.48393971685188,35.43785112624097
MareNostrum5,ACC,ALIA-40b-instruct-2605,Text Generation,sonnet,vllm,benchmark_serving.py,300,4,4,16,4,4,32768,,59.2,59.25,182.73,241.65,1335.61,44.79,44.79,5278.82,35.19,0.0007016608311874,7.016608311874208,69.91393535202229,28.888633502982543,35.40074756667923
MareNostrum5,ACC,Llama-3.1-8B-Instruct,Text Generation,sharegpt,vllm,benchmark_serving.py,500,4,4,16,4,4,4096,,59.64,59.65,153.39,185.95,3964.35,27.56,28.7,6275.24,31.72,0.0002487184780418,2.487184780418892,63.12093712343189,40.910359215072695,35.39807639613253
MareNostrum5,ACC,Mistral-7B-Instruct-v0.3,Text Generation,sonnet,vllm,benchmark_serving.py,150,1,4,4,4,1,32768,,60.18,60.18,226.56,296.52,547.86,25.68,25.51,5045.51,33.42,0.0016693097404223,16.693097404223355,66.4001843695424,22.27008298022599,35.37814235675268
MareNostrum5,ACC,ALIA-40b-instruct-2605,Text Generation,sonnet,vllm,benchmark_serving.py,300,4,4,16,4,4,16384,,59.21,59.26,182.99,232.95,1339.12,44.7,44.7,5276.74,35.18,0.0007000252009072,7.000252009072327,69.89401692796578,28.83622055850046,35.37164201731311
MareNostrum5,ACC,Mistral-7B-Instruct-v0.3,Text Generation,sharegpt,vllm,benchmark_serving.py,250,1,4,4,1,1,4096,,15.1,59.51,140.95,644.87,397.32,32.16,35.28,5357.05,23.41,0.0021516481624924,21.51648162492469,46.616289499410826,38.00673997871586,35.32729897546315
MareNostrum5,ACC,Mistral-7B-Instruct-v0.3,Text Generation,sharegpt,vllm,benchmark_serving.py,250,1,4,4,1,1,32768,,15.1,59.51,142.01,637.28,397.87,32.01,35.17,5373.13,23.45,0.0021503064186646,21.5030641866466,46.69620333618699,37.83627913527216,35.29536028105051
MareNostrum5,ACC,Mistral-7B-Instruct-v0.3,Text Generation,sharegpt,sglang,benchmark_serving.py,250,2,4,8,4,2,32768,,54.86,54.97,168.34,197.62,119.4,43.98,48.58,3897.47,17.45,0.004717871296471,47.17871296471033,34.74443998855659,23.15237020316027,35.262630469122044
MareNostrum5,ACC,Mistral-7B-Instruct-v0.3,Text Generation,sharegpt,vllm,benchmark_serving.py,250,1,4,4,1,1,16384,,15.1,59.51,141.71,633.0,400.87,32.08,35.22,5362.68,23.45,0.0021359762479441,21.35976247944123,46.69580793631049,37.84263637005152,35.24853757977207
MareNostrum5,ACC,Llama-3.1-8B-Instruct,Text Generation,sharegpt,sglang,benchmark_serving.py,150,2,4,8,4,2,4096,,52.86,54.04,174.96,246.92,488.1,21.4,26.31,5494.36,27.85,0.0018663332151322,18.6633321513223,55.41908982092314,31.40352080475537,35.23715012808517
MareNostrum5,ACC,ALIA-40b-instruct-2605,Text Generation,sonnet,vllm,benchmark_serving.py,300,4,4,16,4,4,4096,,59.2,59.25,182.66,232.09,1356.2,44.9,44.9,5255.75,35.04,0.0006915629322268,6.915629322268326,69.61587210983615,28.773404138837183,35.22819981134342
MareNostrum5,ACC,gemma-3-12b-it,Text Generation,sonnet,vllm,benchmark_serving.py,1000,1,4,4,4,1,4096,,60.15,60.21,266.76,407.21,9955.5,36.87,36.87,6110.09,40.74,9.970845248493404e-05,0.9970845248493404,80.94031751812356,22.904820812715556,35.188259354679765
MareNostrum5,ACC,Llama-3.1-8B-Instruct,Text Generation,sharegpt,vllm,benchmark_serving.py,500,4,4,16,4,4,16384,,59.64,59.65,156.38,186.97,3963.88,27.64,28.77,6269.29,31.67,0.0002487382750995,2.487382750995575,63.02163933749779,40.0901010359381,35.10189984158794
MareNostrum5,ACC,Llama-3.1-8B-Instruct,Text Generation,sharegpt,sglang,benchmark_serving.py,150,1,4,4,1,1,4096,,53.27,53.73,333.48,585.04,182.75,25.84,29.21,4713.34,24.06,0.0042052144659377,42.05214465937763,47.87561126356229,14.133801127503896,35.098253374600816
MareNostrum5,ACC,gemma-3-12b-it,Text Generation,sonnet,vllm,benchmark_serving.py,1000,1,4,4,4,1,16384,,60.15,60.2,266.94,419.48,9736.96,37.5,37.5,6092.31,40.63,0.0001019164366752,1.0191643667524124,80.72166213920241,22.82276916160935,35.09516714373963
MareNostrum5,ACC,Mistral-7B-Instruct-v0.3,Text Generation,sharegpt,vllm,benchmark_serving.py,150,2,4,8,4,2,4096,,59.78,59.88,166.4,236.84,245.69,24.15,26.24,4833.75,21.03,0.0033774655498513,33.77465549851392,41.877803937562575,29.048978365384613,35.017509285189085
MareNostrum5,ACC,Mistral-7B-Instruct-v0.3,Text Generation,sharegpt,sglang,benchmark_serving.py,300,1,4,4,4,1,32768,,55.37,55.49,199.4,253.54,153.46,42.05,47.24,4538.52,20.13,0.0041194644696189,41.19464469618949,40.08222065743147,22.760882647943838,34.91761666757316
MareNostrum5,ACC,Llama-3.1-8B-Instruct,Text Generation,sonnet,vllm,benchmark_serving.py,150,1,4,4,4,1,16384,,60.26,60.26,235.56,299.53,530.09,26.12,26.12,4959.69,33.06,0.0017172393659952,17.17239365995226,65.68217972059486,21.054890473764644,34.90811990099071
MareNostrum5,ACC,gemma-3-12b-it,Text Generation,sonnet,vllm,benchmark_serving.py,250,1,4,4,4,1,16384,,60.13,60.2,250.96,342.37,703.32,42.64,42.64,5291.18,35.28,0.0012680699974638,12.6806999746386,70.0926432940452,21.08375836786739,34.88973938907006
MareNostrum5,ACC,gemma-3-12b-it,Text Generation,sonnet,vllm,benchmark_serving.py,500,1,4,4,4,1,16384,,60.15,60.2,259.16,398.35,5289.28,37.54,37.54,5969.36,39.8,0.0001864155276677,1.864155276677926,79.0727915382516,23.033492822966505,34.88927962042532
MareNostrum5,ACC,Llama-3.1-8B-Instruct,Text Generation,sharegpt,vllm,benchmark_serving.py,500,4,4,16,4,4,32768,,59.64,59.65,155.44,184.8,3988.53,27.89,29.01,6215.53,31.35,0.0002471925110556,2.4719251105568505,62.38533972158902,39.98668296448791,34.84720859156573
MareNostrum5,ACC,Llama-3.3-70B-Instruct,Text Generation,sonnet,sglang,benchmark_serving.py,300,2,4,8,4,2,4096,,56.18,56.33,307.9,431.49,360.87,50.07,50.08,4950.05,33.01,0.0021691032926987,21.691032926987983,65.58265423253984,16.076810652809357,34.81763304313845
MareNostrum5,ACC,gemma-3-12b-it,Text Generation,sonnet,vllm,benchmark_serving.py,250,1,4,4,4,1,32768,,60.13,60.2,250.73,341.36,712.94,42.71,42.71,5278.84,35.2,0.001252567763916,12.525677639160277,69.93367306230289,21.05388266262513,34.77342169053752
MareNostrum5,ACC,Llama-3.1-8B-Instruct,Text Generation,sharegpt,vllm,benchmark_serving.py,1000,4,4,16,4,4,4096,,59.64,59.65,155.58,183.07,7138.25,27.39,27.82,6267.58,31.61,0.0001390151609934,1.3901516099345794,62.90275537013488,40.28525517418691,34.75087002896343
MareNostrum5,ACC,Llama-3.1-8B-Instruct,Text Generation,sonnet,vllm,benchmark_serving.py,150,1,4,4,4,1,32768,,60.26,60.26,236.01,302.35,537.09,26.18,26.18,4942.16,32.95,0.0016964967342437,16.964967342437866,65.4635463336489,20.94046862421084,34.72664460961697
MareNostrum5,ACC,Mistral-7B-Instruct-v0.3,Text Generation,sharegpt,vllm,benchmark_serving.py,300,1,4,4,4,1,16384,,60.19,60.21,205.06,299.22,900.8,25.77,27.7,6888.37,30.1,0.0010479214478082,10.479214478082724,59.93808949088455,33.591973081049446,34.691314735384694
MareNostrum5,ACC,ALIA-40b-instruct-2605,Text Generation,sonnet,vllm,benchmark_serving.py,250,1,4,4,4,1,32768,,60.37,60.51,298.8,428.83,659.5,42.0,42.0,5400.65,36.01,0.0013449899125756,13.449899125756556,71.5429717878256,18.074464524765727,34.68140475854297
MareNostrum5,ACC,Llama-3.3-70B-Instruct,Text Generation,sonnet,sglang,benchmark_serving.py,300,2,4,8,4,2,32768,,56.84,56.99,305.78,425.63,372.22,50.24,50.24,4948.85,33.01,0.0021155066638459,21.155066638459907,65.58254888736334,16.18434822421349,34.66978071052822
MareNostrum5,ACC,Llama-3.1-8B-Instruct,Text Generation,sharegpt,vllm,benchmark_serving.py,1000,4,4,16,4,4,16384,,59.64,59.65,158.16,186.13,7166.39,27.41,27.91,6279.07,31.69,0.0001384713592764,1.3847135927640408,63.06173212101236,39.70074607991907,34.61603028825808
MareNostrum5,ACC,gemma-3-12b-it,Text Generation,sonnet,vllm,benchmark_serving.py,300,1,4,4,4,1,16384,,60.14,60.2,261.59,390.62,1548.5,40.12,40.12,5669.76,37.81,0.0006139715362795,6.139715362795782,75.11905262659941,21.67422302075768,34.56373248303683
MareNostrum5,ACC,Llama-3.3-70B-Instruct,Text Generation,sonnet,sglang,benchmark_serving.py,300,2,4,8,4,2,16384,,56.69,56.84,310.27,431.34,365.73,50.52,50.52,4927.63,32.86,0.0021423827581035,21.42382758103563,65.28464800856366,15.88174815483289,34.56304111001029
MareNostrum5,ACC,Mistral-7B-Instruct-v0.3,Text Generation,sharegpt,vllm,benchmark_serving.py,150,2,4,8,4,2,32768,,59.8,59.87,172.11,239.26,250.41,24.09,26.25,4815.81,21.05,0.0033250207813798,33.25020781379884,41.91678092812279,27.981000522921388,34.5106963395882
MareNostrum5,ACC,Llama-3.1-8B-Instruct,Text Generation,sharegpt,vllm,benchmark_serving.py,300,1,4,4,1,1,16384,,14.98,59.04,141.46,636.08,1261.89,32.95,36.13,5619.37,28.39,0.0007513317355011,7.513317355011757,56.49457990424522,39.72409161600452,34.47439438526882
MareNostrum5,ACC,ALIA-40b-instruct-2605,Text Generation,sonnet,vllm,benchmark_serving.py,250,1,4,4,4,1,16384,,60.36,60.51,293.75,425.48,669.46,42.32,42.32,5351.55,35.68,0.0013260840737302,13.26084073730274,70.88737774329293,18.21804255319149,34.44016790042381
MareNostrum5,ACC,Mistral-7B-Instruct-v0.3,Text Generation,sharegpt,sglang,benchmark_serving.py,300,2,4,8,4,2,16384,,54.59,54.7,165.53,202.29,168.0,44.94,51.31,4362.65,19.34,0.0037842951750236,37.84295175023652,38.50928505085589,26.35564550232586,34.39356707311569
MareNostrum5,ACC,Llama-3.1-8B-Instruct,Text Generation,sharegpt,vllm,benchmark_serving.py,300,1,4,4,1,1,4096,,14.98,59.04,142.27,623.14,1270.15,33.09,36.31,5605.38,28.27,0.0007465193535142,7.465193535142399,56.25627882456312,39.3995923244535,34.273170146125
MareNostrum5,ACC,Llama-3.1-8B-Instruct,Text Generation,sharegpt,vllm,benchmark_serving.py,1000,4,4,16,4,4,32768,,59.64,59.65,156.78,183.28,7293.8,27.76,28.32,6207.23,31.24,0.0001360566431016,1.3605664310165608,62.167122772089954,39.59197601734915,34.26884665460795
MareNostrum5,ACC,ALIA-40b-instruct-2605,Text Generation,sharegpt,sglang,benchmark_serving.py,250,1,4,4,4,1,16384,,57.05,57.28,329.38,533.14,165.48,35.08,44.72,4778.82,23.24,0.0040769732550554,40.76973255055447,46.25505587185499,14.508531179792335,34.23115804115277
MareNostrum5,ACC,Mistral-7B-Instruct-v0.3,Text Generation,sharegpt,vllm,benchmark_serving.py,300,4,4,16,4,4,16384,,59.99,60.01,157.0,185.13,914.6,26.57,27.38,6142.89,26.87,0.0010324712198647,10.324712198647465,53.50595624465134,39.12668789808917,34.22296739811013
MareNostrum5,ACC,Mistral-7B-Instruct-v0.3,Text Generation,sharegpt,vllm,benchmark_serving.py,150,2,4,8,4,2,16384,,59.8,59.87,171.22,236.79,253.36,24.4,26.46,4772.83,20.83,0.0032870948655578,32.870948655578204,41.47897385296412,27.875423431842076,34.19910915109385
MareNostrum5,ACC,Mistral-7B-Instruct-v0.3,Text Generation,sharegpt,sglang,benchmark_serving.py,300,2,4,8,4,2,32768,,54.86,54.97,169.72,201.95,144.24,46.29,53.67,4121.58,18.43,0.004095004095004,40.95004095004095,36.69591107267857,24.284586377563045,34.17069132854481
MareNostrum5,ACC,Llama-3.1-8B-Instruct,Text Generation,sharegpt,vllm,benchmark_serving.py,300,1,4,4,1,1,32768,,14.98,59.04,142.2,627.09,1278.86,33.22,36.49,5582.77,28.16,0.0007415262092438,7.415262092438658,56.03734254392764,39.2599859353024,34.137081075661314
MareNostrum5,ACC,gemma-3-12b-it,Text Generation,sonnet,vllm,benchmark_serving.py,1000,1,4,4,4,1,32768,,60.15,60.22,263.18,392.39,10202.94,38.31,38.31,5891.75,39.29,9.72804283451821e-05,0.9728042834518208,78.05944910167524,22.386769511361045,34.03473239457873
MareNostrum5,ACC,ALIA-40b-instruct-2605,Text Generation,sonnet,vllm,benchmark_serving.py,500,4,4,16,4,4,32768,,59.2,59.25,180.89,242.39,5503.26,44.51,44.51,5325.25,35.5,0.000178817941877,1.7881794187701614,70.52982325234342,29.43916192160982,34.00865272309376
MareNostrum5,ACC,Mistral-7B-Instruct-v0.3,Text Generation,sharegpt,vllm,benchmark_serving.py,300,4,4,16,4,4,32768,,60.0,60.02,155.52,183.06,915.64,26.55,27.41,6071.78,26.56,0.0010313531353135,10.313531353135314,52.88864733681624,39.04179526748971,33.982115240180235
MareNostrum5,ACC,ALIA-40b-instruct-2605,Text Generation,sonnet,vllm,benchmark_serving.py,500,4,4,16,4,4,16384,,59.21,59.26,181.26,240.06,5477.97,44.65,44.65,5315.92,35.44,0.0001796212506309,1.7962125063091967,70.41058900914906,29.32759571885689,33.93514314529001
MareNostrum5,ACC,Llama-3.1-8B-Instruct,Text Generation,sonnet,vllm,benchmark_serving.py,150,1,4,4,4,1,4096,,60.26,60.26,233.76,293.06,554.31,26.82,26.82,4819.28,32.13,0.0016448721111933,16.448721111933544,63.8344177878184,20.616358658453112,33.89350199662066
MareNostrum5,ACC,Mistral-7B-Instruct-v0.3,Text Generation,sharegpt,vllm,benchmark_serving.py,300,4,4,16,4,4,4096,,59.99,60.01,154.83,180.35,916.42,26.54,27.42,6061.36,26.36,0.0010305241245697,10.305241245697562,52.49172090700623,39.14848543563908,33.87848247132379
MareNostrum5,ACC,Mistral-7B-Instruct-v0.3,Text Generation,sharegpt,sglang,benchmark_serving.py,500,2,4,8,4,2,32768,,54.86,54.97,169.7,207.9,280.88,49.25,66.97,5190.03,22.81,0.0025182573659027,25.18257365902795,45.42037902563669,30.583559222156747,33.79174286387614
MareNostrum5,ACC,ALIA-40b-instruct-2605,Text Generation,sonnet,vllm,benchmark_serving.py,500,4,4,16,4,4,4096,,59.2,59.25,180.48,235.04,5495.21,45.04,45.04,5284.77,35.23,0.0001790417328375,1.790417328375071,69.99340116541353,29.28174867021277,33.77665786235622
MareNostrum5,ACC,ALIA-40b-instruct-2605,Text Generation,sharegpt,sglang,benchmark_serving.py,250,2,4,8,4,2,16384,,55.51,55.66,242.13,335.8,122.63,42.73,51.85,3911.91,18.84,0.0046038396022282,46.03839602228259,37.49940057240984,16.15623838433899,33.572847125183905
MareNostrum5,ACC,Mistral-7B-Instruct-v0.3,Text Generation,sharegpt,vllm,benchmark_serving.py,500,1,4,4,4,1,4096,,60.19,60.22,203.87,305.6,3633.61,24.66,26.6,7190.24,31.44,0.0002713799944095,2.713799944095721,62.6062482967952,35.268749693432085,33.49481630380118
MareNostrum5,ACC,Mistral-7B-Instruct-v0.3,Text Generation,sharegpt,sglang,benchmark_serving.py,500,2,4,8,4,2,4096,,54.39,54.5,167.1,207.32,327.7,48.62,66.6,5240.88,23.3,0.0022577440621331,22.577440621331167,46.3937418553317,31.36373429084381,33.486597015135395
MareNostrum5,ACC,ALIA-40b-instruct-2605,Text Generation,sonnet,vllm,benchmark_serving.py,250,1,4,4,4,1,4096,,60.33,60.51,298.9,433.56,732.06,42.82,42.82,5253.35,35.02,0.0012229423994129,12.229423994129876,69.57618963877339,17.575610572097695,33.43810401825837
MareNostrum5,ACC,ALIA-40b-instruct-2605,Text Generation,sharegpt,sglang,benchmark_serving.py,250,2,4,8,4,2,32768,,55.8,55.95,244.69,340.53,127.76,42.53,51.16,3910.62,19.08,0.0045156920298035,45.15692029803567,37.97472051301626,15.981936327598184,33.37897750058907
MareNostrum5,ACC,Mistral-7B-Instruct-v0.3,Text Generation,sharegpt,sglang,benchmark_serving.py,500,2,4,8,4,2,16384,,54.59,54.7,168.06,206.13,326.91,48.47,65.55,5249.25,23.12,0.002267933685619,22.679336856190325,46.03723183312249,31.23438057836487,33.35863513944312
MareNostrum5,ACC,ALIA-40b-instruct-2605,Text Generation,sonnet,vllm,benchmark_serving.py,1000,4,4,16,4,4,16384,,59.21,59.26,182.7,225.9,11046.59,44.69,44.68,5279.83,35.2,8.979917312921382e-05,0.8979917312921382,69.93375992233346,28.89890530925014,33.33044526119275
MareNostrum5,ACC,ALIA-40b-instruct-2605,Text Generation,sharegpt,sglang,benchmark_serving.py,250,2,4,8,4,2,4096,,55.29,55.44,242.02,339.34,130.06,42.52,51.98,3892.94,19.17,0.0044531528322052,44.53152832205202,38.15212752197664,16.085199570283446,33.25970684946045
MareNostrum5,ACC,ALIA-40b-instruct-2605,Text Generation,sonnet,vllm,benchmark_serving.py,1000,4,4,16,4,4,32768,,59.2,59.25,182.47,235.92,11066.95,44.78,44.78,5266.17,35.11,8.963376539796045e-05,0.8963376539796045,69.7549379395165,28.8604702142818,33.256784170358856
MareNostrum5,ACC,ALIA-40b-instruct-2605,Text Generation,sonnet,vllm,benchmark_serving.py,1000,4,4,16,4,4,4096,,59.2,59.25,182.62,245.7,11095.39,45.04,45.04,5248.69,34.99,8.940169702301288e-05,0.8940169702301288,69.51657295672713,28.741046982805823,33.13673560966333
MareNostrum5,ACC,Mistral-7B-Instruct-v0.3,Text Generation,sharegpt,sglang,benchmark_serving.py,500,1,4,4,4,1,32768,,55.37,55.49,203.7,266.48,297.34,45.31,59.78,5356.67,23.91,0.0024849042069428,24.849042069428226,47.60749945173197,26.296858124693177,33.050218717096286
MareNostrum5,ACC,Mistral-7B-Instruct-v0.3,Text Generation,sharegpt,sglang,benchmark_serving.py,300,2,4,8,4,2,4096,,54.39,54.5,165.76,197.1,190.87,45.21,52.1,4308.43,19.09,0.0034700534388229,34.70053438822958,38.0115764687396,25.991976351351354,33.03955012380195
MareNostrum5,ACC,Mistral-7B-Instruct-v0.3,Text Generation,sharegpt,vllm,benchmark_serving.py,500,1,4,4,4,1,32768,,60.19,60.21,202.66,301.13,3696.75,25.05,27.02,7063.28,30.91,0.0002667506041901,2.6675060419011847,61.550644908016274,34.85285700187506,32.98708556357195
MareNostrum5,ACC,Llama-3.1-8B-Instruct,Text Generation,sharegpt,vllm,benchmark_serving.py,500,1,4,4,1,1,16384,,14.98,59.04,138.29,632.84,4969.76,33.02,36.22,5612.36,28.33,0.0001984520738241,1.9845207382417145,56.37542882165125,40.58399016559404,32.8292597033537
MareNostrum5,ACC,ALIA-40b-instruct-2605,Text Generation,sonnet,vllm,benchmark_serving.py,300,1,4,4,4,1,32768,,60.45,60.53,307.13,432.29,1479.1,41.65,41.65,5522.01,36.81,0.0006400409626216,6.400409626216078,73.13249506190164,17.979389834923325,32.79459234113549
MareNostrum5,ACC,Mistral-7B-Instruct-v0.3,Text Generation,sharegpt,sglang,benchmark_serving.py,500,1,4,4,4,1,4096,,54.99,55.09,199.98,261.25,306.12,45.87,59.86,5314.92,23.63,0.0024280684715308,24.28068471530897,47.05081327326709,26.57725772577258,32.757431788363085
MareNostrum5,ACC,Llama-3.1-8B-Instruct,Text Generation,sharegpt,vllm,benchmark_serving.py,500,1,4,4,1,1,32768,,14.98,59.04,137.42,626.05,4995.84,33.24,36.51,5573.83,28.17,0.0001974103707564,1.9741037075641727,56.056690860407,40.56054431669335,32.70984433445207
MareNostrum5,ACC,Mistral-7B-Instruct-v0.3,Text Generation,sharegpt,sglang,benchmark_serving.py,500,1,4,4,4,1,16384,,55.26,55.4,202.61,264.86,310.26,45.47,59.78,5357.56,23.71,0.0024066809463069,24.06680946306948,47.2110663839577,26.442722471743743,32.696148978947235
MareNostrum5,ACC,Mistral-7B-Instruct-v0.3,Text Generation,sonnet,sglang,benchmark_serving.py,150,1,4,4,1,1,32768,,54.52,55.55,284.09,705.85,942.44,21.87,21.87,5166.38,34.53,0.0010140136689042,10.140136689042569,68.6014952767881,18.185715794290545,32.5915839225554
MareNostrum5,ACC,Mistral-7B-Instruct-v0.3,Text Generation,sharegpt,vllm,benchmark_serving.py,1000,1,4,4,4,1,32768,,60.19,60.22,205.75,294.2,6615.21,24.55,26.43,7091.86,31.05,0.0001500107257668,1.5001072576689232,61.82929533013896,34.46833535844471,32.56186419455699
MareNostrum5,ACC,Llama-3.1-8B-Instruct,Text Generation,sharegpt,vllm,benchmark_serving.py,500,1,4,4,1,1,4096,,14.98,59.04,138.92,618.38,5027.3,33.35,36.66,5558.6,28.1,0.0001961819077121,1.9618190771210693,55.917325075626046,40.01295709761014,32.483055283169264
MareNostrum5,ACC,Mistral-7B-Instruct-v0.3,Text Generation,sonnet,sglang,benchmark_serving.py,150,1,4,4,1,1,16384,,54.21,55.06,285.08,702.88,938.24,22.02,22.02,5144.2,34.37,0.0010180396628252,10.180396628252636,68.28377486448962,18.044759365792057,32.45214130458583
MareNostrum5,ACC,ALIA-40b-instruct-2605,Text Generation,sonnet,vllm,benchmark_serving.py,300,1,4,4,4,1,4096,,60.39,60.53,309.9,435.13,1506.39,41.96,41.96,5473.93,36.49,0.000628808219781,6.28808219781049,72.49672645642256,17.663536624717654,32.43916666234889
MareNostrum5,ACC,Llama-3.1-8B-Instruct,Text Generation,sharegpt,vllm,benchmark_serving.py,150,4,4,16,4,4,16384,,59.54,59.65,149.38,197.97,299.22,28.56,30.49,4127.69,20.81,0.0027911910012002,27.91191001200212,41.41122280342292,27.63214620431115,32.412151942624085
MareNostrum5,ACC,ALIA-40b-instruct-2605,Text Generation,sharegpt,sglang,benchmark_serving.py,300,1,4,4,4,1,4096,,56.96,57.21,343.37,547.74,245.95,36.9,45.77,5201.88,25.43,0.0030430284218854,30.43028421885461,50.61257449816445,15.14948888953607,32.40240840843803
MareNostrum5,ACC,Llama-3.1-8B-Instruct,Text Generation,sharegpt,vllm,benchmark_serving.py,150,4,4,16,4,4,4096,,59.55,59.65,149.19,196.69,301.21,28.67,30.64,4112.94,20.75,0.0027737712193498,27.73771219349828,41.29168128234095,27.56846973657752,32.291904097490146
MareNostrum5,ACC,Llama-3.1-8B-Instruct,Text Generation,sharegpt,vllm,benchmark_serving.py,1000,1,4,4,1,1,16384,,14.98,59.04,141.48,626.02,9027.0,32.98,36.17,5586.02,28.22,0.0001099366215376,1.099366215376835,56.15630411239991,39.48275374611253,32.10140911020011
MareNostrum5,ACC,ALIA-40b-instruct-2605,Text Generation,sonnet,vllm,benchmark_serving.py,500,1,4,4,4,1,32768,,60.49,60.53,301.97,429.9,5387.59,40.76,40.76,5657.53,37.72,0.0001828451064249,1.8284510642499416,74.94035612132917,18.7354041792231,32.09672378044829
MareNostrum5,ACC,Mistral-7B-Instruct-v0.3,Text Generation,sharegpt,vllm,benchmark_serving.py,500,1,4,4,4,1,16384,,60.19,60.21,203.39,300.74,3810.89,25.71,27.67,6884.19,30.1,0.0002587810893131,2.5878108931311736,59.93793115417492,33.847239293967256,32.089868870153595
MareNostrum5,ACC,Mistral-7B-Instruct-v0.3,Text Generation,sharegpt,sglang,benchmark_serving.py,300,1,4,4,4,1,4096,,54.99,55.09,197.87,247.87,199.03,42.82,47.83,4391.72,19.56,0.0034520850593758,34.52085059375863,38.94653851036434,22.19497649972204,32.081304775312866
MareNostrum5,ACC,ALIA-40b-instruct-2605,Text Generation,sharegpt,sglang,benchmark_serving.py,300,2,4,8,4,2,16384,,55.51,55.66,241.49,350.17,164.35,45.17,57.93,4181.47,20.43,0.003739016638624,37.39016638624042,40.66133515790476,17.315292558698083,32.07840414379275
MareNostrum5,ACC,Mistral-7B-Instruct-v0.3,Text Generation,sharegpt,vllm,benchmark_serving.py,1000,1,4,4,4,1,4096,,60.19,60.22,205.25,300.83,6755.17,25.15,27.03,6984.73,30.47,0.0001469000418665,1.469000418665119,60.67531163758695,34.03035322777101,32.018779132012426
MareNostrum5,ACC,Llama-3.1-8B-Instruct,Text Generation,sharegpt,vllm,benchmark_serving.py,1000,1,4,4,1,1,32768,,14.98,59.04,141.06,606.26,9095.95,33.31,36.54,5553.83,28.1,0.0001091012241157,1.0910122411573455,55.91708351770804,39.37211115837232,31.98182812869338
MareNostrum5,ACC,gemma-3-12b-it,Text Generation,sharegpt,vllm,benchmark_serving.py,250,2,4,8,4,2,4096,,59.01,59.08,177.88,261.88,221.91,42.0,45.72,4094.07,20.06,0.0032296612085392,32.29661208539224,39.92437973520525,23.015909601978866,31.920228291636384
MareNostrum5,ACC,ALIA-40b-instruct-2605,Text Generation,sonnet,vllm,benchmark_serving.py,500,1,4,4,4,1,16384,,60.46,60.53,298.91,431.59,5513.16,40.65,40.65,5609.52,37.4,0.0001787482616731,1.7874826167315525,74.30459365459402,18.76658525977719,31.8766132153794
MareNostrum5,ACC,Llama-3.1-8B-Instruct,Text Generation,sharegpt,vllm,benchmark_serving.py,1000,1,4,4,1,1,4096,,14.98,59.04,142.99,619.24,9079.91,33.18,36.33,5568.76,28.12,0.0001092965455733,1.0929654557338062,55.95743742942498,38.945101056017904,31.85956931887972
MareNostrum5,ACC,ALIA-40b-instruct-2605,Text Generation,sonnet,vllm,benchmark_serving.py,300,1,4,4,4,1,16384,,60.44,60.53,302.19,430.52,1523.89,43.11,43.11,5337.18,35.58,0.0006210755786871,6.2107557868717045,70.68875751010654,17.661669810384197,31.79756886029555
MareNostrum5,ACC,ALIA-40b-instruct-2605,Text Generation,sharegpt,sglang,benchmark_serving.py,300,2,4,8,4,2,4096,,55.29,55.44,240.88,343.48,167.01,45.47,57.87,4165.24,20.22,0.0036989088218975,36.98908821897541,40.24463394704525,17.29176353370973,31.79282986723414
MareNostrum5,ACC,Mistral-7B-Instruct-v0.3,Text Generation,sharegpt,vllm,benchmark_serving.py,1000,1,4,4,4,1,16384,,60.19,60.21,204.71,292.43,6826.1,25.3,27.55,6940.14,30.19,0.0001453710231939,1.4537102319394672,60.118481219684,33.90230081578819,31.7832813546042
MareNostrum5,ACC,ALIA-40b-instruct-2605,Text Generation,sonnet,vllm,benchmark_serving.py,1000,1,4,4,4,1,32768,,60.53,60.53,308.66,436.17,10587.89,40.59,40.59,5675.11,37.83,9.372888171133942e-05,0.9372888171133942,75.15899389806299,18.38628264109376,31.75634656830997
MareNostrum5,ACC,ALIA-40b-instruct-2605,Text Generation,sharegpt,sglang,benchmark_serving.py,500,1,4,4,4,1,4096,,57.87,58.41,333.66,613.02,414.08,39.14,65.02,5904.7,28.85,0.0019296079036739,19.296079036739734,57.41945209865931,17.69675717796559,31.746242882984667
MareNostrum5,ACC,ALIA-40b-instruct-2605,Text Generation,sharegpt,sglang,benchmark_serving.py,300,2,4,8,4,2,32768,,55.8,55.95,244.76,352.33,169.11,45.32,56.85,4167.72,20.3,0.0036862282512533,36.86228251253317,40.40320533330787,17.02778231737212,31.719156209145037
MareNostrum5,ACC,Mistral-7B-Instruct-v0.3,Text Generation,sharegpt,sglang,benchmark_serving.py,1000,2,4,8,4,2,4096,,54.39,54.5,168.55,208.31,1046.23,41.37,62.03,5876.53,25.96,0.0008698450805911,8.698450805911468,51.6916483721277,34.86520320379709,31.689498745748388
MareNostrum5,ACC,ALIA-40b-instruct-2605,Text Generation,sharegpt,sglang,benchmark_serving.py,300,1,4,4,4,1,16384,,57.39,57.57,347.85,556.44,261.64,36.76,45.12,5170.26,25.13,0.0029110386585933,29.110386585933863,50.016893361229855,14.86347563605002,31.65958738557167
MareNostrum5,ACC,ALIA-40b-instruct-2605,Text Generation,sonnet,vllm,benchmark_serving.py,500,1,4,4,4,1,4096,,60.41,60.53,302.93,434.76,5489.37,41.14,41.14,5582.69,37.22,0.0001794800463058,1.7948004630585193,73.9469926742599,18.428976991384147,31.649482303931197
MareNostrum5,ACC,gemma-3-12b-it,Text Generation,sharegpt,vllm,benchmark_serving.py,250,2,4,8,4,2,32768,,59.02,59.09,178.29,244.13,223.54,42.41,46.18,4053.22,19.86,0.0032037932912568,32.03793291256848,39.52632857690004,22.73386056424925,31.606684286979057
MareNostrum5,ACC,ALIA-40b-instruct-2605,Text Generation,sharegpt,sglang,benchmark_serving.py,300,1,4,4,4,1,32768,,57.98,58.22,341.16,543.51,261.05,36.78,45.15,5138.65,24.84,0.0029156219021517,29.15621902151729,49.441004436921546,15.062287489740882,31.54298797258629
MareNostrum5,ACC,ALIA-40b-instruct-2605,Text Generation,sharegpt,sglang,benchmark_serving.py,500,1,4,4,4,1,16384,,57.77,58.05,335.6,614.27,439.09,38.96,63.31,5946.73,28.76,0.0018471996453376,18.471996453376683,57.24315656121925,17.719696066746124,31.41345476632138
MareNostrum5,ACC,Mistral-7B-Instruct-v0.3,Text Generation,sharegpt,vllm,benchmark_serving.py,500,4,4,16,4,4,4096,,59.99,60.01,153.89,182.49,3758.09,26.43,27.3,6057.97,26.45,0.0002623418734357,2.6234187343578657,52.67003477734936,39.36558580804471,31.396761652554765
MareNostrum5,ACC,gemma-3-12b-it,Text Generation,sharegpt,vllm,benchmark_serving.py,250,2,4,8,4,2,16384,,59.01,59.09,178.18,252.24,223.59,42.95,46.23,4013.22,19.63,0.003197237586725,31.97237586725069,39.0689009509404,22.52340330003367,31.36152317419575
MareNostrum5,ACC,Mistral-7B-Instruct-v0.3,Text Generation,sharegpt,vllm,benchmark_serving.py,500,4,4,16,4,4,16384,,59.99,60.01,155.89,183.91,3762.54,26.5,27.35,6047.52,26.55,0.0002620277277741,2.620277277741531,52.86789780163877,38.79350824299186,31.2799021647467
MareNostrum5,ACC,Mistral-7B-Instruct-v0.3,Text Generation,sharegpt,vllm,benchmark_serving.py,500,4,4,16,4,4,32768,,60.0,60.02,155.14,183.17,3764.74,26.44,27.27,6062.62,26.41,0.0002618863675051,2.618863675051395,52.59090337869908,39.07838081732629,31.27640265981957
MareNostrum5,ACC,Mistral-7B-Instruct-v0.3,Text Generation,sharegpt,sglang,benchmark_serving.py,1000,2,4,8,4,2,16384,,54.6,54.7,169.8,210.04,1079.51,41.15,61.0,5776.19,25.86,0.0008462671157524,8.462671157524161,51.48948161425703,34.017608951707885,31.269366806952128
MareNostrum5,ACC,ALIA-40b-instruct-2605,Text Generation,sharegpt,sglang,benchmark_serving.py,500,1,4,4,4,1,32768,,58.62,59.02,329.6,601.29,459.71,39.14,64.87,5903.3,28.76,0.001773930320017,17.739303200170294,57.2411297255928,17.910497572815533,31.224706418060425
MareNostrum5,ACC,Mistral-7B-Instruct-v0.3,Text Generation,sharegpt,sglang,benchmark_serving.py,1000,2,4,8,4,2,32768,,54.86,54.97,173.2,208.13,1062.74,42.08,61.38,5852.2,25.84,0.0008574858514834,8.574858514834505,51.45281352287497,33.788683602771364,31.221787245708057
MareNostrum5,ACC,ALIA-40b-instruct-2605,Text Generation,sonnet,vllm,benchmark_serving.py,1000,1,4,4,4,1,16384,,60.51,60.53,305.69,432.97,10877.07,41.19,41.19,5543.92,36.96,9.1245454835781e-05,0.91245454835781,73.43045655882226,18.13575844810102,31.080032479833548
MareNostrum5,ACC,ALIA-40b-instruct-2605,Text Generation,sonnet,vllm,benchmark_serving.py,1000,1,4,4,4,1,4096,,60.46,60.53,308.33,435.37,10843.05,41.74,41.74,5529.84,36.87,9.152036373853366e-05,0.9152036373853364,73.25159773007755,17.934810106055203,30.955851698875044
MareNostrum5,ACC,Mistral-7B-Instruct-v0.3,Text Generation,sharegpt,vllm,benchmark_serving.py,1000,4,4,16,4,4,16384,,59.99,60.01,156.86,184.83,6671.9,26.26,27.11,6095.1,26.53,0.0001486929149312,1.4869291493129646,52.830047879404674,38.85694249649369,30.90199378864198
MareNostrum5,ACC,Mistral-7B-Instruct-v0.3,Text Generation,sharegpt,vllm,benchmark_serving.py,1000,4,4,16,4,4,4096,,59.99,60.01,154.48,179.7,6703.85,26.25,27.06,6039.92,26.36,0.0001479911678871,1.4799116788710047,52.49091410221751,39.09839461418954,30.86156704211075
MareNostrum5,ACC,Mistral-7B-Instruct-v0.3,Text Generation,sharegpt,vllm,benchmark_serving.py,300,1,4,4,1,1,4096,,15.1,59.51,142.9,651.32,1313.34,32.3,35.26,5441.08,23.89,0.0007241653993772,7.241653993772179,47.571130747286816,38.07613715885234,30.82071070279281
MareNostrum5,ACC,Mistral-7B-Instruct-v0.3,Text Generation,sharegpt,vllm,benchmark_serving.py,1000,4,4,16,4,4,32768,,60.0,60.02,156.06,183.94,6710.78,26.3,27.09,6046.41,26.35,0.0001478377982812,1.4783779828123775,52.47133214551539,38.744136870434446,30.741025242170466
MareNostrum5,ACC,Mistral-7B-Instruct-v0.3,Text Generation,sharegpt,vllm,benchmark_serving.py,300,1,4,4,1,1,16384,,15.1,59.51,142.53,627.59,1326.32,32.45,35.56,5420.34,23.65,0.000717190335143,7.171903351430437,47.09451744033328,38.029467480530414,30.6200126629694
MareNostrum5,ACC,Mistral-7B-Instruct-v0.3,Text Generation,sharegpt,vllm,benchmark_serving.py,300,1,4,4,1,1,32768,,15.1,59.51,143.2,641.7,1329.06,32.44,35.5,5435.04,23.64,0.0007158196134574,7.158196134574087,47.07524368528656,37.95418994413408,30.58471032087553
MareNostrum5,ACC,Mistral-7B-Instruct-v0.3,Text Generation,sonnet,sglang,benchmark_serving.py,150,1,4,4,4,1,32768,,54.74,55.87,186.53,399.48,499.86,33.56,33.56,3931.88,26.26,0.0017637306430561,17.637306430561924,52.17155977302471,21.07907575188978,30.480318749824185
MareNostrum5,ACC,Mistral-7B-Instruct-v0.3,Text Generation,sonnet,sglang,benchmark_serving.py,150,1,4,4,1,1,4096,,54.02,54.72,301.43,703.99,1177.05,21.76,21.77,4920.38,32.87,0.0008192826361238,8.192826361238101,65.30374626760208,16.32345818266264,30.21234131225771
MareNostrum5,ACC,Llama-3.1-8B-Instruct,Text Generation,sharegpt,vllm,benchmark_serving.py,150,4,4,16,4,4,32768,,59.58,59.65,153.83,195.27,378.86,28.86,31.03,4034.59,20.37,0.0022792022792022,22.79202279202279,40.53534352989919,26.227588896834167,29.92413299644041
MareNostrum5,ACC,Mistral-7B-Instruct-v0.3,Text Generation,sharegpt,sglang,benchmark_serving.py,1000,1,4,4,4,1,32768,,55.37,55.49,200.79,276.82,1033.53,39.96,55.24,5854.0,25.94,0.0008859514675786,8.85951467578606,51.65112569175877,29.15483838836596,29.903166009242348
MareNostrum5,ACC,Mistral-7B-Instruct-v0.3,Text Generation,sharegpt,sglang,benchmark_serving.py,1000,1,4,4,4,1,16384,,55.26,55.4,201.23,272.1,1023.32,40.41,57.9,5793.94,25.88,0.0008915596052174,8.915596052174067,51.52982985728081,28.79262535407245,29.765084922517843
MareNostrum5,ACC,Llama-3.1-8B-Instruct,Text Generation,sharegpt,vllm,benchmark_serving.py,150,1,4,4,4,1,16384,,60.26,60.26,184.3,271.21,306.19,31.78,34.96,3976.52,20.02,0.0026814683720805,26.81468372080551,39.839426303752745,21.576342919153557,29.56682714247895
MareNostrum5,ACC,Llama-3.1-8B-Instruct,Text Generation,sharegpt,vllm,benchmark_serving.py,150,1,4,4,4,1,4096,,60.26,60.26,191.55,270.72,305.07,31.56,34.75,3999.12,20.17,0.0026926598093596,26.92659809359685,40.13756180818005,20.87768206734534,29.482672628154656
MareNostrum5,ACC,Llama-3.1-8B-Instruct,Text Generation,sharegpt,vllm,benchmark_serving.py,150,1,4,4,4,1,32768,,60.26,60.26,186.5,274.1,304.34,31.92,35.04,3954.16,20.0,0.0026932399676811,26.9323996768112,39.7986995994122,21.20193029490617,29.47319144828593
MareNostrum5,ACC,Mistral-7B-Instruct-v0.3,Text Generation,sharegpt,vllm,benchmark_serving.py,150,4,4,16,4,4,16384,,59.89,60.01,145.16,200.49,329.31,28.24,30.3,4008.03,17.51,0.0025783163594173,25.783163594173004,34.86767256069994,27.61111876550014,29.45684229761685
MareNostrum5,ACC,ALIA-40b-instruct-2605,Text Generation,sharegpt,sglang,benchmark_serving.py,500,2,4,8,4,2,4096,,55.29,55.44,239.66,380.84,396.84,46.15,73.64,4935.49,23.95,0.0019356212376362,19.356212376362198,47.66868255286887,20.593716097805224,29.37845342723624
MareNostrum5,ACC,Mistral-7B-Instruct-v0.3,Text Generation,sharegpt,vllm,benchmark_serving.py,150,4,4,16,4,4,4096,,59.93,60.01,152.31,202.14,318.57,28.3,30.34,4017.47,17.59,0.0026510431854934,26.51043185493492,35.0266401490932,26.376928632394456,29.363221643735788
MareNostrum5,ACC,Mistral-7B-Instruct-v0.3,Text Generation,sharegpt,vllm,benchmark_serving.py,150,4,4,16,4,4,32768,,59.91,60.02,149.07,195.1,324.58,28.38,30.49,3996.08,17.5,0.0026079019428869,26.07901942886948,34.847393100424064,26.806735090896893,29.293135489046808
MareNostrum5,ACC,ALIA-40b-instruct-2605,Text Generation,sharegpt,sglang,benchmark_serving.py,1000,1,4,4,4,1,16384,,59.63,60.67,346.89,615.19,1139.52,34.72,54.32,6300.67,30.56,0.0008139610601028,8.139610601028847,60.8249819387386,18.163308253336798,29.260220104588708
MareNostrum5,ACC,ALIA-40b-instruct-2605,Text Generation,sharegpt,sglang,benchmark_serving.py,1000,1,4,4,4,1,32768,,60.47,61.4,347.75,604.25,1117.21,34.97,58.05,6281.1,30.53,0.0008262892177519,8.262892177519975,60.76464653346282,18.062113587347238,29.249239509685268
MareNostrum5,ACC,Llama-3.3-70B-Instruct,Text Generation,sonnet,sglang,benchmark_serving.py,250,4,4,16,4,4,16384,,54.62,54.77,219.67,284.69,343.51,65.21,65.21,3701.95,24.68,0.0021100162471251,21.100162471251032,49.03310819695005,16.852323940456138,29.23805568813433
MareNostrum5,ACC,ALIA-40b-instruct-2605,Text Generation,sharegpt,sglang,benchmark_serving.py,500,2,4,8,4,2,16384,,55.51,55.66,238.3,379.43,397.11,46.82,76.59,4912.76,23.77,0.0019211557673096,19.21155767309613,47.31108904432871,20.6158623583718,29.214775838603423
MareNostrum5,ACC,Mistral-7B-Instruct-v0.3,Text Generation,sharegpt,sglang,benchmark_serving.py,1000,1,4,4,4,1,4096,,54.99,55.09,205.12,275.79,1061.12,41.37,64.91,5741.47,25.51,0.0008566044200788,8.566044200788077,50.79431511813809,27.990785881435254,29.139573650494174
MareNostrum5,ACC,Mistral-7B-Instruct-v0.3,Text Generation,sharegpt,vllm,benchmark_serving.py,500,1,4,4,1,1,4096,,15.1,59.51,140.8,631.35,5005.26,32.34,35.38,5446.38,23.74,0.0001971227956743,1.9712279567433733,47.27393958450637,38.68167613636364,29.12149332766128
MareNostrum5,ACC,ALIA-40b-instruct-2605,Text Generation,sharegpt,sglang,benchmark_serving.py,1000,1,4,4,4,1,4096,,60.5,61.69,351.47,616.02,1127.52,35.05,53.48,6353.59,30.35,0.0008223346079519,8.223346079519757,60.41142507605021,18.077190087347425,29.120523020844967
MareNostrum5,ACC,Llama-3.3-70B-Instruct,Text Generation,sonnet,sglang,benchmark_serving.py,250,4,4,16,4,4,32768,,54.87,55.02,220.94,284.68,348.0,65.49,65.49,3684.2,24.58,0.0020877698442523,20.87769844252369,48.83419129740776,16.67511541595003,29.038079444680704
MareNostrum5,ACC,Llama-3.3-70B-Instruct,Text Generation,sonnet,sglang,benchmark_serving.py,250,4,4,16,4,4,4096,,54.1,54.25,219.96,289.42,351.26,65.34,65.34,3688.0,24.6,0.0020749470888492,20.74947088849234,48.87399666002263,16.766684851791233,29.037318119068285
MareNostrum5,ACC,Mistral-7B-Instruct-v0.3,Text Generation,sharegpt,vllm,benchmark_serving.py,500,1,4,4,1,1,32768,,15.1,59.51,141.84,643.1,5007.56,32.31,35.31,5437.17,23.72,0.0001970373464586,1.9703734645864768,47.23393893669346,38.33312182741117,28.996065201206758
MareNostrum5,ACC,Mistral-7B-Instruct-v0.3,Text Generation,sharegpt,vllm,benchmark_serving.py,500,1,4,4,1,1,16384,,15.1,59.51,141.43,645.46,5022.51,32.45,35.47,5417.82,23.67,0.0001964470584999,1.9644705849996955,47.13407518896479,38.3074312380683,28.95188355932978
MareNostrum5,ACC,ALIA-40b-instruct-2605,Text Generation,sharegpt,sglang,benchmark_serving.py,500,2,4,8,4,2,32768,,55.8,55.95,243.0,390.46,434.78,46.09,73.84,4906.53,23.82,0.0018027437760271,18.02743776027113,47.40983686756518,20.19148148148148,28.709947447538426
MareNostrum5,ACC,Llama-3.3-70B-Instruct,Text Generation,sonnet,sglang,benchmark_serving.py,300,4,4,16,4,4,16384,,54.62,54.77,222.49,292.92,384.39,67.68,67.68,3718.65,24.8,0.0019240019240019,19.24001924001924,49.271404720244696,16.713784889208505,28.64229531103646
MareNostrum5,ACC,Mistral-7B-Instruct-v0.3,Text Generation,sharegpt,vllm,benchmark_serving.py,1000,1,4,4,1,1,4096,,15.1,59.51,142.24,617.2,9012.18,32.18,35.24,5423.55,23.67,0.0001101370104409,1.1013701044098858,47.13429180389264,38.12956974128234,28.601587366033208
MareNostrum5,ACC,gemma-3-12b-it,Text Generation,sharegpt,vllm,benchmark_serving.py,250,4,4,16,4,4,4096,,58.99,59.07,160.85,205.04,297.41,44.41,46.71,3741.09,18.33,0.0025738038246724,25.738038246724837,36.48125492762181,23.25825303077401,28.597200649125543
MareNostrum5,ACC,Llama-3.3-70B-Instruct,Text Generation,sonnet,sglang,benchmark_serving.py,300,4,4,16,4,4,32768,,54.87,55.02,225.19,294.75,386.42,67.45,67.45,3719.37,24.8,0.0019182076267935,19.18207626793524,49.27146790877551,16.516585994049468,28.55951253817749
MareNostrum5,ACC,gemma-3-12b-it,Text Generation,sharegpt,vllm,benchmark_serving.py,250,4,4,16,4,4,16384,,59.0,59.08,161.64,207.8,298.59,44.47,47.14,3730.07,18.26,0.0025627883136852,25.627883136852898,36.34209271862403,23.07640435535759,28.45424118457658
MareNostrum5,ACC,gemma-3-12b-it,Text Generation,sharegpt,vllm,benchmark_serving.py,250,4,4,16,4,4,32768,,59.0,59.08,161.9,206.15,298.39,44.64,46.9,3713.37,18.27,0.0025645628702587,25.645628702587647,36.36110123163006,22.93619518221124,28.421870635941616
MareNostrum5,ACC,Mistral-7B-Instruct-v0.3,Text Generation,sharegpt,vllm,benchmark_serving.py,1000,1,4,4,1,1,32768,,15.1,59.51,142.94,605.16,8969.23,32.28,35.38,5402.29,23.55,0.0001106575381574,1.106575381574856,46.89556990254045,37.79410941653841,28.414844409891497
MareNostrum5,ACC,Llama-3.3-70B-Instruct,Text Generation,sonnet,sglang,benchmark_serving.py,300,4,4,16,4,4,4096,,54.1,54.25,222.81,306.6,396.36,67.69,67.69,3704.94,24.71,0.0018806183473125,18.80618347312596,49.09257833844998,16.628248283290695,28.40661846658884
MareNostrum5,ACC,Mistral-7B-Instruct-v0.3,Text Generation,sharegpt,vllm,benchmark_serving.py,1000,1,4,4,1,1,16384,,15.1,59.51,142.77,627.91,9051.87,32.41,35.52,5388.17,23.53,0.0001096515274457,1.096515274457773,46.8553837426317,37.74021152903271,28.380513355100888
MareNostrum5,ACC,Mistral-7B-Instruct-v0.3,Text Generation,sonnet,sglang,benchmark_serving.py,150,1,4,4,4,1,4096,,54.28,55.53,182.23,393.3,679.4,34.36,34.36,3738.7,24.96,0.0013366839544458,13.366839544458108,49.58893842695674,20.51638039839763,27.970206237768288
MareNostrum5,ACC,Mistral-7B-Instruct-v0.3,Text Generation,sonnet,sglang,benchmark_serving.py,150,1,4,4,4,1,16384,,54.4,55.68,188.09,398.17,653.32,34.57,34.57,3739.25,24.96,0.0013841596766602,13.841596766602992,49.58898679935498,19.88011058535807,27.92803379974029
MareNostrum5,ACC,ALIA-40b-instruct-2605,Text Generation,sharegpt,sglang,benchmark_serving.py,1000,2,4,8,4,2,16384,,55.51,55.66,246.47,384.49,1063.26,41.18,82.27,5199.45,25.49,0.0008426658577074,8.426658577074432,50.731292799534536,21.095670872722845,26.864318147318365
MareNostrum5,ACC,ALIA-40b-instruct-2605,Text Generation,sharegpt,sglang,benchmark_serving.py,1000,2,4,8,4,2,4096,,55.29,55.45,246.89,392.43,1043.23,41.27,83.13,5235.46,25.32,0.0008564356859621,8.564356859621626,50.3962709712248,21.20563813844222,26.832417666789297
MareNostrum5,ACC,Mistral-7B-Instruct-v0.3,Text Generation,sharegpt,vllm,benchmark_serving.py,150,1,4,4,4,1,4096,,60.18,60.19,209.76,272.19,323.49,30.6,34.3,4014.48,17.51,0.0025747315842323,25.747315842323435,34.86791623987163,19.138443935926773,26.73348096744289
MareNostrum5,ACC,ALIA-40b-instruct-2605,Text Generation,sharegpt,sglang,benchmark_serving.py,1000,2,4,8,4,2,32768,,55.8,55.95,250.77,409.35,1054.52,41.14,88.88,5192.68,25.46,0.0008442095665828,8.442095665828084,50.67155453859039,20.70694261674044,26.724862706859223
MareNostrum5,ACC,ALIA-40b-instruct-2605,Text Generation,sharegpt,vllm,benchmark_serving.py,250,2,4,8,4,2,4096,,59.22,59.25,205.45,330.7,252.67,45.46,50.03,3477.59,16.86,0.0028722426470588,28.72242647058824,33.55730795976477,16.926697493307376,26.591652904178385
MareNostrum5,ACC,ALIA-40b-instruct-2605,Text Generation,sharegpt,vllm,benchmark_serving.py,250,2,4,8,4,2,16384,,59.22,59.25,209.01,327.72,248.94,46.29,50.43,3441.13,16.59,0.0028930162587513,28.930162587513745,33.02080370880233,16.463949093344816,26.33179225061781
MareNostrum5,ACC,Mistral-7B-Instruct-v0.3,Text Generation,sharegpt,vllm,benchmark_serving.py,150,1,4,4,4,1,32768,,60.18,60.19,209.06,271.88,325.77,31.34,35.39,3925.06,17.18,0.0025477707006369,25.477707006369428,34.2102615771744,18.774801492394527,26.301845795971158
MareNostrum5,ACC,ALIA-40b-instruct-2605,Text Generation,sharegpt,sglang,benchmark_serving.py,250,4,4,16,4,4,32768,,54.16,54.31,194.44,247.09,163.07,56.53,67.07,2916.41,14.19,0.0034883315310287,34.883315310287095,28.242583702995976,14.999022834807652,26.26249297165469
MareNostrum5,ACC,ALIA-40b-instruct-2605,Text Generation,sharegpt,sglang,benchmark_serving.py,250,4,4,16,4,4,16384,,53.86,54.01,193.62,245.61,164.67,56.32,66.84,2899.85,14.16,0.0034742730083729,34.74273008372998,28.18238509819801,14.977016837103603,26.187184549728677
MareNostrum5,ACC,ALIA-40b-instruct-2605,Text Generation,sharegpt,vllm,benchmark_serving.py,250,2,4,8,4,2,32768,,59.22,59.25,206.03,329.13,259.51,46.1,50.6,3430.91,16.69,0.0028073327531512,28.073327531512305,33.21840578953476,16.652477794495947,26.167982223394706
MareNostrum5,ACC,Llama-3.1-8B-Instruct,Text Generation,sonnet,sglang,benchmark_serving.py,150,4,4,16,4,4,4096,,51.64,52.85,156.82,209.3,860.87,46.5,50.47,2597.67,25.65,0.0010440157019961,10.44015701996158,50.79840469328941,16.56466011988267,26.121802220867792
MareNostrum5,ACC,Llama-3.3-70B-Instruct,Text Generation,sharegpt,sglang,benchmark_serving.py,250,2,4,8,4,2,16384,,56.52,56.67,273.85,387.53,118.64,60.49,65.98,2825.02,13.18,0.0040798009057158,40.798009057158005,26.23758973997604,10.315939382873836,26.093204193545205
MareNostrum5,ACC,Llama-3.3-70B-Instruct,Text Generation,sharegpt,sglang,benchmark_serving.py,250,2,4,8,4,2,4096,,56.18,56.33,277.78,381.86,116.92,60.77,65.94,2818.0,13.11,0.0041045848212453,41.04584821245331,26.098583241202213,10.144718842249263,26.075416723762643
MareNostrum5,ACC,Llama-3.1-8B-Instruct,Text Generation,sonnet,sglang,benchmark_serving.py,150,4,4,16,4,4,32768,,52.25,53.45,153.15,199.46,846.36,47.31,51.41,2579.49,25.28,0.0010581114826258,10.581114826258094,50.06930147383454,16.842899118511262,26.0108692599551
MareNostrum5,ACC,ALIA-40b-instruct-2605,Text Generation,sharegpt,sglang,benchmark_serving.py,250,4,4,16,4,4,4096,,53.5,53.65,197.87,248.75,166.52,56.59,66.99,2919.38,14.1,0.0034470872113064,34.47087211306446,28.0644545045475,14.754030424015768,25.98330078567312
MareNostrum5,ACC,Llama-3.1-8B-Instruct,Text Generation,sonnet,sglang,benchmark_serving.py,150,4,4,16,4,4,16384,,51.91,53.1,154.41,204.07,864.26,46.76,50.83,2589.88,25.33,0.0010396631491396,10.396631491396787,50.1693251402373,16.77274787902338,25.959704576043077
MareNostrum5,ACC,Llama-3.3-70B-Instruct,Text Generation,sharegpt,sglang,benchmark_serving.py,250,2,4,8,4,2,32768,,56.83,56.98,280.36,391.66,117.28,61.16,66.2,2790.21,13.11,0.0040876389797253,40.876389797253104,26.097379607037368,9.952239977172209,25.955798390153863
MareNostrum5,ACC,Mistral-7B-Instruct-v0.3,Text Generation,sharegpt,vllm,benchmark_serving.py,150,1,4,4,4,1,16384,,60.18,60.19,207.03,276.66,338.22,31.64,35.38,3887.42,16.89,0.0024676734774454,24.676734774454644,33.63386810985808,18.77708544655364,25.83427232356349
MareNostrum5,ACC,Llama-3.3-70B-Instruct,Text Generation,sharegpt,sglang,benchmark_serving.py,300,2,4,8,4,2,16384,,56.52,56.67,282.1,399.78,139.3,63.55,70.5,3051.06,14.23,0.0036583135174684,36.58313517468447,28.32788010269828,10.815526409074796,25.53071364521407
MareNostrum5,ACC,Llama-3.3-70B-Instruct,Text Generation,sharegpt,sglang,benchmark_serving.py,300,2,4,8,4,2,32768,,56.83,56.98,282.64,402.44,139.16,64.14,70.86,3014.4,14.24,0.0036475051065071,36.47505106507149,28.34609329600084,10.665157090291538,25.452039351657888
MareNostrum5,ACC,Llama-3.3-70B-Instruct,Text Generation,sharegpt,sglang,benchmark_serving.py,300,2,4,8,4,2,4096,,56.18,56.33,280.2,396.58,139.84,64.13,71.22,3024.11,14.24,0.0036338529743086,36.3385297430866,28.346521236855526,10.792683797287651,25.44657614831237
MareNostrum5,ACC,ALIA-40b-instruct-2605,Text Generation,sharegpt,sglang,benchmark_serving.py,300,4,4,16,4,4,32768,,54.17,54.32,195.51,248.05,233.05,58.57,72.35,3177.43,15.37,0.0027474791878451,27.47479187845152,30.592018980205463,16.25200756994527,24.94335811432586
MareNostrum5,ACC,Llama-3.3-70B-Instruct,Text Generation,sonnet,vllm,benchmark_serving.py,250,4,4,16,4,4,16384,,59.68,59.72,188.61,253.83,610.26,72.13,72.15,3269.02,21.93,0.0013253107853791,13.253107853791716,43.56772883210015,17.332166905254226,24.865377882884587
MareNostrum5,ACC,Llama-3.3-70B-Instruct,Text Generation,sonnet,vllm,benchmark_serving.py,250,4,4,16,4,4,4096,,59.69,59.72,191.52,260.14,616.68,71.69,71.7,3287.76,22.05,0.0013156682937097,13.1566829370979,43.80620519002601,17.166666666666668,24.86071529655547
MareNostrum5,ACC,Llama-3.3-70B-Instruct,Text Generation,sonnet,vllm,benchmark_serving.py,250,4,4,16,4,4,32768,,59.69,59.73,189.26,252.19,656.84,71.23,71.25,3295.49,22.1,0.0012510634038933,12.510634038933093,43.905563375824016,17.412501320934165,24.753507543716356
MareNostrum5,ACC,gemma-3-12b-it,Text Generation,sonnet,vllm,benchmark_serving.py,150,2,4,8,4,2,32768,,58.93,59.08,183.61,258.08,588.3,42.56,42.56,3146.58,20.98,0.0014849573817231,14.84957381723145,41.682082359923726,17.13730188987528,24.704699704992848
MareNostrum5,ACC,gemma-3-12b-it,Text Generation,sonnet,vllm,benchmark_serving.py,150,2,4,8,4,2,4096,,58.91,59.08,173.53,247.65,598.8,43.09,43.09,3106.26,20.71,0.0014598966393179,14.598966393179364,41.1456743109144,17.90042067654008,24.681312455884708
MareNostrum5,ACC,gemma-3-12b-it,Text Generation,sonnet,vllm,benchmark_serving.py,150,4,4,16,4,4,16384,,58.92,59.07,157.71,275.39,667.99,43.2,43.2,3052.47,20.35,0.0013255743050676,13.255743050676704,40.43046094466972,19.354955297698304,24.44689505368124
MareNostrum5,ACC,gemma-3-12b-it,Text Generation,sonnet,vllm,benchmark_serving.py,150,4,4,16,4,4,4096,,58.91,59.07,155.21,287.71,657.08,43.69,43.69,3026.14,20.18,0.0013432555140638,13.432555140638852,40.09263977520418,19.497068487855163,24.437628187500284
MareNostrum5,ACC,Llama-3.3-70B-Instruct,Text Generation,sharegpt,sglang,benchmark_serving.py,1000,2,4,8,4,2,32768,,56.83,56.98,267.02,518.93,860.21,57.03,75.62,4777.18,22.43,0.0010071913462119,10.071913462119534,44.65035592475221,17.890719796269945,24.33060192634278
MareNostrum5,ACC,gemma-3-12b-it,Text Generation,sonnet,vllm,benchmark_serving.py,150,4,4,16,4,4,32768,,58.93,59.07,159.03,283.89,668.42,43.42,43.42,3038.51,20.26,0.0013240473479331,13.240473479331625,40.251612641682776,19.106520782242345,24.301395931462448
MareNostrum5,ACC,ALIA-40b-instruct-2605,Text Generation,sharegpt,sglang,benchmark_serving.py,150,1,4,4,4,1,32768,,56.75,57.34,309.65,643.71,248.58,36.34,50.29,3255.68,15.82,0.0029832045583365,29.832045583365645,31.48699837994804,10.514064266106896,24.21297551268086
MareNostrum5,ACC,ALIA-40b-instruct-2605,Text Generation,sharegpt,sglang,benchmark_serving.py,150,1,4,4,4,1,4096,,55.76,56.41,274.76,659.1,260.15,36.4,49.77,3234.97,15.7,0.0028875028875028,28.87502887502888,31.248345110392627,11.773802591352451,24.2095639842761
MareNostrum5,ACC,ALIA-40b-instruct-2605,Text Generation,sharegpt,sglang,benchmark_serving.py,150,1,4,4,4,1,16384,,56.25,56.88,287.89,647.97,255.05,36.41,51.29,3227.32,15.78,0.0029175784099197,29.175784099197664,31.406438037679997,11.210253916426414,24.18523677979486
MareNostrum5,ACC,ALIA-40b-instruct-2605,Text Generation,sharegpt,sglang,benchmark_serving.py,300,4,4,16,4,4,16384,,53.86,54.02,193.62,249.18,257.13,59.05,74.6,3124.58,15.15,0.0025589845949127,25.589845949127387,30.15379475305202,16.137692387150086,24.116899402629024
MareNostrum5,ACC,gemma-3-12b-it,Text Generation,sonnet,vllm,benchmark_serving.py,150,2,4,8,4,2,16384,,58.93,59.08,181.86,243.64,604.72,43.72,43.72,3062.24,20.42,0.0014447526583448,14.447526583448912,40.56946974366294,16.83844715715385,24.09408184150727
MareNostrum5,ACC,ALIA-40b-instruct-2605,Text Generation,sharegpt,vllm,benchmark_serving.py,250,4,4,16,4,4,32768,,59.2,59.25,173.92,247.92,338.15,48.19,51.45,3173.96,15.38,0.0022842001873044,22.84200187304416,30.611665611066872,18.249540018399266,24.01409975048552
MareNostrum5,ACC,ALIA-40b-instruct-2605,Text Generation,sharegpt,vllm,benchmark_serving.py,250,4,4,16,4,4,4096,,59.2,59.25,174.49,246.54,338.24,48.43,51.86,3174.08,15.32,0.0022803457004081,22.803457004081817,30.49282347777012,18.19061264255831,23.94173140944832
MareNostrum5,ACC,ALIA-40b-instruct-2605,Text Generation,sonnet,sglang,benchmark_serving.py,150,1,4,4,4,1,4096,,56.19,56.89,359.81,660.15,1210.1,28.81,28.81,3920.01,26.13,0.0007888177200012,7.888177200012622,51.91395201386671,10.894666629610072,23.8190172541942
MareNostrum5,ACC,ALIA-40b-instruct-2605,Text Generation,sonnet,sglang,benchmark_serving.py,150,1,4,4,4,1,32768,,57.03,57.75,363.7,664.26,1199.79,28.91,28.91,3913.53,26.09,0.0007951590715722,7.95159071572268,51.834439717536206,10.760324443222435,23.7705541691392
MareNostrum5,ACC,ALIA-40b-instruct-2605,Text Generation,sonnet,sglang,benchmark_serving.py,150,1,4,4,4,1,16384,,56.63,57.29,375.27,681.62,1210.27,28.73,28.73,3924.0,26.16,0.0007888114977163,7.888114977163907,51.97350993377484,10.456471340634744,23.69902329872229
MareNostrum5,ACC,ALIA-40b-instruct-2605,Text Generation,sharegpt,sglang,benchmark_serving.py,300,4,4,16,4,4,4096,,53.5,53.65,196.99,250.44,269.5,59.17,73.19,3088.89,15.07,0.0024884288060518,24.88428806051859,29.993667637469557,15.680440631504135,23.67624593939729
MareNostrum5,ACC,ALIA-40b-instruct-2605,Text Generation,sonnet,sglang,benchmark_serving.py,150,2,4,8,4,2,16384,,54.66,56.03,254.16,674.71,939.64,34.88,34.88,3521.39,23.48,0.0009906875371507,9.906875371507828,46.64895310688404,13.855012590494177,23.66258571161137
MareNostrum5,ACC,ALIA-40b-instruct-2605,Text Generation,sharegpt,vllm,benchmark_serving.py,250,4,4,16,4,4,16384,,59.21,59.25,174.72,252.46,352.91,48.72,52.3,3143.23,15.24,0.0022029828387636,22.02982838763686,30.33293031119498,17.990098443223445,23.56016945943433
MareNostrum5,ACC,ALIA-40b-instruct-2605,Text Generation,sonnet,sglang,benchmark_serving.py,150,2,4,8,4,2,32768,,55.12,56.71,251.55,642.91,1010.8,34.23,34.23,3528.88,23.53,0.0009265607916535,9.265607916535403,46.748289977789725,14.028543033194197,23.533859054692687
MareNostrum5,ACC,gemma-3-12b-it,Text Generation,sharegpt,vllm,benchmark_serving.py,300,2,4,8,4,2,4096,,59.01,59.08,179.14,262.14,1377.75,42.16,45.69,4159.29,20.33,0.0006823144104803,6.823144104803493,40.462226566051456,23.218097577313834,23.506817252831112
MareNostrum5,ACC,ALIA-40b-instruct-2605,Text Generation,sonnet,sglang,benchmark_serving.py,150,2,4,8,4,2,4096,,54.34,55.69,254.35,684.05,998.42,34.44,34.44,3524.5,23.5,0.0009369436896842,9.3694368968425,46.68869785794814,13.856890112050325,23.49397065248492
MareNostrum5,ACC,ALIA-40b-instruct-2605,Text Generation,sharegpt,sglang,benchmark_serving.py,500,4,4,16,4,4,32768,,54.17,54.32,192.37,265.13,474.91,60.81,104.72,3649.09,17.76,0.001561426519268,15.61426519268003,35.34796263823173,18.969122004470552,23.39727650394057
MareNostrum5,ACC,Llama-3.3-70B-Instruct,Text Generation,sharegpt,sglang,benchmark_serving.py,1000,2,4,8,4,2,4096,,56.18,56.33,261.05,510.44,962.88,57.58,77.05,4633.42,21.59,0.0009111534291259,9.111534291259304,42.97973056985914,17.74916682627849,23.390763437189392
MareNostrum5,ACC,Llama-3.3-70B-Instruct,Text Generation,sharegpt,sglang,benchmark_serving.py,500,2,4,8,4,2,16384,,56.52,56.67,281.76,440.93,355.28,69.94,87.2,3854.91,18.03,0.0019515241403536,19.51524140353616,35.89212706625974,13.68153747870528,23.216597272916296
MareNostrum5,ACC,gemma-3-12b-it,Text Generation,sharegpt,vllm,benchmark_serving.py,300,2,4,8,4,2,16384,,59.01,59.09,179.84,246.58,1389.48,42.8,46.99,4101.38,20.1,0.0006760091126028,6.760091126028378,40.00394906684007,22.80571619217082,23.197602847069938
MareNostrum5,ACC,gemma-3-12b-it,Text Generation,sharegpt,vllm,benchmark_serving.py,300,2,4,8,4,2,32768,,59.02,59.09,179.98,247.58,1398.61,42.8,46.72,4111.71,20.05,0.0006719843024466,6.719843024466949,39.90540859101206,22.845371707967555,23.163104495812483
MareNostrum5,ACC,Llama-3.3-70B-Instruct,Text Generation,sharegpt,sglang,benchmark_serving.py,500,2,4,8,4,2,4096,,56.18,56.33,282.24,449.52,349.44,70.38,89.07,3842.81,17.91,0.0019650612116567,19.65061211656743,35.65382990737479,13.615398242630384,23.16043772578208
MareNostrum5,ACC,Llama-3.3-70B-Instruct,Text Generation,sharegpt,sglang,benchmark_serving.py,500,2,4,8,4,2,32768,,56.83,56.98,286.21,444.32,366.21,68.78,85.25,3886.15,18.13,0.0019221897585729,19.221897585729664,36.09162227094368,13.577967226861396,23.151546263864585
MareNostrum5,ACC,ALIA-40b-instruct-2605,Text Generation,sharegpt,sglang,benchmark_serving.py,500,4,4,16,4,4,4096,,53.5,53.65,195.28,270.65,496.99,61.56,102.81,3634.4,17.68,0.0015120358050078,15.120358050078629,35.18881952202581,18.611224907824663,23.0607123450194
MareNostrum5,ACC,Llama-3.3-70B-Instruct,Text Generation,sharegpt,sglang,benchmark_serving.py,1000,2,4,8,4,2,16384,,56.52,56.67,285.67,493.08,1023.55,57.4,78.34,4645.51,21.83,0.0008625969343304,8.625969343304954,43.455794221119525,16.26180557986488,22.911577397461087
MareNostrum5,ACC,ALIA-40b-instruct-2605,Text Generation,sharegpt,sglang,benchmark_serving.py,500,4,4,16,4,4,16384,,53.86,54.02,192.41,261.47,503.39,61.72,105.77,3609.04,17.44,0.0014905795373241,14.905795373241116,34.71225960159715,18.75702926043345,22.872388054783716
MareNostrum5,ACC,Mistral-7B-Instruct-v0.3,Text Generation,sharegpt,sglang,benchmark_serving.py,150,1,4,4,1,1,32768,,54.59,55.17,272.19,658.73,469.23,30.78,64.76,3984.7,17.8,0.0017706322927917,17.706322927917558,35.44167895065584,14.639406297071895,22.754930653777965
MareNostrum5,ACC,Mistral-7B-Instruct-v0.3,Text Generation,sharegpt,sglang,benchmark_serving.py,150,1,4,4,1,1,16384,,54.24,54.88,271.98,688.08,655.23,25.77,29.54,4262.57,19.06,0.0014073803023052,14.073803023052893,37.95030593488928,15.672365615118755,22.70335404253834
MareNostrum5,ACC,Llama-3.3-70B-Instruct,Text Generation,sonnet,vllm,benchmark_serving.py,300,4,4,16,4,4,16384,,59.68,59.72,188.38,250.57,2093.63,70.46,70.46,3354.46,22.49,0.0004475173972388,4.475173972388176,44.68043968669953,17.806879711222,22.411110151680862
MareNostrum5,ACC,Llama-3.3-70B-Instruct,Text Generation,sonnet,vllm,benchmark_serving.py,250,2,4,8,4,2,4096,,59.68,59.73,240.12,319.91,726.7,74.11,74.11,3160.09,21.19,0.0011429616422072,11.429616422072874,42.09771356183675,13.160461435948692,22.41063985403285
MareNostrum5,ACC,Llama-3.3-70B-Instruct,Text Generation,sonnet,vllm,benchmark_serving.py,300,4,4,16,4,4,32768,,59.69,59.73,189.09,260.58,2086.92,70.53,70.54,3353.17,22.5,0.0004488350486312,4.488350486312775,44.70005954373502,17.733195832672273,22.39868207667138
MareNostrum5,ACC,Llama-3.3-70B-Instruct,Text Generation,sonnet,vllm,benchmark_serving.py,250,2,4,8,4,2,32768,,59.68,59.72,240.93,316.67,716.86,74.6,74.61,3145.48,21.09,0.0011546410798203,11.546410798203375,41.899072624322216,13.05557630847134,22.34924878236953
MareNostrum5,ACC,Llama-3.3-70B-Instruct,Text Generation,sonnet,vllm,benchmark_serving.py,300,4,4,16,4,4,4096,,59.69,59.72,191.11,248.5,2082.08,70.58,70.59,3354.89,22.5,0.0004497919712133,4.497919712133138,44.700212294108766,17.554759039296737,22.34488777469721
MareNostrum5,ACC,gemma-3-12b-it,Text Generation,sharegpt,vllm,benchmark_serving.py,300,4,4,16,4,4,4096,,58.99,59.07,160.64,202.52,1508.38,44.68,47.18,3791.57,18.54,0.0006249062640603,6.249062640603909,36.89956867387031,23.602900896414347,22.223462933773824
MareNostrum5,ACC,ALIA-40b-instruct-2605,Text Generation,sharegpt,sglang,benchmark_serving.py,1000,4,4,16,4,4,32768,,54.17,54.32,192.83,270.0,1069.84,53.24,94.28,3926.61,19.03,0.0008214496944207,8.214496944207138,37.87643490029502,20.363065912980343,22.187097919284444
MareNostrum5,ACC,gemma-3-12b-it,Text Generation,sharegpt,vllm,benchmark_serving.py,300,4,4,16,4,4,16384,,59.0,59.08,162.07,203.33,1518.06,44.68,47.54,3784.34,18.5,0.0006210100106813,6.210100106813722,36.82000294516729,23.3500339359536,22.102245897178697
MareNostrum5,ACC,gemma-3-12b-it,Text Generation,sharegpt,vllm,benchmark_serving.py,300,4,4,16,4,4,32768,,59.0,59.08,162.12,204.21,1517.98,44.66,47.1,3788.58,18.46,0.0006212183333954,6.212183333954551,36.74097818777843,23.36898593634345,22.08215041701912
MareNostrum5,ACC,Llama-3.3-70B-Instruct,Text Generation,sonnet,vllm,benchmark_serving.py,250,2,4,8,4,2,16384,,59.68,59.72,239.15,330.19,799.97,74.36,74.37,3129.62,21.0,0.0010540739959945,10.540739959945189,41.72005510026598,13.086431110181891,21.956328275730005
MareNostrum5,ACC,ALIA-40b-instruct-2605,Text Generation,sharegpt,sglang,benchmark_serving.py,1000,4,4,16,4,4,4096,,53.5,53.65,195.05,266.17,1149.19,53.16,86.07,3899.12,18.94,0.0007761444249545,7.761444249545955,37.69688713291782,19.99036144578313,21.85274833268829
MareNostrum5,ACC,ALIA-40b-instruct-2605,Text Generation,sharegpt,sglang,benchmark_serving.py,1000,4,4,16,4,4,16384,,53.87,54.02,191.43,272.37,1258.34,53.7,84.52,3876.27,18.86,0.0007160451394855,7.160451394855932,37.53736188522591,20.24902052969754,21.67694308473104
MareNostrum5,ACC,gemma-3-12b-it,Text Generation,sharegpt,vllm,benchmark_serving.py,500,2,4,8,4,2,4096,,59.01,59.08,180.58,264.61,6006.21,42.27,45.89,4139.41,20.27,0.0001640858694171,1.640858694171834,40.34244975575044,22.922859674382543,21.609639968775987
MareNostrum5,ACC,gemma-3-12b-it,Text Generation,sharegpt,vllm,benchmark_serving.py,500,2,4,8,4,2,32768,,59.02,59.09,180.01,256.24,6055.28,42.65,46.21,4118.66,20.15,0.0001627567080177,1.6275670801772095,40.10379746835443,22.88017332370424,21.510319410086115
MareNostrum5,ACC,gemma-3-12b-it,Text Generation,sharegpt,vllm,benchmark_serving.py,500,2,4,8,4,2,16384,,59.01,59.09,180.12,252.09,6056.5,42.55,46.08,4121.41,20.1,0.000162730487394,1.6273048739408278,40.004897247622246,22.881467910282037,21.477018452621696
MareNostrum5,ACC,gemma-3-12b-it,Text Generation,sharegpt,vllm,benchmark_serving.py,150,1,4,4,1,1,16384,,15.09,59.47,123.45,619.43,363.22,49.84,53.2,2396.15,11.72,0.0021447261184746,21.447261184746708,23.325908790756976,19.409882543539894,21.43404020560402
MareNostrum5,ACC,gemma-3-12b-it,Text Generation,sharegpt,vllm,benchmark_serving.py,1000,2,4,8,4,2,4096,,59.01,59.08,180.09,264.05,10493.91,42.07,45.35,4139.34,20.32,9.450607815841676e-05,0.9450607815841676,40.44147300500522,22.98484091287689,21.426570579561
MareNostrum5,ACC,Llama-3.3-70B-Instruct,Text Generation,sonnet,vllm,benchmark_serving.py,500,4,4,16,4,4,32768,,59.69,59.73,188.68,246.22,8697.14,70.1,70.11,3374.53,22.64,0.0001131560931727,1.1315609317272712,44.978237297515285,17.88493746025016,21.40051138522252
MareNostrum5,ACC,gemma-3-12b-it,Text Generation,sharegpt,vllm,benchmark_serving.py,1000,2,4,8,4,2,32768,,59.02,59.09,180.13,253.2,10665.93,42.29,45.79,4131.23,20.23,9.298856891522324e-05,0.9298856891522324,40.26283904939467,22.93471381779825,21.34463483280139
MareNostrum5,ACC,Llama-3.3-70B-Instruct,Text Generation,sonnet,vllm,benchmark_serving.py,500,4,4,16,4,4,16384,,59.68,59.72,189.04,251.06,8746.23,70.35,70.36,3364.05,22.56,0.0001125246710341,1.1252467103412422,44.81943182120173,17.795440118493442,21.315731538642517
MareNostrum5,ACC,Llama-3.3-70B-Instruct,Text Generation,sonnet,vllm,benchmark_serving.py,500,4,4,16,4,4,4096,,59.69,59.72,191.06,259.97,8736.34,70.17,70.18,3369.41,22.59,0.0001126546043626,1.126546043626622,44.87911079009434,17.635350151784777,21.28523537203625
MareNostrum5,ACC,gemma-3-12b-it,Text Generation,sharegpt,vllm,benchmark_serving.py,1000,2,4,8,4,2,16384,,59.01,59.09,180.28,250.67,10670.53,42.39,45.42,4121.31,20.17,9.295114302020572e-05,0.9295114302020572,40.1435345335484,22.86060572442867,21.28022945949233
MareNostrum5,ACC,gemma-3-12b-it,Text Generation,sonnet,vllm,benchmark_serving.py,150,1,4,4,1,1,4096,,15.09,59.47,145.8,643.61,596.66,55.57,55.57,2453.49,16.36,0.0014128284826222,14.128284826222094,32.50326651416078,16.827777777777776,21.239616344619066
MareNostrum5,ACC,Llama-3.3-70B-Instruct,Text Generation,sonnet,vllm,benchmark_serving.py,1000,4,4,16,4,4,32768,,59.69,59.73,189.26,266.67,17085.36,69.88,69.89,3375.54,22.66,5.805471424598827e-05,0.5805471424598827,45.01779553881467,17.835464440452288,21.21078513257808
MareNostrum5,ACC,Llama-3.3-70B-Instruct,Text Generation,sonnet,vllm,benchmark_serving.py,1000,4,4,16,4,4,16384,,59.69,59.72,188.49,252.82,17178.93,70.12,70.12,3360.27,22.55,5.773948751585672e-05,0.5773948751585671,44.79936177508706,17.82731179372911,21.13283703507683
MareNostrum5,ACC,Llama-3.3-70B-Instruct,Text Generation,sharegpt,sglang,benchmark_serving.py,250,4,4,16,4,4,32768,,54.96,55.11,222.38,279.78,151.9,76.84,82.8,2206.59,10.32,0.0032098606920459,32.09860692045965,20.543918156352763,9.922609946937676,21.07369370913628
MareNostrum5,ACC,Llama-3.3-70B-Instruct,Text Generation,sonnet,vllm,benchmark_serving.py,1000,4,4,16,4,4,4096,,59.69,59.72,190.45,249.71,17171.99,70.32,70.33,3360.84,22.54,5.776126575727329e-05,0.5776126575727328,44.77967807340588,17.646836440010503,21.06846650933609
MareNostrum5,ACC,Llama-3.3-70B-Instruct,Text Generation,sharegpt,sglang,benchmark_serving.py,250,4,4,16,4,4,16384,,54.44,54.59,222.83,281.88,150.93,77.14,83.46,2203.23,10.31,0.0032099637274098,32.09963727409881,20.523958274980348,9.887492707445135,21.05602015306936
MareNostrum5,ACC,Llama-3.3-70B-Instruct,Text Generation,sharegpt,sglang,benchmark_serving.py,250,4,4,16,4,4,4096,,54.14,54.29,219.27,282.36,150.29,77.94,83.91,2180.53,10.2,0.0032036906516306,32.036906516306786,20.305017962049178,9.944497651297487,20.978493571056223
MareNostrum5,ACC,gemma-3-12b-it,Text Generation,sharegpt,vllm,benchmark_serving.py,150,1,4,4,1,1,32768,,15.09,59.47,136.04,611.24,361.48,49.76,53.7,2399.73,11.74,0.0021508151589452,21.508151589452403,23.365689973335765,17.639885327844752,20.9018694362583
MareNostrum5,ACC,Mistral-7B-Instruct-v0.3,Text Generation,sharegpt,sglang,benchmark_serving.py,150,1,4,4,4,1,16384,,54.31,55.4,171.33,295.72,358.51,41.18,69.96,2798.79,12.44,0.0021292451825827,21.292451825827744,24.769903280770336,16.335668009105234,20.888614499157026
MareNostrum5,ACC,Mistral-7B-Instruct-v0.3,Text Generation,sharegpt,sglang,benchmark_serving.py,150,1,4,4,1,1,4096,,53.98,54.59,272.43,660.77,889.67,25.69,29.14,4147.85,18.33,0.0010587612493382,10.587612493382744,36.498706488917904,15.225378996439453,20.881469732842845
MareNostrum5,ACC,gemma-3-12b-it,Text Generation,sharegpt,vllm,benchmark_serving.py,150,1,4,4,1,1,4096,,15.09,59.47,137.37,614.88,363.99,49.64,54.1,2403.16,11.75,0.0021379855899771,21.379855899771236,23.385658264697238,17.494067118002473,20.81837629368007
MareNostrum5,ACC,gemma-3-12b-it,Text Generation,sonnet,vllm,benchmark_serving.py,150,1,4,4,1,1,16384,,15.09,59.47,158.18,644.62,596.44,55.6,55.6,2452.35,16.35,0.0014131479283251,14.131479283251368,32.483430550492166,15.50354027057782,20.810202230057705
MareNostrum5,ACC,ALIA-40b-instruct-2605,Text Generation,sonnet,sglang,benchmark_serving.py,150,4,4,16,4,4,16384,,53.03,54.56,192.91,454.14,897.66,45.34,45.34,2816.9,18.78,0.0010117975595442,10.117975595442864,37.31124950629126,14.602146078482194,20.798623279703907
MareNostrum5,ACC,gemma-3-12b-it,Text Generation,sonnet,vllm,benchmark_serving.py,150,1,4,4,1,1,32768,,15.09,59.47,160.07,636.36,593.2,55.66,55.66,2450.56,16.34,0.0014194061204791,14.194061204791916,32.4635375572581,15.30930218029612,20.762560276791767
MareNostrum5,ACC,gemma-3-12b-it,Text Generation,sharegpt,vllm,benchmark_serving.py,500,4,4,16,4,4,4096,,58.99,59.07,160.84,208.87,6347.61,44.67,48.16,3789.71,18.53,0.0001552688946717,1.552688946717926,36.87967475789341,23.56198706789356,20.606839521293796
MareNostrum5,ACC,gemma-3-12b-it,Text Generation,sharegpt,vllm,benchmark_serving.py,500,4,4,16,4,4,16384,,59.0,59.08,161.95,204.3,6386.43,44.95,47.54,3769.03,18.42,0.0001543467121063,1.5434671210633872,36.66083121889398,23.272800246989814,20.436757514622247
MareNostrum5,ACC,gemma-3-12b-it,Text Generation,sharegpt,vllm,benchmark_serving.py,500,4,4,16,4,4,32768,,59.0,59.08,161.93,207.47,6410.74,44.93,48.48,3764.18,18.42,0.0001537479916668,1.5374799166685884,36.66060149103791,23.245723460754647,20.425979186061696
MareNostrum5,ACC,Llama-3.3-70B-Instruct,Text Generation,sonnet,vllm,benchmark_serving.py,300,2,4,8,4,2,16384,,59.68,59.72,237.97,335.3,2256.96,73.15,73.15,3224.28,21.62,0.0004161014621805,4.161014621805381,42.95199088080347,13.549102828087577,20.35413477587504
MareNostrum5,ACC,gemma-3-12b-it,Text Generation,sharegpt,vllm,benchmark_serving.py,1000,4,4,16,4,4,4096,,58.99,59.07,161.01,205.9,11200.62,44.69,47.7,3779.54,18.5,8.855035105786675e-05,0.8855035105786675,36.81977546313361,23.47394571765729,20.33145748071251
MareNostrum5,ACC,gemma-3-12b-it,Text Generation,sharegpt,vllm,benchmark_serving.py,1000,4,4,16,4,4,16384,,59.0,59.08,161.81,205.4,11218.53,44.65,48.02,3785.23,18.53,8.840794964283188e-05,0.8840794964283188,36.87946237407198,23.393053581360856,20.32538138200557
MareNostrum5,ACC,ALIA-40b-instruct-2605,Text Generation,sonnet,sglang,benchmark_serving.py,150,4,4,16,4,4,32768,,53.31,54.9,193.22,422.98,862.74,47.69,47.69,2721.07,18.14,0.0010437105999248,10.437105999248526,36.03974123926241,14.082755408342823,20.308609791763423
MareNostrum5,ACC,gemma-3-12b-it,Text Generation,sharegpt,vllm,benchmark_serving.py,1000,4,4,16,4,4,32768,,59.0,59.08,161.43,206.82,11152.51,44.59,46.74,3778.89,18.46,8.893758715883542e-05,0.8893758715883542,36.740521363582495,23.408845939416462,20.28499576057136
MareNostrum5,ACC,ALIA-40b-instruct-2605,Text Generation,sonnet,vllm,benchmark_serving.py,150,2,4,8,4,2,4096,,59.1,59.25,212.8,339.34,710.21,50.0,50.0,2672.35,17.82,0.0012342479110354,12.342479110354104,35.40391648111458,12.558035714285714,20.25234592967078
MareNostrum5,ACC,ALIA-40b-instruct-2605,Text Generation,sonnet,sglang,benchmark_serving.py,150,4,4,16,4,4,4096,,53.0,54.22,204.32,463.97,872.36,46.88,46.88,2750.78,18.34,0.0010350681074814,10.35068107481472,36.43706679378286,13.463097102584182,20.21602534815012
MareNostrum5,ACC,Llama-3.1-8B-Instruct,Text Generation,sharegpt,sglang,benchmark_serving.py,150,4,4,16,4,4,16384,,51.48,52.98,144.64,192.9,929.27,38.31,45.83,2974.05,15.08,0.0009867674485154,9.867674485154083,30.007844422959188,20.561739491150444,20.13743306592665
MareNostrum5,ACC,Llama-3.3-70B-Instruct,Text Generation,sonnet,vllm,benchmark_serving.py,300,2,4,8,4,2,32768,,59.68,59.72,238.7,344.53,2251.7,74.29,74.28,3185.04,21.36,0.0004166197969395,4.166197969395109,42.43541317365269,13.343276078759953,20.11439613383944
MareNostrum5,ACC,Mistral-7B-Instruct-v0.3,Text Generation,sharegpt,sglang,benchmark_serving.py,150,1,4,4,4,1,4096,,54.22,55.09,183.39,321.72,458.4,38.72,49.53,2910.26,13.01,0.001829324064758,18.29324064758072,25.90419810691452,15.869240416598508,20.105286109839906
MareNostrum5,ACC,ALIA-40b-instruct-2605,Text Generation,sonnet,vllm,benchmark_serving.py,150,2,4,8,4,2,32768,,59.15,59.25,233.58,341.09,705.25,49.5,49.5,2699.01,17.99,0.0012433944668946,12.433944668946223,35.74176658078763,11.55497045979964,20.0773323720454
MareNostrum5,ACC,gemma-3-12b-it,Text Generation,sharegpt,vllm,benchmark_serving.py,150,2,4,8,4,2,4096,,58.91,59.08,164.13,231.43,395.97,48.39,54.17,2513.1,12.34,0.0020058973381742,20.05897338174232,24.55940667764825,15.311643209650889,20.06997504728108
MareNostrum5,ACC,Llama-3.3-70B-Instruct,Text Generation,sonnet,vllm,benchmark_serving.py,300,2,4,8,4,2,4096,,59.68,59.73,236.57,340.15,2315.97,74.61,74.61,3158.78,21.2,0.0004056482461798,4.056482461798076,42.117331555544375,13.352411548378916,19.97186846137769
MareNostrum5,ACC,gemma-3-12b-it,Text Generation,sharegpt,vllm,benchmark_serving.py,150,2,4,8,4,2,32768,,58.94,59.09,169.32,236.18,392.13,48.34,53.3,2512.14,12.3,0.0020252344208842,20.25234420884217,24.480139753767173,14.836640680368532,19.956769565005107
MareNostrum5,ACC,ALIA-40b-instruct-2605,Text Generation,sonnet,vllm,benchmark_serving.py,150,2,4,8,4,2,16384,,59.15,59.25,232.42,335.43,707.27,50.15,50.15,2666.2,17.78,0.001238282749483,12.382827494830172,35.324433117981506,11.47147405558902,19.891340306144457
MareNostrum5,ACC,gemma-3-12b-it,Text Generation,sharegpt,vllm,benchmark_serving.py,150,4,4,16,4,4,4096,,58.93,59.07,155.67,236.09,439.69,46.52,50.58,2514.07,12.35,0.0018629259114365,18.629259114365023,24.57925800144077,16.149996788077345,19.85889479155872
MareNostrum5,ACC,Llama-3.1-8B-Instruct,Text Generation,sharegpt,sglang,benchmark_serving.py,150,4,4,16,4,4,4096,,51.63,52.68,153.51,194.95,997.12,37.31,42.69,3023.48,15.36,0.0009284016636957,9.284016636957812,30.564723907806925,19.695655006188524,19.851181387200334
MareNostrum5,ACC,gemma-3-12b-it,Text Generation,sharegpt,vllm,benchmark_serving.py,150,4,4,16,4,4,32768,,58.93,59.08,154.52,237.08,444.79,46.69,50.26,2501.42,12.25,0.001845903939159,18.45903939159006,24.38060286354215,16.188325135904737,19.74574241023447
MareNostrum5,ACC,gemma-3-12b-it,Text Generation,sharegpt,vllm,benchmark_serving.py,150,2,4,8,4,2,16384,,58.94,59.09,170.44,230.79,395.99,48.83,54.34,2488.28,12.2,0.0020033656542992,20.03365654299223,24.280950857435368,14.599155127904249,19.73869615707474
MareNostrum5,ACC,gemma-3-12b-it,Text Generation,sharegpt,vllm,benchmark_serving.py,150,4,4,16,4,4,16384,,58.94,59.08,156.09,243.54,441.24,46.8,51.02,2502.95,12.25,0.0018550810670426,18.550810670426294,24.38067549300255,16.035300147350885,19.72800134271809
MareNostrum5,ACC,Llama-3.3-70B-Instruct,Text Generation,sharegpt,sglang,benchmark_serving.py,500,4,4,16,4,4,16384,,54.44,54.59,219.07,300.85,416.54,85.24,104.4,3029.08,14.19,0.0016496750140222,16.496750140222375,28.247671222073624,13.826995937371615,19.63774196313956
MareNostrum5,ACC,Llama-3.3-70B-Instruct,Text Generation,sharegpt,sglang,benchmark_serving.py,500,4,4,16,4,4,4096,,54.14,54.29,220.0,297.97,428.05,85.17,105.79,3051.21,14.27,0.0016154827870309,16.15482787030904,28.407144525490292,13.869136363636365,19.58919425093541
MareNostrum5,ACC,Llama-3.3-70B-Instruct,Text Generation,sharegpt,sglang,benchmark_serving.py,1000,4,4,16,4,4,32768,,54.96,55.11,223.04,328.75,983.41,73.54,93.75,3603.26,16.91,0.0008690362388111,8.690362388111584,33.662025043022844,16.155218794835008,19.569481740932908
MareNostrum5,ACC,Llama-3.3-70B-Instruct,Text Generation,sharegpt,sglang,benchmark_serving.py,500,4,4,16,4,4,32768,,54.96,55.11,220.08,299.59,435.64,84.96,104.97,3052.51,14.32,0.0015985421295778,15.985421295778249,28.506270774708742,13.8700018175209,19.565575885572265
MareNostrum5,ACC,Llama-3.3-70B-Instruct,Text Generation,sonnet,vllm,benchmark_serving.py,500,2,4,8,4,2,16384,,59.68,59.72,239.29,350.42,9198.26,71.82,71.82,3265.89,21.89,0.0001070446054871,1.0704460548710648,43.4885132825189,13.648251076100127,19.517486519064636
MareNostrum5,ACC,ALIA-40b-instruct-2605,Text Generation,sharegpt,vllm,benchmark_serving.py,300,2,4,8,4,2,4096,,59.22,59.25,206.61,321.94,1307.9,45.39,50.24,3549.84,17.11,0.0007124892236004,7.124892236004929,34.055852983641486,17.181356178306956,19.49948735173801
MareNostrum5,ACC,Llama-3.3-70B-Instruct,Text Generation,sharegpt,sglang,benchmark_serving.py,300,4,4,16,4,4,4096,,54.14,54.29,219.5,289.68,235.35,80.37,87.57,2371.61,11.15,0.0024796052468447,24.796052468447023,22.19564832379258,10.804601366742595,19.434650706719097
MareNostrum5,ACC,Llama-3.3-70B-Instruct,Text Generation,sharegpt,sglang,benchmark_serving.py,1000,4,4,16,4,4,16384,,54.44,54.59,222.28,328.38,1025.56,73.9,93.24,3592.25,16.82,0.000838433805651,8.384338056510439,33.483221439318164,16.160923159978406,19.40646563977481
MareNostrum5,ACC,Llama-3.3-70B-Instruct,Text Generation,sharegpt,sglang,benchmark_serving.py,300,4,4,16,4,4,32768,,54.96,55.11,223.49,289.48,239.92,79.82,87.3,2391.3,11.2,0.0024567610062893,24.56761006289308,22.295575442247657,10.699807597655376,19.35742150299757
MareNostrum5,ACC,Llama-3.3-70B-Instruct,Text Generation,sharegpt,sglang,benchmark_serving.py,1000,4,4,16,4,4,4096,,54.14,54.29,218.31,317.24,1063.45,73.98,93.85,3576.59,16.75,0.0008121629523747,8.121629523747645,33.34384305409452,16.3830791076909,19.340845990927427
MareNostrum5,ACC,Llama-3.3-70B-Instruct,Text Generation,sonnet,vllm,benchmark_serving.py,500,2,4,8,4,2,4096,,59.68,59.73,236.69,342.62,9294.03,72.98,72.98,3221.01,21.61,0.0001059323156062,1.0593231560626652,42.93196618783576,13.60855971946428,19.31177748715404
MareNostrum5,ACC,gemma-3-12b-it,Text Generation,sharegpt,vllm,benchmark_serving.py,250,1,4,4,1,1,4096,,15.11,59.57,144.48,630.08,714.24,64.71,74.77,2764.71,13.55,0.0011713442346436,11.71344234643677,26.96782914486045,19.13558970099668,19.275021011359996
MareNostrum5,ACC,Llama-3.3-70B-Instruct,Text Generation,sharegpt,sglang,benchmark_serving.py,300,4,4,16,4,4,16384,,54.44,54.59,223.41,289.34,244.2,79.65,87.0,2386.92,11.19,0.0024339783375927,24.33978337592795,22.275571012172083,10.684033839129851,19.268111320475565
MareNostrum5,ACC,ALIA-40b-instruct-2605,Text Generation,sonnet,vllm,benchmark_serving.py,150,4,4,16,4,4,32768,,59.08,59.25,176.63,257.62,897.06,52.04,52.04,2513.09,16.75,0.0009988612981201,9.988612981201433,33.27819743541094,14.22799071505407,19.26367257046551
MareNostrum5,ACC,ALIA-40b-instruct-2605,Text Generation,sonnet,vllm,benchmark_serving.py,150,4,4,16,4,4,4096,,59.06,59.25,171.68,257.81,904.0,52.39,52.39,2495.81,16.64,0.0009912964174547,9.912964174547474,33.059585981810585,14.53756989748369,19.262689420356523
MareNostrum5,ACC,gemma-3-12b-it,Text Generation,sharegpt,vllm,benchmark_serving.py,250,1,4,4,1,1,32768,,15.11,59.57,144.44,630.8,720.44,64.7,72.34,2762.59,13.55,0.0011662079582031,11.662079582031064,26.967728212554125,19.126211575740797,19.25452235439602
MareNostrum5,ACC,Llama-3.1-8B-Instruct,Text Generation,sharegpt,sglang,benchmark_serving.py,150,4,4,16,4,4,32768,,52.35,53.27,157.45,191.84,964.5,38.92,50.25,2918.5,14.84,0.0009490637486119,9.490637486119942,29.52984652307609,18.53604318831375,19.19849838338705
MareNostrum5,ACC,ALIA-40b-instruct-2605,Text Generation,sharegpt,vllm,benchmark_serving.py,300,2,4,8,4,2,32768,,59.22,59.25,206.74,317.34,1334.21,46.29,51.13,3475.82,16.91,0.0006985045018615,6.9850450186151445,33.65626097637092,16.81251813872497,19.19804984268725
MareNostrum5,ACC,gemma-3-12b-it,Text Generation,sharegpt,vllm,benchmark_serving.py,250,1,4,4,1,1,16384,,15.11,59.57,144.45,627.48,717.93,64.99,73.45,2753.71,13.44,0.0011677195604703,11.677195604703574,26.749444301899068,19.063412945655937,19.1653497108548
MareNostrum5,ACC,Llama-3.3-70B-Instruct,Text Generation,sonnet,vllm,benchmark_serving.py,500,2,4,8,4,2,32768,,59.68,59.72,238.65,334.5,9405.72,73.22,73.22,3201.1,21.47,0.000104688363679,1.0468836367900038,42.65391721514195,13.41336685522732,19.150549683329608
MareNostrum5,ACC,gemma-3-12b-it,Text Generation,sharegpt,vllm,benchmark_serving.py,250,1,4,4,4,1,16384,,60.12,60.19,206.19,313.02,377.54,72.48,80.98,2596.07,12.74,0.0018832391713747,18.832391713747644,25.355569627531327,12.590668800620788,19.052920872233504
MareNostrum5,ACC,ALIA-40b-instruct-2605,Text Generation,sharegpt,vllm,benchmark_serving.py,300,2,4,8,4,2,16384,,59.22,59.25,209.63,326.06,1345.54,46.14,50.96,3491.92,16.79,0.0006931736261298,6.931736261298729,33.41931182685374,16.657539474311882,19.049768981751644
MareNostrum5,ACC,ALIA-40b-instruct-2605,Text Generation,sonnet,vllm,benchmark_serving.py,150,4,4,16,4,4,16384,,59.13,59.26,187.65,256.67,896.94,51.93,51.93,2517.44,16.78,0.0009992006394884,9.992006394884092,33.337786932468376,13.415614175326406,19.02512626740429
MareNostrum5,ACC,Llama-3.3-70B-Instruct,Text Generation,sonnet,vllm,benchmark_serving.py,1000,2,4,8,4,2,16384,,59.68,59.72,237.06,345.0,18240.93,73.35,73.35,3196.42,21.45,5.438438776503552e-05,0.5438438776503552,42.61403288510723,13.483590652155572,18.988427108027363
MareNostrum5,ACC,Llama-3.3-70B-Instruct,Text Generation,sonnet,vllm,benchmark_serving.py,1000,2,4,8,4,2,4096,,59.68,59.73,237.35,352.52,18270.62,73.5,73.5,3195.9,21.44,5.429583192616636e-05,0.5429583192616636,42.59425239483549,13.464925215925849,18.975427711889303
MareNostrum5,ACC,gemma-3-12b-it,Text Generation,sharegpt,vllm,benchmark_serving.py,250,1,4,4,4,1,4096,,60.12,60.19,201.92,304.41,396.02,72.84,82.47,2598.61,12.68,0.0018137957303248,18.137957303248506,25.23685596008104,12.869502773375595,18.86567739701224
MareNostrum5,ACC,Llama-3.3-70B-Instruct,Text Generation,sonnet,vllm,benchmark_serving.py,1000,2,4,8,4,2,32768,,59.68,59.72,239.2,335.87,18386.53,73.41,73.41,3184.41,21.35,5.395678601008453e-05,0.5395678601008453,42.41562281643043,13.3127508361204,18.864845097579163
MareNostrum5,ACC,ALIA-40b-instruct-2605,Text Generation,sharegpt,vllm,benchmark_serving.py,300,4,4,16,4,4,16384,,59.21,59.25,174.77,252.74,1475.24,48.71,52.56,3234.02,15.8,0.0006343125003964,6.343125003964453,31.446366875703887,18.50443439949648,18.769846246926107
MareNostrum5,ACC,gemma-3-12b-it,Text Generation,sharegpt,vllm,benchmark_serving.py,250,1,4,4,4,1,32768,,60.12,60.19,207.35,309.81,393.48,72.89,81.43,2590.39,12.63,0.0018254837531945,18.254837531945967,25.137437053883566,12.492838196286472,18.751081581993716
MareNostrum5,ACC,ALIA-40b-instruct-2605,Text Generation,sharegpt,vllm,benchmark_serving.py,300,4,4,16,4,4,32768,,59.2,59.25,174.9,245.84,1451.74,48.57,52.66,3193.59,15.6,0.0006439274422558,6.439274422558066,31.04833556130986,18.25951972555746,18.58883370669348
MareNostrum5,ACC,ALIA-40b-instruct-2605,Text Generation,sharegpt,vllm,benchmark_serving.py,300,4,4,16,4,4,4096,,59.2,59.25,175.83,254.57,1464.7,48.59,52.32,3209.46,15.58,0.0006387286744463,6.38728674446382,31.00946766551733,18.253199112779388,18.555920215483
MareNostrum5,ACC,ALIA-40b-instruct-2605,Text Generation,sharegpt,vllm,benchmark_serving.py,250,1,4,4,4,1,32768,,60.34,60.42,251.62,404.46,390.12,66.69,76.71,2641.11,12.73,0.0018743439796071,18.74343979607137,25.337872893618304,10.496423177807806,18.34650173139299
MareNostrum5,ACC,ALIA-40b-instruct-2605,Text Generation,sharegpt,vllm,benchmark_serving.py,250,1,4,4,4,1,4096,,60.3,60.42,255.65,414.16,391.73,66.89,76.52,2633.85,12.8,0.0018686698807788,18.686698807788616,25.476190656112447,10.302562096616468,18.312202288643636
MareNostrum5,ACC,ALIA-40b-instruct-2605,Text Generation,sharegpt,vllm,benchmark_serving.py,250,1,4,4,4,1,16384,,60.33,60.34,254.86,402.19,404.4,67.16,77.54,2594.62,12.59,0.001821161901293,18.211619012930253,25.058407876619068,10.180569724554656,17.96959145430426
MareNostrum5,ACC,ALIA-40b-instruct-2605,Text Generation,sharegpt,sglang,benchmark_serving.py,150,2,4,8,4,2,16384,,54.48,55.66,234.92,524.97,522.66,42.74,65.4,2657.57,13.0,0.001585288522511,15.85288522511097,25.873435259139438,11.31265962880981,17.807000045864278
MareNostrum5,ACC,gemma-3-12b-it,Text Generation,sonnet,vllm,benchmark_serving.py,250,1,4,4,1,1,16384,,15.11,59.56,163.57,657.42,2472.2,77.09,77.09,2540.65,16.94,0.0003807522140741,3.807522140741249,33.6555984344637,15.532493733569726,17.707858990311994
MareNostrum5,ACC,gemma-3-12b-it,Text Generation,sonnet,vllm,benchmark_serving.py,250,1,4,4,1,1,4096,,15.11,59.56,166.9,656.23,2466.6,77.05,77.05,2543.24,16.96,0.0003815774411416,3.815774411416797,33.69529755487853,15.238106650689032,17.629958596760904
MareNostrum5,ACC,ALIA-40b-instruct-2605,Text Generation,sharegpt,vllm,benchmark_serving.py,500,2,4,8,4,2,4096,,59.22,59.25,207.15,324.79,5493.05,45.65,50.17,3530.24,17.07,0.0001789270460755,1.7892704607550365,33.97571500658245,17.041950277576635,17.61351914771927
MareNostrum5,ACC,gemma-3-12b-it,Text Generation,sonnet,vllm,benchmark_serving.py,250,1,4,4,1,1,32768,,15.11,59.56,168.59,663.11,2471.69,76.96,76.96,2544.26,16.96,0.0003808638754422,3.808638754422781,33.69538704211275,15.091405184174626,17.580618429757962
MareNostrum5,ACC,ALIA-40b-instruct-2605,Text Generation,sharegpt,vllm,benchmark_serving.py,500,2,4,8,4,2,32768,,59.22,59.25,207.6,327.36,5506.66,46.04,50.92,3492.35,16.95,0.0001784560694693,1.7845606946937873,33.736262217536265,16.822495183044317,17.4602782487324
MareNostrum5,ACC,ALIA-40b-instruct-2605,Text Generation,sharegpt,vllm,benchmark_serving.py,1000,2,4,8,4,2,32768,,59.22,59.25,207.85,318.43,9095.11,45.84,49.74,3512.96,17.05,0.0001088057588712,1.0880575887120552,33.935296500576484,16.9014192927592,17.316394564041047
MareNostrum5,ACC,ALIA-40b-instruct-2605,Text Generation,sharegpt,vllm,benchmark_serving.py,1000,2,4,8,4,2,4096,,59.22,59.25,207.39,326.94,9092.89,45.47,49.02,3522.24,16.97,0.0001088449590634,1.088449590634109,33.777262609452386,16.98365398524519,17.28911142330787
MareNostrum5,ACC,ALIA-40b-instruct-2605,Text Generation,sharegpt,vllm,benchmark_serving.py,500,2,4,8,4,2,16384,,59.22,59.25,208.9,324.26,5588.14,46.4,51.54,3473.76,16.78,0.0001758680848669,1.7586808486690304,33.39866771330511,16.628817616084252,17.27472014821817
MareNostrum5,ACC,ALIA-40b-instruct-2605,Text Generation,sharegpt,sglang,benchmark_serving.py,150,2,4,8,4,2,4096,,54.09,55.44,227.76,481.17,621.32,42.02,58.48,2667.94,12.94,0.0013853869385719,13.85386938571943,25.75508310703948,11.713821566561291,17.215466748837645
MareNostrum5,ACC,ALIA-40b-instruct-2605,Text Generation,sharegpt,sglang,benchmark_serving.py,150,2,4,8,4,2,32768,,54.72,55.95,236.59,466.88,625.86,41.59,59.59,2677.7,12.98,0.001375440140845,13.754401408450704,25.83476741938841,11.317891711399469,17.08204274911313
MareNostrum5,ACC,ALIA-40b-instruct-2605,Text Generation,sharegpt,vllm,benchmark_serving.py,1000,4,4,16,4,4,32768,,59.2,59.25,175.09,257.97,9601.86,48.67,51.7,3263.92,15.79,0.0001030690882405,1.030690882405385,31.42795966716569,18.64138443086413,17.001184204730688
MareNostrum5,ACC,ALIA-40b-instruct-2605,Text Generation,sharegpt,vllm,benchmark_serving.py,500,4,4,16,4,4,4096,,59.2,59.25,175.34,245.78,5836.4,48.35,52.07,3203.15,15.62,0.0001684403434835,1.6844034348354844,31.08839898470534,18.268221740618227,16.988583779641715
MareNostrum5,ACC,gemma-3-12b-it,Text Generation,sonnet,vllm,benchmark_serving.py,300,1,4,4,1,1,4096,,15.11,59.56,167.05,661.67,5004.36,77.07,77.07,2542.59,16.95,0.0001938548027527,1.9385480275273823,33.675504582854735,15.220532774618375,16.979348375407803
MareNostrum5,ACC,Mistral-7B-Instruct-v0.3,Text Generation,sharegpt,sglang,benchmark_serving.py,150,1,4,4,4,1,32768,,54.78,55.49,191.15,311.11,846.0,38.57,49.35,2846.41,12.63,0.0010707555250985,10.707555250985097,25.14841226425653,14.8909756735548,16.95614117071969
MareNostrum5,ACC,ALIA-40b-instruct-2605,Text Generation,sharegpt,vllm,benchmark_serving.py,500,4,4,16,4,4,32768,,59.2,59.25,174.69,248.06,5877.66,48.45,51.94,3218.59,15.49,0.0001672786276461,1.672786276461388,30.83161770890021,18.42458068578625,16.947363174474546
MareNostrum5,ACC,gemma-3-12b-it,Text Generation,sonnet,vllm,benchmark_serving.py,300,1,4,4,1,1,32768,,15.11,59.56,168.69,658.85,5009.69,76.98,76.98,2543.46,16.96,0.000193661460401,1.9366146040107293,33.69531686207732,15.077716521429842,16.939725985327488
MareNostrum5,ACC,ALIA-40b-instruct-2605,Text Generation,sharegpt,vllm,benchmark_serving.py,1000,2,4,8,4,2,16384,,59.22,59.25,209.3,320.03,9169.51,46.64,50.86,3434.06,16.73,0.0001079096709726,1.0790967097262223,33.297780392315964,16.40735785953177,16.93849272974451
MareNostrum5,ACC,gemma-3-12b-it,Text Generation,sonnet,vllm,benchmark_serving.py,300,1,4,4,1,1,16384,,15.11,59.56,168.24,658.56,5010.36,77.37,77.37,2535.31,16.9,0.0001936070937639,1.9360709376391556,33.57618612888438,15.06960294816928,16.896440346032172
MareNostrum5,ACC,ALIA-40b-instruct-2605,Text Generation,sharegpt,vllm,benchmark_serving.py,500,4,4,16,4,4,16384,,59.21,59.25,175.83,249.95,5871.11,48.87,52.57,3178.77,15.45,0.0001674326711371,1.6743267113711902,30.75054097713996,18.078655519535918,16.80962478034528
MareNostrum5,ACC,ALIA-40b-instruct-2605,Text Generation,sharegpt,vllm,benchmark_serving.py,1000,4,4,16,4,4,4096,,59.2,59.25,175.74,248.12,9605.31,48.25,51.43,3237.61,15.61,0.0001030397764449,1.0303977644490103,31.0701963592994,18.42272675543416,16.809474563813392
MareNostrum5,ACC,ALIA-40b-instruct-2605,Text Generation,sharegpt,vllm,benchmark_serving.py,1000,4,4,16,4,4,16384,,59.21,59.25,174.92,248.61,9486.77,48.42,51.83,3183.07,15.53,0.0001043076993685,1.0430769936852118,30.909195960732816,18.197290189801056,16.686905665238466
MareNostrum5,ACC,Llama-3.3-70B-Instruct,Text Generation,sharegpt,vllm,benchmark_serving.py,250,4,4,16,4,4,16384,,59.68,59.73,180.61,257.19,489.99,75.57,79.02,2232.28,10.92,0.0015513978094262,15.513978094262932,21.733681883024254,12.35967000719783,16.61929879458095
MareNostrum5,ACC,Llama-3.3-70B-Instruct,Text Generation,sharegpt,vllm,benchmark_serving.py,250,4,4,16,4,4,32768,,59.68,59.72,180.1,255.01,488.43,75.77,79.21,2228.24,10.88,0.001554218927278,15.54218927278096,21.65426703347744,12.372237645752358,16.605911190768612
MareNostrum5,ACC,gemma-3-12b-it,Text Generation,sharegpt,vllm,benchmark_serving.py,300,1,4,4,1,1,16384,,15.11,59.57,145.13,620.94,2645.6,65.54,73.31,2780.09,13.63,0.0003591373520803,3.591373520803032,27.127003923084636,19.155860263212293,16.57412361514974
MareNostrum5,ACC,gemma-3-12b-it,Text Generation,sonnet,vllm,benchmark_serving.py,500,1,4,4,1,1,4096,,15.11,59.57,167.33,664.52,13510.76,76.71,76.71,2542.92,16.95,7.318404763403293e-05,0.7318404763403293,33.67553352318673,15.197035797525846,16.56155861504747
MareNostrum5,ACC,Llama-3.3-70B-Instruct,Text Generation,sharegpt,vllm,benchmark_serving.py,250,4,4,16,4,4,4096,,59.68,59.72,180.97,251.95,487.78,76.0,79.61,2224.53,10.85,0.0015542672407093,15.542672407093676,21.59467338886453,12.292258385367742,16.56022025394347
MareNostrum5,ACC,gemma-3-12b-it,Text Generation,sonnet,vllm,benchmark_serving.py,500,1,4,4,1,1,16384,,15.11,59.57,167.08,655.74,13518.88,77.07,77.07,2537.0,16.92,7.313673204602934e-05,0.7313673204602934,33.61580628993861,15.18434282978214,16.53702873306591
MareNostrum5,ACC,gemma-3-12b-it,Text Generation,sharegpt,vllm,benchmark_serving.py,300,1,4,4,1,1,32768,,15.11,59.57,144.3,626.21,2683.23,65.5,74.8,2778.89,13.55,0.0003541665928819,3.5416659288195977,26.968500307974388,19.257726957726955,16.535929146982582
MareNostrum5,ACC,gemma-3-12b-it,Text Generation,sharegpt,vllm,benchmark_serving.py,300,1,4,4,1,1,4096,,15.11,59.57,145.94,629.56,2686.46,65.49,74.14,2779.02,13.6,0.0003538457727814,3.5384577278147558,27.067536578553472,19.042209127038507,16.499544984817522
MareNostrum5,ACC,gemma-3-12b-it,Text Generation,sonnet,vllm,benchmark_serving.py,500,1,4,4,1,1,32768,,15.11,59.57,168.2,653.28,13542.91,77.13,77.14,2531.57,16.88,7.300772859814941e-05,0.7300772859814941,33.53638611705154,15.050951248513677,16.46690195655561
MareNostrum5,ACC,gemma-3-12b-it,Text Generation,sonnet,vllm,benchmark_serving.py,1000,1,4,4,1,1,4096,,15.11,59.57,166.93,665.76,24744.25,76.7,76.71,2540.14,16.94,4.016441705766727e-05,0.4016441705766727,33.65555367841444,15.216797460013176,16.448822455861198
MareNostrum5,ACC,gemma-3-12b-it,Text Generation,sharegpt,sglang,benchmark_serving.py,150,1,4,4,4,1,4096,,16.03,63.57,111.94,392.82,467.11,69.61,74.31,1807.41,8.4,0.0016365808552771,16.36580855277155,16.722282617674757,16.146239056637487,16.416747496075743
MareNostrum5,ACC,gemma-3-12b-it,Text Generation,sonnet,vllm,benchmark_serving.py,1000,1,4,4,1,1,16384,,15.11,59.57,168.19,663.95,24744.31,76.97,76.97,2537.77,16.92,4.01634653037864e-05,0.401634653037864,33.61587386336503,15.088709197930912,16.394339838914878
MareNostrum5,ACC,gemma-3-12b-it,Text Generation,sonnet,vllm,benchmark_serving.py,1000,1,4,4,1,1,32768,,15.11,59.57,168.67,661.04,24902.72,77.13,77.13,2527.33,16.85,3.990903931758735e-05,0.3990903931758734,33.476806279429915,14.983873836485444,16.31264449636131
MareNostrum5,ACC,ALIA-40b-instruct-2605,Text Generation,sharegpt,vllm,benchmark_serving.py,150,2,4,8,4,2,32768,,59.06,59.25,185.87,332.84,505.13,54.07,62.9,2130.13,10.46,0.0016074586079408,16.074586079408455,20.81777435193101,11.460321730241567,16.21070550033272
MareNostrum5,ACC,ALIA-40b-instruct-2605,Text Generation,sharegpt,vllm,benchmark_serving.py,150,2,4,8,4,2,16384,,59.06,59.25,190.36,337.13,502.43,54.58,63.22,2151.04,10.43,0.0016123051126195,16.123051126195122,20.759341744275886,11.299852910275266,16.15596650724823
MareNostrum5,ACC,Llama-3.3-70B-Instruct,Text Generation,sonnet,sglang,benchmark_serving.py,300,1,4,4,4,1,32768,,58.36,58.46,487.88,684.42,3833.09,65.85,65.86,2953.65,19.7,0.0002522195318805,2.522195318805488,39.13895437805842,6.054050176272854,16.102086953341043
MareNostrum5,ACC,Llama-3.3-70B-Instruct,Text Generation,sonnet,sglang,benchmark_serving.py,300,1,4,4,4,1,16384,,58.17,58.27,499.4,684.88,3831.76,65.86,65.86,2957.2,19.72,0.0002523035312402,2.523035312402232,39.17873775580129,5.921505806968362,16.073484701419076
MareNostrum5,ACC,ALIA-40b-instruct-2605,Text Generation,sharegpt,vllm,benchmark_serving.py,150,2,4,8,4,2,4096,,59.09,59.25,195.73,334.78,506.59,53.84,62.55,2142.04,10.46,0.0016051879675109,16.05187967510996,20.8183399767712,10.943851223624382,16.037907073199396
MareNostrum5,ACC,Llama-3.3-70B-Instruct,Text Generation,sonnet,sglang,benchmark_serving.py,300,1,4,4,4,1,4096,,57.96,58.06,504.7,718.97,3822.05,66.05,66.06,2951.5,19.69,0.000252898213527,2.5289821352701964,39.11902974902312,5.84802853180107,16.03169317083607
MareNostrum5,ACC,Llama-3.3-70B-Instruct,Text Generation,sonnet,sglang,benchmark_serving.py,500,1,4,4,4,1,32768,,58.36,58.46,508.26,682.21,7840.48,93.24,93.29,3032.4,20.22,0.0001245793888384,1.245793888384343,40.17213279084852,5.966237752331484,15.991291151685246
MareNostrum5,ACC,Llama-3.3-70B-Instruct,Text Generation,sonnet,sglang,benchmark_serving.py,500,1,4,4,4,1,4096,,57.96,58.06,524.56,722.6,7846.64,92.95,92.96,3036.64,20.25,0.0001244934672053,1.2449346720530838,40.23171262295994,5.788927863352143,15.954516996577114
MareNostrum5,ACC,Llama-3.3-70B-Instruct,Text Generation,sonnet,sglang,benchmark_serving.py,500,1,4,4,4,1,16384,,58.17,58.28,516.76,688.16,7842.4,93.37,93.44,3029.1,20.21,0.0001245452541408,1.2454525414081836,40.152107198021845,5.861715303042031,15.95091920837966
MareNostrum5,ACC,Llama-3.3-70B-Instruct,Text Generation,sonnet,sglang,benchmark_serving.py,1000,1,4,4,4,1,32768,,58.36,58.47,502.68,679.56,18378.07,94.72,94.74,3065.45,20.44,5.385745976982398e-05,0.5385745976982398,40.60922327108225,6.098213575236731,15.941679619461125
MareNostrum5,ACC,Llama-3.3-70B-Instruct,Text Generation,sonnet,sglang,benchmark_serving.py,1000,1,4,4,4,1,16384,,58.18,58.28,516.02,700.27,18387.18,94.72,94.74,3064.72,20.44,5.38310480259078e-05,0.5383104802590779,40.60915920081941,5.939149645362583,15.890667578082716
MareNostrum5,ACC,Llama-3.3-70B-Instruct,Text Generation,sonnet,sglang,benchmark_serving.py,1000,1,4,4,4,1,4096,,57.96,58.07,517.67,712.13,18402.66,94.48,94.51,3064.28,20.44,5.378758743844684e-05,0.5378758743844684,40.60912056847948,5.919369482488845,15.884177024970173
MareNostrum5,ACC,Llama-3.3-70B-Instruct,Text Generation,sonnet,sglang,benchmark_serving.py,250,1,4,4,4,1,4096,,57.96,58.06,503.83,718.62,3437.68,64.1,64.1,2882.53,19.22,0.00028043568488,2.804356848800297,38.18538923063668,5.721235337316159,15.767308974949744
MareNostrum5,ACC,Llama-3.3-70B-Instruct,Text Generation,sonnet,sglang,benchmark_serving.py,250,1,4,4,4,1,32768,,58.36,58.46,493.4,683.11,3439.98,64.23,64.23,2870.56,19.14,0.0002802345002297,2.802345002297923,38.02645146555006,5.817916497770572,15.743524078354897
MareNostrum5,ACC,ALIA-40b-instruct-2605,Text Generation,sharegpt,vllm,benchmark_serving.py,150,4,4,16,4,4,32768,,59.09,59.25,169.45,260.44,584.94,52.86,60.53,2118.12,10.15,0.0014319877421849,14.319877421849268,20.203186625757077,12.499970492770728,15.737832333872792
MareNostrum5,ACC,Llama-3.3-70B-Instruct,Text Generation,sonnet,sglang,benchmark_serving.py,250,1,4,4,4,1,16384,,58.17,58.27,500.91,684.1,3448.53,64.24,64.24,2872.73,19.16,0.0002795630987892,2.7956309878921224,38.06611371801832,5.7350222594877325,15.728200323045629
MareNostrum5,ACC,Llama-3.3-70B-Instruct,Text Generation,sharegpt,sglang,benchmark_serving.py,1000,1,4,4,4,1,32768,,59.68,60.61,414.63,690.72,5567.23,81.55,155.1,3838.99,17.95,0.0001722985313273,1.7229853132731896,35.732923250037594,9.25883317656706,15.697835528027127
MareNostrum5,ACC,gemma-3-12b-it,Text Generation,sharegpt,vllm,benchmark_serving.py,500,1,4,4,1,1,32768,,15.11,59.57,145.24,621.87,10156.83,65.6,74.17,2773.52,13.58,9.711943748421809e-05,0.9711943748421809,27.027664310573712,19.09611677223905,15.6303693201579
MareNostrum5,ACC,gemma-3-12b-it,Text Generation,sharegpt,vllm,benchmark_serving.py,500,1,4,4,1,1,16384,,15.11,59.57,145.18,622.45,10146.59,65.69,74.46,2769.84,13.57,9.721252797290491e-05,0.9721252797290492,27.00768395601079,19.078660972585755,15.618306651378989
MareNostrum5,ACC,gemma-3-12b-it,Text Generation,sharegpt,vllm,benchmark_serving.py,500,1,4,4,1,1,4096,,15.11,59.57,146.31,626.15,10164.67,65.57,72.64,2777.54,13.59,9.706023946702284e-05,0.9706023946702282,27.04766069656376,18.983938213382544,15.60106967930197
MareNostrum5,ACC,Llama-3.3-70B-Instruct,Text Generation,sharegpt,sglang,benchmark_serving.py,1000,1,4,4,4,1,16384,,59.51,60.33,442.59,693.37,5620.76,81.71,154.24,3850.24,17.95,0.0001707443257391,1.707443257391949,35.73340916552702,8.699337987753903,15.5136779798737
MareNostrum5,ACC,gemma-3-12b-it,Text Generation,sharegpt,vllm,benchmark_serving.py,1000,1,4,4,1,1,32768,,15.11,59.57,145.8,623.72,17985.58,65.3,73.91,2781.56,13.61,5.517305303951108e-05,0.5517305303951108,27.08746273035272,19.077914951989023,15.50225849329075
MareNostrum5,ACC,gemma-3-12b-it,Text Generation,sharegpt,vllm,benchmark_serving.py,1000,1,4,4,1,1,4096,,15.11,59.57,146.11,621.41,17941.44,65.34,73.76,2780.02,13.61,5.530808261257685e-05,0.5530808261257685,27.08738966863901,19.026897542947093,15.486367181963097
MareNostrum5,ACC,ALIA-40b-instruct-2605,Text Generation,sharegpt,vllm,benchmark_serving.py,150,4,4,16,4,4,4096,,59.12,59.25,175.48,266.01,603.52,53.18,61.08,2107.9,10.19,0.0013931845412243,13.931845412243304,20.28195308036958,12.01219512195122,15.476593926512772
MareNostrum5,ACC,ALIA-40b-instruct-2605,Text Generation,sharegpt,vllm,benchmark_serving.py,150,4,4,16,4,4,16384,,59.11,59.25,171.92,260.11,597.33,53.57,60.72,2080.14,10.08,0.0014052443719962,14.052443719962898,20.06277922898068,12.099464867380178,15.471004560202475
MareNostrum5,ACC,gemma-3-12b-it,Text Generation,sharegpt,vllm,benchmark_serving.py,1000,1,4,4,1,1,16384,,15.11,59.57,145.34,622.62,18042.36,65.6,73.56,2774.7,13.55,5.500090201479304e-05,0.5500090201479304,26.96830269882543,19.09109673868171,15.465376940829088
MareNostrum5,ACC,Llama-3.3-70B-Instruct,Text Generation,sharegpt,sglang,benchmark_serving.py,1000,1,4,4,4,1,4096,,59.32,60.07,447.18,703.89,5586.0,81.42,153.33,3793.68,17.78,0.000171799166774,1.7179916677404117,35.394116900085535,8.483563665637998,15.332857286064984
MareNostrum5,ACC,Llama-3.3-70B-Instruct,Text Generation,sonnet,sglang,benchmark_serving.py,150,2,4,8,4,2,4096,,55.32,56.32,292.29,631.73,1704.3,49.43,49.43,2379.0,15.86,0.0005545819561214,5.545819561214755,31.509933774834437,8.139176844914298,15.2034927246293
MareNostrum5,ACC,Llama-3.3-70B-Instruct,Text Generation,sonnet,sglang,benchmark_serving.py,150,2,4,8,4,2,32768,,55.91,56.99,313.97,656.42,1648.91,50.64,50.65,2358.8,15.73,0.0005713632727688,5.713632727688264,31.25159421022266,7.512819696149314,14.972279461657497
MareNostrum5,ACC,Llama-3.3-70B-Instruct,Text Generation,sonnet,sglang,benchmark_serving.py,150,2,4,8,4,2,16384,,55.69,56.83,295.84,643.86,1543.03,52.8,52.8,2309.76,15.41,0.0006065642381856,6.065642381856451,30.61574130063608,7.807463493780423,14.970058770057197
MareNostrum5,ACC,Mistral-7B-Instruct-v0.3,Text Generation,sonnet,sglang,benchmark_serving.py,150,2,4,8,4,2,32768,,53.81,55.02,123.35,278.88,5798.12,34.16,34.17,2022.34,13.52,0.0001704608408833,1.704608408833281,26.860429302604302,16.39513579246048,14.958556275476134
MareNostrum5,ACC,Llama-3.3-70B-Instruct,Text Generation,sharegpt,sglang,benchmark_serving.py,250,1,4,4,4,1,32768,,58.49,58.59,387.23,681.79,564.68,71.4,83.7,2547.28,11.98,0.001389313401317,13.893134013170693,23.84784226690528,6.578209332954575,14.936958921771296
MareNostrum5,ACC,Mistral-7B-Instruct-v0.3,Text Generation,sonnet,sglang,benchmark_serving.py,150,2,4,8,4,2,4096,,53.34,54.55,128.27,284.23,5780.07,33.64,33.64,2041.17,13.64,0.0001710176404696,1.7101764046961443,27.09891308685475,15.91307398456381,14.887274102187725
MareNostrum5,ACC,Llama-3.3-70B-Instruct,Text Generation,sharegpt,sglang,benchmark_serving.py,500,1,4,4,4,1,16384,,58.4,58.5,419.79,688.15,1903.53,86.81,139.53,3364.79,15.81,0.0004695122237507,4.695122237507453,31.472123232562264,8.01541246813883,14.861795449628133
MareNostrum5,ACC,Llama-3.3-70B-Instruct,Text Generation,sharegpt,sglang,benchmark_serving.py,500,1,4,4,4,1,32768,,58.56,58.69,424.25,698.39,1915.04,86.74,139.39,3362.41,15.78,0.0004670343784005,4.670343784005941,31.41257880699428,7.925539186800235,14.80436622071615
MareNostrum5,ACC,Llama-3.3-70B-Instruct,Text Generation,sharegpt,sglang,benchmark_serving.py,250,1,4,4,4,1,16384,,58.4,58.5,419.42,693.68,560.01,71.59,83.49,2544.92,11.94,0.0013984253730299,13.984253730299685,23.768485407883105,6.067712555433694,14.777599324720931
MareNostrum5,ACC,Llama-3.3-70B-Instruct,Text Generation,sharegpt,sglang,benchmark_serving.py,250,1,4,4,4,1,4096,,58.24,58.34,424.56,704.78,555.13,71.48,83.39,2556.29,11.91,0.0014084507042253,14.084507042253522,23.709535005061912,6.021033540606746,14.776705029081407
MareNostrum5,ACC,Llama-3.3-70B-Instruct,Text Generation,sharegpt,sglang,benchmark_serving.py,500,1,4,4,4,1,4096,,58.24,58.34,446.8,711.57,1914.08,87.23,139.8,3380.14,15.81,0.0004670474660339,4.67047466033973,31.47279164887587,7.5652193375111905,14.709580733136889
MareNostrum5,ACC,Mistral-7B-Instruct-v0.3,Text Generation,sonnet,sglang,benchmark_serving.py,150,2,4,8,4,2,16384,,53.55,54.75,129.03,290.15,5894.73,34.33,34.34,2000.84,13.37,0.0001676895730623,1.67689573062347,26.562504207604963,15.50678136867395,14.563566016973333
MareNostrum5,ACC,Llama-3.3-70B-Instruct,Text Generation,sharegpt,sglang,benchmark_serving.py,300,1,4,4,4,1,32768,,58.49,58.59,385.9,684.72,819.66,74.76,92.55,2767.79,12.9,0.0010132020223512,10.132020223512368,25.68031028269961,7.172298522933403,14.471327899450763
MareNostrum5,ACC,Llama-3.3-70B-Instruct,Text Generation,sharegpt,sglang,benchmark_serving.py,300,1,4,4,4,1,16384,,58.4,58.5,403.29,690.35,829.79,74.69,91.81,2764.64,12.98,0.0010037238153549,10.03723815354967,25.838687221434174,6.855215849636737,14.391483699378265
MareNostrum5,ACC,Llama-3.3-70B-Instruct,Text Generation,sharegpt,sglang,benchmark_serving.py,150,1,4,4,4,1,4096,,57.78,58.34,374.77,717.33,409.71,59.87,68.61,2004.02,9.36,0.0018580798602723,18.580798602723945,18.63297261321757,5.347333030925634,14.36382878331632
MareNostrum5,ACC,Llama-3.3-70B-Instruct,Text Generation,sharegpt,sglang,benchmark_serving.py,150,1,4,4,4,1,16384,,58.02,58.5,387.69,691.52,407.3,60.11,68.93,1996.69,9.36,0.0018644889435805,18.644889435805645,18.63265461977518,5.150223116407439,14.322436376147865
MareNostrum5,ACC,gemma-3-12b-it,Text Generation,sharegpt,vllm,benchmark_serving.py,300,1,4,4,4,1,4096,,60.13,60.19,202.31,304.63,2509.32,72.34,83.24,2660.4,13.04,0.0003752486021989,3.752486021989568,25.952791908552275,13.150116158370816,14.307831667062889
MareNostrum5,ACC,gemma-3-12b-it,Text Generation,sharegpt,vllm,benchmark_serving.py,300,1,4,4,4,1,32768,,60.12,60.19,207.14,312.22,2478.75,71.69,80.52,2675.53,13.09,0.0003800893970261,3.800893970261805,26.052538253825382,12.916529883170805,14.283456518804304
MareNostrum5,ACC,Llama-3.3-70B-Instruct,Text Generation,sharegpt,sglang,benchmark_serving.py,300,1,4,4,4,1,4096,,58.24,58.34,428.55,698.07,812.24,74.99,92.2,2755.78,12.91,0.0010210020113739,10.210020113739624,25.69960508399279,6.430474857076187,14.2670245214934
MareNostrum5,ACC,Llama-3.3-70B-Instruct,Text Generation,sharegpt,vllm,benchmark_serving.py,250,2,4,8,4,2,32768,,59.69,59.73,211.52,325.16,467.32,97.29,103.75,1864.3,9.09,0.0014961996528816,14.961996528816805,18.091787614965384,8.813823751891073,14.058710209491087
MareNostrum5,ACC,Llama-3.3-70B-Instruct,Text Generation,sharegpt,vllm,benchmark_serving.py,250,2,4,8,4,2,16384,,59.69,59.73,211.24,327.0,470.38,97.31,104.74,1862.7,9.11,0.0014871436432044,14.871436432044971,18.13132422628365,8.817932209808749,14.042676930970533
MareNostrum5,ACC,Llama-3.3-70B-Instruct,Text Generation,sharegpt,sglang,benchmark_serving.py,150,1,4,4,4,1,32768,,58.11,58.59,378.84,687.01,437.69,60.01,68.49,1995.25,9.37,0.0017661915611367,17.66191561136721,18.652405443425685,5.266735297223103,14.032224453740977
MareNostrum5,ACC,gemma-3-12b-it,Text Generation,sharegpt,vllm,benchmark_serving.py,300,1,4,4,4,1,16384,,60.13,60.19,206.79,314.41,2544.24,73.42,83.88,2621.52,12.85,0.0003701592425061,3.7015924250612615,25.5746398569677,12.677208762512697,14.01062577989391
MareNostrum5,ACC,Llama-3.3-70B-Instruct,Text Generation,sharegpt,vllm,benchmark_serving.py,250,2,4,8,4,2,4096,,59.69,59.73,210.99,322.5,467.3,97.85,104.57,1850.39,9.05,0.0014931613211491,14.931613211491369,18.011906272856343,8.770036494620598,14.007208302956814
MareNostrum5,ACC,ALIA-40b-instruct-2605,Text Generation,sharegpt,vllm,benchmark_serving.py,300,1,4,4,4,1,16384,,60.43,60.52,257.66,405.84,2038.98,66.29,76.73,2710.62,13.2,0.0004582951420714,4.582951420714941,26.27206203053065,10.520142823876425,13.857150277063958
MareNostrum5,ACC,gemma-3-12b-it,Text Generation,sharegpt,sglang,benchmark_serving.py,150,1,4,4,1,1,16384,,63.41,63.69,244.93,401.11,453.89,69.59,74.36,1810.87,8.41,0.0016726883447076,16.72688344707614,16.742246053383756,7.39341852774262,13.745397959034005
MareNostrum5,ACC,ALIA-40b-instruct-2605,Text Generation,sharegpt,vllm,benchmark_serving.py,300,1,4,4,4,1,32768,,60.44,60.52,254.84,408.26,2062.88,67.11,78.51,2649.72,12.9,0.000452796015395,4.527960153950644,25.67500281677445,10.397582797049129,13.596233905102256
MareNostrum5,ACC,gemma-3-12b-it,Text Generation,sharegpt,sglang,benchmark_serving.py,150,1,4,4,1,1,4096,,63.3,63.57,253.0,393.96,464.66,69.6,74.16,1809.28,8.4,0.001643601459518,16.43601459518096,16.722362572069894,7.151304347826087,13.56226562816964
MareNostrum5,ACC,ALIA-40b-instruct-2605,Text Generation,sharegpt,vllm,benchmark_serving.py,300,1,4,4,4,1,4096,,60.31,60.43,258.24,412.23,2068.86,67.91,78.63,2626.83,12.76,0.0004513857542655,4.513857542655954,25.396634174246756,10.172049256505575,13.424622945828704
MareNostrum5,ACC,gemma-3-12b-it,Text Generation,sharegpt,vllm,benchmark_serving.py,500,1,4,4,4,1,4096,,60.14,60.19,198.2,308.94,11043.42,72.62,84.1,2642.52,12.9,8.928459822823642e-05,0.8928459822823642,25.674663894977066,13.332593340060546,13.29938322708758
MareNostrum5,ACC,gemma-3-12b-it,Text Generation,sharegpt,sglang,benchmark_serving.py,150,1,4,4,4,1,16384,,16.07,63.69,109.94,395.08,995.26,72.68,94.86,1701.06,7.89,0.000859993120055,8.599931200550396,15.707145791275344,15.472621429870838,13.21564503477942
MareNostrum5,ACC,gemma-3-12b-it,Text Generation,sharegpt,vllm,benchmark_serving.py,1000,1,4,4,4,1,4096,,60.15,60.2,203.52,307.7,19446.59,72.55,83.37,2656.52,13.01,5.101387526393304e-05,0.5101387526393304,25.893191086071333,13.052869496855346,13.154050384155337
MareNostrum5,ACC,gemma-3-12b-it,Text Generation,sharegpt,vllm,benchmark_serving.py,500,1,4,4,4,1,32768,,60.14,60.19,207.56,311.01,11045.55,72.89,86.24,2642.0,12.91,8.924842119542906e-05,0.8924842119542906,25.694445386095957,12.728849489304295,13.112787899914458
MareNostrum5,ACC,gemma-3-12b-it,Text Generation,sharegpt,vllm,benchmark_serving.py,500,1,4,4,4,1,16384,,60.15,60.2,206.95,314.48,11107.27,73.25,84.14,2629.37,12.87,8.877320753578004e-05,0.8877320753578004,25.6146238797384,12.705339453974393,13.076509650004514
MareNostrum5,ACC,gemma-3-12b-it,Text Generation,sharegpt,sglang,benchmark_serving.py,250,1,4,4,4,1,16384,,16.13,63.7,115.51,396.39,5081.39,70.13,77.15,2094.06,9.73,0.0001912532250075,1.912532250075067,19.369997765936716,18.128820015583067,13.037282610430587
MareNostrum5,ACC,gemma-3-12b-it,Text Generation,sharegpt,vllm,benchmark_serving.py,1000,1,4,4,4,1,32768,,60.15,60.19,207.67,315.57,19582.97,72.86,84.5,2638.32,12.89,5.065771443537164e-05,0.5065771443537164,25.65465941966121,12.704386767467618,12.960224197354716
MareNostrum5,ACC,gemma-3-12b-it,Text Generation,sharegpt,sglang,benchmark_serving.py,250,1,4,4,4,1,4096,,16.1,63.55,116.82,392.9,5137.97,70.6,77.42,2078.14,9.65,0.0001891793211867,1.8917932118675969,19.21079323111999,17.78924841636706,12.86743888385324
MareNostrum5,ACC,gemma-3-12b-it,Text Generation,sharegpt,vllm,benchmark_serving.py,1000,1,4,4,4,1,16384,,60.15,60.2,206.61,316.04,19632.05,73.95,84.04,2608.23,12.79,5.053046886211448e-05,0.5053046886211447,25.45517523712142,12.623929141861478,12.866220500148144
MareNostrum5,ACC,ALIA-40b-instruct-2605,Text Generation,sharegpt,sglang,benchmark_serving.py,150,4,4,16,4,4,32768,,53.15,54.31,187.3,289.63,995.52,55.93,86.18,1959.58,9.53,0.0008790204196443,8.790204196443483,18.967754366185737,10.46225306994127,12.785626893675142
MareNostrum5,ACC,Llama-3.3-70B-Instruct,Text Generation,sharegpt,vllm,benchmark_serving.py,300,4,4,16,4,4,16384,,59.68,59.73,181.15,255.82,2511.9,76.2,80.12,2262.94,11.06,0.0003747816896657,3.747816896657697,22.01241547933157,12.49207838807618,12.75594409202073
MareNostrum5,ACC,Llama-3.3-70B-Instruct,Text Generation,sharegpt,vllm,benchmark_serving.py,300,4,4,16,4,4,32768,,59.68,59.72,180.86,255.46,2518.71,76.2,79.83,2260.64,11.01,0.000373868114284,3.738681142840052,21.913275724693506,12.499391794758376,12.72147070928409
MareNostrum5,ACC,Llama-3.3-70B-Instruct,Text Generation,sharegpt,vllm,benchmark_serving.py,300,4,4,16,4,4,4096,,59.68,59.72,182.18,257.87,2519.68,76.47,80.06,2253.84,10.99,0.0003736627544176,3.73662754417628,21.873342899908604,12.371500713579977,12.666270179334454
MareNostrum5,ACC,gemma-3-12b-it,Text Generation,sonnet,vllm,benchmark_serving.py,150,1,4,4,4,1,4096,,60.12,60.19,194.69,340.93,1517.06,75.93,75.93,1719.9,11.47,0.0005991898952616,5.991898952616062,22.788026822689545,8.83404386460527,12.612068800277594
MareNostrum5,ACC,ALIA-40b-instruct-2605,Text Generation,sharegpt,sglang,benchmark_serving.py,150,4,4,16,4,4,16384,,52.86,54.01,188.55,286.67,1080.06,55.12,77.04,1968.92,9.47,0.0008249327679794,8.249327679794098,18.84933951344275,10.442429063908778,12.555124146151336
MareNostrum5,ACC,gemma-3-12b-it,Text Generation,sharegpt,sglang,benchmark_serving.py,500,1,4,4,4,1,16384,,16.15,63.71,115.23,394.88,19614.42,70.29,77.23,2088.5,9.7,5.060231940791239e-05,0.5060231940791239,19.310313602135164,18.12462032456825,12.5374330145747
MareNostrum5,ACC,gemma-3-12b-it,Text Generation,sharegpt,sglang,benchmark_serving.py,1000,1,4,4,4,1,16384,,16.15,63.71,115.31,396.86,32243.31,70.11,77.05,2098.33,9.74,3.0873278467401055e-05,0.3087327846740105,19.38999577812881,18.19729425028185,12.520701871443151
MareNostrum5,ACC,ALIA-40b-instruct-2605,Text Generation,sharegpt,sglang,benchmark_serving.py,150,4,4,16,4,4,4096,,52.39,53.64,187.67,302.96,1100.16,55.44,69.63,1960.78,9.44,0.0008161732899129,8.161732899129143,18.78953944229578,10.448020461448287,12.506799143747926
MareNostrum5,ACC,Llama-3.3-70B-Instruct,Text Generation,sharegpt,sglang,benchmark_serving.py,150,2,4,8,4,2,16384,,55.74,56.67,286.03,553.01,627.59,61.41,73.78,1876.06,8.77,0.0013109939956474,13.109939956475,17.45838744077715,6.558962346606999,12.492099265979972
MareNostrum5,ACC,ALIA-40b-instruct-2605,Text Generation,sharegpt,vllm,benchmark_serving.py,500,1,4,4,4,1,4096,,60.32,60.44,258.21,409.76,8687.44,67.12,78.77,2649.52,12.83,0.0001132075898896,1.1320758988965656,25.53634315548294,10.261105301886062,12.350816175092572
MareNostrum5,ACC,gemma-3-12b-it,Text Generation,sharegpt,sglang,benchmark_serving.py,500,1,4,4,4,1,4096,,16.11,63.53,117.01,400.57,19779.79,70.72,77.86,2072.2,9.62,5.017971866238934e-05,0.5017971866238934,19.151092793805415,17.70959747030168,12.349053783842503
MareNostrum5,ACC,ALIA-40b-instruct-2605,Text Generation,sharegpt,vllm,benchmark_serving.py,500,1,4,4,4,1,32768,,60.47,60.53,253.37,409.92,8788.47,68.45,81.26,2633.18,12.73,0.00011187959965,1.118795996500406,25.3375068690923,10.392627382878793,12.320783736822737
MareNostrum5,ACC,gemma-3-12b-it,Text Generation,sharegpt,sglang,benchmark_serving.py,1000,1,4,4,4,1,4096,,16.12,63.59,117.28,396.78,32363.74,70.41,77.61,2076.87,9.66,3.075810106865946e-05,0.3075810106865946,19.23055426952884,17.708645975443382,12.30973270741513
MareNostrum5,ACC,ALIA-40b-instruct-2605,Text Generation,sharegpt,vllm,benchmark_serving.py,1000,1,4,4,4,1,32768,,60.47,60.53,254.67,405.37,14115.99,67.05,77.28,2651.19,12.91,7.01246535842113e-05,0.7012465358421129,25.69487849555197,10.410295676758158,12.3059771272366
MareNostrum5,ACC,ALIA-40b-instruct-2605,Text Generation,sharegpt,vllm,benchmark_serving.py,1000,1,4,4,4,1,4096,,60.42,60.53,257.68,415.74,13845.76,66.52,78.72,2650.64,12.95,7.147451933385748e-05,0.7147451933385748,25.774077842310565,10.286556969885128,12.297898062483949
MareNostrum5,ACC,ALIA-40b-instruct-2605,Text Generation,sonnet,vllm,benchmark_serving.py,150,1,4,4,4,1,32768,,60.27,60.27,263.69,366.35,1408.55,74.13,74.13,1768.84,11.79,0.0006423391422203,6.423391422203095,23.42387087716145,6.708028366642648,12.294638259109597
MareNostrum5,ACC,Llama-3.3-70B-Instruct,Text Generation,sonnet,sglang,benchmark_serving.py,150,1,4,4,4,1,32768,,57.99,58.46,391.92,685.27,3513.87,46.4,46.4,2129.22,14.2,0.000277264069072,2.772640690720249,28.21185208685185,5.4327924066135935,12.273221114490866
MareNostrum5,ACC,Llama-3.3-70B-Instruct,Text Generation,sharegpt,sglang,benchmark_serving.py,150,2,4,8,4,2,4096,,55.44,56.33,288.72,582.31,658.09,61.71,72.72,1864.76,8.73,0.001261797809519,12.617978095190024,17.37864071865876,6.458714325297866,12.265638980803905
MareNostrum5,ACC,Llama-3.3-70B-Instruct,Text Generation,sonnet,sglang,benchmark_serving.py,150,1,4,4,4,1,4096,,57.59,58.06,404.61,715.11,3470.07,46.43,46.44,2135.05,14.24,0.0002806670895384,2.806670895384149,28.29130736196604,5.276809767430366,12.261891733076784
MareNostrum5,ACC,ALIA-40b-instruct-2605,Text Generation,sharegpt,vllm,benchmark_serving.py,500,1,4,4,4,1,16384,,60.51,60.53,256.26,405.18,8726.61,68.57,81.54,2598.96,12.71,0.0001126542236321,1.126542236321524,25.29629057269869,10.14188714586748,12.229167041744468
MareNostrum5,ACC,ALIA-40b-instruct-2605,Text Generation,sonnet,vllm,benchmark_serving.py,150,1,4,4,4,1,16384,,60.27,60.27,239.33,364.84,1460.04,75.76,75.76,1728.59,11.52,0.000620516766363,6.205167663630272,22.88746895311216,7.222621484978899,12.202735324885676
MareNostrum5,ACC,ALIA-40b-instruct-2605,Text Generation,sonnet,vllm,benchmark_serving.py,150,1,4,4,4,1,4096,,60.27,60.27,231.45,368.59,1502.44,76.12,76.12,1716.21,11.44,0.0006043464597384,6.043464597384389,22.728495239197752,7.4150356448477,12.155277750789192
MareNostrum5,ACC,ALIA-40b-instruct-2605,Text Generation,sharegpt,vllm,benchmark_serving.py,1000,1,4,4,4,1,16384,,60.53,60.53,256.12,412.4,14276.29,68.4,80.84,2607.88,12.77,6.932154312527858e-05,0.6932154312527858,25.415547745788256,10.18225831641418,12.135302141446497
MareNostrum5,ACC,Llama-3.3-70B-Instruct,Text Generation,sonnet,vllm,benchmark_serving.py,150,4,4,16,4,4,4096,,59.55,59.72,173.13,276.17,1446.8,84.25,84.26,1550.17,10.4,0.0006190762144727,6.190762144727637,20.661383981493945,8.953791948246982,11.994943106354372
MareNostrum5,ACC,Llama-3.3-70B-Instruct,Text Generation,sonnet,sglang,benchmark_serving.py,150,4,4,16,4,4,32768,,53.72,55.01,227.43,634.44,2491.04,63.9,63.9,1808.69,12.06,0.0003818484519863,3.818484519863756,23.96023770424276,7.952732708965396,11.989640023065142
MareNostrum5,ACC,Llama-3.3-70B-Instruct,Text Generation,sonnet,vllm,benchmark_serving.py,150,4,4,16,4,4,32768,,59.6,59.73,181.6,274.83,1449.5,83.86,83.87,1556.8,10.44,0.0006183412377954,6.183412377954898,20.74091013501442,8.572687224669604,11.897529566303843
MareNostrum5,ACC,Llama-3.3-70B-Instruct,Text Generation,sonnet,sglang,benchmark_serving.py,150,1,4,4,4,1,16384,,57.82,58.27,389.97,679.85,2538.88,57.36,57.36,1992.76,13.29,0.0003768465480856,3.768465480856195,26.40390857655592,5.110034105187578,11.893818093180144
MareNostrum5,ACC,Llama-3.3-70B-Instruct,Text Generation,sonnet,sglang,benchmark_serving.py,150,4,4,16,4,4,4096,,52.99,54.24,225.35,635.7,2634.87,64.27,64.28,1794.64,11.97,0.0003618704359091,3.618704359091271,23.781381482445024,7.963789660528068,11.864441877491323
MareNostrum5,ACC,Llama-3.3-70B-Instruct,Text Generation,sharegpt,vllm,benchmark_serving.py,500,4,4,16,4,4,16384,,59.68,59.73,178.04,252.33,10543.08,76.18,80.3,2262.44,11.05,9.34617872136798e-05,0.934617872136798,21.992585848189343,12.707481464839365,11.861643333659488
MareNostrum5,ACC,gemma-3-12b-it,Text Generation,sonnet,vllm,benchmark_serving.py,150,1,4,4,4,1,16384,,60.12,60.19,215.82,339.23,1568.04,79.73,79.72,1639.56,10.93,0.0005788745520958,5.788745520958153,21.71523705081521,7.596886294134,11.782357688525824
MareNostrum5,ACC,Llama-3.3-70B-Instruct,Text Generation,sonnet,sglang,benchmark_serving.py,150,4,4,16,4,4,16384,,53.32,54.76,211.09,625.62,2304.48,70.23,70.24,1725.76,11.51,0.0004090063191476,4.090063191476308,22.86748473179184,8.175470178596807,11.781716751062149
MareNostrum5,ACC,Llama-3.3-70B-Instruct,Text Generation,sonnet,vllm,benchmark_serving.py,150,4,4,16,4,4,16384,,59.61,59.72,185.31,270.25,1454.97,84.49,84.49,1546.43,10.37,0.000615782505619,6.157825056190154,20.60184879239465,8.345097404349469,11.768720277910669
MareNostrum5,ACC,Llama-3.3-70B-Instruct,Text Generation,sharegpt,vllm,benchmark_serving.py,500,4,4,16,4,4,4096,,59.68,59.72,181.31,254.08,10617.84,76.54,80.77,2252.28,11.01,9.280613262924411e-05,0.9280613262924412,21.912881513195394,12.422260217307375,11.741043834964223
MareNostrum5,ACC,Llama-3.3-70B-Instruct,Text Generation,sharegpt,vllm,benchmark_serving.py,1000,4,4,16,4,4,32768,,59.68,59.72,177.04,256.1,18784.85,76.24,79.95,2254.39,11.05,5.279541144520047e-05,0.5279541144520047,21.99220416342962,12.733788974243108,11.731666286237546
MareNostrum5,ACC,Llama-3.3-70B-Instruct,Text Generation,sharegpt,vllm,benchmark_serving.py,500,4,4,16,4,4,32768,,59.68,59.72,181.27,260.99,10626.3,76.64,80.64,2248.75,10.99,9.273358198297784e-05,0.9273358198297784,21.873102657827893,12.405527665912729,11.721917935495682
MareNostrum5,ACC,Llama-3.3-70B-Instruct,Text Generation,sharegpt,vllm,benchmark_serving.py,1000,4,4,16,4,4,4096,,59.68,59.72,179.0,247.78,18888.88,75.97,79.68,2266.18,11.04,5.250851556851232e-05,0.5250851556851232,21.972955796980525,12.66022346368715,11.70060543228621
MareNostrum5,ACC,Llama-3.3-70B-Instruct,Text Generation,sharegpt,vllm,benchmark_serving.py,1000,4,4,16,4,4,16384,,59.68,59.73,181.18,246.9,18805.1,76.11,79.73,2264.6,11.09,5.274000128685604e-05,0.5274000128685604,22.071911376329812,12.499172094050117,11.683500942423484
MareNostrum5,ACC,gemma-3-12b-it,Text Generation,sonnet,vllm,benchmark_serving.py,150,1,4,4,4,1,32768,,60.12,60.19,215.5,331.0,1574.92,80.8,80.8,1619.61,10.8,0.000575864372423,5.75864372423007,21.456919425175265,7.515591647331786,11.658280797943986
MareNostrum5,ACC,Mistral-7B-Instruct-v0.3,Text Generation,sharegpt,sglang,benchmark_serving.py,150,2,4,8,4,2,4096,,53.35,54.5,128.09,214.91,5978.29,39.66,47.68,1902.0,8.5,0.0001648633365371,1.648633365371775,16.924365349384978,14.84893434304005,11.066478552790112
MareNostrum5,ACC,Mistral-7B-Instruct-v0.3,Text Generation,sharegpt,sglang,benchmark_serving.py,150,2,4,8,4,2,16384,,53.57,54.7,130.56,208.75,5917.04,40.38,51.02,1884.88,8.3,0.0001664325515441,1.664325515441612,16.527222979325792,14.43688725490196,10.804930409789543
MareNostrum5,ACC,Mistral-7B-Instruct-v0.3,Text Generation,sharegpt,sglang,benchmark_serving.py,150,2,4,8,4,2,32768,,53.83,54.97,133.17,218.09,6064.85,39.83,47.5,1851.68,8.21,0.0001625440087903,1.6254400879038,16.34751818655942,13.90463317564016,10.560288429522346
MareNostrum5,ACC,Llama-3.3-70B-Instruct,Text Generation,sharegpt,vllm,benchmark_serving.py,150,4,4,16,4,4,16384,,59.6,59.73,175.03,269.77,876.87,85.52,92.91,1385.37,6.76,0.0009475978394769,9.47597839476926,13.4543486599671,7.915043135462492,10.329125001958362
MareNostrum5,ACC,Llama-3.3-70B-Instruct,Text Generation,sharegpt,vllm,benchmark_serving.py,150,4,4,16,4,4,32768,,59.6,59.72,173.7,273.02,875.96,86.19,93.5,1373.32,6.72,0.0009472836640932,9.472836640932126,13.374554940436507,7.906275187104203,10.29812119753868
MareNostrum5,ACC,Llama-3.3-70B-Instruct,Text Generation,sharegpt,vllm,benchmark_serving.py,150,4,4,16,4,4,4096,,59.6,59.72,177.42,256.52,880.61,86.33,93.91,1373.83,6.7,0.0009426403355799,9.426403355799591,13.334967005425453,7.74337729680983,10.21674665779566
MareNostrum5,ACC,Llama-3.3-70B-Instruct,Text Generation,sharegpt,vllm,benchmark_serving.py,300,2,4,8,4,2,32768,,59.69,59.73,203.97,348.11,3182.46,98.28,106.59,1889.65,9.22,0.0002952177673861,2.952177673861124,18.350464223459216,9.264352600872678,10.207491077368172
MareNostrum5,ACC,Mistral-7B-Instruct-v0.3,Text Generation,sonnet,sglang,benchmark_serving.py,150,4,4,16,4,4,32768,,54.15,56.57,124.84,241.66,11084.62,33.25,33.26,1381.99,9.24,8.96770103119594e-05,0.896770103119594,18.35726314124911,11.070089714834989,10.088800011832555
MareNostrum5,ACC,Llama-3.3-70B-Instruct,Text Generation,sharegpt,vllm,benchmark_serving.py,300,2,4,8,4,2,16384,,59.69,59.73,212.97,359.72,3175.36,98.53,106.86,1885.01,9.21,0.0002957923537676,2.9579235376765505,18.330439019754834,8.85105883457764,10.070382096591516
MareNostrum5,ACC,Llama-3.3-70B-Instruct,Text Generation,sharegpt,vllm,benchmark_serving.py,300,2,4,8,4,2,4096,,59.69,59.73,212.88,353.52,3198.5,99.17,107.02,1869.39,9.14,0.0002937124965855,2.937124965855922,18.191058540454502,8.78142615558061,9.993638761931342
MareNostrum5,ACC,Mistral-7B-Instruct-v0.3,Text Generation,sonnet,sglang,benchmark_serving.py,150,4,4,16,4,4,16384,,53.84,56.26,126.22,259.02,11372.02,34.12,34.12,1348.93,9.0,8.741060080802358e-05,0.8741060080802358,17.88070077249932,10.687133576295356,9.796517049811564
MareNostrum5,ACC,gemma-3-12b-it,Text Generation,sharegpt,sglang,benchmark_serving.py,250,1,4,4,1,1,16384,,63.6,63.65,263.06,405.04,5079.53,70.61,77.79,2085.29,9.68,0.0001912802964079,1.9128029640794733,19.270545353871416,7.927050862921006,9.738994704238024
MareNostrum5,ACC,Llama-3.3-70B-Instruct,Text Generation,sharegpt,sglang,benchmark_serving.py,150,2,4,8,4,2,32768,,55.95,56.98,281.74,568.62,1503.32,61.67,73.73,1778.08,8.31,0.0006102323764889,6.10232376488967,16.542686423457365,6.311066941151416,9.718844885206446
MareNostrum5,ACC,gemma-3-12b-it,Text Generation,sharegpt,sglang,benchmark_serving.py,250,1,4,4,1,1,4096,,63.55,63.56,264.22,395.88,5122.27,70.41,77.22,2084.42,9.67,0.0001897569213837,1.8975692138370743,19.25069256813222,7.888956172886231,9.714874981193155
MareNostrum5,ACC,Llama-3.3-70B-Instruct,Text Generation,sharegpt,sglang,benchmark_serving.py,150,4,4,16,4,4,4096,,53.42,54.29,224.69,327.27,1024.56,77.06,91.45,1455.63,6.82,0.0008381737869529,8.381737869529868,13.57639112448289,6.478392451822511,9.538849442547544
MareNostrum5,ACC,gemma-3-12b-it,Text Generation,sharegpt,sglang,benchmark_serving.py,300,1,4,4,1,1,4096,,63.56,63.56,265.6,401.43,8412.6,70.45,77.32,2081.62,9.68,0.0001168173805571,1.168173805571488,19.270388370869792,7.8374246987951794,9.457087043604494
MareNostrum5,ACC,Llama-3.3-70B-Instruct,Text Generation,sharegpt,vllm,benchmark_serving.py,500,2,4,8,4,2,16384,,59.69,59.73,210.76,324.91,13793.92,97.68,106.47,1894.47,9.24,7.143841972500494e-05,0.7143841972500494,18.39030398537592,8.988754981970013,9.371995576323236
MareNostrum5,ACC,Llama-3.3-70B-Instruct,Text Generation,sharegpt,vllm,benchmark_serving.py,500,2,4,8,4,2,32768,,59.69,59.73,211.88,336.29,13835.38,97.95,106.53,1888.78,9.24,7.122578145366122e-05,0.7122578145366122,18.390035089198214,8.914385501227109,9.347382947662515
MareNostrum5,ACC,gemma-3-12b-it,Text Generation,sharegpt,sglang,benchmark_serving.py,300,1,4,4,4,1,16384,,15.72,63.64,102.98,344.95,5576.18,46.67,51.19,1397.69,6.48,0.0001762412672452,1.76241267245208,12.90019185711132,13.572441250728296,9.328466740284613
MareNostrum5,ACC,gemma-3-12b-it,Text Generation,sharegpt,vllm,benchmark_serving.py,150,1,4,4,4,1,16384,,60.12,60.19,197.83,286.61,929.69,100.83,115.62,1284.79,6.28,0.0008724937616696,8.72493761669604,12.498905868775513,6.494414396198756,9.294319391843931
MareNostrum5,ACC,gemma-3-12b-it,Text Generation,sharegpt,vllm,benchmark_serving.py,150,1,4,4,4,1,4096,,60.12,60.19,191.68,274.97,952.14,101.31,118.84,1282.7,6.28,0.0008530312465345,8.530312465345606,12.498806808484227,6.691882303839733,9.291302890330858
MareNostrum5,ACC,Llama-3.3-70B-Instruct,Text Generation,sharegpt,vllm,benchmark_serving.py,1000,2,4,8,4,2,32768,,59.69,59.73,209.75,339.18,24761.92,98.02,106.32,1888.94,9.22,4.005405695526683e-05,0.4005405695526683,18.350430732920305,9.005673420738976,9.257145737477284
MareNostrum5,ACC,Llama-3.3-70B-Instruct,Text Generation,sharegpt,vllm,benchmark_serving.py,1000,2,4,8,4,2,16384,,59.69,59.73,211.61,340.69,24388.06,97.57,105.99,1890.74,9.25,4.0664258800355565e-05,0.4066425880035556,18.40993373649335,8.935021974386844,9.256842982132738
MareNostrum5,ACC,gemma-3-12b-it,Text Generation,sharegpt,sglang,benchmark_serving.py,500,1,4,4,1,1,16384,,63.69,63.7,264.28,399.47,19726.64,70.56,77.35,2082.66,9.66,5.031560463004194e-05,0.5031560463004194,19.23080178940124,7.880505524443772,9.231307431960571
MareNostrum5,ACC,gemma-3-12b-it,Text Generation,sharegpt,sglang,benchmark_serving.py,500,1,4,4,1,1,4096,,63.56,63.56,266.43,392.49,19677.74,70.49,77.11,2082.77,9.67,5.044049685907025e-05,0.5044049685907025,19.25062214448204,7.817325376271441,9.218253338851596
MareNostrum5,ACC,Llama-3.3-70B-Instruct,Text Generation,sharegpt,vllm,benchmark_serving.py,500,2,4,8,4,2,4096,,59.69,59.73,211.19,342.76,14137.39,99.88,108.09,1861.52,9.08,6.970895118700403e-05,0.6970895118700403,18.07185031540682,8.8144325015389,9.20205794176658
MareNostrum5,ACC,gemma-3-12b-it,Text Generation,sharegpt,sglang,benchmark_serving.py,1000,1,4,4,1,1,4096,,63.56,63.56,265.32,403.76,32306.01,70.34,77.41,2084.64,9.69,3.081307065806859e-05,0.3081307065806858,19.29033304207073,7.857078245137946,9.177742712985626
MareNostrum5,ACC,gemma-3-12b-it,Text Generation,sharegpt,sglang,benchmark_serving.py,1000,1,4,4,1,1,16384,,63.7,63.7,264.37,392.88,32447.6,70.6,77.27,2083.39,9.67,3.067910970450802e-05,0.3067910970450802,19.25064861972423,7.880584029958013,9.17131639328813
MareNostrum5,ACC,gemma-3-12b-it,Text Generation,sharegpt,vllm,benchmark_serving.py,150,1,4,4,4,1,32768,,60.12,60.19,198.99,286.02,950.54,101.78,116.83,1275.27,6.22,0.0008553222426549,8.553222426549203,12.379619661487798,6.408714005728931,9.16795479176584
MareNostrum5,ACC,Llama-3.3-70B-Instruct,Text Generation,sharegpt,vllm,benchmark_serving.py,1000,2,4,8,4,2,4096,,59.69,59.73,211.73,344.54,25160.22,98.94,108.06,1869.12,9.15,3.942095349825483e-05,0.3942095349825483,18.210851475027557,8.82784678600104,9.150631714923769
MareNostrum5,ACC,gemma-3-12b-it,Text Generation,sharegpt,sglang,benchmark_serving.py,300,1,4,4,4,1,4096,,15.75,63.55,106.99,379.75,5616.61,46.95,51.59,1386.6,6.44,0.0001749735352527,1.7497353525279302,12.8204559811635,12.960089728011964,9.101093766418916
MareNostrum5,ACC,Llama-3.3-70B-Instruct,Text Generation,sharegpt,sglang,benchmark_serving.py,150,4,4,16,4,4,32768,,54.15,55.11,220.06,330.71,1181.73,79.62,113.84,1428.64,6.65,0.0007271722452897,7.271722452897419,13.238378306823012,6.492047623375443,9.05088949778509
MareNostrum5,ACC,ALIA-40b-instruct-2605,Text Generation,sharegpt,vllm,benchmark_serving.py,150,1,4,4,4,1,4096,,60.27,60.27,204.6,374.9,998.52,98.49,120.08,1272.09,6.22,0.00082163192533,8.216319253300908,12.379469455765816,6.217448680351906,8.992151738795297
MareNostrum5,ACC,ALIA-40b-instruct-2605,Text Generation,sharegpt,vllm,benchmark_serving.py,150,1,4,4,4,1,32768,,60.27,60.27,236.27,387.1,961.82,97.23,118.3,1289.6,6.24,0.000849365099588,8.49365099588058,12.419903691813806,5.458162271976975,8.857220520848724
MareNostrum5,ACC,ALIA-40b-instruct-2605,Text Generation,sharegpt,vllm,benchmark_serving.py,150,1,4,4,4,1,16384,,60.27,60.27,226.17,369.09,1026.74,98.77,121.0,1275.68,6.22,0.0008022398536714,8.022398536714508,12.37963897339886,5.640359021974621,8.741607640470425
MareNostrum5,ACC,Llama-3.3-70B-Instruct,Text Generation,sonnet,vllm,benchmark_serving.py,150,2,4,8,4,2,4096,,59.57,59.73,203.94,315.86,1904.23,116.02,115.98,1141.67,7.66,0.0004681143884319,4.681143884319572,15.217895991577702,5.598068059233108,8.557055336759667
MareNostrum5,ACC,Llama-3.3-70B-Instruct,Text Generation,sonnet,vllm,benchmark_serving.py,150,2,4,8,4,2,16384,,59.62,59.72,220.29,299.67,1907.51,113.89,113.86,1160.88,7.79,0.00046832704214,4.683270421400672,15.476148442246316,5.269780743565301,8.540532251580872
MareNostrum5,ACC,Llama-3.3-70B-Instruct,Text Generation,sonnet,vllm,benchmark_serving.py,150,2,4,8,4,2,32768,,59.62,59.72,220.38,301.3,1884.75,115.47,115.46,1148.16,7.7,0.000472661272026,4.726612720260153,15.297409720900456,5.209910155186496,8.475338879654286
MareNostrum5,ACC,Llama-3.3-70B-Instruct,Text Generation,sharegpt,sglang,benchmark_serving.py,150,4,4,16,4,4,16384,,53.67,54.59,218.71,326.52,2299.45,80.18,114.06,1337.8,6.27,0.0004010121546784,4.010121546784084,12.481501707500351,6.116775638973984,7.564520110928384
MareNostrum5,ACC,Llama-3.3-70B-Instruct,Text Generation,sharegpt,vllm,benchmark_serving.py,150,2,4,8,4,2,4096,,59.63,59.73,196.79,292.67,1148.8,131.22,146.39,962.7,4.69,0.0007010607048464,7.010607048464327,9.334524855539131,4.892016870775954,7.122790246009481
MareNostrum5,ACC,Llama-3.3-70B-Instruct,Text Generation,sharegpt,vllm,benchmark_serving.py,150,2,4,8,4,2,16384,,59.64,59.73,199.6,298.38,1145.57,132.22,147.6,956.28,4.66,0.0007015623794189,7.01562379418966,9.274803421649636,4.790981963927856,7.071859481842275
MareNostrum5,ACC,gemma-3-12b-it,Text Generation,sharegpt,sglang,benchmark_serving.py,300,1,4,4,1,1,16384,,62.1,63.59,222.01,341.08,5599.11,47.01,51.85,1390.84,6.46,0.0001755010995143,1.7550109951438846,12.860268231589492,6.264762848520337,6.973919048615857
MareNostrum5,ACC,Llama-3.3-70B-Instruct,Text Generation,sharegpt,vllm,benchmark_serving.py,150,2,4,8,4,2,32768,,59.63,59.73,197.23,293.1,1188.83,134.0,150.52,943.89,4.62,0.0006787253537855,6.787253537855907,9.19499383243192,4.785732393652082,6.965398471866528
MareNostrum5,ACC,Llama-3.3-70B-Instruct,Text Generation,sonnet,vllm,benchmark_serving.py,150,1,4,4,4,1,32768,,60.21,60.24,228.47,361.84,4036.17,205.62,205.47,639.55,4.29,0.0002248575527403,2.2485755274033896,8.522830206262427,2.79927342758349,4.558045446273095
MareNostrum5,ACC,Llama-3.3-70B-Instruct,Text Generation,sonnet,vllm,benchmark_serving.py,250,1,4,4,4,1,16384,,60.21,60.24,245.09,425.71,7278.39,314.83,314.5,687.0,4.61,0.0001264587011173,1.2645870111738908,9.158543109555964,2.803051940103636,4.440840861881314
MareNostrum5,ACC,Llama-3.3-70B-Instruct,Text Generation,sonnet,vllm,benchmark_serving.py,250,1,4,4,4,1,32768,,60.21,60.24,253.27,430.79,7290.71,314.18,313.81,690.75,4.63,0.000126283354591,1.2628335459103135,9.198344789899048,2.727326568484226,4.429545136090136
MareNostrum5,ACC,Llama-3.3-70B-Instruct,Text Generation,sonnet,vllm,benchmark_serving.py,150,1,4,4,4,1,16384,,60.21,60.24,232.58,352.44,4359.32,211.38,211.28,619.16,4.15,0.0002091183986549,2.0911839865495048,8.244738573101667,2.662137759050649,4.366097753177606
MareNostrum5,ACC,Llama-3.3-70B-Instruct,Text Generation,sonnet,vllm,benchmark_serving.py,150,1,4,4,4,1,4096,,60.21,60.24,223.45,364.33,4450.0,213.95,213.89,610.2,4.09,0.0002050087743755,2.050087743755433,8.125536798580475,2.7308122622510638,4.333572268314549
MareNostrum5,ACC,Llama-3.3-70B-Instruct,Text Generation,sonnet,vllm,benchmark_serving.py,300,1,4,4,4,1,16384,,60.21,60.24,244.91,426.6,15454.12,322.7,322.37,693.82,4.65,6.211492627889974e-05,0.6211492627889974,9.23808610248114,2.8329590461802296,4.25868691896952
MareNostrum5,ACC,Llama-3.3-70B-Instruct,Text Generation,sonnet,vllm,benchmark_serving.py,500,1,4,4,4,1,16384,,60.21,60.24,244.67,427.8,51230.49,322.24,321.86,692.95,4.65,1.9277260793772057e-05,0.1927726079377205,9.23800888761468,2.8321821228593618,4.112763987802812
MareNostrum5,ACC,Llama-3.3-70B-Instruct,Text Generation,sonnet,vllm,benchmark_serving.py,300,1,4,4,4,1,32768,,60.21,60.24,249.97,439.13,16121.84,334.12,333.74,670.62,4.5,5.956032567586079e-05,0.5956032567586079,8.940010664770709,2.682801936232348,4.10060535291432
MareNostrum5,ACC,Llama-3.3-70B-Instruct,Text Generation,sonnet,vllm,benchmark_serving.py,250,1,4,4,4,1,4096,,60.21,60.24,244.34,425.12,7606.3,345.89,345.54,630.22,4.23,0.0001205148878066,1.2051488780666515,8.403595555205296,2.5792747810428094,4.092341037246161
MareNostrum5,ACC,Llama-3.3-70B-Instruct,Text Generation,sonnet,vllm,benchmark_serving.py,1000,1,4,4,4,1,16384,,60.21,60.24,245.57,426.6,99276.07,321.39,321.09,693.18,4.65,1.000815163951038e-05,0.1000815163951038,9.23802931946176,2.822738933908865,4.078234143042171
MareNostrum5,ACC,Llama-3.3-70B-Instruct,Text Generation,sonnet,vllm,benchmark_serving.py,1000,1,4,4,4,1,32768,,60.21,60.24,251.89,438.85,101576.84,327.4,327.06,684.67,4.59,9.781740034607795e-06,0.0978174003460779,9.118867481066651,2.7181309301679306,4.003474757334066
MareNostrum5,ACC,Llama-3.3-70B-Instruct,Text Generation,sonnet,vllm,benchmark_serving.py,500,1,4,4,4,1,32768,,60.21,60.24,250.4,439.05,52832.28,331.86,331.48,674.88,4.53,1.86931191749904e-05,0.186931191749904,8.999591998940257,2.695207667731629,3.985884338508776
MareNostrum5,ACC,Llama-3.3-70B-Instruct,Text Generation,sonnet,vllm,benchmark_serving.py,300,1,4,4,4,1,4096,,60.21,60.24,245.04,438.74,16675.83,346.27,345.82,646.84,4.34,5.7577418597045584e-05,0.5757741859704558,8.622149328910593,2.6397322886059422,3.9720083274134574
MareNostrum5,ACC,Llama-3.3-70B-Instruct,Text Generation,sonnet,vllm,benchmark_serving.py,500,1,4,4,4,1,4096,,60.21,60.24,247.23,438.13,53650.11,335.58,335.21,664.07,4.45,1.8409120614717357e-05,0.1840912061471735,8.840757194997906,2.686041338025321,3.927981684557429
MareNostrum5,ACC,Llama-3.3-70B-Instruct,Text Generation,sonnet,vllm,benchmark_serving.py,1000,1,4,4,4,1,4096,,60.21,60.24,247.59,439.1,104069.69,334.31,334.04,668.27,4.48,9.54762949545361e-06,0.0954762949545361,8.90033325901152,2.699099317419928,3.922287029922837
MareNostrum5,ACC,Llama-3.3-70B-Instruct,Text Generation,sharegpt,vllm,benchmark_serving.py,250,1,4,4,4,1,4096,,60.21,60.24,226.13,412.58,4616.67,345.09,414.26,615.58,3.01,0.0001860112127559,1.860112127559049,5.9907072535928485,2.7222394198027686,3.540395203928532
MareNostrum5,ACC,Llama-3.3-70B-Instruct,Text Generation,sharegpt,vllm,benchmark_serving.py,250,1,4,4,4,1,32768,,60.21,60.24,221.26,404.41,4680.1,351.53,423.13,606.14,2.96,0.0001833261225058,1.833261225058481,5.891230996552291,2.7394920003615657,3.502964795463363
MareNostrum5,ACC,Llama-3.3-70B-Instruct,Text Generation,sharegpt,vllm,benchmark_serving.py,250,1,4,4,4,1,16384,,60.21,60.24,219.36,407.51,4796.31,351.89,422.45,604.85,2.96,0.0001795122651755,1.795122651755181,5.891169937974038,2.757339533187454,3.49568813112792
MareNostrum5,ACC,Llama-3.3-70B-Instruct,Text Generation,sharegpt,vllm,benchmark_serving.py,150,1,4,4,4,1,4096,,60.21,60.24,219.69,348.34,2550.1,267.52,309.23,499.92,2.44,0.0003198106720821,3.198106720821274,4.856297475913687,2.2755701215348902,3.466679865781052
MareNostrum5,ACC,Llama-3.3-70B-Instruct,Text Generation,sharegpt,vllm,benchmark_serving.py,150,1,4,4,4,1,32768,,60.21,60.24,216.9,346.98,2593.32,269.58,308.2,495.42,2.43,0.0003153479865031,3.153479865031062,4.836278397107563,2.2840940525587827,3.4474279059459434
MareNostrum5,ACC,Llama-3.3-70B-Instruct,Text Generation,sharegpt,vllm,benchmark_serving.py,150,1,4,4,4,1,16384,,60.21,60.24,213.88,347.19,2683.77,274.12,316.02,487.17,2.38,0.0003054451710645,3.0544517106456808,4.736858747829639,2.277772582756686,3.3779327823637484
MareNostrum5,ACC,Llama-3.1-405B-Instruct,Text Generation,sonnet,vllm,benchmark_serving.py,250,4,4,16,4,4,4096,,59.56,59.67,226.79,346.96,9698.15,421.07,421.15,509.12,3.4,9.487332987361924e-05,0.9487332987361924,6.754889565285257,2.244896159442656,3.337598544788943
MareNostrum5,ACC,Llama-3.1-405B-Instruct,Text Generation,sonnet,vllm,benchmark_serving.py,250,4,4,16,4,4,16384,,59.56,59.67,226.53,340.6,9717.37,421.66,421.75,508.38,3.39,9.468997555104832e-05,0.9468997555104832,6.735088809426109,2.2442060654217983,3.330022053013417
MareNostrum5,ACC,Llama-3.1-405B-Instruct,Text Generation,sonnet,vllm,benchmark_serving.py,250,4,4,16,4,4,32768,,59.56,59.67,225.67,332.41,9790.9,424.13,424.19,505.35,3.37,9.39918527862005e-05,0.939918527862005,6.6953510772134,2.239331767625294,3.312577831365732
MareNostrum5,ACC,Llama-3.3-70B-Instruct,Text Generation,sharegpt,vllm,benchmark_serving.py,300,1,4,4,4,1,32768,,60.21,60.24,225.1,412.57,15173.7,346.48,413.76,633.94,3.1,6.275911670308787e-05,0.6275911670308787,6.169829210096697,2.816259440248779,3.2123259491029854
MareNostrum5,ACC,Llama-3.3-70B-Instruct,Text Generation,sharegpt,vllm,benchmark_serving.py,300,1,4,4,4,1,4096,,60.21,60.24,225.24,411.14,15259.69,349.08,418.38,628.86,3.08,6.23941249691929e-05,0.623941249691929,6.129976896540812,2.7919552477357485,3.1897578489945717
MareNostrum5,ACC,Llama-3.1-405B-Instruct,Text Generation,sonnet,vllm,benchmark_serving.py,300,4,4,16,4,4,16384,,59.56,59.67,226.69,351.54,20328.78,429.64,429.72,510.45,3.41,4.719621448602851e-05,0.4719621448602851,6.7747421476666805,2.251753495963651,3.184440578167537
MareNostrum5,ACC,Llama-3.1-405B-Instruct,Text Generation,sonnet,vllm,benchmark_serving.py,300,4,4,16,4,4,4096,,59.56,59.67,226.28,339.76,20359.53,430.36,430.46,509.65,3.4,4.712457617334304e-05,0.4712457617334304,6.754936166065685,2.252298037829238,3.1776372275570552
MareNostrum5,ACC,Llama-3.1-405B-Instruct,Text Generation,sonnet,vllm,benchmark_serving.py,300,4,4,16,4,4,32768,,59.56,59.67,225.45,338.81,20440.35,432.4,432.48,507.3,3.38,4.693683194220386e-05,0.4693683194220386,6.715258087256206,2.2501663339986693,3.162826205150178
MareNostrum5,ACC,Llama-3.3-70B-Instruct,Text Generation,sharegpt,vllm,benchmark_serving.py,300,1,4,4,4,1,16384,,60.21,60.24,219.82,417.08,15617.48,356.63,428.78,616.61,3.01,6.096486655705184e-05,0.6096486655705183,5.990755947193441,2.8050677827313257,3.1417592588137704
MareNostrum5,ACC,Llama-3.1-405B-Instruct,Text Generation,sonnet,vllm,benchmark_serving.py,500,4,4,16,4,4,16384,,59.56,59.67,226.44,345.47,65559.42,428.73,428.81,511.58,3.41,1.5056395233988429e-05,0.1505639523398843,6.774841453232103,2.259229818053347,3.0775913796715466
MareNostrum5,ACC,Llama-3.3-70B-Instruct,Text Generation,sharegpt,vllm,benchmark_serving.py,500,1,4,4,4,1,32768,,60.21,60.24,226.29,414.15,57243.43,344.9,414.15,636.7,3.11,1.7240642124267787e-05,0.1724064212426778,6.18976571169566,2.8136462061955902,3.063505311181624
MareNostrum5,ACC,Llama-3.1-405B-Instruct,Text Generation,sonnet,vllm,benchmark_serving.py,500,4,4,16,4,4,32768,,59.56,59.67,225.65,332.15,66019.74,431.5,431.56,508.19,3.39,1.4951527148982997e-05,0.1495152714898299,6.735072129481215,2.252116109018391,3.06143687121604
MareNostrum5,ACC,Llama-3.1-405B-Instruct,Text Generation,sonnet,vllm,benchmark_serving.py,500,4,4,16,4,4,4096,,59.57,59.67,226.11,335.23,65965.02,431.11,431.19,508.52,3.39,1.4963939897634678e-05,0.1496393989763468,6.735101091988827,2.248993852549644,3.060489799744045
MareNostrum5,ACC,Llama-3.1-405B-Instruct,Text Generation,sonnet,vllm,benchmark_serving.py,1000,4,4,16,4,4,16384,,59.56,59.67,226.62,344.49,127728.7,429.17,429.26,510.99,3.41,7.776828054253952e-06,0.0777682805425395,6.774789657853811,2.254831877151178,3.051415899743136
MareNostrum5,ACC,Llama-3.1-405B-Instruct,Text Generation,sonnet,vllm,benchmark_serving.py,1000,4,4,16,4,4,4096,,59.57,59.67,226.45,344.21,128174.68,430.29,430.37,509.39,3.4,7.749814895671219e-06,0.0774981489567121,6.754913317342382,2.2494590417310665,3.042846791895633
MareNostrum5,ACC,Llama-3.1-405B-Instruct,Text Generation,sonnet,vllm,benchmark_serving.py,1000,4,4,16,4,4,32768,,59.56,59.67,225.38,332.69,128529.09,432.44,432.53,507.22,3.38,7.728330033078799e-06,0.077283300330788,6.715251077164121,2.2505102493566422,3.029624968142395
MareNostrum5,ACC,Llama-3.3-70B-Instruct,Text Generation,sharegpt,vllm,benchmark_serving.py,1000,1,4,4,4,1,32768,,60.21,60.24,222.25,425.2,102645.86,347.89,416.82,632.56,3.08,9.670191354713546e-06,0.0967019135471354,6.130151658171291,2.846164229471316,3.0279027678150863
MareNostrum5,ACC,Llama-3.3-70B-Instruct,Text Generation,sharegpt,vllm,benchmark_serving.py,500,1,4,4,4,1,4096,,60.21,60.24,227.96,417.7,58012.34,348.4,417.08,630.98,3.07,1.701322029296085e-05,0.1701322029296084,6.110270798832899,2.767941744165643,3.0210783787322586
MareNostrum5,ACC,Llama-3.3-70B-Instruct,Text Generation,sharegpt,vllm,benchmark_serving.py,1000,1,4,4,4,1,4096,,60.21,60.24,228.05,412.39,104585.71,349.59,423.64,627.84,3.07,9.49136352358898e-06,0.0949136352358898,6.110122838439713,2.7530804648103486,2.990698149789017
MareNostrum5,ACC,Llama-3.3-70B-Instruct,Text Generation,sharegpt,vllm,benchmark_serving.py,1000,1,4,4,4,1,16384,,60.21,60.24,215.79,401.05,110000.51,372.92,447.62,593.36,2.9,9.02355644527822e-06,0.0902355644527822,5.771790829503907,2.7497103665600817,2.8729962912445006
MareNostrum5,ACC,Llama-3.3-70B-Instruct,Text Generation,sharegpt,vllm,benchmark_serving.py,500,1,4,4,4,1,16384,,60.21,60.24,219.93,405.28,62369.48,373.81,445.98,591.19,2.89,1.5825471634662025e-05,0.1582547163466202,5.7518822380824135,2.688082571727368,2.8696329874586297
MareNostrum5,ACC,Llama-3.1-405B-Instruct,Text Generation,sonnet,vllm,benchmark_serving.py,150,4,4,16,4,4,4096,,59.5,59.67,206.85,358.59,6291.15,332.28,332.27,390.22,2.6,0.0001437669824748,1.4376698247480486,5.165582200498957,1.886487793086778,2.848781782371751
MareNostrum5,ACC,Llama-3.1-405B-Instruct,Text Generation,sonnet,vllm,benchmark_serving.py,150,4,4,16,4,4,16384,,59.5,59.67,206.35,347.51,6304.51,332.88,332.87,389.52,2.6,0.0001434666712576,1.4346667125760015,5.165520758951342,1.8876665858977464,2.848117047806576
MareNostrum5,ACC,Llama-3.1-405B-Instruct,Text Generation,sonnet,vllm,benchmark_serving.py,150,4,4,16,4,4,32768,,59.48,59.67,202.8,345.1,6333.67,334.14,334.12,387.98,2.59,0.0001428177659588,1.428177659588142,5.145649691476559,1.9131163708086785,2.847298538020776
MareNostrum5,ACC,Llama-3.1-405B-Instruct,Text Generation,sharegpt,vllm,benchmark_serving.py,250,4,4,16,4,4,32768,,59.59,59.69,197.55,327.26,5866.3,384.45,444.61,441.07,2.1,0.0001493571667542,1.4935716675428954,4.180097930816617,2.232700582131106,2.643511849724188
MareNostrum5,ACC,Llama-3.1-405B-Instruct,Text Generation,sharegpt,vllm,benchmark_serving.py,250,4,4,16,4,4,4096,,59.55,59.65,203.0,342.72,5827.14,379.82,439.95,444.32,2.11,0.0001504458462654,1.5044584626540756,4.2000546558251015,2.188768472906404,2.639940371612969
MareNostrum5,ACC,Llama-3.1-405B-Instruct,Text Generation,sharegpt,vllm,benchmark_serving.py,250,4,4,16,4,4,16384,,59.55,59.66,199.13,335.93,5860.23,383.75,442.62,442.53,2.09,0.0001495528370173,1.4955283701731823,4.160351311232063,2.2223170792949327,2.634140557052162
MareNostrum5,ACC,Llama-3.1-405B-Instruct,Text Generation,sharegpt,vllm,benchmark_serving.py,150,4,4,16,4,4,32768,,59.48,59.64,188.63,333.9,3293.62,325.28,359.68,351.88,1.67,0.0002513459576029,2.513459576029639,3.3242234478857298,1.8654508826803795,2.581756510588947
MareNostrum5,ACC,Llama-3.1-405B-Instruct,Text Generation,sharegpt,vllm,benchmark_serving.py,150,4,4,16,4,4,4096,,59.45,59.63,190.86,319.56,3295.06,323.65,358.09,353.53,1.67,0.0002514584590625,2.514584590625629,3.324296734234234,1.8523001152677352,2.577955687338029
MareNostrum5,ACC,Llama-3.1-405B-Instruct,Text Generation,sharegpt,vllm,benchmark_serving.py,150,4,4,16,4,4,16384,,59.48,59.64,189.1,318.16,4049.53,326.66,362.14,346.74,1.65,0.0002110448195883,2.110448195883359,3.284370963575304,1.833632998413538,2.4210010737082777
MareNostrum5,ACC,Llama-3.1-405B-Instruct,Text Generation,sharegpt,vllm,benchmark_serving.py,300,4,4,16,4,4,32768,,59.59,59.69,197.86,352.38,15983.65,384.32,442.56,451.19,2.14,5.9486524220235776e-05,0.5948652422023577,4.25979573379216,2.280349742241989,2.3802966493555724
MareNostrum5,ACC,Llama-3.1-405B-Instruct,Text Generation,sharegpt,vllm,benchmark_serving.py,300,4,4,16,4,4,16384,,59.57,59.68,200.14,342.79,15857.34,384.43,444.53,451.69,2.14,5.9929403163073904e-05,0.599294031630739,4.259817993521804,2.256870190866393,2.3742965496291104
MareNostrum5,ACC,Llama-3.1-405B-Instruct,Text Generation,sharegpt,vllm,benchmark_serving.py,300,4,4,16,4,4,4096,,59.55,59.65,202.81,341.59,15870.94,383.61,440.73,452.3,2.15,5.989716854104872e-05,0.5989716854104872,4.279656727912862,2.2301661653764606,2.372386833450406
MareNostrum5,ACC,Llama-3.1-405B-Instruct,Text Generation,sharegpt,vllm,benchmark_serving.py,500,4,4,16,4,4,32768,,59.59,59.69,197.54,336.44,56676.22,384.61,444.82,451.82,2.14,1.7389595631037994e-05,0.1738959563103799,4.259823773019649,2.2872329654753467,2.239379256924321
MareNostrum5,ACC,Llama-3.1-405B-Instruct,Text Generation,sharegpt,vllm,benchmark_serving.py,500,4,4,16,4,4,16384,,59.58,59.68,200.08,339.5,56552.84,383.63,442.85,451.24,2.15,1.7427881682808374e-05,0.1742788168280837,4.279609166501246,2.2552978808476607,2.236017236203224
MareNostrum5,ACC,Llama-3.1-405B-Instruct,Text Generation,sharegpt,vllm,benchmark_serving.py,500,4,4,16,4,4,4096,,59.55,59.65,203.65,336.03,56466.35,383.68,442.1,454.91,2.16,1.7454404296017623e-05,0.1745440429601762,4.299584746318945,2.2337834520009823,2.236014492995216
MareNostrum5,ACC,Llama-3.1-405B-Instruct,Text Generation,sharegpt,vllm,benchmark_serving.py,1000,4,4,16,4,4,32768,,59.59,59.69,197.4,331.17,100297.09,384.51,441.53,451.09,2.13,9.888934410950297e-06,0.0988893441095029,4.239979259520762,2.28515704154002,2.206465578527097
MareNostrum5,ACC,Llama-3.1-405B-Instruct,Text Generation,sharegpt,vllm,benchmark_serving.py,1000,4,4,16,4,4,16384,,59.59,59.69,199.62,323.53,100476.55,385.3,446.48,451.17,2.14,9.870856621563104e-06,0.098708566215631,4.259794842381593,2.260144274120829,2.205137326641722
MareNostrum5,ACC,Llama-3.1-405B-Instruct,Text Generation,sharegpt,vllm,benchmark_serving.py,1000,4,4,16,4,4,4096,,59.56,59.66,202.98,340.44,100410.42,384.58,443.24,451.67,2.14,9.877690485334396e-06,0.0987769048533439,4.259817104074393,2.225194600453247,2.1939842351804693
MareNostrum5,ACC,Llama-3.1-405B-Instruct,Text Generation,sharegpt,sglang,benchmark_serving.py,150,4,4,16,4,4,4096,,56.66,57.11,290.37,575.66,28635.56,237.9,264.92,289.28,1.45,3.431899783035296e-05,0.3431899783035296,2.885536408351391,0.9962461686813376,1.416565745440701
MareNostrum5,ACC,Llama-3.1-405B-Instruct,Text Generation,sharegpt,sglang,benchmark_serving.py,150,4,4,16,4,4,16384,,57.0,57.47,289.02,572.39,29103.63,237.76,264.32,288.87,1.44,3.377726796621328e-05,0.3377726796621327,2.865714580965175,0.999481004774756,1.4090195901412068
MareNostrum5,ACC,Llama-3.1-405B-Instruct,Text Generation,sharegpt,sglang,benchmark_serving.py,150,4,4,16,4,4,32768,,57.16,57.65,288.47,577.25,29299.32,236.27,262.49,286.74,1.43,3.355920918394742e-05,0.3355920918394742,2.8458076829649164,0.9940028425832842,1.399756833060144
MareNostrum5,ACC,Llama-3.1-405B-Instruct,Text Generation,sharegpt,sglang,benchmark_serving.py,250,4,4,16,4,4,16384,,57.31,57.47,295.88,678.71,63287.23,240.69,269.27,292.72,1.46,1.5674671564688038e-05,0.1567467156468804,2.90550819226324,0.9893199945924024,1.35774906695901
MareNostrum5,ACC,Llama-3.1-405B-Instruct,Text Generation,sharegpt,sglang,benchmark_serving.py,250,4,4,16,4,4,4096,,56.96,57.11,294.56,678.69,64366.82,241.39,263.68,288.11,1.44,1.5414997158245273e-05,0.1541499715824527,2.8656770851321016,0.9781029331884844,1.3397341379032637
MareNostrum5,ACC,Llama-3.1-405B-Instruct,Text Generation,sharegpt,sglang,benchmark_serving.py,300,4,4,16,4,4,16384,,57.31,57.47,295.37,671.25,78605.36,246.84,272.61,290.49,1.45,1.2638260995508236e-05,0.1263826099550823,2.885596355415496,0.9834783491891526,1.3387859199665255
MareNostrum5,ACC,Llama-3.1-405B-Instruct,Text Generation,sharegpt,sglang,benchmark_serving.py,500,4,4,16,4,4,32768,,57.5,57.65,298.41,675.78,133013.53,250.99,286.0,295.47,1.47,7.487803117501902e-06,0.074878031175019,2.925445544554456,0.9901477832512317,1.3369573063884157
MareNostrum5,ACC,Llama-3.1-405B-Instruct,Text Generation,sharegpt,sglang,benchmark_serving.py,500,4,4,16,4,4,4096,,56.96,57.11,296.36,661.37,131370.1,257.75,295.88,292.31,1.47,7.580137402118632e-06,0.0758013740211863,2.925288991762544,0.9863341881495478,1.3359976645743237
MareNostrum5,ACC,Llama-3.1-405B-Instruct,Text Generation,sharegpt,sglang,benchmark_serving.py,250,4,4,16,4,4,32768,,57.5,57.65,296.17,670.7,64358.46,240.91,264.55,286.96,1.43,1.5416891239382387e-05,0.1541689123938238,2.8458185096570614,0.9689029949015768,1.3300446818658056
MareNostrum5,ACC,Llama-3.1-405B-Instruct,Text Generation,sharegpt,sglang,benchmark_serving.py,300,4,4,16,4,4,4096,,56.96,57.11,296.73,676.07,80015.9,246.89,275.17,289.01,1.44,1.2416505210710578e-05,0.1241650521071057,2.86572146668962,0.973983082263337,1.3282360027151543
MareNostrum5,ACC,Llama-3.1-405B-Instruct,Text Generation,sharegpt,sglang,benchmark_serving.py,300,4,4,16,4,4,32768,,57.5,57.65,296.9,691.28,79427.4,247.06,275.26,288.2,1.43,1.2507861190758394e-05,0.1250786119075839,2.8458792252183818,0.9706972044459414,1.3207487700455298
MareNostrum5,ACC,Llama-3.1-405B-Instruct,Text Generation,sonnet,sglang,benchmark_serving.py,150,4,4,16,4,4,32768,,57.93,58.36,292.48,666.8,54985.94,266.48,266.97,220.2,1.5,1.8011725272918163e-05,0.1801172527291816,2.9797023004059544,0.7528719912472647,1.3152576852650713
MareNostrum5,ACC,Llama-3.1-405B-Instruct,Text Generation,sonnet,sglang,benchmark_serving.py,150,4,4,16,4,4,16384,,57.66,58.09,294.86,690.79,54382.42,266.52,266.8,221.18,1.5,1.820971546591196e-05,0.1820971546591196,2.979791629243758,0.7501187004001899,1.315080170655039
MareNostrum5,ACC,Llama-3.1-405B-Instruct,Text Generation,sonnet,sglang,benchmark_serving.py,150,4,4,16,4,4,4096,,57.34,57.73,294.29,677.44,55419.35,264.8,265.07,220.42,1.5,1.78733501557305e-05,0.178733501557305,2.979722422494593,0.7489890923918583,1.31355152374304
MareNostrum5,ACC,Llama-3.1-405B-Instruct,Text Generation,sharegpt,sglang,benchmark_serving.py,500,4,4,16,4,4,16384,,57.31,57.47,296.72,684.24,134457.12,249.62,278.48,289.6,1.44,7.408218470140656e-06,0.0740821847014065,2.865750412314459,0.9760043138312212,1.3118644634113852
MareNostrum5,ACC,Llama-3.1-405B-Instruct,Text Generation,sonnet,sglang,benchmark_serving.py,250,4,4,16,4,4,32768,,58.2,58.36,297.21,688.66,101553.52,311.85,312.39,223.18,1.52,9.786865556653424e-06,0.0978686555665342,3.0194356920338223,0.7509168601325663,1.3001768734265426
MareNostrum5,ACC,Llama-3.1-405B-Instruct,Text Generation,sharegpt,sglang,benchmark_serving.py,1000,4,4,16,4,4,4096,,57.06,57.21,292.82,640.62,182898.83,265.63,320.97,285.78,1.43,5.450024015530824e-06,0.0545002401553082,2.845760245116813,0.9759579263711494,1.2983951014312891
MareNostrum5,ACC,Llama-3.1-405B-Instruct,Text Generation,sonnet,sglang,benchmark_serving.py,250,4,4,16,4,4,16384,,57.94,58.09,300.16,697.15,102221.81,304.09,304.46,223.32,1.52,9.72475444022563e-06,0.0972475444022563,3.0194484967087707,0.744003198294243,1.2977576774319068
MareNostrum5,ACC,Llama-3.1-405B-Instruct,Text Generation,sharegpt,sglang,benchmark_serving.py,1000,4,4,16,4,4,16384,,57.32,57.47,295.25,652.78,182097.05,259.62,317.65,286.97,1.43,5.474223196779931e-06,0.0547422319677993,2.845819001386962,0.9719559695173584,1.2972167295861736
MareNostrum5,ACC,Llama-3.1-405B-Instruct,Text Generation,sharegpt,sglang,benchmark_serving.py,1000,4,4,16,4,4,32768,,57.58,57.74,295.9,671.38,182549.73,254.03,297.91,284.9,1.42,5.461446637816029e-06,0.0546144663781602,2.8259150600726457,0.9628252788104088,1.287484128212605
MareNostrum5,ACC,Llama-3.1-405B-Instruct,Text Generation,sonnet,sglang,benchmark_serving.py,300,4,4,16,4,4,32768,,58.22,58.46,297.17,699.99,121442.5,348.4,349.42,222.07,1.51,8.187304569039937e-06,0.0818730456903993,2.999603721263082,0.7472827001379682,1.2868325648083336
MareNostrum5,ACC,Llama-3.1-405B-Instruct,Text Generation,sonnet,sglang,benchmark_serving.py,250,4,4,16,4,4,4096,,57.62,57.82,297.29,677.87,103141.12,308.72,308.99,221.25,1.5,9.637733964425005e-06,0.09637733964425,2.97979797979798,0.7442228127417673,1.284050908687724
MareNostrum5,ACC,Llama-3.1-405B-Instruct,Text Generation,sonnet,sglang,benchmark_serving.py,300,4,4,16,4,4,16384,,58.0,58.18,299.94,683.89,122742.87,342.14,342.89,221.24,1.5,8.101895924665332e-06,0.0810189592466533,2.979797072820329,0.7376141895045676,1.2767139915442356
MareNostrum5,ACC,Llama-3.1-405B-Instruct,Text Generation,sonnet,sglang,benchmark_serving.py,300,4,4,16,4,4,4096,,57.67,57.82,297.25,679.57,124307.52,342.02,342.81,219.73,1.49,8.000489629965353e-06,0.0800048962996535,2.959928577886267,0.7392094196804037,1.2701243955209425
MareNostrum5,ACC,Llama-3.1-405B-Instruct,Text Generation,sonnet,sglang,benchmark_serving.py,500,4,4,16,4,4,32768,,58.31,58.46,297.92,685.14,197565.05,407.93,410.31,220.89,1.5,5.040747131474632e-06,0.0504074713147463,2.9797652772157024,0.7414406552094521,1.2675197441673771
MareNostrum5,ACC,Llama-3.1-405B-Instruct,Text Generation,sonnet,sglang,benchmark_serving.py,500,4,4,16,4,4,16384,,58.03,58.18,300.9,677.98,193924.45,432.39,432.67,220.88,1.5,5.133746678658414e-06,0.0513374667865841,2.9797643672992176,0.7340644732469259,1.265475255028189
MareNostrum5,ACC,Llama-3.1-405B-Instruct,Text Generation,sonnet,sglang,benchmark_serving.py,1000,4,4,16,4,4,16384,,58.03,58.18,301.16,692.67,269240.84,616.52,616.01,220.69,1.5,3.697221652541985e-06,0.0369722165254198,2.9797470633241825,0.7327998406162837,1.2601805041460754
MareNostrum5,ACC,Llama-3.1-405B-Instruct,Text Generation,sonnet,sglang,benchmark_serving.py,500,4,4,16,4,4,4096,,57.67,57.82,298.94,660.77,196866.28,429.59,429.59,219.12,1.49,5.057517630759337e-06,0.0505751763075933,2.95987307918952,0.7329898976383221,1.2581091741132815
MareNostrum5,ACC,Llama-3.1-405B-Instruct,Text Generation,sonnet,sglang,benchmark_serving.py,1000,4,4,16,4,4,4096,,57.67,57.82,298.91,684.58,269930.62,635.74,636.23,219.77,1.49,3.6872804201464304e-06,0.0368728042014643,2.9599322064539453,0.7352380315145026,1.25418987370748
MareNostrum5,ACC,Llama-3.1-405B-Instruct,Text Generation,sonnet,sglang,benchmark_serving.py,1000,4,4,16,4,4,32768,,58.28,58.46,293.99,688.85,223961.78,482.36,484.18,211.47,1.44,4.4458607968974295e-06,0.0444586079689742,2.8605213470480484,0.7193101806183884,1.2178724425036722
