Supercomputer,Partition,Model,Dataset/Model Type,Dataset,Framework,Benchmark Type,Concurrency Level,Number of Nodes,GPUs per Node,Total Used GPUs,Tensor,Pipeline,Max Model Length,Additional Arguments,GPU Memory Usage Avg (GB),GPU Memory Usage Peak (GB),Power Usage Avg (W),Power Usage Peak (W),TTFT (ms),ITL (ms),TPOT (ms),Output Throughput (tokens/s),Request Throughput (requests/s),Latency Score,Latency Score Scaled,Throughput Score,Energy Score (Tokens/Watt),Global Score
Leonardo,boost_usr_prod,Llama-3.1-8B-Instruct,Text Generation,sonnet,sglang,benchmark_serving.py,1000,8,4,32,4,1,4096,,13.52,54.4,67.09,127.7,0.0,0.0,0.0,0.0,0.0,inf,inf,0.0,0.0,inf
Leonardo,boost_usr_prod,Llama-3.1-8B-Instruct,Text Generation,sonnet,sglang,benchmark_serving.py,150,16,4,64,4,1,4096,,11.29,52.99,66.74,133.13,0.0,0.0,0.0,0.0,0.0,inf,inf,0.0,0.0,inf
Leonardo,boost_usr_prod,Llama-3.1-8B-Instruct,Text Generation,sonnet,sglang,benchmark_serving.py,150,8,4,32,4,1,8192,,11.3,53.94,70.91,162.44,0.0,0.0,0.0,0.0,0.0,inf,inf,0.0,0.0,inf
Leonardo,boost_usr_prod,Mistral-7B-Instruct-v0.3,Text Generation,sharegpt,sglang,benchmark_serving.py,1000,16,4,64,4,1,32768,,13.27,52.9,68.02,138.6,0.0,0.0,0.0,0.0,0.0,inf,inf,0.0,0.0,inf
Leonardo,boost_usr_prod,Mistral-7B-Instruct-v0.3,Text Generation,sharegpt,sglang,benchmark_serving.py,1000,8,4,32,4,1,32768,,13.53,53.7,67.01,145.49,0.0,0.0,0.0,0.0,0.0,inf,inf,0.0,0.0,inf
Leonardo,boost_usr_prod,Llama-3.1-8B-Instruct,Text Generation,sonnet,sglang,benchmark_serving.py,150,8,4,32,4,1,32768,,11.57,54.43,67.46,154.85,0.0,0.0,0.0,0.0,0.0,inf,inf,0.0,0.0,inf
Leonardo,boost_usr_prod,Mistral-7B-Instruct-v0.3,Text Generation,sonnet,vllm,benchmark_serving.py,250,8,4,32,4,1,4096,--disable-log-requests --enforce-eager,58.23,58.26,168.73,367.88,219.33,20.49,20.49,11250.45,75.02,0.003841573508509,38.41573508509085,149.04613389113211,66.6772358205417,85.07375091448915
Leonardo,boost_usr_prod,Mistral-7B-Instruct-v0.3,Text Generation,sonnet,vllm,benchmark_serving.py,250,2,4,8,4,1,4096,--disable-log-requests --enforce-eager,58.23,58.26,171.03,384.03,221.87,20.51,20.5,11293.7,75.31,0.0038040170419963,38.04017041996348,149.62227089254034,66.0334444249547,84.9359322622368
Leonardo,boost_usr_prod,Mistral-7B-Instruct-v0.3,Text Generation,sonnet,vllm,benchmark_serving.py,250,4,4,16,4,1,4096,--disable-log-requests --enforce-eager,58.23,58.26,167.12,361.57,242.87,20.34,20.32,11281.0,75.21,0.0035269636370049,35.26963637004903,149.42379719994608,67.502393489708,84.39653333050491
Leonardo,boost_usr_prod,Mistral-7B-Instruct-v0.3,Text Generation,sonnet,vllm,benchmark_serving.py,250,2,4,8,4,1,8192,--disable-log-requests --enforce-eager,58.23,58.26,169.57,362.96,222.66,20.58,20.58,11157.22,74.39,0.0037904631946023,37.904631946023805,147.7945896981822,65.7971339269918,84.19281821566742
Leonardo,boost_usr_prod,Mistral-7B-Instruct-v0.3,Text Generation,sonnet,vllm,benchmark_serving.py,250,8,4,32,4,1,8192,--disable-log-requests --enforce-eager,58.23,58.26,168.77,371.93,227.83,20.58,20.58,11174.35,74.53,0.0037176103200862,37.176103200862485,148.0723957407315,66.2105231972507,84.17185706326218
Leonardo,boost_usr_prod,Mistral-7B-Instruct-v0.3,Text Generation,sonnet,vllm,benchmark_serving.py,250,4,4,16,4,1,8192,--disable-log-requests --enforce-eager,58.23,58.26,170.18,368.25,235.96,20.74,20.69,11027.64,73.52,0.0036050326255452,36.05032625545261,146.0661935869765,64.79985897285226,82.65557161773863
Leonardo,boost_usr_prod,Mistral-7B-Instruct-v0.3,Text Generation,sonnet,vllm,benchmark_serving.py,300,4,4,16,4,1,4096,--disable-log-requests --enforce-eager,58.23,58.26,161.98,372.14,672.83,21.18,21.18,10966.89,73.11,0.0013982298410212,13.982298410212673,145.25168983695653,67.70521051981726,75.80522337037905
Leonardo,boost_usr_prod,Mistral-7B-Instruct-v0.3,Text Generation,sonnet,vllm,benchmark_serving.py,300,4,4,16,4,1,8192,--disable-log-requests --enforce-eager,58.23,58.26,164.97,373.02,703.97,21.31,21.31,10832.57,72.24,0.0013394232443509,13.394232443509823,143.52287784931602,65.66387828089955,74.36425854944865
Leonardo,boost_usr_prod,Mistral-7B-Instruct-v0.3,Text Generation,sonnet,vllm,benchmark_serving.py,300,8,4,32,4,1,4096,--disable-log-requests --enforce-eager,58.23,58.26,166.75,380.8,692.6,21.45,21.42,10810.56,72.09,0.001359674765796,13.596747657960217,143.22490760981933,64.83094452773612,74.0652650399206
Leonardo,boost_usr_prod,Mistral-7B-Instruct-v0.3,Text Generation,sonnet,vllm,benchmark_serving.py,300,2,4,8,4,1,8192,--disable-log-requests --enforce-eager,58.23,58.26,167.91,370.56,661.5,21.83,21.82,10777.07,71.87,0.0014181379848259,14.181379848259231,142.78777851108035,64.18361026740516,73.90826912774511
Leonardo,boost_usr_prod,Mistral-7B-Instruct-v0.3,Text Generation,sonnet,vllm,benchmark_serving.py,300,2,4,8,4,1,4096,--disable-log-requests --enforce-eager,58.23,58.26,168.69,382.84,695.41,21.7,21.64,10726.37,71.52,0.0013536379018612,13.53637901861252,142.0925722340198,63.58628253008477,73.26145383552212
Leonardo,boost_usr_prod,Mistral-7B-Instruct-v0.3,Text Generation,sonnet,vllm,benchmark_serving.py,300,8,4,32,4,1,8192,--disable-log-requests --enforce-eager,58.23,58.26,171.33,402.51,684.78,21.54,21.54,10741.68,71.63,0.0013738905833539,13.73890583353942,142.31101085606534,62.69585011381544,73.11964371088656
Leonardo,boost_usr_prod,Mistral-7B-Instruct-v0.3,Text Generation,sonnet,vllm,benchmark_serving.py,500,2,4,8,4,1,8192,--disable-log-requests --enforce-eager,58.23,58.26,165.5,366.5,2664.5,21.18,21.17,11127.37,74.18,0.0003694331049005,3.6943310490053016,147.3775158973535,67.23486404833838,72.8795844572303
Leonardo,boost_usr_prod,Mistral-7B-Instruct-v0.3,Text Generation,sonnet,vllm,benchmark_serving.py,500,8,4,32,4,1,4096,--disable-log-requests --enforce-eager,58.23,58.26,167.07,371.32,2674.6,21.33,21.33,11089.14,73.93,0.0003680177826192,3.680177826192562,146.88076312340604,66.37421440114922,72.43046853123128
Leonardo,boost_usr_prod,Llama-3.1-8B-Instruct,Text Generation,sonnet,sglang,benchmark_serving.py,1000,4,4,16,4,1,16384,,14.35,56.67,75.45,208.81,2078.79,104.97,103.05,6526.75,63.54,0.0004372903739269,4.372903739269987,125.85476359917394,86.50430748840292,71.95878529135987
Leonardo,boost_usr_prod,Mistral-7B-Instruct-v0.3,Text Generation,sonnet,vllm,benchmark_serving.py,500,4,4,16,4,1,4096,--disable-log-requests --enforce-eager,58.23,58.26,164.94,364.89,2701.63,21.56,21.55,10950.87,73.01,0.0003643332337489,3.6433323374891606,145.05292486855808,66.39305201891598,71.80250409610917
Leonardo,boost_usr_prod,Mistral-7B-Instruct-v0.3,Text Generation,sonnet,vllm,benchmark_serving.py,500,4,4,16,4,1,8192,--disable-log-requests --enforce-eager,58.23,58.26,165.42,370.99,2701.5,21.53,21.53,10920.35,72.8,0.0003643571282828,3.643571282828577,144.6357922888344,66.01589892395116,71.54007127002978
Leonardo,boost_usr_prod,Llama-3.1-8B-Instruct,Text Generation,sonnet,sglang,benchmark_serving.py,1000,4,4,16,4,1,8192,,14.31,56.54,75.1,208.39,2160.35,104.99,103.07,6500.62,62.94,0.0004222241926017,4.222241926017877,124.67289787859028,86.5595206391478,71.52339413809408
Leonardo,boost_usr_prod,Mistral-7B-Instruct-v0.3,Text Generation,sonnet,sglang,benchmark_serving.py,1000,4,4,16,4,1,8192,,13.89,53.99,79.92,202.84,1832.33,118.95,108.91,8190.89,54.71,0.0004853921240273,4.853921240273955,108.6939924080722,102.4886136136136,71.40264699679405
Leonardo,boost_usr_prod,Mistral-7B-Instruct-v0.3,Text Generation,sonnet,vllm,benchmark_serving.py,500,8,4,32,4,1,8192,--disable-log-requests --enforce-eager,58.23,58.26,169.1,418.59,2699.57,21.6,21.6,10952.55,73.03,0.0003645949168176,3.645949168176697,145.09254415640717,64.76966292134831,71.29737986518998
Leonardo,boost_usr_prod,Llama-3.1-8B-Instruct,Text Generation,sonnet,sglang,benchmark_serving.py,1000,8,4,32,4,1,16384,,14.23,56.36,71.4,166.18,2055.83,108.52,111.66,6358.5,61.26,0.0004393653806441,4.393653806441976,121.35086358368538,89.05462184873949,71.25061490423994
Leonardo,boost_usr_prod,Llama-3.1-8B-Instruct,Text Generation,sonnet,sglang,benchmark_serving.py,1000,2,4,8,4,1,8192,,14.37,56.61,82.19,300.86,2151.12,101.27,98.5,6598.44,65.15,0.0004253708170097,4.2537081700972825,129.02605532453228,80.2827594597883,71.00560261530632
Leonardo,boost_usr_prod,Mistral-7B-Instruct-v0.3,Text Generation,sonnet,vllm,benchmark_serving.py,500,2,4,8,4,1,4096,--disable-log-requests --enforce-eager,58.23,58.26,168.72,381.04,2760.58,21.54,21.54,10887.44,72.61,0.0003566766298338,3.5667662983386004,144.25792188904248,64.52963489805596,70.90987715108747
Leonardo,boost_usr_prod,Llama-3.1-8B-Instruct,Text Generation,sonnet,sglang,benchmark_serving.py,1000,4,4,16,4,1,32768,,14.45,56.97,74.77,193.56,2038.83,106.28,110.06,6419.88,61.85,0.0004434255510671,4.434255510671036,122.5196291730757,85.86170924167448,70.64006774980973
Leonardo,boost_usr_prod,Mistral-7B-Instruct-v0.3,Text Generation,sonnet,sglang,benchmark_serving.py,1000,4,4,16,4,1,4096,,13.9,54.13,81.11,209.36,1566.21,123.43,112.42,8130.4,54.26,0.0005549204798952,5.549204798952309,107.8005693577986,100.23918135864876,70.61546124806293
Leonardo,boost_usr_prod,Mistral-7B-Instruct-v0.3,Text Generation,sonnet,vllm,benchmark_serving.py,1000,2,4,8,4,1,4096,--disable-log-requests --enforce-eager,58.23,58.26,164.87,371.87,5696.57,21.08,21.08,10828.28,72.22,0.0001742545824598,1.7425458245988226,143.48302951240768,65.67768544914175,70.39355495830758
Leonardo,boost_usr_prod,Mistral-7B-Instruct-v0.3,Text Generation,sonnet,sglang,benchmark_serving.py,1000,4,4,16,4,1,16384,,13.95,54.22,81.77,211.08,1848.63,126.01,109.95,8144.36,54.41,0.0004797106385428,4.797106385428309,108.09783116247924,99.6008316008316,70.25654487855468
Leonardo,boost_usr_prod,Llama-3.1-8B-Instruct,Text Generation,sonnet,sglang,benchmark_serving.py,1000,2,4,8,4,1,16384,,14.44,57.3,82.16,297.77,2058.23,103.36,105.83,6563.35,63.5,0.0004410298930061,4.410298930061479,125.78305680677848,79.88498052580331,69.82893471878266
Leonardo,boost_usr_prod,Llama-3.1-8B-Instruct,Text Generation,sonnet,sglang,benchmark_serving.py,1000,4,4,16,4,1,4096,,14.28,56.41,77.09,212.93,2170.57,105.65,106.19,6422.57,61.88,0.000419743033315,4.197430333150045,122.5789794354186,83.31262161110389,69.76401823686659
Leonardo,boost_usr_prod,Mistral-7B-Instruct-v0.3,Text Generation,sonnet,sglang,benchmark_serving.py,1000,4,4,16,4,1,32768,,14.01,54.48,81.83,214.16,1800.75,120.38,111.49,8081.92,53.98,0.0004919758735031,4.9197587350316345,107.2437079118475,98.76475620188197,69.74030064454114
Leonardo,boost_usr_prod,Llama-3.1-8B-Instruct,Text Generation,sonnet,sglang,benchmark_serving.py,1000,2,4,8,4,1,32768,,14.48,57.06,81.89,286.15,2110.38,104.63,103.32,6583.77,62.99,0.000431344976772,4.31344976772073,124.78611302348811,80.3977286603981,69.62112452033841
Leonardo,boost_usr_prod,Mistral-7B-Instruct-v0.3,Text Generation,sonnet,vllm,benchmark_serving.py,1000,8,4,32,4,1,8192,--disable-log-requests --enforce-eager,58.23,58.26,166.72,409.31,5723.83,21.18,21.18,10745.51,71.65,0.0001734247397328,1.7342473973282182,142.3508187916237,64.45243522072937,69.61370177487706
Leonardo,boost_usr_prod,Mistral-7B-Instruct-v0.3,Text Generation,sonnet,sglang,benchmark_serving.py,1000,2,4,8,4,1,4096,,27.17,54.07,100.18,209.9,1791.97,116.31,101.47,8797.37,58.74,0.0004975743251648,4.975743251648215,116.70078935333912,87.81563186264724,69.47102328174282
Leonardo,boost_usr_prod,Mistral-7B-Instruct-v0.3,Text Generation,sonnet,vllm,benchmark_serving.py,1000,2,4,8,4,1,8192,--disable-log-requests --enforce-eager,58.23,58.26,164.22,375.97,5814.42,21.39,21.39,10671.66,71.14,0.0001707300416581,1.7073004165813015,141.3378062330119,64.98392400438436,69.43019194226468
Leonardo,boost_usr_prod,Mistral-7B-Instruct-v0.3,Text Generation,sonnet,vllm,benchmark_serving.py,1000,8,4,32,4,1,4096,--disable-log-requests --enforce-eager,58.23,58.26,165.09,373.13,5796.23,21.42,21.42,10663.36,71.09,0.0001712601493045,1.712601493045982,141.2383983157032,64.5911926827791,69.27252159346403
Leonardo,boost_usr_prod,Mistral-7B-Instruct-v0.3,Text Generation,sonnet,vllm,benchmark_serving.py,1000,4,4,16,4,1,8192,--disable-log-requests --enforce-eager,58.23,58.26,165.71,374.06,5798.58,21.53,21.51,10639.16,70.96,0.000171185390354,1.7118539035404563,140.97970771569317,64.20348802124192,69.06024711733686
Leonardo,boost_usr_prod,Mistral-7B-Instruct-v0.3,Text Generation,sonnet,sglang,benchmark_serving.py,1000,2,4,8,4,1,8192,,27.27,54.43,97.34,209.57,1942.0,117.57,102.58,8634.48,57.66,0.0004625026015771,4.625026015771339,114.55501563481492,88.70433531949865,68.9066014634389
Leonardo,boost_usr_prod,Mistral-7B-Instruct-v0.3,Text Generation,sonnet,vllm,benchmark_serving.py,1000,4,4,16,4,1,4096,--disable-log-requests --enforce-eager,58.23,58.26,165.64,369.75,5773.28,21.52,21.52,10577.92,70.52,0.0001719300176056,1.719300176056338,140.10595324761184,63.86090316348709,68.65607517636305
Leonardo,boost_usr_prod,Mistral-7B-Instruct-v0.3,Text Generation,sonnet,sglang,benchmark_serving.py,1000,2,4,8,4,1,16384,,27.27,54.23,100.36,208.33,1843.54,119.38,102.56,8681.71,58.0,0.0004841489629529,4.841489629529214,115.23018040644372,86.50567955360701,68.50618526938504
Leonardo,boost_usr_prod,Llama-3.1-8B-Instruct,Text Generation,sonnet,sglang,benchmark_serving.py,1000,2,4,8,4,1,4096,,14.36,56.59,83.44,279.98,2099.29,107.14,108.1,6480.31,62.3,0.0004320531598207,4.320531598207844,123.4135346597153,77.664309683605,68.28216162644748
Leonardo,boost_usr_prod,Llama-3.1-8B-Instruct,Text Generation,sonnet,sglang,benchmark_serving.py,500,2,4,8,4,1,32768,,14.24,55.62,81.68,277.83,520.11,70.15,70.29,5898.51,57.16,0.0015138899402013,15.138899402013474,113.22280502445568,72.21486287952987,66.75173562644908
Leonardo,boost_usr_prod,Mistral-7B-Instruct-v0.3,Text Generation,sonnet,sglang,benchmark_serving.py,500,4,4,16,4,1,8192,,13.84,53.62,81.23,200.69,948.29,62.91,59.93,7497.77,50.05,0.0009335934947205,9.335934947205288,99.43623152115444,92.3029668841561,66.51948600217227
Leonardo,boost_usr_prod,Llama-3.1-8B-Instruct,Text Generation,sonnet,sglang,benchmark_serving.py,500,2,4,8,4,1,4096,,14.12,55.15,84.2,277.23,525.05,70.23,71.35,5858.87,57.27,0.0015000825045377,15.000825045377496,113.4312186324191,69.58277909738717,65.93338416161474
Leonardo,boost_usr_prod,Llama-3.1-8B-Instruct,Text Generation,sonnet,sglang,benchmark_serving.py,500,8,4,32,4,1,16384,,14.07,54.68,70.95,154.84,548.05,76.57,77.54,5449.95,54.14,0.0014241768257946,14.24176825794691,107.21492308446992,76.81395348837209,65.8757401727008
Leonardo,boost_usr_prod,Mistral-7B-Instruct-v0.3,Text Generation,sonnet,sglang,benchmark_serving.py,500,4,4,16,4,1,4096,,13.82,53.55,82.19,197.19,922.38,63.21,60.33,7444.54,49.71,0.0009560960685329,9.56096068532966,98.76053865296728,90.57719917264876,65.81401351026855
Leonardo,boost_usr_prod,Llama-3.1-8B-Instruct,Text Generation,sonnet,sglang,benchmark_serving.py,500,2,4,8,4,1,8192,,14.13,55.18,83.4,284.0,537.42,70.32,71.12,5844.55,56.79,0.0014730577733258,14.730577733258698,112.48699261523652,70.07853717026379,65.6791058129728
Leonardo,boost_usr_prod,Mistral-7B-Instruct-v0.3,Text Generation,sonnet,sglang,benchmark_serving.py,500,4,4,16,4,1,16384,,13.9,53.85,82.71,199.34,923.44,63.79,60.54,7439.59,49.68,0.0009544079330387,9.544079330387396,98.70089640245313,89.9478902188369,65.58661661919359
Leonardo,boost_usr_prod,Llama-3.1-8B-Instruct,Text Generation,sonnet,sglang,benchmark_serving.py,500,2,4,8,4,1,16384,,14.16,55.29,84.22,301.47,529.49,69.59,71.26,5857.77,56.32,0.0014917802905988,14.917802905988005,111.56732697676227,69.55319401567324,65.26196624515053
Leonardo,boost_usr_prod,Llama-3.1-8B-Instruct,Text Generation,sonnet,sglang,benchmark_serving.py,500,4,4,16,4,1,32768,,14.23,55.29,75.22,188.38,538.16,74.74,75.45,5569.41,54.38,0.0014527493281034,14.527493281034356,107.70833043196848,74.04161127359745,65.25349566997215
Leonardo,boost_usr_prod,Mistral-7B-Instruct-v0.3,Text Generation,sonnet,sglang,benchmark_serving.py,500,4,4,16,4,1,32768,,13.96,54.11,83.31,203.7,929.52,63.39,60.52,7419.52,49.57,0.0009492799711418,9.492799711418888,98.48203901680124,89.05917656943944,65.21038166981546
Leonardo,boost_usr_prod,Llama-3.1-8B-Instruct,Text Generation,sonnet,sglang,benchmark_serving.py,500,4,4,16,4,1,8192,,14.12,54.86,75.64,197.07,542.51,75.66,75.92,5522.05,54.83,0.0014407353513233,14.407353513233156,108.58185992884908,73.00436277102062,65.17772865703456
Leonardo,boost_usr_prod,Llama-3.1-8B-Instruct,Text Generation,sonnet,sglang,benchmark_serving.py,500,4,4,16,4,1,16384,,14.16,55.0,76.74,195.78,534.63,73.88,75.27,5611.23,54.17,0.0014624586855421,14.624586855421336,107.30410177569102,73.12001563721657,64.85415913848752
Leonardo,boost_usr_prod,Llama-3.1-8B-Instruct,Text Generation,sonnet,sglang,benchmark_serving.py,500,4,4,16,4,1,4096,,14.09,54.73,77.66,203.11,551.72,75.59,76.12,5515.59,54.87,0.0014216055613209,14.216055613209557,108.65904191036287,71.02227659026526,64.50466166689952
Leonardo,boost_usr_prod,Llama-3.1-8B-Instruct,Text Generation,sonnet,sglang,benchmark_serving.py,500,8,4,32,4,1,4096,,14.0,54.4,73.6,156.98,542.92,76.12,77.46,5454.69,52.51,0.0014357501794687,14.357501794687725,104.01865626815804,74.11263586956522,63.963937219628434
Leonardo,boost_usr_prod,Mistral-7B-Instruct-v0.3,Text Generation,sonnet,sglang,benchmark_serving.py,500,2,4,8,4,1,8192,,27.1,53.7,103.18,243.41,944.14,60.39,56.55,7886.91,52.7,0.000942436008595,9.424360085950164,104.70039636707595,76.43836014731536,63.26269244116981
Leonardo,boost_usr_prod,Mistral-7B-Instruct-v0.3,Text Generation,sonnet,sglang,benchmark_serving.py,500,2,4,8,4,1,32768,,27.34,54.18,101.49,235.98,931.06,60.08,57.27,7821.5,52.22,0.0009538253164315,9.538253164315488,103.74733416987142,77.06670607941669,63.178445639036894
Leonardo,boost_usr_prod,Mistral-7B-Instruct-v0.3,Text Generation,sonnet,sglang,benchmark_serving.py,250,4,4,16,4,1,32768,,13.96,54.11,81.21,193.91,424.99,35.31,34.4,6628.43,44.29,0.002021427127552,20.21427127552052,87.9920526262154,81.62085950006158,62.90882516660992
Leonardo,boost_usr_prod,Mistral-7B-Instruct-v0.3,Text Generation,sonnet,sglang,benchmark_serving.py,500,2,4,8,4,1,16384,,27.18,53.86,105.4,245.41,928.62,60.31,56.45,7898.67,52.76,0.0009565899481528,9.565899481528248,104.81984478263658,74.93994307400379,62.871934833497264
Leonardo,boost_usr_prod,Mistral-7B-Instruct-v0.3,Text Generation,sonnet,sglang,benchmark_serving.py,250,4,4,16,4,1,4096,,13.82,53.54,81.92,187.06,411.76,35.19,34.54,6626.48,44.28,0.002076886332011,20.768863320110487,87.97214542271045,80.8896484375,62.85663047255912
Leonardo,boost_usr_prod,Mistral-7B-Instruct-v0.3,Text Generation,sonnet,sglang,benchmark_serving.py,500,2,4,8,4,1,4096,,27.06,53.62,104.73,250.13,931.57,61.4,57.54,7779.53,51.97,0.000951918591922,9.519185919220188,103.25025195684096,74.2817721760718,62.111775974203766
Leonardo,boost_usr_prod,Mistral-7B-Instruct-v0.3,Text Generation,sonnet,sglang,benchmark_serving.py,300,4,4,16,4,1,16384,,13.9,53.85,83.12,196.86,437.59,39.3,38.57,6639.29,44.33,0.001940014744112,19.400147441120552,88.07195073927004,79.8759624639076,62.10082136978323
Leonardo,boost_usr_prod,Mistral-7B-Instruct-v0.3,Text Generation,sonnet,sglang,benchmark_serving.py,300,4,4,16,4,1,8192,,13.84,53.62,81.6,190.2,462.2,39.44,38.71,6595.48,44.07,0.0018506523549551,18.50652354955121,87.55497092423433,80.82696078431373,61.925535572067474
Leonardo,boost_usr_prod,Mistral-7B-Instruct-v0.3,Text Generation,sonnet,sglang,benchmark_serving.py,300,4,4,16,4,1,4096,,13.82,53.55,82.92,191.27,461.66,39.27,38.55,6602.77,44.13,0.0018536368354711,18.536368354711943,87.67402551565392,79.62819585142306,61.59255658837978
Leonardo,boost_usr_prod,Mistral-7B-Instruct-v0.3,Text Generation,sonnet,sglang,benchmark_serving.py,250,4,4,16,4,1,8192,,13.84,53.62,81.15,188.38,473.8,34.89,34.43,6534.27,43.69,0.0018412137280895,18.412137280895568,86.79963280409122,80.52088724584104,61.53868574756464
Leonardo,boost_usr_prod,Mistral-7B-Instruct-v0.3,Text Generation,sonnet,sglang,benchmark_serving.py,250,4,4,16,4,1,16384,,13.9,53.85,83.09,194.24,466.37,35.39,34.55,6589.77,44.02,0.0018645932389849,18.64593238984916,87.45579085258956,79.30882175953785,61.45340886548128
Leonardo,boost_usr_prod,Mistral-7B-Instruct-v0.3,Text Generation,sonnet,sglang,benchmark_serving.py,300,4,4,16,4,1,32768,,13.96,54.11,83.92,197.27,461.18,39.47,38.74,6569.28,43.88,0.0018539461243256,18.539461243256277,87.17769006042498,78.28026692087703,60.99351685793228
Leonardo,boost_usr_prod,Llama-3.1-8B-Instruct,Text Generation,sonnet,vllm,benchmark_serving.py,250,2,4,8,4,1,4096,--disable-log-requests --enforce-eager,58.32,58.34,178.11,356.45,218.08,30.75,30.75,7735.51,51.57,0.0035767937620716,35.767937620716786,102.45695451953748,43.43108191567009,60.894409540700885
Leonardo,boost_usr_prod,Llama-3.1-8B-Instruct,Text Generation,sonnet,sglang,benchmark_serving.py,250,4,4,16,4,1,32768,,14.15,54.91,76.45,182.52,169.23,52.23,52.9,4456.6,43.82,0.0036448461874908,36.44846187490889,86.7866608005475,58.29431000654022,60.55412091174804
Leonardo,boost_usr_prod,Llama-3.1-8B-Instruct,Text Generation,sonnet,sglang,benchmark_serving.py,500,16,4,64,4,1,8192,,13.79,53.59,71.92,152.69,529.53,82.74,83.22,5079.49,49.08,0.0014378351953299,14.378351953299113,97.22061674111887,70.62694660734148,60.54427227045139
Leonardo,boost_usr_prod,Llama-3.1-8B-Instruct,Text Generation,sonnet,vllm,benchmark_serving.py,250,8,4,32,4,1,8192,--disable-log-requests --enforce-eager,58.32,58.34,178.78,357.49,225.89,30.78,30.77,7727.53,51.52,0.0034789869190091,34.78986919009185,102.35757466528688,43.22368273856136,60.46170938716841
Leonardo,boost_usr_prod,Llama-3.1-8B-Instruct,Text Generation,sonnet,vllm,benchmark_serving.py,250,2,4,8,4,1,8192,--disable-log-requests --enforce-eager,58.32,58.34,180.05,359.48,235.63,30.57,30.57,7739.28,51.6,0.0033696128314856,33.69612831485662,102.51649313042942,42.98405998333796,60.06719048606541
Leonardo,boost_usr_prod,Llama-3.1-8B-Instruct,Text Generation,sonnet,vllm,benchmark_serving.py,250,4,4,16,4,1,4096,--disable-log-requests --enforce-eager,58.32,58.34,181.12,355.82,238.35,30.51,30.5,7762.93,51.75,0.0033404596472474,33.40459647247461,102.8146072519924,42.86070008833922,60.029953294587344
Leonardo,boost_usr_prod,Llama-3.1-8B-Instruct,Text Generation,sonnet,vllm,benchmark_serving.py,250,4,4,16,4,1,8192,--disable-log-requests --enforce-eager,58.32,58.34,182.6,353.78,228.6,30.63,30.63,7715.41,51.44,0.003449941350997,34.49941350997033,102.19862374064132,42.25306681270537,59.99831404527369
Leonardo,boost_usr_prod,Llama-3.1-8B-Instruct,Text Generation,sonnet,sglang,benchmark_serving.py,300,4,4,16,4,1,32768,,14.18,55.05,75.89,186.03,259.92,57.26,58.16,4713.08,45.85,0.0026642510790216,26.642510790216868,90.81651463669354,62.10409803663197,59.80938001687177
Leonardo,boost_usr_prod,Llama-3.1-8B-Instruct,Text Generation,sonnet,vllm,benchmark_serving.py,250,8,4,32,4,1,4096,--disable-log-requests --enforce-eager,58.32,58.34,179.41,354.89,239.43,30.71,30.71,7697.7,51.32,0.0033239155725444,33.239155725444576,101.96023858500816,42.9056351373948,59.69759730952028
Leonardo,boost_usr_prod,Mistral-7B-Instruct-v0.3,Text Generation,sonnet,sglang,benchmark_serving.py,250,2,4,8,4,1,32768,,27.34,54.18,102.15,200.14,423.42,33.64,32.93,6901.16,46.06,0.0020408579766934,20.40857976693402,91.50924530963464,67.55907978463044,59.67096605711508
Leonardo,boost_usr_prod,Llama-3.1-8B-Instruct,Text Generation,sonnet,sglang,benchmark_serving.py,250,8,4,32,4,1,16384,,13.99,54.3,72.16,148.12,176.12,53.82,54.81,4301.9,41.81,0.0035118525021949,35.118525021949075,82.81512301696016,59.61613082039912,59.17460219575686
Leonardo,boost_usr_prod,Llama-3.1-8B-Instruct,Text Generation,sonnet,sglang,benchmark_serving.py,250,4,4,16,4,1,16384,,14.08,54.62,76.56,191.35,181.75,52.5,53.36,4386.08,42.87,0.0034769305656966,34.769305656966026,84.91008008670227,57.28944618599791,59.02361393236656
Leonardo,boost_usr_prod,Llama-3.1-8B-Instruct,Text Generation,sonnet,sglang,benchmark_serving.py,250,4,4,16,4,1,4096,,14.01,54.35,79.4,191.47,171.14,52.49,52.97,4417.49,42.73,0.0036153289949385,36.15328994938539,84.64127226908089,55.63589420654911,58.87363730037425
Leonardo,boost_usr_prod,Llama-3.1-8B-Instruct,Text Generation,sonnet,sglang,benchmark_serving.py,250,2,4,8,4,1,16384,,14.04,54.43,85.7,265.21,171.25,51.11,51.6,4524.32,43.81,0.0036501679077237,36.50167907723755,86.77969287213806,52.79253208868144,58.809276731165774
Leonardo,boost_usr_prod,Llama-3.1-8B-Instruct,Text Generation,sonnet,sglang,benchmark_serving.py,300,8,4,32,4,1,16384,,14.02,54.44,71.45,150.11,272.67,60.21,60.84,4513.25,44.01,0.0025398760540485,25.398760540485625,87.16998042683542,63.1665500349895,58.4866679400858
Leonardo,boost_usr_prod,Llama-3.1-8B-Instruct,Text Generation,sonnet,sglang,benchmark_serving.py,300,4,4,16,4,1,16384,,14.11,54.76,77.22,196.66,280.71,57.98,58.15,4672.76,45.24,0.0025199072674125,25.199072674125595,89.61240457821113,60.51230251230252,58.3998390697313
Leonardo,boost_usr_prod,Mistral-7B-Instruct-v0.3,Text Generation,sonnet,sglang,benchmark_serving.py,300,2,4,8,4,1,32768,,27.34,54.18,103.55,202.01,465.98,37.84,36.94,6853.0,45.77,0.0018492492048228,18.49249204822842,90.93267640463444,66.1805890873974,58.38234578194054
Leonardo,boost_usr_prod,Mistral-7B-Instruct-v0.3,Text Generation,sonnet,sglang,benchmark_serving.py,300,2,4,8,4,1,8192,,27.1,53.69,104.69,204.33,475.41,37.61,36.66,6889.33,45.96,0.0018192402852568,18.19240285256877,91.3108483711568,65.80695386378832,58.28933065247896
Leonardo,boost_usr_prod,Llama-3.1-8B-Instruct,Text Generation,sonnet,sglang,benchmark_serving.py,250,2,4,8,4,1,32768,,14.12,54.75,82.92,265.27,183.59,51.69,52.48,4450.95,43.45,0.0034751181540172,34.75118154017237,86.05988674795302,53.67764109985528,58.25260836991632
Leonardo,boost_usr_prod,Llama-3.1-8B-Instruct,Text Generation,sonnet,sglang,benchmark_serving.py,300,4,4,16,4,1,8192,,14.07,54.62,76.37,190.96,296.46,57.91,58.46,4676.66,45.13,0.0024223045805779,24.22304580577962,89.39731152804339,61.23687311771638,58.226720891169066
Leonardo,boost_usr_prod,Mistral-7B-Instruct-v0.3,Text Generation,sonnet,sglang,benchmark_serving.py,300,2,4,8,4,1,4096,,27.06,53.62,105.77,205.6,437.32,37.96,37.26,6842.7,45.73,0.0019510672337768,19.51067233776876,90.85282742221376,64.69414767892597,58.22571717565037
Leonardo,boost_usr_prod,Llama-3.1-8B-Instruct,Text Generation,sonnet,sglang,benchmark_serving.py,250,2,4,8,4,1,4096,,14.01,54.28,84.77,268.9,170.73,52.03,52.84,4431.42,43.22,0.0036284470246734,36.2844702467344,85.60508662149357,52.27580511973576,58.17070697351295
Leonardo,boost_usr_prod,Llama-3.1-8B-Instruct,Text Generation,sonnet,sglang,benchmark_serving.py,250,8,4,32,4,1,4096,,13.92,54.01,73.13,148.87,184.59,54.39,55.22,4248.82,41.56,0.0033990482664853,33.99048266485384,82.31483421048952,58.0995487488035,58.135663337233865
Leonardo,boost_usr_prod,Llama-3.1-8B-Instruct,Text Generation,sonnet,sglang,benchmark_serving.py,250,4,4,16,4,1,8192,,14.04,54.47,77.5,190.69,178.05,53.02,53.86,4372.49,41.36,0.0035096339451795,35.09633945179518,81.94487189188577,56.41922580645161,57.848164114916045
Leonardo,boost_usr_prod,Mistral-7B-Instruct-v0.3,Text Generation,sonnet,sglang,benchmark_serving.py,300,2,4,8,4,1,16384,,27.18,53.86,106.0,204.97,442.18,38.2,37.4,6803.4,45.48,0.0019313221831665,19.31322183166596,90.3559799558468,64.18301886792453,57.82609464549019
Leonardo,boost_usr_prod,Llama-3.1-8B-Instruct,Text Generation,sonnet,sglang,benchmark_serving.py,300,8,4,32,4,1,4096,,13.96,54.16,73.94,150.09,266.44,60.68,60.68,4492.15,43.88,0.002578648788035,25.7864878803507,86.9110398299835,60.753989721395726,57.75843613236026
Leonardo,boost_usr_prod,Llama-3.1-8B-Instruct,Text Generation,sonnet,sglang,benchmark_serving.py,300,2,4,8,4,1,32768,,14.14,54.9,82.11,273.86,278.26,57.41,57.83,4722.67,45.55,0.0025412960609911,25.41296060991106,90.22973709266768,57.51638046522957,57.72375896775024
Leonardo,boost_usr_prod,Mistral-7B-Instruct-v0.3,Text Generation,sharegpt,vllm,benchmark_serving.py,250,4,4,16,4,1,8192,--disable-log-requests --enforce-eager,58.23,58.26,147.38,345.15,117.27,21.36,21.34,7056.58,31.18,0.0062511720947677,62.511720947677695,62.08567005654819,47.880173700637805,57.684768525640905
Leonardo,boost_usr_prod,Mistral-7B-Instruct-v0.3,Text Generation,sonnet,sglang,benchmark_serving.py,1000,2,4,8,4,1,32768,,27.45,54.66,94.61,206.69,2171.73,141.98,125.67,7131.25,47.62,0.0004099402307143,4.0994023071436185,94.60823917970376,75.37522460627841,57.68066997953721
Leonardo,boost_usr_prod,Llama-3.1-8B-Instruct,Text Generation,sonnet,sglang,benchmark_serving.py,300,2,4,8,4,1,8192,,14.03,54.46,83.5,262.25,262.52,57.77,57.82,4704.02,45.32,0.0026447330142022,26.447330142022164,89.77507881095056,56.33556886227545,57.54300107993888
Leonardo,boost_usr_prod,Mistral-7B-Instruct-v0.3,Text Generation,sonnet,sglang,benchmark_serving.py,250,2,4,8,4,1,4096,,27.06,53.62,105.49,206.48,456.92,34.13,33.41,6754.04,45.15,0.0019067231056705,19.067231056705943,89.70036313149066,64.02540525168263,57.46911170452529
Leonardo,boost_usr_prod,Mistral-7B-Instruct-v0.3,Text Generation,sonnet,sglang,benchmark_serving.py,250,2,4,8,4,1,8192,,27.1,53.69,103.2,200.35,473.54,33.88,33.43,6707.25,44.84,0.0018489414810021,18.489414810021263,89.08444348342513,64.99273255813954,57.37278623837644
Leonardo,boost_usr_prod,Mistral-7B-Instruct-v0.3,Text Generation,sonnet,sglang,benchmark_serving.py,250,2,4,8,4,1,16384,,27.18,53.86,105.04,203.7,497.36,33.68,33.13,6768.7,45.22,0.0017725153765708,17.72515376570892,89.83980263930307,64.43926123381569,57.192648772525104
Leonardo,boost_usr_prod,Llama-3.1-8B-Instruct,Text Generation,sonnet,sglang,benchmark_serving.py,250,2,4,8,4,1,8192,,14.01,54.31,85.67,282.13,182.28,51.62,52.38,4441.13,42.41,0.0034930836942853,34.93083694285315,84.01768392832449,51.83996731644683,57.03128663746338
Leonardo,boost_usr_prod,Llama-3.1-8B-Instruct,Text Generation,sonnet,sglang,benchmark_serving.py,300,2,4,8,4,1,16384,,14.06,54.57,85.86,265.54,273.99,57.13,58.32,4721.55,45.37,0.0025677896466721,25.67789646672145,89.87636608124322,54.99126484975542,56.88565401822973
Leonardo,boost_usr_prod,Llama-3.1-8B-Instruct,Text Generation,sonnet,sglang,benchmark_serving.py,300,4,4,16,4,1,4096,,14.04,54.49,77.95,205.27,285.65,60.14,61.15,4503.98,44.37,0.002457364722072,24.573647220720503,87.87432479910296,57.78037203335471,56.72202953741349
Leonardo,boost_usr_prod,Llama-3.1-8B-Instruct,Text Generation,sonnet,sglang,benchmark_serving.py,300,2,4,8,4,1,4096,,14.03,54.43,87.37,265.6,267.6,57.65,58.7,4706.9,45.03,0.0026045057950253,26.04505795025394,89.20657795885042,53.873183014764784,56.42497477382021
Leonardo,boost_usr_prod,Mistral-7B-Instruct-v0.3,Text Generation,sharegpt,vllm,benchmark_serving.py,250,8,4,32,4,1,4096,--disable-log-requests --enforce-eager,58.23,58.26,173.72,345.51,119.31,21.06,21.11,7204.06,31.37,0.0061927173643794,61.92717364379489,62.46798385168539,41.46937600736818,55.56455387082112
Leonardo,boost_usr_prod,Mistral-7B-Instruct-v0.3,Text Generation,sharegpt,vllm,benchmark_serving.py,250,4,4,16,4,1,4096,--disable-log-requests --enforce-eager,58.23,58.26,172.1,339.08,122.88,21.14,21.11,7162.87,31.32,0.0060558347968267,60.55834796826743,62.3672959429762,41.62039511911679,55.11324536794021
Leonardo,boost_usr_prod,Mistral-7B-Instruct-v0.3,Text Generation,sharegpt,vllm,benchmark_serving.py,250,8,4,32,4,1,8192,--disable-log-requests --enforce-eager,58.23,58.26,171.99,350.06,126.47,21.22,21.07,7171.26,31.3,0.0059255747807537,59.25574780753734,62.32796061400391,41.69579626722484,54.68111566883598
Leonardo,boost_usr_prod,Llama-3.1-8B-Instruct,Text Generation,sonnet,sglang,benchmark_serving.py,300,16,4,64,4,1,8192,,13.75,53.35,72.14,145.03,285.85,64.6,64.85,4200.05,41.14,0.0024078979051288,24.078979051288226,81.48187513410153,58.22082062655947,54.521353023531546
Leonardo,boost_usr_prod,Llama-3.1-8B-Instruct,Text Generation,sonnet,sglang,benchmark_serving.py,250,16,4,64,4,1,8192,,13.72,53.21,72.55,140.73,183.64,58.56,59.64,3925.0,38.45,0.0033130135170951,33.130135170951505,76.15398201062206,54.10062026188835,54.46879832553929
Leonardo,boost_usr_prod,Mistral-7B-Instruct-v0.3,Text Generation,sharegpt,vllm,benchmark_serving.py,250,2,4,8,4,1,8192,--disable-log-requests --enforce-eager,58.23,58.26,173.03,340.77,137.35,21.39,21.3,7130.81,30.99,0.0055543212619417,55.5432126194179,61.7118048256025,41.211408426284464,53.054356627717965
Leonardo,boost_usr_prod,Llama-3.1-8B-Instruct,Text Generation,sonnet,vllm,benchmark_serving.py,300,8,4,32,4,1,4096,--disable-log-requests --enforce-eager,58.32,58.34,179.66,356.75,861.99,31.48,31.46,7668.29,51.12,0.0010811628988139,10.811628988139644,101.56293934380994,42.68223310697985,51.865667827096416
Leonardo,boost_usr_prod,Llama-3.1-8B-Instruct,Text Generation,sonnet,vllm,benchmark_serving.py,300,8,4,32,4,1,8192,--disable-log-requests --enforce-eager,58.32,58.34,177.57,368.05,869.7,31.54,31.54,7640.65,50.94,0.0010720641523188,10.720641523188746,101.20526731144017,43.02894633102439,51.82407182970163
Leonardo,boost_usr_prod,Llama-3.1-8B-Instruct,Text Generation,sonnet,vllm,benchmark_serving.py,300,4,4,16,4,1,4096,--disable-log-requests --enforce-eager,58.32,58.34,179.37,355.5,878.88,31.44,31.41,7657.76,51.05,0.0010618754844806,10.6187548448069,101.42386386485072,42.69253498355355,51.75610155602072
Leonardo,boost_usr_prod,Llama-3.1-8B-Instruct,Text Generation,sonnet,vllm,benchmark_serving.py,300,2,4,8,4,1,8192,--disable-log-requests --enforce-eager,58.32,58.34,179.62,374.61,889.46,31.14,31.14,7651.34,51.01,0.0010507071258957,10.50707125895728,101.34435682616343,42.59737223026389,51.66064466262549
Leonardo,boost_usr_prod,Llama-3.1-8B-Instruct,Text Generation,sonnet,vllm,benchmark_serving.py,300,2,4,8,4,1,4096,--disable-log-requests --enforce-eager,58.32,58.34,177.53,364.08,877.0,31.62,31.62,7613.83,50.76,0.0010635582404492,10.63558240449247,100.84766720724788,42.88756829831578,51.628326723452766
Leonardo,boost_usr_prod,Llama-3.1-8B-Instruct,Text Generation,sonnet,vllm,benchmark_serving.py,300,4,4,16,4,1,8192,--disable-log-requests --enforce-eager,58.43,58.71,179.86,364.76,889.23,31.47,31.45,7624.97,50.83,0.0010502546867615,10.502546867615395,100.98679619062509,42.39391749138218,51.47243023704407
Leonardo,boost_usr_prod,Mistral-7B-Instruct-v0.3,Text Generation,sharegpt,vllm,benchmark_serving.py,250,2,4,8,4,1,4096,--disable-log-requests --enforce-eager,58.23,58.26,169.13,341.1,161.87,21.45,21.34,7125.25,30.69,0.0048861526434085,48.8615264340858,61.11675684815692,42.128835806775854,50.873843774130805
Leonardo,boost_usr_prod,Llama-3.1-8B-Instruct,Text Generation,sharegpt,vllm,benchmark_serving.py,250,4,4,16,4,1,8192,--disable-log-requests --enforce-eager,58.32,58.34,161.67,327.78,131.16,29.87,30.67,5916.42,29.82,0.0052164840897235,52.16484089723527,59.34090934775588,36.59565782148822,49.62256558617322
Leonardo,boost_usr_prod,Mistral-7B-Instruct-v0.3,Text Generation,sharegpt,sglang,benchmark_serving.py,500,4,4,16,4,1,32768,,13.96,54.11,78.68,212.06,413.57,52.89,63.95,6121.3,26.82,0.0018853339869157,18.85333986915782,53.40600573833953,77.79994916115912,49.46416123812002
Leonardo,boost_usr_prod,Llama-3.1-8B-Instruct,Text Generation,sonnet,vllm,benchmark_serving.py,500,2,4,8,4,1,8192,--disable-log-requests --enforce-eager,58.32,58.34,176.5,360.54,3899.34,31.56,31.56,7622.5,50.82,0.0002523684781676,2.523684781676029,100.9668435566352,43.18696883852692,49.00660966335444
Leonardo,boost_usr_prod,Mistral-7B-Instruct-v0.3,Text Generation,sharegpt,sglang,benchmark_serving.py,500,4,4,16,4,1,16384,,13.95,54.04,79.94,198.53,428.54,53.78,66.24,6027.29,27.23,0.0018229546448884,18.22954644888435,54.2150679822678,75.39767325494121,48.75842434817292
Leonardo,boost_usr_prod,Llama-3.1-8B-Instruct,Text Generation,sonnet,vllm,benchmark_serving.py,500,4,4,16,4,1,4096,--disable-log-requests --enforce-eager,58.32,58.34,176.83,361.76,3929.9,31.8,31.8,7573.07,50.49,0.0002504069112307,2.504069112307499,100.31122055837432,42.82683933721653,48.66178707594111
Leonardo,boost_usr_prod,Llama-3.1-8B-Instruct,Text Generation,sonnet,vllm,benchmark_serving.py,500,8,4,32,4,1,4096,--disable-log-requests --enforce-eager,58.32,58.34,173.98,351.21,3939.25,31.91,31.9,7533.74,50.22,0.0002498088961944,2.498088961944113,99.7748993401864,43.3023336015634,48.629562775224656
Leonardo,boost_usr_prod,Mistral-7B-Instruct-v0.3,Text Generation,sharegpt,sglang,benchmark_serving.py,500,4,4,16,4,1,8192,,13.91,53.91,83.17,222.15,392.59,53.69,67.76,6053.32,26.82,0.0019453739008637,19.453739008637463,53.403389527214834,72.78249368762775,48.061821682230665
Leonardo,boost_usr_prod,Llama-3.1-8B-Instruct,Text Generation,sonnet,vllm,benchmark_serving.py,500,2,4,8,4,1,4096,--disable-log-requests --enforce-eager,58.32,58.34,178.79,363.52,3950.37,32.16,32.16,7497.59,49.98,0.0002490852344763,2.490852344763854,99.29806499310374,41.93517534537726,48.02748800539571
Leonardo,boost_usr_prod,Llama-3.1-8B-Instruct,Text Generation,sonnet,vllm,benchmark_serving.py,500,4,4,16,4,1,8192,--disable-log-requests --enforce-eager,58.69,58.71,182.06,367.6,3954.39,31.88,31.87,7534.18,50.23,0.0002488713683445,2.4887136834455745,99.79467391662634,41.38295067560145,48.01889600021692
Leonardo,boost_usr_prod,Llama-3.1-8B-Instruct,Text Generation,sonnet,vllm,benchmark_serving.py,1000,2,4,8,4,1,8192,--disable-log-requests --enforce-eager,58.53,58.71,176.58,368.03,8047.48,31.12,31.12,7513.75,50.09,0.00012330881954,1.2330881954000878,99.51657821952872,42.55153471514328,47.87137768992165
Leonardo,boost_usr_prod,Llama-3.1-8B-Instruct,Text Generation,sharegpt,sglang,benchmark_serving.py,500,8,4,32,4,1,16384,,14.03,54.5,72.53,157.15,448.56,65.19,76.98,5358.23,27.27,0.001692820747211,16.928207472110778,54.26383143626404,73.87605128912173,47.8456296413664
Leonardo,boost_usr_prod,Mistral-7B-Instruct-v0.3,Text Generation,sharegpt,sglang,benchmark_serving.py,500,8,4,32,4,1,32768,,13.86,53.7,73.7,166.67,432.23,56.25,69.27,5697.34,25.09,0.0017929179740026,17.929179740026896,49.9599857403236,77.3044776119403,47.81974909914007
Leonardo,boost_usr_prod,Llama-3.1-8B-Instruct,Text Generation,sonnet,vllm,benchmark_serving.py,1000,4,4,16,4,1,4096,--disable-log-requests --enforce-eager,58.32,58.34,175.2,347.54,8076.24,31.43,31.4,7488.3,49.92,0.0001228641601558,1.2286416015589006,99.17883426060796,42.74143835616439,47.81580206710934
Leonardo,boost_usr_prod,Llama-3.1-8B-Instruct,Text Generation,sharegpt,sglang,benchmark_serving.py,1000,8,4,32,4,1,16384,,14.45,57.44,73.32,162.48,1756.93,64.73,76.38,5902.02,29.94,0.0005268592864217,5.268592864217825,59.57777152914046,80.49672667757775,47.8067164305667
Leonardo,boost_usr_prod,Mistral-7B-Instruct-v0.3,Text Generation,sharegpt,sglang,benchmark_serving.py,500,8,4,32,4,1,16384,,13.79,53.4,75.76,154.7,402.36,55.38,67.43,5701.23,25.45,0.0019041453243711,19.04145324371156,50.67379476415655,75.2538278775079,47.78440924347768
Leonardo,boost_usr_prod,Mistral-7B-Instruct-v0.3,Text Generation,sharegpt,sglang,benchmark_serving.py,1000,4,4,16,4,1,16384,,13.98,54.24,82.17,185.65,1619.94,49.33,57.15,6637.28,29.43,0.0005792333267686,5.792333267686889,58.60016421893257,80.77497870268954,47.74144233031127
Leonardo,boost_usr_prod,Llama-3.1-8B-Instruct,Text Generation,sonnet,vllm,benchmark_serving.py,1000,8,4,32,4,1,4096,--disable-log-requests --enforce-eager,58.53,58.71,174.9,363.98,8163.86,31.32,31.32,7471.41,49.81,0.0001215583784112,1.21558378411232,98.9602570061772,42.71818181818182,47.72960405051661
Leonardo,boost_usr_prod,Llama-3.1-8B-Instruct,Text Generation,sharegpt,vllm,benchmark_serving.py,250,8,4,32,4,1,4096,--disable-log-requests --enforce-eager,58.56,58.7,180.38,327.98,138.21,30.05,30.63,5916.1,29.76,0.0050279048720398,50.2790487203982,59.22209268297606,32.79798203791995,47.72574232928164
Leonardo,boost_usr_prod,Llama-3.1-8B-Instruct,Text Generation,sonnet,vllm,benchmark_serving.py,500,8,4,32,4,1,8192,--disable-log-requests --enforce-eager,58.32,58.34,176.93,363.63,4010.9,32.28,32.27,7410.68,49.4,0.0002453716767473,2.45371676747353,98.14575500530825,41.88481320296162,47.606960627693525
Leonardo,boost_usr_prod,Llama-3.1-8B-Instruct,Text Generation,sharegpt,sglang,benchmark_serving.py,500,4,4,16,4,1,32768,,14.18,55.11,76.35,207.02,533.53,63.49,75.38,5588.47,28.26,0.0014872099940511,14.8720999405116,56.23562542618213,73.19541584806812,47.59915969605767
Leonardo,boost_usr_prod,Mistral-7B-Instruct-v0.3,Text Generation,sharegpt,sglang,benchmark_serving.py,500,4,4,16,4,1,4096,,13.82,53.54,83.29,204.26,418.57,53.76,65.37,6029.85,26.72,0.0018597731076808,18.59773107680863,53.20423672144464,72.39584583983671,47.57933972015387
Leonardo,boost_usr_prod,Llama-3.1-8B-Instruct,Text Generation,sharegpt,sglang,benchmark_serving.py,300,4,4,16,4,1,32768,,14.14,54.87,75.96,188.23,193.58,51.42,56.41,4742.76,24.04,0.0033177399555422,33.17739955542285,47.83752219518334,62.43759873617695,47.52510499078273
Leonardo,boost_usr_prod,Llama-3.1-8B-Instruct,Text Generation,sharegpt,sglang,benchmark_serving.py,1000,4,4,16,4,1,4096,,14.25,56.21,77.48,220.65,1680.12,66.18,89.78,6028.95,30.66,0.0005446385778397,5.446385778397455,61.00973726031874,77.8129839958699,47.49523671184187
Leonardo,boost_usr_prod,Llama-3.1-8B-Instruct,Text Generation,sharegpt,sglang,benchmark_serving.py,1000,4,4,16,4,1,32768,,14.66,57.88,80.91,193.49,1591.58,64.29,79.75,6140.06,31.34,0.0005761629849851,5.761629849851927,62.36169439673333,75.88752935360277,47.44593963699188
Leonardo,boost_usr_prod,Llama-3.1-8B-Instruct,Text Generation,sharegpt,sglang,benchmark_serving.py,1000,8,4,32,4,1,4096,,14.21,55.93,73.08,154.71,1708.94,66.47,88.2,5824.08,29.61,0.0005365929566808,5.365929566808505,58.92044464261004,79.69458128078819,47.35963324105453
Leonardo,boost_usr_prod,Llama-3.1-8B-Instruct,Text Generation,sharegpt,sglang,benchmark_serving.py,1000,8,4,32,4,1,8192,,14.32,56.62,74.44,164.53,1700.13,65.21,80.9,5893.06,29.8,0.0005416413900684,5.416413900684634,59.30013135546003,79.16523374529824,47.33650018558463
Leonardo,boost_usr_prod,Llama-3.1-8B-Instruct,Text Generation,sharegpt,sglang,benchmark_serving.py,250,4,4,16,4,1,32768,,14.1,54.72,77.14,188.85,159.49,46.81,49.83,4477.25,22.82,0.0039042673642291,39.04267364229103,45.40855808909639,58.040575576873216,47.28640297327115
Leonardo,boost_usr_prod,Llama-3.1-8B-Instruct,Text Generation,sonnet,vllm,benchmark_serving.py,1000,2,4,8,4,1,4096,--disable-log-requests --enforce-eager,58.48,58.71,177.59,364.91,8134.14,31.68,31.62,7432.26,49.55,0.0001219893039778,1.219893039778272,98.44368755688797,41.85066726730109,47.27783092840287
Leonardo,boost_usr_prod,Llama-3.1-8B-Instruct,Text Generation,sharegpt,vllm,benchmark_serving.py,250,2,4,8,4,1,4096,--disable-log-requests --enforce-eager,58.32,58.34,184.31,330.44,142.25,29.69,30.41,5916.33,29.82,0.0049419322955275,49.41932295527552,59.340904820766376,32.099886061526774,47.250440983542816
Leonardo,boost_usr_prod,Mistral-7B-Instruct-v0.3,Text Generation,sharegpt,sglang,benchmark_serving.py,500,8,4,32,4,1,4096,,13.73,53.16,75.41,165.23,456.92,55.75,67.29,5718.49,25.29,0.0017242568452996,17.242568452996757,50.35729505656553,75.83198514785838,47.25018884056586
Leonardo,boost_usr_prod,Llama-3.1-8B-Instruct,Text Generation,sonnet,vllm,benchmark_serving.py,1000,8,4,32,4,1,8192,--disable-log-requests --enforce-eager,58.32,58.34,175.59,359.48,8158.92,31.75,31.75,7397.92,49.32,0.0001216186961989,1.2161869619892929,97.98674794957596,42.13178427017484,47.21116883638814
Leonardo,boost_usr_prod,Mistral-7B-Instruct-v0.3,Text Generation,sharegpt,sglang,benchmark_serving.py,500,8,4,32,4,1,8192,,13.74,53.23,75.95,166.18,393.35,56.2,68.58,5631.75,24.91,0.0019300175631598,19.300175631598247,49.60060972375925,74.15075707702435,47.15450928546935
Leonardo,boost_usr_prod,Llama-3.1-8B-Instruct,Text Generation,sonnet,vllm,benchmark_serving.py,1000,4,4,16,4,1,8192,--disable-log-requests --enforce-eager,58.69,58.71,180.19,362.73,8142.3,31.54,31.52,7441.64,49.61,0.0001218715571285,1.2187155712851112,98.56292618721842,41.29885121260892,47.14139058592605
Leonardo,boost_usr_prod,Llama-3.1-8B-Instruct,Text Generation,sharegpt,vllm,benchmark_serving.py,250,8,4,32,4,1,8192,--disable-log-requests --enforce-eager,58.56,58.7,183.32,331.03,143.9,29.78,30.53,5908.01,29.82,0.0048969198374222,48.96919837422261,59.34048573300347,32.22785293475889,47.13820553557972
Leonardo,boost_usr_prod,Mistral-7B-Instruct-v0.3,Text Generation,sharegpt,sglang,benchmark_serving.py,1000,4,4,16,4,1,8192,,13.94,54.11,82.27,201.97,1599.54,49.56,57.9,6545.91,28.99,0.0005858230814294,5.858230814294084,57.724355016806335,79.5661845144038,47.07925822718336
Leonardo,boost_usr_prod,Mistral-7B-Instruct-v0.3,Text Generation,sharegpt,sglang,benchmark_serving.py,1000,4,4,16,4,1,32768,,13.99,54.3,81.22,220.01,1631.29,49.76,59.42,6508.83,28.7,0.0005745574471263,5.745574471263509,57.148011863807895,80.13826643683822,47.02806461371251
Leonardo,boost_usr_prod,Llama-3.1-8B-Instruct,Text Generation,sharegpt,sglang,benchmark_serving.py,500,8,4,32,4,1,4096,,13.97,54.26,73.02,162.11,517.39,65.68,77.83,5322.17,27.12,0.0015130882130428,15.130882130428205,53.96501232873896,72.88646946042181,46.816274343451816
Leonardo,boost_usr_prod,Mistral-7B-Instruct-v0.3,Text Generation,sharegpt,sglang,benchmark_serving.py,1000,8,4,32,4,1,4096,,13.76,53.46,74.9,155.78,1519.3,52.22,66.5,6153.93,27.2,0.0006104931563717,6.10493156371717,54.1606133506333,82.16194926568758,46.78210903589918
Leonardo,boost_usr_prod,Llama-3.1-8B-Instruct,Text Generation,sharegpt,vllm,benchmark_serving.py,250,4,4,16,4,1,4096,--disable-log-requests --enforce-eager,58.32,58.34,185.18,341.83,148.56,29.83,30.4,5924.48,29.86,0.0047895014129029,47.89501412902917,59.42051438110688,31.993087806458576,46.725067791513005
Leonardo,boost_usr_prod,Llama-3.1-8B-Instruct,Text Generation,sharegpt,sglang,benchmark_serving.py,500,4,4,16,4,1,8192,,14.07,54.62,80.65,211.85,537.06,62.66,73.58,5621.3,28.54,0.001485222040695,14.85222040695084,56.79166206476644,69.69993800371978,46.66290020157421
Leonardo,boost_usr_prod,Mistral-7B-Instruct-v0.3,Text Generation,sharegpt,sglang,benchmark_serving.py,1000,4,4,16,4,1,4096,,13.86,53.82,82.65,213.49,1503.12,50.27,65.65,6489.18,28.69,0.0006176499654116,6.17649965411602,57.1274278867176,78.51397459165155,46.64780723321193
Leonardo,boost_usr_prod,Llama-3.1-8B-Instruct,Text Generation,sharegpt,sglang,benchmark_serving.py,250,8,4,32,4,1,4096,,13.89,53.88,72.53,143.63,156.79,48.53,51.57,4252.47,21.59,0.0038927167270037,38.92716727003776,42.96188041347104,58.63049772507928,46.60403548441836
Leonardo,boost_usr_prod,Llama-3.1-8B-Instruct,Text Generation,sharegpt,sglang,benchmark_serving.py,1000,4,4,16,4,1,8192,,14.5,57.47,81.73,205.03,1363.01,67.09,98.39,6034.01,30.63,0.0006542404595384,6.542404595384988,60.95060095900168,73.82858191606509,46.57276810163231
Leonardo,boost_usr_prod,Llama-3.1-8B-Instruct,Text Generation,sharegpt,sglang,benchmark_serving.py,250,4,4,16,4,1,16384,,14.03,54.42,81.91,193.31,155.05,46.71,49.58,4490.84,22.82,0.0039786743057213,39.786743057213336,45.40925492837298,54.82651690880235,46.511124725916105
Leonardo,boost_usr_prod,Llama-3.1-8B-Instruct,Text Generation,sharegpt,sglang,benchmark_serving.py,250,8,4,32,4,1,16384,,13.95,54.11,72.34,147.03,155.84,48.88,52.2,4237.02,21.46,0.0038922621827806,38.92262182780632,42.7037108076121,58.57091512303014,46.49564593541192
Leonardo,boost_usr_prod,Mistral-7B-Instruct-v0.3,Text Generation,sonnet,vllm,benchmark_serving.py,150,8,4,32,4,1,8192,--disable-log-requests --enforce-eager,58.23,58.26,199.31,421.31,265.99,23.19,23.04,5827.2,38.85,0.003202869771315,32.028697713150976,77.18540414759507,29.23686719181175,46.48859213403342
Leonardo,boost_usr_prod,Llama-3.1-8B-Instruct,Text Generation,sharegpt,sglang,benchmark_serving.py,500,8,4,32,4,1,8192,,13.99,54.34,74.0,159.95,541.15,65.17,77.35,5354.96,27.13,0.0014626939897903,14.62693989790396,53.98648658792402,72.36432432432433,46.4851487889653
Leonardo,boost_usr_prod,Llama-3.1-8B-Instruct,Text Generation,sharegpt,sglang,benchmark_serving.py,250,4,4,16,4,1,8192,,13.99,54.24,82.72,187.28,154.68,46.38,49.24,4481.03,22.74,0.0039952057530962,39.95205753096284,45.25036678160741,54.17105899419729,46.30356314441701
Leonardo,boost_usr_prod,Llama-3.1-8B-Instruct,Text Generation,sharegpt,vllm,benchmark_serving.py,250,2,4,8,4,1,8192,--disable-log-requests --enforce-eager,58.32,58.34,183.45,335.92,154.57,29.8,30.31,5891.09,29.76,0.004658095770449,46.58095770449041,59.22083430588514,32.11278277459799,46.248699771399046
Leonardo,boost_usr_prod,Llama-3.1-8B-Instruct,Text Generation,sharegpt,sglang,benchmark_serving.py,300,8,4,32,4,1,16384,,13.99,54.26,73.16,149.5,190.62,54.16,58.87,4486.6,22.8,0.0032932652725177,32.932652725177014,45.36944161085732,61.32586112629853,46.24698763466721
Leonardo,boost_usr_prod,Llama-3.1-8B-Instruct,Text Generation,sharegpt,sglang,benchmark_serving.py,500,4,4,16,4,1,16384,,14.12,54.81,81.0,233.51,525.35,64.09,75.55,5579.89,28.2,0.0015037820117595,15.037820117595752,56.11639542161413,68.88753086419753,46.23644315987457
Leonardo,boost_usr_prod,Llama-3.1-8B-Instruct,Text Generation,sharegpt,sglang,benchmark_serving.py,250,4,4,16,4,1,4096,,13.97,54.16,80.35,189.42,156.07,47.17,50.32,4420.42,22.43,0.0039438397223536,39.43839722353683,44.63352154585458,55.01456129433728,46.18911199578101
Leonardo,boost_usr_prod,Mistral-7B-Instruct-v0.3,Text Generation,sharegpt,sglang,benchmark_serving.py,250,4,4,16,4,1,8192,,13.91,53.91,82.37,200.35,162.78,43.58,48.1,4743.51,21.16,0.0039298907490371,39.29890749037177,42.1320559870883,57.58783537695763,46.11463490296286
Leonardo,boost_usr_prod,Llama-3.1-8B-Instruct,Text Generation,sharegpt,sglang,benchmark_serving.py,300,8,4,32,4,1,8192,,13.95,54.1,74.63,151.35,195.26,53.09,57.99,4532.9,22.93,0.0032643468042044,32.64346804204479,45.62918151028462,60.73830899102238,46.04895972491916
Leonardo,boost_usr_prod,Llama-3.1-8B-Instruct,Text Generation,sharegpt,sglang,benchmark_serving.py,250,8,4,32,4,1,8192,,13.91,53.96,73.66,147.93,160.02,48.75,51.89,4245.19,21.49,0.003836415253587,38.36415253587048,42.76352250461717,57.632229161010045,46.02572284528902
Leonardo,boost_usr_prod,Llama-3.1-8B-Instruct,Text Generation,sharegpt,sglang,benchmark_serving.py,300,8,4,32,4,1,4096,,13.93,54.02,73.09,145.17,193.15,53.9,58.77,4471.48,22.66,0.0032698973252239,32.69897325223988,45.09149105279319,61.177726091120526,46.02563021286981
Leonardo,boost_usr_prod,Mistral-7B-Instruct-v0.3,Text Generation,sonnet,vllm,benchmark_serving.py,150,2,4,8,4,1,8192,--disable-log-requests --enforce-eager,58.23,58.26,197.59,393.63,285.07,23.05,22.93,5833.91,38.9,0.003020691738408,30.206917384080956,77.28467258433356,29.52533022926261,45.995246262624974
Leonardo,boost_usr_prod,Mistral-7B-Instruct-v0.3,Text Generation,sonnet,vllm,benchmark_serving.py,150,2,4,8,4,1,4096,--disable-log-requests --enforce-eager,58.23,58.26,195.88,404.68,281.39,23.19,23.02,5800.9,38.68,0.003052503052503,30.52503052503053,76.84758561403389,29.61455993465387,45.98334866637114
Leonardo,boost_usr_prod,Llama-3.1-8B-Instruct,Text Generation,sharegpt,sglang,benchmark_serving.py,500,2,4,8,4,1,8192,,14.1,54.99,87.23,262.92,541.0,59.22,65.87,5743.2,29.22,0.0015012986233091,15.012986233091624,58.14417661916493,65.83973403645534,45.94215026143294
Leonardo,boost_usr_prod,Mistral-7B-Instruct-v0.3,Text Generation,sonnet,vllm,benchmark_serving.py,150,4,4,16,4,1,4096,--disable-log-requests --enforce-eager,58.23,58.26,195.12,422.51,290.38,23.22,22.91,5818.0,38.79,0.0029716798906421,29.716798906421797,77.0661813040932,29.817548175481758,45.84782868772926
Leonardo,boost_usr_prod,Llama-3.1-8B-Instruct,Text Generation,sharegpt,sglang,benchmark_serving.py,300,4,4,16,4,1,16384,,14.07,54.57,82.23,195.45,199.61,51.25,56.84,4759.94,24.04,0.0032499187520311,32.499187520311985,47.83839296987028,57.88568648911588,45.83819704317905
Leonardo,boost_usr_prod,Mistral-7B-Instruct-v0.3,Text Generation,sharegpt,sglang,benchmark_serving.py,250,4,4,16,4,1,16384,,13.95,54.04,81.35,180.58,158.91,43.69,48.33,4685.2,20.41,0.0039851751484477,39.85175148447775,40.64294831063348,57.59311616472034,45.79799510304833
Leonardo,boost_usr_prod,Mistral-7B-Instruct-v0.3,Text Generation,sonnet,vllm,benchmark_serving.py,150,8,4,32,4,1,4096,--disable-log-requests --enforce-eager,58.23,58.26,194.41,414.77,290.4,23.36,23.1,5803.63,38.69,0.0029685922935344,29.68592293534406,76.86756107162908,29.852528162131577,45.780993574252975
Leonardo,boost_usr_prod,Llama-3.1-8B-Instruct,Text Generation,sharegpt,sglang,benchmark_serving.py,300,4,4,16,4,1,8192,,14.02,54.38,82.41,193.11,191.06,51.44,55.92,4691.23,23.89,0.0033509818376784,33.509818376784395,47.53791407217632,56.925494478825385,45.77238726587077
Leonardo,boost_usr_prod,Llama-3.1-8B-Instruct,Text Generation,sharegpt,sglang,benchmark_serving.py,250,2,4,8,4,1,4096,,13.93,53.96,87.72,254.01,150.17,45.57,48.32,4491.59,22.84,0.004097353109891,40.97353109891011,45.44888971586668,51.20371637026904,45.7688123155102
Leonardo,boost_usr_prod,Llama-3.1-8B-Instruct,Text Generation,sharegpt,sglang,benchmark_serving.py,300,4,4,16,4,1,4096,,14.0,54.31,78.16,185.65,189.31,53.43,58.08,4587.42,23.18,0.0033242470580413,33.24247058041354,46.12692300351364,58.69268167860799,45.7672519556898
Leonardo,boost_usr_prod,Llama-3.1-8B-Instruct,Text Generation,sharegpt,sglang,benchmark_serving.py,250,2,4,8,4,1,16384,,13.97,54.15,89.61,262.98,147.25,45.22,48.14,4519.37,22.88,0.0041561032376044,41.56103237604422,45.52949996147283,50.4337685526169,45.74958693159321
Leonardo,boost_usr_prod,Llama-3.1-8B-Instruct,Text Generation,sharegpt,sglang,benchmark_serving.py,250,8,4,32,4,1,32768,,14.03,54.44,76.81,156.7,157.97,48.21,51.34,4284.1,21.71,0.0038831935383659,38.83193538365953,43.20107529129246,55.775289675823466,45.73931632574718
Leonardo,boost_usr_prod,Llama-3.1-8B-Instruct,Text Generation,sharegpt,sglang,benchmark_serving.py,300,2,4,8,4,1,4096,,13.97,54.24,87.36,256.16,189.1,49.47,53.83,4806.72,24.37,0.0034199726402188,34.19972640218879,48.49413544355414,55.02197802197802,45.722945994585565
Leonardo,boost_usr_prod,Llama-3.1-8B-Instruct,Text Generation,sharegpt,sglang,benchmark_serving.py,500,2,4,8,4,1,4096,,14.1,54.97,85.28,288.58,523.38,60.68,69.97,5625.64,28.62,0.0015289818509854,15.289818509854287,56.950269991121736,65.96669793621014,45.67097342991909
Leonardo,boost_usr_prod,Llama-3.1-8B-Instruct,Text Generation,sharegpt,sglang,benchmark_serving.py,1000,2,4,8,4,1,8192,,14.37,56.39,87.49,262.25,1670.07,60.69,72.91,6164.59,31.34,0.0005544251442891,5.544251442891437,62.36295458470319,70.46050977254544,45.63581317659671
Leonardo,boost_usr_prod,Mistral-7B-Instruct-v0.3,Text Generation,sharegpt,sglang,benchmark_serving.py,1000,8,4,32,4,1,16384,,13.83,53.7,75.71,150.7,1670.58,53.17,69.82,6002.22,26.94,0.0005575472381897,5.575472381897556,53.63924885058616,79.27909126931714,45.50231442522595
Leonardo,boost_usr_prod,Llama-3.1-8B-Instruct,Text Generation,sharegpt,sglang,benchmark_serving.py,250,2,4,8,4,1,32768,,14.04,54.43,90.91,262.31,152.78,44.86,47.66,4551.39,23.03,0.0040766408479412,40.766408479412966,45.82811009920383,50.06478935210649,45.4628689094038
Leonardo,boost_usr_prod,Llama-3.1-8B-Instruct,Text Generation,sharegpt,sglang,benchmark_serving.py,300,2,4,8,4,1,8192,,13.98,54.27,88.42,255.22,188.17,49.65,53.98,4775.45,24.43,0.0034270047978067,34.27004797806717,48.61131674125186,54.0087084370052,45.46245070441013
Leonardo,boost_usr_prod,Llama-3.1-8B-Instruct,Text Generation,sharegpt,sglang,benchmark_serving.py,250,2,4,8,4,1,8192,,13.93,53.98,89.6,256.22,155.28,45.13,47.79,4525.14,23.0,0.0040290088638195,40.29008863819501,45.76737743341234,50.50379464285715,45.42075275006079
Leonardo,boost_usr_prod,Mistral-7B-Instruct-v0.3,Text Generation,sharegpt,sglang,benchmark_serving.py,500,2,4,8,4,1,16384,,27.3,54.09,102.41,201.97,387.87,51.56,64.19,6292.64,28.06,0.0019856240816488,19.856240816488626,55.870861898207465,61.44556195684016,45.40979474918552
Leonardo,boost_usr_prod,Mistral-7B-Instruct-v0.3,Text Generation,sharegpt,sglang,benchmark_serving.py,250,4,4,16,4,1,32768,,13.96,54.11,79.88,189.92,163.26,44.56,49.2,4601.51,20.21,0.0038907478017274,38.907478017274926,40.24325017525943,57.605282924386586,45.344938121265386
Leonardo,boost_usr_prod,Mistral-7B-Instruct-v0.3,Text Generation,sharegpt,sglang,benchmark_serving.py,250,4,4,16,4,1,4096,,13.82,53.54,82.46,183.23,162.46,44.17,48.6,4600.63,20.64,0.0039180347137875,39.18034713787564,41.09563094127805,55.79226291535291,45.14735667982519
Leonardo,boost_usr_prod,Llama-3.1-8B-Instruct,Text Generation,sharegpt,sglang,benchmark_serving.py,500,2,4,8,4,1,32768,,14.23,55.44,89.7,276.2,514.39,59.07,68.38,5691.43,28.84,0.0015580206905147,15.5802069051477,57.389193587016,63.44960981047938,45.11347130668906
Leonardo,boost_usr_prod,Mistral-7B-Instruct-v0.3,Text Generation,sharegpt,sglang,benchmark_serving.py,500,16,4,64,4,1,16384,,13.58,52.59,73.13,137.52,409.78,60.41,72.61,5256.19,23.39,0.0018422991893883,18.42299189388357,46.57275165827585,71.8746068644879,45.09842700437033
Leonardo,boost_usr_prod,Llama-3.1-8B-Instruct,Text Generation,sharegpt,sglang,benchmark_serving.py,500,2,4,8,4,1,16384,,14.16,55.16,88.23,274.28,524.21,59.95,68.99,5646.86,28.63,0.0015310418739952,15.310418739952537,56.97115202387812,64.00158676187237,45.05624182350159
Leonardo,boost_usr_prod,Llama-3.1-8B-Instruct,Text Generation,sharegpt,sglang,benchmark_serving.py,500,8,4,32,4,1,32768,,14.12,54.82,77.56,173.46,557.68,65.56,73.82,5302.26,27.04,0.0014345967348578,14.345967348578316,53.80560689021072,68.36333161423414,45.0478013577432
Leonardo,boost_usr_prod,Mistral-7B-Instruct-v0.3,Text Generation,sharegpt,sglang,benchmark_serving.py,500,2,4,8,4,1,4096,,27.06,53.61,98.86,196.46,457.54,51.58,60.68,6227.59,27.84,0.0017550017550017,17.55001755001755,55.432194301590776,62.9940319643941,44.97204225815294
Leonardo,boost_usr_prod,Llama-3.1-8B-Instruct,Text Generation,sharegpt,sglang,benchmark_serving.py,300,2,4,8,4,1,16384,,14.02,54.44,89.92,261.72,191.29,49.81,54.83,4774.16,24.21,0.0033791775081945,33.791775081945055,48.1756986643381,53.09341637010676,44.85883431217044
Leonardo,boost_usr_prod,Llama-3.1-8B-Instruct,Text Generation,sharegpt,sglang,benchmark_serving.py,500,16,4,64,4,1,4096,,13.73,53.29,71.33,143.06,438.71,71.39,82.9,4924.15,25.08,0.0016863406408094,16.863406408094434,49.90581646033827,69.03336604514229,44.79221290971265
Leonardo,boost_usr_prod,Llama-3.1-8B-Instruct,Text Generation,sharegpt,sglang,benchmark_serving.py,1000,16,4,64,4,1,4096,,14.16,56.18,71.47,154.4,1712.64,70.04,82.69,5411.56,27.68,0.0005360866744935,5.36086674493532,55.07827593560864,75.7179236043095,44.779044064764
Leonardo,boost_usr_prod,Mistral-7B-Instruct-v0.3,Text Generation,sharegpt,sglang,benchmark_serving.py,500,16,4,64,4,1,32768,,13.66,52.9,73.21,141.63,422.57,61.3,74.31,5228.93,23.38,0.00179153678025,17.915367802500985,46.55185371769755,71.42371260756728,44.77444335128903
Leonardo,boost_usr_prod,Mistral-7B-Instruct-v0.3,Text Generation,sharegpt,sglang,benchmark_serving.py,500,2,4,8,4,1,8192,,27.1,53.69,102.13,202.62,420.36,51.67,62.13,6264.46,27.66,0.001872098247716,18.7209824771604,55.07681468249175,61.338098501909336,44.71944255489272
Leonardo,boost_usr_prod,Mistral-7B-Instruct-v0.3,Text Generation,sharegpt,sglang,benchmark_serving.py,250,8,4,32,4,1,8192,,13.74,53.23,74.35,149.33,166.39,46.3,51.39,4367.17,19.22,0.0037867312935474,37.8673129354741,38.271566094214144,58.737995965030265,44.68337757890369
Leonardo,boost_usr_prod,Mistral-7B-Instruct-v0.3,Text Generation,sharegpt,sglang,benchmark_serving.py,1000,2,4,8,4,1,32768,,27.4,54.38,100.89,215.37,1624.19,47.3,55.41,6880.93,30.85,0.0005790723261335,5.790723261335341,61.42460856682359,68.2022995341461,44.67794867250079
Leonardo,boost_usr_prod,Mistral-7B-Instruct-v0.3,Text Generation,sonnet,vllm,benchmark_serving.py,150,4,4,16,4,1,8192,--disable-log-requests --enforce-eager,58.23,58.26,198.4,422.72,329.47,23.1,22.75,5815.3,38.77,0.0026643930512629,26.64393051262922,77.0264725225356,29.310987903225808,44.6274531609883
Leonardo,boost_usr_prod,Llama-3.1-8B-Instruct,Text Generation,sharegpt,sglang,benchmark_serving.py,300,2,4,8,4,1,32768,,14.09,54.72,91.86,271.0,195.23,49.5,54.11,4799.35,24.28,0.0033462722527104,33.46272252710481,48.31557063870985,52.24635314609189,44.52345268312639
Leonardo,boost_usr_prod,Mistral-7B-Instruct-v0.3,Text Generation,sharegpt,sglang,benchmark_serving.py,500,2,4,8,4,1,32768,,27.34,54.18,103.81,210.96,428.84,51.89,62.08,6254.63,27.85,0.0018422652493506,18.422652493506018,55.45308397320803,60.250746556208455,44.39798929666948
Leonardo,boost_usr_prod,Llama-3.1-8B-Instruct,Text Generation,sharegpt,sglang,benchmark_serving.py,300,8,4,32,4,1,32768,,14.07,54.58,77.89,157.97,191.75,54.67,60.68,4409.79,22.4,0.0032562683165092,32.5626831650928,44.57358371369458,56.6156117601746,44.34332650204358
Leonardo,boost_usr_prod,Mistral-7B-Instruct-v0.3,Text Generation,sharegpt,sglang,benchmark_serving.py,250,8,4,32,4,1,4096,,13.73,53.16,75.18,149.47,161.94,46.09,51.75,4311.0,18.89,0.0038494110401108,38.49411040110864,37.61517729087806,57.34237829209896,44.22671886874714
Leonardo,boost_usr_prod,Mistral-7B-Instruct-v0.3,Text Generation,sharegpt,sglang,benchmark_serving.py,250,8,4,32,4,1,16384,,13.78,53.4,75.72,146.57,168.62,46.34,51.55,4386.32,19.09,0.0037522044200968,37.52204420096807,38.01455428666117,57.928156365557314,44.21945352277229
Leonardo,boost_usr_prod,Mistral-7B-Instruct-v0.3,Text Generation,sharegpt,sglang,benchmark_serving.py,500,16,4,64,4,1,8192,,13.55,52.45,71.94,141.81,406.75,62.04,74.7,5070.44,22.52,0.0018399602568584,18.39960256858452,44.840842574848416,70.48151237142062,44.0558353076218
Leonardo,boost_usr_prod,Llama-3.1-8B-Instruct,Text Generation,sharegpt,sglang,benchmark_serving.py,250,16,4,64,4,1,4096,,13.65,52.91,70.75,131.54,162.52,52.51,55.87,3942.4,20.05,0.0036913990402362,36.9139904023625,39.89709396964,55.72296819787986,43.94711850980241
Leonardo,boost_usr_prod,Mistral-7B-Instruct-v0.3,Text Generation,sharegpt,vllm,benchmark_serving.py,150,4,4,16,4,1,8192,--disable-log-requests --enforce-eager,58.23,58.26,161.06,401.51,152.51,20.42,21.49,5326.14,23.37,0.0051435037547577,51.4350375475774,46.53581049479298,33.06929094747299,43.89226143759729
Leonardo,boost_usr_prod,Mistral-7B-Instruct-v0.3,Text Generation,sharegpt,sglang,benchmark_serving.py,500,16,4,64,4,1,4096,,13.52,52.33,73.38,134.95,439.71,61.58,73.06,5133.45,22.63,0.0017410986332375,17.41098633237573,45.06135416828288,69.95707277187245,43.62685905722312
Leonardo,boost_usr_prod,Llama-3.1-8B-Instruct,Text Generation,sharegpt,sglang,benchmark_serving.py,1000,16,4,64,4,1,32768,,14.14,55.52,73.81,160.11,1667.56,72.08,97.38,5362.02,27.32,0.0005443598872086,5.443598872086313,54.363015285730725,72.64625389513617,43.58105006010137
Leonardo,boost_usr_prod,Llama-3.1-8B-Instruct,Text Generation,sharegpt,sglang,benchmark_serving.py,300,16,4,64,4,1,4096,,13.68,53.05,71.24,136.02,192.85,58.77,64.07,4126.34,21.1,0.0031676644809781,31.67664480978175,41.985308527670085,57.92167321729366,43.5799995642676
Leonardo,boost_usr_prod,Llama-3.1-8B-Instruct,Text Generation,sharegpt,sglang,benchmark_serving.py,300,16,4,64,4,1,32768,,13.83,53.61,73.47,141.77,197.08,57.25,62.57,4193.22,21.25,0.0031555695803092,31.55569580309245,42.28570852325441,57.073907717435695,43.36972794053736
Leonardo,boost_usr_prod,Llama-3.1-8B-Instruct,Text Generation,sharegpt,sglang,benchmark_serving.py,250,16,4,64,4,1,32768,,13.79,53.47,73.41,138.27,163.31,52.18,55.6,3954.06,20.02,0.0036888118337083,36.88811833708362,39.83829273693534,53.862689006947285,43.32304024738958
Leonardo,boost_usr_prod,Mistral-7B-Instruct-v0.3,Text Generation,sharegpt,sglang,benchmark_serving.py,250,2,4,8,4,1,4096,,27.06,53.61,97.08,196.06,165.67,42.67,47.06,4756.68,21.03,0.0039154267815191,39.15426781519186,41.87486490389748,48.99752781211373,43.229114024366766
Leonardo,boost_usr_prod,Mistral-7B-Instruct-v0.3,Text Generation,sharegpt,sglang,benchmark_serving.py,300,4,4,16,4,1,8192,,13.91,53.91,82.84,200.02,258.81,48.47,54.52,4891.27,21.72,0.0027639579878385,27.63957987838585,43.24795466711718,59.04478512795751,42.99609298641744
Leonardo,boost_usr_prod,Llama-3.1-8B-Instruct,Text Generation,sharegpt,sglang,benchmark_serving.py,500,16,4,64,4,1,32768,,13.88,53.85,73.42,150.54,555.59,70.78,82.93,4894.57,24.81,0.0014098406880022,14.098406880022557,49.36975053766938,66.6653500408608,42.91208553509072
Leonardo,boost_usr_prod,Llama-3.1-8B-Instruct,Text Generation,sharegpt,sglang,benchmark_serving.py,1000,16,4,64,4,1,16384,,14.25,56.49,75.5,162.82,1589.33,71.67,89.22,5326.69,26.97,0.0005713567437236,5.7135674372364615,53.66826780184022,70.55218543046357,42.76652331903442
Leonardo,boost_usr_prod,Mistral-7B-Instruct-v0.3,Text Generation,sharegpt,sglang,benchmark_serving.py,300,4,4,16,4,1,32768,,13.96,54.11,80.22,194.63,259.89,48.99,56.14,4761.13,21.3,0.0027395759136485,27.395759136485676,42.41026800183171,59.35090999750686,42.72634042623011
Leonardo,boost_usr_prod,Mistral-7B-Instruct-v0.3,Text Generation,sharegpt,sglang,benchmark_serving.py,300,8,4,32,4,1,4096,,13.73,53.16,75.92,150.28,256.34,50.61,58.0,4618.43,20.5,0.0027401013837511,27.40101383751199,40.8188159769602,60.83285036880928,42.66125425493952
Leonardo,boost_usr_prod,Mistral-7B-Instruct-v0.3,Text Generation,sharegpt,sglang,benchmark_serving.py,300,4,4,16,4,1,16384,,13.95,54.04,81.45,182.72,255.85,48.75,56.32,4789.93,21.27,0.0027706971073922,27.7069710739222,42.3519334469571,58.80822590546347,42.63865982684728
Leonardo,boost_usr_prod,Mistral-7B-Instruct-v0.3,Text Generation,sharegpt,sglang,benchmark_serving.py,300,8,4,32,4,1,16384,,13.78,53.4,76.0,146.57,259.28,51.19,60.67,4626.93,20.63,0.0026944010346499,26.94401034649997,41.07685146614568,60.88065789473685,42.60890354261532
Leonardo,boost_usr_prod,Mistral-7B-Instruct-v0.3,Text Generation,sharegpt,vllm,benchmark_serving.py,150,2,4,8,4,1,4096,--disable-log-requests --enforce-eager,58.23,58.26,174.01,390.67,157.24,20.38,21.53,5350.31,23.18,0.0050213406979663,50.21340697966357,46.1600136224316,30.74714096890984,42.60604811476351
Leonardo,boost_usr_prod,Mistral-7B-Instruct-v0.3,Text Generation,sharegpt,vllm,benchmark_serving.py,150,4,4,16,4,1,4096,--disable-log-requests --enforce-eager,58.23,58.26,179.09,397.65,153.89,20.61,21.61,5306.1,23.2,0.0050991790321758,50.99179032175819,46.198007242977496,29.628119939695125,42.52552955271258
Leonardo,boost_usr_prod,Llama-3.1-8B-Instruct,Text Generation,sharegpt,sglang,benchmark_serving.py,250,16,4,64,4,1,16384,,13.71,53.16,74.63,137.69,166.14,53.02,56.16,3889.44,19.84,0.0036321371494987,36.32137149498765,39.4786198993165,52.11630711510117,42.44921535089578
Leonardo,boost_usr_prod,Mistral-7B-Instruct-v0.3,Text Generation,sharegpt,sglang,benchmark_serving.py,250,8,4,32,4,1,32768,,13.86,53.7,73.72,155.49,216.05,46.08,51.37,4285.28,19.13,0.0031897926634768,31.89792663476874,38.08996187630825,58.12913727618014,42.39720602214383
Leonardo,boost_usr_prod,Mistral-7B-Instruct-v0.3,Text Generation,sharegpt,sglang,benchmark_serving.py,250,2,4,8,4,1,8192,,27.1,53.69,101.24,202.09,164.0,43.05,47.94,4673.99,20.83,0.003921722420487,39.21722420487078,41.475162711243456,46.16742394310549,42.2089872132726
Leonardo,boost_usr_prod,Mistral-7B-Instruct-v0.3,Text Generation,sharegpt,sglang,benchmark_serving.py,250,2,4,8,4,1,16384,,27.3,54.09,100.87,207.75,166.4,42.99,47.7,4668.71,20.78,0.0038896884359562,38.8968843595628,41.37583993142112,46.28442549816595,42.10374241834764
Leonardo,boost_usr_prod,Mistral-7B-Instruct-v0.3,Text Generation,sharegpt,sglang,benchmark_serving.py,300,4,4,16,4,1,4096,,13.82,53.54,82.87,190.12,257.54,49.88,57.68,4763.56,21.24,0.0027389756231169,27.389756231169542,42.29142885805049,57.482321708700375,42.08594587711893
Leonardo,boost_usr_prod,Llama-3.1-8B-Instruct,Text Generation,sharegpt,sglang,benchmark_serving.py,300,16,4,64,4,1,16384,,13.75,53.31,75.02,139.57,195.3,58.92,65.27,4074.07,20.69,0.0031299884190428,31.299884190428493,41.17091516963144,54.30645161290323,42.01813629854941
Leonardo,boost_usr_prod,Llama-3.1-8B-Instruct,Text Generation,sharegpt,sglang,benchmark_serving.py,250,16,4,64,4,1,8192,,13.68,53.0,75.7,138.44,160.27,53.57,56.6,3849.94,19.46,0.0036976778583049,36.97677858304984,38.72426340001034,50.85785997357992,42.01286946578604
Leonardo,boost_usr_prod,Llama-3.1-8B-Instruct,Text Generation,sharegpt,sglang,benchmark_serving.py,1000,16,4,64,4,1,8192,,14.06,55.21,75.7,164.19,1696.84,73.76,100.46,5247.19,26.57,0.000534456404391,5.344564043910938,52.87227264797791,69.31558784676353,41.97471258620654
Leonardo,boost_usr_prod,Llama-3.1-8B-Instruct,Text Generation,sharegpt,sglang,benchmark_serving.py,300,16,4,64,4,1,8192,,13.71,53.15,75.56,141.67,196.25,58.83,64.19,4073.73,20.75,0.0031321452062517,31.32145206251762,41.28968635821887,53.9138433033351,41.94021692011764
Leonardo,boost_usr_prod,Mistral-7B-Instruct-v0.3,Text Generation,sharegpt,vllm,benchmark_serving.py,150,8,4,32,4,1,8192,--disable-log-requests --enforce-eager,58.23,58.26,185.31,389.01,155.97,20.58,21.66,5292.21,23.0,0.0050451541294586,50.45154129458654,45.80094859845613,28.558685446009388,41.86462590635752
Leonardo,boost_usr_prod,Mistral-7B-Instruct-v0.3,Text Generation,sharegpt,sglang,benchmark_serving.py,1000,2,4,8,4,1,16384,,27.35,54.29,97.15,213.66,1573.67,59.08,116.88,6333.13,28.14,0.0005715494133045,5.715494133045272,56.03103726142736,65.18919197117859,41.854362104897845
Leonardo,boost_usr_prod,Mistral-7B-Instruct-v0.3,Text Generation,sharegpt,vllm,benchmark_serving.py,150,2,4,8,4,1,8192,--disable-log-requests --enforce-eager,58.23,58.26,185.28,390.68,159.23,20.54,21.59,5320.78,23.28,0.0049662296384584,49.66229638458483,46.35717353472828,28.717508635578582,41.836222535951606
Leonardo,boost_usr_prod,Mistral-7B-Instruct-v0.3,Text Generation,sharegpt,sglang,benchmark_serving.py,300,8,4,32,4,1,8192,,13.74,53.23,74.67,150.26,270.37,52.02,58.97,4529.07,19.94,0.0026221942521501,26.22194252150199,39.70519115148132,60.6544797107272,41.82465895624703
Leonardo,boost_usr_prod,Llama-3.1-8B-Instruct,Text Generation,sharegpt,sglang,benchmark_serving.py,500,16,4,64,4,1,8192,,13.78,53.54,75.68,151.47,553.52,71.82,80.56,4827.92,24.47,0.0014166312508853,14.166312508853949,48.693201659388464,63.793868921775896,41.78627287217071
Leonardo,boost_usr_prod,Llama-3.1-8B-Instruct,Text Generation,sharegpt,sglang,benchmark_serving.py,500,16,4,64,4,1,16384,,13.8,53.55,74.96,147.81,556.4,72.27,84.44,4792.13,24.35,0.001402308199296,14.023081992960416,48.453794264691226,63.9291622198506,41.69946983795376
Leonardo,boost_usr_prod,Mistral-7B-Instruct-v0.3,Text Generation,sharegpt,vllm,benchmark_serving.py,150,8,4,32,4,1,4096,--disable-log-requests --enforce-eager,58.23,58.26,187.0,389.29,158.67,20.55,21.66,5328.71,23.11,0.0049780963759458,49.78096375945838,46.0204147747869,28.49577540106952,41.691116829985646
Leonardo,boost_usr_prod,Mistral-7B-Instruct-v0.3,Text Generation,sharegpt,sglang,benchmark_serving.py,250,2,4,8,4,1,32768,,27.34,54.18,103.02,206.78,169.21,43.43,48.35,4692.56,20.77,0.0038315644277558,38.315644277558526,41.35694772061366,45.54999029314697,41.66467817318558
Leonardo,boost_usr_prod,Mistral-7B-Instruct-v0.3,Text Generation,sharegpt,sglang,benchmark_serving.py,300,8,4,32,4,1,32768,,13.86,53.7,73.87,158.36,306.67,51.11,61.11,4569.82,20.17,0.0023872615722504,23.87261572250471,40.162732119242094,61.86300257208609,41.56817908926146
Leonardo,boost_usr_prod,Mistral-7B-Instruct-v0.3,Text Generation,sharegpt,sglang,benchmark_serving.py,250,16,4,64,4,1,8192,,13.55,52.45,71.52,128.5,214.89,49.99,55.3,4068.73,18.11,0.0031232431757136,31.23243175713661,36.05949843889167,56.88940156599553,41.08386476776818
Leonardo,boost_usr_prod,Llama-3.1-8B-Instruct,Text Generation,sharegpt,vllm,benchmark_serving.py,150,4,4,16,4,1,8192,--disable-log-requests --enforce-eager,58.32,58.34,169.18,377.91,158.23,25.52,26.84,4606.87,23.22,0.0047485635595232,47.485635595232445,46.20710241053629,27.230582811207,40.56931742154761
Leonardo,boost_usr_prod,Mistral-7B-Instruct-v0.3,Text Generation,sharegpt,sglang,benchmark_serving.py,300,16,4,64,4,1,8192,,13.55,52.45,72.2,130.79,260.42,54.02,62.99,4222.43,18.79,0.0026494979201441,26.494979201441325,37.4135082358378,58.48240997229917,40.44325691981064
Leonardo,boost_usr_prod,Mistral-7B-Instruct-v0.3,Text Generation,sharegpt,sglang,benchmark_serving.py,300,2,4,8,4,1,4096,,27.06,53.61,99.3,196.79,259.5,48.37,55.6,4972.97,22.1,0.0027512587008556,27.51258700855641,44.004443180976445,50.08026183282981,40.34147405094672
Leonardo,boost_usr_prod,Mistral-7B-Instruct-v0.3,Text Generation,sharegpt,sglang,benchmark_serving.py,300,16,4,64,4,1,16384,,13.58,52.58,72.64,127.62,268.72,54.92,63.45,4237.92,18.85,0.0025833785424578,25.83378542457826,37.5330553447802,58.34140969162996,40.21397696290346
Leonardo,boost_usr_prod,Mistral-7B-Instruct-v0.3,Text Generation,sharegpt,sglang,benchmark_serving.py,250,16,4,64,4,1,32768,,13.66,52.9,74.27,130.11,215.06,49.33,54.72,3990.66,17.87,0.0031337156466422,31.33715646642224,35.580671318413486,53.73178941699206,39.9462340602816
Leonardo,boost_usr_prod,Mistral-7B-Instruct-v0.3,Text Generation,sharegpt,sglang,benchmark_serving.py,1000,2,4,8,4,1,4096,,27.11,53.82,94.79,208.62,1906.3,62.09,153.61,5973.09,26.84,0.0004712535344015,4.71253534401508,53.439868665134426,63.013925519569575,39.936273529373096
Leonardo,boost_usr_prod,Mistral-7B-Instruct-v0.3,Text Generation,sharegpt,sglang,benchmark_serving.py,250,16,4,64,4,1,16384,,13.58,52.58,73.14,127.35,221.98,50.01,55.51,3965.29,17.62,0.0030534351145038,30.53435114503817,35.084101724618435,54.21506699480448,39.65909541402068
Leonardo,boost_usr_prod,Mistral-7B-Instruct-v0.3,Text Generation,sharegpt,sglang,benchmark_serving.py,300,2,4,8,4,1,16384,,27.3,54.09,102.5,200.76,264.66,47.87,54.9,4954.2,21.97,0.0027216068366763,27.216068366763736,43.74600305053887,48.33365853658536,39.5938750135902
Leonardo,boost_usr_prod,Mistral-7B-Instruct-v0.3,Text Generation,sharegpt,vllm,benchmark_serving.py,300,4,4,16,4,1,8192,--disable-log-requests --enforce-eager,58.23,58.26,157.07,346.04,710.39,22.41,23.09,7000.23,30.68,0.0013229438145761,13.22943814576195,61.09225019236486,44.56758133316356,39.531000061575455
Leonardo,boost_usr_prod,Mistral-7B-Instruct-v0.3,Text Generation,sharegpt,sglang,benchmark_serving.py,300,2,4,8,4,1,8192,,27.1,53.69,102.87,201.48,258.47,47.33,55.97,4924.11,21.88,0.0027641871907565,27.64187190756558,43.56641513630234,47.86730825313502,39.5283562359183
Leonardo,boost_usr_prod,Mistral-7B-Instruct-v0.3,Text Generation,sharegpt,sglang,benchmark_serving.py,1000,2,4,8,4,1,8192,,27.15,53.9,97.09,213.0,1665.91,64.82,173.12,5928.59,26.38,0.0005252514641384,5.252514641384563,52.52627778141619,61.06282830363581,39.18489448091572
Leonardo,boost_usr_prod,Mistral-7B-Instruct-v0.3,Text Generation,sharegpt,sglang,benchmark_serving.py,300,2,4,8,4,1,32768,,27.34,54.18,103.92,207.6,256.74,47.96,55.42,4878.51,21.61,0.0027768521603909,27.768521603909807,43.029395647453526,46.94486143187067,39.09364752366215
Leonardo,boost_usr_prod,Mistral-7B-Instruct-v0.3,Text Generation,sharegpt,vllm,benchmark_serving.py,300,2,4,8,4,1,8192,--disable-log-requests --enforce-eager,58.23,58.26,168.98,345.04,719.44,22.09,23.15,7068.74,31.1,0.0013077365695454,13.077365695454306,61.92754033893722,41.83181441590721,38.88784866478343
Leonardo,boost_usr_prod,Llama-3.1-8B-Instruct,Text Generation,sharegpt,vllm,benchmark_serving.py,150,4,4,16,4,1,4096,--disable-log-requests --enforce-eager,58.32,58.34,188.65,394.91,167.87,25.65,26.84,4581.51,23.14,0.0045380286803412,45.3802868034126,46.047426579653184,24.28576729393056,38.85686808430015
Leonardo,boost_usr_prod,Mistral-7B-Instruct-v0.3,Text Generation,sharegpt,vllm,benchmark_serving.py,300,4,4,16,4,1,4096,--disable-log-requests --enforce-eager,58.23,58.26,170.0,342.76,712.76,22.34,23.45,7075.44,31.08,0.0013183046602069,13.183046602069735,61.8881464345418,41.62023529411764,38.84268092656557
Leonardo,boost_usr_prod,Mistral-7B-Instruct-v0.3,Text Generation,sharegpt,sglang,benchmark_serving.py,250,16,4,64,4,1,4096,,13.52,52.33,73.81,128.5,221.55,50.62,56.07,3891.09,17.12,0.0030465513039239,30.46551303923958,34.09001092571791,52.71765343449397,38.81852724712362
Leonardo,boost_usr_prod,Llama-3.1-8B-Instruct,Text Generation,sharegpt,vllm,benchmark_serving.py,150,8,4,32,4,1,8192,--disable-log-requests --enforce-eager,58.32,58.34,188.11,382.55,168.38,26.0,27.12,4550.6,23.04,0.0045146726862302,45.14672686230248,45.84786909332611,24.191164744032747,38.679335343004205
Leonardo,boost_usr_prod,Llama-3.1-8B-Instruct,Text Generation,sharegpt,sglang,benchmark_serving.py,1000,4,4,16,4,1,16384,,14.4,57.34,77.63,202.42,2565.04,99.68,301.99,4943.24,25.04,0.0003370737281365,3.370737281365553,49.82759812248907,63.6769290222852,38.46405132444184
Leonardo,boost_usr_prod,Llama-3.1-8B-Instruct,Text Generation,sharegpt,vllm,benchmark_serving.py,150,8,4,32,4,1,4096,--disable-log-requests --enforce-eager,58.32,58.34,188.44,374.28,175.67,25.8,26.84,4572.98,23.08,0.0043800096360211,43.80009636021199,45.928198674516864,24.267565272765864,38.27324119909289
Leonardo,boost_usr_prod,Mistral-7B-Instruct-v0.3,Text Generation,sharegpt,vllm,benchmark_serving.py,500,2,4,8,4,1,4096,--disable-log-requests --enforce-eager,58.23,58.26,146.37,337.73,2124.48,23.76,23.37,4753.18,38.87,0.0004604878408185,4.604878408185631,77.10942356611471,32.47373095579695,38.17445657711714
Leonardo,boost_usr_prod,Llama-3.1-8B-Instruct,Text Generation,sharegpt,vllm,benchmark_serving.py,150,2,4,8,4,1,8192,--disable-log-requests --enforce-eager,58.32,58.34,184.7,392.16,181.77,25.83,26.89,4572.58,23.16,0.0042645741822679,42.64574182267901,46.08657269558331,24.75679480238224,38.09116127297151
Leonardo,boost_usr_prod,Mistral-7B-Instruct-v0.3,Text Generation,sharegpt,vllm,benchmark_serving.py,300,2,4,8,4,1,4096,--disable-log-requests --enforce-eager,58.23,58.26,168.22,341.08,768.49,22.55,22.75,6927.37,30.44,0.0012288182454933,12.288182454933091,60.61365366401209,41.18041849958388,37.96435820030821
Leonardo,boost_usr_prod,Mistral-7B-Instruct-v0.3,Text Generation,sharegpt,vllm,benchmark_serving.py,300,8,4,32,4,1,8192,--disable-log-requests --enforce-eager,58.23,58.26,171.91,346.11,777.99,22.32,23.58,7012.42,30.62,0.0012137542633118,12.137542633118498,60.97375576455621,40.79122796812285,37.91103440500872
Leonardo,boost_usr_prod,Llama-3.1-8B-Instruct,Text Generation,sharegpt,vllm,benchmark_serving.py,150,2,4,8,4,1,4096,--disable-log-requests --enforce-eager,58.32,58.34,190.6,384.15,186.44,25.54,26.8,4589.78,23.23,0.0041879554401541,41.87955440154117,46.22603870357966,24.080692549842603,37.66172327169072
Leonardo,boost_usr_prod,Mistral-7B-Instruct-v0.3,Text Generation,sharegpt,vllm,benchmark_serving.py,300,8,4,32,4,1,4096,--disable-log-requests --enforce-eager,58.23,58.26,175.27,351.97,771.72,22.38,23.87,6976.04,30.65,0.001222538723914,12.2253872391408,61.03184984636111,39.80167741199292,37.64399738090839
Leonardo,boost_usr_prod,Llama-3.1-8B-Instruct,Text Generation,sonnet,vllm,benchmark_serving.py,150,4,4,16,4,1,8192,--disable-log-requests --enforce-eager,58.32,58.34,204.28,417.68,314.85,29.2,29.08,4656.62,31.04,0.0026800310883606,26.80031088360625,61.6689285485722,22.79528098688075,37.37403132274252
Leonardo,boost_usr_prod,Llama-3.1-8B-Instruct,Text Generation,sonnet,vllm,benchmark_serving.py,150,8,4,32,4,1,8192,--disable-log-requests --enforce-eager,58.32,58.34,202.76,417.39,320.04,29.3,29.24,4630.6,30.87,0.0026414496275556,26.414496275556026,61.33113459917151,22.83783783783784,37.14162260551547
Leonardo,boost_usr_prod,Llama-3.1-8B-Instruct,Text Generation,sonnet,vllm,benchmark_serving.py,150,2,4,8,4,1,4096,--disable-log-requests --enforce-eager,58.32,58.34,203.45,407.04,315.03,29.46,29.32,4614.88,30.77,0.0026751558278269,26.751558278269712,61.13239594028823,22.683116244777587,37.13914163263853
Leonardo,boost_usr_prod,Llama-3.1-8B-Instruct,Text Generation,sonnet,vllm,benchmark_serving.py,150,8,4,32,4,1,4096,--disable-log-requests --enforce-eager,58.32,58.34,200.61,390.63,326.48,29.31,29.12,4629.92,30.87,0.0025980099243979,25.98009924397911,61.33107494652194,23.07920841433627,37.07114591735797
Leonardo,boost_usr_prod,Llama-3.1-8B-Instruct,Text Generation,sonnet,vllm,benchmark_serving.py,150,4,4,16,4,1,4096,--disable-log-requests --enforce-eager,58.32,58.34,201.02,411.96,332.07,29.15,29.11,4607.42,30.72,0.0025619347731406,25.61934773140676,61.0330617014579,22.920206944582628,36.79628542944043
Leonardo,boost_usr_prod,Llama-3.1-8B-Instruct,Text Generation,sonnet,vllm,benchmark_serving.py,150,2,4,8,4,1,8192,--disable-log-requests --enforce-eager,58.32,58.34,201.49,424.09,335.9,29.41,29.34,4593.63,30.62,0.0025338907893069,25.33890789306981,60.83449233929826,22.79830264529257,36.594412925498766
Leonardo,boost_usr_prod,Llama-3.1-8B-Instruct,Text Generation,sharegpt,sglang,benchmark_serving.py,1000,8,4,32,4,1,32768,,14.34,56.47,76.56,165.14,1663.44,112.91,374.96,4575.89,23.18,0.0004648330552082,4.64833055208222,46.12633867281863,59.76867816091954,36.38936454796054
Leonardo,boost_usr_prod,Llama-3.1-8B-Instruct,Text Generation,sharegpt,sglang,benchmark_serving.py,1000,2,4,8,4,1,4096,,14.39,57.34,79.76,268.42,1832.35,118.59,450.95,4580.32,23.18,0.0004163387998617,4.163387998617756,46.12656352775062,57.426278836509525,35.4749927466483
Leonardo,boost_usr_prod,Mistral-7B-Instruct-v0.3,Text Generation,sharegpt,vllm,benchmark_serving.py,500,4,4,16,4,1,8192,--disable-log-requests --enforce-eager,58.23,58.26,160.93,345.18,3284.29,22.64,22.75,6898.91,30.03,0.0003003291607601,3.003291607601932,59.79970018502109,42.86901137140372,35.07110084834102
Leonardo,boost_usr_prod,Mistral-7B-Instruct-v0.3,Text Generation,sharegpt,vllm,benchmark_serving.py,1000,2,4,8,4,1,8192,--disable-log-requests --enforce-eager,58.23,58.26,171.36,344.72,5929.42,22.06,22.16,7145.73,31.06,0.0001674021199804,1.6740211998044745,61.85115456910401,41.7001050420168,34.942593374874264
Leonardo,boost_usr_prod,Mistral-7B-Instruct-v0.3,Text Generation,sharegpt,vllm,benchmark_serving.py,500,2,4,8,4,1,8192,--disable-log-requests --enforce-eager,58.23,58.26,167.56,345.3,3250.32,22.79,22.63,6856.96,30.29,0.0003034219932397,3.03421993239758,60.31357026389341,40.92241585103844,34.63342173907124
Leonardo,boost_usr_prod,Mistral-7B-Instruct-v0.3,Text Generation,sharegpt,vllm,benchmark_serving.py,500,4,4,16,4,1,4096,--disable-log-requests --enforce-eager,58.23,58.26,168.99,339.34,3264.62,22.68,22.79,6921.4,30.24,0.0003021065892468,3.021065892468181,60.21690881576145,40.95745310373395,34.60729639399294
Leonardo,boost_usr_prod,Mistral-7B-Instruct-v0.3,Text Generation,sharegpt,vllm,benchmark_serving.py,500,8,4,32,4,1,8192,--disable-log-requests --enforce-eager,58.23,58.26,170.06,347.93,3248.89,22.59,22.88,6929.59,30.06,0.0003035490960307,3.03549096030792,59.860330735022586,40.74791250147007,34.4239113768828
Leonardo,boost_usr_prod,Mistral-7B-Instruct-v0.3,Text Generation,sharegpt,vllm,benchmark_serving.py,1000,4,4,16,4,1,8192,--disable-log-requests --enforce-eager,58.23,58.26,167.53,347.29,5892.39,22.47,22.67,6967.25,30.21,0.0001684202016663,1.6842020166634946,60.15914989153208,41.58807377783084,34.33492325769237
Leonardo,boost_usr_prod,Mistral-7B-Instruct-v0.3,Text Generation,sharegpt,sglang,benchmark_serving.py,300,16,4,64,4,1,4096,,13.52,52.33,73.53,131.25,287.37,64.41,133.43,3707.76,16.26,0.0020609632942437,20.60963294243729,32.378009570303064,50.42513259893921,34.15184088599227
Leonardo,boost_usr_prod,Llama-3.1-8B-Instruct,Text Generation,sharegpt,vllm,benchmark_serving.py,300,4,4,16,4,1,8192,--disable-log-requests --enforce-eager,58.52,58.71,159.72,333.61,1029.05,31.92,33.94,5720.31,28.82,0.0009133170762893,9.133170762893752,57.35105457695338,35.81461307287754,34.065312798868845
Leonardo,boost_usr_prod,Mistral-7B-Instruct-v0.3,Text Generation,sharegpt,vllm,benchmark_serving.py,1000,8,4,32,4,1,8192,--disable-log-requests --enforce-eager,58.23,58.26,172.26,345.51,6030.19,22.24,22.31,6914.23,30.08,0.0001646160987959,1.6461609879599786,59.899410711791376,40.138337396958086,33.76976234494205
Leonardo,boost_usr_prod,Mistral-7B-Instruct-v0.3,Text Generation,sharegpt,vllm,benchmark_serving.py,1000,4,4,16,4,1,4096,--disable-log-requests --enforce-eager,58.23,58.26,173.04,338.57,6121.38,22.42,22.45,6900.64,29.83,0.0001621731198053,1.6217311980539224,59.40321253825498,39.878871937124366,33.50971989022482
Leonardo,boost_usr_prod,Llama-3.1-8B-Instruct,Text Generation,sharegpt,vllm,benchmark_serving.py,300,2,4,8,4,1,8192,--disable-log-requests --enforce-eager,58.32,58.34,176.41,334.46,1015.27,32.14,34.32,5729.51,28.88,0.0009244451018276,9.24445101827628,57.47031680730204,32.478374241823026,33.07610081808
Leonardo,boost_usr_prod,Llama-3.1-8B-Instruct,Text Generation,sharegpt,vllm,benchmark_serving.py,300,8,4,32,4,1,8192,--disable-log-requests --enforce-eager,58.68,58.7,182.13,328.24,1008.65,32.2,34.42,5715.3,28.88,0.0009299989770011,9.299989770011251,57.46960018662367,31.380332729369133,32.743367058654
Leonardo,boost_usr_prod,Llama-3.1-8B-Instruct,Text Generation,sharegpt,vllm,benchmark_serving.py,300,2,4,8,4,1,4096,--disable-log-requests --enforce-eager,58.32,58.34,183.36,329.85,1011.5,32.29,34.11,5724.22,28.87,0.0009277298450691,9.27729845069116,57.450250700058575,31.218477312390924,32.67727945122001
Leonardo,boost_usr_prod,Llama-3.1-8B-Instruct,Text Generation,sharegpt,vllm,benchmark_serving.py,300,8,4,32,4,1,4096,--disable-log-requests --enforce-eager,58.68,58.7,180.24,327.71,1041.18,32.24,34.08,5695.4,28.67,0.000902934537246,9.029345372460496,57.05280263868193,31.598979138925877,32.57960364824471
Leonardo,boost_usr_prod,Llama-3.1-8B-Instruct,Text Generation,sharegpt,vllm,benchmark_serving.py,300,4,4,16,4,1,4096,--disable-log-requests --enforce-eager,58.57,58.71,182.33,337.89,1053.5,32.23,33.48,5689.34,28.66,0.000893487370556,8.934873705560172,57.03269828611402,31.203532057258816,32.414104735492046
Leonardo,boost_usr_prod,Mistral-7B-Instruct-v0.3,Text Generation,sharegpt,sglang,benchmark_serving.py,300,16,4,64,4,1,32768,,13.66,52.9,73.79,132.13,274.82,70.36,170.55,3451.17,15.36,0.0019389990886704,19.389990886704283,30.583881403016846,46.77015855807019,31.957567317087648
Leonardo,boost_usr_prod,Mistral-7B-Instruct-v0.3,Text Generation,sharegpt,vllm,benchmark_serving.py,500,8,4,32,4,1,4096,--disable-log-requests --enforce-eager,58.23,58.26,127.91,359.71,1064.82,22.06,21.81,2047.12,35.36,0.0009019653825686,9.019653825686172,69.5191917329338,16.00437807833633,31.82460847499842
Leonardo,boost_usr_prod,Llama-3.1-8B-Instruct,Text Generation,sharegpt,vllm,benchmark_serving.py,500,4,4,16,4,1,8192,--disable-log-requests --enforce-eager,58.69,58.71,165.56,328.98,4615.76,32.2,33.06,5667.49,28.61,0.000213628653584,2.1362865358404792,56.9325991116729,34.23224208746074,31.037738588141988
Leonardo,boost_usr_prod,Llama-3.1-8B-Instruct,Text Generation,sharegpt,vllm,benchmark_serving.py,1000,4,4,16,4,1,8192,--disable-log-requests --enforce-eager,58.69,58.71,170.41,329.73,8458.75,31.75,32.91,5688.05,28.7,0.0001173239349039,1.1732393490398796,57.11183277211703,33.37861627838742,30.498081730277327
Leonardo,boost_usr_prod,Llama-3.1-8B-Instruct,Text Generation,sharegpt,vllm,benchmark_serving.py,500,2,4,8,4,1,8192,--disable-log-requests --enforce-eager,58.55,58.71,173.93,338.66,4702.43,32.06,32.92,5673.42,28.55,0.0002097574993549,2.0975749935499564,56.81409793457349,32.61898464899672,30.468043883240924
Leonardo,boost_usr_prod,Llama-3.1-8B-Instruct,Text Generation,sharegpt,vllm,benchmark_serving.py,500,8,4,32,4,1,4096,--disable-log-requests --enforce-eager,58.68,58.7,176.09,327.1,4651.48,32.21,33.02,5634.88,28.5,0.0002120121864604,2.1201218646047777,56.7131571605649,32.0,30.24331486855769
Leonardo,boost_usr_prod,Llama-3.1-8B-Instruct,Text Generation,sharegpt,vllm,benchmark_serving.py,500,8,4,32,4,1,8192,--disable-log-requests --enforce-eager,58.68,58.7,179.25,335.57,4663.79,32.08,33.34,5683.82,28.61,0.0002114518069614,2.114518069614164,56.9334206983718,31.70889818688982,30.223146600919968
Leonardo,boost_usr_prod,Llama-3.1-8B-Instruct,Text Generation,sharegpt,vllm,benchmark_serving.py,500,2,4,8,4,1,4096,--disable-log-requests --enforce-eager,58.32,58.34,180.1,328.32,4607.49,32.15,33.11,5665.16,28.62,0.0002140067412123,2.140067412123482,56.95228098029781,31.455635757912276,30.15720189595517
Leonardo,boost_usr_prod,Llama-3.1-8B-Instruct,Text Generation,sharegpt,sglang,benchmark_serving.py,150,4,4,16,4,1,32768,,14.03,54.6,76.61,204.05,410.83,43.01,50.02,3066.91,15.57,0.0019846782836502,19.846782836502207,30.98270788456049,40.03276334682156,30.092511116144216
Leonardo,boost_usr_prod,Llama-3.1-8B-Instruct,Text Generation,sharegpt,vllm,benchmark_serving.py,1000,8,4,32,4,1,4096,--disable-log-requests --enforce-eager,58.68,58.7,177.39,325.57,8387.91,31.59,32.53,5683.8,28.68,0.0001183147717175,1.183147717175637,57.07201915805394,32.04126500930154,30.059961540554557
Leonardo,boost_usr_prod,Llama-3.1-8B-Instruct,Text Generation,sharegpt,vllm,benchmark_serving.py,500,4,4,16,4,1,4096,--disable-log-requests --enforce-eager,58.69,58.71,177.16,335.07,4682.66,32.44,33.22,5622.76,28.32,0.0002106008019678,2.106008019678539,56.35615252305754,31.738315646872884,30.03339559152959
Leonardo,boost_usr_prod,Llama-3.1-8B-Instruct,Text Generation,sharegpt,vllm,benchmark_serving.py,1000,8,4,32,4,1,8192,--disable-log-requests --enforce-eager,58.68,58.7,179.17,331.98,8506.14,31.66,32.7,5703.93,28.73,0.0001166793069249,1.1667930692491686,57.17203144787935,31.835296087514656,30.02249508382839
Leonardo,boost_usr_prod,Llama-3.1-8B-Instruct,Text Generation,sharegpt,vllm,benchmark_serving.py,1000,2,4,8,4,1,8192,--disable-log-requests --enforce-eager,58.69,58.71,180.91,335.32,8469.06,31.77,32.29,5676.38,28.69,0.0001171904297607,1.17190429760744,57.09144399630505,31.37681720192361,29.850119924545805
Leonardo,boost_usr_prod,Llama-3.1-8B-Instruct,Text Generation,sharegpt,vllm,benchmark_serving.py,1000,4,4,16,4,1,4096,--disable-log-requests --enforce-eager,58.69,58.71,178.31,359.66,8524.68,32.05,32.68,5655.52,28.48,0.0001164224318084,1.1642243180847114,56.67459873328641,31.717346194829236,29.814750619811537
Leonardo,boost_usr_prod,Llama-3.1-8B-Instruct,Text Generation,sharegpt,sglang,benchmark_serving.py,150,4,4,16,4,1,4096,,13.89,54.04,78.08,198.93,423.8,43.5,50.59,3015.8,15.41,0.0019309119697233,19.309119697233005,30.66331794893788,38.62448770491804,29.350464865271874
Leonardo,boost_usr_prod,Llama-3.1-8B-Instruct,Text Generation,sharegpt,sglang,benchmark_serving.py,150,8,4,32,4,1,16384,,13.87,53.99,72.29,157.76,408.27,45.71,52.68,2870.6,14.63,0.0019737101803971,19.737101803971104,29.11163269479383,39.70950338912712,29.31561081410076
Leonardo,boost_usr_prod,Llama-3.1-8B-Instruct,Text Generation,sharegpt,sglang,benchmark_serving.py,150,4,4,16,4,1,8192,,13.92,54.12,80.22,203.82,417.11,43.17,49.64,3041.74,15.41,0.0019610919359899,19.61091935989959,30.664647400356543,37.91747693841934,29.22728531878128
Leonardo,boost_usr_prod,Llama-3.1-8B-Instruct,Text Generation,sharegpt,sglang,benchmark_serving.py,150,2,4,8,4,1,8192,,13.86,53.98,85.73,265.06,389.49,42.06,47.99,3083.38,15.68,0.0020853317762856,20.853317762856072,31.20133098423393,35.966172868307474,29.20775589186899
Leonardo,boost_usr_prod,Llama-3.1-8B-Instruct,Text Generation,sharegpt,sglang,benchmark_serving.py,150,8,4,32,4,1,4096,,13.82,53.76,72.64,153.34,423.6,45.14,52.14,2891.63,14.63,0.0019198279834126,19.19827983412686,29.11270629606436,39.80768171806167,29.16419343404475
Leonardo,boost_usr_prod,Llama-3.1-8B-Instruct,Text Generation,sharegpt,sglang,benchmark_serving.py,150,8,4,32,4,1,8192,,13.84,53.83,73.47,161.17,420.2,45.26,52.32,2891.01,14.71,0.0019313221831665,19.31322183166596,29.271063350907863,39.34953042057983,29.11050669666065
Leonardo,boost_usr_prod,Llama-3.1-8B-Instruct,Text Generation,sharegpt,sglang,benchmark_serving.py,150,4,4,16,4,1,16384,,13.96,54.3,80.14,210.74,431.01,43.4,52.19,3028.1,15.43,0.0018989745537409,18.989745537409803,30.703546868274668,37.78512602944846,28.98695974735623
Leonardo,boost_usr_prod,Llama-3.1-8B-Instruct,Text Generation,sharegpt,vllm,benchmark_serving.py,1000,2,4,8,4,1,4096,--disable-log-requests --enforce-eager,58.32,58.34,181.83,329.7,8465.08,31.76,33.05,5518.15,27.82,0.000117234806076,1.1723480607604553,55.36089556921512,30.34785238959467,28.932615598861997
Leonardo,boost_usr_prod,Llama-3.1-8B-Instruct,Text Generation,sharegpt,sglang,benchmark_serving.py,150,2,4,8,4,1,4096,,13.86,53.96,86.2,283.73,407.43,42.28,50.16,3061.26,15.59,0.0020005201352351,20.00520135235161,31.022014982855843,35.51345707656613,28.71355981847169
Leonardo,boost_usr_prod,Llama-3.1-8B-Instruct,Text Generation,sharegpt,sglang,benchmark_serving.py,150,2,4,8,4,1,32768,,13.98,54.43,87.28,281.13,423.2,42.11,49.93,3069.7,15.62,0.0019408431022436,19.408431022436147,31.08184175385373,35.17071494042163,28.421321524873484
Leonardo,boost_usr_prod,Llama-3.1-8B-Instruct,Text Generation,sharegpt,sglang,benchmark_serving.py,150,8,4,32,4,1,32768,,13.96,54.32,76.75,168.5,424.71,45.38,52.38,2884.77,14.61,0.0019139854919899,19.139854919899708,29.07276017631356,37.58657980456026,28.4199946701718
Leonardo,boost_usr_prod,Llama-3.1-8B-Instruct,Text Generation,sharegpt,sglang,benchmark_serving.py,150,2,4,8,4,1,16384,,13.91,54.15,86.78,287.72,435.41,42.15,49.78,3063.03,15.55,0.0018963097811658,18.96309781165851,30.94291296636761,35.29649688868403,28.262922668907777
Leonardo,boost_usr_prod,Mistral-7B-Instruct-v0.3,Text Generation,sharegpt,sglang,benchmark_serving.py,150,4,4,16,4,1,32768,,13.92,54.11,78.12,208.14,449.36,43.15,52.86,3012.39,13.44,0.0018336175440526,18.336175440526613,26.76060558590536,38.5610599078341,27.672444719493782
Leonardo,boost_usr_prod,Mistral-7B-Instruct-v0.3,Text Generation,sharegpt,sglang,benchmark_serving.py,150,4,4,16,4,1,16384,,13.88,54.04,79.66,199.14,444.63,43.15,56.0,3008.16,13.28,0.0018389789988598,18.38978998859833,26.44326202075831,37.76249058498619,27.32723467037684
Leonardo,boost_usr_prod,Mistral-7B-Instruct-v0.3,Text Generation,sharegpt,sglang,benchmark_serving.py,150,4,4,16,4,1,8192,,13.85,53.91,81.14,215.09,435.07,43.47,55.73,2976.1,13.14,0.0018717128043872,18.717128043872947,26.16447926563274,36.6785802316983,26.996892159375392
Leonardo,boost_usr_prod,Llama-3.1-8B-Instruct,Text Generation,sonnet,sglang,benchmark_serving.py,150,2,4,8,4,1,32768,,14.01,54.75,83.64,286.13,525.39,65.67,69.68,2088.9,20.53,0.0015134546114962,15.134546114962012,40.66038408480016,24.974892395982785,26.96224183463363
Leonardo,boost_usr_prod,Llama-3.1-8B-Instruct,Text Generation,sonnet,sglang,benchmark_serving.py,150,2,4,8,4,1,8192,,13.91,54.31,85.64,286.75,521.96,64.44,67.24,2144.83,20.33,0.0015298941313261,15.29894131326112,40.27821860740084,25.04472209248015,26.910545442618712
Leonardo,boost_usr_prod,Llama-3.1-8B-Instruct,Text Generation,sharegpt,sglang,benchmark_serving.py,150,16,4,64,4,1,4096,,13.59,52.79,70.73,130.93,432.33,51.02,58.55,2581.13,13.14,0.0018453589223103,18.453589223103894,26.146891572581115,36.49271878976389,26.841833483257357
Leonardo,boost_usr_prod,Llama-3.1-8B-Instruct,Text Generation,sharegpt,sglang,benchmark_serving.py,150,16,4,64,4,1,32768,,13.73,53.35,72.63,137.94,433.97,50.56,57.67,2603.33,13.27,0.0018443378827001,18.443378827001105,26.405403271420926,35.84372848685116,26.718579029255864
Leonardo,boost_usr_prod,Llama-3.1-8B-Instruct,Text Generation,sonnet,sglang,benchmark_serving.py,150,2,4,8,4,1,16384,,13.94,54.43,86.26,289.8,521.7,64.53,68.15,2129.51,20.22,0.0015281640636938,15.281640636938782,40.05962813934773,24.687108741015532,26.715906181062387
Leonardo,boost_usr_prod,Mistral-7B-Instruct-v0.3,Text Generation,sonnet,sglang,benchmark_serving.py,150,4,4,16,4,1,8192,,13.8,53.62,78.23,209.24,2187.82,35.06,34.87,2930.47,19.57,0.0004429188351234,4.429188351234637,38.88035274097979,37.45967020324683,26.71233843639189
Leonardo,boost_usr_prod,Mistral-7B-Instruct-v0.3,Text Generation,sharegpt,sglang,benchmark_serving.py,150,4,4,16,4,1,4096,,13.78,53.54,81.06,199.62,468.23,43.29,53.47,2967.18,13.23,0.0017699428308465,17.699428308465638,26.342544415030147,36.60473723168023,26.68778664012624
Leonardo,boost_usr_prod,Mistral-7B-Instruct-v0.3,Text Generation,sonnet,sglang,benchmark_serving.py,150,4,4,16,4,1,4096,,13.78,53.54,79.21,209.03,2181.59,34.95,34.79,2941.05,19.65,0.0004441818835976,4.441818835976956,39.03916810213801,37.12978159323318,26.66506566879371
Leonardo,boost_usr_prod,Llama-3.1-8B-Instruct,Text Generation,sonnet,sglang,benchmark_serving.py,150,2,4,8,4,1,4096,,13.9,54.28,86.41,289.8,557.18,64.53,68.74,2106.83,20.66,0.0014483307987544,14.483307987544356,40.9187425557817,24.38178451568105,26.638868229748795
Leonardo,boost_usr_prod,Llama-3.1-8B-Instruct,Text Generation,sonnet,sglang,benchmark_serving.py,150,4,4,16,4,1,32768,,14.06,54.79,75.77,184.49,576.3,66.91,70.47,2050.41,19.61,0.0014011882076,14.011882076000449,38.848455667095,27.06097400026396,26.63202651273692
Leonardo,boost_usr_prod,Llama-3.1-8B-Instruct,Text Generation,sonnet,sglang,benchmark_serving.py,150,4,4,16,4,1,16384,,13.99,54.49,76.84,203.7,565.49,67.56,70.74,2029.52,19.73,0.0014208783870188,14.208783870188553,39.080082566792726,26.412285268089537,26.57014587436229
Leonardo,boost_usr_prod,Llama-3.1-8B-Instruct,Text Generation,sharegpt,sglang,benchmark_serving.py,150,16,4,64,4,1,16384,,13.65,53.04,74.21,135.28,428.39,50.63,57.45,2603.16,13.31,0.0018640371316196,18.640371316196617,26.484583885922635,35.07829133539954,26.5675379960484
Leonardo,boost_usr_prod,Llama-3.1-8B-Instruct,Text Generation,sonnet,sglang,benchmark_serving.py,150,4,4,16,4,1,8192,,13.94,54.35,77.39,200.14,562.82,68.06,71.42,2021.61,19.69,0.0014238929232521,14.238929232521713,39.00014784696027,26.122367230908385,26.46044372091456
Leonardo,boost_usr_prod,Mistral-7B-Instruct-v0.3,Text Generation,sharegpt,sglang,benchmark_serving.py,150,8,4,32,4,1,32768,,13.82,53.7,74.97,166.67,466.79,45.29,56.83,2818.05,12.43,0.0017577472710973,17.577472710973613,24.75082777479438,37.5890356142457,26.420113561719745
Leonardo,boost_usr_prod,Llama-3.1-8B-Instruct,Text Generation,sonnet,sglang,benchmark_serving.py,150,4,4,16,4,1,4096,,13.92,54.22,79.22,205.6,551.49,67.23,71.07,2033.19,19.58,0.0014497165804085,14.497165804085302,38.78647895282959,25.66510982075233,26.32927435999181
Leonardo,boost_usr_prod,Mistral-7B-Instruct-v0.3,Text Generation,sonnet,sglang,benchmark_serving.py,150,4,4,16,4,1,16384,,13.84,53.85,79.91,213.44,2249.18,34.65,34.64,2918.81,19.49,0.0004313189301565,4.313189301565257,38.721442262532754,36.52621699411839,26.32016416991121
Leonardo,boost_usr_prod,Mistral-7B-Instruct-v0.3,Text Generation,sonnet,sglang,benchmark_serving.py,150,4,4,16,4,1,32768,,13.92,54.11,80.38,214.76,2219.05,34.75,34.73,2925.64,19.52,0.0004369617177839,4.369617177839049,38.78124977929892,36.397611346106,26.31853039618083
Leonardo,boost_usr_prod,Mistral-7B-Instruct-v0.3,Text Generation,sharegpt,sglang,benchmark_serving.py,150,8,4,32,4,1,8192,,13.71,53.23,75.08,163.43,470.22,46.48,61.19,2766.75,12.35,0.0017304331274117,17.30433127411791,24.59023604764132,36.8506925945658,26.0363745196592
Leonardo,boost_usr_prod,Mistral-7B-Instruct-v0.3,Text Generation,sharegpt,sglang,benchmark_serving.py,150,2,4,8,4,1,8192,,27.01,53.69,96.42,213.11,438.73,42.67,55.36,3080.74,13.79,0.0018630300320441,18.630300320441165,27.45709661887265,31.951254926363823,25.89411653580312
Leonardo,boost_usr_prod,Mistral-7B-Instruct-v0.3,Text Generation,sharegpt,sglang,benchmark_serving.py,150,2,4,8,4,1,4096,,26.97,53.61,93.53,213.88,442.22,43.11,57.65,3026.89,13.52,0.0018416884599801,18.416884599801097,26.91975937455804,32.36277130332513,25.77054576834615
Leonardo,boost_usr_prod,Llama-3.1-8B-Instruct,Text Generation,sonnet,sglang,benchmark_serving.py,150,8,4,32,4,1,16384,,13.89,54.17,72.76,156.38,583.51,70.84,74.57,1938.04,18.67,0.001371892663118,13.718926631180375,36.98371940655489,26.63606377130291,25.762440059646924
Leonardo,boost_usr_prod,Llama-3.1-8B-Instruct,Text Generation,sonnet,sglang,benchmark_serving.py,150,8,4,32,4,1,4096,,13.85,53.89,74.52,158.68,576.4,71.21,74.84,1930.78,18.87,0.0013841788359055,13.84178835905599,37.37472736132126,25.90955448201825,25.704672779174107
Leonardo,boost_usr_prod,Mistral-7B-Instruct-v0.3,Text Generation,sharegpt,sglang,benchmark_serving.py,150,2,4,8,4,1,32768,,27.26,54.18,98.44,224.22,437.78,42.49,53.72,3065.23,13.77,0.0018726942452105,18.726942452105845,27.41683475154271,31.13805363673304,25.65306141299508
Leonardo,boost_usr_prod,Mistral-7B-Instruct-v0.3,Text Generation,sharegpt,sglang,benchmark_serving.py,150,2,4,8,4,1,16384,,27.17,54.09,97.2,214.16,442.06,42.11,54.76,3095.3,13.47,0.0018555285473067,18.555285473067,26.823271583295003,31.84465020576132,25.618997465006707
Leonardo,boost_usr_prod,Mistral-7B-Instruct-v0.3,Text Generation,sharegpt,sglang,benchmark_serving.py,150,8,4,32,4,1,4096,,13.69,53.16,74.56,160.07,545.31,46.16,57.48,2749.81,12.22,0.001540950766623,15.409507666230065,24.33187054449083,36.88049892703862,25.31382824829746
Leonardo,boost_usr_prod,Llama-3.1-8B-Instruct,Text Generation,sharegpt,sglang,benchmark_serving.py,150,16,4,64,4,1,8192,,13.62,52.88,75.1,135.22,488.56,51.29,63.5,2552.72,12.94,0.0016574127786525,16.574127786525235,25.74947327393341,33.990945406125164,25.267126890516
Leonardo,boost_usr_prod,Mistral-7B-Instruct-v0.3,Text Generation,sonnet,sglang,benchmark_serving.py,150,2,4,8,4,1,32768,,27.26,54.18,96.91,220.75,2037.05,34.54,34.36,3025.02,20.22,0.000474845081792,4.748450817920652,40.17148362690625,31.214735321432254,25.26149301409947
Leonardo,boost_usr_prod,Mistral-7B-Instruct-v0.3,Text Generation,sonnet,sglang,benchmark_serving.py,150,2,4,8,4,1,8192,,27.01,53.69,97.91,223.09,1940.44,35.41,35.2,3015.56,20.16,0.0004972526789488,4.972526789488078,40.05223775578776,30.799305484628743,25.16419770047498
Leonardo,boost_usr_prod,Mistral-7B-Instruct-v0.3,Text Generation,sharegpt,sglang,benchmark_serving.py,150,8,4,32,4,1,16384,,13.75,53.4,74.3,158.32,546.41,48.01,69.28,2715.34,12.16,0.0015067048365225,15.067048365225254,24.211574262144826,36.54562584118439,25.04933196248483
Leonardo,boost_usr_prod,Mistral-7B-Instruct-v0.3,Text Generation,sonnet,sglang,benchmark_serving.py,150,2,4,8,4,1,4096,,26.97,53.61,99.72,223.09,2118.65,33.65,33.64,3030.66,20.24,0.0004574690979624,4.574690979624326,40.211451309449664,30.39169675090253,24.95263133857397
Leonardo,boost_usr_prod,Mistral-7B-Instruct-v0.3,Text Generation,sonnet,sglang,benchmark_serving.py,150,2,4,8,4,1,16384,,27.1,53.86,100.12,223.12,2035.02,34.63,34.48,3014.2,20.15,0.0004752558064378,4.752558064378151,40.032382553100334,30.105872952457048,24.86075915472894
Leonardo,boost_usr_prod,Mistral-7B-Instruct-v0.3,Text Generation,sharegpt,sglang,benchmark_serving.py,150,16,4,64,4,1,16384,,13.55,52.58,73.43,133.21,485.32,51.24,66.63,2530.92,11.3,0.0016578524179777,16.578524179777517,22.499544492608823,34.46711153479504,24.31601903974577
Leonardo,boost_usr_prod,Mistral-7B-Instruct-v0.3,Text Generation,sharegpt,sglang,benchmark_serving.py,150,16,4,64,4,1,8192,,13.51,52.45,72.84,136.9,501.75,51.88,65.83,2533.03,11.2,0.0016143092370774,16.143092370774543,22.30139256277931,34.77526084568918,24.199208348028847
Leonardo,boost_usr_prod,Mistral-7B-Instruct-v0.3,Text Generation,sharegpt,sglang,benchmark_serving.py,150,16,4,64,4,1,4096,,13.49,52.33,73.41,136.44,489.8,51.99,68.88,2513.46,11.25,0.0016375456465848,16.375456465848988,22.39974096034792,34.238659583163056,24.13993819151913
Leonardo,boost_usr_prod,Mistral-7B-Instruct-v0.3,Text Generation,sharegpt,sglang,benchmark_serving.py,150,16,4,64,4,1,32768,,13.63,52.9,74.19,136.58,496.41,51.69,69.18,2486.58,11.14,0.0016200103680663,16.200103680663556,22.180629694281183,33.51637687019814,23.774689945944612
Leonardo,boost_usr_prod,Llama-3.1-8B-Instruct,Text Generation,sonnet,sglang,benchmark_serving.py,150,16,4,64,4,1,8192,,13.63,53.09,73.34,138.31,603.79,79.09,83.8,1739.02,17.04,0.0013043251421714,13.043251421714404,33.7493033267656,23.71175347695664,23.497229727109328
Leonardo,boost_usr_prod,gemma-3-12b-it,Text Generation,sonnet,vllm,benchmark_serving.py,250,8,4,32,4,1,8192,--disable-log-requests --enforce-eager,58.71,59.0,185.55,331.39,401.29,91.55,91.55,2655.98,17.71,0.0017111860230325,17.11186023032564,35.18538484267062,14.31409323632444,22.361573160442557
Leonardo,boost_usr_prod,gemma-3-12b-it,Text Generation,sonnet,vllm,benchmark_serving.py,250,8,4,32,4,1,4096,--disable-log-requests --enforce-eager,58.77,59.12,183.59,346.11,404.36,91.9,91.91,2647.73,17.66,0.001700188720948,17.001887209480252,35.08598126352992,14.42197287433956,22.32490660061212
Leonardo,boost_usr_prod,gemma-3-12b-it,Text Generation,sonnet,vllm,benchmark_serving.py,250,4,4,16,4,1,4096,--disable-log-requests --enforce-eager,58.9,59.12,183.59,359.71,387.32,92.85,92.86,2621.11,17.48,0.0017451093310995,17.451093310995933,34.72839872810857,14.276975870145431,22.309659571742078
Leonardo,boost_usr_prod,gemma-3-12b-it,Text Generation,sonnet,vllm,benchmark_serving.py,250,4,4,16,4,1,8192,--disable-log-requests --enforce-eager,58.39,58.39,183.82,312.09,403.08,91.94,91.94,2643.43,17.63,0.0017036936077415,17.036936077415838,35.02639617295363,14.38053530627788,22.303304263134542
Leonardo,boost_usr_prod,gemma-3-12b-it,Text Generation,sonnet,vllm,benchmark_serving.py,250,2,4,8,4,1,8192,--disable-log-requests --enforce-eager,58.39,58.39,182.89,334.29,393.18,92.95,92.95,2617.05,17.45,0.0017268771154244,17.268771154244664,34.668834693490226,14.309420963420637,22.237800696524467
Leonardo,boost_usr_prod,gemma-3-12b-it,Text Generation,sonnet,vllm,benchmark_serving.py,250,2,4,8,4,1,4096,--disable-log-requests --enforce-eager,58.39,58.39,189.16,339.27,403.31,92.25,92.25,2633.28,17.56,0.0017012299892822,17.01229989282251,34.887354046264576,13.92091351237048,22.100574663248164
Leonardo,boost_usr_prod,gemma-3-12b-it,Text Generation,sonnet,vllm,benchmark_serving.py,300,8,4,32,4,1,4096,--disable-log-requests --enforce-eager,59.12,59.12,183.77,371.48,2288.45,91.48,91.48,2663.31,17.76,0.0004046273180087,4.046273180087481,35.28470767268293,14.492626652881318,18.010174018863964
Leonardo,boost_usr_prod,gemma-3-12b-it,Text Generation,sonnet,vllm,benchmark_serving.py,300,8,4,32,4,1,8192,--disable-log-requests --enforce-eager,59.0,59.0,185.78,397.65,2236.53,92.08,92.08,2665.69,17.77,0.0004131053542584,4.131053542584965,35.30465242634509,14.34863817418452,17.99970424517527
Leonardo,boost_usr_prod,gemma-3-12b-it,Text Generation,sonnet,vllm,benchmark_serving.py,300,4,4,16,4,1,8192,--disable-log-requests --enforce-eager,58.84,59.02,182.78,381.22,2332.05,91.47,91.47,2657.2,17.72,0.000397615895093,3.9761589509302224,35.20522781989742,14.537695590327168,17.973734090986092
Leonardo,boost_usr_prod,gemma-3-12b-it,Text Generation,sonnet,vllm,benchmark_serving.py,300,2,4,8,4,1,4096,--disable-log-requests --enforce-eager,58.85,59.06,188.42,400.92,2331.67,91.77,91.77,2652.96,17.69,0.0003975811164872,3.975811164872913,35.14564798831745,14.080033966670204,17.80690698141919
Leonardo,boost_usr_prod,gemma-3-12b-it,Text Generation,sonnet,vllm,benchmark_serving.py,300,4,4,16,4,1,4096,--disable-log-requests --enforce-eager,59.12,59.12,183.99,348.39,2291.83,93.09,93.09,2622.16,17.48,0.0004035496224793,4.035496224793281,34.728490854813536,14.251644111092991,17.740281722616075
Leonardo,boost_usr_prod,gemma-3-12b-it,Text Generation,sonnet,vllm,benchmark_serving.py,300,2,4,8,4,1,8192,--disable-log-requests --enforce-eager,58.86,59.08,181.37,390.83,2439.47,93.42,93.42,2592.32,17.28,0.000380762362402,3.807623624020013,34.33115389331699,14.292992225836688,17.54094186816232
Leonardo,boost_usr_prod,gemma-3-12b-it,Text Generation,sharegpt,vllm,benchmark_serving.py,250,8,4,32,4,1,8192,--disable-log-requests --enforce-eager,58.39,58.39,170.0,310.28,252.28,86.19,95.57,1847.11,9.08,0.0023039351211869,23.03935121186987,18.071165990550536,10.86535294117647,17.45448878999941
Leonardo,boost_usr_prod,gemma-3-12b-it,Text Generation,sharegpt,vllm,benchmark_serving.py,250,8,4,32,4,1,4096,--disable-log-requests --enforce-eager,58.98,59.11,169.75,337.44,257.57,87.01,90.09,1808.77,8.91,0.0023005958543262,23.005958543262707,17.73264898111879,10.655493372606774,17.260884437523877
Leonardo,boost_usr_prod,gemma-3-12b-it,Text Generation,sharegpt,vllm,benchmark_serving.py,250,2,4,8,4,1,8192,--disable-log-requests --enforce-eager,58.98,59.12,167.05,283.46,280.53,85.6,88.78,1859.69,9.12,0.0021982370139148,21.982370139148408,18.150986777682053,11.132535169111044,17.207752605837893
Leonardo,boost_usr_prod,gemma-3-12b-it,Text Generation,sonnet,vllm,benchmark_serving.py,500,2,4,8,4,1,8192,--disable-log-requests --enforce-eager,59.08,59.08,183.81,375.25,10689.71,91.62,91.62,2683.7,17.9,9.19713601184591e-05,0.919713601184591,35.562799822327506,14.600402589630596,17.076183392675905
Leonardo,boost_usr_prod,gemma-3-12b-it,Text Generation,sonnet,vllm,benchmark_serving.py,500,8,4,32,4,1,4096,--disable-log-requests --enforce-eager,59.12,59.12,183.59,387.7,10604.66,91.59,91.6,2679.63,17.87,9.269687657874368e-05,0.9269687657874368,35.50323492122335,14.595729614902773,17.056902730352558
Leonardo,boost_usr_prod,gemma-3-12b-it,Text Generation,sonnet,vllm,benchmark_serving.py,500,4,4,16,4,1,8192,--disable-log-requests --enforce-eager,59.02,59.02,182.94,337.22,10672.6,92.01,92.01,2669.9,17.8,9.210969896708184e-05,0.9210969896708184,35.36422963872456,14.594402536350715,17.007219865286658
Leonardo,boost_usr_prod,gemma-3-12b-it,Text Generation,sharegpt,vllm,benchmark_serving.py,250,4,4,16,4,1,4096,--disable-log-requests --enforce-eager,58.98,59.11,165.29,346.46,273.89,87.21,90.25,1799.5,8.85,0.002215575495735,22.15575495735017,17.61337683523654,10.88692600883296,17.00532113230603
Leonardo,boost_usr_prod,gemma-3-12b-it,Text Generation,sharegpt,vllm,benchmark_serving.py,250,2,4,8,4,1,4096,--disable-log-requests --enforce-eager,58.98,59.11,165.77,307.85,286.96,87.27,90.01,1821.5,8.91,0.0021540582457349,21.54058245734965,17.733256483520087,10.988116064426617,16.869302380512227
Leonardo,boost_usr_prod,gemma-3-12b-it,Text Generation,sonnet,vllm,benchmark_serving.py,500,8,4,32,4,1,8192,--disable-log-requests --enforce-eager,59.0,59.0,185.18,379.93,10727.6,92.57,92.57,2651.1,17.68,9.163601441984324e-05,0.9163601441984324,35.1257488440411,14.31634085754401,16.835546130415523
Leonardo,boost_usr_prod,gemma-3-12b-it,Text Generation,sonnet,vllm,benchmark_serving.py,500,2,4,8,4,1,4096,--disable-log-requests --enforce-eager,59.06,59.06,188.07,379.27,10736.8,92.15,92.16,2661.68,17.75,9.156578406407408e-05,0.9156578406407408,35.26482871356968,14.152602754293614,16.8301983098055
Leonardo,boost_usr_prod,gemma-3-12b-it,Text Generation,sonnet,vllm,benchmark_serving.py,500,4,4,16,4,1,4096,--disable-log-requests --enforce-eager,59.12,59.12,183.79,349.92,10842.16,92.84,92.84,2640.98,17.61,9.06795891126458e-05,0.906795891126458,34.98670934593149,14.369552206322432,16.80204848662288
Leonardo,boost_usr_prod,gemma-3-12b-it,Text Generation,sharegpt,vllm,benchmark_serving.py,250,4,4,16,4,1,8192,--disable-log-requests --enforce-eager,58.96,59.09,166.01,325.83,277.06,88.12,95.12,1784.56,8.78,0.0021724961981316,21.72496198131653,17.47402812628949,10.749713872658274,16.767565075836696
Leonardo,boost_usr_prod,gemma-3-12b-it,Text Generation,sonnet,vllm,benchmark_serving.py,1000,4,4,16,4,1,8192,--disable-log-requests --enforce-eager,59.02,59.02,182.13,376.14,21810.33,91.83,91.84,2650.13,17.67,4.5466945530599246e-05,0.4546694553059924,35.10592780568259,14.550760445835394,16.746846411403446
Leonardo,boost_usr_prod,gemma-3-12b-it,Text Generation,sonnet,vllm,benchmark_serving.py,1000,8,4,32,4,1,4096,--disable-log-requests --enforce-eager,59.12,59.12,184.19,389.83,22072.55,91.81,91.81,2640.26,17.61,4.493136060696876e-05,0.4493136060696875,34.98664614898396,14.33443726586677,16.635246241795606
Leonardo,boost_usr_prod,gemma-3-12b-it,Text Generation,sonnet,vllm,benchmark_serving.py,1000,4,4,16,4,1,4096,--disable-log-requests --enforce-eager,59.12,59.12,182.14,377.73,22306.65,93.19,93.19,2616.13,17.44,4.445821661199047e-05,0.4445821661199047,34.64901802496232,14.363291973207424,16.52807749639433
Leonardo,boost_usr_prod,gemma-3-12b-it,Text Generation,sonnet,vllm,benchmark_serving.py,1000,8,4,32,4,1,8192,--disable-log-requests --enforce-eager,59.0,59.0,185.76,364.31,22048.43,92.81,92.82,2629.31,17.53,4.497604126281929e-05,0.4497604126281929,34.827797902404384,14.15433893195521,16.523758285336744
Leonardo,boost_usr_prod,gemma-3-12b-it,Text Generation,sonnet,vllm,benchmark_serving.py,1000,2,4,8,4,1,8192,--disable-log-requests --enforce-eager,59.08,59.08,182.42,387.21,22306.86,92.72,92.72,2613.91,17.43,4.445965952792733e-05,0.4445965952792733,34.62908730912767,14.329075759236924,16.51035677045418
Leonardo,boost_usr_prod,gemma-3-12b-it,Text Generation,sonnet,vllm,benchmark_serving.py,150,4,4,16,4,1,8192,--disable-log-requests --enforce-eager,58.38,58.39,192.99,411.08,455.32,78.69,78.69,1767.14,11.78,0.0016321201240411,16.32120124041129,23.40398578913048,9.156640240426963,16.436688466980833
Leonardo,boost_usr_prod,gemma-3-12b-it,Text Generation,sonnet,vllm,benchmark_serving.py,150,4,4,16,4,1,4096,--disable-log-requests --enforce-eager,58.38,58.39,190.4,396.23,462.98,78.74,78.58,1767.2,11.78,0.0016121231662098,16.12123166209898,23.40399105105172,9.281512605042018,16.408659756084685
Leonardo,boost_usr_prod,gemma-3-12b-it,Text Generation,sonnet,vllm,benchmark_serving.py,150,8,4,32,4,1,4096,--disable-log-requests --enforce-eager,58.38,58.39,191.51,411.6,457.85,78.89,78.89,1760.19,11.74,0.0016243522895245,16.24352289524552,23.324432229264136,9.191112735627383,16.394260817734047
Leonardo,boost_usr_prod,gemma-3-12b-it,Text Generation,sonnet,vllm,benchmark_serving.py,1000,2,4,8,4,1,4096,--disable-log-requests --enforce-eager,59.06,59.06,188.51,400.23,22278.86,93.54,93.54,2598.04,17.33,4.451182545666907e-05,0.4451182545666907,34.43033544010981,13.781974431064665,16.2678860741307
Leonardo,boost_usr_prod,gemma-3-12b-it,Text Generation,sonnet,vllm,benchmark_serving.py,150,2,4,8,4,1,4096,--disable-log-requests --enforce-eager,58.38,58.39,195.31,422.22,469.38,80.08,80.03,1734.49,11.57,0.0015885875867765,15.88587586776597,22.986666323035863,8.880702472991654,16.058489136229955
Leonardo,boost_usr_prod,gemma-3-12b-it,Text Generation,sonnet,vllm,benchmark_serving.py,150,2,4,8,4,1,8192,--disable-log-requests --enforce-eager,58.38,58.39,191.4,413.22,485.95,80.06,80.01,1728.67,11.53,0.0015479396922695,15.479396922695893,22.90721192966326,9.03171368861024,15.941595390157389
Leonardo,boost_usr_prod,gemma-3-12b-it,Text Generation,sonnet,vllm,benchmark_serving.py,150,8,4,32,4,1,8192,--disable-log-requests --enforce-eager,58.38,58.39,194.07,412.78,501.08,79.06,79.06,1745.66,11.64,0.0015169902912621,15.169902912621358,23.125797985546008,8.995001803472974,15.898938882488258
Leonardo,boost_usr_prod,gemma-3-12b-it,Text Generation,sharegpt,vllm,benchmark_serving.py,150,2,4,8,4,1,8192,--disable-log-requests --enforce-eager,58.38,58.39,164.95,403.15,348.52,72.96,76.84,1498.49,7.37,0.0020067426553218,20.06742655321882,14.667859296348931,9.08451045771446,14.717040535321663
Leonardo,boost_usr_prod,gemma-3-12b-it,Text Generation,sharegpt,vllm,benchmark_serving.py,150,2,4,8,4,1,4096,--disable-log-requests --enforce-eager,58.38,58.39,169.27,385.5,355.63,73.55,77.5,1487.59,7.29,0.0019736322728349,19.73632272834925,14.508898506903565,8.788267265315767,14.455620744887003
Leonardo,boost_usr_prod,gemma-3-12b-it,Text Generation,sharegpt,vllm,benchmark_serving.py,150,4,4,16,4,1,8192,--disable-log-requests --enforce-eager,58.38,58.39,172.09,399.49,362.62,75.4,79.49,1460.07,7.11,0.0019323298100519,19.3232981005198,14.151089436878912,8.484339589749549,14.09628043143542
Leonardo,boost_usr_prod,gemma-3-12b-it,Text Generation,sharegpt,vllm,benchmark_serving.py,150,8,4,32,4,1,8192,--disable-log-requests --enforce-eager,58.38,58.39,174.78,397.98,372.43,74.3,75.86,1474.9,7.22,0.0019135459920779,19.135459920779198,14.36965697784255,8.438608536445818,14.092094477194054
Leonardo,boost_usr_prod,gemma-3-12b-it,Text Generation,sharegpt,vllm,benchmark_serving.py,150,4,4,16,4,1,4096,--disable-log-requests --enforce-eager,58.38,58.39,169.89,398.87,374.69,75.11,76.31,1466.62,7.16,0.0019007431905875,19.0074319058752,14.25042977920721,8.632762375654835,14.070156933137566
Leonardo,boost_usr_prod,gemma-3-12b-it,Text Generation,sharegpt,vllm,benchmark_serving.py,150,8,4,32,4,1,4096,--disable-log-requests --enforce-eager,58.38,58.39,174.66,398.58,392.58,74.71,78.7,1465.54,7.18,0.0018315353761057,18.315353761057896,14.289990222173936,8.390816443375702,13.77087821617905
Leonardo,boost_usr_prod,gemma-3-12b-it,Text Generation,sharegpt,vllm,benchmark_serving.py,300,2,4,8,4,1,8192,--disable-log-requests --enforce-eager,59.12,59.12,168.0,323.69,2611.76,88.64,92.69,1850.15,9.02,0.0003580264151889,3.580264151889126,17.95247664280297,11.01279761904762,10.845227108290551
Leonardo,boost_usr_prod,gemma-3-12b-it,Text Generation,sharegpt,vllm,benchmark_serving.py,300,8,4,32,4,1,8192,--disable-log-requests --enforce-eager,58.39,58.39,169.57,278.27,2622.2,87.95,90.98,1846.4,9.07,0.0003569987826341,3.5699878263415123,18.051327157000653,10.888718523323702,10.835637021799922
Leonardo,boost_usr_prod,gemma-3-12b-it,Text Generation,sharegpt,vllm,benchmark_serving.py,300,2,4,8,4,1,4096,--disable-log-requests --enforce-eager,59.11,59.11,165.7,308.73,2653.93,88.61,98.62,1826.24,8.96,0.0003519689141055,3.5196891410550624,17.832509154315606,11.021363910681956,10.786583871844254
Leonardo,boost_usr_prod,gemma-3-12b-it,Text Generation,sharegpt,vllm,benchmark_serving.py,300,4,4,16,4,1,4096,--disable-log-requests --enforce-eager,59.11,59.11,166.48,283.38,2619.82,89.06,92.95,1825.37,8.94,0.0003569095912314,3.569095912314452,17.792857041612375,10.964500240269102,10.771704081221234
Leonardo,boost_usr_prod,gemma-3-12b-it,Text Generation,sharegpt,vllm,benchmark_serving.py,300,4,4,16,4,1,8192,--disable-log-requests --enforce-eager,59.09,59.09,167.0,315.24,2609.68,89.36,93.59,1829.61,8.93,0.0003580853890418,3.580853890418709,17.773251928160388,10.95574850299401,10.766235499274975
Leonardo,boost_usr_prod,gemma-3-12b-it,Text Generation,sharegpt,vllm,benchmark_serving.py,300,8,4,32,4,1,4096,--disable-log-requests --enforce-eager,59.11,59.11,169.76,295.65,2653.93,87.99,90.88,1824.46,8.92,0.0003530076249646,3.5300762496469926,17.75320250029999,10.747290292177192,10.675447668478675
Leonardo,boost_usr_prod,gemma-3-12b-it,Text Generation,sharegpt,vllm,benchmark_serving.py,500,2,4,8,4,1,8192,--disable-log-requests --enforce-eager,59.12,59.12,167.19,331.98,12008.29,89.05,92.14,1830.19,8.96,8.203795403905663e-05,0.8203795403905664,17.832697061142376,10.946767151145403,9.84501153288773
Leonardo,boost_usr_prod,gemma-3-12b-it,Text Generation,sharegpt,vllm,benchmark_serving.py,500,4,4,16,4,1,4096,--disable-log-requests --enforce-eager,59.11,59.11,165.95,270.12,12150.43,89.55,95.15,1817.47,8.89,8.106927126021372e-05,0.8106927126021372,17.693453974024838,10.951913226875568,9.796022106053352
Leonardo,boost_usr_prod,gemma-3-12b-it,Text Generation,sharegpt,vllm,benchmark_serving.py,500,8,4,32,4,1,4096,--disable-log-requests --enforce-eager,59.11,59.11,169.16,302.67,11974.74,88.55,91.42,1819.85,8.96,8.22726334071319e-05,0.8227263340713189,17.83220345470552,10.75815795696382,9.785286674412548
Leonardo,boost_usr_prod,gemma-3-12b-it,Text Generation,sharegpt,vllm,benchmark_serving.py,500,2,4,8,4,1,4096,--disable-log-requests --enforce-eager,59.11,59.11,165.49,303.58,12256.81,89.59,92.15,1802.4,8.84,8.039522291585435e-05,0.8039522291585435,17.59371038625472,10.89129252522811,9.740418897313504
Leonardo,boost_usr_prod,gemma-3-12b-it,Text Generation,sharegpt,vllm,benchmark_serving.py,1000,2,4,8,4,1,8192,--disable-log-requests --enforce-eager,59.12,59.12,167.38,370.23,21568.54,89.01,97.28,1823.49,8.97,4.596680369370848e-05,0.4596680369370848,17.852182639730202,10.894312343171228,9.712209179881672
Leonardo,boost_usr_prod,gemma-3-12b-it,Text Generation,sharegpt,vllm,benchmark_serving.py,500,4,4,16,4,1,8192,--disable-log-requests --enforce-eager,59.09,59.09,165.75,279.8,12070.48,89.62,94.34,1787.58,8.8,8.160307610955702e-05,0.8160307610955703,17.513782161903386,10.784796380090498,9.683271235448604
Leonardo,boost_usr_prod,gemma-3-12b-it,Text Generation,sharegpt,vllm,benchmark_serving.py,500,8,4,32,4,1,8192,--disable-log-requests --enforce-eager,58.39,58.39,169.07,314.55,12106.02,89.09,91.84,1808.25,8.84,8.138716280281111e-05,0.8138716280281111,17.59398818990804,10.6952741468031,9.681160065075282
Leonardo,boost_usr_prod,gemma-3-12b-it,Text Generation,sharegpt,vllm,benchmark_serving.py,1000,4,4,16,4,1,4096,--disable-log-requests --enforce-eager,59.11,59.11,165.35,353.62,21842.26,89.34,94.62,1802.06,8.86,4.5400436388994574e-05,0.4540043638899457,17.633304176882465,10.898457816752344,9.63719140522337
Leonardo,boost_usr_prod,gemma-3-12b-it,Text Generation,sharegpt,vllm,benchmark_serving.py,1000,4,4,16,4,1,8192,--disable-log-requests --enforce-eager,59.09,59.09,166.61,363.23,21745.3,89.32,93.32,1801.21,8.87,4.5603919018384766e-05,0.4560391901838476,17.653068041191545,10.810935718144169,9.616595888473768
Leonardo,boost_usr_prod,gemma-3-12b-it,Text Generation,sharegpt,vllm,benchmark_serving.py,1000,8,4,32,4,1,4096,--disable-log-requests --enforce-eager,59.11,59.11,170.09,360.08,21382.67,88.48,92.11,1817.7,8.9,4.6375177037238346e-05,0.4637517703723834,17.71327055731961,10.686695278969957,9.599930080685663
Leonardo,boost_usr_prod,gemma-3-12b-it,Text Generation,sharegpt,vllm,benchmark_serving.py,1000,2,4,8,4,1,4096,--disable-log-requests --enforce-eager,59.11,59.11,164.76,326.09,22118.16,89.56,94.42,1789.06,8.79,4.48387464162632e-05,0.448387464162632,17.49404833551186,10.858582180140813,9.575174469534389
Leonardo,boost_usr_prod,gemma-3-12b-it,Text Generation,sharegpt,vllm,benchmark_serving.py,1000,8,4,32,4,1,8192,--disable-log-requests --enforce-eager,59.0,59.14,169.94,363.0,21856.6,89.91,92.81,1804.99,8.84,4.5373450723525045e-05,0.4537345072352504,17.59383360072333,10.621336942450275,9.535000978290007
Leonardo,boost_usr_prod,Mistral-7B-Instruct-v0.3,Text Generation,sharegpt,sglang,benchmark_serving.py,1000,8,4,32,4,1,8192,,13.32,53.23,67.38,147.51,1509.46,9.61,5.21,12.22,1.91,0.0006560474453512,6.560474453512478,3.303637650389243,0.1813594538438706,3.4118331405566247
Leonardo,boost_usr_prod,Mistral-7B-Instruct-v0.3,Text Generation,sharegpt,sglang,benchmark_serving.py,1000,16,4,64,4,1,16384,,13.25,52.59,67.25,135.36,1692.79,0.01,0.01,15.16,2.1,0.0005907337503913,5.907337503913611,3.688991888760139,0.2254275092936803,3.334888796483053
Leonardo,boost_usr_prod,Mistral-7B-Instruct-v0.3,Text Generation,sharegpt,sglang,benchmark_serving.py,1000,16,4,64,4,1,8192,,13.22,52.45,66.42,122.94,1680.52,0.01,0.01,0.57,0.23,0.0005950468301855,5.950468301855357,0.32775,0.0085817524841915,2.137340383425763
