Supercomputer,Partition,Model,Dataset/Model Type,Dataset,Framework,Benchmark Type,Concurrency Level,Number of Nodes,GPUs per Node,Total Used GPUs,Tensor,Pipeline,Max Model Length,Additional Arguments,GPU Memory Usage Avg (GB),GPU Memory Usage Peak (GB),Power Usage Avg (W),Power Usage Peak (W),TTFT (ms),ITL (ms),TPOT (ms),Output Throughput (tokens/s),Request Throughput (requests/s),Latency Score,Latency Score Scaled,Throughput Score,Energy Score (Tokens/Watt),Global Score
Jean Zay H100,gpu_p6,Mistral-7B-Instruct-v0.3,Text Generation,sonnet,sglang,benchmark_serving.py,500,4,4,16,4,4,4096,,67.11,67.21,148.18,247.52,882.97,18.63,18.63,19628.88,130.88,0.0010866848505264,10.866848505264986,260.02621635080584,132.4664597111621,134.49290915863597
Jean Zay H100,gpu_p6,Mistral-7B-Instruct-v0.3,Text Generation,sonnet,sglang,benchmark_serving.py,500,4,4,16,4,4,16384,,67.36,67.46,142.85,247.31,875.89,19.13,19.13,19303.1,128.69,0.0010939123776185,10.939123776185529,255.67546160183903,135.12845642282113,133.89006508383113
Jean Zay H100,gpu_p6,Mistral-7B-Instruct-v0.3,Text Generation,sonnet,sglang,benchmark_serving.py,500,4,4,16,4,4,32768,,67.64,67.75,147.81,248.86,891.86,18.64,18.64,19525.57,130.21,0.0010762640721527,10.762640721527434,258.6948439288596,132.09911372708206,133.88726117379787
Jean Zay H100,gpu_p6,Mistral-7B-Instruct-v0.3,Text Generation,sonnet,sglang,benchmark_serving.py,500,2,4,8,4,2,16384,,66.74,66.96,161.36,315.95,783.86,19.17,19.17,19714.17,131.43,0.0012162490878131,12.162490878131845,261.11917635143305,122.17507436787304,132.01179065577145
Jean Zay H100,gpu_p6,Mistral-7B-Instruct-v0.3,Text Generation,sonnet,sglang,benchmark_serving.py,500,2,4,8,4,2,32768,,66.99,67.2,162.5,324.02,783.56,19.48,19.48,19462.42,129.76,0.0012157759081846,12.157759081846034,257.801185901722,119.76873846153843,130.11203760210543
Jean Zay H100,gpu_p6,Llama-3.1-8B-Instruct,Text Generation,sonnet,sglang,benchmark_serving.py,500,4,4,16,4,4,32768,,68.22,68.32,146.78,233.45,899.05,20.64,20.64,18569.0,123.79,0.0010634564461412,10.634564461412484,245.94044120754577,126.50906117999727,127.71840150504494
Jean Zay H100,gpu_p6,Llama-3.1-8B-Instruct,Text Generation,sonnet,sglang,benchmark_serving.py,500,4,4,16,4,4,4096,,67.67,67.77,150.67,239.98,902.18,20.14,20.14,18706.42,124.72,0.0010610529889862,10.6105298898627,247.78794086815773,124.15490807725492,127.58505064244852
Jean Zay H100,gpu_p6,Mistral-7B-Instruct-v0.3,Text Generation,sonnet,sglang,benchmark_serving.py,500,2,4,8,4,2,4096,,66.52,66.72,163.46,321.37,890.88,19.3,19.3,19113.62,127.43,0.0010758703791367,10.758703791367216,253.1721082373364,116.93148170806312,127.15455023633942
Jean Zay H100,gpu_p6,Mistral-7B-Instruct-v0.3,Text Generation,sonnet,sglang,benchmark_serving.py,500,1,4,4,4,1,16384,,67.18,67.27,186.84,467.41,779.3,19.16,19.16,19707.89,131.4,0.0012230620581688,12.230620581688315,261.0594175497208,105.48003639477628,126.67222461100752
Jean Zay H100,gpu_p6,Llama-3.1-8B-Instruct,Text Generation,sonnet,sglang,benchmark_serving.py,500,4,4,16,4,4,16384,,67.94,68.04,149.44,235.64,960.02,20.23,20.23,18358.75,122.41,0.0009995202302894,9.99520230289461,243.19843424330503,122.85030781584582,125.39793492677856
Jean Zay H100,gpu_p6,Mistral-7B-Instruct-v0.3,Text Generation,sonnet,sglang,benchmark_serving.py,500,1,4,4,4,1,32768,,67.45,67.55,198.9,462.97,831.46,19.51,19.51,19068.7,127.13,0.0011487914713721,11.487914713721166,252.576088765112,95.87078934137756,120.4604137720441
Jean Zay H100,gpu_p6,Mistral-7B-Instruct-v0.3,Text Generation,sonnet,sglang,benchmark_serving.py,500,1,4,4,4,1,4096,,67.13,67.21,201.45,478.3,833.76,19.9,19.9,18689.61,124.62,0.0011447410595723,11.447410595723248,247.58910656455245,92.77542814594192,117.76055284119516
Jean Zay H100,gpu_p6,Llama-3.1-8B-Instruct,Text Generation,sonnet,vllm,benchmark_serving.py,1000,1,4,4,4,1,32768,,75.09,75.09,197.33,393.27,1410.25,39.08,39.08,18338.98,122.26,0.0006718578886193,6.718578886193993,242.90066049734477,92.93559012821162,114.60993023143092
Jean Zay H100,gpu_p6,Llama-3.1-8B-Instruct,Text Generation,sonnet,sglang,benchmark_serving.py,250,1,4,4,4,1,16384,,68.84,68.94,209.08,566.71,426.05,10.81,10.81,17688.55,117.93,0.0022337882815466,22.33788281546675,234.2979299109089,84.60182705184617,114.32876098355852
Jean Zay H100,gpu_p6,Llama-3.1-8B-Instruct,Text Generation,sonnet,vllm,benchmark_serving.py,1000,1,4,4,4,1,4096,,75.09,75.09,197.28,398.95,1446.85,38.85,38.85,18281.96,121.88,0.0006559312584041,6.559312584041194,242.14569185561277,92.67011354420112,114.2141378436267
Jean Zay H100,gpu_p6,Llama-3.1-8B-Instruct,Text Generation,sonnet,sglang,benchmark_serving.py,250,2,4,8,4,2,4096,,68.23,68.36,166.57,289.2,308.31,13.03,13.03,16174.24,107.83,0.002990698926339,29.90698926339086,214.2317652730887,97.10175902023174,114.07973942887722
Jean Zay H100,gpu_p6,Llama-3.1-8B-Instruct,Text Generation,sonnet,sglang,benchmark_serving.py,300,1,4,4,4,1,16384,,68.84,68.94,200.58,561.58,428.52,13.11,13.11,17469.02,116.46,0.0021990588028323,21.99058802832388,231.3774851980156,87.09253165819125,114.01475502757664
Jean Zay H100,gpu_p6,Llama-3.1-8B-Instruct,Text Generation,sonnet,vllm,benchmark_serving.py,1000,1,4,4,4,1,16384,,75.09,75.09,198.29,392.23,1420.7,39.38,39.38,18221.7,121.48,0.0006669067530977,6.669067530977817,241.3509670624177,91.89419537041708,113.73295428028796
Jean Zay H100,gpu_p6,Llama-3.1-8B-Instruct,Text Generation,sonnet,sglang,benchmark_serving.py,250,2,4,8,4,2,32768,,68.78,68.91,165.45,286.82,316.58,13.1,13.1,16069.26,107.14,0.0029173230643561,29.173230643561467,212.86077451101605,97.124569356301,113.37142394657268
Jean Zay H100,gpu_p6,Llama-3.1-8B-Instruct,Text Generation,sonnet,sglang,benchmark_serving.py,250,2,4,8,4,2,16384,,68.57,68.7,166.7,289.82,327.51,12.98,12.98,16145.66,107.66,0.0028290944068803,28.290944068803576,213.8937467052885,96.85458908218357,113.33626336949008
Jean Zay H100,gpu_p6,Llama-3.1-8B-Instruct,Text Generation,sonnet,sglang,benchmark_serving.py,300,2,4,8,4,2,4096,,68.26,68.36,165.7,293.2,454.81,13.0,13.0,16492.82,109.95,0.002079823630956,20.79823630956095,218.44373667767488,99.53421846710924,113.19322072513516
Jean Zay H100,gpu_p6,Llama-3.1-8B-Instruct,Text Generation,sonnet,vllm,benchmark_serving.py,1000,2,4,8,4,2,32768,,73.31,73.31,159.02,247.69,1387.09,44.16,44.16,17010.39,113.4,0.0006777777024691,6.777777024691441,225.2980474532799,106.97012954345364,113.13622177641544
Jean Zay H100,gpu_p6,Llama-3.1-8B-Instruct,Text Generation,sonnet,sglang,benchmark_serving.py,300,2,4,8,4,2,16384,,68.6,68.7,165.83,291.09,431.06,13.64,13.64,16374.07,109.22,0.0021817864467425,21.817864467425927,216.9925937601049,98.74009527829703,112.79238628641556
Jean Zay H100,gpu_p6,Llama-3.1-8B-Instruct,Text Generation,sonnet,sglang,benchmark_serving.py,500,2,4,8,4,2,4096,,68.26,68.36,157.11,320.15,764.75,25.0,25.0,16564.96,110.43,0.0012273703590058,12.2737035900583,219.3973913413719,105.43542740754884,112.5075090471019
Jean Zay H100,gpu_p6,Llama-3.1-8B-Instruct,Text Generation,sonnet,vllm,benchmark_serving.py,1000,2,4,8,4,2,16384,,73.31,73.31,159.13,247.53,1417.69,44.41,44.41,16904.83,112.7,0.0006637858361378,6.637858361378284,223.90726985643624,106.23282850499594,112.37984871565564
Jean Zay H100,gpu_p6,Llama-3.1-8B-Instruct,Text Generation,sonnet,sglang,benchmark_serving.py,300,1,4,4,4,1,32768,,69.1,69.21,206.0,561.81,550.2,12.08,12.08,17501.16,116.67,0.0017410683195208,17.410683195208577,231.79475987678396,84.95708737864078,111.91611860564252
Jean Zay H100,gpu_p6,Llama-3.1-8B-Instruct,Text Generation,sonnet,vllm,benchmark_serving.py,1000,2,4,8,4,2,4096,,73.3,73.3,159.59,246.98,1404.81,44.89,44.89,16800.25,112.0,0.000669079814531,6.690798145310754,222.51657821992933,105.27132025816154,111.61733044679336
Jean Zay H100,gpu_p6,Llama-3.1-8B-Instruct,Text Generation,sonnet,sglang,benchmark_serving.py,300,2,4,8,4,2,32768,,68.81,68.91,164.88,289.15,416.64,13.9,13.9,16064.08,107.12,0.002250022500225,22.500225002250023,212.82084812506184,97.4289180009704,111.18641862359658
Jean Zay H100,gpu_p6,Llama-3.1-8B-Instruct,Text Generation,sonnet,sglang,benchmark_serving.py,500,2,4,8,4,2,16384,,68.6,68.7,157.14,318.05,730.35,25.66,25.66,16301.27,108.7,0.0012793122417388,12.793122417388412,215.95993764766172,103.73724067710324,110.9719574387901
Jean Zay H100,gpu_p6,Llama-3.1-8B-Instruct,Text Generation,sonnet,sglang,benchmark_serving.py,250,1,4,4,4,1,32768,,69.1,69.2,210.89,570.12,488.43,10.72,10.72,17308.75,115.41,0.0019612842489261,19.61284248926197,229.2911494729158,82.07477832045143,110.89128632968492
Jean Zay H100,gpu_p6,Llama-3.1-8B-Instruct,Text Generation,sonnet,sglang,benchmark_serving.py,500,2,4,8,4,2,32768,,68.81,68.91,157.4,316.62,933.87,24.18,24.18,16264.46,108.45,0.0010180914857009,10.180914857009052,215.4633094544586,103.33202033036848,109.78528277161692
Jean Zay H100,gpu_p6,Mistral-7B-Instruct-v0.3,Text Generation,sonnet,sglang,benchmark_serving.py,1000,4,4,16,4,4,4096,,67.11,67.22,141.01,275.78,1917.68,48.08,48.08,15843.63,105.64,0.0004965637786517,4.9656377865173,209.88058678547668,112.35820154598964,109.00234084919464
Jean Zay H100,gpu_p6,Mistral-7B-Instruct-v0.3,Text Generation,sonnet,sglang,benchmark_serving.py,1000,4,4,16,4,4,16384,,67.36,67.47,139.53,274.03,1891.04,49.1,49.11,15628.82,104.21,0.0005027020233756,5.027020233756441,207.03949998188523,112.01046369956282,107.94596525717829
Jean Zay H100,gpu_p6,Mistral-7B-Instruct-v0.3,Text Generation,sonnet,sglang,benchmark_serving.py,1000,4,4,16,4,4,32768,,67.65,67.75,140.24,274.55,1911.19,49.05,49.05,15647.74,104.32,0.0004976882381338,4.976882381338682,207.25825533930168,111.57829435253848,107.86500101783002
Jean Zay H100,gpu_p6,Llama-3.1-8B-Instruct,Text Generation,sonnet,sglang,benchmark_serving.py,1000,4,4,16,4,4,4096,,67.67,67.77,143.8,259.67,2110.29,48.99,48.99,15359.02,102.4,0.0004528431758797,4.528431758797612,203.4436226426809,106.80820584144644,104.88912436576558
Jean Zay H100,gpu_p6,Mistral-7B-Instruct-v0.3,Text Generation,sonnet,sglang,benchmark_serving.py,250,4,4,16,4,4,32768,,67.53,67.75,152.41,226.13,302.61,15.16,15.16,14299.87,95.35,0.0030036343976211,30.03634397621121,189.43685535893164,93.8250114821862,104.64489144824816
Jean Zay H100,gpu_p6,Mistral-7B-Instruct-v0.3,Text Generation,sonnet,sglang,benchmark_serving.py,300,4,4,16,4,4,16384,,67.36,67.46,151.65,227.93,390.86,15.26,15.26,14550.82,97.02,0.0023731548720869,23.73154872086952,192.75477563927512,95.95001648532804,104.30935555775416
Jean Zay H100,gpu_p6,Mistral-7B-Instruct-v0.3,Text Generation,sonnet,sglang,benchmark_serving.py,300,4,4,16,4,4,32768,,67.64,67.75,152.22,230.1,394.55,15.21,15.21,14492.01,96.62,0.0023531072781608,23.531072781608117,191.9601780564728,95.20437524635396,103.73242536378076
Jean Zay H100,gpu_p6,Mistral-7B-Instruct-v0.3,Text Generation,sonnet,sglang,benchmark_serving.py,300,4,4,16,4,4,4096,,67.11,67.21,152.64,230.37,398.17,15.3,15.3,14491.71,96.62,0.002332252722905,23.32252722905054,191.96015173772463,94.94044811320757,103.57705424492998
Jean Zay H100,gpu_p6,Mistral-7B-Instruct-v0.3,Text Generation,sonnet,sglang,benchmark_serving.py,250,4,4,16,4,4,16384,,67.25,67.46,151.7,223.53,297.65,15.48,15.48,13977.6,93.2,0.0030431210249231,30.431210249231608,185.16535236091764,92.13974950560318,102.78755112924377
Jean Zay H100,gpu_p6,Llama-3.1-8B-Instruct,Text Generation,sonnet,sglang,benchmark_serving.py,1000,4,4,16,4,4,16384,,67.94,68.04,142.64,255.3,2224.96,50.19,50.19,14992.14,99.95,0.0004300446386334,4.300446386334902,198.5761273620817,105.10473920358946,102.61155161961032
Jean Zay H100,gpu_p6,Llama-3.1-8B-Instruct,Text Generation,sonnet,sglang,benchmark_serving.py,1000,4,4,16,4,4,32768,,68.22,68.32,140.49,253.69,2328.42,49.41,49.41,14919.86,99.47,0.0004119905736556,4.119905736556748,197.62246041601057,106.1987330059079,102.57599905376344
Jean Zay H100,gpu_p6,Mistral-7B-Instruct-v0.3,Text Generation,sonnet,sglang,benchmark_serving.py,250,4,4,16,4,4,4096,,67.0,67.21,152.63,224.39,316.04,15.26,15.26,14007.82,93.4,0.0028855032317636,28.855032317636194,185.56272265803955,91.77632182401886,102.2704596754158
Jean Zay H100,gpu_p6,Mistral-7B-Instruct-v0.3,Text Generation,sonnet,sglang,benchmark_serving.py,1000,1,4,4,4,1,16384,,67.18,67.27,176.79,501.47,1887.4,48.58,48.58,15737.55,104.94,0.0005038900310396,5.03890031039626,208.4897635409585,89.01832682844052,101.0856102945616
Jean Zay H100,gpu_p6,Mistral-7B-Instruct-v0.3,Text Generation,sonnet,sglang,benchmark_serving.py,250,2,4,8,4,2,4096,,66.49,66.72,169.3,285.42,290.54,15.38,15.38,14116.8,94.13,0.0031123560535325,31.12356053532524,187.01300815639792,83.38334317779089,100.84910317207896
Jean Zay H100,gpu_p6,Mistral-7B-Instruct-v0.3,Text Generation,sonnet,sglang,benchmark_serving.py,1000,1,4,4,4,1,32768,,67.45,67.55,176.06,497.24,1891.21,48.79,48.79,15669.55,104.47,0.0005028182965521,5.02818296552175,207.55620805603135,89.00119277519028,100.75907463538896
Jean Zay H100,gpu_p6,Mistral-7B-Instruct-v0.3,Text Generation,sonnet,sglang,benchmark_serving.py,1000,1,4,4,4,1,4096,,67.13,67.21,178.0,506.92,1855.41,49.36,49.36,15645.93,104.32,0.0005117366807735,5.117366807735412,207.2580965508484,87.89848314606742,100.33517214866008
Jean Zay H100,gpu_p6,Llama-3.1-8B-Instruct,Text Generation,sonnet,sglang,benchmark_serving.py,500,1,4,4,4,1,32768,,69.19,69.45,196.83,625.37,1072.07,23.87,23.87,15834.44,105.57,0.0008930086353935,8.930086353935044,209.7416288697435,80.44728953919626,100.09151582859351
Jean Zay H100,gpu_p6,Llama-3.1-8B-Instruct,Text Generation,sonnet,sglang,benchmark_serving.py,500,1,4,4,4,1,16384,,68.93,69.18,199.59,619.74,1374.66,20.8,20.8,15988.02,106.59,0.0007060850408823,7.060850408823239,211.7681698158576,80.10431384337893,100.03524730627277
Jean Zay H100,gpu_p6,Mistral-7B-Instruct-v0.3,Text Generation,sonnet,sglang,benchmark_serving.py,300,2,4,8,4,2,4096,,66.52,66.72,169.52,290.28,378.83,15.75,15.75,14328.35,95.53,0.0024370628518509,24.37062851850949,189.79460110594377,84.52306512505899,99.863558912333
Jean Zay H100,gpu_p6,Mistral-7B-Instruct-v0.3,Text Generation,sonnet,sglang,benchmark_serving.py,250,2,4,8,4,2,16384,,66.71,66.95,168.09,283.27,294.84,15.59,15.59,13938.14,92.93,0.0030672964848782,30.67296484878229,184.62901976827143,82.92069724552323,99.73729788836572
Jean Zay H100,gpu_p6,Mistral-7B-Instruct-v0.3,Text Generation,sonnet,sglang,benchmark_serving.py,1000,2,4,8,4,2,16384,,66.74,66.96,150.08,294.28,2039.14,52.32,52.32,14688.27,97.92,0.000466465775406,4.664657754060585,194.5430700403552,97.86960287846482,99.04890037121012
Jean Zay H100,gpu_p6,Mistral-7B-Instruct-v0.3,Text Generation,sonnet,sglang,benchmark_serving.py,300,2,4,8,4,2,16384,,66.74,66.95,167.64,288.32,415.67,15.66,15.66,14184.26,94.56,0.0022371865142396,22.37186514239692,187.86757247447616,84.61142925316155,98.55706615074854
Jean Zay H100,gpu_p6,ALIA-40b-instruct-2605,Text Generation,sonnet,sglang,benchmark_serving.py,1000,4,4,16,4,4,32768,,69.54,69.65,172.66,394.59,1701.09,53.98,53.98,15120.67,100.81,0.0005527763190624,5.527763190624914,200.28469540412627,87.5748291439824,98.00018124828976
Jean Zay H100,gpu_p6,Mistral-7B-Instruct-v0.3,Text Generation,sonnet,sglang,benchmark_serving.py,300,2,4,8,4,2,32768,,66.99,67.2,169.13,291.79,428.15,15.82,15.82,14162.3,94.42,0.0021749059353182,21.74905935318297,187.58934256967945,83.73617927038373,97.97063402029602
Jean Zay H100,gpu_p6,Mistral-7B-Instruct-v0.3,Text Generation,sonnet,sglang,benchmark_serving.py,1000,2,4,8,4,2,4096,,66.52,66.72,151.62,292.67,2025.56,53.05,53.05,14525.03,96.85,0.0004691179644033,4.691179644033288,192.4170018492834,95.79890515763093,97.67243135816958
Jean Zay H100,gpu_p6,Mistral-7B-Instruct-v0.3,Text Generation,sonnet,sglang,benchmark_serving.py,1000,2,4,8,4,2,32768,,67.0,67.21,151.58,296.64,2007.55,53.24,53.25,14520.41,96.82,0.000473027946491,4.730279464910787,192.35738867076728,95.79370629370628,97.66379318011656
Jean Zay H100,gpu_p6,Mistral-7B-Instruct-v0.3,Text Generation,sonnet,sglang,benchmark_serving.py,250,2,4,8,4,2,32768,,66.96,67.2,168.87,284.31,314.87,15.78,15.78,13700.93,91.34,0.0028865860346967,28.865860346967647,181.47019253538397,81.13300171729733,97.47681852953468
Jean Zay H100,gpu_p6,ALIA-40b-instruct-2605,Text Generation,sonnet,sglang,benchmark_serving.py,1000,4,4,16,4,4,4096,,68.91,69.02,171.55,385.17,1478.36,56.58,56.58,14941.88,99.61,0.0006283301497939,6.283301497939078,197.90069558268493,87.09927134946079,97.29432583923963
Jean Zay H100,gpu_p6,Llama-3.1-8B-Instruct,Text Generation,sonnet,sglang,benchmark_serving.py,150,1,4,4,4,1,16384,,68.6,68.94,215.94,550.21,322.95,7.73,7.73,14534.19,96.92,0.002954995419757,29.54995419757099,192.555957107834,67.30661294804112,97.05412598721084
Jean Zay H100,gpu_p6,ALIA-40b-instruct-2605,Text Generation,sonnet,sglang,benchmark_serving.py,1000,4,4,16,4,4,16384,,69.0,69.1,171.26,387.33,1768.73,53.92,53.92,14898.88,99.33,0.0005328871291771,5.32887129177169,197.34431647509936,86.99567908443302,96.74750114775472
Jean Zay H100,gpu_p6,Llama-3.1-8B-Instruct,Text Generation,sonnet,sglang,benchmark_serving.py,150,1,4,4,4,1,32768,,68.87,69.2,205.29,547.58,322.05,7.99,7.99,14287.02,95.25,0.0029583173091145,29.583173091145756,189.2383684912048,69.5943299722344,96.6695097291142
Jean Zay H100,gpu_p6,Llama-3.1-8B-Instruct,Text Generation,sharegpt,sglang,benchmark_serving.py,1000,2,4,8,4,2,32768,,68.83,68.93,167.01,287.85,1767.63,22.84,36.35,17658.02,89.27,0.0005473993058976,5.473993058976802,177.64193241897777,105.73031554996707,96.09311563849404
Jean Zay H100,gpu_p6,Llama-3.1-8B-Instruct,Text Generation,sharegpt,sglang,benchmark_serving.py,1000,2,4,8,4,2,4096,,68.28,68.38,165.87,290.3,1760.97,23.25,36.18,17527.4,88.67,0.0005493298176225,5.4932981762250055,176.44736402614205,105.66950021100864,95.67406521632756
Jean Zay H100,gpu_p6,Llama-3.1-8B-Instruct,Text Generation,sonnet,sglang,benchmark_serving.py,1000,2,4,8,4,2,4096,,68.26,68.36,149.55,331.37,1928.66,56.63,56.63,14114.69,94.11,0.0004897351512302,4.897351512302146,186.973351148584,94.3810765630224,95.43798340486843
Jean Zay H100,gpu_p6,Llama-3.1-8B-Instruct,Text Generation,sonnet,vllm,benchmark_serving.py,500,1,4,4,4,1,4096,,75.09,75.09,199.83,336.94,497.83,29.68,29.68,14490.18,96.6,0.0017947199339543,17.947199339543065,191.9205455899109,72.512535655307,94.55904468571258
Jean Zay H100,gpu_p6,Llama-3.1-8B-Instruct,Text Generation,sonnet,vllm,benchmark_serving.py,500,1,4,4,4,1,32768,,75.09,75.09,199.8,332.33,494.09,29.89,29.89,14434.25,96.23,0.0018054778197049,18.05477819704985,191.1854085343361,72.24349349349349,94.25958140658916
Jean Zay H100,gpu_p6,Llama-3.1-8B-Instruct,Text Generation,sonnet,sglang,benchmark_serving.py,300,4,4,16,4,4,16384,,67.94,68.04,154.01,222.67,437.49,17.02,17.02,13214.27,88.11,0.0021207558373804,21.207558373804424,175.0527844942033,85.8013765339913,94.18495706599984
Jean Zay H100,gpu_p6,Llama-3.1-8B-Instruct,Text Generation,sonnet,sglang,benchmark_serving.py,300,4,4,16,4,4,4096,,67.67,67.77,155.26,228.62,406.27,17.35,17.35,13139.53,87.61,0.0022677279633535,22.67727963353516,174.05942982383192,84.62920262785006,93.97182605641684
Jean Zay H100,gpu_p6,Llama-3.1-8B-Instruct,Text Generation,sonnet,sglang,benchmark_serving.py,250,4,4,16,4,4,16384,,67.81,68.04,154.23,219.39,318.55,17.16,17.16,12751.54,85.01,0.0028339048374755,28.33904837475557,168.89404324370648,82.67872657718992,93.51644365497788
Jean Zay H100,gpu_p6,Llama-3.1-8B-Instruct,Text Generation,sonnet,vllm,benchmark_serving.py,500,1,4,4,4,1,16384,,75.09,75.09,199.28,328.23,499.72,30.24,30.24,14309.83,95.4,0.0017850767583006,17.850767583006068,189.53640892925696,71.80765756724207,93.4900904356869
Jean Zay H100,gpu_p6,Llama-3.1-8B-Instruct,Text Generation,sharegpt,sglang,benchmark_serving.py,1000,2,4,8,4,2,16384,,68.56,68.66,165.24,289.75,1766.53,24.4,42.91,17086.62,86.45,0.0005453038433014,5.453038433014876,172.02961369166957,103.40486564996368,93.4336587303811
Jean Zay H100,gpu_p6,ALIA-40b-instruct-2605,Text Generation,sonnet,sglang,benchmark_serving.py,500,2,4,8,4,2,32768,,70.32,70.42,207.18,451.03,554.79,30.6,30.6,14502.19,96.68,0.001623402977321,16.234029773210604,192.0794868643943,69.99802104450237,93.22596239102644
Jean Zay H100,gpu_p6,Llama-3.1-8B-Instruct,Text Generation,sonnet,sglang,benchmark_serving.py,1000,2,4,8,4,2,16384,,68.6,68.7,149.72,336.03,1966.6,58.14,58.14,13778.87,91.86,0.0004801044707328,4.801044707328314,182.50329985516265,92.03092439219876,93.13337295675056
Jean Zay H100,gpu_p6,Llama-3.1-8B-Instruct,Text Generation,sonnet,sglang,benchmark_serving.py,250,4,4,16,4,4,32768,,68.1,68.32,152.18,217.23,328.72,17.12,17.12,12670.54,84.47,0.0027551245316288,27.55124531628829,167.82119556158716,83.26021816270206,93.06989971054232
Jean Zay H100,gpu_p6,Llama-3.1-8B-Instruct,Text Generation,sonnet,sglang,benchmark_serving.py,300,4,4,16,4,4,32768,,68.22,68.32,151.82,220.79,420.83,17.87,17.87,12942.66,86.28,0.0021902446503274,21.902446503274412,171.41727643231144,85.25003293373733,93.00871633689516
Jean Zay H100,gpu_p6,Llama-3.1-8B-Instruct,Text Generation,sharegpt,sglang,benchmark_serving.py,250,1,4,4,4,1,32768,,69.12,69.22,223.58,487.91,339.14,10.55,11.94,17219.95,86.94,0.0027652573071924,27.652573071924344,173.006525493604,77.01918776276948,92.87023359636586
Jean Zay H100,gpu_p6,Llama-3.1-8B-Instruct,Text Generation,sonnet,sglang,benchmark_serving.py,1000,2,4,8,4,2,32768,,68.81,68.91,149.26,335.35,2043.2,57.63,57.63,13685.14,91.23,0.0004632932739082,4.632932739082494,181.25171176441975,91.68658716333914,92.5404870234593
Jean Zay H100,gpu_p6,Llama-3.1-8B-Instruct,Text Generation,sonnet,vllm,benchmark_serving.py,1000,4,4,16,4,4,4096,,73.33,73.33,144.66,196.72,1420.59,60.82,60.82,13450.77,89.67,0.0006484117155028,6.484117155028758,178.15234156349425,92.98195769390296,92.53062242634678
Jean Zay H100,gpu_p6,Mistral-7B-Instruct-v0.3,Text Generation,sonnet,sglang,benchmark_serving.py,300,1,4,4,4,1,4096,,67.13,67.21,210.6,420.98,354.33,16.29,16.29,13896.76,92.65,0.0025845803933731,25.84580393373136,184.0727827692519,65.98651471984806,92.48800418936568
Jean Zay H100,gpu_p6,Llama-3.1-8B-Instruct,Text Generation,sonnet,vllm,benchmark_serving.py,1000,4,4,16,4,4,16384,,73.33,73.33,146.23,198.43,1442.82,60.56,60.56,13468.42,89.79,0.0006394107190812,6.394107190812947,178.39072145954373,92.10435615126856,92.3002357095272
Jean Zay H100,gpu_p6,Llama-3.1-8B-Instruct,Text Generation,sharegpt,sglang,benchmark_serving.py,300,1,4,4,4,1,16384,,68.88,68.99,221.32,493.19,580.98,11.47,13.16,17824.55,89.84,0.0016512276877858,16.51227687785869,178.778911478426,80.53745707572746,92.1709903053696
Jean Zay H100,gpu_p6,Llama-3.1-8B-Instruct,Text Generation,sharegpt,sglang,benchmark_serving.py,250,1,4,4,4,1,16384,,68.88,68.99,222.67,494.73,356.06,10.55,12.16,17132.06,86.39,0.0026401246138817,26.40124613881775,171.91311220231788,76.93923743656534,92.04743781568702
Jean Zay H100,gpu_p6,Llama-3.1-8B-Instruct,Text Generation,sonnet,vllm,benchmark_serving.py,1000,4,4,16,4,4,32768,,73.33,73.33,147.81,201.38,1455.34,60.4,60.4,13450.24,89.68,0.0006344614057126,6.344614057126904,178.17203103120258,90.99682024220284,91.85464180753694
Jean Zay H100,gpu_p6,Mistral-7B-Instruct-v0.3,Text Generation,sonnet,sglang,benchmark_serving.py,300,1,4,4,4,1,32768,,67.45,67.54,208.55,420.12,378.98,16.46,16.46,13811.63,92.1,0.0024277737314882,24.27773731488225,182.9798367776129,66.22694797410692,91.66019854316258
Jean Zay H100,gpu_p6,Llama-3.1-8B-Instruct,Text Generation,sharegpt,sglang,benchmark_serving.py,500,1,4,4,4,1,32768,,69.22,69.46,215.64,504.8,1089.54,17.57,22.52,17980.22,90.89,0.0008852456113948,8.852456113948815,180.86572388746455,83.3807271378223,91.1860138845837
Jean Zay H100,gpu_p6,Mistral-7B-Instruct-v0.3,Text Generation,sonnet,sglang,benchmark_serving.py,250,1,4,4,4,1,4096,,67.12,67.21,210.48,409.66,274.26,16.51,16.51,13293.17,88.63,0.0032543608435303,32.54360843530331,176.08597604208703,63.156451919422274,91.14412333652784
Jean Zay H100,gpu_p6,Mistral-7B-Instruct-v0.3,Text Generation,sonnet,sglang,benchmark_serving.py,250,1,4,4,4,1,16384,,67.17,67.27,209.43,403.89,291.53,16.41,16.41,13364.99,89.1,0.0030830892554339,30.83089255433945,177.0198666725137,63.81602444730936,91.09038596026906
Jean Zay H100,gpu_p6,Llama-3.1-8B-Instruct,Text Generation,sonnet,vllm,benchmark_serving.py,500,2,4,8,4,2,32768,,73.31,73.31,161.51,227.54,497.64,33.3,33.3,13112.07,87.41,0.0017722954771019,17.722954771019428,173.66230165127718,81.18426103646833,91.04995071525072
Jean Zay H100,gpu_p6,Llama-3.1-8B-Instruct,Text Generation,sonnet,sglang,benchmark_serving.py,250,4,4,16,4,4,4096,,67.54,67.77,155.96,222.01,338.67,17.37,17.37,12480.74,83.2,0.0026780214777322,26.780214777322517,165.29807815064385,80.02526288791998,90.91470371964296
Jean Zay H100,gpu_p6,Mistral-7B-Instruct-v0.3,Text Generation,sonnet,sglang,benchmark_serving.py,250,1,4,4,4,1,32768,,67.44,67.54,209.57,406.02,268.7,16.72,16.72,13184.2,87.9,0.0033097239690209,33.09723969020984,174.63569141281334,62.91072195447822,90.76062760046092
Jean Zay H100,gpu_p6,ALIA-40b-instruct-2605,Text Generation,sonnet,sglang,benchmark_serving.py,500,2,4,8,4,2,16384,,70.01,70.11,218.11,451.4,644.85,30.0,30.0,14352.16,95.68,0.0014187415762218,14.187415762218912,190.09272926610484,65.80239328779057,90.51201516172306
Jean Zay H100,gpu_p6,Llama-3.1-8B-Instruct,Text Generation,sharegpt,sglang,benchmark_serving.py,300,1,4,4,4,1,32768,,69.12,69.22,222.54,494.33,649.8,11.4,12.99,17594.32,88.76,0.0014832613951556,14.832613951556684,176.62894056917688,79.06138222342051,90.39657084854396
Jean Zay H100,gpu_p6,Llama-3.1-8B-Instruct,Text Generation,sonnet,vllm,benchmark_serving.py,500,2,4,8,4,2,16384,,73.31,73.31,161.73,227.18,506.55,33.58,33.58,13016.79,86.78,0.0017430409091701,17.43040909170138,172.41057760595015,80.48469671675015,90.30103842656158
Jean Zay H100,gpu_p6,Llama-3.1-8B-Instruct,Text Generation,sonnet,sglang,benchmark_serving.py,1000,1,4,4,4,1,32768,,70.09,71.46,184.63,602.13,2365.08,51.15,51.15,14220.5,94.82,0.0004052882004393,4.052882004393324,188.38388663334104,77.02161078914587,90.07541678935635
Jean Zay H100,gpu_p6,ALIA-40b-instruct-2605,Text Generation,sonnet,sglang,benchmark_serving.py,500,4,4,16,4,4,32768,,69.54,69.64,188.56,351.29,740.44,30.63,30.63,13806.78,92.05,0.001247349382562,12.473493825620556,182.88073154359037,73.22221043699618,89.85154396537048
Jean Zay H100,gpu_p6,Llama-3.1-8B-Instruct,Text Generation,sonnet,vllm,benchmark_serving.py,500,2,4,8,4,2,4096,,73.3,73.3,162.72,227.34,504.29,33.77,33.77,12959.19,86.4,0.0017487714880296,17.48771488029659,171.65555808514603,79.64103982300885,89.79384555161332
Jean Zay H100,gpu_p6,Llama-3.3-70B-Instruct,Text Generation,sonnet,sglang,benchmark_serving.py,1000,4,4,16,4,4,16384,,68.33,68.43,212.95,471.91,1949.93,53.5,53.5,14668.7,97.82,0.0004861614153131,4.861614153131121,194.343993574654,68.8833059403616,89.77256452836266
Jean Zay H100,gpu_p6,Mistral-7B-Instruct-v0.3,Text Generation,sonnet,sglang,benchmark_serving.py,300,1,4,4,4,1,16384,,67.18,67.27,208.25,415.94,395.33,16.98,16.98,13524.59,90.18,0.002329427659624,23.2942765962403,179.16535148225051,64.94400960384154,89.61835661991617
Jean Zay H100,gpu_p6,Llama-3.1-8B-Instruct,Text Generation,sonnet,sglang,benchmark_serving.py,1000,1,4,4,4,1,16384,,70.11,71.89,181.66,610.65,2240.85,53.68,53.68,14053.26,93.69,0.0004258562905361,4.258562905361957,186.1390517956167,77.36023340306066,89.49046368731216
Jean Zay H100,gpu_p6,Llama-3.1-8B-Instruct,Text Generation,sharegpt,sglang,benchmark_serving.py,500,1,4,4,4,1,16384,,68.98,69.23,214.05,511.33,1107.84,18.03,23.03,17607.09,88.97,0.0008703977717817,8.703977717817043,177.0453758972336,82.25690259285213,89.47698905882991
Jean Zay H100,gpu_p6,Llama-3.1-8B-Instruct,Text Generation,sharegpt,sglang,benchmark_serving.py,150,1,4,4,4,1,16384,,68.62,68.98,202.69,477.17,111.99,9.78,13.17,12862.79,64.99,0.0074107010523195,74.1070105231955,129.3265699292531,63.46040751887119,89.47474775987132
Jean Zay H100,gpu_p6,Llama-3.3-70B-Instruct,Text Generation,sonnet,sglang,benchmark_serving.py,1000,4,4,16,4,4,32768,,68.76,68.86,213.27,467.03,1988.88,53.25,53.25,14610.85,97.41,0.0004772404050816,4.772404050816558,193.5297443069404,68.50869789468749,89.34551376793738
Jean Zay H100,gpu_p6,Llama-3.3-70B-Instruct,Text Generation,sonnet,sglang,benchmark_serving.py,1000,4,4,16,4,4,4096,,68.08,68.18,211.71,464.83,2042.3,52.94,52.94,14575.35,97.19,0.0004655103389846,4.655103389846289,193.09243886879847,68.84582683859998,89.26482895629123
Jean Zay H100,gpu_p6,Llama-3.1-8B-Instruct,Text Generation,sharegpt,sglang,benchmark_serving.py,1000,1,4,4,4,1,16384,,69.75,70.86,201.94,588.91,1648.03,24.08,37.16,17317.46,87.35,0.0005850450777232,5.850450777232386,173.82322829148953,85.75547192235317,88.53080189851846
Jean Zay H100,gpu_p6,Llama-3.1-8B-Instruct,Text Generation,sharegpt,sglang,benchmark_serving.py,1000,1,4,4,4,1,32768,,70.0,71.04,200.53,589.8,1728.08,24.25,36.73,17156.42,86.58,0.0005589527461348,5.589527461348418,172.29053454735254,85.55537824764373,87.85694212220432
Jean Zay H100,gpu_p6,ALIA-40b-instruct-2605,Text Generation,sonnet,sglang,benchmark_serving.py,500,4,4,16,4,4,16384,,69.0,69.1,188.5,352.23,833.4,30.55,30.55,13504.0,90.03,0.0011179429849077,11.1794298490777,178.86750580953552,71.63925729442971,87.540520458146
Jean Zay H100,gpu_p6,ALIA-40b-instruct-2605,Text Generation,sonnet,sglang,benchmark_serving.py,500,4,4,16,4,4,4096,,68.91,69.02,189.07,350.57,846.78,31.33,31.33,13383.93,89.23,0.0010995777621393,10.995777621393383,177.2780956954419,70.78822658274713,86.66534943420308
Jean Zay H100,gpu_p6,Llama-3.1-8B-Instruct,Text Generation,sharegpt,sglang,benchmark_serving.py,150,1,4,4,4,1,32768,,68.91,69.22,230.49,480.01,117.12,9.69,13.45,12943.91,65.33,0.0071296164266362,71.29616426636247,130.00384961765636,56.15822812269513,86.41263771982887
Jean Zay H100,gpu_p6,ALIA-40b-instruct-2605,Text Generation,sonnet,sglang,benchmark_serving.py,500,2,4,8,4,2,4096,,69.67,69.77,219.26,451.69,771.44,30.28,30.28,13792.13,91.95,0.001201923076923,12.01923076923077,182.68208674971623,62.90308309769224,86.32743454770349
Jean Zay H100,gpu_p6,ALIA-40b-instruct-2605,Text Generation,sonnet,sglang,benchmark_serving.py,1000,2,4,8,4,2,32768,,70.32,70.42,202.55,463.47,1823.81,62.69,62.69,13255.74,88.37,0.000513033619093,5.130336190930591,175.56955747517068,65.4442853616391,82.38013516219895
Jean Zay H100,gpu_p6,ALIA-40b-instruct-2605,Text Generation,sonnet,sglang,benchmark_serving.py,1000,2,4,8,4,2,4096,,69.67,69.77,204.35,458.59,1683.0,64.05,64.05,13102.16,87.35,0.0005521506266909,5.521506266909613,173.54301653359374,64.1162711034989,81.39914450529079
Jean Zay H100,gpu_p6,ALIA-40b-instruct-2605,Text Generation,sonnet,sglang,benchmark_serving.py,1000,1,4,4,4,1,32768,,72.64,75.11,288.59,657.89,1737.49,57.99,57.99,14052.52,93.69,0.0005395285599443,5.395285599443207,186.13898688058492,48.69371773103712,80.70364231714144
Jean Zay H100,gpu_p6,ALIA-40b-instruct-2605,Text Generation,sonnet,sglang,benchmark_serving.py,1000,2,4,8,4,2,16384,,70.01,70.12,205.05,463.6,1829.06,64.81,64.81,12858.47,85.72,0.0005105479200277,5.105479200277739,170.3046769863545,62.70894903682028,79.70631679523746
Jean Zay H100,gpu_p6,ALIA-40b-instruct-2605,Text Generation,sonnet,sglang,benchmark_serving.py,1000,1,4,4,4,1,16384,,72.54,75.49,286.96,658.71,1926.34,58.13,58.13,13803.65,92.03,0.0004895721139723,4.895721139723881,182.8409850399549,48.10304572065793,79.22345473170132
Jean Zay H100,gpu_p6,Llama-3.1-8B-Instruct,Text Generation,sharegpt,sglang,benchmark_serving.py,1000,4,4,16,4,4,4096,,67.69,67.79,153.26,227.99,1827.61,21.7,34.69,13886.44,70.15,0.0005307855626326,5.307855626326964,139.59481019360746,90.60707294793164,78.26116972211582
Jean Zay H100,gpu_p6,Llama-3.1-8B-Instruct,Text Generation,sonnet,vllm,benchmark_serving.py,1000,1,4,4,1,1,32768,,18.83,73.89,127.15,665.41,2370.23,71.63,71.57,10901.01,72.69,0.000397862681674,3.9786268167404697,144.41700008201423,85.73346441211167,77.88922175745235
Jean Zay H100,gpu_p6,Llama-3.1-8B-Instruct,Text Generation,sonnet,vllm,benchmark_serving.py,1000,1,4,4,1,1,16384,,18.83,73.89,134.42,668.04,2300.94,71.43,71.38,11020.99,73.47,0.0004092071611253,4.092071611253197,145.9669303958913,81.98921291474484,77.25660881514749
Jean Zay H100,gpu_p6,Llama-3.1-8B-Instruct,Text Generation,sharegpt,sglang,benchmark_serving.py,1000,4,4,16,4,4,32768,,68.24,68.34,156.67,233.52,1783.2,21.73,32.71,13787.25,69.65,0.000544176226029,5.441762260290372,138.59982571859507,88.0018510244463,77.13473224064387
Jean Zay H100,gpu_p6,Llama-3.1-8B-Instruct,Text Generation,sonnet,vllm,benchmark_serving.py,1000,1,4,4,1,1,4096,,18.83,73.89,133.67,659.22,2336.31,71.32,71.26,10972.9,73.15,0.0004034063633319,4.034063633319752,145.33116091272447,82.08947407795317,77.05280805060005
Jean Zay H100,gpu_p6,Llama-3.1-8B-Instruct,Text Generation,sharegpt,sglang,benchmark_serving.py,500,2,4,8,4,2,16384,,68.56,68.66,168.67,286.86,475.31,24.19,33.0,13281.19,66.98,0.0018779342723004,18.779342723004696,133.28779993062722,78.74067706171816,76.89984516198467
Jean Zay H100,gpu_p6,Llama-3.1-8B-Instruct,Text Generation,sharegpt,sglang,benchmark_serving.py,1000,4,4,16,4,4,16384,,67.96,68.06,150.86,229.31,1589.43,23.42,44.58,13437.27,68.02,0.0006033437309569,6.033437309569635,135.35482842649063,89.07112554686464,76.57477052525718
Jean Zay H100,gpu_p6,ALIA-40b-instruct-2605,Text Generation,sonnet,sglang,benchmark_serving.py,500,1,4,4,4,1,32768,,71.02,71.5,300.11,673.75,837.08,32.08,32.08,13057.19,87.05,0.0011095823532022,11.095823532022546,172.94699267511854,43.50801372829962,76.49712190348384
Jean Zay H100,gpu_p6,Llama-3.1-8B-Instruct,Text Generation,sharegpt,sglang,benchmark_serving.py,500,2,4,8,4,2,4096,,68.28,68.38,169.54,292.11,506.35,24.11,31.99,13217.6,66.76,0.001777935816517,17.779358165170233,132.84900077986447,77.96154299870237,76.16133580089657
Jean Zay H100,gpu_p6,ALIA-40b-instruct-2605,Text Generation,sonnet,sglang,benchmark_serving.py,500,1,4,4,4,1,16384,,70.69,71.09,302.74,673.31,953.12,31.11,31.12,13088.45,87.26,0.0009848820603732,9.848820603732705,173.36419016508412,43.23330250379864,76.12708046261329
Jean Zay H100,gpu_p6,Llama-3.1-8B-Instruct,Text Generation,sharegpt,sglang,benchmark_serving.py,500,2,4,8,4,2,32768,,68.83,68.93,169.64,288.81,547.86,23.85,30.0,13268.81,67.06,0.0016619301656944,16.619301656944373,133.44557176997077,78.21746050459798,76.05164432662251
Jean Zay H100,gpu_p6,Llama-3.1-8B-Instruct,Text Generation,sonnet,vllm,benchmark_serving.py,500,4,4,16,4,4,4096,,73.33,73.33,144.53,185.41,577.75,42.22,42.22,10536.02,70.24,0.0015101405940893,15.101405940893097,139.54967062847788,72.89849858160936,75.90888557970113
Jean Zay H100,gpu_p6,Llama-3.3-70B-Instruct,Text Generation,sonnet,sglang,benchmark_serving.py,1000,2,4,8,4,2,16384,,69.45,69.55,266.42,565.11,1827.02,64.8,64.8,12802.44,85.35,0.0005110854432644,5.11085443264405,169.5695311608895,48.05359957961114,74.76848296727698
Jean Zay H100,gpu_p6,Llama-3.1-8B-Instruct,Text Generation,sonnet,vllm,benchmark_serving.py,500,4,4,16,4,4,32768,,73.33,73.33,150.58,189.43,571.71,42.37,42.37,10483.66,69.91,0.0015233452662045,15.233452662045853,138.89379055618144,69.6218621330854,74.6822585767846
Jean Zay H100,gpu_p6,Llama-3.1-8B-Instruct,Text Generation,sonnet,vllm,benchmark_serving.py,500,4,4,16,4,4,16384,,73.33,73.33,148.98,187.31,607.67,42.17,42.17,10466.02,69.77,0.0014450658227482,14.450658227482265,138.61593964951842,70.25117465431602,74.52301916756136
Jean Zay H100,gpu_p6,Llama-3.3-70B-Instruct,Text Generation,sonnet,sglang,benchmark_serving.py,1000,2,4,8,4,2,32768,,69.73,69.83,264.23,562.46,1757.46,65.35,65.35,12696.71,84.65,0.0005296161342259,5.296161342259131,168.17873864753048,48.051735230670246,74.35802127034295
Jean Zay H100,gpu_p6,ALIA-40b-instruct-2605,Text Generation,sonnet,sglang,benchmark_serving.py,250,1,4,4,4,1,16384,,70.5,70.6,317.28,680.42,317.81,19.11,19.11,11642.25,77.62,0.0028087520714546,28.087520714546525,154.2118547390031,36.69392965204237,73.72384514286043
Jean Zay H100,gpu_p6,ALIA-40b-instruct-2605,Text Generation,sonnet,sglang,benchmark_serving.py,250,1,4,4,4,1,32768,,70.77,70.87,318.52,679.2,320.25,19.22,19.22,11598.95,77.33,0.0027879227187822,27.87922718782235,153.63571334363343,36.41513876679644,73.36792418606983
Jean Zay H100,gpu_p6,Llama-3.1-8B-Instruct,Text Generation,sharegpt,sglang,benchmark_serving.py,250,2,4,8,4,2,32768,,68.8,68.93,172.99,266.93,110.56,20.37,22.89,9602.29,48.65,0.0065011051878819,65.0110518788194,96.809514617229,55.50777501589688,72.78148061374347
Jean Zay H100,gpu_p6,Llama-3.1-8B-Instruct,Text Generation,sharegpt,sglang,benchmark_serving.py,250,2,4,8,4,2,4096,,68.25,68.38,172.8,270.4,115.58,20.03,22.39,9733.62,49.11,0.0063291139240506,63.291139240506325,97.72692861808513,56.32881944444445,72.77136529414332
Jean Zay H100,gpu_p6,Llama-3.1-8B-Instruct,Text Generation,sharegpt,sglang,benchmark_serving.py,300,2,4,8,4,2,4096,,68.28,68.38,171.54,274.83,153.56,21.4,24.49,10556.64,53.24,0.0050137879167711,50.137879167711205,105.94568715197536,61.54039874081847,72.76134014575534
Jean Zay H100,gpu_p6,Llama-3.1-8B-Instruct,Text Generation,sharegpt,sglang,benchmark_serving.py,300,2,4,8,4,2,32768,,68.83,68.93,172.11,271.39,144.09,21.89,24.94,10362.03,52.41,0.0052377959354703,52.37795935470354,104.29250008641849,60.20585671953983,72.53383036023423
Jean Zay H100,gpu_p6,Llama-3.3-70B-Instruct,Text Generation,sonnet,sglang,benchmark_serving.py,1000,2,4,8,4,2,4096,,69.11,69.21,265.32,559.71,1898.69,67.15,67.15,12364.61,82.45,0.0004918863349057,4.9188633490573,163.807693463356,46.60263078546661,72.27987116756984
Jean Zay H100,gpu_p6,ALIA-40b-instruct-2605,Text Generation,sonnet,sglang,benchmark_serving.py,250,2,4,8,4,2,32768,,70.3,70.42,234.55,458.9,282.31,21.64,21.64,10500.41,70.0,0.0030713474001044,30.71347400104426,139.07288364405923,44.76832231933489,72.05322474152236
Jean Zay H100,gpu_p6,ALIA-40b-instruct-2605,Text Generation,sonnet,sglang,benchmark_serving.py,250,2,4,8,4,2,4096,,69.65,69.77,235.33,465.33,287.89,21.54,21.55,10515.4,70.1,0.0030213305939935,30.21330593993595,139.27155826366257,44.6836357455488,71.92361726779912
Jean Zay H100,gpu_p6,Llama-3.1-8B-Instruct,Text Generation,sharegpt,sglang,benchmark_serving.py,250,2,4,8,4,2,16384,,68.52,68.66,172.06,266.33,118.58,20.22,22.49,9622.8,48.53,0.0062000124000247,62.00012400024799,96.57296028571044,55.9270022085319,71.81148936395608
Jean Zay H100,gpu_p6,Llama-3.1-8B-Instruct,Text Generation,sharegpt,sglang,benchmark_serving.py,300,2,4,8,4,2,16384,,68.55,68.66,171.75,271.11,161.85,21.38,24.6,10496.42,52.93,0.0048116248857239,48.11624885723909,105.32886113362436,61.1145269286754,71.7279860140697
Jean Zay H100,gpu_p6,Llama-3.1-8B-Instruct,Text Generation,sonnet,vllm,benchmark_serving.py,250,1,4,4,4,1,4096,,75.09,75.09,196.35,276.8,233.38,23.83,23.83,9715.76,64.78,0.0035582123541132,35.582123541132944,128.7018779740178,49.48184364654953,71.69075048204711
Jean Zay H100,gpu_p6,Llama-3.3-70B-Instruct,Text Generation,sonnet,sglang,benchmark_serving.py,500,4,4,16,4,4,32768,,68.75,68.86,235.81,448.2,868.86,37.0,37.0,11606.61,77.38,0.001060602846658,10.606028466580405,153.73506512758055,49.22017726135448,71.62642854564817
Jean Zay H100,gpu_p6,ALIA-40b-instruct-2605,Text Generation,sonnet,sglang,benchmark_serving.py,300,2,4,8,4,2,4096,,69.66,69.77,232.66,443.73,335.74,22.51,22.51,10655.43,71.04,0.0026263262947788,26.263262947788636,141.13902284721817,45.79828934926503,71.57222976206712
Jean Zay H100,gpu_p6,ALIA-40b-instruct-2605,Text Generation,sonnet,sglang,benchmark_serving.py,250,2,4,8,4,2,16384,,69.99,70.11,236.04,460.56,299.74,21.69,21.7,10480.22,69.87,0.002914347331915,29.14347331915017,138.81454497544573,44.4001864090832,71.31378587106923
Jean Zay H100,gpu_p6,Llama-3.3-70B-Instruct,Text Generation,sonnet,sglang,benchmark_serving.py,500,4,4,16,4,4,4096,,68.08,68.18,233.53,446.38,886.62,37.02,37.02,11508.66,76.72,0.0010409510128453,10.409510128453356,152.42389894850234,49.28129148289299,71.1333723606907
Jean Zay H100,gpu_p6,Llama-3.1-8B-Instruct,Text Generation,sonnet,vllm,benchmark_serving.py,300,1,4,4,4,1,4096,,75.09,75.09,193.12,282.27,264.95,24.66,24.66,9781.59,65.21,0.0031819772806822,31.81977280682216,129.55629928504692,50.65032104391052,71.07596724528686
Jean Zay H100,gpu_p6,Llama-3.1-8B-Instruct,Text Generation,sonnet,vllm,benchmark_serving.py,250,1,4,4,4,1,32768,,75.09,75.09,196.16,277.3,234.29,24.07,24.07,9619.49,64.13,0.0035407003505293,35.407003505293346,127.41059514933464,49.03899877650897,71.05046315105639
Jean Zay H100,gpu_p6,Llama-3.1-8B-Instruct,Text Generation,sonnet,sglang,benchmark_serving.py,150,2,4,8,4,2,16384,,67.5,68.64,174.55,325.67,342.91,12.69,12.69,9717.56,64.78,0.0027152515680577,27.152515680577803,128.70203587280753,55.67207103981666,70.80561026089234
Jean Zay H100,gpu_p6,Llama-3.1-8B-Instruct,Text Generation,sonnet,sglang,benchmark_serving.py,150,2,4,8,4,2,4096,,67.19,68.32,171.59,321.96,357.41,12.55,12.55,9705.89,64.71,0.0026143107369741,26.14310736974197,128.56286039751907,56.564426831400425,70.7006456269169
Jean Zay H100,gpu_p6,Llama-3.1-8B-Instruct,Text Generation,sonnet,vllm,benchmark_serving.py,250,1,4,4,4,1,16384,,75.09,75.09,195.67,273.82,235.21,24.34,24.34,9524.7,63.5,0.0035224911057099,35.22491105709958,126.15891408189232,48.67736495119334,70.44725733163912
Jean Zay H100,gpu_p6,Llama-3.3-70B-Instruct,Text Generation,sonnet,sglang,benchmark_serving.py,500,4,4,16,4,4,16384,,68.32,68.43,235.66,450.58,914.92,37.02,37.02,11421.62,76.17,0.0010111632421938,10.1116324219382,151.33078537701593,48.46651956208097,70.39970831151032
Jean Zay H100,gpu_p6,ALIA-40b-instruct-2605,Text Generation,sonnet,sglang,benchmark_serving.py,300,2,4,8,4,2,16384,,70.01,70.11,234.42,443.97,373.84,22.48,22.48,10584.05,70.56,0.0023877745940783,23.877745940783196,140.18543484932815,45.14994454398089,70.22946372271174
Jean Zay H100,gpu_p6,ALIA-40b-instruct-2605,Text Generation,sonnet,sglang,benchmark_serving.py,300,1,4,4,4,1,16384,,70.5,70.61,316.87,671.17,392.33,21.41,21.41,11320.06,75.47,0.0022980581408709,22.98058140870964,149.9403587547047,35.72461892889829,70.22499771280835
Jean Zay H100,gpu_p6,ALIA-40b-instruct-2605,Text Generation,sonnet,sglang,benchmark_serving.py,300,1,4,4,4,1,32768,,70.77,70.88,318.54,670.17,382.32,21.24,21.24,11296.86,75.31,0.0023540489642184,23.54048964218456,149.62254813285415,35.464494255038616,70.22407100512552
Jean Zay H100,gpu_p6,ALIA-40b-instruct-2605,Text Generation,sonnet,sglang,benchmark_serving.py,300,2,4,8,4,2,32768,,70.32,70.42,227.66,442.41,402.6,22.72,22.72,10521.04,70.14,0.0022319435764663,22.319435764663865,139.35099688608824,46.21382763770536,69.75637194532143
Jean Zay H100,gpu_p6,Llama-3.1-8B-Instruct,Text Generation,sonnet,vllm,benchmark_serving.py,300,1,4,4,4,1,16384,,75.09,75.09,192.4,277.08,266.24,25.21,25.21,9569.8,63.8,0.0031579612202362,31.57961220236216,126.75494934396278,49.739085239085234,69.75025820225775
Jean Zay H100,gpu_p6,Llama-3.1-8B-Instruct,Text Generation,sonnet,vllm,benchmark_serving.py,300,1,4,4,4,1,32768,,75.09,75.09,192.88,279.64,280.18,24.97,24.97,9632.42,64.22,0.0030292015024839,30.29201502483945,127.58935309550525,49.93996267109083,69.66045321566627
Jean Zay H100,gpu_p6,Llama-3.1-8B-Instruct,Text Generation,sonnet,sglang,benchmark_serving.py,150,2,4,8,4,2,32768,,67.78,68.86,179.31,328.61,350.35,12.94,12.94,9523.22,63.5,0.0026579485952741,26.579485952741678,126.15878423485825,53.11036751993753,68.92632947016398
Jean Zay H100,gpu_p6,Llama-3.1-8B-Instruct,Text Generation,sonnet,vllm,benchmark_serving.py,500,1,4,4,1,1,32768,,18.83,73.89,134.67,673.8,1217.94,43.47,43.47,9554.21,63.7,0.000766353994237,7.663539942370179,126.55622208983036,70.94534788742853,68.33723041492532
Jean Zay H100,gpu_p6,Llama-3.1-8B-Instruct,Text Generation,sonnet,vllm,benchmark_serving.py,500,1,4,4,1,1,4096,,18.83,73.89,136.8,668.9,1218.47,43.44,43.44,9567.51,63.79,0.0007660780633546,7.660780633546557,126.73501249052568,69.93793859649122,68.07471001306175
Jean Zay H100,gpu_p6,Llama-3.1-8B-Instruct,Text Generation,sonnet,vllm,benchmark_serving.py,500,1,4,4,1,1,16384,,18.83,73.89,136.92,676.86,1219.75,43.57,43.57,9549.45,63.66,0.0007651753399291,7.651753399291448,126.47686066215822,69.74474145486417,67.92204604644942
Jean Zay H100,gpu_p6,Llama-3.3-70B-Instruct,Text Generation,sonnet,sglang,benchmark_serving.py,500,2,4,8,4,2,16384,,69.45,69.55,279.93,559.25,678.68,40.04,40.04,11199.86,74.67,0.00131793979651,13.179397965100955,148.3509372364081,40.0095023755939,67.72335472870313
Jean Zay H100,gpu_p6,Mistral-7B-Instruct-v0.3,Text Generation,sharegpt,sglang,benchmark_serving.py,1000,4,4,16,4,4,16384,,67.14,67.24,156.61,234.08,1462.18,19.79,27.75,13075.44,56.9,0.000662374480036,6.623744800360331,113.30692565072178,83.49045399399783,67.49337323144724
Jean Zay H100,gpu_p6,Llama-3.3-70B-Instruct,Text Generation,sonnet,sglang,benchmark_serving.py,500,2,4,8,4,2,4096,,69.11,69.21,281.85,562.61,765.94,39.35,39.35,11227.1,74.85,0.0011839363515817,11.839363515817388,148.70857418410097,39.83359943232215,67.33305063631533
Jean Zay H100,gpu_p6,Mistral-7B-Instruct-v0.3,Text Generation,sharegpt,sglang,benchmark_serving.py,1000,4,4,16,4,4,32768,,67.44,67.54,156.96,236.82,1565.84,19.39,27.16,13057.39,56.97,0.0006201973467957,6.201973467957504,113.44503403902289,83.18928389398572,67.30055339844876
Jean Zay H100,gpu_p6,Llama-3.3-70B-Instruct,Text Generation,sonnet,sglang,benchmark_serving.py,500,2,4,8,4,2,32768,,69.73,69.83,278.95,560.98,727.85,40.04,40.04,11110.97,74.08,0.0012377309915462,12.377309915462972,147.17871759178547,39.831403477325686,66.9950984652087
Jean Zay H100,gpu_p6,Llama-3.1-8B-Instruct,Text Generation,sonnet,vllm,benchmark_serving.py,250,2,4,8,4,2,16384,,73.31,73.31,157.14,203.13,251.45,27.27,27.27,8527.94,56.86,0.0032680806562305,32.68080656230596,112.96679442736,54.26969581265115,66.8864869965348
Jean Zay H100,gpu_p6,Llama-3.1-8B-Instruct,Text Generation,sonnet,vllm,benchmark_serving.py,250,2,4,8,4,2,32768,,73.3,73.3,162.06,205.39,250.65,27.12,27.12,8589.47,57.26,0.0032798714290399,32.798714290399815,113.76163062799462,53.001789460693566,66.79108989967605
Jean Zay H100,gpu_p6,Mistral-7B-Instruct-v0.3,Text Generation,sharegpt,sglang,benchmark_serving.py,1000,4,4,16,4,4,4096,,66.91,67.01,156.86,237.0,1557.97,19.71,27.77,12970.86,56.24,0.00062287832072,6.228783207200473,111.99440649108398,82.69067958689277,66.6569019652224
Jean Zay H100,gpu_p6,Llama-3.1-8B-Instruct,Text Generation,sonnet,vllm,benchmark_serving.py,300,2,4,8,4,2,32768,,73.31,73.31,160.86,204.67,276.51,27.98,27.98,8660.75,57.75,0.0030077901765572,30.077901765572832,114.73494580489763,53.84029590948651,66.46526286499565
Jean Zay H100,gpu_p6,Llama-3.1-8B-Instruct,Text Generation,sharegpt,sglang,benchmark_serving.py,500,4,4,16,4,4,32768,,68.23,68.34,157.99,228.39,351.26,27.74,37.71,10686.67,53.99,0.0023997504259557,23.997504259557008,107.43721769425714,67.64143300208873,66.33306402496521
Jean Zay H100,gpu_p6,Llama-3.1-8B-Instruct,Text Generation,sharegpt,sglang,benchmark_serving.py,250,1,4,4,1,1,32768,,68.99,69.05,366.59,698.17,114.77,18.34,19.96,10266.17,51.9,0.0065329587770301,65.32958777030117,103.27788491452374,28.00450094110587,66.28798101399435
Jean Zay H100,gpu_p6,Llama-3.1-8B-Instruct,Text Generation,sonnet,vllm,benchmark_serving.py,300,2,4,8,4,2,16384,,73.31,73.31,160.36,204.21,279.42,28.11,28.11,8603.72,57.37,0.0029793826719103,29.7938267191038,113.97997628474012,53.65253180344224,66.05190319840847
Jean Zay H100,gpu_p6,Llama-3.1-8B-Instruct,Text Generation,sonnet,vllm,benchmark_serving.py,250,2,4,8,4,2,4096,,73.3,73.3,162.32,205.48,253.92,27.57,27.57,8450.27,56.34,0.003235617679415,32.35617679415,111.93371079666284,52.059327254805325,65.71754650241407
Jean Zay H100,gpu_p6,Llama-3.1-8B-Instruct,Text Generation,sonnet,vllm,benchmark_serving.py,300,2,4,8,4,2,4096,,73.3,73.3,161.13,206.09,277.77,28.33,28.33,8553.35,57.02,0.0029901623658164,29.90162365816464,113.28479891108049,53.08353503382362,65.6701148843669
Jean Zay H100,gpu_p6,ALIA-40b-instruct-2605,Text Generation,sonnet,sglang,benchmark_serving.py,250,4,4,16,4,4,16384,,68.93,69.1,201.67,328.21,282.0,25.24,25.24,9098.94,60.66,0.0030076997112608,30.076997112608275,120.51655102842918,45.117964992314185,65.63955516549328
Jean Zay H100,gpu_p6,Llama-3.1-8B-Instruct,Text Generation,sharegpt,sglang,benchmark_serving.py,500,4,4,16,4,4,16384,,67.95,68.06,154.77,226.26,422.54,27.43,35.16,10673.33,53.88,0.0020613031558551,20.61303155855132,107.2187494045516,68.96252503715189,65.5308135393436
Jean Zay H100,gpu_p6,Llama-3.1-8B-Instruct,Text Generation,sharegpt,sglang,benchmark_serving.py,250,1,4,4,1,1,16384,,68.7,68.75,375.85,695.2,120.05,18.26,19.68,10309.07,52.07,0.0063295145262358,63.295145262358375,103.61664351606098,27.42868165491552,65.52718631423556
Jean Zay H100,gpu_p6,Llama-3.1-8B-Instruct,Text Generation,sharegpt,sglang,benchmark_serving.py,500,4,4,16,4,4,4096,,67.69,67.79,154.65,223.29,414.58,27.56,36.28,10633.72,53.71,0.0020902136198319,20.90213619831947,106.88015756828352,68.75990947300355,65.44915091200616
Jean Zay H100,gpu_p6,ALIA-40b-instruct-2605,Text Generation,sonnet,sglang,benchmark_serving.py,250,4,4,16,4,4,32768,,69.48,69.64,202.27,328.84,276.02,25.51,25.51,9031.46,60.21,0.0030577299412915,30.577299412915853,119.6225130476579,44.65051663617936,65.35610156017248
Jean Zay H100,gpu_p6,ALIA-40b-instruct-2605,Text Generation,sonnet,sglang,benchmark_serving.py,300,4,4,16,4,4,16384,,68.99,69.1,201.62,333.07,376.0,25.15,25.15,9389.37,62.6,0.0023457658925639,23.457658925639223,124.37080566273488,46.56963594881461,65.16396146366787
Jean Zay H100,gpu_p6,ALIA-40b-instruct-2605,Text Generation,sonnet,sglang,benchmark_serving.py,250,4,4,16,4,4,4096,,68.85,69.01,199.86,323.92,296.05,25.48,25.48,9034.77,60.23,0.0028817613325264,28.8176133252644,119.66227533809784,45.20549384569198,64.9489201761646
Jean Zay H100,gpu_p6,Mistral-7B-Instruct-v0.3,Text Generation,sharegpt,sglang,benchmark_serving.py,1000,2,4,8,4,2,16384,,66.28,66.34,172.73,294.84,1553.99,20.22,32.29,13054.22,57.06,0.0006224712107065,6.224712107065049,113.62335228902135,75.5758698546865,64.93262024816906
Jean Zay H100,gpu_p6,Llama-3.1-8B-Instruct,Text Generation,sonnet,sglang,benchmark_serving.py,1000,1,4,4,1,1,32768,,70.27,71.14,354.99,701.17,3587.25,46.16,46.16,11812.78,78.76,0.000271770886272,2.7177088627203725,156.4767141682238,33.276373982365705,64.77454350487804
Jean Zay H100,gpu_p6,Mistral-7B-Instruct-v0.3,Text Generation,sharegpt,sglang,benchmark_serving.py,1000,2,4,8,4,2,4096,,66.07,66.12,172.35,300.33,1481.03,19.74,29.45,12986.28,56.65,0.0006535008038059,6.535008038059887,112.80789853200164,75.34830287206267,64.68804515288097
Jean Zay H100,gpu_p6,Llama-3.1-8B-Instruct,Text Generation,sonnet,sglang,benchmark_serving.py,1000,1,4,4,1,1,16384,,69.99,70.79,359.67,703.75,3521.83,47.51,47.51,11756.47,78.38,0.0002764836805507,2.7648368055075547,155.72180781336473,32.68682403314149,64.34524286102186
Jean Zay H100,gpu_p6,Mistral-7B-Instruct-v0.3,Text Generation,sonnet,sglang,benchmark_serving.py,1000,1,4,4,1,1,32768,,66.96,67.07,360.64,705.93,3713.63,46.6,46.6,11745.36,78.33,0.0002626857516621,2.626857516621441,155.62215328717178,32.568101153504884,64.22645604241126
Jean Zay H100,gpu_p6,ALIA-40b-instruct-2605,Text Generation,sonnet,sglang,benchmark_serving.py,300,4,4,16,4,4,32768,,69.54,69.64,202.19,334.78,343.8,26.47,26.47,9140.31,60.94,0.0025205424207289,25.20542420728941,121.0727871539193,45.20653840447104,64.2006841522417
Jean Zay H100,gpu_p6,ALIA-40b-instruct-2605,Text Generation,sonnet,vllm,benchmark_serving.py,1000,2,4,8,4,2,32768,,72.01,72.01,204.27,329.21,1298.54,87.17,87.17,10137.6,67.58,0.0006789419368855,6.789419368855575,134.26495328842802,49.62843295638126,63.83958524951843
Jean Zay H100,gpu_p6,Llama-3.1-8B-Instruct,Text Generation,sharegpt,sglang,benchmark_serving.py,1000,1,4,4,1,1,16384,,71.11,71.96,312.31,692.73,1510.99,23.32,33.49,13833.66,69.88,0.0006378364587319,6.378364587319811,139.05755811829218,44.29464314303096,63.62249952567799
Jean Zay H100,gpu_p6,Mistral-7B-Instruct-v0.3,Text Generation,sonnet,sglang,benchmark_serving.py,1000,1,4,4,1,1,16384,,66.88,66.88,358.78,703.84,3906.74,46.66,46.66,11622.91,77.5,0.0002499962500562,2.499962500562492,153.97332657573537,32.39564635709906,63.56752512021298
Jean Zay H100,gpu_p6,ALIA-40b-instruct-2605,Text Generation,sonnet,sglang,benchmark_serving.py,300,4,4,16,4,4,4096,,68.91,69.01,195.29,332.14,398.84,26.14,26.14,9071.76,60.48,0.0022167050895548,22.167050895548854,120.15891934508949,46.45276255824671,63.25571390045598
Jean Zay H100,gpu_p6,ALIA-40b-instruct-2605,Text Generation,sonnet,vllm,benchmark_serving.py,1000,2,4,8,4,2,16384,,72.01,72.01,215.87,336.59,1277.4,87.45,87.46,10142.52,67.62,0.0006885582279265,6.885582279265446,134.34432875553128,46.98438875248993,63.05317415262767
Jean Zay H100,gpu_p6,Mistral-7B-Instruct-v0.3,Text Generation,sharegpt,sglang,benchmark_serving.py,1000,2,4,8,4,2,32768,,66.54,66.6,169.61,284.81,1520.18,20.32,32.45,12581.05,54.75,0.0006357481165962,6.357481165962046,109.02554448471804,74.17634573433169,62.96665935621737
Jean Zay H100,gpu_p6,Llama-3.1-8B-Instruct,Text Generation,sharegpt,sglang,benchmark_serving.py,1000,1,4,4,1,1,32768,,71.48,72.26,332.23,695.88,1532.58,23.11,32.51,13889.8,70.06,0.0006296436217101,6.296436217101122,139.41678326286942,41.807783764259696,62.920985427753095
Jean Zay H100,gpu_p6,Llama-3.1-8B-Instruct,Text Generation,sharegpt,sglang,benchmark_serving.py,500,1,4,4,1,1,16384,,69.83,70.53,332.47,693.37,385.76,24.51,30.81,12594.81,63.66,0.0022671624195157,22.671624195157342,126.67970214409796,37.88254579360543,62.90186560930054
Jean Zay H100,gpu_p6,ALIA-40b-instruct-2605,Text Generation,sonnet,vllm,benchmark_serving.py,1000,2,4,8,4,2,4096,,72.01,72.01,215.57,337.06,1294.74,88.07,88.07,10069.83,67.13,0.0006798651147612,6.798651147612314,133.37088987230885,46.712575961404646,62.60566825442268
Jean Zay H100,gpu_p6,Llama-3.1-8B-Instruct,Text Generation,sharegpt,sglang,benchmark_serving.py,300,1,4,4,1,1,32768,,69.27,69.49,357.04,694.3,144.26,21.49,23.72,10337.42,52.3,0.00527788040323,52.77880403230063,104.07346222997349,28.95311449697513,62.59476716820525
Jean Zay H100,gpu_p6,Llama-3.1-8B-Instruct,Text Generation,sharegpt,sglang,benchmark_serving.py,500,1,4,4,1,1,32768,,70.15,70.84,347.44,693.68,385.67,24.53,30.42,12624.68,63.61,0.0022695292996232,22.695292996232578,126.58221002199666,36.33628827999079,62.38196327579499
Jean Zay H100,gpu_p6,ALIA-40b-instruct-2605,Text Generation,sonnet,vllm,benchmark_serving.py,1000,1,4,4,4,1,16384,,75.48,75.48,290.9,528.98,1294.99,81.74,81.74,10710.53,71.4,0.0006856500305114,6.856500305114264,141.85435112266543,36.81859745617051,62.343640671419664
Jean Zay H100,gpu_p6,ALIA-40b-instruct-2605,Text Generation,sonnet,vllm,benchmark_serving.py,1000,1,4,4,4,1,4096,,75.48,75.48,296.38,529.77,1289.34,81.91,81.91,10698.39,71.32,0.0006881554680833,6.881554680833494,141.69539844619771,36.09686888454012,62.06716210624345
Jean Zay H100,gpu_p6,Llama-3.1-8B-Instruct,Text Generation,sharegpt,sglang,benchmark_serving.py,300,1,4,4,1,1,16384,,68.99,69.18,377.19,694.16,149.05,21.35,23.68,10374.17,52.35,0.0051525144270403,51.52514427040396,104.17431693412568,27.503830960523874,61.73904271690772
Jean Zay H100,gpu_p6,Mistral-7B-Instruct-v0.3,Text Generation,sharegpt,sglang,benchmark_serving.py,500,4,4,16,4,4,32768,,67.44,67.54,158.23,234.26,327.33,25.23,34.74,10644.76,46.41,0.0025819777949909,25.81977794990963,92.41707158337206,67.27396827403147,61.72819868900585
Jean Zay H100,gpu_p6,Mistral-7B-Instruct-v0.3,Text Generation,sharegpt,sglang,benchmark_serving.py,500,4,4,16,4,4,4096,,66.91,67.01,157.85,233.46,324.69,25.47,35.72,10592.9,46.36,0.0025914792163366,25.91479216336685,92.3159776149845,67.1073804244536,61.67282346046461
Jean Zay H100,gpu_p6,ALIA-40b-instruct-2605,Text Generation,sonnet,vllm,benchmark_serving.py,1000,1,4,4,4,1,32768,,75.48,75.48,291.97,524.3,1311.28,83.15,83.15,10541.24,70.28,0.0006767823062033,6.767823062033866,139.6290724043304,36.10384628557728,61.32817526994858
Jean Zay H100,gpu_p6,Mistral-7B-Instruct-v0.3,Text Generation,sharegpt,sglang,benchmark_serving.py,500,4,4,16,4,4,16384,,67.14,67.24,154.86,230.72,342.6,25.66,35.41,10543.93,45.89,0.0024772710382242,24.77271038224292,91.38227990655176,68.08685264109518,61.28048954334066
Jean Zay H100,gpu_p6,Llama-3.1-8B-Instruct,Text Generation,sharegpt,sglang,benchmark_serving.py,300,4,4,16,4,4,16384,,67.95,68.05,157.85,216.5,143.0,26.78,30.4,8080.2,40.75,0.0049955040463582,49.95504046358277,81.09104230416392,51.18910357934748,60.93618128642507
Jean Zay H100,gpu_p6,Llama-3.1-8B-Instruct,Text Generation,sharegpt,sglang,benchmark_serving.py,300,4,4,16,4,4,4096,,67.69,67.79,157.16,213.78,145.48,26.85,30.41,8019.93,40.51,0.0049324257669922,49.32425766992208,80.61281128573626,51.0303512344108,60.50831583993529
Jean Zay H100,gpu_p6,Llama-3.1-8B-Instruct,Text Generation,sharegpt,sglang,benchmark_serving.py,250,4,4,16,4,4,16384,,67.86,68.05,158.5,213.83,110.6,25.75,28.51,7282.35,36.81,0.0060657527599175,60.65752759917506,73.24974546259406,45.945425867507886,60.23100911860403
Jean Zay H100,gpu_p6,Llama-3.1-8B-Instruct,Text Generation,sharegpt,sglang,benchmark_serving.py,300,4,4,16,4,4,32768,,68.23,68.34,160.7,217.5,144.1,26.88,30.42,7999.66,40.51,0.0049652432969215,49.6524329692155,80.61178472594484,49.780087118855015,60.219461894388125
Jean Zay H100,gpu_p6,Llama-3.1-8B-Instruct,Text Generation,sonnet,sglang,benchmark_serving.py,500,1,4,4,1,1,32768,,69.56,69.74,376.34,699.24,1988.34,32.37,32.37,10928.96,72.87,0.0004870730804449,4.8707308044499,144.77469933638315,29.040123292767177,60.17228570156874
Jean Zay H100,gpu_p6,Mistral-7B-Instruct-v0.3,Text Generation,sonnet,sglang,benchmark_serving.py,500,1,4,4,1,1,32768,,66.94,66.94,382.64,703.26,1943.01,32.42,32.42,10866.66,72.45,0.0004980451726971,4.980451726971635,143.9403236643566,28.399174158477944,59.72079936376455
Jean Zay H100,gpu_p6,Mistral-7B-Instruct-v0.3,Text Generation,sharegpt,sglang,benchmark_serving.py,1000,1,4,4,4,1,16384,,66.53,66.72,209.12,433.49,1509.29,19.31,28.12,12790.57,55.99,0.0006423762783287,6.42376278328794,111.49195026528504,61.16378156082632,59.66375253597924
Jean Zay H100,gpu_p6,Mistral-7B-Instruct-v0.3,Text Generation,sharegpt,sglang,benchmark_serving.py,500,2,4,8,4,2,32768,,66.54,66.6,172.98,286.43,331.97,25.41,35.59,10574.77,46.25,0.00254472351579,25.44723515790009,92.09720205780611,61.13290553821252,59.52763842556813
Jean Zay H100,gpu_p6,Mistral-7B-Instruct-v0.3,Text Generation,sharegpt,sglang,benchmark_serving.py,500,2,4,8,4,2,4096,,66.07,66.12,175.34,297.28,330.21,25.17,35.07,10654.91,46.33,0.0025611473940325,25.61147394032527,92.25883734969032,60.76713813162998,59.5213900407269
Jean Zay H100,gpu_p6,Llama-3.1-8B-Instruct,Text Generation,sonnet,sglang,benchmark_serving.py,500,1,4,4,1,1,16384,,69.35,69.49,382.06,703.76,1994.99,32.79,32.79,10824.23,72.19,0.0004853026104427,4.853026104427416,143.42346636785294,28.3312306967492,59.48000126353507
Jean Zay H100,gpu_p6,Mistral-7B-Instruct-v0.3,Text Generation,sonnet,sglang,benchmark_serving.py,150,4,4,16,4,4,32768,,66.32,67.55,153.87,249.74,380.4,16.17,16.17,7773.32,51.83,0.0024228327760817,24.22832776081795,102.97340641393454,50.51874959381296,59.414589489436
Jean Zay H100,gpu_p6,ALIA-40b-instruct-2605,Text Generation,sonnet,vllm,benchmark_serving.py,1000,4,4,16,4,4,16384,,72.01,72.01,163.83,218.3,1436.02,100.98,100.98,8837.68,58.92,0.0006105080648115,6.105080648115361,117.05957457905264,53.94421046206433,59.13813012509772
Jean Zay H100,gpu_p6,Mistral-7B-Instruct-v0.3,Text Generation,sonnet,sglang,benchmark_serving.py,150,2,4,8,4,2,4096,,65.53,66.71,167.07,316.74,402.08,15.43,15.43,7980.79,53.21,0.0023097888852958,23.09788885295884,105.71516950460544,47.76913868438379,59.08256422057467
Jean Zay H100,gpu_p6,Mistral-7B-Instruct-v0.3,Text Generation,sharegpt,sglang,benchmark_serving.py,500,2,4,8,4,2,16384,,66.28,66.34,173.63,290.6,345.4,25.34,34.93,10536.31,46.1,0.0024650578056055,24.650578056055416,91.7983504702615,60.682543339284685,59.01104956751885
Jean Zay H100,gpu_p6,Mistral-7B-Instruct-v0.3,Text Generation,sonnet,sglang,benchmark_serving.py,500,1,4,4,1,1,16384,,66.88,66.88,382.82,703.28,1985.79,32.82,32.82,10717.05,71.47,0.0004874648415982,4.874648415982997,141.9930747683649,27.99501070999425,58.89342930987645
Jean Zay H100,gpu_p6,ALIA-40b-instruct-2605,Text Generation,sonnet,vllm,benchmark_serving.py,1000,4,4,16,4,4,4096,,72.01,72.01,163.05,213.58,1449.16,101.71,101.71,8777.64,58.52,0.0006051144271381,6.051144271381718,116.26486908340276,53.83403863845445,58.81433690493215
Jean Zay H100,gpu_p6,Mistral-7B-Instruct-v0.3,Text Generation,sharegpt,sglang,benchmark_serving.py,1000,1,4,4,4,1,4096,,66.31,66.5,215.38,422.25,1558.93,19.12,26.62,12727.31,55.35,0.0006231810901929,6.231810901929992,110.22065962796476,59.09234840746587,58.5033914705533
Jean Zay H100,gpu_p6,ALIA-40b-instruct-2605,Text Generation,sonnet,vllm,benchmark_serving.py,1000,4,4,16,4,4,32768,,72.01,72.01,166.47,219.41,1465.06,101.36,101.36,8775.86,58.51,0.0005995994675556,5.995994675556729,116.24497697062722,52.71736649246111,58.4314876372901
Jean Zay H100,gpu_p6,Mistral-7B-Instruct-v0.3,Text Generation,sharegpt,sglang,benchmark_serving.py,1000,1,4,4,4,1,32768,,66.79,66.97,215.29,430.75,1605.47,19.87,31.57,12668.52,55.28,0.0006035330826659,6.035330826659264,110.079659472799,58.843977890287526,58.30916962670783
Jean Zay H100,gpu_p6,Mistral-7B-Instruct-v0.3,Text Generation,sharegpt,sglang,benchmark_serving.py,250,1,4,4,4,1,32768,,66.78,66.95,210.99,370.21,102.52,22.11,24.37,7867.13,34.29,0.0067114093959731,67.11409395973155,68.28238157191998,37.28674344755675,57.96655958397969
Jean Zay H100,gpu_p6,Mistral-7B-Instruct-v0.3,Text Generation,sharegpt,sglang,benchmark_serving.py,250,1,4,4,4,1,16384,,66.51,66.69,221.85,375.4,101.81,21.94,23.92,7930.12,34.57,0.006771856165775,67.71856165775039,68.83990422728317,35.74541356772594,57.86841074258371
Jean Zay H100,gpu_p6,Mistral-7B-Instruct-v0.3,Text Generation,sonnet,sglang,benchmark_serving.py,150,4,4,16,4,4,16384,,66.03,67.27,150.59,250.87,387.47,16.76,16.76,7511.76,50.08,0.0023753533338084,23.75353333808404,99.49666768934544,49.8821966930075,57.86737129108843
Jean Zay H100,gpu_p6,Mistral-7B-Instruct-v0.3,Text Generation,sharegpt,sglang,benchmark_serving.py,300,1,4,4,4,1,32768,,66.79,66.97,217.91,384.75,130.42,22.76,25.73,8699.67,38.06,0.0055894024928735,55.89402492873513,75.7884347994273,39.92322518470928,57.5474683666822
Jean Zay H100,gpu_p6,Llama-3.1-8B-Instruct,Text Generation,sonnet,sglang,benchmark_serving.py,150,4,4,16,4,4,16384,,66.65,67.81,157.0,247.3,345.9,17.28,17.28,7427.76,49.52,0.0026283972033853,26.28397203385376,98.38408490788092,47.31057324840764,57.52652279968024
Jean Zay H100,gpu_p6,Mistral-7B-Instruct-v0.3,Text Generation,sharegpt,sglang,benchmark_serving.py,250,2,4,8,4,2,32768,,66.51,66.58,174.44,261.26,105.34,24.21,26.82,7424.11,32.55,0.0063950885719767,63.950885719767214,64.81582384070079,42.55967667966063,57.39977778805053
Jean Zay H100,gpu_p6,Mistral-7B-Instruct-v0.3,Text Generation,sonnet,sglang,benchmark_serving.py,150,4,4,16,4,4,4096,,65.89,67.02,158.43,249.73,381.05,16.71,16.72,7541.26,50.28,0.0024126616483304,24.126616483304375,99.89397481933835,47.59994950451304,57.3989848843427
Jean Zay H100,gpu_p6,Mistral-7B-Instruct-v0.3,Text Generation,sonnet,sglang,benchmark_serving.py,150,1,4,4,4,1,32768,,66.3,67.5,204.93,441.46,402.5,14.98,14.98,8163.63,54.43,0.0023123525875225,23.12352587522545,108.13899652716093,39.836187966622745,57.37683776613064
Jean Zay H100,gpu_p6,Mistral-7B-Instruct-v0.3,Text Generation,sharegpt,sglang,benchmark_serving.py,250,4,4,16,4,4,16384,,67.03,67.22,159.67,215.36,105.9,24.71,27.37,7230.11,31.47,0.0063299151791365,63.29915179136599,62.667232668372456,45.28158076031816,57.31867655961289
Jean Zay H100,gpu_p6,Mistral-7B-Instruct-v0.3,Text Generation,sharegpt,sglang,benchmark_serving.py,300,4,4,16,4,4,4096,,66.89,67.01,159.43,220.34,134.93,25.64,29.41,7918.1,34.7,0.005263711969681,52.6371196968102,69.09719092646615,49.66505676472433,57.28248377662575
Jean Zay H100,gpu_p6,Mistral-7B-Instruct-v0.3,Text Generation,sharegpt,sglang,benchmark_serving.py,300,1,4,4,4,1,4096,,66.31,66.48,217.4,382.54,130.04,23.03,25.94,8591.88,37.61,0.005586280096084,55.86280096084018,74.89216785696489,39.5210671573137,57.10343088839412
Jean Zay H100,gpu_p6,Mistral-7B-Instruct-v0.3,Text Generation,sharegpt,sglang,benchmark_serving.py,500,1,4,4,4,1,32768,,66.79,66.97,215.36,421.55,356.09,23.56,31.61,11001.49,47.98,0.0024315518163692,24.31551816369207,95.5433138784032,51.08418462109955,57.09894197306426
Jean Zay H100,gpu_p6,Mistral-7B-Instruct-v0.3,Text Generation,sharegpt,sglang,benchmark_serving.py,250,1,4,4,4,1,4096,,66.3,66.48,219.52,367.14,106.41,22.08,24.07,7886.41,34.41,0.0065547981122181,65.54798112218144,68.5210289086231,35.925701530612244,57.07968790026946
Jean Zay H100,gpu_p6,Mistral-7B-Instruct-v0.3,Text Generation,sonnet,sglang,benchmark_serving.py,150,1,4,4,4,1,4096,,65.88,67.18,205.95,440.31,406.81,15.09,15.09,8129.37,54.2,0.0022883818851689,22.88381885168997,107.68206394030967,39.47254187909687,57.02361355059088
Jean Zay H100,gpu_p6,Llama-3.1-8B-Instruct,Text Generation,sonnet,sglang,benchmark_serving.py,150,4,4,16,4,4,32768,,66.96,68.11,154.85,247.13,344.26,17.63,17.63,7313.97,48.77,0.0026349072512647,26.34907251264756,96.89390550257106,47.23261220536003,57.017048430889545
Jean Zay H100,gpu_p6,Mistral-7B-Instruct-v0.3,Text Generation,sharegpt,sglang,benchmark_serving.py,300,2,4,8,4,2,32768,,66.54,66.59,174.05,269.85,135.33,24.81,28.15,8128.92,35.42,0.0053109565032662,53.10956503266238,70.53266924209429,46.7045101982189,56.98380291684733
Jean Zay H100,gpu_p6,Mistral-7B-Instruct-v0.3,Text Generation,sharegpt,sglang,benchmark_serving.py,300,4,4,16,4,4,16384,,67.13,67.24,158.11,219.36,137.8,25.74,29.57,7898.5,34.53,0.0051783957330019,51.78395733001916,68.75940340576048,49.95572702548858,56.97057529832142
Jean Zay H100,gpu_p6,Mistral-7B-Instruct-v0.3,Text Generation,sharegpt,sglang,benchmark_serving.py,300,4,4,16,4,4,32768,,67.42,67.54,159.72,219.68,136.29,25.71,29.43,7912.79,34.48,0.0052238416131222,52.2384161312229,68.66081036632704,49.541635361883294,56.95906032496964
Jean Zay H100,gpu_p6,Llama-3.1-8B-Instruct,Text Generation,sharegpt,sglang,benchmark_serving.py,250,4,4,16,4,4,4096,,67.59,67.79,157.35,211.83,140.68,25.96,29.02,7237.81,36.58,0.0051109066748441,51.109066748441165,72.79210759940008,45.99815697489673,56.84580951023298
Jean Zay H100,gpu_p6,Mistral-7B-Instruct-v0.3,Text Generation,sharegpt,sglang,benchmark_serving.py,300,1,4,4,4,1,16384,,66.52,66.7,220.73,389.23,131.11,22.77,25.62,8603.68,37.54,0.0055710306406685,55.71030640668523,74.75383040820626,38.97829927966294,56.83086228655525
Jean Zay H100,gpu_p6,Mistral-7B-Instruct-v0.3,Text Generation,sharegpt,sglang,benchmark_serving.py,300,2,4,8,4,2,16384,,66.27,66.33,173.51,266.53,135.7,25.26,29.01,8068.31,35.33,0.0052639890509027,52.63989050902775,70.35193870902458,46.500547518875,56.69739714017779
Jean Zay H100,gpu_p6,Llama-3.1-8B-Instruct,Text Generation,sharegpt,sglang,benchmark_serving.py,250,4,4,16,4,4,32768,,68.14,68.34,161.47,216.15,143.45,25.66,28.38,7280.91,36.72,0.0050635475213934,50.63547521393489,73.07147674861942,45.09141016907165,56.4896149213714
Jean Zay H100,gpu_p6,Mistral-7B-Instruct-v0.3,Text Generation,sonnet,sglang,benchmark_serving.py,150,2,4,8,4,2,32768,,66.07,67.2,172.7,312.25,391.37,16.46,16.46,7624.2,50.85,0.0023568785500483,23.568785500483163,101.02620048077864,44.14707585408223,56.48935950693532
Jean Zay H100,gpu_p6,Mistral-7B-Instruct-v0.3,Text Generation,sonnet,sglang,benchmark_serving.py,250,1,4,4,1,1,32768,,66.94,66.94,396.38,704.79,900.49,19.11,19.11,9903.09,66.03,0.0010652917301402,10.652917301402988,131.18530676729742,24.98382864927595,56.21982135112645
Jean Zay H100,gpu_p6,Mistral-7B-Instruct-v0.3,Text Generation,sharegpt,sglang,benchmark_serving.py,500,1,4,4,4,1,16384,,66.52,66.71,213.79,422.32,396.77,23.87,32.6,10913.55,47.8,0.0022063365987114,22.063365987114995,95.18310974469384,51.04799101922447,56.19915887496684
Jean Zay H100,gpu_p6,Llama-3.1-8B-Instruct,Text Generation,sharegpt,vllm,benchmark_serving.py,250,1,4,4,1,1,16384,,18.83,73.89,121.62,429.16,131.39,26.37,26.85,6241.19,31.52,0.0054168246573858,54.16824657385841,62.72322769584438,51.3171353395823,56.16458456036528
Jean Zay H100,gpu_p6,Mistral-7B-Instruct-v0.3,Text Generation,sonnet,sglang,benchmark_serving.py,150,2,4,8,4,2,16384,,65.77,66.95,166.27,312.96,434.1,16.23,16.23,7602.02,50.68,0.0021433470507544,21.433470507544577,100.68874347615872,45.7209358272689,56.15225221918518
Jean Zay H100,gpu_p6,Llama-3.1-8B-Instruct,Text Generation,sharegpt,vllm,benchmark_serving.py,250,1,4,4,1,1,4096,,18.83,73.89,123.23,431.0,130.69,26.36,26.83,6264.16,31.59,0.0054383293452251,54.383293452251465,62.862983568280185,50.83307636127566,56.13031862258897
Jean Zay H100,gpu_p6,Mistral-7B-Instruct-v0.3,Text Generation,sharegpt,sglang,benchmark_serving.py,500,1,4,4,4,1,4096,,66.31,66.49,216.3,415.98,395.2,23.44,30.65,10936.57,47.83,0.0022257339357653,22.257339357653187,95.24346220093952,50.56204345815996,56.13012643653272
Jean Zay H100,gpu_p6,Llama-3.1-8B-Instruct,Text Generation,sharegpt,vllm,benchmark_serving.py,500,1,4,4,1,1,4096,,18.83,73.89,120.81,491.7,297.32,34.61,37.37,7694.3,38.91,0.0027078256160303,27.07825616030328,77.42844510882286,63.68926413376376,55.912842954307294
Jean Zay H100,gpu_p6,Llama-3.1-8B-Instruct,Text Generation,sharegpt,vllm,benchmark_serving.py,250,1,4,4,1,1,32768,,18.83,73.89,122.28,426.93,130.88,26.51,26.93,6201.06,31.36,0.0054253472222222,54.25347222222222,62.404408432037634,50.71197252208047,55.8915106295141
Jean Zay H100,gpu_p6,Mistral-7B-Instruct-v0.3,Text Generation,sonnet,sglang,benchmark_serving.py,250,1,4,4,1,1,16384,,66.87,66.87,396.52,704.34,919.17,19.2,19.2,9829.17,65.54,0.0010443100765479,10.443100765479285,130.21175998083825,24.788585695551298,55.75500007632438
Jean Zay H100,gpu_p6,Mistral-7B-Instruct-v0.3,Text Generation,sonnet,sglang,benchmark_serving.py,150,1,4,4,4,1,16384,,66.11,67.23,216.93,441.25,391.63,15.5,15.5,7979.69,53.2,0.0023661358635212,23.66135863521283,105.6953370455714,36.78463098695431,55.752358447292025
Jean Zay H100,gpu_p6,Mistral-7B-Instruct-v0.3,Text Generation,sharegpt,sglang,benchmark_serving.py,300,2,4,8,4,2,4096,,66.06,66.12,175.4,270.67,139.5,25.44,29.0,7957.97,35.01,0.0051562338867691,51.56233886769104,69.71330585088415,45.37041049030787,55.75225056121409
Jean Zay H100,gpu_p6,Llama-3.1-8B-Instruct,Text Generation,sonnet,sglang,benchmark_serving.py,150,4,4,16,4,4,4096,,66.55,67.54,166.3,248.32,329.59,17.95,17.95,7200.56,48.0,0.0027360529699854,27.360529699854997,95.36428752745374,43.29861695730607,55.58199528362292
Jean Zay H100,gpu_p6,Llama-3.1-8B-Instruct,Text Generation,sharegpt,vllm,benchmark_serving.py,500,1,4,4,1,1,16384,,18.83,73.89,124.61,495.46,289.45,34.51,37.18,7690.41,38.83,0.0027690092484908,27.6900924849089,77.26985325853512,61.71583340020865,55.43544824083774
Jean Zay H100,gpu_p6,Llama-3.1-8B-Instruct,Text Generation,sharegpt,vllm,benchmark_serving.py,500,1,4,4,1,1,32768,,18.83,73.89,123.51,483.7,293.53,34.69,37.32,7626.41,38.57,0.0027356787218909,27.35678721890901,76.75183332507063,61.74730791029066,55.15606951624609
Jean Zay H100,gpu_p6,Mistral-7B-Instruct-v0.3,Text Generation,sharegpt,sglang,benchmark_serving.py,250,4,4,16,4,4,4096,,66.78,66.97,160.28,215.48,121.08,24.85,27.78,7164.15,31.22,0.0057567209717345,57.567209717345,62.16907900497126,44.69771649613177,55.013607444349695
Jean Zay H100,gpu_p6,Llama-3.1-8B-Instruct,Text Generation,sharegpt,vllm,benchmark_serving.py,300,1,4,4,1,1,4096,,18.83,73.89,124.97,493.24,157.37,28.97,29.8,6557.7,33.11,0.0046266308873878,46.26630887387803,65.88733311990484,52.47419380651356,54.92398029597052
Jean Zay H100,gpu_p6,Llama-3.1-8B-Instruct,Text Generation,sonnet,sglang,benchmark_serving.py,250,1,4,4,1,1,32768,,69.42,69.42,399.15,701.34,845.38,20.2,20.2,9618.75,64.16,0.0011289484973695,11.2894849736955,127.46973791969565,24.098083427282976,54.889522480483535
Jean Zay H100,gpu_p6,Llama-3.1-8B-Instruct,Text Generation,sharegpt,vllm,benchmark_serving.py,300,1,4,4,1,1,16384,,18.83,73.89,120.98,489.47,161.68,29.16,30.03,6517.83,32.87,0.0045275501426178,45.27550142617829,65.41013085624436,53.875268639444535,54.87320094064596
Jean Zay H100,gpu_p6,Llama-3.1-8B-Instruct,Text Generation,sharegpt,vllm,benchmark_serving.py,300,1,4,4,1,1,32768,,18.83,73.89,123.86,485.82,157.77,29.06,29.96,6522.48,32.93,0.0046127588910927,46.12758891092762,65.52916336277976,52.66010011303084,54.81452780923038
Jean Zay H100,gpu_p6,ALIA-40b-instruct-2605,Text Generation,sharegpt,sglang,benchmark_serving.py,250,1,4,4,4,1,16384,,70.35,70.52,325.31,669.9,111.32,21.96,26.84,7805.77,38.1,0.0062453160129902,62.45316012990257,75.82987402901884,23.99486643509268,54.694588873262944
Jean Zay H100,gpu_p6,Llama-3.1-8B-Instruct,Text Generation,sharegpt,sglang,benchmark_serving.py,150,1,4,4,1,1,16384,,68.5,68.63,325.94,669.89,125.47,16.24,19.18,7618.0,38.48,0.0062154266890422,62.15426689042202,76.57321380059766,23.37239982818924,54.64651137996725
Jean Zay H100,gpu_p6,Llama-3.1-8B-Instruct,Text Generation,sharegpt,sglang,benchmark_serving.py,150,1,4,4,1,1,32768,,68.76,68.89,327.38,674.64,125.39,16.25,19.14,7614.71,38.48,0.0062196790645602,62.1967906456027,76.57304752658695,23.25954548231413,54.62479953288501
Jean Zay H100,gpu_p6,Llama-3.1-8B-Instruct,Text Generation,sonnet,sglang,benchmark_serving.py,250,1,4,4,1,1,16384,,69.24,69.25,404.09,703.1,850.69,20.38,20.38,9536.61,63.58,0.0011217679062202,11.217679062202029,126.31784658428634,23.60021282387587,54.31414682344633
Jean Zay H100,gpu_p6,Llama-3.1-8B-Instruct,Text Generation,sharegpt,vllm,benchmark_serving.py,500,1,4,4,4,1,4096,,75.09,75.09,194.84,308.54,284.01,27.57,28.75,8738.33,44.05,0.0029383245673317,29.38324567331708,87.658114656847,44.84874769041264,54.14566177318784
Jean Zay H100,gpu_p6,Mistral-7B-Instruct-v0.3,Text Generation,sharegpt,sglang,benchmark_serving.py,250,4,4,16,4,4,32768,,67.32,67.5,160.54,215.29,127.48,24.88,27.68,7107.22,31.06,0.0055543212619417,55.5432126194179,61.84970418644267,44.27071134919647,54.08021934573547
Jean Zay H100,gpu_p6,Llama-3.1-8B-Instruct,Text Generation,sharegpt,vllm,benchmark_serving.py,250,1,4,4,4,1,16384,,75.09,75.09,185.85,266.13,124.27,23.59,23.9,6674.2,33.68,0.0058220773171867,58.22077317186773,67.02178810592913,35.91175679311272,54.074233008247006
Jean Zay H100,gpu_p6,Llama-3.1-8B-Instruct,Text Generation,sharegpt,vllm,benchmark_serving.py,500,1,4,4,4,1,16384,,75.09,75.09,193.76,304.62,289.37,27.55,28.76,8727.53,44.03,0.0028928488775746,28.928488775746352,87.61797123886743,45.042991329479776,54.03955363040222
Jean Zay H100,gpu_p6,Llama-3.1-8B-Instruct,Text Generation,sonnet,vllm,benchmark_serving.py,300,4,4,16,4,4,4096,,73.33,73.33,145.94,173.23,374.08,34.88,34.88,6908.37,46.06,0.0022530641672674,22.53064167267484,91.5098785090942,47.33705632451692,53.921634885646895
Jean Zay H100,gpu_p6,Llama-3.1-8B-Instruct,Text Generation,sharegpt,vllm,benchmark_serving.py,500,1,4,4,4,1,32768,,75.09,75.09,187.91,308.91,290.3,27.92,29.12,8609.55,43.35,0.0028790234352507,28.790234352507625,86.26564331033526,45.81741259113405,53.78057043452948
Jean Zay H100,gpu_p6,Llama-3.1-8B-Instruct,Text Generation,sonnet,vllm,benchmark_serving.py,300,4,4,16,4,4,16384,,73.33,73.33,149.17,175.48,369.65,34.95,34.95,6899.68,46.0,0.0022750540325332,22.75054032533273,91.39070040658366,46.25380438425957,53.60923925181464
Jean Zay H100,gpu_p6,Mistral-7B-Instruct-v0.3,Text Generation,sharegpt,sglang,benchmark_serving.py,250,2,4,8,4,2,16384,,66.24,66.3,169.82,258.28,137.67,24.29,26.73,7348.27,32.03,0.0052996979172187,52.9969791721872,63.78198395729171,43.27093393004358,53.55154632163678
Jean Zay H100,gpu_p6,Llama-3.1-8B-Instruct,Text Generation,sharegpt,vllm,benchmark_serving.py,300,1,4,4,4,1,4096,,75.09,75.09,193.05,275.07,148.64,24.77,25.23,7177.17,36.23,0.0050342327829238,50.342327829238826,72.09606263343221,37.17777777777778,53.52594164619705
Jean Zay H100,gpu_p6,Llama-3.1-8B-Instruct,Text Generation,sharegpt,vllm,benchmark_serving.py,300,1,4,4,4,1,16384,,75.09,75.09,191.73,273.23,151.68,24.64,25.08,7201.01,36.37,0.0049652432969215,49.6524329692155,72.37445973542911,37.55807646169092,53.507727987320266
Jean Zay H100,gpu_p6,Mistral-7B-Instruct-v0.3,Text Generation,sharegpt,sglang,benchmark_serving.py,250,2,4,8,4,2,4096,,66.04,66.1,176.27,263.27,128.73,24.36,27.24,7281.07,31.64,0.0055453890090389,55.45389009038984,63.00620557905346,41.30634821580529,53.49446395666842
Jean Zay H100,gpu_p6,ALIA-40b-instruct-2605,Text Generation,sharegpt,sglang,benchmark_serving.py,250,1,4,4,4,1,32768,,70.53,70.63,342.85,662.27,111.1,22.37,27.44,7694.57,37.01,0.0062146541544963,62.14654154496302,73.66567653700797,22.442963395070727,53.35790243429277
Jean Zay H100,gpu_p6,Llama-3.1-8B-Instruct,Text Generation,sharegpt,vllm,benchmark_serving.py,250,1,4,4,4,1,4096,,75.09,75.09,192.51,267.25,127.05,23.66,23.97,6679.85,33.64,0.005724753835585,57.2475383558507,66.94287293196236,34.698716949768844,53.32832926178247
Jean Zay H100,gpu_p6,Llama-3.1-8B-Instruct,Text Generation,sonnet,vllm,benchmark_serving.py,250,4,4,16,4,4,4096,,73.33,73.33,147.6,172.61,371.66,33.96,33.96,6826.64,45.51,0.0022748987670048,22.748987670048685,90.41723082295933,46.2509485094851,53.27681781065796
Jean Zay H100,gpu_p6,Llama-3.1-8B-Instruct,Text Generation,sharegpt,vllm,benchmark_serving.py,300,1,4,4,4,1,32768,,75.09,75.09,191.16,274.74,149.72,25.07,25.54,7084.47,35.78,0.0049917635900763,49.91763590076375,71.20040352515713,37.060420590081605,53.03946799363922
Jean Zay H100,gpu_p6,Llama-3.1-8B-Instruct,Text Generation,sonnet,vllm,benchmark_serving.py,250,4,4,16,4,4,16384,,73.32,73.33,149.98,174.55,381.33,33.75,33.75,6847.74,45.65,0.0022280150613818,22.280150613818147,90.69538528938592,45.65768769169223,53.0221422684309
Jean Zay H100,gpu_p6,Llama-3.1-8B-Instruct,Text Generation,sonnet,vllm,benchmark_serving.py,300,4,4,16,4,4,32768,,73.33,73.33,150.73,176.31,384.71,35.11,35.11,6856.9,45.71,0.0021981403732442,21.981403732442352,90.81460462057106,45.49127579114974,52.90785109319248
Jean Zay H100,gpu_p6,Llama-3.1-8B-Instruct,Text Generation,sonnet,vllm,benchmark_serving.py,250,4,4,16,4,4,32768,,73.32,73.33,151.62,175.86,372.81,34.08,34.08,6795.48,45.3,0.0022677279633535,22.67727963353516,90.00004210046222,44.81915314602295,52.65241839628645
Jean Zay H100,gpu_p6,ALIA-40b-instruct-2605,Text Generation,sonnet,vllm,benchmark_serving.py,500,2,4,8,4,2,32768,,72.01,72.01,210.77,304.51,547.4,59.47,59.47,7850.69,52.34,0.0015007353603265,15.0073536032656,103.986727774031,37.24766332969588,52.37723993378352
Jean Zay H100,gpu_p6,ALIA-40b-instruct-2605,Text Generation,sonnet,vllm,benchmark_serving.py,500,1,4,4,4,1,4096,,75.48,75.48,298.08,463.88,526.73,55.2,55.2,8428.58,56.19,0.0015695383987569,15.695383987569254,111.6357686065739,28.276234567901238,52.34098694373708
Jean Zay H100,gpu_p6,ALIA-40b-instruct-2605,Text Generation,sonnet,vllm,benchmark_serving.py,500,1,4,4,4,1,32768,,75.48,75.48,300.35,469.13,529.03,55.26,55.27,8412.6,56.09,0.0015635749577834,15.635749577834764,111.4370071404196,28.009322457133344,52.16772047048916
Jean Zay H100,gpu_p6,ALIA-40b-instruct-2605,Text Generation,sonnet,vllm,benchmark_serving.py,500,1,4,4,4,1,16384,,75.48,75.48,298.06,463.49,538.54,55.26,55.26,8397.65,55.99,0.0015406896126706,15.406896126706314,111.23833603039638,28.17436086693954,52.07517441083558
Jean Zay H100,gpu_p6,Llama-3.1-8B-Instruct,Text Generation,sharegpt,vllm,benchmark_serving.py,250,1,4,4,4,1,32768,,75.09,75.09,192.66,266.09,130.58,24.16,24.49,6529.23,32.9,0.0055794230876527,55.79423087652736,65.47010406681977,33.889909685456246,52.07464498008402
Jean Zay H100,gpu_p6,Mistral-7B-Instruct-v0.3,Text Generation,sharegpt,sglang,benchmark_serving.py,250,1,4,4,1,1,32768,,66.25,66.27,392.43,696.09,173.08,18.99,22.42,9618.54,41.9,0.0046622220150123,46.622220150123546,83.43653622402293,24.510205641770508,52.06324297257637
Jean Zay H100,gpu_p6,Mistral-7B-Instruct-v0.3,Text Generation,sharegpt,sglang,benchmark_serving.py,250,1,4,4,1,1,16384,,65.99,66.02,392.38,696.63,172.77,18.99,22.44,9604.57,41.83,0.0046685340802987,46.68534080298786,83.29722240421296,24.47772567409144,52.02694370615754
Jean Zay H100,gpu_p6,ALIA-40b-instruct-2605,Text Generation,sonnet,vllm,benchmark_serving.py,500,2,4,8,4,2,16384,,72.01,72.01,217.74,311.27,556.89,59.4,59.4,7848.57,52.32,0.0014799686246651,14.799686246651572,103.94706986174975,36.04560484982088,51.90849062879915
Jean Zay H100,gpu_p6,Mistral-7B-Instruct-v0.3,Text Generation,sharegpt,vllm,benchmark_serving.py,250,1,4,4,1,1,32768,,18.91,74.25,120.52,420.74,135.2,25.52,25.44,5970.9,26.05,0.0053717232488182,53.71723248818221,51.87368412276241,49.54281447062728,51.7546122783219
Jean Zay H100,gpu_p6,Llama-3.1-8B-Instruct,Text Generation,sharegpt,vllm,benchmark_serving.py,1000,1,4,4,1,1,32768,,18.83,73.89,120.68,495.9,924.21,38.21,45.8,7947.74,40.18,0.000991847017516,9.918470175160182,79.95578153011047,65.85797149486244,51.631796458148
Jean Zay H100,gpu_p6,ALIA-40b-instruct-2605,Text Generation,sonnet,vllm,benchmark_serving.py,500,2,4,8,4,2,4096,,72.01,72.01,217.34,312.44,554.36,59.8,59.8,7795.89,51.97,0.0014837675826458,14.837675826458543,103.25168983646496,35.869559215974974,51.62864327450598
Jean Zay H100,gpu_p6,Mistral-7B-Instruct-v0.3,Text Generation,sharegpt,vllm,benchmark_serving.py,250,1,4,4,1,1,4096,,18.91,74.25,120.28,418.27,137.25,25.52,25.46,5976.85,26.05,0.0053126494182648,53.12649418264888,51.87390844425195,49.69113734619222,51.6013008439278
Jean Zay H100,gpu_p6,Llama-3.1-8B-Instruct,Text Generation,sharegpt,vllm,benchmark_serving.py,500,2,4,8,4,2,4096,,73.3,73.3,157.63,214.85,289.39,31.33,32.84,7709.76,38.91,0.0028283742504808,28.28374250480824,77.42922633174467,48.91048658250333,51.593765110829054
Jean Zay H100,gpu_p6,Llama-3.3-70B-Instruct,Text Generation,sonnet,sglang,benchmark_serving.py,250,2,4,8,4,2,16384,,69.43,69.55,296.58,513.63,298.53,30.96,30.96,7523.16,50.17,0.0027743098904147,27.7430989041476,99.675291371167,25.366376694315196,51.43949323578782
Jean Zay H100,gpu_p6,Llama-3.1-8B-Instruct,Text Generation,sharegpt,vllm,benchmark_serving.py,500,2,4,8,4,2,16384,,73.3,73.3,157.97,215.81,295.99,31.32,32.91,7695.27,38.89,0.0027760812836599,27.76081283659985,77.38889557495578,48.71348990314617,51.33921762893569
Jean Zay H100,gpu_p6,Llama-3.3-70B-Instruct,Text Generation,sonnet,sglang,benchmark_serving.py,250,4,4,16,4,4,16384,,68.29,68.42,253.21,407.09,293.63,32.38,32.38,7211.35,48.08,0.0027902564245654,27.902564245654176,95.52312178779876,28.47972039018996,51.07824377623479
Jean Zay H100,gpu_p6,Mistral-7B-Instruct-v0.3,Text Generation,sharegpt,vllm,benchmark_serving.py,250,1,4,4,1,1,16384,,18.91,74.25,121.32,421.5,137.4,25.77,25.74,5920.93,25.78,0.0052935260176803,52.93526017680376,51.33647862431496,48.80423672931092,51.06974694575986
Jean Zay H100,gpu_p6,Llama-3.3-70B-Instruct,Text Generation,sonnet,sglang,benchmark_serving.py,250,2,4,8,4,2,4096,,69.1,69.21,297.11,517.1,314.65,30.79,30.79,7527.39,50.19,0.0026579485952741,26.579485952741678,99.71513440966642,25.335364006596883,51.04748740532976
Jean Zay H100,gpu_p6,Llama-3.3-70B-Instruct,Text Generation,sonnet,sglang,benchmark_serving.py,250,2,4,8,4,2,32768,,69.71,69.83,299.73,511.94,314.84,30.88,30.89,7515.17,50.11,0.0026552667215421,26.552667215421792,99.55617470866908,25.07313248590398,50.90040864968017
Jean Zay H100,gpu_p6,Llama-3.1-8B-Instruct,Text Generation,sharegpt,sglang,benchmark_serving.py,150,2,4,8,4,2,16384,,67.6,68.59,165.59,250.24,174.8,19.24,25.62,6599.44,33.34,0.004552490212146,45.52490212146043,66.34482964910642,39.85409746965396,50.789019992282
Jean Zay H100,gpu_p6,Mistral-7B-Instruct-v0.3,Text Generation,sonnet,sglang,benchmark_serving.py,300,1,4,4,1,1,32768,,66.94,66.94,404.88,703.97,1171.1,22.38,22.39,9044.39,60.33,0.0008224563481293,8.22456348129323,119.86047867479724,22.338445959296585,50.69721704004567
Jean Zay H100,gpu_p6,Llama-3.1-8B-Instruct,Text Generation,sharegpt,sglang,benchmark_serving.py,150,2,4,8,4,2,4096,,67.46,68.32,175.98,254.6,166.73,19.3,25.55,6599.85,33.34,0.0047263446450515,47.26344645051517,66.34485036611345,37.503409478349816,50.62791195072568
Jean Zay H100,gpu_p6,Llama-3.1-8B-Instruct,Text Generation,sharegpt,vllm,benchmark_serving.py,1000,1,4,4,1,1,16384,,18.83,73.89,122.96,501.91,973.16,37.64,45.33,7870.48,39.72,0.0009468531336104,9.46853133610446,79.0411027786908,64.00845803513337,50.57598217027307
Jean Zay H100,gpu_p6,Llama-3.1-8B-Instruct,Text Generation,sharegpt,vllm,benchmark_serving.py,1000,1,4,4,1,1,4096,,18.83,73.89,124.69,509.79,938.27,37.8,45.8,7857.99,39.7,0.0009785980604186,9.785980604186443,79.00087316671079,63.02021012110033,50.35399752085716
Jean Zay H100,gpu_p6,Llama-3.3-70B-Instruct,Text Generation,sonnet,sglang,benchmark_serving.py,250,4,4,16,4,4,32768,,68.72,68.85,254.6,406.1,288.4,33.17,33.17,7054.83,47.04,0.00281896600327,28.189660032700004,93.45685099839902,27.709465828750982,50.22684281577399
Jean Zay H100,gpu_p6,Llama-3.1-8B-Instruct,Text Generation,sharegpt,sglang,benchmark_serving.py,150,2,4,8,4,2,32768,,67.95,68.87,172.64,253.34,176.15,19.2,25.89,6609.41,33.37,0.0045199783041041,45.19978304104141,66.40473166355049,38.284348934198334,50.19652665850472
Jean Zay H100,gpu_p6,Llama-3.1-8B-Instruct,Text Generation,sharegpt,vllm,benchmark_serving.py,500,2,4,8,4,2,32768,,73.3,73.3,162.36,216.62,306.91,31.64,33.13,7612.41,38.48,0.0026904864399483,26.904864399483422,76.57293120146807,46.8859940872136,50.18596861223186
Jean Zay H100,gpu_p6,Llama-3.3-70B-Instruct,Text Generation,sonnet,sglang,benchmark_serving.py,250,4,4,16,4,4,4096,,68.05,68.18,252.03,405.55,303.66,32.85,32.85,7097.22,47.31,0.0027073857483214,27.0738574832142,93.99344063220394,28.160219021545053,50.17415144613659
Jean Zay H100,gpu_p6,Mistral-7B-Instruct-v0.3,Text Generation,sharegpt,sglang,benchmark_serving.py,150,1,4,4,1,1,32768,,66.17,66.23,349.59,682.68,128.2,15.97,19.6,7576.48,33.2,0.0061061244428161,61.06124442816145,66.11030582100693,21.67247346892073,50.17351859477189
Jean Zay H100,gpu_p6,Mistral-7B-Instruct-v0.3,Text Generation,sonnet,sglang,benchmark_serving.py,300,1,4,4,1,1,16384,,66.88,66.88,405.02,701.89,1184.68,22.61,22.61,8951.02,59.68,0.0008130742336775,8.130742336775349,118.56945045334987,22.10019258308232,50.15012717522893
Jean Zay H100,gpu_p6,Mistral-7B-Instruct-v0.3,Text Generation,sharegpt,sglang,benchmark_serving.py,150,1,4,4,1,1,16384,,65.91,65.96,332.09,675.72,130.12,16.01,19.88,7560.91,32.97,0.0060237335100295,60.23733510029517,65.65371133070315,22.76765334698425,50.08860485757439
Jean Zay H100,gpu_p6,Llama-3.1-8B-Instruct,Text Generation,sharegpt,vllm,benchmark_serving.py,300,2,4,8,4,2,4096,,73.3,73.3,161.42,203.38,158.23,28.01,28.56,6350.54,32.02,0.0046554934823091,46.55493482309125,63.71872439898724,39.34171725932351,50.08239365849022
Jean Zay H100,gpu_p6,Llama-3.1-8B-Instruct,Text Generation,sonnet,sglang,benchmark_serving.py,300,1,4,4,1,1,32768,,69.42,69.42,406.95,700.54,1110.97,23.33,23.33,8881.57,59.21,0.0008638338674706,8.63833867470608,117.63576772943748,21.82472048163165,49.91710673153094
Jean Zay H100,gpu_p6,Llama-3.3-70B-Instruct,Text Generation,sonnet,sglang,benchmark_serving.py,300,2,4,8,4,2,16384,,69.44,69.55,283.19,516.04,392.86,32.24,32.24,7534.16,50.24,0.0021865570472733,21.86557047273363,99.81440810083856,26.604611744765,49.88466847333935
Jean Zay H100,gpu_p6,Llama-3.1-8B-Instruct,Text Generation,sharegpt,vllm,benchmark_serving.py,300,2,4,8,4,2,16384,,73.3,73.3,160.57,203.05,162.54,28.11,28.63,6309.25,31.84,0.004560379423568,45.60379423568042,63.36024879003453,39.29283178675967,49.62148080050618
Jean Zay H100,gpu_p6,Llama-3.3-70B-Instruct,Text Generation,sonnet,sglang,benchmark_serving.py,300,2,4,8,4,2,4096,,69.11,69.21,283.43,513.33,420.65,32.02,32.02,7546.84,50.33,0.002063174400132,20.631744001320435,99.99314407865032,26.62682143739195,49.53304480715549
Jean Zay H100,gpu_p6,Llama-3.1-8B-Instruct,Text Generation,sharegpt,vllm,benchmark_serving.py,250,2,4,8,4,2,16384,,73.3,73.3,160.99,199.39,135.75,26.88,27.27,5853.45,29.55,0.0052659294365455,52.6592943654555,58.803143804181545,36.359090626747,49.53213797823564
Jean Zay H100,gpu_p6,Llama-3.3-70B-Instruct,Text Generation,sonnet,sglang,benchmark_serving.py,300,4,4,16,4,4,16384,,68.32,68.42,252.77,413.35,413.95,32.63,32.63,7349.99,49.01,0.0020867678053462,20.867678053463,97.3707284497905,29.077778217351742,49.50594724065875
Jean Zay H100,gpu_p6,Llama-3.3-70B-Instruct,Text Generation,sonnet,sglang,benchmark_serving.py,300,2,4,8,4,2,32768,,69.73,69.83,296.87,517.91,423.26,31.65,31.65,7614.2,50.76,0.0020552449852022,20.552449852022367,100.84769966183777,25.648263549701888,49.483495170617054
Jean Zay H100,gpu_p6,Llama-3.1-8B-Instruct,Text Generation,sharegpt,vllm,benchmark_serving.py,300,2,4,8,4,2,32768,,73.3,73.3,162.3,203.04,160.18,28.36,28.91,6264.22,31.58,0.0045987583352494,45.98758335249482,62.843186759426914,38.596549599507085,49.35335770989566
Jean Zay H100,gpu_p6,Llama-3.1-8B-Instruct,Text Generation,sharegpt,vllm,benchmark_serving.py,250,2,4,8,4,2,4096,,73.3,73.3,161.37,198.57,135.28,27.05,27.42,5827.66,29.38,0.0052700922266139,52.700922266139656,58.46524893120073,36.11365185598314,49.35286680101034
Jean Zay H100,gpu_p6,Llama-3.3-70B-Instruct,Text Generation,sonnet,sglang,benchmark_serving.py,300,4,4,16,4,4,32768,,68.75,68.85,253.91,410.65,399.89,33.21,33.21,7294.68,48.64,0.0021444961506294,21.4449615062941,96.63564578419567,28.729392304359813,49.34081201616168
Jean Zay H100,gpu_p6,Mistral-7B-Instruct-v0.3,Text Generation,sharegpt,vllm,benchmark_serving.py,500,1,4,4,1,1,32768,,18.91,74.25,121.64,475.82,322.14,32.92,34.77,7258.25,31.62,0.0025652207372444,25.6522073724444,62.96569486149959,59.66992765537652,49.22446360926145
Jean Zay H100,gpu_p6,Mistral-7B-Instruct-v0.3,Text Generation,sharegpt,vllm,benchmark_serving.py,500,1,4,4,1,1,4096,,18.91,74.25,121.58,482.22,327.44,32.73,34.6,7288.47,31.64,0.002533120551207,25.33120551207032,63.00648236160386,59.94793551570982,49.21815324207637
Jean Zay H100,gpu_p6,Llama-3.1-8B-Instruct,Text Generation,sonnet,sglang,benchmark_serving.py,300,1,4,4,1,1,16384,,69.25,69.25,411.94,703.18,1157.97,23.59,23.58,8773.35,58.5,0.0008297791128001,8.297791128001727,116.22502080538052,21.29764043307278,49.15300099593326
Jean Zay H100,gpu_p6,Mistral-7B-Instruct-v0.3,Text Generation,sharegpt,vllm,benchmark_serving.py,500,1,4,4,1,1,16384,,18.91,74.25,122.36,473.93,319.83,33.24,35.04,7238.75,31.6,0.0025765891113344,25.765891113344157,62.92530620946723,59.15944753187316,49.08603029995528
Jean Zay H100,gpu_p6,Llama-3.1-8B-Instruct,Text Generation,sonnet,vllm,benchmark_serving.py,300,1,4,4,1,1,16384,,18.83,73.89,138.34,678.58,895.23,34.44,34.43,6672.19,44.48,0.0010372368011617,10.37236801161705,88.37087759261657,48.23037443978603,49.00642332617097
Jean Zay H100,gpu_p6,Llama-3.1-8B-Instruct,Text Generation,sonnet,vllm,benchmark_serving.py,300,1,4,4,1,1,32768,,18.83,73.89,138.86,674.79,994.61,33.45,33.45,6721.18,44.81,0.0009420542434833,9.4205424348334,89.0264619959533,48.402563733256514,48.96080190110956
Jean Zay H100,gpu_p6,Llama-3.1-8B-Instruct,Text Generation,sharegpt,vllm,benchmark_serving.py,250,2,4,8,4,2,32768,,73.3,73.3,161.42,198.39,136.02,27.3,27.68,5768.98,29.15,0.0052356020942408,52.35602094240837,58.00689774116827,35.738941890719865,48.95985375744642
Jean Zay H100,gpu_p6,Llama-3.1-8B-Instruct,Text Generation,sonnet,vllm,benchmark_serving.py,250,1,4,4,1,1,16384,,18.83,73.89,141.3,677.8,823.71,31.89,31.89,6665.87,44.44,0.001126773259417,11.267732594170075,88.29137932524728,47.175300778485486,48.946194301717256
Jean Zay H100,gpu_p6,Llama-3.1-8B-Instruct,Text Generation,sharegpt,vllm,benchmark_serving.py,1000,1,4,4,4,1,16384,,75.09,75.09,191.23,332.74,1012.97,28.9,31.52,8986.05,45.42,0.0009316278333131,9.31627833313148,90.38315822341217,46.99079642315536,48.93486328463455
Jean Zay H100,gpu_p6,Llama-3.1-8B-Instruct,Text Generation,sonnet,vllm,benchmark_serving.py,300,1,4,4,1,1,4096,,18.83,73.89,138.33,671.72,992.16,33.55,33.55,6707.56,44.72,0.0009440552838774,9.44055283877424,88.84764352189187,48.489553965155785,48.93464403147632
Jean Zay H100,gpu_p6,Llama-3.1-8B-Instruct,Text Generation,sonnet,vllm,benchmark_serving.py,250,1,4,4,1,1,4096,,18.83,73.89,141.02,674.62,805.84,32.12,32.12,6645.3,44.3,0.0011493196027951,11.493196027951452,88.0132713465678,47.12310310594242,48.911591901238126
Jean Zay H100,gpu_p6,Llama-3.3-70B-Instruct,Text Generation,sonnet,sglang,benchmark_serving.py,300,4,4,16,4,4,4096,,68.08,68.18,251.01,407.02,402.13,33.51,33.51,7210.7,48.07,0.0021315144410103,21.31514441010338,95.503328800885,28.726743954424126,48.91083895715177
Jean Zay H100,gpu_p6,Llama-3.1-8B-Instruct,Text Generation,sharegpt,vllm,benchmark_serving.py,1000,1,4,4,4,1,4096,,75.09,75.09,194.52,330.88,1024.94,28.84,31.41,9004.02,45.42,0.0009214976179286,9.214976179286577,90.38406540073198,46.28840222085133,48.67596284787874
Jean Zay H100,gpu_p6,Llama-3.1-8B-Instruct,Text Generation,sonnet,vllm,benchmark_serving.py,250,1,4,4,1,1,32768,,18.83,73.89,140.65,677.07,815.96,32.32,32.32,6592.11,43.95,0.0011355893708834,11.355893708834884,87.3178465836656,46.86889441876999,48.54711791345656
Jean Zay H100,gpu_p6,Mistral-7B-Instruct-v0.3,Text Generation,sharegpt,sglang,benchmark_serving.py,300,1,4,4,1,1,32768,,66.3,66.33,389.99,700.29,250.98,21.63,27.66,9794.05,42.91,0.0033303360309055,33.30336030905518,85.44564286120915,25.11359265622195,48.4110107278809
Jean Zay H100,gpu_p6,Llama-3.1-8B-Instruct,Text Generation,sharegpt,vllm,benchmark_serving.py,1000,1,4,4,4,1,32768,,75.09,75.09,193.11,332.78,992.8,29.26,31.8,8881.36,44.78,0.0009488926422864,9.488926422864518,89.11070200557016,45.99119672725389,48.24105661838904
Jean Zay H100,gpu_p6,ALIA-40b-instruct-2605,Text Generation,sonnet,vllm,benchmark_serving.py,500,4,4,16,4,4,4096,,72.01,72.01,162.28,208.01,706.99,68.52,68.52,6785.93,45.24,0.0011847920097626,11.84792009762686,89.88078856184227,41.81618190781366,47.96893915471988
Jean Zay H100,gpu_p6,Mistral-7B-Instruct-v0.3,Text Generation,sharegpt,sglang,benchmark_serving.py,300,1,4,4,1,1,16384,,66.04,66.06,388.11,694.27,258.87,21.56,27.59,9780.1,42.6,0.0032465424323095,32.4654243230959,84.83049670660817,25.19929916776172,47.94438888378314
Jean Zay H100,gpu_p6,ALIA-40b-instruct-2605,Text Generation,sonnet,vllm,benchmark_serving.py,500,4,4,16,4,4,16384,,72.01,72.01,168.49,211.26,690.93,68.27,68.27,6810.88,45.41,0.0012085030273,12.085030273000836,90.21848865786016,40.42305181316399,47.718573016705214
Jean Zay H100,gpu_p6,Mistral-7B-Instruct-v0.3,Text Generation,sharegpt,vllm,benchmark_serving.py,300,1,4,4,1,1,32768,,18.91,74.25,124.93,518.51,179.42,29.94,30.15,6053.76,26.52,0.0041751910149889,41.75191014988936,52.80865854861948,48.45721604098295,47.65690249060755
Jean Zay H100,gpu_p6,Mistral-7B-Instruct-v0.3,Text Generation,sharegpt,sglang,benchmark_serving.py,500,1,4,4,1,1,16384,,66.13,66.23,373.58,704.32,635.24,26.41,43.63,11255.12,49.02,0.0014178765880217,14.178765880217789,97.61485303614428,30.12773703089031,47.65070628144801
Jean Zay H100,gpu_p6,Mistral-7B-Instruct-v0.3,Text Generation,sharegpt,vllm,benchmark_serving.py,300,1,4,4,1,1,4096,,18.91,74.25,124.91,524.16,174.43,29.82,29.99,5993.0,26.15,0.0042691256830601,42.69125683060109,52.07278436324065,47.97854455207749,47.57290826257099
Jean Zay H100,gpu_p6,Mistral-7B-Instruct-v0.3,Text Generation,sharegpt,sglang,benchmark_serving.py,500,1,4,4,1,1,32768,,66.39,66.48,374.72,705.24,633.21,26.65,43.85,11176.75,48.77,0.0014210399170112,14.210399170112687,97.11623114118544,29.82693744662681,47.39567428876195
Jean Zay H100,gpu_p6,ALIA-40b-instruct-2605,Text Generation,sonnet,vllm,benchmark_serving.py,500,4,4,16,4,4,32768,,72.01,72.01,170.72,212.09,713.51,68.34,68.34,6793.83,45.29,0.0011762076712264,11.762076712264316,89.98016139503328,39.79516166822868,47.32681269031436
Jean Zay H100,gpu_p6,Mistral-7B-Instruct-v0.3,Text Generation,sharegpt,vllm,benchmark_serving.py,250,1,4,4,4,1,4096,,74.87,74.87,189.72,264.32,136.78,23.34,23.11,6168.88,26.94,0.0054576215685204,54.57621568520438,53.64572476282397,32.515707358212104,47.20048610695752
Jean Zay H100,gpu_p6,ALIA-40b-instruct-2605,Text Generation,sharegpt,sglang,benchmark_serving.py,500,1,4,4,4,1,16384,,71.15,71.76,331.23,677.27,346.62,27.19,50.06,9243.67,44.62,0.0023592139099252,23.59213909925213,88.81130012090492,27.90710382513661,47.14744255889711
Jean Zay H100,gpu_p6,Mistral-7B-Instruct-v0.3,Text Generation,sharegpt,vllm,benchmark_serving.py,300,1,4,4,1,1,16384,,18.91,74.25,125.66,530.96,174.44,30.17,30.27,5919.35,25.93,0.0042574931880108,42.57493188010898,51.633815564615965,47.10607989813784,47.104919698610594
Jean Zay H100,gpu_p6,Mistral-7B-Instruct-v0.3,Text Generation,sharegpt,vllm,benchmark_serving.py,250,1,4,4,4,1,16384,,74.87,74.87,186.96,256.94,136.72,23.52,23.28,6115.17,26.67,0.0054489973844812,54.48997384481255,53.10837921534915,32.70844030808729,47.05014093904291
Jean Zay H100,gpu_p6,Mistral-7B-Instruct-v0.3,Text Generation,sharegpt,vllm,benchmark_serving.py,250,1,4,4,4,1,32768,,74.87,74.87,184.06,262.03,139.54,23.55,23.3,6125.33,26.75,0.0053650946939213,53.65094693921348,53.267375424246765,33.27898511354993,47.00150483991247
Jean Zay H100,gpu_p6,Llama-3.1-8B-Instruct,Text Generation,sharegpt,vllm,benchmark_serving.py,1000,2,4,8,4,2,4096,,73.3,73.3,157.88,226.12,927.55,32.95,36.57,8012.72,40.39,0.0010029386101276,10.02938610127674,80.37485165358477,50.75196351659488,46.97806916196328
Jean Zay H100,gpu_p6,Mistral-7B-Instruct-v0.3,Text Generation,sonnet,sglang,benchmark_serving.py,150,1,4,4,1,1,32768,,66.52,66.94,355.12,702.71,672.19,14.07,14.08,7786.01,51.92,0.001427877887883,14.27877887883028,103.152143282729,21.925011263798154,46.94251713934556
Jean Zay H100,gpu_p6,Mistral-7B-Instruct-v0.3,Text Generation,sonnet,sglang,benchmark_serving.py,150,1,4,4,1,1,16384,,66.33,66.87,337.95,702.68,687.11,14.1,14.11,7733.08,51.57,0.0013979757311413,13.979757311413072,102.45674130500409,22.882319869803226,46.91075188791887
Jean Zay H100,gpu_p6,Mistral-7B-Instruct-v0.3,Text Generation,sharegpt,sglang,benchmark_serving.py,1000,1,4,4,1,1,32768,,66.63,66.83,345.52,702.44,2208.55,28.67,74.61,11721.69,50.99,0.0004325577572745,4.3255775727454,101.53830276538562,33.924780041676314,46.84964892830097
Jean Zay H100,gpu_p6,ALIA-40b-instruct-2605,Text Generation,sharegpt,sglang,benchmark_serving.py,500,1,4,4,4,1,32768,,70.91,71.43,328.95,673.45,345.87,27.61,49.87,8985.36,44.38,0.0023621117278847,23.621117278847287,88.32375612143872,27.31527587779298,46.802145236991
Jean Zay H100,gpu_p6,Mistral-7B-Instruct-v0.3,Text Generation,sharegpt,vllm,benchmark_serving.py,300,1,4,4,4,1,4096,,74.87,74.87,189.97,274.32,165.6,24.16,23.98,6627.65,28.91,0.0046785814541031,46.785814541031165,57.56888287644069,34.887877033215766,46.64471777256948
Jean Zay H100,gpu_p6,Mistral-7B-Instruct-v0.3,Text Generation,sharegpt,sglang,benchmark_serving.py,1000,1,4,4,1,1,16384,,66.39,66.58,360.71,701.35,2122.44,28.84,75.76,11725.87,51.21,0.0004490265105251,4.490265105251813,101.97464952263208,32.50774860691415,46.60055052769305
Jean Zay H100,gpu_p6,Llama-3.1-8B-Instruct,Text Generation,sonnet,sglang,benchmark_serving.py,150,1,4,4,1,1,16384,,68.77,69.24,326.69,701.82,631.47,15.01,15.01,7512.34,50.1,0.001511738650622,15.117386506220804,99.53619043589106,22.995316661054822,46.34071749185559
Jean Zay H100,gpu_p6,Llama-3.1-8B-Instruct,Text Generation,sharegpt,vllm,benchmark_serving.py,1000,2,4,8,4,2,16384,,73.3,73.3,160.52,229.55,979.59,32.75,35.5,7954.09,40.1,0.0009543441746831,9.543441746831576,79.79770533349847,49.55201844006977,46.23263590813455
Jean Zay H100,gpu_p6,Llama-3.1-8B-Instruct,Text Generation,sharegpt,vllm,benchmark_serving.py,1000,2,4,8,4,2,32768,,73.3,73.3,160.65,230.22,992.48,32.9,35.99,7938.07,40.16,0.0009421785051395,9.421785051395837,79.91569338061198,49.41220043572984,46.18664680631621
Jean Zay H100,gpu_p6,Mistral-7B-Instruct-v0.3,Text Generation,sharegpt,vllm,benchmark_serving.py,300,1,4,4,4,1,16384,,74.87,74.87,187.98,267.95,168.37,24.43,24.27,6533.42,28.63,0.0046068088635002,46.068088635002525,57.01017657591758,34.75593148207256,46.168508245976064
Jean Zay H100,gpu_p6,Llama-3.1-8B-Instruct,Text Generation,sonnet,sglang,benchmark_serving.py,150,1,4,4,1,1,32768,,69.03,69.42,353.54,699.03,627.92,14.91,14.91,7557.22,50.38,0.0015203575881047,15.203575881047223,100.09273452862926,21.3758556316117,46.04101934140576
Jean Zay H100,gpu_p6,Mistral-7B-Instruct-v0.3,Text Generation,sharegpt,vllm,benchmark_serving.py,300,1,4,4,4,1,32768,,74.87,74.87,190.11,270.37,171.0,24.42,24.25,6569.12,28.64,0.0045522829699094,45.52282969909409,57.03135512658842,34.55431066224817,45.92580225265147
Jean Zay H100,gpu_p6,gemma-3-12b-it,Text Generation,sonnet,vllm,benchmark_serving.py,1000,2,4,8,4,2,16384,,71.7,71.7,171.03,251.89,1291.31,137.3,137.3,6789.98,45.27,0.0006386063055986,6.386063055986615,89.94035173548882,39.70052037654212,45.45514754959513
Jean Zay H100,gpu_p6,gemma-3-12b-it,Text Generation,sonnet,vllm,benchmark_serving.py,1000,2,4,8,4,2,4096,,71.7,71.7,172.17,244.46,1296.62,137.26,137.26,6793.14,45.29,0.0006364805173313,6.364805173313645,89.98010087110637,39.45600278794216,45.38318894724431
Jean Zay H100,gpu_p6,Mistral-7B-Instruct-v0.3,Text Generation,sharegpt,sglang,benchmark_serving.py,150,1,4,4,4,1,32768,,66.28,66.91,224.34,347.32,118.35,21.21,25.14,5636.23,24.52,0.0060716454159077,60.71645415907712,48.82757924303317,25.12360702505126,45.2845256047339
Jean Zay H100,gpu_p6,Mistral-7B-Instruct-v0.3,Text Generation,sharegpt,sglang,benchmark_serving.py,150,1,4,4,4,1,16384,,65.95,66.64,219.11,353.85,120.15,21.22,25.62,5642.11,24.59,0.0059883825378765,59.88382537876519,48.96658898477068,25.75012550773584,45.24918104607767
Jean Zay H100,gpu_p6,Mistral-7B-Instruct-v0.3,Text Generation,sharegpt,sglang,benchmark_serving.py,150,1,4,4,4,1,4096,,65.68,66.43,206.78,350.43,124.74,21.2,25.48,5638.06,24.54,0.005833625014584,58.33625014584064,48.86730208738035,27.265983170519394,45.174322373861344
Jean Zay H100,gpu_p6,gemma-3-12b-it,Text Generation,sonnet,vllm,benchmark_serving.py,1000,2,4,8,4,2,32768,,71.7,71.7,178.34,252.03,1273.92,137.07,137.08,6804.1,45.36,0.0006459656217096,6.459656217096127,90.11921406943029,38.15240551755075,45.045585663035226
Jean Zay H100,gpu_p6,Mistral-7B-Instruct-v0.3,Text Generation,sharegpt,vllm,benchmark_serving.py,500,1,4,4,4,1,4096,,74.87,74.87,189.9,300.83,366.32,26.59,26.81,7893.26,34.58,0.0023825407414466,23.825407414466792,68.85833488062322,41.56535018430753,44.81338443930902
Jean Zay H100,gpu_p6,ALIA-40b-instruct-2605,Text Generation,sharegpt,sglang,benchmark_serving.py,300,1,4,4,4,1,16384,,70.56,70.8,340.8,674.64,273.74,23.79,28.3,8090.14,39.47,0.0030690851057299,30.690851057299817,78.55673908096452,23.73867370892019,44.74055623386434
Jean Zay H100,gpu_p6,Mistral-7B-Instruct-v0.3,Text Generation,sharegpt,vllm,benchmark_serving.py,500,1,4,4,4,1,16384,,74.87,74.87,188.33,295.22,374.39,26.75,27.01,7872.91,34.35,0.0023356300362022,23.35630036202265,68.40155970589053,41.80380183720065,44.574889010994696
Jean Zay H100,gpu_p6,ALIA-40b-instruct-2605,Text Generation,sharegpt,sglang,benchmark_serving.py,250,2,4,8,4,2,16384,,69.36,69.49,245.49,414.95,108.78,31.76,39.39,5594.53,26.88,0.0055577168899016,55.57716889901628,53.50293481528655,22.789237850828957,44.37979137512823
Jean Zay H100,gpu_p6,Mistral-7B-Instruct-v0.3,Text Generation,sharegpt,vllm,benchmark_serving.py,500,1,4,4,4,1,32768,,74.87,74.87,190.76,300.81,371.7,26.85,27.19,7853.99,34.15,0.0023488514116596,23.488514116596985,68.00430988800908,41.17210106940659,44.28263250377617
Jean Zay H100,gpu_p6,Mistral-7B-Instruct-v0.3,Text Generation,sharegpt,vllm,benchmark_serving.py,1000,1,4,4,1,1,4096,,18.91,74.25,119.99,488.38,977.38,35.14,39.89,7301.28,31.81,0.0009502000171036,9.502000171036002,63.34402463354465,60.84907075589633,44.23935107544425
Jean Zay H100,gpu_p6,Mistral-7B-Instruct-v0.3,Text Generation,sharegpt,vllm,benchmark_serving.py,1000,1,4,4,1,1,32768,,18.91,74.25,121.66,487.64,959.24,34.87,39.66,7300.6,32.0,0.0009673331592133,9.673331592133648,63.72069934266155,60.0082196284728,44.15660079894166
Jean Zay H100,gpu_p6,ALIA-40b-instruct-2605,Text Generation,sharegpt,sglang,benchmark_serving.py,300,1,4,4,4,1,32768,,70.53,70.63,338.43,670.16,277.31,24.14,28.63,7929.85,38.8,0.0030295685894328,30.29568589432865,77.22215933690147,23.431285642525783,44.05407878422649
Jean Zay H100,gpu_p6,ALIA-40b-instruct-2605,Text Generation,sharegpt,sglang,benchmark_serving.py,250,2,4,8,4,2,32768,,69.64,69.76,247.06,417.08,108.49,32.1,40.57,5509.9,26.8,0.0055199823360565,55.19982336056525,53.3405530370076,22.30186999109528,44.04032637232527
Jean Zay H100,gpu_p6,ALIA-40b-instruct-2605,Text Generation,sharegpt,sglang,benchmark_serving.py,250,2,4,8,4,2,4096,,69.02,69.14,246.73,421.3,111.66,32.18,40.13,5573.56,27.03,0.0054356688590531,54.35668859053106,53.79909145286478,22.58971345195153,44.00167351937908
Jean Zay H100,gpu_p6,ALIA-40b-instruct-2605,Text Generation,sharegpt,sglang,benchmark_serving.py,300,2,4,8,4,2,16384,,69.38,69.49,242.35,422.12,136.43,33.29,43.81,6040.06,29.57,0.0046831826909567,46.83182690956775,58.85188197633134,24.92288013204044,43.90778266345863
Jean Zay H100,gpu_p6,gemma-3-12b-it,Text Generation,sonnet,vllm,benchmark_serving.py,1000,1,4,4,4,1,16384,,75.31,75.35,226.7,376.88,1229.36,132.52,132.52,7031.21,46.87,0.0006691648822269,6.691648822269808,93.11926756973642,31.015483017203355,43.8606661387872
Jean Zay H100,gpu_p6,Mistral-7B-Instruct-v0.3,Text Generation,sharegpt,vllm,benchmark_serving.py,1000,1,4,4,1,1,16384,,18.91,74.25,122.41,488.93,981.02,35.36,40.47,7270.94,31.81,0.0009462080711548,9.46208071154847,63.3428780664818,59.39825177681562,43.761126553111296
Jean Zay H100,gpu_p6,gemma-3-12b-it,Text Generation,sonnet,vllm,benchmark_serving.py,1000,1,4,4,4,1,4096,,75.31,75.34,227.17,368.25,1254.34,132.87,132.87,6997.88,46.65,0.0006578601126256,6.578601126256514,92.68215253537142,30.80459567724612,43.60612686167226
Jean Zay H100,gpu_p6,Llama-3.1-8B-Instruct,Text Generation,sharegpt,vllm,benchmark_serving.py,150,1,4,4,4,1,4096,,75.08,75.09,203.37,348.14,126.05,23.37,24.48,4807.14,24.27,0.0057504312823461,57.504312823461774,48.29616521884916,23.637409647440627,43.53613362156672
Jean Zay H100,gpu_p6,Llama-3.1-8B-Instruct,Text Generation,sharegpt,vllm,benchmark_serving.py,150,1,4,4,4,1,16384,,75.08,75.09,199.78,351.37,125.59,23.5,24.57,4777.65,24.09,0.0057583784406311,57.58378440631118,47.938284246960485,23.91455601161277,43.53016126582845
Jean Zay H100,gpu_p6,Mistral-7B-Instruct-v0.3,Text Generation,sharegpt,vllm,benchmark_serving.py,300,2,4,8,4,2,4096,,74.59,74.59,162.47,205.48,175.03,27.52,27.4,5844.54,25.36,0.0043487714720591,43.48771472059143,50.50087204211316,35.973041176832645,43.46749267590601
Jean Zay H100,gpu_p6,ALIA-40b-instruct-2605,Text Generation,sharegpt,sglang,benchmark_serving.py,300,2,4,8,4,2,32768,,69.66,69.76,245.55,421.39,135.7,33.57,43.88,6003.03,29.04,0.0046915317851278,46.915317851278445,57.80038732972264,24.447281612706167,43.42646987760634
Jean Zay H100,gpu_p6,Mistral-7B-Instruct-v0.3,Text Generation,sharegpt,vllm,benchmark_serving.py,300,2,4,8,4,2,32768,,74.59,74.59,161.6,204.2,173.65,27.75,27.62,5790.87,25.27,0.0043664308793991,43.664308793991786,50.32041350448922,35.83459158415842,43.42187488841424
Jean Zay H100,gpu_p6,ALIA-40b-instruct-2605,Text Generation,sharegpt,sglang,benchmark_serving.py,1000,1,4,4,4,1,16384,,73.28,75.32,325.12,679.88,1584.6,23.18,32.6,9670.65,46.84,0.0006096148453407,6.096148453407137,93.22844602875846,29.744863435039367,43.2887184231489
Jean Zay H100,gpu_p6,gemma-3-12b-it,Text Generation,sonnet,vllm,benchmark_serving.py,1000,1,4,4,4,1,32768,,75.31,75.34,228.3,370.64,1252.94,133.89,133.89,6946.8,46.31,0.0006575832500394,6.575832500394551,92.00664883006274,30.42838370565046,43.25512643816363
Jean Zay H100,gpu_p6,ALIA-40b-instruct-2605,Text Generation,sharegpt,sglang,benchmark_serving.py,300,2,4,8,4,2,4096,,69.04,69.15,244.08,421.85,138.74,33.66,45.59,5982.6,29.28,0.0045873663929538,45.87366392953805,58.274791912014216,24.510816125860373,43.253936146403085
Jean Zay H100,gpu_p6,Mistral-7B-Instruct-v0.3,Text Generation,sharegpt,vllm,benchmark_serving.py,250,2,4,8,4,2,16384,,74.59,74.59,162.53,200.36,147.9,26.85,26.62,5352.77,23.35,0.004965983016338,49.65983016338084,46.49716877599459,32.93404294591768,43.23227338208131
Jean Zay H100,gpu_p6,Mistral-7B-Instruct-v0.3,Text Generation,sharegpt,vllm,benchmark_serving.py,300,2,4,8,4,2,16384,,74.59,74.59,162.84,205.45,176.86,27.71,27.6,5795.11,25.27,0.0043071886979368,43.07188697936856,50.32057346771173,35.587754851387864,43.14151810445142
Jean Zay H100,gpu_p6,Mistral-7B-Instruct-v0.3,Text Generation,sharegpt,vllm,benchmark_serving.py,250,2,4,8,4,2,32768,,74.59,74.59,161.62,200.15,151.86,26.78,26.59,5395.73,23.45,0.0048725819811918,48.725819811918335,46.69705324421776,33.385286474446225,43.12706851090907
Jean Zay H100,gpu_p6,Llama-3.1-8B-Instruct,Text Generation,sharegpt,vllm,benchmark_serving.py,150,1,4,4,4,1,32768,,75.08,75.09,205.11,346.08,125.13,23.78,24.85,4723.43,23.86,0.0057550644567219,57.55064456721915,47.48015806912996,23.028765052898443,43.0796777132862
Jean Zay H100,gpu_p6,Mistral-7B-Instruct-v0.3,Text Generation,sharegpt,vllm,benchmark_serving.py,250,2,4,8,4,2,4096,,74.59,74.59,162.15,200.73,151.36,26.81,26.59,5359.72,23.45,0.0048837663606173,48.83766360617308,46.695695658877575,33.0540857230959,43.05864958150792
Jean Zay H100,gpu_p6,ALIA-40b-instruct-2605,Text Generation,sharegpt,sglang,benchmark_serving.py,500,2,4,8,4,2,16384,,69.38,69.49,238.88,442.1,314.83,32.98,63.65,7454.28,36.34,0.0024303699022991,24.3036990229913,72.32740018850242,31.205123911587407,42.84021338361584
Jean Zay H100,gpu_p6,Llama-3.1-8B-Instruct,Text Generation,sonnet,vllm,benchmark_serving.py,150,1,4,4,4,1,32768,,75.08,75.09,213.57,414.74,329.17,23.41,23.41,5621.96,37.48,0.0026596452033298,26.596452033298757,74.46357265029755,26.32373460692045,42.78400346663729
Jean Zay H100,gpu_p6,Llama-3.3-70B-Instruct,Text Generation,sonnet,vllm,benchmark_serving.py,1000,2,4,8,4,2,16384,,73.73,73.73,228.85,348.36,1502.87,131.94,131.94,6915.16,46.1,0.0005660110372152,5.660110372152258,91.58941800765956,30.21699803364649,42.73427901990289
Jean Zay H100,gpu_p6,Llama-3.3-70B-Instruct,Text Generation,sonnet,vllm,benchmark_serving.py,1000,2,4,8,4,2,4096,,73.73,73.73,229.22,345.24,1514.28,131.96,131.96,6918.26,46.12,0.0005623664379709,5.623664379709819,91.62916187801356,30.18174679347352,42.72411990153748
Jean Zay H100,gpu_p6,ALIA-40b-instruct-2605,Text Generation,sharegpt,sglang,benchmark_serving.py,1000,1,4,4,4,1,32768,,72.44,73.8,322.69,676.1,1615.92,23.43,35.86,9484.39,46.23,0.0005969400851236,5.969400851236561,92.01150600905292,29.39164523226626,42.71883480682364
Jean Zay H100,gpu_p6,Llama-3.1-8B-Instruct,Text Generation,sonnet,vllm,benchmark_serving.py,150,1,4,4,4,1,4096,,75.08,75.09,218.7,410.67,342.63,23.01,23.01,5689.85,37.93,0.0025730091341824,25.730091341824263,75.35764659257164,26.01668952903521,42.69517154698588
Jean Zay H100,gpu_p6,Llama-3.3-70B-Instruct,Text Generation,sonnet,vllm,benchmark_serving.py,1000,2,4,8,4,2,32768,,73.73,73.73,226.21,346.73,1539.11,132.4,132.4,6892.27,45.95,0.0005543513811664,5.543513811664662,91.29137055325432,30.468458512002123,42.67376740791313
Jean Zay H100,gpu_p6,ALIA-40b-instruct-2605,Text Generation,sharegpt,sglang,benchmark_serving.py,500,2,4,8,4,2,4096,,69.05,69.15,239.32,436.79,310.38,33.44,62.54,7343.3,36.11,0.0024608721330839,24.60872133083965,71.86660261457216,30.684021393949525,42.62049698750387
Jean Zay H100,gpu_p6,Llama-3.1-8B-Instruct,Text Generation,sonnet,vllm,benchmark_serving.py,150,1,4,4,4,1,16384,,75.08,75.09,212.8,407.68,342.14,23.44,23.44,5593.26,37.29,0.0025705619248367,25.705619248367697,74.08607166262621,26.284116541353384,42.340092202971015
Jean Zay H100,gpu_p6,Mistral-7B-Instruct-v0.3,Text Generation,sharegpt,vllm,benchmark_serving.py,500,2,4,8,4,2,4096,,74.59,74.59,162.93,218.81,356.84,30.45,31.18,6953.97,30.36,0.0023896575620713,23.89657562071356,60.45605783231891,42.68072178236052,42.33772634438641
Jean Zay H100,gpu_p6,Mistral-7B-Instruct-v0.3,Text Generation,sharegpt,sglang,benchmark_serving.py,150,2,4,8,4,2,32768,,65.97,66.49,168.27,248.55,140.84,23.66,30.77,5134.61,22.39,0.0051211143544835,51.21114354483535,44.5855799495831,30.514114221192127,42.33540253888376
Jean Zay H100,gpu_p6,Mistral-7B-Instruct-v0.3,Text Generation,sharegpt,vllm,benchmark_serving.py,500,2,4,8,4,2,16384,,74.59,74.59,163.27,217.32,362.37,30.52,31.22,6989.62,30.45,0.0023578788521845,23.578788521845745,60.6358423776401,42.81019170698842,42.33223585206149
Jean Zay H100,gpu_p6,ALIA-40b-instruct-2605,Text Generation,sharegpt,sglang,benchmark_serving.py,500,2,4,8,4,2,32768,,69.66,69.77,242.62,436.29,313.36,33.32,63.35,7438.16,35.8,0.002438845938102,24.388459381020898,71.25703857125272,30.657653944439865,42.329918565993786
Jean Zay H100,gpu_p6,gemma-3-12b-it,Text Generation,sonnet,vllm,benchmark_serving.py,1000,4,4,16,4,4,32768,,71.7,71.7,151.57,202.61,1567.64,152.05,152.05,6080.93,40.54,0.0005342622372765,5.342622372765448,80.54304021746411,40.1196146994788,42.03940198451127
Jean Zay H100,gpu_p6,Mistral-7B-Instruct-v0.3,Text Generation,sharegpt,vllm,benchmark_serving.py,500,2,4,8,4,2,32768,,74.59,74.59,162.45,216.52,364.85,30.6,31.17,6919.39,30.14,0.0023440063756973,23.44006375697342,60.01856660810156,42.5939673745768,42.00600388399008
Jean Zay H100,gpu_p6,gemma-3-12b-it,Text Generation,sonnet,vllm,benchmark_serving.py,1000,4,4,16,4,4,16384,,71.66,71.66,153.78,201.9,1556.03,151.87,151.87,6080.54,40.54,0.0005377008984982,5.377008984982014,80.54300600547616,39.54051242034075,41.86576907126482
Jean Zay H100,gpu_p6,gemma-3-12b-it,Text Generation,sonnet,vllm,benchmark_serving.py,1000,4,4,16,4,4,4096,,71.7,71.7,157.71,209.81,1580.16,151.82,151.82,6091.19,40.61,0.0005308419152776,5.308419152776303,80.68209201213347,38.62272525521527,41.596045877738206
Jean Zay H100,gpu_p6,ALIA-40b-instruct-2605,Text Generation,sonnet,vllm,benchmark_serving.py,250,1,4,4,4,1,32768,,75.48,75.48,289.93,402.15,275.08,41.9,41.9,5705.12,38.03,0.0027864467231386,27.86446723138654,75.5563457684372,19.67757734625599,41.45990117074199
Jean Zay H100,gpu_p6,Llama-3.3-70B-Instruct,Text Generation,sonnet,vllm,benchmark_serving.py,1000,4,4,16,4,4,4096,,73.72,73.72,172.91,227.55,1773.95,144.69,144.69,6258.23,41.72,0.0004846534485516,4.846534485516132,82.88743739236025,36.19356890868082,41.41149248925584
Jean Zay H100,gpu_p6,ALIA-40b-instruct-2605,Text Generation,sonnet,vllm,benchmark_serving.py,250,1,4,4,4,1,16384,,75.48,75.48,286.2,395.84,277.0,42.03,42.03,5688.81,37.93,0.0027696227773777,27.696227773777213,75.35755536308616,19.87704402515724,41.39894035458387
Jean Zay H100,gpu_p6,Llama-3.1-8B-Instruct,Text Generation,sharegpt,vllm,benchmark_serving.py,500,4,4,16,4,4,32768,,73.3,73.3,149.07,180.97,395.63,39.52,41.82,6149.0,31.05,0.0020965679183177,20.96567918317714,61.78799524275694,41.2490776145435,41.33595414147151
Jean Zay H100,gpu_p6,Llama-3.1-8B-Instruct,Text Generation,sharegpt,vllm,benchmark_serving.py,500,4,4,16,4,4,16384,,73.3,73.3,150.8,181.97,389.95,39.53,41.73,6158.98,31.04,0.0021221960484709,21.221960484709577,61.76869838869664,40.842042440318295,41.28627759785997
Jean Zay H100,gpu_p6,Llama-3.3-70B-Instruct,Text Generation,sonnet,vllm,benchmark_serving.py,1000,4,4,16,4,4,16384,,73.73,73.73,174.4,229.87,1792.04,145.03,145.03,6239.29,41.6,0.0004802843283223,4.802843283223669,82.64894433750631,35.77574541284404,41.18184632315828
Jean Zay H100,gpu_p6,Mistral-7B-Instruct-v0.3,Text Generation,sharegpt,sglang,benchmark_serving.py,150,2,4,8,4,2,4096,,65.53,66.01,173.79,250.3,145.76,24.01,31.9,5064.82,22.14,0.0049585957256904,49.58595725690485,44.08727994715901,29.143333908740438,41.17476750017865
Jean Zay H100,gpu_p6,Llama-3.1-8B-Instruct,Text Generation,sharegpt,vllm,benchmark_serving.py,500,4,4,16,4,4,4096,,73.3,73.3,147.7,179.42,397.58,39.95,42.26,6104.01,30.74,0.0020842451906042,20.84245190604223,61.17193606911447,41.327081922816525,41.109558126854566
Jean Zay H100,gpu_p6,Llama-3.3-70B-Instruct,Text Generation,sonnet,vllm,benchmark_serving.py,1000,1,4,4,4,1,32768,,75.11,75.11,338.42,553.76,1489.07,126.66,126.66,7184.9,47.91,0.0005739243223388,5.739243223388564,95.18529008780818,21.23071922463211,41.108171477689176
Jean Zay H100,gpu_p6,Llama-3.3-70B-Instruct,Text Generation,sonnet,vllm,benchmark_serving.py,1000,4,4,16,4,4,32768,,73.73,73.73,175.15,226.87,1763.27,145.51,145.51,6228.44,41.52,0.0004867861889022,4.8678618890224845,82.49010481725561,35.56060519554667,41.08110234270949
Jean Zay H100,gpu_p6,ALIA-40b-instruct-2605,Text Generation,sonnet,vllm,benchmark_serving.py,250,1,4,4,4,1,4096,,75.48,75.48,286.18,394.97,283.69,42.29,42.29,5651.75,37.68,0.0027153990278871,27.15399027887148,74.86090522249152,19.74893423719337,41.0047234263653
Jean Zay H100,gpu_p6,Llama-3.3-70B-Instruct,Text Generation,sonnet,vllm,benchmark_serving.py,1000,1,4,4,4,1,16384,,75.11,75.11,340.79,550.47,1488.01,127.32,127.32,7150.27,47.67,0.0005738386939431,5.738386939431327,94.7085890963248,20.981454854895976,40.8660374057238
Jean Zay H100,gpu_p6,ALIA-40b-instruct-2605,Text Generation,sonnet,vllm,benchmark_serving.py,300,1,4,4,4,1,16384,,75.48,75.48,284.43,415.13,310.02,43.55,43.55,5724.14,38.16,0.0025181305398871,25.18130539887188,75.81458181628862,20.12495165770137,40.778586183619005
Jean Zay H100,gpu_p6,ALIA-40b-instruct-2605,Text Generation,sonnet,vllm,benchmark_serving.py,300,1,4,4,4,1,4096,,75.48,75.48,285.14,424.41,307.11,43.63,43.63,5714.76,38.1,0.0025356898344194,25.35689834419454,75.6953431858241,20.0419443080592,40.771184298785286
Jean Zay H100,gpu_p6,ALIA-40b-instruct-2605,Text Generation,sharegpt,sglang,benchmark_serving.py,250,4,4,16,4,4,4096,,68.17,68.31,212.73,314.66,113.77,35.72,43.42,4843.62,23.38,0.0051837644497434,51.83764449743403,46.53537522087528,22.768861937667467,40.73286252427876
Jean Zay H100,gpu_p6,ALIA-40b-instruct-2605,Text Generation,sharegpt,sglang,benchmark_serving.py,250,4,4,16,4,4,16384,,68.51,68.66,213.94,313.45,115.21,35.3,43.17,4855.02,23.48,0.0051631557207765,51.63155720776538,46.73398364251307,22.693371973450503,40.70616292059884
Jean Zay H100,gpu_p6,Llama-3.3-70B-Instruct,Text Generation,sonnet,vllm,benchmark_serving.py,1000,1,4,4,4,1,4096,,75.11,75.11,337.65,553.62,1475.63,128.54,128.54,7105.85,47.37,0.0005771306219736,5.771306219736712,94.11261348036268,21.045017029468383,40.69493814746368
Jean Zay H100,gpu_p6,ALIA-40b-instruct-2605,Text Generation,sharegpt,sglang,benchmark_serving.py,1000,2,4,8,4,2,16384,,69.39,69.49,239.91,439.04,1615.23,23.94,33.84,8294.3,40.64,0.0005977250584276,5.977250584276245,80.88369010454785,34.5725480388479,40.59593520663152
Jean Zay H100,gpu_p6,ALIA-40b-instruct-2605,Text Generation,sharegpt,sglang,benchmark_serving.py,1000,2,4,8,4,2,4096,,69.05,69.15,239.84,436.44,1572.64,24.18,36.07,8296.56,40.55,0.0006124111238356,6.124111238356533,80.70554616647735,34.5920613742495,40.59154315740336
Jean Zay H100,gpu_p6,Mistral-7B-Instruct-v0.3,Text Generation,sharegpt,vllm,benchmark_serving.py,1000,1,4,4,4,1,4096,,74.87,74.87,190.44,322.43,1169.71,27.03,28.84,8169.91,35.5,0.0008159402079015,8.159402079015651,70.69282461205472,42.90017853392145,40.53781420581879
Jean Zay H100,gpu_p6,ALIA-40b-instruct-2605,Text Generation,sonnet,vllm,benchmark_serving.py,300,1,4,4,4,1,32768,,75.48,75.48,288.4,420.85,309.47,43.74,43.74,5693.22,37.96,0.0025192089683839,25.19208968383927,75.41715011568299,19.740707350901527,40.52416788412606
Jean Zay H100,gpu_p6,Mistral-7B-Instruct-v0.3,Text Generation,sharegpt,vllm,benchmark_serving.py,1000,1,4,4,4,1,16384,,74.87,74.87,187.89,318.15,1174.01,27.31,28.85,8089.18,35.4,0.0008128957786322,8.128957786322216,70.49151389979544,43.05274362659003,40.50783833378881
Jean Zay H100,gpu_p6,Mistral-7B-Instruct-v0.3,Text Generation,sharegpt,vllm,benchmark_serving.py,1000,1,4,4,4,1,32768,,74.87,74.87,190.86,325.25,1183.87,27.26,28.7,8150.06,35.49,0.0008065621899776,8.065621899776582,70.6722527869233,42.70177093157288,40.43544409158128
Jean Zay H100,gpu_p6,ALIA-40b-instruct-2605,Text Generation,sonnet,vllm,benchmark_serving.py,250,2,4,8,4,2,32768,,72.01,72.01,210.79,272.46,295.12,45.63,45.63,5246.48,34.98,0.0025881256793829,25.88125679382991,69.49664312519644,24.889605768774608,40.39315981847684
Jean Zay H100,gpu_p6,ALIA-40b-instruct-2605,Text Generation,sharegpt,sglang,benchmark_serving.py,300,4,4,16,4,4,16384,,68.56,68.66,212.17,318.81,144.95,36.35,47.02,5296.12,25.65,0.0043798177995795,43.79817799579537,51.05274297836998,24.96168167035868,40.237051265731
Jean Zay H100,gpu_p6,ALIA-40b-instruct-2605,Text Generation,sharegpt,sglang,benchmark_serving.py,500,4,4,16,4,4,16384,,68.58,68.69,208.65,340.59,309.15,35.29,67.16,6582.54,32.33,0.0024295432458697,24.295432458697764,64.34397598138739,31.54823867721064,40.23283524633636
Jean Zay H100,gpu_p6,ALIA-40b-instruct-2605,Text Generation,sharegpt,sglang,benchmark_serving.py,1000,2,4,8,4,2,32768,,69.67,69.77,241.72,441.16,1597.68,24.28,34.95,8253.84,40.22,0.0006035330826659,6.035330826659263,80.04992604345762,34.146284957802415,40.19579852233652
Jean Zay H100,gpu_p6,ALIA-40b-instruct-2605,Text Generation,sonnet,vllm,benchmark_serving.py,250,2,4,8,4,2,16384,,72.01,72.01,212.81,281.42,299.57,45.65,45.65,5242.47,34.95,0.0025583953744211,25.583953744211637,69.43708346123675,24.634509656501105,40.19019573993281
Jean Zay H100,gpu_p6,ALIA-40b-instruct-2605,Text Generation,sharegpt,sglang,benchmark_serving.py,250,4,4,16,4,4,32768,,68.79,68.94,211.86,315.84,120.43,35.53,43.72,4815.28,23.47,0.0050080128205128,50.0801282051282,46.71232099199173,22.728594354762578,40.1825829205448
Jean Zay H100,gpu_p6,Llama-3.1-8B-Instruct,Text Generation,sonnet,vllm,benchmark_serving.py,150,2,4,8,4,2,16384,,73.06,73.31,171.99,277.49,359.79,26.3,26.3,5014.83,33.43,0.0024248890613254,24.24889061325444,66.41724748725304,29.15768358625501,40.15694570177415
Jean Zay H100,gpu_p6,ALIA-40b-instruct-2605,Text Generation,sharegpt,sglang,benchmark_serving.py,500,4,4,16,4,4,4096,,68.25,68.35,208.69,340.53,307.41,35.23,63.84,6587.29,31.99,0.0024601456406219,24.60145640621925,63.67079413470951,31.56495280080502,40.11335008017338
Jean Zay H100,gpu_p6,ALIA-40b-instruct-2605,Text Generation,sharegpt,sglang,benchmark_serving.py,500,4,4,16,4,4,32768,,68.88,68.98,207.91,340.32,312.52,35.09,66.34,6568.21,32.14,0.0024157506945283,24.157506945283245,63.96699247767163,31.591602135539414,40.07164248717727
Jean Zay H100,gpu_p6,ALIA-40b-instruct-2605,Text Generation,sonnet,vllm,benchmark_serving.py,300,2,4,8,4,2,16384,,72.01,72.01,206.05,291.83,324.56,47.24,47.24,5274.99,35.17,0.0023864070255822,23.864070255822835,69.87412744625398,25.60053385100704,40.06315805102837
Jean Zay H100,gpu_p6,Llama-3.1-8B-Instruct,Text Generation,sharegpt,vllm,benchmark_serving.py,150,1,4,4,1,1,4096,,18.83,73.89,128.97,598.09,191.98,25.84,27.43,4444.19,22.42,0.0040774719673802,40.774719673802245,44.61492711474698,34.459099015274866,40.0593915929947
Jean Zay H100,gpu_p6,ALIA-40b-instruct-2605,Text Generation,sonnet,vllm,benchmark_serving.py,250,2,4,8,4,2,4096,,72.01,72.01,214.04,280.81,302.61,45.63,45.63,5237.49,34.92,0.0025389087770076,25.389087770076426,69.37743870450136,24.46967856475425,40.05091614207781
Jean Zay H100,gpu_p6,Llama-3.1-8B-Instruct,Text Generation,sonnet,vllm,benchmark_serving.py,150,2,4,8,4,2,32768,,73.06,73.3,172.94,277.61,364.43,26.25,26.25,5013.9,33.43,0.0023984841580121,23.98484158012136,66.41716590751942,28.99213600092517,40.01416606609393
Jean Zay H100,gpu_p6,ALIA-40b-instruct-2605,Text Generation,sharegpt,sglang,benchmark_serving.py,300,4,4,16,4,4,32768,,68.85,68.97,210.71,319.67,152.7,36.35,47.42,5305.12,25.89,0.0042288662409607,42.28866240960799,51.52853091628041,25.177352759717145,39.95459861391154
Jean Zay H100,gpu_p6,Llama-3.1-8B-Instruct,Text Generation,sharegpt,vllm,benchmark_serving.py,150,1,4,4,1,1,16384,,18.83,73.89,129.81,600.72,192.71,25.88,27.3,4438.94,22.43,0.0040668591646671,40.66859164667128,44.63446170122631,34.19567059548571,39.94565272884061
Jean Zay H100,gpu_p6,Llama-3.1-8B-Instruct,Text Generation,sonnet,vllm,benchmark_serving.py,150,2,4,8,4,2,4096,,73.06,73.3,172.59,280.16,356.25,26.64,26.64,4959.79,33.07,0.00244182355383,24.418235538300006,65.7019244681405,28.73741236456341,39.83682635885007
Jean Zay H100,gpu_p6,ALIA-40b-instruct-2605,Text Generation,sonnet,vllm,benchmark_serving.py,300,2,4,8,4,2,32768,,72.01,72.01,209.97,284.07,326.07,47.26,47.26,5264.14,35.1,0.0023776124016262,23.776124016262877,69.73502389021822,25.070914892603707,39.81648305383676
Jean Zay H100,gpu_p6,Llama-3.1-8B-Instruct,Text Generation,sharegpt,vllm,benchmark_serving.py,150,1,4,4,1,1,32768,,18.83,73.89,127.52,594.64,192.41,26.22,27.7,4383.94,22.08,0.0040595948524337,40.59594852433728,43.93869986972369,34.3784504391468,39.74288459450771
Jean Zay H100,gpu_p6,ALIA-40b-instruct-2605,Text Generation,sonnet,vllm,benchmark_serving.py,300,2,4,8,4,2,4096,,72.01,72.01,213.77,292.14,325.65,47.41,47.41,5251.84,35.01,0.002378290960116,23.78290960116061,69.55632121206389,24.56771296252982,39.59700662450588
Jean Zay H100,gpu_p6,Mistral-7B-Instruct-v0.3,Text Generation,sharegpt,vllm,benchmark_serving.py,150,1,4,4,4,1,16384,,74.87,74.87,201.06,374.13,136.73,23.38,23.99,4561.78,19.83,0.0054318305268875,54.31830526887562,39.48834466486671,22.68865015418283,39.154629026810895
Jean Zay H100,gpu_p6,Llama-3.1-8B-Instruct,Text Generation,sharegpt,vllm,benchmark_serving.py,150,2,4,8,4,2,16384,,73.1,73.3,166.65,232.47,146.33,26.98,28.52,4163.37,21.08,0.0049546648169251,49.54664816925134,41.94761060593387,24.98271827182718,39.10251783054767
Jean Zay H100,gpu_p6,Llama-3.1-8B-Instruct,Text Generation,sharegpt,vllm,benchmark_serving.py,150,2,4,8,4,2,4096,,73.1,73.3,167.4,237.98,145.16,27.05,28.56,4149.06,20.97,0.0049808238282611,49.808238282611946,41.72909461083013,24.78530465949821,39.05399067480974
Jean Zay H100,gpu_p6,Mistral-7B-Instruct-v0.3,Text Generation,sharegpt,vllm,benchmark_serving.py,150,1,4,4,4,1,32768,,74.87,74.87,196.77,374.38,139.23,23.48,24.13,4549.61,19.77,0.0053521729822307,53.52172982230787,39.36892519335227,23.12146160491945,38.98169041889867
Jean Zay H100,gpu_p6,Llama-3.1-8B-Instruct,Text Generation,sharegpt,vllm,benchmark_serving.py,1000,4,4,16,4,4,32768,,73.3,73.3,146.92,183.59,1044.81,42.19,47.96,6405.6,32.31,0.0008810883202932,8.810883202932262,64.29569099288435,43.59923768037027,38.807991284296136
Jean Zay H100,gpu_p6,Mistral-7B-Instruct-v0.3,Text Generation,sharegpt,sglang,benchmark_serving.py,150,2,4,8,4,2,16384,,65.84,66.22,179.68,243.82,159.66,24.87,35.6,4903.16,21.53,0.0045427701812565,45.4277018125653,42.87174819125671,27.28829029385574,38.754065895333326
Jean Zay H100,gpu_p6,Llama-3.1-8B-Instruct,Text Generation,sharegpt,vllm,benchmark_serving.py,1000,4,4,16,4,4,16384,,73.3,73.3,147.5,183.6,1072.58,42.05,47.49,6396.38,32.3,0.0008604963342856,8.60496334285616,64.27542637057684,43.36528813559322,38.65622470595704
Jean Zay H100,gpu_p6,Llama-3.1-8B-Instruct,Text Generation,sharegpt,vllm,benchmark_serving.py,150,2,4,8,4,2,32768,,73.1,73.3,166.46,233.37,147.03,27.42,28.92,4097.21,20.7,0.0049171460884102,49.17146088410287,41.19188957505142,24.6137810885498,38.59994910444839
Jean Zay H100,gpu_p6,Llama-3.1-8B-Instruct,Text Generation,sharegpt,vllm,benchmark_serving.py,300,4,4,16,4,4,16384,,73.3,73.3,150.99,175.0,251.7,35.07,35.9,5070.04,25.56,0.003099141537794,30.991415377940317,50.86357736086035,33.5786475925558,38.57586476081008
Jean Zay H100,gpu_p6,Mistral-7B-Instruct-v0.3,Text Generation,sharegpt,vllm,benchmark_serving.py,150,1,4,4,4,1,4096,,74.87,74.87,200.6,376.07,144.91,23.24,23.95,4577.73,20.0,0.0052056220718375,52.05622071837585,39.826001091843146,22.820189431704883,38.54241603362002
Jean Zay H100,gpu_p6,Mistral-7B-Instruct-v0.3,Text Generation,sharegpt,sglang,benchmark_serving.py,150,4,4,16,4,4,16384,,66.27,67.01,160.45,206.14,168.41,25.48,37.29,4789.23,21.07,0.0043256337053378,43.25633705337832,41.95541903831362,29.8487379245871,38.523593207043135
Jean Zay H100,gpu_p6,Llama-3.1-8B-Instruct,Text Generation,sharegpt,vllm,benchmark_serving.py,1000,4,4,16,4,4,4096,,73.3,73.3,149.7,184.06,1011.85,42.77,49.93,6377.93,32.14,0.0009053460685346,9.053460685346971,63.95770099234486,42.60474281897128,38.45731267248603
Jean Zay H100,gpu_p6,Mistral-7B-Instruct-v0.3,Text Generation,sharegpt,sglang,benchmark_serving.py,150,4,4,16,4,4,4096,,65.96,66.76,157.24,206.75,164.71,25.84,38.62,4734.82,20.65,0.0043635728934851,43.635728934851855,41.12066020813925,30.11205800050877,38.45303086877978
Jean Zay H100,gpu_p6,Llama-3.1-8B-Instruct,Text Generation,sharegpt,vllm,benchmark_serving.py,300,4,4,16,4,4,32768,,73.3,73.3,150.19,173.97,253.44,35.24,36.07,5040.7,25.45,0.0030792917628945,30.79291762894534,50.64430188604759,33.56215460416805,38.428544108431375
Jean Zay H100,gpu_p6,Mistral-7B-Instruct-v0.3,Text Generation,sharegpt,sglang,benchmark_serving.py,150,4,4,16,4,4,32768,,66.48,67.29,157.65,207.48,171.12,25.51,37.9,4783.67,20.99,0.0042638468426214,42.638468426214125,41.7966030062481,30.34360926102125,38.41787925056396
Jean Zay H100,gpu_p6,Llama-3.1-8B-Instruct,Text Generation,sharegpt,vllm,benchmark_serving.py,300,4,4,16,4,4,4096,,73.3,73.3,147.6,174.56,257.03,35.8,36.73,4988.47,25.18,0.0030343488287413,30.34348828741352,50.10707751837484,33.797222222222224,38.16830348507916
Jean Zay H100,gpu_p6,Mistral-7B-Instruct-v0.3,Text Generation,sharegpt,vllm,benchmark_serving.py,1000,2,4,8,4,2,4096,,74.59,74.59,161.71,227.08,1156.45,30.92,32.26,7147.39,31.28,0.0008199207956511,8.199207956511401,62.28740398987556,44.19881268938223,38.10906812237389
Jean Zay H100,gpu_p6,Mistral-7B-Instruct-v0.3,Text Generation,sharegpt,vllm,benchmark_serving.py,1000,2,4,8,4,2,16384,,74.59,74.59,162.49,231.84,1146.9,30.94,32.29,7158.38,31.29,0.0008263574987811,8.263574987811227,62.30764699909731,44.05428026340082,38.091585159837166
Jean Zay H100,gpu_p6,Mistral-7B-Instruct-v0.3,Text Generation,sharegpt,vllm,benchmark_serving.py,1000,2,4,8,4,2,32768,,74.59,74.59,161.03,223.45,1166.73,31.1,31.92,7074.41,30.9,0.0008131734092295,8.131734092295181,61.53124043848894,43.93224864932,37.743730908249006
Jean Zay H100,gpu_p6,Llama-3.1-8B-Instruct,Text Generation,sharegpt,sglang,benchmark_serving.py,150,4,4,16,4,4,16384,,66.92,67.82,155.44,207.53,236.01,25.75,36.42,4810.24,24.27,0.0033536789858474,33.53678985847475,48.29632157136918,30.945959855892948,37.72596504003268
Jean Zay H100,gpu_p6,Llama-3.1-8B-Instruct,Text Generation,sharegpt,sglang,benchmark_serving.py,150,4,4,16,4,4,4096,,66.57,67.56,151.95,204.39,246.96,25.49,35.46,4833.64,24.39,0.0032477022506576,32.4770225065766,48.53509739544631,31.810727212898986,37.72355347481547
Jean Zay H100,gpu_p6,Llama-3.1-8B-Instruct,Text Generation,sharegpt,vllm,benchmark_serving.py,250,4,4,16,4,4,16384,,73.3,73.3,151.25,172.88,221.69,33.67,34.22,4681.7,23.6,0.0034532771600248,34.53277160024863,46.96326270375959,30.953388429752064,37.61373596088346
Jean Zay H100,gpu_p6,Llama-3.1-8B-Instruct,Text Generation,sharegpt,vllm,benchmark_serving.py,250,4,4,16,4,4,32768,,73.3,73.3,150.36,172.17,225.04,33.79,34.32,4657.8,23.5,0.003411222923418,34.11222923418046,46.76406126503322,30.97765363128492,37.41078793174383
Jean Zay H100,gpu_p6,Llama-3.1-8B-Instruct,Text Generation,sharegpt,vllm,benchmark_serving.py,250,4,4,16,4,4,4096,,73.3,73.3,150.02,171.06,224.56,33.99,34.55,4634.08,23.39,0.0034118048447628,34.118048447628794,46.54506897521616,30.88974803359552,37.31017929451785
Jean Zay H100,gpu_p6,ALIA-40b-instruct-2605,Text Generation,sharegpt,sglang,benchmark_serving.py,1000,4,4,16,4,4,32768,,68.88,68.99,206.53,341.05,1508.3,27.56,60.88,7227.05,35.22,0.0006262760374262,6.262760374262561,70.09838549103792,34.99273713261996,37.16046547664055
Jean Zay H100,gpu_p6,Llama-3.3-70B-Instruct,Text Generation,sharegpt,sglang,benchmark_serving.py,1000,4,4,16,4,4,16384,,68.63,68.73,256.53,450.33,1563.66,34.14,40.5,7654.65,37.51,0.0006103888176768,6.1038881767686,74.65417295012064,29.83920009355631,37.00628481308036
Jean Zay H100,gpu_p6,ALIA-40b-instruct-2605,Text Generation,sharegpt,sglang,benchmark_serving.py,1000,4,4,16,4,4,4096,,68.25,68.35,207.79,342.44,1584.8,27.06,57.43,7192.21,35.18,0.0005990570841495,5.990570841495486,70.01751608810373,34.61287838683286,36.918870639850255
Jean Zay H100,gpu_p6,ALIA-40b-instruct-2605,Text Generation,sharegpt,sglang,benchmark_serving.py,1000,4,4,16,4,4,16384,,68.59,68.69,208.34,339.27,1541.4,27.19,57.85,7214.02,35.08,0.0006148397727552,6.1483977275522,69.82048022513139,34.62618796198522,36.90979865174769
Jean Zay H100,gpu_p6,Llama-3.1-8B-Instruct,Text Generation,sharegpt,sglang,benchmark_serving.py,150,4,4,16,4,4,32768,,67.13,68.1,155.7,208.9,252.77,25.93,37.15,4774.63,24.13,0.0031660598385309,31.660598385309484,48.017330268652735,30.665574823378293,36.90347968582821
Jean Zay H100,gpu_p6,ALIA-40b-instruct-2605,Text Generation,sharegpt,sglang,benchmark_serving.py,300,4,4,16,4,4,4096,,68.23,68.35,210.84,317.2,215.04,36.29,46.84,5273.21,25.79,0.0033537914612469,33.5379146124694,51.32896240800152,25.010481881995823,36.85809238919877
Jean Zay H100,gpu_p6,Llama-3.1-8B-Instruct,Text Generation,sonnet,vllm,benchmark_serving.py,150,1,4,4,1,1,16384,,18.83,73.89,128.17,678.83,691.62,27.12,27.12,4567.79,30.45,0.0013407341860402,13.407341860402756,60.49671417759839,35.63852695638605,36.531707678963926
Jean Zay H100,gpu_p6,Mistral-7B-Instruct-v0.3,Text Generation,sharegpt,vllm,benchmark_serving.py,150,1,4,4,1,1,4096,,18.87,74.25,128.55,626.91,214.85,25.56,26.68,4337.69,18.89,0.0037440563106069,37.44056310606911,37.6161870549835,33.74321275768183,36.31712313721608
Jean Zay H100,gpu_p6,Mistral-7B-Instruct-v0.3,Text Generation,sharegpt,vllm,benchmark_serving.py,150,1,4,4,1,1,16384,,18.87,74.24,123.98,620.36,214.83,26.0,27.09,4238.6,18.53,0.003732457449985,37.3245744998507,36.89868902288631,34.18777222132602,36.17599670855491
Jean Zay H100,gpu_p6,Mistral-7B-Instruct-v0.3,Text Generation,sharegpt,vllm,benchmark_serving.py,150,1,4,4,1,1,32768,,18.88,74.25,128.23,633.83,212.36,25.73,26.82,4284.96,18.63,0.0037748669359405,37.74866935940508,37.09870354750336,33.416205256180305,36.14129247032657
Jean Zay H100,gpu_p6,Llama-3.1-8B-Instruct,Text Generation,sonnet,vllm,benchmark_serving.py,150,1,4,4,1,1,32768,,18.83,73.89,133.4,682.45,710.71,26.87,26.87,4587.87,30.59,0.0013081300281247,13.081300281247955,60.77477916881385,34.39182908545727,36.116452320367344
Jean Zay H100,gpu_p6,Llama-3.3-70B-Instruct,Text Generation,sharegpt,sglang,benchmark_serving.py,1000,2,4,8,4,2,32768,,69.79,69.89,296.1,569.66,1538.51,35.94,43.47,7729.13,37.83,0.0006180775316455,6.180775316455695,75.29148802105328,26.103107058426207,36.05356379344944
Jean Zay H100,gpu_p6,Llama-3.3-70B-Instruct,Text Generation,sharegpt,sglang,benchmark_serving.py,1000,2,4,8,4,2,4096,,69.17,69.28,305.02,560.2,1565.69,35.98,43.54,7723.76,37.86,0.0006078251408634,6.078251408634763,75.35064937474394,25.32214281030752,35.78891196564717
Jean Zay H100,gpu_p6,Llama-3.3-70B-Instruct,Text Generation,sharegpt,sglang,benchmark_serving.py,1000,4,4,16,4,4,32768,,68.91,69.01,251.81,438.84,1563.36,34.32,39.94,7341.04,35.94,0.0006106422735433,6.106422735433129,71.5298069399673,29.15309161669513,35.72530740697859
Jean Zay H100,gpu_p6,Llama-3.1-8B-Instruct,Text Generation,sonnet,vllm,benchmark_serving.py,150,1,4,4,1,1,4096,,18.83,73.89,137.53,674.92,695.28,27.14,27.14,4565.91,30.44,0.0013341160147286,13.341160147286407,60.47681329750781,33.19937468188758,35.72191086943406
Jean Zay H100,gpu_p6,Mistral-7B-Instruct-v0.3,Text Generation,sharegpt,vllm,benchmark_serving.py,500,4,4,16,4,4,32768,,74.59,74.59,148.46,181.96,438.49,38.43,39.57,5669.1,24.84,0.0019361459079556,19.361459079556237,49.463269370594,38.18604337868786,35.61994155423119
Jean Zay H100,gpu_p6,Llama-3.3-70B-Instruct,Text Generation,sharegpt,sglang,benchmark_serving.py,1000,4,4,16,4,4,4096,,68.31,68.41,256.82,446.15,1593.45,34.04,38.96,7352.38,35.9,0.0006000780101413,6.000780101413183,71.45112042315667,28.628533603301925,35.494776931410364
Jean Zay H100,gpu_p6,Llama-3.3-70B-Instruct,Text Generation,sharegpt,sglang,benchmark_serving.py,1000,2,4,8,4,2,16384,,69.52,69.62,294.03,565.56,1559.75,37.0,50.87,7569.01,36.96,0.0006069360653548,6.069360653548756,73.56079753141283,25.742305206951677,35.31179144911148
Jean Zay H100,gpu_p6,Mistral-7B-Instruct-v0.3,Text Generation,sharegpt,vllm,benchmark_serving.py,500,4,4,16,4,4,16384,,74.59,74.59,147.05,179.74,436.07,38.7,39.94,5559.2,24.38,0.0019428416001243,19.428416001243416,48.54709559100076,37.804828289697376,35.20921899406618
Jean Zay H100,gpu_p6,Llama-3.3-70B-Instruct,Text Generation,sharegpt,sglang,benchmark_serving.py,500,4,4,16,4,4,16384,,68.63,68.73,259.58,434.64,306.63,47.6,60.58,5940.7,29.05,0.0024107422675441,24.107422675441768,57.817273755182384,22.88581554819324,35.17785776183405
Jean Zay H100,gpu_p6,ALIA-40b-instruct-2605,Text Generation,sonnet,vllm,benchmark_serving.py,250,4,4,16,4,4,4096,,72.01,72.01,157.45,205.09,476.96,52.61,52.61,4484.78,29.9,0.0017176818166202,17.176818166202892,59.403954211594176,28.483836138456653,35.152290172757134
Jean Zay H100,gpu_p6,Mistral-7B-Instruct-v0.3,Text Generation,sharegpt,vllm,benchmark_serving.py,300,4,4,16,4,4,32768,,74.59,74.59,146.56,174.19,261.87,34.34,34.43,4803.55,21.15,0.0030244374546334,30.244374546334377,42.1145698178125,32.77531386462882,35.09014152049116
Jean Zay H100,gpu_p6,Llama-3.3-70B-Instruct,Text Generation,sonnet,vllm,benchmark_serving.py,500,2,4,8,4,2,16384,,73.73,73.73,220.91,310.39,653.42,90.69,90.69,5207.78,34.72,0.0011978917105893,11.978917105893627,68.98011315212207,23.57421574396813,35.069819325795144
Jean Zay H100,gpu_p6,Mistral-7B-Instruct-v0.3,Text Generation,sharegpt,vllm,benchmark_serving.py,500,4,4,16,4,4,4096,,74.59,74.59,151.99,185.55,431.02,38.48,39.71,5606.46,24.49,0.0019638263192003,19.6382631920033,48.766977295127816,36.88703204158168,35.06163201893072
Jean Zay H100,gpu_p6,Llama-3.3-70B-Instruct,Text Generation,sharegpt,sglang,benchmark_serving.py,500,4,4,16,4,4,32768,,68.91,69.01,255.97,424.03,313.63,47.78,60.57,5918.89,28.83,0.0023697805583203,23.697805583203,57.38050839649479,23.12337383287104,34.96610637961599
Jean Zay H100,gpu_p6,Mistral-7B-Instruct-v0.3,Text Generation,sharegpt,vllm,benchmark_serving.py,150,2,4,8,4,2,32768,,74.41,74.59,167.15,251.93,158.88,27.21,28.13,3922.35,17.1,0.0046680982167864,46.68098216786481,34.05154780489663,23.466048459467544,34.9581956977685
Jean Zay H100,gpu_p6,Llama-3.3-70B-Instruct,Text Generation,sharegpt,sglang,benchmark_serving.py,500,4,4,16,4,4,4096,,68.3,68.41,255.74,429.1,316.21,47.84,60.83,5903.2,28.86,0.0023536057239691,23.53605723969121,57.43918706149297,23.082818487526392,34.91808497841107
Jean Zay H100,gpu_p6,ALIA-40b-instruct-2605,Text Generation,sonnet,vllm,benchmark_serving.py,250,4,4,16,4,4,16384,,72.01,72.01,169.63,206.67,467.22,52.32,52.32,4515.41,30.1,0.0017486797467911,17.48679746791172,59.801360463402354,26.619171137180924,34.79610846054469
Jean Zay H100,gpu_p6,Llama-3.3-70B-Instruct,Text Generation,sonnet,vllm,benchmark_serving.py,500,2,4,8,4,2,4096,,73.73,73.73,229.75,312.03,650.1,90.77,90.77,5201.79,34.68,0.0012024433649175,12.024433649175124,68.9006438306722,22.641088139281827,34.75967454771828
Jean Zay H100,gpu_p6,Mistral-7B-Instruct-v0.3,Text Generation,sharegpt,vllm,benchmark_serving.py,300,4,4,16,4,4,4096,,74.59,74.59,149.93,176.07,260.35,34.42,34.5,4788.33,20.98,0.0030370212895192,30.37021289519239,41.77695486462715,31.9371039818582,34.749910312533274
Jean Zay H100,gpu_p6,ALIA-40b-instruct-2605,Text Generation,sonnet,vllm,benchmark_serving.py,300,4,4,16,4,4,16384,,72.01,72.01,169.45,213.54,480.19,54.32,54.33,4520.39,30.14,0.0016982541946878,16.98254194687861,59.88074118838905,26.676836825022136,34.67010404999809
Jean Zay H100,gpu_p6,Llama-3.3-70B-Instruct,Text Generation,sonnet,vllm,benchmark_serving.py,500,2,4,8,4,2,32768,,73.73,73.73,227.55,310.96,649.16,91.51,91.51,5172.88,34.49,0.0012016631017327,12.016631017327985,68.52312441789233,22.732937815864645,34.6580569490516
Jean Zay H100,gpu_p6,Mistral-7B-Instruct-v0.3,Text Generation,sharegpt,vllm,benchmark_serving.py,150,2,4,8,4,2,16384,,74.41,74.59,167.37,248.07,163.9,27.17,28.1,3911.19,17.12,0.0045626682483916,45.6266824839166,34.09077837543371,23.368524825237497,34.581864636255105
Jean Zay H100,gpu_p6,Llama-3.3-70B-Instruct,Text Generation,sharegpt,sglang,benchmark_serving.py,500,2,4,8,4,2,16384,,69.52,69.62,304.74,536.2,326.78,47.76,62.5,6119.68,29.96,0.0022881200805418,22.88120080541827,59.62807995264764,20.081643368117085,34.47928133553988
Jean Zay H100,gpu_p6,Mistral-7B-Instruct-v0.3,Text Generation,sharegpt,vllm,benchmark_serving.py,150,2,4,8,4,2,4096,,74.41,74.59,167.25,247.24,164.05,27.31,28.28,3890.88,17.06,0.0045529047532325,45.52904753232562,33.97105011847674,23.263856502242152,34.47446728199029
Jean Zay H100,gpu_p6,ALIA-40b-instruct-2605,Text Generation,sonnet,vllm,benchmark_serving.py,300,4,4,16,4,4,4096,,72.01,72.01,168.3,207.66,488.31,54.68,54.68,4485.34,29.9,0.0016731641206685,16.731641206685964,59.40400333094143,26.65086155674391,34.41439484095137
Jean Zay H100,gpu_p6,ALIA-40b-instruct-2605,Text Generation,sonnet,vllm,benchmark_serving.py,250,4,4,16,4,4,32768,,72.01,72.01,170.26,206.2,482.22,52.63,52.64,4482.83,29.89,0.0017021566324533,17.021566324533183,59.38404718218723,26.329319863737812,34.40329094868105
Jean Zay H100,gpu_p6,Llama-3.3-70B-Instruct,Text Generation,sharegpt,sglang,benchmark_serving.py,500,2,4,8,4,2,4096,,69.17,69.27,305.41,540.09,332.39,47.74,61.04,6101.39,29.96,0.0022666999115987,22.666999115987032,59.627209146435945,19.97770210536656,34.37289548294111
Jean Zay H100,gpu_p6,Llama-3.3-70B-Instruct,Text Generation,sharegpt,sglang,benchmark_serving.py,250,2,4,8,4,2,4096,,69.16,69.27,307.52,494.43,117.95,44.13,49.34,4202.19,20.53,0.0047299214833033,47.29921483303377,40.86037468740528,13.6647697710718,34.34698676369226
Jean Zay H100,gpu_p6,Llama-3.3-70B-Instruct,Text Generation,sharegpt,sglang,benchmark_serving.py,250,2,4,8,4,2,16384,,69.5,69.62,310.82,491.2,121.49,43.61,48.48,4244.68,20.72,0.004682086337672,46.820863376720666,41.2386972382426,13.65639276751818,34.31029629469333
Jean Zay H100,gpu_p6,Llama-3.3-70B-Instruct,Text Generation,sharegpt,sglang,benchmark_serving.py,250,2,4,8,4,2,32768,,69.78,69.89,310.83,490.32,118.79,44.1,48.73,4190.84,20.46,0.0047254512805972,47.254512805972965,40.72119602023129,13.482739761284304,34.22621772452043
Jean Zay H100,gpu_p6,ALIA-40b-instruct-2605,Text Generation,sonnet,vllm,benchmark_serving.py,300,4,4,16,4,4,32768,,72.01,72.01,169.01,216.69,505.08,54.6,54.6,4483.51,29.89,0.0016279221202057,16.279221202057695,59.384106837417455,26.52807526181883,34.214515617203574
Jean Zay H100,gpu_p6,Llama-3.3-70B-Instruct,Text Generation,sharegpt,sglang,benchmark_serving.py,300,2,4,8,4,2,16384,,69.52,69.62,310.08,503.95,147.04,45.43,51.25,4653.0,22.74,0.0041030690956835,41.03069095683571,45.25881250882213,15.005804953560371,34.14028876346299
Jean Zay H100,gpu_p6,Mistral-7B-Instruct-v0.3,Text Generation,sharegpt,vllm,benchmark_serving.py,300,4,4,16,4,4,16384,,74.59,74.59,148.89,173.19,262.05,34.5,34.57,4669.68,20.37,0.0030200531529354,30.200531529354915,40.56305651325679,31.36328833366916,34.09587220126211
Jean Zay H100,gpu_p6,Mistral-7B-Instruct-v0.3,Text Generation,sharegpt,vllm,benchmark_serving.py,250,4,4,16,4,4,32768,,74.59,74.59,145.32,172.23,235.33,33.13,32.99,4412.23,19.28,0.0033172997180295,33.17299718029523,38.39223849207156,30.36216625378475,34.04807332981584
Jean Zay H100,gpu_p6,Llama-3.3-70B-Instruct,Text Generation,sharegpt,sglang,benchmark_serving.py,300,2,4,8,4,2,4096,,69.17,69.27,302.42,505.08,148.23,45.87,51.77,4621.36,22.6,0.0040671899784438,40.671899784438935,44.98003255841997,15.281264466635802,34.011661625895485
Jean Zay H100,gpu_p6,Llama-3.3-70B-Instruct,Text Generation,sharegpt,sglang,benchmark_serving.py,500,2,4,8,4,2,32768,,69.79,69.89,303.37,537.25,344.68,48.21,61.51,6072.08,29.64,0.0022007042253521,22.007042253521128,58.99203870384088,20.01542670666183,33.94462407163488
Jean Zay H100,gpu_p6,Llama-3.3-70B-Instruct,Text Generation,sonnet,vllm,benchmark_serving.py,500,1,4,4,4,1,16384,,75.11,75.11,334.44,494.24,639.45,86.82,86.82,5424.63,36.16,0.0012298761514715,12.29876151471547,71.84111485700787,16.220039468963044,33.79797059645411
Jean Zay H100,gpu_p6,Llama-3.3-70B-Instruct,Text Generation,sharegpt,sglang,benchmark_serving.py,300,2,4,8,4,2,32768,,69.79,69.89,307.68,508.12,148.24,46.28,52.4,4585.55,22.42,0.0040498947027377,40.49894702737728,44.62183173935595,14.903633645345812,33.71022754719996
Jean Zay H100,gpu_p6,Mistral-7B-Instruct-v0.3,Text Generation,sharegpt,vllm,benchmark_serving.py,250,4,4,16,4,4,16384,,74.59,74.59,150.11,170.86,230.32,33.08,32.91,4359.22,19.01,0.003374843913469,33.74843913469003,37.85491954511298,29.040170541602823,33.637996524445924
Jean Zay H100,gpu_p6,Llama-3.3-70B-Instruct,Text Generation,sonnet,vllm,benchmark_serving.py,500,1,4,4,4,1,32768,,75.11,75.11,332.38,495.65,656.42,87.17,87.17,5401.98,36.01,0.0012037170783379,12.037170783379077,71.54308845731603,16.25242192671039,33.61806315838366
Jean Zay H100,gpu_p6,Mistral-7B-Instruct-v0.3,Text Generation,sharegpt,vllm,benchmark_serving.py,250,4,4,16,4,4,4096,,74.59,74.59,151.68,174.87,230.73,33.2,33.05,4363.78,18.95,0.0033672301165061,33.67230116506162,37.73612839485891,28.76964662447257,33.485152970204204
Jean Zay H100,gpu_p6,Llama-3.3-70B-Instruct,Text Generation,sonnet,vllm,benchmark_serving.py,500,1,4,4,4,1,4096,,75.11,75.11,332.28,493.28,643.4,88.1,88.1,5345.86,35.64,0.0012201073694485,12.201073694485116,70.80793473938493,16.088419405320813,33.371357077218484
Jean Zay H100,gpu_p6,Llama-3.3-70B-Instruct,Text Generation,sonnet,vllm,benchmark_serving.py,500,4,4,16,4,4,4096,,73.72,73.72,165.38,212.64,886.11,100.37,100.37,4660.95,31.07,0.0009200901688365,9.20090168836546,61.728516289359376,28.183274882089734,33.13465007469516
Jean Zay H100,gpu_p6,ALIA-40b-instruct-2605,Text Generation,sonnet,sglang,benchmark_serving.py,150,2,4,8,4,2,32768,,69.04,70.39,261.46,591.83,860.86,22.51,22.51,5117.92,34.12,0.0011038989711661,11.03898971166159,67.78807245285363,19.57438996404804,33.06500592443055
Jean Zay H100,gpu_p6,ALIA-40b-instruct-2605,Text Generation,sonnet,sglang,benchmark_serving.py,150,2,4,8,4,2,16384,,68.68,70.08,261.22,587.33,877.61,22.52,22.52,5100.13,34.0,0.0010838346068389,10.838346068389964,67.54968027689209,19.524270729653164,32.89969559088492
Jean Zay H100,gpu_p6,Llama-3.1-8B-Instruct,Text Generation,sonnet,vllm,benchmark_serving.py,150,4,4,16,4,4,4096,,72.99,73.33,144.22,205.83,511.29,32.48,32.48,4007.98,26.72,0.0017353579175704,17.35357917570499,53.08609096091406,27.790736374982664,32.84252348644493
Jean Zay H100,gpu_p6,Llama-3.1-8B-Instruct,Text Generation,sonnet,vllm,benchmark_serving.py,150,4,4,16,4,4,16384,,73.01,73.32,148.9,208.62,513.45,32.16,32.16,4041.56,26.94,0.0017307925298994,17.30792529899441,53.523227921838526,27.142780389523168,32.76828181973062
Jean Zay H100,gpu_p6,ALIA-40b-instruct-2605,Text Generation,sonnet,sglang,benchmark_serving.py,150,2,4,8,4,2,4096,,68.34,69.73,260.0,599.68,878.45,22.71,22.71,5067.57,33.78,0.0010824033684392,10.824033684392823,67.11263277367755,19.490653846153844,32.73547582651316
Jean Zay H100,gpu_p6,Llama-3.1-8B-Instruct,Text Generation,sonnet,vllm,benchmark_serving.py,150,4,4,16,4,4,32768,,73.01,73.32,151.09,210.97,509.62,32.22,32.22,4035.43,26.9,0.001741978190433,17.419781904330556,53.44374632292305,26.70878284466212,32.640410107558104
Jean Zay H100,gpu_p6,Llama-3.3-70B-Instruct,Text Generation,sonnet,vllm,benchmark_serving.py,500,4,4,16,4,4,16384,,73.73,73.73,175.7,214.28,899.87,100.57,100.57,4645.03,30.97,0.0009082569640602,9.08256964060272,61.52976009409752,26.437279453614117,32.4681215349546
Jean Zay H100,gpu_p6,Mistral-7B-Instruct-v0.3,Text Generation,sharegpt,vllm,benchmark_serving.py,1000,4,4,16,4,4,16384,,74.59,74.59,146.76,182.88,1123.92,40.01,43.69,5780.04,25.13,0.0008280750567231,8.280750567231413,50.04242948957567,39.38430089942764,32.43285750713125
Jean Zay H100,gpu_p6,Llama-3.3-70B-Instruct,Text Generation,sonnet,vllm,benchmark_serving.py,500,4,4,16,4,4,32768,,73.73,73.73,176.97,215.5,886.79,100.83,100.83,4638.47,30.92,0.0009187376544627,9.187376544627682,61.43050479827129,26.21048765327457,32.39743570563351
Jean Zay H100,gpu_p6,Mistral-7B-Instruct-v0.3,Text Generation,sharegpt,vllm,benchmark_serving.py,1000,4,4,16,4,4,32768,,74.59,74.59,148.22,183.54,1137.39,39.94,43.85,5762.89,25.16,0.0008188800995758,8.1888009957582,50.1012646400774,38.88065038456349,32.260430439244416
Jean Zay H100,gpu_p6,ALIA-40b-instruct-2605,Text Generation,sonnet,sglang,benchmark_serving.py,150,4,4,16,4,4,4096,,67.51,68.88,216.11,449.97,725.04,26.2,26.2,4657.58,31.05,0.0012862728956575,12.862728956575427,61.688748738970666,21.55189486835408,32.24410877435898
Jean Zay H100,gpu_p6,ALIA-40b-instruct-2605,Text Generation,sonnet,sglang,benchmark_serving.py,150,4,4,16,4,4,16384,,67.8,68.97,221.98,448.62,729.5,26.02,26.02,4681.18,31.21,0.001279525040305,12.795250403050389,62.0065944457059,21.088296242904768,32.180882046306664
Jean Zay H100,gpu_p6,ALIA-40b-instruct-2605,Text Generation,sharegpt,sglang,benchmark_serving.py,150,1,4,4,4,1,32768,,70.3,70.63,331.49,645.91,212.91,25.65,42.43,4712.56,22.76,0.0035588455105163,35.58845510516388,45.30121115362848,14.21629611752994,32.05170128559899
Jean Zay H100,gpu_p6,Llama-3.3-70B-Instruct,Text Generation,sharegpt,sglang,benchmark_serving.py,300,4,4,16,4,4,16384,,68.61,68.73,262.48,403.65,186.79,46.8,51.9,4434.01,21.7,0.0035027496584819,35.02749658481909,43.18863525678287,16.8927537336178,31.999166020902365
Jean Zay H100,gpu_p6,ALIA-40b-instruct-2605,Text Generation,sonnet,sglang,benchmark_serving.py,150,4,4,16,4,4,32768,,68.27,69.53,223.73,450.89,727.8,26.24,26.24,4651.25,31.01,0.0012815912236633,12.815912236633004,61.60924959314519,20.789567782595093,31.957216712555017
Jean Zay H100,gpu_p6,ALIA-40b-instruct-2605,Text Generation,sharegpt,sglang,benchmark_serving.py,150,1,4,4,4,1,16384,,70.03,70.36,334.88,647.49,216.54,25.66,44.33,4729.56,22.99,0.0034900359473702,34.90035947370258,45.75757620645759,14.123148590539897,31.943105680227227
Jean Zay H100,gpu_p6,Mistral-7B-Instruct-v0.3,Text Generation,sharegpt,vllm,benchmark_serving.py,1000,4,4,16,4,4,4096,,74.59,74.59,151.91,187.34,1196.27,39.76,42.96,5738.47,25.08,0.0007818669418838,7.818669418838303,49.94172952433829,37.77545915344612,31.726682569782803
Jean Zay H100,gpu_p6,ALIA-40b-instruct-2605,Text Generation,sonnet,sglang,benchmark_serving.py,150,1,4,4,4,1,16384,,70.13,70.6,335.01,658.31,1126.36,19.9,19.9,5276.08,35.17,0.0008575152637716,8.57515263771695,69.87422305483643,15.749022417241276,31.712474908985364
Jean Zay H100,gpu_p6,gemma-3-12b-it,Text Generation,sonnet,vllm,benchmark_serving.py,500,2,4,8,4,2,4096,,71.7,71.7,168.59,215.23,704.17,109.63,109.63,4371.75,29.15,0.0010829191167711,10.829191167711684,57.91384148696857,25.931253336496827,31.670632170270277
Jean Zay H100,gpu_p6,Llama-3.3-70B-Instruct,Text Generation,sharegpt,sglang,benchmark_serving.py,1000,1,4,4,4,1,32768,,71.35,72.35,357.81,689.28,2062.75,47.38,74.17,7110.7,34.83,0.0004578125715332,4.578125715332143,69.32045096724806,19.872837539476254,31.484824084709675
Jean Zay H100,gpu_p6,gemma-3-12b-it,Text Generation,sonnet,vllm,benchmark_serving.py,500,2,4,8,4,2,32768,,71.7,71.7,174.22,223.33,700.01,109.59,109.59,4373.12,29.15,0.0010879143593816,10.879143593816297,57.91396166068869,25.101136494087932,31.42201946463984
Jean Zay H100,gpu_p6,gemma-3-12b-it,Text Generation,sonnet,vllm,benchmark_serving.py,500,2,4,8,4,2,16384,,71.7,71.7,175.87,222.0,695.32,109.46,109.46,4380.91,29.21,0.0010938046902345,10.938046902345116,58.03306082374177,24.909933473588445,31.421355338417847
Jean Zay H100,gpu_p6,ALIA-40b-instruct-2605,Text Generation,sonnet,sglang,benchmark_serving.py,150,1,4,4,4,1,32768,,70.43,70.87,362.38,653.34,1121.11,20.06,20.06,5253.04,35.02,0.0008611558433729,8.611558433729753,69.57616244898887,14.495943484739776,31.222527015241063
Jean Zay H100,gpu_p6,gemma-3-12b-it,Text Generation,sonnet,vllm,benchmark_serving.py,500,1,4,4,4,1,4096,,75.27,75.27,216.36,301.89,664.12,106.12,106.12,4521.23,30.14,0.0011410835729608,11.410835729608836,59.880814875521,20.896792383065257,30.926134768325024
Jean Zay H100,gpu_p6,gemma-3-12b-it,Text Generation,sonnet,vllm,benchmark_serving.py,500,1,4,4,4,1,16384,,75.27,75.27,215.24,294.83,666.96,106.31,106.31,4513.69,30.09,0.0011369062507105,11.369062507105664,59.78147361888119,20.970498048689837,30.90174165841628
Jean Zay H100,gpu_p6,gemma-3-12b-it,Text Generation,sonnet,vllm,benchmark_serving.py,500,1,4,4,4,1,32768,,75.27,75.27,216.75,303.32,671.07,106.57,106.57,4498.61,29.99,0.0011309530541387,11.309530541387227,59.58279110541889,20.754832756632062,30.74493584203634
Jean Zay H100,gpu_p6,Llama-3.3-70B-Instruct,Text Generation,sharegpt,sglang,benchmark_serving.py,1000,1,4,4,4,1,16384,,71.11,71.99,379.7,694.59,2175.84,46.76,70.69,7007.5,34.43,0.0004360547510345,4.360547510345398,68.5233238614982,18.455359494337635,30.686231304614864
Jean Zay H100,gpu_p6,Llama-3.3-70B-Instruct,Text Generation,sharegpt,sglang,benchmark_serving.py,300,4,4,16,4,4,4096,,68.3,68.4,260.33,400.81,215.38,47.4,52.46,4351.73,21.24,0.0031721862707778,31.721862707778207,42.2736699314196,16.716206353474437,30.50766713043908
Jean Zay H100,gpu_p6,Llama-3.3-70B-Instruct,Text Generation,sharegpt,sglang,benchmark_serving.py,250,4,4,16,4,4,16384,,68.58,68.7,263.85,394.86,186.74,45.57,48.95,3976.83,19.51,0.0035554291402972,35.55429140297234,38.82950564766762,15.072313814667424,30.113631417911165
Jean Zay H100,gpu_p6,Llama-3.3-70B-Instruct,Text Generation,sharegpt,sglang,benchmark_serving.py,300,4,4,16,4,4,32768,,68.9,69.01,260.87,397.4,237.12,47.04,51.98,4384.29,21.37,0.0029749509133099,29.7495091330993,42.53268627175043,16.806416989305017,29.953999874226515
Jean Zay H100,gpu_p6,Llama-3.3-70B-Instruct,Text Generation,sharegpt,sglang,benchmark_serving.py,250,4,4,16,4,4,4096,,68.27,68.39,261.88,392.79,192.22,45.43,49.04,3966.71,19.33,0.0034880881788691,34.88088178869162,38.47252124915956,15.147052084924391,29.78721370004521
Jean Zay H100,gpu_p6,Llama-3.3-70B-Instruct,Text Generation,sharegpt,sglang,benchmark_serving.py,500,1,4,4,4,1,16384,,70.31,70.41,407.96,687.17,574.29,51.62,65.4,6027.85,29.4,0.001446529053536,14.465290535360404,58.51460316150067,14.775590744190607,29.541352895073764
Jean Zay H100,gpu_p6,Llama-3.3-70B-Instruct,Text Generation,sharegpt,sglang,benchmark_serving.py,250,4,4,16,4,4,32768,,68.86,68.99,259.76,388.0,205.37,45.78,48.72,3954.46,19.35,0.003334778403975,33.34778403975056,38.51155490574537,15.223514012935018,29.303699725607828
Jean Zay H100,gpu_p6,Llama-3.3-70B-Instruct,Text Generation,sharegpt,sglang,benchmark_serving.py,250,1,4,4,4,1,16384,,70.31,70.41,442.6,683.77,219.01,41.88,46.4,4510.3,22.03,0.0032542549383318,32.54254938331869,43.845840439685546,10.190465431540895,29.23300147791453
Jean Zay H100,gpu_p6,gemma-3-12b-it,Text Generation,sonnet,vllm,benchmark_serving.py,500,4,4,16,4,4,32768,,71.7,71.7,151.0,179.36,956.17,119.64,119.64,3966.05,26.44,0.0008365050817683,8.365050817683716,52.52980571022095,26.265231788079472,29.109125391673015
Jean Zay H100,gpu_p6,Llama-3.1-8B-Instruct,Text Generation,sharegpt,vllm,benchmark_serving.py,150,4,4,16,4,4,16384,,73.06,73.3,148.43,183.42,247.14,34.1,36.11,3280.36,16.56,0.0031510950055144,31.51095005514416,32.95364255122963,22.100384019403087,28.990084372376074
Jean Zay H100,gpu_p6,gemma-3-12b-it,Text Generation,sonnet,vllm,benchmark_serving.py,500,4,4,16,4,4,16384,,71.66,71.66,155.74,183.56,961.74,118.95,118.95,3986.5,26.58,0.0008335834083558,8.3358340835584,52.80790315667767,25.59714909464492,28.97995837196664
Jean Zay H100,gpu_p6,Llama-3.1-8B-Instruct,Text Generation,sharegpt,vllm,benchmark_serving.py,150,4,4,16,4,4,32768,,73.07,73.3,149.28,182.29,246.03,34.22,36.24,3273.16,16.51,0.0031596574931277,31.59657493127745,32.854281189298625,21.92631296891747,28.92971123104946
Jean Zay H100,gpu_p6,Llama-3.3-70B-Instruct,Text Generation,sharegpt,sglang,benchmark_serving.py,500,1,4,4,4,1,32768,,70.59,70.69,405.75,689.9,640.76,52.29,67.74,5954.76,29.14,0.0013144231653938,13.144231653938668,57.99619191497184,14.675933456561925,28.88404271952939
Jean Zay H100,gpu_p6,gemma-3-12b-it,Text Generation,sonnet,vllm,benchmark_serving.py,500,4,4,16,4,4,4096,,71.7,71.7,156.42,182.5,982.21,119.64,119.64,3959.89,26.4,0.0008186722773006,8.186722773006736,52.45032147686194,25.315752461322084,28.717635832578416
Jean Zay H100,gpu_p6,Llama-3.3-70B-Instruct,Text Generation,sharegpt,sglang,benchmark_serving.py,250,1,4,4,4,1,32768,,70.59,70.69,444.23,687.4,228.89,42.34,47.78,4463.71,21.82,0.0031346979718504,31.346979718504123,43.42771186459572,10.048195754451523,28.638817779678437
Jean Zay H100,gpu_p6,Llama-3.1-8B-Instruct,Text Generation,sharegpt,vllm,benchmark_serving.py,150,4,4,16,4,4,4096,,73.07,73.3,148.18,180.49,253.42,34.47,36.67,3251.74,16.39,0.0030810944047325,30.81094404732561,32.61560500959264,21.944526926710758,28.58727529589965
Jean Zay H100,gpu_p6,ALIA-40b-instruct-2605,Text Generation,sharegpt,vllm,benchmark_serving.py,250,1,4,4,4,1,32768,,75.48,75.48,250.37,398.4,185.57,41.5,43.1,3428.6,16.68,0.0037013732094607,37.01373209460709,33.19849068871035,13.69413268362823,28.25427820508897
Jean Zay H100,gpu_p6,ALIA-40b-instruct-2605,Text Generation,sharegpt,vllm,benchmark_serving.py,250,1,4,4,4,1,4096,,75.48,75.48,269.92,394.41,188.16,41.32,42.93,3529.51,17.01,0.0036709371902646,36.70937190264675,33.85683154190588,13.076133669235327,28.1768719453032
Jean Zay H100,gpu_p6,ALIA-40b-instruct-2605,Text Generation,sharegpt,vllm,benchmark_serving.py,250,1,4,4,4,1,16384,,75.48,75.48,269.61,398.21,185.68,41.15,42.78,3445.22,16.82,0.003709061236601,37.09061236601016,33.47656318240113,12.778531953562553,28.08196991159986
Jean Zay H100,gpu_p6,ALIA-40b-instruct-2605,Text Generation,sharegpt,vllm,benchmark_serving.py,250,2,4,8,4,2,16384,,71.91,71.91,190.79,255.12,195.68,44.46,46.11,3213.24,15.5,0.0034934497816593,34.93449781659389,30.851180336601896,16.841763195136014,27.75649479453009
Jean Zay H100,gpu_p6,ALIA-40b-instruct-2605,Text Generation,sharegpt,vllm,benchmark_serving.py,300,1,4,4,4,1,16384,,75.48,75.48,270.68,425.6,215.03,42.96,44.95,3712.55,17.87,0.0033009836931405,33.00983693140556,35.56879305815431,13.71564208659672,27.70573966416131
Jean Zay H100,gpu_p6,ALIA-40b-instruct-2605,Text Generation,sharegpt,vllm,benchmark_serving.py,300,2,4,8,4,2,32768,,71.91,71.91,195.18,275.22,226.21,46.49,49.1,3451.24,16.96,0.0031075201988812,31.075201988812925,33.75412629029468,17.682344502510503,27.70032185569995
Jean Zay H100,gpu_p6,ALIA-40b-instruct-2605,Text Generation,sharegpt,vllm,benchmark_serving.py,300,1,4,4,4,1,4096,,75.48,75.48,268.89,421.24,216.63,43.19,45.38,3681.08,17.84,0.0032765399737876,32.765399737876805,35.50791431012296,13.68991037227119,27.5936980954467
Jean Zay H100,gpu_p6,ALIA-40b-instruct-2605,Text Generation,sharegpt,vllm,benchmark_serving.py,300,1,4,4,4,1,32768,,75.48,75.48,268.9,418.81,217.47,43.31,45.58,3681.14,17.89,0.0032641336989163,32.64133698916308,35.60695349861991,13.68962439568613,27.58509857246578
Jean Zay H100,gpu_p6,ALIA-40b-instruct-2605,Text Generation,sharegpt,vllm,benchmark_serving.py,250,2,4,8,4,2,32768,,71.91,71.91,194.6,257.12,196.87,44.63,46.31,3195.09,15.5,0.0034745144366074,34.74514436607484,30.850339034258504,16.418756423432683,27.5564664116118
Jean Zay H100,gpu_p6,ALIA-40b-instruct-2605,Text Generation,sharegpt,vllm,benchmark_serving.py,300,2,4,8,4,2,4096,,71.91,71.91,190.5,274.1,227.39,46.73,49.3,3383.1,16.53,0.0030919547337826,30.919547337826973,32.89925256572039,17.759055118110236,27.38128960500138
Jean Zay H100,gpu_p6,ALIA-40b-instruct-2605,Text Generation,sharegpt,vllm,benchmark_serving.py,300,2,4,8,4,2,16384,,71.91,71.91,194.02,272.42,227.97,46.43,48.74,3430.2,16.47,0.003094633904809,30.94633904809061,32.78259537466598,17.679620657664156,27.32531631418977
Jean Zay H100,gpu_p6,ALIA-40b-instruct-2605,Text Generation,sharegpt,vllm,benchmark_serving.py,250,2,4,8,4,2,4096,,71.91,71.91,193.52,258.43,200.72,45.0,46.7,3181.13,15.4,0.0034197387319608,34.19738731960878,30.651614094033224,16.438249276560562,27.308900249137665
Jean Zay H100,gpu_p6,ALIA-40b-instruct-2605,Text Generation,sharegpt,sglang,benchmark_serving.py,150,2,4,8,4,2,32768,,68.75,69.71,244.48,507.26,250.63,32.25,53.55,3732.49,18.17,0.0029723865291442,29.723865291442497,36.16395157119014,15.267056609947645,27.287315848478343
Jean Zay H100,gpu_p6,ALIA-40b-instruct-2605,Text Generation,sharegpt,sglang,benchmark_serving.py,150,2,4,8,4,2,16384,,68.45,69.43,239.79,509.62,254.42,32.14,54.34,3732.56,18.16,0.0029334115576415,29.33411557641537,36.14414811022951,15.56595354268318,27.24371478711788
Jean Zay H100,gpu_p6,ALIA-40b-instruct-2605,Text Generation,sharegpt,sglang,benchmark_serving.py,150,2,4,8,4,2,4096,,68.12,69.09,243.4,507.88,251.19,32.28,53.69,3711.11,18.04,0.0029659508838533,29.659508838533636,35.90546070820428,15.24695973705834,27.17111676174956
Jean Zay H100,gpu_p6,Llama-3.3-70B-Instruct,Text Generation,sonnet,vllm,benchmark_serving.py,250,1,4,4,4,1,32768,,75.1,75.11,301.67,422.97,378.88,66.02,66.02,3645.62,24.3,0.001957253581774,19.572535817740548,48.27820006975629,12.084794643153112,26.936384487557927
Jean Zay H100,gpu_p6,Llama-3.3-70B-Instruct,Text Generation,sonnet,vllm,benchmark_serving.py,250,2,4,8,4,2,4096,,73.72,73.72,222.11,291.55,388.11,70.04,70.04,3441.71,22.94,0.0018932581078778,18.93258107877847,45.57622120560518,15.495520237720047,26.891559252760857
Jean Zay H100,gpu_p6,Llama-3.3-70B-Instruct,Text Generation,sonnet,vllm,benchmark_serving.py,250,2,4,8,4,2,32768,,73.72,73.72,220.39,280.47,387.61,70.21,70.21,3425.74,22.84,0.0018938317898604,18.938317898604247,45.37746063597191,15.543990199192342,26.84144156549744
Jean Zay H100,gpu_p6,Llama-3.3-70B-Instruct,Text Generation,sonnet,vllm,benchmark_serving.py,250,2,4,8,4,2,16384,,73.72,73.72,223.35,293.71,385.59,70.63,70.63,3413.31,22.76,0.0018980734554427,18.98073455442726,45.21848251054257,15.282337139019477,26.718081686575974
Jean Zay H100,gpu_p6,Llama-3.3-70B-Instruct,Text Generation,sonnet,vllm,benchmark_serving.py,250,1,4,4,4,1,4096,,75.1,75.11,317.63,429.25,370.31,66.72,66.72,3610.68,24.07,0.001985111662531,19.851116625310173,47.82120784097943,11.367566035953782,26.64621145004368
Jean Zay H100,gpu_p6,Llama-3.3-70B-Instruct,Text Generation,sharegpt,sglang,benchmark_serving.py,300,1,4,4,4,1,16384,,70.31,70.41,448.66,685.29,291.9,49.52,57.82,4500.7,22.01,0.0025047590421801,25.047590421801427,43.805774414012845,10.03142691570454,26.620200657202307
Jean Zay H100,gpu_p6,Llama-3.3-70B-Instruct,Text Generation,sonnet,vllm,benchmark_serving.py,300,2,4,8,4,2,4096,,73.73,73.73,212.42,299.52,430.77,72.22,72.22,3441.23,22.94,0.0017384955059891,17.38495505989117,45.57617911361163,16.20012239902081,26.59082478667761
Jean Zay H100,gpu_p6,Llama-3.3-70B-Instruct,Text Generation,sonnet,vllm,benchmark_serving.py,300,2,4,8,4,2,32768,,73.73,73.73,216.03,301.23,429.82,72.3,72.3,3439.17,22.93,0.0017408864593851,17.40886459385119,45.55626244187054,15.919872239966672,26.502502308934723
Jean Zay H100,gpu_p6,Llama-3.3-70B-Instruct,Text Generation,sonnet,vllm,benchmark_serving.py,250,1,4,4,4,1,16384,,75.1,75.11,316.66,428.38,391.69,66.48,66.48,3609.73,24.06,0.0019060325931573,19.06032593157343,47.80138852272696,11.399387355523274,26.38078686822958
Jean Zay H100,gpu_p6,Llama-3.3-70B-Instruct,Text Generation,sonnet,vllm,benchmark_serving.py,300,1,4,4,4,1,32768,,75.11,75.11,309.27,444.9,424.02,67.93,67.93,3650.02,24.33,0.0017860970207901,17.860970207901694,48.33779394995032,11.802049988683027,26.28423581004825
Jean Zay H100,gpu_p6,Mistral-7B-Instruct-v0.3,Text Generation,sharegpt,vllm,benchmark_serving.py,150,4,4,16,4,4,16384,,74.37,74.59,147.81,181.69,270.48,33.86,35.66,3166.48,13.8,0.0029411764705882,29.41176470588235,27.48023696026765,21.422637169339016,26.198524460679486
Jean Zay H100,gpu_p6,Llama-3.3-70B-Instruct,Text Generation,sonnet,vllm,benchmark_serving.py,300,1,4,4,4,1,16384,,75.11,75.11,310.43,462.03,420.32,68.39,68.39,3627.47,24.18,0.0017950098725542,17.95009872554299,48.03977632029356,11.68530747672583,26.175855908136697
Jean Zay H100,gpu_p6,Mistral-7B-Instruct-v0.3,Text Generation,sharegpt,vllm,benchmark_serving.py,150,4,4,16,4,4,4096,,74.37,74.59,150.57,185.16,265.45,33.76,35.44,3148.49,13.74,0.0029881966233378,29.88196623337816,27.36059843844376,20.910473533904497,26.15382351926889
Jean Zay H100,gpu_p6,Llama-3.3-70B-Instruct,Text Generation,sonnet,sglang,benchmark_serving.py,1000,1,4,4,4,1,32768,,71.43,72.51,438.29,663.33,10118.19,94.34,94.34,4927.24,32.85,9.702266546487924e-05,0.9702266546487924,65.26487785503893,11.24196308380296,26.117363720110777
Jean Zay H100,gpu_p6,Mistral-7B-Instruct-v0.3,Text Generation,sharegpt,vllm,benchmark_serving.py,150,4,4,16,4,4,32768,,74.37,74.59,147.88,183.5,268.7,34.44,36.21,3125.14,13.77,0.0029468100780904,29.468100780904678,27.419185513442564,21.132945631593184,26.10421994218788
Jean Zay H100,gpu_p6,Llama-3.3-70B-Instruct,Text Generation,sonnet,vllm,benchmark_serving.py,300,2,4,8,4,2,16384,,73.73,73.73,216.33,299.04,451.27,72.78,72.78,3405.0,22.7,0.0016755189920077,16.755189920077743,45.09933774834437,15.73984190819581,26.06728881788618
Jean Zay H100,gpu_p6,Llama-3.3-70B-Instruct,Text Generation,sharegpt,sglang,benchmark_serving.py,300,1,4,4,4,1,32768,,70.59,70.69,450.43,688.17,313.82,49.85,58.69,4479.17,21.89,0.0023676484515579,23.676484515579126,43.5670847755862,9.944208867082564,26.044960396462635
Jean Zay H100,gpu_p6,Llama-3.3-70B-Instruct,Text Generation,sonnet,vllm,benchmark_serving.py,300,1,4,4,4,1,4096,,75.11,75.11,308.08,456.49,430.92,69.17,69.17,3583.22,23.89,0.0017566665495555,17.566665495555633,47.46355159670762,11.63081017917424,25.832133068705264
Jean Zay H100,gpu_p6,Llama-3.3-70B-Instruct,Text Generation,sonnet,sglang,benchmark_serving.py,1000,1,4,4,4,1,16384,,71.17,72.32,443.94,663.88,10219.44,100.15,100.15,4760.84,31.74,9.597168451420092e-05,0.9597168451420092,63.0595886140659,10.724061810154526,25.19826363538014
Jean Zay H100,gpu_p6,ALIA-40b-instruct-2605,Text Generation,sharegpt,vllm,benchmark_serving.py,500,2,4,8,4,2,16384,,71.91,71.91,189.41,288.67,384.62,52.11,58.88,3682.79,17.86,0.0020177155424628,20.17715542462824,35.547608879521164,19.4434823926931,25.168334229072588
Jean Zay H100,gpu_p6,ALIA-40b-instruct-2605,Text Generation,sharegpt,vllm,benchmark_serving.py,500,2,4,8,4,2,32768,,71.91,71.91,194.84,285.08,383.19,52.08,59.0,3726.06,17.88,0.0020231857082161,20.23185708216157,35.589220340069545,19.123691233832886,25.098747518385107
Jean Zay H100,gpu_p6,ALIA-40b-instruct-2605,Text Generation,sharegpt,vllm,benchmark_serving.py,500,1,4,4,4,1,16384,,75.48,75.48,260.19,466.1,375.87,48.24,54.43,3996.4,19.3,0.0020896894721444,20.89689472144439,38.41448315362204,15.359544947922672,25.08092286085784
Jean Zay H100,gpu_p6,ALIA-40b-instruct-2605,Text Generation,sharegpt,vllm,benchmark_serving.py,500,2,4,8,4,2,4096,,71.91,71.91,190.08,287.12,384.99,52.61,59.49,3706.74,17.73,0.0020117081413828,20.117081413828483,35.291195901698764,19.50094696969697,25.07911731758229
Jean Zay H100,gpu_p6,ALIA-40b-instruct-2605,Text Generation,sharegpt,sglang,benchmark_serving.py,150,4,4,16,4,4,16384,,67.59,68.54,206.52,336.81,253.41,37.17,68.79,3205.6,15.53,0.0027826474107465,27.826474107465845,30.91025075051301,15.521983343017624,24.93752112147845
Jean Zay H100,gpu_p6,ALIA-40b-instruct-2605,Text Generation,sharegpt,vllm,benchmark_serving.py,500,1,4,4,4,1,4096,,75.48,75.48,270.32,462.47,374.17,48.44,55.08,3950.36,19.36,0.0020934078586531,20.93407858653101,38.53116572453473,14.613643089671502,24.894548854457238
Jean Zay H100,gpu_p6,ALIA-40b-instruct-2605,Text Generation,sharegpt,vllm,benchmark_serving.py,500,1,4,4,4,1,32768,,75.48,75.48,270.29,462.11,373.43,48.54,55.12,3941.57,19.33,0.0020960405793456,20.96040579345616,38.47133131359034,14.582744459654444,24.873268843485235
Jean Zay H100,gpu_p6,ALIA-40b-instruct-2605,Text Generation,sharegpt,sglang,benchmark_serving.py,150,4,4,16,4,4,4096,,67.25,68.21,205.96,335.21,256.82,37.33,69.17,3180.57,15.52,0.0027523945832874,27.5239458328746,30.88927182901608,15.44265876869295,24.802144811024576
Jean Zay H100,gpu_p6,ALIA-40b-instruct-2605,Text Generation,sharegpt,sglang,benchmark_serving.py,150,4,4,16,4,4,32768,,67.88,68.8,205.0,335.75,260.24,38.12,73.0,3126.99,15.22,0.0026928048255062,26.92804825506247,30.292557021968616,15.25360975609756,24.33616091614179
Jean Zay H100,gpu_p6,Llama-3.3-70B-Instruct,Text Generation,sonnet,vllm,benchmark_serving.py,300,4,4,16,4,4,4096,,73.72,73.72,164.97,217.43,636.39,79.66,79.66,3076.77,20.51,0.0012567392643048,12.567392643048349,40.74836805196818,18.65048190580105,24.09551284616196
Jean Zay H100,gpu_p6,Llama-3.3-70B-Instruct,Text Generation,sonnet,vllm,benchmark_serving.py,250,4,4,16,4,4,4096,,73.72,73.72,173.04,208.51,626.12,77.23,77.23,3063.45,20.42,0.0012810986702195,12.810986702195802,40.56957589003428,17.703710124826628,23.814578521302757
Jean Zay H100,gpu_p6,Llama-3.3-70B-Instruct,Text Generation,sonnet,vllm,benchmark_serving.py,300,4,4,16,4,4,16384,,73.73,73.73,173.85,218.35,629.52,80.08,80.08,3069.44,20.46,0.0012663357309289,12.663357309289838,40.64904521181916,17.655680184066725,23.77603451607841
Jean Zay H100,gpu_p6,Llama-3.3-70B-Instruct,Text Generation,sonnet,vllm,benchmark_serving.py,300,4,4,16,4,4,32768,,73.73,73.73,173.94,220.3,644.05,79.62,79.62,3078.47,20.52,0.0012448804292347,12.448804292347722,40.76825314053933,17.698459238817982,23.75730648360335
Jean Zay H100,gpu_p6,Llama-3.3-70B-Instruct,Text Generation,sonnet,vllm,benchmark_serving.py,250,4,4,16,4,4,16384,,73.72,73.72,176.13,215.51,621.7,77.75,77.75,3052.31,20.35,0.0012866700977869,12.866700977869272,40.43044690919269,17.329869982399366,23.666588675968868
Jean Zay H100,gpu_p6,Llama-3.3-70B-Instruct,Text Generation,sonnet,vllm,benchmark_serving.py,250,4,4,16,4,4,32768,,73.72,73.72,177.0,216.0,645.59,77.35,77.35,3056.01,20.38,0.0012495470391982,12.495470391982906,40.48997935892393,17.265593220338985,23.5400427458168
Jean Zay H100,gpu_p6,Llama-3.3-70B-Instruct,Text Generation,sonnet,sglang,benchmark_serving.py,150,4,4,16,4,4,4096,,67.08,68.11,257.02,580.19,1153.68,33.74,33.74,3488.22,23.25,0.0008188935110878,8.188935110878182,46.19211612230775,13.571784296941871,22.832528394304617
Jean Zay H100,gpu_p6,ALIA-40b-instruct-2605,Text Generation,sharegpt,vllm,benchmark_serving.py,300,4,4,16,4,4,4096,,71.91,71.91,168.13,208.88,356.9,53.97,56.86,2975.27,14.46,0.0021379855899771,21.379855899771236,28.780126767300057,17.696246951763516,22.717193131368564
Jean Zay H100,gpu_p6,ALIA-40b-instruct-2605,Text Generation,sharegpt,vllm,benchmark_serving.py,300,4,4,16,4,4,16384,,71.91,71.91,169.12,210.06,359.86,53.77,56.82,2951.79,14.3,0.0021256244021681,21.25624402168137,28.462114770623955,17.45381977294229,22.489464316725343
Jean Zay H100,gpu_p6,ALIA-40b-instruct-2605,Text Generation,sharegpt,vllm,benchmark_serving.py,300,4,4,16,4,4,32768,,71.91,71.91,167.78,210.47,359.71,54.14,57.17,2915.05,14.22,0.0021230520996985,21.230520996985263,28.301939391042826,17.37424007629038,22.400793356342472
Jean Zay H100,gpu_p6,Llama-3.3-70B-Instruct,Text Generation,sonnet,sglang,benchmark_serving.py,150,4,4,16,4,4,16384,,67.55,68.35,286.74,580.95,1145.12,34.02,34.02,3481.6,23.21,0.0008242935804015,8.242935804015959,46.11259155275179,12.142010183441444,22.366322560002292
Jean Zay H100,gpu_p6,ALIA-40b-instruct-2605,Text Generation,sharegpt,vllm,benchmark_serving.py,250,4,4,16,4,4,16384,,71.91,71.91,166.94,204.77,319.28,51.52,54.07,2740.21,13.46,0.0023536611198719,23.53661119871961,26.78841444327025,16.41434048161016,22.36309767239181
Jean Zay H100,gpu_p6,Llama-3.3-70B-Instruct,Text Generation,sonnet,sglang,benchmark_serving.py,150,4,4,16,4,4,32768,,67.82,68.78,277.33,580.05,1091.74,34.97,34.97,3433.97,22.9,0.0008608222574202,8.608222574202879,45.49659836788771,12.382252190531135,22.357959821280765
Jean Zay H100,gpu_p6,Llama-3.3-70B-Instruct,Text Generation,sonnet,sglang,benchmark_serving.py,250,1,4,4,4,1,32768,,70.4,70.5,479.92,685.32,2819.1,42.33,42.34,4090.05,27.27,0.0003443798923468,3.4437989234684565,54.178768470752814,8.522357892982164,22.318827439789526
Jean Zay H100,gpu_p6,ALIA-40b-instruct-2605,Text Generation,sharegpt,vllm,benchmark_serving.py,250,4,4,16,4,4,4096,,71.91,71.91,168.52,202.14,319.92,51.69,53.83,2756.38,13.36,0.0023505077096652,23.50507709665288,26.59111454504755,16.35639686684073,22.26675215556718
Jean Zay H100,gpu_p6,Llama-3.3-70B-Instruct,Text Generation,sonnet,sglang,benchmark_serving.py,500,1,4,4,4,1,32768,,70.52,70.74,475.44,685.63,6200.16,78.23,78.23,4189.03,27.93,0.000157316309611,1.5731630961108265,55.49002499430871,8.810848897863032,22.22095559805881
Jean Zay H100,gpu_p6,Llama-3.3-70B-Instruct,Text Generation,sonnet,sglang,benchmark_serving.py,250,1,4,4,4,1,16384,,70.11,70.22,479.72,684.53,2846.35,42.42,42.43,4072.62,27.15,0.0003411572052401,3.411572052401747,53.94040787653941,8.489577253397815,22.216337896927296
Jean Zay H100,gpu_p6,ALIA-40b-instruct-2605,Text Generation,sharegpt,vllm,benchmark_serving.py,250,4,4,16,4,4,32768,,71.91,71.91,168.46,207.21,322.48,51.82,54.08,2744.79,13.27,0.0023343760212895,23.34376021289509,26.41230669383552,16.293422770984208,22.13095803500336
Jean Zay H100,gpu_p6,Llama-3.3-70B-Instruct,Text Generation,sonnet,sglang,benchmark_serving.py,500,1,4,4,4,1,16384,,70.23,70.46,474.66,685.87,6216.31,78.91,78.91,4161.4,27.75,0.0001568841551709,1.568841551709802,55.13235381879379,8.767117515695444,22.083884030993765
Jean Zay H100,gpu_p6,ALIA-40b-instruct-2605,Text Generation,sharegpt,vllm,benchmark_serving.py,500,4,4,16,4,4,16384,,71.91,71.91,166.35,210.53,532.05,60.25,68.25,3206.95,15.53,0.0015138899402013,15.138899402013474,30.910313485266,19.27832882476706,21.82579760560048
Jean Zay H100,gpu_p6,ALIA-40b-instruct-2605,Text Generation,sharegpt,vllm,benchmark_serving.py,500,4,4,16,4,4,4096,,71.91,71.91,167.08,212.19,533.16,60.55,68.79,3178.02,15.5,0.0015094339622641,15.094339622641511,30.84953906660989,19.02094804883888,21.70762212997392
Jean Zay H100,gpu_p6,ALIA-40b-instruct-2605,Text Generation,sharegpt,vllm,benchmark_serving.py,500,4,4,16,4,4,32768,,71.91,71.91,166.96,209.44,534.3,60.52,68.51,3182.44,15.46,0.0015075452640465,15.075452640465532,30.770519653522623,19.061092477240056,21.687180172672797
Jean Zay H100,gpu_p6,gemma-3-12b-it,Text Generation,sonnet,vllm,benchmark_serving.py,250,1,4,4,4,1,4096,,75.27,75.27,194.12,244.78,444.68,91.83,91.83,2644.74,17.63,0.0015914950504503,15.914950504503931,35.02651111603571,13.624253039357097,21.67985792357775
Jean Zay H100,gpu_p6,gemma-3-12b-it,Text Generation,sonnet,vllm,benchmark_serving.py,250,2,4,8,4,2,32768,,71.7,71.7,173.77,198.13,448.97,94.81,94.81,2563.51,17.09,0.0015659499835575,15.659499835575254,33.95364326125707,14.752316280140416,21.589209862567927
Jean Zay H100,gpu_p6,gemma-3-12b-it,Text Generation,sonnet,vllm,benchmark_serving.py,250,1,4,4,4,1,32768,,75.27,75.27,200.44,242.61,441.95,91.81,91.81,2645.63,17.64,0.0015985421295778,15.985421295778252,35.04632515666831,13.199111953701856,21.57450961901643
Jean Zay H100,gpu_p6,gemma-3-12b-it,Text Generation,sonnet,vllm,benchmark_serving.py,300,1,4,4,4,1,4096,,75.27,75.27,195.62,248.53,455.35,93.61,93.61,2651.7,17.68,0.0015562506808596,15.562506808596728,35.12580149697683,13.555362437378587,21.57174080385616
Jean Zay H100,gpu_p6,gemma-3-12b-it,Text Generation,sonnet,vllm,benchmark_serving.py,250,2,4,8,4,2,4096,,71.7,71.7,166.63,193.17,470.21,95.13,95.13,2552.97,17.02,0.0015140733114297,15.140733114297396,33.81456690492959,15.321190661945629,21.547583018359777
Jean Zay H100,gpu_p6,gemma-3-12b-it,Text Generation,sonnet,vllm,benchmark_serving.py,300,2,4,8,4,2,4096,,71.7,71.7,164.79,198.67,489.84,96.65,96.65,2568.92,17.13,0.0014638287905846,14.638287905846532,34.03306169640958,15.58905273378239,21.536755739577448
Jean Zay H100,gpu_p6,gemma-3-12b-it,Text Generation,sonnet,vllm,benchmark_serving.py,250,2,4,8,4,2,16384,,71.7,71.7,169.01,196.94,468.03,95.15,95.15,2551.72,17.01,0.0015189950328862,15.189950328862423,33.79472128250148,15.098041536003786,21.48616163938494
Jean Zay H100,gpu_p6,gemma-3-12b-it,Text Generation,sonnet,vllm,benchmark_serving.py,250,1,4,4,4,1,16384,,75.27,75.27,198.62,235.87,448.8,92.18,92.18,2635.17,17.57,0.0015793796196853,15.793796196853874,34.90725581851218,13.267395025677173,21.48392409344116
Jean Zay H100,gpu_p6,gemma-3-12b-it,Text Generation,sonnet,vllm,benchmark_serving.py,300,1,4,4,4,1,16384,,75.27,75.27,198.13,248.28,462.34,93.79,93.79,2646.44,17.64,0.0015386509108813,15.386509108813392,35.04639620431819,13.357088780093878,21.421456216094786
Jean Zay H100,gpu_p6,gemma-3-12b-it,Text Generation,sonnet,vllm,benchmark_serving.py,300,2,4,8,4,2,32768,,71.7,71.7,173.86,205.09,474.64,96.65,96.65,2570.74,17.14,0.0014971404617181,14.971404617181184,34.052957324141765,14.786264810767282,21.39988779949533
Jean Zay H100,gpu_p6,gemma-3-12b-it,Text Generation,sonnet,vllm,benchmark_serving.py,300,2,4,8,4,2,16384,,71.7,71.7,173.18,202.68,476.79,96.72,96.72,2568.31,17.12,0.0014920251257031,14.920251257031168,34.01327222164205,14.830292181545213,21.38309148084336
Jean Zay H100,gpu_p6,gemma-3-12b-it,Text Generation,sonnet,vllm,benchmark_serving.py,300,1,4,4,4,1,32768,,75.27,75.27,200.12,255.32,470.25,94.19,94.19,2632.83,17.55,0.0015183031444058,15.183031444058118,34.867578611368934,13.156256246252248,21.22720941764592
Jean Zay H100,gpu_p6,Llama-3.3-70B-Instruct,Text Generation,sonnet,sglang,benchmark_serving.py,150,2,4,8,4,2,32768,,68.73,69.8,321.64,627.26,1430.25,32.73,32.73,3423.08,22.82,0.0006685788020405,6.685788020405025,45.33775536144403,10.64258176843676,21.093630915728447
Jean Zay H100,gpu_p6,Llama-3.3-70B-Instruct,Text Generation,sonnet,sglang,benchmark_serving.py,150,2,4,8,4,2,16384,,68.45,69.52,324.8,629.05,1429.29,32.92,32.92,3409.71,22.73,0.0006688381612301,6.688381612301271,45.15895881646875,10.497875615763547,20.987415942826143
Jean Zay H100,gpu_p6,ALIA-40b-instruct-2605,Text Generation,sharegpt,vllm,benchmark_serving.py,1000,2,4,8,4,2,32768,,71.91,71.91,193.93,305.04,1151.16,53.19,67.34,3695.43,17.8,0.0007863551651739,7.863551651739024,35.429345340848805,19.055483937503222,20.81733983748089
Jean Zay H100,gpu_p6,Llama-3.3-70B-Instruct,Text Generation,sonnet,sglang,benchmark_serving.py,150,2,4,8,4,2,4096,,68.21,69.19,342.61,628.72,1436.66,32.94,32.94,3399.32,22.67,0.0006655396861314,6.65539686131484,45.03963155941426,9.921835322961968,20.751296966395724
Jean Zay H100,gpu_p6,ALIA-40b-instruct-2605,Text Generation,sharegpt,vllm,benchmark_serving.py,1000,2,4,8,4,2,16384,,71.91,71.91,193.6,302.83,1155.46,53.25,67.22,3652.69,17.68,0.0007837420548149,7.837420548149192,35.189672539825686,18.86720041322314,20.666715782142862
Jean Zay H100,gpu_p6,ALIA-40b-instruct-2605,Text Generation,sharegpt,vllm,benchmark_serving.py,1000,2,4,8,4,2,4096,,71.91,71.91,193.68,304.79,1183.42,53.28,67.24,3642.3,17.75,0.0007669064527508,7.669064527508935,35.3278370514064,18.805762081784387,20.636790403002216
Jean Zay H100,gpu_p6,Llama-3.3-70B-Instruct,Text Generation,sharegpt,sglang,benchmark_serving.py,150,1,4,4,4,1,16384,,70.08,70.41,410.68,659.14,344.82,39.52,47.39,3118.26,15.25,0.0023162624788641,23.16262478864105,30.35156422031524,7.592919061069447,20.62455836258736
Jean Zay H100,gpu_p6,Llama-3.3-70B-Instruct,Text Generation,sharegpt,sglang,benchmark_serving.py,150,2,4,8,4,2,16384,,68.67,69.59,303.67,578.29,315.3,43.48,53.33,2831.39,13.81,0.0024265366043046,24.26536604304676,27.485938352312672,9.323904238153258,20.57909285063125
Jean Zay H100,gpu_p6,Llama-3.3-70B-Instruct,Text Generation,sharegpt,sglang,benchmark_serving.py,150,2,4,8,4,2,32768,,68.96,69.87,303.18,588.83,311.03,43.97,54.27,2796.84,13.66,0.0024433747892589,24.43374789258925,27.18721537093044,9.225014842667722,20.503132259250368
Jean Zay H100,gpu_p6,Llama-3.3-70B-Instruct,Text Generation,sharegpt,sglang,benchmark_serving.py,150,1,4,4,4,1,32768,,70.36,70.69,409.0,654.28,353.66,39.5,47.27,3122.43,15.24,0.0022705083668233,22.70508366823332,30.331955368155352,7.6343031784841076,20.47557028948706
Jean Zay H100,gpu_p6,ALIA-40b-instruct-2605,Text Generation,sharegpt,vllm,benchmark_serving.py,1000,1,4,4,4,1,4096,,75.48,75.48,260.66,496.89,1154.85,49.51,61.49,3924.23,19.14,0.0007899830153651,7.899830153651697,38.09419973271593,15.0549758305839,20.455562427151843
Jean Zay H100,gpu_p6,Llama-3.3-70B-Instruct,Text Generation,sharegpt,sglang,benchmark_serving.py,150,2,4,8,4,2,4096,,68.35,69.26,303.32,558.37,312.5,44.03,53.9,2790.41,13.62,0.0024364690690251,24.364690690251688,27.10768729293196,9.199558222339444,20.444467145431062
Jean Zay H100,gpu_p6,ALIA-40b-instruct-2605,Text Generation,sharegpt,vllm,benchmark_serving.py,1000,1,4,4,4,1,16384,,75.48,75.48,271.2,500.96,1167.62,49.34,61.3,4020.92,19.22,0.000782313457356,7.823134573560936,38.25713089150376,14.826401179941003,20.41173863570312
Jean Zay H100,gpu_p6,ALIA-40b-instruct-2605,Text Generation,sharegpt,vllm,benchmark_serving.py,1000,1,4,4,4,1,32768,,75.48,75.48,269.02,491.66,1161.89,49.51,62.06,3925.79,19.08,0.0007852621990482,7.852621990482621,37.97543300539688,14.592929893688202,20.251276264579257
Jean Zay H100,gpu_p6,Llama-3.3-70B-Instruct,Text Generation,sonnet,sglang,benchmark_serving.py,300,1,4,4,4,1,32768,,70.4,70.5,488.52,684.11,3617.52,50.47,50.47,3671.54,24.48,0.0002689285349311,2.689285349311274,48.6357212352747,7.515639073118808,19.855506742157253
Jean Zay H100,gpu_p6,Llama-3.3-70B-Instruct,Text Generation,sonnet,sglang,benchmark_serving.py,300,1,4,4,4,1,16384,,70.12,70.22,486.04,683.44,3642.04,50.87,50.87,3646.43,24.31,0.0002671097126433,2.671097126433712,48.29800710483445,7.502324911529914,19.730239410320745
Jean Zay H100,gpu_p6,Llama-3.3-70B-Instruct,Text Generation,sharegpt,sglang,benchmark_serving.py,150,4,4,16,4,4,32768,,68.14,68.92,261.26,434.39,329.27,46.45,57.75,2625.0,12.79,0.0023069647265093,23.06964726509332,25.4559688223854,10.047462298093851,19.7138974051328
Jean Zay H100,gpu_p6,Llama-3.3-70B-Instruct,Text Generation,sharegpt,sglang,benchmark_serving.py,150,4,4,16,4,4,16384,,67.81,68.64,260.65,436.27,332.63,46.72,58.38,2610.74,12.76,0.0022845132844447,22.845132844447487,25.39587756813417,10.016267024745828,19.607148988196432
Jean Zay H100,gpu_p6,Llama-3.3-70B-Instruct,Text Generation,sharegpt,sglang,benchmark_serving.py,150,4,4,16,4,4,4096,,67.65,68.32,273.95,438.78,324.96,46.8,58.76,2609.57,12.74,0.0023227724612097,23.227724612097,25.356210211607323,9.52571637160066,19.56676707897168
Jean Zay H100,gpu_p6,Llama-3.3-70B-Instruct,Text Generation,sharegpt,vllm,benchmark_serving.py,250,1,4,4,4,1,16384,,75.11,75.11,297.81,421.56,257.64,64.41,65.63,2433.44,11.88,0.0025794469665703,25.79446966570368,23.64456774573471,8.17111581209496,19.42402977975944
Jean Zay H100,gpu_p6,Llama-3.3-70B-Instruct,Text Generation,sharegpt,vllm,benchmark_serving.py,300,1,4,4,4,1,16384,,75.11,75.11,292.12,461.63,296.23,67.44,69.26,2617.26,12.8,0.0023098422377751,23.0984223777516,25.475409686471032,8.959537176502808,19.382154798316595
Jean Zay H100,gpu_p6,Llama-3.3-70B-Instruct,Text Generation,sharegpt,vllm,benchmark_serving.py,300,2,4,8,4,2,32768,,73.71,73.71,216.55,301.73,309.55,71.54,73.55,2467.79,12.05,0.002199542495161,21.995424951610065,23.98289365442932,11.395936273377972,19.279327933534343
Jean Zay H100,gpu_p6,Llama-3.3-70B-Instruct,Text Generation,sharegpt,vllm,benchmark_serving.py,300,2,4,8,4,2,4096,,73.71,73.71,211.28,299.73,314.41,71.79,73.75,2463.37,11.99,0.0021741493640613,21.741493640613108,23.863847117187,11.659267322983718,19.23678140100683
Jean Zay H100,gpu_p6,Llama-3.3-70B-Instruct,Text Generation,sharegpt,vllm,benchmark_serving.py,250,1,4,4,4,1,4096,,75.11,75.11,298.16,423.69,263.37,64.84,66.05,2415.35,11.79,0.0025363973012732,25.36397301273271,23.465458523200144,8.100851891601824,19.19427932752976
Jean Zay H100,gpu_p6,Llama-3.3-70B-Instruct,Text Generation,sharegpt,vllm,benchmark_serving.py,500,2,4,8,4,2,32768,,73.71,73.71,220.13,313.8,501.13,82.22,88.38,2962.62,14.51,0.0014886933738257,14.886933738257932,28.878561702041896,13.458501794394222,19.18698902390809
Jean Zay H100,gpu_p6,Llama-3.3-70B-Instruct,Text Generation,sharegpt,vllm,benchmark_serving.py,300,1,4,4,4,1,4096,,75.11,75.11,300.47,459.9,299.69,67.73,69.56,2602.54,12.76,0.0022884342532839,22.88434253283903,25.395488395212784,8.661563550437647,19.186842851677664
Jean Zay H100,gpu_p6,gemma-3-12b-it,Text Generation,sonnet,vllm,benchmark_serving.py,250,4,4,16,4,4,32768,,71.7,71.7,149.84,166.36,726.58,102.33,102.33,2340.21,15.6,0.0010738370344916,10.738370344916454,30.993395902046423,15.618059263214096,19.18657948819589
Jean Zay H100,gpu_p6,Llama-3.3-70B-Instruct,Text Generation,sharegpt,vllm,benchmark_serving.py,250,2,4,8,4,2,4096,,73.71,73.71,214.28,287.86,272.05,69.02,70.38,2271.73,11.11,0.0024304289707133,24.30428970713331,22.11186092761648,10.601689378383425,19.174031816897624
Jean Zay H100,gpu_p6,Llama-3.3-70B-Instruct,Text Generation,sharegpt,vllm,benchmark_serving.py,300,2,4,8,4,2,16384,,73.71,73.71,216.59,298.34,313.59,71.76,73.74,2456.3,12.02,0.0021782221350933,21.78222135093337,23.92293219679782,11.34078212290503,19.168802485558214
Jean Zay H100,gpu_p6,Llama-3.3-70B-Instruct,Text Generation,sharegpt,vllm,benchmark_serving.py,500,2,4,8,4,2,4096,,73.71,73.71,219.66,317.28,502.17,82.68,88.99,2956.84,14.46,0.0014840318176421,14.840318176421702,28.77925917948373,13.46098515888191,19.138171551850057
Jean Zay H100,gpu_p6,Llama-3.3-70B-Instruct,Text Generation,sharegpt,vllm,benchmark_serving.py,250,2,4,8,4,2,32768,,73.71,73.71,211.48,285.67,275.81,69.01,70.37,2270.97,11.08,0.0024085358510561,24.08535851056143,22.052406914835345,10.738462265935311,19.123148169734204
Jean Zay H100,gpu_p6,Llama-3.3-70B-Instruct,Text Generation,sharegpt,vllm,benchmark_serving.py,250,2,4,8,4,2,16384,,73.71,73.71,215.37,290.84,275.67,68.81,70.16,2278.32,11.13,0.0024117306579201,24.11730657920124,22.15178457708183,10.578632121465386,19.116653272005166
Jean Zay H100,gpu_p6,gemma-3-12b-it,Text Generation,sonnet,vllm,benchmark_serving.py,300,4,4,16,4,4,32768,,71.7,71.7,149.74,168.29,759.05,104.5,104.5,2342.09,15.61,0.0010330044935695,10.33004493569547,31.013296772278068,15.64104447709363,19.06187041338097
Jean Zay H100,gpu_p6,Llama-3.3-70B-Instruct,Text Generation,sharegpt,vllm,benchmark_serving.py,500,2,4,8,4,2,16384,,73.71,73.71,219.85,315.51,506.38,82.91,89.29,2955.72,14.39,0.001473665595803,14.736655958030006,28.64056267276296,13.444257448260176,19.050416717912867
Jean Zay H100,gpu_p6,Llama-3.3-70B-Instruct,Text Generation,sharegpt,vllm,benchmark_serving.py,300,1,4,4,4,1,32768,,75.11,75.11,297.49,456.86,300.28,68.4,70.26,2579.33,12.58,0.0022782157014626,22.782157014626147,25.037884340119835,8.670308245655315,19.03331269922333
Jean Zay H100,gpu_p6,gemma-3-12b-it,Text Generation,sonnet,vllm,benchmark_serving.py,250,4,4,16,4,4,16384,,71.65,71.65,154.87,167.82,747.99,101.98,101.98,2344.97,15.63,0.0010504753400913,10.504753400913916,31.05302135050411,15.14153806418286,18.974935596020643
Jean Zay H100,gpu_p6,ALIA-40b-instruct-2605,Text Generation,sonnet,vllm,benchmark_serving.py,150,2,4,8,4,2,32768,,71.62,72.01,230.19,406.38,943.42,48.27,48.27,2657.4,17.72,0.0009615754452094,9.615754452094311,35.20524537217022,11.544376384725664,18.933340383362157
Jean Zay H100,gpu_p6,ALIA-40b-instruct-2605,Text Generation,sonnet,vllm,benchmark_serving.py,150,1,4,4,4,1,4096,,75.47,75.47,338.64,626.32,916.74,44.74,44.74,2854.99,19.03,0.0009938184492456,9.938184492456918,37.807989993110695,8.430752421450508,18.93154009995715
Jean Zay H100,gpu_p6,gemma-3-12b-it,Text Generation,sonnet,vllm,benchmark_serving.py,300,4,4,16,4,4,4096,,71.7,71.7,154.9,170.26,750.28,104.64,104.64,2341.06,15.61,0.0010421443161448,10.421443161448998,31.0132064311083,15.113363460296965,18.924057168764516
Jean Zay H100,gpu_p6,ALIA-40b-instruct-2605,Text Generation,sharegpt,vllm,benchmark_serving.py,150,1,4,4,4,1,16384,,75.47,75.48,297.58,607.24,317.89,43.45,50.35,2434.46,11.87,0.0024290121207704,24.290121207704825,23.62480957188932,8.180858928691444,18.90895132224328
Jean Zay H100,gpu_p6,Llama-3.3-70B-Instruct,Text Generation,sharegpt,vllm,benchmark_serving.py,250,1,4,4,4,1,32768,,75.11,75.11,298.29,431.99,266.51,66.09,67.35,2377.86,11.61,0.0025003125390673,25.00312539067383,23.107178244547956,7.971638338529619,18.90842750430489
Jean Zay H100,gpu_p6,ALIA-40b-instruct-2605,Text Generation,sonnet,vllm,benchmark_serving.py,150,1,4,4,4,1,32768,,75.47,75.47,338.68,631.27,910.54,44.94,44.94,2844.83,18.97,0.0009995801763259,9.995801763259433,37.68868293875271,8.399757883547892,18.900647321419456
Jean Zay H100,gpu_p6,ALIA-40b-instruct-2605,Text Generation,sharegpt,vllm,benchmark_serving.py,150,1,4,4,4,1,4096,,75.47,75.48,297.92,611.61,315.97,43.78,50.8,2419.0,11.84,0.0024357569114602,24.357569114602363,23.564660775698936,8.119629430719655,18.89183958053273
Jean Zay H100,gpu_p6,gemma-3-12b-it,Text Generation,sonnet,vllm,benchmark_serving.py,250,4,4,16,4,4,4096,,71.7,71.7,154.76,168.25,752.7,102.46,102.46,2334.59,15.56,0.0010442555502182,10.442555502182492,30.91395902389209,15.085228741276817,18.888488136073946
Jean Zay H100,gpu_p6,gemma-3-12b-it,Text Generation,sonnet,vllm,benchmark_serving.py,300,4,4,16,4,4,16384,,71.66,71.66,155.01,170.85,773.27,104.13,104.13,2347.91,15.65,0.0010188175603394,10.1881756033947,31.092751188884566,15.14682923682343,18.88250046515845
Jean Zay H100,gpu_p6,ALIA-40b-instruct-2605,Text Generation,sonnet,vllm,benchmark_serving.py,150,1,4,4,4,1,16384,,75.47,75.47,339.2,627.43,911.77,44.99,44.99,2842.02,18.95,0.0009982530571499,9.982530571499876,37.64896451203612,8.378596698113208,18.875859271798465
Jean Zay H100,gpu_p6,ALIA-40b-instruct-2605,Text Generation,sharegpt,vllm,benchmark_serving.py,1000,4,4,16,4,4,16384,,71.91,71.91,167.93,214.32,1351.61,61.76,78.91,3186.61,15.47,0.000670115527917,6.70115527917013,30.790521598461005,18.975823259691538,18.81943358149588
Jean Zay H100,gpu_p6,ALIA-40b-instruct-2605,Text Generation,sharegpt,vllm,benchmark_serving.py,150,1,4,4,4,1,32768,,75.47,75.48,294.11,604.82,317.6,43.95,51.08,2412.85,11.74,0.0024234786612703,24.234786612703875,23.36630853051444,8.203903301485838,18.809621405169693
Jean Zay H100,gpu_p6,ALIA-40b-instruct-2605,Text Generation,sonnet,vllm,benchmark_serving.py,150,2,4,8,4,2,16384,,71.67,72.01,242.88,419.23,943.86,48.09,48.09,2665.17,17.77,0.0009615014807122,9.615014807122805,35.3046068119302,10.973196640316209,18.784094275379207
Jean Zay H100,gpu_p6,Llama-3.3-70B-Instruct,Text Generation,sharegpt,vllm,benchmark_serving.py,500,1,4,4,4,1,16384,,75.11,75.11,309.32,502.36,496.63,77.84,83.59,3136.84,15.31,0.0015196182718901,15.19618271890101,30.471278587630664,10.141083667399458,18.7720836177886
Jean Zay H100,gpu_p6,ALIA-40b-instruct-2605,Text Generation,sharegpt,vllm,benchmark_serving.py,1000,4,4,16,4,4,4096,,71.91,71.91,165.97,212.22,1346.73,61.77,79.27,3154.93,15.37,0.0006721469044274,6.721469044274317,30.590968741128595,19.00903777791167,18.76912093596873
Jean Zay H100,gpu_p6,Llama-3.3-70B-Instruct,Text Generation,sharegpt,vllm,benchmark_serving.py,500,1,4,4,4,1,4096,,75.11,75.11,309.13,499.89,494.76,78.34,84.15,3121.66,15.27,0.00152149106124,15.214910612400152,30.391336880325667,10.09821110859509,18.73755170227721
Jean Zay H100,gpu_p6,Llama-3.3-70B-Instruct,Text Generation,sharegpt,vllm,benchmark_serving.py,500,1,4,4,4,1,32768,,75.11,75.11,297.69,499.16,497.19,78.98,84.89,3097.75,15.11,0.0015127219919523,15.127219919523192,30.073310396227264,10.405959219322114,18.698087257538237
Jean Zay H100,gpu_p6,ALIA-40b-instruct-2605,Text Generation,sharegpt,vllm,benchmark_serving.py,1000,4,4,16,4,4,32768,,71.91,71.91,166.3,214.45,1363.45,61.95,79.05,3139.8,15.35,0.0006646947389411,6.646947389411413,30.55064260019333,18.880336740829826,18.68888835353116
Jean Zay H100,gpu_p6,ALIA-40b-instruct-2605,Text Generation,sonnet,vllm,benchmark_serving.py,150,2,4,8,4,2,4096,,71.67,72.01,240.11,414.9,943.3,48.68,48.68,2639.1,17.59,0.000960928641439,9.60928641439087,34.94707248493426,10.991212361001208,18.66634998129093
Jean Zay H100,gpu_p6,ALIA-40b-instruct-2605,Text Generation,sharegpt,vllm,benchmark_serving.py,150,2,4,8,4,2,16384,,71.63,71.91,204.37,383.74,342.09,47.24,54.65,2244.48,10.88,0.0022523537096265,22.523537096265603,21.6550283768445,10.982433821010911,18.53509108358093
Jean Zay H100,gpu_p6,ALIA-40b-instruct-2605,Text Generation,sharegpt,vllm,benchmark_serving.py,150,2,4,8,4,2,4096,,71.67,71.91,209.4,372.96,340.76,47.34,55.17,2231.84,10.88,0.0022559613779412,22.559613779412096,21.654436755368483,10.658261700095512,18.44342092585596
Jean Zay H100,gpu_p6,ALIA-40b-instruct-2605,Text Generation,sharegpt,vllm,benchmark_serving.py,150,2,4,8,4,2,32768,,71.67,71.91,210.62,376.81,338.48,47.72,55.59,2223.47,10.83,0.0022635188664297,22.635188664297512,21.55501060734906,10.556784730794796,18.40283886621417
Jean Zay H100,gpu_p6,Llama-3.3-70B-Instruct,Text Generation,sharegpt,vllm,benchmark_serving.py,1000,2,4,8,4,2,32768,,73.71,73.71,221.37,345.55,1200.16,88.36,106.12,3307.41,16.13,0.0007170309183732,7.170309183732003,32.103433868706254,14.940642363463883,18.13407819413745
Jean Zay H100,gpu_p6,Llama-3.3-70B-Instruct,Text Generation,sonnet,sglang,benchmark_serving.py,150,1,4,4,4,1,32768,,70.22,70.5,411.96,660.96,2104.6,32.07,32.07,3136.14,20.91,0.0004610972269612,4.610972269612771,41.5430147764527,7.61272939120303,18.12842900084723
Jean Zay H100,gpu_p6,Llama-3.3-70B-Instruct,Text Generation,sonnet,sglang,benchmark_serving.py,150,1,4,4,4,1,16384,,69.93,70.22,414.56,656.55,2118.62,32.43,32.43,3106.86,20.72,0.0004579845018044,4.57984501804459,41.16546288184475,7.494355461211888,17.95159843355018
Jean Zay H100,gpu_p6,Llama-3.3-70B-Instruct,Text Generation,sharegpt,vllm,benchmark_serving.py,1000,2,4,8,4,2,4096,,73.71,73.71,220.24,345.4,1215.78,88.31,105.72,3233.33,15.76,0.0007093154396691,7.0931543966917525,31.367109436796152,14.680938975662912,17.774390175598022
Jean Zay H100,gpu_p6,Llama-3.3-70B-Instruct,Text Generation,sharegpt,vllm,benchmark_serving.py,500,4,4,16,4,4,16384,,73.71,73.71,172.43,218.21,696.12,90.87,97.88,2684.65,13.09,0.0011301095076112,11.301095076112874,26.052969151956827,15.56950646639216,17.682623906789193
Jean Zay H100,gpu_p6,Llama-3.3-70B-Instruct,Text Generation,sharegpt,vllm,benchmark_serving.py,1000,4,4,16,4,4,16384,,73.71,73.71,175.21,233.81,1402.83,97.12,117.15,3020.04,14.77,0.0006183909467565,6.183909467565395,29.396232910791777,17.236687403687004,17.61298837782128
Jean Zay H100,gpu_p6,Llama-3.3-70B-Instruct,Text Generation,sharegpt,vllm,benchmark_serving.py,500,4,4,16,4,4,32768,,73.7,73.7,174.09,303.23,701.04,91.18,98.2,2673.35,13.03,0.0011230655196424,11.230655196424156,25.93359874626821,15.356137629961513,17.54981038210309
Jean Zay H100,gpu_p6,Llama-3.3-70B-Instruct,Text Generation,sharegpt,vllm,benchmark_serving.py,500,4,4,16,4,4,4096,,73.71,73.71,177.01,216.97,696.93,90.82,97.92,2678.66,13.1,0.0011290887125001,11.290887125001412,26.07249234701459,15.132817354951698,17.546050574069987
Jean Zay H100,gpu_p6,Llama-3.3-70B-Instruct,Text Generation,sharegpt,vllm,benchmark_serving.py,1000,4,4,16,4,4,32768,,73.7,73.7,176.59,288.6,1433.02,97.78,118.91,3003.27,14.68,0.0006061671445284,6.061671445284322,29.217186235689788,17.007021915170736,17.437058624385834
Jean Zay H100,gpu_p6,Llama-3.3-70B-Instruct,Text Generation,sharegpt,vllm,benchmark_serving.py,1000,2,4,8,4,2,16384,,73.71,73.71,219.87,345.04,1183.9,88.65,106.2,3135.7,15.3,0.0007252946509519,7.252946509519492,30.451418597270703,14.261609132669305,17.383199058762845
Jean Zay H100,gpu_p6,ALIA-40b-instruct-2605,Text Generation,sonnet,vllm,benchmark_serving.py,150,4,4,16,4,4,4096,,71.59,72.01,172.06,377.04,1293.21,52.96,52.96,2344.81,15.63,0.0007147298678464,7.147298678464474,31.053007320669025,13.627862373590608,17.349019999254384
Jean Zay H100,gpu_p6,ALIA-40b-instruct-2605,Text Generation,sonnet,vllm,benchmark_serving.py,150,4,4,16,4,4,16384,,71.6,72.01,172.4,264.14,1294.08,52.93,52.94,2346.23,15.64,0.0007143112254009,7.143112254009072,31.072867854708345,13.609222737819024,17.348384513066012
Jean Zay H100,gpu_p6,Llama-3.3-70B-Instruct,Text Generation,sharegpt,vllm,benchmark_serving.py,1000,1,4,4,4,1,16384,,75.11,75.11,312.38,553.38,1177.86,83.34,99.64,3433.73,16.74,0.0007348402457305,7.348402457305782,33.317571345352945,10.9921569882835,17.34392132915469
Jean Zay H100,gpu_p6,ALIA-40b-instruct-2605,Text Generation,sonnet,vllm,benchmark_serving.py,150,4,4,16,4,4,32768,,71.59,72.01,174.85,264.11,1296.84,53.13,53.13,2337.82,15.59,0.0007127075760815,7.127075760815337,30.97345027003369,13.370431798684589,17.23271702606774
Jean Zay H100,gpu_p6,Llama-3.3-70B-Instruct,Text Generation,sharegpt,vllm,benchmark_serving.py,1000,1,4,4,4,1,32768,,75.11,75.11,310.79,556.27,1179.04,84.12,101.26,3388.73,16.6,0.0007329121531493,7.329121531493236,33.03815959099412,10.903600501946652,17.214027742268634
Jean Zay H100,gpu_p6,Llama-3.3-70B-Instruct,Text Generation,sharegpt,vllm,benchmark_serving.py,1000,4,4,16,4,4,4096,,73.71,73.71,176.3,265.29,1399.27,97.13,117.81,2944.56,14.41,0.0006194980826534,6.194980826534342,28.679648391163138,16.701985252410662,17.202009214788553
Jean Zay H100,gpu_p6,Llama-3.3-70B-Instruct,Text Generation,sharegpt,vllm,benchmark_serving.py,300,4,4,16,4,4,16384,,73.71,73.71,173.79,217.05,489.46,79.03,81.2,2226.98,10.83,0.0015391956163708,15.391956163708844,21.555175282977554,12.814201047240925,16.66256902699047
Jean Zay H100,gpu_p6,Llama-3.3-70B-Instruct,Text Generation,sharegpt,vllm,benchmark_serving.py,300,4,4,16,4,4,4096,,73.71,73.71,176.42,220.3,487.66,78.99,81.21,2224.79,10.9,0.0015435433581329,15.4354335813293,21.69371513939768,12.610758417412992,16.659353258619333
Jean Zay H100,gpu_p6,Llama-3.3-70B-Instruct,Text Generation,sharegpt,vllm,benchmark_serving.py,300,4,4,16,4,4,32768,,73.7,73.7,175.51,219.7,486.8,79.26,81.43,2214.49,10.83,0.0015444253965312,15.444253965312203,21.55458693581148,12.617457694718247,16.617192368691892
Jean Zay H100,gpu_p6,Llama-3.3-70B-Instruct,Text Generation,sharegpt,vllm,benchmark_serving.py,1000,1,4,4,4,1,4096,,75.11,75.11,308.8,556.65,1193.72,83.72,101.22,3244.75,15.86,0.0007253419987524,7.253419987524118,31.5657100971904,10.507610103626943,16.56093946196356
Jean Zay H100,gpu_p6,Llama-3.3-70B-Instruct,Text Generation,sharegpt,vllm,benchmark_serving.py,250,4,4,16,4,4,16384,,73.71,73.71,174.76,215.52,445.03,75.88,77.36,2054.04,10.01,0.0016714861183077,16.714861183077875,19.922909231850003,11.75349050125887,16.21795890147832
Jean Zay H100,gpu_p6,Llama-3.3-70B-Instruct,Text Generation,sharegpt,vllm,benchmark_serving.py,250,4,4,16,4,4,4096,,73.71,73.71,176.47,215.77,446.41,76.05,77.5,2047.23,10.0,0.0016667777851856,16.66777785185679,19.90278189604468,11.6010086700289,16.14631308869575
Jean Zay H100,gpu_p6,Llama-3.3-70B-Instruct,Text Generation,sharegpt,vllm,benchmark_serving.py,250,4,4,16,4,4,32768,,73.7,73.7,175.98,216.65,449.38,76.26,77.77,2043.95,9.99,0.0016572479740143,16.57247974014352,19.88282082241935,11.614672121832028,16.111497270257626
Jean Zay H100,gpu_p6,ALIA-40b-instruct-2605,Text Generation,sharegpt,vllm,benchmark_serving.py,150,4,4,16,4,4,4096,,71.61,71.91,168.62,258.46,487.07,54.7,63.38,1945.82,9.42,0.0016524828554903,16.524828554903742,18.74923221701684,11.539675008895742,15.685876665299634
Jean Zay H100,gpu_p6,ALIA-40b-instruct-2605,Text Generation,sharegpt,vllm,benchmark_serving.py,150,4,4,16,4,4,16384,,71.61,71.91,169.38,257.18,485.56,54.56,63.18,1924.8,9.37,0.0016575501408917,16.57550140891762,18.64921490872053,11.363797378675168,15.612818709173029
Jean Zay H100,gpu_p6,ALIA-40b-instruct-2605,Text Generation,sharegpt,vllm,benchmark_serving.py,150,4,4,16,4,4,32768,,71.6,71.91,168.55,257.07,487.08,54.88,63.63,1920.83,9.31,0.0016512822206443,16.512822206443303,18.53018672220668,11.396202907149211,15.561407966028742
Jean Zay H100,gpu_p6,gemma-3-12b-it,Text Generation,sharegpt,vllm,benchmark_serving.py,300,1,4,4,4,1,16384,,75.27,75.27,185.4,242.44,354.12,91.49,95.52,1765.56,8.63,0.0018479847726054,18.479847726054736,17.176044053906292,9.522977346278315,15.170355955995811
Jean Zay H100,gpu_p6,gemma-3-12b-it,Text Generation,sharegpt,vllm,benchmark_serving.py,500,1,4,4,4,1,16384,,75.27,75.27,192.86,281.32,592.01,97.84,101.19,2186.21,10.68,0.0012641585760517,12.6415857605178,21.256160117256663,11.335735766877526,15.152669043844128
Jean Zay H100,gpu_p6,gemma-3-12b-it,Text Generation,sharegpt,vllm,benchmark_serving.py,300,1,4,4,4,1,4096,,75.27,75.27,186.49,241.58,353.97,91.62,93.83,1760.45,8.61,0.0018538430165733,18.53843016573357,17.136190406204424,9.439916349402113,15.150144226267592
Jean Zay H100,gpu_p6,gemma-3-12b-it,Text Generation,sharegpt,vllm,benchmark_serving.py,500,1,4,4,4,1,4096,,75.27,75.27,191.48,279.55,600.23,97.82,102.2,2188.6,10.69,0.0012496094970321,12.496094970321774,21.276079098254435,11.42991435136829,15.140111775753764
Jean Zay H100,gpu_p6,gemma-3-12b-it,Text Generation,sharegpt,vllm,benchmark_serving.py,500,1,4,4,4,1,32768,,75.27,75.27,193.2,277.93,589.64,98.3,101.77,2168.36,10.62,0.001266287624571,12.662876245710452,21.13647963726147,11.223395445134576,15.08326754265352
Jean Zay H100,gpu_p6,gemma-3-12b-it,Text Generation,sonnet,vllm,benchmark_serving.py,250,1,4,4,1,1,4096,,18.81,73.83,133.09,608.95,1939.32,115.13,115.13,1953.51,13.02,0.0004609187031591,4.609187031591368,25.867594392152675,14.67811255541363,15.059101701805336
Jean Zay H100,gpu_p6,gemma-3-12b-it,Text Generation,sharegpt,vllm,benchmark_serving.py,500,2,4,8,4,2,32768,,71.57,71.57,169.33,210.88,608.13,102.59,106.28,2085.67,10.23,0.0012239902080783,12.239902080783352,20.36013559807243,12.317191283292978,15.02551402146472
Jean Zay H100,gpu_p6,gemma-3-12b-it,Text Generation,sharegpt,vllm,benchmark_serving.py,500,2,4,8,4,2,4096,,71.57,71.57,167.7,206.55,615.41,102.46,106.16,2088.72,10.21,0.001213548050435,12.13548050435057,20.32066929340188,12.45509838998211,15.02072241603011
Jean Zay H100,gpu_p6,gemma-3-12b-it,Text Generation,sharegpt,vllm,benchmark_serving.py,300,1,4,4,4,1,32768,,75.27,75.27,188.26,242.62,361.81,92.35,93.67,1753.39,8.57,0.0018253837869412,18.253837869412045,17.056632727190173,9.31366195686816,14.985931829042569
Jean Zay H100,gpu_p6,gemma-3-12b-it,Text Generation,sharegpt,vllm,benchmark_serving.py,250,1,4,4,4,1,16384,,75.27,75.27,184.78,230.48,325.9,89.15,91.02,1633.04,8.01,0.0019760112237437,19.76011223743751,15.94180603881661,8.837753003571814,14.966733175069384
Jean Zay H100,gpu_p6,gemma-3-12b-it,Text Generation,sharegpt,vllm,benchmark_serving.py,250,1,4,4,4,1,4096,,75.27,75.27,182.67,229.72,324.63,89.48,92.25,1627.42,7.96,0.0019748795323485,19.748795323485265,15.842511465225208,8.909071002353972,14.951947028914834
Jean Zay H100,gpu_p6,gemma-3-12b-it,Text Generation,sharegpt,vllm,benchmark_serving.py,500,2,4,8,4,2,16384,,71.57,71.57,168.23,212.95,625.23,102.98,108.15,2079.23,10.18,0.0011956573724233,11.956573724233584,20.26080223603792,12.35944837424954,14.908931306252164
Jean Zay H100,gpu_p6,gemma-3-12b-it,Text Generation,sonnet,vllm,benchmark_serving.py,250,1,4,4,1,1,32768,,18.81,73.83,139.32,615.97,1938.7,114.84,114.83,1957.73,13.05,0.0004611759063259,4.611759063259499,25.927172490080075,14.05203847258111,14.879889039361409
Jean Zay H100,gpu_p6,gemma-3-12b-it,Text Generation,sharegpt,vllm,benchmark_serving.py,300,2,4,8,4,2,4096,,71.57,71.57,166.91,193.95,368.6,95.85,100.19,1685.89,8.23,0.0017710399546613,17.71039954661377,16.380037659669917,10.100593134024326,14.82293845302424
Jean Zay H100,gpu_p6,gemma-3-12b-it,Text Generation,sharegpt,vllm,benchmark_serving.py,300,2,4,8,4,2,16384,,71.57,71.57,169.18,197.94,370.58,95.8,97.12,1687.75,8.25,0.0017746228926353,17.74622892635315,16.41973761792453,9.976061000118216,14.80876814509224
Jean Zay H100,gpu_p6,gemma-3-12b-it,Text Generation,sharegpt,vllm,benchmark_serving.py,300,2,4,8,4,2,32768,,71.57,71.57,167.95,196.5,369.82,95.96,99.33,1681.86,8.24,0.0017695669869582,17.695669869582915,16.399652564936986,10.01405180113129,14.79690620409878
Jean Zay H100,gpu_p6,gemma-3-12b-it,Text Generation,sonnet,vllm,benchmark_serving.py,250,1,4,4,1,1,16384,,18.81,73.83,139.68,613.94,1956.33,115.52,115.52,1945.7,12.97,0.0004571700261044,4.571700261044085,25.76822946182869,13.929696449026345,14.773078969465177
Jean Zay H100,gpu_p6,gemma-3-12b-it,Text Generation,sharegpt,vllm,benchmark_serving.py,250,1,4,4,4,1,32768,,75.27,75.27,184.21,232.16,330.89,90.73,91.69,1609.46,7.88,0.0019481404998928,19.481404998928525,15.683214166470874,8.737093534552956,14.751840447292745
Jean Zay H100,gpu_p6,Llama-3.1-405B-Instruct,Text Generation,sonnet,sglang,benchmark_serving.py,500,4,4,16,4,4,4096,,66.96,67.07,379.69,659.05,5776.27,153.3,153.3,2626.36,17.51,0.0001643960827701,1.6439608277013973,34.78806718938526,6.917116595117069,14.600366836246929
Jean Zay H100,gpu_p6,gemma-3-12b-it,Text Generation,sharegpt,vllm,benchmark_serving.py,250,2,4,8,4,2,16384,,71.57,71.57,168.82,193.39,342.12,93.45,95.95,1561.71,7.63,0.0018813967489464,18.81396748946418,15.185807154600024,9.250740433597915,14.52016031773316
Jean Zay H100,gpu_p6,gemma-3-12b-it,Text Generation,sharegpt,vllm,benchmark_serving.py,250,2,4,8,4,2,4096,,71.57,71.57,166.86,191.17,339.56,93.99,98.49,1554.33,7.6,0.0018795579279753,18.7955792797534,15.126040219472063,9.315174397698668,14.514206437000231
Jean Zay H100,gpu_p6,Llama-3.1-405B-Instruct,Text Generation,sonnet,sglang,benchmark_serving.py,500,4,4,16,4,4,16384,,67.55,67.65,365.93,666.28,5819.71,155.0,155.0,2590.72,17.27,0.0001631398549034,1.6313985490341305,34.311277573917074,7.079824010056568,14.486053565021512
Jean Zay H100,gpu_p6,gemma-3-12b-it,Text Generation,sharegpt,vllm,benchmark_serving.py,250,2,4,8,4,2,32768,,71.57,71.57,169.24,193.73,342.85,94.37,95.53,1543.83,7.57,0.001877053026748,18.77053026748005,15.066124919427615,9.122134247222878,14.42354572265993
Jean Zay H100,gpu_p6,gemma-3-12b-it,Text Generation,sharegpt,vllm,benchmark_serving.py,1000,2,4,8,4,2,32768,,71.57,71.57,167.5,227.98,1276.46,105.74,118.59,2308.1,11.29,0.0006663157403767,6.663157403767349,22.47008825596385,13.779701492537312,14.31480800192055
Jean Zay H100,gpu_p6,gemma-3-12b-it,Text Generation,sharegpt,vllm,benchmark_serving.py,1000,1,4,4,4,1,4096,,75.29,75.29,191.65,334.96,1250.67,101.63,111.19,2399.37,11.75,0.0006832981434789,6.83298143478944,23.38547853279804,12.51954082963736,14.280529454463698
Jean Zay H100,gpu_p6,gemma-3-12b-it,Text Generation,sharegpt,vllm,benchmark_serving.py,1000,1,4,4,4,1,32768,,75.29,75.29,196.6,333.25,1243.49,101.48,112.82,2403.9,11.79,0.0006859698584844,6.859698584844183,23.464915614172348,12.22736520854527,14.223125694400109
Jean Zay H100,gpu_p6,gemma-3-12b-it,Text Generation,sharegpt,vllm,benchmark_serving.py,1000,2,4,8,4,2,4096,,71.57,71.57,166.18,226.82,1272.95,105.49,117.08,2272.13,11.12,0.0006686637423772,6.686637423772334,22.131685623562905,13.672704296545914,14.173495210988673
Jean Zay H100,gpu_p6,gemma-3-12b-it,Text Generation,sharegpt,vllm,benchmark_serving.py,1000,2,4,8,4,2,16384,,71.57,71.57,166.16,228.29,1261.68,105.65,119.38,2266.67,11.09,0.0006726261342158,6.726261342158189,22.072009605928628,13.641490129995184,14.156688963947978
Jean Zay H100,gpu_p6,gemma-3-12b-it,Text Generation,sharegpt,vllm,benchmark_serving.py,1000,1,4,4,4,1,16384,,75.29,75.29,195.46,334.59,1257.22,101.81,111.47,2357.68,11.54,0.0006800408024481,6.800408024481469,22.96758190459307,12.06221221733347,13.981024485432052
Jean Zay H100,gpu_p6,gemma-3-12b-it,Text Generation,sonnet,vllm,benchmark_serving.py,300,1,4,4,1,1,16384,,18.81,73.83,139.3,618.17,2679.5,128.46,128.46,1878.71,12.52,0.0003405507386545,3.405507386545521,24.87423444002052,13.486791098348888,13.9308853725041
Jean Zay H100,gpu_p6,gemma-3-12b-it,Text Generation,sonnet,vllm,benchmark_serving.py,300,1,4,4,1,1,32768,,18.81,73.83,140.87,614.18,2665.07,128.2,128.2,1883.41,12.56,0.0003422934344696,3.4229343446963347,24.953590615885272,13.36984453751686,13.92636873860314
Jean Zay H100,gpu_p6,gemma-3-12b-it,Text Generation,sonnet,vllm,benchmark_serving.py,300,1,4,4,1,1,4096,,18.81,73.83,140.02,614.35,2673.59,128.76,128.75,1876.83,12.51,0.0003411688444611,3.411688444611238,24.8543335768046,13.404013712326808,13.899731875225964
Jean Zay H100,gpu_p6,gemma-3-12b-it,Text Generation,sharegpt,vllm,benchmark_serving.py,500,4,4,16,4,4,4096,,71.57,71.57,147.57,168.61,815.02,111.82,117.6,1914.27,9.4,0.0009574508827697,9.57450882769714,18.708133931495524,12.971945517381585,13.767121103687613
Jean Zay H100,gpu_p6,gemma-3-12b-it,Text Generation,sharegpt,vllm,benchmark_serving.py,500,4,4,16,4,4,32768,,71.57,71.57,147.65,168.19,842.7,111.76,116.28,1920.05,9.41,0.0009339335412892,9.33933541289202,18.728214630000103,13.004063664070436,13.704267387085862
Jean Zay H100,gpu_p6,Llama-3.1-405B-Instruct,Text Generation,sonnet,sglang,benchmark_serving.py,1000,4,4,16,4,4,32768,,67.69,67.79,305.58,667.56,5676.11,336.41,336.41,2365.54,15.77,0.0001575068554858,1.5750685548588503,31.331129336373674,7.741147980888802,13.665274636903476
Jean Zay H100,gpu_p6,Llama-3.1-405B-Instruct,Text Generation,sonnet,sglang,benchmark_serving.py,1000,4,4,16,4,4,4096,,66.97,67.07,313.09,653.06,6348.77,327.88,327.88,2384.24,15.89,0.0001427647536665,1.4276475366655577,31.5696013132622,7.615190520297678,13.655925575470697
Jean Zay H100,gpu_p6,gemma-3-12b-it,Text Generation,sharegpt,vllm,benchmark_serving.py,1000,4,4,16,4,4,4096,,71.57,71.57,149.04,185.05,1515.3,115.6,131.16,2136.62,10.44,0.0005675175646686,5.675175646686266,20.7784717707004,14.33588298443371,13.581722676930257
Jean Zay H100,gpu_p6,gemma-3-12b-it,Text Generation,sharegpt,vllm,benchmark_serving.py,500,4,4,16,4,4,16384,,71.57,71.57,148.78,169.15,858.17,112.28,116.78,1910.88,9.35,0.0009197685862237,9.197685862237062,18.608945803367305,12.843661782497648,13.564226536704734
Jean Zay H100,gpu_p6,gemma-3-12b-it,Text Generation,sharegpt,vllm,benchmark_serving.py,1000,4,4,16,4,4,32768,,71.57,71.57,148.5,175.48,1534.51,115.74,131.25,2131.97,10.41,0.0005613247263541,5.613247263541959,20.71883391368478,14.356700336700335,13.5470517080012
Jean Zay H100,gpu_p6,gemma-3-12b-it,Text Generation,sharegpt,vllm,benchmark_serving.py,1000,4,4,16,4,4,16384,,71.57,71.57,150.23,177.99,1538.11,116.03,130.13,2125.89,10.4,0.0005604532946246,5.604532946246924,20.69874033956064,14.150901950342808,13.471401541284273
Jean Zay H100,gpu_p6,Llama-3.1-405B-Instruct,Text Generation,sonnet,sglang,benchmark_serving.py,500,4,4,16,4,4,32768,,67.69,67.79,384.06,668.88,5879.14,170.86,170.86,2404.1,16.03,0.0001607494783679,1.607494783679427,31.84764702722581,6.259699005363745,13.37785189742418
Jean Zay H100,gpu_p6,Llama-3.1-405B-Instruct,Text Generation,sonnet,sglang,benchmark_serving.py,1000,4,4,16,4,4,16384,,67.55,67.65,309.81,677.33,6026.65,344.53,344.53,2299.34,15.33,0.0001489045834319,1.4890458343198263,30.45693960694181,7.421774636067267,13.236602933570484
Jean Zay H100,gpu_p6,Llama-3.1-405B-Instruct,Text Generation,sharegpt,sglang,benchmark_serving.py,500,4,4,16,4,4,16384,,67.25,67.35,399.75,638.56,353.71,127.42,150.14,1923.63,9.1,0.001584108226274,15.84108226274019,18.11430774086396,4.812082551594747,13.084699017735732
Jean Zay H100,gpu_p6,Llama-3.1-405B-Instruct,Text Generation,sharegpt,sglang,benchmark_serving.py,500,4,4,16,4,4,32768,,67.53,67.63,400.59,608.67,346.46,128.44,151.32,1906.0,9.01,0.0015968828846092,15.968828846092428,17.935217048474943,4.757981976584538,13.049929836659958
Jean Zay H100,gpu_p6,Llama-3.1-405B-Instruct,Text Generation,sonnet,vllm,benchmark_serving.py,1000,4,4,16,4,4,4096,,74.57,74.57,215.27,327.0,3694.97,458.79,458.79,2054.04,13.69,0.0002167998178881,2.16799817888153,27.19872285066232,9.541691828866076,13.038026535282054
Jean Zay H100,gpu_p6,Llama-3.1-405B-Instruct,Text Generation,sonnet,vllm,benchmark_serving.py,1000,4,4,16,4,4,32768,,74.56,74.56,216.32,326.12,3666.08,458.94,458.94,2055.13,13.7,0.000218151990855,2.1815199085506856,27.21855444864972,9.50041605029586,13.036158417542811
Jean Zay H100,gpu_p6,Llama-3.1-405B-Instruct,Text Generation,sharegpt,sglang,benchmark_serving.py,500,4,4,16,4,4,4096,,66.79,66.89,414.25,609.92,346.34,127.83,151.28,1911.35,9.02,0.0015988488288432,15.98848828843233,17.95526591229815,4.614001207000603,13.017356814488558
Jean Zay H100,gpu_p6,Llama-3.1-405B-Instruct,Text Generation,sonnet,vllm,benchmark_serving.py,1000,4,4,16,4,4,16384,,74.56,74.56,218.87,323.23,3683.03,461.41,461.41,2043.96,13.63,0.0002171151904643,2.171151904643008,27.07942281990095,9.33869420203774,12.933577550997024
Jean Zay H100,gpu_p6,gemma-3-12b-it,Text Generation,sharegpt,vllm,benchmark_serving.py,300,4,4,16,4,4,32768,,71.57,71.57,146.24,161.46,597.38,103.83,109.41,1549.29,7.61,0.001233623646098,12.336236460980484,15.145605883486416,10.594160284463896,12.733957688147193
Jean Zay H100,gpu_p6,gemma-3-12b-it,Text Generation,sonnet,vllm,benchmark_serving.py,500,1,4,4,1,1,32768,,18.81,73.83,141.98,617.74,12562.9,141.7,141.69,1841.33,12.28,7.784348632951615e-05,0.7784348632951614,24.39729220278268,12.968939287223552,12.709807774378
Jean Zay H100,gpu_p6,gemma-3-12b-it,Text Generation,sharegpt,vllm,benchmark_serving.py,300,4,4,16,4,4,4096,,71.57,71.57,147.45,162.19,598.04,104.21,105.9,1547.68,7.58,0.0012373940481346,12.373940481346288,15.086113447269268,10.496303831807394,12.695235561907657
Jean Zay H100,gpu_p6,gemma-3-12b-it,Text Generation,sharegpt,vllm,benchmark_serving.py,300,4,4,16,4,4,16384,,71.57,71.57,148.41,163.31,598.87,103.93,105.61,1547.14,7.6,0.0012369960787224,12.369960787224304,15.125698187478292,10.424769220402938,12.684450201927824
Jean Zay H100,gpu_p6,gemma-3-12b-it,Text Generation,sonnet,vllm,benchmark_serving.py,500,1,4,4,1,1,4096,,18.81,73.83,141.3,611.53,12618.56,142.17,142.17,1835.18,12.23,7.750195692441234e-05,0.7750195692441234,24.298072869584985,12.987827317763625,12.680956170886256
Jean Zay H100,gpu_p6,gemma-3-12b-it,Text Generation,sonnet,vllm,benchmark_serving.py,500,1,4,4,1,1,16384,,18.81,73.83,143.21,612.53,12652.99,142.17,142.17,1833.68,12.22,7.729570166332621e-05,0.7729570166332621,24.278205319898152,12.804133789539836,12.614718007073428
Jean Zay H100,gpu_p6,Llama-3.3-70B-Instruct,Text Generation,sharegpt,vllm,benchmark_serving.py,150,1,4,4,4,1,16384,,75.1,75.11,327.15,633.24,473.38,68.08,73.63,1647.19,8.04,0.0016257783413809,16.25778341380936,16.001894117433828,5.034968668806359,12.57948033464072
Jean Zay H100,gpu_p6,gemma-3-12b-it,Text Generation,sonnet,vllm,benchmark_serving.py,1000,1,4,4,1,1,32768,,18.81,73.83,141.91,616.19,29345.24,141.02,141.01,1842.95,12.29,3.3752687979688983e-05,0.3375268797968898,24.417170285246108,12.986752166866324,12.572357729511843
Jean Zay H100,gpu_p6,gemma-3-12b-it,Text Generation,sonnet,vllm,benchmark_serving.py,1000,1,4,4,1,1,4096,,18.81,73.83,141.59,616.05,29354.71,141.37,141.37,1840.81,12.27,3.3741094459881e-05,0.33741094459881,24.377510630949555,13.00098877039339,12.56338974221233
Jean Zay H100,gpu_p6,Llama-3.3-70B-Instruct,Text Generation,sharegpt,vllm,benchmark_serving.py,150,2,4,8,4,2,32768,,73.53,73.71,227.81,433.62,491.68,72.65,78.47,1543.89,7.51,0.0015556938394523,15.556938394523955,14.947291349748614,6.777094947544007,12.540108496266756
Jean Zay H100,gpu_p6,Llama-3.3-70B-Instruct,Text Generation,sharegpt,vllm,benchmark_serving.py,150,2,4,8,4,2,16384,,73.52,73.71,227.63,435.97,493.52,72.73,78.54,1540.2,7.53,0.0015508925386559,15.508925386559966,14.986730243647148,6.766243465272592,12.533720823157648
Jean Zay H100,gpu_p6,Llama-3.3-70B-Instruct,Text Generation,sharegpt,vllm,benchmark_serving.py,150,2,4,8,4,2,4096,,73.52,73.71,226.46,501.01,493.39,73.08,78.84,1532.04,7.5,0.0015496428073329,15.496428073329096,14.926926224716476,6.765168241632076,12.50879429865776
Jean Zay H100,gpu_p6,Llama-3.3-70B-Instruct,Text Generation,sharegpt,vllm,benchmark_serving.py,150,1,4,4,4,1,4096,,75.1,75.11,325.04,632.09,472.11,68.97,74.44,1625.9,7.94,0.0016246425786327,16.24642578632701,15.802827694266266,5.002153581097711,12.497435329352982
Jean Zay H100,gpu_p6,Llama-3.3-70B-Instruct,Text Generation,sharegpt,vllm,benchmark_serving.py,150,1,4,4,4,1,32768,,75.1,75.11,323.25,630.7,471.9,69.47,75.0,1615.08,7.89,0.0016224021285915,16.224021285915928,15.703286197526754,4.996380510440835,12.45412630771158
Jean Zay H100,gpu_p6,gemma-3-12b-it,Text Generation,sonnet,vllm,benchmark_serving.py,1000,1,4,4,1,1,16384,,18.81,73.83,143.35,616.5,29498.24,141.97,141.97,1832.19,12.21,3.3577125650304974e-05,0.3357712565030497,24.25833864671438,12.781234740146497,12.451992483940804
Jean Zay H100,gpu_p6,Llama-3.1-405B-Instruct,Text Generation,sharegpt,sglang,benchmark_serving.py,250,4,4,16,4,4,32768,,67.53,67.63,417.86,549.0,231.07,120.2,126.44,1341.8,6.36,0.0020933202151933,20.93320215193318,12.65999287918348,3.211123342746374,12.449245780258504
Jean Zay H100,gpu_p6,Llama-3.1-405B-Instruct,Text Generation,sharegpt,sglang,benchmark_serving.py,250,4,4,16,4,4,16384,,67.25,67.35,426.43,579.27,235.8,119.71,126.08,1340.14,6.34,0.0020764550758944,20.76455075894433,12.620295288455829,3.142696339375748,12.356510484716296
Jean Zay H100,gpu_p6,gemma-3-12b-it,Text Generation,sonnet,vllm,benchmark_serving.py,150,2,4,8,4,2,4096,,71.43,71.7,172.5,322.76,877.19,94.19,94.19,1441.53,9.61,0.0009384648591833,9.384648591833477,19.09271786319721,8.356695652173913,12.356447203406086
Jean Zay H100,gpu_p6,gemma-3-12b-it,Text Generation,sharegpt,vllm,benchmark_serving.py,250,4,4,16,4,4,32768,,71.57,71.57,146.16,160.93,563.09,101.62,103.87,1431.38,7.01,0.0013011007312186,13.01100731218611,13.951673468252697,9.793240284619596,12.301148356427465
Jean Zay H100,gpu_p6,gemma-3-12b-it,Text Generation,sharegpt,vllm,benchmark_serving.py,250,4,4,16,4,4,16384,,71.57,71.57,147.76,161.28,563.83,101.23,103.46,1437.37,7.04,0.0013012023109353,13.01202310935304,14.01137460970223,9.727734163508392,12.300830156801478
Jean Zay H100,gpu_p6,gemma-3-12b-it,Text Generation,sharegpt,vllm,benchmark_serving.py,250,4,4,16,4,4,4096,,71.57,71.57,147.69,163.34,563.3,101.55,105.31,1436.03,7.02,0.0012984314947543,12.98431494754337,13.971699663906309,9.723271717787258,12.276491917584814
Jean Zay H100,gpu_p6,gemma-3-12b-it,Text Generation,sonnet,vllm,benchmark_serving.py,150,2,4,8,4,2,16384,,71.44,71.7,174.94,325.84,879.15,94.58,94.58,1435.96,9.57,0.0009360578858196,9.360578858196591,19.01328536938009,8.208299988567509,12.273769833717674
Jean Zay H100,gpu_p6,gemma-3-12b-it,Text Generation,sonnet,vllm,benchmark_serving.py,150,2,4,8,4,2,32768,,71.44,71.7,178.89,330.24,878.76,94.08,94.08,1443.06,9.62,0.0009372773966183,9.372773966183033,19.11258804416664,8.066744927050143,12.266381460174934
Jean Zay H100,gpu_p6,gemma-3-12b-it,Text Generation,sonnet,vllm,benchmark_serving.py,150,1,4,4,4,1,16384,,75.27,75.27,205.38,476.73,855.39,91.6,91.6,1482.61,9.88,0.0009628438556119,9.628438556119354,19.62919255740407,7.218862596163209,12.257630609370192
Jean Zay H100,gpu_p6,gemma-3-12b-it,Text Generation,sonnet,vllm,benchmark_serving.py,150,1,4,4,4,1,4096,,75.27,75.27,212.83,484.01,858.33,91.07,91.07,1489.98,9.93,0.0009611041164089,9.611041164089306,19.728518911134667,7.000798759573368,12.21570602863963
Jean Zay H100,gpu_p6,gemma-3-12b-it,Text Generation,sharegpt,vllm,benchmark_serving.py,150,1,4,4,1,1,4096,,18.81,73.83,116.04,602.19,528.53,89.87,94.78,1220.62,5.99,0.0014021705600269,14.021705600269218,11.92149713437849,10.518958979662184,12.18675580327212
Jean Zay H100,gpu_p6,gemma-3-12b-it,Text Generation,sharegpt,vllm,benchmark_serving.py,150,1,4,4,1,1,16384,,18.81,73.83,115.91,592.51,531.34,89.88,95.72,1221.77,5.98,0.0013948168605462,13.9481686054621,11.90174644675219,10.54067811232853,12.16198811369799
Jean Zay H100,gpu_p6,gemma-3-12b-it,Text Generation,sharegpt,vllm,benchmark_serving.py,150,1,4,4,1,1,32768,,18.81,73.83,116.53,604.67,528.87,89.99,93.81,1220.19,5.97,0.0014031739795417,14.031739795417232,11.881865825014678,10.471037501072686,12.16135791129011
Jean Zay H100,gpu_p6,gemma-3-12b-it,Text Generation,sharegpt,vllm,benchmark_serving.py,250,1,4,4,1,1,16384,,18.81,73.83,120.71,605.28,918.16,101.95,114.55,1524.78,7.48,0.0008813212768582,8.813212768582659,14.886970096458828,12.631762074393174,12.10022603791992
Jean Zay H100,gpu_p6,gemma-3-12b-it,Text Generation,sonnet,vllm,benchmark_serving.py,150,1,4,4,4,1,32768,,75.27,75.27,213.39,480.63,864.27,92.06,92.06,1474.7,9.83,0.0009538435124333,9.538435124333503,19.529818865230077,6.910820563287877,12.094668936703735
Jean Zay H100,gpu_p6,gemma-3-12b-it,Text Generation,sharegpt,vllm,benchmark_serving.py,250,1,4,4,1,1,4096,,18.81,73.83,120.06,613.09,924.25,102.36,112.68,1520.52,7.45,0.0008777396448665,8.777396448665398,14.827351322342714,12.664667666166917,12.078307895316172
Jean Zay H100,gpu_p6,Llama-3.1-405B-Instruct,Text Generation,sharegpt,sglang,benchmark_serving.py,250,4,4,16,4,4,4096,,66.79,66.89,410.86,547.59,255.81,121.07,127.37,1329.7,6.31,0.0019831432821021,19.83143282102132,12.56039550602166,3.236382222654919,12.048863942444187
Jean Zay H100,gpu_p6,gemma-3-12b-it,Text Generation,sharegpt,vllm,benchmark_serving.py,300,1,4,4,1,1,16384,,18.81,73.83,122.44,610.79,1176.74,108.07,122.45,1625.04,7.94,0.0007106007418671,7.106007418671745,15.80278705189286,13.272133289774583,12.036072772719834
Jean Zay H100,gpu_p6,gemma-3-12b-it,Text Generation,sharegpt,vllm,benchmark_serving.py,300,1,4,4,1,1,4096,,18.81,73.83,122.85,610.0,1181.19,107.78,122.14,1625.86,7.96,0.0007086619753243,7.086619753243899,15.842437477812734,13.234513634513634,12.03092382160362
Jean Zay H100,gpu_p6,gemma-3-12b-it,Text Generation,sharegpt,vllm,benchmark_serving.py,300,1,4,4,1,1,32768,,18.81,73.83,121.85,613.46,1168.4,108.23,123.68,1619.98,7.9,0.0007141275860345,7.141275860345209,15.723323586505147,13.294870742716457,12.028322449598388
Jean Zay H100,gpu_p6,gemma-3-12b-it,Text Generation,sharegpt,vllm,benchmark_serving.py,250,1,4,4,1,1,32768,,18.81,73.83,121.5,613.25,922.79,102.71,113.23,1515.98,7.41,0.000878171296093,8.78171296093016,14.7479132723728,12.477201646090537,11.992777446071978
Jean Zay H100,gpu_p6,gemma-3-12b-it,Text Generation,sharegpt,vllm,benchmark_serving.py,150,1,4,4,4,1,4096,,75.27,75.27,190.13,473.74,397.2,88.93,94.09,1208.38,5.93,0.0017234841956499,17.23484195649926,11.80208249952648,6.355546205228003,11.906329100721711
Jean Zay H100,gpu_p6,gemma-3-12b-it,Text Generation,sharegpt,vllm,benchmark_serving.py,150,1,4,4,4,1,16384,,75.27,75.27,191.71,469.24,399.78,89.25,92.34,1204.21,5.89,0.0017200749952697,17.200749952697937,11.722662424593008,6.281414636690835,11.844012892019988
Jean Zay H100,gpu_p6,gemma-3-12b-it,Text Generation,sonnet,vllm,benchmark_serving.py,150,1,4,4,1,1,4096,,18.81,73.83,126.27,608.16,1470.9,94.68,94.68,1387.9,9.25,0.0006023153000132,6.023153000132509,18.377518519843967,10.99152609487606,11.813516667152342
Jean Zay H100,gpu_p6,gemma-3-12b-it,Text Generation,sonnet,vllm,benchmark_serving.py,150,1,4,4,1,1,32768,,18.81,73.83,127.79,612.25,1474.98,94.69,94.69,1387.21,9.25,0.0006008315508663,6.008315508663991,18.377458000945246,10.855387745519993,11.764887071833538
Jean Zay H100,gpu_p6,gemma-3-12b-it,Text Generation,sharegpt,vllm,benchmark_serving.py,150,1,4,4,4,1,32768,,75.27,75.27,191.88,468.8,400.92,90.23,94.65,1192.19,5.83,0.0017070672584499,17.070672584499828,11.603258209378808,6.213206170523244,11.737362444486177
Jean Zay H100,gpu_p6,gemma-3-12b-it,Text Generation,sonnet,vllm,benchmark_serving.py,150,1,4,4,1,1,16384,,18.81,73.83,128.27,613.44,1478.07,95.01,95.01,1382.64,9.22,0.0005994880372162,5.994880372162174,18.31784920897217,10.779137756295317,11.71565213960018
Jean Zay H100,gpu_p6,Llama-3.1-405B-Instruct,Text Generation,sonnet,vllm,benchmark_serving.py,500,4,4,16,4,4,4096,,74.57,74.57,215.2,305.59,2119.3,274.11,274.11,1732.07,11.55,0.0003748800383877,3.748800383877159,22.94698214060403,8.048652416356877,11.652134831557806
Jean Zay H100,gpu_p6,Llama-3.1-405B-Instruct,Text Generation,sonnet,vllm,benchmark_serving.py,500,4,4,16,4,4,32768,,74.56,74.56,215.8,304.39,2096.8,274.77,274.77,1730.31,11.54,0.0003778803932979,3.778803932979133,22.92709177024428,8.018118628359591,11.64580250017103
Jean Zay H100,gpu_p6,Llama-3.3-70B-Instruct,Text Generation,sonnet,vllm,benchmark_serving.py,150,2,4,8,4,2,32768,,73.48,73.72,243.3,437.85,1669.14,75.68,75.68,1670.69,11.14,0.0005492996429552,5.49299642955232,22.13242313432392,6.866789971228935,11.590015442511184
Jean Zay H100,gpu_p6,Llama-3.1-405B-Instruct,Text Generation,sonnet,vllm,benchmark_serving.py,500,4,4,16,4,4,16384,,74.56,74.56,218.36,307.33,2127.99,275.83,275.83,1722.95,11.49,0.0003731830649525,3.731830649525125,22.827766310740067,7.890410331562557,11.555194272590184
Jean Zay H100,gpu_p6,Llama-3.3-70B-Instruct,Text Generation,sonnet,vllm,benchmark_serving.py,150,2,4,8,4,2,4096,,73.49,73.72,246.23,489.31,1667.39,75.92,75.92,1666.38,11.11,0.0005496831076884,5.496831076884176,22.072837155512104,6.767575031474638,11.53931120908662
Jean Zay H100,gpu_p6,gemma-3-12b-it,Text Generation,sharegpt,vllm,benchmark_serving.py,1000,1,4,4,1,1,16384,,18.81,73.83,129.15,612.09,8895.56,141.25,210.15,1927.33,9.43,0.0001081436493723,1.0814364937233427,18.76817148226936,14.923190089043748,11.524287540331516
Jean Zay H100,gpu_p6,Llama-3.3-70B-Instruct,Text Generation,sonnet,vllm,benchmark_serving.py,150,2,4,8,4,2,16384,,73.49,73.72,247.32,438.96,1668.2,76.12,76.12,1662.52,11.08,0.0005493177473577,5.493177473577815,22.013290630975145,6.7221413553291285,11.503284389253327
Jean Zay H100,gpu_p6,gemma-3-12b-it,Text Generation,sharegpt,vllm,benchmark_serving.py,150,2,4,8,4,2,16384,,71.42,71.57,169.15,307.2,421.34,94.01,98.79,1144.24,5.61,0.0016282932230436,16.282932230436057,11.16525877288342,6.764646763227904,11.497071905361553
Jean Zay H100,gpu_p6,Llama-3.3-70B-Instruct,Text Generation,sonnet,vllm,benchmark_serving.py,150,1,4,4,4,1,32768,,75.1,75.1,349.08,644.77,1645.65,71.38,71.38,1762.23,11.75,0.0005591558982559,5.591558982559927,23.34434717415078,5.04821244413888,11.453636075406084
Jean Zay H100,gpu_p6,gemma-3-12b-it,Text Generation,sharegpt,vllm,benchmark_serving.py,150,2,4,8,4,2,4096,,71.42,71.57,168.43,298.55,425.95,94.45,99.2,1140.73,5.57,0.0016139444803098,16.139444803098772,11.08586949315188,6.772724574007006,11.423878724407466
Jean Zay H100,gpu_p6,gemma-3-12b-it,Text Generation,sharegpt,vllm,benchmark_serving.py,150,2,4,8,4,2,32768,,71.42,71.57,170.23,299.72,424.43,94.58,98.17,1134.5,5.58,0.0016202728539486,16.20272853948605,11.105378569924918,6.664512718087294,11.417400486987663
Jean Zay H100,gpu_p6,gemma-3-12b-it,Text Generation,sharegpt,vllm,benchmark_serving.py,1000,1,4,4,1,1,32768,,18.81,73.83,129.74,620.35,8817.04,140.18,206.58,1907.0,9.35,0.0001091250354656,1.0912503546563652,18.608761447543507,14.69862802528133,11.401564980837982
Jean Zay H100,gpu_p6,Llama-3.1-405B-Instruct,Text Generation,sharegpt,sglang,benchmark_serving.py,1000,4,4,16,4,4,4096,,66.79,66.89,403.85,632.78,1355.19,108.81,119.61,2305.46,10.92,0.0006314686065382,6.31468606538226,21.7370407273418,5.708703726631175,11.364372302048158
Jean Zay H100,gpu_p6,gemma-3-12b-it,Text Generation,sharegpt,vllm,benchmark_serving.py,1000,1,4,4,1,1,4096,,18.81,73.83,129.36,612.01,9062.82,141.23,210.94,1899.22,9.28,0.0001062136019262,1.062136019262899,18.46975279014933,14.681663574520716,11.338974539046788
Jean Zay H100,gpu_p6,Llama-3.1-405B-Instruct,Text Generation,sharegpt,sglang,benchmark_serving.py,1000,4,4,16,4,4,16384,,67.25,67.35,414.8,622.38,1396.58,108.18,119.46,2312.89,11.01,0.0006156801418527,6.156801418527047,21.91567528723267,5.575916104146576,11.32893523328521
Jean Zay H100,gpu_p6,Llama-3.3-70B-Instruct,Text Generation,sonnet,vllm,benchmark_serving.py,150,1,4,4,4,1,16384,,75.1,75.1,353.79,643.68,1650.32,72.42,72.42,1739.44,11.6,0.0005570534102809,5.570534102809778,23.04630847953216,4.916588936939992,11.303034937817058
Jean Zay H100,gpu_p6,gemma-3-12b-it,Text Generation,sonnet,vllm,benchmark_serving.py,150,4,4,16,4,4,32768,,71.37,71.7,149.12,223.62,1188.7,100.53,100.53,1328.03,8.85,0.0007195486990559,7.195486990559521,17.582827927712284,8.905780579399142,11.27447685762014
Jean Zay H100,gpu_p6,gemma-3-12b-it,Text Generation,sharegpt,vllm,benchmark_serving.py,500,1,4,4,1,1,32768,,18.81,73.83,126.53,620.9,4342.34,127.62,169.45,1804.39,8.83,0.0002155446489963,2.155446489963164,17.57399951467555,14.26057061566427,11.271394238589728
Jean Zay H100,gpu_p6,gemma-3-12b-it,Text Generation,sharegpt,vllm,benchmark_serving.py,500,1,4,4,1,1,4096,,18.81,73.83,127.25,614.41,4338.95,127.62,174.22,1808.54,8.85,0.0002154805539574,2.154805539574081,17.613807713259124,14.212495088408645,11.269326934254057
Jean Zay H100,gpu_p6,Llama-3.1-405B-Instruct,Text Generation,sharegpt,sglang,benchmark_serving.py,1000,4,4,16,4,4,32768,,67.53,67.63,402.4,614.11,1400.47,109.52,120.9,2294.57,10.87,0.0006131621384642,6.131621384642741,21.637497310708586,5.702211729622267,11.266208109898574
Jean Zay H100,gpu_p6,gemma-3-12b-it,Text Generation,sharegpt,vllm,benchmark_serving.py,500,1,4,4,1,1,16384,,18.81,73.83,126.74,609.14,4429.25,127.57,173.05,1804.23,8.81,0.0002114223012471,2.1142230124718013,17.534380157084236,14.235679343537951,11.235942467581197
Jean Zay H100,gpu_p6,Llama-3.3-70B-Instruct,Text Generation,sonnet,vllm,benchmark_serving.py,150,1,4,4,4,1,4096,,75.1,75.1,363.23,649.09,1656.47,72.54,72.54,1735.78,11.57,0.0005550775720906,5.550775720906996,22.986779523278106,4.778735236626931,11.231964058743554
Jean Zay H100,gpu_p6,gemma-3-12b-it,Text Generation,sonnet,vllm,benchmark_serving.py,150,4,4,16,4,4,4096,,71.35,71.7,154.41,230.94,1189.2,100.55,100.55,1327.6,8.85,0.0007192692224699,7.192692224699705,17.58279022784242,8.597888737776051,11.17498842995266
Jean Zay H100,gpu_p6,gemma-3-12b-it,Text Generation,sonnet,vllm,benchmark_serving.py,150,4,4,16,4,4,16384,,71.36,71.65,155.58,231.59,1209.82,100.21,100.21,1329.82,8.87,0.0007090991604265,7.09099160426594,17.62245687948666,8.54749967862193,11.137772381634903
Jean Zay H100,gpu_p6,Llama-3.3-70B-Instruct,Text Generation,sharegpt,vllm,benchmark_serving.py,150,4,4,16,4,4,4096,,73.47,73.71,178.28,283.09,685.13,79.7,86.22,1398.53,6.81,0.0011750190940602,11.750190940602783,13.55400017077718,7.84457033879291,11.11368748628292
Jean Zay H100,gpu_p6,Llama-3.3-70B-Instruct,Text Generation,sharegpt,vllm,benchmark_serving.py,150,4,4,16,4,4,16384,,73.47,73.71,175.74,282.29,689.48,79.92,86.38,1392.09,6.8,0.0011685246208137,11.685246208137606,13.533890441707351,7.921304199385455,11.109323804750632
Jean Zay H100,gpu_p6,Llama-3.3-70B-Instruct,Text Generation,sharegpt,vllm,benchmark_serving.py,150,4,4,16,4,4,32768,,73.46,73.7,177.41,284.37,690.33,80.02,86.52,1387.47,6.78,0.0011670381738186,11.670381738186656,13.494060032275415,7.820697818612254,11.058533503913026
Jean Zay H100,gpu_p6,Llama-3.3-70B-Instruct,Text Generation,sonnet,vllm,benchmark_serving.py,150,4,4,16,4,4,4096,,73.41,73.72,181.29,287.0,2211.86,79.48,79.48,1531.34,10.21,0.0004217949907626,4.217949907626897,20.284754175991697,8.446908268520051,11.03393003435674
Jean Zay H100,gpu_p6,Llama-3.3-70B-Instruct,Text Generation,sonnet,vllm,benchmark_serving.py,150,4,4,16,4,4,32768,,73.41,73.72,182.14,292.92,2221.92,80.08,80.08,1521.11,10.14,0.0004198011821601,4.198011821601289,20.1457050122449,8.351323158010322,10.949287134071009
Jean Zay H100,gpu_p6,Llama-3.3-70B-Instruct,Text Generation,sonnet,vllm,benchmark_serving.py,150,4,4,16,4,4,16384,,73.41,73.72,180.88,287.59,2222.02,80.28,80.28,1517.79,10.12,0.0004197130841356,4.197130841356848,20.105941842124206,8.391143299425034,10.94821056819957
Jean Zay H100,gpu_p6,Llama-3.1-405B-Instruct,Text Generation,sharegpt,sglang,benchmark_serving.py,300,4,4,16,4,4,32768,,67.53,67.63,405.07,567.15,306.87,154.0,165.27,1275.23,6.02,0.0015970869134698,15.97086913469831,11.983429619512194,3.14817192090256,10.51187659112039
Jean Zay H100,gpu_p6,Llama-3.1-405B-Instruct,Text Generation,sharegpt,sglang,benchmark_serving.py,300,4,4,16,4,4,16384,,67.25,67.35,403.55,591.11,331.27,152.78,164.47,1281.29,6.06,0.0015419724912107,15.419724912107569,12.062946984114657,3.1750464626440342,10.360123312761646
Jean Zay H100,gpu_p6,Llama-3.1-405B-Instruct,Text Generation,sharegpt,sglang,benchmark_serving.py,300,4,4,16,4,4,4096,,66.79,66.89,387.59,568.64,327.25,155.12,167.22,1267.18,6.02,0.0015394325651564,15.394325651564833,11.98307194470625,3.269382595010192,10.35451761313543
Jean Zay H100,gpu_p6,Llama-3.1-405B-Instruct,Text Generation,sonnet,sglang,benchmark_serving.py,250,4,4,16,4,4,4096,,66.96,67.06,439.3,659.82,3965.97,113.95,113.95,1788.67,11.92,0.0002384432516983,2.3844325169831206,23.682177952782144,4.071636694741635,10.165571302037517
Jean Zay H100,gpu_p6,Llama-3.1-405B-Instruct,Text Generation,sonnet,sglang,benchmark_serving.py,250,4,4,16,4,4,32768,,67.68,67.78,445.5,672.28,3944.41,114.07,114.07,1788.86,11.93,0.0002396615978238,2.396615978238727,23.70193059712681,4.0153984287317614,10.15843333281845
Jean Zay H100,gpu_p6,Llama-3.1-405B-Instruct,Text Generation,sonnet,sglang,benchmark_serving.py,300,4,4,16,4,4,32768,,67.69,67.79,445.3,674.85,4257.43,115.23,115.23,1798.01,11.99,0.0002228218606071,2.228218606071005,23.82114906077348,4.037749831574219,10.148864952830875
Jean Zay H100,gpu_p6,Llama-3.1-405B-Instruct,Text Generation,sonnet,sglang,benchmark_serving.py,300,4,4,16,4,4,16384,,67.55,67.65,420.49,672.75,4435.45,114.98,114.98,1787.95,11.92,0.0002143434339104,2.1434343391041737,23.682114819403623,4.25206306927632,10.141346896061073
Jean Zay H100,gpu_p6,Llama-3.1-405B-Instruct,Text Generation,sonnet,sglang,benchmark_serving.py,250,4,4,16,4,4,16384,,67.55,67.65,439.71,666.69,4092.8,113.24,113.24,1787.38,11.92,0.0002315200681595,2.3152006815950807,23.682064802978932,4.064906415592096,10.139840317744635
Jean Zay H100,gpu_p6,Llama-3.1-405B-Instruct,Text Generation,sonnet,sglang,benchmark_serving.py,300,4,4,16,4,4,4096,,66.96,67.06,433.88,659.77,4586.31,116.42,116.42,1760.06,11.73,0.0002075054729568,2.075054729568492,23.30468486671671,4.056559417350419,9.927210476289105
Jean Zay H100,gpu_p6,gemma-3-12b-it,Text Generation,sharegpt,vllm,benchmark_serving.py,150,4,4,16,4,4,4096,,71.38,71.57,146.56,205.95,623.0,101.76,108.98,1054.43,5.14,0.0011994146856334,11.99414685633411,10.23013146842587,7.194527838427948,9.858503538715338
Jean Zay H100,gpu_p6,Llama-3.1-405B-Instruct,Text Generation,sonnet,vllm,benchmark_serving.py,250,4,4,16,4,4,4096,,74.56,74.56,209.22,352.68,1377.02,182.58,182.58,1306.72,8.71,0.0005739935023935,5.739935023935529,17.304655055761234,6.245674409712265,9.833776438204826
Jean Zay H100,gpu_p6,Llama-3.1-405B-Instruct,Text Generation,sonnet,vllm,benchmark_serving.py,250,4,4,16,4,4,16384,,74.56,74.56,205.81,270.39,1385.79,183.44,183.44,1301.62,8.68,0.0005705580628412,5.70558062841265,17.2449997710448,6.324376852436713,9.826997928595285
Jean Zay H100,gpu_p6,gemma-3-12b-it,Text Generation,sharegpt,vllm,benchmark_serving.py,150,4,4,16,4,4,32768,,71.38,71.57,146.14,206.98,633.04,101.93,108.58,1049.58,5.16,0.001185466184577,11.854661845770847,10.269512486489562,7.182017243738881,9.820464790964982
Jean Zay H100,gpu_p6,gemma-3-12b-it,Text Generation,sharegpt,vllm,benchmark_serving.py,150,4,4,16,4,4,16384,,71.38,71.57,147.63,208.83,634.71,101.66,106.16,1056.0,5.15,0.0011869013566282,11.869013566282506,10.250011779672995,7.153017679333469,9.80943427501158
Jean Zay H100,gpu_p6,Llama-3.1-405B-Instruct,Text Generation,sonnet,vllm,benchmark_serving.py,250,4,4,16,4,4,32768,,74.56,74.56,213.54,343.84,1367.83,182.56,182.56,1306.53,8.71,0.0005770506939034,5.770506939034595,17.304638392992917,6.118432143860635,9.803447698924758
Jean Zay H100,gpu_p6,Llama-3.1-405B-Instruct,Text Generation,sonnet,vllm,benchmark_serving.py,300,4,4,16,4,4,4096,,74.56,74.57,210.12,278.57,1501.27,195.47,195.47,1265.73,8.44,0.0005284825680024,5.2848256800249445,16.768188232339483,6.02384351798972,9.425654655960615
Jean Zay H100,gpu_p6,Llama-3.1-405B-Instruct,Text Generation,sonnet,vllm,benchmark_serving.py,300,4,4,16,4,4,32768,,74.56,74.56,211.01,279.46,1506.8,195.6,195.6,1264.23,8.43,0.000526870389884,5.268703898840886,16.748320682664655,5.99132742524051,9.403013133788848
Jean Zay H100,gpu_p6,Llama-3.1-405B-Instruct,Text Generation,sonnet,vllm,benchmark_serving.py,300,4,4,16,4,4,16384,,74.56,74.56,213.35,302.2,1510.49,195.98,195.98,1262.57,8.42,0.0005256379931141,5.256379931141423,16.728439090787496,5.917834544176236,9.368545521592228
Jean Zay H100,gpu_p6,Llama-3.1-405B-Instruct,Text Generation,sharegpt,sglang,benchmark_serving.py,150,4,4,16,4,4,16384,,66.93,67.35,403.22,667.39,730.06,140.34,165.69,829.86,3.92,0.0009651671186866,9.651671186866006,7.8031403967473425,2.058082436387084,6.593222318072406
Jean Zay H100,gpu_p6,Llama-3.1-405B-Instruct,Text Generation,sharegpt,vllm,benchmark_serving.py,250,4,4,16,4,4,4096,,74.58,74.58,205.71,307.96,975.23,179.88,184.17,845.93,4.02,0.000746669852458,7.46669852458037,8.00197329254662,4.112245394001263,6.57526694390358
Jean Zay H100,gpu_p6,Llama-3.1-405B-Instruct,Text Generation,sharegpt,vllm,benchmark_serving.py,250,4,4,16,4,4,16384,,74.58,74.58,204.35,330.05,974.72,179.82,183.72,846.67,4.0,0.000747238952072,7.472389520720935,7.962382592544699,4.1432346464399314,6.5736576053710944
Jean Zay H100,gpu_p6,Llama-3.1-405B-Instruct,Text Generation,sharegpt,sglang,benchmark_serving.py,150,4,4,16,4,4,32768,,67.2,67.63,394.49,656.01,745.41,140.64,164.79,829.15,3.93,0.0009516196566556,9.51619656655628,7.822920967974265,2.101827676240209,6.5678848181372524
Jean Zay H100,gpu_p6,Llama-3.1-405B-Instruct,Text Generation,sharegpt,vllm,benchmark_serving.py,250,4,4,16,4,4,32768,,74.59,74.59,203.75,273.58,987.66,181.34,185.29,840.47,3.98,0.0007383942877817,7.383942877817898,7.922483509976908,4.125006134969325,6.524186935040418
Jean Zay H100,gpu_p6,Llama-3.1-405B-Instruct,Text Generation,sharegpt,sglang,benchmark_serving.py,150,4,4,16,4,4,4096,,66.46,66.89,393.29,664.16,748.22,141.09,166.82,825.69,3.89,0.0009468531336104,9.468531336104457,7.74351864799055,2.0994431589920923,6.523918805469773
Jean Zay H100,gpu_p6,Llama-3.1-405B-Instruct,Text Generation,sharegpt,vllm,benchmark_serving.py,300,4,4,16,4,4,4096,,74.58,74.58,205.47,254.12,1112.39,194.58,201.89,892.29,4.23,0.0006627520114523,6.627520114523547,8.420083656806318,4.342677763177106,6.505842166468828
Jean Zay H100,gpu_p6,Llama-3.1-405B-Instruct,Text Generation,sharegpt,vllm,benchmark_serving.py,300,4,4,16,4,4,16384,,74.58,74.58,206.13,262.69,1105.89,194.69,202.1,892.49,4.22,0.0006654776798786,6.654776798786169,8.400280581235851,4.329743365837094,6.504237386275357
Jean Zay H100,gpu_p6,Llama-3.1-405B-Instruct,Text Generation,sharegpt,vllm,benchmark_serving.py,300,4,4,16,4,4,32768,,74.59,74.59,205.71,263.84,1109.29,195.15,202.41,890.54,4.22,0.0006636360619836,6.636360619836081,8.400194018507756,4.329104078557192,6.497741882175206
Jean Zay H100,gpu_p6,Llama-3.1-405B-Instruct,Text Generation,sonnet,sglang,benchmark_serving.py,150,4,4,16,4,4,32768,,67.25,67.78,422.44,674.56,3692.21,111.06,111.06,1062.01,7.08,0.000255471562183,2.554715621830556,14.06622604270922,2.513990152447685,6.455597014726783
Jean Zay H100,gpu_p6,Llama-3.1-405B-Instruct,Text Generation,sharegpt,vllm,benchmark_serving.py,500,4,4,16,4,4,16384,,74.58,74.58,207.82,309.9,1829.95,239.01,265.07,1051.14,4.95,0.0004284435075813,4.284435075813079,9.853597704741071,5.057934751227024,6.42547026578106
Jean Zay H100,gpu_p6,Llama-3.1-405B-Instruct,Text Generation,sharegpt,vllm,benchmark_serving.py,500,4,4,16,4,4,32768,,74.59,74.59,207.01,319.58,1832.35,240.15,265.71,1046.42,4.95,0.0004276775824241,4.2767758242416205,9.853389387180536,5.054924882855901,6.421832134397422
Jean Zay H100,gpu_p6,Llama-3.1-405B-Instruct,Text Generation,sharegpt,vllm,benchmark_serving.py,500,4,4,16,4,4,4096,,74.58,74.58,207.75,295.49,1829.48,240.5,266.82,1045.71,4.93,0.0004279356384799,4.279356384799725,9.813733153125712,5.033501805054152,6.4023710205119775
Jean Zay H100,gpu_p6,Llama-3.1-405B-Instruct,Text Generation,sonnet,sglang,benchmark_serving.py,150,4,4,16,4,4,4096,,66.57,67.06,423.73,659.38,3726.44,112.28,112.28,1051.04,7.01,0.0002531004808909,2.5310048089091364,13.927111951231035,2.4804474547471265,6.389502883966739
Jean Zay H100,gpu_p6,Llama-3.1-405B-Instruct,Text Generation,sonnet,sglang,benchmark_serving.py,150,4,4,16,4,4,16384,,67.09,67.65,411.0,669.55,3380.64,118.59,118.59,1029.31,6.86,0.0002764095505027,2.764095505027889,13.629166256502314,2.504403892944038,6.375118244662362
Jean Zay H100,gpu_p6,Llama-3.1-405B-Instruct,Text Generation,sharegpt,vllm,benchmark_serving.py,1000,4,4,16,4,4,16384,,74.58,74.58,207.18,302.35,3376.4,259.24,335.66,1153.02,5.47,0.0002518067131669,2.51806713166973,10.888345000820031,5.565305531421951,6.3390778951015445
Jean Zay H100,gpu_p6,Llama-3.1-405B-Instruct,Text Generation,sharegpt,vllm,benchmark_serving.py,1000,4,4,16,4,4,32768,,74.59,74.59,206.88,327.01,3444.16,260.7,335.68,1142.17,5.42,0.0002474916719052,2.474916719052404,10.788803318258264,5.520930007733953,6.276362415160492
Jean Zay H100,gpu_p6,Llama-3.1-405B-Instruct,Text Generation,sharegpt,vllm,benchmark_serving.py,1000,4,4,16,4,4,4096,,74.58,74.58,209.43,350.64,3531.14,259.74,333.51,1150.34,5.42,0.0002424600971295,2.424600971295149,10.789165224614107,5.492718330707157,6.250350372435438
Jean Zay H100,gpu_p6,Llama-3.1-405B-Instruct,Text Generation,sharegpt,vllm,benchmark_serving.py,150,4,4,16,4,4,16384,,74.25,74.58,207.27,577.17,2252.65,209.53,243.5,530.23,2.52,0.0003695928565092,3.695928565092693,5.016159924917879,2.55816085299368,3.780721559561572
Jean Zay H100,gpu_p6,Llama-3.1-405B-Instruct,Text Generation,sharegpt,vllm,benchmark_serving.py,150,4,4,16,4,4,4096,,74.23,74.58,206.49,561.13,2261.22,209.95,244.5,529.42,2.51,0.0003682332536722,3.6823325367220616,4.996312296730773,2.5639013995835147,3.771187691240689
Jean Zay H100,gpu_p6,Llama-3.1-405B-Instruct,Text Generation,sharegpt,vllm,benchmark_serving.py,150,4,4,16,4,4,32768,,74.26,74.59,206.97,583.05,2266.11,211.07,246.55,526.51,2.5,0.0003671435861851,3.67143586185121,4.976370957070754,2.543895250519399,3.754300798599676
Jean Zay H100,gpu_p6,Llama-3.1-405B-Instruct,Text Generation,sonnet,vllm,benchmark_serving.py,150,4,4,16,4,4,4096,,74.2,74.56,215.63,541.01,10096.02,214.87,214.87,513.19,3.42,9.500501626485877e-05,0.9500501626485875,6.794718646561236,2.3799564068079584,3.394807445309887
Jean Zay H100,gpu_p6,Llama-3.1-405B-Instruct,Text Generation,sonnet,vllm,benchmark_serving.py,150,4,4,16,4,4,32768,,74.22,74.56,218.4,543.03,10092.34,214.4,214.4,514.1,3.43,9.50467344793435e-05,0.950467344793435,6.81453442312523,2.353937728937729,3.39336067435242
Jean Zay H100,gpu_p6,Llama-3.1-405B-Instruct,Text Generation,sonnet,vllm,benchmark_serving.py,150,4,4,16,4,4,16384,,74.27,74.56,219.84,548.27,10153.99,214.91,214.91,512.4,3.42,9.448393347953148e-05,0.9448393347953148,6.794649296266139,2.3307860262008733,3.3772776629451737
