,script_timestamp,nvidia_timestamp,gpu_index,gpu_name,power_draw_watts,memory_used_MiB,utilization_percent
0,2026-05-18 16:41:58.895390,2026/05/18 16:41:58.945,0,NVIDIA A100-SXM-64GB,63.93,0,0
1,2026-05-18 16:41:58.895390,2026/05/18 16:41:58.948,1,NVIDIA A100-SXM-64GB,60.93,0,0
2,2026-05-18 16:41:58.895390,2026/05/18 16:41:58.951,2,NVIDIA A100-SXM-64GB,61.92,0,0
3,2026-05-18 16:41:58.895390,2026/05/18 16:41:58.954,3,NVIDIA A100-SXM-64GB,62.40,0,0
4,2026-05-18 16:42:04.065179,2026/05/18 16:42:04.112,0,NVIDIA A100-SXM-64GB,63.93,0,0
5,2026-05-18 16:42:04.065179,2026/05/18 16:42:04.116,1,NVIDIA A100-SXM-64GB,60.72,0,0
6,2026-05-18 16:42:04.065179,2026/05/18 16:42:04.119,2,NVIDIA A100-SXM-64GB,61.92,0,0
7,2026-05-18 16:42:04.065179,2026/05/18 16:42:04.122,3,NVIDIA A100-SXM-64GB,62.47,0,0
8,2026-05-18 16:42:09.136738,2026/05/18 16:42:09.185,0,NVIDIA A100-SXM-64GB,63.93,0,0
9,2026-05-18 16:42:09.136738,2026/05/18 16:42:09.188,1,NVIDIA A100-SXM-64GB,60.72,0,0
10,2026-05-18 16:42:09.136738,2026/05/18 16:42:09.191,2,NVIDIA A100-SXM-64GB,61.92,0,0
11,2026-05-18 16:42:09.136738,2026/05/18 16:42:09.194,3,NVIDIA A100-SXM-64GB,62.40,0,0
12,2026-05-18 16:42:14.208053,2026/05/18 16:42:14.268,0,NVIDIA A100-SXM-64GB,63.93,0,0
13,2026-05-18 16:42:14.208053,2026/05/18 16:42:14.271,1,NVIDIA A100-SXM-64GB,60.99,0,0
14,2026-05-18 16:42:14.208053,2026/05/18 16:42:14.274,2,NVIDIA A100-SXM-64GB,61.92,0,0
15,2026-05-18 16:42:14.208053,2026/05/18 16:42:14.279,3,NVIDIA A100-SXM-64GB,62.47,0,0
16,2026-05-18 16:42:19.294239,2026/05/18 16:42:19.331,0,NVIDIA A100-SXM-64GB,63.93,0,0
17,2026-05-18 16:42:19.294239,2026/05/18 16:42:19.339,1,NVIDIA A100-SXM-64GB,60.99,0,0
18,2026-05-18 16:42:19.294239,2026/05/18 16:42:19.343,2,NVIDIA A100-SXM-64GB,61.92,0,0
19,2026-05-18 16:42:19.294239,2026/05/18 16:42:19.346,3,NVIDIA A100-SXM-64GB,62.47,0,0
20,2026-05-18 16:42:24.361516,2026/05/18 16:42:24.413,0,NVIDIA A100-SXM-64GB,63.93,0,0
21,2026-05-18 16:42:24.361516,2026/05/18 16:42:24.416,1,NVIDIA A100-SXM-64GB,60.72,0,0
22,2026-05-18 16:42:24.361516,2026/05/18 16:42:24.420,2,NVIDIA A100-SXM-64GB,61.92,0,0
23,2026-05-18 16:42:24.361516,2026/05/18 16:42:24.426,3,NVIDIA A100-SXM-64GB,62.47,0,0
24,2026-05-18 16:42:29.441092,2026/05/18 16:42:29.496,0,NVIDIA A100-SXM-64GB,64.00,0,0
25,2026-05-18 16:42:29.441092,2026/05/18 16:42:29.502,1,NVIDIA A100-SXM-64GB,60.78,0,0
26,2026-05-18 16:42:29.441092,2026/05/18 16:42:29.506,2,NVIDIA A100-SXM-64GB,61.92,0,0
27,2026-05-18 16:42:29.441092,2026/05/18 16:42:29.510,3,NVIDIA A100-SXM-64GB,62.47,0,0
28,2026-05-18 16:42:34.529241,2026/05/18 16:42:34.584,0,NVIDIA A100-SXM-64GB,64.00,0,0
29,2026-05-18 16:42:34.529241,2026/05/18 16:42:34.587,1,NVIDIA A100-SXM-64GB,60.72,0,0
30,2026-05-18 16:42:34.529241,2026/05/18 16:42:34.589,2,NVIDIA A100-SXM-64GB,61.92,0,0
31,2026-05-18 16:42:34.529241,2026/05/18 16:42:34.597,3,NVIDIA A100-SXM-64GB,62.47,0,0
32,2026-05-18 16:42:39.614715,2026/05/18 16:42:39.665,0,NVIDIA A100-SXM-64GB,64.00,0,0
33,2026-05-18 16:42:39.614715,2026/05/18 16:42:39.668,1,NVIDIA A100-SXM-64GB,60.78,0,0
34,2026-05-18 16:42:39.614715,2026/05/18 16:42:39.671,2,NVIDIA A100-SXM-64GB,61.99,0,0
35,2026-05-18 16:42:39.614715,2026/05/18 16:42:39.674,3,NVIDIA A100-SXM-64GB,62.47,0,0
36,2026-05-18 16:42:44.691481,2026/05/18 16:42:44.745,0,NVIDIA A100-SXM-64GB,63.93,0,0
37,2026-05-18 16:42:44.691481,2026/05/18 16:42:44.750,1,NVIDIA A100-SXM-64GB,60.72,0,0
38,2026-05-18 16:42:44.691481,2026/05/18 16:42:44.753,2,NVIDIA A100-SXM-64GB,61.60,0,0
39,2026-05-18 16:42:44.691481,2026/05/18 16:42:44.766,3,NVIDIA A100-SXM-64GB,62.47,0,0
40,2026-05-18 16:42:49.784810,2026/05/18 16:42:49.839,0,NVIDIA A100-SXM-64GB,63.93,0,0
41,2026-05-18 16:42:49.784810,2026/05/18 16:42:49.845,1,NVIDIA A100-SXM-64GB,60.99,0,0
42,2026-05-18 16:42:49.784810,2026/05/18 16:42:49.848,2,NVIDIA A100-SXM-64GB,61.60,0,0
43,2026-05-18 16:42:49.784810,2026/05/18 16:42:49.854,3,NVIDIA A100-SXM-64GB,62.47,0,0
44,2026-05-18 16:42:54.869662,2026/05/18 16:42:54.923,0,NVIDIA A100-SXM-64GB,64.00,0,0
45,2026-05-18 16:42:54.869662,2026/05/18 16:42:54.926,1,NVIDIA A100-SXM-64GB,60.78,0,0
46,2026-05-18 16:42:54.869662,2026/05/18 16:42:54.929,2,NVIDIA A100-SXM-64GB,61.66,0,0
47,2026-05-18 16:42:54.869662,2026/05/18 16:42:54.933,3,NVIDIA A100-SXM-64GB,62.47,0,0
48,2026-05-18 16:42:59.950333,2026/05/18 16:42:59.986,0,NVIDIA A100-SXM-64GB,63.93,0,0
49,2026-05-18 16:42:59.950333,2026/05/18 16:42:59.989,1,NVIDIA A100-SXM-64GB,60.78,0,0
50,2026-05-18 16:42:59.950333,2026/05/18 16:42:59.992,2,NVIDIA A100-SXM-64GB,61.60,0,0
51,2026-05-18 16:42:59.950333,2026/05/18 16:42:59.994,3,NVIDIA A100-SXM-64GB,62.47,0,0
52,2026-05-18 16:43:05.008928,2026/05/18 16:43:05.116,0,NVIDIA A100-SXM-64GB,64.00,0,0
53,2026-05-18 16:43:05.008928,2026/05/18 16:43:05.119,1,NVIDIA A100-SXM-64GB,60.78,0,0
54,2026-05-18 16:43:05.008928,2026/05/18 16:43:05.136,2,NVIDIA A100-SXM-64GB,61.66,0,0
55,2026-05-18 16:43:05.008928,2026/05/18 16:43:05.153,3,NVIDIA A100-SXM-64GB,62.53,0,0
56,2026-05-18 16:43:10.193758,2026/05/18 16:43:10.304,0,NVIDIA A100-SXM-64GB,64.00,0,0
57,2026-05-18 16:43:10.193758,2026/05/18 16:43:10.307,1,NVIDIA A100-SXM-64GB,60.72,0,0
58,2026-05-18 16:43:10.193758,2026/05/18 16:43:10.315,2,NVIDIA A100-SXM-64GB,61.60,0,0
59,2026-05-18 16:43:10.193758,2026/05/18 16:43:10.332,3,NVIDIA A100-SXM-64GB,62.47,0,0
60,2026-05-18 16:43:15.397170,2026/05/18 16:43:15.511,0,NVIDIA A100-SXM-64GB,63.93,0,0
61,2026-05-18 16:43:15.397170,2026/05/18 16:43:15.514,1,NVIDIA A100-SXM-64GB,60.78,0,0
62,2026-05-18 16:43:15.397170,2026/05/18 16:43:15.522,2,NVIDIA A100-SXM-64GB,61.60,0,0
63,2026-05-18 16:43:15.397170,2026/05/18 16:43:15.542,3,NVIDIA A100-SXM-64GB,62.47,0,0
64,2026-05-18 16:43:20.591406,2026/05/18 16:43:20.694,0,NVIDIA A100-SXM-64GB,64.00,0,0
65,2026-05-18 16:43:20.591406,2026/05/18 16:43:20.705,1,NVIDIA A100-SXM-64GB,60.78,0,0
66,2026-05-18 16:43:20.591406,2026/05/18 16:43:20.719,2,NVIDIA A100-SXM-64GB,61.60,0,0
67,2026-05-18 16:43:20.591406,2026/05/18 16:43:20.723,3,NVIDIA A100-SXM-64GB,62.47,0,0
68,2026-05-18 16:43:25.774773,2026/05/18 16:43:25.876,0,NVIDIA A100-SXM-64GB,63.93,0,0
69,2026-05-18 16:43:25.774773,2026/05/18 16:43:25.887,1,NVIDIA A100-SXM-64GB,60.72,0,0
70,2026-05-18 16:43:25.774773,2026/05/18 16:43:25.902,2,NVIDIA A100-SXM-64GB,61.60,0,0
71,2026-05-18 16:43:25.774773,2026/05/18 16:43:25.915,3,NVIDIA A100-SXM-64GB,62.40,0,0
72,2026-05-18 16:43:30.955695,2026/05/18 16:43:31.020,0,NVIDIA A100-SXM-64GB,63.93,0,0
73,2026-05-18 16:43:30.955695,2026/05/18 16:43:31.023,1,NVIDIA A100-SXM-64GB,60.72,0,0
74,2026-05-18 16:43:30.955695,2026/05/18 16:43:31.034,2,NVIDIA A100-SXM-64GB,61.60,0,0
75,2026-05-18 16:43:30.955695,2026/05/18 16:43:31.037,3,NVIDIA A100-SXM-64GB,62.40,0,0
76,2026-05-18 16:43:36.052904,2026/05/18 16:43:36.107,0,NVIDIA A100-SXM-64GB,64.06,0,0
77,2026-05-18 16:43:36.052904,2026/05/18 16:43:36.135,1,NVIDIA A100-SXM-64GB,60.84,0,0
78,2026-05-18 16:43:36.052904,2026/05/18 16:43:36.139,2,NVIDIA A100-SXM-64GB,61.66,0,0
79,2026-05-18 16:43:36.052904,2026/05/18 16:43:36.164,3,NVIDIA A100-SXM-64GB,62.53,0,0
80,2026-05-18 16:43:41.189048,2026/05/18 16:43:41.236,0,NVIDIA A100-SXM-64GB,63.93,0,0
81,2026-05-18 16:43:41.189048,2026/05/18 16:43:41.239,1,NVIDIA A100-SXM-64GB,60.72,0,0
82,2026-05-18 16:43:41.189048,2026/05/18 16:43:41.242,2,NVIDIA A100-SXM-64GB,61.60,0,0
83,2026-05-18 16:43:41.189048,2026/05/18 16:43:41.245,3,NVIDIA A100-SXM-64GB,62.47,0,0
84,2026-05-18 16:43:46.263502,2026/05/18 16:43:46.332,0,NVIDIA A100-SXM-64GB,63.93,0,0
85,2026-05-18 16:43:46.263502,2026/05/18 16:43:46.338,1,NVIDIA A100-SXM-64GB,60.78,0,0
86,2026-05-18 16:43:46.263502,2026/05/18 16:43:46.341,2,NVIDIA A100-SXM-64GB,61.60,0,0
87,2026-05-18 16:43:46.263502,2026/05/18 16:43:46.344,3,NVIDIA A100-SXM-64GB,62.47,0,0
88,2026-05-18 16:43:51.377311,2026/05/18 16:43:51.484,0,NVIDIA A100-SXM-64GB,64.00,0,0
89,2026-05-18 16:43:51.377311,2026/05/18 16:43:51.488,1,NVIDIA A100-SXM-64GB,60.72,0,0
90,2026-05-18 16:43:51.377311,2026/05/18 16:43:51.490,2,NVIDIA A100-SXM-64GB,61.60,0,0
91,2026-05-18 16:43:51.377311,2026/05/18 16:43:51.507,3,NVIDIA A100-SXM-64GB,62.13,0,0
92,2026-05-18 16:43:56.537496,2026/05/18 16:43:56.598,0,NVIDIA A100-SXM-64GB,63.65,0,0
93,2026-05-18 16:43:56.537496,2026/05/18 16:43:56.606,1,NVIDIA A100-SXM-64GB,60.72,0,0
94,2026-05-18 16:43:56.537496,2026/05/18 16:43:56.609,2,NVIDIA A100-SXM-64GB,61.60,0,0
95,2026-05-18 16:43:56.537496,2026/05/18 16:43:56.611,3,NVIDIA A100-SXM-64GB,62.13,0,0
96,2026-05-18 16:44:01.635252,2026/05/18 16:44:01.766,0,NVIDIA A100-SXM-64GB,63.72,4,0
97,2026-05-18 16:44:01.635252,2026/05/18 16:44:01.777,1,NVIDIA A100-SXM-64GB,60.78,4,0
98,2026-05-18 16:44:01.635252,2026/05/18 16:44:01.783,2,NVIDIA A100-SXM-64GB,61.66,4,0
99,2026-05-18 16:44:01.635252,2026/05/18 16:44:01.790,3,NVIDIA A100-SXM-64GB,62.13,4,0
100,2026-05-18 16:44:06.830163,2026/05/18 16:44:06.932,0,NVIDIA A100-SXM-64GB,63.78,4,0
101,2026-05-18 16:44:06.830163,2026/05/18 16:44:06.955,1,NVIDIA A100-SXM-64GB,60.84,4,0
102,2026-05-18 16:44:06.830163,2026/05/18 16:44:06.959,2,NVIDIA A100-SXM-64GB,61.66,4,0
103,2026-05-18 16:44:06.830163,2026/05/18 16:44:06.974,3,NVIDIA A100-SXM-64GB,62.19,4,0
104,2026-05-18 16:44:12.034429,2026/05/18 16:44:12.154,0,NVIDIA A100-SXM-64GB,63.93,4,0
105,2026-05-18 16:44:12.034429,2026/05/18 16:44:12.161,1,NVIDIA A100-SXM-64GB,60.72,4,0
106,2026-05-18 16:44:12.034429,2026/05/18 16:44:12.167,2,NVIDIA A100-SXM-64GB,61.60,4,0
107,2026-05-18 16:44:12.034429,2026/05/18 16:44:12.172,3,NVIDIA A100-SXM-64GB,62.40,4,0
108,2026-05-18 16:44:17.199884,2026/05/18 16:44:17.305,0,NVIDIA A100-SXM-64GB,63.72,4,0
109,2026-05-18 16:44:17.199884,2026/05/18 16:44:17.313,1,NVIDIA A100-SXM-64GB,60.78,4,0
110,2026-05-18 16:44:17.199884,2026/05/18 16:44:17.331,2,NVIDIA A100-SXM-64GB,61.60,4,0
111,2026-05-18 16:44:17.199884,2026/05/18 16:44:17.363,3,NVIDIA A100-SXM-64GB,62.13,4,0
112,2026-05-18 16:44:22.397241,2026/05/18 16:44:22.456,0,NVIDIA A100-SXM-64GB,63.93,4,0
113,2026-05-18 16:44:22.397241,2026/05/18 16:44:22.463,1,NVIDIA A100-SXM-64GB,60.72,4,0
114,2026-05-18 16:44:22.397241,2026/05/18 16:44:22.481,2,NVIDIA A100-SXM-64GB,61.60,4,0
115,2026-05-18 16:44:22.397241,2026/05/18 16:44:22.484,3,NVIDIA A100-SXM-64GB,62.07,4,0
116,2026-05-18 16:44:27.516084,2026/05/18 16:44:27.574,0,NVIDIA A100-SXM-64GB,63.65,4,0
117,2026-05-18 16:44:27.516084,2026/05/18 16:44:27.577,1,NVIDIA A100-SXM-64GB,74.14,480,0
118,2026-05-18 16:44:27.516084,2026/05/18 16:44:27.579,2,NVIDIA A100-SXM-64GB,74.14,480,0
119,2026-05-18 16:44:27.516084,2026/05/18 16:44:27.582,3,NVIDIA A100-SXM-64GB,75.79,480,0
120,2026-05-18 16:44:32.609356,2026/05/18 16:44:32.714,0,NVIDIA A100-SXM-64GB,63.72,4,0
121,2026-05-18 16:44:32.609356,2026/05/18 16:44:32.719,1,NVIDIA A100-SXM-64GB,74.14,480,0
122,2026-05-18 16:44:32.609356,2026/05/18 16:44:32.732,2,NVIDIA A100-SXM-64GB,74.42,480,0
123,2026-05-18 16:44:32.609356,2026/05/18 16:44:32.744,3,NVIDIA A100-SXM-64GB,75.87,480,0
124,2026-05-18 16:44:37.787480,2026/05/18 16:44:37.841,0,NVIDIA A100-SXM-64GB,63.72,4,0
125,2026-05-18 16:44:37.787480,2026/05/18 16:44:37.846,1,NVIDIA A100-SXM-64GB,74.22,480,0
126,2026-05-18 16:44:37.787480,2026/05/18 16:44:37.873,2,NVIDIA A100-SXM-64GB,74.42,480,0
127,2026-05-18 16:44:37.787480,2026/05/18 16:44:37.878,3,NVIDIA A100-SXM-64GB,75.87,480,0
128,2026-05-18 16:44:42.903888,2026/05/18 16:44:42.957,0,NVIDIA A100-SXM-64GB,63.65,4,0
129,2026-05-18 16:44:42.903888,2026/05/18 16:44:42.960,1,NVIDIA A100-SXM-64GB,74.14,480,0
130,2026-05-18 16:44:42.903888,2026/05/18 16:44:42.967,2,NVIDIA A100-SXM-64GB,74.42,480,0
131,2026-05-18 16:44:42.903888,2026/05/18 16:44:42.969,3,NVIDIA A100-SXM-64GB,75.47,480,0
132,2026-05-18 16:44:47.988586,2026/05/18 16:44:48.090,0,NVIDIA A100-SXM-64GB,77.39,802,2
133,2026-05-18 16:44:47.988586,2026/05/18 16:44:48.104,1,NVIDIA A100-SXM-64GB,74.42,802,2
134,2026-05-18 16:44:47.988586,2026/05/18 16:44:48.115,2,NVIDIA A100-SXM-64GB,74.34,802,2
135,2026-05-18 16:44:47.988586,2026/05/18 16:44:48.130,3,NVIDIA A100-SXM-64GB,75.79,802,2
136,2026-05-18 16:44:53.174506,2026/05/18 16:44:53.425,0,NVIDIA A100-SXM-64GB,77.39,1518,0
137,2026-05-18 16:44:53.174506,2026/05/18 16:44:53.461,1,NVIDIA A100-SXM-64GB,74.42,1566,0
138,2026-05-18 16:44:53.174506,2026/05/18 16:44:53.464,2,NVIDIA A100-SXM-64GB,74.34,1560,0
139,2026-05-18 16:44:53.174506,2026/05/18 16:44:53.485,3,NVIDIA A100-SXM-64GB,75.79,1506,0
140,2026-05-18 16:44:58.558490,2026/05/18 16:44:58.665,0,NVIDIA A100-SXM-64GB,87.18,2444,2
141,2026-05-18 16:44:58.558490,2026/05/18 16:44:58.676,1,NVIDIA A100-SXM-64GB,83.06,2452,2
142,2026-05-18 16:44:58.558490,2026/05/18 16:44:58.693,2,NVIDIA A100-SXM-64GB,83.57,2472,2
143,2026-05-18 16:44:58.558490,2026/05/18 16:44:58.708,3,NVIDIA A100-SXM-64GB,85.34,2424,2
144,2026-05-18 16:45:03.758636,2026/05/18 16:45:03.874,0,NVIDIA A100-SXM-64GB,86.90,2844,2
145,2026-05-18 16:45:03.758636,2026/05/18 16:45:03.877,1,NVIDIA A100-SXM-64GB,83.30,2852,2
146,2026-05-18 16:45:03.758636,2026/05/18 16:45:03.902,2,NVIDIA A100-SXM-64GB,83.90,2872,2
147,2026-05-18 16:45:03.758636,2026/05/18 16:45:03.920,3,NVIDIA A100-SXM-64GB,84.93,2824,2
148,2026-05-18 16:45:08.955274,2026/05/18 16:45:09.061,0,NVIDIA A100-SXM-64GB,99.77,2844,100
149,2026-05-18 16:45:08.955274,2026/05/18 16:45:09.064,1,NVIDIA A100-SXM-64GB,95.46,2852,90
150,2026-05-18 16:45:08.955274,2026/05/18 16:45:09.067,2,NVIDIA A100-SXM-64GB,103.13,2872,100
151,2026-05-18 16:45:08.955274,2026/05/18 16:45:09.072,3,NVIDIA A100-SXM-64GB,105.05,2824,90
152,2026-05-18 16:45:14.092005,2026/05/18 16:45:14.202,0,NVIDIA A100-SXM-64GB,87.18,2844,1
153,2026-05-18 16:45:14.092005,2026/05/18 16:45:14.209,1,NVIDIA A100-SXM-64GB,83.30,2852,0
154,2026-05-18 16:45:14.092005,2026/05/18 16:45:14.212,2,NVIDIA A100-SXM-64GB,83.90,2872,0
155,2026-05-18 16:45:14.092005,2026/05/18 16:45:14.215,3,NVIDIA A100-SXM-64GB,85.25,2824,0
156,2026-05-18 16:45:19.247824,2026/05/18 16:45:19.387,0,NVIDIA A100-SXM-64GB,78.00,2844,0
157,2026-05-18 16:45:19.247824,2026/05/18 16:45:19.390,1,NVIDIA A100-SXM-64GB,82.88,2852,1
158,2026-05-18 16:45:19.247824,2026/05/18 16:45:19.398,2,NVIDIA A100-SXM-64GB,83.81,2872,0
159,2026-05-18 16:45:19.247824,2026/05/18 16:45:19.423,3,NVIDIA A100-SXM-64GB,85.25,2824,1
160,2026-05-18 16:45:24.448948,2026/05/18 16:45:24.558,0,NVIDIA A100-SXM-64GB,87.18,2844,2
161,2026-05-18 16:45:24.448948,2026/05/18 16:45:24.581,1,NVIDIA A100-SXM-64GB,82.97,2852,2
162,2026-05-18 16:45:24.448948,2026/05/18 16:45:24.590,2,NVIDIA A100-SXM-64GB,84.09,2872,2
163,2026-05-18 16:45:24.448948,2026/05/18 16:45:24.607,3,NVIDIA A100-SXM-64GB,85.25,2824,1
164,2026-05-18 16:45:29.658343,2026/05/18 16:45:29.763,0,NVIDIA A100-SXM-64GB,86.57,2844,2
165,2026-05-18 16:45:29.658343,2026/05/18 16:45:29.766,1,NVIDIA A100-SXM-64GB,82.97,2852,2
166,2026-05-18 16:45:29.658343,2026/05/18 16:45:29.777,2,NVIDIA A100-SXM-64GB,83.81,2872,2
167,2026-05-18 16:45:29.658343,2026/05/18 16:45:29.795,3,NVIDIA A100-SXM-64GB,85.25,2824,2
168,2026-05-18 16:45:34.831380,2026/05/18 16:45:34.986,0,NVIDIA A100-SXM-64GB,84.44,2884,100
169,2026-05-18 16:45:34.831380,2026/05/18 16:45:35.009,1,NVIDIA A100-SXM-64GB,91.84,2892,63
170,2026-05-18 16:45:34.831380,2026/05/18 16:45:35.056,2,NVIDIA A100-SXM-64GB,93.05,2912,100
171,2026-05-18 16:45:34.831380,2026/05/18 16:45:35.061,3,NVIDIA A100-SXM-64GB,91.65,2864,100
172,2026-05-18 16:45:40.140286,2026/05/18 16:45:40.233,0,NVIDIA A100-SXM-64GB,86.90,2924,2
173,2026-05-18 16:45:40.140286,2026/05/18 16:45:40.247,1,NVIDIA A100-SXM-64GB,82.97,2932,2
174,2026-05-18 16:45:40.140286,2026/05/18 16:45:40.253,2,NVIDIA A100-SXM-64GB,84.18,2952,2
175,2026-05-18 16:45:40.140286,2026/05/18 16:45:40.276,3,NVIDIA A100-SXM-64GB,85.53,2904,2
176,2026-05-18 16:45:45.309758,2026/05/18 16:45:45.355,0,NVIDIA A100-SXM-64GB,86.99,2984,79
177,2026-05-18 16:45:45.309758,2026/05/18 16:45:45.358,1,NVIDIA A100-SXM-64GB,83.06,2992,31
178,2026-05-18 16:45:45.309758,2026/05/18 16:45:45.360,2,NVIDIA A100-SXM-64GB,84.26,3012,53
179,2026-05-18 16:45:45.309758,2026/05/18 16:45:45.366,3,NVIDIA A100-SXM-64GB,85.43,2964,21
180,2026-05-18 16:45:50.383531,2026/05/18 16:45:50.514,0,NVIDIA A100-SXM-64GB,87.18,3024,1
181,2026-05-18 16:45:50.383531,2026/05/18 16:45:50.521,1,NVIDIA A100-SXM-64GB,83.30,3032,1
182,2026-05-18 16:45:50.383531,2026/05/18 16:45:50.539,2,NVIDIA A100-SXM-64GB,84.18,3052,1
183,2026-05-18 16:45:50.383531,2026/05/18 16:45:50.547,3,NVIDIA A100-SXM-64GB,85.34,3004,1
184,2026-05-18 16:45:55.600257,2026/05/18 16:45:55.697,0,NVIDIA A100-SXM-64GB,86.90,3084,1
185,2026-05-18 16:45:55.600257,2026/05/18 16:45:55.706,1,NVIDIA A100-SXM-64GB,83.30,3092,2
186,2026-05-18 16:45:55.600257,2026/05/18 16:45:55.724,2,NVIDIA A100-SXM-64GB,84.42,3112,2
187,2026-05-18 16:45:55.600257,2026/05/18 16:45:55.732,3,NVIDIA A100-SXM-64GB,85.25,3064,2
188,2026-05-18 16:46:00.778738,2026/05/18 16:46:00.882,0,NVIDIA A100-SXM-64GB,78.08,3144,2
189,2026-05-18 16:46:00.778738,2026/05/18 16:46:00.900,1,NVIDIA A100-SXM-64GB,83.38,3152,2
190,2026-05-18 16:46:00.778738,2026/05/18 16:46:00.907,2,NVIDIA A100-SXM-64GB,74.75,3172,2
191,2026-05-18 16:46:00.778738,2026/05/18 16:46:00.929,3,NVIDIA A100-SXM-64GB,85.01,3124,2
192,2026-05-18 16:46:06.027180,2026/05/18 16:46:06.138,0,NVIDIA A100-SXM-64GB,87.18,3224,1
193,2026-05-18 16:46:06.027180,2026/05/18 16:46:06.141,1,NVIDIA A100-SXM-64GB,83.57,3232,1
194,2026-05-18 16:46:06.027180,2026/05/18 16:46:06.154,2,NVIDIA A100-SXM-64GB,83.90,3252,1
195,2026-05-18 16:46:06.027180,2026/05/18 16:46:06.166,3,NVIDIA A100-SXM-64GB,85.25,3204,1
196,2026-05-18 16:46:11.218510,2026/05/18 16:46:11.319,0,NVIDIA A100-SXM-64GB,77.73,4244,2
197,2026-05-18 16:46:11.218510,2026/05/18 16:46:11.322,1,NVIDIA A100-SXM-64GB,74.75,4252,2
198,2026-05-18 16:46:11.218510,2026/05/18 16:46:11.341,2,NVIDIA A100-SXM-64GB,74.42,4272,2
199,2026-05-18 16:46:11.218510,2026/05/18 16:46:11.349,3,NVIDIA A100-SXM-64GB,75.87,4224,2
200,2026-05-18 16:46:16.393290,2026/05/18 16:46:16.494,0,NVIDIA A100-SXM-64GB,77.81,5244,0
201,2026-05-18 16:46:16.393290,2026/05/18 16:46:16.497,1,NVIDIA A100-SXM-64GB,74.42,5252,0
202,2026-05-18 16:46:16.393290,2026/05/18 16:46:16.521,2,NVIDIA A100-SXM-64GB,74.42,5272,0
203,2026-05-18 16:46:16.393290,2026/05/18 16:46:16.524,3,NVIDIA A100-SXM-64GB,75.87,5224,0
204,2026-05-18 16:46:21.581648,2026/05/18 16:46:21.719,0,NVIDIA A100-SXM-64GB,78.00,8244,0
205,2026-05-18 16:46:21.581648,2026/05/18 16:46:21.722,1,NVIDIA A100-SXM-64GB,74.75,8252,0
206,2026-05-18 16:46:21.581648,2026/05/18 16:46:21.724,2,NVIDIA A100-SXM-64GB,74.42,8272,0
207,2026-05-18 16:46:21.581648,2026/05/18 16:46:21.756,3,NVIDIA A100-SXM-64GB,75.79,8224,0
208,2026-05-18 16:46:26.771884,2026/05/18 16:46:26.817,0,NVIDIA A100-SXM-64GB,77.73,10404,0
209,2026-05-18 16:46:26.771884,2026/05/18 16:46:26.824,1,NVIDIA A100-SXM-64GB,74.42,10412,0
210,2026-05-18 16:46:26.771884,2026/05/18 16:46:26.827,2,NVIDIA A100-SXM-64GB,74.42,10432,0
211,2026-05-18 16:46:26.771884,2026/05/18 16:46:26.830,3,NVIDIA A100-SXM-64GB,76.13,10384,0
212,2026-05-18 16:46:31.844476,2026/05/18 16:46:32.008,0,NVIDIA A100-SXM-64GB,111.69,11246,100
213,2026-05-18 16:46:31.844476,2026/05/18 16:46:32.011,1,NVIDIA A100-SXM-64GB,101.87,11254,100
214,2026-05-18 16:46:31.844476,2026/05/18 16:46:32.022,2,NVIDIA A100-SXM-64GB,105.43,11274,100
215,2026-05-18 16:46:31.844476,2026/05/18 16:46:32.089,3,NVIDIA A100-SXM-64GB,108.99,11224,100
216,2026-05-18 16:46:37.168831,2026/05/18 16:46:37.349,0,NVIDIA A100-SXM-64GB,102.52,12112,87
217,2026-05-18 16:46:37.168831,2026/05/18 16:46:37.382,1,NVIDIA A100-SXM-64GB,97.93,12122,82
218,2026-05-18 16:46:37.168831,2026/05/18 16:46:37.387,2,NVIDIA A100-SXM-64GB,96.72,12142,89
219,2026-05-18 16:46:37.168831,2026/05/18 16:46:37.431,3,NVIDIA A100-SXM-64GB,108.78,12094,82
220,2026-05-18 16:46:42.475670,2026/05/18 16:46:42.522,0,NVIDIA A100-SXM-64GB,87.18,26172,0
221,2026-05-18 16:46:42.475670,2026/05/18 16:46:42.527,1,NVIDIA A100-SXM-64GB,83.21,26182,0
222,2026-05-18 16:46:42.475670,2026/05/18 16:46:42.530,2,NVIDIA A100-SXM-64GB,84.42,26202,0
223,2026-05-18 16:46:42.475670,2026/05/18 16:46:42.533,3,NVIDIA A100-SXM-64GB,85.86,26154,0
224,2026-05-18 16:46:47.547485,2026/05/18 16:46:47.713,0,NVIDIA A100-SXM-64GB,133.87,26592,100
225,2026-05-18 16:46:47.547485,2026/05/18 16:46:47.716,1,NVIDIA A100-SXM-64GB,136.40,26602,100
226,2026-05-18 16:46:47.547485,2026/05/18 16:46:47.775,2,NVIDIA A100-SXM-64GB,101.27,26622,100
227,2026-05-18 16:46:47.547485,2026/05/18 16:46:47.778,3,NVIDIA A100-SXM-64GB,106.37,26574,100
228,2026-05-18 16:46:52.842983,2026/05/18 16:46:52.996,0,NVIDIA A100-SXM-64GB,110.37,28192,100
229,2026-05-18 16:46:52.842983,2026/05/18 16:46:52.999,1,NVIDIA A100-SXM-64GB,106.75,28202,100
230,2026-05-18 16:46:52.842983,2026/05/18 16:46:53.041,2,NVIDIA A100-SXM-64GB,99.96,28222,100
231,2026-05-18 16:46:52.842983,2026/05/18 16:46:53.044,3,NVIDIA A100-SXM-64GB,108.39,28174,100
232,2026-05-18 16:46:58.102452,2026/05/18 16:46:58.268,0,NVIDIA A100-SXM-64GB,110.65,28192,100
233,2026-05-18 16:46:58.102452,2026/05/18 16:46:58.271,1,NVIDIA A100-SXM-64GB,107.29,28202,100
234,2026-05-18 16:46:58.102452,2026/05/18 16:46:58.275,2,NVIDIA A100-SXM-64GB,94.16,28222,100
235,2026-05-18 16:46:58.102452,2026/05/18 16:46:58.328,3,NVIDIA A100-SXM-64GB,107.46,28174,100
236,2026-05-18 16:47:03.418057,2026/05/18 16:47:03.593,0,NVIDIA A100-SXM-64GB,112.19,28434,100
237,2026-05-18 16:47:03.418057,2026/05/18 16:47:03.609,1,NVIDIA A100-SXM-64GB,108.78,28442,100
238,2026-05-18 16:47:03.418057,2026/05/18 16:47:03.647,2,NVIDIA A100-SXM-64GB,156.52,28462,100
239,2026-05-18 16:47:03.418057,2026/05/18 16:47:03.702,3,NVIDIA A100-SXM-64GB,100.79,28414,100
240,2026-05-18 16:47:08.756993,2026/05/18 16:47:08.948,0,NVIDIA A100-SXM-64GB,102.52,30274,100
241,2026-05-18 16:47:08.756993,2026/05/18 16:47:08.951,1,NVIDIA A100-SXM-64GB,97.50,30282,100
242,2026-05-18 16:47:08.756993,2026/05/18 16:47:09.018,2,NVIDIA A100-SXM-64GB,101.87,30302,100
243,2026-05-18 16:47:08.756993,2026/05/18 16:47:09.020,3,NVIDIA A100-SXM-64GB,102.27,30254,100
244,2026-05-18 16:47:14.073445,2026/05/18 16:47:14.235,0,NVIDIA A100-SXM-64GB,106.48,30984,100
245,2026-05-18 16:47:14.073445,2026/05/18 16:47:14.238,1,NVIDIA A100-SXM-64GB,102.80,30992,100
246,2026-05-18 16:47:14.073445,2026/05/18 16:47:14.246,2,NVIDIA A100-SXM-64GB,109.70,31012,100
247,2026-05-18 16:47:14.073445,2026/05/18 16:47:14.273,3,NVIDIA A100-SXM-64GB,108.06,30964,100
248,2026-05-18 16:47:19.346151,2026/05/18 16:47:19.506,0,NVIDIA A100-SXM-64GB,100.37,30984,100
249,2026-05-18 16:47:19.346151,2026/05/18 16:47:19.509,1,NVIDIA A100-SXM-64GB,98.53,30992,100
250,2026-05-18 16:47:19.346151,2026/05/18 16:47:19.516,2,NVIDIA A100-SXM-64GB,94.76,31012,100
251,2026-05-18 16:47:19.346151,2026/05/18 16:47:19.572,3,NVIDIA A100-SXM-64GB,96.53,30966,100
252,2026-05-18 16:47:24.614695,2026/05/18 16:47:24.756,0,NVIDIA A100-SXM-64GB,107.08,31884,100
253,2026-05-18 16:47:24.614695,2026/05/18 16:47:24.806,1,NVIDIA A100-SXM-64GB,100.77,31892,100
254,2026-05-18 16:47:24.614695,2026/05/18 16:47:24.808,2,NVIDIA A100-SXM-64GB,96.62,31912,100
255,2026-05-18 16:47:24.614695,2026/05/18 16:47:24.817,3,NVIDIA A100-SXM-64GB,101.17,31866,100
256,2026-05-18 16:47:29.890778,2026/05/18 16:47:30.041,0,NVIDIA A100-SXM-64GB,115.38,31884,100
257,2026-05-18 16:47:29.890778,2026/05/18 16:47:30.074,1,NVIDIA A100-SXM-64GB,108.28,31892,100
258,2026-05-18 16:47:29.890778,2026/05/18 16:47:30.077,2,NVIDIA A100-SXM-64GB,101.60,31912,100
259,2026-05-18 16:47:29.890778,2026/05/18 16:47:30.114,3,NVIDIA A100-SXM-64GB,109.38,31866,100
260,2026-05-18 16:47:35.154385,2026/05/18 16:47:35.312,0,NVIDIA A100-SXM-64GB,151.62,31884,100
261,2026-05-18 16:47:35.154385,2026/05/18 16:47:35.315,1,NVIDIA A100-SXM-64GB,104.01,31892,100
262,2026-05-18 16:47:35.154385,2026/05/18 16:47:35.354,2,NVIDIA A100-SXM-64GB,94.76,31912,100
263,2026-05-18 16:47:35.154385,2026/05/18 16:47:35.357,3,NVIDIA A100-SXM-64GB,97.73,31866,100
264,2026-05-18 16:47:40.447756,2026/05/18 16:47:40.601,0,NVIDIA A100-SXM-64GB,110.04,31884,100
265,2026-05-18 16:47:40.447756,2026/05/18 16:47:40.646,1,NVIDIA A100-SXM-64GB,94.76,31892,100
266,2026-05-18 16:47:40.447756,2026/05/18 16:47:40.649,2,NVIDIA A100-SXM-64GB,108.39,31912,100
267,2026-05-18 16:47:40.447756,2026/05/18 16:47:40.692,3,NVIDIA A100-SXM-64GB,99.86,31866,100
268,2026-05-18 16:47:45.785032,2026/05/18 16:47:45.944,0,NVIDIA A100-SXM-64GB,113.23,31884,100
269,2026-05-18 16:47:45.785032,2026/05/18 16:47:45.948,1,NVIDIA A100-SXM-64GB,103.41,31892,100
270,2026-05-18 16:47:45.785032,2026/05/18 16:47:45.959,2,NVIDIA A100-SXM-64GB,112.28,31912,100
271,2026-05-18 16:47:45.785032,2026/05/18 16:47:46.055,3,NVIDIA A100-SXM-64GB,101.76,31866,100
272,2026-05-18 16:47:51.094121,2026/05/18 16:47:51.253,0,NVIDIA A100-SXM-64GB,109.71,31884,100
273,2026-05-18 16:47:51.094121,2026/05/18 16:47:51.256,1,NVIDIA A100-SXM-64GB,99.74,31892,100
274,2026-05-18 16:47:51.094121,2026/05/18 16:47:51.261,2,NVIDIA A100-SXM-64GB,110.03,31912,100
275,2026-05-18 16:47:51.094121,2026/05/18 16:47:51.335,3,NVIDIA A100-SXM-64GB,96.29,31866,100
276,2026-05-18 16:47:56.405423,2026/05/18 16:47:56.565,0,NVIDIA A100-SXM-64GB,111.25,31884,100
277,2026-05-18 16:47:56.405423,2026/05/18 16:47:56.568,1,NVIDIA A100-SXM-64GB,101.76,31892,100
278,2026-05-18 16:47:56.405423,2026/05/18 16:47:56.571,2,NVIDIA A100-SXM-64GB,106.64,31912,100
279,2026-05-18 16:47:56.405423,2026/05/18 16:47:56.655,3,NVIDIA A100-SXM-64GB,110.52,31866,100
280,2026-05-18 16:48:01.696358,2026/05/18 16:48:01.854,0,NVIDIA A100-SXM-64GB,104.93,31884,100
281,2026-05-18 16:48:01.696358,2026/05/18 16:48:01.857,1,NVIDIA A100-SXM-64GB,93.32,31892,100
282,2026-05-18 16:48:01.696358,2026/05/18 16:48:01.868,2,NVIDIA A100-SXM-64GB,104.84,31912,100
283,2026-05-18 16:48:01.696358,2026/05/18 16:48:01.925,3,NVIDIA A100-SXM-64GB,104.12,31868,100
284,2026-05-18 16:48:06.965892,2026/05/18 16:48:07.139,0,NVIDIA A100-SXM-64GB,105.49,31884,100
285,2026-05-18 16:48:06.965892,2026/05/18 16:48:07.142,1,NVIDIA A100-SXM-64GB,108.61,31892,100
286,2026-05-18 16:48:06.965892,2026/05/18 16:48:07.207,2,NVIDIA A100-SXM-64GB,99.13,31912,100
287,2026-05-18 16:48:06.965892,2026/05/18 16:48:07.216,3,NVIDIA A100-SXM-64GB,103.80,31868,100
288,2026-05-18 16:48:12.281188,2026/05/18 16:48:12.436,0,NVIDIA A100-SXM-64GB,113.63,31884,84
289,2026-05-18 16:48:12.281188,2026/05/18 16:48:12.471,1,NVIDIA A100-SXM-64GB,108.72,31892,100
290,2026-05-18 16:48:12.281188,2026/05/18 16:48:12.474,2,NVIDIA A100-SXM-64GB,110.14,31912,78
291,2026-05-18 16:48:12.281188,2026/05/18 16:48:12.515,3,NVIDIA A100-SXM-64GB,103.90,31868,100
292,2026-05-18 16:48:17.594489,2026/05/18 16:48:17.759,0,NVIDIA A100-SXM-64GB,120.15,31884,100
293,2026-05-18 16:48:17.594489,2026/05/18 16:48:17.762,1,NVIDIA A100-SXM-64GB,93.42,31892,100
294,2026-05-18 16:48:17.594489,2026/05/18 16:48:17.809,2,NVIDIA A100-SXM-64GB,102.20,31912,100
295,2026-05-18 16:48:17.594489,2026/05/18 16:48:17.822,3,NVIDIA A100-SXM-64GB,105.43,31868,100
296,2026-05-18 16:48:22.878179,2026/05/18 16:48:23.028,0,NVIDIA A100-SXM-64GB,111.97,31884,100
297,2026-05-18 16:48:22.878179,2026/05/18 16:48:23.031,1,NVIDIA A100-SXM-64GB,104.94,31892,100
298,2026-05-18 16:48:22.878179,2026/05/18 16:48:23.076,2,NVIDIA A100-SXM-64GB,108.89,31912,100
299,2026-05-18 16:48:22.878179,2026/05/18 16:48:23.079,3,NVIDIA A100-SXM-64GB,107.46,31868,100
300,2026-05-18 16:48:28.134741,2026/05/18 16:48:28.285,0,NVIDIA A100-SXM-64GB,99.43,31884,100
301,2026-05-18 16:48:28.134741,2026/05/18 16:48:28.288,1,NVIDIA A100-SXM-64GB,94.58,31892,100
302,2026-05-18 16:48:28.134741,2026/05/18 16:48:28.334,2,NVIDIA A100-SXM-64GB,101.00,31912,100
303,2026-05-18 16:48:28.134741,2026/05/18 16:48:28.337,3,NVIDIA A100-SXM-64GB,108.99,31868,100
304,2026-05-18 16:48:33.408409,2026/05/18 16:48:33.633,0,NVIDIA A100-SXM-64GB,108.83,31884,100
305,2026-05-18 16:48:33.408409,2026/05/18 16:48:33.635,1,NVIDIA A100-SXM-64GB,104.01,31892,100
306,2026-05-18 16:48:33.408409,2026/05/18 16:48:33.643,2,NVIDIA A100-SXM-64GB,154.81,31912,100
307,2026-05-18 16:48:33.408409,2026/05/18 16:48:33.724,3,NVIDIA A100-SXM-64GB,98.65,31868,100
308,2026-05-18 16:48:38.756420,2026/05/18 16:48:38.912,0,NVIDIA A100-SXM-64GB,113.51,31884,40
309,2026-05-18 16:48:38.756420,2026/05/18 16:48:38.915,1,NVIDIA A100-SXM-64GB,109.82,31892,66
310,2026-05-18 16:48:38.756420,2026/05/18 16:48:38.949,2,NVIDIA A100-SXM-64GB,99.46,31912,100
311,2026-05-18 16:48:38.756420,2026/05/18 16:48:38.952,3,NVIDIA A100-SXM-64GB,107.57,31868,94
312,2026-05-18 16:48:44.012174,2026/05/18 16:48:44.172,0,NVIDIA A100-SXM-64GB,103.12,31884,100
313,2026-05-18 16:48:44.012174,2026/05/18 16:48:44.215,1,NVIDIA A100-SXM-64GB,114.43,31892,100
314,2026-05-18 16:48:44.012174,2026/05/18 16:48:44.219,2,NVIDIA A100-SXM-64GB,99.74,31912,100
315,2026-05-18 16:48:44.012174,2026/05/18 16:48:44.267,3,NVIDIA A100-SXM-64GB,95.69,31868,100
316,2026-05-18 16:48:49.297320,2026/05/18 16:48:49.459,0,NVIDIA A100-SXM-64GB,107.62,31884,100
317,2026-05-18 16:48:49.297320,2026/05/18 16:48:49.462,1,NVIDIA A100-SXM-64GB,105.87,31892,100
318,2026-05-18 16:48:49.297320,2026/05/18 16:48:49.465,2,NVIDIA A100-SXM-64GB,104.84,31912,100
319,2026-05-18 16:48:49.297320,2026/05/18 16:48:49.521,3,NVIDIA A100-SXM-64GB,103.52,31868,100
320,2026-05-18 16:48:54.592563,2026/05/18 16:48:54.744,0,NVIDIA A100-SXM-64GB,113.51,31884,100
321,2026-05-18 16:48:54.592563,2026/05/18 16:48:54.774,1,NVIDIA A100-SXM-64GB,93.15,31892,100
322,2026-05-18 16:48:54.592563,2026/05/18 16:48:54.776,2,NVIDIA A100-SXM-64GB,103.41,31912,100
323,2026-05-18 16:48:54.592563,2026/05/18 16:48:54.789,3,NVIDIA A100-SXM-64GB,100.89,31868,100
324,2026-05-18 16:48:59.893172,2026/05/18 16:49:00.049,0,NVIDIA A100-SXM-64GB,108.62,31884,100
325,2026-05-18 16:48:59.893172,2026/05/18 16:49:00.052,1,NVIDIA A100-SXM-64GB,107.08,31892,100
326,2026-05-18 16:48:59.893172,2026/05/18 16:49:00.107,2,NVIDIA A100-SXM-64GB,95.89,31912,100
327,2026-05-18 16:48:59.893172,2026/05/18 16:49:00.110,3,NVIDIA A100-SXM-64GB,99.96,31868,100
328,2026-05-18 16:49:05.209878,2026/05/18 16:49:05.363,0,NVIDIA A100-SXM-64GB,110.48,31884,100
329,2026-05-18 16:49:05.209878,2026/05/18 16:49:05.371,1,NVIDIA A100-SXM-64GB,106.48,31892,92
330,2026-05-18 16:49:05.209878,2026/05/18 16:49:05.402,2,NVIDIA A100-SXM-64GB,105.16,31912,100
331,2026-05-18 16:49:05.209878,2026/05/18 16:49:05.479,3,NVIDIA A100-SXM-64GB,90.22,31868,89
332,2026-05-18 16:49:10.521647,2026/05/18 16:49:10.684,0,NVIDIA A100-SXM-64GB,111.25,31884,100
333,2026-05-18 16:49:10.521647,2026/05/18 16:49:10.687,1,NVIDIA A100-SXM-64GB,96.06,31892,100
334,2026-05-18 16:49:10.521647,2026/05/18 16:49:10.689,2,NVIDIA A100-SXM-64GB,108.78,31912,100
335,2026-05-18 16:49:10.521647,2026/05/18 16:49:10.745,3,NVIDIA A100-SXM-64GB,100.13,31868,100
336,2026-05-18 16:49:15.802316,2026/05/18 16:49:15.966,0,NVIDIA A100-SXM-64GB,110.98,31884,100
337,2026-05-18 16:49:15.802316,2026/05/18 16:49:15.969,1,NVIDIA A100-SXM-64GB,110.03,31892,100
338,2026-05-18 16:49:15.802316,2026/05/18 16:49:15.972,2,NVIDIA A100-SXM-64GB,109.70,31912,100
339,2026-05-18 16:49:15.802316,2026/05/18 16:49:16.029,3,NVIDIA A100-SXM-64GB,104.01,31868,100
340,2026-05-18 16:49:21.098193,2026/05/18 16:49:21.262,0,NVIDIA A100-SXM-64GB,101.58,31884,100
341,2026-05-18 16:49:21.098193,2026/05/18 16:49:21.265,1,NVIDIA A100-SXM-64GB,106.75,31892,100
342,2026-05-18 16:49:21.098193,2026/05/18 16:49:21.267,2,NVIDIA A100-SXM-64GB,99.46,31912,100
343,2026-05-18 16:49:21.098193,2026/05/18 16:49:21.330,3,NVIDIA A100-SXM-64GB,102.92,31868,100
344,2026-05-18 16:49:26.363098,2026/05/18 16:49:26.527,0,NVIDIA A100-SXM-64GB,112.79,31884,100
345,2026-05-18 16:49:26.363098,2026/05/18 16:49:26.530,1,NVIDIA A100-SXM-64GB,103.90,31892,100
346,2026-05-18 16:49:26.363098,2026/05/18 16:49:26.540,2,NVIDIA A100-SXM-64GB,110.31,31912,100
347,2026-05-18 16:49:26.363098,2026/05/18 16:49:26.593,3,NVIDIA A100-SXM-64GB,105.33,31868,100
348,2026-05-18 16:49:31.636368,2026/05/18 16:49:31.795,0,NVIDIA A100-SXM-64GB,97.20,31884,77
349,2026-05-18 16:49:31.636368,2026/05/18 16:49:31.799,1,NVIDIA A100-SXM-64GB,92.36,31892,88
350,2026-05-18 16:49:31.636368,2026/05/18 16:49:31.809,2,NVIDIA A100-SXM-64GB,92.63,31912,71
351,2026-05-18 16:49:31.636368,2026/05/18 16:49:31.954,3,NVIDIA A100-SXM-64GB,106.42,31868,55
352,2026-05-18 16:49:36.984461,2026/05/18 16:49:37.141,0,NVIDIA A100-SXM-64GB,104.93,31884,100
353,2026-05-18 16:49:36.984461,2026/05/18 16:49:37.144,1,NVIDIA A100-SXM-64GB,107.57,31892,100
354,2026-05-18 16:49:36.984461,2026/05/18 16:49:37.183,2,NVIDIA A100-SXM-64GB,100.89,31912,100
355,2026-05-18 16:49:36.984461,2026/05/18 16:49:37.186,3,NVIDIA A100-SXM-64GB,133.52,31868,100
356,2026-05-18 16:49:42.248814,2026/05/18 16:49:42.401,0,NVIDIA A100-SXM-64GB,108.13,31884,100
357,2026-05-18 16:49:42.248814,2026/05/18 16:49:42.404,1,NVIDIA A100-SXM-64GB,108.39,31892,100
358,2026-05-18 16:49:42.248814,2026/05/18 16:49:42.408,2,NVIDIA A100-SXM-64GB,109.93,31912,100
359,2026-05-18 16:49:42.248814,2026/05/18 16:49:42.458,3,NVIDIA A100-SXM-64GB,114.91,31868,100
360,2026-05-18 16:49:47.532636,2026/05/18 16:49:47.693,0,NVIDIA A100-SXM-64GB,109.11,31884,100
361,2026-05-18 16:49:47.532636,2026/05/18 16:49:47.696,1,NVIDIA A100-SXM-64GB,125.26,31892,100
362,2026-05-18 16:49:47.532636,2026/05/18 16:49:47.702,2,NVIDIA A100-SXM-64GB,107.90,31912,100
363,2026-05-18 16:49:47.532636,2026/05/18 16:49:47.765,3,NVIDIA A100-SXM-64GB,110.79,31868,100
364,2026-05-18 16:49:52.831333,2026/05/18 16:49:52.987,0,NVIDIA A100-SXM-64GB,129.32,31884,100
365,2026-05-18 16:49:52.831333,2026/05/18 16:49:52.990,1,NVIDIA A100-SXM-64GB,102.20,31892,100
366,2026-05-18 16:49:52.831333,2026/05/18 16:49:53.031,2,NVIDIA A100-SXM-64GB,108.50,31912,100
367,2026-05-18 16:49:52.831333,2026/05/18 16:49:53.034,3,NVIDIA A100-SXM-64GB,99.26,31868,100
368,2026-05-18 16:49:58.093911,2026/05/18 16:49:58.240,0,NVIDIA A100-SXM-64GB,106.97,31884,100
369,2026-05-18 16:49:58.093911,2026/05/18 16:49:58.243,1,NVIDIA A100-SXM-64GB,105.27,31892,100
370,2026-05-18 16:49:58.093911,2026/05/18 16:49:58.283,2,NVIDIA A100-SXM-64GB,96.29,31912,100
371,2026-05-18 16:49:58.093911,2026/05/18 16:49:58.286,3,NVIDIA A100-SXM-64GB,110.03,31868,100
372,2026-05-18 16:50:03.369754,2026/05/18 16:50:03.528,0,NVIDIA A100-SXM-64GB,111.09,31884,100
373,2026-05-18 16:50:03.369754,2026/05/18 16:50:03.531,1,NVIDIA A100-SXM-64GB,109.38,31892,100
374,2026-05-18 16:50:03.369754,2026/05/18 16:50:03.596,2,NVIDIA A100-SXM-64GB,97.00,31912,100
375,2026-05-18 16:50:03.369754,2026/05/18 16:50:03.601,3,NVIDIA A100-SXM-64GB,110.52,31868,100
376,2026-05-18 16:50:08.656704,2026/05/18 16:50:08.813,0,NVIDIA A100-SXM-64GB,111.97,31884,100
377,2026-05-18 16:50:08.656704,2026/05/18 16:50:08.816,1,NVIDIA A100-SXM-64GB,102.37,31892,100
378,2026-05-18 16:50:08.656704,2026/05/18 16:50:08.876,2,NVIDIA A100-SXM-64GB,107.40,31912,100
379,2026-05-18 16:50:08.656704,2026/05/18 16:50:08.878,3,NVIDIA A100-SXM-64GB,106.04,31868,100
380,2026-05-18 16:50:13.975865,2026/05/18 16:50:14.148,0,NVIDIA A100-SXM-64GB,106.97,31884,100
381,2026-05-18 16:50:13.975865,2026/05/18 16:50:14.151,1,NVIDIA A100-SXM-64GB,99.36,31892,100
382,2026-05-18 16:50:13.975865,2026/05/18 16:50:14.154,2,NVIDIA A100-SXM-64GB,97.50,31912,100
383,2026-05-18 16:50:13.975865,2026/05/18 16:50:14.251,3,NVIDIA A100-SXM-64GB,98.55,31868,100
384,2026-05-18 16:50:19.291734,2026/05/18 16:50:19.451,0,NVIDIA A100-SXM-64GB,100.37,31884,100
385,2026-05-18 16:50:19.291734,2026/05/18 16:50:19.462,1,NVIDIA A100-SXM-64GB,106.97,31892,100
386,2026-05-18 16:50:19.291734,2026/05/18 16:50:19.465,2,NVIDIA A100-SXM-64GB,105.16,31912,100
387,2026-05-18 16:50:19.291734,2026/05/18 16:50:19.478,3,NVIDIA A100-SXM-64GB,110.79,31868,100
388,2026-05-18 16:50:24.552167,2026/05/18 16:50:24.702,0,NVIDIA A100-SXM-64GB,95.99,31884,100
389,2026-05-18 16:50:24.552167,2026/05/18 16:50:24.705,1,NVIDIA A100-SXM-64GB,92.63,31892,100
390,2026-05-18 16:50:24.552167,2026/05/18 16:50:24.714,2,NVIDIA A100-SXM-64GB,93.89,31912,100
391,2026-05-18 16:50:24.552167,2026/05/18 16:50:24.766,3,NVIDIA A100-SXM-64GB,85.53,31868,0
392,2026-05-18 16:50:29.819140,2026/05/18 16:50:29.980,0,NVIDIA A100-SXM-64GB,112.19,31884,100
393,2026-05-18 16:50:29.819140,2026/05/18 16:50:30.021,1,NVIDIA A100-SXM-64GB,103.13,31892,100
394,2026-05-18 16:50:29.819140,2026/05/18 16:50:30.024,2,NVIDIA A100-SXM-64GB,102.37,31912,100
395,2026-05-18 16:50:29.819140,2026/05/18 16:50:30.070,3,NVIDIA A100-SXM-64GB,105.93,31868,100
396,2026-05-18 16:50:35.138057,2026/05/18 16:50:35.298,0,NVIDIA A100-SXM-64GB,106.97,31884,100
397,2026-05-18 16:50:35.138057,2026/05/18 16:50:35.301,1,NVIDIA A100-SXM-64GB,103.30,31892,100
398,2026-05-18 16:50:35.138057,2026/05/18 16:50:35.305,2,NVIDIA A100-SXM-64GB,107.79,31912,100
399,2026-05-18 16:50:35.138057,2026/05/18 16:50:35.322,3,NVIDIA A100-SXM-64GB,123.46,31868,100
400,2026-05-18 16:50:40.415193,2026/05/18 16:50:40.583,0,NVIDIA A100-SXM-64GB,112.51,31884,100
401,2026-05-18 16:50:40.415193,2026/05/18 16:50:40.586,1,NVIDIA A100-SXM-64GB,141.40,31892,100
402,2026-05-18 16:50:40.415193,2026/05/18 16:50:40.629,2,NVIDIA A100-SXM-64GB,112.44,31912,100
403,2026-05-18 16:50:40.415193,2026/05/18 16:50:40.655,3,NVIDIA A100-SXM-64GB,119.81,31868,100
404,2026-05-18 16:50:45.696818,2026/05/18 16:50:45.855,0,NVIDIA A100-SXM-64GB,101.41,31884,82
405,2026-05-18 16:50:45.696818,2026/05/18 16:50:45.860,1,NVIDIA A100-SXM-64GB,94.35,31892,84
406,2026-05-18 16:50:45.696818,2026/05/18 16:50:45.873,2,NVIDIA A100-SXM-64GB,99.46,31912,95
407,2026-05-18 16:50:45.696818,2026/05/18 16:50:45.924,3,NVIDIA A100-SXM-64GB,103.90,31868,88
408,2026-05-18 16:50:50.994515,2026/05/18 16:50:51.153,0,NVIDIA A100-SXM-64GB,95.66,31884,100
409,2026-05-18 16:50:50.994515,2026/05/18 16:50:51.156,1,NVIDIA A100-SXM-64GB,92.45,31892,100
410,2026-05-18 16:50:50.994515,2026/05/18 16:50:51.159,2,NVIDIA A100-SXM-64GB,93.89,31912,100
411,2026-05-18 16:50:50.994515,2026/05/18 16:50:51.173,3,NVIDIA A100-SXM-64GB,94.56,31868,100
412,2026-05-18 16:50:56.244744,2026/05/18 16:50:56.404,0,NVIDIA A100-SXM-64GB,97.62,31884,100
413,2026-05-18 16:50:56.244744,2026/05/18 16:50:56.407,1,NVIDIA A100-SXM-64GB,96.29,31892,100
414,2026-05-18 16:50:56.244744,2026/05/18 16:50:56.453,2,NVIDIA A100-SXM-64GB,94.58,31912,100
415,2026-05-18 16:50:56.244744,2026/05/18 16:50:56.456,3,NVIDIA A100-SXM-64GB,103.52,31868,100
416,2026-05-18 16:51:01.542452,2026/05/18 16:51:01.674,0,NVIDIA A100-SXM-64GB,87.10,31884,0
417,2026-05-18 16:51:01.542452,2026/05/18 16:51:01.677,1,NVIDIA A100-SXM-64GB,83.57,31892,0
418,2026-05-18 16:51:01.542452,2026/05/18 16:51:01.680,2,NVIDIA A100-SXM-64GB,84.42,31912,0
419,2026-05-18 16:51:01.542452,2026/05/18 16:51:01.697,3,NVIDIA A100-SXM-64GB,94.66,31868,100
420,2026-05-18 16:51:06.786768,2026/05/18 16:51:06.937,0,NVIDIA A100-SXM-64GB,96.36,31884,100
421,2026-05-18 16:51:06.786768,2026/05/18 16:51:06.939,1,NVIDIA A100-SXM-64GB,92.12,31892,100
422,2026-05-18 16:51:06.786768,2026/05/18 16:51:06.942,2,NVIDIA A100-SXM-64GB,93.55,31912,100
423,2026-05-18 16:51:06.786768,2026/05/18 16:51:06.960,3,NVIDIA A100-SXM-64GB,94.66,31868,100
424,2026-05-18 16:51:12.031445,2026/05/18 16:51:12.201,0,NVIDIA A100-SXM-64GB,103.01,31884,100
425,2026-05-18 16:51:12.031445,2026/05/18 16:51:12.247,1,NVIDIA A100-SXM-64GB,104.94,31892,100
426,2026-05-18 16:51:12.031445,2026/05/18 16:51:12.250,2,NVIDIA A100-SXM-64GB,99.63,31912,100
427,2026-05-18 16:51:12.031445,2026/05/18 16:51:12.276,3,NVIDIA A100-SXM-64GB,107.79,31868,100
428,2026-05-18 16:51:17.359525,2026/05/18 16:51:17.520,0,NVIDIA A100-SXM-64GB,111.86,31884,100
429,2026-05-18 16:51:17.359525,2026/05/18 16:51:17.567,1,NVIDIA A100-SXM-64GB,103.63,31892,100
430,2026-05-18 16:51:17.359525,2026/05/18 16:51:17.571,2,NVIDIA A100-SXM-64GB,109.11,31912,100
431,2026-05-18 16:51:17.359525,2026/05/18 16:51:17.629,3,NVIDIA A100-SXM-64GB,114.79,31868,100
432,2026-05-18 16:51:22.658435,2026/05/18 16:51:22.813,0,NVIDIA A100-SXM-64GB,108.83,31884,100
433,2026-05-18 16:51:22.658435,2026/05/18 16:51:22.816,1,NVIDIA A100-SXM-64GB,131.19,31892,100
434,2026-05-18 16:51:22.658435,2026/05/18 16:51:22.821,2,NVIDIA A100-SXM-64GB,105.43,31912,100
435,2026-05-18 16:51:22.658435,2026/05/18 16:51:22.872,3,NVIDIA A100-SXM-64GB,118.45,31868,100
436,2026-05-18 16:51:27.908514,2026/05/18 16:51:28.069,0,NVIDIA A100-SXM-64GB,100.37,31884,100
437,2026-05-18 16:51:27.908514,2026/05/18 16:51:28.072,1,NVIDIA A100-SXM-64GB,98.20,31892,100
438,2026-05-18 16:51:27.908514,2026/05/18 16:51:28.139,2,NVIDIA A100-SXM-64GB,108.78,31912,100
439,2026-05-18 16:51:27.908514,2026/05/18 16:51:28.141,3,NVIDIA A100-SXM-64GB,108.39,31868,100
440,2026-05-18 16:51:33.235329,2026/05/18 16:51:33.436,0,NVIDIA A100-SXM-64GB,104.33,31884,92
441,2026-05-18 16:51:33.235329,2026/05/18 16:51:33.444,1,NVIDIA A100-SXM-64GB,91.84,31892,63
442,2026-05-18 16:51:33.235329,2026/05/18 16:51:33.459,2,NVIDIA A100-SXM-64GB,96.39,31912,78
443,2026-05-18 16:51:33.235329,2026/05/18 16:51:33.510,3,NVIDIA A100-SXM-64GB,105.05,31868,41
444,2026-05-18 16:51:38.555859,2026/05/18 16:51:38.713,0,NVIDIA A100-SXM-64GB,111.69,31884,100
445,2026-05-18 16:51:38.555859,2026/05/18 16:51:38.716,1,NVIDIA A100-SXM-64GB,120.38,31892,100
446,2026-05-18 16:51:38.555859,2026/05/18 16:51:38.720,2,NVIDIA A100-SXM-64GB,104.50,31912,100
447,2026-05-18 16:51:38.555859,2026/05/18 16:51:38.777,3,NVIDIA A100-SXM-64GB,114.46,31868,100
448,2026-05-18 16:51:43.811762,2026/05/18 16:51:43.965,0,NVIDIA A100-SXM-64GB,119.34,31884,100
449,2026-05-18 16:51:43.811762,2026/05/18 16:51:43.968,1,NVIDIA A100-SXM-64GB,109.11,31892,100
450,2026-05-18 16:51:43.811762,2026/05/18 16:51:43.977,2,NVIDIA A100-SXM-64GB,107.90,31912,100
451,2026-05-18 16:51:43.811762,2026/05/18 16:51:44.066,3,NVIDIA A100-SXM-64GB,98.00,31868,100
452,2026-05-18 16:51:49.097611,2026/05/18 16:51:49.257,0,NVIDIA A100-SXM-64GB,104.66,31884,100
453,2026-05-18 16:51:49.097611,2026/05/18 16:51:49.282,1,NVIDIA A100-SXM-64GB,103.41,31892,100
454,2026-05-18 16:51:49.097611,2026/05/18 16:51:49.284,2,NVIDIA A100-SXM-64GB,109.70,31912,100
455,2026-05-18 16:51:49.097611,2026/05/18 16:51:49.327,3,NVIDIA A100-SXM-64GB,140.51,31868,100
456,2026-05-18 16:51:54.366127,2026/05/18 16:51:54.541,0,NVIDIA A100-SXM-64GB,152.37,31884,100
457,2026-05-18 16:51:54.366127,2026/05/18 16:51:54.545,1,NVIDIA A100-SXM-64GB,117.44,31892,100
458,2026-05-18 16:51:54.366127,2026/05/18 16:51:54.548,2,NVIDIA A100-SXM-64GB,146.75,31912,100
459,2026-05-18 16:51:54.366127,2026/05/18 16:51:54.568,3,NVIDIA A100-SXM-64GB,103.90,31868,100
460,2026-05-18 16:51:59.635956,2026/05/18 16:51:59.800,0,NVIDIA A100-SXM-64GB,109.71,31884,100
461,2026-05-18 16:51:59.635956,2026/05/18 16:51:59.803,1,NVIDIA A100-SXM-64GB,106.75,31892,100
462,2026-05-18 16:51:59.635956,2026/05/18 16:51:59.806,2,NVIDIA A100-SXM-64GB,104.84,31912,100
463,2026-05-18 16:51:59.635956,2026/05/18 16:51:59.860,3,NVIDIA A100-SXM-64GB,114.19,31868,100
464,2026-05-18 16:52:04.925348,2026/05/18 16:52:05.093,0,NVIDIA A100-SXM-64GB,109.23,31884,100
465,2026-05-18 16:52:04.925348,2026/05/18 16:52:05.136,1,NVIDIA A100-SXM-64GB,106.75,31892,100
466,2026-05-18 16:52:04.925348,2026/05/18 16:52:05.138,2,NVIDIA A100-SXM-64GB,108.89,31912,100
467,2026-05-18 16:52:04.925348,2026/05/18 16:52:05.154,3,NVIDIA A100-SXM-64GB,110.20,31868,100
468,2026-05-18 16:52:10.228738,2026/05/18 16:52:10.385,0,NVIDIA A100-SXM-64GB,110.37,31884,100
469,2026-05-18 16:52:10.228738,2026/05/18 16:52:10.405,1,NVIDIA A100-SXM-64GB,106.37,31892,100
470,2026-05-18 16:52:10.228738,2026/05/18 16:52:10.415,2,NVIDIA A100-SXM-64GB,102.27,31912,100
471,2026-05-18 16:52:10.228738,2026/05/18 16:52:10.459,3,NVIDIA A100-SXM-64GB,104.01,31868,100
472,2026-05-18 16:52:15.505665,2026/05/18 16:52:15.672,0,NVIDIA A100-SXM-64GB,121.84,31884,100
473,2026-05-18 16:52:15.505665,2026/05/18 16:52:15.707,1,NVIDIA A100-SXM-64GB,106.64,31892,100
474,2026-05-18 16:52:15.505665,2026/05/18 16:52:15.747,2,NVIDIA A100-SXM-64GB,110.20,31912,100
475,2026-05-18 16:52:15.505665,2026/05/18 16:52:15.751,3,NVIDIA A100-SXM-64GB,101.56,31868,100
476,2026-05-18 16:52:20.823834,2026/05/18 16:52:20.984,0,NVIDIA A100-SXM-64GB,110.98,31884,100
477,2026-05-18 16:52:20.823834,2026/05/18 16:52:20.987,1,NVIDIA A100-SXM-64GB,106.04,31892,100
478,2026-05-18 16:52:20.823834,2026/05/18 16:52:21.038,2,NVIDIA A100-SXM-64GB,97.73,31912,100
479,2026-05-18 16:52:20.823834,2026/05/18 16:52:21.090,3,NVIDIA A100-SXM-64GB,98.55,31868,100
480,2026-05-18 16:52:26.129407,2026/05/18 16:52:26.288,0,NVIDIA A100-SXM-64GB,114.32,31884,100
481,2026-05-18 16:52:26.129407,2026/05/18 16:52:26.291,1,NVIDIA A100-SXM-64GB,107.57,31892,100
482,2026-05-18 16:52:26.129407,2026/05/18 16:52:26.328,2,NVIDIA A100-SXM-64GB,108.06,31912,100
483,2026-05-18 16:52:26.129407,2026/05/18 16:52:26.330,3,NVIDIA A100-SXM-64GB,107.68,31868,100
484,2026-05-18 16:52:31.394573,2026/05/18 16:52:31.557,0,NVIDIA A100-SXM-64GB,120.55,31884,100
485,2026-05-18 16:52:31.394573,2026/05/18 16:52:31.577,1,NVIDIA A100-SXM-64GB,105.87,31892,100
486,2026-05-18 16:52:31.394573,2026/05/18 16:52:31.579,2,NVIDIA A100-SXM-64GB,103.63,31912,100
487,2026-05-18 16:52:31.394573,2026/05/18 16:52:31.633,3,NVIDIA A100-SXM-64GB,108.67,31868,100
488,2026-05-18 16:52:36.668775,2026/05/18 16:52:36.825,0,NVIDIA A100-SXM-64GB,96.26,31884,100
489,2026-05-18 16:52:36.668775,2026/05/18 16:52:36.828,1,NVIDIA A100-SXM-64GB,100.89,31892,100
490,2026-05-18 16:52:36.668775,2026/05/18 16:52:36.873,2,NVIDIA A100-SXM-64GB,94.16,31912,100
491,2026-05-18 16:52:36.668775,2026/05/18 16:52:36.876,3,NVIDIA A100-SXM-64GB,112.21,31868,100
492,2026-05-18 16:52:41.938740,2026/05/18 16:52:42.166,0,NVIDIA A100-SXM-64GB,105.49,31884,100
493,2026-05-18 16:52:41.938740,2026/05/18 16:52:42.169,1,NVIDIA A100-SXM-64GB,97.83,31892,100
494,2026-05-18 16:52:41.938740,2026/05/18 16:52:42.235,2,NVIDIA A100-SXM-64GB,109.70,31912,100
495,2026-05-18 16:52:41.938740,2026/05/18 16:52:42.292,3,NVIDIA A100-SXM-64GB,174.69,31868,100
496,2026-05-18 16:52:47.325065,2026/05/18 16:52:47.486,0,NVIDIA A100-SXM-64GB,107.90,31884,100
497,2026-05-18 16:52:47.325065,2026/05/18 16:52:47.490,1,NVIDIA A100-SXM-64GB,99.96,31892,100
498,2026-05-18 16:52:47.325065,2026/05/18 16:52:47.499,2,NVIDIA A100-SXM-64GB,106.04,31912,100
499,2026-05-18 16:52:47.325065,2026/05/18 16:52:47.545,3,NVIDIA A100-SXM-64GB,121.33,31868,100
500,2026-05-18 16:52:52.610473,2026/05/18 16:52:52.754,0,NVIDIA A100-SXM-64GB,98.40,31884,100
501,2026-05-18 16:52:52.610473,2026/05/18 16:52:52.804,1,NVIDIA A100-SXM-64GB,101.49,31892,100
502,2026-05-18 16:52:52.610473,2026/05/18 16:52:52.809,2,NVIDIA A100-SXM-64GB,99.36,31912,100
503,2026-05-18 16:52:52.610473,2026/05/18 16:52:52.856,3,NVIDIA A100-SXM-64GB,113.53,31868,100
504,2026-05-18 16:52:57.901455,2026/05/18 16:52:58.062,0,NVIDIA A100-SXM-64GB,105.16,31884,100
505,2026-05-18 16:52:57.901455,2026/05/18 16:52:58.065,1,NVIDIA A100-SXM-64GB,131.52,31892,100
506,2026-05-18 16:52:57.901455,2026/05/18 16:52:58.104,2,NVIDIA A100-SXM-64GB,107.46,31912,100
507,2026-05-18 16:52:57.901455,2026/05/18 16:52:58.107,3,NVIDIA A100-SXM-64GB,142.04,31868,100
508,2026-05-18 16:53:03.163582,2026/05/18 16:53:03.379,0,NVIDIA A100-SXM-64GB,106.97,31884,100
509,2026-05-18 16:53:03.163582,2026/05/18 16:53:03.382,1,NVIDIA A100-SXM-64GB,105.27,31892,100
510,2026-05-18 16:53:03.163582,2026/05/18 16:53:03.422,2,NVIDIA A100-SXM-64GB,99.96,31912,100
511,2026-05-18 16:53:03.163582,2026/05/18 16:53:03.425,3,NVIDIA A100-SXM-64GB,104.73,31868,100
512,2026-05-18 16:53:08.482144,2026/05/18 16:53:08.646,0,NVIDIA A100-SXM-64GB,110.98,31884,71
513,2026-05-18 16:53:08.482144,2026/05/18 16:53:08.649,1,NVIDIA A100-SXM-64GB,109.11,31892,84
514,2026-05-18 16:53:08.482144,2026/05/18 16:53:08.651,2,NVIDIA A100-SXM-64GB,102.37,31912,89
515,2026-05-18 16:53:08.482144,2026/05/18 16:53:08.709,3,NVIDIA A100-SXM-64GB,106.26,31868,100
516,2026-05-18 16:53:13.753985,2026/05/18 16:53:13.918,0,NVIDIA A100-SXM-64GB,114.11,31884,100
517,2026-05-18 16:53:13.753985,2026/05/18 16:53:13.921,1,NVIDIA A100-SXM-64GB,110.14,31892,100
518,2026-05-18 16:53:13.753985,2026/05/18 16:53:13.923,2,NVIDIA A100-SXM-64GB,110.14,31912,100
519,2026-05-18 16:53:13.753985,2026/05/18 16:53:13.971,3,NVIDIA A100-SXM-64GB,110.79,31868,100
520,2026-05-18 16:53:19.011618,2026/05/18 16:53:19.164,0,NVIDIA A100-SXM-64GB,101.91,31884,100
521,2026-05-18 16:53:19.011618,2026/05/18 16:53:19.167,1,NVIDIA A100-SXM-64GB,94.86,31892,100
522,2026-05-18 16:53:19.011618,2026/05/18 16:53:19.223,2,NVIDIA A100-SXM-64GB,108.01,31912,100
523,2026-05-18 16:53:19.011618,2026/05/18 16:53:19.227,3,NVIDIA A100-SXM-64GB,118.45,31868,100
524,2026-05-18 16:53:24.291312,2026/05/18 16:53:24.440,0,NVIDIA A100-SXM-64GB,105.60,31884,100
525,2026-05-18 16:53:24.291312,2026/05/18 16:53:24.478,1,NVIDIA A100-SXM-64GB,104.94,31892,100
526,2026-05-18 16:53:24.291312,2026/05/18 16:53:24.480,2,NVIDIA A100-SXM-64GB,107.40,31912,100
527,2026-05-18 16:53:24.291312,2026/05/18 16:53:24.492,3,NVIDIA A100-SXM-64GB,107.18,31868,100
528,2026-05-18 16:53:29.562048,2026/05/18 16:53:29.742,0,NVIDIA A100-SXM-64GB,108.51,31884,100
529,2026-05-18 16:53:29.562048,2026/05/18 16:53:29.745,1,NVIDIA A100-SXM-64GB,108.78,31892,100
530,2026-05-18 16:53:29.562048,2026/05/18 16:53:29.833,2,NVIDIA A100-SXM-64GB,97.83,31912,100
531,2026-05-18 16:53:29.562048,2026/05/18 16:53:29.836,3,NVIDIA A100-SXM-64GB,104.73,31868,100
532,2026-05-18 16:53:34.889879,2026/05/18 16:53:35.027,0,NVIDIA A100-SXM-64GB,100.98,31884,100
533,2026-05-18 16:53:34.889879,2026/05/18 16:53:35.052,1,NVIDIA A100-SXM-64GB,98.53,31892,100
534,2026-05-18 16:53:34.889879,2026/05/18 16:53:35.055,2,NVIDIA A100-SXM-64GB,96.62,31912,100
535,2026-05-18 16:53:34.889879,2026/05/18 16:53:35.108,3,NVIDIA A100-SXM-64GB,103.80,31868,88
536,2026-05-18 16:53:40.137963,2026/05/18 16:53:40.295,0,NVIDIA A100-SXM-64GB,109.23,31884,100
537,2026-05-18 16:53:40.137963,2026/05/18 16:53:40.298,1,NVIDIA A100-SXM-64GB,105.54,31892,100
538,2026-05-18 16:53:40.137963,2026/05/18 16:53:40.300,2,NVIDIA A100-SXM-64GB,129.19,31912,100
539,2026-05-18 16:53:40.137963,2026/05/18 16:53:40.350,3,NVIDIA A100-SXM-64GB,115.99,31868,100
540,2026-05-18 16:53:45.416951,2026/05/18 16:53:45.572,0,NVIDIA A100-SXM-64GB,104.55,31884,100
541,2026-05-18 16:53:45.416951,2026/05/18 16:53:45.574,1,NVIDIA A100-SXM-64GB,106.37,31892,100
542,2026-05-18 16:53:45.416951,2026/05/18 16:53:45.582,2,NVIDIA A100-SXM-64GB,108.17,31912,100
543,2026-05-18 16:53:45.416951,2026/05/18 16:53:45.637,3,NVIDIA A100-SXM-64GB,109.48,31868,100
544,2026-05-18 16:53:50.678608,2026/05/18 16:53:50.842,0,NVIDIA A100-SXM-64GB,134.53,31884,100
545,2026-05-18 16:53:50.678608,2026/05/18 16:53:50.845,1,NVIDIA A100-SXM-64GB,106.97,31892,100
546,2026-05-18 16:53:50.678608,2026/05/18 16:53:50.854,2,NVIDIA A100-SXM-64GB,108.17,31912,100
547,2026-05-18 16:53:50.678608,2026/05/18 16:53:50.912,3,NVIDIA A100-SXM-64GB,102.59,31868,100
548,2026-05-18 16:53:55.953806,2026/05/18 16:53:56.107,0,NVIDIA A100-SXM-64GB,117.19,31884,100
549,2026-05-18 16:53:55.953806,2026/05/18 16:53:56.110,1,NVIDIA A100-SXM-64GB,106.15,31892,100
550,2026-05-18 16:53:55.953806,2026/05/18 16:53:56.152,2,NVIDIA A100-SXM-64GB,106.37,31912,100
551,2026-05-18 16:53:55.953806,2026/05/18 16:53:56.155,3,NVIDIA A100-SXM-64GB,109.92,31868,100
552,2026-05-18 16:54:01.210751,2026/05/18 16:54:01.402,0,NVIDIA A100-SXM-64GB,103.62,31884,69
553,2026-05-18 16:54:01.210751,2026/05/18 16:54:01.448,1,NVIDIA A100-SXM-64GB,112.28,31892,85
554,2026-05-18 16:54:01.210751,2026/05/18 16:54:01.451,2,NVIDIA A100-SXM-64GB,108.78,31912,87
555,2026-05-18 16:54:01.210751,2026/05/18 16:54:01.499,3,NVIDIA A100-SXM-64GB,110.52,31868,100
556,2026-05-18 16:54:06.537414,2026/05/18 16:54:06.698,0,NVIDIA A100-SXM-64GB,115.65,31884,100
557,2026-05-18 16:54:06.537414,2026/05/18 16:54:06.701,1,NVIDIA A100-SXM-64GB,97.32,31892,100
558,2026-05-18 16:54:06.537414,2026/05/18 16:54:06.712,2,NVIDIA A100-SXM-64GB,102.37,31912,100
559,2026-05-18 16:54:06.537414,2026/05/18 16:54:06.771,3,NVIDIA A100-SXM-64GB,101.99,31868,100
560,2026-05-18 16:54:11.809609,2026/05/18 16:54:11.968,0,NVIDIA A100-SXM-64GB,108.02,31884,100
561,2026-05-18 16:54:11.809609,2026/05/18 16:54:11.971,1,NVIDIA A100-SXM-64GB,101.37,31892,100
562,2026-05-18 16:54:11.809609,2026/05/18 16:54:11.978,2,NVIDIA A100-SXM-64GB,102.80,31912,100
563,2026-05-18 16:54:11.809609,2026/05/18 16:54:12.029,3,NVIDIA A100-SXM-64GB,106.97,31868,100
564,2026-05-18 16:54:17.075043,2026/05/18 16:54:17.239,0,NVIDIA A100-SXM-64GB,115.26,31884,100
565,2026-05-18 16:54:17.075043,2026/05/18 16:54:17.242,1,NVIDIA A100-SXM-64GB,99.46,31892,100
566,2026-05-18 16:54:17.075043,2026/05/18 16:54:17.246,2,NVIDIA A100-SXM-64GB,110.64,31912,100
567,2026-05-18 16:54:17.075043,2026/05/18 16:54:17.309,3,NVIDIA A100-SXM-64GB,104.12,31868,100
568,2026-05-18 16:54:22.360922,2026/05/18 16:54:22.524,0,NVIDIA A100-SXM-64GB,103.01,31884,100
569,2026-05-18 16:54:22.360922,2026/05/18 16:54:22.527,1,NVIDIA A100-SXM-64GB,106.04,31892,100
570,2026-05-18 16:54:22.360922,2026/05/18 16:54:22.529,2,NVIDIA A100-SXM-64GB,110.03,31912,100
571,2026-05-18 16:54:22.360922,2026/05/18 16:54:22.556,3,NVIDIA A100-SXM-64GB,109.80,31868,100
572,2026-05-18 16:54:27.623515,2026/05/18 16:54:27.759,0,NVIDIA A100-SXM-64GB,96.26,31884,100
573,2026-05-18 16:54:27.623515,2026/05/18 16:54:27.762,1,NVIDIA A100-SXM-64GB,175.98,31892,94
574,2026-05-18 16:54:27.623515,2026/05/18 16:54:27.788,2,NVIDIA A100-SXM-64GB,114.91,31912,83
575,2026-05-18 16:54:27.623515,2026/05/18 16:54:27.832,3,NVIDIA A100-SXM-64GB,125.92,31868,88
576,2026-05-18 16:54:32.887290,2026/05/18 16:54:33.043,0,NVIDIA A100-SXM-64GB,108.23,31884,100
577,2026-05-18 16:54:32.887290,2026/05/18 16:54:33.046,1,NVIDIA A100-SXM-64GB,103.90,31892,100
578,2026-05-18 16:54:32.887290,2026/05/18 16:54:33.049,2,NVIDIA A100-SXM-64GB,103.90,31912,100
579,2026-05-18 16:54:32.887290,2026/05/18 16:54:33.072,3,NVIDIA A100-SXM-64GB,105.22,31868,100
580,2026-05-18 16:54:38.174133,2026/05/18 16:54:38.330,0,NVIDIA A100-SXM-64GB,110.04,31884,100
581,2026-05-18 16:54:38.174133,2026/05/18 16:54:38.365,1,NVIDIA A100-SXM-64GB,116.11,31892,100
582,2026-05-18 16:54:38.174133,2026/05/18 16:54:38.407,2,NVIDIA A100-SXM-64GB,105.65,31912,100
583,2026-05-18 16:54:38.174133,2026/05/18 16:54:38.409,3,NVIDIA A100-SXM-64GB,107.07,31868,100
584,2026-05-18 16:54:43.469417,2026/05/18 16:54:43.625,0,NVIDIA A100-SXM-64GB,104.93,31884,100
585,2026-05-18 16:54:43.469417,2026/05/18 16:54:43.628,1,NVIDIA A100-SXM-64GB,101.87,31892,100
586,2026-05-18 16:54:43.469417,2026/05/18 16:54:43.678,2,NVIDIA A100-SXM-64GB,117.17,31912,100
587,2026-05-18 16:54:43.469417,2026/05/18 16:54:43.681,3,NVIDIA A100-SXM-64GB,96.90,31868,100
588,2026-05-18 16:54:48.748952,2026/05/18 16:54:48.906,0,NVIDIA A100-SXM-64GB,96.26,31884,100
589,2026-05-18 16:54:48.748952,2026/05/18 16:54:48.909,1,NVIDIA A100-SXM-64GB,92.12,31892,100
590,2026-05-18 16:54:48.748952,2026/05/18 16:54:48.912,2,NVIDIA A100-SXM-64GB,93.55,31912,100
591,2026-05-18 16:54:48.748952,2026/05/18 16:54:48.959,3,NVIDIA A100-SXM-64GB,94.66,31868,100
592,2026-05-18 16:54:53.999714,2026/05/18 16:54:54.148,0,NVIDIA A100-SXM-64GB,95.66,31884,100
593,2026-05-18 16:54:53.999714,2026/05/18 16:54:54.151,1,NVIDIA A100-SXM-64GB,92.02,31892,100
594,2026-05-18 16:54:53.999714,2026/05/18 16:54:54.155,2,NVIDIA A100-SXM-64GB,93.55,31912,100
595,2026-05-18 16:54:53.999714,2026/05/18 16:54:54.223,3,NVIDIA A100-SXM-64GB,94.56,31868,100
596,2026-05-18 16:54:59.283078,2026/05/18 16:54:59.423,0,NVIDIA A100-SXM-64GB,107.90,31884,88
597,2026-05-18 16:54:59.283078,2026/05/18 16:54:59.426,1,NVIDIA A100-SXM-64GB,103.02,31892,60
598,2026-05-18 16:54:59.283078,2026/05/18 16:54:59.429,2,NVIDIA A100-SXM-64GB,110.91,31912,86
599,2026-05-18 16:54:59.283078,2026/05/18 16:54:59.493,3,NVIDIA A100-SXM-64GB,111.40,31868,89
600,2026-05-18 16:55:04.529448,2026/05/18 16:55:04.661,0,NVIDIA A100-SXM-64GB,78.00,31884,0
601,2026-05-18 16:55:04.529448,2026/05/18 16:55:04.664,1,NVIDIA A100-SXM-64GB,75.02,31892,0
602,2026-05-18 16:55:04.529448,2026/05/18 16:55:04.669,2,NVIDIA A100-SXM-64GB,74.67,31912,0
603,2026-05-18 16:55:04.529448,2026/05/18 16:55:04.712,3,NVIDIA A100-SXM-64GB,94.66,31868,100
604,2026-05-18 16:55:09.752907,2026/05/18 16:55:09.906,0,NVIDIA A100-SXM-64GB,95.99,31884,100
605,2026-05-18 16:55:09.752907,2026/05/18 16:55:09.908,1,NVIDIA A100-SXM-64GB,92.36,31892,100
606,2026-05-18 16:55:09.752907,2026/05/18 16:55:09.911,2,NVIDIA A100-SXM-64GB,93.79,31912,100
607,2026-05-18 16:55:09.752907,2026/05/18 16:55:09.960,3,NVIDIA A100-SXM-64GB,76.13,31868,0
608,2026-05-18 16:55:15.008984,2026/05/18 16:55:15.171,0,NVIDIA A100-SXM-64GB,97.52,31884,100
609,2026-05-18 16:55:15.008984,2026/05/18 16:55:15.174,1,NVIDIA A100-SXM-64GB,101.17,31892,100
610,2026-05-18 16:55:15.008984,2026/05/18 16:55:15.217,2,NVIDIA A100-SXM-64GB,93.55,31912,100
611,2026-05-18 16:55:15.008984,2026/05/18 16:55:15.220,3,NVIDIA A100-SXM-64GB,114.34,31868,100
612,2026-05-18 16:55:20.283654,2026/05/18 16:55:20.444,0,NVIDIA A100-SXM-64GB,106.81,31884,100
613,2026-05-18 16:55:20.283654,2026/05/18 16:55:20.447,1,NVIDIA A100-SXM-64GB,110.75,31892,100
614,2026-05-18 16:55:20.283654,2026/05/18 16:55:20.511,2,NVIDIA A100-SXM-64GB,101.00,31912,100
615,2026-05-18 16:55:20.283654,2026/05/18 16:55:20.514,3,NVIDIA A100-SXM-64GB,107.79,31868,100
616,2026-05-18 16:55:25.566003,2026/05/18 16:55:25.718,0,NVIDIA A100-SXM-64GB,96.08,31884,100
617,2026-05-18 16:55:25.566003,2026/05/18 16:55:25.721,1,NVIDIA A100-SXM-64GB,92.36,31892,100
618,2026-05-18 16:55:25.566003,2026/05/18 16:55:25.723,2,NVIDIA A100-SXM-64GB,93.55,31912,100
619,2026-05-18 16:55:25.566003,2026/05/18 16:55:25.772,3,NVIDIA A100-SXM-64GB,94.66,31868,100
620,2026-05-18 16:55:30.819210,2026/05/18 16:55:30.971,0,NVIDIA A100-SXM-64GB,113.40,31884,100
621,2026-05-18 16:55:30.819210,2026/05/18 16:55:30.974,1,NVIDIA A100-SXM-64GB,107.29,31892,100
622,2026-05-18 16:55:30.819210,2026/05/18 16:55:30.980,2,NVIDIA A100-SXM-64GB,106.86,31912,100
623,2026-05-18 16:55:30.819210,2026/05/18 16:55:31.042,3,NVIDIA A100-SXM-64GB,96.80,31868,100
624,2026-05-18 16:55:36.077711,2026/05/18 16:55:36.234,0,NVIDIA A100-SXM-64GB,110.65,31884,100
625,2026-05-18 16:55:36.077711,2026/05/18 16:55:36.237,1,NVIDIA A100-SXM-64GB,105.43,31892,100
626,2026-05-18 16:55:36.077711,2026/05/18 16:55:36.246,2,NVIDIA A100-SXM-64GB,100.89,31912,100
627,2026-05-18 16:55:36.077711,2026/05/18 16:55:36.299,3,NVIDIA A100-SXM-64GB,97.73,31868,100
628,2026-05-18 16:55:41.340181,2026/05/18 16:55:41.493,0,NVIDIA A100-SXM-64GB,106.70,31884,100
629,2026-05-18 16:55:41.340181,2026/05/18 16:55:41.496,1,NVIDIA A100-SXM-64GB,106.37,31892,100
630,2026-05-18 16:55:41.340181,2026/05/18 16:55:41.550,2,NVIDIA A100-SXM-64GB,102.27,31912,100
631,2026-05-18 16:55:41.340181,2026/05/18 16:55:41.553,3,NVIDIA A100-SXM-64GB,111.29,31868,100
632,2026-05-18 16:55:46.632801,2026/05/18 16:55:46.794,0,NVIDIA A100-SXM-64GB,99.06,31884,100
633,2026-05-18 16:55:46.632801,2026/05/18 16:55:46.797,1,NVIDIA A100-SXM-64GB,100.89,31892,100
634,2026-05-18 16:55:46.632801,2026/05/18 16:55:46.799,2,NVIDIA A100-SXM-64GB,101.66,31912,100
635,2026-05-18 16:55:46.632801,2026/05/18 16:55:46.861,3,NVIDIA A100-SXM-64GB,102.49,31868,100
636,2026-05-18 16:55:51.928951,2026/05/18 16:55:52.091,0,NVIDIA A100-SXM-64GB,107.30,31884,100
637,2026-05-18 16:55:51.928951,2026/05/18 16:55:52.131,1,NVIDIA A100-SXM-64GB,104.50,31892,100
638,2026-05-18 16:55:51.928951,2026/05/18 16:55:52.134,2,NVIDIA A100-SXM-64GB,108.06,31912,100
639,2026-05-18 16:55:51.928951,2026/05/18 16:55:52.180,3,NVIDIA A100-SXM-64GB,117.40,31868,100
640,2026-05-18 16:55:57.259794,2026/05/18 16:55:57.415,0,NVIDIA A100-SXM-64GB,97.62,31884,100
641,2026-05-18 16:55:57.259794,2026/05/18 16:55:57.418,1,NVIDIA A100-SXM-64GB,102.48,31892,100
642,2026-05-18 16:55:57.259794,2026/05/18 16:55:57.423,2,NVIDIA A100-SXM-64GB,108.17,31912,100
643,2026-05-18 16:55:57.259794,2026/05/18 16:55:57.487,3,NVIDIA A100-SXM-64GB,107.79,31868,100
644,2026-05-18 16:56:02.535797,2026/05/18 16:56:02.691,0,NVIDIA A100-SXM-64GB,108.23,31884,100
645,2026-05-18 16:56:02.535797,2026/05/18 16:56:02.726,1,NVIDIA A100-SXM-64GB,98.43,31892,100
646,2026-05-18 16:56:02.535797,2026/05/18 16:56:02.731,2,NVIDIA A100-SXM-64GB,104.84,31912,100
647,2026-05-18 16:56:02.535797,2026/05/18 16:56:02.756,3,NVIDIA A100-SXM-64GB,105.65,31868,100
648,2026-05-18 16:56:07.819171,2026/05/18 16:56:07.971,0,NVIDIA A100-SXM-64GB,105.76,31884,100
649,2026-05-18 16:56:07.819171,2026/05/18 16:56:07.974,1,NVIDIA A100-SXM-64GB,102.70,31892,100
650,2026-05-18 16:56:07.819171,2026/05/18 16:56:07.977,2,NVIDIA A100-SXM-64GB,102.37,31912,100
651,2026-05-18 16:56:07.819171,2026/05/18 16:56:07.994,3,NVIDIA A100-SXM-64GB,104.29,31868,100
652,2026-05-18 16:56:13.085813,2026/05/18 16:56:13.240,0,NVIDIA A100-SXM-64GB,110.98,31884,100
653,2026-05-18 16:56:13.085813,2026/05/18 16:56:13.243,1,NVIDIA A100-SXM-64GB,104.84,31892,100
654,2026-05-18 16:56:13.085813,2026/05/18 16:56:13.303,2,NVIDIA A100-SXM-64GB,96.90,31912,100
655,2026-05-18 16:56:13.085813,2026/05/18 16:56:13.306,3,NVIDIA A100-SXM-64GB,104.62,31868,100
656,2026-05-18 16:56:18.372143,2026/05/18 16:56:18.519,0,NVIDIA A100-SXM-64GB,107.30,31884,100
657,2026-05-18 16:56:18.372143,2026/05/18 16:56:18.522,1,NVIDIA A100-SXM-64GB,105.43,31892,100
658,2026-05-18 16:56:18.372143,2026/05/18 16:56:18.562,2,NVIDIA A100-SXM-64GB,101.76,31912,100
659,2026-05-18 16:56:18.372143,2026/05/18 16:56:18.598,3,NVIDIA A100-SXM-64GB,104.39,31868,100
660,2026-05-18 16:56:23.672395,2026/05/18 16:56:23.832,0,NVIDIA A100-SXM-64GB,103.62,31884,100
661,2026-05-18 16:56:23.672395,2026/05/18 16:56:23.835,1,NVIDIA A100-SXM-64GB,98.43,31892,100
662,2026-05-18 16:56:23.672395,2026/05/18 16:56:23.837,2,NVIDIA A100-SXM-64GB,105.16,31912,100
663,2026-05-18 16:56:23.672395,2026/05/18 16:56:23.911,3,NVIDIA A100-SXM-64GB,97.12,31868,100
664,2026-05-18 16:56:28.948411,2026/05/18 16:56:29.101,0,NVIDIA A100-SXM-64GB,112.19,31884,100
665,2026-05-18 16:56:28.948411,2026/05/18 16:56:29.103,1,NVIDIA A100-SXM-64GB,109.11,31892,100
666,2026-05-18 16:56:28.948411,2026/05/18 16:56:29.150,2,NVIDIA A100-SXM-64GB,109.26,31912,100
667,2026-05-18 16:56:28.948411,2026/05/18 16:56:29.153,3,NVIDIA A100-SXM-64GB,97.90,31868,100
668,2026-05-18 16:56:34.201460,2026/05/18 16:56:34.357,0,NVIDIA A100-SXM-64GB,109.83,31884,100
669,2026-05-18 16:56:34.201460,2026/05/18 16:56:34.387,1,NVIDIA A100-SXM-64GB,105.54,31892,100
670,2026-05-18 16:56:34.201460,2026/05/18 16:56:34.390,2,NVIDIA A100-SXM-64GB,106.37,31912,100
671,2026-05-18 16:56:34.201460,2026/05/18 16:56:34.395,3,NVIDIA A100-SXM-64GB,115.18,31868,100
672,2026-05-18 16:56:39.472504,2026/05/18 16:56:39.627,0,NVIDIA A100-SXM-64GB,108.83,31884,100
673,2026-05-18 16:56:39.472504,2026/05/18 16:56:39.629,1,NVIDIA A100-SXM-64GB,103.90,31892,100
674,2026-05-18 16:56:39.472504,2026/05/18 16:56:39.632,2,NVIDIA A100-SXM-64GB,105.65,31912,100
675,2026-05-18 16:56:39.472504,2026/05/18 16:56:39.672,3,NVIDIA A100-SXM-64GB,112.21,31868,100
676,2026-05-18 16:56:44.724903,2026/05/18 16:56:44.875,0,NVIDIA A100-SXM-64GB,103.62,31884,100
677,2026-05-18 16:56:44.724903,2026/05/18 16:56:44.879,1,NVIDIA A100-SXM-64GB,101.76,31892,100
678,2026-05-18 16:56:44.724903,2026/05/18 16:56:44.887,2,NVIDIA A100-SXM-64GB,102.70,31912,100
679,2026-05-18 16:56:44.724903,2026/05/18 16:56:44.914,3,NVIDIA A100-SXM-64GB,107.68,31868,100
680,2026-05-18 16:56:49.971120,2026/05/18 16:56:50.127,0,NVIDIA A100-SXM-64GB,114.66,31884,100
681,2026-05-18 16:56:49.971120,2026/05/18 16:56:50.131,1,NVIDIA A100-SXM-64GB,116.44,31892,100
682,2026-05-18 16:56:49.971120,2026/05/18 16:56:50.169,2,NVIDIA A100-SXM-64GB,119.05,31912,100
683,2026-05-18 16:56:49.971120,2026/05/18 16:56:50.172,3,NVIDIA A100-SXM-64GB,142.04,31868,100
684,2026-05-18 16:56:55.239107,2026/05/18 16:56:55.392,0,NVIDIA A100-SXM-64GB,96.59,31884,100
685,2026-05-18 16:56:55.239107,2026/05/18 16:56:55.423,1,NVIDIA A100-SXM-64GB,92.95,31892,100
686,2026-05-18 16:56:55.239107,2026/05/18 16:56:55.426,2,NVIDIA A100-SXM-64GB,94.16,31912,100
687,2026-05-18 16:56:55.239107,2026/05/18 16:56:55.488,3,NVIDIA A100-SXM-64GB,102.81,31868,100
688,2026-05-18 16:57:00.534019,2026/05/18 16:57:00.694,0,NVIDIA A100-SXM-64GB,99.43,31884,100
689,2026-05-18 16:57:00.534019,2026/05/18 16:57:00.731,1,NVIDIA A100-SXM-64GB,100.23,31892,87
690,2026-05-18 16:57:00.534019,2026/05/18 16:57:00.734,2,NVIDIA A100-SXM-64GB,105.43,31912,94
691,2026-05-18 16:57:00.534019,2026/05/18 16:57:00.745,3,NVIDIA A100-SXM-64GB,110.79,31868,97
692,2026-05-18 16:57:05.812168,2026/05/18 16:57:05.965,0,NVIDIA A100-SXM-64GB,109.71,31884,100
693,2026-05-18 16:57:05.812168,2026/05/18 16:57:05.968,1,NVIDIA A100-SXM-64GB,105.76,31892,100
694,2026-05-18 16:57:05.812168,2026/05/18 16:57:05.971,2,NVIDIA A100-SXM-64GB,108.06,31912,100
695,2026-05-18 16:57:05.812168,2026/05/18 16:57:06.033,3,NVIDIA A100-SXM-64GB,111.61,31868,100
696,2026-05-18 16:57:11.077204,2026/05/18 16:57:11.231,0,NVIDIA A100-SXM-64GB,107.08,31884,100
697,2026-05-18 16:57:11.077204,2026/05/18 16:57:11.234,1,NVIDIA A100-SXM-64GB,103.13,31892,100
698,2026-05-18 16:57:11.077204,2026/05/18 16:57:11.239,2,NVIDIA A100-SXM-64GB,103.90,31912,100
699,2026-05-18 16:57:11.077204,2026/05/18 16:57:11.296,3,NVIDIA A100-SXM-64GB,107.18,31868,100
700,2026-05-18 16:57:16.333162,2026/05/18 16:57:16.480,0,NVIDIA A100-SXM-64GB,99.16,31884,100
701,2026-05-18 16:57:16.333162,2026/05/18 16:57:16.483,1,NVIDIA A100-SXM-64GB,111.96,31892,100
702,2026-05-18 16:57:16.333162,2026/05/18 16:57:16.527,2,NVIDIA A100-SXM-64GB,94.58,31912,100
703,2026-05-18 16:57:16.333162,2026/05/18 16:57:16.567,3,NVIDIA A100-SXM-64GB,95.96,31868,100
704,2026-05-18 16:57:21.608744,2026/05/18 16:57:21.792,0,NVIDIA A100-SXM-64GB,111.37,31884,100
705,2026-05-18 16:57:21.608744,2026/05/18 16:57:21.795,1,NVIDIA A100-SXM-64GB,164.89,31892,100
706,2026-05-18 16:57:21.608744,2026/05/18 16:57:21.846,2,NVIDIA A100-SXM-64GB,125.26,31912,100
707,2026-05-18 16:57:21.608744,2026/05/18 16:57:21.852,3,NVIDIA A100-SXM-64GB,99.26,31868,100
708,2026-05-18 16:57:26.932304,2026/05/18 16:57:27.078,0,NVIDIA A100-SXM-64GB,119.06,31884,54
709,2026-05-18 16:57:26.932304,2026/05/18 16:57:27.082,1,NVIDIA A100-SXM-64GB,110.42,31892,53
710,2026-05-18 16:57:26.932304,2026/05/18 16:57:27.111,2,NVIDIA A100-SXM-64GB,117.76,31912,100
711,2026-05-18 16:57:26.932304,2026/05/18 16:57:27.144,3,NVIDIA A100-SXM-64GB,108.28,31868,81
712,2026-05-18 16:57:32.192526,2026/05/18 16:57:32.349,0,NVIDIA A100-SXM-64GB,107.30,31884,100
713,2026-05-18 16:57:32.192526,2026/05/18 16:57:32.375,1,NVIDIA A100-SXM-64GB,98.75,31892,100
714,2026-05-18 16:57:32.192526,2026/05/18 16:57:32.378,2,NVIDIA A100-SXM-64GB,99.96,31912,100
715,2026-05-18 16:57:32.192526,2026/05/18 16:57:32.382,3,NVIDIA A100-SXM-64GB,103.42,31868,100
716,2026-05-18 16:57:37.459154,2026/05/18 16:57:37.613,0,NVIDIA A100-SXM-64GB,110.37,31884,100
717,2026-05-18 16:57:37.459154,2026/05/18 16:57:37.616,1,NVIDIA A100-SXM-64GB,106.64,31892,100
718,2026-05-18 16:57:37.459154,2026/05/18 16:57:37.618,2,NVIDIA A100-SXM-64GB,108.17,31912,100
719,2026-05-18 16:57:37.459154,2026/05/18 16:57:37.671,3,NVIDIA A100-SXM-64GB,103.20,31868,100
720,2026-05-18 16:57:42.710299,2026/05/18 16:57:42.875,0,NVIDIA A100-SXM-64GB,112.19,31884,100
721,2026-05-18 16:57:42.710299,2026/05/18 16:57:42.877,1,NVIDIA A100-SXM-64GB,98.10,31892,100
722,2026-05-18 16:57:42.710299,2026/05/18 16:57:42.880,2,NVIDIA A100-SXM-64GB,107.57,31912,100
723,2026-05-18 16:57:42.710299,2026/05/18 16:57:42.948,3,NVIDIA A100-SXM-64GB,140.51,31868,100
724,2026-05-18 16:57:47.987801,2026/05/18 16:57:48.144,0,NVIDIA A100-SXM-64GB,109.11,31884,100
725,2026-05-18 16:57:47.987801,2026/05/18 16:57:48.146,1,NVIDIA A100-SXM-64GB,106.04,31892,100
726,2026-05-18 16:57:47.987801,2026/05/18 16:57:48.149,2,NVIDIA A100-SXM-64GB,102.80,31912,100
727,2026-05-18 16:57:47.987801,2026/05/18 16:57:48.219,3,NVIDIA A100-SXM-64GB,96.70,31868,100
728,2026-05-18 16:57:53.326639,2026/05/18 16:57:53.484,0,NVIDIA A100-SXM-64GB,115.53,31884,87
729,2026-05-18 16:57:53.326639,2026/05/18 16:57:53.487,1,NVIDIA A100-SXM-64GB,109.22,31892,100
730,2026-05-18 16:57:53.326639,2026/05/18 16:57:53.530,2,NVIDIA A100-SXM-64GB,109.11,31912,84
731,2026-05-18 16:57:53.326639,2026/05/18 16:57:53.565,3,NVIDIA A100-SXM-64GB,108.67,31868,89
732,2026-05-18 16:57:58.602966,2026/05/18 16:57:58.773,0,NVIDIA A100-SXM-64GB,99.94,31884,100
733,2026-05-18 16:57:58.602966,2026/05/18 16:57:58.775,1,NVIDIA A100-SXM-64GB,123.44,31892,100
734,2026-05-18 16:57:58.602966,2026/05/18 16:57:58.817,2,NVIDIA A100-SXM-64GB,101.49,31912,100
735,2026-05-18 16:57:58.602966,2026/05/18 16:57:58.828,3,NVIDIA A100-SXM-64GB,118.93,31868,100
736,2026-05-18 16:58:03.901720,2026/05/18 16:58:04.051,0,NVIDIA A100-SXM-64GB,103.55,31884,100
737,2026-05-18 16:58:03.901720,2026/05/18 16:58:04.053,1,NVIDIA A100-SXM-64GB,105.54,31892,100
738,2026-05-18 16:58:03.901720,2026/05/18 16:58:04.115,2,NVIDIA A100-SXM-64GB,115.62,31912,100
739,2026-05-18 16:58:03.901720,2026/05/18 16:58:04.117,3,NVIDIA A100-SXM-64GB,108.99,31868,100
740,2026-05-18 16:58:09.186512,2026/05/18 16:58:09.346,0,NVIDIA A100-SXM-64GB,106.20,31884,100
741,2026-05-18 16:58:09.186512,2026/05/18 16:58:09.349,1,NVIDIA A100-SXM-64GB,108.17,31892,100
742,2026-05-18 16:58:09.186512,2026/05/18 16:58:09.352,2,NVIDIA A100-SXM-64GB,104.23,31912,100
743,2026-05-18 16:58:09.186512,2026/05/18 16:58:09.372,3,NVIDIA A100-SXM-64GB,109.59,31868,100
744,2026-05-18 16:58:14.477719,2026/05/18 16:58:14.640,0,NVIDIA A100-SXM-64GB,113.40,31884,100
745,2026-05-18 16:58:14.477719,2026/05/18 16:58:14.643,1,NVIDIA A100-SXM-64GB,103.02,31892,100
746,2026-05-18 16:58:14.477719,2026/05/18 16:58:14.648,2,NVIDIA A100-SXM-64GB,108.50,31912,100
747,2026-05-18 16:58:14.477719,2026/05/18 16:58:14.729,3,NVIDIA A100-SXM-64GB,100.46,31868,100
748,2026-05-18 16:58:19.814008,2026/05/18 16:58:19.972,0,NVIDIA A100-SXM-64GB,112.19,31884,100
749,2026-05-18 16:58:19.814008,2026/05/18 16:58:19.975,1,NVIDIA A100-SXM-64GB,110.75,31892,100
750,2026-05-18 16:58:19.814008,2026/05/18 16:58:19.979,2,NVIDIA A100-SXM-64GB,105.43,31912,100
751,2026-05-18 16:58:19.814008,2026/05/18 16:58:20.038,3,NVIDIA A100-SXM-64GB,107.07,31868,100
752,2026-05-18 16:58:25.079255,2026/05/18 16:58:25.233,0,NVIDIA A100-SXM-64GB,110.76,31884,100
753,2026-05-18 16:58:25.079255,2026/05/18 16:58:25.236,1,NVIDIA A100-SXM-64GB,95.36,31892,100
754,2026-05-18 16:58:25.079255,2026/05/18 16:58:25.239,2,NVIDIA A100-SXM-64GB,108.78,31912,100
755,2026-05-18 16:58:25.079255,2026/05/18 16:58:25.258,3,NVIDIA A100-SXM-64GB,97.73,31868,100
756,2026-05-18 16:58:30.340819,2026/05/18 16:58:30.496,0,NVIDIA A100-SXM-64GB,112.19,31884,100
757,2026-05-18 16:58:30.340819,2026/05/18 16:58:30.499,1,NVIDIA A100-SXM-64GB,102.37,31892,100
758,2026-05-18 16:58:30.340819,2026/05/18 16:58:30.555,2,NVIDIA A100-SXM-64GB,107.29,31912,100
759,2026-05-18 16:58:30.340819,2026/05/18 16:58:30.557,3,NVIDIA A100-SXM-64GB,100.96,31868,100
760,2026-05-18 16:58:35.616996,2026/05/18 16:58:35.768,0,NVIDIA A100-SXM-64GB,99.33,31884,100
761,2026-05-18 16:58:35.616996,2026/05/18 16:58:35.782,1,NVIDIA A100-SXM-64GB,103.80,31892,100
762,2026-05-18 16:58:35.616996,2026/05/18 16:58:35.798,2,NVIDIA A100-SXM-64GB,162.58,31912,100
763,2026-05-18 16:58:35.616996,2026/05/18 16:58:35.837,3,NVIDIA A100-SXM-64GB,94.56,31868,100
764,2026-05-18 16:58:40.938205,2026/05/18 16:58:41.093,0,NVIDIA A100-SXM-64GB,104.82,31884,100
765,2026-05-18 16:58:40.938205,2026/05/18 16:58:41.095,1,NVIDIA A100-SXM-64GB,94.76,31892,100
766,2026-05-18 16:58:40.938205,2026/05/18 16:58:41.103,2,NVIDIA A100-SXM-64GB,95.09,31912,100
767,2026-05-18 16:58:40.938205,2026/05/18 16:58:41.119,3,NVIDIA A100-SXM-64GB,97.63,31868,100
768,2026-05-18 16:58:46.197062,2026/05/18 16:58:46.355,0,NVIDIA A100-SXM-64GB,99.94,31884,100
769,2026-05-18 16:58:46.197062,2026/05/18 16:58:46.357,1,NVIDIA A100-SXM-64GB,109.11,31892,100
770,2026-05-18 16:58:46.197062,2026/05/18 16:58:46.415,2,NVIDIA A100-SXM-64GB,113.05,31912,100
771,2026-05-18 16:58:46.197062,2026/05/18 16:58:46.426,3,NVIDIA A100-SXM-64GB,107.46,31868,100
772,2026-05-18 16:58:51.505892,2026/05/18 16:58:51.656,0,NVIDIA A100-SXM-64GB,106.09,31884,100
773,2026-05-18 16:58:51.505892,2026/05/18 16:58:51.659,1,NVIDIA A100-SXM-64GB,106.64,31892,100
774,2026-05-18 16:58:51.505892,2026/05/18 16:58:51.715,2,NVIDIA A100-SXM-64GB,113.37,31912,100
775,2026-05-18 16:58:51.505892,2026/05/18 16:58:51.754,3,NVIDIA A100-SXM-64GB,109.15,31868,100
776,2026-05-18 16:58:56.800313,2026/05/18 16:58:56.963,0,NVIDIA A100-SXM-64GB,115.42,31884,100
777,2026-05-18 16:58:56.800313,2026/05/18 16:58:56.966,1,NVIDIA A100-SXM-64GB,95.69,31892,100
778,2026-05-18 16:58:56.800313,2026/05/18 16:58:57.009,2,NVIDIA A100-SXM-64GB,106.97,31912,100
779,2026-05-18 16:58:56.800313,2026/05/18 16:58:57.012,3,NVIDIA A100-SXM-64GB,96.70,31868,100
780,2026-05-18 16:59:02.077287,2026/05/18 16:59:02.224,0,NVIDIA A100-SXM-64GB,114.11,31884,100
781,2026-05-18 16:59:02.077287,2026/05/18 16:59:02.227,1,NVIDIA A100-SXM-64GB,108.28,31892,100
782,2026-05-18 16:59:02.077287,2026/05/18 16:59:02.270,2,NVIDIA A100-SXM-64GB,99.46,31912,100
783,2026-05-18 16:59:02.077287,2026/05/18 16:59:02.273,3,NVIDIA A100-SXM-64GB,118.73,31868,100
784,2026-05-18 16:59:07.344850,2026/05/18 16:59:07.509,0,NVIDIA A100-SXM-64GB,114.66,31884,100
785,2026-05-18 16:59:07.344850,2026/05/18 16:59:07.512,1,NVIDIA A100-SXM-64GB,97.22,31892,100
786,2026-05-18 16:59:07.344850,2026/05/18 16:59:07.548,2,NVIDIA A100-SXM-64GB,102.37,31912,100
787,2026-05-18 16:59:07.344850,2026/05/18 16:59:07.596,3,NVIDIA A100-SXM-64GB,108.99,31868,100
788,2026-05-18 16:59:12.637601,2026/05/18 16:59:12.794,0,NVIDIA A100-SXM-64GB,110.98,31884,100
789,2026-05-18 16:59:12.637601,2026/05/18 16:59:12.826,1,NVIDIA A100-SXM-64GB,103.41,31892,100
790,2026-05-18 16:59:12.637601,2026/05/18 16:59:12.867,2,NVIDIA A100-SXM-64GB,106.75,31912,100
791,2026-05-18 16:59:12.637601,2026/05/18 16:59:12.869,3,NVIDIA A100-SXM-64GB,104.73,31868,100
792,2026-05-18 16:59:17.927065,2026/05/18 16:59:18.079,0,NVIDIA A100-SXM-64GB,95.66,31884,100
793,2026-05-18 16:59:17.927065,2026/05/18 16:59:18.082,1,NVIDIA A100-SXM-64GB,92.36,31892,100
794,2026-05-18 16:59:17.927065,2026/05/18 16:59:18.085,2,NVIDIA A100-SXM-64GB,93.55,31912,100
795,2026-05-18 16:59:17.927065,2026/05/18 16:59:18.088,3,NVIDIA A100-SXM-64GB,94.66,31868,100
796,2026-05-18 16:59:23.181140,2026/05/18 16:59:23.325,0,NVIDIA A100-SXM-64GB,96.08,31884,100
797,2026-05-18 16:59:23.181140,2026/05/18 16:59:23.327,1,NVIDIA A100-SXM-64GB,92.45,31892,100
798,2026-05-18 16:59:23.181140,2026/05/18 16:59:23.330,2,NVIDIA A100-SXM-64GB,93.55,31912,100
799,2026-05-18 16:59:23.181140,2026/05/18 16:59:23.385,3,NVIDIA A100-SXM-64GB,76.13,31868,0
800,2026-05-18 16:59:28.421757,2026/05/18 16:59:28.581,0,NVIDIA A100-SXM-64GB,107.90,31884,100
801,2026-05-18 16:59:28.421757,2026/05/18 16:59:28.584,1,NVIDIA A100-SXM-64GB,99.63,31892,100
802,2026-05-18 16:59:28.421757,2026/05/18 16:59:28.589,2,NVIDIA A100-SXM-64GB,132.59,31912,100
803,2026-05-18 16:59:28.421757,2026/05/18 16:59:28.614,3,NVIDIA A100-SXM-64GB,104.29,31868,100
804,2026-05-18 16:59:33.688988,2026/05/18 16:59:33.854,0,NVIDIA A100-SXM-64GB,109.44,31884,100
805,2026-05-18 16:59:33.688988,2026/05/18 16:59:33.857,1,NVIDIA A100-SXM-64GB,109.38,31892,100
806,2026-05-18 16:59:33.688988,2026/05/18 16:59:33.898,2,NVIDIA A100-SXM-64GB,102.70,31912,100
807,2026-05-18 16:59:33.688988,2026/05/18 16:59:33.900,3,NVIDIA A100-SXM-64GB,105.33,31868,100
808,2026-05-18 16:59:38.992130,2026/05/18 16:59:39.149,0,NVIDIA A100-SXM-64GB,113.23,31884,100
809,2026-05-18 16:59:38.992130,2026/05/18 16:59:39.188,1,NVIDIA A100-SXM-64GB,112.67,31892,100
810,2026-05-18 16:59:38.992130,2026/05/18 16:59:39.190,2,NVIDIA A100-SXM-64GB,111.02,31912,100
811,2026-05-18 16:59:38.992130,2026/05/18 16:59:39.236,3,NVIDIA A100-SXM-64GB,133.33,31868,100
812,2026-05-18 16:59:44.312671,2026/05/18 16:59:44.471,0,NVIDIA A100-SXM-64GB,140.03,31884,100
813,2026-05-18 16:59:44.312671,2026/05/18 16:59:44.476,1,NVIDIA A100-SXM-64GB,105.16,31892,100
814,2026-05-18 16:59:44.312671,2026/05/18 16:59:44.485,2,NVIDIA A100-SXM-64GB,102.37,31912,100
815,2026-05-18 16:59:44.312671,2026/05/18 16:59:44.544,3,NVIDIA A100-SXM-64GB,108.28,31868,100
816,2026-05-18 16:59:49.587649,2026/05/18 16:59:49.741,0,NVIDIA A100-SXM-64GB,96.59,31884,100
817,2026-05-18 16:59:49.587649,2026/05/18 16:59:49.744,1,NVIDIA A100-SXM-64GB,92.45,31892,100
818,2026-05-18 16:59:49.587649,2026/05/18 16:59:49.749,2,NVIDIA A100-SXM-64GB,93.89,31912,100
819,2026-05-18 16:59:49.587649,2026/05/18 16:59:49.807,3,NVIDIA A100-SXM-64GB,94.66,31868,100
820,2026-05-18 16:59:54.836784,2026/05/18 16:59:54.987,0,NVIDIA A100-SXM-64GB,126.44,31884,100
821,2026-05-18 16:59:54.836784,2026/05/18 16:59:54.989,1,NVIDIA A100-SXM-64GB,115.18,31892,100
822,2026-05-18 16:59:54.836784,2026/05/18 16:59:54.992,2,NVIDIA A100-SXM-64GB,106.97,31912,100
823,2026-05-18 16:59:54.836784,2026/05/18 16:59:55.045,3,NVIDIA A100-SXM-64GB,132.32,31868,100
824,2026-05-18 17:00:00.090690,2026/05/18 17:00:00.249,0,NVIDIA A100-SXM-64GB,98.13,31884,100
825,2026-05-18 17:00:00.090690,2026/05/18 17:00:00.252,1,NVIDIA A100-SXM-64GB,103.13,31892,100
826,2026-05-18 17:00:00.090690,2026/05/18 17:00:00.256,2,NVIDIA A100-SXM-64GB,104.50,31912,100
827,2026-05-18 17:00:00.090690,2026/05/18 17:00:00.313,3,NVIDIA A100-SXM-64GB,107.79,31868,100
828,2026-05-18 17:00:05.353891,2026/05/18 17:00:05.514,0,NVIDIA A100-SXM-64GB,110.04,31884,100
829,2026-05-18 17:00:05.353891,2026/05/18 17:00:05.517,1,NVIDIA A100-SXM-64GB,103.90,31892,100
830,2026-05-18 17:00:05.353891,2026/05/18 17:00:05.558,2,NVIDIA A100-SXM-64GB,111.84,31912,100
831,2026-05-18 17:00:05.353891,2026/05/18 17:00:05.561,3,NVIDIA A100-SXM-64GB,105.22,31868,100
832,2026-05-18 17:00:10.636837,2026/05/18 17:00:10.791,0,NVIDIA A100-SXM-64GB,111.58,31884,100
833,2026-05-18 17:00:10.636837,2026/05/18 17:00:10.794,1,NVIDIA A100-SXM-64GB,110.64,31892,100
834,2026-05-18 17:00:10.636837,2026/05/18 17:00:10.799,2,NVIDIA A100-SXM-64GB,106.37,31912,100
835,2026-05-18 17:00:10.636837,2026/05/18 17:00:10.866,3,NVIDIA A100-SXM-64GB,110.08,31868,100
836,2026-05-18 17:00:15.895116,2026/05/18 17:00:16.042,0,NVIDIA A100-SXM-64GB,110.15,31884,100
837,2026-05-18 17:00:15.895116,2026/05/18 17:00:16.060,1,NVIDIA A100-SXM-64GB,107.08,31892,100
838,2026-05-18 17:00:15.895116,2026/05/18 17:00:16.083,2,NVIDIA A100-SXM-64GB,163.96,31912,100
839,2026-05-18 17:00:15.895116,2026/05/18 17:00:16.106,3,NVIDIA A100-SXM-64GB,111.24,31868,100
840,2026-05-18 17:00:21.219030,2026/05/18 17:00:21.374,0,NVIDIA A100-SXM-64GB,102.90,31884,100
841,2026-05-18 17:00:21.219030,2026/05/18 17:00:21.377,1,NVIDIA A100-SXM-64GB,96.16,31892,100
842,2026-05-18 17:00:21.219030,2026/05/18 17:00:21.383,2,NVIDIA A100-SXM-64GB,104.01,31912,100
843,2026-05-18 17:00:21.219030,2026/05/18 17:00:21.440,3,NVIDIA A100-SXM-64GB,103.02,31868,100
844,2026-05-18 17:00:26.533340,2026/05/18 17:00:26.691,0,NVIDIA A100-SXM-64GB,110.04,31884,100
845,2026-05-18 17:00:26.533340,2026/05/18 17:00:26.694,1,NVIDIA A100-SXM-64GB,104.84,31892,100
846,2026-05-18 17:00:26.533340,2026/05/18 17:00:26.700,2,NVIDIA A100-SXM-64GB,100.57,31912,100
847,2026-05-18 17:00:26.533340,2026/05/18 17:00:26.763,3,NVIDIA A100-SXM-64GB,105.93,31868,100
848,2026-05-18 17:00:31.799684,2026/05/18 17:00:31.964,0,NVIDIA A100-SXM-64GB,110.48,31884,100
849,2026-05-18 17:00:31.799684,2026/05/18 17:00:31.967,1,NVIDIA A100-SXM-64GB,108.28,31892,100
850,2026-05-18 17:00:31.799684,2026/05/18 17:00:31.970,2,NVIDIA A100-SXM-64GB,98.75,31912,100
851,2026-05-18 17:00:31.799684,2026/05/18 17:00:32.037,3,NVIDIA A100-SXM-64GB,104.12,31868,100
852,2026-05-18 17:00:37.115629,2026/05/18 17:00:37.276,0,NVIDIA A100-SXM-64GB,109.11,31884,100
853,2026-05-18 17:00:37.115629,2026/05/18 17:00:37.279,1,NVIDIA A100-SXM-64GB,98.43,31892,100
854,2026-05-18 17:00:37.115629,2026/05/18 17:00:37.282,2,NVIDIA A100-SXM-64GB,106.04,31912,100
855,2026-05-18 17:00:37.115629,2026/05/18 17:00:37.339,3,NVIDIA A100-SXM-64GB,105.65,31868,100
856,2026-05-18 17:00:42.394522,2026/05/18 17:00:42.624,0,NVIDIA A100-SXM-64GB,116.14,31884,100
857,2026-05-18 17:00:42.394522,2026/05/18 17:00:42.628,1,NVIDIA A100-SXM-64GB,110.91,31892,60
858,2026-05-18 17:00:42.394522,2026/05/18 17:00:42.680,2,NVIDIA A100-SXM-64GB,108.50,31912,70
859,2026-05-18 17:00:42.394522,2026/05/18 17:00:42.682,3,NVIDIA A100-SXM-64GB,112.05,31868,81
860,2026-05-18 17:00:47.744250,2026/05/18 17:00:47.905,0,NVIDIA A100-SXM-64GB,103.01,31884,100
861,2026-05-18 17:00:47.744250,2026/05/18 17:00:47.912,1,NVIDIA A100-SXM-64GB,99.46,31892,100
862,2026-05-18 17:00:47.744250,2026/05/18 17:00:47.915,2,NVIDIA A100-SXM-64GB,104.84,31912,100
863,2026-05-18 17:00:47.744250,2026/05/18 17:00:47.960,3,NVIDIA A100-SXM-64GB,125.13,31868,100
864,2026-05-18 17:00:53.018838,2026/05/18 17:00:53.179,0,NVIDIA A100-SXM-64GB,110.98,31884,100
865,2026-05-18 17:00:53.018838,2026/05/18 17:00:53.182,1,NVIDIA A100-SXM-64GB,106.37,31892,100
866,2026-05-18 17:00:53.018838,2026/05/18 17:00:53.226,2,NVIDIA A100-SXM-64GB,102.37,31912,100
867,2026-05-18 17:00:53.018838,2026/05/18 17:00:53.229,3,NVIDIA A100-SXM-64GB,105.22,31868,100
868,2026-05-18 17:00:58.286445,2026/05/18 17:00:58.463,0,NVIDIA A100-SXM-64GB,110.04,31884,100
869,2026-05-18 17:00:58.286445,2026/05/18 17:00:58.466,1,NVIDIA A100-SXM-64GB,113.97,31892,100
870,2026-05-18 17:00:58.286445,2026/05/18 17:00:58.473,2,NVIDIA A100-SXM-64GB,111.52,31912,100
871,2026-05-18 17:00:58.286445,2026/05/18 17:00:58.530,3,NVIDIA A100-SXM-64GB,115.27,31868,100
872,2026-05-18 17:01:03.610191,2026/05/18 17:01:03.783,0,NVIDIA A100-SXM-64GB,120.06,31884,100
873,2026-05-18 17:01:03.610191,2026/05/18 17:01:03.804,1,NVIDIA A100-SXM-64GB,107.19,31892,100
874,2026-05-18 17:01:03.610191,2026/05/18 17:01:03.806,2,NVIDIA A100-SXM-64GB,96.06,31912,100
875,2026-05-18 17:01:03.610191,2026/05/18 17:01:03.857,3,NVIDIA A100-SXM-64GB,108.50,31868,100
876,2026-05-18 17:01:08.893678,2026/05/18 17:01:09.051,0,NVIDIA A100-SXM-64GB,108.23,31884,100
877,2026-05-18 17:01:08.893678,2026/05/18 17:01:09.054,1,NVIDIA A100-SXM-64GB,108.50,31892,100
878,2026-05-18 17:01:08.893678,2026/05/18 17:01:09.058,2,NVIDIA A100-SXM-64GB,94.49,31912,100
879,2026-05-18 17:01:08.893678,2026/05/18 17:01:09.183,3,NVIDIA A100-SXM-64GB,95.27,31868,100
880,2026-05-18 17:01:14.246850,2026/05/18 17:01:14.409,0,NVIDIA A100-SXM-64GB,102.41,31884,100
881,2026-05-18 17:01:14.246850,2026/05/18 17:01:14.413,1,NVIDIA A100-SXM-64GB,100.23,31892,100
882,2026-05-18 17:01:14.246850,2026/05/18 17:01:14.415,2,NVIDIA A100-SXM-64GB,107.57,31912,100
883,2026-05-18 17:01:14.246850,2026/05/18 17:01:14.491,3,NVIDIA A100-SXM-64GB,101.39,31868,100
884,2026-05-18 17:01:19.560210,2026/05/18 17:01:19.719,0,NVIDIA A100-SXM-64GB,95.99,31884,100
885,2026-05-18 17:01:19.560210,2026/05/18 17:01:19.722,1,NVIDIA A100-SXM-64GB,93.23,31892,100
886,2026-05-18 17:01:19.560210,2026/05/18 17:01:19.725,2,NVIDIA A100-SXM-64GB,103.30,31912,100
887,2026-05-18 17:01:19.560210,2026/05/18 17:01:19.747,3,NVIDIA A100-SXM-64GB,95.17,31868,100
888,2026-05-18 17:01:24.822873,2026/05/18 17:01:25.001,0,NVIDIA A100-SXM-64GB,105.27,31884,100
889,2026-05-18 17:01:24.822873,2026/05/18 17:01:25.044,1,NVIDIA A100-SXM-64GB,95.46,31892,100
890,2026-05-18 17:01:24.822873,2026/05/18 17:01:25.102,2,NVIDIA A100-SXM-64GB,103.90,31912,100
891,2026-05-18 17:01:24.822873,2026/05/18 17:01:25.104,3,NVIDIA A100-SXM-64GB,102.27,31868,100
892,2026-05-18 17:01:30.193607,2026/05/18 17:01:30.378,0,NVIDIA A100-SXM-64GB,99.16,31884,100
893,2026-05-18 17:01:30.193607,2026/05/18 17:01:30.381,1,NVIDIA A100-SXM-64GB,94.86,31892,100
894,2026-05-18 17:01:30.193607,2026/05/18 17:01:30.418,2,NVIDIA A100-SXM-64GB,107.08,31912,100
895,2026-05-18 17:01:30.193607,2026/05/18 17:01:30.421,3,NVIDIA A100-SXM-64GB,101.39,31868,100
896,2026-05-18 17:01:35.529753,2026/05/18 17:01:35.686,0,NVIDIA A100-SXM-64GB,112.90,31884,100
897,2026-05-18 17:01:35.529753,2026/05/18 17:01:35.722,1,NVIDIA A100-SXM-64GB,103.90,31892,79
898,2026-05-18 17:01:35.529753,2026/05/18 17:01:35.731,2,NVIDIA A100-SXM-64GB,97.83,31912,100
899,2026-05-18 17:01:35.529753,2026/05/18 17:01:35.756,3,NVIDIA A100-SXM-64GB,88.87,31868,67
900,2026-05-18 17:01:40.901747,2026/05/18 17:01:41.080,0,NVIDIA A100-SXM-64GB,103.95,31884,100
901,2026-05-18 17:01:40.901747,2026/05/18 17:01:41.128,1,NVIDIA A100-SXM-64GB,111.24,31892,100
902,2026-05-18 17:01:40.901747,2026/05/18 17:01:41.171,2,NVIDIA A100-SXM-64GB,95.09,31912,100
903,2026-05-18 17:01:40.901747,2026/05/18 17:01:41.213,3,NVIDIA A100-SXM-64GB,106.15,31868,100
904,2026-05-18 17:01:46.294495,2026/05/18 17:01:46.473,0,NVIDIA A100-SXM-64GB,109.44,31884,100
905,2026-05-18 17:01:46.294495,2026/05/18 17:01:46.476,1,NVIDIA A100-SXM-64GB,108.78,31892,100
906,2026-05-18 17:01:46.294495,2026/05/18 17:01:46.479,2,NVIDIA A100-SXM-64GB,103.90,31912,100
907,2026-05-18 17:01:46.294495,2026/05/18 17:01:46.546,3,NVIDIA A100-SXM-64GB,106.86,31868,100
908,2026-05-18 17:01:51.595498,2026/05/18 17:01:51.777,0,NVIDIA A100-SXM-64GB,100.04,31884,100
909,2026-05-18 17:01:51.595498,2026/05/18 17:01:51.780,1,NVIDIA A100-SXM-64GB,99.13,31892,100
910,2026-05-18 17:01:51.595498,2026/05/18 17:01:51.786,2,NVIDIA A100-SXM-64GB,94.49,31912,100
911,2026-05-18 17:01:51.595498,2026/05/18 17:01:51.845,3,NVIDIA A100-SXM-64GB,95.00,31868,100
912,2026-05-18 17:01:56.920601,2026/05/18 17:01:57.095,0,NVIDIA A100-SXM-64GB,107.74,31884,100
913,2026-05-18 17:01:56.920601,2026/05/18 17:01:57.099,1,NVIDIA A100-SXM-64GB,97.32,31892,100
914,2026-05-18 17:01:56.920601,2026/05/18 17:01:57.153,2,NVIDIA A100-SXM-64GB,95.79,31912,100
915,2026-05-18 17:01:56.920601,2026/05/18 17:01:57.156,3,NVIDIA A100-SXM-64GB,108.50,31868,100
916,2026-05-18 17:02:02.264030,2026/05/18 17:02:02.437,0,NVIDIA A100-SXM-64GB,112.63,31884,100
917,2026-05-18 17:02:02.264030,2026/05/18 17:02:02.440,1,NVIDIA A100-SXM-64GB,106.48,31892,100
918,2026-05-18 17:02:02.264030,2026/05/18 17:02:02.485,2,NVIDIA A100-SXM-64GB,114.31,31912,100
919,2026-05-18 17:02:02.264030,2026/05/18 17:02:02.522,3,NVIDIA A100-SXM-64GB,104.12,31868,100
920,2026-05-18 17:02:07.574908,2026/05/18 17:02:07.771,0,NVIDIA A100-SXM-64GB,122.56,31884,100
921,2026-05-18 17:02:07.574908,2026/05/18 17:02:07.774,1,NVIDIA A100-SXM-64GB,98.43,31892,100
922,2026-05-18 17:02:07.574908,2026/05/18 17:02:07.780,2,NVIDIA A100-SXM-64GB,105.05,31912,100
923,2026-05-18 17:02:07.574908,2026/05/18 17:02:07.840,3,NVIDIA A100-SXM-64GB,106.26,31868,100
924,2026-05-18 17:02:12.922837,2026/05/18 17:02:13.108,0,NVIDIA A100-SXM-64GB,109.23,31884,100
925,2026-05-18 17:02:12.922837,2026/05/18 17:02:13.112,1,NVIDIA A100-SXM-64GB,106.04,31892,100
926,2026-05-18 17:02:12.922837,2026/05/18 17:02:13.158,2,NVIDIA A100-SXM-64GB,106.64,31912,100
927,2026-05-18 17:02:12.922837,2026/05/18 17:02:13.160,3,NVIDIA A100-SXM-64GB,106.15,31868,100
928,2026-05-18 17:02:18.256589,2026/05/18 17:02:18.429,0,NVIDIA A100-SXM-64GB,100.04,31884,100
929,2026-05-18 17:02:18.256589,2026/05/18 17:02:18.432,1,NVIDIA A100-SXM-64GB,95.79,31892,100
930,2026-05-18 17:02:18.256589,2026/05/18 17:02:18.437,2,NVIDIA A100-SXM-64GB,102.70,31912,100
931,2026-05-18 17:02:18.256589,2026/05/18 17:02:18.500,3,NVIDIA A100-SXM-64GB,98.65,31868,100
932,2026-05-18 17:02:23.567194,2026/05/18 17:02:23.747,0,NVIDIA A100-SXM-64GB,105.60,31884,100
933,2026-05-18 17:02:23.567194,2026/05/18 17:02:23.750,1,NVIDIA A100-SXM-64GB,97.93,31892,100
934,2026-05-18 17:02:23.567194,2026/05/18 17:02:23.755,2,NVIDIA A100-SXM-64GB,105.43,31912,100
935,2026-05-18 17:02:23.567194,2026/05/18 17:02:23.815,3,NVIDIA A100-SXM-64GB,145.85,31868,100
936,2026-05-18 17:02:28.924943,2026/05/18 17:02:29.105,0,NVIDIA A100-SXM-64GB,107.74,31884,100
937,2026-05-18 17:02:28.924943,2026/05/18 17:02:29.108,1,NVIDIA A100-SXM-64GB,107.40,31892,100
938,2026-05-18 17:02:28.924943,2026/05/18 17:02:29.146,2,NVIDIA A100-SXM-64GB,106.64,31912,100
939,2026-05-18 17:02:28.924943,2026/05/18 17:02:29.149,3,NVIDIA A100-SXM-64GB,106.53,31868,100
940,2026-05-18 17:02:34.223919,2026/05/18 17:02:34.409,0,NVIDIA A100-SXM-64GB,138.76,31884,100
941,2026-05-18 17:02:34.223919,2026/05/18 17:02:34.412,1,NVIDIA A100-SXM-64GB,95.46,31892,100
942,2026-05-18 17:02:34.223919,2026/05/18 17:02:34.453,2,NVIDIA A100-SXM-64GB,114.91,31912,100
943,2026-05-18 17:02:34.223919,2026/05/18 17:02:34.456,3,NVIDIA A100-SXM-64GB,102.59,31868,100
944,2026-05-18 17:02:39.578684,2026/05/18 17:02:39.753,0,NVIDIA A100-SXM-64GB,105.60,31884,100
945,2026-05-18 17:02:39.578684,2026/05/18 17:02:39.756,1,NVIDIA A100-SXM-64GB,107.08,31892,100
946,2026-05-18 17:02:39.578684,2026/05/18 17:02:39.771,2,NVIDIA A100-SXM-64GB,106.75,31912,100
947,2026-05-18 17:02:39.578684,2026/05/18 17:02:39.891,3,NVIDIA A100-SXM-64GB,101.39,31868,100
948,2026-05-18 17:02:44.934350,2026/05/18 17:02:45.126,0,NVIDIA A100-SXM-64GB,110.60,31884,100
949,2026-05-18 17:02:44.934350,2026/05/18 17:02:45.196,1,NVIDIA A100-SXM-64GB,101.37,31892,100
950,2026-05-18 17:02:44.934350,2026/05/18 17:02:45.199,2,NVIDIA A100-SXM-64GB,101.97,31912,100
951,2026-05-18 17:02:44.934350,2026/05/18 17:02:45.279,3,NVIDIA A100-SXM-64GB,103.30,31868,100
952,2026-05-18 17:02:50.367917,2026/05/18 17:02:50.545,0,NVIDIA A100-SXM-64GB,101.58,31884,100
953,2026-05-18 17:02:50.367917,2026/05/18 17:02:50.548,1,NVIDIA A100-SXM-64GB,97.93,31892,100
954,2026-05-18 17:02:50.367917,2026/05/18 17:02:50.616,2,NVIDIA A100-SXM-64GB,100.34,31912,100
955,2026-05-18 17:02:50.367917,2026/05/18 17:02:50.619,3,NVIDIA A100-SXM-64GB,105.05,31868,100
956,2026-05-18 17:02:55.709449,2026/05/18 17:02:55.892,0,NVIDIA A100-SXM-64GB,109.83,31884,100
957,2026-05-18 17:02:55.709449,2026/05/18 17:02:55.895,1,NVIDIA A100-SXM-64GB,104.01,31892,100
958,2026-05-18 17:02:55.709449,2026/05/18 17:02:55.930,2,NVIDIA A100-SXM-64GB,106.64,31912,100
959,2026-05-18 17:02:55.709449,2026/05/18 17:02:55.933,3,NVIDIA A100-SXM-64GB,107.18,31868,100
960,2026-05-18 17:03:01.035338,2026/05/18 17:03:01.218,0,NVIDIA A100-SXM-64GB,109.55,31884,100
961,2026-05-18 17:03:01.035338,2026/05/18 17:03:01.221,1,NVIDIA A100-SXM-64GB,97.60,31892,100
962,2026-05-18 17:03:01.035338,2026/05/18 17:03:01.265,2,NVIDIA A100-SXM-64GB,107.08,31912,100
963,2026-05-18 17:03:01.035338,2026/05/18 17:03:01.318,3,NVIDIA A100-SXM-64GB,105.05,31868,100
964,2026-05-18 17:03:06.406994,2026/05/18 17:03:06.578,0,NVIDIA A100-SXM-64GB,105.27,31884,100
965,2026-05-18 17:03:06.406994,2026/05/18 17:03:06.581,1,NVIDIA A100-SXM-64GB,103.41,31892,100
966,2026-05-18 17:03:06.406994,2026/05/18 17:03:06.590,2,NVIDIA A100-SXM-64GB,101.60,31912,100
967,2026-05-18 17:03:06.406994,2026/05/18 17:03:06.656,3,NVIDIA A100-SXM-64GB,105.33,31868,100
968,2026-05-18 17:03:11.730300,2026/05/18 17:03:11.897,0,NVIDIA A100-SXM-64GB,110.76,31884,100
969,2026-05-18 17:03:11.730300,2026/05/18 17:03:11.900,1,NVIDIA A100-SXM-64GB,113.49,31892,100
970,2026-05-18 17:03:11.730300,2026/05/18 17:03:11.944,2,NVIDIA A100-SXM-64GB,117.64,31912,100
971,2026-05-18 17:03:11.730300,2026/05/18 17:03:12.001,3,NVIDIA A100-SXM-64GB,102.59,31868,100
972,2026-05-18 17:03:17.082406,2026/05/18 17:03:17.273,0,NVIDIA A100-SXM-64GB,113.51,31884,100
973,2026-05-18 17:03:17.082406,2026/05/18 17:03:17.276,1,NVIDIA A100-SXM-64GB,134.26,31892,100
974,2026-05-18 17:03:17.082406,2026/05/18 17:03:17.279,2,NVIDIA A100-SXM-64GB,109.70,31912,100
975,2026-05-18 17:03:17.082406,2026/05/18 17:03:17.344,3,NVIDIA A100-SXM-64GB,114.46,31868,100
976,2026-05-18 17:03:22.461480,2026/05/18 17:03:22.635,0,NVIDIA A100-SXM-64GB,107.19,31884,100
977,2026-05-18 17:03:22.461480,2026/05/18 17:03:22.638,1,NVIDIA A100-SXM-64GB,109.93,31892,100
978,2026-05-18 17:03:22.461480,2026/05/18 17:03:22.647,2,NVIDIA A100-SXM-64GB,103.84,31912,100
979,2026-05-18 17:03:22.461480,2026/05/18 17:03:22.697,3,NVIDIA A100-SXM-64GB,109.70,31868,100
980,2026-05-18 17:03:27.750799,2026/05/18 17:03:27.933,0,NVIDIA A100-SXM-64GB,105.38,31884,100
981,2026-05-18 17:03:27.750799,2026/05/18 17:03:27.936,1,NVIDIA A100-SXM-64GB,105.38,31892,100
982,2026-05-18 17:03:27.750799,2026/05/18 17:03:27.985,2,NVIDIA A100-SXM-64GB,98.96,31912,100
983,2026-05-18 17:03:27.750799,2026/05/18 17:03:27.988,3,NVIDIA A100-SXM-64GB,109.11,31868,100
984,2026-05-18 17:03:33.126655,2026/05/18 17:03:33.306,0,NVIDIA A100-SXM-64GB,107.08,31884,100
985,2026-05-18 17:03:33.126655,2026/05/18 17:03:33.309,1,NVIDIA A100-SXM-64GB,97.93,31892,100
986,2026-05-18 17:03:33.126655,2026/05/18 17:03:33.325,2,NVIDIA A100-SXM-64GB,98.10,31912,100
987,2026-05-18 17:03:33.126655,2026/05/18 17:03:33.375,3,NVIDIA A100-SXM-64GB,97.12,31868,100
988,2026-05-18 17:03:38.473282,2026/05/18 17:03:38.649,0,NVIDIA A100-SXM-64GB,111.37,31884,98
989,2026-05-18 17:03:38.473282,2026/05/18 17:03:38.652,1,NVIDIA A100-SXM-64GB,93.32,31892,39
990,2026-05-18 17:03:38.473282,2026/05/18 17:03:38.655,2,NVIDIA A100-SXM-64GB,113.49,31912,89
991,2026-05-18 17:03:38.473282,2026/05/18 17:03:38.708,3,NVIDIA A100-SXM-64GB,95.00,31868,76
992,2026-05-18 17:03:43.784891,2026/05/18 17:03:43.947,0,NVIDIA A100-SXM-64GB,95.76,31884,100
993,2026-05-18 17:03:43.784891,2026/05/18 17:03:43.951,1,NVIDIA A100-SXM-64GB,92.12,31892,100
994,2026-05-18 17:03:43.784891,2026/05/18 17:03:43.954,2,NVIDIA A100-SXM-64GB,93.65,31912,100
995,2026-05-18 17:03:43.784891,2026/05/18 17:03:44.007,3,NVIDIA A100-SXM-64GB,76.13,31868,0
996,2026-05-18 17:03:49.041840,2026/05/18 17:03:49.214,0,NVIDIA A100-SXM-64GB,106.81,31884,100
997,2026-05-18 17:03:49.041840,2026/05/18 17:03:49.217,1,NVIDIA A100-SXM-64GB,112.28,31892,100
998,2026-05-18 17:03:49.041840,2026/05/18 17:03:49.272,2,NVIDIA A100-SXM-64GB,93.32,31912,100
999,2026-05-18 17:03:49.041840,2026/05/18 17:03:49.275,3,NVIDIA A100-SXM-64GB,107.18,31868,100
1000,2026-05-18 17:03:54.371047,2026/05/18 17:03:54.549,0,NVIDIA A100-SXM-64GB,107.74,31884,100
1001,2026-05-18 17:03:54.371047,2026/05/18 17:03:54.552,1,NVIDIA A100-SXM-64GB,111.84,31892,100
1002,2026-05-18 17:03:54.371047,2026/05/18 17:03:54.596,2,NVIDIA A100-SXM-64GB,94.49,31912,100
1003,2026-05-18 17:03:54.371047,2026/05/18 17:03:54.599,3,NVIDIA A100-SXM-64GB,112.93,31868,100
1004,2026-05-18 17:03:59.683218,2026/05/18 17:03:59.858,0,NVIDIA A100-SXM-64GB,95.48,31884,100
1005,2026-05-18 17:03:59.683218,2026/05/18 17:03:59.877,1,NVIDIA A100-SXM-64GB,92.12,31892,100
1006,2026-05-18 17:03:59.683218,2026/05/18 17:03:59.880,2,NVIDIA A100-SXM-64GB,93.32,31912,100
1007,2026-05-18 17:03:59.683218,2026/05/18 17:03:59.961,3,NVIDIA A100-SXM-64GB,94.39,31868,100
1008,2026-05-18 17:04:05.034252,2026/05/18 17:04:05.215,0,NVIDIA A100-SXM-64GB,112.90,31884,100
1009,2026-05-18 17:04:05.034252,2026/05/18 17:04:05.218,1,NVIDIA A100-SXM-64GB,110.42,31892,100
1010,2026-05-18 17:04:05.034252,2026/05/18 17:04:05.263,2,NVIDIA A100-SXM-64GB,107.90,31912,100
1011,2026-05-18 17:04:05.034252,2026/05/18 17:04:05.304,3,NVIDIA A100-SXM-64GB,106.26,31868,100
1012,2026-05-18 17:04:10.374368,2026/05/18 17:04:10.547,0,NVIDIA A100-SXM-64GB,87.18,31884,0
1013,2026-05-18 17:04:10.374368,2026/05/18 17:04:10.550,1,NVIDIA A100-SXM-64GB,83.90,31892,0
1014,2026-05-18 17:04:10.374368,2026/05/18 17:04:10.619,2,NVIDIA A100-SXM-64GB,93.65,31912,100
1015,2026-05-18 17:04:10.374368,2026/05/18 17:04:10.621,3,NVIDIA A100-SXM-64GB,94.49,31868,100
1016,2026-05-18 17:04:15.752696,2026/05/18 17:04:15.931,0,NVIDIA A100-SXM-64GB,108.62,31884,100
1017,2026-05-18 17:04:15.752696,2026/05/18 17:04:15.934,1,NVIDIA A100-SXM-64GB,101.97,31892,69
1018,2026-05-18 17:04:15.752696,2026/05/18 17:04:15.942,2,NVIDIA A100-SXM-64GB,107.68,31912,79
1019,2026-05-18 17:04:15.752696,2026/05/18 17:04:16.005,3,NVIDIA A100-SXM-64GB,103.63,31868,100
1020,2026-05-18 17:04:21.075756,2026/05/18 17:04:21.254,0,NVIDIA A100-SXM-64GB,108.34,31884,100
1021,2026-05-18 17:04:21.075756,2026/05/18 17:04:21.257,1,NVIDIA A100-SXM-64GB,100.06,31892,100
1022,2026-05-18 17:04:21.075756,2026/05/18 17:04:21.307,2,NVIDIA A100-SXM-64GB,105.16,31912,100
1023,2026-05-18 17:04:21.075756,2026/05/18 17:04:21.310,3,NVIDIA A100-SXM-64GB,121.46,31868,100
1024,2026-05-18 17:04:26.384985,2026/05/18 17:04:26.563,0,NVIDIA A100-SXM-64GB,96.08,31884,100
1025,2026-05-18 17:04:26.384985,2026/05/18 17:04:26.566,1,NVIDIA A100-SXM-64GB,92.12,31892,100
1026,2026-05-18 17:04:26.384985,2026/05/18 17:04:26.569,2,NVIDIA A100-SXM-64GB,92.72,31912,100
1027,2026-05-18 17:04:26.384985,2026/05/18 17:04:26.628,3,NVIDIA A100-SXM-64GB,94.66,31868,100
1028,2026-05-18 17:04:31.710790,2026/05/18 17:04:31.890,0,NVIDIA A100-SXM-64GB,99.16,31884,100
1029,2026-05-18 17:04:31.710790,2026/05/18 17:04:31.893,1,NVIDIA A100-SXM-64GB,108.61,31892,100
1030,2026-05-18 17:04:31.710790,2026/05/18 17:04:31.945,2,NVIDIA A100-SXM-64GB,100.06,31912,100
1031,2026-05-18 17:04:31.710790,2026/05/18 17:04:31.948,3,NVIDIA A100-SXM-64GB,109.59,31868,100
1032,2026-05-18 17:04:37.057871,2026/05/18 17:04:37.244,0,NVIDIA A100-SXM-64GB,106.81,31884,100
1033,2026-05-18 17:04:37.057871,2026/05/18 17:04:37.247,1,NVIDIA A100-SXM-64GB,108.61,31892,100
1034,2026-05-18 17:04:37.057871,2026/05/18 17:04:37.287,2,NVIDIA A100-SXM-64GB,107.29,31912,100
1035,2026-05-18 17:04:37.057871,2026/05/18 17:04:37.289,3,NVIDIA A100-SXM-64GB,111.12,31868,100
1036,2026-05-18 17:04:42.402675,2026/05/18 17:04:42.585,0,NVIDIA A100-SXM-64GB,100.98,31884,100
1037,2026-05-18 17:04:42.402675,2026/05/18 17:04:42.588,1,NVIDIA A100-SXM-64GB,138.06,31892,100
1038,2026-05-18 17:04:42.402675,2026/05/18 17:04:42.595,2,NVIDIA A100-SXM-64GB,102.37,31912,100
1039,2026-05-18 17:04:42.402675,2026/05/18 17:04:42.656,3,NVIDIA A100-SXM-64GB,115.67,31868,100
1040,2026-05-18 17:04:47.749432,2026/05/18 17:04:47.969,0,NVIDIA A100-SXM-64GB,103.12,31884,100
1041,2026-05-18 17:04:47.749432,2026/05/18 17:04:47.972,1,NVIDIA A100-SXM-64GB,101.87,31892,100
1042,2026-05-18 17:04:47.749432,2026/05/18 17:04:48.020,2,NVIDIA A100-SXM-64GB,106.04,31912,100
1043,2026-05-18 17:04:47.749432,2026/05/18 17:04:48.023,3,NVIDIA A100-SXM-64GB,101.39,31868,100
1044,2026-05-18 17:04:53.168848,2026/05/18 17:04:53.358,0,NVIDIA A100-SXM-64GB,110.76,31884,100
1045,2026-05-18 17:04:53.168848,2026/05/18 17:04:53.361,1,NVIDIA A100-SXM-64GB,95.46,31892,100
1046,2026-05-18 17:04:53.168848,2026/05/18 17:04:53.404,2,NVIDIA A100-SXM-64GB,104.94,31912,100
1047,2026-05-18 17:04:53.168848,2026/05/18 17:04:53.407,3,NVIDIA A100-SXM-64GB,98.33,31868,100
1048,2026-05-18 17:04:58.476411,2026/05/18 17:04:58.654,0,NVIDIA A100-SXM-64GB,106.48,31884,100
1049,2026-05-18 17:04:58.476411,2026/05/18 17:04:58.703,1,NVIDIA A100-SXM-64GB,109.00,31892,100
1050,2026-05-18 17:04:58.476411,2026/05/18 17:04:58.705,2,NVIDIA A100-SXM-64GB,109.49,31912,100
1051,2026-05-18 17:04:58.476411,2026/05/18 17:04:58.718,3,NVIDIA A100-SXM-64GB,113.37,31868,100
1052,2026-05-18 17:05:03.850781,2026/05/18 17:05:04.017,0,NVIDIA A100-SXM-64GB,89.99,31884,77
1053,2026-05-18 17:05:03.850781,2026/05/18 17:05:04.120,1,NVIDIA A100-SXM-64GB,90.40,31892,78
1054,2026-05-18 17:05:03.850781,2026/05/18 17:05:04.410,2,NVIDIA A100-SXM-64GB,110.54,31912,92
1055,2026-05-18 17:05:03.850781,2026/05/18 17:05:04.415,3,NVIDIA A100-SXM-64GB,107.90,31868,69
1056,2026-05-18 17:05:09.484718,2026/05/18 17:05:09.666,0,NVIDIA A100-SXM-64GB,103.73,31884,100
1057,2026-05-18 17:05:09.484718,2026/05/18 17:05:09.669,1,NVIDIA A100-SXM-64GB,105.54,31892,100
1058,2026-05-18 17:05:09.484718,2026/05/18 17:05:09.674,2,NVIDIA A100-SXM-64GB,99.74,31912,100
1059,2026-05-18 17:05:09.484718,2026/05/18 17:05:09.734,3,NVIDIA A100-SXM-64GB,104.73,31868,100
1060,2026-05-18 17:05:14.815659,2026/05/18 17:05:14.985,0,NVIDIA A100-SXM-64GB,111.37,31884,100
1061,2026-05-18 17:05:14.815659,2026/05/18 17:05:14.988,1,NVIDIA A100-SXM-64GB,104.84,31892,100
1062,2026-05-18 17:05:14.815659,2026/05/18 17:05:15.002,2,NVIDIA A100-SXM-64GB,113.49,31912,100
1063,2026-05-18 17:05:14.815659,2026/05/18 17:05:15.064,3,NVIDIA A100-SXM-64GB,100.13,31868,100
1064,2026-05-18 17:05:20.127175,2026/05/18 17:05:20.307,0,NVIDIA A100-SXM-64GB,110.15,31884,100
1065,2026-05-18 17:05:20.127175,2026/05/18 17:05:20.348,1,NVIDIA A100-SXM-64GB,104.61,31892,100
1066,2026-05-18 17:05:20.127175,2026/05/18 17:05:20.351,2,NVIDIA A100-SXM-64GB,109.11,31912,100
1067,2026-05-18 17:05:20.127175,2026/05/18 17:05:20.366,3,NVIDIA A100-SXM-64GB,106.86,31868,100
1068,2026-05-18 17:05:25.464718,2026/05/18 17:05:25.643,0,NVIDIA A100-SXM-64GB,102.52,31884,100
1069,2026-05-18 17:05:25.464718,2026/05/18 17:05:25.646,1,NVIDIA A100-SXM-64GB,123.44,31892,100
1070,2026-05-18 17:05:25.464718,2026/05/18 17:05:25.653,2,NVIDIA A100-SXM-64GB,102.10,31912,100
1071,2026-05-18 17:05:25.464718,2026/05/18 17:05:25.713,3,NVIDIA A100-SXM-64GB,96.19,31868,100
1072,2026-05-18 17:05:30.797779,2026/05/18 17:05:30.979,0,NVIDIA A100-SXM-64GB,104.93,31884,100
1073,2026-05-18 17:05:30.797779,2026/05/18 17:05:30.982,1,NVIDIA A100-SXM-64GB,105.54,31892,100
1074,2026-05-18 17:05:30.797779,2026/05/18 17:05:31.030,2,NVIDIA A100-SXM-64GB,105.43,31912,100
1075,2026-05-18 17:05:30.797779,2026/05/18 17:05:31.067,3,NVIDIA A100-SXM-64GB,108.06,31868,100
1076,2026-05-18 17:05:36.159228,2026/05/18 17:05:36.339,0,NVIDIA A100-SXM-64GB,109.23,31884,100
1077,2026-05-18 17:05:36.159228,2026/05/18 17:05:36.342,1,NVIDIA A100-SXM-64GB,106.48,31892,100
1078,2026-05-18 17:05:36.159228,2026/05/18 17:05:36.350,2,NVIDIA A100-SXM-64GB,108.61,31912,100
1079,2026-05-18 17:05:36.159228,2026/05/18 17:05:36.435,3,NVIDIA A100-SXM-64GB,110.64,31868,100
1080,2026-05-18 17:05:41.535799,2026/05/18 17:05:41.723,0,NVIDIA A100-SXM-64GB,104.33,31884,100
1081,2026-05-18 17:05:41.535799,2026/05/18 17:05:41.726,1,NVIDIA A100-SXM-64GB,111.52,31892,100
1082,2026-05-18 17:05:41.535799,2026/05/18 17:05:41.767,2,NVIDIA A100-SXM-64GB,102.10,31912,100
1083,2026-05-18 17:05:41.535799,2026/05/18 17:05:41.770,3,NVIDIA A100-SXM-64GB,110.52,31868,100
1084,2026-05-18 17:05:46.882189,2026/05/18 17:05:47.067,0,NVIDIA A100-SXM-64GB,130.99,31884,100
1085,2026-05-18 17:05:46.882189,2026/05/18 17:05:47.111,1,NVIDIA A100-SXM-64GB,93.65,31892,100
1086,2026-05-18 17:05:46.882189,2026/05/18 17:05:47.114,2,NVIDIA A100-SXM-64GB,107.57,31912,100
1087,2026-05-18 17:05:46.882189,2026/05/18 17:05:47.234,3,NVIDIA A100-SXM-64GB,108.99,31868,100
1088,2026-05-18 17:05:52.304697,2026/05/18 17:05:52.488,0,NVIDIA A100-SXM-64GB,107.08,31884,100
1089,2026-05-18 17:05:52.304697,2026/05/18 17:05:52.491,1,NVIDIA A100-SXM-64GB,120.38,31892,100
1090,2026-05-18 17:05:52.304697,2026/05/18 17:05:52.530,2,NVIDIA A100-SXM-64GB,108.01,31912,100
1091,2026-05-18 17:05:52.304697,2026/05/18 17:05:52.532,3,NVIDIA A100-SXM-64GB,115.99,31868,100
1092,2026-05-18 17:05:57.615774,2026/05/18 17:05:57.795,0,NVIDIA A100-SXM-64GB,105.27,31884,100
1093,2026-05-18 17:05:57.615774,2026/05/18 17:05:57.798,1,NVIDIA A100-SXM-64GB,99.46,31892,100
1094,2026-05-18 17:05:57.615774,2026/05/18 17:05:57.804,2,NVIDIA A100-SXM-64GB,107.08,31912,100
1095,2026-05-18 17:05:57.615774,2026/05/18 17:05:57.871,3,NVIDIA A100-SXM-64GB,103.90,31868,100
1096,2026-05-18 17:06:02.919756,2026/05/18 17:06:03.098,0,NVIDIA A100-SXM-64GB,104.66,31884,100
1097,2026-05-18 17:06:02.919756,2026/05/18 17:06:03.139,1,NVIDIA A100-SXM-64GB,97.93,31892,100
1098,2026-05-18 17:06:02.919756,2026/05/18 17:06:03.142,2,NVIDIA A100-SXM-64GB,107.90,31912,100
1099,2026-05-18 17:06:02.919756,2026/05/18 17:06:03.153,3,NVIDIA A100-SXM-64GB,97.73,31868,100
1100,2026-05-18 17:06:08.282382,2026/05/18 17:06:08.465,0,NVIDIA A100-SXM-64GB,112.30,31884,100
1101,2026-05-18 17:06:08.282382,2026/05/18 17:06:08.468,1,NVIDIA A100-SXM-64GB,101.87,31892,100
1102,2026-05-18 17:06:08.282382,2026/05/18 17:06:08.506,2,NVIDIA A100-SXM-64GB,105.76,31912,100
1103,2026-05-18 17:06:08.282382,2026/05/18 17:06:08.509,3,NVIDIA A100-SXM-64GB,110.20,31868,100
1104,2026-05-18 17:06:13.588592,2026/05/18 17:06:13.740,0,NVIDIA A100-SXM-64GB,111.86,31884,100
1105,2026-05-18 17:06:13.588592,2026/05/18 17:06:13.746,1,NVIDIA A100-SXM-64GB,105.16,31892,100
1106,2026-05-18 17:06:13.588592,2026/05/18 17:06:13.759,2,NVIDIA A100-SXM-64GB,107.57,31912,100
1107,2026-05-18 17:06:13.588592,2026/05/18 17:06:13.797,3,NVIDIA A100-SXM-64GB,91.65,31868,79
1108,2026-05-18 17:06:18.883091,2026/05/18 17:06:19.075,0,NVIDIA A100-SXM-64GB,133.00,31884,100
1109,2026-05-18 17:06:18.883091,2026/05/18 17:06:19.078,1,NVIDIA A100-SXM-64GB,96.39,31892,100
1110,2026-05-18 17:06:18.883091,2026/05/18 17:06:19.116,2,NVIDIA A100-SXM-64GB,118.58,31912,100
1111,2026-05-18 17:06:18.883091,2026/05/18 17:06:19.119,3,NVIDIA A100-SXM-64GB,98.00,31868,100
1112,2026-05-18 17:06:24.197144,2026/05/18 17:06:24.375,0,NVIDIA A100-SXM-64GB,100.64,31884,100
1113,2026-05-18 17:06:24.197144,2026/05/18 17:06:24.379,1,NVIDIA A100-SXM-64GB,104.94,31892,100
1114,2026-05-18 17:06:24.197144,2026/05/18 17:06:24.404,2,NVIDIA A100-SXM-64GB,103.30,31912,100
1115,2026-05-18 17:06:24.197144,2026/05/18 17:06:24.464,3,NVIDIA A100-SXM-64GB,108.67,31868,100
1116,2026-05-18 17:06:29.543325,2026/05/18 17:06:29.723,0,NVIDIA A100-SXM-64GB,105.49,31884,100
1117,2026-05-18 17:06:29.543325,2026/05/18 17:06:29.726,1,NVIDIA A100-SXM-64GB,96.06,31892,100
1118,2026-05-18 17:06:29.543325,2026/05/18 17:06:29.775,2,NVIDIA A100-SXM-64GB,106.75,31912,100
1119,2026-05-18 17:06:29.543325,2026/05/18 17:06:29.779,3,NVIDIA A100-SXM-64GB,108.39,31868,100
1120,2026-05-18 17:06:34.864661,2026/05/18 17:06:35.039,0,NVIDIA A100-SXM-64GB,136.82,31884,100
1121,2026-05-18 17:06:34.864661,2026/05/18 17:06:35.042,1,NVIDIA A100-SXM-64GB,93.65,31892,100
1122,2026-05-18 17:06:34.864661,2026/05/18 17:06:35.049,2,NVIDIA A100-SXM-64GB,96.62,31912,100
1123,2026-05-18 17:06:34.864661,2026/05/18 17:06:35.104,3,NVIDIA A100-SXM-64GB,102.27,31868,100
1124,2026-05-18 17:06:40.176287,2026/05/18 17:06:40.344,0,NVIDIA A100-SXM-64GB,109.06,31884,100
1125,2026-05-18 17:06:40.176287,2026/05/18 17:06:40.347,1,NVIDIA A100-SXM-64GB,103.13,31892,100
1126,2026-05-18 17:06:40.176287,2026/05/18 17:06:40.362,2,NVIDIA A100-SXM-64GB,106.59,31912,100
1127,2026-05-18 17:06:40.176287,2026/05/18 17:06:40.420,3,NVIDIA A100-SXM-64GB,114.79,31868,100
1128,2026-05-18 17:06:45.479571,2026/05/18 17:06:45.666,0,NVIDIA A100-SXM-64GB,113.63,31884,100
1129,2026-05-18 17:06:45.479571,2026/05/18 17:06:45.669,1,NVIDIA A100-SXM-64GB,108.72,31892,100
1130,2026-05-18 17:06:45.479571,2026/05/18 17:06:45.721,2,NVIDIA A100-SXM-64GB,112.88,31912,100
1131,2026-05-18 17:06:45.479571,2026/05/18 17:06:45.757,3,NVIDIA A100-SXM-64GB,117.32,31868,100
1132,2026-05-18 17:06:50.823054,2026/05/18 17:06:50.997,0,NVIDIA A100-SXM-64GB,110.15,31884,100
1133,2026-05-18 17:06:50.823054,2026/05/18 17:06:51.051,1,NVIDIA A100-SXM-64GB,115.30,31892,100
1134,2026-05-18 17:06:50.823054,2026/05/18 17:06:51.054,2,NVIDIA A100-SXM-64GB,106.48,31912,100
1135,2026-05-18 17:06:50.823054,2026/05/18 17:06:51.077,3,NVIDIA A100-SXM-64GB,98.43,31868,100
1136,2026-05-18 17:06:56.155376,2026/05/18 17:06:56.323,0,NVIDIA A100-SXM-64GB,104.93,31884,100
1137,2026-05-18 17:06:56.155376,2026/05/18 17:06:56.349,1,NVIDIA A100-SXM-64GB,108.61,31892,100
1138,2026-05-18 17:06:56.155376,2026/05/18 17:06:56.352,2,NVIDIA A100-SXM-64GB,98.43,31912,100
1139,2026-05-18 17:06:56.155376,2026/05/18 17:06:56.395,3,NVIDIA A100-SXM-64GB,105.05,31868,100
1140,2026-05-18 17:07:01.477953,2026/05/18 17:07:01.664,0,NVIDIA A100-SXM-64GB,110.04,31884,100
1141,2026-05-18 17:07:01.477953,2026/05/18 17:07:01.667,1,NVIDIA A100-SXM-64GB,103.90,31892,100
1142,2026-05-18 17:07:01.477953,2026/05/18 17:07:01.711,2,NVIDIA A100-SXM-64GB,104.84,31912,100
1143,2026-05-18 17:07:01.477953,2026/05/18 17:07:01.713,3,NVIDIA A100-SXM-64GB,104.39,31868,100
1144,2026-05-18 17:07:06.798330,2026/05/18 17:07:06.969,0,NVIDIA A100-SXM-64GB,112.90,31884,100
1145,2026-05-18 17:07:06.798330,2026/05/18 17:07:06.972,1,NVIDIA A100-SXM-64GB,104.01,31892,100
1146,2026-05-18 17:07:06.798330,2026/05/18 17:07:06.987,2,NVIDIA A100-SXM-64GB,106.75,31912,100
1147,2026-05-18 17:07:06.798330,2026/05/18 17:07:07.052,3,NVIDIA A100-SXM-64GB,110.52,31868,100
1148,2026-05-18 17:07:12.135014,2026/05/18 17:07:12.320,0,NVIDIA A100-SXM-64GB,103.73,31884,100
1149,2026-05-18 17:07:12.135014,2026/05/18 17:07:12.360,1,NVIDIA A100-SXM-64GB,93.05,31892,100
1150,2026-05-18 17:07:12.135014,2026/05/18 17:07:12.403,2,NVIDIA A100-SXM-64GB,96.06,31912,100
1151,2026-05-18 17:07:12.135014,2026/05/18 17:07:12.406,3,NVIDIA A100-SXM-64GB,103.80,31868,100
1152,2026-05-18 17:07:17.514850,2026/05/18 17:07:17.712,0,NVIDIA A100-SXM-64GB,108.62,31884,100
1153,2026-05-18 17:07:17.514850,2026/05/18 17:07:17.715,1,NVIDIA A100-SXM-64GB,97.32,31892,100
1154,2026-05-18 17:07:17.514850,2026/05/18 17:07:17.727,2,NVIDIA A100-SXM-64GB,101.76,31912,100
1155,2026-05-18 17:07:17.514850,2026/05/18 17:07:17.856,3,NVIDIA A100-SXM-64GB,123.59,31868,100
1156,2026-05-18 17:07:22.915403,2026/05/18 17:07:23.092,0,NVIDIA A100-SXM-64GB,127.18,31884,100
1157,2026-05-18 17:07:22.915403,2026/05/18 17:07:23.095,1,NVIDIA A100-SXM-64GB,97.60,31892,100
1158,2026-05-18 17:07:22.915403,2026/05/18 17:07:23.100,2,NVIDIA A100-SXM-64GB,104.23,31912,100
1159,2026-05-18 17:07:22.915403,2026/05/18 17:07:23.153,3,NVIDIA A100-SXM-64GB,112.05,31868,100
1160,2026-05-18 17:07:28.214120,2026/05/18 17:07:28.397,0,NVIDIA A100-SXM-64GB,106.48,31884,100
1161,2026-05-18 17:07:28.214120,2026/05/18 17:07:28.400,1,NVIDIA A100-SXM-64GB,93.98,31892,100
1162,2026-05-18 17:07:28.214120,2026/05/18 17:07:28.447,2,NVIDIA A100-SXM-64GB,95.19,31912,100
1163,2026-05-18 17:07:28.214120,2026/05/18 17:07:28.450,3,NVIDIA A100-SXM-64GB,97.22,31868,100
1164,2026-05-18 17:07:33.538599,2026/05/18 17:07:33.714,0,NVIDIA A100-SXM-64GB,113.02,31884,100
1165,2026-05-18 17:07:33.538599,2026/05/18 17:07:33.717,1,NVIDIA A100-SXM-64GB,105.65,31892,100
1166,2026-05-18 17:07:33.538599,2026/05/18 17:07:33.724,2,NVIDIA A100-SXM-64GB,106.48,31912,100
1167,2026-05-18 17:07:33.538599,2026/05/18 17:07:33.774,3,NVIDIA A100-SXM-64GB,101.76,31868,100
1168,2026-05-18 17:07:38.851344,2026/05/18 17:07:39.031,0,NVIDIA A100-SXM-64GB,110.48,31884,100
1169,2026-05-18 17:07:38.851344,2026/05/18 17:07:39.034,1,NVIDIA A100-SXM-64GB,101.00,31892,100
1170,2026-05-18 17:07:38.851344,2026/05/18 17:07:39.082,2,NVIDIA A100-SXM-64GB,103.41,31912,100
1171,2026-05-18 17:07:38.851344,2026/05/18 17:07:39.085,3,NVIDIA A100-SXM-64GB,108.67,31868,100
1172,2026-05-18 17:07:44.187247,2026/05/18 17:07:44.371,0,NVIDIA A100-SXM-64GB,110.76,31884,100
1173,2026-05-18 17:07:44.187247,2026/05/18 17:07:44.374,1,NVIDIA A100-SXM-64GB,118.97,31892,100
1174,2026-05-18 17:07:44.187247,2026/05/18 17:07:44.416,2,NVIDIA A100-SXM-64GB,108.17,31912,100
1175,2026-05-18 17:07:44.187247,2026/05/18 17:07:44.418,3,NVIDIA A100-SXM-64GB,95.86,31868,100
1176,2026-05-18 17:07:49.549366,2026/05/18 17:07:49.734,0,NVIDIA A100-SXM-64GB,111.69,31884,100
1177,2026-05-18 17:07:49.549366,2026/05/18 17:07:49.769,1,NVIDIA A100-SXM-64GB,108.50,31892,100
1178,2026-05-18 17:07:49.549366,2026/05/18 17:07:49.812,2,NVIDIA A100-SXM-64GB,105.76,31912,100
1179,2026-05-18 17:07:49.549366,2026/05/18 17:07:49.815,3,NVIDIA A100-SXM-64GB,106.86,31868,100
1180,2026-05-18 17:07:54.900153,2026/05/18 17:07:55.079,0,NVIDIA A100-SXM-64GB,113.51,31884,100
1181,2026-05-18 17:07:54.900153,2026/05/18 17:07:55.082,1,NVIDIA A100-SXM-64GB,111.02,31892,100
1182,2026-05-18 17:07:54.900153,2026/05/18 17:07:55.095,2,NVIDIA A100-SXM-64GB,109.11,31912,100
1183,2026-05-18 17:07:54.900153,2026/05/18 17:07:55.146,3,NVIDIA A100-SXM-64GB,108.06,31868,100
1184,2026-05-18 17:08:00.247483,2026/05/18 17:08:00.425,0,NVIDIA A100-SXM-64GB,106.48,31884,100
1185,2026-05-18 17:08:00.247483,2026/05/18 17:08:00.429,1,NVIDIA A100-SXM-64GB,112.17,31892,100
1186,2026-05-18 17:08:00.247483,2026/05/18 17:08:00.496,2,NVIDIA A100-SXM-64GB,101.49,31912,100
1187,2026-05-18 17:08:00.247483,2026/05/18 17:08:00.542,3,NVIDIA A100-SXM-64GB,103.80,31868,100
1188,2026-05-18 17:08:05.649753,2026/05/18 17:08:05.842,0,NVIDIA A100-SXM-64GB,97.62,31884,100
1189,2026-05-18 17:08:05.649753,2026/05/18 17:08:05.845,1,NVIDIA A100-SXM-64GB,102.20,31892,100
1190,2026-05-18 17:08:05.649753,2026/05/18 17:08:05.888,2,NVIDIA A100-SXM-64GB,106.37,31912,100
1191,2026-05-18 17:08:05.649753,2026/05/18 17:08:05.891,3,NVIDIA A100-SXM-64GB,116.92,31868,100
1192,2026-05-18 17:08:10.988515,2026/05/18 17:08:11.165,0,NVIDIA A100-SXM-64GB,110.76,31884,100
1193,2026-05-18 17:08:10.988515,2026/05/18 17:08:11.169,1,NVIDIA A100-SXM-64GB,128.12,31892,100
1194,2026-05-18 17:08:10.988515,2026/05/18 17:08:11.213,2,NVIDIA A100-SXM-64GB,115.02,31912,100
1195,2026-05-18 17:08:10.988515,2026/05/18 17:08:11.216,3,NVIDIA A100-SXM-64GB,108.50,31868,100
1196,2026-05-18 17:08:16.299478,2026/05/18 17:08:16.473,0,NVIDIA A100-SXM-64GB,111.97,31964,100
1197,2026-05-18 17:08:16.299478,2026/05/18 17:08:16.476,1,NVIDIA A100-SXM-64GB,106.15,31892,100
1198,2026-05-18 17:08:16.299478,2026/05/18 17:08:16.543,2,NVIDIA A100-SXM-64GB,103.30,31912,100
1199,2026-05-18 17:08:16.299478,2026/05/18 17:08:16.546,3,NVIDIA A100-SXM-64GB,108.39,31868,100
1200,2026-05-18 17:08:21.651421,2026/05/18 17:08:21.831,0,NVIDIA A100-SXM-64GB,102.52,31964,100
1201,2026-05-18 17:08:21.651421,2026/05/18 17:08:21.834,1,NVIDIA A100-SXM-64GB,144.47,31892,100
1202,2026-05-18 17:08:21.651421,2026/05/18 17:08:21.878,2,NVIDIA A100-SXM-64GB,105.76,31912,100
1203,2026-05-18 17:08:21.651421,2026/05/18 17:08:21.881,3,NVIDIA A100-SXM-64GB,101.39,31868,100
1204,2026-05-18 17:08:26.987769,2026/05/18 17:08:27.174,0,NVIDIA A100-SXM-64GB,114.44,31964,100
1205,2026-05-18 17:08:26.987769,2026/05/18 17:08:27.177,1,NVIDIA A100-SXM-64GB,103.74,31892,86
1206,2026-05-18 17:08:26.987769,2026/05/18 17:08:27.232,2,NVIDIA A100-SXM-64GB,101.76,31912,100
1207,2026-05-18 17:08:26.987769,2026/05/18 17:08:27.273,3,NVIDIA A100-SXM-64GB,95.86,31868,100
1208,2026-05-18 17:08:32.367997,2026/05/18 17:08:32.542,0,NVIDIA A100-SXM-64GB,96.08,31964,100
1209,2026-05-18 17:08:32.367997,2026/05/18 17:08:32.567,1,NVIDIA A100-SXM-64GB,92.45,31892,100
1210,2026-05-18 17:08:32.367997,2026/05/18 17:08:32.593,2,NVIDIA A100-SXM-64GB,93.98,31912,100
1211,2026-05-18 17:08:32.367997,2026/05/18 17:08:32.596,3,NVIDIA A100-SXM-64GB,94.66,31868,100
1212,2026-05-18 17:08:37.730703,2026/05/18 17:08:37.912,0,NVIDIA A100-SXM-64GB,110.98,31964,100
1213,2026-05-18 17:08:37.730703,2026/05/18 17:08:37.915,1,NVIDIA A100-SXM-64GB,109.82,31892,100
1214,2026-05-18 17:08:37.730703,2026/05/18 17:08:37.955,2,NVIDIA A100-SXM-64GB,105.43,31912,100
1215,2026-05-18 17:08:37.730703,2026/05/18 17:08:37.958,3,NVIDIA A100-SXM-64GB,133.05,31868,100
1216,2026-05-18 17:08:43.046709,2026/05/18 17:08:43.223,0,NVIDIA A100-SXM-64GB,95.76,31964,100
1217,2026-05-18 17:08:43.046709,2026/05/18 17:08:43.226,1,NVIDIA A100-SXM-64GB,92.45,31892,100
1218,2026-05-18 17:08:43.046709,2026/05/18 17:08:43.231,2,NVIDIA A100-SXM-64GB,93.55,31912,100
1219,2026-05-18 17:08:43.046709,2026/05/18 17:08:43.285,3,NVIDIA A100-SXM-64GB,76.13,31868,0
1220,2026-05-18 17:08:48.376802,2026/05/18 17:08:48.549,0,NVIDIA A100-SXM-64GB,87.69,31964,0
1221,2026-05-18 17:08:48.376802,2026/05/18 17:08:48.551,1,NVIDIA A100-SXM-64GB,83.38,31892,0
1222,2026-05-18 17:08:48.376802,2026/05/18 17:08:48.564,2,NVIDIA A100-SXM-64GB,94.08,31912,100
1223,2026-05-18 17:08:48.376802,2026/05/18 17:08:48.622,3,NVIDIA A100-SXM-64GB,94.86,31868,100
1224,2026-05-18 17:08:53.708859,2026/05/18 17:08:53.882,0,NVIDIA A100-SXM-64GB,98.83,31964,35
1225,2026-05-18 17:08:53.708859,2026/05/18 17:08:53.885,1,NVIDIA A100-SXM-64GB,104.34,31892,48
1226,2026-05-18 17:08:53.708859,2026/05/18 17:08:53.930,2,NVIDIA A100-SXM-64GB,99.13,31912,100
1227,2026-05-18 17:08:53.708859,2026/05/18 17:08:53.933,3,NVIDIA A100-SXM-64GB,95.00,31868,100
1228,2026-05-18 17:08:59.010870,2026/05/18 17:08:59.174,0,NVIDIA A100-SXM-64GB,96.36,31964,100
1229,2026-05-18 17:08:59.010870,2026/05/18 17:08:59.208,1,NVIDIA A100-SXM-64GB,92.45,31892,100
1230,2026-05-18 17:08:59.010870,2026/05/18 17:08:59.258,2,NVIDIA A100-SXM-64GB,93.55,31912,100
1231,2026-05-18 17:08:59.010870,2026/05/18 17:08:59.261,3,NVIDIA A100-SXM-64GB,94.66,31868,100
1232,2026-05-18 17:09:04.363000,2026/05/18 17:09:04.534,0,NVIDIA A100-SXM-64GB,95.76,31964,100
1233,2026-05-18 17:09:04.363000,2026/05/18 17:09:04.572,1,NVIDIA A100-SXM-64GB,92.12,31892,100
1234,2026-05-18 17:09:04.363000,2026/05/18 17:09:04.574,2,NVIDIA A100-SXM-64GB,93.65,31912,100
1235,2026-05-18 17:09:04.363000,2026/05/18 17:09:04.624,3,NVIDIA A100-SXM-64GB,94.66,31868,100
1236,2026-05-18 17:09:09.724160,2026/05/18 17:09:09.902,0,NVIDIA A100-SXM-64GB,96.08,31964,100
1237,2026-05-18 17:09:09.724160,2026/05/18 17:09:09.905,1,NVIDIA A100-SXM-64GB,92.45,31892,100
1238,2026-05-18 17:09:09.724160,2026/05/18 17:09:09.909,2,NVIDIA A100-SXM-64GB,74.75,31912,0
1239,2026-05-18 17:09:09.724160,2026/05/18 17:09:09.968,3,NVIDIA A100-SXM-64GB,94.66,31868,100
1240,2026-05-18 17:09:15.039491,2026/05/18 17:09:15.211,0,NVIDIA A100-SXM-64GB,102.52,31964,100
1241,2026-05-18 17:09:15.039491,2026/05/18 17:09:15.258,1,NVIDIA A100-SXM-64GB,102.48,31892,100
1242,2026-05-18 17:09:15.039491,2026/05/18 17:09:15.261,2,NVIDIA A100-SXM-64GB,102.70,31912,100
1243,2026-05-18 17:09:15.039491,2026/05/18 17:09:15.300,3,NVIDIA A100-SXM-64GB,109.59,31868,100
1244,2026-05-18 17:09:20.371886,2026/05/18 17:09:20.532,0,NVIDIA A100-SXM-64GB,95.76,31964,100
1245,2026-05-18 17:09:20.371886,2026/05/18 17:09:20.569,1,NVIDIA A100-SXM-64GB,92.45,31892,100
1246,2026-05-18 17:09:20.371886,2026/05/18 17:09:20.572,2,NVIDIA A100-SXM-64GB,93.65,31912,100
1247,2026-05-18 17:09:20.371886,2026/05/18 17:09:20.617,3,NVIDIA A100-SXM-64GB,94.49,31868,100
1248,2026-05-18 17:09:25.673512,2026/05/18 17:09:25.846,0,NVIDIA A100-SXM-64GB,95.86,31964,100
1249,2026-05-18 17:09:25.673512,2026/05/18 17:09:25.849,1,NVIDIA A100-SXM-64GB,92.55,31892,100
1250,2026-05-18 17:09:25.673512,2026/05/18 17:09:25.853,2,NVIDIA A100-SXM-64GB,93.15,31912,100
1251,2026-05-18 17:09:25.673512,2026/05/18 17:09:25.895,3,NVIDIA A100-SXM-64GB,94.76,31868,100
1252,2026-05-18 17:09:31.002506,2026/05/18 17:09:31.159,0,NVIDIA A100-SXM-64GB,98.00,31964,100
1253,2026-05-18 17:09:31.002506,2026/05/18 17:09:31.162,1,NVIDIA A100-SXM-64GB,93.15,31892,100
1254,2026-05-18 17:09:31.002506,2026/05/18 17:09:31.208,2,NVIDIA A100-SXM-64GB,100.06,31912,100
1255,2026-05-18 17:09:31.002506,2026/05/18 17:09:31.211,3,NVIDIA A100-SXM-64GB,139.60,31868,100
1256,2026-05-18 17:09:36.321454,2026/05/18 17:09:36.498,0,NVIDIA A100-SXM-64GB,96.36,31964,100
1257,2026-05-18 17:09:36.321454,2026/05/18 17:09:36.501,1,NVIDIA A100-SXM-64GB,92.45,31892,100
1258,2026-05-18 17:09:36.321454,2026/05/18 17:09:36.550,2,NVIDIA A100-SXM-64GB,92.95,31912,97
1259,2026-05-18 17:09:36.321454,2026/05/18 17:09:36.624,3,NVIDIA A100-SXM-64GB,94.76,31868,100
1260,2026-05-18 17:09:41.686208,2026/05/18 17:09:41.877,0,NVIDIA A100-SXM-64GB,114.78,31964,100
1261,2026-05-18 17:09:41.686208,2026/05/18 17:09:41.931,1,NVIDIA A100-SXM-64GB,115.02,31892,100
1262,2026-05-18 17:09:41.686208,2026/05/18 17:09:41.936,2,NVIDIA A100-SXM-64GB,103.30,31912,100
1263,2026-05-18 17:09:41.686208,2026/05/18 17:09:41.943,3,NVIDIA A100-SXM-64GB,106.53,31868,100
1264,2026-05-18 17:09:47.072516,2026/05/18 17:09:47.261,0,NVIDIA A100-SXM-64GB,106.37,31964,100
1265,2026-05-18 17:09:47.072516,2026/05/18 17:09:47.308,1,NVIDIA A100-SXM-64GB,107.57,31892,100
1266,2026-05-18 17:09:47.072516,2026/05/18 17:09:47.311,2,NVIDIA A100-SXM-64GB,103.30,31912,100
1267,2026-05-18 17:09:47.072516,2026/05/18 17:09:47.319,3,NVIDIA A100-SXM-64GB,109.48,31868,100
1268,2026-05-18 17:09:52.460988,2026/05/18 17:09:52.675,0,NVIDIA A100-SXM-64GB,105.76,31964,100
1269,2026-05-18 17:09:52.460988,2026/05/18 17:09:52.678,1,NVIDIA A100-SXM-64GB,95.69,31892,100
1270,2026-05-18 17:09:52.460988,2026/05/18 17:09:52.680,2,NVIDIA A100-SXM-64GB,100.23,31912,100
1271,2026-05-18 17:09:52.460988,2026/05/18 17:09:52.737,3,NVIDIA A100-SXM-64GB,100.69,31868,100
1272,2026-05-18 17:09:57.828304,2026/05/18 17:09:57.977,0,NVIDIA A100-SXM-64GB,111.86,31964,92
1273,2026-05-18 17:09:57.828304,2026/05/18 17:09:58.014,1,NVIDIA A100-SXM-64GB,106.64,31892,66
1274,2026-05-18 17:09:57.828304,2026/05/18 17:09:58.019,2,NVIDIA A100-SXM-64GB,96.80,31912,91
1275,2026-05-18 17:09:57.828304,2026/05/18 17:09:58.061,3,NVIDIA A100-SXM-64GB,88.18,31868,90
1276,2026-05-18 17:10:03.164070,2026/05/18 17:10:03.343,0,NVIDIA A100-SXM-64GB,99.67,31964,100
1277,2026-05-18 17:10:03.164070,2026/05/18 17:10:03.395,1,NVIDIA A100-SXM-64GB,103.63,31892,100
1278,2026-05-18 17:10:03.164070,2026/05/18 17:10:03.398,2,NVIDIA A100-SXM-64GB,103.20,31912,100
1279,2026-05-18 17:10:03.164070,2026/05/18 17:10:03.445,3,NVIDIA A100-SXM-64GB,102.81,31868,100
1280,2026-05-18 17:10:08.558532,2026/05/18 17:10:08.733,0,NVIDIA A100-SXM-64GB,110.65,31964,100
1281,2026-05-18 17:10:08.558532,2026/05/18 17:10:08.737,1,NVIDIA A100-SXM-64GB,98.75,31892,100
1282,2026-05-18 17:10:08.558532,2026/05/18 17:10:08.790,2,NVIDIA A100-SXM-64GB,104.50,31912,100
1283,2026-05-18 17:10:08.558532,2026/05/18 17:10:08.801,3,NVIDIA A100-SXM-64GB,113.74,31868,100
1284,2026-05-18 17:10:13.909179,2026/05/18 17:10:14.099,0,NVIDIA A100-SXM-64GB,110.04,31964,100
1285,2026-05-18 17:10:13.909179,2026/05/18 17:10:14.103,1,NVIDIA A100-SXM-64GB,105.87,31892,100
1286,2026-05-18 17:10:13.909179,2026/05/18 17:10:14.223,2,NVIDIA A100-SXM-64GB,96.62,31912,100
1287,2026-05-18 17:10:13.909179,2026/05/18 17:10:14.228,3,NVIDIA A100-SXM-64GB,132.91,31868,100
1288,2026-05-18 17:10:19.309830,2026/05/18 17:10:19.493,0,NVIDIA A100-SXM-64GB,112.51,31964,100
1289,2026-05-18 17:10:19.309830,2026/05/18 17:10:19.496,1,NVIDIA A100-SXM-64GB,110.03,31892,100
1290,2026-05-18 17:10:19.309830,2026/05/18 17:10:19.536,2,NVIDIA A100-SXM-64GB,121.91,31912,100
1291,2026-05-18 17:10:19.309830,2026/05/18 17:10:19.597,3,NVIDIA A100-SXM-64GB,97.12,31868,100
1292,2026-05-18 17:10:24.671868,2026/05/18 17:10:24.843,0,NVIDIA A100-SXM-64GB,109.83,31964,100
1293,2026-05-18 17:10:24.671868,2026/05/18 17:10:24.846,1,NVIDIA A100-SXM-64GB,111.02,31892,100
1294,2026-05-18 17:10:24.671868,2026/05/18 17:10:24.893,2,NVIDIA A100-SXM-64GB,107.40,31912,100
1295,2026-05-18 17:10:24.671868,2026/05/18 17:10:24.896,3,NVIDIA A100-SXM-64GB,106.26,31868,100
1296,2026-05-18 17:10:29.982526,2026/05/18 17:10:30.160,0,NVIDIA A100-SXM-64GB,104.82,31964,100
1297,2026-05-18 17:10:29.982526,2026/05/18 17:10:30.163,1,NVIDIA A100-SXM-64GB,98.86,31892,100
1298,2026-05-18 17:10:29.982526,2026/05/18 17:10:30.211,2,NVIDIA A100-SXM-64GB,103.13,31912,100
1299,2026-05-18 17:10:29.982526,2026/05/18 17:10:30.213,3,NVIDIA A100-SXM-64GB,133.84,31868,100
1300,2026-05-18 17:10:35.310626,2026/05/18 17:10:35.486,0,NVIDIA A100-SXM-64GB,109.71,31964,100
1301,2026-05-18 17:10:35.310626,2026/05/18 17:10:35.489,1,NVIDIA A100-SXM-64GB,112.17,31892,100
1302,2026-05-18 17:10:35.310626,2026/05/18 17:10:35.495,2,NVIDIA A100-SXM-64GB,97.22,31912,100
1303,2026-05-18 17:10:35.310626,2026/05/18 17:10:35.548,3,NVIDIA A100-SXM-64GB,106.86,31868,100
1304,2026-05-18 17:10:40.692507,2026/05/18 17:10:40.902,0,NVIDIA A100-SXM-64GB,110.37,31964,82
1305,2026-05-18 17:10:40.692507,2026/05/18 17:10:40.905,1,NVIDIA A100-SXM-64GB,112.17,31892,84
1306,2026-05-18 17:10:40.692507,2026/05/18 17:10:40.912,2,NVIDIA A100-SXM-64GB,109.70,31912,100
1307,2026-05-18 17:10:40.692507,2026/05/18 17:10:40.952,3,NVIDIA A100-SXM-64GB,111.29,31868,79
1308,2026-05-18 17:10:46.025972,2026/05/18 17:10:46.213,0,NVIDIA A100-SXM-64GB,101.48,31964,100
1309,2026-05-18 17:10:46.025972,2026/05/18 17:10:46.240,1,NVIDIA A100-SXM-64GB,95.09,31892,100
1310,2026-05-18 17:10:46.025972,2026/05/18 17:10:46.245,2,NVIDIA A100-SXM-64GB,93.55,31912,100
1311,2026-05-18 17:10:46.025972,2026/05/18 17:10:46.291,3,NVIDIA A100-SXM-64GB,101.99,31868,100
1312,2026-05-18 17:10:51.383250,2026/05/18 17:10:51.562,0,NVIDIA A100-SXM-64GB,109.71,31964,100
1313,2026-05-18 17:10:51.383250,2026/05/18 17:10:51.604,1,NVIDIA A100-SXM-64GB,114.91,31892,100
1314,2026-05-18 17:10:51.383250,2026/05/18 17:10:51.607,2,NVIDIA A100-SXM-64GB,102.10,31912,100
1315,2026-05-18 17:10:51.383250,2026/05/18 17:10:51.652,3,NVIDIA A100-SXM-64GB,98.33,31868,100
1316,2026-05-18 17:10:56.725347,2026/05/18 17:10:56.924,0,NVIDIA A100-SXM-64GB,105.87,31964,100
1317,2026-05-18 17:10:56.725347,2026/05/18 17:10:56.959,1,NVIDIA A100-SXM-64GB,133.47,31892,100
1318,2026-05-18 17:10:56.725347,2026/05/18 17:10:57.006,2,NVIDIA A100-SXM-64GB,96.90,31912,100
1319,2026-05-18 17:10:56.725347,2026/05/18 17:10:57.021,3,NVIDIA A100-SXM-64GB,100.79,31868,100
1320,2026-05-18 17:11:02.180160,2026/05/18 17:11:02.410,0,NVIDIA A100-SXM-64GB,97.80,31964,100
1321,2026-05-18 17:11:02.180160,2026/05/18 17:11:02.452,1,NVIDIA A100-SXM-64GB,93.55,31892,100
1322,2026-05-18 17:11:02.180160,2026/05/18 17:11:02.473,2,NVIDIA A100-SXM-64GB,94.16,31912,100
1323,2026-05-18 17:11:02.180160,2026/05/18 17:11:02.479,3,NVIDIA A100-SXM-64GB,101.66,31868,100
1324,2026-05-18 17:11:07.613992,2026/05/18 17:11:07.801,0,NVIDIA A100-SXM-64GB,109.23,31964,88
1325,2026-05-18 17:11:07.613992,2026/05/18 17:11:07.804,1,NVIDIA A100-SXM-64GB,106.15,31892,88
1326,2026-05-18 17:11:07.613992,2026/05/18 17:11:07.845,2,NVIDIA A100-SXM-64GB,103.02,31912,92
1327,2026-05-18 17:11:07.613992,2026/05/18 17:11:07.871,3,NVIDIA A100-SXM-64GB,107.95,31868,98
1328,2026-05-18 17:11:12.974897,2026/05/18 17:11:13.153,0,NVIDIA A100-SXM-64GB,98.83,31964,100
1329,2026-05-18 17:11:12.974897,2026/05/18 17:11:13.157,1,NVIDIA A100-SXM-64GB,94.26,31892,100
1330,2026-05-18 17:11:12.974897,2026/05/18 17:11:13.180,2,NVIDIA A100-SXM-64GB,97.22,31912,100
1331,2026-05-18 17:11:12.974897,2026/05/18 17:11:13.240,3,NVIDIA A100-SXM-64GB,100.13,31868,100
1332,2026-05-18 17:11:18.342017,2026/05/18 17:11:18.530,0,NVIDIA A100-SXM-64GB,107.85,31964,100
1333,2026-05-18 17:11:18.342017,2026/05/18 17:11:18.565,1,NVIDIA A100-SXM-64GB,98.96,31892,100
1334,2026-05-18 17:11:18.342017,2026/05/18 17:11:18.567,2,NVIDIA A100-SXM-64GB,109.22,31912,100
1335,2026-05-18 17:11:18.342017,2026/05/18 17:11:18.612,3,NVIDIA A100-SXM-64GB,112.44,31868,100
1336,2026-05-18 17:11:23.731073,2026/05/18 17:11:23.911,0,NVIDIA A100-SXM-64GB,111.37,31964,100
1337,2026-05-18 17:11:23.731073,2026/05/18 17:11:23.947,1,NVIDIA A100-SXM-64GB,137.27,31892,100
1338,2026-05-18 17:11:23.731073,2026/05/18 17:11:23.950,2,NVIDIA A100-SXM-64GB,96.06,31912,100
1339,2026-05-18 17:11:23.731073,2026/05/18 17:11:24.021,3,NVIDIA A100-SXM-64GB,103.90,31868,100
1340,2026-05-18 17:11:29.169817,2026/05/18 17:11:29.359,0,NVIDIA A100-SXM-64GB,114.00,31964,100
1341,2026-05-18 17:11:29.169817,2026/05/18 17:11:29.362,1,NVIDIA A100-SXM-64GB,107.29,31892,100
1342,2026-05-18 17:11:29.169817,2026/05/18 17:11:29.429,2,NVIDIA A100-SXM-64GB,105.16,31912,100
1343,2026-05-18 17:11:29.169817,2026/05/18 17:11:29.432,3,NVIDIA A100-SXM-64GB,98.93,31868,100
1344,2026-05-18 17:11:34.562520,2026/05/18 17:11:34.739,0,NVIDIA A100-SXM-64GB,118.01,31964,91
1345,2026-05-18 17:11:34.562520,2026/05/18 17:11:34.742,1,NVIDIA A100-SXM-64GB,111.52,31892,100
1346,2026-05-18 17:11:34.562520,2026/05/18 17:11:34.784,2,NVIDIA A100-SXM-64GB,103.90,31912,100
1347,2026-05-18 17:11:34.562520,2026/05/18 17:11:34.837,3,NVIDIA A100-SXM-64GB,105.93,31868,100
1348,2026-05-18 17:11:39.935236,2026/05/18 17:11:40.114,0,NVIDIA A100-SXM-64GB,125.31,31964,100
1349,2026-05-18 17:11:39.935236,2026/05/18 17:11:40.117,1,NVIDIA A100-SXM-64GB,113.97,31892,100
1350,2026-05-18 17:11:39.935236,2026/05/18 17:11:40.121,2,NVIDIA A100-SXM-64GB,109.11,31912,100
1351,2026-05-18 17:11:39.935236,2026/05/18 17:11:40.179,3,NVIDIA A100-SXM-64GB,101.99,31868,100
1352,2026-05-18 17:11:45.315142,2026/05/18 17:11:45.489,0,NVIDIA A100-SXM-64GB,99.43,31964,100
1353,2026-05-18 17:11:45.315142,2026/05/18 17:11:45.492,1,NVIDIA A100-SXM-64GB,96.39,31892,100
1354,2026-05-18 17:11:45.315142,2026/05/18 17:11:45.504,2,NVIDIA A100-SXM-64GB,106.15,31912,100
1355,2026-05-18 17:11:45.315142,2026/05/18 17:11:45.525,3,NVIDIA A100-SXM-64GB,106.53,31868,100
1356,2026-05-18 17:11:50.620952,2026/05/18 17:11:50.788,0,NVIDIA A100-SXM-64GB,98.73,31964,100
1357,2026-05-18 17:11:50.620952,2026/05/18 17:11:50.839,1,NVIDIA A100-SXM-64GB,95.69,31892,100
1358,2026-05-18 17:11:50.620952,2026/05/18 17:11:50.904,2,NVIDIA A100-SXM-64GB,105.16,31912,100
1359,2026-05-18 17:11:50.620952,2026/05/18 17:11:50.913,3,NVIDIA A100-SXM-64GB,106.86,31868,100
1360,2026-05-18 17:11:56.046743,2026/05/18 17:11:56.221,0,NVIDIA A100-SXM-64GB,110.37,31964,100
1361,2026-05-18 17:11:56.046743,2026/05/18 17:11:56.224,1,NVIDIA A100-SXM-64GB,108.78,31892,100
1362,2026-05-18 17:11:56.046743,2026/05/18 17:11:56.265,2,NVIDIA A100-SXM-64GB,103.41,31912,100
1363,2026-05-18 17:11:56.046743,2026/05/18 17:11:56.268,3,NVIDIA A100-SXM-64GB,102.92,31868,100
1364,2026-05-18 17:12:01.395276,2026/05/18 17:12:01.575,0,NVIDIA A100-SXM-64GB,104.82,31964,100
1365,2026-05-18 17:12:01.395276,2026/05/18 17:12:01.578,1,NVIDIA A100-SXM-64GB,98.75,31892,100
1366,2026-05-18 17:12:01.395276,2026/05/18 17:12:01.613,2,NVIDIA A100-SXM-64GB,108.50,31912,100
1367,2026-05-18 17:12:01.395276,2026/05/18 17:12:01.616,3,NVIDIA A100-SXM-64GB,112.82,31868,100
1368,2026-05-18 17:12:06.740650,2026/05/18 17:12:06.938,0,NVIDIA A100-SXM-64GB,97.90,31964,100
1369,2026-05-18 17:12:06.740650,2026/05/18 17:12:06.941,1,NVIDIA A100-SXM-64GB,95.19,31892,100
1370,2026-05-18 17:12:06.740650,2026/05/18 17:12:06.947,2,NVIDIA A100-SXM-64GB,107.90,31912,100
1371,2026-05-18 17:12:06.740650,2026/05/18 17:12:07.036,3,NVIDIA A100-SXM-64GB,110.52,31868,100
1372,2026-05-18 17:12:12.127465,2026/05/18 17:12:12.299,0,NVIDIA A100-SXM-64GB,110.37,31964,100
1373,2026-05-18 17:12:12.127465,2026/05/18 17:12:12.348,1,NVIDIA A100-SXM-64GB,99.63,31892,100
1374,2026-05-18 17:12:12.127465,2026/05/18 17:12:12.352,2,NVIDIA A100-SXM-64GB,106.04,31912,100
1375,2026-05-18 17:12:12.127465,2026/05/18 17:12:12.423,3,NVIDIA A100-SXM-64GB,108.67,31868,100
1376,2026-05-18 17:12:17.558831,2026/05/18 17:12:17.679,0,NVIDIA A100-SXM-64GB,91.89,31964,90
1377,2026-05-18 17:12:17.558831,2026/05/18 17:12:17.710,1,NVIDIA A100-SXM-64GB,88.26,31892,96
1378,2026-05-18 17:12:17.558831,2026/05/18 17:12:17.757,2,NVIDIA A100-SXM-64GB,94.86,31912,66
1379,2026-05-18 17:12:17.558831,2026/05/18 17:12:17.795,3,NVIDIA A100-SXM-64GB,86.22,31868,35
1380,2026-05-18 17:12:22.902281,2026/05/18 17:12:23.083,0,NVIDIA A100-SXM-64GB,131.60,31964,100
1381,2026-05-18 17:12:22.902281,2026/05/18 17:12:23.111,1,NVIDIA A100-SXM-64GB,105.54,31892,100
1382,2026-05-18 17:12:22.902281,2026/05/18 17:12:23.114,2,NVIDIA A100-SXM-64GB,94.86,31912,100
1383,2026-05-18 17:12:22.902281,2026/05/18 17:12:23.121,3,NVIDIA A100-SXM-64GB,99.36,31868,100
1384,2026-05-18 17:12:28.259627,2026/05/18 17:12:28.437,0,NVIDIA A100-SXM-64GB,118.01,31964,100
1385,2026-05-18 17:12:28.259627,2026/05/18 17:12:28.445,1,NVIDIA A100-SXM-64GB,116.11,31892,100
1386,2026-05-18 17:12:28.259627,2026/05/18 17:12:28.490,2,NVIDIA A100-SXM-64GB,107.29,31912,100
1387,2026-05-18 17:12:28.259627,2026/05/18 17:12:28.492,3,NVIDIA A100-SXM-64GB,108.28,31868,100
1388,2026-05-18 17:12:33.621973,2026/05/18 17:12:33.810,0,NVIDIA A100-SXM-64GB,107.41,31964,100
1389,2026-05-18 17:12:33.621973,2026/05/18 17:12:33.837,1,NVIDIA A100-SXM-64GB,103.13,31892,100
1390,2026-05-18 17:12:33.621973,2026/05/18 17:12:33.840,2,NVIDIA A100-SXM-64GB,103.74,31912,100
1391,2026-05-18 17:12:33.621973,2026/05/18 17:12:33.911,3,NVIDIA A100-SXM-64GB,138.52,31868,100
1392,2026-05-18 17:12:39.005458,2026/05/18 17:12:39.185,0,NVIDIA A100-SXM-64GB,108.62,31964,100
1393,2026-05-18 17:12:39.005458,2026/05/18 17:12:39.188,1,NVIDIA A100-SXM-64GB,104.34,31892,100
1394,2026-05-18 17:12:39.005458,2026/05/18 17:12:39.231,2,NVIDIA A100-SXM-64GB,144.74,31912,100
1395,2026-05-18 17:12:39.005458,2026/05/18 17:12:39.234,3,NVIDIA A100-SXM-64GB,114.79,31868,100
1396,2026-05-18 17:12:44.348867,2026/05/18 17:12:44.566,0,NVIDIA A100-SXM-64GB,117.07,31964,92
1397,2026-05-18 17:12:44.348867,2026/05/18 17:12:44.569,1,NVIDIA A100-SXM-64GB,113.97,31892,95
1398,2026-05-18 17:12:44.348867,2026/05/18 17:12:44.612,2,NVIDIA A100-SXM-64GB,107.18,31912,84
1399,2026-05-18 17:12:44.348867,2026/05/18 17:12:44.615,3,NVIDIA A100-SXM-64GB,105.93,31868,100
1400,2026-05-18 17:12:49.742003,2026/05/18 17:12:49.919,0,NVIDIA A100-SXM-64GB,112.90,31964,100
1401,2026-05-18 17:12:49.742003,2026/05/18 17:12:49.922,1,NVIDIA A100-SXM-64GB,108.28,31892,100
1402,2026-05-18 17:12:49.742003,2026/05/18 17:12:49.925,2,NVIDIA A100-SXM-64GB,106.04,31912,100
1403,2026-05-18 17:12:49.742003,2026/05/18 17:12:49.984,3,NVIDIA A100-SXM-64GB,99.26,31868,100
1404,2026-05-18 17:12:55.087527,2026/05/18 17:12:55.262,0,NVIDIA A100-SXM-64GB,110.15,31964,100
1405,2026-05-18 17:12:55.087527,2026/05/18 17:12:55.294,1,NVIDIA A100-SXM-64GB,106.48,31892,100
1406,2026-05-18 17:12:55.087527,2026/05/18 17:12:55.297,2,NVIDIA A100-SXM-64GB,107.08,31912,100
1407,2026-05-18 17:12:55.087527,2026/05/18 17:12:55.349,3,NVIDIA A100-SXM-64GB,104.39,31868,100
1408,2026-05-18 17:13:00.440430,2026/05/18 17:13:00.652,0,NVIDIA A100-SXM-64GB,110.65,31964,100
1409,2026-05-18 17:13:00.440430,2026/05/18 17:13:00.655,1,NVIDIA A100-SXM-64GB,107.57,31892,100
1410,2026-05-18 17:13:00.440430,2026/05/18 17:13:00.685,2,NVIDIA A100-SXM-64GB,180.85,31912,100
1411,2026-05-18 17:13:00.440430,2026/05/18 17:13:00.701,3,NVIDIA A100-SXM-64GB,108.67,31868,80
1412,2026-05-18 17:13:05.849178,2026/05/18 17:13:06.016,0,NVIDIA A100-SXM-64GB,96.08,31964,100
1413,2026-05-18 17:13:05.849178,2026/05/18 17:13:06.019,1,NVIDIA A100-SXM-64GB,92.45,31892,100
1414,2026-05-18 17:13:05.849178,2026/05/18 17:13:06.024,2,NVIDIA A100-SXM-64GB,93.98,31912,100
1415,2026-05-18 17:13:05.849178,2026/05/18 17:13:06.087,3,NVIDIA A100-SXM-64GB,94.66,31868,100
1416,2026-05-18 17:13:11.194792,2026/05/18 17:13:11.370,0,NVIDIA A100-SXM-64GB,97.02,31964,100
1417,2026-05-18 17:13:11.194792,2026/05/18 17:13:11.373,1,NVIDIA A100-SXM-64GB,93.32,31892,100
1418,2026-05-18 17:13:11.194792,2026/05/18 17:13:11.432,2,NVIDIA A100-SXM-64GB,121.31,31912,100
1419,2026-05-18 17:13:11.194792,2026/05/18 17:13:11.489,3,NVIDIA A100-SXM-64GB,108.28,31868,100
1420,2026-05-18 17:13:16.609771,2026/05/18 17:13:16.785,0,NVIDIA A100-SXM-64GB,116.47,31964,100
1421,2026-05-18 17:13:16.609771,2026/05/18 17:13:16.788,1,NVIDIA A100-SXM-64GB,106.04,31892,100
1422,2026-05-18 17:13:16.609771,2026/05/18 17:13:16.791,2,NVIDIA A100-SXM-64GB,106.97,31912,100
1423,2026-05-18 17:13:16.609771,2026/05/18 17:13:16.875,3,NVIDIA A100-SXM-64GB,110.20,31868,100
1424,2026-05-18 17:13:21.990842,2026/05/18 17:13:22.159,0,NVIDIA A100-SXM-64GB,77.92,31964,0
1425,2026-05-18 17:13:21.990842,2026/05/18 17:13:22.162,1,NVIDIA A100-SXM-64GB,74.75,31892,0
1426,2026-05-18 17:13:21.990842,2026/05/18 17:13:22.209,2,NVIDIA A100-SXM-64GB,92.95,31912,100
1427,2026-05-18 17:13:21.990842,2026/05/18 17:13:22.223,3,NVIDIA A100-SXM-64GB,94.39,31868,100
1428,2026-05-18 17:13:27.341300,2026/05/18 17:13:27.512,0,NVIDIA A100-SXM-64GB,96.59,31964,100
1429,2026-05-18 17:13:27.341300,2026/05/18 17:13:27.514,1,NVIDIA A100-SXM-64GB,92.45,31892,100
1430,2026-05-18 17:13:27.341300,2026/05/18 17:13:27.517,2,NVIDIA A100-SXM-64GB,93.89,31912,100
1431,2026-05-18 17:13:27.341300,2026/05/18 17:13:27.571,3,NVIDIA A100-SXM-64GB,95.00,31868,100
1432,2026-05-18 17:13:32.714086,2026/05/18 17:13:32.891,0,NVIDIA A100-SXM-64GB,96.69,31964,100
1433,2026-05-18 17:13:32.714086,2026/05/18 17:13:32.928,1,NVIDIA A100-SXM-64GB,92.72,31892,100
1434,2026-05-18 17:13:32.714086,2026/05/18 17:13:32.988,2,NVIDIA A100-SXM-64GB,113.05,31912,100
1435,2026-05-18 17:13:32.714086,2026/05/18 17:13:32.991,3,NVIDIA A100-SXM-64GB,108.99,31868,100
1436,2026-05-18 17:13:38.143927,2026/05/18 17:13:38.321,0,NVIDIA A100-SXM-64GB,112.19,31964,96
1437,2026-05-18 17:13:38.143927,2026/05/18 17:13:38.367,1,NVIDIA A100-SXM-64GB,102.70,31892,98
1438,2026-05-18 17:13:38.143927,2026/05/18 17:13:38.379,2,NVIDIA A100-SXM-64GB,106.04,31912,65
1439,2026-05-18 17:13:38.143927,2026/05/18 17:13:38.427,3,NVIDIA A100-SXM-64GB,102.27,31868,94
1440,2026-05-18 17:13:43.548902,2026/05/18 17:13:43.729,0,NVIDIA A100-SXM-64GB,95.76,31964,100
1441,2026-05-18 17:13:43.548902,2026/05/18 17:13:43.732,1,NVIDIA A100-SXM-64GB,92.45,31892,100
1442,2026-05-18 17:13:43.548902,2026/05/18 17:13:43.788,2,NVIDIA A100-SXM-64GB,74.67,31912,0
1443,2026-05-18 17:13:43.548902,2026/05/18 17:13:43.791,3,NVIDIA A100-SXM-64GB,94.39,31868,100
1444,2026-05-18 17:13:48.921893,2026/05/18 17:13:49.092,0,NVIDIA A100-SXM-64GB,95.66,31964,100
1445,2026-05-18 17:13:48.921893,2026/05/18 17:13:49.123,1,NVIDIA A100-SXM-64GB,92.45,31892,100
1446,2026-05-18 17:13:48.921893,2026/05/18 17:13:49.125,2,NVIDIA A100-SXM-64GB,93.55,31912,100
1447,2026-05-18 17:13:48.921893,2026/05/18 17:13:49.134,3,NVIDIA A100-SXM-64GB,94.66,31868,100
1448,2026-05-18 17:13:54.270785,2026/05/18 17:13:54.452,0,NVIDIA A100-SXM-64GB,108.83,31964,100
1449,2026-05-18 17:13:54.270785,2026/05/18 17:13:54.457,1,NVIDIA A100-SXM-64GB,109.38,31892,100
1450,2026-05-18 17:13:54.270785,2026/05/18 17:13:54.512,2,NVIDIA A100-SXM-64GB,130.32,31912,100
1451,2026-05-18 17:13:54.270785,2026/05/18 17:13:54.515,3,NVIDIA A100-SXM-64GB,100.96,31868,100
1452,2026-05-18 17:13:59.658018,2026/05/18 17:13:59.829,0,NVIDIA A100-SXM-64GB,96.46,31964,100
1453,2026-05-18 17:13:59.658018,2026/05/18 17:13:59.833,1,NVIDIA A100-SXM-64GB,92.21,31892,100
1454,2026-05-18 17:13:59.658018,2026/05/18 17:13:59.837,2,NVIDIA A100-SXM-64GB,93.65,31912,100
1455,2026-05-18 17:13:59.658018,2026/05/18 17:13:59.915,3,NVIDIA A100-SXM-64GB,94.49,31868,100
1456,2026-05-18 17:14:05.017646,2026/05/18 17:14:05.225,0,NVIDIA A100-SXM-64GB,155.02,31964,100
1457,2026-05-18 17:14:05.017646,2026/05/18 17:14:05.228,1,NVIDIA A100-SXM-64GB,99.84,31892,100
1458,2026-05-18 17:14:05.017646,2026/05/18 17:14:05.274,2,NVIDIA A100-SXM-64GB,94.58,31912,100
1459,2026-05-18 17:14:05.017646,2026/05/18 17:14:05.277,3,NVIDIA A100-SXM-64GB,114.91,31868,100
1460,2026-05-18 17:14:10.381115,2026/05/18 17:14:10.568,0,NVIDIA A100-SXM-64GB,107.62,31964,89
1461,2026-05-18 17:14:10.381115,2026/05/18 17:14:10.595,1,NVIDIA A100-SXM-64GB,105.87,31892,94
1462,2026-05-18 17:14:10.381115,2026/05/18 17:14:10.598,2,NVIDIA A100-SXM-64GB,106.97,31912,98
1463,2026-05-18 17:14:10.381115,2026/05/18 17:14:10.648,3,NVIDIA A100-SXM-64GB,102.59,31868,99
1464,2026-05-18 17:14:15.745032,2026/05/18 17:14:15.937,0,NVIDIA A100-SXM-64GB,121.69,31964,100
1465,2026-05-18 17:14:15.745032,2026/05/18 17:14:15.940,1,NVIDIA A100-SXM-64GB,104.23,31892,100
1466,2026-05-18 17:14:15.745032,2026/05/18 17:14:15.949,2,NVIDIA A100-SXM-64GB,108.78,31912,100
1467,2026-05-18 17:14:15.745032,2026/05/18 17:14:16.006,3,NVIDIA A100-SXM-64GB,96.53,31868,100
1468,2026-05-18 17:14:21.126107,2026/05/18 17:14:21.307,0,NVIDIA A100-SXM-64GB,109.83,31964,100
1469,2026-05-18 17:14:21.126107,2026/05/18 17:14:21.339,1,NVIDIA A100-SXM-64GB,102.20,31892,100
1470,2026-05-18 17:14:21.126107,2026/05/18 17:14:21.342,2,NVIDIA A100-SXM-64GB,106.48,31912,100
1471,2026-05-18 17:14:21.126107,2026/05/18 17:14:21.396,3,NVIDIA A100-SXM-64GB,108.67,31868,100
1472,2026-05-18 17:14:26.509969,2026/05/18 17:14:26.688,0,NVIDIA A100-SXM-64GB,106.70,31964,100
1473,2026-05-18 17:14:26.509969,2026/05/18 17:14:26.744,1,NVIDIA A100-SXM-64GB,99.36,31892,100
1474,2026-05-18 17:14:26.509969,2026/05/18 17:14:26.793,2,NVIDIA A100-SXM-64GB,106.97,31912,100
1475,2026-05-18 17:14:26.509969,2026/05/18 17:14:26.852,3,NVIDIA A100-SXM-64GB,101.39,31868,100
1476,2026-05-18 17:14:31.969147,2026/05/18 17:14:32.139,0,NVIDIA A100-SXM-64GB,103.62,31964,100
1477,2026-05-18 17:14:31.969147,2026/05/18 17:14:32.154,1,NVIDIA A100-SXM-64GB,108.78,31892,94
1478,2026-05-18 17:14:31.969147,2026/05/18 17:14:32.202,2,NVIDIA A100-SXM-64GB,99.63,31912,100
1479,2026-05-18 17:14:31.969147,2026/05/18 17:14:32.210,3,NVIDIA A100-SXM-64GB,113.26,31868,100
1480,2026-05-18 17:14:37.310966,2026/05/18 17:14:37.480,0,NVIDIA A100-SXM-64GB,112.51,31964,100
1481,2026-05-18 17:14:37.310966,2026/05/18 17:14:37.483,1,NVIDIA A100-SXM-64GB,104.94,31892,92
1482,2026-05-18 17:14:37.310966,2026/05/18 17:14:37.495,2,NVIDIA A100-SXM-64GB,106.97,31912,100
1483,2026-05-18 17:14:37.310966,2026/05/18 17:14:37.559,3,NVIDIA A100-SXM-64GB,106.53,31868,100
1484,2026-05-18 17:14:42.658730,2026/05/18 17:14:42.840,0,NVIDIA A100-SXM-64GB,112.51,31964,100
1485,2026-05-18 17:14:42.658730,2026/05/18 17:14:42.843,1,NVIDIA A100-SXM-64GB,106.15,31892,100
1486,2026-05-18 17:14:42.658730,2026/05/18 17:14:42.884,2,NVIDIA A100-SXM-64GB,95.09,31912,100
1487,2026-05-18 17:14:42.658730,2026/05/18 17:14:42.888,3,NVIDIA A100-SXM-64GB,98.00,31868,100
1488,2026-05-18 17:14:48.028318,2026/05/18 17:14:48.225,0,NVIDIA A100-SXM-64GB,103.45,31964,100
1489,2026-05-18 17:14:48.028318,2026/05/18 17:14:48.228,1,NVIDIA A100-SXM-64GB,99.13,31892,100
1490,2026-05-18 17:14:48.028318,2026/05/18 17:14:48.239,2,NVIDIA A100-SXM-64GB,101.76,31912,100
1491,2026-05-18 17:14:48.028318,2026/05/18 17:14:48.336,3,NVIDIA A100-SXM-64GB,105.65,31868,100
1492,2026-05-18 17:14:53.457863,2026/05/18 17:14:53.627,0,NVIDIA A100-SXM-64GB,110.37,31964,69
1493,2026-05-18 17:14:53.457863,2026/05/18 17:14:53.630,1,NVIDIA A100-SXM-64GB,112.77,31892,90
1494,2026-05-18 17:14:53.457863,2026/05/18 17:14:53.637,2,NVIDIA A100-SXM-64GB,92.63,31912,88
1495,2026-05-18 17:14:53.457863,2026/05/18 17:14:53.666,3,NVIDIA A100-SXM-64GB,94.39,31868,76
1496,2026-05-18 17:14:58.803010,2026/05/18 17:14:58.978,0,NVIDIA A100-SXM-64GB,103.23,31964,100
1497,2026-05-18 17:14:58.803010,2026/05/18 17:14:58.982,1,NVIDIA A100-SXM-64GB,119.57,31892,100
1498,2026-05-18 17:14:58.803010,2026/05/18 17:14:59.036,2,NVIDIA A100-SXM-64GB,103.41,31912,100
1499,2026-05-18 17:14:58.803010,2026/05/18 17:14:59.079,3,NVIDIA A100-SXM-64GB,108.78,31868,100
1500,2026-05-18 17:15:04.193964,2026/05/18 17:15:04.366,0,NVIDIA A100-SXM-64GB,109.71,31964,100
1501,2026-05-18 17:15:04.193964,2026/05/18 17:15:04.369,1,NVIDIA A100-SXM-64GB,98.53,31892,100
1502,2026-05-18 17:15:04.193964,2026/05/18 17:15:04.379,2,NVIDIA A100-SXM-64GB,105.43,31912,100
1503,2026-05-18 17:15:04.193964,2026/05/18 17:15:04.441,3,NVIDIA A100-SXM-64GB,114.79,31868,100
1504,2026-05-18 17:15:09.547617,2026/05/18 17:15:09.719,0,NVIDIA A100-SXM-64GB,102.79,31964,100
1505,2026-05-18 17:15:09.547617,2026/05/18 17:15:09.722,1,NVIDIA A100-SXM-64GB,96.72,31892,100
1506,2026-05-18 17:15:09.547617,2026/05/18 17:15:09.777,2,NVIDIA A100-SXM-64GB,106.97,31912,100
1507,2026-05-18 17:15:09.547617,2026/05/18 17:15:09.779,3,NVIDIA A100-SXM-64GB,106.86,31868,100
1508,2026-05-18 17:15:14.925898,2026/05/18 17:15:15.104,0,NVIDIA A100-SXM-64GB,107.30,31964,100
1509,2026-05-18 17:15:14.925898,2026/05/18 17:15:15.107,1,NVIDIA A100-SXM-64GB,97.60,31892,100
1510,2026-05-18 17:15:14.925898,2026/05/18 17:15:15.116,2,NVIDIA A100-SXM-64GB,105.16,31912,100
1511,2026-05-18 17:15:14.925898,2026/05/18 17:15:15.176,3,NVIDIA A100-SXM-64GB,118.12,31868,100
1512,2026-05-18 17:15:20.261667,2026/05/18 17:15:20.436,0,NVIDIA A100-SXM-64GB,106.37,31964,100
1513,2026-05-18 17:15:20.261667,2026/05/18 17:15:20.439,1,NVIDIA A100-SXM-64GB,110.91,31892,100
1514,2026-05-18 17:15:20.261667,2026/05/18 17:15:20.516,2,NVIDIA A100-SXM-64GB,109.11,31912,100
1515,2026-05-18 17:15:20.261667,2026/05/18 17:15:20.520,3,NVIDIA A100-SXM-64GB,106.86,31868,100
1516,2026-05-18 17:15:25.634883,2026/05/18 17:15:25.811,0,NVIDIA A100-SXM-64GB,108.51,31964,100
1517,2026-05-18 17:15:25.634883,2026/05/18 17:15:25.814,1,NVIDIA A100-SXM-64GB,116.11,31892,100
1518,2026-05-18 17:15:25.634883,2026/05/18 17:15:25.818,2,NVIDIA A100-SXM-64GB,146.45,31912,100
1519,2026-05-18 17:15:25.634883,2026/05/18 17:15:25.883,3,NVIDIA A100-SXM-64GB,103.80,31868,100
1520,2026-05-18 17:15:30.990268,2026/05/18 17:15:31.165,0,NVIDIA A100-SXM-64GB,115.05,31964,100
1521,2026-05-18 17:15:30.990268,2026/05/18 17:15:31.168,1,NVIDIA A100-SXM-64GB,104.34,31892,100
1522,2026-05-18 17:15:30.990268,2026/05/18 17:15:31.218,2,NVIDIA A100-SXM-64GB,96.39,31912,100
1523,2026-05-18 17:15:30.990268,2026/05/18 17:15:31.221,3,NVIDIA A100-SXM-64GB,103.20,31868,100
1524,2026-05-18 17:15:36.412205,2026/05/18 17:15:36.598,0,NVIDIA A100-SXM-64GB,103.45,31964,100
1525,2026-05-18 17:15:36.412205,2026/05/18 17:15:36.602,1,NVIDIA A100-SXM-64GB,113.16,31892,100
1526,2026-05-18 17:15:36.412205,2026/05/18 17:15:36.666,2,NVIDIA A100-SXM-64GB,105.16,31912,100
1527,2026-05-18 17:15:36.412205,2026/05/18 17:15:36.668,3,NVIDIA A100-SXM-64GB,98.93,31868,100
1528,2026-05-18 17:15:41.768935,2026/05/18 17:15:41.946,0,NVIDIA A100-SXM-64GB,109.23,31964,95
1529,2026-05-18 17:15:41.768935,2026/05/18 17:15:41.980,1,NVIDIA A100-SXM-64GB,102.20,31892,100
1530,2026-05-18 17:15:41.768935,2026/05/18 17:15:41.986,2,NVIDIA A100-SXM-64GB,102.80,31912,100
1531,2026-05-18 17:15:41.768935,2026/05/18 17:15:42.035,3,NVIDIA A100-SXM-64GB,128.19,31868,89
1532,2026-05-18 17:15:47.135569,2026/05/18 17:15:47.318,0,NVIDIA A100-SXM-64GB,115.26,31964,100
1533,2026-05-18 17:15:47.135569,2026/05/18 17:15:47.322,1,NVIDIA A100-SXM-64GB,106.64,31892,100
1534,2026-05-18 17:15:47.135569,2026/05/18 17:15:47.386,2,NVIDIA A100-SXM-64GB,105.16,31912,100
1535,2026-05-18 17:15:47.135569,2026/05/18 17:15:47.389,3,NVIDIA A100-SXM-64GB,103.52,31868,100
1536,2026-05-18 17:15:52.535379,2026/05/18 17:15:52.721,0,NVIDIA A100-SXM-64GB,97.39,31964,100
1537,2026-05-18 17:15:52.535379,2026/05/18 17:15:52.724,1,NVIDIA A100-SXM-64GB,98.13,31892,100
1538,2026-05-18 17:15:52.535379,2026/05/18 17:15:52.784,2,NVIDIA A100-SXM-64GB,108.89,31912,100
1539,2026-05-18 17:15:52.535379,2026/05/18 17:15:52.787,3,NVIDIA A100-SXM-64GB,103.30,31868,100
1540,2026-05-18 17:15:57.895138,2026/05/18 17:15:58.063,0,NVIDIA A100-SXM-64GB,103.73,31964,64
1541,2026-05-18 17:15:57.895138,2026/05/18 17:15:58.066,1,NVIDIA A100-SXM-64GB,93.32,31892,100
1542,2026-05-18 17:15:57.895138,2026/05/18 17:15:58.111,2,NVIDIA A100-SXM-64GB,96.39,31912,92
1543,2026-05-18 17:15:57.895138,2026/05/18 17:15:58.123,3,NVIDIA A100-SXM-64GB,108.99,31868,91
1544,2026-05-18 17:16:03.247707,2026/05/18 17:16:03.435,0,NVIDIA A100-SXM-64GB,108.02,31964,100
1545,2026-05-18 17:16:03.247707,2026/05/18 17:16:03.438,1,NVIDIA A100-SXM-64GB,109.22,31892,100
1546,2026-05-18 17:16:03.247707,2026/05/18 17:16:03.450,2,NVIDIA A100-SXM-64GB,108.01,31912,100
1547,2026-05-18 17:16:03.247707,2026/05/18 17:16:03.507,3,NVIDIA A100-SXM-64GB,105.65,31868,100
1548,2026-05-18 17:16:08.638390,2026/05/18 17:16:08.813,0,NVIDIA A100-SXM-64GB,112.19,31964,100
1549,2026-05-18 17:16:08.638390,2026/05/18 17:16:08.816,1,NVIDIA A100-SXM-64GB,96.39,31892,100
1550,2026-05-18 17:16:08.638390,2026/05/18 17:16:08.868,2,NVIDIA A100-SXM-64GB,108.28,31912,100
1551,2026-05-18 17:16:08.638390,2026/05/18 17:16:08.870,3,NVIDIA A100-SXM-64GB,137.45,31868,100
1552,2026-05-18 17:16:14.029744,2026/05/18 17:16:14.206,0,NVIDIA A100-SXM-64GB,106.81,31964,100
1553,2026-05-18 17:16:14.029744,2026/05/18 17:16:14.209,1,NVIDIA A100-SXM-64GB,98.75,31892,100
1554,2026-05-18 17:16:14.029744,2026/05/18 17:16:14.273,2,NVIDIA A100-SXM-64GB,106.97,31912,100
1555,2026-05-18 17:16:14.029744,2026/05/18 17:16:14.276,3,NVIDIA A100-SXM-64GB,111.12,31868,100
1556,2026-05-18 17:16:19.409371,2026/05/18 17:16:19.581,0,NVIDIA A100-SXM-64GB,101.31,31964,100
1557,2026-05-18 17:16:19.409371,2026/05/18 17:16:19.584,1,NVIDIA A100-SXM-64GB,94.26,31892,100
1558,2026-05-18 17:16:19.409371,2026/05/18 17:16:19.633,2,NVIDIA A100-SXM-64GB,106.97,31912,100
1559,2026-05-18 17:16:19.409371,2026/05/18 17:16:19.636,3,NVIDIA A100-SXM-64GB,110.20,31868,100
1560,2026-05-18 17:16:24.787442,2026/05/18 17:16:24.967,0,NVIDIA A100-SXM-64GB,110.76,31964,100
1561,2026-05-18 17:16:24.787442,2026/05/18 17:16:24.970,1,NVIDIA A100-SXM-64GB,104.61,31892,100
1562,2026-05-18 17:16:24.787442,2026/05/18 17:16:25.038,2,NVIDIA A100-SXM-64GB,95.09,31912,100
1563,2026-05-18 17:16:24.787442,2026/05/18 17:16:25.041,3,NVIDIA A100-SXM-64GB,108.67,31868,100
1564,2026-05-18 17:16:30.195160,2026/05/18 17:16:30.375,0,NVIDIA A100-SXM-64GB,110.37,31964,100
1565,2026-05-18 17:16:30.195160,2026/05/18 17:16:30.378,1,NVIDIA A100-SXM-64GB,104.50,31892,100
1566,2026-05-18 17:16:30.195160,2026/05/18 17:16:30.380,2,NVIDIA A100-SXM-64GB,106.04,31912,100
1567,2026-05-18 17:16:30.195160,2026/05/18 17:16:30.437,3,NVIDIA A100-SXM-64GB,108.39,31868,100
1568,2026-05-18 17:16:35.558633,2026/05/18 17:16:35.737,0,NVIDIA A100-SXM-64GB,104.93,31964,100
1569,2026-05-18 17:16:35.558633,2026/05/18 17:16:35.781,1,NVIDIA A100-SXM-64GB,106.15,31892,100
1570,2026-05-18 17:16:35.558633,2026/05/18 17:16:35.783,2,NVIDIA A100-SXM-64GB,107.90,31912,100
1571,2026-05-18 17:16:35.558633,2026/05/18 17:16:35.796,3,NVIDIA A100-SXM-64GB,104.12,31868,100
1572,2026-05-18 17:16:40.948652,2026/05/18 17:16:41.135,0,NVIDIA A100-SXM-64GB,98.83,31964,100
1573,2026-05-18 17:16:40.948652,2026/05/18 17:16:41.183,1,NVIDIA A100-SXM-64GB,102.48,31892,100
1574,2026-05-18 17:16:40.948652,2026/05/18 17:16:41.185,2,NVIDIA A100-SXM-64GB,106.37,31912,100
1575,2026-05-18 17:16:40.948652,2026/05/18 17:16:41.201,3,NVIDIA A100-SXM-64GB,104.39,31868,100
1576,2026-05-18 17:16:46.371134,2026/05/18 17:16:46.482,0,NVIDIA A100-SXM-64GB,96.08,31964,100
1577,2026-05-18 17:16:46.371134,2026/05/18 17:16:46.485,1,NVIDIA A100-SXM-64GB,220.72,31892,100
1578,2026-05-18 17:16:46.371134,2026/05/18 17:16:46.514,2,NVIDIA A100-SXM-64GB,239.39,31912,92
1579,2026-05-18 17:16:46.371134,2026/05/18 17:16:46.574,3,NVIDIA A100-SXM-64GB,87.99,31868,69
1580,2026-05-18 17:16:51.671770,2026/05/18 17:16:51.848,0,NVIDIA A100-SXM-64GB,106.97,31964,100
1581,2026-05-18 17:16:51.671770,2026/05/18 17:16:51.851,1,NVIDIA A100-SXM-64GB,130.12,31892,100
1582,2026-05-18 17:16:51.671770,2026/05/18 17:16:51.900,2,NVIDIA A100-SXM-64GB,128.92,31912,100
1583,2026-05-18 17:16:51.671770,2026/05/18 17:16:51.953,3,NVIDIA A100-SXM-64GB,100.36,31868,100
1584,2026-05-18 17:16:57.087842,2026/05/18 17:16:57.271,0,NVIDIA A100-SXM-64GB,106.48,31964,100
1585,2026-05-18 17:16:57.087842,2026/05/18 17:16:57.274,1,NVIDIA A100-SXM-64GB,101.87,31892,100
1586,2026-05-18 17:16:57.087842,2026/05/18 17:16:57.335,2,NVIDIA A100-SXM-64GB,102.80,31912,100
1587,2026-05-18 17:16:57.087842,2026/05/18 17:16:57.340,3,NVIDIA A100-SXM-64GB,103.52,31868,100
1588,2026-05-18 17:17:02.485290,2026/05/18 17:17:02.666,0,NVIDIA A100-SXM-64GB,108.62,31964,100
1589,2026-05-18 17:17:02.485290,2026/05/18 17:17:02.670,1,NVIDIA A100-SXM-64GB,98.96,31892,100
1590,2026-05-18 17:17:02.485290,2026/05/18 17:17:02.723,2,NVIDIA A100-SXM-64GB,94.95,31912,100
1591,2026-05-18 17:17:02.485290,2026/05/18 17:17:02.769,3,NVIDIA A100-SXM-64GB,113.65,31868,100
1592,2026-05-18 17:17:07.872495,2026/05/18 17:17:08.062,0,NVIDIA A100-SXM-64GB,104.82,31964,100
1593,2026-05-18 17:17:07.872495,2026/05/18 17:17:08.117,1,NVIDIA A100-SXM-64GB,94.86,31892,100
1594,2026-05-18 17:17:07.872495,2026/05/18 17:17:08.141,2,NVIDIA A100-SXM-64GB,95.36,31912,100
1595,2026-05-18 17:17:07.872495,2026/05/18 17:17:08.152,3,NVIDIA A100-SXM-64GB,112.54,31868,100
1596,2026-05-18 17:17:13.292185,2026/05/18 17:17:13.467,0,NVIDIA A100-SXM-64GB,105.87,31964,100
1597,2026-05-18 17:17:13.292185,2026/05/18 17:17:13.471,1,NVIDIA A100-SXM-64GB,111.63,31892,100
1598,2026-05-18 17:17:13.292185,2026/05/18 17:17:13.478,2,NVIDIA A100-SXM-64GB,112.56,31912,100
1599,2026-05-18 17:17:13.292185,2026/05/18 17:17:13.539,3,NVIDIA A100-SXM-64GB,108.17,31868,100
1600,2026-05-18 17:17:18.670599,2026/05/18 17:17:18.871,0,NVIDIA A100-SXM-64GB,110.98,31964,100
1601,2026-05-18 17:17:18.670599,2026/05/18 17:17:18.919,1,NVIDIA A100-SXM-64GB,104.50,31892,100
1602,2026-05-18 17:17:18.670599,2026/05/18 17:17:18.922,2,NVIDIA A100-SXM-64GB,105.76,31912,100
1603,2026-05-18 17:17:18.670599,2026/05/18 17:17:18.965,3,NVIDIA A100-SXM-64GB,109.48,31868,100
1604,2026-05-18 17:17:24.098253,2026/05/18 17:17:24.262,0,NVIDIA A100-SXM-64GB,98.23,31964,100
1605,2026-05-18 17:17:24.098253,2026/05/18 17:17:24.265,1,NVIDIA A100-SXM-64GB,105.27,31892,100
1606,2026-05-18 17:17:24.098253,2026/05/18 17:17:24.270,2,NVIDIA A100-SXM-64GB,101.00,31912,100
1607,2026-05-18 17:17:24.098253,2026/05/18 17:17:24.327,3,NVIDIA A100-SXM-64GB,102.27,31868,100
1608,2026-05-18 17:17:29.453716,2026/05/18 17:17:29.651,0,NVIDIA A100-SXM-64GB,113.12,31964,77
1609,2026-05-18 17:17:29.453716,2026/05/18 17:17:29.654,1,NVIDIA A100-SXM-64GB,103.63,31892,82
1610,2026-05-18 17:17:29.453716,2026/05/18 17:17:29.656,2,NVIDIA A100-SXM-64GB,110.31,31912,79
1611,2026-05-18 17:17:29.453716,2026/05/18 17:17:29.716,3,NVIDIA A100-SXM-64GB,108.56,31868,79
1612,2026-05-18 17:17:34.790021,2026/05/18 17:17:34.966,0,NVIDIA A100-SXM-64GB,96.59,31964,100
1613,2026-05-18 17:17:34.790021,2026/05/18 17:17:34.969,1,NVIDIA A100-SXM-64GB,92.12,31892,100
1614,2026-05-18 17:17:34.790021,2026/05/18 17:17:34.972,2,NVIDIA A100-SXM-64GB,93.55,31912,100
1615,2026-05-18 17:17:34.790021,2026/05/18 17:17:35.019,3,NVIDIA A100-SXM-64GB,94.66,31868,100
1616,2026-05-18 17:17:40.145177,2026/05/18 17:17:40.326,0,NVIDIA A100-SXM-64GB,105.27,31964,100
1617,2026-05-18 17:17:40.145177,2026/05/18 17:17:40.329,1,NVIDIA A100-SXM-64GB,104.94,31892,100
1618,2026-05-18 17:17:40.145177,2026/05/18 17:17:40.337,2,NVIDIA A100-SXM-64GB,140.80,31912,100
1619,2026-05-18 17:17:40.145177,2026/05/18 17:17:40.389,3,NVIDIA A100-SXM-64GB,96.29,31868,100
1620,2026-05-18 17:17:45.511509,2026/05/18 17:17:45.689,0,NVIDIA A100-SXM-64GB,113.12,31964,100
1621,2026-05-18 17:17:45.511509,2026/05/18 17:17:45.692,1,NVIDIA A100-SXM-64GB,104.23,31892,100
1622,2026-05-18 17:17:45.511509,2026/05/18 17:17:45.701,2,NVIDIA A100-SXM-64GB,106.97,31912,100
1623,2026-05-18 17:17:45.511509,2026/05/18 17:17:45.768,3,NVIDIA A100-SXM-64GB,107.18,31868,100
1624,2026-05-18 17:17:50.892233,2026/05/18 17:17:51.068,0,NVIDIA A100-SXM-64GB,96.36,31964,100
1625,2026-05-18 17:17:50.892233,2026/05/18 17:17:51.070,1,NVIDIA A100-SXM-64GB,92.12,31892,100
1626,2026-05-18 17:17:50.892233,2026/05/18 17:17:51.073,2,NVIDIA A100-SXM-64GB,93.55,31912,100
1627,2026-05-18 17:17:50.892233,2026/05/18 17:17:51.138,3,NVIDIA A100-SXM-64GB,94.66,31868,100
1628,2026-05-18 17:17:56.223876,2026/05/18 17:17:56.406,0,NVIDIA A100-SXM-64GB,109.23,31964,100
1629,2026-05-18 17:17:56.223876,2026/05/18 17:17:56.409,1,NVIDIA A100-SXM-64GB,100.23,31892,100
1630,2026-05-18 17:17:56.223876,2026/05/18 17:17:56.460,2,NVIDIA A100-SXM-64GB,96.29,31912,100
1631,2026-05-18 17:17:56.223876,2026/05/18 17:17:56.463,3,NVIDIA A100-SXM-64GB,106.26,31868,100
1632,2026-05-18 17:18:01.591632,2026/05/18 17:18:01.766,0,NVIDIA A100-SXM-64GB,86.90,31964,0
1633,2026-05-18 17:18:01.591632,2026/05/18 17:18:01.768,1,NVIDIA A100-SXM-64GB,83.30,31892,0
1634,2026-05-18 17:18:01.591632,2026/05/18 17:18:01.773,2,NVIDIA A100-SXM-64GB,92.72,31912,100
1635,2026-05-18 17:18:01.591632,2026/05/18 17:18:01.823,3,NVIDIA A100-SXM-64GB,94.49,31868,100
1636,2026-05-18 17:18:06.968187,2026/05/18 17:18:07.144,0,NVIDIA A100-SXM-64GB,96.18,31964,100
1637,2026-05-18 17:18:06.968187,2026/05/18 17:18:07.147,1,NVIDIA A100-SXM-64GB,92.12,31892,100
1638,2026-05-18 17:18:06.968187,2026/05/18 17:18:07.150,2,NVIDIA A100-SXM-64GB,93.65,31912,100
1639,2026-05-18 17:18:06.968187,2026/05/18 17:18:07.202,3,NVIDIA A100-SXM-64GB,94.76,31868,100
1640,2026-05-18 17:18:12.323718,2026/05/18 17:18:12.504,0,NVIDIA A100-SXM-64GB,110.48,31964,100
1641,2026-05-18 17:18:12.323718,2026/05/18 17:18:12.507,1,NVIDIA A100-SXM-64GB,92.72,31892,100
1642,2026-05-18 17:18:12.323718,2026/05/18 17:18:12.510,2,NVIDIA A100-SXM-64GB,107.29,31912,100
1643,2026-05-18 17:18:12.323718,2026/05/18 17:18:12.570,3,NVIDIA A100-SXM-64GB,98.33,31868,100
1644,2026-05-18 17:18:17.693586,2026/05/18 17:18:17.922,0,NVIDIA A100-SXM-64GB,107.08,31964,100
1645,2026-05-18 17:18:17.693586,2026/05/18 17:18:17.925,1,NVIDIA A100-SXM-64GB,97.60,31892,100
1646,2026-05-18 17:18:17.693586,2026/05/18 17:18:17.940,2,NVIDIA A100-SXM-64GB,102.48,31912,100
1647,2026-05-18 17:18:17.693586,2026/05/18 17:18:18.004,3,NVIDIA A100-SXM-64GB,129.06,31868,100
1648,2026-05-18 17:18:23.130958,2026/05/18 17:18:23.327,0,NVIDIA A100-SXM-64GB,112.30,31964,100
1649,2026-05-18 17:18:23.130958,2026/05/18 17:18:23.331,1,NVIDIA A100-SXM-64GB,104.61,31892,100
1650,2026-05-18 17:18:23.130958,2026/05/18 17:18:23.337,2,NVIDIA A100-SXM-64GB,110.42,31912,100
1651,2026-05-18 17:18:23.130958,2026/05/18 17:18:23.454,3,NVIDIA A100-SXM-64GB,110.20,31868,100
1652,2026-05-18 17:18:28.596500,2026/05/18 17:18:28.772,0,NVIDIA A100-SXM-64GB,96.36,31964,100
1653,2026-05-18 17:18:28.596500,2026/05/18 17:18:28.795,1,NVIDIA A100-SXM-64GB,92.45,31892,100
1654,2026-05-18 17:18:28.596500,2026/05/18 17:18:28.798,2,NVIDIA A100-SXM-64GB,74.94,31912,0
1655,2026-05-18 17:18:28.596500,2026/05/18 17:18:28.870,3,NVIDIA A100-SXM-64GB,94.66,31868,100
1656,2026-05-18 17:18:33.995511,2026/05/18 17:18:34.169,0,NVIDIA A100-SXM-64GB,96.59,31964,100
1657,2026-05-18 17:18:33.995511,2026/05/18 17:18:34.219,1,NVIDIA A100-SXM-64GB,92.36,31892,100
1658,2026-05-18 17:18:33.995511,2026/05/18 17:18:34.222,2,NVIDIA A100-SXM-64GB,93.55,31912,100
1659,2026-05-18 17:18:33.995511,2026/05/18 17:18:34.259,3,NVIDIA A100-SXM-64GB,76.13,31868,0
1660,2026-05-18 17:18:39.370165,2026/05/18 17:18:39.560,0,NVIDIA A100-SXM-64GB,105.87,31964,100
1661,2026-05-18 17:18:39.370165,2026/05/18 17:18:39.563,1,NVIDIA A100-SXM-64GB,99.74,31892,100
1662,2026-05-18 17:18:39.370165,2026/05/18 17:18:39.576,2,NVIDIA A100-SXM-64GB,102.10,31912,100
1663,2026-05-18 17:18:39.370165,2026/05/18 17:18:39.635,3,NVIDIA A100-SXM-64GB,106.26,31868,100
1664,2026-05-18 17:18:44.741573,2026/05/18 17:18:44.925,0,NVIDIA A100-SXM-64GB,96.08,31964,100
1665,2026-05-18 17:18:44.741573,2026/05/18 17:18:44.928,1,NVIDIA A100-SXM-64GB,92.36,31892,100
1666,2026-05-18 17:18:44.741573,2026/05/18 17:18:44.930,2,NVIDIA A100-SXM-64GB,93.55,31912,100
1667,2026-05-18 17:18:44.741573,2026/05/18 17:18:44.987,3,NVIDIA A100-SXM-64GB,94.66,31868,100
1668,2026-05-18 17:18:50.066991,2026/05/18 17:18:50.243,0,NVIDIA A100-SXM-64GB,95.66,31964,100
1669,2026-05-18 17:18:50.066991,2026/05/18 17:18:50.247,1,NVIDIA A100-SXM-64GB,92.45,31892,100
1670,2026-05-18 17:18:50.066991,2026/05/18 17:18:50.293,2,NVIDIA A100-SXM-64GB,93.55,31912,100
1671,2026-05-18 17:18:50.066991,2026/05/18 17:18:50.295,3,NVIDIA A100-SXM-64GB,94.56,31868,100
1672,2026-05-18 17:18:55.442232,2026/05/18 17:18:55.628,0,NVIDIA A100-SXM-64GB,112.19,31964,100
1673,2026-05-18 17:18:55.442232,2026/05/18 17:18:55.631,1,NVIDIA A100-SXM-64GB,105.76,31892,94
1674,2026-05-18 17:18:55.442232,2026/05/18 17:18:55.663,2,NVIDIA A100-SXM-64GB,101.49,31912,100
1675,2026-05-18 17:18:55.442232,2026/05/18 17:18:55.671,3,NVIDIA A100-SXM-64GB,107.68,31868,100
1676,2026-05-18 17:19:00.842063,2026/05/18 17:19:00.997,0,NVIDIA A100-SXM-64GB,111.86,31964,50
1677,2026-05-18 17:19:00.842063,2026/05/18 17:19:01.033,1,NVIDIA A100-SXM-64GB,102.48,31892,96
1678,2026-05-18 17:19:00.842063,2026/05/18 17:19:01.036,2,NVIDIA A100-SXM-64GB,105.87,31912,91
1679,2026-05-18 17:19:00.842063,2026/05/18 17:19:01.086,3,NVIDIA A100-SXM-64GB,96.80,31868,83
1680,2026-05-18 17:19:06.181111,2026/05/18 17:19:06.361,0,NVIDIA A100-SXM-64GB,115.05,31964,100
1681,2026-05-18 17:19:06.181111,2026/05/18 17:19:06.364,1,NVIDIA A100-SXM-64GB,95.79,31892,100
1682,2026-05-18 17:19:06.181111,2026/05/18 17:19:06.435,2,NVIDIA A100-SXM-64GB,95.96,31912,100
1683,2026-05-18 17:19:06.181111,2026/05/18 17:19:06.439,3,NVIDIA A100-SXM-64GB,101.06,31868,100
1684,2026-05-18 17:19:11.600453,2026/05/18 17:19:11.777,0,NVIDIA A100-SXM-64GB,113.12,31964,100
1685,2026-05-18 17:19:11.600453,2026/05/18 17:19:11.780,1,NVIDIA A100-SXM-64GB,96.62,31892,100
1686,2026-05-18 17:19:11.600453,2026/05/18 17:19:11.816,2,NVIDIA A100-SXM-64GB,101.49,31912,100
1687,2026-05-18 17:19:11.600453,2026/05/18 17:19:11.819,3,NVIDIA A100-SXM-64GB,112.82,31868,100
1688,2026-05-18 17:19:16.981102,2026/05/18 17:19:17.153,0,NVIDIA A100-SXM-64GB,110.04,31964,100
1689,2026-05-18 17:19:16.981102,2026/05/18 17:19:17.156,1,NVIDIA A100-SXM-64GB,99.36,31892,100
1690,2026-05-18 17:19:16.981102,2026/05/18 17:19:17.203,2,NVIDIA A100-SXM-64GB,99.96,31912,100
1691,2026-05-18 17:19:16.981102,2026/05/18 17:19:17.206,3,NVIDIA A100-SXM-64GB,151.44,31868,100
1692,2026-05-18 17:19:22.334981,2026/05/18 17:19:22.503,0,NVIDIA A100-SXM-64GB,99.67,31964,100
1693,2026-05-18 17:19:22.334981,2026/05/18 17:19:22.506,1,NVIDIA A100-SXM-64GB,99.63,31892,100
1694,2026-05-18 17:19:22.334981,2026/05/18 17:19:22.551,2,NVIDIA A100-SXM-64GB,105.43,31912,100
1695,2026-05-18 17:19:22.334981,2026/05/18 17:19:22.553,3,NVIDIA A100-SXM-64GB,97.39,31868,100
1696,2026-05-18 17:19:27.696205,2026/05/18 17:19:27.871,0,NVIDIA A100-SXM-64GB,110.37,31964,100
1697,2026-05-18 17:19:27.696205,2026/05/18 17:19:27.873,1,NVIDIA A100-SXM-64GB,104.84,31892,100
1698,2026-05-18 17:19:27.696205,2026/05/18 17:19:27.933,2,NVIDIA A100-SXM-64GB,101.17,31912,100
1699,2026-05-18 17:19:27.696205,2026/05/18 17:19:27.936,3,NVIDIA A100-SXM-64GB,108.28,31868,100
1700,2026-05-18 17:19:33.065150,2026/05/18 17:19:33.250,0,NVIDIA A100-SXM-64GB,106.97,31964,100
1701,2026-05-18 17:19:33.065150,2026/05/18 17:19:33.284,1,NVIDIA A100-SXM-64GB,123.44,31892,100
1702,2026-05-18 17:19:33.065150,2026/05/18 17:19:33.286,2,NVIDIA A100-SXM-64GB,105.16,31912,100
1703,2026-05-18 17:19:33.065150,2026/05/18 17:19:33.333,3,NVIDIA A100-SXM-64GB,107.07,31868,100
1704,2026-05-18 17:19:38.415371,2026/05/18 17:19:38.599,0,NVIDIA A100-SXM-64GB,100.88,31964,100
1705,2026-05-18 17:19:38.415371,2026/05/18 17:19:38.631,1,NVIDIA A100-SXM-64GB,106.64,31892,100
1706,2026-05-18 17:19:38.415371,2026/05/18 17:19:38.709,2,NVIDIA A100-SXM-64GB,106.37,31912,100
1707,2026-05-18 17:19:38.415371,2026/05/18 17:19:38.798,3,NVIDIA A100-SXM-64GB,101.06,31868,100
1708,2026-05-18 17:19:43.911884,2026/05/18 17:19:44.070,0,NVIDIA A100-SXM-64GB,103.34,31964,97
1709,2026-05-18 17:19:43.911884,2026/05/18 17:19:44.073,1,NVIDIA A100-SXM-64GB,103.02,31892,95
1710,2026-05-18 17:19:43.911884,2026/05/18 17:19:44.138,2,NVIDIA A100-SXM-64GB,103.90,31912,96
1711,2026-05-18 17:19:43.911884,2026/05/18 17:19:44.141,3,NVIDIA A100-SXM-64GB,116.92,31868,100
1712,2026-05-18 17:19:49.263683,2026/05/18 17:19:49.433,0,NVIDIA A100-SXM-64GB,110.98,31964,100
1713,2026-05-18 17:19:49.263683,2026/05/18 17:19:49.436,1,NVIDIA A100-SXM-64GB,108.78,31892,100
1714,2026-05-18 17:19:49.263683,2026/05/18 17:19:49.440,2,NVIDIA A100-SXM-64GB,110.31,31912,100
1715,2026-05-18 17:19:49.263683,2026/05/18 17:19:49.492,3,NVIDIA A100-SXM-64GB,102.59,31868,100
1716,2026-05-18 17:19:54.589790,2026/05/18 17:19:54.770,0,NVIDIA A100-SXM-64GB,110.37,31964,100
1717,2026-05-18 17:19:54.589790,2026/05/18 17:19:54.773,1,NVIDIA A100-SXM-64GB,104.84,31892,100
1718,2026-05-18 17:19:54.589790,2026/05/18 17:19:54.784,2,NVIDIA A100-SXM-64GB,105.16,31912,100
1719,2026-05-18 17:19:54.589790,2026/05/18 17:19:54.805,3,NVIDIA A100-SXM-64GB,108.67,31868,100
1720,2026-05-18 17:19:59.973989,2026/05/18 17:20:00.146,0,NVIDIA A100-SXM-64GB,102.79,31964,100
1721,2026-05-18 17:19:59.973989,2026/05/18 17:20:00.149,1,NVIDIA A100-SXM-64GB,100.44,31892,100
1722,2026-05-18 17:19:59.973989,2026/05/18 17:20:00.219,2,NVIDIA A100-SXM-64GB,97.83,31912,100
1723,2026-05-18 17:19:59.973989,2026/05/18 17:20:00.222,3,NVIDIA A100-SXM-64GB,97.73,31868,100
1724,2026-05-18 17:20:05.383256,2026/05/18 17:20:05.554,0,NVIDIA A100-SXM-64GB,100.58,31964,100
1725,2026-05-18 17:20:05.383256,2026/05/18 17:20:05.557,1,NVIDIA A100-SXM-64GB,93.42,31892,100
1726,2026-05-18 17:20:05.383256,2026/05/18 17:20:05.561,2,NVIDIA A100-SXM-64GB,98.03,31912,100
1727,2026-05-18 17:20:05.383256,2026/05/18 17:20:05.618,3,NVIDIA A100-SXM-64GB,108.17,31868,100
1728,2026-05-18 17:20:10.730309,2026/05/18 17:20:10.913,0,NVIDIA A100-SXM-64GB,109.67,31964,100
1729,2026-05-18 17:20:10.730309,2026/05/18 17:20:10.919,1,NVIDIA A100-SXM-64GB,114.43,31892,96
1730,2026-05-18 17:20:10.730309,2026/05/18 17:20:10.923,2,NVIDIA A100-SXM-64GB,106.48,31912,100
1731,2026-05-18 17:20:10.730309,2026/05/18 17:20:10.944,3,NVIDIA A100-SXM-64GB,106.64,31868,100
1732,2026-05-18 17:20:16.099840,2026/05/18 17:20:16.281,0,NVIDIA A100-SXM-64GB,105.38,31964,100
1733,2026-05-18 17:20:16.099840,2026/05/18 17:20:16.321,1,NVIDIA A100-SXM-64GB,105.54,31892,100
1734,2026-05-18 17:20:16.099840,2026/05/18 17:20:16.324,2,NVIDIA A100-SXM-64GB,123.84,31912,100
1735,2026-05-18 17:20:16.099840,2026/05/18 17:20:16.376,3,NVIDIA A100-SXM-64GB,106.64,31868,100
1736,2026-05-18 17:20:21.518513,2026/05/18 17:20:21.698,0,NVIDIA A100-SXM-64GB,104.33,31964,100
1737,2026-05-18 17:20:21.518513,2026/05/18 17:20:21.720,1,NVIDIA A100-SXM-64GB,100.34,31892,100
1738,2026-05-18 17:20:21.518513,2026/05/18 17:20:21.722,2,NVIDIA A100-SXM-64GB,107.40,31912,100
1739,2026-05-18 17:20:21.518513,2026/05/18 17:20:21.772,3,NVIDIA A100-SXM-64GB,109.26,31868,100
1740,2026-05-18 17:20:26.854524,2026/05/18 17:20:27.026,0,NVIDIA A100-SXM-64GB,103.45,31964,100
1741,2026-05-18 17:20:26.854524,2026/05/18 17:20:27.077,1,NVIDIA A100-SXM-64GB,95.19,31892,100
1742,2026-05-18 17:20:26.854524,2026/05/18 17:20:27.079,2,NVIDIA A100-SXM-64GB,112.44,31912,100
1743,2026-05-18 17:20:26.854524,2026/05/18 17:20:27.126,3,NVIDIA A100-SXM-64GB,96.90,31868,100
1744,2026-05-18 17:20:32.212377,2026/05/18 17:20:32.399,0,NVIDIA A100-SXM-64GB,109.55,31964,100
1745,2026-05-18 17:20:32.212377,2026/05/18 17:20:32.402,1,NVIDIA A100-SXM-64GB,101.60,31892,100
1746,2026-05-18 17:20:32.212377,2026/05/18 17:20:32.409,2,NVIDIA A100-SXM-64GB,101.17,31912,100
1747,2026-05-18 17:20:32.212377,2026/05/18 17:20:32.468,3,NVIDIA A100-SXM-64GB,105.93,31868,100
1748,2026-05-18 17:20:37.554375,2026/05/18 17:20:37.717,0,NVIDIA A100-SXM-64GB,112.42,31964,100
1749,2026-05-18 17:20:37.554375,2026/05/18 17:20:37.720,1,NVIDIA A100-SXM-64GB,102.31,31892,99
1750,2026-05-18 17:20:37.554375,2026/05/18 17:20:37.784,2,NVIDIA A100-SXM-64GB,102.58,31912,100
1751,2026-05-18 17:20:37.554375,2026/05/18 17:20:37.789,3,NVIDIA A100-SXM-64GB,106.48,31868,100
1752,2026-05-18 17:20:42.900325,2026/05/18 17:20:43.072,0,NVIDIA A100-SXM-64GB,118.01,31964,100
1753,2026-05-18 17:20:42.900325,2026/05/18 17:20:43.075,1,NVIDIA A100-SXM-64GB,102.80,31892,100
1754,2026-05-18 17:20:42.900325,2026/05/18 17:20:43.078,2,NVIDIA A100-SXM-64GB,108.50,31912,100
1755,2026-05-18 17:20:42.900325,2026/05/18 17:20:43.153,3,NVIDIA A100-SXM-64GB,100.46,31868,100
1756,2026-05-18 17:20:48.259218,2026/05/18 17:20:48.432,0,NVIDIA A100-SXM-64GB,116.14,31964,100
1757,2026-05-18 17:20:48.259218,2026/05/18 17:20:48.481,1,NVIDIA A100-SXM-64GB,97.32,31892,100
1758,2026-05-18 17:20:48.259218,2026/05/18 17:20:48.484,2,NVIDIA A100-SXM-64GB,103.02,31912,100
1759,2026-05-18 17:20:48.259218,2026/05/18 17:20:48.491,3,NVIDIA A100-SXM-64GB,105.05,31868,100
1760,2026-05-18 17:20:53.635832,2026/05/18 17:20:53.799,0,NVIDIA A100-SXM-64GB,91.28,31964,76
1761,2026-05-18 17:20:53.635832,2026/05/18 17:20:53.831,1,NVIDIA A100-SXM-64GB,94.26,31892,100
1762,2026-05-18 17:20:53.635832,2026/05/18 17:20:53.834,2,NVIDIA A100-SXM-64GB,96.29,31912,82
1763,2026-05-18 17:20:53.635832,2026/05/18 17:20:53.846,3,NVIDIA A100-SXM-64GB,98.33,31868,80
1764,2026-05-18 17:20:58.961596,2026/05/18 17:20:59.139,0,NVIDIA A100-SXM-64GB,108.73,31964,100
1765,2026-05-18 17:20:58.961596,2026/05/18 17:20:59.142,1,NVIDIA A100-SXM-64GB,112.40,31892,100
1766,2026-05-18 17:20:58.961596,2026/05/18 17:20:59.211,2,NVIDIA A100-SXM-64GB,102.80,31912,100
1767,2026-05-18 17:20:58.961596,2026/05/18 17:20:59.253,3,NVIDIA A100-SXM-64GB,105.43,31868,100
1768,2026-05-18 17:21:04.344385,2026/05/18 17:21:04.518,0,NVIDIA A100-SXM-64GB,107.41,31964,100
1769,2026-05-18 17:21:04.344385,2026/05/18 17:21:04.521,1,NVIDIA A100-SXM-64GB,106.37,31892,100
1770,2026-05-18 17:21:04.344385,2026/05/18 17:21:04.596,2,NVIDIA A100-SXM-64GB,103.02,31912,100
1771,2026-05-18 17:21:04.344385,2026/05/18 17:21:04.605,3,NVIDIA A100-SXM-64GB,103.52,31868,100
1772,2026-05-18 17:21:09.736896,2026/05/18 17:21:09.895,0,NVIDIA A100-SXM-64GB,101.31,31964,100
1773,2026-05-18 17:21:09.736896,2026/05/18 17:21:09.898,1,NVIDIA A100-SXM-64GB,105.87,31892,100
1774,2026-05-18 17:21:09.736896,2026/05/18 17:21:09.910,2,NVIDIA A100-SXM-64GB,95.19,31912,100
1775,2026-05-18 17:21:09.736896,2026/05/18 17:21:09.973,3,NVIDIA A100-SXM-64GB,106.53,31868,100
1776,2026-05-18 17:21:15.094645,2026/05/18 17:21:15.281,0,NVIDIA A100-SXM-64GB,103.95,31964,100
1777,2026-05-18 17:21:15.094645,2026/05/18 17:21:15.310,1,NVIDIA A100-SXM-64GB,103.90,31892,100
1778,2026-05-18 17:21:15.094645,2026/05/18 17:21:15.313,2,NVIDIA A100-SXM-64GB,106.37,31912,100
1779,2026-05-18 17:21:15.094645,2026/05/18 17:21:15.325,3,NVIDIA A100-SXM-64GB,103.80,31868,100
1780,2026-05-18 17:21:20.540217,2026/05/18 17:21:20.718,0,NVIDIA A100-SXM-64GB,110.48,31964,97
1781,2026-05-18 17:21:20.540217,2026/05/18 17:21:20.722,1,NVIDIA A100-SXM-64GB,104.34,31892,83
1782,2026-05-18 17:21:20.540217,2026/05/18 17:21:20.760,2,NVIDIA A100-SXM-64GB,107.90,31912,71
1783,2026-05-18 17:21:20.540217,2026/05/18 17:21:20.813,3,NVIDIA A100-SXM-64GB,108.39,31868,83
1784,2026-05-18 17:21:25.923343,2026/05/18 17:21:26.092,0,NVIDIA A100-SXM-64GB,112.30,31964,100
1785,2026-05-18 17:21:25.923343,2026/05/18 17:21:26.134,1,NVIDIA A100-SXM-64GB,103.74,31892,100
1786,2026-05-18 17:21:25.923343,2026/05/18 17:21:26.137,2,NVIDIA A100-SXM-64GB,106.64,31912,100
1787,2026-05-18 17:21:25.923343,2026/05/18 17:21:26.182,3,NVIDIA A100-SXM-64GB,105.93,31868,100
1788,2026-05-18 17:21:31.306056,2026/05/18 17:21:31.470,0,NVIDIA A100-SXM-64GB,104.93,31964,100
1789,2026-05-18 17:21:31.306056,2026/05/18 17:21:31.473,1,NVIDIA A100-SXM-64GB,105.54,31892,100
1790,2026-05-18 17:21:31.306056,2026/05/18 17:21:31.481,2,NVIDIA A100-SXM-64GB,107.57,31912,100
1791,2026-05-18 17:21:31.306056,2026/05/18 17:21:31.544,3,NVIDIA A100-SXM-64GB,106.86,31868,100
1792,2026-05-18 17:21:36.622716,2026/05/18 17:21:36.790,0,NVIDIA A100-SXM-64GB,97.29,31964,100
1793,2026-05-18 17:21:36.622716,2026/05/18 17:21:36.793,1,NVIDIA A100-SXM-64GB,94.58,31892,100
1794,2026-05-18 17:21:36.622716,2026/05/18 17:21:36.853,2,NVIDIA A100-SXM-64GB,109.38,31912,100
1795,2026-05-18 17:21:36.622716,2026/05/18 17:21:36.856,3,NVIDIA A100-SXM-64GB,95.00,31868,100
1796,2026-05-18 17:21:41.981707,2026/05/18 17:21:42.151,0,NVIDIA A100-SXM-64GB,111.37,31964,100
1797,2026-05-18 17:21:41.981707,2026/05/18 17:21:42.154,1,NVIDIA A100-SXM-64GB,105.87,31892,100
1798,2026-05-18 17:21:41.981707,2026/05/18 17:21:42.225,2,NVIDIA A100-SXM-64GB,106.64,31912,100
1799,2026-05-18 17:21:41.981707,2026/05/18 17:21:42.227,3,NVIDIA A100-SXM-64GB,111.12,31868,100
1800,2026-05-18 17:21:47.314072,2026/05/18 17:21:47.484,0,NVIDIA A100-SXM-64GB,111.37,31964,100
1801,2026-05-18 17:21:47.314072,2026/05/18 17:21:47.512,1,NVIDIA A100-SXM-64GB,104.94,31892,100
1802,2026-05-18 17:21:47.314072,2026/05/18 17:21:47.515,2,NVIDIA A100-SXM-64GB,114.91,31912,100
1803,2026-05-18 17:21:47.314072,2026/05/18 17:21:47.556,3,NVIDIA A100-SXM-64GB,104.50,31868,100
1804,2026-05-18 17:21:52.664668,2026/05/18 17:21:52.838,0,NVIDIA A100-SXM-64GB,113.51,31964,100
1805,2026-05-18 17:21:52.664668,2026/05/18 17:21:52.841,1,NVIDIA A100-SXM-64GB,96.82,31892,100
1806,2026-05-18 17:21:52.664668,2026/05/18 17:21:52.844,2,NVIDIA A100-SXM-64GB,133.00,31912,100
1807,2026-05-18 17:21:52.664668,2026/05/18 17:21:52.868,3,NVIDIA A100-SXM-64GB,97.50,31868,100
1808,2026-05-18 17:21:57.991998,2026/05/18 17:21:58.159,0,NVIDIA A100-SXM-64GB,103.84,31964,100
1809,2026-05-18 17:21:57.991998,2026/05/18 17:21:58.162,1,NVIDIA A100-SXM-64GB,105.38,31892,100
1810,2026-05-18 17:21:57.991998,2026/05/18 17:21:58.166,2,NVIDIA A100-SXM-64GB,101.27,31912,100
1811,2026-05-18 17:21:57.991998,2026/05/18 17:21:58.221,3,NVIDIA A100-SXM-64GB,105.76,31868,100
1812,2026-05-18 17:22:03.319344,2026/05/18 17:22:03.487,0,NVIDIA A100-SXM-64GB,103.12,31964,100
1813,2026-05-18 17:22:03.319344,2026/05/18 17:22:03.490,1,NVIDIA A100-SXM-64GB,106.64,31892,100
1814,2026-05-18 17:22:03.319344,2026/05/18 17:22:03.499,2,NVIDIA A100-SXM-64GB,100.57,31912,100
1815,2026-05-18 17:22:03.319344,2026/05/18 17:22:03.550,3,NVIDIA A100-SXM-64GB,105.65,31868,100
1816,2026-05-18 17:22:08.632749,2026/05/18 17:22:08.799,0,NVIDIA A100-SXM-64GB,111.25,31964,100
1817,2026-05-18 17:22:08.632749,2026/05/18 17:22:08.802,1,NVIDIA A100-SXM-64GB,120.71,31892,100
1818,2026-05-18 17:22:08.632749,2026/05/18 17:22:08.804,2,NVIDIA A100-SXM-64GB,102.10,31912,100
1819,2026-05-18 17:22:08.632749,2026/05/18 17:22:08.867,3,NVIDIA A100-SXM-64GB,104.12,31868,100
1820,2026-05-18 17:22:13.945361,2026/05/18 17:22:14.123,0,NVIDIA A100-SXM-64GB,111.25,31964,100
1821,2026-05-18 17:22:13.945361,2026/05/18 17:22:14.126,1,NVIDIA A100-SXM-64GB,109.11,31892,99
1822,2026-05-18 17:22:13.945361,2026/05/18 17:22:14.131,2,NVIDIA A100-SXM-64GB,107.68,31912,100
1823,2026-05-18 17:22:13.945361,2026/05/18 17:22:14.199,3,NVIDIA A100-SXM-64GB,100.89,31868,95
1824,2026-05-18 17:22:19.312677,2026/05/18 17:22:19.474,0,NVIDIA A100-SXM-64GB,101.31,31964,100
1825,2026-05-18 17:22:19.312677,2026/05/18 17:22:19.478,1,NVIDIA A100-SXM-64GB,120.05,31892,100
1826,2026-05-18 17:22:19.312677,2026/05/18 17:22:19.524,2,NVIDIA A100-SXM-64GB,94.49,31912,100
1827,2026-05-18 17:22:19.312677,2026/05/18 17:22:19.527,3,NVIDIA A100-SXM-64GB,104.73,31868,100
1828,2026-05-18 17:22:24.685928,2026/05/18 17:22:24.853,0,NVIDIA A100-SXM-64GB,95.76,31964,100
1829,2026-05-18 17:22:24.685928,2026/05/18 17:22:24.856,1,NVIDIA A100-SXM-64GB,92.12,31892,100
1830,2026-05-18 17:22:24.685928,2026/05/18 17:22:24.858,2,NVIDIA A100-SXM-64GB,93.65,31912,100
1831,2026-05-18 17:22:24.685928,2026/05/18 17:22:24.917,3,NVIDIA A100-SXM-64GB,94.66,31868,100
1832,2026-05-18 17:22:30.005480,2026/05/18 17:22:30.167,0,NVIDIA A100-SXM-64GB,95.66,31964,100
1833,2026-05-18 17:22:30.005480,2026/05/18 17:22:30.170,1,NVIDIA A100-SXM-64GB,92.02,31892,100
1834,2026-05-18 17:22:30.005480,2026/05/18 17:22:30.174,2,NVIDIA A100-SXM-64GB,93.55,31912,100
1835,2026-05-18 17:22:30.005480,2026/05/18 17:22:30.229,3,NVIDIA A100-SXM-64GB,94.39,31868,100
1836,2026-05-18 17:22:35.360391,2026/05/18 17:22:35.524,0,NVIDIA A100-SXM-64GB,110.15,31964,100
1837,2026-05-18 17:22:35.360391,2026/05/18 17:22:35.527,1,NVIDIA A100-SXM-64GB,115.62,31892,100
1838,2026-05-18 17:22:35.360391,2026/05/18 17:22:35.532,2,NVIDIA A100-SXM-64GB,106.04,31912,100
1839,2026-05-18 17:22:35.360391,2026/05/18 17:22:35.557,3,NVIDIA A100-SXM-64GB,128.46,31868,100
1840,2026-05-18 17:22:40.674591,2026/05/18 17:22:40.832,0,NVIDIA A100-SXM-64GB,95.86,31964,100
1841,2026-05-18 17:22:40.674591,2026/05/18 17:22:40.835,1,NVIDIA A100-SXM-64GB,91.94,31892,100
1842,2026-05-18 17:22:40.674591,2026/05/18 17:22:40.839,2,NVIDIA A100-SXM-64GB,93.42,31912,100
1843,2026-05-18 17:22:40.674591,2026/05/18 17:22:40.890,3,NVIDIA A100-SXM-64GB,94.49,31868,100
1844,2026-05-18 17:22:45.996289,2026/05/18 17:22:46.172,0,NVIDIA A100-SXM-64GB,124.83,31964,100
1845,2026-05-18 17:22:45.996289,2026/05/18 17:22:46.175,1,NVIDIA A100-SXM-64GB,108.61,31892,100
1846,2026-05-18 17:22:45.996289,2026/05/18 17:22:46.182,2,NVIDIA A100-SXM-64GB,118.04,31912,100
1847,2026-05-18 17:22:45.996289,2026/05/18 17:22:46.232,3,NVIDIA A100-SXM-64GB,108.50,31868,100
1848,2026-05-18 17:22:51.331761,2026/05/18 17:22:51.508,0,NVIDIA A100-SXM-64GB,108.02,31964,98
1849,2026-05-18 17:22:51.331761,2026/05/18 17:22:51.511,1,NVIDIA A100-SXM-64GB,106.64,31892,95
1850,2026-05-18 17:22:51.331761,2026/05/18 17:22:51.522,2,NVIDIA A100-SXM-64GB,101.87,31912,100
1851,2026-05-18 17:22:51.331761,2026/05/18 17:22:51.582,3,NVIDIA A100-SXM-64GB,106.86,31868,100
1852,2026-05-18 17:22:56.706002,2026/05/18 17:22:56.867,0,NVIDIA A100-SXM-64GB,95.76,31964,100
1853,2026-05-18 17:22:56.706002,2026/05/18 17:22:56.870,1,NVIDIA A100-SXM-64GB,92.12,31892,100
1854,2026-05-18 17:22:56.706002,2026/05/18 17:22:56.872,2,NVIDIA A100-SXM-64GB,93.55,31912,100
1855,2026-05-18 17:22:56.706002,2026/05/18 17:22:56.882,3,NVIDIA A100-SXM-64GB,94.39,31868,100
1856,2026-05-18 17:23:02.006052,2026/05/18 17:23:02.173,0,NVIDIA A100-SXM-64GB,113.84,31964,100
1857,2026-05-18 17:23:02.006052,2026/05/18 17:23:02.176,1,NVIDIA A100-SXM-64GB,118.24,31892,100
1858,2026-05-18 17:23:02.006052,2026/05/18 17:23:02.219,2,NVIDIA A100-SXM-64GB,98.75,31912,100
1859,2026-05-18 17:23:02.006052,2026/05/18 17:23:02.222,3,NVIDIA A100-SXM-64GB,107.46,31868,100
1860,2026-05-18 17:23:07.326344,2026/05/18 17:23:07.495,0,NVIDIA A100-SXM-64GB,96.36,31964,100
1861,2026-05-18 17:23:07.326344,2026/05/18 17:23:07.498,1,NVIDIA A100-SXM-64GB,92.12,31892,100
1862,2026-05-18 17:23:07.326344,2026/05/18 17:23:07.501,2,NVIDIA A100-SXM-64GB,93.55,31912,100
1863,2026-05-18 17:23:07.326344,2026/05/18 17:23:07.519,3,NVIDIA A100-SXM-64GB,94.66,31868,100
1864,2026-05-18 17:23:12.670941,2026/05/18 17:23:12.837,0,NVIDIA A100-SXM-64GB,110.04,31964,100
1865,2026-05-18 17:23:12.670941,2026/05/18 17:23:12.840,1,NVIDIA A100-SXM-64GB,109.38,31892,100
1866,2026-05-18 17:23:12.670941,2026/05/18 17:23:12.847,2,NVIDIA A100-SXM-64GB,96.62,31912,100
1867,2026-05-18 17:23:12.670941,2026/05/18 17:23:12.905,3,NVIDIA A100-SXM-64GB,107.79,31868,100
1868,2026-05-18 17:23:18.000750,2026/05/18 17:23:18.166,0,NVIDIA A100-SXM-64GB,99.43,31964,100
1869,2026-05-18 17:23:18.000750,2026/05/18 17:23:18.169,1,NVIDIA A100-SXM-64GB,100.67,31892,100
1870,2026-05-18 17:23:18.000750,2026/05/18 17:23:18.182,2,NVIDIA A100-SXM-64GB,104.01,31912,100
1871,2026-05-18 17:23:18.000750,2026/05/18 17:23:18.238,3,NVIDIA A100-SXM-64GB,102.59,31868,100
1872,2026-05-18 17:23:23.364246,2026/05/18 17:23:23.520,0,NVIDIA A100-SXM-64GB,95.76,31964,100
1873,2026-05-18 17:23:23.364246,2026/05/18 17:23:23.523,1,NVIDIA A100-SXM-64GB,92.45,31892,100
1874,2026-05-18 17:23:23.364246,2026/05/18 17:23:23.579,2,NVIDIA A100-SXM-64GB,93.65,31912,100
1875,2026-05-18 17:23:23.364246,2026/05/18 17:23:23.582,3,NVIDIA A100-SXM-64GB,76.21,31868,0
1876,2026-05-18 17:23:28.714845,2026/05/18 17:23:28.901,0,NVIDIA A100-SXM-64GB,107.62,31964,100
1877,2026-05-18 17:23:28.714845,2026/05/18 17:23:28.903,1,NVIDIA A100-SXM-64GB,117.44,31892,100
1878,2026-05-18 17:23:28.714845,2026/05/18 17:23:28.954,2,NVIDIA A100-SXM-64GB,101.76,31912,100
1879,2026-05-18 17:23:28.714845,2026/05/18 17:23:28.966,3,NVIDIA A100-SXM-64GB,143.12,31868,100
1880,2026-05-18 17:23:34.113803,2026/05/18 17:23:34.279,0,NVIDIA A100-SXM-64GB,103.12,31964,100
1881,2026-05-18 17:23:34.113803,2026/05/18 17:23:34.282,1,NVIDIA A100-SXM-64GB,92.72,31892,100
1882,2026-05-18 17:23:34.113803,2026/05/18 17:23:34.284,2,NVIDIA A100-SXM-64GB,96.29,31912,100
1883,2026-05-18 17:23:34.113803,2026/05/18 17:23:34.305,3,NVIDIA A100-SXM-64GB,95.59,31868,100
1884,2026-05-18 17:23:39.436742,2026/05/18 17:23:39.607,0,NVIDIA A100-SXM-64GB,104.33,31964,100
1885,2026-05-18 17:23:39.436742,2026/05/18 17:23:39.610,1,NVIDIA A100-SXM-64GB,106.15,31892,100
1886,2026-05-18 17:23:39.436742,2026/05/18 17:23:39.658,2,NVIDIA A100-SXM-64GB,112.17,31912,100
1887,2026-05-18 17:23:39.436742,2026/05/18 17:23:39.661,3,NVIDIA A100-SXM-64GB,107.18,31868,100
1888,2026-05-18 17:23:44.767338,2026/05/18 17:23:44.919,0,NVIDIA A100-SXM-64GB,191.70,31964,100
1889,2026-05-18 17:23:44.767338,2026/05/18 17:23:44.924,1,NVIDIA A100-SXM-64GB,93.42,31892,97
1890,2026-05-18 17:23:44.767338,2026/05/18 17:23:44.983,2,NVIDIA A100-SXM-64GB,97.93,31912,100
1891,2026-05-18 17:23:44.767338,2026/05/18 17:23:44.988,3,NVIDIA A100-SXM-64GB,108.50,31868,100
1892,2026-05-18 17:23:50.093800,2026/05/18 17:23:50.255,0,NVIDIA A100-SXM-64GB,95.48,31964,100
1893,2026-05-18 17:23:50.093800,2026/05/18 17:23:50.258,1,NVIDIA A100-SXM-64GB,92.45,31892,100
1894,2026-05-18 17:23:50.093800,2026/05/18 17:23:50.261,2,NVIDIA A100-SXM-64GB,93.55,31912,100
1895,2026-05-18 17:23:50.093800,2026/05/18 17:23:50.312,3,NVIDIA A100-SXM-64GB,94.66,31868,100
1896,2026-05-18 17:23:55.439029,2026/05/18 17:23:55.615,0,NVIDIA A100-SXM-64GB,109.83,31964,100
1897,2026-05-18 17:23:55.439029,2026/05/18 17:23:55.619,1,NVIDIA A100-SXM-64GB,102.58,31892,100
1898,2026-05-18 17:23:55.439029,2026/05/18 17:23:55.628,2,NVIDIA A100-SXM-64GB,104.94,31912,100
1899,2026-05-18 17:23:55.439029,2026/05/18 17:23:55.703,3,NVIDIA A100-SXM-64GB,110.31,31868,100
1900,2026-05-18 17:24:00.835266,2026/05/18 17:24:00.997,0,NVIDIA A100-SXM-64GB,95.86,31964,100
1901,2026-05-18 17:24:00.835266,2026/05/18 17:24:01.045,1,NVIDIA A100-SXM-64GB,92.21,31892,100
1902,2026-05-18 17:24:00.835266,2026/05/18 17:24:01.047,2,NVIDIA A100-SXM-64GB,84.86,31912,0
1903,2026-05-18 17:24:00.835266,2026/05/18 17:24:01.062,3,NVIDIA A100-SXM-64GB,94.76,31868,100
1904,2026-05-18 17:24:06.191980,2026/05/18 17:24:06.362,0,NVIDIA A100-SXM-64GB,105.70,31964,100
1905,2026-05-18 17:24:06.191980,2026/05/18 17:24:06.409,1,NVIDIA A100-SXM-64GB,106.48,31892,100
1906,2026-05-18 17:24:06.191980,2026/05/18 17:24:06.412,2,NVIDIA A100-SXM-64GB,106.48,31912,100
1907,2026-05-18 17:24:06.191980,2026/05/18 17:24:06.469,3,NVIDIA A100-SXM-64GB,102.37,31868,100
1908,2026-05-18 17:24:11.613059,2026/05/18 17:24:11.773,0,NVIDIA A100-SXM-64GB,111.09,31964,100
1909,2026-05-18 17:24:11.613059,2026/05/18 17:24:11.776,1,NVIDIA A100-SXM-64GB,106.48,31892,95
1910,2026-05-18 17:24:11.613059,2026/05/18 17:24:11.779,2,NVIDIA A100-SXM-64GB,101.60,31912,100
1911,2026-05-18 17:24:11.613059,2026/05/18 17:24:11.849,3,NVIDIA A100-SXM-64GB,104.73,31868,100
1912,2026-05-18 17:24:16.970931,2026/05/18 17:24:17.135,0,NVIDIA A100-SXM-64GB,96.36,31964,100
1913,2026-05-18 17:24:16.970931,2026/05/18 17:24:17.138,1,NVIDIA A100-SXM-64GB,92.45,31892,100
1914,2026-05-18 17:24:16.970931,2026/05/18 17:24:17.140,2,NVIDIA A100-SXM-64GB,93.55,31912,100
1915,2026-05-18 17:24:16.970931,2026/05/18 17:24:17.193,3,NVIDIA A100-SXM-64GB,94.66,31868,100
1916,2026-05-18 17:24:22.278040,2026/05/18 17:24:22.446,0,NVIDIA A100-SXM-64GB,101.58,31964,100
1917,2026-05-18 17:24:22.278040,2026/05/18 17:24:22.449,1,NVIDIA A100-SXM-64GB,101.27,31892,100
1918,2026-05-18 17:24:22.278040,2026/05/18 17:24:22.481,2,NVIDIA A100-SXM-64GB,103.74,31912,100
1919,2026-05-18 17:24:22.278040,2026/05/18 17:24:22.484,3,NVIDIA A100-SXM-64GB,97.12,31868,100
1920,2026-05-18 17:24:27.613380,2026/05/18 17:24:27.774,0,NVIDIA A100-SXM-64GB,107.08,31964,100
1921,2026-05-18 17:24:27.613380,2026/05/18 17:24:27.777,1,NVIDIA A100-SXM-64GB,107.19,31892,100
1922,2026-05-18 17:24:27.613380,2026/05/18 17:24:27.824,2,NVIDIA A100-SXM-64GB,104.34,31912,100
1923,2026-05-18 17:24:27.613380,2026/05/18 17:24:27.827,3,NVIDIA A100-SXM-64GB,110.31,31868,100
1924,2026-05-18 17:24:32.950105,2026/05/18 17:24:33.118,0,NVIDIA A100-SXM-64GB,117.53,31964,100
1925,2026-05-18 17:24:32.950105,2026/05/18 17:24:33.121,1,NVIDIA A100-SXM-64GB,103.13,31892,100
1926,2026-05-18 17:24:32.950105,2026/05/18 17:24:33.124,2,NVIDIA A100-SXM-64GB,142.60,31912,100
1927,2026-05-18 17:24:32.950105,2026/05/18 17:24:33.179,3,NVIDIA A100-SXM-64GB,106.26,31868,100
1928,2026-05-18 17:24:38.295363,2026/05/18 17:24:38.479,0,NVIDIA A100-SXM-64GB,110.37,31964,100
1929,2026-05-18 17:24:38.295363,2026/05/18 17:24:38.482,1,NVIDIA A100-SXM-64GB,102.20,31892,100
1930,2026-05-18 17:24:38.295363,2026/05/18 17:24:38.523,2,NVIDIA A100-SXM-64GB,112.44,31912,100
1931,2026-05-18 17:24:38.295363,2026/05/18 17:24:38.526,3,NVIDIA A100-SXM-64GB,145.10,31868,100
1932,2026-05-18 17:24:43.655017,2026/05/18 17:24:43.820,0,NVIDIA A100-SXM-64GB,115.38,31964,98
1933,2026-05-18 17:24:43.655017,2026/05/18 17:24:43.823,1,NVIDIA A100-SXM-64GB,97.60,31892,78
1934,2026-05-18 17:24:43.655017,2026/05/18 17:24:43.862,2,NVIDIA A100-SXM-64GB,115.62,31912,82
1935,2026-05-18 17:24:43.655017,2026/05/18 17:24:43.865,3,NVIDIA A100-SXM-64GB,113.53,31868,83
1936,2026-05-18 17:24:48.963490,2026/05/18 17:24:49.129,0,NVIDIA A100-SXM-64GB,140.17,31964,100
1937,2026-05-18 17:24:48.963490,2026/05/18 17:24:49.132,1,NVIDIA A100-SXM-64GB,98.63,31892,100
1938,2026-05-18 17:24:48.963490,2026/05/18 17:24:49.171,2,NVIDIA A100-SXM-64GB,100.06,31912,100
1939,2026-05-18 17:24:48.963490,2026/05/18 17:24:49.174,3,NVIDIA A100-SXM-64GB,107.46,31868,100
1940,2026-05-18 17:24:54.327034,2026/05/18 17:24:54.487,0,NVIDIA A100-SXM-64GB,102.08,31964,100
1941,2026-05-18 17:24:54.327034,2026/05/18 17:24:54.490,1,NVIDIA A100-SXM-64GB,94.86,31892,100
1942,2026-05-18 17:24:54.327034,2026/05/18 17:24:54.494,2,NVIDIA A100-SXM-64GB,118.24,31912,100
1943,2026-05-18 17:24:54.327034,2026/05/18 17:24:54.552,3,NVIDIA A100-SXM-64GB,104.39,31868,100
1944,2026-05-18 17:24:59.699902,2026/05/18 17:24:59.871,0,NVIDIA A100-SXM-64GB,96.59,31964,100
1945,2026-05-18 17:24:59.699902,2026/05/18 17:24:59.874,1,NVIDIA A100-SXM-64GB,95.79,31892,100
1946,2026-05-18 17:24:59.699902,2026/05/18 17:24:59.921,2,NVIDIA A100-SXM-64GB,94.49,31912,100
1947,2026-05-18 17:24:59.699902,2026/05/18 17:24:59.958,3,NVIDIA A100-SXM-64GB,112.05,31868,100
1948,2026-05-18 17:25:05.092184,2026/05/18 17:25:05.270,0,NVIDIA A100-SXM-64GB,104.66,31964,100
1949,2026-05-18 17:25:05.092184,2026/05/18 17:25:05.273,1,NVIDIA A100-SXM-64GB,143.54,31892,100
1950,2026-05-18 17:25:05.092184,2026/05/18 17:25:05.333,2,NVIDIA A100-SXM-64GB,100.57,31912,100
1951,2026-05-18 17:25:05.092184,2026/05/18 17:25:05.339,3,NVIDIA A100-SXM-64GB,96.19,31868,100
1952,2026-05-18 17:25:10.470775,2026/05/18 17:25:10.628,0,NVIDIA A100-SXM-64GB,113.72,31964,96
1953,2026-05-18 17:25:10.470775,2026/05/18 17:25:10.631,1,NVIDIA A100-SXM-64GB,103.63,31892,99
1954,2026-05-18 17:25:10.470775,2026/05/18 17:25:10.666,2,NVIDIA A100-SXM-64GB,108.50,31912,89
1955,2026-05-18 17:25:10.470775,2026/05/18 17:25:10.669,3,NVIDIA A100-SXM-64GB,103.52,31868,100
1956,2026-05-18 17:25:15.792202,2026/05/18 17:25:15.954,0,NVIDIA A100-SXM-64GB,103.95,31964,100
1957,2026-05-18 17:25:15.792202,2026/05/18 17:25:15.957,1,NVIDIA A100-SXM-64GB,97.32,31892,100
1958,2026-05-18 17:25:15.792202,2026/05/18 17:25:15.993,2,NVIDIA A100-SXM-64GB,101.49,31912,100
1959,2026-05-18 17:25:15.792202,2026/05/18 17:25:15.996,3,NVIDIA A100-SXM-64GB,108.39,31868,100
1960,2026-05-18 17:25:21.139495,2026/05/18 17:25:21.301,0,NVIDIA A100-SXM-64GB,113.84,31964,100
1961,2026-05-18 17:25:21.139495,2026/05/18 17:25:21.305,1,NVIDIA A100-SXM-64GB,103.84,31892,100
1962,2026-05-18 17:25:21.139495,2026/05/18 17:25:21.319,2,NVIDIA A100-SXM-64GB,113.49,31912,100
1963,2026-05-18 17:25:21.139495,2026/05/18 17:25:21.376,3,NVIDIA A100-SXM-64GB,98.65,31868,100
1964,2026-05-18 17:25:26.499387,2026/05/18 17:25:26.671,0,NVIDIA A100-SXM-64GB,102.29,31964,100
1965,2026-05-18 17:25:26.499387,2026/05/18 17:25:26.674,1,NVIDIA A100-SXM-64GB,101.00,31892,100
1966,2026-05-18 17:25:26.499387,2026/05/18 17:25:26.679,2,NVIDIA A100-SXM-64GB,96.72,31912,100
1967,2026-05-18 17:25:26.499387,2026/05/18 17:25:26.731,3,NVIDIA A100-SXM-64GB,100.89,31868,100
1968,2026-05-18 17:25:31.870484,2026/05/18 17:25:32.033,0,NVIDIA A100-SXM-64GB,135.42,31964,100
1969,2026-05-18 17:25:31.870484,2026/05/18 17:25:32.036,1,NVIDIA A100-SXM-64GB,101.60,31892,100
1970,2026-05-18 17:25:31.870484,2026/05/18 17:25:32.078,2,NVIDIA A100-SXM-64GB,95.36,31912,100
1971,2026-05-18 17:25:31.870484,2026/05/18 17:25:32.081,3,NVIDIA A100-SXM-64GB,106.26,31868,100
1972,2026-05-18 17:25:37.209403,2026/05/18 17:25:37.379,0,NVIDIA A100-SXM-64GB,110.65,31964,100
1973,2026-05-18 17:25:37.209403,2026/05/18 17:25:37.382,1,NVIDIA A100-SXM-64GB,106.48,31892,100
1974,2026-05-18 17:25:37.209403,2026/05/18 17:25:37.428,2,NVIDIA A100-SXM-64GB,105.16,31912,100
1975,2026-05-18 17:25:37.209403,2026/05/18 17:25:37.431,3,NVIDIA A100-SXM-64GB,108.99,31868,100
1976,2026-05-18 17:25:42.549398,2026/05/18 17:25:42.711,0,NVIDIA A100-SXM-64GB,101.58,31964,100
1977,2026-05-18 17:25:42.549398,2026/05/18 17:25:42.714,1,NVIDIA A100-SXM-64GB,99.13,31892,100
1978,2026-05-18 17:25:42.549398,2026/05/18 17:25:42.718,2,NVIDIA A100-SXM-64GB,99.13,31912,100
1979,2026-05-18 17:25:42.549398,2026/05/18 17:25:42.776,3,NVIDIA A100-SXM-64GB,126.32,31868,100
1980,2026-05-18 17:25:47.913063,2026/05/18 17:25:48.083,0,NVIDIA A100-SXM-64GB,109.44,31964,100
1981,2026-05-18 17:25:47.913063,2026/05/18 17:25:48.086,1,NVIDIA A100-SXM-64GB,105.43,31892,100
1982,2026-05-18 17:25:47.913063,2026/05/18 17:25:48.093,2,NVIDIA A100-SXM-64GB,105.43,31912,100
1983,2026-05-18 17:25:47.913063,2026/05/18 17:25:48.152,3,NVIDIA A100-SXM-64GB,108.67,31868,100
1984,2026-05-18 17:25:53.288088,2026/05/18 17:25:53.514,0,NVIDIA A100-SXM-64GB,114.00,31964,49
1985,2026-05-18 17:25:53.288088,2026/05/18 17:25:53.549,1,NVIDIA A100-SXM-64GB,109.38,31892,71
1986,2026-05-18 17:25:53.288088,2026/05/18 17:25:53.552,2,NVIDIA A100-SXM-64GB,110.64,31912,100
1987,2026-05-18 17:25:53.288088,2026/05/18 17:25:53.572,3,NVIDIA A100-SXM-64GB,110.79,31868,74
1988,2026-05-18 17:25:58.703065,2026/05/18 17:25:58.876,0,NVIDIA A100-SXM-64GB,111.69,31964,100
1989,2026-05-18 17:25:58.703065,2026/05/18 17:25:58.880,1,NVIDIA A100-SXM-64GB,107.08,31892,100
1990,2026-05-18 17:25:58.703065,2026/05/18 17:25:58.939,2,NVIDIA A100-SXM-64GB,111.24,31912,100
1991,2026-05-18 17:25:58.703065,2026/05/18 17:25:58.941,3,NVIDIA A100-SXM-64GB,110.20,31868,100
1992,2026-05-18 17:26:04.086894,2026/05/18 17:26:04.261,0,NVIDIA A100-SXM-64GB,112.51,31964,100
1993,2026-05-18 17:26:04.086894,2026/05/18 17:26:04.264,1,NVIDIA A100-SXM-64GB,104.61,31892,100
1994,2026-05-18 17:26:04.086894,2026/05/18 17:26:04.269,2,NVIDIA A100-SXM-64GB,110.03,31912,100
1995,2026-05-18 17:26:04.086894,2026/05/18 17:26:04.323,3,NVIDIA A100-SXM-64GB,101.66,31868,100
1996,2026-05-18 17:26:09.421858,2026/05/18 17:26:09.589,0,NVIDIA A100-SXM-64GB,105.60,31964,100
1997,2026-05-18 17:26:09.421858,2026/05/18 17:26:09.592,1,NVIDIA A100-SXM-64GB,104.61,31892,100
1998,2026-05-18 17:26:09.421858,2026/05/18 17:26:09.600,2,NVIDIA A100-SXM-64GB,103.74,31912,100
1999,2026-05-18 17:26:09.421858,2026/05/18 17:26:09.630,3,NVIDIA A100-SXM-64GB,103.02,31868,100
2000,2026-05-18 17:26:14.783827,2026/05/18 17:26:14.959,0,NVIDIA A100-SXM-64GB,98.61,31964,98
2001,2026-05-18 17:26:14.783827,2026/05/18 17:26:15.043,1,NVIDIA A100-SXM-64GB,145.54,31892,92
2002,2026-05-18 17:26:14.783827,2026/05/18 17:26:15.050,2,NVIDIA A100-SXM-64GB,104.61,31912,100
2003,2026-05-18 17:26:14.783827,2026/05/18 17:26:15.055,3,NVIDIA A100-SXM-64GB,103.30,31868,100
2004,2026-05-18 17:26:20.218255,2026/05/18 17:26:20.402,0,NVIDIA A100-SXM-64GB,110.76,31964,100
2005,2026-05-18 17:26:20.218255,2026/05/18 17:26:20.426,1,NVIDIA A100-SXM-64GB,106.75,31892,100
2006,2026-05-18 17:26:20.218255,2026/05/18 17:26:20.429,2,NVIDIA A100-SXM-64GB,102.48,31912,100
2007,2026-05-18 17:26:20.218255,2026/05/18 17:26:20.487,3,NVIDIA A100-SXM-64GB,102.70,31868,100
2008,2026-05-18 17:26:25.593956,2026/05/18 17:26:25.766,0,NVIDIA A100-SXM-64GB,106.20,31964,100
2009,2026-05-18 17:26:25.593956,2026/05/18 17:26:25.769,1,NVIDIA A100-SXM-64GB,105.87,31892,100
2010,2026-05-18 17:26:25.593956,2026/05/18 17:26:25.809,2,NVIDIA A100-SXM-64GB,99.13,31912,100
2011,2026-05-18 17:26:25.593956,2026/05/18 17:26:25.812,3,NVIDIA A100-SXM-64GB,104.39,31868,100
2012,2026-05-18 17:26:30.964519,2026/05/18 17:26:31.129,0,NVIDIA A100-SXM-64GB,111.09,31964,100
2013,2026-05-18 17:26:30.964519,2026/05/18 17:26:31.131,1,NVIDIA A100-SXM-64GB,97.60,31892,100
2014,2026-05-18 17:26:30.964519,2026/05/18 17:26:31.135,2,NVIDIA A100-SXM-64GB,105.16,31912,100
2015,2026-05-18 17:26:30.964519,2026/05/18 17:26:31.190,3,NVIDIA A100-SXM-64GB,106.53,31868,100
2016,2026-05-18 17:26:36.354796,2026/05/18 17:26:36.533,0,NVIDIA A100-SXM-64GB,121.35,31964,100
2017,2026-05-18 17:26:36.354796,2026/05/18 17:26:36.536,1,NVIDIA A100-SXM-64GB,108.89,31892,100
2018,2026-05-18 17:26:36.354796,2026/05/18 17:26:36.541,2,NVIDIA A100-SXM-64GB,106.37,31912,100
2019,2026-05-18 17:26:36.354796,2026/05/18 17:26:36.598,3,NVIDIA A100-SXM-64GB,104.12,31868,100
2020,2026-05-18 17:26:41.709056,2026/05/18 17:26:41.881,0,NVIDIA A100-SXM-64GB,107.08,31964,100
2021,2026-05-18 17:26:41.709056,2026/05/18 17:26:41.884,1,NVIDIA A100-SXM-64GB,103.90,31892,100
2022,2026-05-18 17:26:41.709056,2026/05/18 17:26:41.935,2,NVIDIA A100-SXM-64GB,105.43,31912,100
2023,2026-05-18 17:26:41.709056,2026/05/18 17:26:41.938,3,NVIDIA A100-SXM-64GB,105.65,31868,100
2024,2026-05-18 17:26:47.062710,2026/05/18 17:26:47.236,0,NVIDIA A100-SXM-64GB,106.97,31964,100
2025,2026-05-18 17:26:47.062710,2026/05/18 17:26:47.240,1,NVIDIA A100-SXM-64GB,103.63,31892,100
2026,2026-05-18 17:26:47.062710,2026/05/18 17:26:47.297,2,NVIDIA A100-SXM-64GB,107.90,31912,100
2027,2026-05-18 17:26:47.062710,2026/05/18 17:26:47.300,3,NVIDIA A100-SXM-64GB,108.67,31868,100
2028,2026-05-18 17:26:52.447417,2026/05/18 17:26:52.623,0,NVIDIA A100-SXM-64GB,106.97,31964,100
2029,2026-05-18 17:26:52.447417,2026/05/18 17:26:52.627,1,NVIDIA A100-SXM-64GB,93.98,31892,100
2030,2026-05-18 17:26:52.447417,2026/05/18 17:26:52.674,2,NVIDIA A100-SXM-64GB,137.46,31912,100
2031,2026-05-18 17:26:52.447417,2026/05/18 17:26:52.706,3,NVIDIA A100-SXM-64GB,127.25,31868,100
2032,2026-05-18 17:26:57.846290,2026/05/18 17:26:58.022,0,NVIDIA A100-SXM-64GB,114.66,31964,100
2033,2026-05-18 17:26:57.846290,2026/05/18 17:26:58.025,1,NVIDIA A100-SXM-64GB,97.60,31892,100
2034,2026-05-18 17:26:57.846290,2026/05/18 17:26:58.078,2,NVIDIA A100-SXM-64GB,100.57,31912,100
2035,2026-05-18 17:26:57.846290,2026/05/18 17:26:58.080,3,NVIDIA A100-SXM-64GB,98.65,31868,100
2036,2026-05-18 17:27:03.209243,2026/05/18 17:27:03.388,0,NVIDIA A100-SXM-64GB,102.08,31964,90
2037,2026-05-18 17:27:03.209243,2026/05/18 17:27:03.391,1,NVIDIA A100-SXM-64GB,104.94,31892,83
2038,2026-05-18 17:27:03.209243,2026/05/18 17:27:03.395,2,NVIDIA A100-SXM-64GB,102.70,31912,100
2039,2026-05-18 17:27:03.209243,2026/05/18 17:27:03.447,3,NVIDIA A100-SXM-64GB,111.12,31868,97
2040,2026-05-18 17:27:08.555727,2026/05/18 17:27:08.736,0,NVIDIA A100-SXM-64GB,98.23,31964,100
2041,2026-05-18 17:27:08.555727,2026/05/18 17:27:08.740,1,NVIDIA A100-SXM-64GB,104.34,31892,100
2042,2026-05-18 17:27:08.555727,2026/05/18 17:27:08.810,2,NVIDIA A100-SXM-64GB,103.13,31912,100
2043,2026-05-18 17:27:08.555727,2026/05/18 17:27:08.859,3,NVIDIA A100-SXM-64GB,99.36,31868,100
2044,2026-05-18 17:27:13.977194,2026/05/18 17:27:14.145,0,NVIDIA A100-SXM-64GB,105.38,31964,100
2045,2026-05-18 17:27:13.977194,2026/05/18 17:27:14.148,1,NVIDIA A100-SXM-64GB,103.13,31892,100
2046,2026-05-18 17:27:13.977194,2026/05/18 17:27:14.156,2,NVIDIA A100-SXM-64GB,97.32,31912,100
2047,2026-05-18 17:27:13.977194,2026/05/18 17:27:14.216,3,NVIDIA A100-SXM-64GB,97.22,31868,100
2048,2026-05-18 17:27:19.340350,2026/05/18 17:27:19.512,0,NVIDIA A100-SXM-64GB,101.58,31964,100
2049,2026-05-18 17:27:19.340350,2026/05/18 17:27:19.514,1,NVIDIA A100-SXM-64GB,102.48,31892,100
2050,2026-05-18 17:27:19.340350,2026/05/18 17:27:19.579,2,NVIDIA A100-SXM-64GB,101.00,31912,100
2051,2026-05-18 17:27:19.340350,2026/05/18 17:27:19.583,3,NVIDIA A100-SXM-64GB,104.84,31868,100
2052,2026-05-18 17:27:24.787462,2026/05/18 17:27:24.960,0,NVIDIA A100-SXM-64GB,96.59,31964,100
2053,2026-05-18 17:27:24.787462,2026/05/18 17:27:24.962,1,NVIDIA A100-SXM-64GB,92.36,31892,100
2054,2026-05-18 17:27:24.787462,2026/05/18 17:27:24.966,2,NVIDIA A100-SXM-64GB,93.89,31912,100
2055,2026-05-18 17:27:24.787462,2026/05/18 17:27:25.030,3,NVIDIA A100-SXM-64GB,94.66,31868,100
2056,2026-05-18 17:27:30.148743,2026/05/18 17:27:30.313,0,NVIDIA A100-SXM-64GB,97.02,31964,100
2057,2026-05-18 17:27:30.148743,2026/05/18 17:27:30.315,1,NVIDIA A100-SXM-64GB,107.90,31892,100
2058,2026-05-18 17:27:30.148743,2026/05/18 17:27:30.358,2,NVIDIA A100-SXM-64GB,105.16,31912,100
2059,2026-05-18 17:27:30.148743,2026/05/18 17:27:30.361,3,NVIDIA A100-SXM-64GB,119.05,31868,100
2060,2026-05-18 17:27:35.585424,2026/05/18 17:27:35.748,0,NVIDIA A100-SXM-64GB,107.90,31964,83
2061,2026-05-18 17:27:35.585424,2026/05/18 17:27:35.786,1,NVIDIA A100-SXM-64GB,109.11,31892,68
2062,2026-05-18 17:27:35.585424,2026/05/18 17:27:35.789,2,NVIDIA A100-SXM-64GB,112.93,31912,81
2063,2026-05-18 17:27:35.585424,2026/05/18 17:27:35.794,3,NVIDIA A100-SXM-64GB,112.54,31868,87
2064,2026-05-18 17:27:40.918210,2026/05/18 17:27:41.098,0,NVIDIA A100-SXM-64GB,108.62,31964,100
2065,2026-05-18 17:27:40.918210,2026/05/18 17:27:41.101,1,NVIDIA A100-SXM-64GB,104.01,31892,100
2066,2026-05-18 17:27:40.918210,2026/05/18 17:27:41.147,2,NVIDIA A100-SXM-64GB,109.70,31912,100
2067,2026-05-18 17:27:40.918210,2026/05/18 17:27:41.194,3,NVIDIA A100-SXM-64GB,108.06,31868,100
2068,2026-05-18 17:27:46.338325,2026/05/18 17:27:46.509,0,NVIDIA A100-SXM-64GB,108.51,31964,100
2069,2026-05-18 17:27:46.338325,2026/05/18 17:27:46.554,1,NVIDIA A100-SXM-64GB,104.61,31892,100
2070,2026-05-18 17:27:46.338325,2026/05/18 17:27:46.557,2,NVIDIA A100-SXM-64GB,103.90,31912,100
2071,2026-05-18 17:27:46.338325,2026/05/18 17:27:46.601,3,NVIDIA A100-SXM-64GB,109.15,31868,100
2072,2026-05-18 17:27:51.719462,2026/05/18 17:27:51.885,0,NVIDIA A100-SXM-64GB,110.65,31964,100
2073,2026-05-18 17:27:51.719462,2026/05/18 17:27:51.888,1,NVIDIA A100-SXM-64GB,101.49,31892,100
2074,2026-05-18 17:27:51.719462,2026/05/18 17:27:51.948,2,NVIDIA A100-SXM-64GB,107.57,31912,100
2075,2026-05-18 17:27:51.719462,2026/05/18 17:27:51.997,3,NVIDIA A100-SXM-64GB,104.12,31868,100
2076,2026-05-18 17:27:57.128004,2026/05/18 17:27:57.291,0,NVIDIA A100-SXM-64GB,96.08,31964,100
2077,2026-05-18 17:27:57.128004,2026/05/18 17:27:57.311,1,NVIDIA A100-SXM-64GB,92.55,31892,100
2078,2026-05-18 17:27:57.128004,2026/05/18 17:27:57.322,2,NVIDIA A100-SXM-64GB,93.65,31912,100
2079,2026-05-18 17:27:57.128004,2026/05/18 17:27:57.336,3,NVIDIA A100-SXM-64GB,94.66,31868,100
2080,2026-05-18 17:28:02.491420,2026/05/18 17:28:02.653,0,NVIDIA A100-SXM-64GB,95.76,31964,100
2081,2026-05-18 17:28:02.491420,2026/05/18 17:28:02.656,1,NVIDIA A100-SXM-64GB,92.55,31892,100
2082,2026-05-18 17:28:02.491420,2026/05/18 17:28:02.658,2,NVIDIA A100-SXM-64GB,93.65,31912,100
2083,2026-05-18 17:28:02.491420,2026/05/18 17:28:02.706,3,NVIDIA A100-SXM-64GB,94.66,31868,100
2084,2026-05-18 17:28:07.824476,2026/05/18 17:28:07.984,0,NVIDIA A100-SXM-64GB,86.90,31964,0
2085,2026-05-18 17:28:07.824476,2026/05/18 17:28:08.024,1,NVIDIA A100-SXM-64GB,92.45,31892,100
2086,2026-05-18 17:28:07.824476,2026/05/18 17:28:08.028,2,NVIDIA A100-SXM-64GB,93.98,31912,100
2087,2026-05-18 17:28:07.824476,2026/05/18 17:28:08.084,3,NVIDIA A100-SXM-64GB,94.76,31868,100
2088,2026-05-18 17:28:13.206173,2026/05/18 17:28:13.371,0,NVIDIA A100-SXM-64GB,132.20,31964,100
2089,2026-05-18 17:28:13.206173,2026/05/18 17:28:13.374,1,NVIDIA A100-SXM-64GB,98.96,31892,100
2090,2026-05-18 17:28:13.206173,2026/05/18 17:28:13.377,2,NVIDIA A100-SXM-64GB,104.94,31912,100
2091,2026-05-18 17:28:13.206173,2026/05/18 17:28:13.433,3,NVIDIA A100-SXM-64GB,110.03,31868,100
2092,2026-05-18 17:28:18.537218,2026/05/18 17:28:18.699,0,NVIDIA A100-SXM-64GB,96.36,31964,100
2093,2026-05-18 17:28:18.537218,2026/05/18 17:28:18.702,1,NVIDIA A100-SXM-64GB,92.36,31892,100
2094,2026-05-18 17:28:18.537218,2026/05/18 17:28:18.748,2,NVIDIA A100-SXM-64GB,93.55,31912,100
2095,2026-05-18 17:28:18.537218,2026/05/18 17:28:18.750,3,NVIDIA A100-SXM-64GB,94.66,31868,100
2096,2026-05-18 17:28:23.889452,2026/05/18 17:28:24.040,0,NVIDIA A100-SXM-64GB,95.99,31964,100
2097,2026-05-18 17:28:23.889452,2026/05/18 17:28:24.043,1,NVIDIA A100-SXM-64GB,83.57,31892,22
2098,2026-05-18 17:28:23.889452,2026/05/18 17:28:24.046,2,NVIDIA A100-SXM-64GB,84.69,31912,0
2099,2026-05-18 17:28:23.889452,2026/05/18 17:28:24.088,3,NVIDIA A100-SXM-64GB,94.66,31868,100
2100,2026-05-18 17:28:29.201719,2026/05/18 17:28:29.361,0,NVIDIA A100-SXM-64GB,96.69,31964,100
2101,2026-05-18 17:28:29.201719,2026/05/18 17:28:29.396,1,NVIDIA A100-SXM-64GB,92.45,31892,100
2102,2026-05-18 17:28:29.201719,2026/05/18 17:28:29.411,2,NVIDIA A100-SXM-64GB,93.98,31912,100
2103,2026-05-18 17:28:29.201719,2026/05/18 17:28:29.485,3,NVIDIA A100-SXM-64GB,76.21,31868,0
2104,2026-05-18 17:28:34.582192,2026/05/18 17:28:34.762,0,NVIDIA A100-SXM-64GB,110.48,31964,100
2105,2026-05-18 17:28:34.582192,2026/05/18 17:28:34.765,1,NVIDIA A100-SXM-64GB,107.40,31892,100
2106,2026-05-18 17:28:34.582192,2026/05/18 17:28:34.770,2,NVIDIA A100-SXM-64GB,131.33,31912,100
2107,2026-05-18 17:28:34.582192,2026/05/18 17:28:34.847,3,NVIDIA A100-SXM-64GB,103.80,31868,100
2108,2026-05-18 17:28:39.974655,2026/05/18 17:28:40.141,0,NVIDIA A100-SXM-64GB,96.36,31964,100
2109,2026-05-18 17:28:39.974655,2026/05/18 17:28:40.180,1,NVIDIA A100-SXM-64GB,92.45,31892,100
2110,2026-05-18 17:28:39.974655,2026/05/18 17:28:40.183,2,NVIDIA A100-SXM-64GB,93.55,31912,100
2111,2026-05-18 17:28:39.974655,2026/05/18 17:28:40.225,3,NVIDIA A100-SXM-64GB,94.66,31868,100
2112,2026-05-18 17:28:45.315854,2026/05/18 17:28:45.479,0,NVIDIA A100-SXM-64GB,113.51,31964,100
2113,2026-05-18 17:28:45.315854,2026/05/18 17:28:45.482,1,NVIDIA A100-SXM-64GB,94.58,31892,100
2114,2026-05-18 17:28:45.315854,2026/05/18 17:28:45.487,2,NVIDIA A100-SXM-64GB,97.60,31912,100
2115,2026-05-18 17:28:45.315854,2026/05/18 17:28:45.544,3,NVIDIA A100-SXM-64GB,100.79,31868,100
2116,2026-05-18 17:28:50.631279,2026/05/18 17:28:50.785,0,NVIDIA A100-SXM-64GB,95.76,31964,100
2117,2026-05-18 17:28:50.631279,2026/05/18 17:28:50.787,1,NVIDIA A100-SXM-64GB,92.45,31892,100
2118,2026-05-18 17:28:50.631279,2026/05/18 17:28:50.799,2,NVIDIA A100-SXM-64GB,93.65,31912,100
2119,2026-05-18 17:28:50.631279,2026/05/18 17:28:50.864,3,NVIDIA A100-SXM-64GB,94.66,31868,100
2120,2026-05-18 17:28:55.959196,2026/05/18 17:28:56.127,0,NVIDIA A100-SXM-64GB,95.76,31964,100
2121,2026-05-18 17:28:55.959196,2026/05/18 17:28:56.146,1,NVIDIA A100-SXM-64GB,92.45,31892,100
2122,2026-05-18 17:28:55.959196,2026/05/18 17:28:56.149,2,NVIDIA A100-SXM-64GB,93.65,31912,100
2123,2026-05-18 17:28:55.959196,2026/05/18 17:28:56.164,3,NVIDIA A100-SXM-64GB,94.76,31868,100
2124,2026-05-18 17:29:01.318481,2026/05/18 17:29:01.492,0,NVIDIA A100-SXM-64GB,150.28,31964,100
2125,2026-05-18 17:29:01.318481,2026/05/18 17:29:01.495,1,NVIDIA A100-SXM-64GB,109.00,31892,100
2126,2026-05-18 17:29:01.318481,2026/05/18 17:29:01.497,2,NVIDIA A100-SXM-64GB,122.64,31912,100
2127,2026-05-18 17:29:01.318481,2026/05/18 17:29:01.557,3,NVIDIA A100-SXM-64GB,117.64,31868,100
2128,2026-05-18 17:29:06.719817,2026/05/18 17:29:06.882,0,NVIDIA A100-SXM-64GB,96.18,31964,100
2129,2026-05-18 17:29:06.719817,2026/05/18 17:29:06.910,1,NVIDIA A100-SXM-64GB,92.21,31892,100
2130,2026-05-18 17:29:06.719817,2026/05/18 17:29:06.914,2,NVIDIA A100-SXM-64GB,93.75,31912,100
2131,2026-05-18 17:29:06.719817,2026/05/18 17:29:06.920,3,NVIDIA A100-SXM-64GB,94.49,31868,100
2132,2026-05-18 17:29:12.056312,2026/05/18 17:29:12.232,0,NVIDIA A100-SXM-64GB,115.77,31964,100
2133,2026-05-18 17:29:12.056312,2026/05/18 17:29:12.235,1,NVIDIA A100-SXM-64GB,104.72,31892,100
2134,2026-05-18 17:29:12.056312,2026/05/18 17:29:12.237,2,NVIDIA A100-SXM-64GB,103.52,31912,100
2135,2026-05-18 17:29:12.056312,2026/05/18 17:29:12.291,3,NVIDIA A100-SXM-64GB,116.71,31868,100
2136,2026-05-18 17:29:17.398023,2026/05/18 17:29:17.561,0,NVIDIA A100-SXM-64GB,96.36,31964,100
2137,2026-05-18 17:29:17.398023,2026/05/18 17:29:17.592,1,NVIDIA A100-SXM-64GB,92.12,31892,100
2138,2026-05-18 17:29:17.398023,2026/05/18 17:29:17.616,2,NVIDIA A100-SXM-64GB,93.65,31912,100
2139,2026-05-18 17:29:17.398023,2026/05/18 17:29:17.651,3,NVIDIA A100-SXM-64GB,94.76,31868,100
2140,2026-05-18 17:29:22.775372,2026/05/18 17:29:22.938,0,NVIDIA A100-SXM-64GB,111.37,31964,100
2141,2026-05-18 17:29:22.775372,2026/05/18 17:29:22.941,1,NVIDIA A100-SXM-64GB,112.28,31892,100
2142,2026-05-18 17:29:22.775372,2026/05/18 17:29:22.984,2,NVIDIA A100-SXM-64GB,109.11,31912,100
2143,2026-05-18 17:29:22.775372,2026/05/18 17:29:22.987,3,NVIDIA A100-SXM-64GB,114.79,31868,100
2144,2026-05-18 17:29:28.126187,2026/05/18 17:29:28.335,0,NVIDIA A100-SXM-64GB,98.23,31964,100
2145,2026-05-18 17:29:28.126187,2026/05/18 17:29:28.338,1,NVIDIA A100-SXM-64GB,101.27,31892,100
2146,2026-05-18 17:29:28.126187,2026/05/18 17:29:28.388,2,NVIDIA A100-SXM-64GB,120.05,31912,100
2147,2026-05-18 17:29:28.126187,2026/05/18 17:29:28.391,3,NVIDIA A100-SXM-64GB,105.16,31868,100
2148,2026-05-18 17:29:33.503700,2026/05/18 17:29:33.672,0,NVIDIA A100-SXM-64GB,103.12,31964,100
2149,2026-05-18 17:29:33.503700,2026/05/18 17:29:33.675,1,NVIDIA A100-SXM-64GB,93.05,31892,100
2150,2026-05-18 17:29:33.503700,2026/05/18 17:29:33.682,2,NVIDIA A100-SXM-64GB,95.46,31912,100
2151,2026-05-18 17:29:33.503700,2026/05/18 17:29:33.704,3,NVIDIA A100-SXM-64GB,95.69,31868,100
2152,2026-05-18 17:29:38.871481,2026/05/18 17:29:39.032,0,NVIDIA A100-SXM-64GB,108.94,31964,100
2153,2026-05-18 17:29:38.871481,2026/05/18 17:29:39.035,1,NVIDIA A100-SXM-64GB,102.20,31892,100
2154,2026-05-18 17:29:38.871481,2026/05/18 17:29:39.043,2,NVIDIA A100-SXM-64GB,104.34,31912,100
2155,2026-05-18 17:29:38.871481,2026/05/18 17:29:39.096,3,NVIDIA A100-SXM-64GB,102.10,31868,100
2156,2026-05-18 17:29:44.204203,2026/05/18 17:29:44.374,0,NVIDIA A100-SXM-64GB,100.37,31964,100
2157,2026-05-18 17:29:44.204203,2026/05/18 17:29:44.377,1,NVIDIA A100-SXM-64GB,103.41,31892,100
2158,2026-05-18 17:29:44.204203,2026/05/18 17:29:44.431,2,NVIDIA A100-SXM-64GB,104.50,31912,100
2159,2026-05-18 17:29:44.204203,2026/05/18 17:29:44.434,3,NVIDIA A100-SXM-64GB,106.86,31868,100
2160,2026-05-18 17:29:49.571272,2026/05/18 17:29:49.735,0,NVIDIA A100-SXM-64GB,122.90,31964,100
2161,2026-05-18 17:29:49.571272,2026/05/18 17:29:49.737,1,NVIDIA A100-SXM-64GB,104.61,31892,100
2162,2026-05-18 17:29:49.571272,2026/05/18 17:29:49.785,2,NVIDIA A100-SXM-64GB,109.11,31912,100
2163,2026-05-18 17:29:49.571272,2026/05/18 17:29:49.787,3,NVIDIA A100-SXM-64GB,107.46,31868,100
2164,2026-05-18 17:29:54.939584,2026/05/18 17:29:55.093,0,NVIDIA A100-SXM-64GB,136.82,31964,100
2165,2026-05-18 17:29:54.939584,2026/05/18 17:29:55.096,1,NVIDIA A100-SXM-64GB,114.21,31892,100
2166,2026-05-18 17:29:54.939584,2026/05/18 17:29:55.103,2,NVIDIA A100-SXM-64GB,113.76,31912,100
2167,2026-05-18 17:29:54.939584,2026/05/18 17:29:55.158,3,NVIDIA A100-SXM-64GB,113.65,31868,100
2168,2026-05-18 17:30:00.246747,2026/05/18 17:30:00.412,0,NVIDIA A100-SXM-64GB,103.45,31964,100
2169,2026-05-18 17:30:00.246747,2026/05/18 17:30:00.416,1,NVIDIA A100-SXM-64GB,103.24,31892,100
2170,2026-05-18 17:30:00.246747,2026/05/18 17:30:00.458,2,NVIDIA A100-SXM-64GB,104.61,31912,100
2171,2026-05-18 17:30:00.246747,2026/05/18 17:30:00.461,3,NVIDIA A100-SXM-64GB,104.23,31868,100
2172,2026-05-18 17:30:05.613451,2026/05/18 17:30:05.782,0,NVIDIA A100-SXM-64GB,105.87,31964,100
2173,2026-05-18 17:30:05.613451,2026/05/18 17:30:05.785,1,NVIDIA A100-SXM-64GB,103.41,31892,100
2174,2026-05-18 17:30:05.613451,2026/05/18 17:30:05.788,2,NVIDIA A100-SXM-64GB,104.01,31912,100
2175,2026-05-18 17:30:05.613451,2026/05/18 17:30:05.844,3,NVIDIA A100-SXM-64GB,110.64,31868,100
2176,2026-05-18 17:30:10.941852,2026/05/18 17:30:11.114,0,NVIDIA A100-SXM-64GB,108.62,31964,100
2177,2026-05-18 17:30:10.941852,2026/05/18 17:30:11.148,1,NVIDIA A100-SXM-64GB,143.26,31892,100
2178,2026-05-18 17:30:10.941852,2026/05/18 17:30:11.151,2,NVIDIA A100-SXM-64GB,148.41,31912,100
2179,2026-05-18 17:30:10.941852,2026/05/18 17:30:11.199,3,NVIDIA A100-SXM-64GB,105.05,31868,100
2180,2026-05-18 17:30:16.330844,2026/05/18 17:30:16.501,0,NVIDIA A100-SXM-64GB,112.19,31964,100
2181,2026-05-18 17:30:16.330844,2026/05/18 17:30:16.504,1,NVIDIA A100-SXM-64GB,97.93,31892,100
2182,2026-05-18 17:30:16.330844,2026/05/18 17:30:16.507,2,NVIDIA A100-SXM-64GB,100.89,31912,100
2183,2026-05-18 17:30:16.330844,2026/05/18 17:30:16.576,3,NVIDIA A100-SXM-64GB,100.79,31868,100
2184,2026-05-18 17:30:21.690872,2026/05/18 17:30:21.855,0,NVIDIA A100-SXM-64GB,106.20,31964,100
2185,2026-05-18 17:30:21.690872,2026/05/18 17:30:21.892,1,NVIDIA A100-SXM-64GB,104.01,31892,100
2186,2026-05-18 17:30:21.690872,2026/05/18 17:30:21.895,2,NVIDIA A100-SXM-64GB,105.43,31912,100
2187,2026-05-18 17:30:21.690872,2026/05/18 17:30:21.904,3,NVIDIA A100-SXM-64GB,110.20,31868,100
2188,2026-05-18 17:30:27.029730,2026/05/18 17:30:27.211,0,NVIDIA A100-SXM-64GB,104.66,31964,100
2189,2026-05-18 17:30:27.029730,2026/05/18 17:30:27.214,1,NVIDIA A100-SXM-64GB,94.26,31892,100
2190,2026-05-18 17:30:27.029730,2026/05/18 17:30:27.220,2,NVIDIA A100-SXM-64GB,95.79,31912,100
2191,2026-05-18 17:30:27.029730,2026/05/18 17:30:27.275,3,NVIDIA A100-SXM-64GB,95.27,31868,100
2192,2026-05-18 17:30:32.392504,2026/05/18 17:30:32.560,0,NVIDIA A100-SXM-64GB,103.01,31964,100
2193,2026-05-18 17:30:32.392504,2026/05/18 17:30:32.562,1,NVIDIA A100-SXM-64GB,103.30,31892,100
2194,2026-05-18 17:30:32.392504,2026/05/18 17:30:32.612,2,NVIDIA A100-SXM-64GB,107.57,31912,100
2195,2026-05-18 17:30:32.392504,2026/05/18 17:30:32.615,3,NVIDIA A100-SXM-64GB,106.15,31868,100
2196,2026-05-18 17:30:37.762515,2026/05/18 17:30:37.934,0,NVIDIA A100-SXM-64GB,112.63,31964,100
2197,2026-05-18 17:30:37.762515,2026/05/18 17:30:37.993,1,NVIDIA A100-SXM-64GB,106.64,31892,100
2198,2026-05-18 17:30:37.762515,2026/05/18 17:30:38.004,2,NVIDIA A100-SXM-64GB,106.86,31912,100
2199,2026-05-18 17:30:37.762515,2026/05/18 17:30:38.042,3,NVIDIA A100-SXM-64GB,104.95,31868,100
2200,2026-05-18 17:30:43.149606,2026/05/18 17:30:43.313,0,NVIDIA A100-SXM-64GB,105.27,31964,100
2201,2026-05-18 17:30:43.149606,2026/05/18 17:30:43.316,1,NVIDIA A100-SXM-64GB,101.87,31892,100
2202,2026-05-18 17:30:43.149606,2026/05/18 17:30:43.329,2,NVIDIA A100-SXM-64GB,98.10,31912,100
2203,2026-05-18 17:30:43.149606,2026/05/18 17:30:43.387,3,NVIDIA A100-SXM-64GB,109.26,31868,100
2204,2026-05-18 17:30:48.487840,2026/05/18 17:30:48.644,0,NVIDIA A100-SXM-64GB,108.83,31964,100
2205,2026-05-18 17:30:48.487840,2026/05/18 17:30:48.647,1,NVIDIA A100-SXM-64GB,106.37,31892,100
2206,2026-05-18 17:30:48.487840,2026/05/18 17:30:48.703,2,NVIDIA A100-SXM-64GB,104.61,31912,100
2207,2026-05-18 17:30:48.487840,2026/05/18 17:30:48.706,3,NVIDIA A100-SXM-64GB,112.93,31868,100
2208,2026-05-18 17:30:53.808192,2026/05/18 17:30:53.976,0,NVIDIA A100-SXM-64GB,96.82,31964,100
2209,2026-05-18 17:30:53.808192,2026/05/18 17:30:53.979,1,NVIDIA A100-SXM-64GB,110.31,31892,100
2210,2026-05-18 17:30:53.808192,2026/05/18 17:30:54.024,2,NVIDIA A100-SXM-64GB,104.23,31912,100
2211,2026-05-18 17:30:53.808192,2026/05/18 17:30:54.027,3,NVIDIA A100-SXM-64GB,106.15,31868,100
2212,2026-05-18 17:30:59.156691,2026/05/18 17:30:59.317,0,NVIDIA A100-SXM-64GB,109.11,31964,100
2213,2026-05-18 17:30:59.156691,2026/05/18 17:30:59.320,1,NVIDIA A100-SXM-64GB,150.12,31892,100
2214,2026-05-18 17:30:59.156691,2026/05/18 17:30:59.365,2,NVIDIA A100-SXM-64GB,109.26,31912,100
2215,2026-05-18 17:30:59.156691,2026/05/18 17:30:59.367,3,NVIDIA A100-SXM-64GB,109.80,31868,100
2216,2026-05-18 17:31:04.486755,2026/05/18 17:31:04.646,0,NVIDIA A100-SXM-64GB,114.93,31964,100
2217,2026-05-18 17:31:04.486755,2026/05/18 17:31:04.649,1,NVIDIA A100-SXM-64GB,103.30,31892,100
2218,2026-05-18 17:31:04.486755,2026/05/18 17:31:04.651,2,NVIDIA A100-SXM-64GB,103.02,31912,100
2219,2026-05-18 17:31:04.486755,2026/05/18 17:31:04.704,3,NVIDIA A100-SXM-64GB,109.92,31868,100
2220,2026-05-18 17:31:09.775067,2026/05/18 17:31:09.929,0,NVIDIA A100-SXM-64GB,110.48,31964,100
2221,2026-05-18 17:31:09.775067,2026/05/18 17:31:09.932,1,NVIDIA A100-SXM-64GB,112.56,31892,100
2222,2026-05-18 17:31:09.775067,2026/05/18 17:31:09.974,2,NVIDIA A100-SXM-64GB,107.40,31912,100
2223,2026-05-18 17:31:09.775067,2026/05/18 17:31:09.977,3,NVIDIA A100-SXM-64GB,103.30,31868,100
2224,2026-05-18 17:31:15.119056,2026/05/18 17:31:15.270,0,NVIDIA A100-SXM-64GB,99.94,31964,100
2225,2026-05-18 17:31:15.119056,2026/05/18 17:31:15.273,1,NVIDIA A100-SXM-64GB,105.43,31892,100
2226,2026-05-18 17:31:15.119056,2026/05/18 17:31:15.318,2,NVIDIA A100-SXM-64GB,109.59,31912,100
2227,2026-05-18 17:31:15.119056,2026/05/18 17:31:15.321,3,NVIDIA A100-SXM-64GB,106.75,31868,100
2228,2026-05-18 17:31:20.445603,2026/05/18 17:31:20.600,0,NVIDIA A100-SXM-64GB,99.43,31964,100
2229,2026-05-18 17:31:20.445603,2026/05/18 17:31:20.603,1,NVIDIA A100-SXM-64GB,100.67,31892,100
2230,2026-05-18 17:31:20.445603,2026/05/18 17:31:20.610,2,NVIDIA A100-SXM-64GB,110.14,31912,100
2231,2026-05-18 17:31:20.445603,2026/05/18 17:31:20.676,3,NVIDIA A100-SXM-64GB,134.59,31868,100
2232,2026-05-18 17:31:25.798795,2026/05/18 17:31:25.957,0,NVIDIA A100-SXM-64GB,111.69,31964,100
2233,2026-05-18 17:31:25.798795,2026/05/18 17:31:25.960,1,NVIDIA A100-SXM-64GB,108.61,31892,100
2234,2026-05-18 17:31:25.798795,2026/05/18 17:31:26.013,2,NVIDIA A100-SXM-64GB,125.86,31912,100
2235,2026-05-18 17:31:25.798795,2026/05/18 17:31:26.018,3,NVIDIA A100-SXM-64GB,123.59,31868,100
2236,2026-05-18 17:31:31.133593,2026/05/18 17:31:31.295,0,NVIDIA A100-SXM-64GB,107.62,31964,100
2237,2026-05-18 17:31:31.133593,2026/05/18 17:31:31.298,1,NVIDIA A100-SXM-64GB,103.90,31892,100
2238,2026-05-18 17:31:31.133593,2026/05/18 17:31:31.301,2,NVIDIA A100-SXM-64GB,108.06,31912,100
2239,2026-05-18 17:31:31.133593,2026/05/18 17:31:31.354,3,NVIDIA A100-SXM-64GB,108.88,31868,100
2240,2026-05-18 17:31:36.446829,2026/05/18 17:31:36.611,0,NVIDIA A100-SXM-64GB,115.86,31964,100
2241,2026-05-18 17:31:36.446829,2026/05/18 17:31:36.614,1,NVIDIA A100-SXM-64GB,138.66,31892,100
2242,2026-05-18 17:31:36.446829,2026/05/18 17:31:36.655,2,NVIDIA A100-SXM-64GB,108.17,31912,100
2243,2026-05-18 17:31:36.446829,2026/05/18 17:31:36.692,3,NVIDIA A100-SXM-64GB,100.46,31868,100
2244,2026-05-18 17:31:41.799921,2026/05/18 17:31:41.956,0,NVIDIA A100-SXM-64GB,111.58,31964,100
2245,2026-05-18 17:31:41.799921,2026/05/18 17:31:41.959,1,NVIDIA A100-SXM-64GB,105.16,31892,100
2246,2026-05-18 17:31:41.799921,2026/05/18 17:31:41.969,2,NVIDIA A100-SXM-64GB,101.49,31912,100
2247,2026-05-18 17:31:41.799921,2026/05/18 17:31:42.022,3,NVIDIA A100-SXM-64GB,105.33,31868,100
2248,2026-05-18 17:31:47.115691,2026/05/18 17:31:47.280,0,NVIDIA A100-SXM-64GB,110.15,31964,100
2249,2026-05-18 17:31:47.115691,2026/05/18 17:31:47.283,1,NVIDIA A100-SXM-64GB,97.00,31892,100
2250,2026-05-18 17:31:47.115691,2026/05/18 17:31:47.338,2,NVIDIA A100-SXM-64GB,103.02,31912,100
2251,2026-05-18 17:31:47.115691,2026/05/18 17:31:47.340,3,NVIDIA A100-SXM-64GB,102.27,31868,100
2252,2026-05-18 17:31:52.477938,2026/05/18 17:31:52.629,0,NVIDIA A100-SXM-64GB,103.95,31964,100
2253,2026-05-18 17:31:52.477938,2026/05/18 17:31:52.637,1,NVIDIA A100-SXM-64GB,107.29,31892,100
2254,2026-05-18 17:31:52.477938,2026/05/18 17:31:52.684,2,NVIDIA A100-SXM-64GB,116.32,31912,100
2255,2026-05-18 17:31:52.477938,2026/05/18 17:31:52.687,3,NVIDIA A100-SXM-64GB,110.68,31868,100
2256,2026-05-18 17:31:57.842375,2026/05/18 17:31:58.001,0,NVIDIA A100-SXM-64GB,109.71,31964,100
2257,2026-05-18 17:31:57.842375,2026/05/18 17:31:58.004,1,NVIDIA A100-SXM-64GB,106.04,31892,100
2258,2026-05-18 17:31:57.842375,2026/05/18 17:31:58.007,2,NVIDIA A100-SXM-64GB,108.78,31912,100
2259,2026-05-18 17:31:57.842375,2026/05/18 17:31:58.023,3,NVIDIA A100-SXM-64GB,108.67,31868,100
2260,2026-05-18 17:32:03.181497,2026/05/18 17:32:03.336,0,NVIDIA A100-SXM-64GB,105.60,31964,100
2261,2026-05-18 17:32:03.181497,2026/05/18 17:32:03.371,1,NVIDIA A100-SXM-64GB,105.87,31892,100
2262,2026-05-18 17:32:03.181497,2026/05/18 17:32:03.373,2,NVIDIA A100-SXM-64GB,103.90,31912,100
2263,2026-05-18 17:32:03.181497,2026/05/18 17:32:03.425,3,NVIDIA A100-SXM-64GB,103.52,31868,100
2264,2026-05-18 17:32:08.536955,2026/05/18 17:32:08.693,0,NVIDIA A100-SXM-64GB,109.55,31964,100
2265,2026-05-18 17:32:08.536955,2026/05/18 17:32:08.696,1,NVIDIA A100-SXM-64GB,101.97,31892,100
2266,2026-05-18 17:32:08.536955,2026/05/18 17:32:08.702,2,NVIDIA A100-SXM-64GB,98.86,31912,100
2267,2026-05-18 17:32:08.536955,2026/05/18 17:32:08.757,3,NVIDIA A100-SXM-64GB,108.17,31868,100
2268,2026-05-18 17:32:13.850098,2026/05/18 17:32:14.012,0,NVIDIA A100-SXM-64GB,100.64,31964,100
2269,2026-05-18 17:32:13.850098,2026/05/18 17:32:14.015,1,NVIDIA A100-SXM-64GB,101.60,31892,100
2270,2026-05-18 17:32:13.850098,2026/05/18 17:32:14.020,2,NVIDIA A100-SXM-64GB,113.37,31912,100
2271,2026-05-18 17:32:13.850098,2026/05/18 17:32:14.076,3,NVIDIA A100-SXM-64GB,111.40,31868,100
2272,2026-05-18 17:32:19.178860,2026/05/18 17:32:19.339,0,NVIDIA A100-SXM-64GB,111.97,31964,100
2273,2026-05-18 17:32:19.178860,2026/05/18 17:32:19.371,1,NVIDIA A100-SXM-64GB,138.21,31892,100
2274,2026-05-18 17:32:19.178860,2026/05/18 17:32:19.373,2,NVIDIA A100-SXM-64GB,99.03,31912,100
2275,2026-05-18 17:32:19.178860,2026/05/18 17:32:19.413,3,NVIDIA A100-SXM-64GB,108.06,31868,100
2276,2026-05-18 17:32:24.515669,2026/05/18 17:32:24.687,0,NVIDIA A100-SXM-64GB,112.19,31964,100
2277,2026-05-18 17:32:24.515669,2026/05/18 17:32:24.690,1,NVIDIA A100-SXM-64GB,108.17,31892,100
2278,2026-05-18 17:32:24.515669,2026/05/18 17:32:24.694,2,NVIDIA A100-SXM-64GB,105.16,31912,100
2279,2026-05-18 17:32:24.515669,2026/05/18 17:32:24.746,3,NVIDIA A100-SXM-64GB,104.62,31868,100
2280,2026-05-18 17:32:29.848024,2026/05/18 17:32:30.013,0,NVIDIA A100-SXM-64GB,118.61,31964,100
2281,2026-05-18 17:32:29.848024,2026/05/18 17:32:30.016,1,NVIDIA A100-SXM-64GB,113.16,31892,100
2282,2026-05-18 17:32:29.848024,2026/05/18 17:32:30.022,2,NVIDIA A100-SXM-64GB,105.54,31912,100
2283,2026-05-18 17:32:29.848024,2026/05/18 17:32:30.093,3,NVIDIA A100-SXM-64GB,104.12,31868,100
2284,2026-05-18 17:32:35.208737,2026/05/18 17:32:35.421,0,NVIDIA A100-SXM-64GB,103.01,31964,100
2285,2026-05-18 17:32:35.208737,2026/05/18 17:32:35.424,1,NVIDIA A100-SXM-64GB,99.36,31892,100
2286,2026-05-18 17:32:35.208737,2026/05/18 17:32:35.471,2,NVIDIA A100-SXM-64GB,106.97,31912,100
2287,2026-05-18 17:32:35.208737,2026/05/18 17:32:35.474,3,NVIDIA A100-SXM-64GB,108.39,31868,100
2288,2026-05-18 17:32:40.592801,2026/05/18 17:32:40.749,0,NVIDIA A100-SXM-64GB,96.92,31964,100
2289,2026-05-18 17:32:40.592801,2026/05/18 17:32:40.752,1,NVIDIA A100-SXM-64GB,92.26,31892,100
2290,2026-05-18 17:32:40.592801,2026/05/18 17:32:40.755,2,NVIDIA A100-SXM-64GB,93.79,31912,100
2291,2026-05-18 17:32:40.592801,2026/05/18 17:32:40.771,3,NVIDIA A100-SXM-64GB,94.90,31868,100
2292,2026-05-18 17:32:45.900179,2026/05/18 17:32:46.054,0,NVIDIA A100-SXM-64GB,106.37,31964,100
2293,2026-05-18 17:32:45.900179,2026/05/18 17:32:46.057,1,NVIDIA A100-SXM-64GB,103.30,31892,100
2294,2026-05-18 17:32:45.900179,2026/05/18 17:32:46.067,2,NVIDIA A100-SXM-64GB,106.37,31912,100
2295,2026-05-18 17:32:45.900179,2026/05/18 17:32:46.122,3,NVIDIA A100-SXM-64GB,119.66,31868,100
2296,2026-05-18 17:32:51.211853,2026/05/18 17:32:51.358,0,NVIDIA A100-SXM-64GB,87.33,31964,0
2297,2026-05-18 17:32:51.211853,2026/05/18 17:32:51.361,1,NVIDIA A100-SXM-64GB,92.36,31892,100
2298,2026-05-18 17:32:51.211853,2026/05/18 17:32:51.364,2,NVIDIA A100-SXM-64GB,92.86,31912,100
2299,2026-05-18 17:32:51.211853,2026/05/18 17:32:51.403,3,NVIDIA A100-SXM-64GB,94.56,31868,100
2300,2026-05-18 17:32:56.500085,2026/05/18 17:32:56.659,0,NVIDIA A100-SXM-64GB,106.48,31964,100
2301,2026-05-18 17:32:56.500085,2026/05/18 17:32:56.686,1,NVIDIA A100-SXM-64GB,107.08,31892,100
2302,2026-05-18 17:32:56.500085,2026/05/18 17:32:56.691,2,NVIDIA A100-SXM-64GB,102.20,31912,100
2303,2026-05-18 17:32:56.500085,2026/05/18 17:32:56.701,3,NVIDIA A100-SXM-64GB,111.40,31868,100
2304,2026-05-18 17:33:01.834107,2026/05/18 17:33:02.052,0,NVIDIA A100-SXM-64GB,133.60,31964,100
2305,2026-05-18 17:33:01.834107,2026/05/18 17:33:02.055,1,NVIDIA A100-SXM-64GB,145.40,31892,100
2306,2026-05-18 17:33:01.834107,2026/05/18 17:33:02.059,2,NVIDIA A100-SXM-64GB,96.29,31912,100
2307,2026-05-18 17:33:01.834107,2026/05/18 17:33:02.105,3,NVIDIA A100-SXM-64GB,118.12,31868,100
2308,2026-05-18 17:33:07.207017,2026/05/18 17:33:07.363,0,NVIDIA A100-SXM-64GB,95.99,31964,100
2309,2026-05-18 17:33:07.207017,2026/05/18 17:33:07.366,1,NVIDIA A100-SXM-64GB,92.36,31892,100
2310,2026-05-18 17:33:07.207017,2026/05/18 17:33:07.414,2,NVIDIA A100-SXM-64GB,93.46,31912,100
2311,2026-05-18 17:33:07.207017,2026/05/18 17:33:07.423,3,NVIDIA A100-SXM-64GB,94.56,31868,100
2312,2026-05-18 17:33:12.529418,2026/05/18 17:33:12.683,0,NVIDIA A100-SXM-64GB,96.26,31964,100
2313,2026-05-18 17:33:12.529418,2026/05/18 17:33:12.685,1,NVIDIA A100-SXM-64GB,92.36,31892,100
2314,2026-05-18 17:33:12.529418,2026/05/18 17:33:12.689,2,NVIDIA A100-SXM-64GB,93.55,31912,100
2315,2026-05-18 17:33:12.529418,2026/05/18 17:33:12.744,3,NVIDIA A100-SXM-64GB,94.56,31868,100
2316,2026-05-18 17:33:17.859675,2026/05/18 17:33:18.013,0,NVIDIA A100-SXM-64GB,95.99,31964,100
2317,2026-05-18 17:33:17.859675,2026/05/18 17:33:18.040,1,NVIDIA A100-SXM-64GB,92.63,31892,100
2318,2026-05-18 17:33:17.859675,2026/05/18 17:33:18.042,2,NVIDIA A100-SXM-64GB,93.79,31912,100
2319,2026-05-18 17:33:17.859675,2026/05/18 17:33:18.066,3,NVIDIA A100-SXM-64GB,94.56,31868,100
2320,2026-05-18 17:33:23.184909,2026/05/18 17:33:23.341,0,NVIDIA A100-SXM-64GB,106.81,31964,100
2321,2026-05-18 17:33:23.184909,2026/05/18 17:33:23.344,1,NVIDIA A100-SXM-64GB,105.76,31892,100
2322,2026-05-18 17:33:23.184909,2026/05/18 17:33:23.386,2,NVIDIA A100-SXM-64GB,104.12,31912,100
2323,2026-05-18 17:33:23.184909,2026/05/18 17:33:23.389,3,NVIDIA A100-SXM-64GB,95.50,31868,100
2324,2026-05-18 17:33:28.508930,2026/05/18 17:33:28.678,0,NVIDIA A100-SXM-64GB,107.51,31964,100
2325,2026-05-18 17:33:28.508930,2026/05/18 17:33:28.681,1,NVIDIA A100-SXM-64GB,102.70,31892,100
2326,2026-05-18 17:33:28.508930,2026/05/18 17:33:28.683,2,NVIDIA A100-SXM-64GB,107.46,31912,100
2327,2026-05-18 17:33:28.508930,2026/05/18 17:33:28.700,3,NVIDIA A100-SXM-64GB,103.69,31868,100
2328,2026-05-18 17:33:33.849500,2026/05/18 17:33:34.005,0,NVIDIA A100-SXM-64GB,95.66,31964,100
2329,2026-05-18 17:33:33.849500,2026/05/18 17:33:34.008,1,NVIDIA A100-SXM-64GB,92.36,31892,100
2330,2026-05-18 17:33:33.849500,2026/05/18 17:33:34.011,2,NVIDIA A100-SXM-64GB,93.46,31912,100
2331,2026-05-18 17:33:33.849500,2026/05/18 17:33:34.050,3,NVIDIA A100-SXM-64GB,85.77,31868,0
2332,2026-05-18 17:33:39.147511,2026/05/18 17:33:39.310,0,NVIDIA A100-SXM-64GB,99.94,31964,100
2333,2026-05-18 17:33:39.147511,2026/05/18 17:33:39.361,1,NVIDIA A100-SXM-64GB,115.79,31892,100
2334,2026-05-18 17:33:39.147511,2026/05/18 17:33:39.364,2,NVIDIA A100-SXM-64GB,103.63,31912,100
2335,2026-05-18 17:33:39.147511,2026/05/18 17:33:39.400,3,NVIDIA A100-SXM-64GB,99.86,31868,100
2336,2026-05-18 17:33:44.506732,2026/05/18 17:33:44.669,0,NVIDIA A100-SXM-64GB,104.06,31964,100
2337,2026-05-18 17:33:44.506732,2026/05/18 17:33:44.672,1,NVIDIA A100-SXM-64GB,97.93,31892,100
2338,2026-05-18 17:33:44.506732,2026/05/18 17:33:44.674,2,NVIDIA A100-SXM-64GB,101.17,31912,100
2339,2026-05-18 17:33:44.506732,2026/05/18 17:33:44.728,3,NVIDIA A100-SXM-64GB,97.73,31868,100
2340,2026-05-18 17:33:49.828674,2026/05/18 17:33:49.987,0,NVIDIA A100-SXM-64GB,96.08,31964,100
2341,2026-05-18 17:33:49.828674,2026/05/18 17:33:49.990,1,NVIDIA A100-SXM-64GB,92.55,31892,100
2342,2026-05-18 17:33:49.828674,2026/05/18 17:33:49.992,2,NVIDIA A100-SXM-64GB,93.98,31912,100
2343,2026-05-18 17:33:49.828674,2026/05/18 17:33:50.036,3,NVIDIA A100-SXM-64GB,94.76,31868,100
2344,2026-05-18 17:33:55.133865,2026/05/18 17:33:55.294,0,NVIDIA A100-SXM-64GB,96.26,31964,100
2345,2026-05-18 17:33:55.133865,2026/05/18 17:33:55.334,1,NVIDIA A100-SXM-64GB,92.36,31892,100
2346,2026-05-18 17:33:55.133865,2026/05/18 17:33:55.338,2,NVIDIA A100-SXM-64GB,93.89,31912,100
2347,2026-05-18 17:33:55.133865,2026/05/18 17:33:55.348,3,NVIDIA A100-SXM-64GB,94.56,31868,100
2348,2026-05-18 17:34:00.463883,2026/05/18 17:34:00.588,0,NVIDIA A100-SXM-64GB,106.97,31964,100
2349,2026-05-18 17:34:00.463883,2026/05/18 17:34:00.620,1,NVIDIA A100-SXM-64GB,92.95,31892,87
2350,2026-05-18 17:34:00.463883,2026/05/18 17:34:00.672,2,NVIDIA A100-SXM-64GB,87.15,31912,52
2351,2026-05-18 17:34:00.463883,2026/05/18 17:34:00.675,3,NVIDIA A100-SXM-64GB,101.89,31868,62
2352,2026-05-18 17:34:05.789732,2026/05/18 17:34:05.951,0,NVIDIA A100-SXM-64GB,158.81,31964,100
2353,2026-05-18 17:34:05.789732,2026/05/18 17:34:05.954,1,NVIDIA A100-SXM-64GB,108.78,31892,100
2354,2026-05-18 17:34:05.789732,2026/05/18 17:34:05.964,2,NVIDIA A100-SXM-64GB,96.29,31912,100
2355,2026-05-18 17:34:05.789732,2026/05/18 17:34:06.028,3,NVIDIA A100-SXM-64GB,98.93,31868,100
2356,2026-05-18 17:34:11.130636,2026/05/18 17:34:11.289,0,NVIDIA A100-SXM-64GB,106.70,31964,100
2357,2026-05-18 17:34:11.130636,2026/05/18 17:34:11.292,1,NVIDIA A100-SXM-64GB,110.64,31892,100
2358,2026-05-18 17:34:11.130636,2026/05/18 17:34:11.294,2,NVIDIA A100-SXM-64GB,116.11,31912,100
2359,2026-05-18 17:34:11.130636,2026/05/18 17:34:11.310,3,NVIDIA A100-SXM-64GB,104.73,31868,100
2360,2026-05-18 17:34:16.427770,2026/05/18 17:34:16.591,0,NVIDIA A100-SXM-64GB,105.16,31964,100
2361,2026-05-18 17:34:16.427770,2026/05/18 17:34:16.594,1,NVIDIA A100-SXM-64GB,110.79,31892,100
2362,2026-05-18 17:34:16.427770,2026/05/18 17:34:16.597,2,NVIDIA A100-SXM-64GB,107.57,31912,100
2363,2026-05-18 17:34:16.427770,2026/05/18 17:34:16.653,3,NVIDIA A100-SXM-64GB,107.68,31868,100
2364,2026-05-18 17:34:21.758293,2026/05/18 17:34:21.918,0,NVIDIA A100-SXM-64GB,103.34,31964,100
2365,2026-05-18 17:34:21.758293,2026/05/18 17:34:21.943,1,NVIDIA A100-SXM-64GB,94.58,31892,100
2366,2026-05-18 17:34:21.758293,2026/05/18 17:34:21.946,2,NVIDIA A100-SXM-64GB,102.48,31912,100
2367,2026-05-18 17:34:21.758293,2026/05/18 17:34:21.998,3,NVIDIA A100-SXM-64GB,97.73,31868,100
2368,2026-05-18 17:34:27.150599,2026/05/18 17:34:27.311,0,NVIDIA A100-SXM-64GB,102.52,31964,95
2369,2026-05-18 17:34:27.150599,2026/05/18 17:34:27.351,1,NVIDIA A100-SXM-64GB,102.48,31892,97
2370,2026-05-18 17:34:27.150599,2026/05/18 17:34:27.354,2,NVIDIA A100-SXM-64GB,109.11,31912,76
2371,2026-05-18 17:34:27.150599,2026/05/18 17:34:27.370,3,NVIDIA A100-SXM-64GB,106.26,31868,95
2372,2026-05-18 17:34:32.504945,2026/05/18 17:34:32.667,0,NVIDIA A100-SXM-64GB,115.05,31964,100
2373,2026-05-18 17:34:32.504945,2026/05/18 17:34:32.669,1,NVIDIA A100-SXM-64GB,101.60,31892,100
2374,2026-05-18 17:34:32.504945,2026/05/18 17:34:32.675,2,NVIDIA A100-SXM-64GB,99.63,31912,100
2375,2026-05-18 17:34:32.504945,2026/05/18 17:34:32.733,3,NVIDIA A100-SXM-64GB,104.73,31868,100
2376,2026-05-18 17:34:37.846097,2026/05/18 17:34:37.999,0,NVIDIA A100-SXM-64GB,107.62,31964,100
2377,2026-05-18 17:34:37.846097,2026/05/18 17:34:38.001,1,NVIDIA A100-SXM-64GB,104.73,31892,100
2378,2026-05-18 17:34:37.846097,2026/05/18 17:34:38.039,2,NVIDIA A100-SXM-64GB,116.32,31912,100
2379,2026-05-18 17:34:37.846097,2026/05/18 17:34:38.042,3,NVIDIA A100-SXM-64GB,103.09,31868,100
2380,2026-05-18 17:34:43.172764,2026/05/18 17:34:43.340,0,NVIDIA A100-SXM-64GB,113.40,31964,100
2381,2026-05-18 17:34:43.172764,2026/05/18 17:34:43.343,1,NVIDIA A100-SXM-64GB,106.53,31892,100
2382,2026-05-18 17:34:43.172764,2026/05/18 17:34:43.349,2,NVIDIA A100-SXM-64GB,111.12,31912,100
2383,2026-05-18 17:34:43.172764,2026/05/18 17:34:43.400,3,NVIDIA A100-SXM-64GB,125.00,31868,100
2384,2026-05-18 17:34:48.521768,2026/05/18 17:34:48.684,0,NVIDIA A100-SXM-64GB,100.04,31964,100
2385,2026-05-18 17:34:48.521768,2026/05/18 17:34:48.687,1,NVIDIA A100-SXM-64GB,105.76,31892,100
2386,2026-05-18 17:34:48.521768,2026/05/18 17:34:48.690,2,NVIDIA A100-SXM-64GB,103.63,31912,100
2387,2026-05-18 17:34:48.521768,2026/05/18 17:34:48.771,3,NVIDIA A100-SXM-64GB,111.40,31868,100
2388,2026-05-18 17:34:53.868300,2026/05/18 17:34:54.029,0,NVIDIA A100-SXM-64GB,112.07,31964,100
2389,2026-05-18 17:34:53.868300,2026/05/18 17:34:54.032,1,NVIDIA A100-SXM-64GB,102.92,31892,100
2390,2026-05-18 17:34:53.868300,2026/05/18 17:34:54.044,2,NVIDIA A100-SXM-64GB,108.06,31912,100
2391,2026-05-18 17:34:53.868300,2026/05/18 17:34:54.064,3,NVIDIA A100-SXM-64GB,108.44,31868,100
2392,2026-05-18 17:34:59.215827,2026/05/18 17:34:59.375,0,NVIDIA A100-SXM-64GB,98.73,31964,100
2393,2026-05-18 17:34:59.215827,2026/05/18 17:34:59.378,1,NVIDIA A100-SXM-64GB,115.62,31892,100
2394,2026-05-18 17:34:59.215827,2026/05/18 17:34:59.454,2,NVIDIA A100-SXM-64GB,103.52,31912,100
2395,2026-05-18 17:34:59.215827,2026/05/18 17:34:59.458,3,NVIDIA A100-SXM-64GB,98.65,31868,100
2396,2026-05-18 17:35:04.571013,2026/05/18 17:35:04.726,0,NVIDIA A100-SXM-64GB,107.30,31964,100
2397,2026-05-18 17:35:04.571013,2026/05/18 17:35:04.729,1,NVIDIA A100-SXM-64GB,107.57,31892,100
2398,2026-05-18 17:35:04.571013,2026/05/18 17:35:04.771,2,NVIDIA A100-SXM-64GB,109.38,31912,100
2399,2026-05-18 17:35:04.571013,2026/05/18 17:35:04.814,3,NVIDIA A100-SXM-64GB,108.28,31868,100
2400,2026-05-18 17:35:09.918904,2026/05/18 17:35:10.136,0,NVIDIA A100-SXM-64GB,106.59,31964,100
2401,2026-05-18 17:35:09.918904,2026/05/18 17:35:10.156,1,NVIDIA A100-SXM-64GB,108.78,31892,100
2402,2026-05-18 17:35:09.918904,2026/05/18 17:35:10.162,2,NVIDIA A100-SXM-64GB,107.46,31912,100
2403,2026-05-18 17:35:09.918904,2026/05/18 17:35:10.179,3,NVIDIA A100-SXM-64GB,100.69,31868,100
2404,2026-05-18 17:35:15.320839,2026/05/18 17:35:15.490,0,NVIDIA A100-SXM-64GB,113.51,31964,100
2405,2026-05-18 17:35:15.320839,2026/05/18 17:35:15.493,1,NVIDIA A100-SXM-64GB,134.12,31892,100
2406,2026-05-18 17:35:15.320839,2026/05/18 17:35:15.500,2,NVIDIA A100-SXM-64GB,110.64,31912,100
2407,2026-05-18 17:35:15.320839,2026/05/18 17:35:15.556,3,NVIDIA A100-SXM-64GB,103.20,31868,100
2408,2026-05-18 17:35:20.692785,2026/05/18 17:35:20.895,0,NVIDIA A100-SXM-64GB,111.25,31964,100
2409,2026-05-18 17:35:20.692785,2026/05/18 17:35:20.898,1,NVIDIA A100-SXM-64GB,102.70,31892,100
2410,2026-05-18 17:35:20.692785,2026/05/18 17:35:20.944,2,NVIDIA A100-SXM-64GB,103.90,31912,100
2411,2026-05-18 17:35:20.692785,2026/05/18 17:35:20.947,3,NVIDIA A100-SXM-64GB,108.28,31868,100
2412,2026-05-18 17:35:26.075217,2026/05/18 17:35:26.234,0,NVIDIA A100-SXM-64GB,105.87,31964,100
2413,2026-05-18 17:35:26.075217,2026/05/18 17:35:26.237,1,NVIDIA A100-SXM-64GB,93.32,31892,100
2414,2026-05-18 17:35:26.075217,2026/05/18 17:35:26.240,2,NVIDIA A100-SXM-64GB,93.98,31912,100
2415,2026-05-18 17:35:26.075217,2026/05/18 17:35:26.293,3,NVIDIA A100-SXM-64GB,101.49,31868,100
2416,2026-05-18 17:35:31.395819,2026/05/18 17:35:31.567,0,NVIDIA A100-SXM-64GB,114.32,31964,100
2417,2026-05-18 17:35:31.395819,2026/05/18 17:35:31.570,1,NVIDIA A100-SXM-64GB,100.23,31892,100
2418,2026-05-18 17:35:31.395819,2026/05/18 17:35:31.574,2,NVIDIA A100-SXM-64GB,99.03,31912,100
2419,2026-05-18 17:35:31.395819,2026/05/18 17:35:31.595,3,NVIDIA A100-SXM-64GB,107.95,31868,100
2420,2026-05-18 17:35:36.728060,2026/05/18 17:35:36.957,0,NVIDIA A100-SXM-64GB,103.34,31964,100
2421,2026-05-18 17:35:36.728060,2026/05/18 17:35:36.960,1,NVIDIA A100-SXM-64GB,140.65,31892,100
2422,2026-05-18 17:35:36.728060,2026/05/18 17:35:36.963,2,NVIDIA A100-SXM-64GB,119.93,31912,100
2423,2026-05-18 17:35:36.728060,2026/05/18 17:35:37.008,3,NVIDIA A100-SXM-64GB,103.20,31868,100
2424,2026-05-18 17:35:42.110504,2026/05/18 17:35:42.276,0,NVIDIA A100-SXM-64GB,110.04,31964,100
2425,2026-05-18 17:35:42.110504,2026/05/18 17:35:42.279,1,NVIDIA A100-SXM-64GB,103.13,31892,100
2426,2026-05-18 17:35:42.110504,2026/05/18 17:35:42.334,2,NVIDIA A100-SXM-64GB,102.10,31912,100
2427,2026-05-18 17:35:42.110504,2026/05/18 17:35:42.368,3,NVIDIA A100-SXM-64GB,98.00,31868,100
2428,2026-05-18 17:35:47.465639,2026/05/18 17:35:47.615,0,NVIDIA A100-SXM-64GB,108.83,31964,100
2429,2026-05-18 17:35:47.465639,2026/05/18 17:35:47.618,1,NVIDIA A100-SXM-64GB,103.13,31892,100
2430,2026-05-18 17:35:47.465639,2026/05/18 17:35:47.666,2,NVIDIA A100-SXM-64GB,106.64,31912,100
2431,2026-05-18 17:35:47.465639,2026/05/18 17:35:47.691,3,NVIDIA A100-SXM-64GB,109.80,31868,100
2432,2026-05-18 17:35:52.794559,2026/05/18 17:35:52.954,0,NVIDIA A100-SXM-64GB,114.66,31964,100
2433,2026-05-18 17:35:52.794559,2026/05/18 17:35:52.988,1,NVIDIA A100-SXM-64GB,118.58,31892,100
2434,2026-05-18 17:35:52.794559,2026/05/18 17:35:52.991,2,NVIDIA A100-SXM-64GB,99.63,31912,100
2435,2026-05-18 17:35:52.794559,2026/05/18 17:35:53.042,3,NVIDIA A100-SXM-64GB,102.16,31868,100
2436,2026-05-18 17:35:58.147171,2026/05/18 17:35:58.296,0,NVIDIA A100-SXM-64GB,112.19,31964,100
2437,2026-05-18 17:35:58.147171,2026/05/18 17:35:58.323,1,NVIDIA A100-SXM-64GB,102.48,31892,100
2438,2026-05-18 17:35:58.147171,2026/05/18 17:35:58.327,2,NVIDIA A100-SXM-64GB,106.04,31912,100
2439,2026-05-18 17:35:58.147171,2026/05/18 17:35:58.394,3,NVIDIA A100-SXM-64GB,106.26,31868,100
2440,2026-05-18 17:36:03.545052,2026/05/18 17:36:03.709,0,NVIDIA A100-SXM-64GB,109.44,31964,100
2441,2026-05-18 17:36:03.545052,2026/05/18 17:36:03.712,1,NVIDIA A100-SXM-64GB,107.08,31892,100
2442,2026-05-18 17:36:03.545052,2026/05/18 17:36:03.724,2,NVIDIA A100-SXM-64GB,96.39,31912,100
2443,2026-05-18 17:36:03.545052,2026/05/18 17:36:03.793,3,NVIDIA A100-SXM-64GB,96.19,31868,88
2444,2026-05-18 17:36:08.915219,2026/05/18 17:36:09.079,0,NVIDIA A100-SXM-64GB,103.34,31964,100
2445,2026-05-18 17:36:08.915219,2026/05/18 17:36:09.082,1,NVIDIA A100-SXM-64GB,100.57,31892,100
2446,2026-05-18 17:36:08.915219,2026/05/18 17:36:09.118,2,NVIDIA A100-SXM-64GB,105.43,31912,100
2447,2026-05-18 17:36:08.915219,2026/05/18 17:36:09.121,3,NVIDIA A100-SXM-64GB,107.07,31868,100
2448,2026-05-18 17:36:14.251861,2026/05/18 17:36:14.422,0,NVIDIA A100-SXM-64GB,107.41,31964,100
2449,2026-05-18 17:36:14.251861,2026/05/18 17:36:14.425,1,NVIDIA A100-SXM-64GB,113.65,31892,100
2450,2026-05-18 17:36:14.251861,2026/05/18 17:36:14.483,2,NVIDIA A100-SXM-64GB,101.49,31912,100
2451,2026-05-18 17:36:14.251861,2026/05/18 17:36:14.527,3,NVIDIA A100-SXM-64GB,98.33,31868,100
2452,2026-05-18 17:36:19.631443,2026/05/18 17:36:19.797,0,NVIDIA A100-SXM-64GB,124.58,31964,100
2453,2026-05-18 17:36:19.631443,2026/05/18 17:36:19.800,1,NVIDIA A100-SXM-64GB,105.43,31892,100
2454,2026-05-18 17:36:19.631443,2026/05/18 17:36:19.840,2,NVIDIA A100-SXM-64GB,109.26,31912,100
2455,2026-05-18 17:36:19.631443,2026/05/18 17:36:19.843,3,NVIDIA A100-SXM-64GB,143.69,31868,100
2456,2026-05-18 17:36:24.986657,2026/05/18 17:36:25.147,0,NVIDIA A100-SXM-64GB,112.19,31964,100
2457,2026-05-18 17:36:24.986657,2026/05/18 17:36:25.150,1,NVIDIA A100-SXM-64GB,108.17,31892,100
2458,2026-05-18 17:36:24.986657,2026/05/18 17:36:25.152,2,NVIDIA A100-SXM-64GB,106.04,31912,100
2459,2026-05-18 17:36:24.986657,2026/05/18 17:36:25.205,3,NVIDIA A100-SXM-64GB,108.88,31868,100
2460,2026-05-18 17:36:30.344948,2026/05/18 17:36:30.496,0,NVIDIA A100-SXM-64GB,104.55,31964,99
2461,2026-05-18 17:36:30.344948,2026/05/18 17:36:30.535,1,NVIDIA A100-SXM-64GB,107.29,31892,85
2462,2026-05-18 17:36:30.344948,2026/05/18 17:36:30.542,2,NVIDIA A100-SXM-64GB,99.03,31912,100
2463,2026-05-18 17:36:30.344948,2026/05/18 17:36:30.545,3,NVIDIA A100-SXM-64GB,113.14,31868,87
2464,2026-05-18 17:36:35.685799,2026/05/18 17:36:35.841,0,NVIDIA A100-SXM-64GB,100.54,31964,100
2465,2026-05-18 17:36:35.685799,2026/05/18 17:36:35.843,1,NVIDIA A100-SXM-64GB,106.97,31892,100
2466,2026-05-18 17:36:35.685799,2026/05/18 17:36:35.850,2,NVIDIA A100-SXM-64GB,99.36,31912,100
2467,2026-05-18 17:36:35.685799,2026/05/18 17:36:35.906,3,NVIDIA A100-SXM-64GB,110.41,31868,100
2468,2026-05-18 17:36:41.020165,2026/05/18 17:36:41.180,0,NVIDIA A100-SXM-64GB,111.86,31964,100
2469,2026-05-18 17:36:41.020165,2026/05/18 17:36:41.183,1,NVIDIA A100-SXM-64GB,100.23,31892,100
2470,2026-05-18 17:36:41.020165,2026/05/18 17:36:41.244,2,NVIDIA A100-SXM-64GB,107.79,31912,100
2471,2026-05-18 17:36:41.020165,2026/05/18 17:36:41.281,3,NVIDIA A100-SXM-64GB,110.68,31868,100
2472,2026-05-18 17:36:46.382219,2026/05/18 17:36:46.548,0,NVIDIA A100-SXM-64GB,109.23,31964,96
2473,2026-05-18 17:36:46.382219,2026/05/18 17:36:46.551,1,NVIDIA A100-SXM-64GB,183.17,31892,100
2474,2026-05-18 17:36:46.382219,2026/05/18 17:36:46.561,2,NVIDIA A100-SXM-64GB,105.54,31912,100
2475,2026-05-18 17:36:46.382219,2026/05/18 17:36:46.594,3,NVIDIA A100-SXM-64GB,116.32,31868,100
2476,2026-05-18 17:36:51.758499,2026/05/18 17:36:51.919,0,NVIDIA A100-SXM-64GB,110.48,31964,100
2477,2026-05-18 17:36:51.758499,2026/05/18 17:36:51.921,1,NVIDIA A100-SXM-64GB,100.89,31892,100
2478,2026-05-18 17:36:51.758499,2026/05/18 17:36:51.984,2,NVIDIA A100-SXM-64GB,108.50,31912,100
2479,2026-05-18 17:36:51.758499,2026/05/18 17:36:52.025,3,NVIDIA A100-SXM-64GB,98.65,31868,100
2480,2026-05-18 17:36:57.178365,2026/05/18 17:36:57.352,0,NVIDIA A100-SXM-64GB,103.34,31964,100
2481,2026-05-18 17:36:57.178365,2026/05/18 17:36:57.355,1,NVIDIA A100-SXM-64GB,106.04,31892,100
2482,2026-05-18 17:36:57.178365,2026/05/18 17:36:57.359,2,NVIDIA A100-SXM-64GB,98.10,31912,100
2483,2026-05-18 17:36:57.178365,2026/05/18 17:36:57.414,3,NVIDIA A100-SXM-64GB,104.73,31868,100
2484,2026-05-18 17:37:02.525511,2026/05/18 17:37:02.691,0,NVIDIA A100-SXM-64GB,98.13,31964,100
2485,2026-05-18 17:37:02.525511,2026/05/18 17:37:02.709,1,NVIDIA A100-SXM-64GB,133.19,31892,100
2486,2026-05-18 17:37:02.525511,2026/05/18 17:37:02.712,2,NVIDIA A100-SXM-64GB,94.16,31912,100
2487,2026-05-18 17:37:02.525511,2026/05/18 17:37:02.775,3,NVIDIA A100-SXM-64GB,97.12,31868,100
2488,2026-05-18 17:37:07.912126,2026/05/18 17:37:08.087,0,NVIDIA A100-SXM-64GB,103.01,31964,100
2489,2026-05-18 17:37:07.912126,2026/05/18 17:37:08.090,1,NVIDIA A100-SXM-64GB,103.90,31892,100
2490,2026-05-18 17:37:07.912126,2026/05/18 17:37:08.125,2,NVIDIA A100-SXM-64GB,103.02,31912,100
2491,2026-05-18 17:37:07.912126,2026/05/18 17:37:08.198,3,NVIDIA A100-SXM-64GB,103.69,31868,100
2492,2026-05-18 17:37:13.326806,2026/05/18 17:37:13.485,0,NVIDIA A100-SXM-64GB,110.26,31964,85
2493,2026-05-18 17:37:13.326806,2026/05/18 17:37:13.488,1,NVIDIA A100-SXM-64GB,98.53,31892,82
2494,2026-05-18 17:37:13.326806,2026/05/18 17:37:13.547,2,NVIDIA A100-SXM-64GB,112.65,31912,100
2495,2026-05-18 17:37:13.326806,2026/05/18 17:37:13.555,3,NVIDIA A100-SXM-64GB,109.15,31868,98
2496,2026-05-18 17:37:18.672598,2026/05/18 17:37:18.830,0,NVIDIA A100-SXM-64GB,95.66,31964,100
2497,2026-05-18 17:37:18.672598,2026/05/18 17:37:18.833,1,NVIDIA A100-SXM-64GB,92.36,31892,100
2498,2026-05-18 17:37:18.672598,2026/05/18 17:37:18.836,2,NVIDIA A100-SXM-64GB,92.95,31912,100
2499,2026-05-18 17:37:18.672598,2026/05/18 17:37:18.920,3,NVIDIA A100-SXM-64GB,94.56,31868,100
2500,2026-05-18 17:37:24.045965,2026/05/18 17:37:24.218,0,NVIDIA A100-SXM-64GB,104.93,31964,100
2501,2026-05-18 17:37:24.045965,2026/05/18 17:37:24.221,1,NVIDIA A100-SXM-64GB,93.65,31892,100
2502,2026-05-18 17:37:24.045965,2026/05/18 17:37:24.239,2,NVIDIA A100-SXM-64GB,104.94,31912,100
2503,2026-05-18 17:37:24.045965,2026/05/18 17:37:24.254,3,NVIDIA A100-SXM-64GB,98.33,31868,100
2504,2026-05-18 17:37:29.374661,2026/05/18 17:37:29.540,0,NVIDIA A100-SXM-64GB,110.37,31964,100
2505,2026-05-18 17:37:29.374661,2026/05/18 17:37:29.543,1,NVIDIA A100-SXM-64GB,106.04,31892,100
2506,2026-05-18 17:37:29.374661,2026/05/18 17:37:29.576,2,NVIDIA A100-SXM-64GB,101.76,31912,100
2507,2026-05-18 17:37:29.374661,2026/05/18 17:37:29.620,3,NVIDIA A100-SXM-64GB,107.95,31868,100
2508,2026-05-18 17:37:34.735217,2026/05/18 17:37:34.906,0,NVIDIA A100-SXM-64GB,105.16,31964,100
2509,2026-05-18 17:37:34.735217,2026/05/18 17:37:34.908,1,NVIDIA A100-SXM-64GB,104.94,31892,100
2510,2026-05-18 17:37:34.735217,2026/05/18 17:37:34.961,2,NVIDIA A100-SXM-64GB,112.88,31912,100
2511,2026-05-18 17:37:34.735217,2026/05/18 17:37:35.027,3,NVIDIA A100-SXM-64GB,98.93,31868,100
2512,2026-05-18 17:37:40.133818,2026/05/18 17:37:40.287,0,NVIDIA A100-SXM-64GB,77.92,31964,0
2513,2026-05-18 17:37:40.133818,2026/05/18 17:37:40.292,1,NVIDIA A100-SXM-64GB,92.12,31892,100
2514,2026-05-18 17:37:40.133818,2026/05/18 17:37:40.332,2,NVIDIA A100-SXM-64GB,93.55,31912,100
2515,2026-05-18 17:37:40.133818,2026/05/18 17:37:40.363,3,NVIDIA A100-SXM-64GB,94.66,31868,100
2516,2026-05-18 17:37:45.466771,2026/05/18 17:37:45.622,0,NVIDIA A100-SXM-64GB,95.76,31964,100
2517,2026-05-18 17:37:45.466771,2026/05/18 17:37:45.647,1,NVIDIA A100-SXM-64GB,92.12,31892,100
2518,2026-05-18 17:37:45.466771,2026/05/18 17:37:45.650,2,NVIDIA A100-SXM-64GB,93.05,31912,100
2519,2026-05-18 17:37:45.466771,2026/05/18 17:37:45.685,3,NVIDIA A100-SXM-64GB,94.66,31868,100
2520,2026-05-18 17:37:50.802931,2026/05/18 17:37:50.951,0,NVIDIA A100-SXM-64GB,95.66,31964,100
2521,2026-05-18 17:37:50.802931,2026/05/18 17:37:50.954,1,NVIDIA A100-SXM-64GB,92.36,31892,100
2522,2026-05-18 17:37:50.802931,2026/05/18 17:37:51.007,2,NVIDIA A100-SXM-64GB,93.55,31912,100
2523,2026-05-18 17:37:50.802931,2026/05/18 17:37:51.010,3,NVIDIA A100-SXM-64GB,94.66,31868,100
2524,2026-05-18 17:37:56.142988,2026/05/18 17:37:56.315,0,NVIDIA A100-SXM-64GB,100.88,31964,100
2525,2026-05-18 17:37:56.142988,2026/05/18 17:37:56.348,1,NVIDIA A100-SXM-64GB,101.49,31892,100
2526,2026-05-18 17:37:56.142988,2026/05/18 17:37:56.351,2,NVIDIA A100-SXM-64GB,101.66,31912,100
2527,2026-05-18 17:37:56.142988,2026/05/18 17:37:56.391,3,NVIDIA A100-SXM-64GB,106.15,31868,100
2528,2026-05-18 17:38:01.535918,2026/05/18 17:38:01.699,0,NVIDIA A100-SXM-64GB,103.45,31964,100
2529,2026-05-18 17:38:01.535918,2026/05/18 17:38:01.702,1,NVIDIA A100-SXM-64GB,108.50,31892,100
2530,2026-05-18 17:38:01.535918,2026/05/18 17:38:01.705,2,NVIDIA A100-SXM-64GB,105.16,31912,100
2531,2026-05-18 17:38:01.535918,2026/05/18 17:38:01.725,3,NVIDIA A100-SXM-64GB,98.00,31868,100
2532,2026-05-18 17:38:06.870107,2026/05/18 17:38:07.029,0,NVIDIA A100-SXM-64GB,96.26,31964,100
2533,2026-05-18 17:38:06.870107,2026/05/18 17:38:07.031,1,NVIDIA A100-SXM-64GB,92.36,31892,100
2534,2026-05-18 17:38:06.870107,2026/05/18 17:38:07.071,2,NVIDIA A100-SXM-64GB,93.79,31912,100
2535,2026-05-18 17:38:06.870107,2026/05/18 17:38:07.074,3,NVIDIA A100-SXM-64GB,94.56,31868,100
2536,2026-05-18 17:38:12.200123,2026/05/18 17:38:12.342,0,NVIDIA A100-SXM-64GB,96.26,31964,100
2537,2026-05-18 17:38:12.200123,2026/05/18 17:38:12.344,1,NVIDIA A100-SXM-64GB,92.36,31892,100
2538,2026-05-18 17:38:12.200123,2026/05/18 17:38:12.347,2,NVIDIA A100-SXM-64GB,93.46,31912,100
2539,2026-05-18 17:38:12.200123,2026/05/18 17:38:12.405,3,NVIDIA A100-SXM-64GB,94.56,31868,100
2540,2026-05-18 17:38:17.494937,2026/05/18 17:38:17.646,0,NVIDIA A100-SXM-64GB,104.06,31964,100
2541,2026-05-18 17:38:17.494937,2026/05/18 17:38:17.649,1,NVIDIA A100-SXM-64GB,102.48,31892,100
2542,2026-05-18 17:38:17.494937,2026/05/18 17:38:17.710,2,NVIDIA A100-SXM-64GB,95.79,31912,100
2543,2026-05-18 17:38:17.494937,2026/05/18 17:38:17.747,3,NVIDIA A100-SXM-64GB,95.09,31868,100
2544,2026-05-18 17:38:22.845453,2026/05/18 17:38:23.005,0,NVIDIA A100-SXM-64GB,95.76,31964,100
2545,2026-05-18 17:38:22.845453,2026/05/18 17:38:23.007,1,NVIDIA A100-SXM-64GB,92.12,31892,100
2546,2026-05-18 17:38:22.845453,2026/05/18 17:38:23.048,2,NVIDIA A100-SXM-64GB,93.55,31912,100
2547,2026-05-18 17:38:22.845453,2026/05/18 17:38:23.097,3,NVIDIA A100-SXM-64GB,94.39,31868,100
2548,2026-05-18 17:38:28.208451,2026/05/18 17:38:28.345,0,NVIDIA A100-SXM-64GB,96.26,31964,100
2549,2026-05-18 17:38:28.208451,2026/05/18 17:38:28.348,1,NVIDIA A100-SXM-64GB,92.02,31892,100
2550,2026-05-18 17:38:28.208451,2026/05/18 17:38:28.353,2,NVIDIA A100-SXM-64GB,93.46,31912,100
2551,2026-05-18 17:38:28.208451,2026/05/18 17:38:28.369,3,NVIDIA A100-SXM-64GB,82.11,31868,100
2552,2026-05-18 17:38:33.492349,2026/05/18 17:38:33.638,0,NVIDIA A100-SXM-64GB,95.76,31964,100
2553,2026-05-18 17:38:33.492349,2026/05/18 17:38:33.641,1,NVIDIA A100-SXM-64GB,92.12,31892,100
2554,2026-05-18 17:38:33.492349,2026/05/18 17:38:33.643,2,NVIDIA A100-SXM-64GB,93.65,31912,100
2555,2026-05-18 17:38:33.492349,2026/05/18 17:38:33.714,3,NVIDIA A100-SXM-64GB,94.39,31868,100
2556,2026-05-18 17:38:38.804018,2026/05/18 17:38:38.958,0,NVIDIA A100-SXM-64GB,127.18,31964,100
2557,2026-05-18 17:38:38.804018,2026/05/18 17:38:38.993,1,NVIDIA A100-SXM-64GB,101.27,31892,100
2558,2026-05-18 17:38:38.804018,2026/05/18 17:38:38.996,2,NVIDIA A100-SXM-64GB,106.97,31912,100
2559,2026-05-18 17:38:38.804018,2026/05/18 17:38:39.042,3,NVIDIA A100-SXM-64GB,107.68,31868,100
2560,2026-05-18 17:38:44.142174,2026/05/18 17:38:44.276,0,NVIDIA A100-SXM-64GB,95.66,31964,100
2561,2026-05-18 17:38:44.142174,2026/05/18 17:38:44.279,1,NVIDIA A100-SXM-64GB,75.02,31892,0
2562,2026-05-18 17:38:44.142174,2026/05/18 17:38:44.319,2,NVIDIA A100-SXM-64GB,74.34,31912,0
2563,2026-05-18 17:38:44.142174,2026/05/18 17:38:44.321,3,NVIDIA A100-SXM-64GB,94.56,31868,100
2564,2026-05-18 17:38:49.408180,2026/05/18 17:38:49.550,0,NVIDIA A100-SXM-64GB,95.76,31964,100
2565,2026-05-18 17:38:49.408180,2026/05/18 17:38:49.553,1,NVIDIA A100-SXM-64GB,92.02,31892,100
2566,2026-05-18 17:38:49.408180,2026/05/18 17:38:49.586,2,NVIDIA A100-SXM-64GB,93.55,31912,100
2567,2026-05-18 17:38:49.408180,2026/05/18 17:38:49.632,3,NVIDIA A100-SXM-64GB,94.39,31868,100
2568,2026-05-18 17:38:54.719110,2026/05/18 17:38:54.869,0,NVIDIA A100-SXM-64GB,105.27,31964,100
2569,2026-05-18 17:38:54.719110,2026/05/18 17:38:54.872,1,NVIDIA A100-SXM-64GB,99.74,31892,100
2570,2026-05-18 17:38:54.719110,2026/05/18 17:38:54.939,2,NVIDIA A100-SXM-64GB,109.38,31912,100
2571,2026-05-18 17:38:54.719110,2026/05/18 17:38:54.941,3,NVIDIA A100-SXM-64GB,141.86,31868,100
2572,2026-05-18 17:39:00.060069,2026/05/18 17:39:00.210,0,NVIDIA A100-SXM-64GB,96.08,31964,100
2573,2026-05-18 17:39:00.060069,2026/05/18 17:39:00.212,1,NVIDIA A100-SXM-64GB,92.45,31892,100
2574,2026-05-18 17:39:00.060069,2026/05/18 17:39:00.215,2,NVIDIA A100-SXM-64GB,93.65,31912,100
2575,2026-05-18 17:39:00.060069,2026/05/18 17:39:00.262,3,NVIDIA A100-SXM-64GB,94.66,31868,100
2576,2026-05-18 17:39:05.350746,2026/05/18 17:39:05.491,0,NVIDIA A100-SXM-64GB,112.19,31964,100
2577,2026-05-18 17:39:05.350746,2026/05/18 17:39:05.494,1,NVIDIA A100-SXM-64GB,103.90,31892,100
2578,2026-05-18 17:39:05.350746,2026/05/18 17:39:05.498,2,NVIDIA A100-SXM-64GB,110.79,31912,100
2579,2026-05-18 17:39:05.350746,2026/05/18 17:39:05.521,3,NVIDIA A100-SXM-64GB,107.95,31868,100
2580,2026-05-18 17:39:10.661027,2026/05/18 17:39:10.804,0,NVIDIA A100-SXM-64GB,113.12,31964,100
2581,2026-05-18 17:39:10.661027,2026/05/18 17:39:10.843,1,NVIDIA A100-SXM-64GB,110.79,31892,100
2582,2026-05-18 17:39:10.661027,2026/05/18 17:39:10.845,2,NVIDIA A100-SXM-64GB,107.46,31912,100
2583,2026-05-18 17:39:10.661027,2026/05/18 17:39:10.889,3,NVIDIA A100-SXM-64GB,112.82,31868,100
2584,2026-05-18 17:39:15.968683,2026/05/18 17:39:16.116,0,NVIDIA A100-SXM-64GB,104.82,31964,100
2585,2026-05-18 17:39:15.968683,2026/05/18 17:39:16.118,1,NVIDIA A100-SXM-64GB,103.30,31892,100
2586,2026-05-18 17:39:15.968683,2026/05/18 17:39:16.179,2,NVIDIA A100-SXM-64GB,103.02,31912,100
2587,2026-05-18 17:39:15.968683,2026/05/18 17:39:16.182,3,NVIDIA A100-SXM-64GB,107.68,31868,100
2588,2026-05-18 17:39:21.292840,2026/05/18 17:39:21.439,0,NVIDIA A100-SXM-64GB,101.37,31964,100
2589,2026-05-18 17:39:21.292840,2026/05/18 17:39:21.442,1,NVIDIA A100-SXM-64GB,100.23,31892,100
2590,2026-05-18 17:39:21.292840,2026/05/18 17:39:21.444,2,NVIDIA A100-SXM-64GB,99.26,31912,100
2591,2026-05-18 17:39:21.292840,2026/05/18 17:39:21.502,3,NVIDIA A100-SXM-64GB,107.35,31868,100
2592,2026-05-18 17:39:26.594338,2026/05/18 17:39:26.746,0,NVIDIA A100-SXM-64GB,98.13,31964,100
2593,2026-05-18 17:39:26.594338,2026/05/18 17:39:26.749,1,NVIDIA A100-SXM-64GB,93.98,31892,100
2594,2026-05-18 17:39:26.594338,2026/05/18 17:39:26.752,2,NVIDIA A100-SXM-64GB,96.62,31912,100
2595,2026-05-18 17:39:26.594338,2026/05/18 17:39:26.799,3,NVIDIA A100-SXM-64GB,103.42,31868,100
2596,2026-05-18 17:39:31.933289,2026/05/18 17:39:32.088,0,NVIDIA A100-SXM-64GB,107.30,31964,100
2597,2026-05-18 17:39:31.933289,2026/05/18 17:39:32.091,1,NVIDIA A100-SXM-64GB,130.73,31892,100
2598,2026-05-18 17:39:31.933289,2026/05/18 17:39:32.093,2,NVIDIA A100-SXM-64GB,105.93,31912,100
2599,2026-05-18 17:39:31.933289,2026/05/18 17:39:32.111,3,NVIDIA A100-SXM-64GB,101.28,31868,100
2600,2026-05-18 17:39:37.245004,2026/05/18 17:39:37.386,0,NVIDIA A100-SXM-64GB,103.01,31964,100
2601,2026-05-18 17:39:37.245004,2026/05/18 17:39:37.389,1,NVIDIA A100-SXM-64GB,111.52,31892,100
2602,2026-05-18 17:39:37.245004,2026/05/18 17:39:37.433,2,NVIDIA A100-SXM-64GB,105.16,31912,100
2603,2026-05-18 17:39:37.245004,2026/05/18 17:39:37.436,3,NVIDIA A100-SXM-64GB,103.52,31868,100
2604,2026-05-18 17:39:42.538290,2026/05/18 17:39:42.696,0,NVIDIA A100-SXM-64GB,102.52,31964,100
2605,2026-05-18 17:39:42.538290,2026/05/18 17:39:42.698,1,NVIDIA A100-SXM-64GB,95.79,31892,100
2606,2026-05-18 17:39:42.538290,2026/05/18 17:39:42.747,2,NVIDIA A100-SXM-64GB,112.77,31912,100
2607,2026-05-18 17:39:42.538290,2026/05/18 17:39:42.751,3,NVIDIA A100-SXM-64GB,101.66,31868,100
2608,2026-05-18 17:39:47.870669,2026/05/18 17:39:48.025,0,NVIDIA A100-SXM-64GB,108.51,31964,100
2609,2026-05-18 17:39:47.870669,2026/05/18 17:39:48.028,1,NVIDIA A100-SXM-64GB,106.04,31892,100
2610,2026-05-18 17:39:47.870669,2026/05/18 17:39:48.030,2,NVIDIA A100-SXM-64GB,105.65,31912,100
2611,2026-05-18 17:39:47.870669,2026/05/18 17:39:48.079,3,NVIDIA A100-SXM-64GB,103.20,31868,100
2612,2026-05-18 17:39:53.184090,2026/05/18 17:39:53.324,0,NVIDIA A100-SXM-64GB,105.16,31964,100
2613,2026-05-18 17:39:53.184090,2026/05/18 17:39:53.350,1,NVIDIA A100-SXM-64GB,100.23,31892,100
2614,2026-05-18 17:39:53.184090,2026/05/18 17:39:53.352,2,NVIDIA A100-SXM-64GB,99.86,31912,100
2615,2026-05-18 17:39:53.184090,2026/05/18 17:39:53.357,3,NVIDIA A100-SXM-64GB,102.81,31868,100
2616,2026-05-18 17:39:58.481348,2026/05/18 17:39:58.622,0,NVIDIA A100-SXM-64GB,123.82,31964,100
2617,2026-05-18 17:39:58.481348,2026/05/18 17:39:58.625,1,NVIDIA A100-SXM-64GB,108.78,31892,100
2618,2026-05-18 17:39:58.481348,2026/05/18 17:39:58.634,2,NVIDIA A100-SXM-64GB,105.16,31912,100
2619,2026-05-18 17:39:58.481348,2026/05/18 17:39:58.688,3,NVIDIA A100-SXM-64GB,95.27,31868,100
2620,2026-05-18 17:40:03.792069,2026/05/18 17:40:03.936,0,NVIDIA A100-SXM-64GB,112.79,31964,100
2621,2026-05-18 17:40:03.792069,2026/05/18 17:40:03.965,1,NVIDIA A100-SXM-64GB,107.08,31892,100
2622,2026-05-18 17:40:03.792069,2026/05/18 17:40:03.968,2,NVIDIA A100-SXM-64GB,106.04,31912,100
2623,2026-05-18 17:40:03.792069,2026/05/18 17:40:04.013,3,NVIDIA A100-SXM-64GB,102.92,31868,100
2624,2026-05-18 17:40:09.114882,2026/05/18 17:40:09.263,0,NVIDIA A100-SXM-64GB,107.90,31964,100
2625,2026-05-18 17:40:09.114882,2026/05/18 17:40:09.266,1,NVIDIA A100-SXM-64GB,104.23,31892,100
2626,2026-05-18 17:40:09.114882,2026/05/18 17:40:09.322,2,NVIDIA A100-SXM-64GB,110.20,31912,100
2627,2026-05-18 17:40:09.114882,2026/05/18 17:40:09.362,3,NVIDIA A100-SXM-64GB,103.09,31868,100
2628,2026-05-18 17:40:14.495667,2026/05/18 17:40:14.649,0,NVIDIA A100-SXM-64GB,114.00,31964,100
2629,2026-05-18 17:40:14.495667,2026/05/18 17:40:14.652,1,NVIDIA A100-SXM-64GB,108.17,31892,100
2630,2026-05-18 17:40:14.495667,2026/05/18 17:40:14.654,2,NVIDIA A100-SXM-64GB,110.64,31912,100
2631,2026-05-18 17:40:14.495667,2026/05/18 17:40:14.712,3,NVIDIA A100-SXM-64GB,98.23,31868,100
2632,2026-05-18 17:40:19.842809,2026/05/18 17:40:20.002,0,NVIDIA A100-SXM-64GB,99.67,31964,100
2633,2026-05-18 17:40:19.842809,2026/05/18 17:40:20.005,1,NVIDIA A100-SXM-64GB,104.50,31892,100
2634,2026-05-18 17:40:19.842809,2026/05/18 17:40:20.009,2,NVIDIA A100-SXM-64GB,108.17,31912,100
2635,2026-05-18 17:40:19.842809,2026/05/18 17:40:20.073,3,NVIDIA A100-SXM-64GB,110.52,31868,100
2636,2026-05-18 17:40:25.183803,2026/05/18 17:40:25.334,0,NVIDIA A100-SXM-64GB,103.45,31964,100
2637,2026-05-18 17:40:25.183803,2026/05/18 17:40:25.336,1,NVIDIA A100-SXM-64GB,96.39,31892,100
2638,2026-05-18 17:40:25.183803,2026/05/18 17:40:25.373,2,NVIDIA A100-SXM-64GB,99.63,31912,100
2639,2026-05-18 17:40:25.183803,2026/05/18 17:40:25.376,3,NVIDIA A100-SXM-64GB,105.82,31868,100
2640,2026-05-18 17:40:30.496715,2026/05/18 17:40:30.640,0,NVIDIA A100-SXM-64GB,108.34,31964,100
2641,2026-05-18 17:40:30.496715,2026/05/18 17:40:30.642,1,NVIDIA A100-SXM-64GB,106.75,31892,100
2642,2026-05-18 17:40:30.496715,2026/05/18 17:40:30.645,2,NVIDIA A100-SXM-64GB,107.08,31912,100
2643,2026-05-18 17:40:30.496715,2026/05/18 17:40:30.698,3,NVIDIA A100-SXM-64GB,108.17,31868,100
2644,2026-05-18 17:40:35.797221,2026/05/18 17:40:35.948,0,NVIDIA A100-SXM-64GB,108.46,31964,100
2645,2026-05-18 17:40:35.797221,2026/05/18 17:40:35.951,1,NVIDIA A100-SXM-64GB,134.26,31892,100
2646,2026-05-18 17:40:35.797221,2026/05/18 17:40:35.953,2,NVIDIA A100-SXM-64GB,99.84,31912,100
2647,2026-05-18 17:40:35.797221,2026/05/18 17:40:36.040,3,NVIDIA A100-SXM-64GB,102.59,31868,100
2648,2026-05-18 17:40:41.140989,2026/05/18 17:40:41.293,0,NVIDIA A100-SXM-64GB,111.58,31964,100
2649,2026-05-18 17:40:41.140989,2026/05/18 17:40:41.329,1,NVIDIA A100-SXM-64GB,106.64,31892,100
2650,2026-05-18 17:40:41.140989,2026/05/18 17:40:41.333,2,NVIDIA A100-SXM-64GB,105.43,31912,100
2651,2026-05-18 17:40:41.140989,2026/05/18 17:40:41.387,3,NVIDIA A100-SXM-64GB,101.06,31868,100
2652,2026-05-18 17:40:46.483660,2026/05/18 17:40:46.643,0,NVIDIA A100-SXM-64GB,110.04,31964,97
2653,2026-05-18 17:40:46.483660,2026/05/18 17:40:46.646,1,NVIDIA A100-SXM-64GB,107.57,31892,95
2654,2026-05-18 17:40:46.483660,2026/05/18 17:40:46.649,2,NVIDIA A100-SXM-64GB,112.77,31912,51
2655,2026-05-18 17:40:46.483660,2026/05/18 17:40:46.692,3,NVIDIA A100-SXM-64GB,107.79,31868,89
2656,2026-05-18 17:40:51.783008,2026/05/18 17:40:51.934,0,NVIDIA A100-SXM-64GB,107.30,31964,100
2657,2026-05-18 17:40:51.783008,2026/05/18 17:40:51.937,1,NVIDIA A100-SXM-64GB,107.08,31892,100
2658,2026-05-18 17:40:51.783008,2026/05/18 17:40:51.968,2,NVIDIA A100-SXM-64GB,94.76,31912,100
2659,2026-05-18 17:40:51.783008,2026/05/18 17:40:51.972,3,NVIDIA A100-SXM-64GB,106.75,31868,100
2660,2026-05-18 17:40:57.108398,2026/05/18 17:40:57.251,0,NVIDIA A100-SXM-64GB,107.90,31964,100
2661,2026-05-18 17:40:57.108398,2026/05/18 17:40:57.254,1,NVIDIA A100-SXM-64GB,104.50,31892,100
2662,2026-05-18 17:40:57.108398,2026/05/18 17:40:57.258,2,NVIDIA A100-SXM-64GB,107.90,31912,100
2663,2026-05-18 17:40:57.108398,2026/05/18 17:40:57.313,3,NVIDIA A100-SXM-64GB,106.86,31868,100
2664,2026-05-18 17:41:02.406015,2026/05/18 17:41:02.550,0,NVIDIA A100-SXM-64GB,96.36,31964,100
2665,2026-05-18 17:41:02.406015,2026/05/18 17:41:02.553,1,NVIDIA A100-SXM-64GB,92.72,31892,100
2666,2026-05-18 17:41:02.406015,2026/05/18 17:41:02.556,2,NVIDIA A100-SXM-64GB,126.18,31912,100
2667,2026-05-18 17:41:02.406015,2026/05/18 17:41:02.608,3,NVIDIA A100-SXM-64GB,95.27,31868,100
2668,2026-05-18 17:41:07.727552,2026/05/18 17:41:07.869,0,NVIDIA A100-SXM-64GB,101.81,31964,100
2669,2026-05-18 17:41:07.727552,2026/05/18 17:41:07.872,1,NVIDIA A100-SXM-64GB,102.37,31892,100
2670,2026-05-18 17:41:07.727552,2026/05/18 17:41:07.875,2,NVIDIA A100-SXM-64GB,104.50,31912,100
2671,2026-05-18 17:41:07.727552,2026/05/18 17:41:07.926,3,NVIDIA A100-SXM-64GB,96.43,31868,100
2672,2026-05-18 17:41:13.028918,2026/05/18 17:41:13.187,0,NVIDIA A100-SXM-64GB,106.92,31964,100
2673,2026-05-18 17:41:13.028918,2026/05/18 17:41:13.192,1,NVIDIA A100-SXM-64GB,101.97,31892,100
2674,2026-05-18 17:41:13.028918,2026/05/18 17:41:13.195,2,NVIDIA A100-SXM-64GB,111.96,31912,100
2675,2026-05-18 17:41:13.028918,2026/05/18 17:41:13.239,3,NVIDIA A100-SXM-64GB,103.52,31868,100
2676,2026-05-18 17:41:18.328423,2026/05/18 17:41:18.477,0,NVIDIA A100-SXM-64GB,110.27,31964,100
2677,2026-05-18 17:41:18.328423,2026/05/18 17:41:18.512,1,NVIDIA A100-SXM-64GB,107.19,31892,100
2678,2026-05-18 17:41:18.328423,2026/05/18 17:41:18.515,2,NVIDIA A100-SXM-64GB,112.88,31912,100
2679,2026-05-18 17:41:18.328423,2026/05/18 17:41:18.584,3,NVIDIA A100-SXM-64GB,105.27,31868,100
2680,2026-05-18 17:41:23.689280,2026/05/18 17:41:23.836,0,NVIDIA A100-SXM-64GB,108.23,31964,100
2681,2026-05-18 17:41:23.689280,2026/05/18 17:41:23.865,1,NVIDIA A100-SXM-64GB,101.27,31892,100
2682,2026-05-18 17:41:23.689280,2026/05/18 17:41:23.869,2,NVIDIA A100-SXM-64GB,105.16,31912,100
2683,2026-05-18 17:41:23.689280,2026/05/18 17:41:23.943,3,NVIDIA A100-SXM-64GB,110.52,31868,100
2684,2026-05-18 17:41:29.047384,2026/05/18 17:41:29.200,0,NVIDIA A100-SXM-64GB,104.66,31964,100
2685,2026-05-18 17:41:29.047384,2026/05/18 17:41:29.203,1,NVIDIA A100-SXM-64GB,102.48,31892,100
2686,2026-05-18 17:41:29.047384,2026/05/18 17:41:29.261,2,NVIDIA A100-SXM-64GB,109.38,31912,100
2687,2026-05-18 17:41:29.047384,2026/05/18 17:41:29.264,3,NVIDIA A100-SXM-64GB,111.61,31868,100
2688,2026-05-18 17:41:34.401693,2026/05/18 17:41:34.558,0,NVIDIA A100-SXM-64GB,111.58,31964,100
2689,2026-05-18 17:41:34.401693,2026/05/18 17:41:34.562,1,NVIDIA A100-SXM-64GB,106.48,31892,100
2690,2026-05-18 17:41:34.401693,2026/05/18 17:41:34.564,2,NVIDIA A100-SXM-64GB,106.97,31912,100
2691,2026-05-18 17:41:34.401693,2026/05/18 17:41:34.605,3,NVIDIA A100-SXM-64GB,105.65,31868,100
2692,2026-05-18 17:41:39.729388,2026/05/18 17:41:39.916,0,NVIDIA A100-SXM-64GB,110.76,31964,100
2693,2026-05-18 17:41:39.729388,2026/05/18 17:41:39.971,1,NVIDIA A100-SXM-64GB,107.40,31892,100
2694,2026-05-18 17:41:39.729388,2026/05/18 17:41:39.974,2,NVIDIA A100-SXM-64GB,99.46,31912,100
2695,2026-05-18 17:41:39.729388,2026/05/18 17:41:40.023,3,NVIDIA A100-SXM-64GB,96.62,31868,100
2696,2026-05-18 17:41:45.126630,2026/05/18 17:41:45.279,0,NVIDIA A100-SXM-64GB,97.90,31964,100
2697,2026-05-18 17:41:45.126630,2026/05/18 17:41:45.282,1,NVIDIA A100-SXM-64GB,93.23,31892,100
2698,2026-05-18 17:41:45.126630,2026/05/18 17:41:45.284,2,NVIDIA A100-SXM-64GB,102.70,31912,100
2699,2026-05-18 17:41:45.126630,2026/05/18 17:41:45.334,3,NVIDIA A100-SXM-64GB,98.33,31868,100
2700,2026-05-18 17:41:50.444844,2026/05/18 17:41:50.600,0,NVIDIA A100-SXM-64GB,108.83,31964,100
2701,2026-05-18 17:41:50.444844,2026/05/18 17:41:50.603,1,NVIDIA A100-SXM-64GB,105.76,31892,100
2702,2026-05-18 17:41:50.444844,2026/05/18 17:41:50.606,2,NVIDIA A100-SXM-64GB,99.36,31912,100
2703,2026-05-18 17:41:50.444844,2026/05/18 17:41:50.649,3,NVIDIA A100-SXM-64GB,112.54,31868,100
2704,2026-05-18 17:41:55.747732,2026/05/18 17:41:55.892,0,NVIDIA A100-SXM-64GB,106.48,31964,100
2705,2026-05-18 17:41:55.747732,2026/05/18 17:41:55.895,1,NVIDIA A100-SXM-64GB,103.41,31892,100
2706,2026-05-18 17:41:55.747732,2026/05/18 17:41:55.897,2,NVIDIA A100-SXM-64GB,102.80,31912,100
2707,2026-05-18 17:41:55.747732,2026/05/18 17:41:55.955,3,NVIDIA A100-SXM-64GB,118.45,31868,100
2708,2026-05-18 17:42:01.090831,2026/05/18 17:42:01.256,0,NVIDIA A100-SXM-64GB,110.76,31964,100
2709,2026-05-18 17:42:01.090831,2026/05/18 17:42:01.259,1,NVIDIA A100-SXM-64GB,107.08,31892,100
2710,2026-05-18 17:42:01.090831,2026/05/18 17:42:01.262,2,NVIDIA A100-SXM-64GB,107.57,31912,100
2711,2026-05-18 17:42:01.090831,2026/05/18 17:42:01.328,3,NVIDIA A100-SXM-64GB,108.06,31868,100
2712,2026-05-18 17:42:06.437340,2026/05/18 17:42:06.564,0,NVIDIA A100-SXM-64GB,111.09,31964,100
2713,2026-05-18 17:42:06.437340,2026/05/18 17:42:06.570,1,NVIDIA A100-SXM-64GB,111.96,31892,100
2714,2026-05-18 17:42:06.437340,2026/05/18 17:42:06.582,2,NVIDIA A100-SXM-64GB,91.00,31912,100
2715,2026-05-18 17:42:06.437340,2026/05/18 17:42:06.598,3,NVIDIA A100-SXM-64GB,155.59,31868,100
2716,2026-05-18 17:42:11.747886,2026/05/18 17:42:11.894,0,NVIDIA A100-SXM-64GB,118.61,31964,100
2717,2026-05-18 17:42:11.747886,2026/05/18 17:42:11.897,1,NVIDIA A100-SXM-64GB,119.78,31892,100
2718,2026-05-18 17:42:11.747886,2026/05/18 17:42:11.899,2,NVIDIA A100-SXM-64GB,104.34,31912,100
2719,2026-05-18 17:42:11.747886,2026/05/18 17:42:11.915,3,NVIDIA A100-SXM-64GB,109.26,31868,100
2720,2026-05-18 17:42:17.063355,2026/05/18 17:42:17.211,0,NVIDIA A100-SXM-64GB,108.94,31964,100
2721,2026-05-18 17:42:17.063355,2026/05/18 17:42:17.250,1,NVIDIA A100-SXM-64GB,105.87,31892,100
2722,2026-05-18 17:42:17.063355,2026/05/18 17:42:17.285,2,NVIDIA A100-SXM-64GB,107.29,31912,100
2723,2026-05-18 17:42:17.063355,2026/05/18 17:42:17.288,3,NVIDIA A100-SXM-64GB,105.33,31868,100
2724,2026-05-18 17:42:22.416502,2026/05/18 17:42:22.560,0,NVIDIA A100-SXM-64GB,95.76,31964,100
2725,2026-05-18 17:42:22.416502,2026/05/18 17:42:22.563,1,NVIDIA A100-SXM-64GB,92.12,31892,100
2726,2026-05-18 17:42:22.416502,2026/05/18 17:42:22.566,2,NVIDIA A100-SXM-64GB,93.65,31912,100
2727,2026-05-18 17:42:22.416502,2026/05/18 17:42:22.614,3,NVIDIA A100-SXM-64GB,94.66,31868,100
2728,2026-05-18 17:42:27.706750,2026/05/18 17:42:27.860,0,NVIDIA A100-SXM-64GB,108.62,31964,100
2729,2026-05-18 17:42:27.706750,2026/05/18 17:42:27.864,1,NVIDIA A100-SXM-64GB,103.74,31892,100
2730,2026-05-18 17:42:27.706750,2026/05/18 17:42:27.866,2,NVIDIA A100-SXM-64GB,105.87,31912,100
2731,2026-05-18 17:42:27.706750,2026/05/18 17:42:27.904,3,NVIDIA A100-SXM-64GB,110.79,31868,100
2732,2026-05-18 17:42:33.040438,2026/05/18 17:42:33.193,0,NVIDIA A100-SXM-64GB,124.22,31964,100
2733,2026-05-18 17:42:33.040438,2026/05/18 17:42:33.196,1,NVIDIA A100-SXM-64GB,108.61,31892,100
2734,2026-05-18 17:42:33.040438,2026/05/18 17:42:33.198,2,NVIDIA A100-SXM-64GB,107.40,31912,100
2735,2026-05-18 17:42:33.040438,2026/05/18 17:42:33.247,3,NVIDIA A100-SXM-64GB,100.89,31868,100
2736,2026-05-18 17:42:38.356123,2026/05/18 17:42:38.495,0,NVIDIA A100-SXM-64GB,106.81,31964,100
2737,2026-05-18 17:42:38.356123,2026/05/18 17:42:38.498,1,NVIDIA A100-SXM-64GB,100.34,31892,100
2738,2026-05-18 17:42:38.356123,2026/05/18 17:42:38.501,2,NVIDIA A100-SXM-64GB,105.16,31912,100
2739,2026-05-18 17:42:38.356123,2026/05/18 17:42:38.553,3,NVIDIA A100-SXM-64GB,108.39,31868,100
2740,2026-05-18 17:42:43.660375,2026/05/18 17:42:43.814,0,NVIDIA A100-SXM-64GB,95.86,31964,100
2741,2026-05-18 17:42:43.660375,2026/05/18 17:42:43.817,1,NVIDIA A100-SXM-64GB,92.21,31892,100
2742,2026-05-18 17:42:43.660375,2026/05/18 17:42:43.820,2,NVIDIA A100-SXM-64GB,93.32,31912,100
2743,2026-05-18 17:42:43.660375,2026/05/18 17:42:43.826,3,NVIDIA A100-SXM-64GB,94.49,31868,100
2744,2026-05-18 17:42:48.960589,2026/05/18 17:42:49.099,0,NVIDIA A100-SXM-64GB,107.08,31964,100
2745,2026-05-18 17:42:48.960589,2026/05/18 17:42:49.144,1,NVIDIA A100-SXM-64GB,107.08,31892,100
2746,2026-05-18 17:42:48.960589,2026/05/18 17:42:49.147,2,NVIDIA A100-SXM-64GB,100.67,31912,100
2747,2026-05-18 17:42:48.960589,2026/05/18 17:42:49.206,3,NVIDIA A100-SXM-64GB,113.26,31868,100
2748,2026-05-18 17:42:54.309997,2026/05/18 17:42:54.450,0,NVIDIA A100-SXM-64GB,95.86,31964,100
2749,2026-05-18 17:42:54.309997,2026/05/18 17:42:54.453,1,NVIDIA A100-SXM-64GB,92.21,31892,100
2750,2026-05-18 17:42:54.309997,2026/05/18 17:42:54.503,2,NVIDIA A100-SXM-64GB,93.15,31912,100
2751,2026-05-18 17:42:54.309997,2026/05/18 17:42:54.548,3,NVIDIA A100-SXM-64GB,94.86,31868,100
2752,2026-05-18 17:42:59.643479,2026/05/18 17:42:59.796,0,NVIDIA A100-SXM-64GB,102.01,31964,100
2753,2026-05-18 17:42:59.643479,2026/05/18 17:42:59.799,1,NVIDIA A100-SXM-64GB,96.49,31892,100
2754,2026-05-18 17:42:59.643479,2026/05/18 17:42:59.809,2,NVIDIA A100-SXM-64GB,106.15,31912,100
2755,2026-05-18 17:42:59.643479,2026/05/18 17:42:59.864,3,NVIDIA A100-SXM-64GB,96.90,31868,100
2756,2026-05-18 17:43:04.961282,2026/05/18 17:43:05.112,0,NVIDIA A100-SXM-64GB,104.93,31964,100
2757,2026-05-18 17:43:04.961282,2026/05/18 17:43:05.157,1,NVIDIA A100-SXM-64GB,99.74,31892,100
2758,2026-05-18 17:43:04.961282,2026/05/18 17:43:05.160,2,NVIDIA A100-SXM-64GB,96.39,31912,100
2759,2026-05-18 17:43:04.961282,2026/05/18 17:43:05.213,3,NVIDIA A100-SXM-64GB,98.33,31868,100
2760,2026-05-18 17:43:10.321604,2026/05/18 17:43:10.462,0,NVIDIA A100-SXM-64GB,95.86,31964,100
2761,2026-05-18 17:43:10.321604,2026/05/18 17:43:10.465,1,NVIDIA A100-SXM-64GB,92.12,31892,100
2762,2026-05-18 17:43:10.321604,2026/05/18 17:43:10.467,2,NVIDIA A100-SXM-64GB,93.65,31912,100
2763,2026-05-18 17:43:10.321604,2026/05/18 17:43:10.513,3,NVIDIA A100-SXM-64GB,94.49,31868,100
2764,2026-05-18 17:43:15.606924,2026/05/18 17:43:15.754,0,NVIDIA A100-SXM-64GB,125.97,31964,100
2765,2026-05-18 17:43:15.606924,2026/05/18 17:43:15.756,1,NVIDIA A100-SXM-64GB,123.57,31892,100
2766,2026-05-18 17:43:15.606924,2026/05/18 17:43:15.761,2,NVIDIA A100-SXM-64GB,95.09,31912,100
2767,2026-05-18 17:43:15.606924,2026/05/18 17:43:15.818,3,NVIDIA A100-SXM-64GB,95.59,31868,100
2768,2026-05-18 17:43:20.923068,2026/05/18 17:43:21.081,0,NVIDIA A100-SXM-64GB,107.30,31964,100
2769,2026-05-18 17:43:20.923068,2026/05/18 17:43:21.084,1,NVIDIA A100-SXM-64GB,103.41,31892,100
2770,2026-05-18 17:43:20.923068,2026/05/18 17:43:21.152,2,NVIDIA A100-SXM-64GB,104.84,31912,100
2771,2026-05-18 17:43:20.923068,2026/05/18 17:43:21.155,3,NVIDIA A100-SXM-64GB,109.26,31868,100
2772,2026-05-18 17:43:26.292148,2026/05/18 17:43:26.445,0,NVIDIA A100-SXM-64GB,95.76,31964,100
2773,2026-05-18 17:43:26.292148,2026/05/18 17:43:26.448,1,NVIDIA A100-SXM-64GB,92.12,31892,100
2774,2026-05-18 17:43:26.292148,2026/05/18 17:43:26.451,2,NVIDIA A100-SXM-64GB,103.30,31912,100
2775,2026-05-18 17:43:26.292148,2026/05/18 17:43:26.499,3,NVIDIA A100-SXM-64GB,101.39,31868,100
2776,2026-05-18 17:43:31.597979,2026/05/18 17:43:31.746,0,NVIDIA A100-SXM-64GB,100.88,31964,100
2777,2026-05-18 17:43:31.597979,2026/05/18 17:43:31.749,1,NVIDIA A100-SXM-64GB,98.10,31892,100
2778,2026-05-18 17:43:31.597979,2026/05/18 17:43:31.751,2,NVIDIA A100-SXM-64GB,94.86,31912,100
2779,2026-05-18 17:43:31.597979,2026/05/18 17:43:31.809,3,NVIDIA A100-SXM-64GB,104.39,31868,100
2780,2026-05-18 17:43:36.912846,2026/05/18 17:43:37.053,0,NVIDIA A100-SXM-64GB,95.66,31964,100
2781,2026-05-18 17:43:36.912846,2026/05/18 17:43:37.056,1,NVIDIA A100-SXM-64GB,92.63,31892,100
2782,2026-05-18 17:43:36.912846,2026/05/18 17:43:37.059,2,NVIDIA A100-SXM-64GB,92.95,31912,100
2783,2026-05-18 17:43:36.912846,2026/05/18 17:43:37.141,3,NVIDIA A100-SXM-64GB,102.16,31868,100
2784,2026-05-18 17:43:42.243447,2026/05/18 17:43:42.388,0,NVIDIA A100-SXM-64GB,95.66,31964,100
2785,2026-05-18 17:43:42.243447,2026/05/18 17:43:42.391,1,NVIDIA A100-SXM-64GB,92.36,31892,100
2786,2026-05-18 17:43:42.243447,2026/05/18 17:43:42.393,2,NVIDIA A100-SXM-64GB,93.55,31912,100
2787,2026-05-18 17:43:42.243447,2026/05/18 17:43:42.454,3,NVIDIA A100-SXM-64GB,94.66,31868,100
2788,2026-05-18 17:43:47.570551,2026/05/18 17:43:47.718,0,NVIDIA A100-SXM-64GB,96.18,31964,100
2789,2026-05-18 17:43:47.570551,2026/05/18 17:43:47.721,1,NVIDIA A100-SXM-64GB,92.45,31892,100
2790,2026-05-18 17:43:47.570551,2026/05/18 17:43:47.779,2,NVIDIA A100-SXM-64GB,93.75,31912,100
2791,2026-05-18 17:43:47.570551,2026/05/18 17:43:47.783,3,NVIDIA A100-SXM-64GB,94.76,31868,100
2792,2026-05-18 17:43:52.922199,2026/05/18 17:43:53.086,0,NVIDIA A100-SXM-64GB,100.64,31964,100
2793,2026-05-18 17:43:52.922199,2026/05/18 17:43:53.115,1,NVIDIA A100-SXM-64GB,93.98,31892,100
2794,2026-05-18 17:43:52.922199,2026/05/18 17:43:53.118,2,NVIDIA A100-SXM-64GB,112.56,31912,100
2795,2026-05-18 17:43:52.922199,2026/05/18 17:43:53.126,3,NVIDIA A100-SXM-64GB,100.13,31868,100
2796,2026-05-18 17:43:58.273278,2026/05/18 17:43:58.413,0,NVIDIA A100-SXM-64GB,118.61,31964,100
2797,2026-05-18 17:43:58.273278,2026/05/18 17:43:58.416,1,NVIDIA A100-SXM-64GB,108.78,31892,100
2798,2026-05-18 17:43:58.273278,2026/05/18 17:43:58.419,2,NVIDIA A100-SXM-64GB,107.90,31912,100
2799,2026-05-18 17:43:58.273278,2026/05/18 17:43:58.530,3,NVIDIA A100-SXM-64GB,106.15,31868,100
2800,2026-05-18 17:44:03.634857,2026/05/18 17:44:03.779,0,NVIDIA A100-SXM-64GB,95.99,31964,100
2801,2026-05-18 17:44:03.634857,2026/05/18 17:44:03.781,1,NVIDIA A100-SXM-64GB,92.72,31892,100
2802,2026-05-18 17:44:03.634857,2026/05/18 17:44:03.784,2,NVIDIA A100-SXM-64GB,93.89,31912,100
2803,2026-05-18 17:44:03.634857,2026/05/18 17:44:03.842,3,NVIDIA A100-SXM-64GB,95.00,31868,100
2804,2026-05-18 17:44:08.938969,2026/05/18 17:44:09.085,0,NVIDIA A100-SXM-64GB,98.23,31964,100
2805,2026-05-18 17:44:08.938969,2026/05/18 17:44:09.088,1,NVIDIA A100-SXM-64GB,100.67,31892,100
2806,2026-05-18 17:44:08.938969,2026/05/18 17:44:09.132,2,NVIDIA A100-SXM-64GB,127.06,31912,100
2807,2026-05-18 17:44:08.938969,2026/05/18 17:44:09.135,3,NVIDIA A100-SXM-64GB,102.59,31868,100
2808,2026-05-18 17:44:14.252975,2026/05/18 17:44:14.404,0,NVIDIA A100-SXM-64GB,107.08,31964,100
2809,2026-05-18 17:44:14.252975,2026/05/18 17:44:14.406,1,NVIDIA A100-SXM-64GB,102.20,31892,100
2810,2026-05-18 17:44:14.252975,2026/05/18 17:44:14.458,2,NVIDIA A100-SXM-64GB,103.30,31912,100
2811,2026-05-18 17:44:14.252975,2026/05/18 17:44:14.461,3,NVIDIA A100-SXM-64GB,99.86,31868,100
2812,2026-05-18 17:44:19.590979,2026/05/18 17:44:19.749,0,NVIDIA A100-SXM-64GB,97.39,31964,100
2813,2026-05-18 17:44:19.590979,2026/05/18 17:44:19.752,1,NVIDIA A100-SXM-64GB,94.35,31892,100
2814,2026-05-18 17:44:19.590979,2026/05/18 17:44:19.755,2,NVIDIA A100-SXM-64GB,96.39,31912,100
2815,2026-05-18 17:44:19.590979,2026/05/18 17:44:19.810,3,NVIDIA A100-SXM-64GB,95.69,31868,100
2816,2026-05-18 17:44:24.911293,2026/05/18 17:44:25.061,0,NVIDIA A100-SXM-64GB,96.69,31964,100
2817,2026-05-18 17:44:24.911293,2026/05/18 17:44:25.064,1,NVIDIA A100-SXM-64GB,93.05,31892,100
2818,2026-05-18 17:44:24.911293,2026/05/18 17:44:25.067,2,NVIDIA A100-SXM-64GB,103.02,31912,100
2819,2026-05-18 17:44:24.911293,2026/05/18 17:44:25.115,3,NVIDIA A100-SXM-64GB,104.12,31868,100
2820,2026-05-18 17:44:30.238034,2026/05/18 17:44:30.398,0,NVIDIA A100-SXM-64GB,99.77,31964,100
2821,2026-05-18 17:44:30.238034,2026/05/18 17:44:30.427,1,NVIDIA A100-SXM-64GB,109.38,31892,100
2822,2026-05-18 17:44:30.238034,2026/05/18 17:44:30.478,2,NVIDIA A100-SXM-64GB,107.90,31912,100
2823,2026-05-18 17:44:30.238034,2026/05/18 17:44:30.480,3,NVIDIA A100-SXM-64GB,114.07,31868,100
2824,2026-05-18 17:44:35.604960,2026/05/18 17:44:35.759,0,NVIDIA A100-SXM-64GB,109.44,31964,100
2825,2026-05-18 17:44:35.604960,2026/05/18 17:44:35.788,1,NVIDIA A100-SXM-64GB,102.20,31892,100
2826,2026-05-18 17:44:35.604960,2026/05/18 17:44:35.791,2,NVIDIA A100-SXM-64GB,109.70,31912,100
2827,2026-05-18 17:44:35.604960,2026/05/18 17:44:35.806,3,NVIDIA A100-SXM-64GB,103.20,31868,100
2828,2026-05-18 17:44:40.948799,2026/05/18 17:44:41.096,0,NVIDIA A100-SXM-64GB,109.83,31964,100
2829,2026-05-18 17:44:40.948799,2026/05/18 17:44:41.099,1,NVIDIA A100-SXM-64GB,105.87,31892,100
2830,2026-05-18 17:44:40.948799,2026/05/18 17:44:41.103,2,NVIDIA A100-SXM-64GB,106.64,31912,100
2831,2026-05-18 17:44:40.948799,2026/05/18 17:44:41.162,3,NVIDIA A100-SXM-64GB,108.06,31868,100
2832,2026-05-18 17:44:46.278778,2026/05/18 17:44:46.436,0,NVIDIA A100-SXM-64GB,98.23,31964,100
2833,2026-05-18 17:44:46.278778,2026/05/18 17:44:46.438,1,NVIDIA A100-SXM-64GB,95.19,31892,100
2834,2026-05-18 17:44:46.278778,2026/05/18 17:44:46.441,2,NVIDIA A100-SXM-64GB,104.01,31912,100
2835,2026-05-18 17:44:46.278778,2026/05/18 17:44:46.459,3,NVIDIA A100-SXM-64GB,107.18,31868,100
2836,2026-05-18 17:44:51.633482,2026/05/18 17:44:51.791,0,NVIDIA A100-SXM-64GB,110.04,31964,100
2837,2026-05-18 17:44:51.633482,2026/05/18 17:44:51.794,1,NVIDIA A100-SXM-64GB,139.00,31892,100
2838,2026-05-18 17:44:51.633482,2026/05/18 17:44:51.796,2,NVIDIA A100-SXM-64GB,105.16,31912,100
2839,2026-05-18 17:44:51.633482,2026/05/18 17:44:51.852,3,NVIDIA A100-SXM-64GB,148.11,31868,100
2840,2026-05-18 17:44:56.956839,2026/05/18 17:44:57.103,0,NVIDIA A100-SXM-64GB,110.15,31964,100
2841,2026-05-18 17:44:56.956839,2026/05/18 17:44:57.106,1,NVIDIA A100-SXM-64GB,109.49,31892,100
2842,2026-05-18 17:44:56.956839,2026/05/18 17:44:57.109,2,NVIDIA A100-SXM-64GB,110.14,31912,100
2843,2026-05-18 17:44:56.956839,2026/05/18 17:44:57.174,3,NVIDIA A100-SXM-64GB,116.32,31868,100
2844,2026-05-18 17:45:02.284132,2026/05/18 17:45:02.443,0,NVIDIA A100-SXM-64GB,102.01,31964,100
2845,2026-05-18 17:45:02.284132,2026/05/18 17:45:02.447,1,NVIDIA A100-SXM-64GB,96.49,31892,100
2846,2026-05-18 17:45:02.284132,2026/05/18 17:45:02.450,2,NVIDIA A100-SXM-64GB,102.80,31912,100
2847,2026-05-18 17:45:02.284132,2026/05/18 17:45:02.524,3,NVIDIA A100-SXM-64GB,106.04,31868,100
2848,2026-05-18 17:45:07.648893,2026/05/18 17:45:07.824,0,NVIDIA A100-SXM-64GB,103.45,31964,100
2849,2026-05-18 17:45:07.648893,2026/05/18 17:45:07.868,1,NVIDIA A100-SXM-64GB,97.42,31892,100
2850,2026-05-18 17:45:07.648893,2026/05/18 17:45:07.871,2,NVIDIA A100-SXM-64GB,97.60,31912,100
2851,2026-05-18 17:45:07.648893,2026/05/18 17:45:07.935,3,NVIDIA A100-SXM-64GB,104.84,31868,100
2852,2026-05-18 17:45:13.051271,2026/05/18 17:45:13.212,0,NVIDIA A100-SXM-64GB,105.27,31964,100
2853,2026-05-18 17:45:13.051271,2026/05/18 17:45:13.215,1,NVIDIA A100-SXM-64GB,100.34,31892,100
2854,2026-05-18 17:45:13.051271,2026/05/18 17:45:13.258,2,NVIDIA A100-SXM-64GB,107.08,31912,100
2855,2026-05-18 17:45:13.051271,2026/05/18 17:45:13.269,3,NVIDIA A100-SXM-64GB,112.32,31868,100
2856,2026-05-18 17:45:18.432593,2026/05/18 17:45:18.586,0,NVIDIA A100-SXM-64GB,101.31,31964,100
2857,2026-05-18 17:45:18.432593,2026/05/18 17:45:18.638,1,NVIDIA A100-SXM-64GB,102.80,31892,100
2858,2026-05-18 17:45:18.432593,2026/05/18 17:45:18.646,2,NVIDIA A100-SXM-64GB,98.10,31912,100
2859,2026-05-18 17:45:18.432593,2026/05/18 17:45:18.690,3,NVIDIA A100-SXM-64GB,114.19,31868,100
2860,2026-05-18 17:45:23.808714,2026/05/18 17:45:23.852,0,NVIDIA A100-SXM-64GB,87.51,31964,0
2861,2026-05-18 17:45:23.808714,2026/05/18 17:45:23.855,1,NVIDIA A100-SXM-64GB,84.50,31892,0
2862,2026-05-18 17:45:23.808714,2026/05/18 17:45:23.861,2,NVIDIA A100-SXM-64GB,83.81,31912,0
2863,2026-05-18 17:45:23.808714,2026/05/18 17:45:23.864,3,NVIDIA A100-SXM-64GB,85.86,31868,32
2864,2026-05-18 17:45:28.891319,2026/05/18 17:45:28.977,0,NVIDIA A100-SXM-64GB,78.33,31964,0
2865,2026-05-18 17:45:28.891319,2026/05/18 17:45:28.980,1,NVIDIA A100-SXM-64GB,74.75,31892,0
2866,2026-05-18 17:45:28.891319,2026/05/18 17:45:28.997,2,NVIDIA A100-SXM-64GB,74.75,31912,0
2867,2026-05-18 17:45:28.891319,2026/05/18 17:45:29.027,3,NVIDIA A100-SXM-64GB,76.13,31868,0
2868,2026-05-18 17:45:34.109680,2026/05/18 17:45:34.153,0,NVIDIA A100-SXM-64GB,78.00,31964,0
2869,2026-05-18 17:45:34.109680,2026/05/18 17:45:34.158,1,NVIDIA A100-SXM-64GB,74.75,31892,0
2870,2026-05-18 17:45:34.109680,2026/05/18 17:45:34.160,2,NVIDIA A100-SXM-64GB,74.42,31912,0
2871,2026-05-18 17:45:34.109680,2026/05/18 17:45:34.163,3,NVIDIA A100-SXM-64GB,76.13,31868,0
2872,2026-05-18 17:45:39.194118,2026/05/18 17:45:39.321,0,NVIDIA A100-SXM-64GB,81.08,24,99
2873,2026-05-18 17:45:39.194118,2026/05/18 17:45:39.323,1,NVIDIA A100-SXM-64GB,78.09,107,82
2874,2026-05-18 17:45:39.194118,2026/05/18 17:45:39.330,2,NVIDIA A100-SXM-64GB,75.02,31912,0
2875,2026-05-18 17:45:39.194118,2026/05/18 17:45:39.332,3,NVIDIA A100-SXM-64GB,78.86,88,0
2876,2026-05-18 17:45:44.387194,2026/05/18 17:45:44.431,0,NVIDIA A100-SXM-64GB,64.33,0,0
2877,2026-05-18 17:45:44.387194,2026/05/18 17:45:44.434,1,NVIDIA A100-SXM-64GB,61.06,0,0
2878,2026-05-18 17:45:44.387194,2026/05/18 17:45:44.437,2,NVIDIA A100-SXM-64GB,61.99,0,0
2879,2026-05-18 17:45:44.387194,2026/05/18 17:45:44.440,3,NVIDIA A100-SXM-64GB,62.79,0,0
